ISO-10303-21;
HEADER;
/* Generated by software containing ST-Developer
 * from STEP Tools, Inc. (www.steptools.com) 
 */
/* OPTION: using custom renumber hook */

FILE_DESCRIPTION(
/* description */ ('STEP AP242 Edition 2',
'CAx-IF Rec.Pracs.---Representation and Presentation of Product Manufa
cturing Information (PMI)---4.0---2014-10-13',
'CAx-IF Rec.Pracs.---3D Tessellated Geometry---0.4---2014-09-14','2;1',
'CAx-IF Rec.Pracs.---User Defined Attributes---1.5---2016-08-15'),
/* implementation_level */ '2;1');

FILE_NAME(
/* name */ 'drzak - Part 4',
/* time_stamp */ '2026-07-08T09:56:08Z',
/* author */ (''),
/* organization */ (''),
/* preprocessor_version */ 'ST-DEVELOPER v20',
/* originating_system */ 'ONSHAPE BY PTC INC, 1.217',
/* authorisation */ '  ');

FILE_SCHEMA (('AP242_MANAGED_MODEL_BASED_3D_ENGINEERING_MIM_LF { 1 0 10303 442 3 1 4 }'));
ENDSEC;

DATA;
#10=SHAPE_REPRESENTATION_RELATIONSHIP('','',#9322,#11);
#11=ADVANCED_BREP_SHAPE_REPRESENTATION('',(#9320),#15918);
#12=CONICAL_SURFACE('',#9451,0.009,1.03037682652431);
#13=CONICAL_SURFACE('',#9453,0.009,1.03037682652431);
#14=CONICAL_SURFACE('',#9455,0.009,1.03037682652431);
#15=CONICAL_SURFACE('',#9459,0.009,1.03037682652431);
#16=CONICAL_SURFACE('',#9461,0.009,1.03037682652431);
#17=CONICAL_SURFACE('',#9463,0.009,1.03037682652431);
#18=CONICAL_SURFACE('',#9470,0.009,1.03037682652431);
#19=CONICAL_SURFACE('',#9477,0.009,1.03037682652431);
#20=CONICAL_SURFACE('',#9479,0.009,1.03037682652431);
#21=CONICAL_SURFACE('',#9481,0.009,1.03037682652431);
#22=CONICAL_SURFACE('',#9488,0.009,1.03037682652431);
#23=CONICAL_SURFACE('',#9490,0.009,1.03037682652431);
#24=CONICAL_SURFACE('',#9492,0.009,1.03037682652431);
#25=CONICAL_SURFACE('',#9499,0.009,1.03037682652431);
#26=CONICAL_SURFACE('',#9501,0.009,1.03037682652431);
#27=CONICAL_SURFACE('',#9506,0.009,1.03037682652431);
#28=CONICAL_SURFACE('',#9513,0.009,1.03037682652431);
#29=CONICAL_SURFACE('',#9515,0.009,1.03037682652431);
#30=CONICAL_SURFACE('',#9517,0.009,1.03037682652431);
#31=CONICAL_SURFACE('',#9524,0.009,1.03037682652431);
#32=CONICAL_SURFACE('',#9526,0.009,1.03037682652431);
#33=CONICAL_SURFACE('',#9532,0.009,1.03037682652431);
#34=CONICAL_SURFACE('',#9534,0.009,1.03037682652431);
#35=CONICAL_SURFACE('',#9536,0.009,1.03037682652431);
#36=CONICAL_SURFACE('',#9543,0.009,1.03037682652431);
#37=CONICAL_SURFACE('',#9545,0.009,1.03037682652431);
#38=CONICAL_SURFACE('',#9552,0.009,1.03037682652431);
#39=CONICAL_SURFACE('',#9559,0.009,1.03037682652431);
#40=CONICAL_SURFACE('',#9566,0.009,1.03037682652431);
#41=CONICAL_SURFACE('',#9573,0.009,1.03037682652431);
#42=CONICAL_SURFACE('',#9580,0.009,1.03037682652431);
#43=CONICAL_SURFACE('',#9587,0.009,1.03037682652431);
#44=CONICAL_SURFACE('',#9594,0.009,1.03037682652431);
#45=CONICAL_SURFACE('',#9601,0.009,1.03037682652431);
#46=CONICAL_SURFACE('',#9608,0.009,1.03037682652431);
#47=CONICAL_SURFACE('',#9617,0.009,1.03037682652431);
#48=CONICAL_SURFACE('',#9624,0.009,1.03037682652431);
#49=CONICAL_SURFACE('',#9687,0.009,1.03037682652431);
#50=CONICAL_SURFACE('',#9691,0.009,1.03037682652431);
#51=CONICAL_SURFACE('',#9710,0.009,1.03037682652431);
#52=CONICAL_SURFACE('',#9722,0.009,1.03037682652431);
#53=CONICAL_SURFACE('',#9725,0.009,1.03037682652431);
#54=CONICAL_SURFACE('',#9728,0.009,1.03037682652431);
#55=CONICAL_SURFACE('',#9735,0.009,1.03037682652431);
#56=CONICAL_SURFACE('',#9739,0.009,1.03037682652431);
#57=CONICAL_SURFACE('',#9742,0.009,1.03037682652431);
#58=CONICAL_SURFACE('',#9746,0.009,1.03037682652431);
#59=CONICAL_SURFACE('',#9749,0.009,1.03037682652431);
#60=CONICAL_SURFACE('',#9753,0.009,1.03037682652431);
#61=CONICAL_SURFACE('',#9757,0.009,1.03037682652431);
#62=CONICAL_SURFACE('',#9761,0.009,1.03037682652431);
#63=CONICAL_SURFACE('',#9764,0.009,1.03037682652431);
#64=CONICAL_SURFACE('',#9771,0.009,1.03037682652431);
#65=CONICAL_SURFACE('',#9775,0.009,1.03037682652431);
#66=CONICAL_SURFACE('',#9778,0.009,1.03037682652431);
#67=CONICAL_SURFACE('',#9785,0.009,1.03037682652431);
#68=CONICAL_SURFACE('',#9789,0.009,1.03037682652431);
#69=CONICAL_SURFACE('',#9792,0.009,1.03037682652431);
#70=CONICAL_SURFACE('',#9799,0.009,1.03037682652431);
#71=CONICAL_SURFACE('',#9803,0.009,1.03037682652431);
#72=CONICAL_SURFACE('',#9806,0.009,1.03037682652431);
#73=CONICAL_SURFACE('',#9813,0.009,1.03037682652431);
#74=CONICAL_SURFACE('',#9817,0.009,1.03037682652431);
#75=CONICAL_SURFACE('',#9820,0.009,1.03037682652431);
#76=CONICAL_SURFACE('',#9827,0.009,1.03037682652431);
#77=CONICAL_SURFACE('',#9831,0.009,1.03037682652431);
#78=CONICAL_SURFACE('',#9834,0.009,1.03037682652431);
#79=CONICAL_SURFACE('',#9841,0.009,1.03037682652431);
#80=CONICAL_SURFACE('',#9844,0.009,1.03037682652431);
#81=CONICAL_SURFACE('',#9851,0.009,1.03037682652431);
#82=CONICAL_SURFACE('',#9855,0.009,1.03037682652431);
#83=CONICAL_SURFACE('',#9858,0.009,1.03037682652431);
#84=CONICAL_SURFACE('',#9865,0.009,1.03037682652431);
#85=CONICAL_SURFACE('',#9869,0.009,1.03037682652431);
#86=CONICAL_SURFACE('',#9872,0.009,1.03037682652431);
#87=CONICAL_SURFACE('',#9879,0.009,1.03037682652431);
#88=CONICAL_SURFACE('',#9883,0.009,1.03037682652431);
#89=CONICAL_SURFACE('',#9934,0.009,1.03037682652431);
#90=CONICAL_SURFACE('',#9941,0.009,1.03037682652431);
#91=CONICAL_SURFACE('',#9944,0.009,1.03037682652431);
#92=CONICAL_SURFACE('',#9951,0.009,1.03037682652431);
#93=CONICAL_SURFACE('',#9954,0.009,1.03037682652431);
#94=CONICAL_SURFACE('',#9957,0.009,1.03037682652431);
#95=CONICAL_SURFACE('',#9960,0.009,1.03037682652431);
#96=CONICAL_SURFACE('',#9978,0.009,1.03037682652431);
#97=CONICAL_SURFACE('',#9981,0.009,1.03037682652431);
#98=B_SPLINE_CURVE_WITH_KNOTS('',3,(#13079,#13080,#13081,#13082),
 .UNSPECIFIED.,.F.,.F.,(4,4),(0.,0.00597392466901389),.UNSPECIFIED.);
#99=B_SPLINE_CURVE_WITH_KNOTS('',3,(#13144,#13145,#13146,#13147),
 .UNSPECIFIED.,.F.,.F.,(4,4),(0.,0.00597392466901388),.UNSPECIFIED.);
#100=B_SPLINE_CURVE_WITH_KNOTS('',3,(#13309,#13310,#13311,#13312),
 .UNSPECIFIED.,.F.,.F.,(4,4),(0.,0.00597392466901388),.UNSPECIFIED.);
#101=B_SPLINE_CURVE_WITH_KNOTS('',3,(#13316,#13317,#13318,#13319),
 .UNSPECIFIED.,.F.,.F.,(4,4),(0.,0.00597392392775135),.UNSPECIFIED.);
#102=B_SPLINE_CURVE_WITH_KNOTS('',3,(#13321,#13322,#13323,#13324),
 .UNSPECIFIED.,.F.,.F.,(4,4),(0.,0.00597392466901399),.UNSPECIFIED.);
#103=B_SPLINE_CURVE_WITH_KNOTS('',3,(#13328,#13329,#13330,#13331),
 .UNSPECIFIED.,.F.,.F.,(4,4),(0.,0.0059739239277512),.UNSPECIFIED.);
#104=B_SPLINE_CURVE_WITH_KNOTS('',3,(#13333,#13334,#13335,#13336),
 .UNSPECIFIED.,.F.,.F.,(4,4),(0.,0.00597392466901406),.UNSPECIFIED.);
#105=B_SPLINE_CURVE_WITH_KNOTS('',3,(#13340,#13341,#13342,#13343),
 .UNSPECIFIED.,.F.,.F.,(4,4),(0.,0.00597392392775118),.UNSPECIFIED.);
#106=B_SPLINE_CURVE_WITH_KNOTS('',3,(#13348,#13349,#13350,#13351),
 .UNSPECIFIED.,.F.,.F.,(4,4),(0.,0.00597392466901396),.UNSPECIFIED.);
#107=B_SPLINE_CURVE_WITH_KNOTS('',3,(#13355,#13356,#13357,#13358),
 .UNSPECIFIED.,.F.,.F.,(4,4),(0.,0.00597392392775135),.UNSPECIFIED.);
#108=B_SPLINE_CURVE_WITH_KNOTS('',3,(#13360,#13361,#13362,#13363),
 .UNSPECIFIED.,.F.,.F.,(4,4),(0.,0.00597392466901379),.UNSPECIFIED.);
#109=B_SPLINE_CURVE_WITH_KNOTS('',3,(#13367,#13368,#13369,#13370),
 .UNSPECIFIED.,.F.,.F.,(4,4),(0.,0.00597392392775144),.UNSPECIFIED.);
#110=B_SPLINE_CURVE_WITH_KNOTS('',3,(#13372,#13373,#13374,#13375),
 .UNSPECIFIED.,.F.,.F.,(4,4),(0.,0.00597392466901399),.UNSPECIFIED.);
#111=B_SPLINE_CURVE_WITH_KNOTS('',3,(#13380,#13381,#13382,#13383),
 .UNSPECIFIED.,.F.,.F.,(4,4),(0.,0.00597392392775128),.UNSPECIFIED.);
#112=B_SPLINE_CURVE_WITH_KNOTS('',3,(#13396,#13397,#13398,#13399),
 .UNSPECIFIED.,.F.,.F.,(4,4),(0.,0.00597392466901396),.UNSPECIFIED.);
#113=B_SPLINE_CURVE_WITH_KNOTS('',3,(#13404,#13405,#13406,#13407),
 .UNSPECIFIED.,.F.,.F.,(4,4),(0.,0.0059739239277511),.UNSPECIFIED.);
#114=B_SPLINE_CURVE_WITH_KNOTS('',3,(#13420,#13421,#13422,#13423),
 .UNSPECIFIED.,.F.,.F.,(4,4),(0.,0.00597392466901379),.UNSPECIFIED.);
#115=B_SPLINE_CURVE_WITH_KNOTS('',3,(#13427,#13428,#13429,#13430),
 .UNSPECIFIED.,.F.,.F.,(4,4),(0.,0.00597392392775126),.UNSPECIFIED.);
#116=B_SPLINE_CURVE_WITH_KNOTS('',3,(#13432,#13433,#13434,#13435),
 .UNSPECIFIED.,.F.,.F.,(4,4),(0.,0.00597392466901397),.UNSPECIFIED.);
#117=B_SPLINE_CURVE_WITH_KNOTS('',3,(#13439,#13440,#13441,#13442),
 .UNSPECIFIED.,.F.,.F.,(4,4),(0.,0.0059739239277511),.UNSPECIFIED.);
#118=B_SPLINE_CURVE_WITH_KNOTS('',3,(#13444,#13445,#13446,#13447),
 .UNSPECIFIED.,.F.,.F.,(4,4),(0.,0.00597392466901406),.UNSPECIFIED.);
#119=B_SPLINE_CURVE_WITH_KNOTS('',3,(#13452,#13453,#13454,#13455),
 .UNSPECIFIED.,.F.,.F.,(4,4),(0.,0.0059739239277511),.UNSPECIFIED.);
#120=B_SPLINE_CURVE_WITH_KNOTS('',3,(#13468,#13469,#13470,#13471),
 .UNSPECIFIED.,.F.,.F.,(4,4),(0.,0.00597392466901379),.UNSPECIFIED.);
#121=B_SPLINE_CURVE_WITH_KNOTS('',3,(#13475,#13476,#13477,#13478),
 .UNSPECIFIED.,.F.,.F.,(4,4),(0.,0.00597392392775136),.UNSPECIFIED.);
#122=B_SPLINE_CURVE_WITH_KNOTS('',3,(#13480,#13481,#13482,#13483),
 .UNSPECIFIED.,.F.,.F.,(4,4),(0.,0.00597392466901397),.UNSPECIFIED.);
#123=B_SPLINE_CURVE_WITH_KNOTS('',3,(#13487,#13488,#13489,#13490),
 .UNSPECIFIED.,.F.,.F.,(4,4),(0.,0.0059739239277511),.UNSPECIFIED.);
#124=B_SPLINE_CURVE_WITH_KNOTS('',3,(#13492,#13493,#13494,#13495),
 .UNSPECIFIED.,.F.,.F.,(4,4),(0.,0.00597392466901379),.UNSPECIFIED.);
#125=B_SPLINE_CURVE_WITH_KNOTS('',3,(#13500,#13501,#13502,#13503),
 .UNSPECIFIED.,.F.,.F.,(4,4),(0.,0.00597392392775126),.UNSPECIFIED.);
#126=B_SPLINE_CURVE_WITH_KNOTS('',3,(#13516,#13517,#13518,#13519),
 .UNSPECIFIED.,.F.,.F.,(4,4),(0.,0.00597392466901396),.UNSPECIFIED.);
#127=B_SPLINE_CURVE_WITH_KNOTS('',3,(#13523,#13524,#13525,#13526),
 .UNSPECIFIED.,.F.,.F.,(4,4),(0.,0.00597392392775126),.UNSPECIFIED.);
#128=B_SPLINE_CURVE_WITH_KNOTS('',3,(#13528,#13529,#13530,#13531),
 .UNSPECIFIED.,.F.,.F.,(4,4),(0.,0.00597392466901379),.UNSPECIFIED.);
#129=B_SPLINE_CURVE_WITH_KNOTS('',3,(#13536,#13537,#13538,#13539),
 .UNSPECIFIED.,.F.,.F.,(4,4),(0.,0.00597392392775136),.UNSPECIFIED.);
#130=B_SPLINE_CURVE_WITH_KNOTS('',3,(#13549,#13550,#13551,#13552),
 .UNSPECIFIED.,.F.,.F.,(4,4),(0.,0.00597392466901406),.UNSPECIFIED.);
#131=B_SPLINE_CURVE_WITH_KNOTS('',3,(#13556,#13557,#13558,#13559),
 .UNSPECIFIED.,.F.,.F.,(4,4),(0.,0.0059739239277511),.UNSPECIFIED.);
#132=B_SPLINE_CURVE_WITH_KNOTS('',3,(#13573,#13574,#13575,#13576),
 .UNSPECIFIED.,.F.,.F.,(4,4),(0.,0.00597392466901388),.UNSPECIFIED.);
#133=B_SPLINE_CURVE_WITH_KNOTS('',3,(#13580,#13581,#13582,#13583),
 .UNSPECIFIED.,.F.,.F.,(4,4),(0.,0.00597392392775135),.UNSPECIFIED.);
#134=B_SPLINE_CURVE_WITH_KNOTS('',3,(#13585,#13586,#13587,#13588),
 .UNSPECIFIED.,.F.,.F.,(4,4),(0.,0.00597392466901397),.UNSPECIFIED.);
#135=B_SPLINE_CURVE_WITH_KNOTS('',3,(#13592,#13593,#13594,#13595),
 .UNSPECIFIED.,.F.,.F.,(4,4),(0.,0.00597392392775119),.UNSPECIFIED.);
#136=B_SPLINE_CURVE_WITH_KNOTS('',3,(#13597,#13598,#13599,#13600),
 .UNSPECIFIED.,.F.,.F.,(4,4),(0.,0.00597392466901406),.UNSPECIFIED.);
#137=B_SPLINE_CURVE_WITH_KNOTS('',3,(#13604,#13605,#13606,#13607),
 .UNSPECIFIED.,.F.,.F.,(4,4),(0.,0.00597392392775118),.UNSPECIFIED.);
#138=B_SPLINE_CURVE_WITH_KNOTS('',3,(#13621,#13622,#13623,#13624),
 .UNSPECIFIED.,.F.,.F.,(4,4),(0.,0.00597392466901393),.UNSPECIFIED.);
#139=B_SPLINE_CURVE_WITH_KNOTS('',3,(#13628,#13629,#13630,#13631),
 .UNSPECIFIED.,.F.,.F.,(4,4),(0.,0.00597392392775132),.UNSPECIFIED.);
#140=B_SPLINE_CURVE_WITH_KNOTS('',3,(#13633,#13634,#13635,#13636),
 .UNSPECIFIED.,.F.,.F.,(4,4),(0.,0.00597392466901397),.UNSPECIFIED.);
#141=B_SPLINE_CURVE_WITH_KNOTS('',3,(#13640,#13641,#13642,#13643),
 .UNSPECIFIED.,.F.,.F.,(4,4),(0.,0.00597392392775118),.UNSPECIFIED.);
#142=B_SPLINE_CURVE_WITH_KNOTS('',3,(#13651,#13652,#13653,#13654),
 .UNSPECIFIED.,.F.,.F.,(4,4),(0.,0.00597392466901388),.UNSPECIFIED.);
#143=B_SPLINE_CURVE_WITH_KNOTS('',3,(#13658,#13659,#13660,#13661),
 .UNSPECIFIED.,.F.,.F.,(4,4),(0.,0.00597392392775135),.UNSPECIFIED.);
#144=B_SPLINE_CURVE_WITH_KNOTS('',3,(#13663,#13664,#13665,#13666),
 .UNSPECIFIED.,.F.,.F.,(4,4),(0.,0.00597392466901388),.UNSPECIFIED.);
#145=B_SPLINE_CURVE_WITH_KNOTS('',3,(#13670,#13671,#13672,#13673),
 .UNSPECIFIED.,.F.,.F.,(4,4),(8.09207131142367E-17,0.00597392392775144),
 .UNSPECIFIED.);
#146=B_SPLINE_CURVE_WITH_KNOTS('',3,(#13675,#13676,#13677,#13678),
 .UNSPECIFIED.,.F.,.F.,(4,4),(0.,0.00597392466901397),.UNSPECIFIED.);
#147=B_SPLINE_CURVE_WITH_KNOTS('',3,(#13683,#13684,#13685,#13686),
 .UNSPECIFIED.,.F.,.F.,(4,4),(0.,0.00597392392775127),.UNSPECIFIED.);
#148=B_SPLINE_CURVE_WITH_KNOTS('',3,(#13699,#13700,#13701,#13702),
 .UNSPECIFIED.,.F.,.F.,(4,4),(0.,0.00597392466901393),.UNSPECIFIED.);
#149=B_SPLINE_CURVE_WITH_KNOTS('',3,(#13706,#13707,#13708,#13709),
 .UNSPECIFIED.,.F.,.F.,(4,4),(0.,0.00597392392775127),.UNSPECIFIED.);
#150=B_SPLINE_CURVE_WITH_KNOTS('',3,(#13711,#13712,#13713,#13714),
 .UNSPECIFIED.,.F.,.F.,(4,4),(0.,0.00597392466901388),.UNSPECIFIED.);
#151=B_SPLINE_CURVE_WITH_KNOTS('',3,(#13718,#13719,#13720,#13721),
 .UNSPECIFIED.,.F.,.F.,(4,4),(8.09207131142367E-17,0.00597392392775136),
 .UNSPECIFIED.);
#152=B_SPLINE_CURVE_WITH_KNOTS('',3,(#13735,#13736,#13737,#13738),
 .UNSPECIFIED.,.F.,.F.,(4,4),(0.,0.00597392466901405),.UNSPECIFIED.);
#153=B_SPLINE_CURVE_WITH_KNOTS('',3,(#13742,#13743,#13744,#13745),
 .UNSPECIFIED.,.F.,.F.,(4,4),(0.,0.0059739239277511),.UNSPECIFIED.);
#154=B_SPLINE_CURVE_WITH_KNOTS('',3,(#13759,#13760,#13761,#13762),
 .UNSPECIFIED.,.F.,.F.,(4,4),(0.,0.00597392466901405),.UNSPECIFIED.);
#155=B_SPLINE_CURVE_WITH_KNOTS('',3,(#13766,#13767,#13768,#13769),
 .UNSPECIFIED.,.F.,.F.,(4,4),(0.,0.00597392392775119),.UNSPECIFIED.);
#156=B_SPLINE_CURVE_WITH_KNOTS('',3,(#13783,#13784,#13785,#13786),
 .UNSPECIFIED.,.F.,.F.,(4,4),(0.,0.00597392466901405),.UNSPECIFIED.);
#157=B_SPLINE_CURVE_WITH_KNOTS('',3,(#13790,#13791,#13792,#13793),
 .UNSPECIFIED.,.F.,.F.,(4,4),(0.,0.0059739239277511),.UNSPECIFIED.);
#158=B_SPLINE_CURVE_WITH_KNOTS('',3,(#13807,#13808,#13809,#13810),
 .UNSPECIFIED.,.F.,.F.,(4,4),(0.,0.00597392466901405),.UNSPECIFIED.);
#159=B_SPLINE_CURVE_WITH_KNOTS('',3,(#13814,#13815,#13816,#13817),
 .UNSPECIFIED.,.F.,.F.,(4,4),(0.,0.00597392392775119),.UNSPECIFIED.);
#160=B_SPLINE_CURVE_WITH_KNOTS('',3,(#13831,#13832,#13833,#13834),
 .UNSPECIFIED.,.F.,.F.,(4,4),(0.,0.00597392466901388),.UNSPECIFIED.);
#161=B_SPLINE_CURVE_WITH_KNOTS('',3,(#13838,#13839,#13840,#13841),
 .UNSPECIFIED.,.F.,.F.,(4,4),(0.,0.00597392392775136),.UNSPECIFIED.);
#162=B_SPLINE_CURVE_WITH_KNOTS('',3,(#13855,#13856,#13857,#13858),
 .UNSPECIFIED.,.F.,.F.,(4,4),(0.,0.00597392466901388),.UNSPECIFIED.);
#163=B_SPLINE_CURVE_WITH_KNOTS('',3,(#13862,#13863,#13864,#13865),
 .UNSPECIFIED.,.F.,.F.,(4,4),(8.09207131142367E-17,0.00597392392775136),
 .UNSPECIFIED.);
#164=B_SPLINE_CURVE_WITH_KNOTS('',3,(#13879,#13880,#13881,#13882),
 .UNSPECIFIED.,.F.,.F.,(4,4),(0.,0.00597392466901388),.UNSPECIFIED.);
#165=B_SPLINE_CURVE_WITH_KNOTS('',3,(#13886,#13887,#13888,#13889),
 .UNSPECIFIED.,.F.,.F.,(4,4),(0.,0.00597392392775136),.UNSPECIFIED.);
#166=B_SPLINE_CURVE_WITH_KNOTS('',3,(#13903,#13904,#13905,#13906),
 .UNSPECIFIED.,.F.,.F.,(4,4),(0.,0.00597392466901379),.UNSPECIFIED.);
#167=B_SPLINE_CURVE_WITH_KNOTS('',3,(#13910,#13911,#13912,#13913),
 .UNSPECIFIED.,.F.,.F.,(4,4),(0.,0.00597392392775136),.UNSPECIFIED.);
#168=B_SPLINE_CURVE_WITH_KNOTS('',3,(#13927,#13928,#13929,#13930),
 .UNSPECIFIED.,.F.,.F.,(4,4),(0.,0.00597392466901379),.UNSPECIFIED.);
#169=B_SPLINE_CURVE_WITH_KNOTS('',3,(#13934,#13935,#13936,#13937),
 .UNSPECIFIED.,.F.,.F.,(4,4),(0.,0.00597392392775136),.UNSPECIFIED.);
#170=B_SPLINE_CURVE_WITH_KNOTS('',3,(#13954,#13955,#13956,#13957),
 .UNSPECIFIED.,.F.,.F.,(4,4),(0.,0.00597392466901389),.UNSPECIFIED.);
#171=B_SPLINE_CURVE_WITH_KNOTS('',3,(#13961,#13962,#13963,#13964),
 .UNSPECIFIED.,.F.,.F.,(4,4),(0.,0.00597392392775119),.UNSPECIFIED.);
#172=B_SPLINE_CURVE_WITH_KNOTS('',3,(#13978,#13979,#13980,#13981),
 .UNSPECIFIED.,.F.,.F.,(4,4),(0.,0.00597392466901389),.UNSPECIFIED.);
#173=B_SPLINE_CURVE_WITH_KNOTS('',3,(#13985,#13986,#13987,#13988),
 .UNSPECIFIED.,.F.,.F.,(4,4),(0.,0.00597392392775119),.UNSPECIFIED.);
#174=B_SPLINE_CURVE_WITH_KNOTS('',3,(#14208,#14209,#14210,#14211),
 .UNSPECIFIED.,.F.,.F.,(4,4),(0.,0.00597392466901401),.UNSPECIFIED.);
#175=B_SPLINE_CURVE_WITH_KNOTS('',3,(#14216,#14217,#14218,#14219),
 .UNSPECIFIED.,.F.,.F.,(4,4),(0.,0.00597392392775123),.UNSPECIFIED.);
#176=B_SPLINE_CURVE_WITH_KNOTS('',3,(#14229,#14230,#14231,#14232),
 .UNSPECIFIED.,.F.,.F.,(4,4),(0.,0.00597392466901401),.UNSPECIFIED.);
#177=B_SPLINE_CURVE_WITH_KNOTS('',3,(#14237,#14238,#14239,#14240),
 .UNSPECIFIED.,.F.,.F.,(4,4),(0.,0.00597392392775123),.UNSPECIFIED.);
#178=B_SPLINE_CURVE_WITH_KNOTS('',3,(#14284,#14285,#14286,#14287),
 .UNSPECIFIED.,.F.,.F.,(4,4),(0.,0.00597392466901397),.UNSPECIFIED.);
#179=B_SPLINE_CURVE_WITH_KNOTS('',3,(#14291,#14292,#14293,#14294),
 .UNSPECIFIED.,.F.,.F.,(4,4),(0.,0.00597392392775119),.UNSPECIFIED.);
#180=B_SPLINE_CURVE_WITH_KNOTS('',3,(#14321,#14322,#14323,#14324),
 .UNSPECIFIED.,.F.,.F.,(4,4),(0.,0.00597392466901379),.UNSPECIFIED.);
#181=B_SPLINE_CURVE_WITH_KNOTS('',3,(#14328,#14329,#14330,#14331),
 .UNSPECIFIED.,.F.,.F.,(4,4),(0.,0.00597392392775126),.UNSPECIFIED.);
#182=B_SPLINE_CURVE_WITH_KNOTS('',3,(#14336,#14337,#14338,#14339),
 .UNSPECIFIED.,.F.,.F.,(4,4),(0.,0.00597392466901388),.UNSPECIFIED.);
#183=B_SPLINE_CURVE_WITH_KNOTS('',3,(#14344,#14345,#14346,#14347),
 .UNSPECIFIED.,.F.,.F.,(4,4),(0.,0.0059739239277514),.UNSPECIFIED.);
#184=B_SPLINE_CURVE_WITH_KNOTS('',3,(#14353,#14354,#14355,#14356),
 .UNSPECIFIED.,.F.,.F.,(4,4),(0.,0.00597392466901397),.UNSPECIFIED.);
#185=B_SPLINE_CURVE_WITH_KNOTS('',3,(#14361,#14362,#14363,#14364),
 .UNSPECIFIED.,.F.,.F.,(4,4),(0.,0.0059739239277511),.UNSPECIFIED.);
#186=B_SPLINE_CURVE_WITH_KNOTS('',3,(#14377,#14378,#14379,#14380),
 .UNSPECIFIED.,.F.,.F.,(4,4),(0.,0.00597392466901396),.UNSPECIFIED.);
#187=B_SPLINE_CURVE_WITH_KNOTS('',3,(#14384,#14385,#14386,#14387),
 .UNSPECIFIED.,.F.,.F.,(4,4),(0.,0.00597392392775135),.UNSPECIFIED.);
#188=B_SPLINE_CURVE_WITH_KNOTS('',3,(#14399,#14400,#14401,#14402),
 .UNSPECIFIED.,.F.,.F.,(4,4),(0.,0.00597392466901384),.UNSPECIFIED.);
#189=B_SPLINE_CURVE_WITH_KNOTS('',3,(#14406,#14407,#14408,#14409),
 .UNSPECIFIED.,.F.,.F.,(4,4),(0.,0.00597392392775135),.UNSPECIFIED.);
#190=B_SPLINE_CURVE_WITH_KNOTS('',3,(#14415,#14416,#14417,#14418),
 .UNSPECIFIED.,.F.,.F.,(4,4),(0.,0.00597392466901399),.UNSPECIFIED.);
#191=B_SPLINE_CURVE_WITH_KNOTS('',3,(#14422,#14423,#14424,#14425),
 .UNSPECIFIED.,.F.,.F.,(4,4),(0.,0.00597392392775129),.UNSPECIFIED.);
#192=B_SPLINE_CURVE_WITH_KNOTS('',3,(#14432,#14433,#14434,#14435),
 .UNSPECIFIED.,.F.,.F.,(4,4),(0.,0.00597392392775119),.UNSPECIFIED.);
#193=B_SPLINE_CURVE_WITH_KNOTS('',3,(#14441,#14442,#14443,#14444),
 .UNSPECIFIED.,.F.,.F.,(4,4),(0.,0.00597392466901384),.UNSPECIFIED.);
#194=B_SPLINE_CURVE_WITH_KNOTS('',3,(#14448,#14449,#14450,#14451),
 .UNSPECIFIED.,.F.,.F.,(4,4),(0.,0.00597392392775135),.UNSPECIFIED.);
#195=B_SPLINE_CURVE_WITH_KNOTS('',3,(#14463,#14464,#14465,#14466),
 .UNSPECIFIED.,.F.,.F.,(4,4),(0.,0.00597392466901396),.UNSPECIFIED.);
#196=B_SPLINE_CURVE_WITH_KNOTS('',3,(#14470,#14471,#14472,#14473),
 .UNSPECIFIED.,.F.,.F.,(4,4),(0.,0.00597392392775126),.UNSPECIFIED.);
#197=B_SPLINE_CURVE_WITH_KNOTS('',3,(#14480,#14481,#14482,#14483),
 .UNSPECIFIED.,.F.,.F.,(4,4),(0.,0.00597392392775135),.UNSPECIFIED.);
#198=B_SPLINE_CURVE_WITH_KNOTS('',3,(#14495,#14496,#14497,#14498),
 .UNSPECIFIED.,.F.,.F.,(4,4),(0.,0.00597392466901384),.UNSPECIFIED.);
#199=B_SPLINE_CURVE_WITH_KNOTS('',3,(#14502,#14503,#14504,#14505),
 .UNSPECIFIED.,.F.,.F.,(4,4),(0.,0.00597392392775135),.UNSPECIFIED.);
#200=B_SPLINE_CURVE_WITH_KNOTS('',3,(#14511,#14512,#14513,#14514),
 .UNSPECIFIED.,.F.,.F.,(4,4),(0.,0.00597392466901397),.UNSPECIFIED.);
#201=B_SPLINE_CURVE_WITH_KNOTS('',3,(#14519,#14520,#14521,#14522),
 .UNSPECIFIED.,.F.,.F.,(4,4),(0.,0.00597392392775127),.UNSPECIFIED.);
#202=B_SPLINE_CURVE_WITH_KNOTS('',3,(#14535,#14536,#14537,#14538),
 .UNSPECIFIED.,.F.,.F.,(4,4),(0.,0.00597392466901401),.UNSPECIFIED.);
#203=B_SPLINE_CURVE_WITH_KNOTS('',3,(#14543,#14544,#14545,#14546),
 .UNSPECIFIED.,.F.,.F.,(4,4),(0.,0.00597392392775123),.UNSPECIFIED.);
#204=B_SPLINE_CURVE_WITH_KNOTS('',3,(#14554,#14555,#14556,#14557),
 .UNSPECIFIED.,.F.,.F.,(4,4),(0.,0.00597392466901399),.UNSPECIFIED.);
#205=B_SPLINE_CURVE_WITH_KNOTS('',3,(#14561,#14562,#14563,#14564),
 .UNSPECIFIED.,.F.,.F.,(4,4),(0.,0.00597392392775128),.UNSPECIFIED.);
#206=B_SPLINE_CURVE_WITH_KNOTS('',3,(#14570,#14571,#14572,#14573),
 .UNSPECIFIED.,.F.,.F.,(4,4),(0.,0.00597392466901393),.UNSPECIFIED.);
#207=B_SPLINE_CURVE_WITH_KNOTS('',3,(#14578,#14579,#14580,#14581),
 .UNSPECIFIED.,.F.,.F.,(4,4),(0.,0.00597392392775132),.UNSPECIFIED.);
#208=B_SPLINE_CURVE_WITH_KNOTS('',3,(#14594,#14595,#14596,#14597),
 .UNSPECIFIED.,.F.,.F.,(4,4),(0.,0.00597392466901397),.UNSPECIFIED.);
#209=B_SPLINE_CURVE_WITH_KNOTS('',3,(#14601,#14602,#14603,#14604),
 .UNSPECIFIED.,.F.,.F.,(4,4),(0.,0.00597392392775119),.UNSPECIFIED.);
#210=B_SPLINE_CURVE_WITH_KNOTS('',3,(#14615,#14616,#14617,#14618),
 .UNSPECIFIED.,.F.,.F.,(4,4),(0.,0.00597392466901415),.UNSPECIFIED.);
#211=B_SPLINE_CURVE_WITH_KNOTS('',3,(#14623,#14624,#14625,#14626),
 .UNSPECIFIED.,.F.,.F.,(4,4),(0.,0.00597392392775128),.UNSPECIFIED.);
#212=B_SPLINE_CURVE_WITH_KNOTS('',3,(#14632,#14633,#14634,#14635),
 .UNSPECIFIED.,.F.,.F.,(4,4),(0.,0.00597392466901388),.UNSPECIFIED.);
#213=B_SPLINE_CURVE_WITH_KNOTS('',3,(#14640,#14641,#14642,#14643),
 .UNSPECIFIED.,.F.,.F.,(4,4),(0.,0.00597392392775126),.UNSPECIFIED.);
#214=B_SPLINE_CURVE_WITH_KNOTS('',3,(#14656,#14657,#14658,#14659),
 .UNSPECIFIED.,.F.,.F.,(4,4),(0.,0.00597392466901407),.UNSPECIFIED.);
#215=B_SPLINE_CURVE_WITH_KNOTS('',3,(#14663,#14664,#14665,#14666),
 .UNSPECIFIED.,.F.,.F.,(4,4),(0.,0.0059739239277512),.UNSPECIFIED.);
#216=B_SPLINE_CURVE_WITH_KNOTS('',3,(#14677,#14678,#14679,#14680),
 .UNSPECIFIED.,.F.,.F.,(4,4),(0.,0.00597392466901415),.UNSPECIFIED.);
#217=B_SPLINE_CURVE_WITH_KNOTS('',3,(#14685,#14686,#14687,#14688),
 .UNSPECIFIED.,.F.,.F.,(4,4),(0.,0.00597392392775128),.UNSPECIFIED.);
#218=B_SPLINE_CURVE_WITH_KNOTS('',3,(#14694,#14695,#14696,#14697),
 .UNSPECIFIED.,.F.,.F.,(4,4),(0.,0.00597392466901397),.UNSPECIFIED.);
#219=B_SPLINE_CURVE_WITH_KNOTS('',3,(#14702,#14703,#14704,#14705),
 .UNSPECIFIED.,.F.,.F.,(4,4),(0.,0.00597392392775126),.UNSPECIFIED.);
#220=B_SPLINE_CURVE_WITH_KNOTS('',3,(#14718,#14719,#14720,#14721),
 .UNSPECIFIED.,.F.,.F.,(4,4),(0.,0.00597392466901397),.UNSPECIFIED.);
#221=B_SPLINE_CURVE_WITH_KNOTS('',3,(#14725,#14726,#14727,#14728),
 .UNSPECIFIED.,.F.,.F.,(4,4),(0.,0.00597392392775128),.UNSPECIFIED.);
#222=B_SPLINE_CURVE_WITH_KNOTS('',3,(#14740,#14741,#14742,#14743),
 .UNSPECIFIED.,.F.,.F.,(4,4),(0.,0.00597392466901415),.UNSPECIFIED.);
#223=B_SPLINE_CURVE_WITH_KNOTS('',3,(#14747,#14748,#14749,#14750),
 .UNSPECIFIED.,.F.,.F.,(4,4),(0.,0.00597392392775128),.UNSPECIFIED.);
#224=B_SPLINE_CURVE_WITH_KNOTS('',3,(#14756,#14757,#14758,#14759),
 .UNSPECIFIED.,.F.,.F.,(4,4),(0.,0.00597392466901396),.UNSPECIFIED.);
#225=B_SPLINE_CURVE_WITH_KNOTS('',3,(#14764,#14765,#14766,#14767),
 .UNSPECIFIED.,.F.,.F.,(4,4),(0.,0.00597392392775126),.UNSPECIFIED.);
#226=B_SPLINE_CURVE_WITH_KNOTS('',3,(#14780,#14781,#14782,#14783),
 .UNSPECIFIED.,.F.,.F.,(4,4),(0.,0.00597392466901413),.UNSPECIFIED.);
#227=B_SPLINE_CURVE_WITH_KNOTS('',3,(#14787,#14788,#14789,#14790),
 .UNSPECIFIED.,.F.,.F.,(4,4),(0.,0.00597392392775126),.UNSPECIFIED.);
#228=B_SPLINE_CURVE_WITH_KNOTS('',3,(#14801,#14802,#14803,#14804),
 .UNSPECIFIED.,.F.,.F.,(4,4),(0.,0.00597392466901415),.UNSPECIFIED.);
#229=B_SPLINE_CURVE_WITH_KNOTS('',3,(#14809,#14810,#14811,#14812),
 .UNSPECIFIED.,.F.,.F.,(4,4),(0.,0.00597392392775128),.UNSPECIFIED.);
#230=B_SPLINE_CURVE_WITH_KNOTS('',3,(#14818,#14819,#14820,#14821),
 .UNSPECIFIED.,.F.,.F.,(4,4),(0.,0.00597392466901389),.UNSPECIFIED.);
#231=B_SPLINE_CURVE_WITH_KNOTS('',3,(#14826,#14827,#14828,#14829),
 .UNSPECIFIED.,.F.,.F.,(4,4),(0.,0.00597392392775119),.UNSPECIFIED.);
#232=B_SPLINE_CURVE_WITH_KNOTS('',3,(#14842,#14843,#14844,#14845),
 .UNSPECIFIED.,.F.,.F.,(4,4),(0.,0.00597392466901432),.UNSPECIFIED.);
#233=B_SPLINE_CURVE_WITH_KNOTS('',3,(#14849,#14850,#14851,#14852),
 .UNSPECIFIED.,.F.,.F.,(4,4),(0.,0.00597392392775119),.UNSPECIFIED.);
#234=B_SPLINE_CURVE_WITH_KNOTS('',3,(#14860,#14861,#14862,#14863),
 .UNSPECIFIED.,.F.,.F.,(4,4),(0.,0.00597392466901415),.UNSPECIFIED.);
#235=B_SPLINE_CURVE_WITH_KNOTS('',3,(#14868,#14869,#14870,#14871),
 .UNSPECIFIED.,.F.,.F.,(4,4),(0.,0.00597392392775128),.UNSPECIFIED.);
#236=B_SPLINE_CURVE_WITH_KNOTS('',3,(#14884,#14885,#14886,#14887),
 .UNSPECIFIED.,.F.,.F.,(4,4),(0.,0.00597392466901389),.UNSPECIFIED.);
#237=B_SPLINE_CURVE_WITH_KNOTS('',3,(#14891,#14892,#14893,#14894),
 .UNSPECIFIED.,.F.,.F.,(4,4),(0.,0.00597392392775144),.UNSPECIFIED.);
#238=B_SPLINE_CURVE_WITH_KNOTS('',3,(#14906,#14907,#14908,#14909),
 .UNSPECIFIED.,.F.,.F.,(4,4),(0.,0.00597392466901432),.UNSPECIFIED.);
#239=B_SPLINE_CURVE_WITH_KNOTS('',3,(#14913,#14914,#14915,#14916),
 .UNSPECIFIED.,.F.,.F.,(4,4),(0.,0.00597392392775119),.UNSPECIFIED.);
#240=B_SPLINE_CURVE_WITH_KNOTS('',3,(#14922,#14923,#14924,#14925),
 .UNSPECIFIED.,.F.,.F.,(4,4),(0.,0.00597392466901414),.UNSPECIFIED.);
#241=B_SPLINE_CURVE_WITH_KNOTS('',3,(#14930,#14931,#14932,#14933),
 .UNSPECIFIED.,.F.,.F.,(4,4),(0.,0.0059739239277511),.UNSPECIFIED.);
#242=B_SPLINE_CURVE_WITH_KNOTS('',3,(#14946,#14947,#14948,#14949),
 .UNSPECIFIED.,.F.,.F.,(4,4),(0.,0.00597392466901379),.UNSPECIFIED.);
#243=B_SPLINE_CURVE_WITH_KNOTS('',3,(#14953,#14954,#14955,#14956),
 .UNSPECIFIED.,.F.,.F.,(4,4),(0.,0.00597392392775136),.UNSPECIFIED.);
#244=B_SPLINE_CURVE_WITH_KNOTS('',3,(#14968,#14969,#14970,#14971),
 .UNSPECIFIED.,.F.,.F.,(4,4),(0.,0.00597392466901432),.UNSPECIFIED.);
#245=B_SPLINE_CURVE_WITH_KNOTS('',3,(#14975,#14976,#14977,#14978),
 .UNSPECIFIED.,.F.,.F.,(4,4),(0.,0.00597392392775119),.UNSPECIFIED.);
#246=B_SPLINE_CURVE_WITH_KNOTS('',3,(#14984,#14985,#14986,#14987),
 .UNSPECIFIED.,.F.,.F.,(4,4),(0.,0.00597392466901405),.UNSPECIFIED.);
#247=B_SPLINE_CURVE_WITH_KNOTS('',3,(#14992,#14993,#14994,#14995),
 .UNSPECIFIED.,.F.,.F.,(4,4),(0.,0.0059739239277511),.UNSPECIFIED.);
#248=B_SPLINE_CURVE_WITH_KNOTS('',3,(#15008,#15009,#15010,#15011),
 .UNSPECIFIED.,.F.,.F.,(4,4),(0.,0.00597392466901379),.UNSPECIFIED.);
#249=B_SPLINE_CURVE_WITH_KNOTS('',3,(#15015,#15016,#15017,#15018),
 .UNSPECIFIED.,.F.,.F.,(4,4),(0.,0.0059739239277514),.UNSPECIFIED.);
#250=B_SPLINE_CURVE_WITH_KNOTS('',3,(#15032,#15033,#15034,#15035),
 .UNSPECIFIED.,.F.,.F.,(4,4),(0.,0.00597392466901432),.UNSPECIFIED.);
#251=B_SPLINE_CURVE_WITH_KNOTS('',3,(#15039,#15040,#15041,#15042),
 .UNSPECIFIED.,.F.,.F.,(4,4),(0.,0.00597392392775119),.UNSPECIFIED.);
#252=B_SPLINE_CURVE_WITH_KNOTS('',3,(#15245,#15246,#15247,#15248),
 .UNSPECIFIED.,.F.,.F.,(4,4),(0.,0.00597392466901393),.UNSPECIFIED.);
#253=B_SPLINE_CURVE_WITH_KNOTS('',3,(#15252,#15253,#15254,#15255),
 .UNSPECIFIED.,.F.,.F.,(4,4),(0.,0.00597392392775127),.UNSPECIFIED.);
#254=B_SPLINE_CURVE_WITH_KNOTS('',3,(#15278,#15279,#15280,#15281),
 .UNSPECIFIED.,.F.,.F.,(4,4),(0.,0.00597392466901388),.UNSPECIFIED.);
#255=B_SPLINE_CURVE_WITH_KNOTS('',3,(#15285,#15286,#15287,#15288),
 .UNSPECIFIED.,.F.,.F.,(4,4),(0.,0.00597392392775135),.UNSPECIFIED.);
#256=B_SPLINE_CURVE_WITH_KNOTS('',3,(#15294,#15295,#15296,#15297),
 .UNSPECIFIED.,.F.,.F.,(4,4),(0.,0.00597392466901401),.UNSPECIFIED.);
#257=B_SPLINE_CURVE_WITH_KNOTS('',3,(#15302,#15303,#15304,#15305),
 .UNSPECIFIED.,.F.,.F.,(4,4),(0.,0.00597392392775123),.UNSPECIFIED.);
#258=B_SPLINE_CURVE_WITH_KNOTS('',3,(#15332,#15333,#15334,#15335),
 .UNSPECIFIED.,.F.,.F.,(4,4),(0.,0.0059739246690141),.UNSPECIFIED.);
#259=B_SPLINE_CURVE_WITH_KNOTS('',3,(#15340,#15341,#15342,#15343),
 .UNSPECIFIED.,.F.,.F.,(4,4),(0.,0.00597392392775119),.UNSPECIFIED.);
#260=B_SPLINE_CURVE_WITH_KNOTS('',3,(#15347,#15348,#15349,#15350),
 .UNSPECIFIED.,.F.,.F.,(4,4),(0.,0.0059739246690141),.UNSPECIFIED.);
#261=B_SPLINE_CURVE_WITH_KNOTS('',3,(#15355,#15356,#15357,#15358),
 .UNSPECIFIED.,.F.,.F.,(4,4),(0.,0.00597392392775114),.UNSPECIFIED.);
#262=B_SPLINE_CURVE_WITH_KNOTS('',3,(#15362,#15363,#15364,#15365),
 .UNSPECIFIED.,.F.,.F.,(4,4),(0.,0.0059739246690141),.UNSPECIFIED.);
#263=B_SPLINE_CURVE_WITH_KNOTS('',3,(#15370,#15371,#15372,#15373),
 .UNSPECIFIED.,.F.,.F.,(4,4),(0.,0.00597392392775119),.UNSPECIFIED.);
#264=B_SPLINE_CURVE_WITH_KNOTS('',3,(#15377,#15378,#15379,#15380),
 .UNSPECIFIED.,.F.,.F.,(4,4),(0.,0.00597392466901405),.UNSPECIFIED.);
#265=B_SPLINE_CURVE_WITH_KNOTS('',3,(#15385,#15386,#15387,#15388),
 .UNSPECIFIED.,.F.,.F.,(4,4),(0.,0.00597392392775114),.UNSPECIFIED.);
#266=B_SPLINE_CURVE_WITH_KNOTS('',3,(#15442,#15443,#15444,#15445),
 .UNSPECIFIED.,.F.,.F.,(4,4),(0.,0.00597392466901405),.UNSPECIFIED.);
#267=B_SPLINE_CURVE_WITH_KNOTS('',3,(#15450,#15451,#15452,#15453),
 .UNSPECIFIED.,.F.,.F.,(4,4),(0.,0.00597392392775118),.UNSPECIFIED.);
#268=B_SPLINE_CURVE_WITH_KNOTS('',3,(#15457,#15458,#15459,#15460),
 .UNSPECIFIED.,.F.,.F.,(4,4),(0.,0.0059739246690141),.UNSPECIFIED.);
#269=B_SPLINE_CURVE_WITH_KNOTS('',3,(#15465,#15466,#15467,#15468),
 .UNSPECIFIED.,.F.,.F.,(4,4),(0.,0.00597392392775114),.UNSPECIFIED.);
#270=CYLINDRICAL_SURFACE('',#9350,0.005);
#271=CYLINDRICAL_SURFACE('',#9363,0.005);
#272=CYLINDRICAL_SURFACE('',#9390,0.002);
#273=CYLINDRICAL_SURFACE('',#9392,0.002);
#274=CYLINDRICAL_SURFACE('',#9394,0.002);
#275=CYLINDRICAL_SURFACE('',#9396,0.002);
#276=CYLINDRICAL_SURFACE('',#9398,0.002);
#277=CYLINDRICAL_SURFACE('',#9400,0.002);
#278=CYLINDRICAL_SURFACE('',#9402,0.002);
#279=CYLINDRICAL_SURFACE('',#9404,0.002);
#280=CYLINDRICAL_SURFACE('',#9406,0.002);
#281=CYLINDRICAL_SURFACE('',#9408,0.002);
#282=CYLINDRICAL_SURFACE('',#9547,0.002);
#283=CYLINDRICAL_SURFACE('',#9554,0.002);
#284=CYLINDRICAL_SURFACE('',#9561,0.002);
#285=CYLINDRICAL_SURFACE('',#9568,0.002);
#286=CYLINDRICAL_SURFACE('',#9575,0.002);
#287=CYLINDRICAL_SURFACE('',#9582,0.002);
#288=CYLINDRICAL_SURFACE('',#9589,0.002);
#289=CYLINDRICAL_SURFACE('',#9596,0.002);
#290=CYLINDRICAL_SURFACE('',#9603,0.002);
#291=CYLINDRICAL_SURFACE('',#9610,0.002);
#292=CYLINDRICAL_SURFACE('',#9612,0.002);
#293=CYLINDRICAL_SURFACE('',#9619,0.002);
#294=CYLINDRICAL_SURFACE('',#9626,0.002);
#295=CYLINDRICAL_SURFACE('',#9645,0.004);
#296=CYLINDRICAL_SURFACE('',#9650,0.004);
#297=CYLINDRICAL_SURFACE('',#9657,0.004);
#298=CYLINDRICAL_SURFACE('',#9663,0.004);
#299=CYLINDRICAL_SURFACE('',#9669,0.004);
#300=CYLINDRICAL_SURFACE('',#9675,0.004);
#301=CYLINDRICAL_SURFACE('',#9682,0.004);
#302=CYLINDRICAL_SURFACE('',#9694,0.004);
#303=CYLINDRICAL_SURFACE('',#9699,0.002);
#304=CYLINDRICAL_SURFACE('',#9701,0.004);
#305=CYLINDRICAL_SURFACE('',#9712,0.004);
#306=CYLINDRICAL_SURFACE('',#9964,0.004);
#307=CYLINDRICAL_SURFACE('',#9968,0.004);
#308=CYLINDRICAL_SURFACE('',#9973,0.004);
#309=CYLINDRICAL_SURFACE('',#9975,0.004);
#310=CYLINDRICAL_SURFACE('',#9985,0.004);
#311=CYLINDRICAL_SURFACE('',#9987,0.004);
#312=CYLINDRICAL_SURFACE('',#9989,0.004);
#313=CYLINDRICAL_SURFACE('',#9991,0.004);
#314=CYLINDRICAL_SURFACE('',#9993,0.004);
#315=CYLINDRICAL_SURFACE('',#9995,0.004);
#316=CYLINDRICAL_SURFACE('',#9997,0.004);
#317=CYLINDRICAL_SURFACE('',#9999,0.004);
#318=CYLINDRICAL_SURFACE('',#10001,0.004);
#319=CYLINDRICAL_SURFACE('',#10077,0.004);
#320=CYLINDRICAL_SURFACE('',#10129,0.00525);
#321=CYLINDRICAL_SURFACE('',#10143,0.0015);
#322=CYLINDRICAL_SURFACE('',#10144,0.0015);
#323=CIRCLE('',#9325,0.00525);
#324=CIRCLE('',#9326,0.005);
#325=CIRCLE('',#9327,0.005);
#326=CIRCLE('',#9328,0.0015);
#327=CIRCLE('',#9329,0.0015);
#328=CIRCLE('',#9330,0.002);
#329=CIRCLE('',#9331,0.002);
#330=CIRCLE('',#9332,0.002);
#331=CIRCLE('',#9334,0.0015);
#332=CIRCLE('',#9335,0.0015);
#333=CIRCLE('',#9336,0.004);
#334=CIRCLE('',#9337,0.004);
#335=CIRCLE('',#9338,0.004);
#336=CIRCLE('',#9339,0.004);
#337=CIRCLE('',#9340,0.004);
#338=CIRCLE('',#9341,0.004);
#339=CIRCLE('',#9342,0.004);
#340=CIRCLE('',#9343,0.004);
#341=CIRCLE('',#9344,0.004);
#342=CIRCLE('',#9351,0.005);
#343=CIRCLE('',#9356,0.004);
#344=CIRCLE('',#9359,0.009);
#345=CIRCLE('',#9360,0.009);
#346=CIRCLE('',#9364,0.005);
#347=CIRCLE('',#9369,0.004);
#348=CIRCLE('',#9372,0.009);
#349=CIRCLE('',#9373,0.009);
#350=CIRCLE('',#9375,0.002);
#351=CIRCLE('',#9377,0.002);
#352=CIRCLE('',#9379,0.002);
#353=CIRCLE('',#9381,0.002);
#354=CIRCLE('',#9383,0.002);
#355=CIRCLE('',#9385,0.002);
#356=CIRCLE('',#9387,0.002);
#357=CIRCLE('',#9389,0.002);
#358=CIRCLE('',#9391,0.002);
#359=CIRCLE('',#9393,0.002);
#360=CIRCLE('',#9395,0.002);
#361=CIRCLE('',#9397,0.002);
#362=CIRCLE('',#9399,0.002);
#363=CIRCLE('',#9401,0.002);
#364=CIRCLE('',#9403,0.002);
#365=CIRCLE('',#9405,0.002);
#366=CIRCLE('',#9407,0.002);
#367=CIRCLE('',#9409,0.002);
#368=CIRCLE('',#9411,0.002);
#369=CIRCLE('',#9413,0.002);
#370=CIRCLE('',#9415,0.002);
#371=CIRCLE('',#9417,0.002);
#372=CIRCLE('',#9419,0.002);
#373=CIRCLE('',#9421,0.002);
#374=CIRCLE('',#9423,0.002);
#375=CIRCLE('',#9425,0.002);
#376=CIRCLE('',#9427,0.002);
#377=CIRCLE('',#9429,0.002);
#378=CIRCLE('',#9431,0.002);
#379=CIRCLE('',#9433,0.002);
#380=CIRCLE('',#9435,0.009);
#381=CIRCLE('',#9436,0.009);
#382=CIRCLE('',#9438,0.009);
#383=CIRCLE('',#9439,0.009);
#384=CIRCLE('',#9441,0.009);
#385=CIRCLE('',#9442,0.009);
#386=CIRCLE('',#9444,0.009);
#387=CIRCLE('',#9445,0.009);
#388=CIRCLE('',#9447,0.009);
#389=CIRCLE('',#9448,0.009);
#390=CIRCLE('',#9450,0.004);
#391=CIRCLE('',#9452,0.004);
#392=CIRCLE('',#9454,0.004);
#393=CIRCLE('',#9456,0.004);
#394=CIRCLE('',#9458,0.004);
#395=CIRCLE('',#9460,0.004);
#396=CIRCLE('',#9462,0.004);
#397=CIRCLE('',#9464,0.004);
#398=CIRCLE('',#9465,0.009);
#399=CIRCLE('',#9467,0.009);
#400=CIRCLE('',#9469,0.004);
#401=CIRCLE('',#9471,0.004);
#402=CIRCLE('',#9472,0.009);
#403=CIRCLE('',#9474,0.009);
#404=CIRCLE('',#9476,0.004);
#405=CIRCLE('',#9478,0.004);
#406=CIRCLE('',#9480,0.004);
#407=CIRCLE('',#9482,0.004);
#408=CIRCLE('',#9483,0.009);
#409=CIRCLE('',#9485,0.009);
#410=CIRCLE('',#9487,0.004);
#411=CIRCLE('',#9489,0.004);
#412=CIRCLE('',#9491,0.004);
#413=CIRCLE('',#9493,0.004);
#414=CIRCLE('',#9494,0.009);
#415=CIRCLE('',#9496,0.009);
#416=CIRCLE('',#9498,0.004);
#417=CIRCLE('',#9500,0.004);
#418=CIRCLE('',#9502,0.004);
#419=CIRCLE('',#9503,0.009);
#420=CIRCLE('',#9505,0.009);
#421=CIRCLE('',#9507,0.004);
#422=CIRCLE('',#9509,0.009);
#423=CIRCLE('',#9510,0.009);
#424=CIRCLE('',#9512,0.004);
#425=CIRCLE('',#9514,0.004);
#426=CIRCLE('',#9516,0.004);
#427=CIRCLE('',#9518,0.004);
#428=CIRCLE('',#9520,0.009);
#429=CIRCLE('',#9521,0.009);
#430=CIRCLE('',#9523,0.004);
#431=CIRCLE('',#9525,0.004);
#432=CIRCLE('',#9527,0.004);
#433=CIRCLE('',#9529,0.002);
#434=CIRCLE('',#9531,0.004);
#435=CIRCLE('',#9533,0.004);
#436=CIRCLE('',#9535,0.004);
#437=CIRCLE('',#9537,0.004);
#438=CIRCLE('',#9538,0.009);
#439=CIRCLE('',#9540,0.009);
#440=CIRCLE('',#9542,0.004);
#441=CIRCLE('',#9544,0.004);
#442=CIRCLE('',#9546,0.004);
#443=CIRCLE('',#9548,0.002);
#444=CIRCLE('',#9550,0.009);
#445=CIRCLE('',#9551,0.009);
#446=CIRCLE('',#9553,0.004);
#447=CIRCLE('',#9555,0.002);
#448=CIRCLE('',#9557,0.009);
#449=CIRCLE('',#9558,0.009);
#450=CIRCLE('',#9560,0.004);
#451=CIRCLE('',#9562,0.002);
#452=CIRCLE('',#9564,0.009);
#453=CIRCLE('',#9565,0.009);
#454=CIRCLE('',#9567,0.004);
#455=CIRCLE('',#9569,0.002);
#456=CIRCLE('',#9571,0.009);
#457=CIRCLE('',#9572,0.009);
#458=CIRCLE('',#9574,0.004);
#459=CIRCLE('',#9576,0.002);
#460=CIRCLE('',#9578,0.009);
#461=CIRCLE('',#9579,0.009);
#462=CIRCLE('',#9581,0.004);
#463=CIRCLE('',#9583,0.002);
#464=CIRCLE('',#9585,0.009);
#465=CIRCLE('',#9586,0.009);
#466=CIRCLE('',#9588,0.004);
#467=CIRCLE('',#9590,0.002);
#468=CIRCLE('',#9592,0.009);
#469=CIRCLE('',#9593,0.009);
#470=CIRCLE('',#9595,0.004);
#471=CIRCLE('',#9597,0.002);
#472=CIRCLE('',#9599,0.009);
#473=CIRCLE('',#9600,0.009);
#474=CIRCLE('',#9602,0.004);
#475=CIRCLE('',#9604,0.002);
#476=CIRCLE('',#9606,0.009);
#477=CIRCLE('',#9607,0.009);
#478=CIRCLE('',#9609,0.004);
#479=CIRCLE('',#9611,0.002);
#480=CIRCLE('',#9613,0.002);
#481=CIRCLE('',#9615,0.009);
#482=CIRCLE('',#9616,0.009);
#483=CIRCLE('',#9618,0.004);
#484=CIRCLE('',#9620,0.002);
#485=CIRCLE('',#9622,0.009);
#486=CIRCLE('',#9623,0.009);
#487=CIRCLE('',#9625,0.004);
#488=CIRCLE('',#9627,0.002);
#489=CIRCLE('',#9646,0.004);
#490=CIRCLE('',#9647,0.004);
#491=CIRCLE('',#9648,0.004);
#492=CIRCLE('',#9649,0.004);
#493=CIRCLE('',#9651,0.004);
#494=CIRCLE('',#9652,0.004);
#495=CIRCLE('',#9653,0.004);
#496=CIRCLE('',#9654,0.004);
#497=CIRCLE('',#9658,0.004);
#498=CIRCLE('',#9659,0.004);
#499=CIRCLE('',#9660,0.004);
#500=CIRCLE('',#9661,0.004);
#501=CIRCLE('',#9664,0.004);
#502=CIRCLE('',#9665,0.004);
#503=CIRCLE('',#9666,0.004);
#504=CIRCLE('',#9667,0.004);
#505=CIRCLE('',#9670,0.004);
#506=CIRCLE('',#9671,0.004);
#507=CIRCLE('',#9672,0.004);
#508=CIRCLE('',#9673,0.004);
#509=CIRCLE('',#9676,0.004);
#510=CIRCLE('',#9677,0.004);
#511=CIRCLE('',#9678,0.004);
#512=CIRCLE('',#9679,0.004);
#513=CIRCLE('',#9683,0.004);
#514=CIRCLE('',#9684,0.004);
#515=CIRCLE('',#9685,0.004);
#516=CIRCLE('',#9686,0.004);
#517=CIRCLE('',#9688,0.004);
#518=CIRCLE('',#9689,0.009);
#519=CIRCLE('',#9692,0.004);
#520=CIRCLE('',#9693,0.009);
#521=CIRCLE('',#9695,0.004);
#522=CIRCLE('',#9696,0.004);
#523=CIRCLE('',#9697,0.004);
#524=CIRCLE('',#9698,0.004);
#525=CIRCLE('',#9700,0.002);
#526=CIRCLE('',#9702,0.004);
#527=CIRCLE('',#9703,0.004);
#528=CIRCLE('',#9704,0.004);
#529=CIRCLE('',#9705,0.004);
#530=CIRCLE('',#9708,0.009);
#531=CIRCLE('',#9709,0.009);
#532=CIRCLE('',#9711,0.004);
#533=CIRCLE('',#9713,0.004);
#534=CIRCLE('',#9714,0.004);
#535=CIRCLE('',#9715,0.004);
#536=CIRCLE('',#9716,0.004);
#537=CIRCLE('',#9718,0.009);
#538=CIRCLE('',#9719,0.009);
#539=CIRCLE('',#9721,0.004);
#540=CIRCLE('',#9723,0.004);
#541=CIRCLE('',#9726,0.004);
#542=CIRCLE('',#9729,0.004);
#543=CIRCLE('',#9730,0.009);
#544=CIRCLE('',#9732,0.009);
#545=CIRCLE('',#9734,0.004);
#546=CIRCLE('',#9736,0.004);
#547=CIRCLE('',#9740,0.004);
#548=CIRCLE('',#9743,0.004);
#549=CIRCLE('',#9745,0.004);
#550=CIRCLE('',#9747,0.004);
#551=CIRCLE('',#9750,0.004);
#552=CIRCLE('',#9754,0.004);
#553=CIRCLE('',#9756,0.004);
#554=CIRCLE('',#9758,0.004);
#555=CIRCLE('',#9762,0.004);
#556=CIRCLE('',#9765,0.004);
#557=CIRCLE('',#9766,0.009);
#558=CIRCLE('',#9768,0.009);
#559=CIRCLE('',#9770,0.004);
#560=CIRCLE('',#9772,0.004);
#561=CIRCLE('',#9773,0.009);
#562=CIRCLE('',#9776,0.004);
#563=CIRCLE('',#9779,0.004);
#564=CIRCLE('',#9780,0.009);
#565=CIRCLE('',#9782,0.009);
#566=CIRCLE('',#9784,0.004);
#567=CIRCLE('',#9786,0.004);
#568=CIRCLE('',#9790,0.004);
#569=CIRCLE('',#9793,0.004);
#570=CIRCLE('',#9794,0.009);
#571=CIRCLE('',#9796,0.009);
#572=CIRCLE('',#9798,0.004);
#573=CIRCLE('',#9800,0.004);
#574=CIRCLE('',#9804,0.004);
#575=CIRCLE('',#9807,0.004);
#576=CIRCLE('',#9808,0.009);
#577=CIRCLE('',#9810,0.009);
#578=CIRCLE('',#9812,0.004);
#579=CIRCLE('',#9814,0.004);
#580=CIRCLE('',#9818,0.004);
#581=CIRCLE('',#9821,0.004);
#582=CIRCLE('',#9822,0.009);
#583=CIRCLE('',#9824,0.009);
#584=CIRCLE('',#9826,0.004);
#585=CIRCLE('',#9828,0.004);
#586=CIRCLE('',#9832,0.004);
#587=CIRCLE('',#9835,0.004);
#588=CIRCLE('',#9836,0.009);
#589=CIRCLE('',#9838,0.009);
#590=CIRCLE('',#9840,0.004);
#591=CIRCLE('',#9842,0.004);
#592=CIRCLE('',#9845,0.004);
#593=CIRCLE('',#9846,0.009);
#594=CIRCLE('',#9848,0.009);
#595=CIRCLE('',#9850,0.004);
#596=CIRCLE('',#9852,0.004);
#597=CIRCLE('',#9856,0.004);
#598=CIRCLE('',#9859,0.004);
#599=CIRCLE('',#9860,0.009);
#600=CIRCLE('',#9862,0.009);
#601=CIRCLE('',#9864,0.004);
#602=CIRCLE('',#9866,0.004);
#603=CIRCLE('',#9870,0.004);
#604=CIRCLE('',#9873,0.004);
#605=CIRCLE('',#9874,0.009);
#606=CIRCLE('',#9876,0.009);
#607=CIRCLE('',#9878,0.004);
#608=CIRCLE('',#9880,0.004);
#609=CIRCLE('',#9884,0.004);
#610=CIRCLE('',#9887,0.004);
#611=CIRCLE('',#9888,0.004);
#612=CIRCLE('',#9890,0.004);
#613=CIRCLE('',#9891,0.004);
#614=CIRCLE('',#9893,0.004);
#615=CIRCLE('',#9894,0.004);
#616=CIRCLE('',#9895,0.004);
#617=CIRCLE('',#9897,0.004);
#618=CIRCLE('',#9898,0.004);
#619=CIRCLE('',#9899,0.004);
#620=CIRCLE('',#9903,0.004);
#621=CIRCLE('',#9904,0.004);
#622=CIRCLE('',#9906,0.004);
#623=CIRCLE('',#9907,0.004);
#624=CIRCLE('',#9909,0.004);
#625=CIRCLE('',#9910,0.004);
#626=CIRCLE('',#9912,0.004);
#627=CIRCLE('',#9913,0.004);
#628=CIRCLE('',#9915,0.004);
#629=CIRCLE('',#9916,0.004);
#630=CIRCLE('',#9919,0.004);
#631=CIRCLE('',#9920,0.004);
#632=CIRCLE('',#9929,0.004);
#633=CIRCLE('',#9933,0.004);
#634=CIRCLE('',#9935,0.004);
#635=CIRCLE('',#9938,0.004);
#636=CIRCLE('',#9939,0.004);
#637=CIRCLE('',#9942,0.004);
#638=CIRCLE('',#9945,0.004);
#639=CIRCLE('',#9946,0.009);
#640=CIRCLE('',#9949,0.004);
#641=CIRCLE('',#9952,0.004);
#642=CIRCLE('',#9953,0.009);
#643=CIRCLE('',#9955,0.004);
#644=CIRCLE('',#9956,0.009);
#645=CIRCLE('',#9958,0.004);
#646=CIRCLE('',#9959,0.009);
#647=CIRCLE('',#9961,0.004);
#648=CIRCLE('',#9962,0.009);
#649=CIRCLE('',#9965,0.004);
#650=CIRCLE('',#9966,0.004);
#651=CIRCLE('',#9969,0.004);
#652=CIRCLE('',#9970,0.004);
#653=CIRCLE('',#9974,0.004);
#654=CIRCLE('',#9976,0.004);
#655=CIRCLE('',#9979,0.004);
#656=CIRCLE('',#9980,0.009);
#657=CIRCLE('',#9982,0.004);
#658=CIRCLE('',#9983,0.009);
#659=CIRCLE('',#10002,0.004);
#660=CIRCLE('',#10078,0.004);
#661=CIRCLE('',#10079,0.004);
#662=CIRCLE('',#10130,0.00525);
#663=ORIENTED_EDGE('',*,*,#3337,.F.);
#664=ORIENTED_EDGE('',*,*,#3338,.T.);
#665=ORIENTED_EDGE('',*,*,#3339,.T.);
#666=ORIENTED_EDGE('',*,*,#3340,.T.);
#667=ORIENTED_EDGE('',*,*,#3341,.T.);
#668=ORIENTED_EDGE('',*,*,#3342,.T.);
#669=ORIENTED_EDGE('',*,*,#3343,.T.);
#670=ORIENTED_EDGE('',*,*,#3344,.F.);
#671=ORIENTED_EDGE('',*,*,#3345,.F.);
#672=ORIENTED_EDGE('',*,*,#3346,.F.);
#673=ORIENTED_EDGE('',*,*,#3347,.F.);
#674=ORIENTED_EDGE('',*,*,#3348,.F.);
#675=ORIENTED_EDGE('',*,*,#3349,.F.);
#676=ORIENTED_EDGE('',*,*,#3350,.T.);
#677=ORIENTED_EDGE('',*,*,#3351,.T.);
#678=ORIENTED_EDGE('',*,*,#3352,.F.);
#679=ORIENTED_EDGE('',*,*,#3353,.F.);
#680=ORIENTED_EDGE('',*,*,#3354,.T.);
#681=ORIENTED_EDGE('',*,*,#3355,.T.);
#682=ORIENTED_EDGE('',*,*,#3356,.F.);
#683=ORIENTED_EDGE('',*,*,#3357,.T.);
#684=ORIENTED_EDGE('',*,*,#3358,.T.);
#685=ORIENTED_EDGE('',*,*,#3359,.F.);
#686=ORIENTED_EDGE('',*,*,#3360,.F.);
#687=ORIENTED_EDGE('',*,*,#3361,.F.);
#688=ORIENTED_EDGE('',*,*,#3362,.T.);
#689=ORIENTED_EDGE('',*,*,#3363,.T.);
#690=ORIENTED_EDGE('',*,*,#3364,.F.);
#691=ORIENTED_EDGE('',*,*,#3365,.F.);
#692=ORIENTED_EDGE('',*,*,#3366,.T.);
#693=ORIENTED_EDGE('',*,*,#3367,.T.);
#694=ORIENTED_EDGE('',*,*,#3368,.F.);
#695=ORIENTED_EDGE('',*,*,#3369,.T.);
#696=ORIENTED_EDGE('',*,*,#3370,.T.);
#697=ORIENTED_EDGE('',*,*,#3371,.T.);
#698=ORIENTED_EDGE('',*,*,#3372,.F.);
#699=ORIENTED_EDGE('',*,*,#3373,.T.);
#700=ORIENTED_EDGE('',*,*,#3374,.T.);
#701=ORIENTED_EDGE('',*,*,#3375,.T.);
#702=ORIENTED_EDGE('',*,*,#3376,.F.);
#703=ORIENTED_EDGE('',*,*,#3377,.F.);
#704=ORIENTED_EDGE('',*,*,#3378,.T.);
#705=ORIENTED_EDGE('',*,*,#3379,.T.);
#706=ORIENTED_EDGE('',*,*,#3380,.F.);
#707=ORIENTED_EDGE('',*,*,#3381,.T.);
#708=ORIENTED_EDGE('',*,*,#3382,.T.);
#709=ORIENTED_EDGE('',*,*,#3383,.T.);
#710=ORIENTED_EDGE('',*,*,#3384,.F.);
#711=ORIENTED_EDGE('',*,*,#3385,.T.);
#712=ORIENTED_EDGE('',*,*,#3386,.T.);
#713=ORIENTED_EDGE('',*,*,#3387,.T.);
#714=ORIENTED_EDGE('',*,*,#3388,.F.);
#715=ORIENTED_EDGE('',*,*,#3389,.T.);
#716=ORIENTED_EDGE('',*,*,#3390,.T.);
#717=ORIENTED_EDGE('',*,*,#3391,.T.);
#718=ORIENTED_EDGE('',*,*,#3392,.F.);
#719=ORIENTED_EDGE('',*,*,#3393,.F.);
#720=ORIENTED_EDGE('',*,*,#3394,.T.);
#721=ORIENTED_EDGE('',*,*,#3395,.T.);
#722=ORIENTED_EDGE('',*,*,#3396,.F.);
#723=ORIENTED_EDGE('',*,*,#3397,.T.);
#724=ORIENTED_EDGE('',*,*,#3398,.F.);
#725=ORIENTED_EDGE('',*,*,#3399,.T.);
#726=ORIENTED_EDGE('',*,*,#3400,.F.);
#727=ORIENTED_EDGE('',*,*,#3401,.F.);
#728=ORIENTED_EDGE('',*,*,#3402,.T.);
#729=ORIENTED_EDGE('',*,*,#3403,.T.);
#730=ORIENTED_EDGE('',*,*,#3404,.F.);
#731=ORIENTED_EDGE('',*,*,#3405,.F.);
#732=ORIENTED_EDGE('',*,*,#3406,.T.);
#733=ORIENTED_EDGE('',*,*,#3407,.T.);
#734=ORIENTED_EDGE('',*,*,#3408,.F.);
#735=ORIENTED_EDGE('',*,*,#3409,.F.);
#736=ORIENTED_EDGE('',*,*,#3410,.T.);
#737=ORIENTED_EDGE('',*,*,#3411,.T.);
#738=ORIENTED_EDGE('',*,*,#3412,.F.);
#739=ORIENTED_EDGE('',*,*,#3413,.F.);
#740=ORIENTED_EDGE('',*,*,#3414,.T.);
#741=ORIENTED_EDGE('',*,*,#3415,.T.);
#742=ORIENTED_EDGE('',*,*,#3416,.F.);
#743=ORIENTED_EDGE('',*,*,#3417,.F.);
#744=ORIENTED_EDGE('',*,*,#3418,.T.);
#745=ORIENTED_EDGE('',*,*,#3419,.T.);
#746=ORIENTED_EDGE('',*,*,#3420,.F.);
#747=ORIENTED_EDGE('',*,*,#3421,.F.);
#748=ORIENTED_EDGE('',*,*,#3422,.T.);
#749=ORIENTED_EDGE('',*,*,#3423,.T.);
#750=ORIENTED_EDGE('',*,*,#3424,.F.);
#751=ORIENTED_EDGE('',*,*,#3425,.F.);
#752=ORIENTED_EDGE('',*,*,#3426,.T.);
#753=ORIENTED_EDGE('',*,*,#3427,.T.);
#754=ORIENTED_EDGE('',*,*,#3428,.F.);
#755=ORIENTED_EDGE('',*,*,#3429,.F.);
#756=ORIENTED_EDGE('',*,*,#3430,.T.);
#757=ORIENTED_EDGE('',*,*,#3431,.T.);
#758=ORIENTED_EDGE('',*,*,#3432,.F.);
#759=ORIENTED_EDGE('',*,*,#3433,.F.);
#760=ORIENTED_EDGE('',*,*,#3434,.T.);
#761=ORIENTED_EDGE('',*,*,#3435,.T.);
#762=ORIENTED_EDGE('',*,*,#3436,.F.);
#763=ORIENTED_EDGE('',*,*,#3437,.F.);
#764=ORIENTED_EDGE('',*,*,#3438,.T.);
#765=ORIENTED_EDGE('',*,*,#3439,.T.);
#766=ORIENTED_EDGE('',*,*,#3440,.F.);
#767=ORIENTED_EDGE('',*,*,#3441,.F.);
#768=ORIENTED_EDGE('',*,*,#3442,.T.);
#769=ORIENTED_EDGE('',*,*,#3443,.T.);
#770=ORIENTED_EDGE('',*,*,#3444,.F.);
#771=ORIENTED_EDGE('',*,*,#3445,.F.);
#772=ORIENTED_EDGE('',*,*,#3446,.T.);
#773=ORIENTED_EDGE('',*,*,#3447,.T.);
#774=ORIENTED_EDGE('',*,*,#3448,.F.);
#775=ORIENTED_EDGE('',*,*,#3449,.F.);
#776=ORIENTED_EDGE('',*,*,#3450,.T.);
#777=ORIENTED_EDGE('',*,*,#3451,.T.);
#778=ORIENTED_EDGE('',*,*,#3452,.F.);
#779=ORIENTED_EDGE('',*,*,#3453,.F.);
#780=ORIENTED_EDGE('',*,*,#3454,.T.);
#781=ORIENTED_EDGE('',*,*,#3455,.T.);
#782=ORIENTED_EDGE('',*,*,#3456,.F.);
#783=ORIENTED_EDGE('',*,*,#3457,.F.);
#784=ORIENTED_EDGE('',*,*,#3458,.T.);
#785=ORIENTED_EDGE('',*,*,#3459,.T.);
#786=ORIENTED_EDGE('',*,*,#3460,.F.);
#787=ORIENTED_EDGE('',*,*,#3461,.F.);
#788=ORIENTED_EDGE('',*,*,#3462,.T.);
#789=ORIENTED_EDGE('',*,*,#3463,.T.);
#790=ORIENTED_EDGE('',*,*,#3464,.T.);
#791=ORIENTED_EDGE('',*,*,#3465,.F.);
#792=ORIENTED_EDGE('',*,*,#3466,.T.);
#793=ORIENTED_EDGE('',*,*,#3467,.T.);
#794=ORIENTED_EDGE('',*,*,#3468,.F.);
#795=ORIENTED_EDGE('',*,*,#3469,.F.);
#796=ORIENTED_EDGE('',*,*,#3470,.F.);
#797=ORIENTED_EDGE('',*,*,#3471,.F.);
#798=ORIENTED_EDGE('',*,*,#3472,.T.);
#799=ORIENTED_EDGE('',*,*,#3473,.F.);
#800=ORIENTED_EDGE('',*,*,#3474,.F.);
#801=ORIENTED_EDGE('',*,*,#3475,.F.);
#802=ORIENTED_EDGE('',*,*,#3476,.T.);
#803=ORIENTED_EDGE('',*,*,#3477,.F.);
#804=ORIENTED_EDGE('',*,*,#3478,.T.);
#805=ORIENTED_EDGE('',*,*,#3479,.F.);
#806=ORIENTED_EDGE('',*,*,#3480,.T.);
#807=ORIENTED_EDGE('',*,*,#3481,.F.);
#808=ORIENTED_EDGE('',*,*,#3482,.T.);
#809=ORIENTED_EDGE('',*,*,#3483,.F.);
#810=ORIENTED_EDGE('',*,*,#3484,.T.);
#811=ORIENTED_EDGE('',*,*,#3485,.F.);
#812=ORIENTED_EDGE('',*,*,#3486,.F.);
#813=ORIENTED_EDGE('',*,*,#3487,.F.);
#814=ORIENTED_EDGE('',*,*,#3488,.F.);
#815=ORIENTED_EDGE('',*,*,#3489,.F.);
#816=ORIENTED_EDGE('',*,*,#3490,.F.);
#817=ORIENTED_EDGE('',*,*,#3491,.F.);
#818=ORIENTED_EDGE('',*,*,#3492,.F.);
#819=ORIENTED_EDGE('',*,*,#3493,.F.);
#820=ORIENTED_EDGE('',*,*,#3494,.F.);
#821=ORIENTED_EDGE('',*,*,#3495,.F.);
#822=ORIENTED_EDGE('',*,*,#3496,.F.);
#823=ORIENTED_EDGE('',*,*,#3497,.F.);
#824=ORIENTED_EDGE('',*,*,#3498,.T.);
#825=ORIENTED_EDGE('',*,*,#3499,.T.);
#826=ORIENTED_EDGE('',*,*,#3500,.T.);
#827=ORIENTED_EDGE('',*,*,#3501,.T.);
#828=ORIENTED_EDGE('',*,*,#3502,.T.);
#829=ORIENTED_EDGE('',*,*,#3503,.T.);
#830=ORIENTED_EDGE('',*,*,#3504,.F.);
#831=ORIENTED_EDGE('',*,*,#3505,.F.);
#832=ORIENTED_EDGE('',*,*,#3506,.F.);
#833=ORIENTED_EDGE('',*,*,#3507,.T.);
#834=ORIENTED_EDGE('',*,*,#3508,.T.);
#835=ORIENTED_EDGE('',*,*,#3509,.F.);
#836=ORIENTED_EDGE('',*,*,#3510,.F.);
#837=ORIENTED_EDGE('',*,*,#3511,.T.);
#838=ORIENTED_EDGE('',*,*,#3512,.F.);
#839=ORIENTED_EDGE('',*,*,#3513,.F.);
#840=ORIENTED_EDGE('',*,*,#3514,.F.);
#841=ORIENTED_EDGE('',*,*,#3515,.T.);
#842=ORIENTED_EDGE('',*,*,#3516,.T.);
#843=ORIENTED_EDGE('',*,*,#3517,.F.);
#844=ORIENTED_EDGE('',*,*,#3518,.T.);
#845=ORIENTED_EDGE('',*,*,#3519,.F.);
#846=ORIENTED_EDGE('',*,*,#3345,.T.);
#847=ORIENTED_EDGE('',*,*,#3520,.F.);
#848=ORIENTED_EDGE('',*,*,#3502,.F.);
#849=ORIENTED_EDGE('',*,*,#3521,.F.);
#850=ORIENTED_EDGE('',*,*,#3398,.T.);
#851=ORIENTED_EDGE('',*,*,#3522,.T.);
#852=ORIENTED_EDGE('',*,*,#3476,.F.);
#853=ORIENTED_EDGE('',*,*,#3523,.F.);
#854=ORIENTED_EDGE('',*,*,#3354,.F.);
#855=ORIENTED_EDGE('',*,*,#3524,.T.);
#856=ORIENTED_EDGE('',*,*,#3525,.T.);
#857=ORIENTED_EDGE('',*,*,#3526,.F.);
#858=ORIENTED_EDGE('',*,*,#3527,.T.);
#859=ORIENTED_EDGE('',*,*,#3528,.T.);
#860=ORIENTED_EDGE('',*,*,#3529,.T.);
#861=ORIENTED_EDGE('',*,*,#3530,.T.);
#862=ORIENTED_EDGE('',*,*,#3531,.T.);
#863=ORIENTED_EDGE('',*,*,#3532,.T.);
#864=ORIENTED_EDGE('',*,*,#3533,.F.);
#865=ORIENTED_EDGE('',*,*,#3534,.T.);
#866=ORIENTED_EDGE('',*,*,#3392,.T.);
#867=ORIENTED_EDGE('',*,*,#3535,.F.);
#868=ORIENTED_EDGE('',*,*,#3536,.T.);
#869=ORIENTED_EDGE('',*,*,#3537,.F.);
#870=ORIENTED_EDGE('',*,*,#3538,.F.);
#871=ORIENTED_EDGE('',*,*,#3539,.F.);
#872=ORIENTED_EDGE('',*,*,#3540,.T.);
#873=ORIENTED_EDGE('',*,*,#3394,.F.);
#874=ORIENTED_EDGE('',*,*,#3541,.F.);
#875=ORIENTED_EDGE('',*,*,#3542,.T.);
#876=ORIENTED_EDGE('',*,*,#3543,.T.);
#877=ORIENTED_EDGE('',*,*,#3393,.T.);
#878=ORIENTED_EDGE('',*,*,#3534,.F.);
#879=ORIENTED_EDGE('',*,*,#3544,.F.);
#880=ORIENTED_EDGE('',*,*,#3541,.T.);
#881=ORIENTED_EDGE('',*,*,#3533,.T.);
#882=ORIENTED_EDGE('',*,*,#3545,.T.);
#883=ORIENTED_EDGE('',*,*,#3542,.F.);
#884=ORIENTED_EDGE('',*,*,#3544,.T.);
#885=ORIENTED_EDGE('',*,*,#3546,.F.);
#886=ORIENTED_EDGE('',*,*,#3543,.F.);
#887=ORIENTED_EDGE('',*,*,#3545,.F.);
#888=ORIENTED_EDGE('',*,*,#3532,.F.);
#889=ORIENTED_EDGE('',*,*,#3530,.F.);
#890=ORIENTED_EDGE('',*,*,#3547,.F.);
#891=ORIENTED_EDGE('',*,*,#3548,.T.);
#892=ORIENTED_EDGE('',*,*,#3549,.T.);
#893=ORIENTED_EDGE('',*,*,#3550,.T.);
#894=ORIENTED_EDGE('',*,*,#3536,.F.);
#895=ORIENTED_EDGE('',*,*,#3551,.F.);
#896=ORIENTED_EDGE('',*,*,#3552,.F.);
#897=ORIENTED_EDGE('',*,*,#3553,.F.);
#898=ORIENTED_EDGE('',*,*,#3554,.T.);
#899=ORIENTED_EDGE('',*,*,#3555,.F.);
#900=ORIENTED_EDGE('',*,*,#3547,.T.);
#901=ORIENTED_EDGE('',*,*,#3551,.T.);
#902=ORIENTED_EDGE('',*,*,#3535,.T.);
#903=ORIENTED_EDGE('',*,*,#3391,.F.);
#904=ORIENTED_EDGE('',*,*,#3556,.T.);
#905=ORIENTED_EDGE('',*,*,#3531,.F.);
#906=ORIENTED_EDGE('',*,*,#3550,.F.);
#907=ORIENTED_EDGE('',*,*,#3557,.T.);
#908=ORIENTED_EDGE('',*,*,#3558,.T.);
#909=ORIENTED_EDGE('',*,*,#3559,.T.);
#910=ORIENTED_EDGE('',*,*,#3560,.F.);
#911=ORIENTED_EDGE('',*,*,#3537,.T.);
#912=ORIENTED_EDGE('',*,*,#3546,.T.);
#913=ORIENTED_EDGE('',*,*,#3561,.T.);
#914=ORIENTED_EDGE('',*,*,#3562,.T.);
#915=ORIENTED_EDGE('',*,*,#3563,.T.);
#916=ORIENTED_EDGE('',*,*,#3564,.F.);
#917=ORIENTED_EDGE('',*,*,#3565,.T.);
#918=ORIENTED_EDGE('',*,*,#3376,.T.);
#919=ORIENTED_EDGE('',*,*,#3566,.F.);
#920=ORIENTED_EDGE('',*,*,#3567,.T.);
#921=ORIENTED_EDGE('',*,*,#3568,.F.);
#922=ORIENTED_EDGE('',*,*,#3569,.F.);
#923=ORIENTED_EDGE('',*,*,#3570,.F.);
#924=ORIENTED_EDGE('',*,*,#3571,.T.);
#925=ORIENTED_EDGE('',*,*,#3378,.F.);
#926=ORIENTED_EDGE('',*,*,#3572,.F.);
#927=ORIENTED_EDGE('',*,*,#3573,.T.);
#928=ORIENTED_EDGE('',*,*,#3574,.T.);
#929=ORIENTED_EDGE('',*,*,#3377,.T.);
#930=ORIENTED_EDGE('',*,*,#3565,.F.);
#931=ORIENTED_EDGE('',*,*,#3575,.F.);
#932=ORIENTED_EDGE('',*,*,#3572,.T.);
#933=ORIENTED_EDGE('',*,*,#3564,.T.);
#934=ORIENTED_EDGE('',*,*,#3576,.T.);
#935=ORIENTED_EDGE('',*,*,#3573,.F.);
#936=ORIENTED_EDGE('',*,*,#3575,.T.);
#937=ORIENTED_EDGE('',*,*,#3577,.F.);
#938=ORIENTED_EDGE('',*,*,#3574,.F.);
#939=ORIENTED_EDGE('',*,*,#3576,.F.);
#940=ORIENTED_EDGE('',*,*,#3563,.F.);
#941=ORIENTED_EDGE('',*,*,#3561,.F.);
#942=ORIENTED_EDGE('',*,*,#3578,.F.);
#943=ORIENTED_EDGE('',*,*,#3579,.T.);
#944=ORIENTED_EDGE('',*,*,#3580,.T.);
#945=ORIENTED_EDGE('',*,*,#3581,.T.);
#946=ORIENTED_EDGE('',*,*,#3567,.F.);
#947=ORIENTED_EDGE('',*,*,#3582,.F.);
#948=ORIENTED_EDGE('',*,*,#3583,.F.);
#949=ORIENTED_EDGE('',*,*,#3584,.F.);
#950=ORIENTED_EDGE('',*,*,#3585,.T.);
#951=ORIENTED_EDGE('',*,*,#3586,.F.);
#952=ORIENTED_EDGE('',*,*,#3578,.T.);
#953=ORIENTED_EDGE('',*,*,#3582,.T.);
#954=ORIENTED_EDGE('',*,*,#3566,.T.);
#955=ORIENTED_EDGE('',*,*,#3375,.F.);
#956=ORIENTED_EDGE('',*,*,#3587,.T.);
#957=ORIENTED_EDGE('',*,*,#3562,.F.);
#958=ORIENTED_EDGE('',*,*,#3581,.F.);
#959=ORIENTED_EDGE('',*,*,#3588,.T.);
#960=ORIENTED_EDGE('',*,*,#3589,.T.);
#961=ORIENTED_EDGE('',*,*,#3590,.T.);
#962=ORIENTED_EDGE('',*,*,#3591,.F.);
#963=ORIENTED_EDGE('',*,*,#3568,.T.);
#964=ORIENTED_EDGE('',*,*,#3577,.T.);
#965=ORIENTED_EDGE('',*,*,#3592,.T.);
#966=ORIENTED_EDGE('',*,*,#3593,.T.);
#967=ORIENTED_EDGE('',*,*,#3594,.T.);
#968=ORIENTED_EDGE('',*,*,#3595,.T.);
#969=ORIENTED_EDGE('',*,*,#3596,.T.);
#970=ORIENTED_EDGE('',*,*,#3597,.T.);
#971=ORIENTED_EDGE('',*,*,#3598,.T.);
#972=ORIENTED_EDGE('',*,*,#3599,.T.);
#973=ORIENTED_EDGE('',*,*,#3592,.F.);
#974=ORIENTED_EDGE('',*,*,#3600,.T.);
#975=ORIENTED_EDGE('',*,*,#3593,.F.);
#976=ORIENTED_EDGE('',*,*,#3601,.T.);
#977=ORIENTED_EDGE('',*,*,#3602,.T.);
#978=ORIENTED_EDGE('',*,*,#3464,.F.);
#979=ORIENTED_EDGE('',*,*,#3594,.F.);
#980=ORIENTED_EDGE('',*,*,#3603,.T.);
#981=ORIENTED_EDGE('',*,*,#3595,.F.);
#982=ORIENTED_EDGE('',*,*,#3604,.T.);
#983=ORIENTED_EDGE('',*,*,#3596,.F.);
#984=ORIENTED_EDGE('',*,*,#3605,.T.);
#985=ORIENTED_EDGE('',*,*,#3606,.T.);
#986=ORIENTED_EDGE('',*,*,#3462,.F.);
#987=ORIENTED_EDGE('',*,*,#3597,.F.);
#988=ORIENTED_EDGE('',*,*,#3607,.T.);
#989=ORIENTED_EDGE('',*,*,#3598,.F.);
#990=ORIENTED_EDGE('',*,*,#3608,.T.);
#991=ORIENTED_EDGE('',*,*,#3599,.F.);
#992=ORIENTED_EDGE('',*,*,#3609,.T.);
#993=ORIENTED_EDGE('',*,*,#3610,.T.);
#994=ORIENTED_EDGE('',*,*,#3611,.T.);
#995=ORIENTED_EDGE('',*,*,#3612,.T.);
#996=ORIENTED_EDGE('',*,*,#3613,.T.);
#997=ORIENTED_EDGE('',*,*,#3614,.T.);
#998=ORIENTED_EDGE('',*,*,#3615,.T.);
#999=ORIENTED_EDGE('',*,*,#3616,.T.);
#1000=ORIENTED_EDGE('',*,*,#3617,.T.);
#1001=ORIENTED_EDGE('',*,*,#3618,.T.);
#1002=ORIENTED_EDGE('',*,*,#3619,.T.);
#1003=ORIENTED_EDGE('',*,*,#3620,.T.);
#1004=ORIENTED_EDGE('',*,*,#3621,.T.);
#1005=ORIENTED_EDGE('',*,*,#3622,.T.);
#1006=ORIENTED_EDGE('',*,*,#3623,.T.);
#1007=ORIENTED_EDGE('',*,*,#3624,.F.);
#1008=ORIENTED_EDGE('',*,*,#3625,.T.);
#1009=ORIENTED_EDGE('',*,*,#3626,.T.);
#1010=ORIENTED_EDGE('',*,*,#3627,.T.);
#1011=ORIENTED_EDGE('',*,*,#3628,.F.);
#1012=ORIENTED_EDGE('',*,*,#3629,.T.);
#1013=ORIENTED_EDGE('',*,*,#3630,.T.);
#1014=ORIENTED_EDGE('',*,*,#3631,.T.);
#1015=ORIENTED_EDGE('',*,*,#3632,.F.);
#1016=ORIENTED_EDGE('',*,*,#3633,.T.);
#1017=ORIENTED_EDGE('',*,*,#3634,.T.);
#1018=ORIENTED_EDGE('',*,*,#3635,.T.);
#1019=ORIENTED_EDGE('',*,*,#3636,.F.);
#1020=ORIENTED_EDGE('',*,*,#3637,.T.);
#1021=ORIENTED_EDGE('',*,*,#3638,.T.);
#1022=ORIENTED_EDGE('',*,*,#3639,.T.);
#1023=ORIENTED_EDGE('',*,*,#3640,.F.);
#1024=ORIENTED_EDGE('',*,*,#3641,.T.);
#1025=ORIENTED_EDGE('',*,*,#3600,.F.);
#1026=ORIENTED_EDGE('',*,*,#3642,.T.);
#1027=ORIENTED_EDGE('',*,*,#3643,.F.);
#1028=ORIENTED_EDGE('',*,*,#3644,.F.);
#1029=ORIENTED_EDGE('',*,*,#3645,.F.);
#1030=ORIENTED_EDGE('',*,*,#3633,.F.);
#1031=ORIENTED_EDGE('',*,*,#3646,.F.);
#1032=ORIENTED_EDGE('',*,*,#3647,.F.);
#1033=ORIENTED_EDGE('',*,*,#3648,.F.);
#1034=ORIENTED_EDGE('',*,*,#3639,.F.);
#1035=ORIENTED_EDGE('',*,*,#3649,.F.);
#1036=ORIENTED_EDGE('',*,*,#3650,.F.);
#1037=ORIENTED_EDGE('',*,*,#3651,.F.);
#1038=ORIENTED_EDGE('',*,*,#3627,.F.);
#1039=ORIENTED_EDGE('',*,*,#3601,.F.);
#1040=ORIENTED_EDGE('',*,*,#3652,.T.);
#1041=ORIENTED_EDGE('',*,*,#3653,.F.);
#1042=ORIENTED_EDGE('',*,*,#3654,.F.);
#1043=ORIENTED_EDGE('',*,*,#3655,.F.);
#1044=ORIENTED_EDGE('',*,*,#3637,.F.);
#1045=ORIENTED_EDGE('',*,*,#3656,.F.);
#1046=ORIENTED_EDGE('',*,*,#3657,.F.);
#1047=ORIENTED_EDGE('',*,*,#3658,.F.);
#1048=ORIENTED_EDGE('',*,*,#3629,.F.);
#1049=ORIENTED_EDGE('',*,*,#3659,.F.);
#1050=ORIENTED_EDGE('',*,*,#3660,.F.);
#1051=ORIENTED_EDGE('',*,*,#3661,.F.);
#1052=ORIENTED_EDGE('',*,*,#3662,.F.);
#1053=ORIENTED_EDGE('',*,*,#3663,.T.);
#1054=ORIENTED_EDGE('',*,*,#3662,.T.);
#1055=ORIENTED_EDGE('',*,*,#3664,.F.);
#1056=ORIENTED_EDGE('',*,*,#3665,.T.);
#1057=ORIENTED_EDGE('',*,*,#3602,.F.);
#1058=ORIENTED_EDGE('',*,*,#3666,.T.);
#1059=ORIENTED_EDGE('',*,*,#3667,.F.);
#1060=ORIENTED_EDGE('',*,*,#3668,.F.);
#1061=ORIENTED_EDGE('',*,*,#3669,.F.);
#1062=ORIENTED_EDGE('',*,*,#3670,.F.);
#1063=ORIENTED_EDGE('',*,*,#3671,.T.);
#1064=ORIENTED_EDGE('',*,*,#3670,.T.);
#1065=ORIENTED_EDGE('',*,*,#3672,.F.);
#1066=ORIENTED_EDGE('',*,*,#3673,.T.);
#1067=ORIENTED_EDGE('',*,*,#3603,.F.);
#1068=ORIENTED_EDGE('',*,*,#3674,.T.);
#1069=ORIENTED_EDGE('',*,*,#3675,.F.);
#1070=ORIENTED_EDGE('',*,*,#3676,.F.);
#1071=ORIENTED_EDGE('',*,*,#3677,.F.);
#1072=ORIENTED_EDGE('',*,*,#3673,.F.);
#1073=ORIENTED_EDGE('',*,*,#3678,.F.);
#1074=ORIENTED_EDGE('',*,*,#3679,.F.);
#1075=ORIENTED_EDGE('',*,*,#3680,.F.);
#1076=ORIENTED_EDGE('',*,*,#3631,.F.);
#1077=ORIENTED_EDGE('',*,*,#3681,.F.);
#1078=ORIENTED_EDGE('',*,*,#3682,.F.);
#1079=ORIENTED_EDGE('',*,*,#3683,.F.);
#1080=ORIENTED_EDGE('',*,*,#3684,.F.);
#1081=ORIENTED_EDGE('',*,*,#3685,.T.);
#1082=ORIENTED_EDGE('',*,*,#3684,.T.);
#1083=ORIENTED_EDGE('',*,*,#3686,.F.);
#1084=ORIENTED_EDGE('',*,*,#3687,.T.);
#1085=ORIENTED_EDGE('',*,*,#3604,.F.);
#1086=ORIENTED_EDGE('',*,*,#3688,.T.);
#1087=ORIENTED_EDGE('',*,*,#3689,.F.);
#1088=ORIENTED_EDGE('',*,*,#3690,.F.);
#1089=ORIENTED_EDGE('',*,*,#3691,.F.);
#1090=ORIENTED_EDGE('',*,*,#3687,.F.);
#1091=ORIENTED_EDGE('',*,*,#3692,.F.);
#1092=ORIENTED_EDGE('',*,*,#3693,.F.);
#1093=ORIENTED_EDGE('',*,*,#3694,.F.);
#1094=ORIENTED_EDGE('',*,*,#3635,.F.);
#1095=ORIENTED_EDGE('',*,*,#3695,.F.);
#1096=ORIENTED_EDGE('',*,*,#3696,.F.);
#1097=ORIENTED_EDGE('',*,*,#3697,.F.);
#1098=ORIENTED_EDGE('',*,*,#3698,.F.);
#1099=ORIENTED_EDGE('',*,*,#3699,.T.);
#1100=ORIENTED_EDGE('',*,*,#3700,.T.);
#1101=ORIENTED_EDGE('',*,*,#3701,.F.);
#1102=ORIENTED_EDGE('',*,*,#3698,.T.);
#1103=ORIENTED_EDGE('',*,*,#3605,.F.);
#1104=ORIENTED_EDGE('',*,*,#3702,.T.);
#1105=ORIENTED_EDGE('',*,*,#3703,.F.);
#1106=ORIENTED_EDGE('',*,*,#3704,.F.);
#1107=ORIENTED_EDGE('',*,*,#3705,.F.);
#1108=ORIENTED_EDGE('',*,*,#3700,.F.);
#1109=ORIENTED_EDGE('',*,*,#3706,.F.);
#1110=ORIENTED_EDGE('',*,*,#3707,.F.);
#1111=ORIENTED_EDGE('',*,*,#3708,.F.);
#1112=ORIENTED_EDGE('',*,*,#3709,.F.);
#1113=ORIENTED_EDGE('',*,*,#3710,.T.);
#1114=ORIENTED_EDGE('',*,*,#3711,.T.);
#1115=ORIENTED_EDGE('',*,*,#3712,.F.);
#1116=ORIENTED_EDGE('',*,*,#3709,.T.);
#1117=ORIENTED_EDGE('',*,*,#3713,.F.);
#1118=ORIENTED_EDGE('',*,*,#3714,.F.);
#1119=ORIENTED_EDGE('',*,*,#3715,.F.);
#1120=ORIENTED_EDGE('',*,*,#3711,.F.);
#1121=ORIENTED_EDGE('',*,*,#3716,.T.);
#1122=ORIENTED_EDGE('',*,*,#3717,.T.);
#1123=ORIENTED_EDGE('',*,*,#3718,.F.);
#1124=ORIENTED_EDGE('',*,*,#3719,.T.);
#1125=ORIENTED_EDGE('',*,*,#3606,.F.);
#1126=ORIENTED_EDGE('',*,*,#3720,.T.);
#1127=ORIENTED_EDGE('',*,*,#3721,.F.);
#1128=ORIENTED_EDGE('',*,*,#3722,.F.);
#1129=ORIENTED_EDGE('',*,*,#3723,.F.);
#1130=ORIENTED_EDGE('',*,*,#3641,.F.);
#1131=ORIENTED_EDGE('',*,*,#3724,.F.);
#1132=ORIENTED_EDGE('',*,*,#3725,.F.);
#1133=ORIENTED_EDGE('',*,*,#3726,.F.);
#1134=ORIENTED_EDGE('',*,*,#3717,.F.);
#1135=ORIENTED_EDGE('',*,*,#3727,.F.);
#1136=ORIENTED_EDGE('',*,*,#3728,.F.);
#1137=ORIENTED_EDGE('',*,*,#3729,.F.);
#1138=ORIENTED_EDGE('',*,*,#3623,.F.);
#1139=ORIENTED_EDGE('',*,*,#3730,.T.);
#1140=ORIENTED_EDGE('',*,*,#3731,.T.);
#1141=ORIENTED_EDGE('',*,*,#3732,.F.);
#1142=ORIENTED_EDGE('',*,*,#3733,.T.);
#1143=ORIENTED_EDGE('',*,*,#3607,.F.);
#1144=ORIENTED_EDGE('',*,*,#3734,.T.);
#1145=ORIENTED_EDGE('',*,*,#3735,.F.);
#1146=ORIENTED_EDGE('',*,*,#3736,.F.);
#1147=ORIENTED_EDGE('',*,*,#3737,.F.);
#1148=ORIENTED_EDGE('',*,*,#3719,.F.);
#1149=ORIENTED_EDGE('',*,*,#3738,.F.);
#1150=ORIENTED_EDGE('',*,*,#3739,.F.);
#1151=ORIENTED_EDGE('',*,*,#3740,.F.);
#1152=ORIENTED_EDGE('',*,*,#3731,.F.);
#1153=ORIENTED_EDGE('',*,*,#3741,.T.);
#1154=ORIENTED_EDGE('',*,*,#3608,.F.);
#1155=ORIENTED_EDGE('',*,*,#3742,.T.);
#1156=ORIENTED_EDGE('',*,*,#3743,.F.);
#1157=ORIENTED_EDGE('',*,*,#3744,.F.);
#1158=ORIENTED_EDGE('',*,*,#3745,.F.);
#1159=ORIENTED_EDGE('',*,*,#3665,.F.);
#1160=ORIENTED_EDGE('',*,*,#3746,.F.);
#1161=ORIENTED_EDGE('',*,*,#3747,.F.);
#1162=ORIENTED_EDGE('',*,*,#3748,.F.);
#1163=ORIENTED_EDGE('',*,*,#3625,.F.);
#1164=ORIENTED_EDGE('',*,*,#3749,.F.);
#1165=ORIENTED_EDGE('',*,*,#3750,.F.);
#1166=ORIENTED_EDGE('',*,*,#3751,.F.);
#1167=ORIENTED_EDGE('',*,*,#3752,.F.);
#1168=ORIENTED_EDGE('',*,*,#3753,.T.);
#1169=ORIENTED_EDGE('',*,*,#3752,.T.);
#1170=ORIENTED_EDGE('',*,*,#3754,.F.);
#1171=ORIENTED_EDGE('',*,*,#3755,.T.);
#1172=ORIENTED_EDGE('',*,*,#3609,.F.);
#1173=ORIENTED_EDGE('',*,*,#3756,.T.);
#1174=ORIENTED_EDGE('',*,*,#3757,.F.);
#1175=ORIENTED_EDGE('',*,*,#3758,.F.);
#1176=ORIENTED_EDGE('',*,*,#3759,.F.);
#1177=ORIENTED_EDGE('',*,*,#3755,.F.);
#1178=ORIENTED_EDGE('',*,*,#3760,.F.);
#1179=ORIENTED_EDGE('',*,*,#3761,.F.);
#1180=ORIENTED_EDGE('',*,*,#3762,.F.);
#1181=ORIENTED_EDGE('',*,*,#3733,.F.);
#1182=ORIENTED_EDGE('',*,*,#3610,.F.);
#1183=ORIENTED_EDGE('',*,*,#3763,.T.);
#1184=ORIENTED_EDGE('',*,*,#3764,.T.);
#1185=ORIENTED_EDGE('',*,*,#3765,.T.);
#1186=ORIENTED_EDGE('',*,*,#3766,.F.);
#1187=ORIENTED_EDGE('',*,*,#3767,.T.);
#1188=ORIENTED_EDGE('',*,*,#3768,.F.);
#1189=ORIENTED_EDGE('',*,*,#3769,.F.);
#1190=ORIENTED_EDGE('',*,*,#3770,.F.);
#1191=ORIENTED_EDGE('',*,*,#3765,.F.);
#1192=ORIENTED_EDGE('',*,*,#3611,.F.);
#1193=ORIENTED_EDGE('',*,*,#3771,.T.);
#1194=ORIENTED_EDGE('',*,*,#3772,.T.);
#1195=ORIENTED_EDGE('',*,*,#3773,.T.);
#1196=ORIENTED_EDGE('',*,*,#3774,.F.);
#1197=ORIENTED_EDGE('',*,*,#3775,.T.);
#1198=ORIENTED_EDGE('',*,*,#3776,.F.);
#1199=ORIENTED_EDGE('',*,*,#3777,.F.);
#1200=ORIENTED_EDGE('',*,*,#3778,.F.);
#1201=ORIENTED_EDGE('',*,*,#3773,.F.);
#1202=ORIENTED_EDGE('',*,*,#3612,.F.);
#1203=ORIENTED_EDGE('',*,*,#3779,.T.);
#1204=ORIENTED_EDGE('',*,*,#3780,.T.);
#1205=ORIENTED_EDGE('',*,*,#3781,.T.);
#1206=ORIENTED_EDGE('',*,*,#3782,.F.);
#1207=ORIENTED_EDGE('',*,*,#3783,.T.);
#1208=ORIENTED_EDGE('',*,*,#3784,.F.);
#1209=ORIENTED_EDGE('',*,*,#3785,.F.);
#1210=ORIENTED_EDGE('',*,*,#3786,.F.);
#1211=ORIENTED_EDGE('',*,*,#3781,.F.);
#1212=ORIENTED_EDGE('',*,*,#3787,.T.);
#1213=ORIENTED_EDGE('',*,*,#3463,.F.);
#1214=ORIENTED_EDGE('',*,*,#3788,.T.);
#1215=ORIENTED_EDGE('',*,*,#3789,.T.);
#1216=ORIENTED_EDGE('',*,*,#3790,.F.);
#1217=ORIENTED_EDGE('',*,*,#3791,.T.);
#1218=ORIENTED_EDGE('',*,*,#3792,.F.);
#1219=ORIENTED_EDGE('',*,*,#3793,.F.);
#1220=ORIENTED_EDGE('',*,*,#3794,.F.);
#1221=ORIENTED_EDGE('',*,*,#3789,.F.);
#1222=ORIENTED_EDGE('',*,*,#3613,.F.);
#1223=ORIENTED_EDGE('',*,*,#3795,.T.);
#1224=ORIENTED_EDGE('',*,*,#3796,.T.);
#1225=ORIENTED_EDGE('',*,*,#3797,.T.);
#1226=ORIENTED_EDGE('',*,*,#3798,.F.);
#1227=ORIENTED_EDGE('',*,*,#3799,.T.);
#1228=ORIENTED_EDGE('',*,*,#3800,.F.);
#1229=ORIENTED_EDGE('',*,*,#3801,.F.);
#1230=ORIENTED_EDGE('',*,*,#3802,.F.);
#1231=ORIENTED_EDGE('',*,*,#3799,.F.);
#1232=ORIENTED_EDGE('',*,*,#3614,.F.);
#1233=ORIENTED_EDGE('',*,*,#3803,.T.);
#1234=ORIENTED_EDGE('',*,*,#3804,.T.);
#1235=ORIENTED_EDGE('',*,*,#3805,.T.);
#1236=ORIENTED_EDGE('',*,*,#3806,.F.);
#1237=ORIENTED_EDGE('',*,*,#3807,.T.);
#1238=ORIENTED_EDGE('',*,*,#3808,.F.);
#1239=ORIENTED_EDGE('',*,*,#3809,.F.);
#1240=ORIENTED_EDGE('',*,*,#3810,.F.);
#1241=ORIENTED_EDGE('',*,*,#3807,.F.);
#1242=ORIENTED_EDGE('',*,*,#3615,.F.);
#1243=ORIENTED_EDGE('',*,*,#3811,.T.);
#1244=ORIENTED_EDGE('',*,*,#3812,.T.);
#1245=ORIENTED_EDGE('',*,*,#3813,.T.);
#1246=ORIENTED_EDGE('',*,*,#3814,.F.);
#1247=ORIENTED_EDGE('',*,*,#3815,.T.);
#1248=ORIENTED_EDGE('',*,*,#3816,.F.);
#1249=ORIENTED_EDGE('',*,*,#3817,.F.);
#1250=ORIENTED_EDGE('',*,*,#3818,.F.);
#1251=ORIENTED_EDGE('',*,*,#3815,.F.);
#1252=ORIENTED_EDGE('',*,*,#3616,.F.);
#1253=ORIENTED_EDGE('',*,*,#3819,.T.);
#1254=ORIENTED_EDGE('',*,*,#3820,.T.);
#1255=ORIENTED_EDGE('',*,*,#3821,.T.);
#1256=ORIENTED_EDGE('',*,*,#3822,.F.);
#1257=ORIENTED_EDGE('',*,*,#3823,.T.);
#1258=ORIENTED_EDGE('',*,*,#3824,.F.);
#1259=ORIENTED_EDGE('',*,*,#3825,.F.);
#1260=ORIENTED_EDGE('',*,*,#3826,.F.);
#1261=ORIENTED_EDGE('',*,*,#3823,.F.);
#1262=ORIENTED_EDGE('',*,*,#3617,.F.);
#1263=ORIENTED_EDGE('',*,*,#3827,.T.);
#1264=ORIENTED_EDGE('',*,*,#3828,.T.);
#1265=ORIENTED_EDGE('',*,*,#3829,.T.);
#1266=ORIENTED_EDGE('',*,*,#3830,.F.);
#1267=ORIENTED_EDGE('',*,*,#3831,.T.);
#1268=ORIENTED_EDGE('',*,*,#3832,.F.);
#1269=ORIENTED_EDGE('',*,*,#3833,.F.);
#1270=ORIENTED_EDGE('',*,*,#3834,.F.);
#1271=ORIENTED_EDGE('',*,*,#3831,.F.);
#1272=ORIENTED_EDGE('',*,*,#3618,.F.);
#1273=ORIENTED_EDGE('',*,*,#3835,.T.);
#1274=ORIENTED_EDGE('',*,*,#3619,.F.);
#1275=ORIENTED_EDGE('',*,*,#3836,.T.);
#1276=ORIENTED_EDGE('',*,*,#3837,.T.);
#1277=ORIENTED_EDGE('',*,*,#3838,.T.);
#1278=ORIENTED_EDGE('',*,*,#3839,.F.);
#1279=ORIENTED_EDGE('',*,*,#3840,.T.);
#1280=ORIENTED_EDGE('',*,*,#3841,.F.);
#1281=ORIENTED_EDGE('',*,*,#3842,.F.);
#1282=ORIENTED_EDGE('',*,*,#3843,.F.);
#1283=ORIENTED_EDGE('',*,*,#3840,.F.);
#1284=ORIENTED_EDGE('',*,*,#3620,.F.);
#1285=ORIENTED_EDGE('',*,*,#3844,.T.);
#1286=ORIENTED_EDGE('',*,*,#3845,.T.);
#1287=ORIENTED_EDGE('',*,*,#3846,.T.);
#1288=ORIENTED_EDGE('',*,*,#3847,.F.);
#1289=ORIENTED_EDGE('',*,*,#3848,.T.);
#1290=ORIENTED_EDGE('',*,*,#3849,.F.);
#1291=ORIENTED_EDGE('',*,*,#3850,.F.);
#1292=ORIENTED_EDGE('',*,*,#3851,.F.);
#1293=ORIENTED_EDGE('',*,*,#3848,.F.);
#1294=ORIENTED_EDGE('',*,*,#3621,.F.);
#1295=ORIENTED_EDGE('',*,*,#3852,.T.);
#1296=ORIENTED_EDGE('',*,*,#3853,.F.);
#1297=ORIENTED_EDGE('',*,*,#3854,.T.);
#1298=ORIENTED_EDGE('',*,*,#3735,.T.);
#1299=ORIENTED_EDGE('',*,*,#3718,.T.);
#1300=ORIENTED_EDGE('',*,*,#3726,.T.);
#1301=ORIENTED_EDGE('',*,*,#3855,.T.);
#1302=ORIENTED_EDGE('',*,*,#3856,.F.);
#1303=ORIENTED_EDGE('',*,*,#3857,.T.);
#1304=ORIENTED_EDGE('',*,*,#3760,.T.);
#1305=ORIENTED_EDGE('',*,*,#3732,.T.);
#1306=ORIENTED_EDGE('',*,*,#3740,.T.);
#1307=ORIENTED_EDGE('',*,*,#3858,.T.);
#1308=ORIENTED_EDGE('',*,*,#3859,.F.);
#1309=ORIENTED_EDGE('',*,*,#3860,.T.);
#1310=ORIENTED_EDGE('',*,*,#3861,.F.);
#1311=ORIENTED_EDGE('',*,*,#3749,.T.);
#1312=ORIENTED_EDGE('',*,*,#3753,.F.);
#1313=ORIENTED_EDGE('',*,*,#3759,.T.);
#1314=ORIENTED_EDGE('',*,*,#3862,.F.);
#1315=ORIENTED_EDGE('',*,*,#3727,.T.);
#1316=ORIENTED_EDGE('',*,*,#3622,.F.);
#1317=ORIENTED_EDGE('',*,*,#3748,.T.);
#1318=ORIENTED_EDGE('',*,*,#3863,.F.);
#1319=ORIENTED_EDGE('',*,*,#3864,.T.);
#1320=ORIENTED_EDGE('',*,*,#3865,.F.);
#1321=ORIENTED_EDGE('',*,*,#3866,.T.);
#1322=ORIENTED_EDGE('',*,*,#3695,.T.);
#1323=ORIENTED_EDGE('',*,*,#3701,.T.);
#1324=ORIENTED_EDGE('',*,*,#3705,.T.);
#1325=ORIENTED_EDGE('',*,*,#3867,.T.);
#1326=ORIENTED_EDGE('',*,*,#3868,.F.);
#1327=ORIENTED_EDGE('',*,*,#3869,.T.);
#1328=ORIENTED_EDGE('',*,*,#3870,.F.);
#1329=ORIENTED_EDGE('',*,*,#3667,.T.);
#1330=ORIENTED_EDGE('',*,*,#3671,.F.);
#1331=ORIENTED_EDGE('',*,*,#3677,.T.);
#1332=ORIENTED_EDGE('',*,*,#3871,.F.);
#1333=ORIENTED_EDGE('',*,*,#3872,.T.);
#1334=ORIENTED_EDGE('',*,*,#3721,.T.);
#1335=ORIENTED_EDGE('',*,*,#3640,.T.);
#1336=ORIENTED_EDGE('',*,*,#3648,.T.);
#1337=ORIENTED_EDGE('',*,*,#3873,.T.);
#1338=ORIENTED_EDGE('',*,*,#3874,.T.);
#1339=ORIENTED_EDGE('',*,*,#3746,.T.);
#1340=ORIENTED_EDGE('',*,*,#3624,.T.);
#1341=ORIENTED_EDGE('',*,*,#3729,.T.);
#1342=ORIENTED_EDGE('',*,*,#3875,.T.);
#1343=ORIENTED_EDGE('',*,*,#3876,.F.);
#1344=ORIENTED_EDGE('',*,*,#3877,.F.);
#1345=ORIENTED_EDGE('',*,*,#3878,.T.);
#1346=ORIENTED_EDGE('',*,*,#3879,.F.);
#1347=ORIENTED_EDGE('',*,*,#3659,.T.);
#1348=ORIENTED_EDGE('',*,*,#3663,.F.);
#1349=ORIENTED_EDGE('',*,*,#3745,.T.);
#1350=ORIENTED_EDGE('',*,*,#3880,.F.);
#1351=ORIENTED_EDGE('',*,*,#3649,.T.);
#1352=ORIENTED_EDGE('',*,*,#3626,.F.);
#1353=ORIENTED_EDGE('',*,*,#3658,.T.);
#1354=ORIENTED_EDGE('',*,*,#3881,.F.);
#1355=ORIENTED_EDGE('',*,*,#3882,.T.);
#1356=ORIENTED_EDGE('',*,*,#3883,.T.);
#1357=ORIENTED_EDGE('',*,*,#3643,.T.);
#1358=ORIENTED_EDGE('',*,*,#3632,.T.);
#1359=ORIENTED_EDGE('',*,*,#3680,.T.);
#1360=ORIENTED_EDGE('',*,*,#3884,.T.);
#1361=ORIENTED_EDGE('',*,*,#3885,.F.);
#1362=ORIENTED_EDGE('',*,*,#3886,.T.);
#1363=ORIENTED_EDGE('',*,*,#3656,.T.);
#1364=ORIENTED_EDGE('',*,*,#3628,.T.);
#1365=ORIENTED_EDGE('',*,*,#3651,.T.);
#1366=ORIENTED_EDGE('',*,*,#3887,.T.);
#1367=ORIENTED_EDGE('',*,*,#3888,.F.);
#1368=ORIENTED_EDGE('',*,*,#3889,.F.);
#1369=ORIENTED_EDGE('',*,*,#3692,.T.);
#1370=ORIENTED_EDGE('',*,*,#3634,.F.);
#1371=ORIENTED_EDGE('',*,*,#3655,.T.);
#1372=ORIENTED_EDGE('',*,*,#3890,.F.);
#1373=ORIENTED_EDGE('',*,*,#3891,.T.);
#1374=ORIENTED_EDGE('',*,*,#3892,.F.);
#1375=ORIENTED_EDGE('',*,*,#3681,.T.);
#1376=ORIENTED_EDGE('',*,*,#3685,.F.);
#1377=ORIENTED_EDGE('',*,*,#3691,.T.);
#1378=ORIENTED_EDGE('',*,*,#3893,.F.);
#1379=ORIENTED_EDGE('',*,*,#3894,.T.);
#1380=ORIENTED_EDGE('',*,*,#3895,.F.);
#1381=ORIENTED_EDGE('',*,*,#3678,.T.);
#1382=ORIENTED_EDGE('',*,*,#3630,.F.);
#1383=ORIENTED_EDGE('',*,*,#3645,.T.);
#1384=ORIENTED_EDGE('',*,*,#3896,.F.);
#1385=ORIENTED_EDGE('',*,*,#3897,.T.);
#1386=ORIENTED_EDGE('',*,*,#3898,.T.);
#1387=ORIENTED_EDGE('',*,*,#3653,.T.);
#1388=ORIENTED_EDGE('',*,*,#3636,.T.);
#1389=ORIENTED_EDGE('',*,*,#3694,.T.);
#1390=ORIENTED_EDGE('',*,*,#3899,.T.);
#1391=ORIENTED_EDGE('',*,*,#3900,.F.);
#1392=ORIENTED_EDGE('',*,*,#3901,.F.);
#1393=ORIENTED_EDGE('',*,*,#3902,.T.);
#1394=ORIENTED_EDGE('',*,*,#3903,.F.);
#1395=ORIENTED_EDGE('',*,*,#3646,.T.);
#1396=ORIENTED_EDGE('',*,*,#3638,.F.);
#1397=ORIENTED_EDGE('',*,*,#3723,.T.);
#1398=ORIENTED_EDGE('',*,*,#3887,.F.);
#1399=ORIENTED_EDGE('',*,*,#3650,.T.);
#1400=ORIENTED_EDGE('',*,*,#3880,.T.);
#1401=ORIENTED_EDGE('',*,*,#3904,.T.);
#1402=ORIENTED_EDGE('',*,*,#3873,.F.);
#1403=ORIENTED_EDGE('',*,*,#3647,.T.);
#1404=ORIENTED_EDGE('',*,*,#3903,.T.);
#1405=ORIENTED_EDGE('',*,*,#3905,.T.);
#1406=ORIENTED_EDGE('',*,*,#3906,.T.);
#1407=ORIENTED_EDGE('',*,*,#3817,.T.);
#1408=ORIENTED_EDGE('',*,*,#3907,.F.);
#1409=ORIENTED_EDGE('',*,*,#3908,.T.);
#1410=ORIENTED_EDGE('',*,*,#3896,.T.);
#1411=ORIENTED_EDGE('',*,*,#3644,.T.);
#1412=ORIENTED_EDGE('',*,*,#3883,.F.);
#1413=ORIENTED_EDGE('',*,*,#3909,.T.);
#1414=ORIENTED_EDGE('',*,*,#3642,.F.);
#1415=ORIENTED_EDGE('',*,*,#3910,.F.);
#1416=ORIENTED_EDGE('',*,*,#3777,.T.);
#1417=ORIENTED_EDGE('',*,*,#3911,.T.);
#1418=ORIENTED_EDGE('',*,*,#3912,.T.);
#1419=ORIENTED_EDGE('',*,*,#3913,.F.);
#1420=ORIENTED_EDGE('',*,*,#3660,.T.);
#1421=ORIENTED_EDGE('',*,*,#3879,.T.);
#1422=ORIENTED_EDGE('',*,*,#3914,.T.);
#1423=ORIENTED_EDGE('',*,*,#3881,.T.);
#1424=ORIENTED_EDGE('',*,*,#3657,.T.);
#1425=ORIENTED_EDGE('',*,*,#3886,.F.);
#1426=ORIENTED_EDGE('',*,*,#3915,.T.);
#1427=ORIENTED_EDGE('',*,*,#3890,.T.);
#1428=ORIENTED_EDGE('',*,*,#3654,.T.);
#1429=ORIENTED_EDGE('',*,*,#3898,.F.);
#1430=ORIENTED_EDGE('',*,*,#3916,.T.);
#1431=ORIENTED_EDGE('',*,*,#3652,.F.);
#1432=ORIENTED_EDGE('',*,*,#3917,.F.);
#1433=ORIENTED_EDGE('',*,*,#3918,.T.);
#1434=ORIENTED_EDGE('',*,*,#3743,.T.);
#1435=ORIENTED_EDGE('',*,*,#3664,.T.);
#1436=ORIENTED_EDGE('',*,*,#3661,.T.);
#1437=ORIENTED_EDGE('',*,*,#3913,.T.);
#1438=ORIENTED_EDGE('',*,*,#3919,.T.);
#1439=ORIENTED_EDGE('',*,*,#3706,.T.);
#1440=ORIENTED_EDGE('',*,*,#3712,.T.);
#1441=ORIENTED_EDGE('',*,*,#3715,.T.);
#1442=ORIENTED_EDGE('',*,*,#3920,.T.);
#1443=ORIENTED_EDGE('',*,*,#3921,.F.);
#1444=ORIENTED_EDGE('',*,*,#3920,.F.);
#1445=ORIENTED_EDGE('',*,*,#3714,.T.);
#1446=ORIENTED_EDGE('',*,*,#3922,.T.);
#1447=ORIENTED_EDGE('',*,*,#3923,.T.);
#1448=ORIENTED_EDGE('',*,*,#3924,.F.);
#1449=ORIENTED_EDGE('',*,*,#3668,.T.);
#1450=ORIENTED_EDGE('',*,*,#3870,.T.);
#1451=ORIENTED_EDGE('',*,*,#3925,.T.);
#1452=ORIENTED_EDGE('',*,*,#3926,.T.);
#1453=ORIENTED_EDGE('',*,*,#3833,.T.);
#1454=ORIENTED_EDGE('',*,*,#3927,.F.);
#1455=ORIENTED_EDGE('',*,*,#3928,.T.);
#1456=ORIENTED_EDGE('',*,*,#3929,.T.);
#1457=ORIENTED_EDGE('',*,*,#3842,.T.);
#1458=ORIENTED_EDGE('',*,*,#3930,.F.);
#1459=ORIENTED_EDGE('',*,*,#3931,.T.);
#1460=ORIENTED_EDGE('',*,*,#3666,.F.);
#1461=ORIENTED_EDGE('',*,*,#3932,.F.);
#1462=ORIENTED_EDGE('',*,*,#3933,.T.);
#1463=ORIENTED_EDGE('',*,*,#3675,.T.);
#1464=ORIENTED_EDGE('',*,*,#3672,.T.);
#1465=ORIENTED_EDGE('',*,*,#3669,.T.);
#1466=ORIENTED_EDGE('',*,*,#3924,.T.);
#1467=ORIENTED_EDGE('',*,*,#3934,.F.);
#1468=ORIENTED_EDGE('',*,*,#3682,.T.);
#1469=ORIENTED_EDGE('',*,*,#3892,.T.);
#1470=ORIENTED_EDGE('',*,*,#3935,.T.);
#1471=ORIENTED_EDGE('',*,*,#3884,.F.);
#1472=ORIENTED_EDGE('',*,*,#3679,.T.);
#1473=ORIENTED_EDGE('',*,*,#3895,.T.);
#1474=ORIENTED_EDGE('',*,*,#3936,.T.);
#1475=ORIENTED_EDGE('',*,*,#3937,.T.);
#1476=ORIENTED_EDGE('',*,*,#3825,.T.);
#1477=ORIENTED_EDGE('',*,*,#3938,.F.);
#1478=ORIENTED_EDGE('',*,*,#3939,.T.);
#1479=ORIENTED_EDGE('',*,*,#3868,.T.);
#1480=ORIENTED_EDGE('',*,*,#3676,.T.);
#1481=ORIENTED_EDGE('',*,*,#3933,.F.);
#1482=ORIENTED_EDGE('',*,*,#3940,.T.);
#1483=ORIENTED_EDGE('',*,*,#3674,.F.);
#1484=ORIENTED_EDGE('',*,*,#3941,.T.);
#1485=ORIENTED_EDGE('',*,*,#3689,.T.);
#1486=ORIENTED_EDGE('',*,*,#3686,.T.);
#1487=ORIENTED_EDGE('',*,*,#3683,.T.);
#1488=ORIENTED_EDGE('',*,*,#3934,.T.);
#1489=ORIENTED_EDGE('',*,*,#3942,.F.);
#1490=ORIENTED_EDGE('',*,*,#3943,.F.);
#1491=ORIENTED_EDGE('',*,*,#3769,.T.);
#1492=ORIENTED_EDGE('',*,*,#3944,.T.);
#1493=ORIENTED_EDGE('',*,*,#3945,.T.);
#1494=ORIENTED_EDGE('',*,*,#3899,.F.);
#1495=ORIENTED_EDGE('',*,*,#3693,.T.);
#1496=ORIENTED_EDGE('',*,*,#3889,.T.);
#1497=ORIENTED_EDGE('',*,*,#3946,.T.);
#1498=ORIENTED_EDGE('',*,*,#3893,.T.);
#1499=ORIENTED_EDGE('',*,*,#3690,.T.);
#1500=ORIENTED_EDGE('',*,*,#3941,.F.);
#1501=ORIENTED_EDGE('',*,*,#3947,.T.);
#1502=ORIENTED_EDGE('',*,*,#3948,.T.);
#1503=ORIENTED_EDGE('',*,*,#3696,.T.);
#1504=ORIENTED_EDGE('',*,*,#3866,.F.);
#1505=ORIENTED_EDGE('',*,*,#3949,.T.);
#1506=ORIENTED_EDGE('',*,*,#3688,.F.);
#1507=ORIENTED_EDGE('',*,*,#3948,.F.);
#1508=ORIENTED_EDGE('',*,*,#3950,.T.);
#1509=ORIENTED_EDGE('',*,*,#3951,.F.);
#1510=ORIENTED_EDGE('',*,*,#3703,.T.);
#1511=ORIENTED_EDGE('',*,*,#3699,.F.);
#1512=ORIENTED_EDGE('',*,*,#3697,.T.);
#1513=ORIENTED_EDGE('',*,*,#3952,.F.);
#1514=ORIENTED_EDGE('',*,*,#3785,.T.);
#1515=ORIENTED_EDGE('',*,*,#3953,.T.);
#1516=ORIENTED_EDGE('',*,*,#3954,.T.);
#1517=ORIENTED_EDGE('',*,*,#3867,.F.);
#1518=ORIENTED_EDGE('',*,*,#3704,.T.);
#1519=ORIENTED_EDGE('',*,*,#3951,.T.);
#1520=ORIENTED_EDGE('',*,*,#3955,.T.);
#1521=ORIENTED_EDGE('',*,*,#3956,.T.);
#1522=ORIENTED_EDGE('',*,*,#3707,.T.);
#1523=ORIENTED_EDGE('',*,*,#3919,.F.);
#1524=ORIENTED_EDGE('',*,*,#3957,.T.);
#1525=ORIENTED_EDGE('',*,*,#3958,.T.);
#1526=ORIENTED_EDGE('',*,*,#3850,.T.);
#1527=ORIENTED_EDGE('',*,*,#3959,.F.);
#1528=ORIENTED_EDGE('',*,*,#3960,.T.);
#1529=ORIENTED_EDGE('',*,*,#3702,.F.);
#1530=ORIENTED_EDGE('',*,*,#3922,.F.);
#1531=ORIENTED_EDGE('',*,*,#3713,.T.);
#1532=ORIENTED_EDGE('',*,*,#3710,.F.);
#1533=ORIENTED_EDGE('',*,*,#3708,.T.);
#1534=ORIENTED_EDGE('',*,*,#3956,.F.);
#1535=ORIENTED_EDGE('',*,*,#3961,.T.);
#1536=ORIENTED_EDGE('',*,*,#3962,.F.);
#1537=ORIENTED_EDGE('',*,*,#3963,.T.);
#1538=ORIENTED_EDGE('',*,*,#3964,.F.);
#1539=ORIENTED_EDGE('',*,*,#3724,.T.);
#1540=ORIENTED_EDGE('',*,*,#3716,.F.);
#1541=ORIENTED_EDGE('',*,*,#3737,.T.);
#1542=ORIENTED_EDGE('',*,*,#3875,.F.);
#1543=ORIENTED_EDGE('',*,*,#3728,.T.);
#1544=ORIENTED_EDGE('',*,*,#3862,.T.);
#1545=ORIENTED_EDGE('',*,*,#3965,.T.);
#1546=ORIENTED_EDGE('',*,*,#3855,.F.);
#1547=ORIENTED_EDGE('',*,*,#3725,.T.);
#1548=ORIENTED_EDGE('',*,*,#3964,.T.);
#1549=ORIENTED_EDGE('',*,*,#3966,.T.);
#1550=ORIENTED_EDGE('',*,*,#3967,.T.);
#1551=ORIENTED_EDGE('',*,*,#3809,.T.);
#1552=ORIENTED_EDGE('',*,*,#3968,.F.);
#1553=ORIENTED_EDGE('',*,*,#3969,.T.);
#1554=ORIENTED_EDGE('',*,*,#3901,.T.);
#1555=ORIENTED_EDGE('',*,*,#3722,.T.);
#1556=ORIENTED_EDGE('',*,*,#3872,.F.);
#1557=ORIENTED_EDGE('',*,*,#3970,.T.);
#1558=ORIENTED_EDGE('',*,*,#3720,.F.);
#1559=ORIENTED_EDGE('',*,*,#3971,.F.);
#1560=ORIENTED_EDGE('',*,*,#3972,.F.);
#1561=ORIENTED_EDGE('',*,*,#3973,.F.);
#1562=ORIENTED_EDGE('',*,*,#3974,.F.);
#1563=ORIENTED_EDGE('',*,*,#3975,.F.);
#1564=ORIENTED_EDGE('',*,*,#3976,.T.);
#1565=ORIENTED_EDGE('',*,*,#3977,.F.);
#1566=ORIENTED_EDGE('',*,*,#3738,.T.);
#1567=ORIENTED_EDGE('',*,*,#3730,.F.);
#1568=ORIENTED_EDGE('',*,*,#3762,.T.);
#1569=ORIENTED_EDGE('',*,*,#3978,.F.);
#1570=ORIENTED_EDGE('',*,*,#3979,.F.);
#1571=ORIENTED_EDGE('',*,*,#3980,.F.);
#1572=ORIENTED_EDGE('',*,*,#3981,.F.);
#1573=ORIENTED_EDGE('',*,*,#3858,.F.);
#1574=ORIENTED_EDGE('',*,*,#3739,.T.);
#1575=ORIENTED_EDGE('',*,*,#3977,.T.);
#1576=ORIENTED_EDGE('',*,*,#3982,.T.);
#1577=ORIENTED_EDGE('',*,*,#3983,.F.);
#1578=ORIENTED_EDGE('',*,*,#3979,.T.);
#1579=ORIENTED_EDGE('',*,*,#3984,.T.);
#1580=ORIENTED_EDGE('',*,*,#3985,.T.);
#1581=ORIENTED_EDGE('',*,*,#3986,.T.);
#1582=ORIENTED_EDGE('',*,*,#3801,.T.);
#1583=ORIENTED_EDGE('',*,*,#3987,.F.);
#1584=ORIENTED_EDGE('',*,*,#3988,.T.);
#1585=ORIENTED_EDGE('',*,*,#3962,.T.);
#1586=ORIENTED_EDGE('',*,*,#3736,.T.);
#1587=ORIENTED_EDGE('',*,*,#3854,.F.);
#1588=ORIENTED_EDGE('',*,*,#3989,.T.);
#1589=ORIENTED_EDGE('',*,*,#3734,.F.);
#1590=ORIENTED_EDGE('',*,*,#3741,.F.);
#1591=ORIENTED_EDGE('',*,*,#3990,.T.);
#1592=ORIENTED_EDGE('',*,*,#3991,.F.);
#1593=ORIENTED_EDGE('',*,*,#3793,.T.);
#1594=ORIENTED_EDGE('',*,*,#3992,.T.);
#1595=ORIENTED_EDGE('',*,*,#3993,.T.);
#1596=ORIENTED_EDGE('',*,*,#3994,.F.);
#1597=ORIENTED_EDGE('',*,*,#3750,.T.);
#1598=ORIENTED_EDGE('',*,*,#3861,.T.);
#1599=ORIENTED_EDGE('',*,*,#3995,.T.);
#1600=ORIENTED_EDGE('',*,*,#3863,.T.);
#1601=ORIENTED_EDGE('',*,*,#3747,.T.);
#1602=ORIENTED_EDGE('',*,*,#3874,.F.);
#1603=ORIENTED_EDGE('',*,*,#3996,.T.);
#1604=ORIENTED_EDGE('',*,*,#3877,.T.);
#1605=ORIENTED_EDGE('',*,*,#3744,.T.);
#1606=ORIENTED_EDGE('',*,*,#3918,.F.);
#1607=ORIENTED_EDGE('',*,*,#3997,.T.);
#1608=ORIENTED_EDGE('',*,*,#3742,.F.);
#1609=ORIENTED_EDGE('',*,*,#3998,.F.);
#1610=ORIENTED_EDGE('',*,*,#3999,.T.);
#1611=ORIENTED_EDGE('',*,*,#3757,.T.);
#1612=ORIENTED_EDGE('',*,*,#3754,.T.);
#1613=ORIENTED_EDGE('',*,*,#3751,.T.);
#1614=ORIENTED_EDGE('',*,*,#3994,.T.);
#1615=ORIENTED_EDGE('',*,*,#4000,.T.);
#1616=ORIENTED_EDGE('',*,*,#4001,.T.);
#1617=ORIENTED_EDGE('',*,*,#4002,.F.);
#1618=ORIENTED_EDGE('',*,*,#4003,.T.);
#1619=ORIENTED_EDGE('',*,*,#4004,.F.);
#1620=ORIENTED_EDGE('',*,*,#4005,.F.);
#1621=ORIENTED_EDGE('',*,*,#4006,.F.);
#1622=ORIENTED_EDGE('',*,*,#4001,.F.);
#1623=ORIENTED_EDGE('',*,*,#4007,.F.);
#1624=ORIENTED_EDGE('',*,*,#4005,.T.);
#1625=ORIENTED_EDGE('',*,*,#4008,.T.);
#1626=ORIENTED_EDGE('',*,*,#4009,.T.);
#1627=ORIENTED_EDGE('',*,*,#4010,.F.);
#1628=ORIENTED_EDGE('',*,*,#3972,.T.);
#1629=ORIENTED_EDGE('',*,*,#4011,.T.);
#1630=ORIENTED_EDGE('',*,*,#4012,.T.);
#1631=ORIENTED_EDGE('',*,*,#3975,.T.);
#1632=ORIENTED_EDGE('',*,*,#3761,.T.);
#1633=ORIENTED_EDGE('',*,*,#3857,.F.);
#1634=ORIENTED_EDGE('',*,*,#4013,.T.);
#1635=ORIENTED_EDGE('',*,*,#3859,.T.);
#1636=ORIENTED_EDGE('',*,*,#3758,.T.);
#1637=ORIENTED_EDGE('',*,*,#3999,.F.);
#1638=ORIENTED_EDGE('',*,*,#4014,.T.);
#1639=ORIENTED_EDGE('',*,*,#3756,.F.);
#1640=ORIENTED_EDGE('',*,*,#4015,.T.);
#1641=ORIENTED_EDGE('',*,*,#4016,.T.);
#1642=ORIENTED_EDGE('',*,*,#4017,.F.);
#1643=ORIENTED_EDGE('',*,*,#4018,.T.);
#1644=ORIENTED_EDGE('',*,*,#3763,.F.);
#1645=ORIENTED_EDGE('',*,*,#4019,.T.);
#1646=ORIENTED_EDGE('',*,*,#4020,.F.);
#1647=ORIENTED_EDGE('',*,*,#4021,.F.);
#1648=ORIENTED_EDGE('',*,*,#4022,.F.);
#1649=ORIENTED_EDGE('',*,*,#4018,.F.);
#1650=ORIENTED_EDGE('',*,*,#4023,.T.);
#1651=ORIENTED_EDGE('',*,*,#4024,.T.);
#1652=ORIENTED_EDGE('',*,*,#3766,.T.);
#1653=ORIENTED_EDGE('',*,*,#3770,.T.);
#1654=ORIENTED_EDGE('',*,*,#3943,.T.);
#1655=ORIENTED_EDGE('',*,*,#4025,.F.);
#1656=ORIENTED_EDGE('',*,*,#4024,.F.);
#1657=ORIENTED_EDGE('',*,*,#4026,.F.);
#1658=ORIENTED_EDGE('',*,*,#4027,.F.);
#1659=ORIENTED_EDGE('',*,*,#3767,.F.);
#1660=ORIENTED_EDGE('',*,*,#3944,.F.);
#1661=ORIENTED_EDGE('',*,*,#3768,.T.);
#1662=ORIENTED_EDGE('',*,*,#3764,.F.);
#1663=ORIENTED_EDGE('',*,*,#4027,.T.);
#1664=ORIENTED_EDGE('',*,*,#4028,.F.);
#1665=ORIENTED_EDGE('',*,*,#4029,.T.);
#1666=ORIENTED_EDGE('',*,*,#4030,.F.);
#1667=ORIENTED_EDGE('',*,*,#4031,.F.);
#1668=ORIENTED_EDGE('',*,*,#4032,.F.);
#1669=ORIENTED_EDGE('',*,*,#4033,.F.);
#1670=ORIENTED_EDGE('',*,*,#4034,.T.);
#1671=ORIENTED_EDGE('',*,*,#4033,.T.);
#1672=ORIENTED_EDGE('',*,*,#4035,.F.);
#1673=ORIENTED_EDGE('',*,*,#4036,.T.);
#1674=ORIENTED_EDGE('',*,*,#3771,.F.);
#1675=ORIENTED_EDGE('',*,*,#4037,.T.);
#1676=ORIENTED_EDGE('',*,*,#4038,.F.);
#1677=ORIENTED_EDGE('',*,*,#4039,.F.);
#1678=ORIENTED_EDGE('',*,*,#4040,.F.);
#1679=ORIENTED_EDGE('',*,*,#4036,.F.);
#1680=ORIENTED_EDGE('',*,*,#4041,.F.);
#1681=ORIENTED_EDGE('',*,*,#4030,.T.);
#1682=ORIENTED_EDGE('',*,*,#4034,.F.);
#1683=ORIENTED_EDGE('',*,*,#4040,.T.);
#1684=ORIENTED_EDGE('',*,*,#4042,.F.);
#1685=ORIENTED_EDGE('',*,*,#4043,.T.);
#1686=ORIENTED_EDGE('',*,*,#4044,.F.);
#1687=ORIENTED_EDGE('',*,*,#4045,.T.);
#1688=ORIENTED_EDGE('',*,*,#4046,.T.);
#1689=ORIENTED_EDGE('',*,*,#3774,.T.);
#1690=ORIENTED_EDGE('',*,*,#3778,.T.);
#1691=ORIENTED_EDGE('',*,*,#3910,.T.);
#1692=ORIENTED_EDGE('',*,*,#4046,.F.);
#1693=ORIENTED_EDGE('',*,*,#4047,.F.);
#1694=ORIENTED_EDGE('',*,*,#4048,.F.);
#1695=ORIENTED_EDGE('',*,*,#3775,.F.);
#1696=ORIENTED_EDGE('',*,*,#4049,.F.);
#1697=ORIENTED_EDGE('',*,*,#4050,.T.);
#1698=ORIENTED_EDGE('',*,*,#3911,.F.);
#1699=ORIENTED_EDGE('',*,*,#3776,.T.);
#1700=ORIENTED_EDGE('',*,*,#3772,.F.);
#1701=ORIENTED_EDGE('',*,*,#4048,.T.);
#1702=ORIENTED_EDGE('',*,*,#4051,.F.);
#1703=ORIENTED_EDGE('',*,*,#4052,.F.);
#1704=ORIENTED_EDGE('',*,*,#4053,.F.);
#1705=ORIENTED_EDGE('',*,*,#3590,.F.);
#1706=ORIENTED_EDGE('',*,*,#3779,.F.);
#1707=ORIENTED_EDGE('',*,*,#4054,.T.);
#1708=ORIENTED_EDGE('',*,*,#3549,.F.);
#1709=ORIENTED_EDGE('',*,*,#4055,.F.);
#1710=ORIENTED_EDGE('',*,*,#4056,.F.);
#1711=ORIENTED_EDGE('',*,*,#3557,.F.);
#1712=ORIENTED_EDGE('',*,*,#4057,.F.);
#1713=ORIENTED_EDGE('',*,*,#4058,.T.);
#1714=ORIENTED_EDGE('',*,*,#4059,.T.);
#1715=ORIENTED_EDGE('',*,*,#3782,.T.);
#1716=ORIENTED_EDGE('',*,*,#3786,.T.);
#1717=ORIENTED_EDGE('',*,*,#3952,.T.);
#1718=ORIENTED_EDGE('',*,*,#4059,.F.);
#1719=ORIENTED_EDGE('',*,*,#4060,.F.);
#1720=ORIENTED_EDGE('',*,*,#4061,.F.);
#1721=ORIENTED_EDGE('',*,*,#3783,.F.);
#1722=ORIENTED_EDGE('',*,*,#4062,.F.);
#1723=ORIENTED_EDGE('',*,*,#4063,.T.);
#1724=ORIENTED_EDGE('',*,*,#3953,.F.);
#1725=ORIENTED_EDGE('',*,*,#3784,.T.);
#1726=ORIENTED_EDGE('',*,*,#3780,.F.);
#1727=ORIENTED_EDGE('',*,*,#4061,.T.);
#1728=ORIENTED_EDGE('',*,*,#4064,.F.);
#1729=ORIENTED_EDGE('',*,*,#4065,.T.);
#1730=ORIENTED_EDGE('',*,*,#4066,.F.);
#1731=ORIENTED_EDGE('',*,*,#4067,.T.);
#1732=ORIENTED_EDGE('',*,*,#4015,.F.);
#1733=ORIENTED_EDGE('',*,*,#4022,.T.);
#1734=ORIENTED_EDGE('',*,*,#4067,.F.);
#1735=ORIENTED_EDGE('',*,*,#4068,.F.);
#1736=ORIENTED_EDGE('',*,*,#4069,.F.);
#1737=ORIENTED_EDGE('',*,*,#4016,.F.);
#1738=ORIENTED_EDGE('',*,*,#3787,.F.);
#1739=ORIENTED_EDGE('',*,*,#4070,.T.);
#1740=ORIENTED_EDGE('',*,*,#3580,.F.);
#1741=ORIENTED_EDGE('',*,*,#4071,.F.);
#1742=ORIENTED_EDGE('',*,*,#4072,.F.);
#1743=ORIENTED_EDGE('',*,*,#3588,.F.);
#1744=ORIENTED_EDGE('',*,*,#4073,.F.);
#1745=ORIENTED_EDGE('',*,*,#4074,.T.);
#1746=ORIENTED_EDGE('',*,*,#4075,.F.);
#1747=ORIENTED_EDGE('',*,*,#4051,.T.);
#1748=ORIENTED_EDGE('',*,*,#3589,.F.);
#1749=ORIENTED_EDGE('',*,*,#4072,.T.);
#1750=ORIENTED_EDGE('',*,*,#4076,.F.);
#1751=ORIENTED_EDGE('',*,*,#4077,.T.);
#1752=ORIENTED_EDGE('',*,*,#4078,.T.);
#1753=ORIENTED_EDGE('',*,*,#3790,.T.);
#1754=ORIENTED_EDGE('',*,*,#3794,.T.);
#1755=ORIENTED_EDGE('',*,*,#3991,.T.);
#1756=ORIENTED_EDGE('',*,*,#4078,.F.);
#1757=ORIENTED_EDGE('',*,*,#4079,.F.);
#1758=ORIENTED_EDGE('',*,*,#4080,.F.);
#1759=ORIENTED_EDGE('',*,*,#3791,.F.);
#1760=ORIENTED_EDGE('',*,*,#4081,.F.);
#1761=ORIENTED_EDGE('',*,*,#4082,.T.);
#1762=ORIENTED_EDGE('',*,*,#3992,.F.);
#1763=ORIENTED_EDGE('',*,*,#3792,.T.);
#1764=ORIENTED_EDGE('',*,*,#3788,.F.);
#1765=ORIENTED_EDGE('',*,*,#4080,.T.);
#1766=ORIENTED_EDGE('',*,*,#4083,.F.);
#1767=ORIENTED_EDGE('',*,*,#4084,.F.);
#1768=ORIENTED_EDGE('',*,*,#4085,.F.);
#1769=ORIENTED_EDGE('',*,*,#4086,.F.);
#1770=ORIENTED_EDGE('',*,*,#4087,.T.);
#1771=ORIENTED_EDGE('',*,*,#4086,.T.);
#1772=ORIENTED_EDGE('',*,*,#4088,.F.);
#1773=ORIENTED_EDGE('',*,*,#4089,.T.);
#1774=ORIENTED_EDGE('',*,*,#3795,.F.);
#1775=ORIENTED_EDGE('',*,*,#4090,.T.);
#1776=ORIENTED_EDGE('',*,*,#4091,.F.);
#1777=ORIENTED_EDGE('',*,*,#4092,.F.);
#1778=ORIENTED_EDGE('',*,*,#4093,.F.);
#1779=ORIENTED_EDGE('',*,*,#4094,.F.);
#1780=ORIENTED_EDGE('',*,*,#3986,.F.);
#1781=ORIENTED_EDGE('',*,*,#4095,.T.);
#1782=ORIENTED_EDGE('',*,*,#4096,.F.);
#1783=ORIENTED_EDGE('',*,*,#4097,.T.);
#1784=ORIENTED_EDGE('',*,*,#3796,.F.);
#1785=ORIENTED_EDGE('',*,*,#3802,.T.);
#1786=ORIENTED_EDGE('',*,*,#4097,.F.);
#1787=ORIENTED_EDGE('',*,*,#4098,.F.);
#1788=ORIENTED_EDGE('',*,*,#4099,.F.);
#1789=ORIENTED_EDGE('',*,*,#3797,.F.);
#1790=ORIENTED_EDGE('',*,*,#4100,.F.);
#1791=ORIENTED_EDGE('',*,*,#3987,.T.);
#1792=ORIENTED_EDGE('',*,*,#3800,.T.);
#1793=ORIENTED_EDGE('',*,*,#3798,.T.);
#1794=ORIENTED_EDGE('',*,*,#4099,.T.);
#1795=ORIENTED_EDGE('',*,*,#4101,.T.);
#1796=ORIENTED_EDGE('',*,*,#4102,.F.);
#1797=ORIENTED_EDGE('',*,*,#4103,.F.);
#1798=ORIENTED_EDGE('',*,*,#4104,.F.);
#1799=ORIENTED_EDGE('',*,*,#4105,.F.);
#1800=ORIENTED_EDGE('',*,*,#4106,.T.);
#1801=ORIENTED_EDGE('',*,*,#4107,.T.);
#1802=ORIENTED_EDGE('',*,*,#4108,.F.);
#1803=ORIENTED_EDGE('',*,*,#4105,.T.);
#1804=ORIENTED_EDGE('',*,*,#3803,.F.);
#1805=ORIENTED_EDGE('',*,*,#4109,.T.);
#1806=ORIENTED_EDGE('',*,*,#4110,.F.);
#1807=ORIENTED_EDGE('',*,*,#4111,.F.);
#1808=ORIENTED_EDGE('',*,*,#4112,.F.);
#1809=ORIENTED_EDGE('',*,*,#4107,.F.);
#1810=ORIENTED_EDGE('',*,*,#4113,.F.);
#1811=ORIENTED_EDGE('',*,*,#4114,.T.);
#1812=ORIENTED_EDGE('',*,*,#4102,.T.);
#1813=ORIENTED_EDGE('',*,*,#4108,.T.);
#1814=ORIENTED_EDGE('',*,*,#4112,.T.);
#1815=ORIENTED_EDGE('',*,*,#4115,.T.);
#1816=ORIENTED_EDGE('',*,*,#4116,.F.);
#1817=ORIENTED_EDGE('',*,*,#4117,.T.);
#1818=ORIENTED_EDGE('',*,*,#3804,.F.);
#1819=ORIENTED_EDGE('',*,*,#3810,.T.);
#1820=ORIENTED_EDGE('',*,*,#3967,.F.);
#1821=ORIENTED_EDGE('',*,*,#4118,.T.);
#1822=ORIENTED_EDGE('',*,*,#4117,.F.);
#1823=ORIENTED_EDGE('',*,*,#4119,.F.);
#1824=ORIENTED_EDGE('',*,*,#4120,.F.);
#1825=ORIENTED_EDGE('',*,*,#3805,.F.);
#1826=ORIENTED_EDGE('',*,*,#3968,.T.);
#1827=ORIENTED_EDGE('',*,*,#3808,.T.);
#1828=ORIENTED_EDGE('',*,*,#3806,.T.);
#1829=ORIENTED_EDGE('',*,*,#4120,.T.);
#1830=ORIENTED_EDGE('',*,*,#4121,.T.);
#1831=ORIENTED_EDGE('',*,*,#4122,.F.);
#1832=ORIENTED_EDGE('',*,*,#4123,.F.);
#1833=ORIENTED_EDGE('',*,*,#4124,.F.);
#1834=ORIENTED_EDGE('',*,*,#4125,.F.);
#1835=ORIENTED_EDGE('',*,*,#4126,.F.);
#1836=ORIENTED_EDGE('',*,*,#4127,.T.);
#1837=ORIENTED_EDGE('',*,*,#4128,.T.);
#1838=ORIENTED_EDGE('',*,*,#4129,.F.);
#1839=ORIENTED_EDGE('',*,*,#4126,.T.);
#1840=ORIENTED_EDGE('',*,*,#3811,.F.);
#1841=ORIENTED_EDGE('',*,*,#4130,.T.);
#1842=ORIENTED_EDGE('',*,*,#4131,.F.);
#1843=ORIENTED_EDGE('',*,*,#4132,.F.);
#1844=ORIENTED_EDGE('',*,*,#4133,.F.);
#1845=ORIENTED_EDGE('',*,*,#4128,.F.);
#1846=ORIENTED_EDGE('',*,*,#4134,.F.);
#1847=ORIENTED_EDGE('',*,*,#4135,.T.);
#1848=ORIENTED_EDGE('',*,*,#4123,.T.);
#1849=ORIENTED_EDGE('',*,*,#4129,.T.);
#1850=ORIENTED_EDGE('',*,*,#4133,.T.);
#1851=ORIENTED_EDGE('',*,*,#4136,.T.);
#1852=ORIENTED_EDGE('',*,*,#4137,.F.);
#1853=ORIENTED_EDGE('',*,*,#4138,.T.);
#1854=ORIENTED_EDGE('',*,*,#3812,.F.);
#1855=ORIENTED_EDGE('',*,*,#3818,.T.);
#1856=ORIENTED_EDGE('',*,*,#3906,.F.);
#1857=ORIENTED_EDGE('',*,*,#4139,.T.);
#1858=ORIENTED_EDGE('',*,*,#4138,.F.);
#1859=ORIENTED_EDGE('',*,*,#4140,.F.);
#1860=ORIENTED_EDGE('',*,*,#4141,.F.);
#1861=ORIENTED_EDGE('',*,*,#3813,.F.);
#1862=ORIENTED_EDGE('',*,*,#3907,.T.);
#1863=ORIENTED_EDGE('',*,*,#3816,.T.);
#1864=ORIENTED_EDGE('',*,*,#3814,.T.);
#1865=ORIENTED_EDGE('',*,*,#4141,.T.);
#1866=ORIENTED_EDGE('',*,*,#4142,.T.);
#1867=ORIENTED_EDGE('',*,*,#4143,.F.);
#1868=ORIENTED_EDGE('',*,*,#4144,.F.);
#1869=ORIENTED_EDGE('',*,*,#4145,.F.);
#1870=ORIENTED_EDGE('',*,*,#4146,.F.);
#1871=ORIENTED_EDGE('',*,*,#4147,.F.);
#1872=ORIENTED_EDGE('',*,*,#4148,.T.);
#1873=ORIENTED_EDGE('',*,*,#4149,.T.);
#1874=ORIENTED_EDGE('',*,*,#4150,.F.);
#1875=ORIENTED_EDGE('',*,*,#4147,.T.);
#1876=ORIENTED_EDGE('',*,*,#3819,.F.);
#1877=ORIENTED_EDGE('',*,*,#4151,.T.);
#1878=ORIENTED_EDGE('',*,*,#4152,.F.);
#1879=ORIENTED_EDGE('',*,*,#4153,.F.);
#1880=ORIENTED_EDGE('',*,*,#4154,.F.);
#1881=ORIENTED_EDGE('',*,*,#4149,.F.);
#1882=ORIENTED_EDGE('',*,*,#4155,.F.);
#1883=ORIENTED_EDGE('',*,*,#4156,.T.);
#1884=ORIENTED_EDGE('',*,*,#4144,.T.);
#1885=ORIENTED_EDGE('',*,*,#4150,.T.);
#1886=ORIENTED_EDGE('',*,*,#4154,.T.);
#1887=ORIENTED_EDGE('',*,*,#4157,.T.);
#1888=ORIENTED_EDGE('',*,*,#3937,.F.);
#1889=ORIENTED_EDGE('',*,*,#4158,.T.);
#1890=ORIENTED_EDGE('',*,*,#4159,.F.);
#1891=ORIENTED_EDGE('',*,*,#4160,.T.);
#1892=ORIENTED_EDGE('',*,*,#3820,.F.);
#1893=ORIENTED_EDGE('',*,*,#3826,.T.);
#1894=ORIENTED_EDGE('',*,*,#4160,.F.);
#1895=ORIENTED_EDGE('',*,*,#4161,.F.);
#1896=ORIENTED_EDGE('',*,*,#4162,.F.);
#1897=ORIENTED_EDGE('',*,*,#3821,.F.);
#1898=ORIENTED_EDGE('',*,*,#4163,.F.);
#1899=ORIENTED_EDGE('',*,*,#3938,.T.);
#1900=ORIENTED_EDGE('',*,*,#3824,.T.);
#1901=ORIENTED_EDGE('',*,*,#3822,.T.);
#1902=ORIENTED_EDGE('',*,*,#4162,.T.);
#1903=ORIENTED_EDGE('',*,*,#4164,.T.);
#1904=ORIENTED_EDGE('',*,*,#4165,.F.);
#1905=ORIENTED_EDGE('',*,*,#4166,.F.);
#1906=ORIENTED_EDGE('',*,*,#4167,.F.);
#1907=ORIENTED_EDGE('',*,*,#4168,.F.);
#1908=ORIENTED_EDGE('',*,*,#4169,.T.);
#1909=ORIENTED_EDGE('',*,*,#4170,.T.);
#1910=ORIENTED_EDGE('',*,*,#4171,.F.);
#1911=ORIENTED_EDGE('',*,*,#4168,.T.);
#1912=ORIENTED_EDGE('',*,*,#3827,.F.);
#1913=ORIENTED_EDGE('',*,*,#4172,.T.);
#1914=ORIENTED_EDGE('',*,*,#4173,.F.);
#1915=ORIENTED_EDGE('',*,*,#4174,.F.);
#1916=ORIENTED_EDGE('',*,*,#4175,.F.);
#1917=ORIENTED_EDGE('',*,*,#4170,.F.);
#1918=ORIENTED_EDGE('',*,*,#4176,.T.);
#1919=ORIENTED_EDGE('',*,*,#4165,.T.);
#1920=ORIENTED_EDGE('',*,*,#4171,.T.);
#1921=ORIENTED_EDGE('',*,*,#4175,.T.);
#1922=ORIENTED_EDGE('',*,*,#4177,.T.);
#1923=ORIENTED_EDGE('',*,*,#4178,.F.);
#1924=ORIENTED_EDGE('',*,*,#4179,.F.);
#1925=ORIENTED_EDGE('',*,*,#4180,.T.);
#1926=ORIENTED_EDGE('',*,*,#3828,.F.);
#1927=ORIENTED_EDGE('',*,*,#3834,.T.);
#1928=ORIENTED_EDGE('',*,*,#3926,.F.);
#1929=ORIENTED_EDGE('',*,*,#4181,.T.);
#1930=ORIENTED_EDGE('',*,*,#4180,.F.);
#1931=ORIENTED_EDGE('',*,*,#4182,.F.);
#1932=ORIENTED_EDGE('',*,*,#4183,.F.);
#1933=ORIENTED_EDGE('',*,*,#3829,.F.);
#1934=ORIENTED_EDGE('',*,*,#3927,.T.);
#1935=ORIENTED_EDGE('',*,*,#3832,.T.);
#1936=ORIENTED_EDGE('',*,*,#3830,.T.);
#1937=ORIENTED_EDGE('',*,*,#4183,.T.);
#1938=ORIENTED_EDGE('',*,*,#4184,.T.);
#1939=ORIENTED_EDGE('',*,*,#4185,.F.);
#1940=ORIENTED_EDGE('',*,*,#4186,.F.);
#1941=ORIENTED_EDGE('',*,*,#4187,.F.);
#1942=ORIENTED_EDGE('',*,*,#4188,.F.);
#1943=ORIENTED_EDGE('',*,*,#4189,.F.);
#1944=ORIENTED_EDGE('',*,*,#4190,.T.);
#1945=ORIENTED_EDGE('',*,*,#4191,.T.);
#1946=ORIENTED_EDGE('',*,*,#4192,.F.);
#1947=ORIENTED_EDGE('',*,*,#4189,.T.);
#1948=ORIENTED_EDGE('',*,*,#3835,.F.);
#1949=ORIENTED_EDGE('',*,*,#4193,.T.);
#1950=ORIENTED_EDGE('',*,*,#4194,.F.);
#1951=ORIENTED_EDGE('',*,*,#4195,.F.);
#1952=ORIENTED_EDGE('',*,*,#4196,.F.);
#1953=ORIENTED_EDGE('',*,*,#4191,.F.);
#1954=ORIENTED_EDGE('',*,*,#4197,.F.);
#1955=ORIENTED_EDGE('',*,*,#4198,.T.);
#1956=ORIENTED_EDGE('',*,*,#4186,.T.);
#1957=ORIENTED_EDGE('',*,*,#4192,.T.);
#1958=ORIENTED_EDGE('',*,*,#4196,.T.);
#1959=ORIENTED_EDGE('',*,*,#4199,.T.);
#1960=ORIENTED_EDGE('',*,*,#4200,.F.);
#1961=ORIENTED_EDGE('',*,*,#4201,.F.);
#1962=ORIENTED_EDGE('',*,*,#4202,.F.);
#1963=ORIENTED_EDGE('',*,*,#4203,.F.);
#1964=ORIENTED_EDGE('',*,*,#4204,.T.);
#1965=ORIENTED_EDGE('',*,*,#4203,.T.);
#1966=ORIENTED_EDGE('',*,*,#4205,.F.);
#1967=ORIENTED_EDGE('',*,*,#4206,.T.);
#1968=ORIENTED_EDGE('',*,*,#3836,.F.);
#1969=ORIENTED_EDGE('',*,*,#4207,.T.);
#1970=ORIENTED_EDGE('',*,*,#4208,.F.);
#1971=ORIENTED_EDGE('',*,*,#4209,.F.);
#1972=ORIENTED_EDGE('',*,*,#4210,.F.);
#1973=ORIENTED_EDGE('',*,*,#4206,.F.);
#1974=ORIENTED_EDGE('',*,*,#4211,.F.);
#1975=ORIENTED_EDGE('',*,*,#4200,.T.);
#1976=ORIENTED_EDGE('',*,*,#4204,.F.);
#1977=ORIENTED_EDGE('',*,*,#4210,.T.);
#1978=ORIENTED_EDGE('',*,*,#4212,.F.);
#1979=ORIENTED_EDGE('',*,*,#4213,.T.);
#1980=ORIENTED_EDGE('',*,*,#3929,.F.);
#1981=ORIENTED_EDGE('',*,*,#4214,.T.);
#1982=ORIENTED_EDGE('',*,*,#4215,.F.);
#1983=ORIENTED_EDGE('',*,*,#4216,.T.);
#1984=ORIENTED_EDGE('',*,*,#3837,.F.);
#1985=ORIENTED_EDGE('',*,*,#3843,.T.);
#1986=ORIENTED_EDGE('',*,*,#4216,.F.);
#1987=ORIENTED_EDGE('',*,*,#4217,.F.);
#1988=ORIENTED_EDGE('',*,*,#4218,.F.);
#1989=ORIENTED_EDGE('',*,*,#3838,.F.);
#1990=ORIENTED_EDGE('',*,*,#4219,.F.);
#1991=ORIENTED_EDGE('',*,*,#3930,.T.);
#1992=ORIENTED_EDGE('',*,*,#3841,.T.);
#1993=ORIENTED_EDGE('',*,*,#3839,.T.);
#1994=ORIENTED_EDGE('',*,*,#4218,.T.);
#1995=ORIENTED_EDGE('',*,*,#4220,.T.);
#1996=ORIENTED_EDGE('',*,*,#4221,.F.);
#1997=ORIENTED_EDGE('',*,*,#4222,.F.);
#1998=ORIENTED_EDGE('',*,*,#4223,.F.);
#1999=ORIENTED_EDGE('',*,*,#4224,.F.);
#2000=ORIENTED_EDGE('',*,*,#4225,.T.);
#2001=ORIENTED_EDGE('',*,*,#4224,.T.);
#2002=ORIENTED_EDGE('',*,*,#4226,.F.);
#2003=ORIENTED_EDGE('',*,*,#4227,.T.);
#2004=ORIENTED_EDGE('',*,*,#3844,.F.);
#2005=ORIENTED_EDGE('',*,*,#4228,.T.);
#2006=ORIENTED_EDGE('',*,*,#4229,.F.);
#2007=ORIENTED_EDGE('',*,*,#4230,.F.);
#2008=ORIENTED_EDGE('',*,*,#4231,.F.);
#2009=ORIENTED_EDGE('',*,*,#4227,.F.);
#2010=ORIENTED_EDGE('',*,*,#4232,.F.);
#2011=ORIENTED_EDGE('',*,*,#4221,.T.);
#2012=ORIENTED_EDGE('',*,*,#4225,.F.);
#2013=ORIENTED_EDGE('',*,*,#4231,.T.);
#2014=ORIENTED_EDGE('',*,*,#4233,.F.);
#2015=ORIENTED_EDGE('',*,*,#4234,.T.);
#2016=ORIENTED_EDGE('',*,*,#3958,.F.);
#2017=ORIENTED_EDGE('',*,*,#4235,.T.);
#2018=ORIENTED_EDGE('',*,*,#4236,.F.);
#2019=ORIENTED_EDGE('',*,*,#4237,.T.);
#2020=ORIENTED_EDGE('',*,*,#3845,.F.);
#2021=ORIENTED_EDGE('',*,*,#3851,.T.);
#2022=ORIENTED_EDGE('',*,*,#4237,.F.);
#2023=ORIENTED_EDGE('',*,*,#4238,.F.);
#2024=ORIENTED_EDGE('',*,*,#4239,.F.);
#2025=ORIENTED_EDGE('',*,*,#3846,.F.);
#2026=ORIENTED_EDGE('',*,*,#4240,.F.);
#2027=ORIENTED_EDGE('',*,*,#3959,.T.);
#2028=ORIENTED_EDGE('',*,*,#3849,.T.);
#2029=ORIENTED_EDGE('',*,*,#3847,.T.);
#2030=ORIENTED_EDGE('',*,*,#4239,.T.);
#2031=ORIENTED_EDGE('',*,*,#4241,.T.);
#2032=ORIENTED_EDGE('',*,*,#4242,.F.);
#2033=ORIENTED_EDGE('',*,*,#4243,.F.);
#2034=ORIENTED_EDGE('',*,*,#4244,.F.);
#2035=ORIENTED_EDGE('',*,*,#4245,.F.);
#2036=ORIENTED_EDGE('',*,*,#4246,.T.);
#2037=ORIENTED_EDGE('',*,*,#4245,.T.);
#2038=ORIENTED_EDGE('',*,*,#4247,.F.);
#2039=ORIENTED_EDGE('',*,*,#4248,.T.);
#2040=ORIENTED_EDGE('',*,*,#3852,.F.);
#2041=ORIENTED_EDGE('',*,*,#4249,.T.);
#2042=ORIENTED_EDGE('',*,*,#4250,.F.);
#2043=ORIENTED_EDGE('',*,*,#4251,.F.);
#2044=ORIENTED_EDGE('',*,*,#4252,.F.);
#2045=ORIENTED_EDGE('',*,*,#4248,.F.);
#2046=ORIENTED_EDGE('',*,*,#4253,.F.);
#2047=ORIENTED_EDGE('',*,*,#4242,.T.);
#2048=ORIENTED_EDGE('',*,*,#4246,.F.);
#2049=ORIENTED_EDGE('',*,*,#4252,.T.);
#2050=ORIENTED_EDGE('',*,*,#4254,.F.);
#2051=ORIENTED_EDGE('',*,*,#4255,.T.);
#2052=ORIENTED_EDGE('',*,*,#4256,.F.);
#2053=ORIENTED_EDGE('',*,*,#4257,.T.);
#2054=ORIENTED_EDGE('',*,*,#4258,.F.);
#2055=ORIENTED_EDGE('',*,*,#4259,.T.);
#2056=ORIENTED_EDGE('',*,*,#3558,.F.);
#2057=ORIENTED_EDGE('',*,*,#4056,.T.);
#2058=ORIENTED_EDGE('',*,*,#4259,.F.);
#2059=ORIENTED_EDGE('',*,*,#4260,.F.);
#2060=ORIENTED_EDGE('',*,*,#4261,.F.);
#2061=ORIENTED_EDGE('',*,*,#3559,.F.);
#2062=ORIENTED_EDGE('',*,*,#3864,.F.);
#2063=ORIENTED_EDGE('',*,*,#3995,.F.);
#2064=ORIENTED_EDGE('',*,*,#3860,.F.);
#2065=ORIENTED_EDGE('',*,*,#4013,.F.);
#2066=ORIENTED_EDGE('',*,*,#3856,.T.);
#2067=ORIENTED_EDGE('',*,*,#3989,.F.);
#2068=ORIENTED_EDGE('',*,*,#3853,.T.);
#2069=ORIENTED_EDGE('',*,*,#3965,.F.);
#2070=ORIENTED_EDGE('',*,*,#4262,.T.);
#2071=ORIENTED_EDGE('',*,*,#4263,.T.);
#2072=ORIENTED_EDGE('',*,*,#4264,.F.);
#2073=ORIENTED_EDGE('',*,*,#4265,.F.);
#2074=ORIENTED_EDGE('',*,*,#4063,.F.);
#2075=ORIENTED_EDGE('',*,*,#4266,.F.);
#2076=ORIENTED_EDGE('',*,*,#4065,.F.);
#2077=ORIENTED_EDGE('',*,*,#4267,.F.);
#2078=ORIENTED_EDGE('',*,*,#4025,.T.);
#2079=ORIENTED_EDGE('',*,*,#3949,.F.);
#2080=ORIENTED_EDGE('',*,*,#3865,.T.);
#2081=ORIENTED_EDGE('',*,*,#3954,.F.);
#2082=ORIENTED_EDGE('',*,*,#4268,.T.);
#2083=ORIENTED_EDGE('',*,*,#4269,.T.);
#2084=ORIENTED_EDGE('',*,*,#4270,.F.);
#2085=ORIENTED_EDGE('',*,*,#4271,.F.);
#2086=ORIENTED_EDGE('',*,*,#4181,.F.);
#2087=ORIENTED_EDGE('',*,*,#3925,.F.);
#2088=ORIENTED_EDGE('',*,*,#3869,.F.);
#2089=ORIENTED_EDGE('',*,*,#3939,.F.);
#2090=ORIENTED_EDGE('',*,*,#4163,.T.);
#2091=ORIENTED_EDGE('',*,*,#4272,.F.);
#2092=ORIENTED_EDGE('',*,*,#4178,.T.);
#2093=ORIENTED_EDGE('',*,*,#4273,.F.);
#2094=ORIENTED_EDGE('',*,*,#4274,.T.);
#2095=ORIENTED_EDGE('',*,*,#4275,.T.);
#2096=ORIENTED_EDGE('',*,*,#4276,.F.);
#2097=ORIENTED_EDGE('',*,*,#4277,.F.);
#2098=ORIENTED_EDGE('',*,*,#4278,.F.);
#2099=ORIENTED_EDGE('',*,*,#4057,.T.);
#2100=ORIENTED_EDGE('',*,*,#3960,.F.);
#2101=ORIENTED_EDGE('',*,*,#4240,.T.);
#2102=ORIENTED_EDGE('',*,*,#4279,.F.);
#2103=ORIENTED_EDGE('',*,*,#4255,.F.);
#2104=ORIENTED_EDGE('',*,*,#4280,.F.);
#2105=ORIENTED_EDGE('',*,*,#4257,.F.);
#2106=ORIENTED_EDGE('',*,*,#4281,.T.);
#2107=ORIENTED_EDGE('',*,*,#4282,.T.);
#2108=ORIENTED_EDGE('',*,*,#4283,.F.);
#2109=ORIENTED_EDGE('',*,*,#4284,.F.);
#2110=ORIENTED_EDGE('',*,*,#3928,.F.);
#2111=ORIENTED_EDGE('',*,*,#4185,.T.);
#2112=ORIENTED_EDGE('',*,*,#4285,.F.);
#2113=ORIENTED_EDGE('',*,*,#4197,.T.);
#2114=ORIENTED_EDGE('',*,*,#4286,.F.);
#2115=ORIENTED_EDGE('',*,*,#4213,.F.);
#2116=ORIENTED_EDGE('',*,*,#4287,.F.);
#2117=ORIENTED_EDGE('',*,*,#4214,.F.);
#2118=ORIENTED_EDGE('',*,*,#4288,.T.);
#2119=ORIENTED_EDGE('',*,*,#4289,.T.);
#2120=ORIENTED_EDGE('',*,*,#4290,.F.);
#2121=ORIENTED_EDGE('',*,*,#4291,.F.);
#2122=ORIENTED_EDGE('',*,*,#3882,.F.);
#2123=ORIENTED_EDGE('',*,*,#3914,.F.);
#2124=ORIENTED_EDGE('',*,*,#3878,.F.);
#2125=ORIENTED_EDGE('',*,*,#3996,.F.);
#2126=ORIENTED_EDGE('',*,*,#3876,.T.);
#2127=ORIENTED_EDGE('',*,*,#3970,.F.);
#2128=ORIENTED_EDGE('',*,*,#3871,.T.);
#2129=ORIENTED_EDGE('',*,*,#3904,.F.);
#2130=ORIENTED_EDGE('',*,*,#4292,.T.);
#2131=ORIENTED_EDGE('',*,*,#4293,.T.);
#2132=ORIENTED_EDGE('',*,*,#4294,.F.);
#2133=ORIENTED_EDGE('',*,*,#4295,.F.);
#2134=ORIENTED_EDGE('',*,*,#3894,.F.);
#2135=ORIENTED_EDGE('',*,*,#3946,.F.);
#2136=ORIENTED_EDGE('',*,*,#3891,.F.);
#2137=ORIENTED_EDGE('',*,*,#3915,.F.);
#2138=ORIENTED_EDGE('',*,*,#3888,.T.);
#2139=ORIENTED_EDGE('',*,*,#3909,.F.);
#2140=ORIENTED_EDGE('',*,*,#3885,.T.);
#2141=ORIENTED_EDGE('',*,*,#3935,.F.);
#2142=ORIENTED_EDGE('',*,*,#4296,.T.);
#2143=ORIENTED_EDGE('',*,*,#4297,.T.);
#2144=ORIENTED_EDGE('',*,*,#4298,.F.);
#2145=ORIENTED_EDGE('',*,*,#4299,.F.);
#2146=ORIENTED_EDGE('',*,*,#4158,.F.);
#2147=ORIENTED_EDGE('',*,*,#3936,.F.);
#2148=ORIENTED_EDGE('',*,*,#3897,.F.);
#2149=ORIENTED_EDGE('',*,*,#3908,.F.);
#2150=ORIENTED_EDGE('',*,*,#4143,.T.);
#2151=ORIENTED_EDGE('',*,*,#4300,.F.);
#2152=ORIENTED_EDGE('',*,*,#4155,.T.);
#2153=ORIENTED_EDGE('',*,*,#4301,.F.);
#2154=ORIENTED_EDGE('',*,*,#4302,.T.);
#2155=ORIENTED_EDGE('',*,*,#4303,.T.);
#2156=ORIENTED_EDGE('',*,*,#4304,.F.);
#2157=ORIENTED_EDGE('',*,*,#4305,.F.);
#2158=ORIENTED_EDGE('',*,*,#4029,.F.);
#2159=ORIENTED_EDGE('',*,*,#4306,.F.);
#2160=ORIENTED_EDGE('',*,*,#4043,.F.);
#2161=ORIENTED_EDGE('',*,*,#4307,.F.);
#2162=ORIENTED_EDGE('',*,*,#4044,.T.);
#2163=ORIENTED_EDGE('',*,*,#3916,.F.);
#2164=ORIENTED_EDGE('',*,*,#3900,.T.);
#2165=ORIENTED_EDGE('',*,*,#3945,.F.);
#2166=ORIENTED_EDGE('',*,*,#4308,.T.);
#2167=ORIENTED_EDGE('',*,*,#4309,.T.);
#2168=ORIENTED_EDGE('',*,*,#4310,.F.);
#2169=ORIENTED_EDGE('',*,*,#4311,.F.);
#2170=ORIENTED_EDGE('',*,*,#4139,.F.);
#2171=ORIENTED_EDGE('',*,*,#3905,.F.);
#2172=ORIENTED_EDGE('',*,*,#3902,.F.);
#2173=ORIENTED_EDGE('',*,*,#3969,.F.);
#2174=ORIENTED_EDGE('',*,*,#4122,.T.);
#2175=ORIENTED_EDGE('',*,*,#4312,.F.);
#2176=ORIENTED_EDGE('',*,*,#4134,.T.);
#2177=ORIENTED_EDGE('',*,*,#4313,.F.);
#2178=ORIENTED_EDGE('',*,*,#4314,.T.);
#2179=ORIENTED_EDGE('',*,*,#4315,.T.);
#2180=ORIENTED_EDGE('',*,*,#4316,.F.);
#2181=ORIENTED_EDGE('',*,*,#4317,.F.);
#2182=ORIENTED_EDGE('',*,*,#4050,.F.);
#2183=ORIENTED_EDGE('',*,*,#4318,.F.);
#2184=ORIENTED_EDGE('',*,*,#4074,.F.);
#2185=ORIENTED_EDGE('',*,*,#4319,.F.);
#2186=ORIENTED_EDGE('',*,*,#4076,.T.);
#2187=ORIENTED_EDGE('',*,*,#3997,.F.);
#2188=ORIENTED_EDGE('',*,*,#3917,.T.);
#2189=ORIENTED_EDGE('',*,*,#3912,.F.);
#2190=ORIENTED_EDGE('',*,*,#4320,.T.);
#2191=ORIENTED_EDGE('',*,*,#4321,.T.);
#2192=ORIENTED_EDGE('',*,*,#4322,.F.);
#2193=ORIENTED_EDGE('',*,*,#4323,.F.);
#2194=ORIENTED_EDGE('',*,*,#3957,.F.);
#2195=ORIENTED_EDGE('',*,*,#3921,.T.);
#2196=ORIENTED_EDGE('',*,*,#3931,.F.);
#2197=ORIENTED_EDGE('',*,*,#4219,.T.);
#2198=ORIENTED_EDGE('',*,*,#4324,.F.);
#2199=ORIENTED_EDGE('',*,*,#4234,.F.);
#2200=ORIENTED_EDGE('',*,*,#4325,.F.);
#2201=ORIENTED_EDGE('',*,*,#4235,.F.);
#2202=ORIENTED_EDGE('',*,*,#4326,.T.);
#2203=ORIENTED_EDGE('',*,*,#4327,.T.);
#2204=ORIENTED_EDGE('',*,*,#4328,.F.);
#2205=ORIENTED_EDGE('',*,*,#4329,.F.);
#2206=ORIENTED_EDGE('',*,*,#3961,.F.);
#2207=ORIENTED_EDGE('',*,*,#3955,.F.);
#2208=ORIENTED_EDGE('',*,*,#3950,.F.);
#2209=ORIENTED_EDGE('',*,*,#3947,.F.);
#2210=ORIENTED_EDGE('',*,*,#3942,.T.);
#2211=ORIENTED_EDGE('',*,*,#3940,.F.);
#2212=ORIENTED_EDGE('',*,*,#3932,.T.);
#2213=ORIENTED_EDGE('',*,*,#3923,.F.);
#2214=ORIENTED_EDGE('',*,*,#4330,.T.);
#2215=ORIENTED_EDGE('',*,*,#4331,.T.);
#2216=ORIENTED_EDGE('',*,*,#4332,.F.);
#2217=ORIENTED_EDGE('',*,*,#4333,.F.);
#2218=ORIENTED_EDGE('',*,*,#4118,.F.);
#2219=ORIENTED_EDGE('',*,*,#3966,.F.);
#2220=ORIENTED_EDGE('',*,*,#3963,.F.);
#2221=ORIENTED_EDGE('',*,*,#3988,.F.);
#2222=ORIENTED_EDGE('',*,*,#4100,.T.);
#2223=ORIENTED_EDGE('',*,*,#4334,.F.);
#2224=ORIENTED_EDGE('',*,*,#4113,.T.);
#2225=ORIENTED_EDGE('',*,*,#4335,.F.);
#2226=ORIENTED_EDGE('',*,*,#4336,.T.);
#2227=ORIENTED_EDGE('',*,*,#4337,.T.);
#2228=ORIENTED_EDGE('',*,*,#4338,.F.);
#2229=ORIENTED_EDGE('',*,*,#4339,.F.);
#2230=ORIENTED_EDGE('',*,*,#4340,.F.);
#2231=ORIENTED_EDGE('',*,*,#4341,.T.);
#2232=ORIENTED_EDGE('',*,*,#3974,.T.);
#2233=ORIENTED_EDGE('',*,*,#4342,.F.);
#2234=ORIENTED_EDGE('',*,*,#4341,.F.);
#2235=ORIENTED_EDGE('',*,*,#4343,.T.);
#2236=ORIENTED_EDGE('',*,*,#4344,.T.);
#2237=ORIENTED_EDGE('',*,*,#4011,.F.);
#2238=ORIENTED_EDGE('',*,*,#3971,.T.);
#2239=ORIENTED_EDGE('',*,*,#4345,.F.);
#2240=ORIENTED_EDGE('',*,*,#4342,.T.);
#2241=ORIENTED_EDGE('',*,*,#3973,.T.);
#2242=ORIENTED_EDGE('',*,*,#4010,.T.);
#2243=ORIENTED_EDGE('',*,*,#4346,.F.);
#2244=ORIENTED_EDGE('',*,*,#3527,.F.);
#2245=ORIENTED_EDGE('',*,*,#4347,.T.);
#2246=ORIENTED_EDGE('',*,*,#3981,.T.);
#2247=ORIENTED_EDGE('',*,*,#4348,.F.);
#2248=ORIENTED_EDGE('',*,*,#4347,.F.);
#2249=ORIENTED_EDGE('',*,*,#3526,.T.);
#2250=ORIENTED_EDGE('',*,*,#4349,.T.);
#2251=ORIENTED_EDGE('',*,*,#3984,.F.);
#2252=ORIENTED_EDGE('',*,*,#3978,.T.);
#2253=ORIENTED_EDGE('',*,*,#4350,.T.);
#2254=ORIENTED_EDGE('',*,*,#3529,.F.);
#2255=ORIENTED_EDGE('',*,*,#4351,.T.);
#2256=ORIENTED_EDGE('',*,*,#3982,.F.);
#2257=ORIENTED_EDGE('',*,*,#3976,.F.);
#2258=ORIENTED_EDGE('',*,*,#4012,.F.);
#2259=ORIENTED_EDGE('',*,*,#4344,.F.);
#2260=ORIENTED_EDGE('',*,*,#4352,.F.);
#2261=ORIENTED_EDGE('',*,*,#4353,.T.);
#2262=ORIENTED_EDGE('',*,*,#4354,.T.);
#2263=ORIENTED_EDGE('',*,*,#3528,.F.);
#2264=ORIENTED_EDGE('',*,*,#4348,.T.);
#2265=ORIENTED_EDGE('',*,*,#3980,.T.);
#2266=ORIENTED_EDGE('',*,*,#3983,.T.);
#2267=ORIENTED_EDGE('',*,*,#4351,.F.);
#2268=ORIENTED_EDGE('',*,*,#4355,.F.);
#2269=ORIENTED_EDGE('',*,*,#4356,.T.);
#2270=ORIENTED_EDGE('',*,*,#4357,.F.);
#2271=ORIENTED_EDGE('',*,*,#4095,.F.);
#2272=ORIENTED_EDGE('',*,*,#3985,.F.);
#2273=ORIENTED_EDGE('',*,*,#4349,.F.);
#2274=ORIENTED_EDGE('',*,*,#3525,.F.);
#2275=ORIENTED_EDGE('',*,*,#4358,.T.);
#2276=ORIENTED_EDGE('',*,*,#4359,.T.);
#2277=ORIENTED_EDGE('',*,*,#4360,.F.);
#2278=ORIENTED_EDGE('',*,*,#4361,.F.);
#2279=ORIENTED_EDGE('',*,*,#4362,.T.);
#2280=ORIENTED_EDGE('',*,*,#4093,.T.);
#2281=ORIENTED_EDGE('',*,*,#4363,.T.);
#2282=ORIENTED_EDGE('',*,*,#4356,.F.);
#2283=ORIENTED_EDGE('',*,*,#4364,.F.);
#2284=ORIENTED_EDGE('',*,*,#4365,.T.);
#2285=ORIENTED_EDGE('',*,*,#4094,.T.);
#2286=ORIENTED_EDGE('',*,*,#4362,.F.);
#2287=ORIENTED_EDGE('',*,*,#3990,.F.);
#2288=ORIENTED_EDGE('',*,*,#4366,.T.);
#2289=ORIENTED_EDGE('',*,*,#4367,.F.);
#2290=ORIENTED_EDGE('',*,*,#4368,.F.);
#2291=ORIENTED_EDGE('',*,*,#4369,.F.);
#2292=ORIENTED_EDGE('',*,*,#4089,.F.);
#2293=ORIENTED_EDGE('',*,*,#4370,.F.);
#2294=ORIENTED_EDGE('',*,*,#4371,.T.);
#2295=ORIENTED_EDGE('',*,*,#4372,.F.);
#2296=ORIENTED_EDGE('',*,*,#4083,.T.);
#2297=ORIENTED_EDGE('',*,*,#4087,.F.);
#2298=ORIENTED_EDGE('',*,*,#4369,.T.);
#2299=ORIENTED_EDGE('',*,*,#4082,.F.);
#2300=ORIENTED_EDGE('',*,*,#4373,.F.);
#2301=ORIENTED_EDGE('',*,*,#4371,.F.);
#2302=ORIENTED_EDGE('',*,*,#4374,.F.);
#2303=ORIENTED_EDGE('',*,*,#4375,.T.);
#2304=ORIENTED_EDGE('',*,*,#4014,.F.);
#2305=ORIENTED_EDGE('',*,*,#3998,.T.);
#2306=ORIENTED_EDGE('',*,*,#3993,.F.);
#2307=ORIENTED_EDGE('',*,*,#4376,.T.);
#2308=ORIENTED_EDGE('',*,*,#4377,.T.);
#2309=ORIENTED_EDGE('',*,*,#4378,.F.);
#2310=ORIENTED_EDGE('',*,*,#4379,.F.);
#2311=ORIENTED_EDGE('',*,*,#4375,.F.);
#2312=ORIENTED_EDGE('',*,*,#4380,.T.);
#2313=ORIENTED_EDGE('',*,*,#4381,.T.);
#2314=ORIENTED_EDGE('',*,*,#4002,.T.);
#2315=ORIENTED_EDGE('',*,*,#4006,.T.);
#2316=ORIENTED_EDGE('',*,*,#4007,.T.);
#2317=ORIENTED_EDGE('',*,*,#4381,.F.);
#2318=ORIENTED_EDGE('',*,*,#4382,.F.);
#2319=ORIENTED_EDGE('',*,*,#4383,.F.);
#2320=ORIENTED_EDGE('',*,*,#4003,.F.);
#2321=ORIENTED_EDGE('',*,*,#4384,.F.);
#2322=ORIENTED_EDGE('',*,*,#4385,.T.);
#2323=ORIENTED_EDGE('',*,*,#4008,.F.);
#2324=ORIENTED_EDGE('',*,*,#4004,.T.);
#2325=ORIENTED_EDGE('',*,*,#4000,.F.);
#2326=ORIENTED_EDGE('',*,*,#4383,.T.);
#2327=ORIENTED_EDGE('',*,*,#4386,.F.);
#2328=ORIENTED_EDGE('',*,*,#4387,.F.);
#2329=ORIENTED_EDGE('',*,*,#4388,.F.);
#2330=ORIENTED_EDGE('',*,*,#4389,.F.);
#2331=ORIENTED_EDGE('',*,*,#4390,.F.);
#2332=ORIENTED_EDGE('',*,*,#4391,.T.);
#2333=ORIENTED_EDGE('',*,*,#4392,.T.);
#2334=ORIENTED_EDGE('',*,*,#4393,.F.);
#2335=ORIENTED_EDGE('',*,*,#4386,.T.);
#2336=ORIENTED_EDGE('',*,*,#4394,.F.);
#2337=ORIENTED_EDGE('',*,*,#4346,.T.);
#2338=ORIENTED_EDGE('',*,*,#4009,.F.);
#2339=ORIENTED_EDGE('',*,*,#4385,.F.);
#2340=ORIENTED_EDGE('',*,*,#4395,.F.);
#2341=ORIENTED_EDGE('',*,*,#4392,.F.);
#2342=ORIENTED_EDGE('',*,*,#4396,.F.);
#2343=ORIENTED_EDGE('',*,*,#4397,.T.);
#2344=ORIENTED_EDGE('',*,*,#4398,.T.);
#2345=ORIENTED_EDGE('',*,*,#4399,.F.);
#2346=ORIENTED_EDGE('',*,*,#4400,.F.);
#2347=ORIENTED_EDGE('',*,*,#4390,.T.);
#2348=ORIENTED_EDGE('',*,*,#4389,.T.);
#2349=ORIENTED_EDGE('',*,*,#4401,.F.);
#2350=ORIENTED_EDGE('',*,*,#4402,.F.);
#2351=ORIENTED_EDGE('',*,*,#4403,.F.);
#2352=ORIENTED_EDGE('',*,*,#4404,.F.);
#2353=ORIENTED_EDGE('',*,*,#4405,.F.);
#2354=ORIENTED_EDGE('',*,*,#4406,.F.);
#2355=ORIENTED_EDGE('',*,*,#4407,.F.);
#2356=ORIENTED_EDGE('',*,*,#4408,.F.);
#2357=ORIENTED_EDGE('',*,*,#4409,.F.);
#2358=ORIENTED_EDGE('',*,*,#4410,.F.);
#2359=ORIENTED_EDGE('',*,*,#4411,.F.);
#2360=ORIENTED_EDGE('',*,*,#4412,.F.);
#2361=ORIENTED_EDGE('',*,*,#4413,.F.);
#2362=ORIENTED_EDGE('',*,*,#4414,.F.);
#2363=ORIENTED_EDGE('',*,*,#4415,.F.);
#2364=ORIENTED_EDGE('',*,*,#4416,.F.);
#2365=ORIENTED_EDGE('',*,*,#4417,.F.);
#2366=ORIENTED_EDGE('',*,*,#4418,.F.);
#2367=ORIENTED_EDGE('',*,*,#4419,.T.);
#2368=ORIENTED_EDGE('',*,*,#4020,.T.);
#2369=ORIENTED_EDGE('',*,*,#4017,.T.);
#2370=ORIENTED_EDGE('',*,*,#4069,.T.);
#2371=ORIENTED_EDGE('',*,*,#4420,.T.);
#2372=ORIENTED_EDGE('',*,*,#4421,.F.);
#2373=ORIENTED_EDGE('',*,*,#4403,.T.);
#2374=ORIENTED_EDGE('',*,*,#4422,.T.);
#2375=ORIENTED_EDGE('',*,*,#4423,.T.);
#2376=ORIENTED_EDGE('',*,*,#4424,.F.);
#2377=ORIENTED_EDGE('',*,*,#4031,.T.);
#2378=ORIENTED_EDGE('',*,*,#4041,.T.);
#2379=ORIENTED_EDGE('',*,*,#4306,.T.);
#2380=ORIENTED_EDGE('',*,*,#4028,.T.);
#2381=ORIENTED_EDGE('',*,*,#4026,.T.);
#2382=ORIENTED_EDGE('',*,*,#4023,.F.);
#2383=ORIENTED_EDGE('',*,*,#4267,.T.);
#2384=ORIENTED_EDGE('',*,*,#4064,.T.);
#2385=ORIENTED_EDGE('',*,*,#4021,.T.);
#2386=ORIENTED_EDGE('',*,*,#4419,.F.);
#2387=ORIENTED_EDGE('',*,*,#4425,.T.);
#2388=ORIENTED_EDGE('',*,*,#4019,.F.);
#2389=ORIENTED_EDGE('',*,*,#4426,.T.);
#2390=ORIENTED_EDGE('',*,*,#4038,.T.);
#2391=ORIENTED_EDGE('',*,*,#4035,.T.);
#2392=ORIENTED_EDGE('',*,*,#4032,.T.);
#2393=ORIENTED_EDGE('',*,*,#4424,.T.);
#2394=ORIENTED_EDGE('',*,*,#4427,.F.);
#2395=ORIENTED_EDGE('',*,*,#4428,.F.);
#2396=ORIENTED_EDGE('',*,*,#4407,.T.);
#2397=ORIENTED_EDGE('',*,*,#4429,.T.);
#2398=ORIENTED_EDGE('',*,*,#4430,.T.);
#2399=ORIENTED_EDGE('',*,*,#4431,.F.);
#2400=ORIENTED_EDGE('',*,*,#4052,.T.);
#2401=ORIENTED_EDGE('',*,*,#4075,.T.);
#2402=ORIENTED_EDGE('',*,*,#4318,.T.);
#2403=ORIENTED_EDGE('',*,*,#4049,.T.);
#2404=ORIENTED_EDGE('',*,*,#4047,.T.);
#2405=ORIENTED_EDGE('',*,*,#4045,.F.);
#2406=ORIENTED_EDGE('',*,*,#4307,.T.);
#2407=ORIENTED_EDGE('',*,*,#4042,.T.);
#2408=ORIENTED_EDGE('',*,*,#4039,.T.);
#2409=ORIENTED_EDGE('',*,*,#4426,.F.);
#2410=ORIENTED_EDGE('',*,*,#4432,.T.);
#2411=ORIENTED_EDGE('',*,*,#4037,.F.);
#2412=ORIENTED_EDGE('',*,*,#4433,.F.);
#2413=ORIENTED_EDGE('',*,*,#3569,.T.);
#2414=ORIENTED_EDGE('',*,*,#3591,.T.);
#2415=ORIENTED_EDGE('',*,*,#4053,.T.);
#2416=ORIENTED_EDGE('',*,*,#4431,.T.);
#2417=ORIENTED_EDGE('',*,*,#4434,.F.);
#2418=ORIENTED_EDGE('',*,*,#3538,.T.);
#2419=ORIENTED_EDGE('',*,*,#3560,.T.);
#2420=ORIENTED_EDGE('',*,*,#4261,.T.);
#2421=ORIENTED_EDGE('',*,*,#4435,.T.);
#2422=ORIENTED_EDGE('',*,*,#4436,.F.);
#2423=ORIENTED_EDGE('',*,*,#4411,.T.);
#2424=ORIENTED_EDGE('',*,*,#4437,.T.);
#2425=ORIENTED_EDGE('',*,*,#4438,.T.);
#2426=ORIENTED_EDGE('',*,*,#4420,.F.);
#2427=ORIENTED_EDGE('',*,*,#4068,.T.);
#2428=ORIENTED_EDGE('',*,*,#4066,.T.);
#2429=ORIENTED_EDGE('',*,*,#4266,.T.);
#2430=ORIENTED_EDGE('',*,*,#4062,.T.);
#2431=ORIENTED_EDGE('',*,*,#4060,.T.);
#2432=ORIENTED_EDGE('',*,*,#4058,.F.);
#2433=ORIENTED_EDGE('',*,*,#4278,.T.);
#2434=ORIENTED_EDGE('',*,*,#4256,.T.);
#2435=ORIENTED_EDGE('',*,*,#4055,.T.);
#2436=ORIENTED_EDGE('',*,*,#3548,.F.);
#2437=ORIENTED_EDGE('',*,*,#3555,.T.);
#2438=ORIENTED_EDGE('',*,*,#4054,.F.);
#2439=ORIENTED_EDGE('',*,*,#4439,.F.);
#2440=ORIENTED_EDGE('',*,*,#4415,.T.);
#2441=ORIENTED_EDGE('',*,*,#4440,.T.);
#2442=ORIENTED_EDGE('',*,*,#4441,.T.);
#2443=ORIENTED_EDGE('',*,*,#4442,.F.);
#2444=ORIENTED_EDGE('',*,*,#4084,.T.);
#2445=ORIENTED_EDGE('',*,*,#4372,.T.);
#2446=ORIENTED_EDGE('',*,*,#4373,.T.);
#2447=ORIENTED_EDGE('',*,*,#4081,.T.);
#2448=ORIENTED_EDGE('',*,*,#4079,.T.);
#2449=ORIENTED_EDGE('',*,*,#4077,.F.);
#2450=ORIENTED_EDGE('',*,*,#4319,.T.);
#2451=ORIENTED_EDGE('',*,*,#4073,.T.);
#2452=ORIENTED_EDGE('',*,*,#4071,.T.);
#2453=ORIENTED_EDGE('',*,*,#3579,.F.);
#2454=ORIENTED_EDGE('',*,*,#3586,.T.);
#2455=ORIENTED_EDGE('',*,*,#4070,.F.);
#2456=ORIENTED_EDGE('',*,*,#4443,.F.);
#2457=ORIENTED_EDGE('',*,*,#4444,.T.);
#2458=ORIENTED_EDGE('',*,*,#4367,.T.);
#2459=ORIENTED_EDGE('',*,*,#4088,.T.);
#2460=ORIENTED_EDGE('',*,*,#4085,.T.);
#2461=ORIENTED_EDGE('',*,*,#4442,.T.);
#2462=ORIENTED_EDGE('',*,*,#4445,.F.);
#2463=ORIENTED_EDGE('',*,*,#4446,.F.);
#2464=ORIENTED_EDGE('',*,*,#4447,.F.);
#2465=ORIENTED_EDGE('',*,*,#4448,.F.);
#2466=ORIENTED_EDGE('',*,*,#4449,.F.);
#2467=ORIENTED_EDGE('',*,*,#4450,.F.);
#2468=ORIENTED_EDGE('',*,*,#4451,.F.);
#2469=ORIENTED_EDGE('',*,*,#4452,.F.);
#2470=ORIENTED_EDGE('',*,*,#4365,.F.);
#2471=ORIENTED_EDGE('',*,*,#4453,.T.);
#2472=ORIENTED_EDGE('',*,*,#3496,.T.);
#2473=ORIENTED_EDGE('',*,*,#4454,.F.);
#2474=ORIENTED_EDGE('',*,*,#4091,.T.);
#2475=ORIENTED_EDGE('',*,*,#4101,.F.);
#2476=ORIENTED_EDGE('',*,*,#4098,.T.);
#2477=ORIENTED_EDGE('',*,*,#4096,.T.);
#2478=ORIENTED_EDGE('',*,*,#4357,.T.);
#2479=ORIENTED_EDGE('',*,*,#4363,.F.);
#2480=ORIENTED_EDGE('',*,*,#4092,.T.);
#2481=ORIENTED_EDGE('',*,*,#4454,.T.);
#2482=ORIENTED_EDGE('',*,*,#3495,.T.);
#2483=ORIENTED_EDGE('',*,*,#4455,.T.);
#2484=ORIENTED_EDGE('',*,*,#4103,.T.);
#2485=ORIENTED_EDGE('',*,*,#4114,.F.);
#2486=ORIENTED_EDGE('',*,*,#4334,.T.);
#2487=ORIENTED_EDGE('',*,*,#4090,.F.);
#2488=ORIENTED_EDGE('',*,*,#4455,.F.);
#2489=ORIENTED_EDGE('',*,*,#3494,.T.);
#2490=ORIENTED_EDGE('',*,*,#4456,.F.);
#2491=ORIENTED_EDGE('',*,*,#4110,.T.);
#2492=ORIENTED_EDGE('',*,*,#4106,.F.);
#2493=ORIENTED_EDGE('',*,*,#4104,.T.);
#2494=ORIENTED_EDGE('',*,*,#4121,.F.);
#2495=ORIENTED_EDGE('',*,*,#4119,.T.);
#2496=ORIENTED_EDGE('',*,*,#4116,.T.);
#2497=ORIENTED_EDGE('',*,*,#4335,.T.);
#2498=ORIENTED_EDGE('',*,*,#4115,.F.);
#2499=ORIENTED_EDGE('',*,*,#4111,.T.);
#2500=ORIENTED_EDGE('',*,*,#4456,.T.);
#2501=ORIENTED_EDGE('',*,*,#3493,.T.);
#2502=ORIENTED_EDGE('',*,*,#4457,.T.);
#2503=ORIENTED_EDGE('',*,*,#4124,.T.);
#2504=ORIENTED_EDGE('',*,*,#4135,.F.);
#2505=ORIENTED_EDGE('',*,*,#4312,.T.);
#2506=ORIENTED_EDGE('',*,*,#4109,.F.);
#2507=ORIENTED_EDGE('',*,*,#4457,.F.);
#2508=ORIENTED_EDGE('',*,*,#3492,.T.);
#2509=ORIENTED_EDGE('',*,*,#4458,.F.);
#2510=ORIENTED_EDGE('',*,*,#4131,.T.);
#2511=ORIENTED_EDGE('',*,*,#4127,.F.);
#2512=ORIENTED_EDGE('',*,*,#4125,.T.);
#2513=ORIENTED_EDGE('',*,*,#4142,.F.);
#2514=ORIENTED_EDGE('',*,*,#4140,.T.);
#2515=ORIENTED_EDGE('',*,*,#4137,.T.);
#2516=ORIENTED_EDGE('',*,*,#4313,.T.);
#2517=ORIENTED_EDGE('',*,*,#4136,.F.);
#2518=ORIENTED_EDGE('',*,*,#4132,.T.);
#2519=ORIENTED_EDGE('',*,*,#4458,.T.);
#2520=ORIENTED_EDGE('',*,*,#3491,.T.);
#2521=ORIENTED_EDGE('',*,*,#4459,.T.);
#2522=ORIENTED_EDGE('',*,*,#4145,.T.);
#2523=ORIENTED_EDGE('',*,*,#4156,.F.);
#2524=ORIENTED_EDGE('',*,*,#4300,.T.);
#2525=ORIENTED_EDGE('',*,*,#4130,.F.);
#2526=ORIENTED_EDGE('',*,*,#4459,.F.);
#2527=ORIENTED_EDGE('',*,*,#3490,.T.);
#2528=ORIENTED_EDGE('',*,*,#4460,.F.);
#2529=ORIENTED_EDGE('',*,*,#4152,.T.);
#2530=ORIENTED_EDGE('',*,*,#4148,.F.);
#2531=ORIENTED_EDGE('',*,*,#4146,.T.);
#2532=ORIENTED_EDGE('',*,*,#4164,.F.);
#2533=ORIENTED_EDGE('',*,*,#4161,.T.);
#2534=ORIENTED_EDGE('',*,*,#4159,.T.);
#2535=ORIENTED_EDGE('',*,*,#4301,.T.);
#2536=ORIENTED_EDGE('',*,*,#4157,.F.);
#2537=ORIENTED_EDGE('',*,*,#4153,.T.);
#2538=ORIENTED_EDGE('',*,*,#4460,.T.);
#2539=ORIENTED_EDGE('',*,*,#3489,.T.);
#2540=ORIENTED_EDGE('',*,*,#4461,.T.);
#2541=ORIENTED_EDGE('',*,*,#4166,.T.);
#2542=ORIENTED_EDGE('',*,*,#4176,.F.);
#2543=ORIENTED_EDGE('',*,*,#4272,.T.);
#2544=ORIENTED_EDGE('',*,*,#4151,.F.);
#2545=ORIENTED_EDGE('',*,*,#4462,.F.);
#2546=ORIENTED_EDGE('',*,*,#4173,.T.);
#2547=ORIENTED_EDGE('',*,*,#4169,.F.);
#2548=ORIENTED_EDGE('',*,*,#4167,.T.);
#2549=ORIENTED_EDGE('',*,*,#4461,.F.);
#2550=ORIENTED_EDGE('',*,*,#3488,.T.);
#2551=ORIENTED_EDGE('',*,*,#4184,.F.);
#2552=ORIENTED_EDGE('',*,*,#4182,.T.);
#2553=ORIENTED_EDGE('',*,*,#4179,.T.);
#2554=ORIENTED_EDGE('',*,*,#4273,.T.);
#2555=ORIENTED_EDGE('',*,*,#4177,.F.);
#2556=ORIENTED_EDGE('',*,*,#4174,.T.);
#2557=ORIENTED_EDGE('',*,*,#4462,.T.);
#2558=ORIENTED_EDGE('',*,*,#3487,.T.);
#2559=ORIENTED_EDGE('',*,*,#4463,.T.);
#2560=ORIENTED_EDGE('',*,*,#4187,.T.);
#2561=ORIENTED_EDGE('',*,*,#4198,.F.);
#2562=ORIENTED_EDGE('',*,*,#4285,.T.);
#2563=ORIENTED_EDGE('',*,*,#4172,.F.);
#2564=ORIENTED_EDGE('',*,*,#4463,.F.);
#2565=ORIENTED_EDGE('',*,*,#3486,.T.);
#2566=ORIENTED_EDGE('',*,*,#4464,.F.);
#2567=ORIENTED_EDGE('',*,*,#4194,.T.);
#2568=ORIENTED_EDGE('',*,*,#4190,.F.);
#2569=ORIENTED_EDGE('',*,*,#4188,.T.);
#2570=ORIENTED_EDGE('',*,*,#4465,.F.);
#2571=ORIENTED_EDGE('',*,*,#4201,.T.);
#2572=ORIENTED_EDGE('',*,*,#4211,.T.);
#2573=ORIENTED_EDGE('',*,*,#4286,.T.);
#2574=ORIENTED_EDGE('',*,*,#4199,.F.);
#2575=ORIENTED_EDGE('',*,*,#4195,.T.);
#2576=ORIENTED_EDGE('',*,*,#4464,.T.);
#2577=ORIENTED_EDGE('',*,*,#3485,.T.);
#2578=ORIENTED_EDGE('',*,*,#4193,.F.);
#2579=ORIENTED_EDGE('',*,*,#4466,.T.);
#2580=ORIENTED_EDGE('',*,*,#4208,.T.);
#2581=ORIENTED_EDGE('',*,*,#4205,.T.);
#2582=ORIENTED_EDGE('',*,*,#4202,.T.);
#2583=ORIENTED_EDGE('',*,*,#4465,.T.);
#2584=ORIENTED_EDGE('',*,*,#3484,.F.);
#2585=ORIENTED_EDGE('',*,*,#4467,.F.);
#2586=ORIENTED_EDGE('',*,*,#4222,.T.);
#2587=ORIENTED_EDGE('',*,*,#4232,.T.);
#2588=ORIENTED_EDGE('',*,*,#4324,.T.);
#2589=ORIENTED_EDGE('',*,*,#4220,.F.);
#2590=ORIENTED_EDGE('',*,*,#4217,.T.);
#2591=ORIENTED_EDGE('',*,*,#4215,.T.);
#2592=ORIENTED_EDGE('',*,*,#4287,.T.);
#2593=ORIENTED_EDGE('',*,*,#4212,.T.);
#2594=ORIENTED_EDGE('',*,*,#4209,.T.);
#2595=ORIENTED_EDGE('',*,*,#4466,.F.);
#2596=ORIENTED_EDGE('',*,*,#3483,.T.);
#2597=ORIENTED_EDGE('',*,*,#4207,.F.);
#2598=ORIENTED_EDGE('',*,*,#4468,.T.);
#2599=ORIENTED_EDGE('',*,*,#4229,.T.);
#2600=ORIENTED_EDGE('',*,*,#4226,.T.);
#2601=ORIENTED_EDGE('',*,*,#4223,.T.);
#2602=ORIENTED_EDGE('',*,*,#4467,.T.);
#2603=ORIENTED_EDGE('',*,*,#3482,.F.);
#2604=ORIENTED_EDGE('',*,*,#4469,.F.);
#2605=ORIENTED_EDGE('',*,*,#4243,.T.);
#2606=ORIENTED_EDGE('',*,*,#4253,.T.);
#2607=ORIENTED_EDGE('',*,*,#4279,.T.);
#2608=ORIENTED_EDGE('',*,*,#4241,.F.);
#2609=ORIENTED_EDGE('',*,*,#4238,.T.);
#2610=ORIENTED_EDGE('',*,*,#4236,.T.);
#2611=ORIENTED_EDGE('',*,*,#4325,.T.);
#2612=ORIENTED_EDGE('',*,*,#4233,.T.);
#2613=ORIENTED_EDGE('',*,*,#4230,.T.);
#2614=ORIENTED_EDGE('',*,*,#4468,.F.);
#2615=ORIENTED_EDGE('',*,*,#3481,.T.);
#2616=ORIENTED_EDGE('',*,*,#4228,.F.);
#2617=ORIENTED_EDGE('',*,*,#4470,.T.);
#2618=ORIENTED_EDGE('',*,*,#4250,.T.);
#2619=ORIENTED_EDGE('',*,*,#4247,.T.);
#2620=ORIENTED_EDGE('',*,*,#4244,.T.);
#2621=ORIENTED_EDGE('',*,*,#4469,.T.);
#2622=ORIENTED_EDGE('',*,*,#3480,.F.);
#2623=ORIENTED_EDGE('',*,*,#4471,.F.);
#2624=ORIENTED_EDGE('',*,*,#4450,.T.);
#2625=ORIENTED_EDGE('',*,*,#4472,.T.);
#2626=ORIENTED_EDGE('',*,*,#4473,.T.);
#2627=ORIENTED_EDGE('',*,*,#4435,.F.);
#2628=ORIENTED_EDGE('',*,*,#4260,.T.);
#2629=ORIENTED_EDGE('',*,*,#4258,.T.);
#2630=ORIENTED_EDGE('',*,*,#4280,.T.);
#2631=ORIENTED_EDGE('',*,*,#4254,.T.);
#2632=ORIENTED_EDGE('',*,*,#4251,.T.);
#2633=ORIENTED_EDGE('',*,*,#4470,.F.);
#2634=ORIENTED_EDGE('',*,*,#3479,.T.);
#2635=ORIENTED_EDGE('',*,*,#4249,.F.);
#2636=ORIENTED_EDGE('',*,*,#4474,.T.);
#2637=ORIENTED_EDGE('',*,*,#4264,.T.);
#2638=ORIENTED_EDGE('',*,*,#4475,.F.);
#2639=ORIENTED_EDGE('',*,*,#3403,.F.);
#2640=ORIENTED_EDGE('',*,*,#4476,.T.);
#2641=ORIENTED_EDGE('',*,*,#4265,.T.);
#2642=ORIENTED_EDGE('',*,*,#4474,.F.);
#2643=ORIENTED_EDGE('',*,*,#3402,.F.);
#2644=ORIENTED_EDGE('',*,*,#3401,.T.);
#2645=ORIENTED_EDGE('',*,*,#4477,.T.);
#2646=ORIENTED_EDGE('',*,*,#4262,.F.);
#2647=ORIENTED_EDGE('',*,*,#4476,.F.);
#2648=ORIENTED_EDGE('',*,*,#3400,.T.);
#2649=ORIENTED_EDGE('',*,*,#4475,.T.);
#2650=ORIENTED_EDGE('',*,*,#4263,.F.);
#2651=ORIENTED_EDGE('',*,*,#4477,.F.);
#2652=ORIENTED_EDGE('',*,*,#4478,.T.);
#2653=ORIENTED_EDGE('',*,*,#4270,.T.);
#2654=ORIENTED_EDGE('',*,*,#4479,.F.);
#2655=ORIENTED_EDGE('',*,*,#3407,.F.);
#2656=ORIENTED_EDGE('',*,*,#4480,.T.);
#2657=ORIENTED_EDGE('',*,*,#4271,.T.);
#2658=ORIENTED_EDGE('',*,*,#4478,.F.);
#2659=ORIENTED_EDGE('',*,*,#3406,.F.);
#2660=ORIENTED_EDGE('',*,*,#3405,.T.);
#2661=ORIENTED_EDGE('',*,*,#4481,.T.);
#2662=ORIENTED_EDGE('',*,*,#4268,.F.);
#2663=ORIENTED_EDGE('',*,*,#4480,.F.);
#2664=ORIENTED_EDGE('',*,*,#3404,.T.);
#2665=ORIENTED_EDGE('',*,*,#4479,.T.);
#2666=ORIENTED_EDGE('',*,*,#4269,.F.);
#2667=ORIENTED_EDGE('',*,*,#4481,.F.);
#2668=ORIENTED_EDGE('',*,*,#4482,.T.);
#2669=ORIENTED_EDGE('',*,*,#4276,.T.);
#2670=ORIENTED_EDGE('',*,*,#4483,.F.);
#2671=ORIENTED_EDGE('',*,*,#3411,.F.);
#2672=ORIENTED_EDGE('',*,*,#4484,.T.);
#2673=ORIENTED_EDGE('',*,*,#4277,.T.);
#2674=ORIENTED_EDGE('',*,*,#4482,.F.);
#2675=ORIENTED_EDGE('',*,*,#3410,.F.);
#2676=ORIENTED_EDGE('',*,*,#3409,.T.);
#2677=ORIENTED_EDGE('',*,*,#4485,.T.);
#2678=ORIENTED_EDGE('',*,*,#4274,.F.);
#2679=ORIENTED_EDGE('',*,*,#4484,.F.);
#2680=ORIENTED_EDGE('',*,*,#3408,.T.);
#2681=ORIENTED_EDGE('',*,*,#4483,.T.);
#2682=ORIENTED_EDGE('',*,*,#4275,.F.);
#2683=ORIENTED_EDGE('',*,*,#4485,.F.);
#2684=ORIENTED_EDGE('',*,*,#4486,.T.);
#2685=ORIENTED_EDGE('',*,*,#4283,.T.);
#2686=ORIENTED_EDGE('',*,*,#4487,.F.);
#2687=ORIENTED_EDGE('',*,*,#3415,.F.);
#2688=ORIENTED_EDGE('',*,*,#4488,.T.);
#2689=ORIENTED_EDGE('',*,*,#4284,.T.);
#2690=ORIENTED_EDGE('',*,*,#4486,.F.);
#2691=ORIENTED_EDGE('',*,*,#3414,.F.);
#2692=ORIENTED_EDGE('',*,*,#3413,.T.);
#2693=ORIENTED_EDGE('',*,*,#4489,.T.);
#2694=ORIENTED_EDGE('',*,*,#4281,.F.);
#2695=ORIENTED_EDGE('',*,*,#4488,.F.);
#2696=ORIENTED_EDGE('',*,*,#3412,.T.);
#2697=ORIENTED_EDGE('',*,*,#4487,.T.);
#2698=ORIENTED_EDGE('',*,*,#4282,.F.);
#2699=ORIENTED_EDGE('',*,*,#4489,.F.);
#2700=ORIENTED_EDGE('',*,*,#4490,.T.);
#2701=ORIENTED_EDGE('',*,*,#4290,.T.);
#2702=ORIENTED_EDGE('',*,*,#4491,.F.);
#2703=ORIENTED_EDGE('',*,*,#3419,.F.);
#2704=ORIENTED_EDGE('',*,*,#4492,.T.);
#2705=ORIENTED_EDGE('',*,*,#4291,.T.);
#2706=ORIENTED_EDGE('',*,*,#4490,.F.);
#2707=ORIENTED_EDGE('',*,*,#3418,.F.);
#2708=ORIENTED_EDGE('',*,*,#3417,.T.);
#2709=ORIENTED_EDGE('',*,*,#4493,.T.);
#2710=ORIENTED_EDGE('',*,*,#4288,.F.);
#2711=ORIENTED_EDGE('',*,*,#4492,.F.);
#2712=ORIENTED_EDGE('',*,*,#3416,.T.);
#2713=ORIENTED_EDGE('',*,*,#4491,.T.);
#2714=ORIENTED_EDGE('',*,*,#4289,.F.);
#2715=ORIENTED_EDGE('',*,*,#4493,.F.);
#2716=ORIENTED_EDGE('',*,*,#4494,.T.);
#2717=ORIENTED_EDGE('',*,*,#4294,.T.);
#2718=ORIENTED_EDGE('',*,*,#4495,.F.);
#2719=ORIENTED_EDGE('',*,*,#3423,.F.);
#2720=ORIENTED_EDGE('',*,*,#4496,.T.);
#2721=ORIENTED_EDGE('',*,*,#4295,.T.);
#2722=ORIENTED_EDGE('',*,*,#4494,.F.);
#2723=ORIENTED_EDGE('',*,*,#3422,.F.);
#2724=ORIENTED_EDGE('',*,*,#3421,.T.);
#2725=ORIENTED_EDGE('',*,*,#4497,.T.);
#2726=ORIENTED_EDGE('',*,*,#4292,.F.);
#2727=ORIENTED_EDGE('',*,*,#4496,.F.);
#2728=ORIENTED_EDGE('',*,*,#3420,.T.);
#2729=ORIENTED_EDGE('',*,*,#4495,.T.);
#2730=ORIENTED_EDGE('',*,*,#4293,.F.);
#2731=ORIENTED_EDGE('',*,*,#4497,.F.);
#2732=ORIENTED_EDGE('',*,*,#4498,.T.);
#2733=ORIENTED_EDGE('',*,*,#4298,.T.);
#2734=ORIENTED_EDGE('',*,*,#4499,.F.);
#2735=ORIENTED_EDGE('',*,*,#3427,.F.);
#2736=ORIENTED_EDGE('',*,*,#4500,.T.);
#2737=ORIENTED_EDGE('',*,*,#4299,.T.);
#2738=ORIENTED_EDGE('',*,*,#4498,.F.);
#2739=ORIENTED_EDGE('',*,*,#3426,.F.);
#2740=ORIENTED_EDGE('',*,*,#3425,.T.);
#2741=ORIENTED_EDGE('',*,*,#4501,.T.);
#2742=ORIENTED_EDGE('',*,*,#4296,.F.);
#2743=ORIENTED_EDGE('',*,*,#4500,.F.);
#2744=ORIENTED_EDGE('',*,*,#3424,.T.);
#2745=ORIENTED_EDGE('',*,*,#4499,.T.);
#2746=ORIENTED_EDGE('',*,*,#4297,.F.);
#2747=ORIENTED_EDGE('',*,*,#4501,.F.);
#2748=ORIENTED_EDGE('',*,*,#4502,.T.);
#2749=ORIENTED_EDGE('',*,*,#4304,.T.);
#2750=ORIENTED_EDGE('',*,*,#4503,.F.);
#2751=ORIENTED_EDGE('',*,*,#3431,.F.);
#2752=ORIENTED_EDGE('',*,*,#4504,.T.);
#2753=ORIENTED_EDGE('',*,*,#4305,.T.);
#2754=ORIENTED_EDGE('',*,*,#4502,.F.);
#2755=ORIENTED_EDGE('',*,*,#3430,.F.);
#2756=ORIENTED_EDGE('',*,*,#3429,.T.);
#2757=ORIENTED_EDGE('',*,*,#4505,.T.);
#2758=ORIENTED_EDGE('',*,*,#4302,.F.);
#2759=ORIENTED_EDGE('',*,*,#4504,.F.);
#2760=ORIENTED_EDGE('',*,*,#3428,.T.);
#2761=ORIENTED_EDGE('',*,*,#4503,.T.);
#2762=ORIENTED_EDGE('',*,*,#4303,.F.);
#2763=ORIENTED_EDGE('',*,*,#4505,.F.);
#2764=ORIENTED_EDGE('',*,*,#4506,.T.);
#2765=ORIENTED_EDGE('',*,*,#4310,.T.);
#2766=ORIENTED_EDGE('',*,*,#4507,.F.);
#2767=ORIENTED_EDGE('',*,*,#3435,.F.);
#2768=ORIENTED_EDGE('',*,*,#4508,.T.);
#2769=ORIENTED_EDGE('',*,*,#4311,.T.);
#2770=ORIENTED_EDGE('',*,*,#4506,.F.);
#2771=ORIENTED_EDGE('',*,*,#3434,.F.);
#2772=ORIENTED_EDGE('',*,*,#3433,.T.);
#2773=ORIENTED_EDGE('',*,*,#4509,.T.);
#2774=ORIENTED_EDGE('',*,*,#4308,.F.);
#2775=ORIENTED_EDGE('',*,*,#4508,.F.);
#2776=ORIENTED_EDGE('',*,*,#3432,.T.);
#2777=ORIENTED_EDGE('',*,*,#4507,.T.);
#2778=ORIENTED_EDGE('',*,*,#4309,.F.);
#2779=ORIENTED_EDGE('',*,*,#4509,.F.);
#2780=ORIENTED_EDGE('',*,*,#4510,.T.);
#2781=ORIENTED_EDGE('',*,*,#4316,.T.);
#2782=ORIENTED_EDGE('',*,*,#4511,.F.);
#2783=ORIENTED_EDGE('',*,*,#3439,.F.);
#2784=ORIENTED_EDGE('',*,*,#4512,.T.);
#2785=ORIENTED_EDGE('',*,*,#4317,.T.);
#2786=ORIENTED_EDGE('',*,*,#4510,.F.);
#2787=ORIENTED_EDGE('',*,*,#3438,.F.);
#2788=ORIENTED_EDGE('',*,*,#3437,.T.);
#2789=ORIENTED_EDGE('',*,*,#4513,.T.);
#2790=ORIENTED_EDGE('',*,*,#4314,.F.);
#2791=ORIENTED_EDGE('',*,*,#4512,.F.);
#2792=ORIENTED_EDGE('',*,*,#3436,.T.);
#2793=ORIENTED_EDGE('',*,*,#4511,.T.);
#2794=ORIENTED_EDGE('',*,*,#4315,.F.);
#2795=ORIENTED_EDGE('',*,*,#4513,.F.);
#2796=ORIENTED_EDGE('',*,*,#4514,.T.);
#2797=ORIENTED_EDGE('',*,*,#4322,.T.);
#2798=ORIENTED_EDGE('',*,*,#4515,.F.);
#2799=ORIENTED_EDGE('',*,*,#3443,.F.);
#2800=ORIENTED_EDGE('',*,*,#4516,.T.);
#2801=ORIENTED_EDGE('',*,*,#4323,.T.);
#2802=ORIENTED_EDGE('',*,*,#4514,.F.);
#2803=ORIENTED_EDGE('',*,*,#3442,.F.);
#2804=ORIENTED_EDGE('',*,*,#3441,.T.);
#2805=ORIENTED_EDGE('',*,*,#4517,.T.);
#2806=ORIENTED_EDGE('',*,*,#4320,.F.);
#2807=ORIENTED_EDGE('',*,*,#4516,.F.);
#2808=ORIENTED_EDGE('',*,*,#3440,.T.);
#2809=ORIENTED_EDGE('',*,*,#4515,.T.);
#2810=ORIENTED_EDGE('',*,*,#4321,.F.);
#2811=ORIENTED_EDGE('',*,*,#4517,.F.);
#2812=ORIENTED_EDGE('',*,*,#4518,.T.);
#2813=ORIENTED_EDGE('',*,*,#4328,.T.);
#2814=ORIENTED_EDGE('',*,*,#4519,.F.);
#2815=ORIENTED_EDGE('',*,*,#3447,.F.);
#2816=ORIENTED_EDGE('',*,*,#4520,.T.);
#2817=ORIENTED_EDGE('',*,*,#4329,.T.);
#2818=ORIENTED_EDGE('',*,*,#4518,.F.);
#2819=ORIENTED_EDGE('',*,*,#3446,.F.);
#2820=ORIENTED_EDGE('',*,*,#3445,.T.);
#2821=ORIENTED_EDGE('',*,*,#4521,.T.);
#2822=ORIENTED_EDGE('',*,*,#4326,.F.);
#2823=ORIENTED_EDGE('',*,*,#4520,.F.);
#2824=ORIENTED_EDGE('',*,*,#3444,.T.);
#2825=ORIENTED_EDGE('',*,*,#4519,.T.);
#2826=ORIENTED_EDGE('',*,*,#4327,.F.);
#2827=ORIENTED_EDGE('',*,*,#4521,.F.);
#2828=ORIENTED_EDGE('',*,*,#4522,.T.);
#2829=ORIENTED_EDGE('',*,*,#4332,.T.);
#2830=ORIENTED_EDGE('',*,*,#4523,.F.);
#2831=ORIENTED_EDGE('',*,*,#3451,.F.);
#2832=ORIENTED_EDGE('',*,*,#4524,.T.);
#2833=ORIENTED_EDGE('',*,*,#4333,.T.);
#2834=ORIENTED_EDGE('',*,*,#4522,.F.);
#2835=ORIENTED_EDGE('',*,*,#3450,.F.);
#2836=ORIENTED_EDGE('',*,*,#3449,.T.);
#2837=ORIENTED_EDGE('',*,*,#4525,.T.);
#2838=ORIENTED_EDGE('',*,*,#4330,.F.);
#2839=ORIENTED_EDGE('',*,*,#4524,.F.);
#2840=ORIENTED_EDGE('',*,*,#3448,.T.);
#2841=ORIENTED_EDGE('',*,*,#4523,.T.);
#2842=ORIENTED_EDGE('',*,*,#4331,.F.);
#2843=ORIENTED_EDGE('',*,*,#4525,.F.);
#2844=ORIENTED_EDGE('',*,*,#4526,.T.);
#2845=ORIENTED_EDGE('',*,*,#4378,.T.);
#2846=ORIENTED_EDGE('',*,*,#4527,.F.);
#2847=ORIENTED_EDGE('',*,*,#3455,.F.);
#2848=ORIENTED_EDGE('',*,*,#4528,.T.);
#2849=ORIENTED_EDGE('',*,*,#4379,.T.);
#2850=ORIENTED_EDGE('',*,*,#4526,.F.);
#2851=ORIENTED_EDGE('',*,*,#3454,.F.);
#2852=ORIENTED_EDGE('',*,*,#3453,.T.);
#2853=ORIENTED_EDGE('',*,*,#4529,.T.);
#2854=ORIENTED_EDGE('',*,*,#4376,.F.);
#2855=ORIENTED_EDGE('',*,*,#4528,.F.);
#2856=ORIENTED_EDGE('',*,*,#3452,.T.);
#2857=ORIENTED_EDGE('',*,*,#4527,.T.);
#2858=ORIENTED_EDGE('',*,*,#4377,.F.);
#2859=ORIENTED_EDGE('',*,*,#4529,.F.);
#2860=ORIENTED_EDGE('',*,*,#4530,.T.);
#2861=ORIENTED_EDGE('',*,*,#4338,.T.);
#2862=ORIENTED_EDGE('',*,*,#4531,.F.);
#2863=ORIENTED_EDGE('',*,*,#3459,.F.);
#2864=ORIENTED_EDGE('',*,*,#4532,.T.);
#2865=ORIENTED_EDGE('',*,*,#4339,.T.);
#2866=ORIENTED_EDGE('',*,*,#4530,.F.);
#2867=ORIENTED_EDGE('',*,*,#3458,.F.);
#2868=ORIENTED_EDGE('',*,*,#3457,.T.);
#2869=ORIENTED_EDGE('',*,*,#4533,.T.);
#2870=ORIENTED_EDGE('',*,*,#4336,.F.);
#2871=ORIENTED_EDGE('',*,*,#4532,.F.);
#2872=ORIENTED_EDGE('',*,*,#3456,.T.);
#2873=ORIENTED_EDGE('',*,*,#4531,.T.);
#2874=ORIENTED_EDGE('',*,*,#4337,.F.);
#2875=ORIENTED_EDGE('',*,*,#4533,.F.);
#2876=ORIENTED_EDGE('',*,*,#4534,.F.);
#2877=ORIENTED_EDGE('',*,*,#3365,.T.);
#2878=ORIENTED_EDGE('',*,*,#4535,.T.);
#2879=ORIENTED_EDGE('',*,*,#4397,.F.);
#2880=ORIENTED_EDGE('',*,*,#3364,.T.);
#2881=ORIENTED_EDGE('',*,*,#4536,.T.);
#2882=ORIENTED_EDGE('',*,*,#4398,.F.);
#2883=ORIENTED_EDGE('',*,*,#4535,.F.);
#2884=ORIENTED_EDGE('',*,*,#3363,.F.);
#2885=ORIENTED_EDGE('',*,*,#4537,.T.);
#2886=ORIENTED_EDGE('',*,*,#4399,.T.);
#2887=ORIENTED_EDGE('',*,*,#4536,.F.);
#2888=ORIENTED_EDGE('',*,*,#3362,.F.);
#2889=ORIENTED_EDGE('',*,*,#4538,.T.);
#2890=ORIENTED_EDGE('',*,*,#4352,.T.);
#2891=ORIENTED_EDGE('',*,*,#4343,.F.);
#2892=ORIENTED_EDGE('',*,*,#4340,.T.);
#2893=ORIENTED_EDGE('',*,*,#4345,.T.);
#2894=ORIENTED_EDGE('',*,*,#4394,.T.);
#2895=ORIENTED_EDGE('',*,*,#4537,.F.);
#2896=ORIENTED_EDGE('',*,*,#3524,.F.);
#2897=ORIENTED_EDGE('',*,*,#3353,.T.);
#2898=ORIENTED_EDGE('',*,*,#4539,.T.);
#2899=ORIENTED_EDGE('',*,*,#4358,.F.);
#2900=ORIENTED_EDGE('',*,*,#3352,.T.);
#2901=ORIENTED_EDGE('',*,*,#4540,.T.);
#2902=ORIENTED_EDGE('',*,*,#4359,.F.);
#2903=ORIENTED_EDGE('',*,*,#4539,.F.);
#2904=ORIENTED_EDGE('',*,*,#3351,.F.);
#2905=ORIENTED_EDGE('',*,*,#4541,.T.);
#2906=ORIENTED_EDGE('',*,*,#4360,.T.);
#2907=ORIENTED_EDGE('',*,*,#4540,.F.);
#2908=ORIENTED_EDGE('',*,*,#4364,.T.);
#2909=ORIENTED_EDGE('',*,*,#4361,.T.);
#2910=ORIENTED_EDGE('',*,*,#4355,.T.);
#2911=ORIENTED_EDGE('',*,*,#4541,.F.);
#2912=ORIENTED_EDGE('',*,*,#3350,.F.);
#2913=ORIENTED_EDGE('',*,*,#4542,.F.);
#2914=ORIENTED_EDGE('',*,*,#3497,.T.);
#2915=ORIENTED_EDGE('',*,*,#4453,.F.);
#2916=ORIENTED_EDGE('',*,*,#3349,.T.);
#2917=ORIENTED_EDGE('',*,*,#4543,.T.);
#2918=ORIENTED_EDGE('',*,*,#3498,.F.);
#2919=ORIENTED_EDGE('',*,*,#4542,.T.);
#2920=ORIENTED_EDGE('',*,*,#3540,.F.);
#2921=ORIENTED_EDGE('',*,*,#4544,.T.);
#2922=ORIENTED_EDGE('',*,*,#4545,.F.);
#2923=ORIENTED_EDGE('',*,*,#3395,.F.);
#2924=ORIENTED_EDGE('',*,*,#4546,.T.);
#2925=ORIENTED_EDGE('',*,*,#4547,.T.);
#2926=ORIENTED_EDGE('',*,*,#4548,.F.);
#2927=ORIENTED_EDGE('',*,*,#3387,.F.);
#2928=ORIENTED_EDGE('',*,*,#4549,.T.);
#2929=ORIENTED_EDGE('',*,*,#4550,.T.);
#2930=ORIENTED_EDGE('',*,*,#4551,.F.);
#2931=ORIENTED_EDGE('',*,*,#3383,.F.);
#2932=ORIENTED_EDGE('',*,*,#3571,.F.);
#2933=ORIENTED_EDGE('',*,*,#4552,.T.);
#2934=ORIENTED_EDGE('',*,*,#4553,.F.);
#2935=ORIENTED_EDGE('',*,*,#3379,.F.);
#2936=ORIENTED_EDGE('',*,*,#4554,.T.);
#2937=ORIENTED_EDGE('',*,*,#4555,.T.);
#2938=ORIENTED_EDGE('',*,*,#4556,.F.);
#2939=ORIENTED_EDGE('',*,*,#3371,.F.);
#2940=ORIENTED_EDGE('',*,*,#4557,.F.);
#2941=ORIENTED_EDGE('',*,*,#4446,.T.);
#2942=ORIENTED_EDGE('',*,*,#4558,.T.);
#2943=ORIENTED_EDGE('',*,*,#4559,.T.);
#2944=ORIENTED_EDGE('',*,*,#4560,.F.);
#2945=ORIENTED_EDGE('',*,*,#4387,.T.);
#2946=ORIENTED_EDGE('',*,*,#4393,.T.);
#2947=ORIENTED_EDGE('',*,*,#4395,.T.);
#2948=ORIENTED_EDGE('',*,*,#4384,.T.);
#2949=ORIENTED_EDGE('',*,*,#4382,.T.);
#2950=ORIENTED_EDGE('',*,*,#4380,.F.);
#2951=ORIENTED_EDGE('',*,*,#4374,.T.);
#2952=ORIENTED_EDGE('',*,*,#4370,.T.);
#2953=ORIENTED_EDGE('',*,*,#4368,.T.);
#2954=ORIENTED_EDGE('',*,*,#4444,.F.);
#2955=ORIENTED_EDGE('',*,*,#4561,.T.);
#2956=ORIENTED_EDGE('',*,*,#4366,.F.);
#2957=ORIENTED_EDGE('',*,*,#4562,.F.);
#2958=ORIENTED_EDGE('',*,*,#4401,.T.);
#2959=ORIENTED_EDGE('',*,*,#4388,.T.);
#2960=ORIENTED_EDGE('',*,*,#4560,.T.);
#2961=ORIENTED_EDGE('',*,*,#4563,.F.);
#2962=ORIENTED_EDGE('',*,*,#4400,.T.);
#2963=ORIENTED_EDGE('',*,*,#4562,.T.);
#2964=ORIENTED_EDGE('',*,*,#4564,.T.);
#2965=ORIENTED_EDGE('',*,*,#4565,.F.);
#2966=ORIENTED_EDGE('',*,*,#3366,.F.);
#2967=ORIENTED_EDGE('',*,*,#4534,.T.);
#2968=ORIENTED_EDGE('',*,*,#4396,.T.);
#2969=ORIENTED_EDGE('',*,*,#4391,.F.);
#2970=ORIENTED_EDGE('',*,*,#3367,.F.);
#2971=ORIENTED_EDGE('',*,*,#4565,.T.);
#2972=ORIENTED_EDGE('',*,*,#4566,.T.);
#2973=ORIENTED_EDGE('',*,*,#4567,.F.);
#2974=ORIENTED_EDGE('',*,*,#4568,.F.);
#2975=ORIENTED_EDGE('',*,*,#4569,.T.);
#2976=ORIENTED_EDGE('',*,*,#4566,.F.);
#2977=ORIENTED_EDGE('',*,*,#4564,.F.);
#2978=ORIENTED_EDGE('',*,*,#4563,.T.);
#2979=ORIENTED_EDGE('',*,*,#4559,.F.);
#2980=ORIENTED_EDGE('',*,*,#4570,.F.);
#2981=ORIENTED_EDGE('',*,*,#4571,.F.);
#2982=ORIENTED_EDGE('',*,*,#3368,.T.);
#2983=ORIENTED_EDGE('',*,*,#4567,.T.);
#2984=ORIENTED_EDGE('',*,*,#4569,.F.);
#2985=ORIENTED_EDGE('',*,*,#3344,.T.);
#2986=ORIENTED_EDGE('',*,*,#4572,.T.);
#2987=ORIENTED_EDGE('',*,*,#3503,.F.);
#2988=ORIENTED_EDGE('',*,*,#3520,.T.);
#2989=ORIENTED_EDGE('',*,*,#4573,.F.);
#2990=ORIENTED_EDGE('',*,*,#4574,.T.);
#2991=ORIENTED_EDGE('',*,*,#4451,.T.);
#2992=ORIENTED_EDGE('',*,*,#4471,.T.);
#2993=ORIENTED_EDGE('',*,*,#3478,.F.);
#2994=ORIENTED_EDGE('',*,*,#4575,.F.);
#2995=ORIENTED_EDGE('',*,*,#3372,.T.);
#2996=ORIENTED_EDGE('',*,*,#4556,.T.);
#2997=ORIENTED_EDGE('',*,*,#4576,.F.);
#2998=ORIENTED_EDGE('',*,*,#3370,.F.);
#2999=ORIENTED_EDGE('',*,*,#4577,.T.);
#3000=ORIENTED_EDGE('',*,*,#4578,.T.);
#3001=ORIENTED_EDGE('',*,*,#4554,.F.);
#3002=ORIENTED_EDGE('',*,*,#4579,.F.);
#3003=ORIENTED_EDGE('',*,*,#3396,.T.);
#3004=ORIENTED_EDGE('',*,*,#4545,.T.);
#3005=ORIENTED_EDGE('',*,*,#4580,.F.);
#3006=ORIENTED_EDGE('',*,*,#3390,.F.);
#3007=ORIENTED_EDGE('',*,*,#4581,.T.);
#3008=ORIENTED_EDGE('',*,*,#3552,.T.);
#3009=ORIENTED_EDGE('',*,*,#3556,.F.);
#3010=ORIENTED_EDGE('',*,*,#4582,.F.);
#3011=ORIENTED_EDGE('',*,*,#3380,.T.);
#3012=ORIENTED_EDGE('',*,*,#4553,.T.);
#3013=ORIENTED_EDGE('',*,*,#4583,.F.);
#3014=ORIENTED_EDGE('',*,*,#3374,.F.);
#3015=ORIENTED_EDGE('',*,*,#4584,.T.);
#3016=ORIENTED_EDGE('',*,*,#3583,.T.);
#3017=ORIENTED_EDGE('',*,*,#3587,.F.);
#3018=ORIENTED_EDGE('',*,*,#4585,.F.);
#3019=ORIENTED_EDGE('',*,*,#3384,.T.);
#3020=ORIENTED_EDGE('',*,*,#4551,.T.);
#3021=ORIENTED_EDGE('',*,*,#4586,.F.);
#3022=ORIENTED_EDGE('',*,*,#3382,.F.);
#3023=ORIENTED_EDGE('',*,*,#4587,.T.);
#3024=ORIENTED_EDGE('',*,*,#4588,.T.);
#3025=ORIENTED_EDGE('',*,*,#4549,.F.);
#3026=ORIENTED_EDGE('',*,*,#4589,.F.);
#3027=ORIENTED_EDGE('',*,*,#3388,.T.);
#3028=ORIENTED_EDGE('',*,*,#4548,.T.);
#3029=ORIENTED_EDGE('',*,*,#4590,.F.);
#3030=ORIENTED_EDGE('',*,*,#3386,.F.);
#3031=ORIENTED_EDGE('',*,*,#4591,.T.);
#3032=ORIENTED_EDGE('',*,*,#4592,.T.);
#3033=ORIENTED_EDGE('',*,*,#4546,.F.);
#3034=ORIENTED_EDGE('',*,*,#4593,.F.);
#3035=ORIENTED_EDGE('',*,*,#4594,.T.);
#3036=ORIENTED_EDGE('',*,*,#4570,.T.);
#3037=ORIENTED_EDGE('',*,*,#4558,.F.);
#3038=ORIENTED_EDGE('',*,*,#4445,.T.);
#3039=ORIENTED_EDGE('',*,*,#4595,.F.);
#3040=ORIENTED_EDGE('',*,*,#4596,.T.);
#3041=ORIENTED_EDGE('',*,*,#4447,.T.);
#3042=ORIENTED_EDGE('',*,*,#4557,.T.);
#3043=ORIENTED_EDGE('',*,*,#4597,.F.);
#3044=ORIENTED_EDGE('',*,*,#4598,.F.);
#3045=ORIENTED_EDGE('',*,*,#4597,.T.);
#3046=ORIENTED_EDGE('',*,*,#4561,.F.);
#3047=ORIENTED_EDGE('',*,*,#4443,.T.);
#3048=ORIENTED_EDGE('',*,*,#4441,.F.);
#3049=ORIENTED_EDGE('',*,*,#4599,.F.);
#3050=ORIENTED_EDGE('',*,*,#4600,.F.);
#3051=ORIENTED_EDGE('',*,*,#4576,.T.);
#3052=ORIENTED_EDGE('',*,*,#4555,.F.);
#3053=ORIENTED_EDGE('',*,*,#4578,.F.);
#3054=ORIENTED_EDGE('',*,*,#4601,.F.);
#3055=ORIENTED_EDGE('',*,*,#4602,.T.);
#3056=ORIENTED_EDGE('',*,*,#4603,.T.);
#3057=ORIENTED_EDGE('',*,*,#4472,.F.);
#3058=ORIENTED_EDGE('',*,*,#4449,.T.);
#3059=ORIENTED_EDGE('',*,*,#4544,.F.);
#3060=ORIENTED_EDGE('',*,*,#3539,.T.);
#3061=ORIENTED_EDGE('',*,*,#4434,.T.);
#3062=ORIENTED_EDGE('',*,*,#4473,.F.);
#3063=ORIENTED_EDGE('',*,*,#4603,.F.);
#3064=ORIENTED_EDGE('',*,*,#4604,.F.);
#3065=ORIENTED_EDGE('',*,*,#4580,.T.);
#3066=ORIENTED_EDGE('',*,*,#4605,.F.);
#3067=ORIENTED_EDGE('',*,*,#4601,.T.);
#3068=ORIENTED_EDGE('',*,*,#4452,.T.);
#3069=ORIENTED_EDGE('',*,*,#4574,.F.);
#3070=ORIENTED_EDGE('',*,*,#4552,.F.);
#3071=ORIENTED_EDGE('',*,*,#3570,.T.);
#3072=ORIENTED_EDGE('',*,*,#4433,.T.);
#3073=ORIENTED_EDGE('',*,*,#4430,.F.);
#3074=ORIENTED_EDGE('',*,*,#4606,.F.);
#3075=ORIENTED_EDGE('',*,*,#4607,.F.);
#3076=ORIENTED_EDGE('',*,*,#4583,.T.);
#3077=ORIENTED_EDGE('',*,*,#4608,.F.);
#3078=ORIENTED_EDGE('',*,*,#4609,.T.);
#3079=ORIENTED_EDGE('',*,*,#4432,.F.);
#3080=ORIENTED_EDGE('',*,*,#4427,.T.);
#3081=ORIENTED_EDGE('',*,*,#4423,.F.);
#3082=ORIENTED_EDGE('',*,*,#4610,.F.);
#3083=ORIENTED_EDGE('',*,*,#4611,.F.);
#3084=ORIENTED_EDGE('',*,*,#4586,.T.);
#3085=ORIENTED_EDGE('',*,*,#4550,.F.);
#3086=ORIENTED_EDGE('',*,*,#4588,.F.);
#3087=ORIENTED_EDGE('',*,*,#4612,.F.);
#3088=ORIENTED_EDGE('',*,*,#4613,.T.);
#3089=ORIENTED_EDGE('',*,*,#4425,.F.);
#3090=ORIENTED_EDGE('',*,*,#4418,.T.);
#3091=ORIENTED_EDGE('',*,*,#4438,.F.);
#3092=ORIENTED_EDGE('',*,*,#4614,.F.);
#3093=ORIENTED_EDGE('',*,*,#4615,.F.);
#3094=ORIENTED_EDGE('',*,*,#4590,.T.);
#3095=ORIENTED_EDGE('',*,*,#4547,.F.);
#3096=ORIENTED_EDGE('',*,*,#4592,.F.);
#3097=ORIENTED_EDGE('',*,*,#4616,.F.);
#3098=ORIENTED_EDGE('',*,*,#4593,.T.);
#3099=ORIENTED_EDGE('',*,*,#4448,.T.);
#3100=ORIENTED_EDGE('',*,*,#4596,.F.);
#3101=ORIENTED_EDGE('',*,*,#4617,.F.);
#3102=ORIENTED_EDGE('',*,*,#4618,.T.);
#3103=ORIENTED_EDGE('',*,*,#4599,.T.);
#3104=ORIENTED_EDGE('',*,*,#4440,.F.);
#3105=ORIENTED_EDGE('',*,*,#4414,.T.);
#3106=ORIENTED_EDGE('',*,*,#4619,.F.);
#3107=ORIENTED_EDGE('',*,*,#4620,.T.);
#3108=ORIENTED_EDGE('',*,*,#4412,.T.);
#3109=ORIENTED_EDGE('',*,*,#4436,.T.);
#3110=ORIENTED_EDGE('',*,*,#3554,.F.);
#3111=ORIENTED_EDGE('',*,*,#4621,.F.);
#3112=ORIENTED_EDGE('',*,*,#4622,.T.);
#3113=ORIENTED_EDGE('',*,*,#4416,.T.);
#3114=ORIENTED_EDGE('',*,*,#4439,.T.);
#3115=ORIENTED_EDGE('',*,*,#3585,.F.);
#3116=ORIENTED_EDGE('',*,*,#4623,.F.);
#3117=ORIENTED_EDGE('',*,*,#4624,.T.);
#3118=ORIENTED_EDGE('',*,*,#4606,.T.);
#3119=ORIENTED_EDGE('',*,*,#4429,.F.);
#3120=ORIENTED_EDGE('',*,*,#4406,.T.);
#3121=ORIENTED_EDGE('',*,*,#4625,.F.);
#3122=ORIENTED_EDGE('',*,*,#4626,.T.);
#3123=ORIENTED_EDGE('',*,*,#4610,.T.);
#3124=ORIENTED_EDGE('',*,*,#4422,.F.);
#3125=ORIENTED_EDGE('',*,*,#4402,.T.);
#3126=ORIENTED_EDGE('',*,*,#4627,.F.);
#3127=ORIENTED_EDGE('',*,*,#4628,.T.);
#3128=ORIENTED_EDGE('',*,*,#4408,.T.);
#3129=ORIENTED_EDGE('',*,*,#4428,.T.);
#3130=ORIENTED_EDGE('',*,*,#4609,.F.);
#3131=ORIENTED_EDGE('',*,*,#4629,.F.);
#3132=ORIENTED_EDGE('',*,*,#4630,.T.);
#3133=ORIENTED_EDGE('',*,*,#4614,.T.);
#3134=ORIENTED_EDGE('',*,*,#4437,.F.);
#3135=ORIENTED_EDGE('',*,*,#4410,.T.);
#3136=ORIENTED_EDGE('',*,*,#4631,.F.);
#3137=ORIENTED_EDGE('',*,*,#4632,.T.);
#3138=ORIENTED_EDGE('',*,*,#4404,.T.);
#3139=ORIENTED_EDGE('',*,*,#4421,.T.);
#3140=ORIENTED_EDGE('',*,*,#4613,.F.);
#3141=ORIENTED_EDGE('',*,*,#4633,.F.);
#3142=ORIENTED_EDGE('',*,*,#4617,.T.);
#3143=ORIENTED_EDGE('',*,*,#4417,.T.);
#3144=ORIENTED_EDGE('',*,*,#4622,.F.);
#3145=ORIENTED_EDGE('',*,*,#4634,.F.);
#3146=ORIENTED_EDGE('',*,*,#4629,.T.);
#3147=ORIENTED_EDGE('',*,*,#4413,.T.);
#3148=ORIENTED_EDGE('',*,*,#4620,.F.);
#3149=ORIENTED_EDGE('',*,*,#4635,.F.);
#3150=ORIENTED_EDGE('',*,*,#4623,.T.);
#3151=ORIENTED_EDGE('',*,*,#4409,.T.);
#3152=ORIENTED_EDGE('',*,*,#4628,.F.);
#3153=ORIENTED_EDGE('',*,*,#4636,.F.);
#3154=ORIENTED_EDGE('',*,*,#4625,.T.);
#3155=ORIENTED_EDGE('',*,*,#4405,.T.);
#3156=ORIENTED_EDGE('',*,*,#4632,.F.);
#3157=ORIENTED_EDGE('',*,*,#4598,.T.);
#3158=ORIENTED_EDGE('',*,*,#4577,.F.);
#3159=ORIENTED_EDGE('',*,*,#3369,.F.);
#3160=ORIENTED_EDGE('',*,*,#4571,.T.);
#3161=ORIENTED_EDGE('',*,*,#4568,.T.);
#3162=ORIENTED_EDGE('',*,*,#4594,.F.);
#3163=ORIENTED_EDGE('',*,*,#4616,.T.);
#3164=ORIENTED_EDGE('',*,*,#4595,.T.);
#3165=ORIENTED_EDGE('',*,*,#4605,.T.);
#3166=ORIENTED_EDGE('',*,*,#4573,.T.);
#3167=ORIENTED_EDGE('',*,*,#3477,.T.);
#3168=ORIENTED_EDGE('',*,*,#3522,.F.);
#3169=ORIENTED_EDGE('',*,*,#3397,.F.);
#3170=ORIENTED_EDGE('',*,*,#4579,.T.);
#3171=ORIENTED_EDGE('',*,*,#4604,.T.);
#3172=ORIENTED_EDGE('',*,*,#4602,.F.);
#3173=ORIENTED_EDGE('',*,*,#4634,.T.);
#3174=ORIENTED_EDGE('',*,*,#4619,.T.);
#3175=ORIENTED_EDGE('',*,*,#3553,.T.);
#3176=ORIENTED_EDGE('',*,*,#4581,.F.);
#3177=ORIENTED_EDGE('',*,*,#3389,.F.);
#3178=ORIENTED_EDGE('',*,*,#4589,.T.);
#3179=ORIENTED_EDGE('',*,*,#4615,.T.);
#3180=ORIENTED_EDGE('',*,*,#4630,.F.);
#3181=ORIENTED_EDGE('',*,*,#4636,.T.);
#3182=ORIENTED_EDGE('',*,*,#4631,.T.);
#3183=ORIENTED_EDGE('',*,*,#4612,.T.);
#3184=ORIENTED_EDGE('',*,*,#4591,.F.);
#3185=ORIENTED_EDGE('',*,*,#3385,.F.);
#3186=ORIENTED_EDGE('',*,*,#4585,.T.);
#3187=ORIENTED_EDGE('',*,*,#4611,.T.);
#3188=ORIENTED_EDGE('',*,*,#4626,.F.);
#3189=ORIENTED_EDGE('',*,*,#4635,.T.);
#3190=ORIENTED_EDGE('',*,*,#4627,.T.);
#3191=ORIENTED_EDGE('',*,*,#4608,.T.);
#3192=ORIENTED_EDGE('',*,*,#4587,.F.);
#3193=ORIENTED_EDGE('',*,*,#3381,.F.);
#3194=ORIENTED_EDGE('',*,*,#4582,.T.);
#3195=ORIENTED_EDGE('',*,*,#4607,.T.);
#3196=ORIENTED_EDGE('',*,*,#4624,.F.);
#3197=ORIENTED_EDGE('',*,*,#4633,.T.);
#3198=ORIENTED_EDGE('',*,*,#4621,.T.);
#3199=ORIENTED_EDGE('',*,*,#3584,.T.);
#3200=ORIENTED_EDGE('',*,*,#4584,.F.);
#3201=ORIENTED_EDGE('',*,*,#3373,.F.);
#3202=ORIENTED_EDGE('',*,*,#4575,.T.);
#3203=ORIENTED_EDGE('',*,*,#4600,.T.);
#3204=ORIENTED_EDGE('',*,*,#4618,.F.);
#3205=ORIENTED_EDGE('',*,*,#4538,.F.);
#3206=ORIENTED_EDGE('',*,*,#3361,.T.);
#3207=ORIENTED_EDGE('',*,*,#4637,.T.);
#3208=ORIENTED_EDGE('',*,*,#4638,.T.);
#3209=ORIENTED_EDGE('',*,*,#3355,.F.);
#3210=ORIENTED_EDGE('',*,*,#3523,.T.);
#3211=ORIENTED_EDGE('',*,*,#4639,.T.);
#3212=ORIENTED_EDGE('',*,*,#4640,.F.);
#3213=ORIENTED_EDGE('',*,*,#4641,.F.);
#3214=ORIENTED_EDGE('',*,*,#4642,.T.);
#3215=ORIENTED_EDGE('',*,*,#4637,.F.);
#3216=ORIENTED_EDGE('',*,*,#3360,.T.);
#3217=ORIENTED_EDGE('',*,*,#4643,.T.);
#3218=ORIENTED_EDGE('',*,*,#4644,.F.);
#3219=ORIENTED_EDGE('',*,*,#4643,.F.);
#3220=ORIENTED_EDGE('',*,*,#3359,.T.);
#3221=ORIENTED_EDGE('',*,*,#4645,.T.);
#3222=ORIENTED_EDGE('',*,*,#4646,.T.);
#3223=ORIENTED_EDGE('',*,*,#4645,.F.);
#3224=ORIENTED_EDGE('',*,*,#3358,.F.);
#3225=ORIENTED_EDGE('',*,*,#4647,.T.);
#3226=ORIENTED_EDGE('',*,*,#4648,.T.);
#3227=ORIENTED_EDGE('',*,*,#4647,.F.);
#3228=ORIENTED_EDGE('',*,*,#3357,.F.);
#3229=ORIENTED_EDGE('',*,*,#4649,.T.);
#3230=ORIENTED_EDGE('',*,*,#4640,.T.);
#3231=ORIENTED_EDGE('',*,*,#4650,.T.);
#3232=ORIENTED_EDGE('',*,*,#4651,.F.);
#3233=ORIENTED_EDGE('',*,*,#4649,.F.);
#3234=ORIENTED_EDGE('',*,*,#3356,.T.);
#3235=ORIENTED_EDGE('',*,*,#4652,.T.);
#3236=ORIENTED_EDGE('',*,*,#4653,.T.);
#3237=ORIENTED_EDGE('',*,*,#4641,.T.);
#3238=ORIENTED_EDGE('',*,*,#4644,.T.);
#3239=ORIENTED_EDGE('',*,*,#4646,.F.);
#3240=ORIENTED_EDGE('',*,*,#4648,.F.);
#3241=ORIENTED_EDGE('',*,*,#4651,.T.);
#3242=ORIENTED_EDGE('',*,*,#4654,.T.);
#3243=ORIENTED_EDGE('',*,*,#4650,.F.);
#3244=ORIENTED_EDGE('',*,*,#4639,.F.);
#3245=ORIENTED_EDGE('',*,*,#4350,.F.);
#3246=ORIENTED_EDGE('',*,*,#4655,.F.);
#3247=ORIENTED_EDGE('',*,*,#4654,.F.);
#3248=ORIENTED_EDGE('',*,*,#4655,.T.);
#3249=ORIENTED_EDGE('',*,*,#4354,.F.);
#3250=ORIENTED_EDGE('',*,*,#4656,.F.);
#3251=ORIENTED_EDGE('',*,*,#4652,.F.);
#3252=ORIENTED_EDGE('',*,*,#4656,.T.);
#3253=ORIENTED_EDGE('',*,*,#4353,.F.);
#3254=ORIENTED_EDGE('',*,*,#4638,.F.);
#3255=ORIENTED_EDGE('',*,*,#4642,.F.);
#3256=ORIENTED_EDGE('',*,*,#4653,.F.);
#3257=ORIENTED_EDGE('',*,*,#3501,.F.);
#3258=ORIENTED_EDGE('',*,*,#4657,.F.);
#3259=ORIENTED_EDGE('',*,*,#3346,.T.);
#3260=ORIENTED_EDGE('',*,*,#3519,.T.);
#3261=ORIENTED_EDGE('',*,*,#3500,.F.);
#3262=ORIENTED_EDGE('',*,*,#4658,.F.);
#3263=ORIENTED_EDGE('',*,*,#3347,.T.);
#3264=ORIENTED_EDGE('',*,*,#4657,.T.);
#3265=ORIENTED_EDGE('',*,*,#3499,.F.);
#3266=ORIENTED_EDGE('',*,*,#4543,.F.);
#3267=ORIENTED_EDGE('',*,*,#3348,.T.);
#3268=ORIENTED_EDGE('',*,*,#4658,.T.);
#3269=ORIENTED_EDGE('',*,*,#3475,.T.);
#3270=ORIENTED_EDGE('',*,*,#4659,.F.);
#3271=ORIENTED_EDGE('',*,*,#3399,.F.);
#3272=ORIENTED_EDGE('',*,*,#3521,.T.);
#3273=ORIENTED_EDGE('',*,*,#3505,.T.);
#3274=ORIENTED_EDGE('',*,*,#4660,.F.);
#3275=ORIENTED_EDGE('',*,*,#3342,.F.);
#3276=ORIENTED_EDGE('',*,*,#4659,.T.);
#3277=ORIENTED_EDGE('',*,*,#3504,.T.);
#3278=ORIENTED_EDGE('',*,*,#4572,.F.);
#3279=ORIENTED_EDGE('',*,*,#3343,.F.);
#3280=ORIENTED_EDGE('',*,*,#4660,.T.);
#3281=ORIENTED_EDGE('',*,*,#3460,.T.);
#3282=ORIENTED_EDGE('',*,*,#3474,.T.);
#3283=ORIENTED_EDGE('',*,*,#3461,.T.);
#3284=ORIENTED_EDGE('',*,*,#3473,.T.);
#3285=ORIENTED_EDGE('',*,*,#3465,.T.);
#3286=ORIENTED_EDGE('',*,*,#4661,.T.);
#3287=ORIENTED_EDGE('',*,*,#3507,.F.);
#3288=ORIENTED_EDGE('',*,*,#4662,.F.);
#3289=ORIENTED_EDGE('',*,*,#4662,.T.);
#3290=ORIENTED_EDGE('',*,*,#3506,.T.);
#3291=ORIENTED_EDGE('',*,*,#4663,.F.);
#3292=ORIENTED_EDGE('',*,*,#3466,.F.);
#3293=ORIENTED_EDGE('',*,*,#4663,.T.);
#3294=ORIENTED_EDGE('',*,*,#3509,.T.);
#3295=ORIENTED_EDGE('',*,*,#4664,.F.);
#3296=ORIENTED_EDGE('',*,*,#3467,.F.);
#3297=ORIENTED_EDGE('',*,*,#3468,.T.);
#3298=ORIENTED_EDGE('',*,*,#4664,.T.);
#3299=ORIENTED_EDGE('',*,*,#3508,.F.);
#3300=ORIENTED_EDGE('',*,*,#4661,.F.);
#3301=ORIENTED_EDGE('',*,*,#3337,.T.);
#3302=ORIENTED_EDGE('',*,*,#4665,.T.);
#3303=ORIENTED_EDGE('',*,*,#3511,.F.);
#3304=ORIENTED_EDGE('',*,*,#4666,.F.);
#3305=ORIENTED_EDGE('',*,*,#4666,.T.);
#3306=ORIENTED_EDGE('',*,*,#3510,.T.);
#3307=ORIENTED_EDGE('',*,*,#4667,.F.);
#3308=ORIENTED_EDGE('',*,*,#3338,.F.);
#3309=ORIENTED_EDGE('',*,*,#4667,.T.);
#3310=ORIENTED_EDGE('',*,*,#3514,.T.);
#3311=ORIENTED_EDGE('',*,*,#4668,.F.);
#3312=ORIENTED_EDGE('',*,*,#3339,.F.);
#3313=ORIENTED_EDGE('',*,*,#4668,.T.);
#3314=ORIENTED_EDGE('',*,*,#3513,.T.);
#3315=ORIENTED_EDGE('',*,*,#4669,.F.);
#3316=ORIENTED_EDGE('',*,*,#3340,.F.);
#3317=ORIENTED_EDGE('',*,*,#4669,.T.);
#3318=ORIENTED_EDGE('',*,*,#3512,.T.);
#3319=ORIENTED_EDGE('',*,*,#4665,.F.);
#3320=ORIENTED_EDGE('',*,*,#3341,.F.);
#3321=ORIENTED_EDGE('',*,*,#3469,.T.);
#3322=ORIENTED_EDGE('',*,*,#4670,.T.);
#3323=ORIENTED_EDGE('',*,*,#3516,.F.);
#3324=ORIENTED_EDGE('',*,*,#4671,.F.);
#3325=ORIENTED_EDGE('',*,*,#3470,.T.);
#3326=ORIENTED_EDGE('',*,*,#4671,.T.);
#3327=ORIENTED_EDGE('',*,*,#3515,.F.);
#3328=ORIENTED_EDGE('',*,*,#4672,.F.);
#3329=ORIENTED_EDGE('',*,*,#3471,.T.);
#3330=ORIENTED_EDGE('',*,*,#4672,.T.);
#3331=ORIENTED_EDGE('',*,*,#3518,.F.);
#3332=ORIENTED_EDGE('',*,*,#4673,.F.);
#3333=ORIENTED_EDGE('',*,*,#4673,.T.);
#3334=ORIENTED_EDGE('',*,*,#3517,.T.);
#3335=ORIENTED_EDGE('',*,*,#4670,.F.);
#3336=ORIENTED_EDGE('',*,*,#3472,.F.);
#3337=EDGE_CURVE('',#4674,#4675,#5590,.T.);
#3338=EDGE_CURVE('',#4674,#4676,#5591,.T.);
#3339=EDGE_CURVE('',#4676,#4677,#5592,.T.);
#3340=EDGE_CURVE('',#4677,#4678,#5593,.T.);
#3341=EDGE_CURVE('',#4678,#4675,#5594,.T.);
#3342=EDGE_CURVE('',#4679,#4680,#5595,.T.);
#3343=EDGE_CURVE('',#4680,#4681,#5596,.T.);
#3344=EDGE_CURVE('',#4682,#4681,#5597,.T.);
#3345=EDGE_CURVE('',#4683,#4682,#5598,.T.);
#3346=EDGE_CURVE('',#4684,#4683,#5599,.T.);
#3347=EDGE_CURVE('',#4685,#4684,#5600,.T.);
#3348=EDGE_CURVE('',#4686,#4685,#5601,.T.);
#3349=EDGE_CURVE('',#4687,#4686,#5602,.T.);
#3350=EDGE_CURVE('',#4687,#4688,#5603,.T.);
#3351=EDGE_CURVE('',#4688,#4689,#5604,.T.);
#3352=EDGE_CURVE('',#4690,#4689,#5605,.T.);
#3353=EDGE_CURVE('',#4691,#4690,#5606,.T.);
#3354=EDGE_CURVE('',#4691,#4692,#5607,.T.);
#3355=EDGE_CURVE('',#4692,#4693,#5608,.T.);
#3356=EDGE_CURVE('',#4694,#4693,#5609,.T.);
#3357=EDGE_CURVE('',#4694,#4695,#5610,.T.);
#3358=EDGE_CURVE('',#4695,#4696,#323,.T.);
#3359=EDGE_CURVE('',#4697,#4696,#5611,.T.);
#3360=EDGE_CURVE('',#4698,#4697,#5612,.T.);
#3361=EDGE_CURVE('',#4699,#4698,#5613,.T.);
#3362=EDGE_CURVE('',#4699,#4700,#5614,.T.);
#3363=EDGE_CURVE('',#4700,#4701,#5615,.T.);
#3364=EDGE_CURVE('',#4702,#4701,#5616,.T.);
#3365=EDGE_CURVE('',#4703,#4702,#5617,.T.);
#3366=EDGE_CURVE('',#4703,#4704,#5618,.T.);
#3367=EDGE_CURVE('',#4704,#4705,#5619,.T.);
#3368=EDGE_CURVE('',#4706,#4705,#5620,.T.);
#3369=EDGE_CURVE('',#4706,#4707,#5621,.T.);
#3370=EDGE_CURVE('',#4707,#4708,#5622,.T.);
#3371=EDGE_CURVE('',#4708,#4709,#5623,.T.);
#3372=EDGE_CURVE('',#4710,#4709,#5624,.T.);
#3373=EDGE_CURVE('',#4710,#4711,#5625,.T.);
#3374=EDGE_CURVE('',#4711,#4712,#5626,.T.);
#3375=EDGE_CURVE('',#4712,#4713,#5627,.T.);
#3376=EDGE_CURVE('',#4714,#4713,#5628,.T.);
#3377=EDGE_CURVE('',#4715,#4714,#324,.T.);
#3378=EDGE_CURVE('',#4715,#4716,#5629,.T.);
#3379=EDGE_CURVE('',#4716,#4717,#5630,.T.);
#3380=EDGE_CURVE('',#4718,#4717,#5631,.T.);
#3381=EDGE_CURVE('',#4718,#4719,#5632,.T.);
#3382=EDGE_CURVE('',#4719,#4720,#5633,.T.);
#3383=EDGE_CURVE('',#4720,#4721,#5634,.T.);
#3384=EDGE_CURVE('',#4722,#4721,#5635,.T.);
#3385=EDGE_CURVE('',#4722,#4723,#5636,.T.);
#3386=EDGE_CURVE('',#4723,#4724,#5637,.T.);
#3387=EDGE_CURVE('',#4724,#4725,#5638,.T.);
#3388=EDGE_CURVE('',#4726,#4725,#5639,.T.);
#3389=EDGE_CURVE('',#4726,#4727,#5640,.T.);
#3390=EDGE_CURVE('',#4727,#4728,#5641,.T.);
#3391=EDGE_CURVE('',#4728,#4729,#5642,.T.);
#3392=EDGE_CURVE('',#4730,#4729,#5643,.T.);
#3393=EDGE_CURVE('',#4731,#4730,#325,.T.);
#3394=EDGE_CURVE('',#4731,#4732,#5644,.T.);
#3395=EDGE_CURVE('',#4732,#4733,#5645,.T.);
#3396=EDGE_CURVE('',#4734,#4733,#5646,.T.);
#3397=EDGE_CURVE('',#4734,#4735,#5647,.T.);
#3398=EDGE_CURVE('',#4736,#4735,#5648,.T.);
#3399=EDGE_CURVE('',#4736,#4679,#5649,.T.);
#3400=EDGE_CURVE('',#4737,#4738,#5650,.T.);
#3401=EDGE_CURVE('',#4739,#4737,#5651,.T.);
#3402=EDGE_CURVE('',#4739,#4740,#5652,.T.);
#3403=EDGE_CURVE('',#4740,#4738,#5653,.T.);
#3404=EDGE_CURVE('',#4741,#4742,#5654,.T.);
#3405=EDGE_CURVE('',#4743,#4741,#5655,.T.);
#3406=EDGE_CURVE('',#4743,#4744,#5656,.T.);
#3407=EDGE_CURVE('',#4744,#4742,#5657,.T.);
#3408=EDGE_CURVE('',#4745,#4746,#5658,.T.);
#3409=EDGE_CURVE('',#4747,#4745,#5659,.T.);
#3410=EDGE_CURVE('',#4747,#4748,#5660,.T.);
#3411=EDGE_CURVE('',#4748,#4746,#5661,.T.);
#3412=EDGE_CURVE('',#4749,#4750,#5662,.T.);
#3413=EDGE_CURVE('',#4751,#4749,#5663,.T.);
#3414=EDGE_CURVE('',#4751,#4752,#5664,.T.);
#3415=EDGE_CURVE('',#4752,#4750,#5665,.T.);
#3416=EDGE_CURVE('',#4753,#4754,#5666,.T.);
#3417=EDGE_CURVE('',#4755,#4753,#5667,.T.);
#3418=EDGE_CURVE('',#4755,#4756,#5668,.T.);
#3419=EDGE_CURVE('',#4756,#4754,#5669,.T.);
#3420=EDGE_CURVE('',#4757,#4758,#5670,.T.);
#3421=EDGE_CURVE('',#4759,#4757,#5671,.T.);
#3422=EDGE_CURVE('',#4759,#4760,#5672,.T.);
#3423=EDGE_CURVE('',#4760,#4758,#5673,.T.);
#3424=EDGE_CURVE('',#4761,#4762,#5674,.T.);
#3425=EDGE_CURVE('',#4763,#4761,#5675,.T.);
#3426=EDGE_CURVE('',#4763,#4764,#5676,.T.);
#3427=EDGE_CURVE('',#4764,#4762,#5677,.T.);
#3428=EDGE_CURVE('',#4765,#4766,#5678,.T.);
#3429=EDGE_CURVE('',#4767,#4765,#5679,.T.);
#3430=EDGE_CURVE('',#4767,#4768,#5680,.T.);
#3431=EDGE_CURVE('',#4768,#4766,#5681,.T.);
#3432=EDGE_CURVE('',#4769,#4770,#5682,.T.);
#3433=EDGE_CURVE('',#4771,#4769,#5683,.T.);
#3434=EDGE_CURVE('',#4771,#4772,#5684,.T.);
#3435=EDGE_CURVE('',#4772,#4770,#5685,.T.);
#3436=EDGE_CURVE('',#4773,#4774,#5686,.T.);
#3437=EDGE_CURVE('',#4775,#4773,#5687,.T.);
#3438=EDGE_CURVE('',#4775,#4776,#5688,.T.);
#3439=EDGE_CURVE('',#4776,#4774,#5689,.T.);
#3440=EDGE_CURVE('',#4777,#4778,#5690,.T.);
#3441=EDGE_CURVE('',#4779,#4777,#5691,.T.);
#3442=EDGE_CURVE('',#4779,#4780,#5692,.T.);
#3443=EDGE_CURVE('',#4780,#4778,#5693,.T.);
#3444=EDGE_CURVE('',#4781,#4782,#5694,.T.);
#3445=EDGE_CURVE('',#4783,#4781,#5695,.T.);
#3446=EDGE_CURVE('',#4783,#4784,#5696,.T.);
#3447=EDGE_CURVE('',#4784,#4782,#5697,.T.);
#3448=EDGE_CURVE('',#4785,#4786,#5698,.T.);
#3449=EDGE_CURVE('',#4787,#4785,#5699,.T.);
#3450=EDGE_CURVE('',#4787,#4788,#5700,.T.);
#3451=EDGE_CURVE('',#4788,#4786,#5701,.T.);
#3452=EDGE_CURVE('',#4789,#4790,#5702,.T.);
#3453=EDGE_CURVE('',#4791,#4789,#5703,.T.);
#3454=EDGE_CURVE('',#4791,#4792,#5704,.T.);
#3455=EDGE_CURVE('',#4792,#4790,#5705,.T.);
#3456=EDGE_CURVE('',#4793,#4794,#5706,.T.);
#3457=EDGE_CURVE('',#4795,#4793,#5707,.T.);
#3458=EDGE_CURVE('',#4795,#4796,#5708,.T.);
#3459=EDGE_CURVE('',#4796,#4794,#5709,.T.);
#3460=EDGE_CURVE('',#4797,#4797,#326,.F.);
#3461=EDGE_CURVE('',#4798,#4798,#327,.F.);
#3462=EDGE_CURVE('',#4799,#4799,#328,.T.);
#3463=EDGE_CURVE('',#4800,#4800,#329,.T.);
#3464=EDGE_CURVE('',#4801,#4801,#330,.T.);
#3465=EDGE_CURVE('',#4802,#4803,#5710,.T.);
#3466=EDGE_CURVE('',#4802,#4804,#5711,.T.);
#3467=EDGE_CURVE('',#4804,#4805,#5712,.T.);
#3468=EDGE_CURVE('',#4803,#4805,#5713,.T.);
#3469=EDGE_CURVE('',#4806,#4807,#5714,.T.);
#3470=EDGE_CURVE('',#4808,#4806,#5715,.T.);
#3471=EDGE_CURVE('',#4809,#4808,#5716,.T.);
#3472=EDGE_CURVE('',#4809,#4807,#5717,.T.);
#3473=EDGE_CURVE('',#4810,#4810,#331,.T.);
#3474=EDGE_CURVE('',#4811,#4811,#332,.T.);
#3475=EDGE_CURVE('',#4812,#4813,#5718,.T.);
#3476=EDGE_CURVE('',#4812,#4814,#5719,.T.);
#3477=EDGE_CURVE('',#4815,#4814,#5720,.T.);
#3478=EDGE_CURVE('',#4815,#4816,#5721,.T.);
#3479=EDGE_CURVE('',#4817,#4816,#333,.T.);
#3480=EDGE_CURVE('',#4817,#4818,#5722,.T.);
#3481=EDGE_CURVE('',#4819,#4818,#334,.T.);
#3482=EDGE_CURVE('',#4819,#4820,#5723,.T.);
#3483=EDGE_CURVE('',#4821,#4820,#335,.T.);
#3484=EDGE_CURVE('',#4821,#4822,#5724,.T.);
#3485=EDGE_CURVE('',#4823,#4822,#336,.T.);
#3486=EDGE_CURVE('',#4824,#4823,#5725,.T.);
#3487=EDGE_CURVE('',#4825,#4824,#337,.T.);
#3488=EDGE_CURVE('',#4826,#4825,#5726,.T.);
#3489=EDGE_CURVE('',#4827,#4826,#338,.T.);
#3490=EDGE_CURVE('',#4828,#4827,#5727,.T.);
#3491=EDGE_CURVE('',#4829,#4828,#339,.T.);
#3492=EDGE_CURVE('',#4830,#4829,#5728,.T.);
#3493=EDGE_CURVE('',#4831,#4830,#340,.T.);
#3494=EDGE_CURVE('',#4832,#4831,#5729,.T.);
#3495=EDGE_CURVE('',#4833,#4832,#341,.T.);
#3496=EDGE_CURVE('',#4834,#4833,#5730,.T.);
#3497=EDGE_CURVE('',#4835,#4834,#5731,.T.);
#3498=EDGE_CURVE('',#4835,#4836,#5732,.T.);
#3499=EDGE_CURVE('',#4836,#4837,#5733,.T.);
#3500=EDGE_CURVE('',#4837,#4838,#5734,.T.);
#3501=EDGE_CURVE('',#4838,#4839,#5735,.T.);
#3502=EDGE_CURVE('',#4839,#4840,#5736,.T.);
#3503=EDGE_CURVE('',#4840,#4841,#5737,.T.);
#3504=EDGE_CURVE('',#4842,#4841,#5738,.T.);
#3505=EDGE_CURVE('',#4813,#4842,#5739,.T.);
#3506=EDGE_CURVE('',#4843,#4844,#5740,.T.);
#3507=EDGE_CURVE('',#4843,#4845,#5741,.T.);
#3508=EDGE_CURVE('',#4845,#4846,#5742,.T.);
#3509=EDGE_CURVE('',#4844,#4846,#5743,.T.);
#3510=EDGE_CURVE('',#4847,#4848,#5744,.T.);
#3511=EDGE_CURVE('',#4847,#4849,#5745,.T.);
#3512=EDGE_CURVE('',#4850,#4849,#5746,.T.);
#3513=EDGE_CURVE('',#4851,#4850,#5747,.T.);
#3514=EDGE_CURVE('',#4848,#4851,#5748,.T.);
#3515=EDGE_CURVE('',#4852,#4853,#5749,.T.);
#3516=EDGE_CURVE('',#4853,#4854,#5750,.T.);
#3517=EDGE_CURVE('',#4855,#4854,#5751,.T.);
#3518=EDGE_CURVE('',#4855,#4852,#5752,.T.);
#3519=EDGE_CURVE('',#4683,#4839,#5753,.T.);
#3520=EDGE_CURVE('',#4840,#4682,#5754,.T.);
#3521=EDGE_CURVE('',#4736,#4812,#5755,.T.);
#3522=EDGE_CURVE('',#4735,#4814,#5756,.T.);
#3523=EDGE_CURVE('',#4692,#4856,#5757,.T.);
#3524=EDGE_CURVE('',#4691,#4857,#5758,.T.);
#3525=EDGE_CURVE('',#4857,#4858,#5759,.T.);
#3526=EDGE_CURVE('',#4859,#4858,#5760,.T.);
#3527=EDGE_CURVE('',#4859,#4860,#5761,.T.);
#3528=EDGE_CURVE('',#4860,#4861,#5762,.T.);
#3529=EDGE_CURVE('',#4861,#4856,#5763,.T.);
#3530=EDGE_CURVE('',#4862,#4863,#5764,.T.);
#3531=EDGE_CURVE('',#4863,#4864,#5765,.T.);
#3532=EDGE_CURVE('',#4864,#4865,#5766,.T.);
#3533=EDGE_CURVE('',#4866,#4865,#5767,.T.);
#3534=EDGE_CURVE('',#4866,#4730,#5768,.T.);
#3535=EDGE_CURVE('',#4867,#4729,#5769,.T.);
#3536=EDGE_CURVE('',#4867,#4862,#5770,.T.);
#3537=EDGE_CURVE('',#4868,#4869,#5771,.T.);
#3538=EDGE_CURVE('',#4870,#4868,#5772,.T.);
#3539=EDGE_CURVE('',#4871,#4870,#5773,.T.);
#3540=EDGE_CURVE('',#4871,#4732,#5774,.T.);
#3541=EDGE_CURVE('',#4872,#4731,#5775,.T.);
#3542=EDGE_CURVE('',#4872,#4873,#5776,.T.);
#3543=EDGE_CURVE('',#4873,#4869,#5777,.T.);
#3544=EDGE_CURVE('',#4872,#4866,#342,.T.);
#3545=EDGE_CURVE('',#4865,#4873,#5778,.T.);
#3546=EDGE_CURVE('',#4869,#4864,#5779,.T.);
#3547=EDGE_CURVE('',#4874,#4862,#5780,.T.);
#3548=EDGE_CURVE('',#4874,#4875,#5781,.F.);
#3549=EDGE_CURVE('',#4875,#4876,#98,.T.);
#3550=EDGE_CURVE('',#4876,#4863,#5782,.F.);
#3551=EDGE_CURVE('',#4877,#4867,#5783,.T.);
#3552=EDGE_CURVE('',#4878,#4877,#5784,.T.);
#3553=EDGE_CURVE('',#4879,#4878,#5785,.T.);
#3554=EDGE_CURVE('',#4879,#4880,#5786,.T.);
#3555=EDGE_CURVE('',#4874,#4880,#343,.T.);
#3556=EDGE_CURVE('',#4728,#4877,#5787,.T.);
#3557=EDGE_CURVE('',#4876,#4881,#344,.F.);
#3558=EDGE_CURVE('',#4881,#4882,#5788,.F.);
#3559=EDGE_CURVE('',#4882,#4883,#345,.F.);
#3560=EDGE_CURVE('',#4868,#4883,#5789,.F.);
#3561=EDGE_CURVE('',#4884,#4885,#5790,.T.);
#3562=EDGE_CURVE('',#4885,#4886,#5791,.T.);
#3563=EDGE_CURVE('',#4886,#4887,#5792,.T.);
#3564=EDGE_CURVE('',#4888,#4887,#5793,.T.);
#3565=EDGE_CURVE('',#4888,#4714,#5794,.T.);
#3566=EDGE_CURVE('',#4889,#4713,#5795,.T.);
#3567=EDGE_CURVE('',#4889,#4884,#5796,.T.);
#3568=EDGE_CURVE('',#4890,#4891,#5797,.T.);
#3569=EDGE_CURVE('',#4892,#4890,#5798,.T.);
#3570=EDGE_CURVE('',#4893,#4892,#5799,.T.);
#3571=EDGE_CURVE('',#4893,#4716,#5800,.T.);
#3572=EDGE_CURVE('',#4894,#4715,#5801,.T.);
#3573=EDGE_CURVE('',#4894,#4895,#5802,.T.);
#3574=EDGE_CURVE('',#4895,#4891,#5803,.T.);
#3575=EDGE_CURVE('',#4894,#4888,#346,.T.);
#3576=EDGE_CURVE('',#4887,#4895,#5804,.T.);
#3577=EDGE_CURVE('',#4891,#4886,#5805,.T.);
#3578=EDGE_CURVE('',#4896,#4884,#5806,.T.);
#3579=EDGE_CURVE('',#4896,#4897,#5807,.F.);
#3580=EDGE_CURVE('',#4897,#4898,#99,.T.);
#3581=EDGE_CURVE('',#4898,#4885,#5808,.F.);
#3582=EDGE_CURVE('',#4899,#4889,#5809,.T.);
#3583=EDGE_CURVE('',#4900,#4899,#5810,.T.);
#3584=EDGE_CURVE('',#4901,#4900,#5811,.T.);
#3585=EDGE_CURVE('',#4901,#4902,#5812,.T.);
#3586=EDGE_CURVE('',#4896,#4902,#347,.T.);
#3587=EDGE_CURVE('',#4712,#4899,#5813,.T.);
#3588=EDGE_CURVE('',#4898,#4903,#348,.F.);
#3589=EDGE_CURVE('',#4903,#4904,#5814,.F.);
#3590=EDGE_CURVE('',#4904,#4905,#349,.F.);
#3591=EDGE_CURVE('',#4890,#4905,#5815,.F.);
#3592=EDGE_CURVE('',#4906,#4906,#350,.T.);
#3593=EDGE_CURVE('',#4907,#4907,#351,.T.);
#3594=EDGE_CURVE('',#4908,#4908,#352,.T.);
#3595=EDGE_CURVE('',#4909,#4909,#353,.T.);
#3596=EDGE_CURVE('',#4910,#4910,#354,.T.);
#3597=EDGE_CURVE('',#4911,#4911,#355,.T.);
#3598=EDGE_CURVE('',#4912,#4912,#356,.T.);
#3599=EDGE_CURVE('',#4913,#4913,#357,.T.);
#3600=EDGE_CURVE('',#4914,#4914,#358,.T.);
#3601=EDGE_CURVE('',#4915,#4915,#359,.T.);
#3602=EDGE_CURVE('',#4916,#4916,#360,.T.);
#3603=EDGE_CURVE('',#4917,#4917,#361,.T.);
#3604=EDGE_CURVE('',#4918,#4918,#362,.T.);
#3605=EDGE_CURVE('',#4919,#4919,#363,.T.);
#3606=EDGE_CURVE('',#4920,#4920,#364,.T.);
#3607=EDGE_CURVE('',#4921,#4921,#365,.T.);
#3608=EDGE_CURVE('',#4922,#4922,#366,.T.);
#3609=EDGE_CURVE('',#4923,#4923,#367,.T.);
#3610=EDGE_CURVE('',#4924,#4924,#368,.T.);
#3611=EDGE_CURVE('',#4925,#4925,#369,.T.);
#3612=EDGE_CURVE('',#4926,#4926,#370,.T.);
#3613=EDGE_CURVE('',#4927,#4927,#371,.T.);
#3614=EDGE_CURVE('',#4928,#4928,#372,.T.);
#3615=EDGE_CURVE('',#4929,#4929,#373,.T.);
#3616=EDGE_CURVE('',#4930,#4930,#374,.T.);
#3617=EDGE_CURVE('',#4931,#4931,#375,.T.);
#3618=EDGE_CURVE('',#4932,#4932,#376,.T.);
#3619=EDGE_CURVE('',#4933,#4933,#377,.T.);
#3620=EDGE_CURVE('',#4934,#4934,#378,.T.);
#3621=EDGE_CURVE('',#4935,#4935,#379,.T.);
#3622=EDGE_CURVE('',#4936,#4937,#5816,.F.);
#3623=EDGE_CURVE('',#4937,#4938,#380,.F.);
#3624=EDGE_CURVE('',#4939,#4938,#5817,.F.);
#3625=EDGE_CURVE('',#4939,#4936,#381,.F.);
#3626=EDGE_CURVE('',#4940,#4941,#5818,.F.);
#3627=EDGE_CURVE('',#4941,#4942,#382,.F.);
#3628=EDGE_CURVE('',#4943,#4942,#5819,.F.);
#3629=EDGE_CURVE('',#4943,#4940,#383,.F.);
#3630=EDGE_CURVE('',#4944,#4945,#5820,.F.);
#3631=EDGE_CURVE('',#4945,#4946,#384,.F.);
#3632=EDGE_CURVE('',#4947,#4946,#5821,.F.);
#3633=EDGE_CURVE('',#4947,#4944,#385,.F.);
#3634=EDGE_CURVE('',#4948,#4949,#5822,.F.);
#3635=EDGE_CURVE('',#4949,#4950,#386,.F.);
#3636=EDGE_CURVE('',#4951,#4950,#5823,.F.);
#3637=EDGE_CURVE('',#4951,#4948,#387,.F.);
#3638=EDGE_CURVE('',#4952,#4953,#5824,.F.);
#3639=EDGE_CURVE('',#4953,#4954,#388,.F.);
#3640=EDGE_CURVE('',#4955,#4954,#5825,.F.);
#3641=EDGE_CURVE('',#4955,#4952,#389,.F.);
#3642=EDGE_CURVE('',#4956,#4956,#390,.T.);
#3643=EDGE_CURVE('',#4957,#4947,#100,.T.);
#3644=EDGE_CURVE('',#4958,#4957,#391,.T.);
#3645=EDGE_CURVE('',#4944,#4958,#101,.T.);
#3646=EDGE_CURVE('',#4959,#4953,#102,.T.);
#3647=EDGE_CURVE('',#4960,#4959,#392,.T.);
#3648=EDGE_CURVE('',#4954,#4960,#103,.T.);
#3649=EDGE_CURVE('',#4961,#4941,#104,.T.);
#3650=EDGE_CURVE('',#4962,#4961,#393,.T.);
#3651=EDGE_CURVE('',#4942,#4962,#105,.T.);
#3652=EDGE_CURVE('',#4963,#4963,#394,.T.);
#3653=EDGE_CURVE('',#4964,#4951,#106,.T.);
#3654=EDGE_CURVE('',#4965,#4964,#395,.T.);
#3655=EDGE_CURVE('',#4948,#4965,#107,.T.);
#3656=EDGE_CURVE('',#4966,#4943,#108,.T.);
#3657=EDGE_CURVE('',#4967,#4966,#396,.T.);
#3658=EDGE_CURVE('',#4940,#4967,#109,.T.);
#3659=EDGE_CURVE('',#4968,#4969,#110,.T.);
#3660=EDGE_CURVE('',#4970,#4968,#397,.T.);
#3661=EDGE_CURVE('',#4971,#4970,#111,.T.);
#3662=EDGE_CURVE('',#4969,#4971,#398,.F.);
#3663=EDGE_CURVE('',#4972,#4969,#5826,.F.);
#3664=EDGE_CURVE('',#4973,#4971,#5827,.F.);
#3665=EDGE_CURVE('',#4973,#4972,#399,.F.);
#3666=EDGE_CURVE('',#4974,#4974,#400,.T.);
#3667=EDGE_CURVE('',#4975,#4976,#112,.T.);
#3668=EDGE_CURVE('',#4977,#4975,#401,.T.);
#3669=EDGE_CURVE('',#4978,#4977,#113,.T.);
#3670=EDGE_CURVE('',#4976,#4978,#402,.F.);
#3671=EDGE_CURVE('',#4979,#4976,#5828,.F.);
#3672=EDGE_CURVE('',#4980,#4978,#5829,.F.);
#3673=EDGE_CURVE('',#4980,#4979,#403,.F.);
#3674=EDGE_CURVE('',#4981,#4981,#404,.T.);
#3675=EDGE_CURVE('',#4982,#4980,#114,.T.);
#3676=EDGE_CURVE('',#4983,#4982,#405,.T.);
#3677=EDGE_CURVE('',#4979,#4983,#115,.T.);
#3678=EDGE_CURVE('',#4984,#4945,#116,.T.);
#3679=EDGE_CURVE('',#4985,#4984,#406,.T.);
#3680=EDGE_CURVE('',#4946,#4985,#117,.T.);
#3681=EDGE_CURVE('',#4986,#4987,#118,.T.);
#3682=EDGE_CURVE('',#4988,#4986,#407,.T.);
#3683=EDGE_CURVE('',#4989,#4988,#119,.T.);
#3684=EDGE_CURVE('',#4987,#4989,#408,.F.);
#3685=EDGE_CURVE('',#4990,#4987,#5830,.F.);
#3686=EDGE_CURVE('',#4991,#4989,#5831,.F.);
#3687=EDGE_CURVE('',#4991,#4990,#409,.F.);
#3688=EDGE_CURVE('',#4992,#4992,#410,.T.);
#3689=EDGE_CURVE('',#4993,#4991,#120,.T.);
#3690=EDGE_CURVE('',#4994,#4993,#411,.T.);
#3691=EDGE_CURVE('',#4990,#4994,#121,.T.);
#3692=EDGE_CURVE('',#4995,#4949,#122,.T.);
#3693=EDGE_CURVE('',#4996,#4995,#412,.T.);
#3694=EDGE_CURVE('',#4950,#4996,#123,.T.);
#3695=EDGE_CURVE('',#4997,#4998,#124,.T.);
#3696=EDGE_CURVE('',#4999,#4997,#413,.T.);
#3697=EDGE_CURVE('',#5000,#4999,#125,.T.);
#3698=EDGE_CURVE('',#4998,#5000,#414,.F.);
#3699=EDGE_CURVE('',#5000,#5001,#5832,.F.);
#3700=EDGE_CURVE('',#5001,#5002,#415,.F.);
#3701=EDGE_CURVE('',#4998,#5002,#5833,.F.);
#3702=EDGE_CURVE('',#5003,#5003,#416,.T.);
#3703=EDGE_CURVE('',#5004,#5001,#126,.T.);
#3704=EDGE_CURVE('',#5005,#5004,#417,.T.);
#3705=EDGE_CURVE('',#5002,#5005,#127,.T.);
#3706=EDGE_CURVE('',#5006,#5007,#128,.T.);
#3707=EDGE_CURVE('',#5008,#5006,#418,.T.);
#3708=EDGE_CURVE('',#5009,#5008,#129,.T.);
#3709=EDGE_CURVE('',#5007,#5009,#419,.F.);
#3710=EDGE_CURVE('',#5009,#5010,#5834,.F.);
#3711=EDGE_CURVE('',#5010,#5011,#420,.F.);
#3712=EDGE_CURVE('',#5007,#5011,#5835,.F.);
#3713=EDGE_CURVE('',#5012,#5010,#130,.T.);
#3714=EDGE_CURVE('',#5013,#5012,#421,.T.);
#3715=EDGE_CURVE('',#5011,#5013,#131,.T.);
#3716=EDGE_CURVE('',#5014,#5015,#5836,.F.);
#3717=EDGE_CURVE('',#5015,#5016,#422,.F.);
#3718=EDGE_CURVE('',#5017,#5016,#5837,.F.);
#3719=EDGE_CURVE('',#5017,#5014,#423,.F.);
#3720=EDGE_CURVE('',#5018,#5018,#424,.T.);
#3721=EDGE_CURVE('',#5019,#4955,#132,.T.);
#3722=EDGE_CURVE('',#5020,#5019,#425,.T.);
#3723=EDGE_CURVE('',#4952,#5020,#133,.T.);
#3724=EDGE_CURVE('',#5021,#5015,#134,.T.);
#3725=EDGE_CURVE('',#5022,#5021,#426,.T.);
#3726=EDGE_CURVE('',#5016,#5022,#135,.T.);
#3727=EDGE_CURVE('',#5023,#4937,#136,.T.);
#3728=EDGE_CURVE('',#5024,#5023,#427,.T.);
#3729=EDGE_CURVE('',#4938,#5024,#137,.T.);
#3730=EDGE_CURVE('',#5025,#5026,#5838,.F.);
#3731=EDGE_CURVE('',#5026,#5027,#428,.F.);
#3732=EDGE_CURVE('',#5028,#5027,#5839,.F.);
#3733=EDGE_CURVE('',#5028,#5025,#429,.F.);
#3734=EDGE_CURVE('',#5029,#5029,#430,.T.);
#3735=EDGE_CURVE('',#5030,#5017,#138,.T.);
#3736=EDGE_CURVE('',#5031,#5030,#431,.T.);
#3737=EDGE_CURVE('',#5014,#5031,#139,.T.);
#3738=EDGE_CURVE('',#5032,#5026,#140,.T.);
#3739=EDGE_CURVE('',#5033,#5032,#432,.T.);
#3740=EDGE_CURVE('',#5027,#5033,#141,.T.);
#3741=EDGE_CURVE('',#5034,#5034,#433,.T.);
#3742=EDGE_CURVE('',#5035,#5035,#434,.T.);
#3743=EDGE_CURVE('',#5036,#4973,#142,.T.);
#3744=EDGE_CURVE('',#5037,#5036,#435,.T.);
#3745=EDGE_CURVE('',#4972,#5037,#143,.T.);
#3746=EDGE_CURVE('',#5038,#4939,#144,.T.);
#3747=EDGE_CURVE('',#5039,#5038,#436,.T.);
#3748=EDGE_CURVE('',#4936,#5039,#145,.T.);
#3749=EDGE_CURVE('',#5040,#5041,#146,.T.);
#3750=EDGE_CURVE('',#5042,#5040,#437,.T.);
#3751=EDGE_CURVE('',#5043,#5042,#147,.T.);
#3752=EDGE_CURVE('',#5041,#5043,#438,.F.);
#3753=EDGE_CURVE('',#5044,#5041,#5840,.F.);
#3754=EDGE_CURVE('',#5045,#5043,#5841,.F.);
#3755=EDGE_CURVE('',#5045,#5044,#439,.F.);
#3756=EDGE_CURVE('',#5046,#5046,#440,.T.);
#3757=EDGE_CURVE('',#5047,#5045,#148,.T.);
#3758=EDGE_CURVE('',#5048,#5047,#441,.T.);
#3759=EDGE_CURVE('',#5044,#5048,#149,.T.);
#3760=EDGE_CURVE('',#5049,#5028,#150,.T.);
#3761=EDGE_CURVE('',#5050,#5049,#442,.T.);
#3762=EDGE_CURVE('',#5025,#5050,#151,.T.);
#3763=EDGE_CURVE('',#5051,#5051,#443,.T.);
#3764=EDGE_CURVE('',#5052,#5053,#5842,.F.);
#3765=EDGE_CURVE('',#5053,#5054,#444,.F.);
#3766=EDGE_CURVE('',#5055,#5054,#5843,.F.);
#3767=EDGE_CURVE('',#5055,#5052,#445,.F.);
#3768=EDGE_CURVE('',#5056,#5053,#152,.T.);
#3769=EDGE_CURVE('',#5057,#5056,#446,.T.);
#3770=EDGE_CURVE('',#5054,#5057,#153,.T.);
#3771=EDGE_CURVE('',#5058,#5058,#447,.T.);
#3772=EDGE_CURVE('',#5059,#5060,#5844,.F.);
#3773=EDGE_CURVE('',#5060,#5061,#448,.F.);
#3774=EDGE_CURVE('',#5062,#5061,#5845,.F.);
#3775=EDGE_CURVE('',#5062,#5059,#449,.F.);
#3776=EDGE_CURVE('',#5063,#5060,#154,.T.);
#3777=EDGE_CURVE('',#5064,#5063,#450,.T.);
#3778=EDGE_CURVE('',#5061,#5064,#155,.T.);
#3779=EDGE_CURVE('',#5065,#5065,#451,.T.);
#3780=EDGE_CURVE('',#5066,#5067,#5846,.F.);
#3781=EDGE_CURVE('',#5067,#5068,#452,.F.);
#3782=EDGE_CURVE('',#5069,#5068,#5847,.F.);
#3783=EDGE_CURVE('',#5069,#5066,#453,.F.);
#3784=EDGE_CURVE('',#5070,#5067,#156,.T.);
#3785=EDGE_CURVE('',#5071,#5070,#454,.T.);
#3786=EDGE_CURVE('',#5068,#5071,#157,.T.);
#3787=EDGE_CURVE('',#5072,#5072,#455,.T.);
#3788=EDGE_CURVE('',#5073,#5074,#5848,.F.);
#3789=EDGE_CURVE('',#5074,#5075,#456,.F.);
#3790=EDGE_CURVE('',#5076,#5075,#5849,.F.);
#3791=EDGE_CURVE('',#5076,#5073,#457,.F.);
#3792=EDGE_CURVE('',#5077,#5074,#158,.T.);
#3793=EDGE_CURVE('',#5078,#5077,#458,.T.);
#3794=EDGE_CURVE('',#5075,#5078,#159,.T.);
#3795=EDGE_CURVE('',#5079,#5079,#459,.T.);
#3796=EDGE_CURVE('',#5080,#5081,#5850,.F.);
#3797=EDGE_CURVE('',#5081,#5082,#460,.F.);
#3798=EDGE_CURVE('',#5083,#5082,#5851,.F.);
#3799=EDGE_CURVE('',#5083,#5080,#461,.F.);
#3800=EDGE_CURVE('',#5084,#5083,#160,.T.);
#3801=EDGE_CURVE('',#5085,#5084,#462,.T.);
#3802=EDGE_CURVE('',#5080,#5085,#161,.T.);
#3803=EDGE_CURVE('',#5086,#5086,#463,.T.);
#3804=EDGE_CURVE('',#5087,#5088,#5852,.F.);
#3805=EDGE_CURVE('',#5088,#5089,#464,.F.);
#3806=EDGE_CURVE('',#5090,#5089,#5853,.F.);
#3807=EDGE_CURVE('',#5090,#5087,#465,.F.);
#3808=EDGE_CURVE('',#5091,#5090,#162,.T.);
#3809=EDGE_CURVE('',#5092,#5091,#466,.T.);
#3810=EDGE_CURVE('',#5087,#5092,#163,.T.);
#3811=EDGE_CURVE('',#5093,#5093,#467,.T.);
#3812=EDGE_CURVE('',#5094,#5095,#5854,.F.);
#3813=EDGE_CURVE('',#5095,#5096,#468,.F.);
#3814=EDGE_CURVE('',#5097,#5096,#5855,.F.);
#3815=EDGE_CURVE('',#5097,#5094,#469,.F.);
#3816=EDGE_CURVE('',#5098,#5097,#164,.T.);
#3817=EDGE_CURVE('',#5099,#5098,#470,.T.);
#3818=EDGE_CURVE('',#5094,#5099,#165,.T.);
#3819=EDGE_CURVE('',#5100,#5100,#471,.T.);
#3820=EDGE_CURVE('',#5101,#5102,#5856,.F.);
#3821=EDGE_CURVE('',#5102,#5103,#472,.F.);
#3822=EDGE_CURVE('',#5104,#5103,#5857,.F.);
#3823=EDGE_CURVE('',#5104,#5101,#473,.F.);
#3824=EDGE_CURVE('',#5105,#5104,#166,.T.);
#3825=EDGE_CURVE('',#5106,#5105,#474,.T.);
#3826=EDGE_CURVE('',#5101,#5106,#167,.T.);
#3827=EDGE_CURVE('',#5107,#5107,#475,.T.);
#3828=EDGE_CURVE('',#5108,#5109,#5858,.F.);
#3829=EDGE_CURVE('',#5109,#5110,#476,.F.);
#3830=EDGE_CURVE('',#5111,#5110,#5859,.F.);
#3831=EDGE_CURVE('',#5111,#5108,#477,.F.);
#3832=EDGE_CURVE('',#5112,#5111,#168,.T.);
#3833=EDGE_CURVE('',#5113,#5112,#478,.T.);
#3834=EDGE_CURVE('',#5108,#5113,#169,.T.);
#3835=EDGE_CURVE('',#5114,#5114,#479,.T.);
#3836=EDGE_CURVE('',#5115,#5115,#480,.T.);
#3837=EDGE_CURVE('',#5116,#5117,#5860,.F.);
#3838=EDGE_CURVE('',#5117,#5118,#481,.F.);
#3839=EDGE_CURVE('',#5119,#5118,#5861,.F.);
#3840=EDGE_CURVE('',#5119,#5116,#482,.F.);
#3841=EDGE_CURVE('',#5120,#5119,#170,.T.);
#3842=EDGE_CURVE('',#5121,#5120,#483,.T.);
#3843=EDGE_CURVE('',#5116,#5121,#171,.T.);
#3844=EDGE_CURVE('',#5122,#5122,#484,.T.);
#3845=EDGE_CURVE('',#5123,#5124,#5862,.F.);
#3846=EDGE_CURVE('',#5124,#5125,#485,.F.);
#3847=EDGE_CURVE('',#5126,#5125,#5863,.F.);
#3848=EDGE_CURVE('',#5126,#5123,#486,.F.);
#3849=EDGE_CURVE('',#5127,#5126,#172,.T.);
#3850=EDGE_CURVE('',#5128,#5127,#487,.T.);
#3851=EDGE_CURVE('',#5123,#5128,#173,.T.);
#3852=EDGE_CURVE('',#5129,#5129,#488,.T.);
#3853=EDGE_CURVE('',#5130,#5131,#5864,.T.);
#3854=EDGE_CURVE('',#5130,#5030,#5865,.F.);
#3855=EDGE_CURVE('',#5022,#5131,#5866,.T.);
#3856=EDGE_CURVE('',#5132,#5133,#5867,.T.);
#3857=EDGE_CURVE('',#5132,#5049,#5868,.F.);
#3858=EDGE_CURVE('',#5033,#5133,#5869,.T.);
#3859=EDGE_CURVE('',#5134,#5048,#5870,.F.);
#3860=EDGE_CURVE('',#5134,#5135,#5871,.T.);
#3861=EDGE_CURVE('',#5040,#5135,#5872,.T.);
#3862=EDGE_CURVE('',#5023,#5136,#5873,.T.);
#3863=EDGE_CURVE('',#5137,#5039,#5874,.F.);
#3864=EDGE_CURVE('',#5137,#5136,#5875,.T.);
#3865=EDGE_CURVE('',#5138,#5139,#5876,.T.);
#3866=EDGE_CURVE('',#5138,#4997,#5877,.F.);
#3867=EDGE_CURVE('',#5005,#5139,#5878,.T.);
#3868=EDGE_CURVE('',#5140,#4983,#5879,.F.);
#3869=EDGE_CURVE('',#5140,#5141,#5880,.T.);
#3870=EDGE_CURVE('',#4975,#5141,#5881,.T.);
#3871=EDGE_CURVE('',#5142,#5143,#5882,.T.);
#3872=EDGE_CURVE('',#5142,#5019,#5883,.F.);
#3873=EDGE_CURVE('',#4960,#5143,#5884,.T.);
#3874=EDGE_CURVE('',#5144,#5038,#5885,.F.);
#3875=EDGE_CURVE('',#5024,#5145,#5886,.T.);
#3876=EDGE_CURVE('',#5144,#5145,#5887,.T.);
#3877=EDGE_CURVE('',#5146,#5037,#5888,.F.);
#3878=EDGE_CURVE('',#5146,#5147,#5889,.T.);
#3879=EDGE_CURVE('',#4968,#5147,#5890,.T.);
#3880=EDGE_CURVE('',#4961,#5148,#5891,.T.);
#3881=EDGE_CURVE('',#5149,#4967,#5892,.F.);
#3882=EDGE_CURVE('',#5149,#5148,#5893,.T.);
#3883=EDGE_CURVE('',#5150,#4957,#5894,.F.);
#3884=EDGE_CURVE('',#4985,#5151,#5895,.T.);
#3885=EDGE_CURVE('',#5150,#5151,#5896,.T.);
#3886=EDGE_CURVE('',#5152,#4966,#5897,.F.);
#3887=EDGE_CURVE('',#4962,#5153,#5898,.T.);
#3888=EDGE_CURVE('',#5152,#5153,#5899,.T.);
#3889=EDGE_CURVE('',#4995,#5154,#5900,.T.);
#3890=EDGE_CURVE('',#5155,#4965,#5901,.F.);
#3891=EDGE_CURVE('',#5155,#5154,#5902,.T.);
#3892=EDGE_CURVE('',#4986,#5156,#5903,.T.);
#3893=EDGE_CURVE('',#5157,#4994,#5904,.F.);
#3894=EDGE_CURVE('',#5157,#5156,#5905,.T.);
#3895=EDGE_CURVE('',#4984,#5158,#5906,.T.);
#3896=EDGE_CURVE('',#5159,#4958,#5907,.F.);
#3897=EDGE_CURVE('',#5159,#5158,#5908,.T.);
#3898=EDGE_CURVE('',#5160,#4964,#5909,.F.);
#3899=EDGE_CURVE('',#4996,#5161,#5910,.T.);
#3900=EDGE_CURVE('',#5160,#5161,#5911,.T.);
#3901=EDGE_CURVE('',#5162,#5020,#5912,.F.);
#3902=EDGE_CURVE('',#5162,#5163,#5913,.T.);
#3903=EDGE_CURVE('',#4959,#5163,#5914,.T.);
#3904=EDGE_CURVE('',#5148,#5143,#489,.T.);
#3905=EDGE_CURVE('',#5163,#5164,#490,.T.);
#3906=EDGE_CURVE('',#5164,#5099,#5915,.F.);
#3907=EDGE_CURVE('',#5165,#5098,#5916,.F.);
#3908=EDGE_CURVE('',#5165,#5159,#491,.T.);
#3909=EDGE_CURVE('',#5150,#5153,#492,.T.);
#3910=EDGE_CURVE('',#5064,#5166,#5917,.T.);
#3911=EDGE_CURVE('',#5063,#5167,#5918,.T.);
#3912=EDGE_CURVE('',#5167,#5168,#493,.T.);
#3913=EDGE_CURVE('',#4970,#5168,#5919,.T.);
#3914=EDGE_CURVE('',#5147,#5149,#494,.T.);
#3915=EDGE_CURVE('',#5152,#5155,#495,.T.);
#3916=EDGE_CURVE('',#5160,#5166,#496,.T.);
#3917=EDGE_CURVE('',#5169,#5168,#5920,.T.);
#3918=EDGE_CURVE('',#5169,#5036,#5921,.F.);
#3919=EDGE_CURVE('',#5170,#5006,#5922,.F.);
#3920=EDGE_CURVE('',#5013,#5171,#5923,.T.);
#3921=EDGE_CURVE('',#5170,#5171,#5924,.T.);
#3922=EDGE_CURVE('',#5012,#5172,#5925,.T.);
#3923=EDGE_CURVE('',#5172,#5173,#497,.T.);
#3924=EDGE_CURVE('',#4977,#5173,#5926,.T.);
#3925=EDGE_CURVE('',#5141,#5174,#498,.T.);
#3926=EDGE_CURVE('',#5174,#5113,#5927,.F.);
#3927=EDGE_CURVE('',#5175,#5112,#5928,.F.);
#3928=EDGE_CURVE('',#5175,#5176,#499,.T.);
#3929=EDGE_CURVE('',#5176,#5121,#5929,.F.);
#3930=EDGE_CURVE('',#5177,#5120,#5930,.F.);
#3931=EDGE_CURVE('',#5177,#5171,#500,.T.);
#3932=EDGE_CURVE('',#5178,#5173,#5931,.T.);
#3933=EDGE_CURVE('',#5178,#4982,#5932,.F.);
#3934=EDGE_CURVE('',#4988,#5179,#5933,.T.);
#3935=EDGE_CURVE('',#5156,#5151,#501,.T.);
#3936=EDGE_CURVE('',#5158,#5180,#502,.T.);
#3937=EDGE_CURVE('',#5180,#5106,#5934,.F.);
#3938=EDGE_CURVE('',#5181,#5105,#5935,.F.);
#3939=EDGE_CURVE('',#5181,#5140,#503,.T.);
#3940=EDGE_CURVE('',#5178,#5179,#504,.T.);
#3941=EDGE_CURVE('',#5182,#4993,#5936,.F.);
#3942=EDGE_CURVE('',#5182,#5179,#5937,.T.);
#3943=EDGE_CURVE('',#5057,#5183,#5938,.T.);
#3944=EDGE_CURVE('',#5056,#5184,#5939,.T.);
#3945=EDGE_CURVE('',#5184,#5161,#505,.T.);
#3946=EDGE_CURVE('',#5154,#5157,#506,.T.);
#3947=EDGE_CURVE('',#5182,#5185,#507,.T.);
#3948=EDGE_CURVE('',#5185,#4999,#5940,.F.);
#3949=EDGE_CURVE('',#5138,#5183,#508,.T.);
#3950=EDGE_CURVE('',#5185,#5186,#5941,.T.);
#3951=EDGE_CURVE('',#5004,#5186,#5942,.T.);
#3952=EDGE_CURVE('',#5071,#5187,#5943,.T.);
#3953=EDGE_CURVE('',#5070,#5188,#5944,.T.);
#3954=EDGE_CURVE('',#5188,#5139,#509,.T.);
#3955=EDGE_CURVE('',#5186,#5189,#510,.T.);
#3956=EDGE_CURVE('',#5189,#5008,#5945,.F.);
#3957=EDGE_CURVE('',#5170,#5190,#511,.T.);
#3958=EDGE_CURVE('',#5190,#5128,#5946,.F.);
#3959=EDGE_CURVE('',#5191,#5127,#5947,.F.);
#3960=EDGE_CURVE('',#5191,#5187,#512,.T.);
#3961=EDGE_CURVE('',#5189,#5172,#5948,.T.);
#3962=EDGE_CURVE('',#5192,#5031,#5949,.F.);
#3963=EDGE_CURVE('',#5192,#5193,#5950,.T.);
#3964=EDGE_CURVE('',#5021,#5193,#5951,.T.);
#3965=EDGE_CURVE('',#5136,#5131,#513,.T.);
#3966=EDGE_CURVE('',#5193,#5194,#514,.T.);
#3967=EDGE_CURVE('',#5194,#5092,#5952,.F.);
#3968=EDGE_CURVE('',#5195,#5091,#5953,.F.);
#3969=EDGE_CURVE('',#5195,#5162,#515,.T.);
#3970=EDGE_CURVE('',#5142,#5145,#516,.T.);
#3971=EDGE_CURVE('',#5196,#5197,#174,.T.);
#3972=EDGE_CURVE('',#5198,#5196,#517,.T.);
#3973=EDGE_CURVE('',#5199,#5198,#175,.T.);
#3974=EDGE_CURVE('',#5197,#5199,#518,.F.);
#3975=EDGE_CURVE('',#5200,#5050,#5954,.F.);
#3976=EDGE_CURVE('',#5200,#5201,#5955,.T.);
#3977=EDGE_CURVE('',#5032,#5201,#5956,.T.);
#3978=EDGE_CURVE('',#5202,#5203,#176,.T.);
#3979=EDGE_CURVE('',#5204,#5202,#519,.T.);
#3980=EDGE_CURVE('',#5205,#5204,#177,.T.);
#3981=EDGE_CURVE('',#5203,#5205,#520,.F.);
#3982=EDGE_CURVE('',#5201,#5206,#521,.T.);
#3983=EDGE_CURVE('',#5204,#5206,#5957,.T.);
#3984=EDGE_CURVE('',#5202,#5207,#5958,.T.);
#3985=EDGE_CURVE('',#5207,#5208,#522,.T.);
#3986=EDGE_CURVE('',#5208,#5085,#5959,.F.);
#3987=EDGE_CURVE('',#5209,#5084,#5960,.F.);
#3988=EDGE_CURVE('',#5209,#5192,#523,.T.);
#3989=EDGE_CURVE('',#5130,#5133,#524,.T.);
#3990=EDGE_CURVE('',#5210,#5210,#525,.T.);
#3991=EDGE_CURVE('',#5078,#5211,#5961,.T.);
#3992=EDGE_CURVE('',#5077,#5212,#5962,.T.);
#3993=EDGE_CURVE('',#5212,#5213,#526,.T.);
#3994=EDGE_CURVE('',#5042,#5213,#5963,.T.);
#3995=EDGE_CURVE('',#5135,#5137,#527,.T.);
#3996=EDGE_CURVE('',#5144,#5146,#528,.T.);
#3997=EDGE_CURVE('',#5169,#5211,#529,.T.);
#3998=EDGE_CURVE('',#5214,#5213,#5964,.T.);
#3999=EDGE_CURVE('',#5214,#5047,#5965,.F.);
#4000=EDGE_CURVE('',#5215,#5216,#5966,.F.);
#4001=EDGE_CURVE('',#5216,#5217,#530,.F.);
#4002=EDGE_CURVE('',#5218,#5217,#5967,.F.);
#4003=EDGE_CURVE('',#5218,#5215,#531,.F.);
#4004=EDGE_CURVE('',#5219,#5216,#178,.T.);
#4005=EDGE_CURVE('',#5220,#5219,#532,.T.);
#4006=EDGE_CURVE('',#5217,#5220,#179,.T.);
#4007=EDGE_CURVE('',#5220,#5221,#5968,.T.);
#4008=EDGE_CURVE('',#5219,#5222,#5969,.T.);
#4009=EDGE_CURVE('',#5222,#5223,#533,.T.);
#4010=EDGE_CURVE('',#5198,#5223,#5970,.T.);
#4011=EDGE_CURVE('',#5196,#5224,#5971,.T.);
#4012=EDGE_CURVE('',#5224,#5200,#534,.T.);
#4013=EDGE_CURVE('',#5132,#5134,#535,.T.);
#4014=EDGE_CURVE('',#5214,#5221,#536,.T.);
#4015=EDGE_CURVE('',#5225,#5226,#5972,.F.);
#4016=EDGE_CURVE('',#5226,#5227,#537,.F.);
#4017=EDGE_CURVE('',#5228,#5227,#5973,.F.);
#4018=EDGE_CURVE('',#5228,#5225,#538,.F.);
#4019=EDGE_CURVE('',#5229,#5229,#539,.T.);
#4020=EDGE_CURVE('',#5230,#5228,#180,.T.);
#4021=EDGE_CURVE('',#5231,#5230,#540,.T.);
#4022=EDGE_CURVE('',#5225,#5231,#181,.T.);
#4023=EDGE_CURVE('',#5232,#5233,#5974,.F.);
#4024=EDGE_CURVE('',#5233,#5055,#182,.T.);
#4025=EDGE_CURVE('',#5232,#5183,#5975,.T.);
#4026=EDGE_CURVE('',#5234,#5233,#541,.T.);
#4027=EDGE_CURVE('',#5052,#5234,#183,.T.);
#4028=EDGE_CURVE('',#5235,#5234,#5976,.F.);
#4029=EDGE_CURVE('',#5235,#5184,#5977,.T.);
#4030=EDGE_CURVE('',#5236,#5237,#184,.T.);
#4031=EDGE_CURVE('',#5238,#5236,#542,.T.);
#4032=EDGE_CURVE('',#5239,#5238,#185,.T.);
#4033=EDGE_CURVE('',#5237,#5239,#543,.F.);
#4034=EDGE_CURVE('',#5240,#5237,#5978,.F.);
#4035=EDGE_CURVE('',#5241,#5239,#5979,.F.);
#4036=EDGE_CURVE('',#5241,#5240,#544,.F.);
#4037=EDGE_CURVE('',#5242,#5242,#545,.T.);
#4038=EDGE_CURVE('',#5243,#5241,#186,.T.);
#4039=EDGE_CURVE('',#5244,#5243,#546,.T.);
#4040=EDGE_CURVE('',#5240,#5244,#187,.T.);
#4041=EDGE_CURVE('',#5236,#5245,#5980,.T.);
#4042=EDGE_CURVE('',#5246,#5244,#5981,.F.);
#4043=EDGE_CURVE('',#5246,#5245,#5982,.T.);
#4044=EDGE_CURVE('',#5247,#5166,#5983,.T.);
#4045=EDGE_CURVE('',#5247,#5248,#5984,.F.);
#4046=EDGE_CURVE('',#5248,#5062,#188,.T.);
#4047=EDGE_CURVE('',#5249,#5248,#547,.T.);
#4048=EDGE_CURVE('',#5059,#5249,#189,.T.);
#4049=EDGE_CURVE('',#5250,#5249,#5985,.F.);
#4050=EDGE_CURVE('',#5250,#5167,#5986,.T.);
#4051=EDGE_CURVE('',#5251,#4904,#190,.T.);
#4052=EDGE_CURVE('',#5252,#5251,#548,.T.);
#4053=EDGE_CURVE('',#4905,#5252,#191,.T.);
#4054=EDGE_CURVE('',#5253,#5253,#549,.T.);
#4055=EDGE_CURVE('',#5254,#4875,#550,.T.);
#4056=EDGE_CURVE('',#4881,#5254,#192,.T.);
#4057=EDGE_CURVE('',#5255,#5187,#5987,.T.);
#4058=EDGE_CURVE('',#5255,#5256,#5988,.F.);
#4059=EDGE_CURVE('',#5256,#5069,#193,.T.);
#4060=EDGE_CURVE('',#5257,#5256,#551,.T.);
#4061=EDGE_CURVE('',#5066,#5257,#194,.T.);
#4062=EDGE_CURVE('',#5258,#5257,#5989,.F.);
#4063=EDGE_CURVE('',#5258,#5188,#5990,.T.);
#4064=EDGE_CURVE('',#5259,#5231,#5991,.F.);
#4065=EDGE_CURVE('',#5259,#5260,#5992,.T.);
#4066=EDGE_CURVE('',#5261,#5260,#5993,.T.);
#4067=EDGE_CURVE('',#5261,#5226,#195,.T.);
#4068=EDGE_CURVE('',#5262,#5261,#552,.T.);
#4069=EDGE_CURVE('',#5227,#5262,#196,.T.);
#4070=EDGE_CURVE('',#5263,#5263,#553,.T.);
#4071=EDGE_CURVE('',#5264,#4897,#554,.T.);
#4072=EDGE_CURVE('',#4903,#5264,#197,.T.);
#4073=EDGE_CURVE('',#5265,#5264,#5994,.F.);
#4074=EDGE_CURVE('',#5265,#5266,#5995,.T.);
#4075=EDGE_CURVE('',#5251,#5266,#5996,.T.);
#4076=EDGE_CURVE('',#5267,#5211,#5997,.T.);
#4077=EDGE_CURVE('',#5267,#5268,#5998,.F.);
#4078=EDGE_CURVE('',#5268,#5076,#198,.T.);
#4079=EDGE_CURVE('',#5269,#5268,#555,.T.);
#4080=EDGE_CURVE('',#5073,#5269,#199,.T.);
#4081=EDGE_CURVE('',#5270,#5269,#5999,.F.);
#4082=EDGE_CURVE('',#5270,#5212,#6000,.T.);
#4083=EDGE_CURVE('',#5271,#5272,#200,.T.);
#4084=EDGE_CURVE('',#5273,#5271,#556,.T.);
#4085=EDGE_CURVE('',#5274,#5273,#201,.T.);
#4086=EDGE_CURVE('',#5272,#5274,#557,.F.);
#4087=EDGE_CURVE('',#5275,#5272,#6001,.F.);
#4088=EDGE_CURVE('',#5276,#5274,#6002,.F.);
#4089=EDGE_CURVE('',#5276,#5275,#558,.F.);
#4090=EDGE_CURVE('',#5277,#5277,#559,.T.);
#4091=EDGE_CURVE('',#5278,#5279,#202,.T.);
#4092=EDGE_CURVE('',#5280,#5278,#560,.T.);
#4093=EDGE_CURVE('',#5281,#5280,#203,.T.);
#4094=EDGE_CURVE('',#5279,#5281,#561,.F.);
#4095=EDGE_CURVE('',#5208,#5282,#6003,.T.);
#4096=EDGE_CURVE('',#5283,#5282,#6004,.T.);
#4097=EDGE_CURVE('',#5283,#5081,#204,.T.);
#4098=EDGE_CURVE('',#5284,#5283,#562,.T.);
#4099=EDGE_CURVE('',#5082,#5284,#205,.T.);
#4100=EDGE_CURVE('',#5209,#5285,#6005,.T.);
#4101=EDGE_CURVE('',#5284,#5285,#6006,.T.);
#4102=EDGE_CURVE('',#5286,#5287,#206,.T.);
#4103=EDGE_CURVE('',#5288,#5286,#563,.T.);
#4104=EDGE_CURVE('',#5289,#5288,#207,.T.);
#4105=EDGE_CURVE('',#5287,#5289,#564,.F.);
#4106=EDGE_CURVE('',#5289,#5290,#6007,.F.);
#4107=EDGE_CURVE('',#5290,#5291,#565,.F.);
#4108=EDGE_CURVE('',#5287,#5291,#6008,.F.);
#4109=EDGE_CURVE('',#5292,#5292,#566,.T.);
#4110=EDGE_CURVE('',#5293,#5290,#208,.T.);
#4111=EDGE_CURVE('',#5294,#5293,#567,.T.);
#4112=EDGE_CURVE('',#5291,#5294,#209,.T.);
#4113=EDGE_CURVE('',#5295,#5296,#6009,.T.);
#4114=EDGE_CURVE('',#5295,#5286,#6010,.F.);
#4115=EDGE_CURVE('',#5294,#5296,#6011,.T.);
#4116=EDGE_CURVE('',#5297,#5298,#6012,.T.);
#4117=EDGE_CURVE('',#5297,#5088,#210,.T.);
#4118=EDGE_CURVE('',#5194,#5298,#6013,.T.);
#4119=EDGE_CURVE('',#5299,#5297,#568,.T.);
#4120=EDGE_CURVE('',#5089,#5299,#211,.T.);
#4121=EDGE_CURVE('',#5299,#5300,#6014,.T.);
#4122=EDGE_CURVE('',#5195,#5300,#6015,.T.);
#4123=EDGE_CURVE('',#5301,#5302,#212,.T.);
#4124=EDGE_CURVE('',#5303,#5301,#569,.T.);
#4125=EDGE_CURVE('',#5304,#5303,#213,.T.);
#4126=EDGE_CURVE('',#5302,#5304,#570,.F.);
#4127=EDGE_CURVE('',#5304,#5305,#6016,.F.);
#4128=EDGE_CURVE('',#5305,#5306,#571,.F.);
#4129=EDGE_CURVE('',#5302,#5306,#6017,.F.);
#4130=EDGE_CURVE('',#5307,#5307,#572,.T.);
#4131=EDGE_CURVE('',#5308,#5305,#214,.T.);
#4132=EDGE_CURVE('',#5309,#5308,#573,.T.);
#4133=EDGE_CURVE('',#5306,#5309,#215,.T.);
#4134=EDGE_CURVE('',#5310,#5311,#6018,.T.);
#4135=EDGE_CURVE('',#5310,#5301,#6019,.F.);
#4136=EDGE_CURVE('',#5309,#5311,#6020,.T.);
#4137=EDGE_CURVE('',#5312,#5313,#6021,.T.);
#4138=EDGE_CURVE('',#5312,#5095,#216,.T.);
#4139=EDGE_CURVE('',#5164,#5313,#6022,.T.);
#4140=EDGE_CURVE('',#5314,#5312,#574,.T.);
#4141=EDGE_CURVE('',#5096,#5314,#217,.T.);
#4142=EDGE_CURVE('',#5314,#5315,#6023,.T.);
#4143=EDGE_CURVE('',#5165,#5315,#6024,.T.);
#4144=EDGE_CURVE('',#5316,#5317,#218,.T.);
#4145=EDGE_CURVE('',#5318,#5316,#575,.T.);
#4146=EDGE_CURVE('',#5319,#5318,#219,.T.);
#4147=EDGE_CURVE('',#5317,#5319,#576,.F.);
#4148=EDGE_CURVE('',#5319,#5320,#6025,.F.);
#4149=EDGE_CURVE('',#5320,#5321,#577,.F.);
#4150=EDGE_CURVE('',#5317,#5321,#6026,.F.);
#4151=EDGE_CURVE('',#5322,#5322,#578,.T.);
#4152=EDGE_CURVE('',#5323,#5320,#220,.T.);
#4153=EDGE_CURVE('',#5324,#5323,#579,.T.);
#4154=EDGE_CURVE('',#5321,#5324,#221,.T.);
#4155=EDGE_CURVE('',#5325,#5326,#6027,.T.);
#4156=EDGE_CURVE('',#5325,#5316,#6028,.F.);
#4157=EDGE_CURVE('',#5324,#5326,#6029,.T.);
#4158=EDGE_CURVE('',#5180,#5327,#6030,.T.);
#4159=EDGE_CURVE('',#5328,#5327,#6031,.T.);
#4160=EDGE_CURVE('',#5328,#5102,#222,.T.);
#4161=EDGE_CURVE('',#5329,#5328,#580,.T.);
#4162=EDGE_CURVE('',#5103,#5329,#223,.T.);
#4163=EDGE_CURVE('',#5181,#5330,#6032,.T.);
#4164=EDGE_CURVE('',#5329,#5330,#6033,.T.);
#4165=EDGE_CURVE('',#5331,#5332,#224,.T.);
#4166=EDGE_CURVE('',#5333,#5331,#581,.T.);
#4167=EDGE_CURVE('',#5334,#5333,#225,.T.);
#4168=EDGE_CURVE('',#5332,#5334,#582,.F.);
#4169=EDGE_CURVE('',#5334,#5335,#6034,.F.);
#4170=EDGE_CURVE('',#5335,#5336,#583,.F.);
#4171=EDGE_CURVE('',#5332,#5336,#6035,.F.);
#4172=EDGE_CURVE('',#5337,#5337,#584,.T.);
#4173=EDGE_CURVE('',#5338,#5335,#226,.T.);
#4174=EDGE_CURVE('',#5339,#5338,#585,.T.);
#4175=EDGE_CURVE('',#5336,#5339,#227,.T.);
#4176=EDGE_CURVE('',#5340,#5331,#6036,.F.);
#4177=EDGE_CURVE('',#5339,#5341,#6037,.T.);
#4178=EDGE_CURVE('',#5340,#5341,#6038,.T.);
#4179=EDGE_CURVE('',#5342,#5343,#6039,.T.);
#4180=EDGE_CURVE('',#5342,#5109,#228,.T.);
#4181=EDGE_CURVE('',#5174,#5343,#6040,.T.);
#4182=EDGE_CURVE('',#5344,#5342,#586,.T.);
#4183=EDGE_CURVE('',#5110,#5344,#229,.T.);
#4184=EDGE_CURVE('',#5344,#5345,#6041,.T.);
#4185=EDGE_CURVE('',#5175,#5345,#6042,.T.);
#4186=EDGE_CURVE('',#5346,#5347,#230,.T.);
#4187=EDGE_CURVE('',#5348,#5346,#587,.T.);
#4188=EDGE_CURVE('',#5349,#5348,#231,.T.);
#4189=EDGE_CURVE('',#5347,#5349,#588,.F.);
#4190=EDGE_CURVE('',#5349,#5350,#6043,.F.);
#4191=EDGE_CURVE('',#5350,#5351,#589,.F.);
#4192=EDGE_CURVE('',#5347,#5351,#6044,.F.);
#4193=EDGE_CURVE('',#5352,#5352,#590,.T.);
#4194=EDGE_CURVE('',#5353,#5350,#232,.T.);
#4195=EDGE_CURVE('',#5354,#5353,#591,.T.);
#4196=EDGE_CURVE('',#5351,#5354,#233,.T.);
#4197=EDGE_CURVE('',#5355,#5356,#6045,.T.);
#4198=EDGE_CURVE('',#5355,#5346,#6046,.F.);
#4199=EDGE_CURVE('',#5354,#5356,#6047,.T.);
#4200=EDGE_CURVE('',#5357,#5358,#234,.T.);
#4201=EDGE_CURVE('',#5359,#5357,#592,.T.);
#4202=EDGE_CURVE('',#5360,#5359,#235,.T.);
#4203=EDGE_CURVE('',#5358,#5360,#593,.F.);
#4204=EDGE_CURVE('',#5361,#5358,#6048,.F.);
#4205=EDGE_CURVE('',#5362,#5360,#6049,.F.);
#4206=EDGE_CURVE('',#5362,#5361,#594,.F.);
#4207=EDGE_CURVE('',#5363,#5363,#595,.T.);
#4208=EDGE_CURVE('',#5364,#5362,#236,.T.);
#4209=EDGE_CURVE('',#5365,#5364,#596,.T.);
#4210=EDGE_CURVE('',#5361,#5365,#237,.T.);
#4211=EDGE_CURVE('',#5357,#5366,#6050,.T.);
#4212=EDGE_CURVE('',#5367,#5365,#6051,.F.);
#4213=EDGE_CURVE('',#5367,#5366,#6052,.T.);
#4214=EDGE_CURVE('',#5176,#5368,#6053,.T.);
#4215=EDGE_CURVE('',#5369,#5368,#6054,.T.);
#4216=EDGE_CURVE('',#5369,#5117,#238,.T.);
#4217=EDGE_CURVE('',#5370,#5369,#597,.T.);
#4218=EDGE_CURVE('',#5118,#5370,#239,.T.);
#4219=EDGE_CURVE('',#5177,#5371,#6055,.T.);
#4220=EDGE_CURVE('',#5370,#5371,#6056,.T.);
#4221=EDGE_CURVE('',#5372,#5373,#240,.T.);
#4222=EDGE_CURVE('',#5374,#5372,#598,.T.);
#4223=EDGE_CURVE('',#5375,#5374,#241,.T.);
#4224=EDGE_CURVE('',#5373,#5375,#599,.F.);
#4225=EDGE_CURVE('',#5376,#5373,#6057,.F.);
#4226=EDGE_CURVE('',#5377,#5375,#6058,.F.);
#4227=EDGE_CURVE('',#5377,#5376,#600,.F.);
#4228=EDGE_CURVE('',#5378,#5378,#601,.T.);
#4229=EDGE_CURVE('',#5379,#5377,#242,.T.);
#4230=EDGE_CURVE('',#5380,#5379,#602,.T.);
#4231=EDGE_CURVE('',#5376,#5380,#243,.T.);
#4232=EDGE_CURVE('',#5372,#5381,#6059,.T.);
#4233=EDGE_CURVE('',#5382,#5380,#6060,.F.);
#4234=EDGE_CURVE('',#5382,#5381,#6061,.T.);
#4235=EDGE_CURVE('',#5190,#5383,#6062,.T.);
#4236=EDGE_CURVE('',#5384,#5383,#6063,.T.);
#4237=EDGE_CURVE('',#5384,#5124,#244,.T.);
#4238=EDGE_CURVE('',#5385,#5384,#603,.T.);
#4239=EDGE_CURVE('',#5125,#5385,#245,.T.);
#4240=EDGE_CURVE('',#5191,#5386,#6064,.T.);
#4241=EDGE_CURVE('',#5385,#5386,#6065,.T.);
#4242=EDGE_CURVE('',#5387,#5388,#246,.T.);
#4243=EDGE_CURVE('',#5389,#5387,#604,.T.);
#4244=EDGE_CURVE('',#5390,#5389,#247,.T.);
#4245=EDGE_CURVE('',#5388,#5390,#605,.F.);
#4246=EDGE_CURVE('',#5391,#5388,#6066,.F.);
#4247=EDGE_CURVE('',#5392,#5390,#6067,.F.);
#4248=EDGE_CURVE('',#5392,#5391,#606,.F.);
#4249=EDGE_CURVE('',#5393,#5393,#607,.T.);
#4250=EDGE_CURVE('',#5394,#5392,#248,.T.);
#4251=EDGE_CURVE('',#5395,#5394,#608,.T.);
#4252=EDGE_CURVE('',#5391,#5395,#249,.T.);
#4253=EDGE_CURVE('',#5387,#5396,#6068,.T.);
#4254=EDGE_CURVE('',#5397,#5395,#6069,.F.);
#4255=EDGE_CURVE('',#5397,#5396,#6070,.T.);
#4256=EDGE_CURVE('',#5398,#5254,#6071,.F.);
#4257=EDGE_CURVE('',#5398,#5399,#6072,.T.);
#4258=EDGE_CURVE('',#5400,#5399,#6073,.T.);
#4259=EDGE_CURVE('',#5400,#4882,#250,.T.);
#4260=EDGE_CURVE('',#5401,#5400,#609,.T.);
#4261=EDGE_CURVE('',#4883,#5401,#251,.T.);
#4262=EDGE_CURVE('',#5402,#5403,#6074,.T.);
#4263=EDGE_CURVE('',#5403,#5404,#6075,.T.);
#4264=EDGE_CURVE('',#5405,#5404,#6076,.T.);
#4265=EDGE_CURVE('',#5402,#5405,#6077,.T.);
#4266=EDGE_CURVE('',#5260,#5258,#610,.T.);
#4267=EDGE_CURVE('',#5232,#5259,#611,.T.);
#4268=EDGE_CURVE('',#5406,#5407,#6078,.T.);
#4269=EDGE_CURVE('',#5407,#5408,#6079,.T.);
#4270=EDGE_CURVE('',#5409,#5408,#6080,.T.);
#4271=EDGE_CURVE('',#5406,#5409,#6081,.T.);
#4272=EDGE_CURVE('',#5340,#5330,#612,.T.);
#4273=EDGE_CURVE('',#5343,#5341,#613,.T.);
#4274=EDGE_CURVE('',#5410,#5411,#6082,.T.);
#4275=EDGE_CURVE('',#5411,#5412,#6083,.T.);
#4276=EDGE_CURVE('',#5413,#5412,#6084,.T.);
#4277=EDGE_CURVE('',#5410,#5413,#6085,.T.);
#4278=EDGE_CURVE('',#5255,#5398,#614,.T.);
#4279=EDGE_CURVE('',#5396,#5386,#615,.T.);
#4280=EDGE_CURVE('',#5399,#5397,#616,.T.);
#4281=EDGE_CURVE('',#5414,#5415,#6086,.T.);
#4282=EDGE_CURVE('',#5415,#5416,#6087,.T.);
#4283=EDGE_CURVE('',#5417,#5416,#6088,.T.);
#4284=EDGE_CURVE('',#5414,#5417,#6089,.T.);
#4285=EDGE_CURVE('',#5355,#5345,#617,.T.);
#4286=EDGE_CURVE('',#5366,#5356,#618,.T.);
#4287=EDGE_CURVE('',#5368,#5367,#619,.T.);
#4288=EDGE_CURVE('',#5418,#5419,#6090,.T.);
#4289=EDGE_CURVE('',#5419,#5420,#6091,.T.);
#4290=EDGE_CURVE('',#5421,#5420,#6092,.T.);
#4291=EDGE_CURVE('',#5418,#5421,#6093,.T.);
#4292=EDGE_CURVE('',#5422,#5423,#6094,.T.);
#4293=EDGE_CURVE('',#5423,#5424,#6095,.T.);
#4294=EDGE_CURVE('',#5425,#5424,#6096,.T.);
#4295=EDGE_CURVE('',#5422,#5425,#6097,.T.);
#4296=EDGE_CURVE('',#5426,#5427,#6098,.T.);
#4297=EDGE_CURVE('',#5427,#5428,#6099,.T.);
#4298=EDGE_CURVE('',#5429,#5428,#6100,.T.);
#4299=EDGE_CURVE('',#5426,#5429,#6101,.T.);
#4300=EDGE_CURVE('',#5325,#5315,#620,.T.);
#4301=EDGE_CURVE('',#5327,#5326,#621,.T.);
#4302=EDGE_CURVE('',#5430,#5431,#6102,.T.);
#4303=EDGE_CURVE('',#5431,#5432,#6103,.T.);
#4304=EDGE_CURVE('',#5433,#5432,#6104,.T.);
#4305=EDGE_CURVE('',#5430,#5433,#6105,.T.);
#4306=EDGE_CURVE('',#5245,#5235,#622,.T.);
#4307=EDGE_CURVE('',#5247,#5246,#623,.T.);
#4308=EDGE_CURVE('',#5434,#5435,#6106,.T.);
#4309=EDGE_CURVE('',#5435,#5436,#6107,.T.);
#4310=EDGE_CURVE('',#5437,#5436,#6108,.T.);
#4311=EDGE_CURVE('',#5434,#5437,#6109,.T.);
#4312=EDGE_CURVE('',#5310,#5300,#624,.T.);
#4313=EDGE_CURVE('',#5313,#5311,#625,.T.);
#4314=EDGE_CURVE('',#5438,#5439,#6110,.T.);
#4315=EDGE_CURVE('',#5439,#5440,#6111,.T.);
#4316=EDGE_CURVE('',#5441,#5440,#6112,.T.);
#4317=EDGE_CURVE('',#5438,#5441,#6113,.T.);
#4318=EDGE_CURVE('',#5266,#5250,#626,.T.);
#4319=EDGE_CURVE('',#5267,#5265,#627,.T.);
#4320=EDGE_CURVE('',#5442,#5443,#6114,.T.);
#4321=EDGE_CURVE('',#5443,#5444,#6115,.T.);
#4322=EDGE_CURVE('',#5445,#5444,#6116,.T.);
#4323=EDGE_CURVE('',#5442,#5445,#6117,.T.);
#4324=EDGE_CURVE('',#5381,#5371,#628,.T.);
#4325=EDGE_CURVE('',#5383,#5382,#629,.T.);
#4326=EDGE_CURVE('',#5446,#5447,#6118,.T.);
#4327=EDGE_CURVE('',#5447,#5448,#6119,.T.);
#4328=EDGE_CURVE('',#5449,#5448,#6120,.T.);
#4329=EDGE_CURVE('',#5446,#5449,#6121,.T.);
#4330=EDGE_CURVE('',#5450,#5451,#6122,.T.);
#4331=EDGE_CURVE('',#5451,#5452,#6123,.T.);
#4332=EDGE_CURVE('',#5453,#5452,#6124,.T.);
#4333=EDGE_CURVE('',#5450,#5453,#6125,.T.);
#4334=EDGE_CURVE('',#5295,#5285,#630,.T.);
#4335=EDGE_CURVE('',#5298,#5296,#631,.T.);
#4336=EDGE_CURVE('',#5454,#5455,#6126,.T.);
#4337=EDGE_CURVE('',#5455,#5456,#6127,.T.);
#4338=EDGE_CURVE('',#5457,#5456,#6128,.T.);
#4339=EDGE_CURVE('',#5454,#5457,#6129,.T.);
#4340=EDGE_CURVE('',#5458,#5459,#6130,.T.);
#4341=EDGE_CURVE('',#5458,#5197,#6131,.F.);
#4342=EDGE_CURVE('',#5459,#5199,#6132,.F.);
#4343=EDGE_CURVE('',#5458,#5460,#6133,.T.);
#4344=EDGE_CURVE('',#5460,#5224,#6134,.T.);
#4345=EDGE_CURVE('',#5459,#5461,#6135,.T.);
#4346=EDGE_CURVE('',#5461,#5223,#6136,.T.);
#4347=EDGE_CURVE('',#4859,#5203,#6137,.F.);
#4348=EDGE_CURVE('',#4860,#5205,#6138,.F.);
#4349=EDGE_CURVE('',#4858,#5207,#6139,.T.);
#4350=EDGE_CURVE('',#5462,#4856,#6140,.T.);
#4351=EDGE_CURVE('',#4861,#5206,#6141,.T.);
#4352=EDGE_CURVE('',#5463,#5460,#6142,.T.);
#4353=EDGE_CURVE('',#5463,#5464,#6143,.T.);
#4354=EDGE_CURVE('',#5464,#5462,#6144,.T.);
#4355=EDGE_CURVE('',#5465,#5466,#6145,.T.);
#4356=EDGE_CURVE('',#5465,#5467,#6146,.T.);
#4357=EDGE_CURVE('',#5282,#5467,#632,.T.);
#4358=EDGE_CURVE('',#4857,#5468,#6147,.T.);
#4359=EDGE_CURVE('',#5468,#5469,#6148,.T.);
#4360=EDGE_CURVE('',#5466,#5469,#6149,.T.);
#4361=EDGE_CURVE('',#5470,#5465,#6150,.T.);
#4362=EDGE_CURVE('',#5470,#5281,#6151,.F.);
#4363=EDGE_CURVE('',#5280,#5467,#6152,.T.);
#4364=EDGE_CURVE('',#5471,#5470,#6153,.T.);
#4365=EDGE_CURVE('',#5471,#5279,#6154,.F.);
#4366=EDGE_CURVE('',#5472,#5472,#633,.T.);
#4367=EDGE_CURVE('',#5473,#5276,#252,.T.);
#4368=EDGE_CURVE('',#5474,#5473,#634,.T.);
#4369=EDGE_CURVE('',#5275,#5474,#253,.T.);
#4370=EDGE_CURVE('',#5475,#5474,#6155,.F.);
#4371=EDGE_CURVE('',#5475,#5476,#6156,.T.);
#4372=EDGE_CURVE('',#5271,#5476,#6157,.T.);
#4373=EDGE_CURVE('',#5476,#5270,#635,.T.);
#4374=EDGE_CURVE('',#5477,#5475,#636,.T.);
#4375=EDGE_CURVE('',#5477,#5221,#6158,.T.);
#4376=EDGE_CURVE('',#5478,#5479,#6159,.T.);
#4377=EDGE_CURVE('',#5479,#5480,#6160,.T.);
#4378=EDGE_CURVE('',#5481,#5480,#6161,.T.);
#4379=EDGE_CURVE('',#5478,#5481,#6162,.T.);
#4380=EDGE_CURVE('',#5477,#5482,#6163,.F.);
#4381=EDGE_CURVE('',#5482,#5218,#254,.T.);
#4382=EDGE_CURVE('',#5483,#5482,#637,.T.);
#4383=EDGE_CURVE('',#5215,#5483,#255,.T.);
#4384=EDGE_CURVE('',#5484,#5483,#6164,.F.);
#4385=EDGE_CURVE('',#5484,#5222,#6165,.T.);
#4386=EDGE_CURVE('',#5485,#5486,#256,.T.);
#4387=EDGE_CURVE('',#5487,#5485,#638,.T.);
#4388=EDGE_CURVE('',#5488,#5487,#257,.T.);
#4389=EDGE_CURVE('',#5486,#5488,#639,.F.);
#4390=EDGE_CURVE('',#5489,#5486,#6166,.F.);
#4391=EDGE_CURVE('',#5489,#5490,#6167,.T.);
#4392=EDGE_CURVE('',#5490,#5491,#6168,.T.);
#4393=EDGE_CURVE('',#5485,#5491,#6169,.T.);
#4394=EDGE_CURVE('',#5461,#5492,#6170,.T.);
#4395=EDGE_CURVE('',#5491,#5484,#640,.T.);
#4396=EDGE_CURVE('',#5493,#5490,#6171,.T.);
#4397=EDGE_CURVE('',#5493,#5494,#6172,.T.);
#4398=EDGE_CURVE('',#5494,#5495,#6173,.T.);
#4399=EDGE_CURVE('',#5492,#5495,#6174,.T.);
#4400=EDGE_CURVE('',#5489,#5496,#6175,.T.);
#4401=EDGE_CURVE('',#5496,#5488,#6176,.F.);
#4402=EDGE_CURVE('',#5497,#5498,#258,.T.);
#4403=EDGE_CURVE('',#5499,#5497,#641,.T.);
#4404=EDGE_CURVE('',#5500,#5499,#259,.T.);
#4405=EDGE_CURVE('',#5498,#5500,#642,.F.);
#4406=EDGE_CURVE('',#5501,#5502,#260,.T.);
#4407=EDGE_CURVE('',#5503,#5501,#643,.T.);
#4408=EDGE_CURVE('',#5504,#5503,#261,.T.);
#4409=EDGE_CURVE('',#5502,#5504,#644,.F.);
#4410=EDGE_CURVE('',#5505,#5506,#262,.T.);
#4411=EDGE_CURVE('',#5507,#5505,#645,.T.);
#4412=EDGE_CURVE('',#5508,#5507,#263,.T.);
#4413=EDGE_CURVE('',#5506,#5508,#646,.F.);
#4414=EDGE_CURVE('',#5509,#5510,#264,.T.);
#4415=EDGE_CURVE('',#5511,#5509,#647,.T.);
#4416=EDGE_CURVE('',#5512,#5511,#265,.T.);
#4417=EDGE_CURVE('',#5510,#5512,#648,.F.);
#4418=EDGE_CURVE('',#5513,#5514,#6177,.T.);
#4419=EDGE_CURVE('',#5513,#5230,#6178,.F.);
#4420=EDGE_CURVE('',#5262,#5514,#6179,.T.);
#4421=EDGE_CURVE('',#5499,#5515,#6180,.T.);
#4422=EDGE_CURVE('',#5497,#5516,#6181,.T.);
#4423=EDGE_CURVE('',#5516,#5517,#649,.T.);
#4424=EDGE_CURVE('',#5238,#5517,#6182,.T.);
#4425=EDGE_CURVE('',#5513,#5515,#650,.T.);
#4426=EDGE_CURVE('',#5518,#5243,#6183,.F.);
#4427=EDGE_CURVE('',#5518,#5517,#6184,.T.);
#4428=EDGE_CURVE('',#5503,#5519,#6185,.T.);
#4429=EDGE_CURVE('',#5501,#5520,#6186,.T.);
#4430=EDGE_CURVE('',#5520,#5521,#651,.T.);
#4431=EDGE_CURVE('',#5252,#5521,#6187,.T.);
#4432=EDGE_CURVE('',#5518,#5519,#652,.T.);
#4433=EDGE_CURVE('',#4892,#5521,#6188,.T.);
#4434=EDGE_CURVE('',#4870,#5522,#6189,.T.);
#4435=EDGE_CURVE('',#5401,#5522,#6190,.T.);
#4436=EDGE_CURVE('',#5507,#4880,#6191,.T.);
#4437=EDGE_CURVE('',#5505,#5523,#6192,.T.);
#4438=EDGE_CURVE('',#5523,#5514,#653,.T.);
#4439=EDGE_CURVE('',#5511,#4902,#6193,.T.);
#4440=EDGE_CURVE('',#5509,#5524,#6194,.T.);
#4441=EDGE_CURVE('',#5524,#5525,#654,.T.);
#4442=EDGE_CURVE('',#5273,#5525,#6195,.T.);
#4443=EDGE_CURVE('',#5526,#5525,#6196,.T.);
#4444=EDGE_CURVE('',#5526,#5473,#6197,.F.);
#4445=EDGE_CURVE('',#5527,#5528,#266,.T.);
#4446=EDGE_CURVE('',#5529,#5527,#655,.T.);
#4447=EDGE_CURVE('',#5530,#5529,#267,.T.);
#4448=EDGE_CURVE('',#5528,#5530,#656,.F.);
#4449=EDGE_CURVE('',#5531,#5532,#268,.T.);
#4450=EDGE_CURVE('',#5533,#5531,#657,.T.);
#4451=EDGE_CURVE('',#5534,#5533,#269,.T.);
#4452=EDGE_CURVE('',#5532,#5534,#658,.F.);
#4453=EDGE_CURVE('',#5471,#4834,#6198,.T.);
#4454=EDGE_CURVE('',#5278,#4833,#6199,.T.);
#4455=EDGE_CURVE('',#4832,#5288,#6200,.F.);
#4456=EDGE_CURVE('',#5293,#4831,#6201,.T.);
#4457=EDGE_CURVE('',#4830,#5303,#6202,.F.);
#4458=EDGE_CURVE('',#5308,#4829,#6203,.T.);
#4459=EDGE_CURVE('',#4828,#5318,#6204,.F.);
#4460=EDGE_CURVE('',#5323,#4827,#6205,.T.);
#4461=EDGE_CURVE('',#4826,#5333,#6206,.F.);
#4462=EDGE_CURVE('',#5338,#4825,#6207,.T.);
#4463=EDGE_CURVE('',#4824,#5348,#6208,.F.);
#4464=EDGE_CURVE('',#5353,#4823,#6209,.T.);
#4465=EDGE_CURVE('',#5359,#4822,#6210,.T.);
#4466=EDGE_CURVE('',#4821,#5364,#6211,.F.);
#4467=EDGE_CURVE('',#5374,#4820,#6212,.T.);
#4468=EDGE_CURVE('',#4819,#5379,#6213,.F.);
#4469=EDGE_CURVE('',#5389,#4818,#6214,.T.);
#4470=EDGE_CURVE('',#4817,#5394,#6215,.F.);
#4471=EDGE_CURVE('',#5533,#4816,#6216,.T.);
#4472=EDGE_CURVE('',#5531,#5535,#6217,.T.);
#4473=EDGE_CURVE('',#5535,#5522,#659,.T.);
#4474=EDGE_CURVE('',#4740,#5405,#6218,.T.);
#4475=EDGE_CURVE('',#4738,#5404,#6219,.T.);
#4476=EDGE_CURVE('',#4739,#5402,#6220,.T.);
#4477=EDGE_CURVE('',#4737,#5403,#6221,.T.);
#4478=EDGE_CURVE('',#4744,#5409,#6222,.T.);
#4479=EDGE_CURVE('',#4742,#5408,#6223,.T.);
#4480=EDGE_CURVE('',#4743,#5406,#6224,.T.);
#4481=EDGE_CURVE('',#4741,#5407,#6225,.T.);
#4482=EDGE_CURVE('',#4748,#5413,#6226,.T.);
#4483=EDGE_CURVE('',#4746,#5412,#6227,.T.);
#4484=EDGE_CURVE('',#4747,#5410,#6228,.T.);
#4485=EDGE_CURVE('',#4745,#5411,#6229,.T.);
#4486=EDGE_CURVE('',#4752,#5417,#6230,.T.);
#4487=EDGE_CURVE('',#4750,#5416,#6231,.T.);
#4488=EDGE_CURVE('',#4751,#5414,#6232,.T.);
#4489=EDGE_CURVE('',#4749,#5415,#6233,.T.);
#4490=EDGE_CURVE('',#4756,#5421,#6234,.T.);
#4491=EDGE_CURVE('',#4754,#5420,#6235,.T.);
#4492=EDGE_CURVE('',#4755,#5418,#6236,.T.);
#4493=EDGE_CURVE('',#4753,#5419,#6237,.T.);
#4494=EDGE_CURVE('',#4760,#5425,#6238,.T.);
#4495=EDGE_CURVE('',#4758,#5424,#6239,.T.);
#4496=EDGE_CURVE('',#4759,#5422,#6240,.T.);
#4497=EDGE_CURVE('',#4757,#5423,#6241,.T.);
#4498=EDGE_CURVE('',#4764,#5429,#6242,.T.);
#4499=EDGE_CURVE('',#4762,#5428,#6243,.T.);
#4500=EDGE_CURVE('',#4763,#5426,#6244,.T.);
#4501=EDGE_CURVE('',#4761,#5427,#6245,.T.);
#4502=EDGE_CURVE('',#4768,#5433,#6246,.T.);
#4503=EDGE_CURVE('',#4766,#5432,#6247,.T.);
#4504=EDGE_CURVE('',#4767,#5430,#6248,.T.);
#4505=EDGE_CURVE('',#4765,#5431,#6249,.T.);
#4506=EDGE_CURVE('',#4772,#5437,#6250,.T.);
#4507=EDGE_CURVE('',#4770,#5436,#6251,.T.);
#4508=EDGE_CURVE('',#4771,#5434,#6252,.T.);
#4509=EDGE_CURVE('',#4769,#5435,#6253,.T.);
#4510=EDGE_CURVE('',#4776,#5441,#6254,.T.);
#4511=EDGE_CURVE('',#4774,#5440,#6255,.T.);
#4512=EDGE_CURVE('',#4775,#5438,#6256,.T.);
#4513=EDGE_CURVE('',#4773,#5439,#6257,.T.);
#4514=EDGE_CURVE('',#4780,#5445,#6258,.T.);
#4515=EDGE_CURVE('',#4778,#5444,#6259,.T.);
#4516=EDGE_CURVE('',#4779,#5442,#6260,.T.);
#4517=EDGE_CURVE('',#4777,#5443,#6261,.T.);
#4518=EDGE_CURVE('',#4784,#5449,#6262,.T.);
#4519=EDGE_CURVE('',#4782,#5448,#6263,.T.);
#4520=EDGE_CURVE('',#4783,#5446,#6264,.T.);
#4521=EDGE_CURVE('',#4781,#5447,#6265,.T.);
#4522=EDGE_CURVE('',#4788,#5453,#6266,.T.);
#4523=EDGE_CURVE('',#4786,#5452,#6267,.T.);
#4524=EDGE_CURVE('',#4787,#5450,#6268,.T.);
#4525=EDGE_CURVE('',#4785,#5451,#6269,.T.);
#4526=EDGE_CURVE('',#4792,#5481,#6270,.T.);
#4527=EDGE_CURVE('',#4790,#5480,#6271,.T.);
#4528=EDGE_CURVE('',#4791,#5478,#6272,.T.);
#4529=EDGE_CURVE('',#4789,#5479,#6273,.T.);
#4530=EDGE_CURVE('',#4796,#5457,#6274,.T.);
#4531=EDGE_CURVE('',#4794,#5456,#6275,.T.);
#4532=EDGE_CURVE('',#4795,#5454,#6276,.T.);
#4533=EDGE_CURVE('',#4793,#5455,#6277,.T.);
#4534=EDGE_CURVE('',#4703,#5493,#6278,.T.);
#4535=EDGE_CURVE('',#4702,#5494,#6279,.T.);
#4536=EDGE_CURVE('',#4701,#5495,#6280,.T.);
#4537=EDGE_CURVE('',#4700,#5492,#6281,.T.);
#4538=EDGE_CURVE('',#4699,#5463,#6282,.T.);
#4539=EDGE_CURVE('',#4690,#5468,#6283,.T.);
#4540=EDGE_CURVE('',#4689,#5469,#6284,.T.);
#4541=EDGE_CURVE('',#4688,#5466,#6285,.T.);
#4542=EDGE_CURVE('',#4835,#4687,#6286,.T.);
#4543=EDGE_CURVE('',#4686,#4836,#6287,.T.);
#4544=EDGE_CURVE('',#4871,#5536,#6288,.T.);
#4545=EDGE_CURVE('',#4733,#5536,#6289,.T.);
#4546=EDGE_CURVE('',#4724,#5537,#6290,.T.);
#4547=EDGE_CURVE('',#5537,#5538,#6291,.T.);
#4548=EDGE_CURVE('',#4725,#5538,#6292,.T.);
#4549=EDGE_CURVE('',#4720,#5539,#6293,.T.);
#4550=EDGE_CURVE('',#5539,#5540,#6294,.T.);
#4551=EDGE_CURVE('',#4721,#5540,#6295,.T.);
#4552=EDGE_CURVE('',#4893,#5541,#6296,.T.);
#4553=EDGE_CURVE('',#4717,#5541,#6297,.T.);
#4554=EDGE_CURVE('',#4708,#5542,#6298,.T.);
#4555=EDGE_CURVE('',#5542,#5543,#6299,.T.);
#4556=EDGE_CURVE('',#4709,#5543,#6300,.T.);
#4557=EDGE_CURVE('',#5529,#5544,#6301,.T.);
#4558=EDGE_CURVE('',#5527,#5545,#6302,.T.);
#4559=EDGE_CURVE('',#5545,#5546,#660,.T.);
#4560=EDGE_CURVE('',#5487,#5546,#6303,.T.);
#4561=EDGE_CURVE('',#5526,#5544,#661,.T.);
#4562=EDGE_CURVE('',#5496,#5547,#6304,.T.);
#4563=EDGE_CURVE('',#5547,#5546,#6305,.T.);
#4564=EDGE_CURVE('',#5547,#5548,#6306,.T.);
#4565=EDGE_CURVE('',#4704,#5548,#6307,.T.);
#4566=EDGE_CURVE('',#5548,#5549,#6308,.T.);
#4567=EDGE_CURVE('',#4705,#5549,#6309,.T.);
#4568=EDGE_CURVE('',#5550,#5551,#6310,.T.);
#4569=EDGE_CURVE('',#5550,#5549,#6311,.T.);
#4570=EDGE_CURVE('',#5551,#5545,#6312,.T.);
#4571=EDGE_CURVE('',#4706,#5550,#6313,.T.);
#4572=EDGE_CURVE('',#4681,#4841,#6314,.T.);
#4573=EDGE_CURVE('',#5552,#4815,#6315,.T.);
#4574=EDGE_CURVE('',#5552,#5534,#6316,.F.);
#4575=EDGE_CURVE('',#4710,#5553,#6317,.T.);
#4576=EDGE_CURVE('',#5553,#5543,#6318,.T.);
#4577=EDGE_CURVE('',#4707,#5554,#6319,.T.);
#4578=EDGE_CURVE('',#5554,#5542,#6320,.T.);
#4579=EDGE_CURVE('',#4734,#5555,#6321,.T.);
#4580=EDGE_CURVE('',#5555,#5536,#6322,.T.);
#4581=EDGE_CURVE('',#4727,#4878,#6323,.T.);
#4582=EDGE_CURVE('',#4718,#5556,#6324,.T.);
#4583=EDGE_CURVE('',#5556,#5541,#6325,.T.);
#4584=EDGE_CURVE('',#4711,#4900,#6326,.T.);
#4585=EDGE_CURVE('',#4722,#5557,#6327,.T.);
#4586=EDGE_CURVE('',#5557,#5540,#6328,.T.);
#4587=EDGE_CURVE('',#4719,#5558,#6329,.T.);
#4588=EDGE_CURVE('',#5558,#5539,#6330,.T.);
#4589=EDGE_CURVE('',#4726,#5559,#6331,.T.);
#4590=EDGE_CURVE('',#5559,#5538,#6332,.T.);
#4591=EDGE_CURVE('',#4723,#5560,#6333,.T.);
#4592=EDGE_CURVE('',#5560,#5537,#6334,.T.);
#4593=EDGE_CURVE('',#5561,#5528,#6335,.F.);
#4594=EDGE_CURVE('',#5561,#5551,#6336,.T.);
#4595=EDGE_CURVE('',#5562,#5563,#6337,.T.);
#4596=EDGE_CURVE('',#5562,#5530,#6338,.F.);
#4597=EDGE_CURVE('',#5563,#5544,#6339,.T.);
#4598=EDGE_CURVE('',#5563,#5554,#6340,.T.);
#4599=EDGE_CURVE('',#5564,#5524,#6341,.T.);
#4600=EDGE_CURVE('',#5553,#5564,#6342,.T.);
#4601=EDGE_CURVE('',#5565,#5532,#6343,.F.);
#4602=EDGE_CURVE('',#5565,#5566,#6344,.T.);
#4603=EDGE_CURVE('',#5566,#5535,#6345,.T.);
#4604=EDGE_CURVE('',#5555,#5566,#6346,.T.);
#4605=EDGE_CURVE('',#5565,#5552,#6347,.T.);
#4606=EDGE_CURVE('',#5567,#5520,#6348,.T.);
#4607=EDGE_CURVE('',#5556,#5567,#6349,.T.);
#4608=EDGE_CURVE('',#5568,#5558,#6350,.T.);
#4609=EDGE_CURVE('',#5568,#5519,#6351,.T.);
#4610=EDGE_CURVE('',#5569,#5516,#6352,.T.);
#4611=EDGE_CURVE('',#5557,#5569,#6353,.T.);
#4612=EDGE_CURVE('',#5570,#5560,#6354,.T.);
#4613=EDGE_CURVE('',#5570,#5515,#6355,.T.);
#4614=EDGE_CURVE('',#5571,#5523,#6356,.T.);
#4615=EDGE_CURVE('',#5559,#5571,#6357,.T.);
#4616=EDGE_CURVE('',#5561,#5562,#6358,.T.);
#4617=EDGE_CURVE('',#5572,#5510,#6359,.F.);
#4618=EDGE_CURVE('',#5572,#5564,#6360,.T.);
#4619=EDGE_CURVE('',#5573,#4879,#6361,.T.);
#4620=EDGE_CURVE('',#5573,#5508,#6362,.F.);
#4621=EDGE_CURVE('',#5574,#4901,#6363,.T.);
#4622=EDGE_CURVE('',#5574,#5512,#6364,.F.);
#4623=EDGE_CURVE('',#5575,#5502,#6365,.F.);
#4624=EDGE_CURVE('',#5575,#5567,#6366,.T.);
#4625=EDGE_CURVE('',#5576,#5498,#6367,.F.);
#4626=EDGE_CURVE('',#5576,#5569,#6368,.T.);
#4627=EDGE_CURVE('',#5577,#5568,#6369,.T.);
#4628=EDGE_CURVE('',#5577,#5504,#6370,.F.);
#4629=EDGE_CURVE('',#5578,#5506,#6371,.F.);
#4630=EDGE_CURVE('',#5578,#5571,#6372,.T.);
#4631=EDGE_CURVE('',#5579,#5570,#6373,.T.);
#4632=EDGE_CURVE('',#5579,#5500,#6374,.F.);
#4633=EDGE_CURVE('',#5572,#5574,#6375,.T.);
#4634=EDGE_CURVE('',#5578,#5573,#6376,.T.);
#4635=EDGE_CURVE('',#5575,#5577,#6377,.T.);
#4636=EDGE_CURVE('',#5576,#5579,#6378,.T.);
#4637=EDGE_CURVE('',#4698,#5580,#6379,.T.);
#4638=EDGE_CURVE('',#5580,#5463,#6380,.T.);
#4639=EDGE_CURVE('',#4856,#5581,#6381,.T.);
#4640=EDGE_CURVE('',#4693,#5581,#6382,.T.);
#4641=EDGE_CURVE('',#5582,#5583,#6383,.T.);
#4642=EDGE_CURVE('',#5582,#5580,#6384,.F.);
#4643=EDGE_CURVE('',#4697,#5583,#6385,.T.);
#4644=EDGE_CURVE('',#5583,#5584,#6386,.T.);
#4645=EDGE_CURVE('',#4696,#5584,#6387,.T.);
#4646=EDGE_CURVE('',#5585,#5584,#662,.T.);
#4647=EDGE_CURVE('',#4695,#5585,#6388,.T.);
#4648=EDGE_CURVE('',#5586,#5585,#6389,.T.);
#4649=EDGE_CURVE('',#4694,#5586,#6390,.T.);
#4650=EDGE_CURVE('',#5581,#5587,#6391,.T.);
#4651=EDGE_CURVE('',#5586,#5587,#6392,.T.);
#4652=EDGE_CURVE('',#5588,#5589,#6393,.T.);
#4653=EDGE_CURVE('',#5589,#5582,#6394,.T.);
#4654=EDGE_CURVE('',#5587,#5588,#6395,.T.);
#4655=EDGE_CURVE('',#5588,#5462,#6396,.F.);
#4656=EDGE_CURVE('',#5589,#5464,#6397,.T.);
#4657=EDGE_CURVE('',#4684,#4838,#6398,.T.);
#4658=EDGE_CURVE('',#4685,#4837,#6399,.T.);
#4659=EDGE_CURVE('',#4679,#4813,#6400,.T.);
#4660=EDGE_CURVE('',#4680,#4842,#6401,.T.);
#4661=EDGE_CURVE('',#4803,#4845,#6402,.T.);
#4662=EDGE_CURVE('',#4802,#4843,#6403,.T.);
#4663=EDGE_CURVE('',#4804,#4844,#6404,.T.);
#4664=EDGE_CURVE('',#4805,#4846,#6405,.T.);
#4665=EDGE_CURVE('',#4675,#4849,#6406,.T.);
#4666=EDGE_CURVE('',#4674,#4847,#6407,.T.);
#4667=EDGE_CURVE('',#4676,#4848,#6408,.T.);
#4668=EDGE_CURVE('',#4677,#4851,#6409,.T.);
#4669=EDGE_CURVE('',#4678,#4850,#6410,.T.);
#4670=EDGE_CURVE('',#4807,#4854,#6411,.T.);
#4671=EDGE_CURVE('',#4806,#4853,#6412,.T.);
#4672=EDGE_CURVE('',#4808,#4852,#6413,.T.);
#4673=EDGE_CURVE('',#4809,#4855,#6414,.T.);
#4674=VERTEX_POINT('',#12656);
#4675=VERTEX_POINT('',#12657);
#4676=VERTEX_POINT('',#12659);
#4677=VERTEX_POINT('',#12661);
#4678=VERTEX_POINT('',#12663);
#4679=VERTEX_POINT('',#12666);
#4680=VERTEX_POINT('',#12667);
#4681=VERTEX_POINT('',#12669);
#4682=VERTEX_POINT('',#12671);
#4683=VERTEX_POINT('',#12673);
#4684=VERTEX_POINT('',#12675);
#4685=VERTEX_POINT('',#12677);
#4686=VERTEX_POINT('',#12679);
#4687=VERTEX_POINT('',#12681);
#4688=VERTEX_POINT('',#12683);
#4689=VERTEX_POINT('',#12685);
#4690=VERTEX_POINT('',#12687);
#4691=VERTEX_POINT('',#12689);
#4692=VERTEX_POINT('',#12691);
#4693=VERTEX_POINT('',#12693);
#4694=VERTEX_POINT('',#12695);
#4695=VERTEX_POINT('',#12697);
#4696=VERTEX_POINT('',#12699);
#4697=VERTEX_POINT('',#12701);
#4698=VERTEX_POINT('',#12703);
#4699=VERTEX_POINT('',#12705);
#4700=VERTEX_POINT('',#12707);
#4701=VERTEX_POINT('',#12709);
#4702=VERTEX_POINT('',#12711);
#4703=VERTEX_POINT('',#12713);
#4704=VERTEX_POINT('',#12715);
#4705=VERTEX_POINT('',#12717);
#4706=VERTEX_POINT('',#12719);
#4707=VERTEX_POINT('',#12721);
#4708=VERTEX_POINT('',#12723);
#4709=VERTEX_POINT('',#12725);
#4710=VERTEX_POINT('',#12727);
#4711=VERTEX_POINT('',#12729);
#4712=VERTEX_POINT('',#12731);
#4713=VERTEX_POINT('',#12733);
#4714=VERTEX_POINT('',#12735);
#4715=VERTEX_POINT('',#12737);
#4716=VERTEX_POINT('',#12739);
#4717=VERTEX_POINT('',#12741);
#4718=VERTEX_POINT('',#12743);
#4719=VERTEX_POINT('',#12745);
#4720=VERTEX_POINT('',#12747);
#4721=VERTEX_POINT('',#12749);
#4722=VERTEX_POINT('',#12751);
#4723=VERTEX_POINT('',#12753);
#4724=VERTEX_POINT('',#12755);
#4725=VERTEX_POINT('',#12757);
#4726=VERTEX_POINT('',#12759);
#4727=VERTEX_POINT('',#12761);
#4728=VERTEX_POINT('',#12763);
#4729=VERTEX_POINT('',#12765);
#4730=VERTEX_POINT('',#12767);
#4731=VERTEX_POINT('',#12769);
#4732=VERTEX_POINT('',#12771);
#4733=VERTEX_POINT('',#12773);
#4734=VERTEX_POINT('',#12775);
#4735=VERTEX_POINT('',#12777);
#4736=VERTEX_POINT('',#12779);
#4737=VERTEX_POINT('',#12782);
#4738=VERTEX_POINT('',#12783);
#4739=VERTEX_POINT('',#12785);
#4740=VERTEX_POINT('',#12787);
#4741=VERTEX_POINT('',#12790);
#4742=VERTEX_POINT('',#12791);
#4743=VERTEX_POINT('',#12793);
#4744=VERTEX_POINT('',#12795);
#4745=VERTEX_POINT('',#12798);
#4746=VERTEX_POINT('',#12799);
#4747=VERTEX_POINT('',#12801);
#4748=VERTEX_POINT('',#12803);
#4749=VERTEX_POINT('',#12806);
#4750=VERTEX_POINT('',#12807);
#4751=VERTEX_POINT('',#12809);
#4752=VERTEX_POINT('',#12811);
#4753=VERTEX_POINT('',#12814);
#4754=VERTEX_POINT('',#12815);
#4755=VERTEX_POINT('',#12817);
#4756=VERTEX_POINT('',#12819);
#4757=VERTEX_POINT('',#12822);
#4758=VERTEX_POINT('',#12823);
#4759=VERTEX_POINT('',#12825);
#4760=VERTEX_POINT('',#12827);
#4761=VERTEX_POINT('',#12830);
#4762=VERTEX_POINT('',#12831);
#4763=VERTEX_POINT('',#12833);
#4764=VERTEX_POINT('',#12835);
#4765=VERTEX_POINT('',#12838);
#4766=VERTEX_POINT('',#12839);
#4767=VERTEX_POINT('',#12841);
#4768=VERTEX_POINT('',#12843);
#4769=VERTEX_POINT('',#12846);
#4770=VERTEX_POINT('',#12847);
#4771=VERTEX_POINT('',#12849);
#4772=VERTEX_POINT('',#12851);
#4773=VERTEX_POINT('',#12854);
#4774=VERTEX_POINT('',#12855);
#4775=VERTEX_POINT('',#12857);
#4776=VERTEX_POINT('',#12859);
#4777=VERTEX_POINT('',#12862);
#4778=VERTEX_POINT('',#12863);
#4779=VERTEX_POINT('',#12865);
#4780=VERTEX_POINT('',#12867);
#4781=VERTEX_POINT('',#12870);
#4782=VERTEX_POINT('',#12871);
#4783=VERTEX_POINT('',#12873);
#4784=VERTEX_POINT('',#12875);
#4785=VERTEX_POINT('',#12878);
#4786=VERTEX_POINT('',#12879);
#4787=VERTEX_POINT('',#12881);
#4788=VERTEX_POINT('',#12883);
#4789=VERTEX_POINT('',#12886);
#4790=VERTEX_POINT('',#12887);
#4791=VERTEX_POINT('',#12889);
#4792=VERTEX_POINT('',#12891);
#4793=VERTEX_POINT('',#12894);
#4794=VERTEX_POINT('',#12895);
#4795=VERTEX_POINT('',#12897);
#4796=VERTEX_POINT('',#12899);
#4797=VERTEX_POINT('',#12902);
#4798=VERTEX_POINT('',#12904);
#4799=VERTEX_POINT('',#12906);
#4800=VERTEX_POINT('',#12908);
#4801=VERTEX_POINT('',#12910);
#4802=VERTEX_POINT('',#12912);
#4803=VERTEX_POINT('',#12913);
#4804=VERTEX_POINT('',#12915);
#4805=VERTEX_POINT('',#12917);
#4806=VERTEX_POINT('',#12920);
#4807=VERTEX_POINT('',#12921);
#4808=VERTEX_POINT('',#12923);
#4809=VERTEX_POINT('',#12925);
#4810=VERTEX_POINT('',#12929);
#4811=VERTEX_POINT('',#12931);
#4812=VERTEX_POINT('',#12933);
#4813=VERTEX_POINT('',#12934);
#4814=VERTEX_POINT('',#12936);
#4815=VERTEX_POINT('',#12938);
#4816=VERTEX_POINT('',#12940);
#4817=VERTEX_POINT('',#12942);
#4818=VERTEX_POINT('',#12944);
#4819=VERTEX_POINT('',#12946);
#4820=VERTEX_POINT('',#12948);
#4821=VERTEX_POINT('',#12950);
#4822=VERTEX_POINT('',#12952);
#4823=VERTEX_POINT('',#12954);
#4824=VERTEX_POINT('',#12956);
#4825=VERTEX_POINT('',#12958);
#4826=VERTEX_POINT('',#12960);
#4827=VERTEX_POINT('',#12962);
#4828=VERTEX_POINT('',#12964);
#4829=VERTEX_POINT('',#12966);
#4830=VERTEX_POINT('',#12968);
#4831=VERTEX_POINT('',#12970);
#4832=VERTEX_POINT('',#12972);
#4833=VERTEX_POINT('',#12974);
#4834=VERTEX_POINT('',#12976);
#4835=VERTEX_POINT('',#12978);
#4836=VERTEX_POINT('',#12980);
#4837=VERTEX_POINT('',#12982);
#4838=VERTEX_POINT('',#12984);
#4839=VERTEX_POINT('',#12986);
#4840=VERTEX_POINT('',#12988);
#4841=VERTEX_POINT('',#12990);
#4842=VERTEX_POINT('',#12992);
#4843=VERTEX_POINT('',#12995);
#4844=VERTEX_POINT('',#12996);
#4845=VERTEX_POINT('',#12998);
#4846=VERTEX_POINT('',#13000);
#4847=VERTEX_POINT('',#13003);
#4848=VERTEX_POINT('',#13004);
#4849=VERTEX_POINT('',#13006);
#4850=VERTEX_POINT('',#13008);
#4851=VERTEX_POINT('',#13010);
#4852=VERTEX_POINT('',#13013);
#4853=VERTEX_POINT('',#13014);
#4854=VERTEX_POINT('',#13016);
#4855=VERTEX_POINT('',#13018);
#4856=VERTEX_POINT('',#13028);
#4857=VERTEX_POINT('',#13030);
#4858=VERTEX_POINT('',#13032);
#4859=VERTEX_POINT('',#13034);
#4860=VERTEX_POINT('',#13036);
#4861=VERTEX_POINT('',#13038);
#4862=VERTEX_POINT('',#13042);
#4863=VERTEX_POINT('',#13043);
#4864=VERTEX_POINT('',#13045);
#4865=VERTEX_POINT('',#13047);
#4866=VERTEX_POINT('',#13049);
#4867=VERTEX_POINT('',#13052);
#4868=VERTEX_POINT('',#13056);
#4869=VERTEX_POINT('',#13057);
#4870=VERTEX_POINT('',#13059);
#4871=VERTEX_POINT('',#13061);
#4872=VERTEX_POINT('',#13064);
#4873=VERTEX_POINT('',#13066);
#4874=VERTEX_POINT('',#13076);
#4875=VERTEX_POINT('',#13078);
#4876=VERTEX_POINT('',#13083);
#4877=VERTEX_POINT('',#13087);
#4878=VERTEX_POINT('',#13089);
#4879=VERTEX_POINT('',#13091);
#4880=VERTEX_POINT('',#13093);
#4881=VERTEX_POINT('',#13099);
#4882=VERTEX_POINT('',#13101);
#4883=VERTEX_POINT('',#13103);
#4884=VERTEX_POINT('',#13107);
#4885=VERTEX_POINT('',#13108);
#4886=VERTEX_POINT('',#13110);
#4887=VERTEX_POINT('',#13112);
#4888=VERTEX_POINT('',#13114);
#4889=VERTEX_POINT('',#13117);
#4890=VERTEX_POINT('',#13121);
#4891=VERTEX_POINT('',#13122);
#4892=VERTEX_POINT('',#13124);
#4893=VERTEX_POINT('',#13126);
#4894=VERTEX_POINT('',#13129);
#4895=VERTEX_POINT('',#13131);
#4896=VERTEX_POINT('',#13141);
#4897=VERTEX_POINT('',#13143);
#4898=VERTEX_POINT('',#13148);
#4899=VERTEX_POINT('',#13152);
#4900=VERTEX_POINT('',#13154);
#4901=VERTEX_POINT('',#13156);
#4902=VERTEX_POINT('',#13158);
#4903=VERTEX_POINT('',#13164);
#4904=VERTEX_POINT('',#13166);
#4905=VERTEX_POINT('',#13168);
#4906=VERTEX_POINT('',#13172);
#4907=VERTEX_POINT('',#13175);
#4908=VERTEX_POINT('',#13178);
#4909=VERTEX_POINT('',#13181);
#4910=VERTEX_POINT('',#13184);
#4911=VERTEX_POINT('',#13187);
#4912=VERTEX_POINT('',#13190);
#4913=VERTEX_POINT('',#13193);
#4914=VERTEX_POINT('',#13196);
#4915=VERTEX_POINT('',#13199);
#4916=VERTEX_POINT('',#13202);
#4917=VERTEX_POINT('',#13205);
#4918=VERTEX_POINT('',#13208);
#4919=VERTEX_POINT('',#13211);
#4920=VERTEX_POINT('',#13214);
#4921=VERTEX_POINT('',#13217);
#4922=VERTEX_POINT('',#13220);
#4923=VERTEX_POINT('',#13223);
#4924=VERTEX_POINT('',#13226);
#4925=VERTEX_POINT('',#13229);
#4926=VERTEX_POINT('',#13232);
#4927=VERTEX_POINT('',#13235);
#4928=VERTEX_POINT('',#13238);
#4929=VERTEX_POINT('',#13241);
#4930=VERTEX_POINT('',#13244);
#4931=VERTEX_POINT('',#13247);
#4932=VERTEX_POINT('',#13250);
#4933=VERTEX_POINT('',#13253);
#4934=VERTEX_POINT('',#13256);
#4935=VERTEX_POINT('',#13259);
#4936=VERTEX_POINT('',#13262);
#4937=VERTEX_POINT('',#13263);
#4938=VERTEX_POINT('',#13265);
#4939=VERTEX_POINT('',#13267);
#4940=VERTEX_POINT('',#13271);
#4941=VERTEX_POINT('',#13272);
#4942=VERTEX_POINT('',#13274);
#4943=VERTEX_POINT('',#13276);
#4944=VERTEX_POINT('',#13280);
#4945=VERTEX_POINT('',#13281);
#4946=VERTEX_POINT('',#13283);
#4947=VERTEX_POINT('',#13285);
#4948=VERTEX_POINT('',#13289);
#4949=VERTEX_POINT('',#13290);
#4950=VERTEX_POINT('',#13292);
#4951=VERTEX_POINT('',#13294);
#4952=VERTEX_POINT('',#13298);
#4953=VERTEX_POINT('',#13299);
#4954=VERTEX_POINT('',#13301);
#4955=VERTEX_POINT('',#13303);
#4956=VERTEX_POINT('',#13307);
#4957=VERTEX_POINT('',#13313);
#4958=VERTEX_POINT('',#13315);
#4959=VERTEX_POINT('',#13325);
#4960=VERTEX_POINT('',#13327);
#4961=VERTEX_POINT('',#13337);
#4962=VERTEX_POINT('',#13339);
#4963=VERTEX_POINT('',#13346);
#4964=VERTEX_POINT('',#13352);
#4965=VERTEX_POINT('',#13354);
#4966=VERTEX_POINT('',#13364);
#4967=VERTEX_POINT('',#13366);
#4968=VERTEX_POINT('',#13376);
#4969=VERTEX_POINT('',#13377);
#4970=VERTEX_POINT('',#13379);
#4971=VERTEX_POINT('',#13384);
#4972=VERTEX_POINT('',#13388);
#4973=VERTEX_POINT('',#13390);
#4974=VERTEX_POINT('',#13394);
#4975=VERTEX_POINT('',#13400);
#4976=VERTEX_POINT('',#13401);
#4977=VERTEX_POINT('',#13403);
#4978=VERTEX_POINT('',#13408);
#4979=VERTEX_POINT('',#13412);
#4980=VERTEX_POINT('',#13414);
#4981=VERTEX_POINT('',#13418);
#4982=VERTEX_POINT('',#13424);
#4983=VERTEX_POINT('',#13426);
#4984=VERTEX_POINT('',#13436);
#4985=VERTEX_POINT('',#13438);
#4986=VERTEX_POINT('',#13448);
#4987=VERTEX_POINT('',#13449);
#4988=VERTEX_POINT('',#13451);
#4989=VERTEX_POINT('',#13456);
#4990=VERTEX_POINT('',#13460);
#4991=VERTEX_POINT('',#13462);
#4992=VERTEX_POINT('',#13466);
#4993=VERTEX_POINT('',#13472);
#4994=VERTEX_POINT('',#13474);
#4995=VERTEX_POINT('',#13484);
#4996=VERTEX_POINT('',#13486);
#4997=VERTEX_POINT('',#13496);
#4998=VERTEX_POINT('',#13497);
#4999=VERTEX_POINT('',#13499);
#5000=VERTEX_POINT('',#13504);
#5001=VERTEX_POINT('',#13508);
#5002=VERTEX_POINT('',#13510);
#5003=VERTEX_POINT('',#13514);
#5004=VERTEX_POINT('',#13520);
#5005=VERTEX_POINT('',#13522);
#5006=VERTEX_POINT('',#13532);
#5007=VERTEX_POINT('',#13533);
#5008=VERTEX_POINT('',#13535);
#5009=VERTEX_POINT('',#13540);
#5010=VERTEX_POINT('',#13544);
#5011=VERTEX_POINT('',#13546);
#5012=VERTEX_POINT('',#13553);
#5013=VERTEX_POINT('',#13555);
#5014=VERTEX_POINT('',#13562);
#5015=VERTEX_POINT('',#13563);
#5016=VERTEX_POINT('',#13565);
#5017=VERTEX_POINT('',#13567);
#5018=VERTEX_POINT('',#13571);
#5019=VERTEX_POINT('',#13577);
#5020=VERTEX_POINT('',#13579);
#5021=VERTEX_POINT('',#13589);
#5022=VERTEX_POINT('',#13591);
#5023=VERTEX_POINT('',#13601);
#5024=VERTEX_POINT('',#13603);
#5025=VERTEX_POINT('',#13610);
#5026=VERTEX_POINT('',#13611);
#5027=VERTEX_POINT('',#13613);
#5028=VERTEX_POINT('',#13615);
#5029=VERTEX_POINT('',#13619);
#5030=VERTEX_POINT('',#13625);
#5031=VERTEX_POINT('',#13627);
#5032=VERTEX_POINT('',#13637);
#5033=VERTEX_POINT('',#13639);
#5034=VERTEX_POINT('',#13646);
#5035=VERTEX_POINT('',#13649);
#5036=VERTEX_POINT('',#13655);
#5037=VERTEX_POINT('',#13657);
#5038=VERTEX_POINT('',#13667);
#5039=VERTEX_POINT('',#13669);
#5040=VERTEX_POINT('',#13679);
#5041=VERTEX_POINT('',#13680);
#5042=VERTEX_POINT('',#13682);
#5043=VERTEX_POINT('',#13687);
#5044=VERTEX_POINT('',#13691);
#5045=VERTEX_POINT('',#13693);
#5046=VERTEX_POINT('',#13697);
#5047=VERTEX_POINT('',#13703);
#5048=VERTEX_POINT('',#13705);
#5049=VERTEX_POINT('',#13715);
#5050=VERTEX_POINT('',#13717);
#5051=VERTEX_POINT('',#13724);
#5052=VERTEX_POINT('',#13727);
#5053=VERTEX_POINT('',#13728);
#5054=VERTEX_POINT('',#13730);
#5055=VERTEX_POINT('',#13732);
#5056=VERTEX_POINT('',#13739);
#5057=VERTEX_POINT('',#13741);
#5058=VERTEX_POINT('',#13748);
#5059=VERTEX_POINT('',#13751);
#5060=VERTEX_POINT('',#13752);
#5061=VERTEX_POINT('',#13754);
#5062=VERTEX_POINT('',#13756);
#5063=VERTEX_POINT('',#13763);
#5064=VERTEX_POINT('',#13765);
#5065=VERTEX_POINT('',#13772);
#5066=VERTEX_POINT('',#13775);
#5067=VERTEX_POINT('',#13776);
#5068=VERTEX_POINT('',#13778);
#5069=VERTEX_POINT('',#13780);
#5070=VERTEX_POINT('',#13787);
#5071=VERTEX_POINT('',#13789);
#5072=VERTEX_POINT('',#13796);
#5073=VERTEX_POINT('',#13799);
#5074=VERTEX_POINT('',#13800);
#5075=VERTEX_POINT('',#13802);
#5076=VERTEX_POINT('',#13804);
#5077=VERTEX_POINT('',#13811);
#5078=VERTEX_POINT('',#13813);
#5079=VERTEX_POINT('',#13820);
#5080=VERTEX_POINT('',#13823);
#5081=VERTEX_POINT('',#13824);
#5082=VERTEX_POINT('',#13826);
#5083=VERTEX_POINT('',#13828);
#5084=VERTEX_POINT('',#13835);
#5085=VERTEX_POINT('',#13837);
#5086=VERTEX_POINT('',#13844);
#5087=VERTEX_POINT('',#13847);
#5088=VERTEX_POINT('',#13848);
#5089=VERTEX_POINT('',#13850);
#5090=VERTEX_POINT('',#13852);
#5091=VERTEX_POINT('',#13859);
#5092=VERTEX_POINT('',#13861);
#5093=VERTEX_POINT('',#13868);
#5094=VERTEX_POINT('',#13871);
#5095=VERTEX_POINT('',#13872);
#5096=VERTEX_POINT('',#13874);
#5097=VERTEX_POINT('',#13876);
#5098=VERTEX_POINT('',#13883);
#5099=VERTEX_POINT('',#13885);
#5100=VERTEX_POINT('',#13892);
#5101=VERTEX_POINT('',#13895);
#5102=VERTEX_POINT('',#13896);
#5103=VERTEX_POINT('',#13898);
#5104=VERTEX_POINT('',#13900);
#5105=VERTEX_POINT('',#13907);
#5106=VERTEX_POINT('',#13909);
#5107=VERTEX_POINT('',#13916);
#5108=VERTEX_POINT('',#13919);
#5109=VERTEX_POINT('',#13920);
#5110=VERTEX_POINT('',#13922);
#5111=VERTEX_POINT('',#13924);
#5112=VERTEX_POINT('',#13931);
#5113=VERTEX_POINT('',#13933);
#5114=VERTEX_POINT('',#13940);
#5115=VERTEX_POINT('',#13943);
#5116=VERTEX_POINT('',#13946);
#5117=VERTEX_POINT('',#13947);
#5118=VERTEX_POINT('',#13949);
#5119=VERTEX_POINT('',#13951);
#5120=VERTEX_POINT('',#13958);
#5121=VERTEX_POINT('',#13960);
#5122=VERTEX_POINT('',#13967);
#5123=VERTEX_POINT('',#13970);
#5124=VERTEX_POINT('',#13971);
#5125=VERTEX_POINT('',#13973);
#5126=VERTEX_POINT('',#13975);
#5127=VERTEX_POINT('',#13982);
#5128=VERTEX_POINT('',#13984);
#5129=VERTEX_POINT('',#13991);
#5130=VERTEX_POINT('',#13994);
#5131=VERTEX_POINT('',#13995);
#5132=VERTEX_POINT('',#14000);
#5133=VERTEX_POINT('',#14001);
#5134=VERTEX_POINT('',#14006);
#5135=VERTEX_POINT('',#14008);
#5136=VERTEX_POINT('',#14012);
#5137=VERTEX_POINT('',#14014);
#5138=VERTEX_POINT('',#14018);
#5139=VERTEX_POINT('',#14019);
#5140=VERTEX_POINT('',#14024);
#5141=VERTEX_POINT('',#14026);
#5142=VERTEX_POINT('',#14030);
#5143=VERTEX_POINT('',#14031);
#5144=VERTEX_POINT('',#14036);
#5145=VERTEX_POINT('',#14038);
#5146=VERTEX_POINT('',#14042);
#5147=VERTEX_POINT('',#14044);
#5148=VERTEX_POINT('',#14048);
#5149=VERTEX_POINT('',#14050);
#5150=VERTEX_POINT('',#14054);
#5151=VERTEX_POINT('',#14056);
#5152=VERTEX_POINT('',#14060);
#5153=VERTEX_POINT('',#14062);
#5154=VERTEX_POINT('',#14066);
#5155=VERTEX_POINT('',#14068);
#5156=VERTEX_POINT('',#14072);
#5157=VERTEX_POINT('',#14074);
#5158=VERTEX_POINT('',#14078);
#5159=VERTEX_POINT('',#14080);
#5160=VERTEX_POINT('',#14084);
#5161=VERTEX_POINT('',#14086);
#5162=VERTEX_POINT('',#14090);
#5163=VERTEX_POINT('',#14092);
#5164=VERTEX_POINT('',#14097);
#5165=VERTEX_POINT('',#14100);
#5166=VERTEX_POINT('',#14105);
#5167=VERTEX_POINT('',#14107);
#5168=VERTEX_POINT('',#14109);
#5169=VERTEX_POINT('',#14116);
#5170=VERTEX_POINT('',#14120);
#5171=VERTEX_POINT('',#14122);
#5172=VERTEX_POINT('',#14126);
#5173=VERTEX_POINT('',#14128);
#5174=VERTEX_POINT('',#14131);
#5175=VERTEX_POINT('',#14134);
#5176=VERTEX_POINT('',#14136);
#5177=VERTEX_POINT('',#14139);
#5178=VERTEX_POINT('',#14143);
#5179=VERTEX_POINT('',#14147);
#5180=VERTEX_POINT('',#14150);
#5181=VERTEX_POINT('',#14153);
#5182=VERTEX_POINT('',#14158);
#5183=VERTEX_POINT('',#14162);
#5184=VERTEX_POINT('',#14164);
#5185=VERTEX_POINT('',#14168);
#5186=VERTEX_POINT('',#14173);
#5187=VERTEX_POINT('',#14177);
#5188=VERTEX_POINT('',#14179);
#5189=VERTEX_POINT('',#14182);
#5190=VERTEX_POINT('',#14185);
#5191=VERTEX_POINT('',#14188);
#5192=VERTEX_POINT('',#14194);
#5193=VERTEX_POINT('',#14196);
#5194=VERTEX_POINT('',#14201);
#5195=VERTEX_POINT('',#14204);
#5196=VERTEX_POINT('',#14212);
#5197=VERTEX_POINT('',#14213);
#5198=VERTEX_POINT('',#14215);
#5199=VERTEX_POINT('',#14220);
#5200=VERTEX_POINT('',#14224);
#5201=VERTEX_POINT('',#14226);
#5202=VERTEX_POINT('',#14233);
#5203=VERTEX_POINT('',#14234);
#5204=VERTEX_POINT('',#14236);
#5205=VERTEX_POINT('',#14241);
#5206=VERTEX_POINT('',#14245);
#5207=VERTEX_POINT('',#14248);
#5208=VERTEX_POINT('',#14250);
#5209=VERTEX_POINT('',#14253);
#5210=VERTEX_POINT('',#14258);
#5211=VERTEX_POINT('',#14261);
#5212=VERTEX_POINT('',#14263);
#5213=VERTEX_POINT('',#14265);
#5214=VERTEX_POINT('',#14272);
#5215=VERTEX_POINT('',#14276);
#5216=VERTEX_POINT('',#14277);
#5217=VERTEX_POINT('',#14279);
#5218=VERTEX_POINT('',#14281);
#5219=VERTEX_POINT('',#14288);
#5220=VERTEX_POINT('',#14290);
#5221=VERTEX_POINT('',#14297);
#5222=VERTEX_POINT('',#14299);
#5223=VERTEX_POINT('',#14301);
#5224=VERTEX_POINT('',#14304);
#5225=VERTEX_POINT('',#14310);
#5226=VERTEX_POINT('',#14311);
#5227=VERTEX_POINT('',#14313);
#5228=VERTEX_POINT('',#14315);
#5229=VERTEX_POINT('',#14319);
#5230=VERTEX_POINT('',#14325);
#5231=VERTEX_POINT('',#14327);
#5232=VERTEX_POINT('',#14334);
#5233=VERTEX_POINT('',#14335);
#5234=VERTEX_POINT('',#14343);
#5235=VERTEX_POINT('',#14350);
#5236=VERTEX_POINT('',#14357);
#5237=VERTEX_POINT('',#14358);
#5238=VERTEX_POINT('',#14360);
#5239=VERTEX_POINT('',#14365);
#5240=VERTEX_POINT('',#14369);
#5241=VERTEX_POINT('',#14371);
#5242=VERTEX_POINT('',#14375);
#5243=VERTEX_POINT('',#14381);
#5244=VERTEX_POINT('',#14383);
#5245=VERTEX_POINT('',#14390);
#5246=VERTEX_POINT('',#14392);
#5247=VERTEX_POINT('',#14396);
#5248=VERTEX_POINT('',#14398);
#5249=VERTEX_POINT('',#14405);
#5250=VERTEX_POINT('',#14412);
#5251=VERTEX_POINT('',#14419);
#5252=VERTEX_POINT('',#14421);
#5253=VERTEX_POINT('',#14428);
#5254=VERTEX_POINT('',#14431);
#5255=VERTEX_POINT('',#14438);
#5256=VERTEX_POINT('',#14440);
#5257=VERTEX_POINT('',#14447);
#5258=VERTEX_POINT('',#14454);
#5259=VERTEX_POINT('',#14458);
#5260=VERTEX_POINT('',#14460);
#5261=VERTEX_POINT('',#14462);
#5262=VERTEX_POINT('',#14469);
#5263=VERTEX_POINT('',#14476);
#5264=VERTEX_POINT('',#14479);
#5265=VERTEX_POINT('',#14486);
#5266=VERTEX_POINT('',#14488);
#5267=VERTEX_POINT('',#14492);
#5268=VERTEX_POINT('',#14494);
#5269=VERTEX_POINT('',#14501);
#5270=VERTEX_POINT('',#14508);
#5271=VERTEX_POINT('',#14515);
#5272=VERTEX_POINT('',#14516);
#5273=VERTEX_POINT('',#14518);
#5274=VERTEX_POINT('',#14523);
#5275=VERTEX_POINT('',#14527);
#5276=VERTEX_POINT('',#14529);
#5277=VERTEX_POINT('',#14533);
#5278=VERTEX_POINT('',#14539);
#5279=VERTEX_POINT('',#14540);
#5280=VERTEX_POINT('',#14542);
#5281=VERTEX_POINT('',#14547);
#5282=VERTEX_POINT('',#14551);
#5283=VERTEX_POINT('',#14553);
#5284=VERTEX_POINT('',#14560);
#5285=VERTEX_POINT('',#14567);
#5286=VERTEX_POINT('',#14574);
#5287=VERTEX_POINT('',#14575);
#5288=VERTEX_POINT('',#14577);
#5289=VERTEX_POINT('',#14582);
#5290=VERTEX_POINT('',#14586);
#5291=VERTEX_POINT('',#14588);
#5292=VERTEX_POINT('',#14592);
#5293=VERTEX_POINT('',#14598);
#5294=VERTEX_POINT('',#14600);
#5295=VERTEX_POINT('',#14607);
#5296=VERTEX_POINT('',#14608);
#5297=VERTEX_POINT('',#14613);
#5298=VERTEX_POINT('',#14614);
#5299=VERTEX_POINT('',#14622);
#5300=VERTEX_POINT('',#14629);
#5301=VERTEX_POINT('',#14636);
#5302=VERTEX_POINT('',#14637);
#5303=VERTEX_POINT('',#14639);
#5304=VERTEX_POINT('',#14644);
#5305=VERTEX_POINT('',#14648);
#5306=VERTEX_POINT('',#14650);
#5307=VERTEX_POINT('',#14654);
#5308=VERTEX_POINT('',#14660);
#5309=VERTEX_POINT('',#14662);
#5310=VERTEX_POINT('',#14669);
#5311=VERTEX_POINT('',#14670);
#5312=VERTEX_POINT('',#14675);
#5313=VERTEX_POINT('',#14676);
#5314=VERTEX_POINT('',#14684);
#5315=VERTEX_POINT('',#14691);
#5316=VERTEX_POINT('',#14698);
#5317=VERTEX_POINT('',#14699);
#5318=VERTEX_POINT('',#14701);
#5319=VERTEX_POINT('',#14706);
#5320=VERTEX_POINT('',#14710);
#5321=VERTEX_POINT('',#14712);
#5322=VERTEX_POINT('',#14716);
#5323=VERTEX_POINT('',#14722);
#5324=VERTEX_POINT('',#14724);
#5325=VERTEX_POINT('',#14731);
#5326=VERTEX_POINT('',#14732);
#5327=VERTEX_POINT('',#14737);
#5328=VERTEX_POINT('',#14739);
#5329=VERTEX_POINT('',#14746);
#5330=VERTEX_POINT('',#14753);
#5331=VERTEX_POINT('',#14760);
#5332=VERTEX_POINT('',#14761);
#5333=VERTEX_POINT('',#14763);
#5334=VERTEX_POINT('',#14768);
#5335=VERTEX_POINT('',#14772);
#5336=VERTEX_POINT('',#14774);
#5337=VERTEX_POINT('',#14778);
#5338=VERTEX_POINT('',#14784);
#5339=VERTEX_POINT('',#14786);
#5340=VERTEX_POINT('',#14793);
#5341=VERTEX_POINT('',#14795);
#5342=VERTEX_POINT('',#14799);
#5343=VERTEX_POINT('',#14800);
#5344=VERTEX_POINT('',#14808);
#5345=VERTEX_POINT('',#14815);
#5346=VERTEX_POINT('',#14822);
#5347=VERTEX_POINT('',#14823);
#5348=VERTEX_POINT('',#14825);
#5349=VERTEX_POINT('',#14830);
#5350=VERTEX_POINT('',#14834);
#5351=VERTEX_POINT('',#14836);
#5352=VERTEX_POINT('',#14840);
#5353=VERTEX_POINT('',#14846);
#5354=VERTEX_POINT('',#14848);
#5355=VERTEX_POINT('',#14855);
#5356=VERTEX_POINT('',#14856);
#5357=VERTEX_POINT('',#14864);
#5358=VERTEX_POINT('',#14865);
#5359=VERTEX_POINT('',#14867);
#5360=VERTEX_POINT('',#14872);
#5361=VERTEX_POINT('',#14876);
#5362=VERTEX_POINT('',#14878);
#5363=VERTEX_POINT('',#14882);
#5364=VERTEX_POINT('',#14888);
#5365=VERTEX_POINT('',#14890);
#5366=VERTEX_POINT('',#14897);
#5367=VERTEX_POINT('',#14899);
#5368=VERTEX_POINT('',#14903);
#5369=VERTEX_POINT('',#14905);
#5370=VERTEX_POINT('',#14912);
#5371=VERTEX_POINT('',#14919);
#5372=VERTEX_POINT('',#14926);
#5373=VERTEX_POINT('',#14927);
#5374=VERTEX_POINT('',#14929);
#5375=VERTEX_POINT('',#14934);
#5376=VERTEX_POINT('',#14938);
#5377=VERTEX_POINT('',#14940);
#5378=VERTEX_POINT('',#14944);
#5379=VERTEX_POINT('',#14950);
#5380=VERTEX_POINT('',#14952);
#5381=VERTEX_POINT('',#14959);
#5382=VERTEX_POINT('',#14961);
#5383=VERTEX_POINT('',#14965);
#5384=VERTEX_POINT('',#14967);
#5385=VERTEX_POINT('',#14974);
#5386=VERTEX_POINT('',#14981);
#5387=VERTEX_POINT('',#14988);
#5388=VERTEX_POINT('',#14989);
#5389=VERTEX_POINT('',#14991);
#5390=VERTEX_POINT('',#14996);
#5391=VERTEX_POINT('',#15000);
#5392=VERTEX_POINT('',#15002);
#5393=VERTEX_POINT('',#15006);
#5394=VERTEX_POINT('',#15012);
#5395=VERTEX_POINT('',#15014);
#5396=VERTEX_POINT('',#15021);
#5397=VERTEX_POINT('',#15023);
#5398=VERTEX_POINT('',#15027);
#5399=VERTEX_POINT('',#15029);
#5400=VERTEX_POINT('',#15031);
#5401=VERTEX_POINT('',#15038);
#5402=VERTEX_POINT('',#15045);
#5403=VERTEX_POINT('',#15046);
#5404=VERTEX_POINT('',#15048);
#5405=VERTEX_POINT('',#15050);
#5406=VERTEX_POINT('',#15056);
#5407=VERTEX_POINT('',#15057);
#5408=VERTEX_POINT('',#15059);
#5409=VERTEX_POINT('',#15061);
#5410=VERTEX_POINT('',#15067);
#5411=VERTEX_POINT('',#15068);
#5412=VERTEX_POINT('',#15070);
#5413=VERTEX_POINT('',#15072);
#5414=VERTEX_POINT('',#15079);
#5415=VERTEX_POINT('',#15080);
#5416=VERTEX_POINT('',#15082);
#5417=VERTEX_POINT('',#15084);
#5418=VERTEX_POINT('',#15091);
#5419=VERTEX_POINT('',#15092);
#5420=VERTEX_POINT('',#15094);
#5421=VERTEX_POINT('',#15096);
#5422=VERTEX_POINT('',#15100);
#5423=VERTEX_POINT('',#15101);
#5424=VERTEX_POINT('',#15103);
#5425=VERTEX_POINT('',#15105);
#5426=VERTEX_POINT('',#15109);
#5427=VERTEX_POINT('',#15110);
#5428=VERTEX_POINT('',#15112);
#5429=VERTEX_POINT('',#15114);
#5430=VERTEX_POINT('',#15120);
#5431=VERTEX_POINT('',#15121);
#5432=VERTEX_POINT('',#15123);
#5433=VERTEX_POINT('',#15125);
#5434=VERTEX_POINT('',#15131);
#5435=VERTEX_POINT('',#15132);
#5436=VERTEX_POINT('',#15134);
#5437=VERTEX_POINT('',#15136);
#5438=VERTEX_POINT('',#15142);
#5439=VERTEX_POINT('',#15143);
#5440=VERTEX_POINT('',#15145);
#5441=VERTEX_POINT('',#15147);
#5442=VERTEX_POINT('',#15153);
#5443=VERTEX_POINT('',#15154);
#5444=VERTEX_POINT('',#15156);
#5445=VERTEX_POINT('',#15158);
#5446=VERTEX_POINT('',#15164);
#5447=VERTEX_POINT('',#15165);
#5448=VERTEX_POINT('',#15167);
#5449=VERTEX_POINT('',#15169);
#5450=VERTEX_POINT('',#15173);
#5451=VERTEX_POINT('',#15174);
#5452=VERTEX_POINT('',#15176);
#5453=VERTEX_POINT('',#15178);
#5454=VERTEX_POINT('',#15184);
#5455=VERTEX_POINT('',#15185);
#5456=VERTEX_POINT('',#15187);
#5457=VERTEX_POINT('',#15189);
#5458=VERTEX_POINT('',#15193);
#5459=VERTEX_POINT('',#15194);
#5460=VERTEX_POINT('',#15199);
#5461=VERTEX_POINT('',#15203);
#5462=VERTEX_POINT('',#15212);
#5463=VERTEX_POINT('',#15215);
#5464=VERTEX_POINT('',#15217);
#5465=VERTEX_POINT('',#15222);
#5466=VERTEX_POINT('',#15223);
#5467=VERTEX_POINT('',#15225);
#5468=VERTEX_POINT('',#15228);
#5469=VERTEX_POINT('',#15230);
#5470=VERTEX_POINT('',#15234);
#5471=VERTEX_POINT('',#15239);
#5472=VERTEX_POINT('',#15243);
#5473=VERTEX_POINT('',#15249);
#5474=VERTEX_POINT('',#15251);
#5475=VERTEX_POINT('',#15258);
#5476=VERTEX_POINT('',#15260);
#5477=VERTEX_POINT('',#15265);
#5478=VERTEX_POINT('',#15268);
#5479=VERTEX_POINT('',#15269);
#5480=VERTEX_POINT('',#15271);
#5481=VERTEX_POINT('',#15273);
#5482=VERTEX_POINT('',#15277);
#5483=VERTEX_POINT('',#15284);
#5484=VERTEX_POINT('',#15291);
#5485=VERTEX_POINT('',#15298);
#5486=VERTEX_POINT('',#15299);
#5487=VERTEX_POINT('',#15301);
#5488=VERTEX_POINT('',#15306);
#5489=VERTEX_POINT('',#15310);
#5490=VERTEX_POINT('',#15312);
#5491=VERTEX_POINT('',#15314);
#5492=VERTEX_POINT('',#15318);
#5493=VERTEX_POINT('',#15321);
#5494=VERTEX_POINT('',#15323);
#5495=VERTEX_POINT('',#15325);
#5496=VERTEX_POINT('',#15329);
#5497=VERTEX_POINT('',#15336);
#5498=VERTEX_POINT('',#15337);
#5499=VERTEX_POINT('',#15339);
#5500=VERTEX_POINT('',#15344);
#5501=VERTEX_POINT('',#15351);
#5502=VERTEX_POINT('',#15352);
#5503=VERTEX_POINT('',#15354);
#5504=VERTEX_POINT('',#15359);
#5505=VERTEX_POINT('',#15366);
#5506=VERTEX_POINT('',#15367);
#5507=VERTEX_POINT('',#15369);
#5508=VERTEX_POINT('',#15374);
#5509=VERTEX_POINT('',#15381);
#5510=VERTEX_POINT('',#15382);
#5511=VERTEX_POINT('',#15384);
#5512=VERTEX_POINT('',#15389);
#5513=VERTEX_POINT('',#15393);
#5514=VERTEX_POINT('',#15394);
#5515=VERTEX_POINT('',#15399);
#5516=VERTEX_POINT('',#15401);
#5517=VERTEX_POINT('',#15403);
#5518=VERTEX_POINT('',#15408);
#5519=VERTEX_POINT('',#15412);
#5520=VERTEX_POINT('',#15414);
#5521=VERTEX_POINT('',#15416);
#5522=VERTEX_POINT('',#15423);
#5523=VERTEX_POINT('',#15428);
#5524=VERTEX_POINT('',#15433);
#5525=VERTEX_POINT('',#15435);
#5526=VERTEX_POINT('',#15439);
#5527=VERTEX_POINT('',#15446);
#5528=VERTEX_POINT('',#15447);
#5529=VERTEX_POINT('',#15449);
#5530=VERTEX_POINT('',#15454);
#5531=VERTEX_POINT('',#15461);
#5532=VERTEX_POINT('',#15462);
#5533=VERTEX_POINT('',#15464);
#5534=VERTEX_POINT('',#15469);
#5535=VERTEX_POINT('',#15509);
#5536=VERTEX_POINT('',#15652);
#5537=VERTEX_POINT('',#15656);
#5538=VERTEX_POINT('',#15658);
#5539=VERTEX_POINT('',#15662);
#5540=VERTEX_POINT('',#15664);
#5541=VERTEX_POINT('',#15668);
#5542=VERTEX_POINT('',#15672);
#5543=VERTEX_POINT('',#15674);
#5544=VERTEX_POINT('',#15678);
#5545=VERTEX_POINT('',#15680);
#5546=VERTEX_POINT('',#15682);
#5547=VERTEX_POINT('',#15687);
#5548=VERTEX_POINT('',#15691);
#5549=VERTEX_POINT('',#15695);
#5550=VERTEX_POINT('',#15699);
#5551=VERTEX_POINT('',#15700);
#5552=VERTEX_POINT('',#15709);
#5553=VERTEX_POINT('',#15713);
#5554=VERTEX_POINT('',#15717);
#5555=VERTEX_POINT('',#15721);
#5556=VERTEX_POINT('',#15727);
#5557=VERTEX_POINT('',#15733);
#5558=VERTEX_POINT('',#15737);
#5559=VERTEX_POINT('',#15741);
#5560=VERTEX_POINT('',#15745);
#5561=VERTEX_POINT('',#15749);
#5562=VERTEX_POINT('',#15753);
#5563=VERTEX_POINT('',#15754);
#5564=VERTEX_POINT('',#15760);
#5565=VERTEX_POINT('',#15764);
#5566=VERTEX_POINT('',#15766);
#5567=VERTEX_POINT('',#15774);
#5568=VERTEX_POINT('',#15778);
#5569=VERTEX_POINT('',#15781);
#5570=VERTEX_POINT('',#15785);
#5571=VERTEX_POINT('',#15788);
#5572=VERTEX_POINT('',#15794);
#5573=VERTEX_POINT('',#15798);
#5574=VERTEX_POINT('',#15802);
#5575=VERTEX_POINT('',#15806);
#5576=VERTEX_POINT('',#15810);
#5577=VERTEX_POINT('',#15814);
#5578=VERTEX_POINT('',#15818);
#5579=VERTEX_POINT('',#15822);
#5580=VERTEX_POINT('',#15840);
#5581=VERTEX_POINT('',#15844);
#5582=VERTEX_POINT('',#15848);
#5583=VERTEX_POINT('',#15849);
#5584=VERTEX_POINT('',#15854);
#5585=VERTEX_POINT('',#15858);
#5586=VERTEX_POINT('',#15862);
#5587=VERTEX_POINT('',#15866);
#5588=VERTEX_POINT('',#15870);
#5589=VERTEX_POINT('',#15871);
#5590=LINE('',#12655,#6415);
#5591=LINE('',#12658,#6416);
#5592=LINE('',#12660,#6417);
#5593=LINE('',#12662,#6418);
#5594=LINE('',#12664,#6419);
#5595=LINE('',#12665,#6420);
#5596=LINE('',#12668,#6421);
#5597=LINE('',#12670,#6422);
#5598=LINE('',#12672,#6423);
#5599=LINE('',#12674,#6424);
#5600=LINE('',#12676,#6425);
#5601=LINE('',#12678,#6426);
#5602=LINE('',#12680,#6427);
#5603=LINE('',#12682,#6428);
#5604=LINE('',#12684,#6429);
#5605=LINE('',#12686,#6430);
#5606=LINE('',#12688,#6431);
#5607=LINE('',#12690,#6432);
#5608=LINE('',#12692,#6433);
#5609=LINE('',#12694,#6434);
#5610=LINE('',#12696,#6435);
#5611=LINE('',#12700,#6436);
#5612=LINE('',#12702,#6437);
#5613=LINE('',#12704,#6438);
#5614=LINE('',#12706,#6439);
#5615=LINE('',#12708,#6440);
#5616=LINE('',#12710,#6441);
#5617=LINE('',#12712,#6442);
#5618=LINE('',#12714,#6443);
#5619=LINE('',#12716,#6444);
#5620=LINE('',#12718,#6445);
#5621=LINE('',#12720,#6446);
#5622=LINE('',#12722,#6447);
#5623=LINE('',#12724,#6448);
#5624=LINE('',#12726,#6449);
#5625=LINE('',#12728,#6450);
#5626=LINE('',#12730,#6451);
#5627=LINE('',#12732,#6452);
#5628=LINE('',#12734,#6453);
#5629=LINE('',#12738,#6454);
#5630=LINE('',#12740,#6455);
#5631=LINE('',#12742,#6456);
#5632=LINE('',#12744,#6457);
#5633=LINE('',#12746,#6458);
#5634=LINE('',#12748,#6459);
#5635=LINE('',#12750,#6460);
#5636=LINE('',#12752,#6461);
#5637=LINE('',#12754,#6462);
#5638=LINE('',#12756,#6463);
#5639=LINE('',#12758,#6464);
#5640=LINE('',#12760,#6465);
#5641=LINE('',#12762,#6466);
#5642=LINE('',#12764,#6467);
#5643=LINE('',#12766,#6468);
#5644=LINE('',#12770,#6469);
#5645=LINE('',#12772,#6470);
#5646=LINE('',#12774,#6471);
#5647=LINE('',#12776,#6472);
#5648=LINE('',#12778,#6473);
#5649=LINE('',#12780,#6474);
#5650=LINE('',#12781,#6475);
#5651=LINE('',#12784,#6476);
#5652=LINE('',#12786,#6477);
#5653=LINE('',#12788,#6478);
#5654=LINE('',#12789,#6479);
#5655=LINE('',#12792,#6480);
#5656=LINE('',#12794,#6481);
#5657=LINE('',#12796,#6482);
#5658=LINE('',#12797,#6483);
#5659=LINE('',#12800,#6484);
#5660=LINE('',#12802,#6485);
#5661=LINE('',#12804,#6486);
#5662=LINE('',#12805,#6487);
#5663=LINE('',#12808,#6488);
#5664=LINE('',#12810,#6489);
#5665=LINE('',#12812,#6490);
#5666=LINE('',#12813,#6491);
#5667=LINE('',#12816,#6492);
#5668=LINE('',#12818,#6493);
#5669=LINE('',#12820,#6494);
#5670=LINE('',#12821,#6495);
#5671=LINE('',#12824,#6496);
#5672=LINE('',#12826,#6497);
#5673=LINE('',#12828,#6498);
#5674=LINE('',#12829,#6499);
#5675=LINE('',#12832,#6500);
#5676=LINE('',#12834,#6501);
#5677=LINE('',#12836,#6502);
#5678=LINE('',#12837,#6503);
#5679=LINE('',#12840,#6504);
#5680=LINE('',#12842,#6505);
#5681=LINE('',#12844,#6506);
#5682=LINE('',#12845,#6507);
#5683=LINE('',#12848,#6508);
#5684=LINE('',#12850,#6509);
#5685=LINE('',#12852,#6510);
#5686=LINE('',#12853,#6511);
#5687=LINE('',#12856,#6512);
#5688=LINE('',#12858,#6513);
#5689=LINE('',#12860,#6514);
#5690=LINE('',#12861,#6515);
#5691=LINE('',#12864,#6516);
#5692=LINE('',#12866,#6517);
#5693=LINE('',#12868,#6518);
#5694=LINE('',#12869,#6519);
#5695=LINE('',#12872,#6520);
#5696=LINE('',#12874,#6521);
#5697=LINE('',#12876,#6522);
#5698=LINE('',#12877,#6523);
#5699=LINE('',#12880,#6524);
#5700=LINE('',#12882,#6525);
#5701=LINE('',#12884,#6526);
#5702=LINE('',#12885,#6527);
#5703=LINE('',#12888,#6528);
#5704=LINE('',#12890,#6529);
#5705=LINE('',#12892,#6530);
#5706=LINE('',#12893,#6531);
#5707=LINE('',#12896,#6532);
#5708=LINE('',#12898,#6533);
#5709=LINE('',#12900,#6534);
#5710=LINE('',#12911,#6535);
#5711=LINE('',#12914,#6536);
#5712=LINE('',#12916,#6537);
#5713=LINE('',#12918,#6538);
#5714=LINE('',#12919,#6539);
#5715=LINE('',#12922,#6540);
#5716=LINE('',#12924,#6541);
#5717=LINE('',#12926,#6542);
#5718=LINE('',#12932,#6543);
#5719=LINE('',#12935,#6544);
#5720=LINE('',#12937,#6545);
#5721=LINE('',#12939,#6546);
#5722=LINE('',#12943,#6547);
#5723=LINE('',#12947,#6548);
#5724=LINE('',#12951,#6549);
#5725=LINE('',#12955,#6550);
#5726=LINE('',#12959,#6551);
#5727=LINE('',#12963,#6552);
#5728=LINE('',#12967,#6553);
#5729=LINE('',#12971,#6554);
#5730=LINE('',#12975,#6555);
#5731=LINE('',#12977,#6556);
#5732=LINE('',#12979,#6557);
#5733=LINE('',#12981,#6558);
#5734=LINE('',#12983,#6559);
#5735=LINE('',#12985,#6560);
#5736=LINE('',#12987,#6561);
#5737=LINE('',#12989,#6562);
#5738=LINE('',#12991,#6563);
#5739=LINE('',#12993,#6564);
#5740=LINE('',#12994,#6565);
#5741=LINE('',#12997,#6566);
#5742=LINE('',#12999,#6567);
#5743=LINE('',#13001,#6568);
#5744=LINE('',#13002,#6569);
#5745=LINE('',#13005,#6570);
#5746=LINE('',#13007,#6571);
#5747=LINE('',#13009,#6572);
#5748=LINE('',#13011,#6573);
#5749=LINE('',#13012,#6574);
#5750=LINE('',#13015,#6575);
#5751=LINE('',#13017,#6576);
#5752=LINE('',#13019,#6577);
#5753=LINE('',#13021,#6578);
#5754=LINE('',#13022,#6579);
#5755=LINE('',#13024,#6580);
#5756=LINE('',#13025,#6581);
#5757=LINE('',#13027,#6582);
#5758=LINE('',#13029,#6583);
#5759=LINE('',#13031,#6584);
#5760=LINE('',#13033,#6585);
#5761=LINE('',#13035,#6586);
#5762=LINE('',#13037,#6587);
#5763=LINE('',#13039,#6588);
#5764=LINE('',#13041,#6589);
#5765=LINE('',#13044,#6590);
#5766=LINE('',#13046,#6591);
#5767=LINE('',#13048,#6592);
#5768=LINE('',#13050,#6593);
#5769=LINE('',#13051,#6594);
#5770=LINE('',#13053,#6595);
#5771=LINE('',#13055,#6596);
#5772=LINE('',#13058,#6597);
#5773=LINE('',#13060,#6598);
#5774=LINE('',#13062,#6599);
#5775=LINE('',#13063,#6600);
#5776=LINE('',#13065,#6601);
#5777=LINE('',#13067,#6602);
#5778=LINE('',#13071,#6603);
#5779=LINE('',#13073,#6604);
#5780=LINE('',#13075,#6605);
#5781=LINE('',#13077,#6606);
#5782=LINE('',#13084,#6607);
#5783=LINE('',#13086,#6608);
#5784=LINE('',#13088,#6609);
#5785=LINE('',#13090,#6610);
#5786=LINE('',#13092,#6611);
#5787=LINE('',#13096,#6612);
#5788=LINE('',#13100,#6613);
#5789=LINE('',#13104,#6614);
#5790=LINE('',#13106,#6615);
#5791=LINE('',#13109,#6616);
#5792=LINE('',#13111,#6617);
#5793=LINE('',#13113,#6618);
#5794=LINE('',#13115,#6619);
#5795=LINE('',#13116,#6620);
#5796=LINE('',#13118,#6621);
#5797=LINE('',#13120,#6622);
#5798=LINE('',#13123,#6623);
#5799=LINE('',#13125,#6624);
#5800=LINE('',#13127,#6625);
#5801=LINE('',#13128,#6626);
#5802=LINE('',#13130,#6627);
#5803=LINE('',#13132,#6628);
#5804=LINE('',#13136,#6629);
#5805=LINE('',#13138,#6630);
#5806=LINE('',#13140,#6631);
#5807=LINE('',#13142,#6632);
#5808=LINE('',#13149,#6633);
#5809=LINE('',#13151,#6634);
#5810=LINE('',#13153,#6635);
#5811=LINE('',#13155,#6636);
#5812=LINE('',#13157,#6637);
#5813=LINE('',#13161,#6638);
#5814=LINE('',#13165,#6639);
#5815=LINE('',#13169,#6640);
#5816=LINE('',#13261,#6641);
#5817=LINE('',#13266,#6642);
#5818=LINE('',#13270,#6643);
#5819=LINE('',#13275,#6644);
#5820=LINE('',#13279,#6645);
#5821=LINE('',#13284,#6646);
#5822=LINE('',#13288,#6647);
#5823=LINE('',#13293,#6648);
#5824=LINE('',#13297,#6649);
#5825=LINE('',#13302,#6650);
#5826=LINE('',#13387,#6651);
#5827=LINE('',#13389,#6652);
#5828=LINE('',#13411,#6653);
#5829=LINE('',#13413,#6654);
#5830=LINE('',#13459,#6655);
#5831=LINE('',#13461,#6656);
#5832=LINE('',#13507,#6657);
#5833=LINE('',#13511,#6658);
#5834=LINE('',#13543,#6659);
#5835=LINE('',#13547,#6660);
#5836=LINE('',#13561,#6661);
#5837=LINE('',#13566,#6662);
#5838=LINE('',#13609,#6663);
#5839=LINE('',#13614,#6664);
#5840=LINE('',#13690,#6665);
#5841=LINE('',#13692,#6666);
#5842=LINE('',#13726,#6667);
#5843=LINE('',#13731,#6668);
#5844=LINE('',#13750,#6669);
#5845=LINE('',#13755,#6670);
#5846=LINE('',#13774,#6671);
#5847=LINE('',#13779,#6672);
#5848=LINE('',#13798,#6673);
#5849=LINE('',#13803,#6674);
#5850=LINE('',#13822,#6675);
#5851=LINE('',#13827,#6676);
#5852=LINE('',#13846,#6677);
#5853=LINE('',#13851,#6678);
#5854=LINE('',#13870,#6679);
#5855=LINE('',#13875,#6680);
#5856=LINE('',#13894,#6681);
#5857=LINE('',#13899,#6682);
#5858=LINE('',#13918,#6683);
#5859=LINE('',#13923,#6684);
#5860=LINE('',#13945,#6685);
#5861=LINE('',#13950,#6686);
#5862=LINE('',#13969,#6687);
#5863=LINE('',#13974,#6688);
#5864=LINE('',#13993,#6689);
#5865=LINE('',#13996,#6690);
#5866=LINE('',#13997,#6691);
#5867=LINE('',#13999,#6692);
#5868=LINE('',#14002,#6693);
#5869=LINE('',#14003,#6694);
#5870=LINE('',#14005,#6695);
#5871=LINE('',#14007,#6696);
#5872=LINE('',#14009,#6697);
#5873=LINE('',#14011,#6698);
#5874=LINE('',#14013,#6699);
#5875=LINE('',#14015,#6700);
#5876=LINE('',#14017,#6701);
#5877=LINE('',#14020,#6702);
#5878=LINE('',#14021,#6703);
#5879=LINE('',#14023,#6704);
#5880=LINE('',#14025,#6705);
#5881=LINE('',#14027,#6706);
#5882=LINE('',#14029,#6707);
#5883=LINE('',#14032,#6708);
#5884=LINE('',#14033,#6709);
#5885=LINE('',#14035,#6710);
#5886=LINE('',#14037,#6711);
#5887=LINE('',#14039,#6712);
#5888=LINE('',#14041,#6713);
#5889=LINE('',#14043,#6714);
#5890=LINE('',#14045,#6715);
#5891=LINE('',#14047,#6716);
#5892=LINE('',#14049,#6717);
#5893=LINE('',#14051,#6718);
#5894=LINE('',#14053,#6719);
#5895=LINE('',#14055,#6720);
#5896=LINE('',#14057,#6721);
#5897=LINE('',#14059,#6722);
#5898=LINE('',#14061,#6723);
#5899=LINE('',#14063,#6724);
#5900=LINE('',#14065,#6725);
#5901=LINE('',#14067,#6726);
#5902=LINE('',#14069,#6727);
#5903=LINE('',#14071,#6728);
#5904=LINE('',#14073,#6729);
#5905=LINE('',#14075,#6730);
#5906=LINE('',#14077,#6731);
#5907=LINE('',#14079,#6732);
#5908=LINE('',#14081,#6733);
#5909=LINE('',#14083,#6734);
#5910=LINE('',#14085,#6735);
#5911=LINE('',#14087,#6736);
#5912=LINE('',#14089,#6737);
#5913=LINE('',#14091,#6738);
#5914=LINE('',#14093,#6739);
#5915=LINE('',#14098,#6740);
#5916=LINE('',#14099,#6741);
#5917=LINE('',#14104,#6742);
#5918=LINE('',#14106,#6743);
#5919=LINE('',#14110,#6744);
#5920=LINE('',#14115,#6745);
#5921=LINE('',#14117,#6746);
#5922=LINE('',#14119,#6747);
#5923=LINE('',#14121,#6748);
#5924=LINE('',#14123,#6749);
#5925=LINE('',#14125,#6750);
#5926=LINE('',#14129,#6751);
#5927=LINE('',#14132,#6752);
#5928=LINE('',#14133,#6753);
#5929=LINE('',#14137,#6754);
#5930=LINE('',#14138,#6755);
#5931=LINE('',#14142,#6756);
#5932=LINE('',#14144,#6757);
#5933=LINE('',#14146,#6758);
#5934=LINE('',#14151,#6759);
#5935=LINE('',#14152,#6760);
#5936=LINE('',#14157,#6761);
#5937=LINE('',#14159,#6762);
#5938=LINE('',#14161,#6763);
#5939=LINE('',#14163,#6764);
#5940=LINE('',#14169,#6765);
#5941=LINE('',#14172,#6766);
#5942=LINE('',#14174,#6767);
#5943=LINE('',#14176,#6768);
#5944=LINE('',#14178,#6769);
#5945=LINE('',#14183,#6770);
#5946=LINE('',#14186,#6771);
#5947=LINE('',#14187,#6772);
#5948=LINE('',#14191,#6773);
#5949=LINE('',#14193,#6774);
#5950=LINE('',#14195,#6775);
#5951=LINE('',#14197,#6776);
#5952=LINE('',#14202,#6777);
#5953=LINE('',#14203,#6778);
#5954=LINE('',#14223,#6779);
#5955=LINE('',#14225,#6780);
#5956=LINE('',#14227,#6781);
#5957=LINE('',#14246,#6782);
#5958=LINE('',#14247,#6783);
#5959=LINE('',#14251,#6784);
#5960=LINE('',#14252,#6785);
#5961=LINE('',#14260,#6786);
#5962=LINE('',#14262,#6787);
#5963=LINE('',#14266,#6788);
#5964=LINE('',#14271,#6789);
#5965=LINE('',#14273,#6790);
#5966=LINE('',#14275,#6791);
#5967=LINE('',#14280,#6792);
#5968=LINE('',#14296,#6793);
#5969=LINE('',#14298,#6794);
#5970=LINE('',#14302,#6795);
#5971=LINE('',#14303,#6796);
#5972=LINE('',#14309,#6797);
#5973=LINE('',#14314,#6798);
#5974=LINE('',#14333,#6799);
#5975=LINE('',#14340,#6800);
#5976=LINE('',#14349,#6801);
#5977=LINE('',#14351,#6802);
#5978=LINE('',#14368,#6803);
#5979=LINE('',#14370,#6804);
#5980=LINE('',#14389,#6805);
#5981=LINE('',#14391,#6806);
#5982=LINE('',#14393,#6807);
#5983=LINE('',#14395,#6808);
#5984=LINE('',#14397,#6809);
#5985=LINE('',#14411,#6810);
#5986=LINE('',#14413,#6811);
#5987=LINE('',#14437,#6812);
#5988=LINE('',#14439,#6813);
#5989=LINE('',#14453,#6814);
#5990=LINE('',#14455,#6815);
#5991=LINE('',#14457,#6816);
#5992=LINE('',#14459,#6817);
#5993=LINE('',#14461,#6818);
#5994=LINE('',#14485,#6819);
#5995=LINE('',#14487,#6820);
#5996=LINE('',#14489,#6821);
#5997=LINE('',#14491,#6822);
#5998=LINE('',#14493,#6823);
#5999=LINE('',#14507,#6824);
#6000=LINE('',#14509,#6825);
#6001=LINE('',#14526,#6826);
#6002=LINE('',#14528,#6827);
#6003=LINE('',#14550,#6828);
#6004=LINE('',#14552,#6829);
#6005=LINE('',#14566,#6830);
#6006=LINE('',#14568,#6831);
#6007=LINE('',#14585,#6832);
#6008=LINE('',#14589,#6833);
#6009=LINE('',#14606,#6834);
#6010=LINE('',#14609,#6835);
#6011=LINE('',#14610,#6836);
#6012=LINE('',#14612,#6837);
#6013=LINE('',#14619,#6838);
#6014=LINE('',#14628,#6839);
#6015=LINE('',#14630,#6840);
#6016=LINE('',#14647,#6841);
#6017=LINE('',#14651,#6842);
#6018=LINE('',#14668,#6843);
#6019=LINE('',#14671,#6844);
#6020=LINE('',#14672,#6845);
#6021=LINE('',#14674,#6846);
#6022=LINE('',#14681,#6847);
#6023=LINE('',#14690,#6848);
#6024=LINE('',#14692,#6849);
#6025=LINE('',#14709,#6850);
#6026=LINE('',#14713,#6851);
#6027=LINE('',#14730,#6852);
#6028=LINE('',#14733,#6853);
#6029=LINE('',#14734,#6854);
#6030=LINE('',#14736,#6855);
#6031=LINE('',#14738,#6856);
#6032=LINE('',#14752,#6857);
#6033=LINE('',#14754,#6858);
#6034=LINE('',#14771,#6859);
#6035=LINE('',#14775,#6860);
#6036=LINE('',#14792,#6861);
#6037=LINE('',#14794,#6862);
#6038=LINE('',#14796,#6863);
#6039=LINE('',#14798,#6864);
#6040=LINE('',#14805,#6865);
#6041=LINE('',#14814,#6866);
#6042=LINE('',#14816,#6867);
#6043=LINE('',#14833,#6868);
#6044=LINE('',#14837,#6869);
#6045=LINE('',#14854,#6870);
#6046=LINE('',#14857,#6871);
#6047=LINE('',#14858,#6872);
#6048=LINE('',#14875,#6873);
#6049=LINE('',#14877,#6874);
#6050=LINE('',#14896,#6875);
#6051=LINE('',#14898,#6876);
#6052=LINE('',#14900,#6877);
#6053=LINE('',#14902,#6878);
#6054=LINE('',#14904,#6879);
#6055=LINE('',#14918,#6880);
#6056=LINE('',#14920,#6881);
#6057=LINE('',#14937,#6882);
#6058=LINE('',#14939,#6883);
#6059=LINE('',#14958,#6884);
#6060=LINE('',#14960,#6885);
#6061=LINE('',#14962,#6886);
#6062=LINE('',#14964,#6887);
#6063=LINE('',#14966,#6888);
#6064=LINE('',#14980,#6889);
#6065=LINE('',#14982,#6890);
#6066=LINE('',#14999,#6891);
#6067=LINE('',#15001,#6892);
#6068=LINE('',#15020,#6893);
#6069=LINE('',#15022,#6894);
#6070=LINE('',#15024,#6895);
#6071=LINE('',#15026,#6896);
#6072=LINE('',#15028,#6897);
#6073=LINE('',#15030,#6898);
#6074=LINE('',#15044,#6899);
#6075=LINE('',#15047,#6900);
#6076=LINE('',#15049,#6901);
#6077=LINE('',#15051,#6902);
#6078=LINE('',#15055,#6903);
#6079=LINE('',#15058,#6904);
#6080=LINE('',#15060,#6905);
#6081=LINE('',#15062,#6906);
#6082=LINE('',#15066,#6907);
#6083=LINE('',#15069,#6908);
#6084=LINE('',#15071,#6909);
#6085=LINE('',#15073,#6910);
#6086=LINE('',#15078,#6911);
#6087=LINE('',#15081,#6912);
#6088=LINE('',#15083,#6913);
#6089=LINE('',#15085,#6914);
#6090=LINE('',#15090,#6915);
#6091=LINE('',#15093,#6916);
#6092=LINE('',#15095,#6917);
#6093=LINE('',#15097,#6918);
#6094=LINE('',#15099,#6919);
#6095=LINE('',#15102,#6920);
#6096=LINE('',#15104,#6921);
#6097=LINE('',#15106,#6922);
#6098=LINE('',#15108,#6923);
#6099=LINE('',#15111,#6924);
#6100=LINE('',#15113,#6925);
#6101=LINE('',#15115,#6926);
#6102=LINE('',#15119,#6927);
#6103=LINE('',#15122,#6928);
#6104=LINE('',#15124,#6929);
#6105=LINE('',#15126,#6930);
#6106=LINE('',#15130,#6931);
#6107=LINE('',#15133,#6932);
#6108=LINE('',#15135,#6933);
#6109=LINE('',#15137,#6934);
#6110=LINE('',#15141,#6935);
#6111=LINE('',#15144,#6936);
#6112=LINE('',#15146,#6937);
#6113=LINE('',#15148,#6938);
#6114=LINE('',#15152,#6939);
#6115=LINE('',#15155,#6940);
#6116=LINE('',#15157,#6941);
#6117=LINE('',#15159,#6942);
#6118=LINE('',#15163,#6943);
#6119=LINE('',#15166,#6944);
#6120=LINE('',#15168,#6945);
#6121=LINE('',#15170,#6946);
#6122=LINE('',#15172,#6947);
#6123=LINE('',#15175,#6948);
#6124=LINE('',#15177,#6949);
#6125=LINE('',#15179,#6950);
#6126=LINE('',#15183,#6951);
#6127=LINE('',#15186,#6952);
#6128=LINE('',#15188,#6953);
#6129=LINE('',#15190,#6954);
#6130=LINE('',#15192,#6955);
#6131=LINE('',#15195,#6956);
#6132=LINE('',#15196,#6957);
#6133=LINE('',#15198,#6958);
#6134=LINE('',#15200,#6959);
#6135=LINE('',#15202,#6960);
#6136=LINE('',#15204,#6961);
#6137=LINE('',#15206,#6962);
#6138=LINE('',#15207,#6963);
#6139=LINE('',#15209,#6964);
#6140=LINE('',#15211,#6965);
#6141=LINE('',#15213,#6966);
#6142=LINE('',#15214,#6967);
#6143=LINE('',#15216,#6968);
#6144=LINE('',#15218,#6969);
#6145=LINE('',#15221,#6970);
#6146=LINE('',#15224,#6971);
#6147=LINE('',#15227,#6972);
#6148=LINE('',#15229,#6973);
#6149=LINE('',#15231,#6974);
#6150=LINE('',#15233,#6975);
#6151=LINE('',#15235,#6976);
#6152=LINE('',#15236,#6977);
#6153=LINE('',#15238,#6978);
#6154=LINE('',#15240,#6979);
#6155=LINE('',#15257,#6980);
#6156=LINE('',#15259,#6981);
#6157=LINE('',#15261,#6982);
#6158=LINE('',#15266,#6983);
#6159=LINE('',#15267,#6984);
#6160=LINE('',#15270,#6985);
#6161=LINE('',#15272,#6986);
#6162=LINE('',#15274,#6987);
#6163=LINE('',#15276,#6988);
#6164=LINE('',#15290,#6989);
#6165=LINE('',#15292,#6990);
#6166=LINE('',#15309,#6991);
#6167=LINE('',#15311,#6992);
#6168=LINE('',#15313,#6993);
#6169=LINE('',#15315,#6994);
#6170=LINE('',#15317,#6995);
#6171=LINE('',#15320,#6996);
#6172=LINE('',#15322,#6997);
#6173=LINE('',#15324,#6998);
#6174=LINE('',#15326,#6999);
#6175=LINE('',#15328,#7000);
#6176=LINE('',#15330,#7001);
#6177=LINE('',#15392,#7002);
#6178=LINE('',#15395,#7003);
#6179=LINE('',#15396,#7004);
#6180=LINE('',#15398,#7005);
#6181=LINE('',#15400,#7006);
#6182=LINE('',#15404,#7007);
#6183=LINE('',#15407,#7008);
#6184=LINE('',#15409,#7009);
#6185=LINE('',#15411,#7010);
#6186=LINE('',#15413,#7011);
#6187=LINE('',#15417,#7012);
#6188=LINE('',#15420,#7013);
#6189=LINE('',#15422,#7014);
#6190=LINE('',#15424,#7015);
#6191=LINE('',#15426,#7016);
#6192=LINE('',#15427,#7017);
#6193=LINE('',#15431,#7018);
#6194=LINE('',#15432,#7019);
#6195=LINE('',#15436,#7020);
#6196=LINE('',#15438,#7021);
#6197=LINE('',#15440,#7022);
#6198=LINE('',#15472,#7023);
#6199=LINE('',#15473,#7024);
#6200=LINE('',#15475,#7025);
#6201=LINE('',#15477,#7026);
#6202=LINE('',#15479,#7027);
#6203=LINE('',#15481,#7028);
#6204=LINE('',#15483,#7029);
#6205=LINE('',#15485,#7030);
#6206=LINE('',#15487,#7031);
#6207=LINE('',#15489,#7032);
#6208=LINE('',#15491,#7033);
#6209=LINE('',#15493,#7034);
#6210=LINE('',#15495,#7035);
#6211=LINE('',#15497,#7036);
#6212=LINE('',#15499,#7037);
#6213=LINE('',#15501,#7038);
#6214=LINE('',#15503,#7039);
#6215=LINE('',#15505,#7040);
#6216=LINE('',#15507,#7041);
#6217=LINE('',#15508,#7042);
#6218=LINE('',#15512,#7043);
#6219=LINE('',#15513,#7044);
#6220=LINE('',#15515,#7045);
#6221=LINE('',#15517,#7046);
#6222=LINE('',#15520,#7047);
#6223=LINE('',#15521,#7048);
#6224=LINE('',#15523,#7049);
#6225=LINE('',#15525,#7050);
#6226=LINE('',#15528,#7051);
#6227=LINE('',#15529,#7052);
#6228=LINE('',#15531,#7053);
#6229=LINE('',#15533,#7054);
#6230=LINE('',#15536,#7055);
#6231=LINE('',#15537,#7056);
#6232=LINE('',#15539,#7057);
#6233=LINE('',#15541,#7058);
#6234=LINE('',#15544,#7059);
#6235=LINE('',#15545,#7060);
#6236=LINE('',#15547,#7061);
#6237=LINE('',#15549,#7062);
#6238=LINE('',#15552,#7063);
#6239=LINE('',#15553,#7064);
#6240=LINE('',#15555,#7065);
#6241=LINE('',#15557,#7066);
#6242=LINE('',#15560,#7067);
#6243=LINE('',#15561,#7068);
#6244=LINE('',#15563,#7069);
#6245=LINE('',#15565,#7070);
#6246=LINE('',#15568,#7071);
#6247=LINE('',#15569,#7072);
#6248=LINE('',#15571,#7073);
#6249=LINE('',#15573,#7074);
#6250=LINE('',#15576,#7075);
#6251=LINE('',#15577,#7076);
#6252=LINE('',#15579,#7077);
#6253=LINE('',#15581,#7078);
#6254=LINE('',#15584,#7079);
#6255=LINE('',#15585,#7080);
#6256=LINE('',#15587,#7081);
#6257=LINE('',#15589,#7082);
#6258=LINE('',#15592,#7083);
#6259=LINE('',#15593,#7084);
#6260=LINE('',#15595,#7085);
#6261=LINE('',#15597,#7086);
#6262=LINE('',#15600,#7087);
#6263=LINE('',#15601,#7088);
#6264=LINE('',#15603,#7089);
#6265=LINE('',#15605,#7090);
#6266=LINE('',#15608,#7091);
#6267=LINE('',#15609,#7092);
#6268=LINE('',#15611,#7093);
#6269=LINE('',#15613,#7094);
#6270=LINE('',#15616,#7095);
#6271=LINE('',#15617,#7096);
#6272=LINE('',#15619,#7097);
#6273=LINE('',#15621,#7098);
#6274=LINE('',#15624,#7099);
#6275=LINE('',#15625,#7100);
#6276=LINE('',#15627,#7101);
#6277=LINE('',#15629,#7102);
#6278=LINE('',#15632,#7103);
#6279=LINE('',#15633,#7104);
#6280=LINE('',#15635,#7105);
#6281=LINE('',#15637,#7106);
#6282=LINE('',#15639,#7107);
#6283=LINE('',#15641,#7108);
#6284=LINE('',#15643,#7109);
#6285=LINE('',#15645,#7110);
#6286=LINE('',#15647,#7111);
#6287=LINE('',#15649,#7112);
#6288=LINE('',#15651,#7113);
#6289=LINE('',#15653,#7114);
#6290=LINE('',#15655,#7115);
#6291=LINE('',#15657,#7116);
#6292=LINE('',#15659,#7117);
#6293=LINE('',#15661,#7118);
#6294=LINE('',#15663,#7119);
#6295=LINE('',#15665,#7120);
#6296=LINE('',#15667,#7121);
#6297=LINE('',#15669,#7122);
#6298=LINE('',#15671,#7123);
#6299=LINE('',#15673,#7124);
#6300=LINE('',#15675,#7125);
#6301=LINE('',#15677,#7126);
#6302=LINE('',#15679,#7127);
#6303=LINE('',#15683,#7128);
#6304=LINE('',#15686,#7129);
#6305=LINE('',#15688,#7130);
#6306=LINE('',#15690,#7131);
#6307=LINE('',#15692,#7132);
#6308=LINE('',#15694,#7133);
#6309=LINE('',#15696,#7134);
#6310=LINE('',#15698,#7135);
#6311=LINE('',#15701,#7136);
#6312=LINE('',#15702,#7137);
#6313=LINE('',#15704,#7138);
#6314=LINE('',#15706,#7139);
#6315=LINE('',#15708,#7140);
#6316=LINE('',#15710,#7141);
#6317=LINE('',#15712,#7142);
#6318=LINE('',#15714,#7143);
#6319=LINE('',#15716,#7144);
#6320=LINE('',#15718,#7145);
#6321=LINE('',#15720,#7146);
#6322=LINE('',#15722,#7147);
#6323=LINE('',#15724,#7148);
#6324=LINE('',#15726,#7149);
#6325=LINE('',#15728,#7150);
#6326=LINE('',#15730,#7151);
#6327=LINE('',#15732,#7152);
#6328=LINE('',#15734,#7153);
#6329=LINE('',#15736,#7154);
#6330=LINE('',#15738,#7155);
#6331=LINE('',#15740,#7156);
#6332=LINE('',#15742,#7157);
#6333=LINE('',#15744,#7158);
#6334=LINE('',#15746,#7159);
#6335=LINE('',#15748,#7160);
#6336=LINE('',#15750,#7161);
#6337=LINE('',#15752,#7162);
#6338=LINE('',#15755,#7163);
#6339=LINE('',#15756,#7164);
#6340=LINE('',#15758,#7165);
#6341=LINE('',#15759,#7166);
#6342=LINE('',#15761,#7167);
#6343=LINE('',#15763,#7168);
#6344=LINE('',#15765,#7169);
#6345=LINE('',#15767,#7170);
#6346=LINE('',#15769,#7171);
#6347=LINE('',#15771,#7172);
#6348=LINE('',#15773,#7173);
#6349=LINE('',#15775,#7174);
#6350=LINE('',#15777,#7175);
#6351=LINE('',#15779,#7176);
#6352=LINE('',#15780,#7177);
#6353=LINE('',#15782,#7178);
#6354=LINE('',#15784,#7179);
#6355=LINE('',#15786,#7180);
#6356=LINE('',#15787,#7181);
#6357=LINE('',#15789,#7182);
#6358=LINE('',#15791,#7183);
#6359=LINE('',#15793,#7184);
#6360=LINE('',#15795,#7185);
#6361=LINE('',#15797,#7186);
#6362=LINE('',#15799,#7187);
#6363=LINE('',#15801,#7188);
#6364=LINE('',#15803,#7189);
#6365=LINE('',#15805,#7190);
#6366=LINE('',#15807,#7191);
#6367=LINE('',#15809,#7192);
#6368=LINE('',#15811,#7193);
#6369=LINE('',#15813,#7194);
#6370=LINE('',#15815,#7195);
#6371=LINE('',#15817,#7196);
#6372=LINE('',#15819,#7197);
#6373=LINE('',#15821,#7198);
#6374=LINE('',#15823,#7199);
#6375=LINE('',#15825,#7200);
#6376=LINE('',#15827,#7201);
#6377=LINE('',#15829,#7202);
#6378=LINE('',#15831,#7203);
#6379=LINE('',#15839,#7204);
#6380=LINE('',#15841,#7205);
#6381=LINE('',#15843,#7206);
#6382=LINE('',#15845,#7207);
#6383=LINE('',#15847,#7208);
#6384=LINE('',#15850,#7209);
#6385=LINE('',#15851,#7210);
#6386=LINE('',#15853,#7211);
#6387=LINE('',#15855,#7212);
#6388=LINE('',#15859,#7213);
#6389=LINE('',#15861,#7214);
#6390=LINE('',#15863,#7215);
#6391=LINE('',#15865,#7216);
#6392=LINE('',#15867,#7217);
#6393=LINE('',#15869,#7218);
#6394=LINE('',#15872,#7219);
#6395=LINE('',#15873,#7220);
#6396=LINE('',#15875,#7221);
#6397=LINE('',#15877,#7222);
#6398=LINE('',#15880,#7223);
#6399=LINE('',#15882,#7224);
#6400=LINE('',#15885,#7225);
#6401=LINE('',#15887,#7226);
#6402=LINE('',#15892,#7227);
#6403=LINE('',#15893,#7228);
#6404=LINE('',#15895,#7229);
#6405=LINE('',#15897,#7230);
#6406=LINE('',#15900,#7231);
#6407=LINE('',#15901,#7232);
#6408=LINE('',#15903,#7233);
#6409=LINE('',#15905,#7234);
#6410=LINE('',#15907,#7235);
#6411=LINE('',#15910,#7236);
#6412=LINE('',#15911,#7237);
#6413=LINE('',#15913,#7238);
#6414=LINE('',#15915,#7239);
#6415=VECTOR('',#10162,1.);
#6416=VECTOR('',#10163,1.);
#6417=VECTOR('',#10164,1.);
#6418=VECTOR('',#10165,1.);
#6419=VECTOR('',#10166,1.);
#6420=VECTOR('',#10167,1.);
#6421=VECTOR('',#10168,1.);
#6422=VECTOR('',#10169,1.);
#6423=VECTOR('',#10170,1.);
#6424=VECTOR('',#10171,1.);
#6425=VECTOR('',#10172,1.);
#6426=VECTOR('',#10173,1.);
#6427=VECTOR('',#10174,1.);
#6428=VECTOR('',#10175,1.);
#6429=VECTOR('',#10176,1.);
#6430=VECTOR('',#10177,1.);
#6431=VECTOR('',#10178,1.);
#6432=VECTOR('',#10179,1.);
#6433=VECTOR('',#10180,1.);
#6434=VECTOR('',#10181,1.);
#6435=VECTOR('',#10182,1.);
#6436=VECTOR('',#10185,1.);
#6437=VECTOR('',#10186,1.);
#6438=VECTOR('',#10187,1.);
#6439=VECTOR('',#10188,1.);
#6440=VECTOR('',#10189,1.);
#6441=VECTOR('',#10190,1.);
#6442=VECTOR('',#10191,1.);
#6443=VECTOR('',#10192,1.);
#6444=VECTOR('',#10193,1.);
#6445=VECTOR('',#10194,1.);
#6446=VECTOR('',#10195,1.);
#6447=VECTOR('',#10196,1.);
#6448=VECTOR('',#10197,1.);
#6449=VECTOR('',#10198,1.);
#6450=VECTOR('',#10199,1.);
#6451=VECTOR('',#10200,1.);
#6452=VECTOR('',#10201,1.);
#6453=VECTOR('',#10202,1.);
#6454=VECTOR('',#10205,1.);
#6455=VECTOR('',#10206,1.);
#6456=VECTOR('',#10207,1.);
#6457=VECTOR('',#10208,1.);
#6458=VECTOR('',#10209,1.);
#6459=VECTOR('',#10210,1.);
#6460=VECTOR('',#10211,1.);
#6461=VECTOR('',#10212,1.);
#6462=VECTOR('',#10213,1.);
#6463=VECTOR('',#10214,1.);
#6464=VECTOR('',#10215,1.);
#6465=VECTOR('',#10216,1.);
#6466=VECTOR('',#10217,1.);
#6467=VECTOR('',#10218,1.);
#6468=VECTOR('',#10219,1.);
#6469=VECTOR('',#10222,1.);
#6470=VECTOR('',#10223,1.);
#6471=VECTOR('',#10224,1.);
#6472=VECTOR('',#10225,1.);
#6473=VECTOR('',#10226,1.);
#6474=VECTOR('',#10227,1.);
#6475=VECTOR('',#10228,1.);
#6476=VECTOR('',#10229,1.);
#6477=VECTOR('',#10230,1.);
#6478=VECTOR('',#10231,1.);
#6479=VECTOR('',#10232,1.);
#6480=VECTOR('',#10233,1.);
#6481=VECTOR('',#10234,1.);
#6482=VECTOR('',#10235,1.);
#6483=VECTOR('',#10236,1.);
#6484=VECTOR('',#10237,1.);
#6485=VECTOR('',#10238,1.);
#6486=VECTOR('',#10239,1.);
#6487=VECTOR('',#10240,1.);
#6488=VECTOR('',#10241,1.);
#6489=VECTOR('',#10242,1.);
#6490=VECTOR('',#10243,1.);
#6491=VECTOR('',#10244,1.);
#6492=VECTOR('',#10245,1.);
#6493=VECTOR('',#10246,1.);
#6494=VECTOR('',#10247,1.);
#6495=VECTOR('',#10248,1.);
#6496=VECTOR('',#10249,1.);
#6497=VECTOR('',#10250,1.);
#6498=VECTOR('',#10251,1.);
#6499=VECTOR('',#10252,1.);
#6500=VECTOR('',#10253,1.);
#6501=VECTOR('',#10254,1.);
#6502=VECTOR('',#10255,1.);
#6503=VECTOR('',#10256,1.);
#6504=VECTOR('',#10257,1.);
#6505=VECTOR('',#10258,1.);
#6506=VECTOR('',#10259,1.);
#6507=VECTOR('',#10260,1.);
#6508=VECTOR('',#10261,1.);
#6509=VECTOR('',#10262,1.);
#6510=VECTOR('',#10263,1.);
#6511=VECTOR('',#10264,1.);
#6512=VECTOR('',#10265,1.);
#6513=VECTOR('',#10266,1.);
#6514=VECTOR('',#10267,1.);
#6515=VECTOR('',#10268,1.);
#6516=VECTOR('',#10269,1.);
#6517=VECTOR('',#10270,1.);
#6518=VECTOR('',#10271,1.);
#6519=VECTOR('',#10272,1.);
#6520=VECTOR('',#10273,1.);
#6521=VECTOR('',#10274,1.);
#6522=VECTOR('',#10275,1.);
#6523=VECTOR('',#10276,1.);
#6524=VECTOR('',#10277,1.);
#6525=VECTOR('',#10278,1.);
#6526=VECTOR('',#10279,1.);
#6527=VECTOR('',#10280,1.);
#6528=VECTOR('',#10281,1.);
#6529=VECTOR('',#10282,1.);
#6530=VECTOR('',#10283,1.);
#6531=VECTOR('',#10284,1.);
#6532=VECTOR('',#10285,1.);
#6533=VECTOR('',#10286,1.);
#6534=VECTOR('',#10287,1.);
#6535=VECTOR('',#10298,1.);
#6536=VECTOR('',#10299,1.);
#6537=VECTOR('',#10300,1.);
#6538=VECTOR('',#10301,1.);
#6539=VECTOR('',#10302,1.);
#6540=VECTOR('',#10303,1.);
#6541=VECTOR('',#10304,1.);
#6542=VECTOR('',#10305,1.);
#6543=VECTOR('',#10312,1.);
#6544=VECTOR('',#10313,1.);
#6545=VECTOR('',#10314,1.);
#6546=VECTOR('',#10315,1.);
#6547=VECTOR('',#10318,1.);
#6548=VECTOR('',#10321,1.);
#6549=VECTOR('',#10324,1.);
#6550=VECTOR('',#10327,1.);
#6551=VECTOR('',#10330,1.);
#6552=VECTOR('',#10333,1.);
#6553=VECTOR('',#10336,1.);
#6554=VECTOR('',#10339,1.);
#6555=VECTOR('',#10342,1.);
#6556=VECTOR('',#10343,1.);
#6557=VECTOR('',#10344,1.);
#6558=VECTOR('',#10345,1.);
#6559=VECTOR('',#10346,1.);
#6560=VECTOR('',#10347,1.);
#6561=VECTOR('',#10348,1.);
#6562=VECTOR('',#10349,1.);
#6563=VECTOR('',#10350,1.);
#6564=VECTOR('',#10351,1.);
#6565=VECTOR('',#10352,1.);
#6566=VECTOR('',#10353,1.);
#6567=VECTOR('',#10354,1.);
#6568=VECTOR('',#10355,1.);
#6569=VECTOR('',#10356,1.);
#6570=VECTOR('',#10357,1.);
#6571=VECTOR('',#10358,1.);
#6572=VECTOR('',#10359,1.);
#6573=VECTOR('',#10360,1.);
#6574=VECTOR('',#10361,1.);
#6575=VECTOR('',#10362,1.);
#6576=VECTOR('',#10363,1.);
#6577=VECTOR('',#10364,1.);
#6578=VECTOR('',#10367,1.);
#6579=VECTOR('',#10368,1.);
#6580=VECTOR('',#10371,1.);
#6581=VECTOR('',#10372,1.);
#6582=VECTOR('',#10375,1.);
#6583=VECTOR('',#10376,1.);
#6584=VECTOR('',#10377,1.);
#6585=VECTOR('',#10378,1.);
#6586=VECTOR('',#10379,1.);
#6587=VECTOR('',#10380,1.);
#6588=VECTOR('',#10381,1.);
#6589=VECTOR('',#10384,1.);
#6590=VECTOR('',#10385,1.);
#6591=VECTOR('',#10386,1.);
#6592=VECTOR('',#10387,1.);
#6593=VECTOR('',#10388,1.);
#6594=VECTOR('',#10389,1.);
#6595=VECTOR('',#10390,1.);
#6596=VECTOR('',#10393,1.);
#6597=VECTOR('',#10394,1.);
#6598=VECTOR('',#10395,1.);
#6599=VECTOR('',#10396,1.);
#6600=VECTOR('',#10397,1.);
#6601=VECTOR('',#10398,1.);
#6602=VECTOR('',#10399,1.);
#6603=VECTOR('',#10406,1.);
#6604=VECTOR('',#10409,1.);
#6605=VECTOR('',#10412,1.);
#6606=VECTOR('',#10413,1.);
#6607=VECTOR('',#10414,1.);
#6608=VECTOR('',#10417,1.);
#6609=VECTOR('',#10418,1.);
#6610=VECTOR('',#10419,1.);
#6611=VECTOR('',#10420,1.);
#6612=VECTOR('',#10425,1.);
#6613=VECTOR('',#10430,1.);
#6614=VECTOR('',#10433,1.);
#6615=VECTOR('',#10436,1.);
#6616=VECTOR('',#10437,1.);
#6617=VECTOR('',#10438,1.);
#6618=VECTOR('',#10439,1.);
#6619=VECTOR('',#10440,1.);
#6620=VECTOR('',#10441,1.);
#6621=VECTOR('',#10442,1.);
#6622=VECTOR('',#10445,1.);
#6623=VECTOR('',#10446,1.);
#6624=VECTOR('',#10447,1.);
#6625=VECTOR('',#10448,1.);
#6626=VECTOR('',#10449,1.);
#6627=VECTOR('',#10450,1.);
#6628=VECTOR('',#10451,1.);
#6629=VECTOR('',#10458,1.);
#6630=VECTOR('',#10461,1.);
#6631=VECTOR('',#10464,1.);
#6632=VECTOR('',#10465,1.);
#6633=VECTOR('',#10466,1.);
#6634=VECTOR('',#10469,1.);
#6635=VECTOR('',#10470,1.);
#6636=VECTOR('',#10471,1.);
#6637=VECTOR('',#10472,1.);
#6638=VECTOR('',#10477,1.);
#6639=VECTOR('',#10482,1.);
#6640=VECTOR('',#10485,1.);
#6641=VECTOR('',#10608,1.);
#6642=VECTOR('',#10611,1.);
#6643=VECTOR('',#10616,1.);
#6644=VECTOR('',#10619,1.);
#6645=VECTOR('',#10624,1.);
#6646=VECTOR('',#10627,1.);
#6647=VECTOR('',#10632,1.);
#6648=VECTOR('',#10635,1.);
#6649=VECTOR('',#10640,1.);
#6650=VECTOR('',#10643,1.);
#6651=VECTOR('',#10682,1.);
#6652=VECTOR('',#10683,1.);
#6653=VECTOR('',#10698,1.);
#6654=VECTOR('',#10699,1.);
#6655=VECTOR('',#10722,1.);
#6656=VECTOR('',#10723,1.);
#6657=VECTOR('',#10746,1.);
#6658=VECTOR('',#10749,1.);
#6659=VECTOR('',#10766,1.);
#6660=VECTOR('',#10769,1.);
#6661=VECTOR('',#10776,1.);
#6662=VECTOR('',#10779,1.);
#6663=VECTOR('',#10800,1.);
#6664=VECTOR('',#10803,1.);
#6665=VECTOR('',#10842,1.);
#6666=VECTOR('',#10843,1.);
#6667=VECTOR('',#10864,1.);
#6668=VECTOR('',#10867,1.);
#6669=VECTOR('',#10880,1.);
#6670=VECTOR('',#10883,1.);
#6671=VECTOR('',#10896,1.);
#6672=VECTOR('',#10899,1.);
#6673=VECTOR('',#10912,1.);
#6674=VECTOR('',#10915,1.);
#6675=VECTOR('',#10928,1.);
#6676=VECTOR('',#10931,1.);
#6677=VECTOR('',#10944,1.);
#6678=VECTOR('',#10947,1.);
#6679=VECTOR('',#10960,1.);
#6680=VECTOR('',#10963,1.);
#6681=VECTOR('',#10976,1.);
#6682=VECTOR('',#10979,1.);
#6683=VECTOR('',#10992,1.);
#6684=VECTOR('',#10995,1.);
#6685=VECTOR('',#11012,1.);
#6686=VECTOR('',#11015,1.);
#6687=VECTOR('',#11028,1.);
#6688=VECTOR('',#11031,1.);
#6689=VECTOR('',#11044,1.);
#6690=VECTOR('',#11045,1.);
#6691=VECTOR('',#11046,1.);
#6692=VECTOR('',#11049,1.);
#6693=VECTOR('',#11050,1.);
#6694=VECTOR('',#11051,1.);
#6695=VECTOR('',#11054,1.);
#6696=VECTOR('',#11055,1.);
#6697=VECTOR('',#11056,1.);
#6698=VECTOR('',#11059,1.);
#6699=VECTOR('',#11060,1.);
#6700=VECTOR('',#11061,1.);
#6701=VECTOR('',#11064,1.);
#6702=VECTOR('',#11065,1.);
#6703=VECTOR('',#11066,1.);
#6704=VECTOR('',#11069,1.);
#6705=VECTOR('',#11070,1.);
#6706=VECTOR('',#11071,1.);
#6707=VECTOR('',#11074,1.);
#6708=VECTOR('',#11075,1.);
#6709=VECTOR('',#11076,1.);
#6710=VECTOR('',#11079,1.);
#6711=VECTOR('',#11080,1.);
#6712=VECTOR('',#11081,1.);
#6713=VECTOR('',#11084,1.);
#6714=VECTOR('',#11085,1.);
#6715=VECTOR('',#11086,1.);
#6716=VECTOR('',#11089,1.);
#6717=VECTOR('',#11090,1.);
#6718=VECTOR('',#11091,1.);
#6719=VECTOR('',#11094,1.);
#6720=VECTOR('',#11095,1.);
#6721=VECTOR('',#11096,1.);
#6722=VECTOR('',#11099,1.);
#6723=VECTOR('',#11100,1.);
#6724=VECTOR('',#11101,1.);
#6725=VECTOR('',#11104,1.);
#6726=VECTOR('',#11105,1.);
#6727=VECTOR('',#11106,1.);
#6728=VECTOR('',#11109,1.);
#6729=VECTOR('',#11110,1.);
#6730=VECTOR('',#11111,1.);
#6731=VECTOR('',#11114,1.);
#6732=VECTOR('',#11115,1.);
#6733=VECTOR('',#11116,1.);
#6734=VECTOR('',#11119,1.);
#6735=VECTOR('',#11120,1.);
#6736=VECTOR('',#11121,1.);
#6737=VECTOR('',#11124,1.);
#6738=VECTOR('',#11125,1.);
#6739=VECTOR('',#11126,1.);
#6740=VECTOR('',#11133,1.);
#6741=VECTOR('',#11134,1.);
#6742=VECTOR('',#11141,1.);
#6743=VECTOR('',#11142,1.);
#6744=VECTOR('',#11145,1.);
#6745=VECTOR('',#11154,1.);
#6746=VECTOR('',#11155,1.);
#6747=VECTOR('',#11158,1.);
#6748=VECTOR('',#11159,1.);
#6749=VECTOR('',#11160,1.);
#6750=VECTOR('',#11163,1.);
#6751=VECTOR('',#11166,1.);
#6752=VECTOR('',#11169,1.);
#6753=VECTOR('',#11170,1.);
#6754=VECTOR('',#11173,1.);
#6755=VECTOR('',#11174,1.);
#6756=VECTOR('',#11179,1.);
#6757=VECTOR('',#11180,1.);
#6758=VECTOR('',#11183,1.);
#6759=VECTOR('',#11188,1.);
#6760=VECTOR('',#11189,1.);
#6761=VECTOR('',#11196,1.);
#6762=VECTOR('',#11197,1.);
#6763=VECTOR('',#11200,1.);
#6764=VECTOR('',#11201,1.);
#6765=VECTOR('',#11208,1.);
#6766=VECTOR('',#11213,1.);
#6767=VECTOR('',#11214,1.);
#6768=VECTOR('',#11217,1.);
#6769=VECTOR('',#11218,1.);
#6770=VECTOR('',#11223,1.);
#6771=VECTOR('',#11226,1.);
#6772=VECTOR('',#11227,1.);
#6773=VECTOR('',#11232,1.);
#6774=VECTOR('',#11235,1.);
#6775=VECTOR('',#11236,1.);
#6776=VECTOR('',#11237,1.);
#6777=VECTOR('',#11244,1.);
#6778=VECTOR('',#11245,1.);
#6779=VECTOR('',#11258,1.);
#6780=VECTOR('',#11259,1.);
#6781=VECTOR('',#11260,1.);
#6782=VECTOR('',#11271,1.);
#6783=VECTOR('',#11272,1.);
#6784=VECTOR('',#11275,1.);
#6785=VECTOR('',#11276,1.);
#6786=VECTOR('',#11287,1.);
#6787=VECTOR('',#11288,1.);
#6788=VECTOR('',#11291,1.);
#6789=VECTOR('',#11300,1.);
#6790=VECTOR('',#11301,1.);
#6791=VECTOR('',#11304,1.);
#6792=VECTOR('',#11307,1.);
#6793=VECTOR('',#11316,1.);
#6794=VECTOR('',#11317,1.);
#6795=VECTOR('',#11320,1.);
#6796=VECTOR('',#11321,1.);
#6797=VECTOR('',#11330,1.);
#6798=VECTOR('',#11333,1.);
#6799=VECTOR('',#11346,1.);
#6800=VECTOR('',#11347,1.);
#6801=VECTOR('',#11354,1.);
#6802=VECTOR('',#11355,1.);
#6803=VECTOR('',#11364,1.);
#6804=VECTOR('',#11365,1.);
#6805=VECTOR('',#11378,1.);
#6806=VECTOR('',#11379,1.);
#6807=VECTOR('',#11380,1.);
#6808=VECTOR('',#11383,1.);
#6809=VECTOR('',#11384,1.);
#6810=VECTOR('',#11391,1.);
#6811=VECTOR('',#11392,1.);
#6812=VECTOR('',#11407,1.);
#6813=VECTOR('',#11408,1.);
#6814=VECTOR('',#11415,1.);
#6815=VECTOR('',#11416,1.);
#6816=VECTOR('',#11419,1.);
#6817=VECTOR('',#11420,1.);
#6818=VECTOR('',#11421,1.);
#6819=VECTOR('',#11436,1.);
#6820=VECTOR('',#11437,1.);
#6821=VECTOR('',#11438,1.);
#6822=VECTOR('',#11441,1.);
#6823=VECTOR('',#11442,1.);
#6824=VECTOR('',#11449,1.);
#6825=VECTOR('',#11450,1.);
#6826=VECTOR('',#11459,1.);
#6827=VECTOR('',#11460,1.);
#6828=VECTOR('',#11475,1.);
#6829=VECTOR('',#11476,1.);
#6830=VECTOR('',#11483,1.);
#6831=VECTOR('',#11484,1.);
#6832=VECTOR('',#11493,1.);
#6833=VECTOR('',#11496,1.);
#6834=VECTOR('',#11507,1.);
#6835=VECTOR('',#11508,1.);
#6836=VECTOR('',#11509,1.);
#6837=VECTOR('',#11512,1.);
#6838=VECTOR('',#11513,1.);
#6839=VECTOR('',#11520,1.);
#6840=VECTOR('',#11521,1.);
#6841=VECTOR('',#11530,1.);
#6842=VECTOR('',#11533,1.);
#6843=VECTOR('',#11544,1.);
#6844=VECTOR('',#11545,1.);
#6845=VECTOR('',#11546,1.);
#6846=VECTOR('',#11549,1.);
#6847=VECTOR('',#11550,1.);
#6848=VECTOR('',#11557,1.);
#6849=VECTOR('',#11558,1.);
#6850=VECTOR('',#11567,1.);
#6851=VECTOR('',#11570,1.);
#6852=VECTOR('',#11581,1.);
#6853=VECTOR('',#11582,1.);
#6854=VECTOR('',#11583,1.);
#6855=VECTOR('',#11586,1.);
#6856=VECTOR('',#11587,1.);
#6857=VECTOR('',#11594,1.);
#6858=VECTOR('',#11595,1.);
#6859=VECTOR('',#11604,1.);
#6860=VECTOR('',#11607,1.);
#6861=VECTOR('',#11618,1.);
#6862=VECTOR('',#11619,1.);
#6863=VECTOR('',#11620,1.);
#6864=VECTOR('',#11623,1.);
#6865=VECTOR('',#11624,1.);
#6866=VECTOR('',#11631,1.);
#6867=VECTOR('',#11632,1.);
#6868=VECTOR('',#11641,1.);
#6869=VECTOR('',#11644,1.);
#6870=VECTOR('',#11655,1.);
#6871=VECTOR('',#11656,1.);
#6872=VECTOR('',#11657,1.);
#6873=VECTOR('',#11666,1.);
#6874=VECTOR('',#11667,1.);
#6875=VECTOR('',#11680,1.);
#6876=VECTOR('',#11681,1.);
#6877=VECTOR('',#11682,1.);
#6878=VECTOR('',#11685,1.);
#6879=VECTOR('',#11686,1.);
#6880=VECTOR('',#11693,1.);
#6881=VECTOR('',#11694,1.);
#6882=VECTOR('',#11703,1.);
#6883=VECTOR('',#11704,1.);
#6884=VECTOR('',#11717,1.);
#6885=VECTOR('',#11718,1.);
#6886=VECTOR('',#11719,1.);
#6887=VECTOR('',#11722,1.);
#6888=VECTOR('',#11723,1.);
#6889=VECTOR('',#11730,1.);
#6890=VECTOR('',#11731,1.);
#6891=VECTOR('',#11740,1.);
#6892=VECTOR('',#11741,1.);
#6893=VECTOR('',#11754,1.);
#6894=VECTOR('',#11755,1.);
#6895=VECTOR('',#11756,1.);
#6896=VECTOR('',#11759,1.);
#6897=VECTOR('',#11760,1.);
#6898=VECTOR('',#11761,1.);
#6899=VECTOR('',#11768,1.);
#6900=VECTOR('',#11769,1.);
#6901=VECTOR('',#11770,1.);
#6902=VECTOR('',#11771,1.);
#6903=VECTOR('',#11778,1.);
#6904=VECTOR('',#11779,1.);
#6905=VECTOR('',#11780,1.);
#6906=VECTOR('',#11781,1.);
#6907=VECTOR('',#11788,1.);
#6908=VECTOR('',#11789,1.);
#6909=VECTOR('',#11790,1.);
#6910=VECTOR('',#11791,1.);
#6911=VECTOR('',#11800,1.);
#6912=VECTOR('',#11801,1.);
#6913=VECTOR('',#11802,1.);
#6914=VECTOR('',#11803,1.);
#6915=VECTOR('',#11812,1.);
#6916=VECTOR('',#11813,1.);
#6917=VECTOR('',#11814,1.);
#6918=VECTOR('',#11815,1.);
#6919=VECTOR('',#11818,1.);
#6920=VECTOR('',#11819,1.);
#6921=VECTOR('',#11820,1.);
#6922=VECTOR('',#11821,1.);
#6923=VECTOR('',#11824,1.);
#6924=VECTOR('',#11825,1.);
#6925=VECTOR('',#11826,1.);
#6926=VECTOR('',#11827,1.);
#6927=VECTOR('',#11834,1.);
#6928=VECTOR('',#11835,1.);
#6929=VECTOR('',#11836,1.);
#6930=VECTOR('',#11837,1.);
#6931=VECTOR('',#11844,1.);
#6932=VECTOR('',#11845,1.);
#6933=VECTOR('',#11846,1.);
#6934=VECTOR('',#11847,1.);
#6935=VECTOR('',#11854,1.);
#6936=VECTOR('',#11855,1.);
#6937=VECTOR('',#11856,1.);
#6938=VECTOR('',#11857,1.);
#6939=VECTOR('',#11864,1.);
#6940=VECTOR('',#11865,1.);
#6941=VECTOR('',#11866,1.);
#6942=VECTOR('',#11867,1.);
#6943=VECTOR('',#11874,1.);
#6944=VECTOR('',#11875,1.);
#6945=VECTOR('',#11876,1.);
#6946=VECTOR('',#11877,1.);
#6947=VECTOR('',#11880,1.);
#6948=VECTOR('',#11881,1.);
#6949=VECTOR('',#11882,1.);
#6950=VECTOR('',#11883,1.);
#6951=VECTOR('',#11890,1.);
#6952=VECTOR('',#11891,1.);
#6953=VECTOR('',#11892,1.);
#6954=VECTOR('',#11893,1.);
#6955=VECTOR('',#11896,1.);
#6956=VECTOR('',#11897,1.);
#6957=VECTOR('',#11898,1.);
#6958=VECTOR('',#11901,1.);
#6959=VECTOR('',#11902,1.);
#6960=VECTOR('',#11905,1.);
#6961=VECTOR('',#11906,1.);
#6962=VECTOR('',#11909,1.);
#6963=VECTOR('',#11910,1.);
#6964=VECTOR('',#11913,1.);
#6965=VECTOR('',#11916,1.);
#6966=VECTOR('',#11917,1.);
#6967=VECTOR('',#11918,1.);
#6968=VECTOR('',#11919,1.);
#6969=VECTOR('',#11920,1.);
#6970=VECTOR('',#11925,1.);
#6971=VECTOR('',#11926,1.);
#6972=VECTOR('',#11929,1.);
#6973=VECTOR('',#11930,1.);
#6974=VECTOR('',#11931,1.);
#6975=VECTOR('',#11934,1.);
#6976=VECTOR('',#11935,1.);
#6977=VECTOR('',#11936,1.);
#6978=VECTOR('',#11939,1.);
#6979=VECTOR('',#11940,1.);
#6980=VECTOR('',#11951,1.);
#6981=VECTOR('',#11952,1.);
#6982=VECTOR('',#11953,1.);
#6983=VECTOR('',#11960,1.);
#6984=VECTOR('',#11961,1.);
#6985=VECTOR('',#11962,1.);
#6986=VECTOR('',#11963,1.);
#6987=VECTOR('',#11964,1.);
#6988=VECTOR('',#11967,1.);
#6989=VECTOR('',#11974,1.);
#6990=VECTOR('',#11975,1.);
#6991=VECTOR('',#11984,1.);
#6992=VECTOR('',#11985,1.);
#6993=VECTOR('',#11986,1.);
#6994=VECTOR('',#11987,1.);
#6995=VECTOR('',#11990,1.);
#6996=VECTOR('',#11993,1.);
#6997=VECTOR('',#11994,1.);
#6998=VECTOR('',#11995,1.);
#6999=VECTOR('',#11996,1.);
#7000=VECTOR('',#11999,1.);
#7001=VECTOR('',#12000,1.);
#7002=VECTOR('',#12027,1.);
#7003=VECTOR('',#12028,1.);
#7004=VECTOR('',#12029,1.);
#7005=VECTOR('',#12032,1.);
#7006=VECTOR('',#12033,1.);
#7007=VECTOR('',#12036,1.);
#7008=VECTOR('',#12041,1.);
#7009=VECTOR('',#12042,1.);
#7010=VECTOR('',#12045,1.);
#7011=VECTOR('',#12046,1.);
#7012=VECTOR('',#12049,1.);
#7013=VECTOR('',#12054,1.);
#7014=VECTOR('',#12057,1.);
#7015=VECTOR('',#12058,1.);
#7016=VECTOR('',#12061,1.);
#7017=VECTOR('',#12062,1.);
#7018=VECTOR('',#12067,1.);
#7019=VECTOR('',#12068,1.);
#7020=VECTOR('',#12071,1.);
#7021=VECTOR('',#12074,1.);
#7022=VECTOR('',#12075,1.);
#7023=VECTOR('',#12090,1.);
#7024=VECTOR('',#12091,1.);
#7025=VECTOR('',#12094,1.);
#7026=VECTOR('',#12097,1.);
#7027=VECTOR('',#12100,1.);
#7028=VECTOR('',#12103,1.);
#7029=VECTOR('',#12106,1.);
#7030=VECTOR('',#12109,1.);
#7031=VECTOR('',#12112,1.);
#7032=VECTOR('',#12115,1.);
#7033=VECTOR('',#12118,1.);
#7034=VECTOR('',#12121,1.);
#7035=VECTOR('',#12124,1.);
#7036=VECTOR('',#12127,1.);
#7037=VECTOR('',#12130,1.);
#7038=VECTOR('',#12133,1.);
#7039=VECTOR('',#12136,1.);
#7040=VECTOR('',#12139,1.);
#7041=VECTOR('',#12142,1.);
#7042=VECTOR('',#12143,1.);
#7043=VECTOR('',#12148,1.);
#7044=VECTOR('',#12149,1.);
#7045=VECTOR('',#12152,1.);
#7046=VECTOR('',#12155,1.);
#7047=VECTOR('',#12160,1.);
#7048=VECTOR('',#12161,1.);
#7049=VECTOR('',#12164,1.);
#7050=VECTOR('',#12167,1.);
#7051=VECTOR('',#12172,1.);
#7052=VECTOR('',#12173,1.);
#7053=VECTOR('',#12176,1.);
#7054=VECTOR('',#12179,1.);
#7055=VECTOR('',#12184,1.);
#7056=VECTOR('',#12185,1.);
#7057=VECTOR('',#12188,1.);
#7058=VECTOR('',#12191,1.);
#7059=VECTOR('',#12196,1.);
#7060=VECTOR('',#12197,1.);
#7061=VECTOR('',#12200,1.);
#7062=VECTOR('',#12203,1.);
#7063=VECTOR('',#12208,1.);
#7064=VECTOR('',#12209,1.);
#7065=VECTOR('',#12212,1.);
#7066=VECTOR('',#12215,1.);
#7067=VECTOR('',#12220,1.);
#7068=VECTOR('',#12221,1.);
#7069=VECTOR('',#12224,1.);
#7070=VECTOR('',#12227,1.);
#7071=VECTOR('',#12232,1.);
#7072=VECTOR('',#12233,1.);
#7073=VECTOR('',#12236,1.);
#7074=VECTOR('',#12239,1.);
#7075=VECTOR('',#12244,1.);
#7076=VECTOR('',#12245,1.);
#7077=VECTOR('',#12248,1.);
#7078=VECTOR('',#12251,1.);
#7079=VECTOR('',#12256,1.);
#7080=VECTOR('',#12257,1.);
#7081=VECTOR('',#12260,1.);
#7082=VECTOR('',#12263,1.);
#7083=VECTOR('',#12268,1.);
#7084=VECTOR('',#12269,1.);
#7085=VECTOR('',#12272,1.);
#7086=VECTOR('',#12275,1.);
#7087=VECTOR('',#12280,1.);
#7088=VECTOR('',#12281,1.);
#7089=VECTOR('',#12284,1.);
#7090=VECTOR('',#12287,1.);
#7091=VECTOR('',#12292,1.);
#7092=VECTOR('',#12293,1.);
#7093=VECTOR('',#12296,1.);
#7094=VECTOR('',#12299,1.);
#7095=VECTOR('',#12304,1.);
#7096=VECTOR('',#12305,1.);
#7097=VECTOR('',#12308,1.);
#7098=VECTOR('',#12311,1.);
#7099=VECTOR('',#12316,1.);
#7100=VECTOR('',#12317,1.);
#7101=VECTOR('',#12320,1.);
#7102=VECTOR('',#12323,1.);
#7103=VECTOR('',#12328,1.);
#7104=VECTOR('',#12329,1.);
#7105=VECTOR('',#12332,1.);
#7106=VECTOR('',#12335,1.);
#7107=VECTOR('',#12338,1.);
#7108=VECTOR('',#12341,1.);
#7109=VECTOR('',#12344,1.);
#7110=VECTOR('',#12347,1.);
#7111=VECTOR('',#12350,1.);
#7112=VECTOR('',#12353,1.);
#7113=VECTOR('',#12356,1.);
#7114=VECTOR('',#12357,1.);
#7115=VECTOR('',#12360,1.);
#7116=VECTOR('',#12361,1.);
#7117=VECTOR('',#12362,1.);
#7118=VECTOR('',#12365,1.);
#7119=VECTOR('',#12366,1.);
#7120=VECTOR('',#12367,1.);
#7121=VECTOR('',#12370,1.);
#7122=VECTOR('',#12371,1.);
#7123=VECTOR('',#12374,1.);
#7124=VECTOR('',#12375,1.);
#7125=VECTOR('',#12376,1.);
#7126=VECTOR('',#12379,1.);
#7127=VECTOR('',#12380,1.);
#7128=VECTOR('',#12383,1.);
#7129=VECTOR('',#12388,1.);
#7130=VECTOR('',#12389,1.);
#7131=VECTOR('',#12392,1.);
#7132=VECTOR('',#12393,1.);
#7133=VECTOR('',#12396,1.);
#7134=VECTOR('',#12397,1.);
#7135=VECTOR('',#12400,1.);
#7136=VECTOR('',#12401,1.);
#7137=VECTOR('',#12402,1.);
#7138=VECTOR('',#12405,1.);
#7139=VECTOR('',#12408,1.);
#7140=VECTOR('',#12411,1.);
#7141=VECTOR('',#12412,1.);
#7142=VECTOR('',#12415,1.);
#7143=VECTOR('',#12416,1.);
#7144=VECTOR('',#12419,1.);
#7145=VECTOR('',#12420,1.);
#7146=VECTOR('',#12423,1.);
#7147=VECTOR('',#12424,1.);
#7148=VECTOR('',#12427,1.);
#7149=VECTOR('',#12430,1.);
#7150=VECTOR('',#12431,1.);
#7151=VECTOR('',#12434,1.);
#7152=VECTOR('',#12437,1.);
#7153=VECTOR('',#12438,1.);
#7154=VECTOR('',#12441,1.);
#7155=VECTOR('',#12442,1.);
#7156=VECTOR('',#12445,1.);
#7157=VECTOR('',#12446,1.);
#7158=VECTOR('',#12449,1.);
#7159=VECTOR('',#12450,1.);
#7160=VECTOR('',#12453,1.);
#7161=VECTOR('',#12454,1.);
#7162=VECTOR('',#12457,1.);
#7163=VECTOR('',#12458,1.);
#7164=VECTOR('',#12459,1.);
#7165=VECTOR('',#12462,1.);
#7166=VECTOR('',#12463,1.);
#7167=VECTOR('',#12464,1.);
#7168=VECTOR('',#12467,1.);
#7169=VECTOR('',#12468,1.);
#7170=VECTOR('',#12469,1.);
#7171=VECTOR('',#12472,1.);
#7172=VECTOR('',#12475,1.);
#7173=VECTOR('',#12478,1.);
#7174=VECTOR('',#12479,1.);
#7175=VECTOR('',#12482,1.);
#7176=VECTOR('',#12483,1.);
#7177=VECTOR('',#12484,1.);
#7178=VECTOR('',#12485,1.);
#7179=VECTOR('',#12488,1.);
#7180=VECTOR('',#12489,1.);
#7181=VECTOR('',#12490,1.);
#7182=VECTOR('',#12491,1.);
#7183=VECTOR('',#12494,1.);
#7184=VECTOR('',#12497,1.);
#7185=VECTOR('',#12498,1.);
#7186=VECTOR('',#12501,1.);
#7187=VECTOR('',#12502,1.);
#7188=VECTOR('',#12505,1.);
#7189=VECTOR('',#12506,1.);
#7190=VECTOR('',#12509,1.);
#7191=VECTOR('',#12510,1.);
#7192=VECTOR('',#12513,1.);
#7193=VECTOR('',#12514,1.);
#7194=VECTOR('',#12517,1.);
#7195=VECTOR('',#12518,1.);
#7196=VECTOR('',#12521,1.);
#7197=VECTOR('',#12522,1.);
#7198=VECTOR('',#12525,1.);
#7199=VECTOR('',#12526,1.);
#7200=VECTOR('',#12529,1.);
#7201=VECTOR('',#12532,1.);
#7202=VECTOR('',#12535,1.);
#7203=VECTOR('',#12538,1.);
#7204=VECTOR('',#12553,1.);
#7205=VECTOR('',#12554,1.);
#7206=VECTOR('',#12557,1.);
#7207=VECTOR('',#12558,1.);
#7208=VECTOR('',#12561,1.);
#7209=VECTOR('',#12562,1.);
#7210=VECTOR('',#12563,1.);
#7211=VECTOR('',#12566,1.);
#7212=VECTOR('',#12567,1.);
#7213=VECTOR('',#12572,1.);
#7214=VECTOR('',#12575,1.);
#7215=VECTOR('',#12576,1.);
#7216=VECTOR('',#12579,1.);
#7217=VECTOR('',#12580,1.);
#7218=VECTOR('',#12583,1.);
#7219=VECTOR('',#12584,1.);
#7220=VECTOR('',#12585,1.);
#7221=VECTOR('',#12588,1.);
#7222=VECTOR('',#12591,1.);
#7223=VECTOR('',#12596,1.);
#7224=VECTOR('',#12599,1.);
#7225=VECTOR('',#12604,1.);
#7226=VECTOR('',#12607,1.);
#7227=VECTOR('',#12616,1.);
#7228=VECTOR('',#12617,1.);
#7229=VECTOR('',#12620,1.);
#7230=VECTOR('',#12623,1.);
#7231=VECTOR('',#12628,1.);
#7232=VECTOR('',#12629,1.);
#7233=VECTOR('',#12632,1.);
#7234=VECTOR('',#12635,1.);
#7235=VECTOR('',#12638,1.);
#7236=VECTOR('',#12643,1.);
#7237=VECTOR('',#12644,1.);
#7238=VECTOR('',#12647,1.);
#7239=VECTOR('',#12650,1.);
#7240=EDGE_LOOP('',(#663,#664,#665,#666,#667));
#7241=EDGE_LOOP('',(#668,#669,#670,#671,#672,#673,#674,#675,#676,#677,#678,
#679,#680,#681,#682,#683,#684,#685,#686,#687,#688,#689,#690,#691,#692,#693,
#694,#695,#696,#697,#698,#699,#700,#701,#702,#703,#704,#705,#706,#707,#708,
#709,#710,#711,#712,#713,#714,#715,#716,#717,#718,#719,#720,#721,#722,#723,
#724,#725));
#7242=EDGE_LOOP('',(#726,#727,#728,#729));
#7243=EDGE_LOOP('',(#730,#731,#732,#733));
#7244=EDGE_LOOP('',(#734,#735,#736,#737));
#7245=EDGE_LOOP('',(#738,#739,#740,#741));
#7246=EDGE_LOOP('',(#742,#743,#744,#745));
#7247=EDGE_LOOP('',(#746,#747,#748,#749));
#7248=EDGE_LOOP('',(#750,#751,#752,#753));
#7249=EDGE_LOOP('',(#754,#755,#756,#757));
#7250=EDGE_LOOP('',(#758,#759,#760,#761));
#7251=EDGE_LOOP('',(#762,#763,#764,#765));
#7252=EDGE_LOOP('',(#766,#767,#768,#769));
#7253=EDGE_LOOP('',(#770,#771,#772,#773));
#7254=EDGE_LOOP('',(#774,#775,#776,#777));
#7255=EDGE_LOOP('',(#778,#779,#780,#781));
#7256=EDGE_LOOP('',(#782,#783,#784,#785));
#7257=EDGE_LOOP('',(#786));
#7258=EDGE_LOOP('',(#787));
#7259=EDGE_LOOP('',(#788));
#7260=EDGE_LOOP('',(#789));
#7261=EDGE_LOOP('',(#790));
#7262=EDGE_LOOP('',(#791,#792,#793,#794));
#7263=EDGE_LOOP('',(#795,#796,#797,#798));
#7264=EDGE_LOOP('',(#799));
#7265=EDGE_LOOP('',(#800));
#7266=EDGE_LOOP('',(#801,#802,#803,#804,#805,#806,#807,#808,#809,#810,#811,
#812,#813,#814,#815,#816,#817,#818,#819,#820,#821,#822,#823,#824,#825,#826,
#827,#828,#829,#830,#831));
#7267=EDGE_LOOP('',(#832,#833,#834,#835));
#7268=EDGE_LOOP('',(#836,#837,#838,#839,#840));
#7269=EDGE_LOOP('',(#841,#842,#843,#844));
#7270=EDGE_LOOP('',(#845,#846,#847,#848));
#7271=EDGE_LOOP('',(#849,#850,#851,#852));
#7272=EDGE_LOOP('',(#853,#854,#855,#856,#857,#858,#859,#860));
#7273=EDGE_LOOP('',(#861,#862,#863,#864,#865,#866,#867,#868));
#7274=EDGE_LOOP('',(#869,#870,#871,#872,#873,#874,#875,#876));
#7275=EDGE_LOOP('',(#877,#878,#879,#880));
#7276=EDGE_LOOP('',(#881,#882,#883,#884));
#7277=EDGE_LOOP('',(#885,#886,#887,#888));
#7278=EDGE_LOOP('',(#889,#890,#891,#892,#893));
#7279=EDGE_LOOP('',(#894,#895,#896,#897,#898,#899,#900));
#7280=EDGE_LOOP('',(#901,#902,#903,#904));
#7281=EDGE_LOOP('',(#905,#906,#907,#908,#909,#910,#911,#912));
#7282=EDGE_LOOP('',(#913,#914,#915,#916,#917,#918,#919,#920));
#7283=EDGE_LOOP('',(#921,#922,#923,#924,#925,#926,#927,#928));
#7284=EDGE_LOOP('',(#929,#930,#931,#932));
#7285=EDGE_LOOP('',(#933,#934,#935,#936));
#7286=EDGE_LOOP('',(#937,#938,#939,#940));
#7287=EDGE_LOOP('',(#941,#942,#943,#944,#945));
#7288=EDGE_LOOP('',(#946,#947,#948,#949,#950,#951,#952));
#7289=EDGE_LOOP('',(#953,#954,#955,#956));
#7290=EDGE_LOOP('',(#957,#958,#959,#960,#961,#962,#963,#964));
#7291=EDGE_LOOP('',(#965));
#7292=EDGE_LOOP('',(#966));
#7293=EDGE_LOOP('',(#967));
#7294=EDGE_LOOP('',(#968));
#7295=EDGE_LOOP('',(#969));
#7296=EDGE_LOOP('',(#970));
#7297=EDGE_LOOP('',(#971));
#7298=EDGE_LOOP('',(#972));
#7299=EDGE_LOOP('',(#973));
#7300=EDGE_LOOP('',(#974));
#7301=EDGE_LOOP('',(#975));
#7302=EDGE_LOOP('',(#976));
#7303=EDGE_LOOP('',(#977));
#7304=EDGE_LOOP('',(#978));
#7305=EDGE_LOOP('',(#979));
#7306=EDGE_LOOP('',(#980));
#7307=EDGE_LOOP('',(#981));
#7308=EDGE_LOOP('',(#982));
#7309=EDGE_LOOP('',(#983));
#7310=EDGE_LOOP('',(#984));
#7311=EDGE_LOOP('',(#985));
#7312=EDGE_LOOP('',(#986));
#7313=EDGE_LOOP('',(#987));
#7314=EDGE_LOOP('',(#988));
#7315=EDGE_LOOP('',(#989));
#7316=EDGE_LOOP('',(#990));
#7317=EDGE_LOOP('',(#991));
#7318=EDGE_LOOP('',(#992));
#7319=EDGE_LOOP('',(#993));
#7320=EDGE_LOOP('',(#994));
#7321=EDGE_LOOP('',(#995));
#7322=EDGE_LOOP('',(#996));
#7323=EDGE_LOOP('',(#997));
#7324=EDGE_LOOP('',(#998));
#7325=EDGE_LOOP('',(#999));
#7326=EDGE_LOOP('',(#1000));
#7327=EDGE_LOOP('',(#1001));
#7328=EDGE_LOOP('',(#1002));
#7329=EDGE_LOOP('',(#1003));
#7330=EDGE_LOOP('',(#1004));
#7331=EDGE_LOOP('',(#1005,#1006,#1007,#1008));
#7332=EDGE_LOOP('',(#1009,#1010,#1011,#1012));
#7333=EDGE_LOOP('',(#1013,#1014,#1015,#1016));
#7334=EDGE_LOOP('',(#1017,#1018,#1019,#1020));
#7335=EDGE_LOOP('',(#1021,#1022,#1023,#1024));
#7336=EDGE_LOOP('',(#1025));
#7337=EDGE_LOOP('',(#1026));
#7338=EDGE_LOOP('',(#1027,#1028,#1029,#1030));
#7339=EDGE_LOOP('',(#1031,#1032,#1033,#1034));
#7340=EDGE_LOOP('',(#1035,#1036,#1037,#1038));
#7341=EDGE_LOOP('',(#1039));
#7342=EDGE_LOOP('',(#1040));
#7343=EDGE_LOOP('',(#1041,#1042,#1043,#1044));
#7344=EDGE_LOOP('',(#1045,#1046,#1047,#1048));
#7345=EDGE_LOOP('',(#1049,#1050,#1051,#1052));
#7346=EDGE_LOOP('',(#1053,#1054,#1055,#1056));
#7347=EDGE_LOOP('',(#1057));
#7348=EDGE_LOOP('',(#1058));
#7349=EDGE_LOOP('',(#1059,#1060,#1061,#1062));
#7350=EDGE_LOOP('',(#1063,#1064,#1065,#1066));
#7351=EDGE_LOOP('',(#1067));
#7352=EDGE_LOOP('',(#1068));
#7353=EDGE_LOOP('',(#1069,#1070,#1071,#1072));
#7354=EDGE_LOOP('',(#1073,#1074,#1075,#1076));
#7355=EDGE_LOOP('',(#1077,#1078,#1079,#1080));
#7356=EDGE_LOOP('',(#1081,#1082,#1083,#1084));
#7357=EDGE_LOOP('',(#1085));
#7358=EDGE_LOOP('',(#1086));
#7359=EDGE_LOOP('',(#1087,#1088,#1089,#1090));
#7360=EDGE_LOOP('',(#1091,#1092,#1093,#1094));
#7361=EDGE_LOOP('',(#1095,#1096,#1097,#1098));
#7362=EDGE_LOOP('',(#1099,#1100,#1101,#1102));
#7363=EDGE_LOOP('',(#1103));
#7364=EDGE_LOOP('',(#1104));
#7365=EDGE_LOOP('',(#1105,#1106,#1107,#1108));
#7366=EDGE_LOOP('',(#1109,#1110,#1111,#1112));
#7367=EDGE_LOOP('',(#1113,#1114,#1115,#1116));
#7368=EDGE_LOOP('',(#1117,#1118,#1119,#1120));
#7369=EDGE_LOOP('',(#1121,#1122,#1123,#1124));
#7370=EDGE_LOOP('',(#1125));
#7371=EDGE_LOOP('',(#1126));
#7372=EDGE_LOOP('',(#1127,#1128,#1129,#1130));
#7373=EDGE_LOOP('',(#1131,#1132,#1133,#1134));
#7374=EDGE_LOOP('',(#1135,#1136,#1137,#1138));
#7375=EDGE_LOOP('',(#1139,#1140,#1141,#1142));
#7376=EDGE_LOOP('',(#1143));
#7377=EDGE_LOOP('',(#1144));
#7378=EDGE_LOOP('',(#1145,#1146,#1147,#1148));
#7379=EDGE_LOOP('',(#1149,#1150,#1151,#1152));
#7380=EDGE_LOOP('',(#1153));
#7381=EDGE_LOOP('',(#1154));
#7382=EDGE_LOOP('',(#1155));
#7383=EDGE_LOOP('',(#1156,#1157,#1158,#1159));
#7384=EDGE_LOOP('',(#1160,#1161,#1162,#1163));
#7385=EDGE_LOOP('',(#1164,#1165,#1166,#1167));
#7386=EDGE_LOOP('',(#1168,#1169,#1170,#1171));
#7387=EDGE_LOOP('',(#1172));
#7388=EDGE_LOOP('',(#1173));
#7389=EDGE_LOOP('',(#1174,#1175,#1176,#1177));
#7390=EDGE_LOOP('',(#1178,#1179,#1180,#1181));
#7391=EDGE_LOOP('',(#1182));
#7392=EDGE_LOOP('',(#1183));
#7393=EDGE_LOOP('',(#1184,#1185,#1186,#1187));
#7394=EDGE_LOOP('',(#1188,#1189,#1190,#1191));
#7395=EDGE_LOOP('',(#1192));
#7396=EDGE_LOOP('',(#1193));
#7397=EDGE_LOOP('',(#1194,#1195,#1196,#1197));
#7398=EDGE_LOOP('',(#1198,#1199,#1200,#1201));
#7399=EDGE_LOOP('',(#1202));
#7400=EDGE_LOOP('',(#1203));
#7401=EDGE_LOOP('',(#1204,#1205,#1206,#1207));
#7402=EDGE_LOOP('',(#1208,#1209,#1210,#1211));
#7403=EDGE_LOOP('',(#1212));
#7404=EDGE_LOOP('',(#1213));
#7405=EDGE_LOOP('',(#1214,#1215,#1216,#1217));
#7406=EDGE_LOOP('',(#1218,#1219,#1220,#1221));
#7407=EDGE_LOOP('',(#1222));
#7408=EDGE_LOOP('',(#1223));
#7409=EDGE_LOOP('',(#1224,#1225,#1226,#1227));
#7410=EDGE_LOOP('',(#1228,#1229,#1230,#1231));
#7411=EDGE_LOOP('',(#1232));
#7412=EDGE_LOOP('',(#1233));
#7413=EDGE_LOOP('',(#1234,#1235,#1236,#1237));
#7414=EDGE_LOOP('',(#1238,#1239,#1240,#1241));
#7415=EDGE_LOOP('',(#1242));
#7416=EDGE_LOOP('',(#1243));
#7417=EDGE_LOOP('',(#1244,#1245,#1246,#1247));
#7418=EDGE_LOOP('',(#1248,#1249,#1250,#1251));
#7419=EDGE_LOOP('',(#1252));
#7420=EDGE_LOOP('',(#1253));
#7421=EDGE_LOOP('',(#1254,#1255,#1256,#1257));
#7422=EDGE_LOOP('',(#1258,#1259,#1260,#1261));
#7423=EDGE_LOOP('',(#1262));
#7424=EDGE_LOOP('',(#1263));
#7425=EDGE_LOOP('',(#1264,#1265,#1266,#1267));
#7426=EDGE_LOOP('',(#1268,#1269,#1270,#1271));
#7427=EDGE_LOOP('',(#1272));
#7428=EDGE_LOOP('',(#1273));
#7429=EDGE_LOOP('',(#1274));
#7430=EDGE_LOOP('',(#1275));
#7431=EDGE_LOOP('',(#1276,#1277,#1278,#1279));
#7432=EDGE_LOOP('',(#1280,#1281,#1282,#1283));
#7433=EDGE_LOOP('',(#1284));
#7434=EDGE_LOOP('',(#1285));
#7435=EDGE_LOOP('',(#1286,#1287,#1288,#1289));
#7436=EDGE_LOOP('',(#1290,#1291,#1292,#1293));
#7437=EDGE_LOOP('',(#1294));
#7438=EDGE_LOOP('',(#1295));
#7439=EDGE_LOOP('',(#1296,#1297,#1298,#1299,#1300,#1301));
#7440=EDGE_LOOP('',(#1302,#1303,#1304,#1305,#1306,#1307));
#7441=EDGE_LOOP('',(#1308,#1309,#1310,#1311,#1312,#1313));
#7442=EDGE_LOOP('',(#1314,#1315,#1316,#1317,#1318,#1319));
#7443=EDGE_LOOP('',(#1320,#1321,#1322,#1323,#1324,#1325));
#7444=EDGE_LOOP('',(#1326,#1327,#1328,#1329,#1330,#1331));
#7445=EDGE_LOOP('',(#1332,#1333,#1334,#1335,#1336,#1337));
#7446=EDGE_LOOP('',(#1338,#1339,#1340,#1341,#1342,#1343));
#7447=EDGE_LOOP('',(#1344,#1345,#1346,#1347,#1348,#1349));
#7448=EDGE_LOOP('',(#1350,#1351,#1352,#1353,#1354,#1355));
#7449=EDGE_LOOP('',(#1356,#1357,#1358,#1359,#1360,#1361));
#7450=EDGE_LOOP('',(#1362,#1363,#1364,#1365,#1366,#1367));
#7451=EDGE_LOOP('',(#1368,#1369,#1370,#1371,#1372,#1373));
#7452=EDGE_LOOP('',(#1374,#1375,#1376,#1377,#1378,#1379));
#7453=EDGE_LOOP('',(#1380,#1381,#1382,#1383,#1384,#1385));
#7454=EDGE_LOOP('',(#1386,#1387,#1388,#1389,#1390,#1391));
#7455=EDGE_LOOP('',(#1392,#1393,#1394,#1395,#1396,#1397));
#7456=EDGE_LOOP('',(#1398,#1399,#1400,#1401,#1402,#1403,#1404,#1405,#1406,
#1407,#1408,#1409,#1410,#1411,#1412,#1413));
#7457=EDGE_LOOP('',(#1414));
#7458=EDGE_LOOP('',(#1415,#1416,#1417,#1418,#1419,#1420,#1421,#1422,#1423,
#1424,#1425,#1426,#1427,#1428,#1429,#1430));
#7459=EDGE_LOOP('',(#1431));
#7460=EDGE_LOOP('',(#1432,#1433,#1434,#1435,#1436,#1437));
#7461=EDGE_LOOP('',(#1438,#1439,#1440,#1441,#1442,#1443));
#7462=EDGE_LOOP('',(#1444,#1445,#1446,#1447,#1448,#1449,#1450,#1451,#1452,
#1453,#1454,#1455,#1456,#1457,#1458,#1459));
#7463=EDGE_LOOP('',(#1460));
#7464=EDGE_LOOP('',(#1461,#1462,#1463,#1464,#1465,#1466));
#7465=EDGE_LOOP('',(#1467,#1468,#1469,#1470,#1471,#1472,#1473,#1474,#1475,
#1476,#1477,#1478,#1479,#1480,#1481,#1482));
#7466=EDGE_LOOP('',(#1483));
#7467=EDGE_LOOP('',(#1484,#1485,#1486,#1487,#1488,#1489));
#7468=EDGE_LOOP('',(#1490,#1491,#1492,#1493,#1494,#1495,#1496,#1497,#1498,
#1499,#1500,#1501,#1502,#1503,#1504,#1505));
#7469=EDGE_LOOP('',(#1506));
#7470=EDGE_LOOP('',(#1507,#1508,#1509,#1510,#1511,#1512));
#7471=EDGE_LOOP('',(#1513,#1514,#1515,#1516,#1517,#1518,#1519,#1520,#1521,
#1522,#1523,#1524,#1525,#1526,#1527,#1528));
#7472=EDGE_LOOP('',(#1529));
#7473=EDGE_LOOP('',(#1530,#1531,#1532,#1533,#1534,#1535));
#7474=EDGE_LOOP('',(#1536,#1537,#1538,#1539,#1540,#1541));
#7475=EDGE_LOOP('',(#1542,#1543,#1544,#1545,#1546,#1547,#1548,#1549,#1550,
#1551,#1552,#1553,#1554,#1555,#1556,#1557));
#7476=EDGE_LOOP('',(#1558));
#7477=EDGE_LOOP('',(#1559,#1560,#1561,#1562));
#7478=EDGE_LOOP('',(#1563,#1564,#1565,#1566,#1567,#1568));
#7479=EDGE_LOOP('',(#1569,#1570,#1571,#1572));
#7480=EDGE_LOOP('',(#1573,#1574,#1575,#1576,#1577,#1578,#1579,#1580,#1581,
#1582,#1583,#1584,#1585,#1586,#1587,#1588));
#7481=EDGE_LOOP('',(#1589));
#7482=EDGE_LOOP('',(#1590));
#7483=EDGE_LOOP('',(#1591));
#7484=EDGE_LOOP('',(#1592,#1593,#1594,#1595,#1596,#1597,#1598,#1599,#1600,
#1601,#1602,#1603,#1604,#1605,#1606,#1607));
#7485=EDGE_LOOP('',(#1608));
#7486=EDGE_LOOP('',(#1609,#1610,#1611,#1612,#1613,#1614));
#7487=EDGE_LOOP('',(#1615,#1616,#1617,#1618));
#7488=EDGE_LOOP('',(#1619,#1620,#1621,#1622));
#7489=EDGE_LOOP('',(#1623,#1624,#1625,#1626,#1627,#1628,#1629,#1630,#1631,
#1632,#1633,#1634,#1635,#1636,#1637,#1638));
#7490=EDGE_LOOP('',(#1639));
#7491=EDGE_LOOP('',(#1640,#1641,#1642,#1643));
#7492=EDGE_LOOP('',(#1644));
#7493=EDGE_LOOP('',(#1645));
#7494=EDGE_LOOP('',(#1646,#1647,#1648,#1649));
#7495=EDGE_LOOP('',(#1650,#1651,#1652,#1653,#1654,#1655));
#7496=EDGE_LOOP('',(#1656,#1657,#1658,#1659));
#7497=EDGE_LOOP('',(#1660,#1661,#1662,#1663,#1664,#1665));
#7498=EDGE_LOOP('',(#1666,#1667,#1668,#1669));
#7499=EDGE_LOOP('',(#1670,#1671,#1672,#1673));
#7500=EDGE_LOOP('',(#1674));
#7501=EDGE_LOOP('',(#1675));
#7502=EDGE_LOOP('',(#1676,#1677,#1678,#1679));
#7503=EDGE_LOOP('',(#1680,#1681,#1682,#1683,#1684,#1685));
#7504=EDGE_LOOP('',(#1686,#1687,#1688,#1689,#1690,#1691));
#7505=EDGE_LOOP('',(#1692,#1693,#1694,#1695));
#7506=EDGE_LOOP('',(#1696,#1697,#1698,#1699,#1700,#1701));
#7507=EDGE_LOOP('',(#1702,#1703,#1704,#1705));
#7508=EDGE_LOOP('',(#1706));
#7509=EDGE_LOOP('',(#1707));
#7510=EDGE_LOOP('',(#1708,#1709,#1710,#1711));
#7511=EDGE_LOOP('',(#1712,#1713,#1714,#1715,#1716,#1717));
#7512=EDGE_LOOP('',(#1718,#1719,#1720,#1721));
#7513=EDGE_LOOP('',(#1722,#1723,#1724,#1725,#1726,#1727));
#7514=EDGE_LOOP('',(#1728,#1729,#1730,#1731,#1732,#1733));
#7515=EDGE_LOOP('',(#1734,#1735,#1736,#1737));
#7516=EDGE_LOOP('',(#1738));
#7517=EDGE_LOOP('',(#1739));
#7518=EDGE_LOOP('',(#1740,#1741,#1742,#1743));
#7519=EDGE_LOOP('',(#1744,#1745,#1746,#1747,#1748,#1749));
#7520=EDGE_LOOP('',(#1750,#1751,#1752,#1753,#1754,#1755));
#7521=EDGE_LOOP('',(#1756,#1757,#1758,#1759));
#7522=EDGE_LOOP('',(#1760,#1761,#1762,#1763,#1764,#1765));
#7523=EDGE_LOOP('',(#1766,#1767,#1768,#1769));
#7524=EDGE_LOOP('',(#1770,#1771,#1772,#1773));
#7525=EDGE_LOOP('',(#1774));
#7526=EDGE_LOOP('',(#1775));
#7527=EDGE_LOOP('',(#1776,#1777,#1778,#1779));
#7528=EDGE_LOOP('',(#1780,#1781,#1782,#1783,#1784,#1785));
#7529=EDGE_LOOP('',(#1786,#1787,#1788,#1789));
#7530=EDGE_LOOP('',(#1790,#1791,#1792,#1793,#1794,#1795));
#7531=EDGE_LOOP('',(#1796,#1797,#1798,#1799));
#7532=EDGE_LOOP('',(#1800,#1801,#1802,#1803));
#7533=EDGE_LOOP('',(#1804));
#7534=EDGE_LOOP('',(#1805));
#7535=EDGE_LOOP('',(#1806,#1807,#1808,#1809));
#7536=EDGE_LOOP('',(#1810,#1811,#1812,#1813,#1814,#1815));
#7537=EDGE_LOOP('',(#1816,#1817,#1818,#1819,#1820,#1821));
#7538=EDGE_LOOP('',(#1822,#1823,#1824,#1825));
#7539=EDGE_LOOP('',(#1826,#1827,#1828,#1829,#1830,#1831));
#7540=EDGE_LOOP('',(#1832,#1833,#1834,#1835));
#7541=EDGE_LOOP('',(#1836,#1837,#1838,#1839));
#7542=EDGE_LOOP('',(#1840));
#7543=EDGE_LOOP('',(#1841));
#7544=EDGE_LOOP('',(#1842,#1843,#1844,#1845));
#7545=EDGE_LOOP('',(#1846,#1847,#1848,#1849,#1850,#1851));
#7546=EDGE_LOOP('',(#1852,#1853,#1854,#1855,#1856,#1857));
#7547=EDGE_LOOP('',(#1858,#1859,#1860,#1861));
#7548=EDGE_LOOP('',(#1862,#1863,#1864,#1865,#1866,#1867));
#7549=EDGE_LOOP('',(#1868,#1869,#1870,#1871));
#7550=EDGE_LOOP('',(#1872,#1873,#1874,#1875));
#7551=EDGE_LOOP('',(#1876));
#7552=EDGE_LOOP('',(#1877));
#7553=EDGE_LOOP('',(#1878,#1879,#1880,#1881));
#7554=EDGE_LOOP('',(#1882,#1883,#1884,#1885,#1886,#1887));
#7555=EDGE_LOOP('',(#1888,#1889,#1890,#1891,#1892,#1893));
#7556=EDGE_LOOP('',(#1894,#1895,#1896,#1897));
#7557=EDGE_LOOP('',(#1898,#1899,#1900,#1901,#1902,#1903));
#7558=EDGE_LOOP('',(#1904,#1905,#1906,#1907));
#7559=EDGE_LOOP('',(#1908,#1909,#1910,#1911));
#7560=EDGE_LOOP('',(#1912));
#7561=EDGE_LOOP('',(#1913));
#7562=EDGE_LOOP('',(#1914,#1915,#1916,#1917));
#7563=EDGE_LOOP('',(#1918,#1919,#1920,#1921,#1922,#1923));
#7564=EDGE_LOOP('',(#1924,#1925,#1926,#1927,#1928,#1929));
#7565=EDGE_LOOP('',(#1930,#1931,#1932,#1933));
#7566=EDGE_LOOP('',(#1934,#1935,#1936,#1937,#1938,#1939));
#7567=EDGE_LOOP('',(#1940,#1941,#1942,#1943));
#7568=EDGE_LOOP('',(#1944,#1945,#1946,#1947));
#7569=EDGE_LOOP('',(#1948));
#7570=EDGE_LOOP('',(#1949));
#7571=EDGE_LOOP('',(#1950,#1951,#1952,#1953));
#7572=EDGE_LOOP('',(#1954,#1955,#1956,#1957,#1958,#1959));
#7573=EDGE_LOOP('',(#1960,#1961,#1962,#1963));
#7574=EDGE_LOOP('',(#1964,#1965,#1966,#1967));
#7575=EDGE_LOOP('',(#1968));
#7576=EDGE_LOOP('',(#1969));
#7577=EDGE_LOOP('',(#1970,#1971,#1972,#1973));
#7578=EDGE_LOOP('',(#1974,#1975,#1976,#1977,#1978,#1979));
#7579=EDGE_LOOP('',(#1980,#1981,#1982,#1983,#1984,#1985));
#7580=EDGE_LOOP('',(#1986,#1987,#1988,#1989));
#7581=EDGE_LOOP('',(#1990,#1991,#1992,#1993,#1994,#1995));
#7582=EDGE_LOOP('',(#1996,#1997,#1998,#1999));
#7583=EDGE_LOOP('',(#2000,#2001,#2002,#2003));
#7584=EDGE_LOOP('',(#2004));
#7585=EDGE_LOOP('',(#2005));
#7586=EDGE_LOOP('',(#2006,#2007,#2008,#2009));
#7587=EDGE_LOOP('',(#2010,#2011,#2012,#2013,#2014,#2015));
#7588=EDGE_LOOP('',(#2016,#2017,#2018,#2019,#2020,#2021));
#7589=EDGE_LOOP('',(#2022,#2023,#2024,#2025));
#7590=EDGE_LOOP('',(#2026,#2027,#2028,#2029,#2030,#2031));
#7591=EDGE_LOOP('',(#2032,#2033,#2034,#2035));
#7592=EDGE_LOOP('',(#2036,#2037,#2038,#2039));
#7593=EDGE_LOOP('',(#2040));
#7594=EDGE_LOOP('',(#2041));
#7595=EDGE_LOOP('',(#2042,#2043,#2044,#2045));
#7596=EDGE_LOOP('',(#2046,#2047,#2048,#2049,#2050,#2051));
#7597=EDGE_LOOP('',(#2052,#2053,#2054,#2055,#2056,#2057));
#7598=EDGE_LOOP('',(#2058,#2059,#2060,#2061));
#7599=EDGE_LOOP('',(#2062,#2063,#2064,#2065,#2066,#2067,#2068,#2069));
#7600=EDGE_LOOP('',(#2070,#2071,#2072,#2073));
#7601=EDGE_LOOP('',(#2074,#2075,#2076,#2077,#2078,#2079,#2080,#2081));
#7602=EDGE_LOOP('',(#2082,#2083,#2084,#2085));
#7603=EDGE_LOOP('',(#2086,#2087,#2088,#2089,#2090,#2091,#2092,#2093));
#7604=EDGE_LOOP('',(#2094,#2095,#2096,#2097));
#7605=EDGE_LOOP('',(#2098,#2099,#2100,#2101,#2102,#2103,#2104,#2105));
#7606=EDGE_LOOP('',(#2106,#2107,#2108,#2109));
#7607=EDGE_LOOP('',(#2110,#2111,#2112,#2113,#2114,#2115,#2116,#2117));
#7608=EDGE_LOOP('',(#2118,#2119,#2120,#2121));
#7609=EDGE_LOOP('',(#2122,#2123,#2124,#2125,#2126,#2127,#2128,#2129));
#7610=EDGE_LOOP('',(#2130,#2131,#2132,#2133));
#7611=EDGE_LOOP('',(#2134,#2135,#2136,#2137,#2138,#2139,#2140,#2141));
#7612=EDGE_LOOP('',(#2142,#2143,#2144,#2145));
#7613=EDGE_LOOP('',(#2146,#2147,#2148,#2149,#2150,#2151,#2152,#2153));
#7614=EDGE_LOOP('',(#2154,#2155,#2156,#2157));
#7615=EDGE_LOOP('',(#2158,#2159,#2160,#2161,#2162,#2163,#2164,#2165));
#7616=EDGE_LOOP('',(#2166,#2167,#2168,#2169));
#7617=EDGE_LOOP('',(#2170,#2171,#2172,#2173,#2174,#2175,#2176,#2177));
#7618=EDGE_LOOP('',(#2178,#2179,#2180,#2181));
#7619=EDGE_LOOP('',(#2182,#2183,#2184,#2185,#2186,#2187,#2188,#2189));
#7620=EDGE_LOOP('',(#2190,#2191,#2192,#2193));
#7621=EDGE_LOOP('',(#2194,#2195,#2196,#2197,#2198,#2199,#2200,#2201));
#7622=EDGE_LOOP('',(#2202,#2203,#2204,#2205));
#7623=EDGE_LOOP('',(#2206,#2207,#2208,#2209,#2210,#2211,#2212,#2213));
#7624=EDGE_LOOP('',(#2214,#2215,#2216,#2217));
#7625=EDGE_LOOP('',(#2218,#2219,#2220,#2221,#2222,#2223,#2224,#2225));
#7626=EDGE_LOOP('',(#2226,#2227,#2228,#2229));
#7627=EDGE_LOOP('',(#2230,#2231,#2232,#2233));
#7628=EDGE_LOOP('',(#2234,#2235,#2236,#2237,#2238));
#7629=EDGE_LOOP('',(#2239,#2240,#2241,#2242,#2243));
#7630=EDGE_LOOP('',(#2244,#2245,#2246,#2247));
#7631=EDGE_LOOP('',(#2248,#2249,#2250,#2251,#2252));
#7632=EDGE_LOOP('',(#2253,#2254,#2255,#2256,#2257,#2258,#2259,#2260,#2261,
#2262));
#7633=EDGE_LOOP('',(#2263,#2264,#2265,#2266,#2267));
#7634=EDGE_LOOP('',(#2268,#2269,#2270,#2271,#2272,#2273,#2274,#2275,#2276,
#2277));
#7635=EDGE_LOOP('',(#2278,#2279,#2280,#2281,#2282));
#7636=EDGE_LOOP('',(#2283,#2284,#2285,#2286));
#7637=EDGE_LOOP('',(#2287));
#7638=EDGE_LOOP('',(#2288));
#7639=EDGE_LOOP('',(#2289,#2290,#2291,#2292));
#7640=EDGE_LOOP('',(#2293,#2294,#2295,#2296,#2297,#2298));
#7641=EDGE_LOOP('',(#2299,#2300,#2301,#2302,#2303,#2304,#2305,#2306));
#7642=EDGE_LOOP('',(#2307,#2308,#2309,#2310));
#7643=EDGE_LOOP('',(#2311,#2312,#2313,#2314,#2315,#2316));
#7644=EDGE_LOOP('',(#2317,#2318,#2319,#2320));
#7645=EDGE_LOOP('',(#2321,#2322,#2323,#2324,#2325,#2326));
#7646=EDGE_LOOP('',(#2327,#2328,#2329,#2330));
#7647=EDGE_LOOP('',(#2331,#2332,#2333,#2334,#2335));
#7648=EDGE_LOOP('',(#2336,#2337,#2338,#2339,#2340,#2341,#2342,#2343,#2344,
#2345));
#7649=EDGE_LOOP('',(#2346,#2347,#2348,#2349));
#7650=EDGE_LOOP('',(#2350,#2351,#2352,#2353));
#7651=EDGE_LOOP('',(#2354,#2355,#2356,#2357));
#7652=EDGE_LOOP('',(#2358,#2359,#2360,#2361));
#7653=EDGE_LOOP('',(#2362,#2363,#2364,#2365));
#7654=EDGE_LOOP('',(#2366,#2367,#2368,#2369,#2370,#2371));
#7655=EDGE_LOOP('',(#2372,#2373,#2374,#2375,#2376,#2377,#2378,#2379,#2380,
#2381,#2382,#2383,#2384,#2385,#2386,#2387));
#7656=EDGE_LOOP('',(#2388));
#7657=EDGE_LOOP('',(#2389,#2390,#2391,#2392,#2393,#2394));
#7658=EDGE_LOOP('',(#2395,#2396,#2397,#2398,#2399,#2400,#2401,#2402,#2403,
#2404,#2405,#2406,#2407,#2408,#2409,#2410));
#7659=EDGE_LOOP('',(#2411));
#7660=EDGE_LOOP('',(#2412,#2413,#2414,#2415,#2416));
#7661=EDGE_LOOP('',(#2417,#2418,#2419,#2420,#2421));
#7662=EDGE_LOOP('',(#2422,#2423,#2424,#2425,#2426,#2427,#2428,#2429,#2430,
#2431,#2432,#2433,#2434,#2435,#2436,#2437));
#7663=EDGE_LOOP('',(#2438));
#7664=EDGE_LOOP('',(#2439,#2440,#2441,#2442,#2443,#2444,#2445,#2446,#2447,
#2448,#2449,#2450,#2451,#2452,#2453,#2454));
#7665=EDGE_LOOP('',(#2455));
#7666=EDGE_LOOP('',(#2456,#2457,#2458,#2459,#2460,#2461));
#7667=EDGE_LOOP('',(#2462,#2463,#2464,#2465));
#7668=EDGE_LOOP('',(#2466,#2467,#2468,#2469));
#7669=EDGE_LOOP('',(#2470,#2471,#2472,#2473,#2474));
#7670=EDGE_LOOP('',(#2475,#2476,#2477,#2478,#2479,#2480,#2481,#2482,#2483,
#2484,#2485,#2486));
#7671=EDGE_LOOP('',(#2487));
#7672=EDGE_LOOP('',(#2488,#2489,#2490,#2491,#2492,#2493));
#7673=EDGE_LOOP('',(#2494,#2495,#2496,#2497,#2498,#2499,#2500,#2501,#2502,
#2503,#2504,#2505));
#7674=EDGE_LOOP('',(#2506));
#7675=EDGE_LOOP('',(#2507,#2508,#2509,#2510,#2511,#2512));
#7676=EDGE_LOOP('',(#2513,#2514,#2515,#2516,#2517,#2518,#2519,#2520,#2521,
#2522,#2523,#2524));
#7677=EDGE_LOOP('',(#2525));
#7678=EDGE_LOOP('',(#2526,#2527,#2528,#2529,#2530,#2531));
#7679=EDGE_LOOP('',(#2532,#2533,#2534,#2535,#2536,#2537,#2538,#2539,#2540,
#2541,#2542,#2543));
#7680=EDGE_LOOP('',(#2544));
#7681=EDGE_LOOP('',(#2545,#2546,#2547,#2548,#2549,#2550));
#7682=EDGE_LOOP('',(#2551,#2552,#2553,#2554,#2555,#2556,#2557,#2558,#2559,
#2560,#2561,#2562));
#7683=EDGE_LOOP('',(#2563));
#7684=EDGE_LOOP('',(#2564,#2565,#2566,#2567,#2568,#2569));
#7685=EDGE_LOOP('',(#2570,#2571,#2572,#2573,#2574,#2575,#2576,#2577));
#7686=EDGE_LOOP('',(#2578));
#7687=EDGE_LOOP('',(#2579,#2580,#2581,#2582,#2583,#2584));
#7688=EDGE_LOOP('',(#2585,#2586,#2587,#2588,#2589,#2590,#2591,#2592,#2593,
#2594,#2595,#2596));
#7689=EDGE_LOOP('',(#2597));
#7690=EDGE_LOOP('',(#2598,#2599,#2600,#2601,#2602,#2603));
#7691=EDGE_LOOP('',(#2604,#2605,#2606,#2607,#2608,#2609,#2610,#2611,#2612,
#2613,#2614,#2615));
#7692=EDGE_LOOP('',(#2616));
#7693=EDGE_LOOP('',(#2617,#2618,#2619,#2620,#2621,#2622));
#7694=EDGE_LOOP('',(#2623,#2624,#2625,#2626,#2627,#2628,#2629,#2630,#2631,
#2632,#2633,#2634));
#7695=EDGE_LOOP('',(#2635));
#7696=EDGE_LOOP('',(#2636,#2637,#2638,#2639));
#7697=EDGE_LOOP('',(#2640,#2641,#2642,#2643));
#7698=EDGE_LOOP('',(#2644,#2645,#2646,#2647));
#7699=EDGE_LOOP('',(#2648,#2649,#2650,#2651));
#7700=EDGE_LOOP('',(#2652,#2653,#2654,#2655));
#7701=EDGE_LOOP('',(#2656,#2657,#2658,#2659));
#7702=EDGE_LOOP('',(#2660,#2661,#2662,#2663));
#7703=EDGE_LOOP('',(#2664,#2665,#2666,#2667));
#7704=EDGE_LOOP('',(#2668,#2669,#2670,#2671));
#7705=EDGE_LOOP('',(#2672,#2673,#2674,#2675));
#7706=EDGE_LOOP('',(#2676,#2677,#2678,#2679));
#7707=EDGE_LOOP('',(#2680,#2681,#2682,#2683));
#7708=EDGE_LOOP('',(#2684,#2685,#2686,#2687));
#7709=EDGE_LOOP('',(#2688,#2689,#2690,#2691));
#7710=EDGE_LOOP('',(#2692,#2693,#2694,#2695));
#7711=EDGE_LOOP('',(#2696,#2697,#2698,#2699));
#7712=EDGE_LOOP('',(#2700,#2701,#2702,#2703));
#7713=EDGE_LOOP('',(#2704,#2705,#2706,#2707));
#7714=EDGE_LOOP('',(#2708,#2709,#2710,#2711));
#7715=EDGE_LOOP('',(#2712,#2713,#2714,#2715));
#7716=EDGE_LOOP('',(#2716,#2717,#2718,#2719));
#7717=EDGE_LOOP('',(#2720,#2721,#2722,#2723));
#7718=EDGE_LOOP('',(#2724,#2725,#2726,#2727));
#7719=EDGE_LOOP('',(#2728,#2729,#2730,#2731));
#7720=EDGE_LOOP('',(#2732,#2733,#2734,#2735));
#7721=EDGE_LOOP('',(#2736,#2737,#2738,#2739));
#7722=EDGE_LOOP('',(#2740,#2741,#2742,#2743));
#7723=EDGE_LOOP('',(#2744,#2745,#2746,#2747));
#7724=EDGE_LOOP('',(#2748,#2749,#2750,#2751));
#7725=EDGE_LOOP('',(#2752,#2753,#2754,#2755));
#7726=EDGE_LOOP('',(#2756,#2757,#2758,#2759));
#7727=EDGE_LOOP('',(#2760,#2761,#2762,#2763));
#7728=EDGE_LOOP('',(#2764,#2765,#2766,#2767));
#7729=EDGE_LOOP('',(#2768,#2769,#2770,#2771));
#7730=EDGE_LOOP('',(#2772,#2773,#2774,#2775));
#7731=EDGE_LOOP('',(#2776,#2777,#2778,#2779));
#7732=EDGE_LOOP('',(#2780,#2781,#2782,#2783));
#7733=EDGE_LOOP('',(#2784,#2785,#2786,#2787));
#7734=EDGE_LOOP('',(#2788,#2789,#2790,#2791));
#7735=EDGE_LOOP('',(#2792,#2793,#2794,#2795));
#7736=EDGE_LOOP('',(#2796,#2797,#2798,#2799));
#7737=EDGE_LOOP('',(#2800,#2801,#2802,#2803));
#7738=EDGE_LOOP('',(#2804,#2805,#2806,#2807));
#7739=EDGE_LOOP('',(#2808,#2809,#2810,#2811));
#7740=EDGE_LOOP('',(#2812,#2813,#2814,#2815));
#7741=EDGE_LOOP('',(#2816,#2817,#2818,#2819));
#7742=EDGE_LOOP('',(#2820,#2821,#2822,#2823));
#7743=EDGE_LOOP('',(#2824,#2825,#2826,#2827));
#7744=EDGE_LOOP('',(#2828,#2829,#2830,#2831));
#7745=EDGE_LOOP('',(#2832,#2833,#2834,#2835));
#7746=EDGE_LOOP('',(#2836,#2837,#2838,#2839));
#7747=EDGE_LOOP('',(#2840,#2841,#2842,#2843));
#7748=EDGE_LOOP('',(#2844,#2845,#2846,#2847));
#7749=EDGE_LOOP('',(#2848,#2849,#2850,#2851));
#7750=EDGE_LOOP('',(#2852,#2853,#2854,#2855));
#7751=EDGE_LOOP('',(#2856,#2857,#2858,#2859));
#7752=EDGE_LOOP('',(#2860,#2861,#2862,#2863));
#7753=EDGE_LOOP('',(#2864,#2865,#2866,#2867));
#7754=EDGE_LOOP('',(#2868,#2869,#2870,#2871));
#7755=EDGE_LOOP('',(#2872,#2873,#2874,#2875));
#7756=EDGE_LOOP('',(#2876,#2877,#2878,#2879));
#7757=EDGE_LOOP('',(#2880,#2881,#2882,#2883));
#7758=EDGE_LOOP('',(#2884,#2885,#2886,#2887));
#7759=EDGE_LOOP('',(#2888,#2889,#2890,#2891,#2892,#2893,#2894,#2895));
#7760=EDGE_LOOP('',(#2896,#2897,#2898,#2899));
#7761=EDGE_LOOP('',(#2900,#2901,#2902,#2903));
#7762=EDGE_LOOP('',(#2904,#2905,#2906,#2907));
#7763=EDGE_LOOP('',(#2908,#2909,#2910,#2911,#2912,#2913,#2914,#2915));
#7764=EDGE_LOOP('',(#2916,#2917,#2918,#2919));
#7765=EDGE_LOOP('',(#2920,#2921,#2922,#2923));
#7766=EDGE_LOOP('',(#2924,#2925,#2926,#2927));
#7767=EDGE_LOOP('',(#2928,#2929,#2930,#2931));
#7768=EDGE_LOOP('',(#2932,#2933,#2934,#2935));
#7769=EDGE_LOOP('',(#2936,#2937,#2938,#2939));
#7770=EDGE_LOOP('',(#2940,#2941,#2942,#2943,#2944,#2945,#2946,#2947,#2948,
#2949,#2950,#2951,#2952,#2953,#2954,#2955));
#7771=EDGE_LOOP('',(#2956));
#7772=EDGE_LOOP('',(#2957,#2958,#2959,#2960,#2961));
#7773=EDGE_LOOP('',(#2962,#2963,#2964,#2965,#2966,#2967,#2968,#2969));
#7774=EDGE_LOOP('',(#2970,#2971,#2972,#2973));
#7775=EDGE_LOOP('',(#2974,#2975,#2976,#2977,#2978,#2979,#2980));
#7776=EDGE_LOOP('',(#2981,#2982,#2983,#2984));
#7777=EDGE_LOOP('',(#2985,#2986,#2987,#2988));
#7778=EDGE_LOOP('',(#2989,#2990,#2991,#2992,#2993));
#7779=EDGE_LOOP('',(#2994,#2995,#2996,#2997));
#7780=EDGE_LOOP('',(#2998,#2999,#3000,#3001));
#7781=EDGE_LOOP('',(#3002,#3003,#3004,#3005));
#7782=EDGE_LOOP('',(#3006,#3007,#3008,#3009));
#7783=EDGE_LOOP('',(#3010,#3011,#3012,#3013));
#7784=EDGE_LOOP('',(#3014,#3015,#3016,#3017));
#7785=EDGE_LOOP('',(#3018,#3019,#3020,#3021));
#7786=EDGE_LOOP('',(#3022,#3023,#3024,#3025));
#7787=EDGE_LOOP('',(#3026,#3027,#3028,#3029));
#7788=EDGE_LOOP('',(#3030,#3031,#3032,#3033));
#7789=EDGE_LOOP('',(#3034,#3035,#3036,#3037,#3038));
#7790=EDGE_LOOP('',(#3039,#3040,#3041,#3042,#3043));
#7791=EDGE_LOOP('',(#3044,#3045,#3046,#3047,#3048,#3049,#3050,#3051,#3052,
#3053));
#7792=EDGE_LOOP('',(#3054,#3055,#3056,#3057,#3058));
#7793=EDGE_LOOP('',(#3059,#3060,#3061,#3062,#3063,#3064,#3065));
#7794=EDGE_LOOP('',(#3066,#3067,#3068,#3069));
#7795=EDGE_LOOP('',(#3070,#3071,#3072,#3073,#3074,#3075,#3076));
#7796=EDGE_LOOP('',(#3077,#3078,#3079,#3080,#3081,#3082,#3083,#3084,#3085,
#3086));
#7797=EDGE_LOOP('',(#3087,#3088,#3089,#3090,#3091,#3092,#3093,#3094,#3095,
#3096));
#7798=EDGE_LOOP('',(#3097,#3098,#3099,#3100));
#7799=EDGE_LOOP('',(#3101,#3102,#3103,#3104,#3105));
#7800=EDGE_LOOP('',(#3106,#3107,#3108,#3109,#3110));
#7801=EDGE_LOOP('',(#3111,#3112,#3113,#3114,#3115));
#7802=EDGE_LOOP('',(#3116,#3117,#3118,#3119,#3120));
#7803=EDGE_LOOP('',(#3121,#3122,#3123,#3124,#3125));
#7804=EDGE_LOOP('',(#3126,#3127,#3128,#3129,#3130));
#7805=EDGE_LOOP('',(#3131,#3132,#3133,#3134,#3135));
#7806=EDGE_LOOP('',(#3136,#3137,#3138,#3139,#3140));
#7807=EDGE_LOOP('',(#3141,#3142,#3143,#3144));
#7808=EDGE_LOOP('',(#3145,#3146,#3147,#3148));
#7809=EDGE_LOOP('',(#3149,#3150,#3151,#3152));
#7810=EDGE_LOOP('',(#3153,#3154,#3155,#3156));
#7811=EDGE_LOOP('',(#3157,#3158,#3159,#3160,#3161,#3162,#3163,#3164));
#7812=EDGE_LOOP('',(#3165,#3166,#3167,#3168,#3169,#3170,#3171,#3172));
#7813=EDGE_LOOP('',(#3173,#3174,#3175,#3176,#3177,#3178,#3179,#3180));
#7814=EDGE_LOOP('',(#3181,#3182,#3183,#3184,#3185,#3186,#3187,#3188));
#7815=EDGE_LOOP('',(#3189,#3190,#3191,#3192,#3193,#3194,#3195,#3196));
#7816=EDGE_LOOP('',(#3197,#3198,#3199,#3200,#3201,#3202,#3203,#3204));
#7817=EDGE_LOOP('',(#3205,#3206,#3207,#3208));
#7818=EDGE_LOOP('',(#3209,#3210,#3211,#3212));
#7819=EDGE_LOOP('',(#3213,#3214,#3215,#3216,#3217));
#7820=EDGE_LOOP('',(#3218,#3219,#3220,#3221));
#7821=EDGE_LOOP('',(#3222,#3223,#3224,#3225));
#7822=EDGE_LOOP('',(#3226,#3227,#3228,#3229));
#7823=EDGE_LOOP('',(#3230,#3231,#3232,#3233,#3234));
#7824=EDGE_LOOP('',(#3235,#3236,#3237,#3238,#3239,#3240,#3241,#3242));
#7825=EDGE_LOOP('',(#3243,#3244,#3245,#3246,#3247));
#7826=EDGE_LOOP('',(#3248,#3249,#3250,#3251));
#7827=EDGE_LOOP('',(#3252,#3253,#3254,#3255,#3256));
#7828=EDGE_LOOP('',(#3257,#3258,#3259,#3260));
#7829=EDGE_LOOP('',(#3261,#3262,#3263,#3264));
#7830=EDGE_LOOP('',(#3265,#3266,#3267,#3268));
#7831=EDGE_LOOP('',(#3269,#3270,#3271,#3272));
#7832=EDGE_LOOP('',(#3273,#3274,#3275,#3276));
#7833=EDGE_LOOP('',(#3277,#3278,#3279,#3280));
#7834=EDGE_LOOP('',(#3281));
#7835=EDGE_LOOP('',(#3282));
#7836=EDGE_LOOP('',(#3283));
#7837=EDGE_LOOP('',(#3284));
#7838=EDGE_LOOP('',(#3285,#3286,#3287,#3288));
#7839=EDGE_LOOP('',(#3289,#3290,#3291,#3292));
#7840=EDGE_LOOP('',(#3293,#3294,#3295,#3296));
#7841=EDGE_LOOP('',(#3297,#3298,#3299,#3300));
#7842=EDGE_LOOP('',(#3301,#3302,#3303,#3304));
#7843=EDGE_LOOP('',(#3305,#3306,#3307,#3308));
#7844=EDGE_LOOP('',(#3309,#3310,#3311,#3312));
#7845=EDGE_LOOP('',(#3313,#3314,#3315,#3316));
#7846=EDGE_LOOP('',(#3317,#3318,#3319,#3320));
#7847=EDGE_LOOP('',(#3321,#3322,#3323,#3324));
#7848=EDGE_LOOP('',(#3325,#3326,#3327,#3328));
#7849=EDGE_LOOP('',(#3329,#3330,#3331,#3332));
#7850=EDGE_LOOP('',(#3333,#3334,#3335,#3336));
#7851=FACE_BOUND('',#7240,.T.);
#7852=FACE_BOUND('',#7241,.T.);
#7853=FACE_BOUND('',#7242,.T.);
#7854=FACE_BOUND('',#7243,.T.);
#7855=FACE_BOUND('',#7244,.T.);
#7856=FACE_BOUND('',#7245,.T.);
#7857=FACE_BOUND('',#7246,.T.);
#7858=FACE_BOUND('',#7247,.T.);
#7859=FACE_BOUND('',#7248,.T.);
#7860=FACE_BOUND('',#7249,.T.);
#7861=FACE_BOUND('',#7250,.T.);
#7862=FACE_BOUND('',#7251,.T.);
#7863=FACE_BOUND('',#7252,.T.);
#7864=FACE_BOUND('',#7253,.T.);
#7865=FACE_BOUND('',#7254,.T.);
#7866=FACE_BOUND('',#7255,.T.);
#7867=FACE_BOUND('',#7256,.T.);
#7868=FACE_BOUND('',#7257,.T.);
#7869=FACE_BOUND('',#7258,.T.);
#7870=FACE_BOUND('',#7259,.T.);
#7871=FACE_BOUND('',#7260,.T.);
#7872=FACE_BOUND('',#7261,.T.);
#7873=FACE_BOUND('',#7262,.T.);
#7874=FACE_BOUND('',#7263,.T.);
#7875=FACE_BOUND('',#7264,.T.);
#7876=FACE_BOUND('',#7265,.T.);
#7877=FACE_BOUND('',#7266,.T.);
#7878=FACE_BOUND('',#7267,.T.);
#7879=FACE_BOUND('',#7268,.T.);
#7880=FACE_BOUND('',#7269,.T.);
#7881=FACE_BOUND('',#7270,.T.);
#7882=FACE_BOUND('',#7271,.T.);
#7883=FACE_BOUND('',#7272,.T.);
#7884=FACE_BOUND('',#7273,.T.);
#7885=FACE_BOUND('',#7274,.T.);
#7886=FACE_BOUND('',#7275,.T.);
#7887=FACE_BOUND('',#7276,.T.);
#7888=FACE_BOUND('',#7277,.T.);
#7889=FACE_BOUND('',#7278,.T.);
#7890=FACE_BOUND('',#7279,.T.);
#7891=FACE_BOUND('',#7280,.T.);
#7892=FACE_BOUND('',#7281,.T.);
#7893=FACE_BOUND('',#7282,.T.);
#7894=FACE_BOUND('',#7283,.T.);
#7895=FACE_BOUND('',#7284,.T.);
#7896=FACE_BOUND('',#7285,.T.);
#7897=FACE_BOUND('',#7286,.T.);
#7898=FACE_BOUND('',#7287,.T.);
#7899=FACE_BOUND('',#7288,.T.);
#7900=FACE_BOUND('',#7289,.T.);
#7901=FACE_BOUND('',#7290,.T.);
#7902=FACE_BOUND('',#7291,.T.);
#7903=FACE_BOUND('',#7292,.T.);
#7904=FACE_BOUND('',#7293,.T.);
#7905=FACE_BOUND('',#7294,.T.);
#7906=FACE_BOUND('',#7295,.T.);
#7907=FACE_BOUND('',#7296,.T.);
#7908=FACE_BOUND('',#7297,.T.);
#7909=FACE_BOUND('',#7298,.T.);
#7910=FACE_BOUND('',#7299,.T.);
#7911=FACE_BOUND('',#7300,.T.);
#7912=FACE_BOUND('',#7301,.T.);
#7913=FACE_BOUND('',#7302,.T.);
#7914=FACE_BOUND('',#7303,.T.);
#7915=FACE_BOUND('',#7304,.T.);
#7916=FACE_BOUND('',#7305,.T.);
#7917=FACE_BOUND('',#7306,.T.);
#7918=FACE_BOUND('',#7307,.T.);
#7919=FACE_BOUND('',#7308,.T.);
#7920=FACE_BOUND('',#7309,.T.);
#7921=FACE_BOUND('',#7310,.T.);
#7922=FACE_BOUND('',#7311,.T.);
#7923=FACE_BOUND('',#7312,.T.);
#7924=FACE_BOUND('',#7313,.T.);
#7925=FACE_BOUND('',#7314,.T.);
#7926=FACE_BOUND('',#7315,.T.);
#7927=FACE_BOUND('',#7316,.T.);
#7928=FACE_BOUND('',#7317,.T.);
#7929=FACE_BOUND('',#7318,.T.);
#7930=FACE_BOUND('',#7319,.T.);
#7931=FACE_BOUND('',#7320,.T.);
#7932=FACE_BOUND('',#7321,.T.);
#7933=FACE_BOUND('',#7322,.T.);
#7934=FACE_BOUND('',#7323,.T.);
#7935=FACE_BOUND('',#7324,.T.);
#7936=FACE_BOUND('',#7325,.T.);
#7937=FACE_BOUND('',#7326,.T.);
#7938=FACE_BOUND('',#7327,.T.);
#7939=FACE_BOUND('',#7328,.T.);
#7940=FACE_BOUND('',#7329,.T.);
#7941=FACE_BOUND('',#7330,.T.);
#7942=FACE_BOUND('',#7331,.T.);
#7943=FACE_BOUND('',#7332,.T.);
#7944=FACE_BOUND('',#7333,.T.);
#7945=FACE_BOUND('',#7334,.T.);
#7946=FACE_BOUND('',#7335,.T.);
#7947=FACE_BOUND('',#7336,.T.);
#7948=FACE_BOUND('',#7337,.T.);
#7949=FACE_BOUND('',#7338,.T.);
#7950=FACE_BOUND('',#7339,.T.);
#7951=FACE_BOUND('',#7340,.T.);
#7952=FACE_BOUND('',#7341,.T.);
#7953=FACE_BOUND('',#7342,.T.);
#7954=FACE_BOUND('',#7343,.T.);
#7955=FACE_BOUND('',#7344,.T.);
#7956=FACE_BOUND('',#7345,.T.);
#7957=FACE_BOUND('',#7346,.T.);
#7958=FACE_BOUND('',#7347,.T.);
#7959=FACE_BOUND('',#7348,.T.);
#7960=FACE_BOUND('',#7349,.T.);
#7961=FACE_BOUND('',#7350,.T.);
#7962=FACE_BOUND('',#7351,.T.);
#7963=FACE_BOUND('',#7352,.T.);
#7964=FACE_BOUND('',#7353,.T.);
#7965=FACE_BOUND('',#7354,.T.);
#7966=FACE_BOUND('',#7355,.T.);
#7967=FACE_BOUND('',#7356,.T.);
#7968=FACE_BOUND('',#7357,.T.);
#7969=FACE_BOUND('',#7358,.T.);
#7970=FACE_BOUND('',#7359,.T.);
#7971=FACE_BOUND('',#7360,.T.);
#7972=FACE_BOUND('',#7361,.T.);
#7973=FACE_BOUND('',#7362,.T.);
#7974=FACE_BOUND('',#7363,.T.);
#7975=FACE_BOUND('',#7364,.T.);
#7976=FACE_BOUND('',#7365,.T.);
#7977=FACE_BOUND('',#7366,.T.);
#7978=FACE_BOUND('',#7367,.T.);
#7979=FACE_BOUND('',#7368,.T.);
#7980=FACE_BOUND('',#7369,.T.);
#7981=FACE_BOUND('',#7370,.T.);
#7982=FACE_BOUND('',#7371,.T.);
#7983=FACE_BOUND('',#7372,.T.);
#7984=FACE_BOUND('',#7373,.T.);
#7985=FACE_BOUND('',#7374,.T.);
#7986=FACE_BOUND('',#7375,.T.);
#7987=FACE_BOUND('',#7376,.T.);
#7988=FACE_BOUND('',#7377,.T.);
#7989=FACE_BOUND('',#7378,.T.);
#7990=FACE_BOUND('',#7379,.T.);
#7991=FACE_BOUND('',#7380,.T.);
#7992=FACE_BOUND('',#7381,.T.);
#7993=FACE_BOUND('',#7382,.T.);
#7994=FACE_BOUND('',#7383,.T.);
#7995=FACE_BOUND('',#7384,.T.);
#7996=FACE_BOUND('',#7385,.T.);
#7997=FACE_BOUND('',#7386,.T.);
#7998=FACE_BOUND('',#7387,.T.);
#7999=FACE_BOUND('',#7388,.T.);
#8000=FACE_BOUND('',#7389,.T.);
#8001=FACE_BOUND('',#7390,.T.);
#8002=FACE_BOUND('',#7391,.T.);
#8003=FACE_BOUND('',#7392,.T.);
#8004=FACE_BOUND('',#7393,.T.);
#8005=FACE_BOUND('',#7394,.T.);
#8006=FACE_BOUND('',#7395,.T.);
#8007=FACE_BOUND('',#7396,.T.);
#8008=FACE_BOUND('',#7397,.T.);
#8009=FACE_BOUND('',#7398,.T.);
#8010=FACE_BOUND('',#7399,.T.);
#8011=FACE_BOUND('',#7400,.T.);
#8012=FACE_BOUND('',#7401,.T.);
#8013=FACE_BOUND('',#7402,.T.);
#8014=FACE_BOUND('',#7403,.T.);
#8015=FACE_BOUND('',#7404,.T.);
#8016=FACE_BOUND('',#7405,.T.);
#8017=FACE_BOUND('',#7406,.T.);
#8018=FACE_BOUND('',#7407,.T.);
#8019=FACE_BOUND('',#7408,.T.);
#8020=FACE_BOUND('',#7409,.T.);
#8021=FACE_BOUND('',#7410,.T.);
#8022=FACE_BOUND('',#7411,.T.);
#8023=FACE_BOUND('',#7412,.T.);
#8024=FACE_BOUND('',#7413,.T.);
#8025=FACE_BOUND('',#7414,.T.);
#8026=FACE_BOUND('',#7415,.T.);
#8027=FACE_BOUND('',#7416,.T.);
#8028=FACE_BOUND('',#7417,.T.);
#8029=FACE_BOUND('',#7418,.T.);
#8030=FACE_BOUND('',#7419,.T.);
#8031=FACE_BOUND('',#7420,.T.);
#8032=FACE_BOUND('',#7421,.T.);
#8033=FACE_BOUND('',#7422,.T.);
#8034=FACE_BOUND('',#7423,.T.);
#8035=FACE_BOUND('',#7424,.T.);
#8036=FACE_BOUND('',#7425,.T.);
#8037=FACE_BOUND('',#7426,.T.);
#8038=FACE_BOUND('',#7427,.T.);
#8039=FACE_BOUND('',#7428,.T.);
#8040=FACE_BOUND('',#7429,.T.);
#8041=FACE_BOUND('',#7430,.T.);
#8042=FACE_BOUND('',#7431,.T.);
#8043=FACE_BOUND('',#7432,.T.);
#8044=FACE_BOUND('',#7433,.T.);
#8045=FACE_BOUND('',#7434,.T.);
#8046=FACE_BOUND('',#7435,.T.);
#8047=FACE_BOUND('',#7436,.T.);
#8048=FACE_BOUND('',#7437,.T.);
#8049=FACE_BOUND('',#7438,.T.);
#8050=FACE_BOUND('',#7439,.T.);
#8051=FACE_BOUND('',#7440,.T.);
#8052=FACE_BOUND('',#7441,.T.);
#8053=FACE_BOUND('',#7442,.T.);
#8054=FACE_BOUND('',#7443,.T.);
#8055=FACE_BOUND('',#7444,.T.);
#8056=FACE_BOUND('',#7445,.T.);
#8057=FACE_BOUND('',#7446,.T.);
#8058=FACE_BOUND('',#7447,.T.);
#8059=FACE_BOUND('',#7448,.T.);
#8060=FACE_BOUND('',#7449,.T.);
#8061=FACE_BOUND('',#7450,.T.);
#8062=FACE_BOUND('',#7451,.T.);
#8063=FACE_BOUND('',#7452,.T.);
#8064=FACE_BOUND('',#7453,.T.);
#8065=FACE_BOUND('',#7454,.T.);
#8066=FACE_BOUND('',#7455,.T.);
#8067=FACE_BOUND('',#7456,.T.);
#8068=FACE_BOUND('',#7457,.T.);
#8069=FACE_BOUND('',#7458,.T.);
#8070=FACE_BOUND('',#7459,.T.);
#8071=FACE_BOUND('',#7460,.T.);
#8072=FACE_BOUND('',#7461,.T.);
#8073=FACE_BOUND('',#7462,.T.);
#8074=FACE_BOUND('',#7463,.T.);
#8075=FACE_BOUND('',#7464,.T.);
#8076=FACE_BOUND('',#7465,.T.);
#8077=FACE_BOUND('',#7466,.T.);
#8078=FACE_BOUND('',#7467,.T.);
#8079=FACE_BOUND('',#7468,.T.);
#8080=FACE_BOUND('',#7469,.T.);
#8081=FACE_BOUND('',#7470,.T.);
#8082=FACE_BOUND('',#7471,.T.);
#8083=FACE_BOUND('',#7472,.T.);
#8084=FACE_BOUND('',#7473,.T.);
#8085=FACE_BOUND('',#7474,.T.);
#8086=FACE_BOUND('',#7475,.T.);
#8087=FACE_BOUND('',#7476,.T.);
#8088=FACE_BOUND('',#7477,.T.);
#8089=FACE_BOUND('',#7478,.T.);
#8090=FACE_BOUND('',#7479,.T.);
#8091=FACE_BOUND('',#7480,.T.);
#8092=FACE_BOUND('',#7481,.T.);
#8093=FACE_BOUND('',#7482,.T.);
#8094=FACE_BOUND('',#7483,.T.);
#8095=FACE_BOUND('',#7484,.T.);
#8096=FACE_BOUND('',#7485,.T.);
#8097=FACE_BOUND('',#7486,.T.);
#8098=FACE_BOUND('',#7487,.T.);
#8099=FACE_BOUND('',#7488,.T.);
#8100=FACE_BOUND('',#7489,.T.);
#8101=FACE_BOUND('',#7490,.T.);
#8102=FACE_BOUND('',#7491,.T.);
#8103=FACE_BOUND('',#7492,.T.);
#8104=FACE_BOUND('',#7493,.T.);
#8105=FACE_BOUND('',#7494,.T.);
#8106=FACE_BOUND('',#7495,.T.);
#8107=FACE_BOUND('',#7496,.T.);
#8108=FACE_BOUND('',#7497,.T.);
#8109=FACE_BOUND('',#7498,.T.);
#8110=FACE_BOUND('',#7499,.T.);
#8111=FACE_BOUND('',#7500,.T.);
#8112=FACE_BOUND('',#7501,.T.);
#8113=FACE_BOUND('',#7502,.T.);
#8114=FACE_BOUND('',#7503,.T.);
#8115=FACE_BOUND('',#7504,.T.);
#8116=FACE_BOUND('',#7505,.T.);
#8117=FACE_BOUND('',#7506,.T.);
#8118=FACE_BOUND('',#7507,.T.);
#8119=FACE_BOUND('',#7508,.T.);
#8120=FACE_BOUND('',#7509,.T.);
#8121=FACE_BOUND('',#7510,.T.);
#8122=FACE_BOUND('',#7511,.T.);
#8123=FACE_BOUND('',#7512,.T.);
#8124=FACE_BOUND('',#7513,.T.);
#8125=FACE_BOUND('',#7514,.T.);
#8126=FACE_BOUND('',#7515,.T.);
#8127=FACE_BOUND('',#7516,.T.);
#8128=FACE_BOUND('',#7517,.T.);
#8129=FACE_BOUND('',#7518,.T.);
#8130=FACE_BOUND('',#7519,.T.);
#8131=FACE_BOUND('',#7520,.T.);
#8132=FACE_BOUND('',#7521,.T.);
#8133=FACE_BOUND('',#7522,.T.);
#8134=FACE_BOUND('',#7523,.T.);
#8135=FACE_BOUND('',#7524,.T.);
#8136=FACE_BOUND('',#7525,.T.);
#8137=FACE_BOUND('',#7526,.T.);
#8138=FACE_BOUND('',#7527,.T.);
#8139=FACE_BOUND('',#7528,.T.);
#8140=FACE_BOUND('',#7529,.T.);
#8141=FACE_BOUND('',#7530,.T.);
#8142=FACE_BOUND('',#7531,.T.);
#8143=FACE_BOUND('',#7532,.T.);
#8144=FACE_BOUND('',#7533,.T.);
#8145=FACE_BOUND('',#7534,.T.);
#8146=FACE_BOUND('',#7535,.T.);
#8147=FACE_BOUND('',#7536,.T.);
#8148=FACE_BOUND('',#7537,.T.);
#8149=FACE_BOUND('',#7538,.T.);
#8150=FACE_BOUND('',#7539,.T.);
#8151=FACE_BOUND('',#7540,.T.);
#8152=FACE_BOUND('',#7541,.T.);
#8153=FACE_BOUND('',#7542,.T.);
#8154=FACE_BOUND('',#7543,.T.);
#8155=FACE_BOUND('',#7544,.T.);
#8156=FACE_BOUND('',#7545,.T.);
#8157=FACE_BOUND('',#7546,.T.);
#8158=FACE_BOUND('',#7547,.T.);
#8159=FACE_BOUND('',#7548,.T.);
#8160=FACE_BOUND('',#7549,.T.);
#8161=FACE_BOUND('',#7550,.T.);
#8162=FACE_BOUND('',#7551,.T.);
#8163=FACE_BOUND('',#7552,.T.);
#8164=FACE_BOUND('',#7553,.T.);
#8165=FACE_BOUND('',#7554,.T.);
#8166=FACE_BOUND('',#7555,.T.);
#8167=FACE_BOUND('',#7556,.T.);
#8168=FACE_BOUND('',#7557,.T.);
#8169=FACE_BOUND('',#7558,.T.);
#8170=FACE_BOUND('',#7559,.T.);
#8171=FACE_BOUND('',#7560,.T.);
#8172=FACE_BOUND('',#7561,.T.);
#8173=FACE_BOUND('',#7562,.T.);
#8174=FACE_BOUND('',#7563,.T.);
#8175=FACE_BOUND('',#7564,.T.);
#8176=FACE_BOUND('',#7565,.T.);
#8177=FACE_BOUND('',#7566,.T.);
#8178=FACE_BOUND('',#7567,.T.);
#8179=FACE_BOUND('',#7568,.T.);
#8180=FACE_BOUND('',#7569,.T.);
#8181=FACE_BOUND('',#7570,.T.);
#8182=FACE_BOUND('',#7571,.T.);
#8183=FACE_BOUND('',#7572,.T.);
#8184=FACE_BOUND('',#7573,.T.);
#8185=FACE_BOUND('',#7574,.T.);
#8186=FACE_BOUND('',#7575,.T.);
#8187=FACE_BOUND('',#7576,.T.);
#8188=FACE_BOUND('',#7577,.T.);
#8189=FACE_BOUND('',#7578,.T.);
#8190=FACE_BOUND('',#7579,.T.);
#8191=FACE_BOUND('',#7580,.T.);
#8192=FACE_BOUND('',#7581,.T.);
#8193=FACE_BOUND('',#7582,.T.);
#8194=FACE_BOUND('',#7583,.T.);
#8195=FACE_BOUND('',#7584,.T.);
#8196=FACE_BOUND('',#7585,.T.);
#8197=FACE_BOUND('',#7586,.T.);
#8198=FACE_BOUND('',#7587,.T.);
#8199=FACE_BOUND('',#7588,.T.);
#8200=FACE_BOUND('',#7589,.T.);
#8201=FACE_BOUND('',#7590,.T.);
#8202=FACE_BOUND('',#7591,.T.);
#8203=FACE_BOUND('',#7592,.T.);
#8204=FACE_BOUND('',#7593,.T.);
#8205=FACE_BOUND('',#7594,.T.);
#8206=FACE_BOUND('',#7595,.T.);
#8207=FACE_BOUND('',#7596,.T.);
#8208=FACE_BOUND('',#7597,.T.);
#8209=FACE_BOUND('',#7598,.T.);
#8210=FACE_BOUND('',#7599,.T.);
#8211=FACE_BOUND('',#7600,.T.);
#8212=FACE_BOUND('',#7601,.T.);
#8213=FACE_BOUND('',#7602,.T.);
#8214=FACE_BOUND('',#7603,.T.);
#8215=FACE_BOUND('',#7604,.T.);
#8216=FACE_BOUND('',#7605,.T.);
#8217=FACE_BOUND('',#7606,.T.);
#8218=FACE_BOUND('',#7607,.T.);
#8219=FACE_BOUND('',#7608,.T.);
#8220=FACE_BOUND('',#7609,.T.);
#8221=FACE_BOUND('',#7610,.T.);
#8222=FACE_BOUND('',#7611,.T.);
#8223=FACE_BOUND('',#7612,.T.);
#8224=FACE_BOUND('',#7613,.T.);
#8225=FACE_BOUND('',#7614,.T.);
#8226=FACE_BOUND('',#7615,.T.);
#8227=FACE_BOUND('',#7616,.T.);
#8228=FACE_BOUND('',#7617,.T.);
#8229=FACE_BOUND('',#7618,.T.);
#8230=FACE_BOUND('',#7619,.T.);
#8231=FACE_BOUND('',#7620,.T.);
#8232=FACE_BOUND('',#7621,.T.);
#8233=FACE_BOUND('',#7622,.T.);
#8234=FACE_BOUND('',#7623,.T.);
#8235=FACE_BOUND('',#7624,.T.);
#8236=FACE_BOUND('',#7625,.T.);
#8237=FACE_BOUND('',#7626,.T.);
#8238=FACE_BOUND('',#7627,.T.);
#8239=FACE_BOUND('',#7628,.T.);
#8240=FACE_BOUND('',#7629,.T.);
#8241=FACE_BOUND('',#7630,.T.);
#8242=FACE_BOUND('',#7631,.T.);
#8243=FACE_BOUND('',#7632,.T.);
#8244=FACE_BOUND('',#7633,.T.);
#8245=FACE_BOUND('',#7634,.T.);
#8246=FACE_BOUND('',#7635,.T.);
#8247=FACE_BOUND('',#7636,.T.);
#8248=FACE_BOUND('',#7637,.T.);
#8249=FACE_BOUND('',#7638,.T.);
#8250=FACE_BOUND('',#7639,.T.);
#8251=FACE_BOUND('',#7640,.T.);
#8252=FACE_BOUND('',#7641,.T.);
#8253=FACE_BOUND('',#7642,.T.);
#8254=FACE_BOUND('',#7643,.T.);
#8255=FACE_BOUND('',#7644,.T.);
#8256=FACE_BOUND('',#7645,.T.);
#8257=FACE_BOUND('',#7646,.T.);
#8258=FACE_BOUND('',#7647,.T.);
#8259=FACE_BOUND('',#7648,.T.);
#8260=FACE_BOUND('',#7649,.T.);
#8261=FACE_BOUND('',#7650,.T.);
#8262=FACE_BOUND('',#7651,.T.);
#8263=FACE_BOUND('',#7652,.T.);
#8264=FACE_BOUND('',#7653,.T.);
#8265=FACE_BOUND('',#7654,.T.);
#8266=FACE_BOUND('',#7655,.T.);
#8267=FACE_BOUND('',#7656,.T.);
#8268=FACE_BOUND('',#7657,.T.);
#8269=FACE_BOUND('',#7658,.T.);
#8270=FACE_BOUND('',#7659,.T.);
#8271=FACE_BOUND('',#7660,.T.);
#8272=FACE_BOUND('',#7661,.T.);
#8273=FACE_BOUND('',#7662,.T.);
#8274=FACE_BOUND('',#7663,.T.);
#8275=FACE_BOUND('',#7664,.T.);
#8276=FACE_BOUND('',#7665,.T.);
#8277=FACE_BOUND('',#7666,.T.);
#8278=FACE_BOUND('',#7667,.T.);
#8279=FACE_BOUND('',#7668,.T.);
#8280=FACE_BOUND('',#7669,.T.);
#8281=FACE_BOUND('',#7670,.T.);
#8282=FACE_BOUND('',#7671,.T.);
#8283=FACE_BOUND('',#7672,.T.);
#8284=FACE_BOUND('',#7673,.T.);
#8285=FACE_BOUND('',#7674,.T.);
#8286=FACE_BOUND('',#7675,.T.);
#8287=FACE_BOUND('',#7676,.T.);
#8288=FACE_BOUND('',#7677,.T.);
#8289=FACE_BOUND('',#7678,.T.);
#8290=FACE_BOUND('',#7679,.T.);
#8291=FACE_BOUND('',#7680,.T.);
#8292=FACE_BOUND('',#7681,.T.);
#8293=FACE_BOUND('',#7682,.T.);
#8294=FACE_BOUND('',#7683,.T.);
#8295=FACE_BOUND('',#7684,.T.);
#8296=FACE_BOUND('',#7685,.T.);
#8297=FACE_BOUND('',#7686,.T.);
#8298=FACE_BOUND('',#7687,.T.);
#8299=FACE_BOUND('',#7688,.T.);
#8300=FACE_BOUND('',#7689,.T.);
#8301=FACE_BOUND('',#7690,.T.);
#8302=FACE_BOUND('',#7691,.T.);
#8303=FACE_BOUND('',#7692,.T.);
#8304=FACE_BOUND('',#7693,.T.);
#8305=FACE_BOUND('',#7694,.T.);
#8306=FACE_BOUND('',#7695,.T.);
#8307=FACE_BOUND('',#7696,.T.);
#8308=FACE_BOUND('',#7697,.T.);
#8309=FACE_BOUND('',#7698,.T.);
#8310=FACE_BOUND('',#7699,.T.);
#8311=FACE_BOUND('',#7700,.T.);
#8312=FACE_BOUND('',#7701,.T.);
#8313=FACE_BOUND('',#7702,.T.);
#8314=FACE_BOUND('',#7703,.T.);
#8315=FACE_BOUND('',#7704,.T.);
#8316=FACE_BOUND('',#7705,.T.);
#8317=FACE_BOUND('',#7706,.T.);
#8318=FACE_BOUND('',#7707,.T.);
#8319=FACE_BOUND('',#7708,.T.);
#8320=FACE_BOUND('',#7709,.T.);
#8321=FACE_BOUND('',#7710,.T.);
#8322=FACE_BOUND('',#7711,.T.);
#8323=FACE_BOUND('',#7712,.T.);
#8324=FACE_BOUND('',#7713,.T.);
#8325=FACE_BOUND('',#7714,.T.);
#8326=FACE_BOUND('',#7715,.T.);
#8327=FACE_BOUND('',#7716,.T.);
#8328=FACE_BOUND('',#7717,.T.);
#8329=FACE_BOUND('',#7718,.T.);
#8330=FACE_BOUND('',#7719,.T.);
#8331=FACE_BOUND('',#7720,.T.);
#8332=FACE_BOUND('',#7721,.T.);
#8333=FACE_BOUND('',#7722,.T.);
#8334=FACE_BOUND('',#7723,.T.);
#8335=FACE_BOUND('',#7724,.T.);
#8336=FACE_BOUND('',#7725,.T.);
#8337=FACE_BOUND('',#7726,.T.);
#8338=FACE_BOUND('',#7727,.T.);
#8339=FACE_BOUND('',#7728,.T.);
#8340=FACE_BOUND('',#7729,.T.);
#8341=FACE_BOUND('',#7730,.T.);
#8342=FACE_BOUND('',#7731,.T.);
#8343=FACE_BOUND('',#7732,.T.);
#8344=FACE_BOUND('',#7733,.T.);
#8345=FACE_BOUND('',#7734,.T.);
#8346=FACE_BOUND('',#7735,.T.);
#8347=FACE_BOUND('',#7736,.T.);
#8348=FACE_BOUND('',#7737,.T.);
#8349=FACE_BOUND('',#7738,.T.);
#8350=FACE_BOUND('',#7739,.T.);
#8351=FACE_BOUND('',#7740,.T.);
#8352=FACE_BOUND('',#7741,.T.);
#8353=FACE_BOUND('',#7742,.T.);
#8354=FACE_BOUND('',#7743,.T.);
#8355=FACE_BOUND('',#7744,.T.);
#8356=FACE_BOUND('',#7745,.T.);
#8357=FACE_BOUND('',#7746,.T.);
#8358=FACE_BOUND('',#7747,.T.);
#8359=FACE_BOUND('',#7748,.T.);
#8360=FACE_BOUND('',#7749,.T.);
#8361=FACE_BOUND('',#7750,.T.);
#8362=FACE_BOUND('',#7751,.T.);
#8363=FACE_BOUND('',#7752,.T.);
#8364=FACE_BOUND('',#7753,.T.);
#8365=FACE_BOUND('',#7754,.T.);
#8366=FACE_BOUND('',#7755,.T.);
#8367=FACE_BOUND('',#7756,.T.);
#8368=FACE_BOUND('',#7757,.T.);
#8369=FACE_BOUND('',#7758,.T.);
#8370=FACE_BOUND('',#7759,.T.);
#8371=FACE_BOUND('',#7760,.T.);
#8372=FACE_BOUND('',#7761,.T.);
#8373=FACE_BOUND('',#7762,.T.);
#8374=FACE_BOUND('',#7763,.T.);
#8375=FACE_BOUND('',#7764,.T.);
#8376=FACE_BOUND('',#7765,.T.);
#8377=FACE_BOUND('',#7766,.T.);
#8378=FACE_BOUND('',#7767,.T.);
#8379=FACE_BOUND('',#7768,.T.);
#8380=FACE_BOUND('',#7769,.T.);
#8381=FACE_BOUND('',#7770,.T.);
#8382=FACE_BOUND('',#7771,.T.);
#8383=FACE_BOUND('',#7772,.T.);
#8384=FACE_BOUND('',#7773,.T.);
#8385=FACE_BOUND('',#7774,.T.);
#8386=FACE_BOUND('',#7775,.T.);
#8387=FACE_BOUND('',#7776,.T.);
#8388=FACE_BOUND('',#7777,.T.);
#8389=FACE_BOUND('',#7778,.T.);
#8390=FACE_BOUND('',#7779,.T.);
#8391=FACE_BOUND('',#7780,.T.);
#8392=FACE_BOUND('',#7781,.T.);
#8393=FACE_BOUND('',#7782,.T.);
#8394=FACE_BOUND('',#7783,.T.);
#8395=FACE_BOUND('',#7784,.T.);
#8396=FACE_BOUND('',#7785,.T.);
#8397=FACE_BOUND('',#7786,.T.);
#8398=FACE_BOUND('',#7787,.T.);
#8399=FACE_BOUND('',#7788,.T.);
#8400=FACE_BOUND('',#7789,.T.);
#8401=FACE_BOUND('',#7790,.T.);
#8402=FACE_BOUND('',#7791,.T.);
#8403=FACE_BOUND('',#7792,.T.);
#8404=FACE_BOUND('',#7793,.T.);
#8405=FACE_BOUND('',#7794,.T.);
#8406=FACE_BOUND('',#7795,.T.);
#8407=FACE_BOUND('',#7796,.T.);
#8408=FACE_BOUND('',#7797,.T.);
#8409=FACE_BOUND('',#7798,.T.);
#8410=FACE_BOUND('',#7799,.T.);
#8411=FACE_BOUND('',#7800,.T.);
#8412=FACE_BOUND('',#7801,.T.);
#8413=FACE_BOUND('',#7802,.T.);
#8414=FACE_BOUND('',#7803,.T.);
#8415=FACE_BOUND('',#7804,.T.);
#8416=FACE_BOUND('',#7805,.T.);
#8417=FACE_BOUND('',#7806,.T.);
#8418=FACE_BOUND('',#7807,.T.);
#8419=FACE_BOUND('',#7808,.T.);
#8420=FACE_BOUND('',#7809,.T.);
#8421=FACE_BOUND('',#7810,.T.);
#8422=FACE_BOUND('',#7811,.T.);
#8423=FACE_BOUND('',#7812,.T.);
#8424=FACE_BOUND('',#7813,.T.);
#8425=FACE_BOUND('',#7814,.T.);
#8426=FACE_BOUND('',#7815,.T.);
#8427=FACE_BOUND('',#7816,.T.);
#8428=FACE_BOUND('',#7817,.T.);
#8429=FACE_BOUND('',#7818,.T.);
#8430=FACE_BOUND('',#7819,.T.);
#8431=FACE_BOUND('',#7820,.T.);
#8432=FACE_BOUND('',#7821,.T.);
#8433=FACE_BOUND('',#7822,.T.);
#8434=FACE_BOUND('',#7823,.T.);
#8435=FACE_BOUND('',#7824,.T.);
#8436=FACE_BOUND('',#7825,.T.);
#8437=FACE_BOUND('',#7826,.T.);
#8438=FACE_BOUND('',#7827,.T.);
#8439=FACE_BOUND('',#7828,.T.);
#8440=FACE_BOUND('',#7829,.T.);
#8441=FACE_BOUND('',#7830,.T.);
#8442=FACE_BOUND('',#7831,.T.);
#8443=FACE_BOUND('',#7832,.T.);
#8444=FACE_BOUND('',#7833,.T.);
#8445=FACE_BOUND('',#7834,.T.);
#8446=FACE_BOUND('',#7835,.T.);
#8447=FACE_BOUND('',#7836,.T.);
#8448=FACE_BOUND('',#7837,.T.);
#8449=FACE_BOUND('',#7838,.T.);
#8450=FACE_BOUND('',#7839,.T.);
#8451=FACE_BOUND('',#7840,.T.);
#8452=FACE_BOUND('',#7841,.T.);
#8453=FACE_BOUND('',#7842,.T.);
#8454=FACE_BOUND('',#7843,.T.);
#8455=FACE_BOUND('',#7844,.T.);
#8456=FACE_BOUND('',#7845,.T.);
#8457=FACE_BOUND('',#7846,.T.);
#8458=FACE_BOUND('',#7847,.T.);
#8459=FACE_BOUND('',#7848,.T.);
#8460=FACE_BOUND('',#7849,.T.);
#8461=FACE_BOUND('',#7850,.T.);
#8462=PLANE('',#9324);
#8463=PLANE('',#9333);
#8464=PLANE('',#9345);
#8465=PLANE('',#9346);
#8466=PLANE('',#9347);
#8467=PLANE('',#9348);
#8468=PLANE('',#9349);
#8469=PLANE('',#9352);
#8470=PLANE('',#9353);
#8471=PLANE('',#9354);
#8472=PLANE('',#9355);
#8473=PLANE('',#9357);
#8474=PLANE('',#9358);
#8475=PLANE('',#9361);
#8476=PLANE('',#9362);
#8477=PLANE('',#9365);
#8478=PLANE('',#9366);
#8479=PLANE('',#9367);
#8480=PLANE('',#9368);
#8481=PLANE('',#9370);
#8482=PLANE('',#9371);
#8483=PLANE('',#9374);
#8484=PLANE('',#9376);
#8485=PLANE('',#9378);
#8486=PLANE('',#9380);
#8487=PLANE('',#9382);
#8488=PLANE('',#9384);
#8489=PLANE('',#9386);
#8490=PLANE('',#9388);
#8491=PLANE('',#9410);
#8492=PLANE('',#9412);
#8493=PLANE('',#9414);
#8494=PLANE('',#9416);
#8495=PLANE('',#9418);
#8496=PLANE('',#9420);
#8497=PLANE('',#9422);
#8498=PLANE('',#9424);
#8499=PLANE('',#9426);
#8500=PLANE('',#9428);
#8501=PLANE('',#9430);
#8502=PLANE('',#9432);
#8503=PLANE('',#9434);
#8504=PLANE('',#9437);
#8505=PLANE('',#9440);
#8506=PLANE('',#9443);
#8507=PLANE('',#9446);
#8508=PLANE('',#9449);
#8509=PLANE('',#9457);
#8510=PLANE('',#9466);
#8511=PLANE('',#9468);
#8512=PLANE('',#9473);
#8513=PLANE('',#9475);
#8514=PLANE('',#9484);
#8515=PLANE('',#9486);
#8516=PLANE('',#9495);
#8517=PLANE('',#9497);
#8518=PLANE('',#9504);
#8519=PLANE('',#9508);
#8520=PLANE('',#9511);
#8521=PLANE('',#9519);
#8522=PLANE('',#9522);
#8523=PLANE('',#9528);
#8524=PLANE('',#9530);
#8525=PLANE('',#9539);
#8526=PLANE('',#9541);
#8527=PLANE('',#9549);
#8528=PLANE('',#9556);
#8529=PLANE('',#9563);
#8530=PLANE('',#9570);
#8531=PLANE('',#9577);
#8532=PLANE('',#9584);
#8533=PLANE('',#9591);
#8534=PLANE('',#9598);
#8535=PLANE('',#9605);
#8536=PLANE('',#9614);
#8537=PLANE('',#9621);
#8538=PLANE('',#9628);
#8539=PLANE('',#9629);
#8540=PLANE('',#9630);
#8541=PLANE('',#9631);
#8542=PLANE('',#9632);
#8543=PLANE('',#9633);
#8544=PLANE('',#9634);
#8545=PLANE('',#9635);
#8546=PLANE('',#9636);
#8547=PLANE('',#9637);
#8548=PLANE('',#9638);
#8549=PLANE('',#9639);
#8550=PLANE('',#9640);
#8551=PLANE('',#9641);
#8552=PLANE('',#9642);
#8553=PLANE('',#9643);
#8554=PLANE('',#9644);
#8555=PLANE('',#9655);
#8556=PLANE('',#9656);
#8557=PLANE('',#9662);
#8558=PLANE('',#9668);
#8559=PLANE('',#9674);
#8560=PLANE('',#9680);
#8561=PLANE('',#9681);
#8562=PLANE('',#9690);
#8563=PLANE('',#9706);
#8564=PLANE('',#9707);
#8565=PLANE('',#9717);
#8566=PLANE('',#9720);
#8567=PLANE('',#9724);
#8568=PLANE('',#9727);
#8569=PLANE('',#9731);
#8570=PLANE('',#9733);
#8571=PLANE('',#9737);
#8572=PLANE('',#9738);
#8573=PLANE('',#9741);
#8574=PLANE('',#9744);
#8575=PLANE('',#9748);
#8576=PLANE('',#9751);
#8577=PLANE('',#9752);
#8578=PLANE('',#9755);
#8579=PLANE('',#9759);
#8580=PLANE('',#9760);
#8581=PLANE('',#9763);
#8582=PLANE('',#9767);
#8583=PLANE('',#9769);
#8584=PLANE('',#9774);
#8585=PLANE('',#9777);
#8586=PLANE('',#9781);
#8587=PLANE('',#9783);
#8588=PLANE('',#9787);
#8589=PLANE('',#9788);
#8590=PLANE('',#9791);
#8591=PLANE('',#9795);
#8592=PLANE('',#9797);
#8593=PLANE('',#9801);
#8594=PLANE('',#9802);
#8595=PLANE('',#9805);
#8596=PLANE('',#9809);
#8597=PLANE('',#9811);
#8598=PLANE('',#9815);
#8599=PLANE('',#9816);
#8600=PLANE('',#9819);
#8601=PLANE('',#9823);
#8602=PLANE('',#9825);
#8603=PLANE('',#9829);
#8604=PLANE('',#9830);
#8605=PLANE('',#9833);
#8606=PLANE('',#9837);
#8607=PLANE('',#9839);
#8608=PLANE('',#9843);
#8609=PLANE('',#9847);
#8610=PLANE('',#9849);
#8611=PLANE('',#9853);
#8612=PLANE('',#9854);
#8613=PLANE('',#9857);
#8614=PLANE('',#9861);
#8615=PLANE('',#9863);
#8616=PLANE('',#9867);
#8617=PLANE('',#9868);
#8618=PLANE('',#9871);
#8619=PLANE('',#9875);
#8620=PLANE('',#9877);
#8621=PLANE('',#9881);
#8622=PLANE('',#9882);
#8623=PLANE('',#9885);
#8624=PLANE('',#9886);
#8625=PLANE('',#9889);
#8626=PLANE('',#9892);
#8627=PLANE('',#9896);
#8628=PLANE('',#9900);
#8629=PLANE('',#9901);
#8630=PLANE('',#9902);
#8631=PLANE('',#9905);
#8632=PLANE('',#9908);
#8633=PLANE('',#9911);
#8634=PLANE('',#9914);
#8635=PLANE('',#9917);
#8636=PLANE('',#9918);
#8637=PLANE('',#9921);
#8638=PLANE('',#9922);
#8639=PLANE('',#9923);
#8640=PLANE('',#9924);
#8641=PLANE('',#9925);
#8642=PLANE('',#9926);
#8643=PLANE('',#9927);
#8644=PLANE('',#9928);
#8645=PLANE('',#9930);
#8646=PLANE('',#9931);
#8647=PLANE('',#9932);
#8648=PLANE('',#9936);
#8649=PLANE('',#9937);
#8650=PLANE('',#9940);
#8651=PLANE('',#9943);
#8652=PLANE('',#9947);
#8653=PLANE('',#9948);
#8654=PLANE('',#9950);
#8655=PLANE('',#9963);
#8656=PLANE('',#9967);
#8657=PLANE('',#9971);
#8658=PLANE('',#9972);
#8659=PLANE('',#9977);
#8660=PLANE('',#9984);
#8661=PLANE('',#9986);
#8662=PLANE('',#9988);
#8663=PLANE('',#9990);
#8664=PLANE('',#9992);
#8665=PLANE('',#9994);
#8666=PLANE('',#9996);
#8667=PLANE('',#9998);
#8668=PLANE('',#10000);
#8669=PLANE('',#10003);
#8670=PLANE('',#10004);
#8671=PLANE('',#10005);
#8672=PLANE('',#10006);
#8673=PLANE('',#10007);
#8674=PLANE('',#10008);
#8675=PLANE('',#10009);
#8676=PLANE('',#10010);
#8677=PLANE('',#10011);
#8678=PLANE('',#10012);
#8679=PLANE('',#10013);
#8680=PLANE('',#10014);
#8681=PLANE('',#10015);
#8682=PLANE('',#10016);
#8683=PLANE('',#10017);
#8684=PLANE('',#10018);
#8685=PLANE('',#10019);
#8686=PLANE('',#10020);
#8687=PLANE('',#10021);
#8688=PLANE('',#10022);
#8689=PLANE('',#10023);
#8690=PLANE('',#10024);
#8691=PLANE('',#10025);
#8692=PLANE('',#10026);
#8693=PLANE('',#10027);
#8694=PLANE('',#10028);
#8695=PLANE('',#10029);
#8696=PLANE('',#10030);
#8697=PLANE('',#10031);
#8698=PLANE('',#10032);
#8699=PLANE('',#10033);
#8700=PLANE('',#10034);
#8701=PLANE('',#10035);
#8702=PLANE('',#10036);
#8703=PLANE('',#10037);
#8704=PLANE('',#10038);
#8705=PLANE('',#10039);
#8706=PLANE('',#10040);
#8707=PLANE('',#10041);
#8708=PLANE('',#10042);
#8709=PLANE('',#10043);
#8710=PLANE('',#10044);
#8711=PLANE('',#10045);
#8712=PLANE('',#10046);
#8713=PLANE('',#10047);
#8714=PLANE('',#10048);
#8715=PLANE('',#10049);
#8716=PLANE('',#10050);
#8717=PLANE('',#10051);
#8718=PLANE('',#10052);
#8719=PLANE('',#10053);
#8720=PLANE('',#10054);
#8721=PLANE('',#10055);
#8722=PLANE('',#10056);
#8723=PLANE('',#10057);
#8724=PLANE('',#10058);
#8725=PLANE('',#10059);
#8726=PLANE('',#10060);
#8727=PLANE('',#10061);
#8728=PLANE('',#10062);
#8729=PLANE('',#10063);
#8730=PLANE('',#10064);
#8731=PLANE('',#10065);
#8732=PLANE('',#10066);
#8733=PLANE('',#10067);
#8734=PLANE('',#10068);
#8735=PLANE('',#10069);
#8736=PLANE('',#10070);
#8737=PLANE('',#10071);
#8738=PLANE('',#10072);
#8739=PLANE('',#10073);
#8740=PLANE('',#10074);
#8741=PLANE('',#10075);
#8742=PLANE('',#10076);
#8743=PLANE('',#10080);
#8744=PLANE('',#10081);
#8745=PLANE('',#10082);
#8746=PLANE('',#10083);
#8747=PLANE('',#10084);
#8748=PLANE('',#10085);
#8749=PLANE('',#10086);
#8750=PLANE('',#10087);
#8751=PLANE('',#10088);
#8752=PLANE('',#10089);
#8753=PLANE('',#10090);
#8754=PLANE('',#10091);
#8755=PLANE('',#10092);
#8756=PLANE('',#10093);
#8757=PLANE('',#10094);
#8758=PLANE('',#10095);
#8759=PLANE('',#10096);
#8760=PLANE('',#10097);
#8761=PLANE('',#10098);
#8762=PLANE('',#10099);
#8763=PLANE('',#10100);
#8764=PLANE('',#10101);
#8765=PLANE('',#10102);
#8766=PLANE('',#10103);
#8767=PLANE('',#10104);
#8768=PLANE('',#10105);
#8769=PLANE('',#10106);
#8770=PLANE('',#10107);
#8771=PLANE('',#10108);
#8772=PLANE('',#10109);
#8773=PLANE('',#10110);
#8774=PLANE('',#10111);
#8775=PLANE('',#10112);
#8776=PLANE('',#10113);
#8777=PLANE('',#10114);
#8778=PLANE('',#10115);
#8779=PLANE('',#10116);
#8780=PLANE('',#10117);
#8781=PLANE('',#10118);
#8782=PLANE('',#10119);
#8783=PLANE('',#10120);
#8784=PLANE('',#10121);
#8785=PLANE('',#10122);
#8786=PLANE('',#10123);
#8787=PLANE('',#10124);
#8788=PLANE('',#10125);
#8789=PLANE('',#10126);
#8790=PLANE('',#10127);
#8791=PLANE('',#10128);
#8792=PLANE('',#10131);
#8793=PLANE('',#10132);
#8794=PLANE('',#10133);
#8795=PLANE('',#10134);
#8796=PLANE('',#10135);
#8797=PLANE('',#10136);
#8798=PLANE('',#10137);
#8799=PLANE('',#10138);
#8800=PLANE('',#10139);
#8801=PLANE('',#10140);
#8802=PLANE('',#10141);
#8803=PLANE('',#10142);
#8804=PLANE('',#10145);
#8805=PLANE('',#10146);
#8806=PLANE('',#10147);
#8807=PLANE('',#10148);
#8808=PLANE('',#10149);
#8809=PLANE('',#10150);
#8810=PLANE('',#10151);
#8811=PLANE('',#10152);
#8812=PLANE('',#10153);
#8813=PLANE('',#10154);
#8814=PLANE('',#10155);
#8815=PLANE('',#10156);
#8816=PLANE('',#10157);
#8817=ADVANCED_FACE('',(#7851,#7852,#7853,#7854,#7855,#7856,#7857,#7858,
#7859,#7860,#7861,#7862,#7863,#7864,#7865,#7866,#7867,#7868,#7869,#7870,
#7871,#7872,#7873,#7874),#8462,.F.);
#8818=ADVANCED_FACE('',(#7875,#7876,#7877,#7878,#7879,#7880),#8463,.T.);
#8819=ADVANCED_FACE('',(#7881),#8464,.F.);
#8820=ADVANCED_FACE('',(#7882),#8465,.F.);
#8821=ADVANCED_FACE('',(#7883),#8466,.F.);
#8822=ADVANCED_FACE('',(#7884),#8467,.F.);
#8823=ADVANCED_FACE('',(#7885),#8468,.T.);
#8824=ADVANCED_FACE('',(#7886),#270,.T.);
#8825=ADVANCED_FACE('',(#7887),#8469,.T.);
#8826=ADVANCED_FACE('',(#7888),#8470,.T.);
#8827=ADVANCED_FACE('',(#7889),#8471,.T.);
#8828=ADVANCED_FACE('',(#7890),#8472,.T.);
#8829=ADVANCED_FACE('',(#7891),#8473,.F.);
#8830=ADVANCED_FACE('',(#7892),#8474,.T.);
#8831=ADVANCED_FACE('',(#7893),#8475,.F.);
#8832=ADVANCED_FACE('',(#7894),#8476,.T.);
#8833=ADVANCED_FACE('',(#7895),#271,.T.);
#8834=ADVANCED_FACE('',(#7896),#8477,.T.);
#8835=ADVANCED_FACE('',(#7897),#8478,.T.);
#8836=ADVANCED_FACE('',(#7898),#8479,.T.);
#8837=ADVANCED_FACE('',(#7899),#8480,.T.);
#8838=ADVANCED_FACE('',(#7900),#8481,.F.);
#8839=ADVANCED_FACE('',(#7901),#8482,.T.);
#8840=ADVANCED_FACE('',(#7902),#8483,.T.);
#8841=ADVANCED_FACE('',(#7903),#8484,.T.);
#8842=ADVANCED_FACE('',(#7904),#8485,.T.);
#8843=ADVANCED_FACE('',(#7905),#8486,.T.);
#8844=ADVANCED_FACE('',(#7906),#8487,.T.);
#8845=ADVANCED_FACE('',(#7907),#8488,.T.);
#8846=ADVANCED_FACE('',(#7908),#8489,.T.);
#8847=ADVANCED_FACE('',(#7909),#8490,.T.);
#8848=ADVANCED_FACE('',(#7910,#7911),#272,.F.);
#8849=ADVANCED_FACE('',(#7912,#7913),#273,.F.);
#8850=ADVANCED_FACE('',(#7914,#7915),#274,.F.);
#8851=ADVANCED_FACE('',(#7916,#7917),#275,.F.);
#8852=ADVANCED_FACE('',(#7918,#7919),#276,.F.);
#8853=ADVANCED_FACE('',(#7920,#7921),#277,.F.);
#8854=ADVANCED_FACE('',(#7922,#7923),#278,.F.);
#8855=ADVANCED_FACE('',(#7924,#7925),#279,.F.);
#8856=ADVANCED_FACE('',(#7926,#7927),#280,.F.);
#8857=ADVANCED_FACE('',(#7928,#7929),#281,.F.);
#8858=ADVANCED_FACE('',(#7930),#8491,.T.);
#8859=ADVANCED_FACE('',(#7931),#8492,.T.);
#8860=ADVANCED_FACE('',(#7932),#8493,.T.);
#8861=ADVANCED_FACE('',(#7933),#8494,.T.);
#8862=ADVANCED_FACE('',(#7934),#8495,.T.);
#8863=ADVANCED_FACE('',(#7935),#8496,.T.);
#8864=ADVANCED_FACE('',(#7936),#8497,.T.);
#8865=ADVANCED_FACE('',(#7937),#8498,.T.);
#8866=ADVANCED_FACE('',(#7938),#8499,.T.);
#8867=ADVANCED_FACE('',(#7939),#8500,.T.);
#8868=ADVANCED_FACE('',(#7940),#8501,.T.);
#8869=ADVANCED_FACE('',(#7941),#8502,.T.);
#8870=ADVANCED_FACE('',(#7942),#8503,.T.);
#8871=ADVANCED_FACE('',(#7943),#8504,.T.);
#8872=ADVANCED_FACE('',(#7944),#8505,.T.);
#8873=ADVANCED_FACE('',(#7945),#8506,.T.);
#8874=ADVANCED_FACE('',(#7946),#8507,.T.);
#8875=ADVANCED_FACE('',(#7947,#7948),#8508,.T.);
#8876=ADVANCED_FACE('',(#7949),#12,.T.);
#8877=ADVANCED_FACE('',(#7950),#13,.T.);
#8878=ADVANCED_FACE('',(#7951),#14,.T.);
#8879=ADVANCED_FACE('',(#7952,#7953),#8509,.T.);
#8880=ADVANCED_FACE('',(#7954),#15,.T.);
#8881=ADVANCED_FACE('',(#7955),#16,.T.);
#8882=ADVANCED_FACE('',(#7956),#17,.T.);
#8883=ADVANCED_FACE('',(#7957),#8510,.T.);
#8884=ADVANCED_FACE('',(#7958,#7959),#8511,.T.);
#8885=ADVANCED_FACE('',(#7960),#18,.T.);
#8886=ADVANCED_FACE('',(#7961),#8512,.T.);
#8887=ADVANCED_FACE('',(#7962,#7963),#8513,.T.);
#8888=ADVANCED_FACE('',(#7964),#19,.T.);
#8889=ADVANCED_FACE('',(#7965),#20,.T.);
#8890=ADVANCED_FACE('',(#7966),#21,.T.);
#8891=ADVANCED_FACE('',(#7967),#8514,.T.);
#8892=ADVANCED_FACE('',(#7968,#7969),#8515,.T.);
#8893=ADVANCED_FACE('',(#7970),#22,.T.);
#8894=ADVANCED_FACE('',(#7971),#23,.T.);
#8895=ADVANCED_FACE('',(#7972),#24,.T.);
#8896=ADVANCED_FACE('',(#7973),#8516,.T.);
#8897=ADVANCED_FACE('',(#7974,#7975),#8517,.T.);
#8898=ADVANCED_FACE('',(#7976),#25,.T.);
#8899=ADVANCED_FACE('',(#7977),#26,.T.);
#8900=ADVANCED_FACE('',(#7978),#8518,.T.);
#8901=ADVANCED_FACE('',(#7979),#27,.T.);
#8902=ADVANCED_FACE('',(#7980),#8519,.T.);
#8903=ADVANCED_FACE('',(#7981,#7982),#8520,.T.);
#8904=ADVANCED_FACE('',(#7983),#28,.T.);
#8905=ADVANCED_FACE('',(#7984),#29,.T.);
#8906=ADVANCED_FACE('',(#7985),#30,.T.);
#8907=ADVANCED_FACE('',(#7986),#8521,.T.);
#8908=ADVANCED_FACE('',(#7987,#7988),#8522,.T.);
#8909=ADVANCED_FACE('',(#7989),#31,.T.);
#8910=ADVANCED_FACE('',(#7990),#32,.T.);
#8911=ADVANCED_FACE('',(#7991),#8523,.T.);
#8912=ADVANCED_FACE('',(#7992,#7993),#8524,.T.);
#8913=ADVANCED_FACE('',(#7994),#33,.T.);
#8914=ADVANCED_FACE('',(#7995),#34,.T.);
#8915=ADVANCED_FACE('',(#7996),#35,.T.);
#8916=ADVANCED_FACE('',(#7997),#8525,.T.);
#8917=ADVANCED_FACE('',(#7998,#7999),#8526,.T.);
#8918=ADVANCED_FACE('',(#8000),#36,.T.);
#8919=ADVANCED_FACE('',(#8001),#37,.T.);
#8920=ADVANCED_FACE('',(#8002,#8003),#282,.F.);
#8921=ADVANCED_FACE('',(#8004),#8527,.T.);
#8922=ADVANCED_FACE('',(#8005),#38,.T.);
#8923=ADVANCED_FACE('',(#8006,#8007),#283,.F.);
#8924=ADVANCED_FACE('',(#8008),#8528,.T.);
#8925=ADVANCED_FACE('',(#8009),#39,.T.);
#8926=ADVANCED_FACE('',(#8010,#8011),#284,.F.);
#8927=ADVANCED_FACE('',(#8012),#8529,.T.);
#8928=ADVANCED_FACE('',(#8013),#40,.T.);
#8929=ADVANCED_FACE('',(#8014,#8015),#285,.F.);
#8930=ADVANCED_FACE('',(#8016),#8530,.T.);
#8931=ADVANCED_FACE('',(#8017),#41,.T.);
#8932=ADVANCED_FACE('',(#8018,#8019),#286,.F.);
#8933=ADVANCED_FACE('',(#8020),#8531,.T.);
#8934=ADVANCED_FACE('',(#8021),#42,.T.);
#8935=ADVANCED_FACE('',(#8022,#8023),#287,.F.);
#8936=ADVANCED_FACE('',(#8024),#8532,.T.);
#8937=ADVANCED_FACE('',(#8025),#43,.T.);
#8938=ADVANCED_FACE('',(#8026,#8027),#288,.F.);
#8939=ADVANCED_FACE('',(#8028),#8533,.T.);
#8940=ADVANCED_FACE('',(#8029),#44,.T.);
#8941=ADVANCED_FACE('',(#8030,#8031),#289,.F.);
#8942=ADVANCED_FACE('',(#8032),#8534,.T.);
#8943=ADVANCED_FACE('',(#8033),#45,.T.);
#8944=ADVANCED_FACE('',(#8034,#8035),#290,.F.);
#8945=ADVANCED_FACE('',(#8036),#8535,.T.);
#8946=ADVANCED_FACE('',(#8037),#46,.T.);
#8947=ADVANCED_FACE('',(#8038,#8039),#291,.F.);
#8948=ADVANCED_FACE('',(#8040,#8041),#292,.F.);
#8949=ADVANCED_FACE('',(#8042),#8536,.T.);
#8950=ADVANCED_FACE('',(#8043),#47,.T.);
#8951=ADVANCED_FACE('',(#8044,#8045),#293,.F.);
#8952=ADVANCED_FACE('',(#8046),#8537,.T.);
#8953=ADVANCED_FACE('',(#8047),#48,.T.);
#8954=ADVANCED_FACE('',(#8048,#8049),#294,.F.);
#8955=ADVANCED_FACE('',(#8050),#8538,.T.);
#8956=ADVANCED_FACE('',(#8051),#8539,.T.);
#8957=ADVANCED_FACE('',(#8052),#8540,.F.);
#8958=ADVANCED_FACE('',(#8053),#8541,.F.);
#8959=ADVANCED_FACE('',(#8054),#8542,.T.);
#8960=ADVANCED_FACE('',(#8055),#8543,.F.);
#8961=ADVANCED_FACE('',(#8056),#8544,.T.);
#8962=ADVANCED_FACE('',(#8057),#8545,.T.);
#8963=ADVANCED_FACE('',(#8058),#8546,.F.);
#8964=ADVANCED_FACE('',(#8059),#8547,.F.);
#8965=ADVANCED_FACE('',(#8060),#8548,.T.);
#8966=ADVANCED_FACE('',(#8061),#8549,.T.);
#8967=ADVANCED_FACE('',(#8062),#8550,.F.);
#8968=ADVANCED_FACE('',(#8063),#8551,.F.);
#8969=ADVANCED_FACE('',(#8064),#8552,.F.);
#8970=ADVANCED_FACE('',(#8065),#8553,.T.);
#8971=ADVANCED_FACE('',(#8066),#8554,.F.);
#8972=ADVANCED_FACE('',(#8067,#8068),#295,.T.);
#8973=ADVANCED_FACE('',(#8069,#8070),#296,.T.);
#8974=ADVANCED_FACE('',(#8071),#8555,.T.);
#8975=ADVANCED_FACE('',(#8072),#8556,.T.);
#8976=ADVANCED_FACE('',(#8073,#8074),#297,.T.);
#8977=ADVANCED_FACE('',(#8075),#8557,.T.);
#8978=ADVANCED_FACE('',(#8076,#8077),#298,.T.);
#8979=ADVANCED_FACE('',(#8078),#8558,.T.);
#8980=ADVANCED_FACE('',(#8079,#8080),#299,.T.);
#8981=ADVANCED_FACE('',(#8081),#8559,.F.);
#8982=ADVANCED_FACE('',(#8082,#8083),#300,.T.);
#8983=ADVANCED_FACE('',(#8084),#8560,.F.);
#8984=ADVANCED_FACE('',(#8085),#8561,.F.);
#8985=ADVANCED_FACE('',(#8086,#8087),#301,.T.);
#8986=ADVANCED_FACE('',(#8088),#49,.T.);
#8987=ADVANCED_FACE('',(#8089),#8562,.F.);
#8988=ADVANCED_FACE('',(#8090),#50,.T.);
#8989=ADVANCED_FACE('',(#8091,#8092),#302,.T.);
#8990=ADVANCED_FACE('',(#8093,#8094),#303,.F.);
#8991=ADVANCED_FACE('',(#8095,#8096),#304,.T.);
#8992=ADVANCED_FACE('',(#8097),#8563,.T.);
#8993=ADVANCED_FACE('',(#8098),#8564,.T.);
#8994=ADVANCED_FACE('',(#8099),#51,.T.);
#8995=ADVANCED_FACE('',(#8100,#8101),#305,.T.);
#8996=ADVANCED_FACE('',(#8102),#8565,.T.);
#8997=ADVANCED_FACE('',(#8103,#8104),#8566,.T.);
#8998=ADVANCED_FACE('',(#8105),#52,.T.);
#8999=ADVANCED_FACE('',(#8106),#8567,.T.);
#9000=ADVANCED_FACE('',(#8107),#53,.T.);
#9001=ADVANCED_FACE('',(#8108),#8568,.F.);
#9002=ADVANCED_FACE('',(#8109),#54,.T.);
#9003=ADVANCED_FACE('',(#8110),#8569,.T.);
#9004=ADVANCED_FACE('',(#8111,#8112),#8570,.T.);
#9005=ADVANCED_FACE('',(#8113),#55,.T.);
#9006=ADVANCED_FACE('',(#8114),#8571,.F.);
#9007=ADVANCED_FACE('',(#8115),#8572,.T.);
#9008=ADVANCED_FACE('',(#8116),#56,.T.);
#9009=ADVANCED_FACE('',(#8117),#8573,.F.);
#9010=ADVANCED_FACE('',(#8118),#57,.T.);
#9011=ADVANCED_FACE('',(#8119,#8120),#8574,.T.);
#9012=ADVANCED_FACE('',(#8121),#58,.T.);
#9013=ADVANCED_FACE('',(#8122),#8575,.T.);
#9014=ADVANCED_FACE('',(#8123),#59,.T.);
#9015=ADVANCED_FACE('',(#8124),#8576,.F.);
#9016=ADVANCED_FACE('',(#8125),#8577,.F.);
#9017=ADVANCED_FACE('',(#8126),#60,.T.);
#9018=ADVANCED_FACE('',(#8127,#8128),#8578,.T.);
#9019=ADVANCED_FACE('',(#8129),#61,.T.);
#9020=ADVANCED_FACE('',(#8130),#8579,.F.);
#9021=ADVANCED_FACE('',(#8131),#8580,.T.);
#9022=ADVANCED_FACE('',(#8132),#62,.T.);
#9023=ADVANCED_FACE('',(#8133),#8581,.F.);
#9024=ADVANCED_FACE('',(#8134),#63,.T.);
#9025=ADVANCED_FACE('',(#8135),#8582,.T.);
#9026=ADVANCED_FACE('',(#8136,#8137),#8583,.T.);
#9027=ADVANCED_FACE('',(#8138),#64,.T.);
#9028=ADVANCED_FACE('',(#8139),#8584,.F.);
#9029=ADVANCED_FACE('',(#8140),#65,.T.);
#9030=ADVANCED_FACE('',(#8141),#8585,.T.);
#9031=ADVANCED_FACE('',(#8142),#66,.T.);
#9032=ADVANCED_FACE('',(#8143),#8586,.T.);
#9033=ADVANCED_FACE('',(#8144,#8145),#8587,.T.);
#9034=ADVANCED_FACE('',(#8146),#67,.T.);
#9035=ADVANCED_FACE('',(#8147),#8588,.T.);
#9036=ADVANCED_FACE('',(#8148),#8589,.F.);
#9037=ADVANCED_FACE('',(#8149),#68,.T.);
#9038=ADVANCED_FACE('',(#8150),#8590,.T.);
#9039=ADVANCED_FACE('',(#8151),#69,.T.);
#9040=ADVANCED_FACE('',(#8152),#8591,.T.);
#9041=ADVANCED_FACE('',(#8153,#8154),#8592,.T.);
#9042=ADVANCED_FACE('',(#8155),#70,.T.);
#9043=ADVANCED_FACE('',(#8156),#8593,.T.);
#9044=ADVANCED_FACE('',(#8157),#8594,.F.);
#9045=ADVANCED_FACE('',(#8158),#71,.T.);
#9046=ADVANCED_FACE('',(#8159),#8595,.T.);
#9047=ADVANCED_FACE('',(#8160),#72,.T.);
#9048=ADVANCED_FACE('',(#8161),#8596,.T.);
#9049=ADVANCED_FACE('',(#8162,#8163),#8597,.T.);
#9050=ADVANCED_FACE('',(#8164),#73,.T.);
#9051=ADVANCED_FACE('',(#8165),#8598,.T.);
#9052=ADVANCED_FACE('',(#8166),#8599,.F.);
#9053=ADVANCED_FACE('',(#8167),#74,.T.);
#9054=ADVANCED_FACE('',(#8168),#8600,.T.);
#9055=ADVANCED_FACE('',(#8169),#75,.T.);
#9056=ADVANCED_FACE('',(#8170),#8601,.T.);
#9057=ADVANCED_FACE('',(#8171,#8172),#8602,.T.);
#9058=ADVANCED_FACE('',(#8173),#76,.T.);
#9059=ADVANCED_FACE('',(#8174),#8603,.T.);
#9060=ADVANCED_FACE('',(#8175),#8604,.F.);
#9061=ADVANCED_FACE('',(#8176),#77,.T.);
#9062=ADVANCED_FACE('',(#8177),#8605,.T.);
#9063=ADVANCED_FACE('',(#8178),#78,.T.);
#9064=ADVANCED_FACE('',(#8179),#8606,.T.);
#9065=ADVANCED_FACE('',(#8180,#8181),#8607,.T.);
#9066=ADVANCED_FACE('',(#8182),#79,.T.);
#9067=ADVANCED_FACE('',(#8183),#8608,.T.);
#9068=ADVANCED_FACE('',(#8184),#80,.T.);
#9069=ADVANCED_FACE('',(#8185),#8609,.T.);
#9070=ADVANCED_FACE('',(#8186,#8187),#8610,.T.);
#9071=ADVANCED_FACE('',(#8188),#81,.T.);
#9072=ADVANCED_FACE('',(#8189),#8611,.F.);
#9073=ADVANCED_FACE('',(#8190),#8612,.F.);
#9074=ADVANCED_FACE('',(#8191),#82,.T.);
#9075=ADVANCED_FACE('',(#8192),#8613,.T.);
#9076=ADVANCED_FACE('',(#8193),#83,.T.);
#9077=ADVANCED_FACE('',(#8194),#8614,.T.);
#9078=ADVANCED_FACE('',(#8195,#8196),#8615,.T.);
#9079=ADVANCED_FACE('',(#8197),#84,.T.);
#9080=ADVANCED_FACE('',(#8198),#8616,.F.);
#9081=ADVANCED_FACE('',(#8199),#8617,.F.);
#9082=ADVANCED_FACE('',(#8200),#85,.T.);
#9083=ADVANCED_FACE('',(#8201),#8618,.T.);
#9084=ADVANCED_FACE('',(#8202),#86,.T.);
#9085=ADVANCED_FACE('',(#8203),#8619,.T.);
#9086=ADVANCED_FACE('',(#8204,#8205),#8620,.T.);
#9087=ADVANCED_FACE('',(#8206),#87,.T.);
#9088=ADVANCED_FACE('',(#8207),#8621,.F.);
#9089=ADVANCED_FACE('',(#8208),#8622,.F.);
#9090=ADVANCED_FACE('',(#8209),#88,.T.);
#9091=ADVANCED_FACE('',(#8210,#8211),#8623,.T.);
#9092=ADVANCED_FACE('',(#8212,#8213),#8624,.T.);
#9093=ADVANCED_FACE('',(#8214,#8215),#8625,.T.);
#9094=ADVANCED_FACE('',(#8216,#8217),#8626,.T.);
#9095=ADVANCED_FACE('',(#8218,#8219),#8627,.T.);
#9096=ADVANCED_FACE('',(#8220,#8221),#8628,.T.);
#9097=ADVANCED_FACE('',(#8222,#8223),#8629,.T.);
#9098=ADVANCED_FACE('',(#8224,#8225),#8630,.T.);
#9099=ADVANCED_FACE('',(#8226,#8227),#8631,.T.);
#9100=ADVANCED_FACE('',(#8228,#8229),#8632,.T.);
#9101=ADVANCED_FACE('',(#8230,#8231),#8633,.T.);
#9102=ADVANCED_FACE('',(#8232,#8233),#8634,.T.);
#9103=ADVANCED_FACE('',(#8234,#8235),#8635,.T.);
#9104=ADVANCED_FACE('',(#8236,#8237),#8636,.T.);
#9105=ADVANCED_FACE('',(#8238),#8637,.T.);
#9106=ADVANCED_FACE('',(#8239),#8638,.F.);
#9107=ADVANCED_FACE('',(#8240),#8639,.T.);
#9108=ADVANCED_FACE('',(#8241),#8640,.T.);
#9109=ADVANCED_FACE('',(#8242),#8641,.F.);
#9110=ADVANCED_FACE('',(#8243),#8642,.T.);
#9111=ADVANCED_FACE('',(#8244),#8643,.T.);
#9112=ADVANCED_FACE('',(#8245),#8644,.T.);
#9113=ADVANCED_FACE('',(#8246),#8645,.T.);
#9114=ADVANCED_FACE('',(#8247),#8646,.T.);
#9115=ADVANCED_FACE('',(#8248,#8249),#8647,.T.);
#9116=ADVANCED_FACE('',(#8250),#89,.T.);
#9117=ADVANCED_FACE('',(#8251),#8648,.F.);
#9118=ADVANCED_FACE('',(#8252,#8253),#8649,.T.);
#9119=ADVANCED_FACE('',(#8254),#8650,.T.);
#9120=ADVANCED_FACE('',(#8255),#90,.T.);
#9121=ADVANCED_FACE('',(#8256),#8651,.F.);
#9122=ADVANCED_FACE('',(#8257),#91,.T.);
#9123=ADVANCED_FACE('',(#8258),#8652,.F.);
#9124=ADVANCED_FACE('',(#8259),#8653,.T.);
#9125=ADVANCED_FACE('',(#8260),#8654,.T.);
#9126=ADVANCED_FACE('',(#8261),#92,.T.);
#9127=ADVANCED_FACE('',(#8262),#93,.T.);
#9128=ADVANCED_FACE('',(#8263),#94,.T.);
#9129=ADVANCED_FACE('',(#8264),#95,.T.);
#9130=ADVANCED_FACE('',(#8265),#8655,.T.);
#9131=ADVANCED_FACE('',(#8266,#8267),#306,.T.);
#9132=ADVANCED_FACE('',(#8268),#8656,.T.);
#9133=ADVANCED_FACE('',(#8269,#8270),#307,.T.);
#9134=ADVANCED_FACE('',(#8271),#8657,.T.);
#9135=ADVANCED_FACE('',(#8272),#8658,.T.);
#9136=ADVANCED_FACE('',(#8273,#8274),#308,.T.);
#9137=ADVANCED_FACE('',(#8275,#8276),#309,.T.);
#9138=ADVANCED_FACE('',(#8277),#8659,.T.);
#9139=ADVANCED_FACE('',(#8278),#96,.T.);
#9140=ADVANCED_FACE('',(#8279),#97,.T.);
#9141=ADVANCED_FACE('',(#8280),#8660,.F.);
#9142=ADVANCED_FACE('',(#8281,#8282),#310,.T.);
#9143=ADVANCED_FACE('',(#8283),#8661,.F.);
#9144=ADVANCED_FACE('',(#8284,#8285),#311,.T.);
#9145=ADVANCED_FACE('',(#8286),#8662,.F.);
#9146=ADVANCED_FACE('',(#8287,#8288),#312,.T.);
#9147=ADVANCED_FACE('',(#8289),#8663,.F.);
#9148=ADVANCED_FACE('',(#8290,#8291),#313,.T.);
#9149=ADVANCED_FACE('',(#8292),#8664,.F.);
#9150=ADVANCED_FACE('',(#8293,#8294),#314,.T.);
#9151=ADVANCED_FACE('',(#8295),#8665,.F.);
#9152=ADVANCED_FACE('',(#8296,#8297),#315,.T.);
#9153=ADVANCED_FACE('',(#8298),#8666,.T.);
#9154=ADVANCED_FACE('',(#8299,#8300),#316,.T.);
#9155=ADVANCED_FACE('',(#8301),#8667,.T.);
#9156=ADVANCED_FACE('',(#8302,#8303),#317,.T.);
#9157=ADVANCED_FACE('',(#8304),#8668,.T.);
#9158=ADVANCED_FACE('',(#8305,#8306),#318,.T.);
#9159=ADVANCED_FACE('',(#8307),#8669,.F.);
#9160=ADVANCED_FACE('',(#8308),#8670,.F.);
#9161=ADVANCED_FACE('',(#8309),#8671,.T.);
#9162=ADVANCED_FACE('',(#8310),#8672,.T.);
#9163=ADVANCED_FACE('',(#8311),#8673,.F.);
#9164=ADVANCED_FACE('',(#8312),#8674,.F.);
#9165=ADVANCED_FACE('',(#8313),#8675,.T.);
#9166=ADVANCED_FACE('',(#8314),#8676,.T.);
#9167=ADVANCED_FACE('',(#8315),#8677,.F.);
#9168=ADVANCED_FACE('',(#8316),#8678,.F.);
#9169=ADVANCED_FACE('',(#8317),#8679,.T.);
#9170=ADVANCED_FACE('',(#8318),#8680,.T.);
#9171=ADVANCED_FACE('',(#8319),#8681,.F.);
#9172=ADVANCED_FACE('',(#8320),#8682,.F.);
#9173=ADVANCED_FACE('',(#8321),#8683,.T.);
#9174=ADVANCED_FACE('',(#8322),#8684,.T.);
#9175=ADVANCED_FACE('',(#8323),#8685,.F.);
#9176=ADVANCED_FACE('',(#8324),#8686,.F.);
#9177=ADVANCED_FACE('',(#8325),#8687,.T.);
#9178=ADVANCED_FACE('',(#8326),#8688,.T.);
#9179=ADVANCED_FACE('',(#8327),#8689,.F.);
#9180=ADVANCED_FACE('',(#8328),#8690,.F.);
#9181=ADVANCED_FACE('',(#8329),#8691,.T.);
#9182=ADVANCED_FACE('',(#8330),#8692,.T.);
#9183=ADVANCED_FACE('',(#8331),#8693,.F.);
#9184=ADVANCED_FACE('',(#8332),#8694,.F.);
#9185=ADVANCED_FACE('',(#8333),#8695,.T.);
#9186=ADVANCED_FACE('',(#8334),#8696,.T.);
#9187=ADVANCED_FACE('',(#8335),#8697,.F.);
#9188=ADVANCED_FACE('',(#8336),#8698,.F.);
#9189=ADVANCED_FACE('',(#8337),#8699,.T.);
#9190=ADVANCED_FACE('',(#8338),#8700,.T.);
#9191=ADVANCED_FACE('',(#8339),#8701,.F.);
#9192=ADVANCED_FACE('',(#8340),#8702,.F.);
#9193=ADVANCED_FACE('',(#8341),#8703,.T.);
#9194=ADVANCED_FACE('',(#8342),#8704,.T.);
#9195=ADVANCED_FACE('',(#8343),#8705,.F.);
#9196=ADVANCED_FACE('',(#8344),#8706,.F.);
#9197=ADVANCED_FACE('',(#8345),#8707,.T.);
#9198=ADVANCED_FACE('',(#8346),#8708,.T.);
#9199=ADVANCED_FACE('',(#8347),#8709,.F.);
#9200=ADVANCED_FACE('',(#8348),#8710,.F.);
#9201=ADVANCED_FACE('',(#8349),#8711,.T.);
#9202=ADVANCED_FACE('',(#8350),#8712,.T.);
#9203=ADVANCED_FACE('',(#8351),#8713,.F.);
#9204=ADVANCED_FACE('',(#8352),#8714,.F.);
#9205=ADVANCED_FACE('',(#8353),#8715,.T.);
#9206=ADVANCED_FACE('',(#8354),#8716,.T.);
#9207=ADVANCED_FACE('',(#8355),#8717,.F.);
#9208=ADVANCED_FACE('',(#8356),#8718,.F.);
#9209=ADVANCED_FACE('',(#8357),#8719,.T.);
#9210=ADVANCED_FACE('',(#8358),#8720,.T.);
#9211=ADVANCED_FACE('',(#8359),#8721,.F.);
#9212=ADVANCED_FACE('',(#8360),#8722,.F.);
#9213=ADVANCED_FACE('',(#8361),#8723,.T.);
#9214=ADVANCED_FACE('',(#8362),#8724,.T.);
#9215=ADVANCED_FACE('',(#8363),#8725,.F.);
#9216=ADVANCED_FACE('',(#8364),#8726,.F.);
#9217=ADVANCED_FACE('',(#8365),#8727,.T.);
#9218=ADVANCED_FACE('',(#8366),#8728,.T.);
#9219=ADVANCED_FACE('',(#8367),#8729,.T.);
#9220=ADVANCED_FACE('',(#8368),#8730,.T.);
#9221=ADVANCED_FACE('',(#8369),#8731,.F.);
#9222=ADVANCED_FACE('',(#8370),#8732,.F.);
#9223=ADVANCED_FACE('',(#8371),#8733,.T.);
#9224=ADVANCED_FACE('',(#8372),#8734,.T.);
#9225=ADVANCED_FACE('',(#8373),#8735,.F.);
#9226=ADVANCED_FACE('',(#8374),#8736,.F.);
#9227=ADVANCED_FACE('',(#8375),#8737,.F.);
#9228=ADVANCED_FACE('',(#8376),#8738,.F.);
#9229=ADVANCED_FACE('',(#8377),#8739,.F.);
#9230=ADVANCED_FACE('',(#8378),#8740,.F.);
#9231=ADVANCED_FACE('',(#8379),#8741,.F.);
#9232=ADVANCED_FACE('',(#8380),#8742,.F.);
#9233=ADVANCED_FACE('',(#8381,#8382),#319,.T.);
#9234=ADVANCED_FACE('',(#8383),#8743,.T.);
#9235=ADVANCED_FACE('',(#8384),#8744,.F.);
#9236=ADVANCED_FACE('',(#8385),#8745,.F.);
#9237=ADVANCED_FACE('',(#8386),#8746,.T.);
#9238=ADVANCED_FACE('',(#8387),#8747,.T.);
#9239=ADVANCED_FACE('',(#8388),#8748,.F.);
#9240=ADVANCED_FACE('',(#8389),#8749,.T.);
#9241=ADVANCED_FACE('',(#8390),#8750,.T.);
#9242=ADVANCED_FACE('',(#8391),#8751,.F.);
#9243=ADVANCED_FACE('',(#8392),#8752,.T.);
#9244=ADVANCED_FACE('',(#8393),#8753,.F.);
#9245=ADVANCED_FACE('',(#8394),#8754,.T.);
#9246=ADVANCED_FACE('',(#8395),#8755,.F.);
#9247=ADVANCED_FACE('',(#8396),#8756,.T.);
#9248=ADVANCED_FACE('',(#8397),#8757,.F.);
#9249=ADVANCED_FACE('',(#8398),#8758,.T.);
#9250=ADVANCED_FACE('',(#8399),#8759,.F.);
#9251=ADVANCED_FACE('',(#8400),#8760,.F.);
#9252=ADVANCED_FACE('',(#8401),#8761,.T.);
#9253=ADVANCED_FACE('',(#8402),#8762,.T.);
#9254=ADVANCED_FACE('',(#8403),#8763,.F.);
#9255=ADVANCED_FACE('',(#8404),#8764,.T.);
#9256=ADVANCED_FACE('',(#8405),#8765,.T.);
#9257=ADVANCED_FACE('',(#8406),#8766,.T.);
#9258=ADVANCED_FACE('',(#8407),#8767,.T.);
#9259=ADVANCED_FACE('',(#8408),#8768,.T.);
#9260=ADVANCED_FACE('',(#8409),#8769,.T.);
#9261=ADVANCED_FACE('',(#8410),#8770,.F.);
#9262=ADVANCED_FACE('',(#8411),#8771,.T.);
#9263=ADVANCED_FACE('',(#8412),#8772,.T.);
#9264=ADVANCED_FACE('',(#8413),#8773,.F.);
#9265=ADVANCED_FACE('',(#8414),#8774,.F.);
#9266=ADVANCED_FACE('',(#8415),#8775,.T.);
#9267=ADVANCED_FACE('',(#8416),#8776,.F.);
#9268=ADVANCED_FACE('',(#8417),#8777,.T.);
#9269=ADVANCED_FACE('',(#8418),#8778,.T.);
#9270=ADVANCED_FACE('',(#8419),#8779,.T.);
#9271=ADVANCED_FACE('',(#8420),#8780,.T.);
#9272=ADVANCED_FACE('',(#8421),#8781,.T.);
#9273=ADVANCED_FACE('',(#8422),#8782,.F.);
#9274=ADVANCED_FACE('',(#8423),#8783,.F.);
#9275=ADVANCED_FACE('',(#8424),#8784,.F.);
#9276=ADVANCED_FACE('',(#8425),#8785,.F.);
#9277=ADVANCED_FACE('',(#8426),#8786,.F.);
#9278=ADVANCED_FACE('',(#8427),#8787,.F.);
#9279=ADVANCED_FACE('',(#8428),#8788,.T.);
#9280=ADVANCED_FACE('',(#8429),#8789,.F.);
#9281=ADVANCED_FACE('',(#8430),#8790,.T.);
#9282=ADVANCED_FACE('',(#8431),#8791,.T.);
#9283=ADVANCED_FACE('',(#8432),#320,.F.);
#9284=ADVANCED_FACE('',(#8433),#8792,.F.);
#9285=ADVANCED_FACE('',(#8434),#8793,.T.);
#9286=ADVANCED_FACE('',(#8435),#8794,.T.);
#9287=ADVANCED_FACE('',(#8436),#8795,.T.);
#9288=ADVANCED_FACE('',(#8437),#8796,.T.);
#9289=ADVANCED_FACE('',(#8438),#8797,.F.);
#9290=ADVANCED_FACE('',(#8439),#8798,.T.);
#9291=ADVANCED_FACE('',(#8440),#8799,.T.);
#9292=ADVANCED_FACE('',(#8441),#8800,.T.);
#9293=ADVANCED_FACE('',(#8442),#8801,.F.);
#9294=ADVANCED_FACE('',(#8443),#8802,.F.);
#9295=ADVANCED_FACE('',(#8444),#8803,.F.);
#9296=ADVANCED_FACE('',(#8445,#8446),#321,.F.);
#9297=ADVANCED_FACE('',(#8447,#8448),#322,.F.);
#9298=ADVANCED_FACE('',(#8449),#8804,.T.);
#9299=ADVANCED_FACE('',(#8450),#8805,.F.);
#9300=ADVANCED_FACE('',(#8451),#8806,.F.);
#9301=ADVANCED_FACE('',(#8452),#8807,.T.);
#9302=ADVANCED_FACE('',(#8453),#8808,.T.);
#9303=ADVANCED_FACE('',(#8454),#8809,.F.);
#9304=ADVANCED_FACE('',(#8455),#8810,.F.);
#9305=ADVANCED_FACE('',(#8456),#8811,.F.);
#9306=ADVANCED_FACE('',(#8457),#8812,.F.);
#9307=ADVANCED_FACE('',(#8458),#8813,.T.);
#9308=ADVANCED_FACE('',(#8459),#8814,.T.);
#9309=ADVANCED_FACE('',(#8460),#8815,.T.);
#9310=ADVANCED_FACE('',(#8461),#8816,.F.);
#9311=CLOSED_SHELL('',(#8817,#8818,#8819,#8820,#8821,#8822,#8823,#8824,
#8825,#8826,#8827,#8828,#8829,#8830,#8831,#8832,#8833,#8834,#8835,#8836,
#8837,#8838,#8839,#8840,#8841,#8842,#8843,#8844,#8845,#8846,#8847,#8848,
#8849,#8850,#8851,#8852,#8853,#8854,#8855,#8856,#8857,#8858,#8859,#8860,
#8861,#8862,#8863,#8864,#8865,#8866,#8867,#8868,#8869,#8870,#8871,#8872,
#8873,#8874,#8875,#8876,#8877,#8878,#8879,#8880,#8881,#8882,#8883,#8884,
#8885,#8886,#8887,#8888,#8889,#8890,#8891,#8892,#8893,#8894,#8895,#8896,
#8897,#8898,#8899,#8900,#8901,#8902,#8903,#8904,#8905,#8906,#8907,#8908,
#8909,#8910,#8911,#8912,#8913,#8914,#8915,#8916,#8917,#8918,#8919,#8920,
#8921,#8922,#8923,#8924,#8925,#8926,#8927,#8928,#8929,#8930,#8931,#8932,
#8933,#8934,#8935,#8936,#8937,#8938,#8939,#8940,#8941,#8942,#8943,#8944,
#8945,#8946,#8947,#8948,#8949,#8950,#8951,#8952,#8953,#8954,#8955,#8956,
#8957,#8958,#8959,#8960,#8961,#8962,#8963,#8964,#8965,#8966,#8967,#8968,
#8969,#8970,#8971,#8972,#8973,#8974,#8975,#8976,#8977,#8978,#8979,#8980,
#8981,#8982,#8983,#8984,#8985,#8986,#8987,#8988,#8989,#8990,#8991,#8992,
#8993,#8994,#8995,#8996,#8997,#8998,#8999,#9000,#9001,#9002,#9003,#9004,
#9005,#9006,#9007,#9008,#9009,#9010,#9011,#9012,#9013,#9014,#9015,#9016,
#9017,#9018,#9019,#9020,#9021,#9022,#9023,#9024,#9025,#9026,#9027,#9028,
#9029,#9030,#9031,#9032,#9033,#9034,#9035,#9036,#9037,#9038,#9039,#9040,
#9041,#9042,#9043,#9044,#9045,#9046,#9047,#9048,#9049,#9050,#9051,#9052,
#9053,#9054,#9055,#9056,#9057,#9058,#9059,#9060,#9061,#9062,#9063,#9064,
#9065,#9066,#9067,#9068,#9069,#9070,#9071,#9072,#9073,#9074,#9075,#9076,
#9077,#9078,#9079,#9080,#9081,#9082,#9083,#9084,#9085,#9086,#9087,#9088,
#9089,#9090,#9091,#9092,#9093,#9094,#9095,#9096,#9097,#9098,#9099,#9100,
#9101,#9102,#9103,#9104,#9105,#9106,#9107,#9108,#9109,#9110,#9111,#9112,
#9113,#9114,#9115,#9116,#9117,#9118,#9119,#9120,#9121,#9122,#9123,#9124,
#9125,#9126,#9127,#9128,#9129,#9130,#9131,#9132,#9133,#9134,#9135,#9136,
#9137,#9138,#9139,#9140,#9141,#9142,#9143,#9144,#9145,#9146,#9147,#9148,
#9149,#9150,#9151,#9152,#9153,#9154,#9155,#9156,#9157,#9158,#9159,#9160,
#9161,#9162,#9163,#9164,#9165,#9166,#9167,#9168,#9169,#9170,#9171,#9172,
#9173,#9174,#9175,#9176,#9177,#9178,#9179,#9180,#9181,#9182,#9183,#9184,
#9185,#9186,#9187,#9188,#9189,#9190,#9191,#9192,#9193,#9194,#9195,#9196,
#9197,#9198,#9199,#9200,#9201,#9202,#9203,#9204,#9205,#9206,#9207,#9208,
#9209,#9210,#9211,#9212,#9213,#9214,#9215,#9216,#9217,#9218,#9219,#9220,
#9221,#9222,#9223,#9224,#9225,#9226,#9227,#9228,#9229,#9230,#9231,#9232,
#9233,#9234,#9235,#9236,#9237,#9238,#9239,#9240,#9241,#9242,#9243,#9244,
#9245,#9246,#9247,#9248,#9249,#9250,#9251,#9252,#9253,#9254,#9255,#9256,
#9257,#9258,#9259,#9260,#9261,#9262,#9263,#9264,#9265,#9266,#9267,#9268,
#9269,#9270,#9271,#9272,#9273,#9274,#9275,#9276,#9277,#9278,#9279,#9280,
#9281,#9282,#9283,#9284,#9285,#9286,#9287,#9288,#9289,#9290,#9291,#9292,
#9293,#9294,#9295,#9296,#9297,#9298,#9299,#9300,#9301,#9302,#9303,#9304,
#9305,#9306,#9307,#9308,#9309,#9310));
#9312=STYLED_ITEM('',(#9313),#9320);
#9313=PRESENTATION_STYLE_ASSIGNMENT((#9314));
#9314=SURFACE_STYLE_USAGE(.BOTH.,#9315);
#9315=SURFACE_SIDE_STYLE('',(#9316));
#9316=SURFACE_STYLE_FILL_AREA(#9317);
#9317=FILL_AREA_STYLE('',(#9318));
#9318=FILL_AREA_STYLE_COLOUR('',#9319);
#9319=COLOUR_RGB('',0.647058823529412,0.647058823529412,0.647058823529412);
#9320=MANIFOLD_SOLID_BREP('Part 4',#9311);
#9321=SHAPE_DEFINITION_REPRESENTATION(#15923,#9322);
#9322=SHAPE_REPRESENTATION('Part 4',(#9323),#15918);
#9323=AXIS2_PLACEMENT_3D('',#12653,#10158,#10159);
#9324=AXIS2_PLACEMENT_3D('',#12654,#10160,#10161);
#9325=AXIS2_PLACEMENT_3D('',#12698,#10183,#10184);
#9326=AXIS2_PLACEMENT_3D('',#12736,#10203,#10204);
#9327=AXIS2_PLACEMENT_3D('',#12768,#10220,#10221);
#9328=AXIS2_PLACEMENT_3D('',#12901,#10288,#10289);
#9329=AXIS2_PLACEMENT_3D('',#12903,#10290,#10291);
#9330=AXIS2_PLACEMENT_3D('',#12905,#10292,#10293);
#9331=AXIS2_PLACEMENT_3D('',#12907,#10294,#10295);
#9332=AXIS2_PLACEMENT_3D('',#12909,#10296,#10297);
#9333=AXIS2_PLACEMENT_3D('',#12927,#10306,#10307);
#9334=AXIS2_PLACEMENT_3D('',#12928,#10308,#10309);
#9335=AXIS2_PLACEMENT_3D('',#12930,#10310,#10311);
#9336=AXIS2_PLACEMENT_3D('',#12941,#10316,#10317);
#9337=AXIS2_PLACEMENT_3D('',#12945,#10319,#10320);
#9338=AXIS2_PLACEMENT_3D('',#12949,#10322,#10323);
#9339=AXIS2_PLACEMENT_3D('',#12953,#10325,#10326);
#9340=AXIS2_PLACEMENT_3D('',#12957,#10328,#10329);
#9341=AXIS2_PLACEMENT_3D('',#12961,#10331,#10332);
#9342=AXIS2_PLACEMENT_3D('',#12965,#10334,#10335);
#9343=AXIS2_PLACEMENT_3D('',#12969,#10337,#10338);
#9344=AXIS2_PLACEMENT_3D('',#12973,#10340,#10341);
#9345=AXIS2_PLACEMENT_3D('',#13020,#10365,#10366);
#9346=AXIS2_PLACEMENT_3D('',#13023,#10369,#10370);
#9347=AXIS2_PLACEMENT_3D('',#13026,#10373,#10374);
#9348=AXIS2_PLACEMENT_3D('',#13040,#10382,#10383);
#9349=AXIS2_PLACEMENT_3D('',#13054,#10391,#10392);
#9350=AXIS2_PLACEMENT_3D('',#13068,#10400,#10401);
#9351=AXIS2_PLACEMENT_3D('',#13069,#10402,#10403);
#9352=AXIS2_PLACEMENT_3D('',#13070,#10404,#10405);
#9353=AXIS2_PLACEMENT_3D('',#13072,#10407,#10408);
#9354=AXIS2_PLACEMENT_3D('',#13074,#10410,#10411);
#9355=AXIS2_PLACEMENT_3D('',#13085,#10415,#10416);
#9356=AXIS2_PLACEMENT_3D('',#13094,#10421,#10422);
#9357=AXIS2_PLACEMENT_3D('',#13095,#10423,#10424);
#9358=AXIS2_PLACEMENT_3D('',#13097,#10426,#10427);
#9359=AXIS2_PLACEMENT_3D('',#13098,#10428,#10429);
#9360=AXIS2_PLACEMENT_3D('',#13102,#10431,#10432);
#9361=AXIS2_PLACEMENT_3D('',#13105,#10434,#10435);
#9362=AXIS2_PLACEMENT_3D('',#13119,#10443,#10444);
#9363=AXIS2_PLACEMENT_3D('',#13133,#10452,#10453);
#9364=AXIS2_PLACEMENT_3D('',#13134,#10454,#10455);
#9365=AXIS2_PLACEMENT_3D('',#13135,#10456,#10457);
#9366=AXIS2_PLACEMENT_3D('',#13137,#10459,#10460);
#9367=AXIS2_PLACEMENT_3D('',#13139,#10462,#10463);
#9368=AXIS2_PLACEMENT_3D('',#13150,#10467,#10468);
#9369=AXIS2_PLACEMENT_3D('',#13159,#10473,#10474);
#9370=AXIS2_PLACEMENT_3D('',#13160,#10475,#10476);
#9371=AXIS2_PLACEMENT_3D('',#13162,#10478,#10479);
#9372=AXIS2_PLACEMENT_3D('',#13163,#10480,#10481);
#9373=AXIS2_PLACEMENT_3D('',#13167,#10483,#10484);
#9374=AXIS2_PLACEMENT_3D('',#13170,#10486,#10487);
#9375=AXIS2_PLACEMENT_3D('',#13171,#10488,#10489);
#9376=AXIS2_PLACEMENT_3D('',#13173,#10490,#10491);
#9377=AXIS2_PLACEMENT_3D('',#13174,#10492,#10493);
#9378=AXIS2_PLACEMENT_3D('',#13176,#10494,#10495);
#9379=AXIS2_PLACEMENT_3D('',#13177,#10496,#10497);
#9380=AXIS2_PLACEMENT_3D('',#13179,#10498,#10499);
#9381=AXIS2_PLACEMENT_3D('',#13180,#10500,#10501);
#9382=AXIS2_PLACEMENT_3D('',#13182,#10502,#10503);
#9383=AXIS2_PLACEMENT_3D('',#13183,#10504,#10505);
#9384=AXIS2_PLACEMENT_3D('',#13185,#10506,#10507);
#9385=AXIS2_PLACEMENT_3D('',#13186,#10508,#10509);
#9386=AXIS2_PLACEMENT_3D('',#13188,#10510,#10511);
#9387=AXIS2_PLACEMENT_3D('',#13189,#10512,#10513);
#9388=AXIS2_PLACEMENT_3D('',#13191,#10514,#10515);
#9389=AXIS2_PLACEMENT_3D('',#13192,#10516,#10517);
#9390=AXIS2_PLACEMENT_3D('',#13194,#10518,#10519);
#9391=AXIS2_PLACEMENT_3D('',#13195,#10520,#10521);
#9392=AXIS2_PLACEMENT_3D('',#13197,#10522,#10523);
#9393=AXIS2_PLACEMENT_3D('',#13198,#10524,#10525);
#9394=AXIS2_PLACEMENT_3D('',#13200,#10526,#10527);
#9395=AXIS2_PLACEMENT_3D('',#13201,#10528,#10529);
#9396=AXIS2_PLACEMENT_3D('',#13203,#10530,#10531);
#9397=AXIS2_PLACEMENT_3D('',#13204,#10532,#10533);
#9398=AXIS2_PLACEMENT_3D('',#13206,#10534,#10535);
#9399=AXIS2_PLACEMENT_3D('',#13207,#10536,#10537);
#9400=AXIS2_PLACEMENT_3D('',#13209,#10538,#10539);
#9401=AXIS2_PLACEMENT_3D('',#13210,#10540,#10541);
#9402=AXIS2_PLACEMENT_3D('',#13212,#10542,#10543);
#9403=AXIS2_PLACEMENT_3D('',#13213,#10544,#10545);
#9404=AXIS2_PLACEMENT_3D('',#13215,#10546,#10547);
#9405=AXIS2_PLACEMENT_3D('',#13216,#10548,#10549);
#9406=AXIS2_PLACEMENT_3D('',#13218,#10550,#10551);
#9407=AXIS2_PLACEMENT_3D('',#13219,#10552,#10553);
#9408=AXIS2_PLACEMENT_3D('',#13221,#10554,#10555);
#9409=AXIS2_PLACEMENT_3D('',#13222,#10556,#10557);
#9410=AXIS2_PLACEMENT_3D('',#13224,#10558,#10559);
#9411=AXIS2_PLACEMENT_3D('',#13225,#10560,#10561);
#9412=AXIS2_PLACEMENT_3D('',#13227,#10562,#10563);
#9413=AXIS2_PLACEMENT_3D('',#13228,#10564,#10565);
#9414=AXIS2_PLACEMENT_3D('',#13230,#10566,#10567);
#9415=AXIS2_PLACEMENT_3D('',#13231,#10568,#10569);
#9416=AXIS2_PLACEMENT_3D('',#13233,#10570,#10571);
#9417=AXIS2_PLACEMENT_3D('',#13234,#10572,#10573);
#9418=AXIS2_PLACEMENT_3D('',#13236,#10574,#10575);
#9419=AXIS2_PLACEMENT_3D('',#13237,#10576,#10577);
#9420=AXIS2_PLACEMENT_3D('',#13239,#10578,#10579);
#9421=AXIS2_PLACEMENT_3D('',#13240,#10580,#10581);
#9422=AXIS2_PLACEMENT_3D('',#13242,#10582,#10583);
#9423=AXIS2_PLACEMENT_3D('',#13243,#10584,#10585);
#9424=AXIS2_PLACEMENT_3D('',#13245,#10586,#10587);
#9425=AXIS2_PLACEMENT_3D('',#13246,#10588,#10589);
#9426=AXIS2_PLACEMENT_3D('',#13248,#10590,#10591);
#9427=AXIS2_PLACEMENT_3D('',#13249,#10592,#10593);
#9428=AXIS2_PLACEMENT_3D('',#13251,#10594,#10595);
#9429=AXIS2_PLACEMENT_3D('',#13252,#10596,#10597);
#9430=AXIS2_PLACEMENT_3D('',#13254,#10598,#10599);
#9431=AXIS2_PLACEMENT_3D('',#13255,#10600,#10601);
#9432=AXIS2_PLACEMENT_3D('',#13257,#10602,#10603);
#9433=AXIS2_PLACEMENT_3D('',#13258,#10604,#10605);
#9434=AXIS2_PLACEMENT_3D('',#13260,#10606,#10607);
#9435=AXIS2_PLACEMENT_3D('',#13264,#10609,#10610);
#9436=AXIS2_PLACEMENT_3D('',#13268,#10612,#10613);
#9437=AXIS2_PLACEMENT_3D('',#13269,#10614,#10615);
#9438=AXIS2_PLACEMENT_3D('',#13273,#10617,#10618);
#9439=AXIS2_PLACEMENT_3D('',#13277,#10620,#10621);
#9440=AXIS2_PLACEMENT_3D('',#13278,#10622,#10623);
#9441=AXIS2_PLACEMENT_3D('',#13282,#10625,#10626);
#9442=AXIS2_PLACEMENT_3D('',#13286,#10628,#10629);
#9443=AXIS2_PLACEMENT_3D('',#13287,#10630,#10631);
#9444=AXIS2_PLACEMENT_3D('',#13291,#10633,#10634);
#9445=AXIS2_PLACEMENT_3D('',#13295,#10636,#10637);
#9446=AXIS2_PLACEMENT_3D('',#13296,#10638,#10639);
#9447=AXIS2_PLACEMENT_3D('',#13300,#10641,#10642);
#9448=AXIS2_PLACEMENT_3D('',#13304,#10644,#10645);
#9449=AXIS2_PLACEMENT_3D('',#13305,#10646,#10647);
#9450=AXIS2_PLACEMENT_3D('',#13306,#10648,#10649);
#9451=AXIS2_PLACEMENT_3D('',#13308,#10650,#10651);
#9452=AXIS2_PLACEMENT_3D('',#13314,#10652,#10653);
#9453=AXIS2_PLACEMENT_3D('',#13320,#10654,#10655);
#9454=AXIS2_PLACEMENT_3D('',#13326,#10656,#10657);
#9455=AXIS2_PLACEMENT_3D('',#13332,#10658,#10659);
#9456=AXIS2_PLACEMENT_3D('',#13338,#10660,#10661);
#9457=AXIS2_PLACEMENT_3D('',#13344,#10662,#10663);
#9458=AXIS2_PLACEMENT_3D('',#13345,#10664,#10665);
#9459=AXIS2_PLACEMENT_3D('',#13347,#10666,#10667);
#9460=AXIS2_PLACEMENT_3D('',#13353,#10668,#10669);
#9461=AXIS2_PLACEMENT_3D('',#13359,#10670,#10671);
#9462=AXIS2_PLACEMENT_3D('',#13365,#10672,#10673);
#9463=AXIS2_PLACEMENT_3D('',#13371,#10674,#10675);
#9464=AXIS2_PLACEMENT_3D('',#13378,#10676,#10677);
#9465=AXIS2_PLACEMENT_3D('',#13385,#10678,#10679);
#9466=AXIS2_PLACEMENT_3D('',#13386,#10680,#10681);
#9467=AXIS2_PLACEMENT_3D('',#13391,#10684,#10685);
#9468=AXIS2_PLACEMENT_3D('',#13392,#10686,#10687);
#9469=AXIS2_PLACEMENT_3D('',#13393,#10688,#10689);
#9470=AXIS2_PLACEMENT_3D('',#13395,#10690,#10691);
#9471=AXIS2_PLACEMENT_3D('',#13402,#10692,#10693);
#9472=AXIS2_PLACEMENT_3D('',#13409,#10694,#10695);
#9473=AXIS2_PLACEMENT_3D('',#13410,#10696,#10697);
#9474=AXIS2_PLACEMENT_3D('',#13415,#10700,#10701);
#9475=AXIS2_PLACEMENT_3D('',#13416,#10702,#10703);
#9476=AXIS2_PLACEMENT_3D('',#13417,#10704,#10705);
#9477=AXIS2_PLACEMENT_3D('',#13419,#10706,#10707);
#9478=AXIS2_PLACEMENT_3D('',#13425,#10708,#10709);
#9479=AXIS2_PLACEMENT_3D('',#13431,#10710,#10711);
#9480=AXIS2_PLACEMENT_3D('',#13437,#10712,#10713);
#9481=AXIS2_PLACEMENT_3D('',#13443,#10714,#10715);
#9482=AXIS2_PLACEMENT_3D('',#13450,#10716,#10717);
#9483=AXIS2_PLACEMENT_3D('',#13457,#10718,#10719);
#9484=AXIS2_PLACEMENT_3D('',#13458,#10720,#10721);
#9485=AXIS2_PLACEMENT_3D('',#13463,#10724,#10725);
#9486=AXIS2_PLACEMENT_3D('',#13464,#10726,#10727);
#9487=AXIS2_PLACEMENT_3D('',#13465,#10728,#10729);
#9488=AXIS2_PLACEMENT_3D('',#13467,#10730,#10731);
#9489=AXIS2_PLACEMENT_3D('',#13473,#10732,#10733);
#9490=AXIS2_PLACEMENT_3D('',#13479,#10734,#10735);
#9491=AXIS2_PLACEMENT_3D('',#13485,#10736,#10737);
#9492=AXIS2_PLACEMENT_3D('',#13491,#10738,#10739);
#9493=AXIS2_PLACEMENT_3D('',#13498,#10740,#10741);
#9494=AXIS2_PLACEMENT_3D('',#13505,#10742,#10743);
#9495=AXIS2_PLACEMENT_3D('',#13506,#10744,#10745);
#9496=AXIS2_PLACEMENT_3D('',#13509,#10747,#10748);
#9497=AXIS2_PLACEMENT_3D('',#13512,#10750,#10751);
#9498=AXIS2_PLACEMENT_3D('',#13513,#10752,#10753);
#9499=AXIS2_PLACEMENT_3D('',#13515,#10754,#10755);
#9500=AXIS2_PLACEMENT_3D('',#13521,#10756,#10757);
#9501=AXIS2_PLACEMENT_3D('',#13527,#10758,#10759);
#9502=AXIS2_PLACEMENT_3D('',#13534,#10760,#10761);
#9503=AXIS2_PLACEMENT_3D('',#13541,#10762,#10763);
#9504=AXIS2_PLACEMENT_3D('',#13542,#10764,#10765);
#9505=AXIS2_PLACEMENT_3D('',#13545,#10767,#10768);
#9506=AXIS2_PLACEMENT_3D('',#13548,#10770,#10771);
#9507=AXIS2_PLACEMENT_3D('',#13554,#10772,#10773);
#9508=AXIS2_PLACEMENT_3D('',#13560,#10774,#10775);
#9509=AXIS2_PLACEMENT_3D('',#13564,#10777,#10778);
#9510=AXIS2_PLACEMENT_3D('',#13568,#10780,#10781);
#9511=AXIS2_PLACEMENT_3D('',#13569,#10782,#10783);
#9512=AXIS2_PLACEMENT_3D('',#13570,#10784,#10785);
#9513=AXIS2_PLACEMENT_3D('',#13572,#10786,#10787);
#9514=AXIS2_PLACEMENT_3D('',#13578,#10788,#10789);
#9515=AXIS2_PLACEMENT_3D('',#13584,#10790,#10791);
#9516=AXIS2_PLACEMENT_3D('',#13590,#10792,#10793);
#9517=AXIS2_PLACEMENT_3D('',#13596,#10794,#10795);
#9518=AXIS2_PLACEMENT_3D('',#13602,#10796,#10797);
#9519=AXIS2_PLACEMENT_3D('',#13608,#10798,#10799);
#9520=AXIS2_PLACEMENT_3D('',#13612,#10801,#10802);
#9521=AXIS2_PLACEMENT_3D('',#13616,#10804,#10805);
#9522=AXIS2_PLACEMENT_3D('',#13617,#10806,#10807);
#9523=AXIS2_PLACEMENT_3D('',#13618,#10808,#10809);
#9524=AXIS2_PLACEMENT_3D('',#13620,#10810,#10811);
#9525=AXIS2_PLACEMENT_3D('',#13626,#10812,#10813);
#9526=AXIS2_PLACEMENT_3D('',#13632,#10814,#10815);
#9527=AXIS2_PLACEMENT_3D('',#13638,#10816,#10817);
#9528=AXIS2_PLACEMENT_3D('',#13644,#10818,#10819);
#9529=AXIS2_PLACEMENT_3D('',#13645,#10820,#10821);
#9530=AXIS2_PLACEMENT_3D('',#13647,#10822,#10823);
#9531=AXIS2_PLACEMENT_3D('',#13648,#10824,#10825);
#9532=AXIS2_PLACEMENT_3D('',#13650,#10826,#10827);
#9533=AXIS2_PLACEMENT_3D('',#13656,#10828,#10829);
#9534=AXIS2_PLACEMENT_3D('',#13662,#10830,#10831);
#9535=AXIS2_PLACEMENT_3D('',#13668,#10832,#10833);
#9536=AXIS2_PLACEMENT_3D('',#13674,#10834,#10835);
#9537=AXIS2_PLACEMENT_3D('',#13681,#10836,#10837);
#9538=AXIS2_PLACEMENT_3D('',#13688,#10838,#10839);
#9539=AXIS2_PLACEMENT_3D('',#13689,#10840,#10841);
#9540=AXIS2_PLACEMENT_3D('',#13694,#10844,#10845);
#9541=AXIS2_PLACEMENT_3D('',#13695,#10846,#10847);
#9542=AXIS2_PLACEMENT_3D('',#13696,#10848,#10849);
#9543=AXIS2_PLACEMENT_3D('',#13698,#10850,#10851);
#9544=AXIS2_PLACEMENT_3D('',#13704,#10852,#10853);
#9545=AXIS2_PLACEMENT_3D('',#13710,#10854,#10855);
#9546=AXIS2_PLACEMENT_3D('',#13716,#10856,#10857);
#9547=AXIS2_PLACEMENT_3D('',#13722,#10858,#10859);
#9548=AXIS2_PLACEMENT_3D('',#13723,#10860,#10861);
#9549=AXIS2_PLACEMENT_3D('',#13725,#10862,#10863);
#9550=AXIS2_PLACEMENT_3D('',#13729,#10865,#10866);
#9551=AXIS2_PLACEMENT_3D('',#13733,#10868,#10869);
#9552=AXIS2_PLACEMENT_3D('',#13734,#10870,#10871);
#9553=AXIS2_PLACEMENT_3D('',#13740,#10872,#10873);
#9554=AXIS2_PLACEMENT_3D('',#13746,#10874,#10875);
#9555=AXIS2_PLACEMENT_3D('',#13747,#10876,#10877);
#9556=AXIS2_PLACEMENT_3D('',#13749,#10878,#10879);
#9557=AXIS2_PLACEMENT_3D('',#13753,#10881,#10882);
#9558=AXIS2_PLACEMENT_3D('',#13757,#10884,#10885);
#9559=AXIS2_PLACEMENT_3D('',#13758,#10886,#10887);
#9560=AXIS2_PLACEMENT_3D('',#13764,#10888,#10889);
#9561=AXIS2_PLACEMENT_3D('',#13770,#10890,#10891);
#9562=AXIS2_PLACEMENT_3D('',#13771,#10892,#10893);
#9563=AXIS2_PLACEMENT_3D('',#13773,#10894,#10895);
#9564=AXIS2_PLACEMENT_3D('',#13777,#10897,#10898);
#9565=AXIS2_PLACEMENT_3D('',#13781,#10900,#10901);
#9566=AXIS2_PLACEMENT_3D('',#13782,#10902,#10903);
#9567=AXIS2_PLACEMENT_3D('',#13788,#10904,#10905);
#9568=AXIS2_PLACEMENT_3D('',#13794,#10906,#10907);
#9569=AXIS2_PLACEMENT_3D('',#13795,#10908,#10909);
#9570=AXIS2_PLACEMENT_3D('',#13797,#10910,#10911);
#9571=AXIS2_PLACEMENT_3D('',#13801,#10913,#10914);
#9572=AXIS2_PLACEMENT_3D('',#13805,#10916,#10917);
#9573=AXIS2_PLACEMENT_3D('',#13806,#10918,#10919);
#9574=AXIS2_PLACEMENT_3D('',#13812,#10920,#10921);
#9575=AXIS2_PLACEMENT_3D('',#13818,#10922,#10923);
#9576=AXIS2_PLACEMENT_3D('',#13819,#10924,#10925);
#9577=AXIS2_PLACEMENT_3D('',#13821,#10926,#10927);
#9578=AXIS2_PLACEMENT_3D('',#13825,#10929,#10930);
#9579=AXIS2_PLACEMENT_3D('',#13829,#10932,#10933);
#9580=AXIS2_PLACEMENT_3D('',#13830,#10934,#10935);
#9581=AXIS2_PLACEMENT_3D('',#13836,#10936,#10937);
#9582=AXIS2_PLACEMENT_3D('',#13842,#10938,#10939);
#9583=AXIS2_PLACEMENT_3D('',#13843,#10940,#10941);
#9584=AXIS2_PLACEMENT_3D('',#13845,#10942,#10943);
#9585=AXIS2_PLACEMENT_3D('',#13849,#10945,#10946);
#9586=AXIS2_PLACEMENT_3D('',#13853,#10948,#10949);
#9587=AXIS2_PLACEMENT_3D('',#13854,#10950,#10951);
#9588=AXIS2_PLACEMENT_3D('',#13860,#10952,#10953);
#9589=AXIS2_PLACEMENT_3D('',#13866,#10954,#10955);
#9590=AXIS2_PLACEMENT_3D('',#13867,#10956,#10957);
#9591=AXIS2_PLACEMENT_3D('',#13869,#10958,#10959);
#9592=AXIS2_PLACEMENT_3D('',#13873,#10961,#10962);
#9593=AXIS2_PLACEMENT_3D('',#13877,#10964,#10965);
#9594=AXIS2_PLACEMENT_3D('',#13878,#10966,#10967);
#9595=AXIS2_PLACEMENT_3D('',#13884,#10968,#10969);
#9596=AXIS2_PLACEMENT_3D('',#13890,#10970,#10971);
#9597=AXIS2_PLACEMENT_3D('',#13891,#10972,#10973);
#9598=AXIS2_PLACEMENT_3D('',#13893,#10974,#10975);
#9599=AXIS2_PLACEMENT_3D('',#13897,#10977,#10978);
#9600=AXIS2_PLACEMENT_3D('',#13901,#10980,#10981);
#9601=AXIS2_PLACEMENT_3D('',#13902,#10982,#10983);
#9602=AXIS2_PLACEMENT_3D('',#13908,#10984,#10985);
#9603=AXIS2_PLACEMENT_3D('',#13914,#10986,#10987);
#9604=AXIS2_PLACEMENT_3D('',#13915,#10988,#10989);
#9605=AXIS2_PLACEMENT_3D('',#13917,#10990,#10991);
#9606=AXIS2_PLACEMENT_3D('',#13921,#10993,#10994);
#9607=AXIS2_PLACEMENT_3D('',#13925,#10996,#10997);
#9608=AXIS2_PLACEMENT_3D('',#13926,#10998,#10999);
#9609=AXIS2_PLACEMENT_3D('',#13932,#11000,#11001);
#9610=AXIS2_PLACEMENT_3D('',#13938,#11002,#11003);
#9611=AXIS2_PLACEMENT_3D('',#13939,#11004,#11005);
#9612=AXIS2_PLACEMENT_3D('',#13941,#11006,#11007);
#9613=AXIS2_PLACEMENT_3D('',#13942,#11008,#11009);
#9614=AXIS2_PLACEMENT_3D('',#13944,#11010,#11011);
#9615=AXIS2_PLACEMENT_3D('',#13948,#11013,#11014);
#9616=AXIS2_PLACEMENT_3D('',#13952,#11016,#11017);
#9617=AXIS2_PLACEMENT_3D('',#13953,#11018,#11019);
#9618=AXIS2_PLACEMENT_3D('',#13959,#11020,#11021);
#9619=AXIS2_PLACEMENT_3D('',#13965,#11022,#11023);
#9620=AXIS2_PLACEMENT_3D('',#13966,#11024,#11025);
#9621=AXIS2_PLACEMENT_3D('',#13968,#11026,#11027);
#9622=AXIS2_PLACEMENT_3D('',#13972,#11029,#11030);
#9623=AXIS2_PLACEMENT_3D('',#13976,#11032,#11033);
#9624=AXIS2_PLACEMENT_3D('',#13977,#11034,#11035);
#9625=AXIS2_PLACEMENT_3D('',#13983,#11036,#11037);
#9626=AXIS2_PLACEMENT_3D('',#13989,#11038,#11039);
#9627=AXIS2_PLACEMENT_3D('',#13990,#11040,#11041);
#9628=AXIS2_PLACEMENT_3D('',#13992,#11042,#11043);
#9629=AXIS2_PLACEMENT_3D('',#13998,#11047,#11048);
#9630=AXIS2_PLACEMENT_3D('',#14004,#11052,#11053);
#9631=AXIS2_PLACEMENT_3D('',#14010,#11057,#11058);
#9632=AXIS2_PLACEMENT_3D('',#14016,#11062,#11063);
#9633=AXIS2_PLACEMENT_3D('',#14022,#11067,#11068);
#9634=AXIS2_PLACEMENT_3D('',#14028,#11072,#11073);
#9635=AXIS2_PLACEMENT_3D('',#14034,#11077,#11078);
#9636=AXIS2_PLACEMENT_3D('',#14040,#11082,#11083);
#9637=AXIS2_PLACEMENT_3D('',#14046,#11087,#11088);
#9638=AXIS2_PLACEMENT_3D('',#14052,#11092,#11093);
#9639=AXIS2_PLACEMENT_3D('',#14058,#11097,#11098);
#9640=AXIS2_PLACEMENT_3D('',#14064,#11102,#11103);
#9641=AXIS2_PLACEMENT_3D('',#14070,#11107,#11108);
#9642=AXIS2_PLACEMENT_3D('',#14076,#11112,#11113);
#9643=AXIS2_PLACEMENT_3D('',#14082,#11117,#11118);
#9644=AXIS2_PLACEMENT_3D('',#14088,#11122,#11123);
#9645=AXIS2_PLACEMENT_3D('',#14094,#11127,#11128);
#9646=AXIS2_PLACEMENT_3D('',#14095,#11129,#11130);
#9647=AXIS2_PLACEMENT_3D('',#14096,#11131,#11132);
#9648=AXIS2_PLACEMENT_3D('',#14101,#11135,#11136);
#9649=AXIS2_PLACEMENT_3D('',#14102,#11137,#11138);
#9650=AXIS2_PLACEMENT_3D('',#14103,#11139,#11140);
#9651=AXIS2_PLACEMENT_3D('',#14108,#11143,#11144);
#9652=AXIS2_PLACEMENT_3D('',#14111,#11146,#11147);
#9653=AXIS2_PLACEMENT_3D('',#14112,#11148,#11149);
#9654=AXIS2_PLACEMENT_3D('',#14113,#11150,#11151);
#9655=AXIS2_PLACEMENT_3D('',#14114,#11152,#11153);
#9656=AXIS2_PLACEMENT_3D('',#14118,#11156,#11157);
#9657=AXIS2_PLACEMENT_3D('',#14124,#11161,#11162);
#9658=AXIS2_PLACEMENT_3D('',#14127,#11164,#11165);
#9659=AXIS2_PLACEMENT_3D('',#14130,#11167,#11168);
#9660=AXIS2_PLACEMENT_3D('',#14135,#11171,#11172);
#9661=AXIS2_PLACEMENT_3D('',#14140,#11175,#11176);
#9662=AXIS2_PLACEMENT_3D('',#14141,#11177,#11178);
#9663=AXIS2_PLACEMENT_3D('',#14145,#11181,#11182);
#9664=AXIS2_PLACEMENT_3D('',#14148,#11184,#11185);
#9665=AXIS2_PLACEMENT_3D('',#14149,#11186,#11187);
#9666=AXIS2_PLACEMENT_3D('',#14154,#11190,#11191);
#9667=AXIS2_PLACEMENT_3D('',#14155,#11192,#11193);
#9668=AXIS2_PLACEMENT_3D('',#14156,#11194,#11195);
#9669=AXIS2_PLACEMENT_3D('',#14160,#11198,#11199);
#9670=AXIS2_PLACEMENT_3D('',#14165,#11202,#11203);
#9671=AXIS2_PLACEMENT_3D('',#14166,#11204,#11205);
#9672=AXIS2_PLACEMENT_3D('',#14167,#11206,#11207);
#9673=AXIS2_PLACEMENT_3D('',#14170,#11209,#11210);
#9674=AXIS2_PLACEMENT_3D('',#14171,#11211,#11212);
#9675=AXIS2_PLACEMENT_3D('',#14175,#11215,#11216);
#9676=AXIS2_PLACEMENT_3D('',#14180,#11219,#11220);
#9677=AXIS2_PLACEMENT_3D('',#14181,#11221,#11222);
#9678=AXIS2_PLACEMENT_3D('',#14184,#11224,#11225);
#9679=AXIS2_PLACEMENT_3D('',#14189,#11228,#11229);
#9680=AXIS2_PLACEMENT_3D('',#14190,#11230,#11231);
#9681=AXIS2_PLACEMENT_3D('',#14192,#11233,#11234);
#9682=AXIS2_PLACEMENT_3D('',#14198,#11238,#11239);
#9683=AXIS2_PLACEMENT_3D('',#14199,#11240,#11241);
#9684=AXIS2_PLACEMENT_3D('',#14200,#11242,#11243);
#9685=AXIS2_PLACEMENT_3D('',#14205,#11246,#11247);
#9686=AXIS2_PLACEMENT_3D('',#14206,#11248,#11249);
#9687=AXIS2_PLACEMENT_3D('',#14207,#11250,#11251);
#9688=AXIS2_PLACEMENT_3D('',#14214,#11252,#11253);
#9689=AXIS2_PLACEMENT_3D('',#14221,#11254,#11255);
#9690=AXIS2_PLACEMENT_3D('',#14222,#11256,#11257);
#9691=AXIS2_PLACEMENT_3D('',#14228,#11261,#11262);
#9692=AXIS2_PLACEMENT_3D('',#14235,#11263,#11264);
#9693=AXIS2_PLACEMENT_3D('',#14242,#11265,#11266);
#9694=AXIS2_PLACEMENT_3D('',#14243,#11267,#11268);
#9695=AXIS2_PLACEMENT_3D('',#14244,#11269,#11270);
#9696=AXIS2_PLACEMENT_3D('',#14249,#11273,#11274);
#9697=AXIS2_PLACEMENT_3D('',#14254,#11277,#11278);
#9698=AXIS2_PLACEMENT_3D('',#14255,#11279,#11280);
#9699=AXIS2_PLACEMENT_3D('',#14256,#11281,#11282);
#9700=AXIS2_PLACEMENT_3D('',#14257,#11283,#11284);
#9701=AXIS2_PLACEMENT_3D('',#14259,#11285,#11286);
#9702=AXIS2_PLACEMENT_3D('',#14264,#11289,#11290);
#9703=AXIS2_PLACEMENT_3D('',#14267,#11292,#11293);
#9704=AXIS2_PLACEMENT_3D('',#14268,#11294,#11295);
#9705=AXIS2_PLACEMENT_3D('',#14269,#11296,#11297);
#9706=AXIS2_PLACEMENT_3D('',#14270,#11298,#11299);
#9707=AXIS2_PLACEMENT_3D('',#14274,#11302,#11303);
#9708=AXIS2_PLACEMENT_3D('',#14278,#11305,#11306);
#9709=AXIS2_PLACEMENT_3D('',#14282,#11308,#11309);
#9710=AXIS2_PLACEMENT_3D('',#14283,#11310,#11311);
#9711=AXIS2_PLACEMENT_3D('',#14289,#11312,#11313);
#9712=AXIS2_PLACEMENT_3D('',#14295,#11314,#11315);
#9713=AXIS2_PLACEMENT_3D('',#14300,#11318,#11319);
#9714=AXIS2_PLACEMENT_3D('',#14305,#11322,#11323);
#9715=AXIS2_PLACEMENT_3D('',#14306,#11324,#11325);
#9716=AXIS2_PLACEMENT_3D('',#14307,#11326,#11327);
#9717=AXIS2_PLACEMENT_3D('',#14308,#11328,#11329);
#9718=AXIS2_PLACEMENT_3D('',#14312,#11331,#11332);
#9719=AXIS2_PLACEMENT_3D('',#14316,#11334,#11335);
#9720=AXIS2_PLACEMENT_3D('',#14317,#11336,#11337);
#9721=AXIS2_PLACEMENT_3D('',#14318,#11338,#11339);
#9722=AXIS2_PLACEMENT_3D('',#14320,#11340,#11341);
#9723=AXIS2_PLACEMENT_3D('',#14326,#11342,#11343);
#9724=AXIS2_PLACEMENT_3D('',#14332,#11344,#11345);
#9725=AXIS2_PLACEMENT_3D('',#14341,#11348,#11349);
#9726=AXIS2_PLACEMENT_3D('',#14342,#11350,#11351);
#9727=AXIS2_PLACEMENT_3D('',#14348,#11352,#11353);
#9728=AXIS2_PLACEMENT_3D('',#14352,#11356,#11357);
#9729=AXIS2_PLACEMENT_3D('',#14359,#11358,#11359);
#9730=AXIS2_PLACEMENT_3D('',#14366,#11360,#11361);
#9731=AXIS2_PLACEMENT_3D('',#14367,#11362,#11363);
#9732=AXIS2_PLACEMENT_3D('',#14372,#11366,#11367);
#9733=AXIS2_PLACEMENT_3D('',#14373,#11368,#11369);
#9734=AXIS2_PLACEMENT_3D('',#14374,#11370,#11371);
#9735=AXIS2_PLACEMENT_3D('',#14376,#11372,#11373);
#9736=AXIS2_PLACEMENT_3D('',#14382,#11374,#11375);
#9737=AXIS2_PLACEMENT_3D('',#14388,#11376,#11377);
#9738=AXIS2_PLACEMENT_3D('',#14394,#11381,#11382);
#9739=AXIS2_PLACEMENT_3D('',#14403,#11385,#11386);
#9740=AXIS2_PLACEMENT_3D('',#14404,#11387,#11388);
#9741=AXIS2_PLACEMENT_3D('',#14410,#11389,#11390);
#9742=AXIS2_PLACEMENT_3D('',#14414,#11393,#11394);
#9743=AXIS2_PLACEMENT_3D('',#14420,#11395,#11396);
#9744=AXIS2_PLACEMENT_3D('',#14426,#11397,#11398);
#9745=AXIS2_PLACEMENT_3D('',#14427,#11399,#11400);
#9746=AXIS2_PLACEMENT_3D('',#14429,#11401,#11402);
#9747=AXIS2_PLACEMENT_3D('',#14430,#11403,#11404);
#9748=AXIS2_PLACEMENT_3D('',#14436,#11405,#11406);
#9749=AXIS2_PLACEMENT_3D('',#14445,#11409,#11410);
#9750=AXIS2_PLACEMENT_3D('',#14446,#11411,#11412);
#9751=AXIS2_PLACEMENT_3D('',#14452,#11413,#11414);
#9752=AXIS2_PLACEMENT_3D('',#14456,#11417,#11418);
#9753=AXIS2_PLACEMENT_3D('',#14467,#11422,#11423);
#9754=AXIS2_PLACEMENT_3D('',#14468,#11424,#11425);
#9755=AXIS2_PLACEMENT_3D('',#14474,#11426,#11427);
#9756=AXIS2_PLACEMENT_3D('',#14475,#11428,#11429);
#9757=AXIS2_PLACEMENT_3D('',#14477,#11430,#11431);
#9758=AXIS2_PLACEMENT_3D('',#14478,#11432,#11433);
#9759=AXIS2_PLACEMENT_3D('',#14484,#11434,#11435);
#9760=AXIS2_PLACEMENT_3D('',#14490,#11439,#11440);
#9761=AXIS2_PLACEMENT_3D('',#14499,#11443,#11444);
#9762=AXIS2_PLACEMENT_3D('',#14500,#11445,#11446);
#9763=AXIS2_PLACEMENT_3D('',#14506,#11447,#11448);
#9764=AXIS2_PLACEMENT_3D('',#14510,#11451,#11452);
#9765=AXIS2_PLACEMENT_3D('',#14517,#11453,#11454);
#9766=AXIS2_PLACEMENT_3D('',#14524,#11455,#11456);
#9767=AXIS2_PLACEMENT_3D('',#14525,#11457,#11458);
#9768=AXIS2_PLACEMENT_3D('',#14530,#11461,#11462);
#9769=AXIS2_PLACEMENT_3D('',#14531,#11463,#11464);
#9770=AXIS2_PLACEMENT_3D('',#14532,#11465,#11466);
#9771=AXIS2_PLACEMENT_3D('',#14534,#11467,#11468);
#9772=AXIS2_PLACEMENT_3D('',#14541,#11469,#11470);
#9773=AXIS2_PLACEMENT_3D('',#14548,#11471,#11472);
#9774=AXIS2_PLACEMENT_3D('',#14549,#11473,#11474);
#9775=AXIS2_PLACEMENT_3D('',#14558,#11477,#11478);
#9776=AXIS2_PLACEMENT_3D('',#14559,#11479,#11480);
#9777=AXIS2_PLACEMENT_3D('',#14565,#11481,#11482);
#9778=AXIS2_PLACEMENT_3D('',#14569,#11485,#11486);
#9779=AXIS2_PLACEMENT_3D('',#14576,#11487,#11488);
#9780=AXIS2_PLACEMENT_3D('',#14583,#11489,#11490);
#9781=AXIS2_PLACEMENT_3D('',#14584,#11491,#11492);
#9782=AXIS2_PLACEMENT_3D('',#14587,#11494,#11495);
#9783=AXIS2_PLACEMENT_3D('',#14590,#11497,#11498);
#9784=AXIS2_PLACEMENT_3D('',#14591,#11499,#11500);
#9785=AXIS2_PLACEMENT_3D('',#14593,#11501,#11502);
#9786=AXIS2_PLACEMENT_3D('',#14599,#11503,#11504);
#9787=AXIS2_PLACEMENT_3D('',#14605,#11505,#11506);
#9788=AXIS2_PLACEMENT_3D('',#14611,#11510,#11511);
#9789=AXIS2_PLACEMENT_3D('',#14620,#11514,#11515);
#9790=AXIS2_PLACEMENT_3D('',#14621,#11516,#11517);
#9791=AXIS2_PLACEMENT_3D('',#14627,#11518,#11519);
#9792=AXIS2_PLACEMENT_3D('',#14631,#11522,#11523);
#9793=AXIS2_PLACEMENT_3D('',#14638,#11524,#11525);
#9794=AXIS2_PLACEMENT_3D('',#14645,#11526,#11527);
#9795=AXIS2_PLACEMENT_3D('',#14646,#11528,#11529);
#9796=AXIS2_PLACEMENT_3D('',#14649,#11531,#11532);
#9797=AXIS2_PLACEMENT_3D('',#14652,#11534,#11535);
#9798=AXIS2_PLACEMENT_3D('',#14653,#11536,#11537);
#9799=AXIS2_PLACEMENT_3D('',#14655,#11538,#11539);
#9800=AXIS2_PLACEMENT_3D('',#14661,#11540,#11541);
#9801=AXIS2_PLACEMENT_3D('',#14667,#11542,#11543);
#9802=AXIS2_PLACEMENT_3D('',#14673,#11547,#11548);
#9803=AXIS2_PLACEMENT_3D('',#14682,#11551,#11552);
#9804=AXIS2_PLACEMENT_3D('',#14683,#11553,#11554);
#9805=AXIS2_PLACEMENT_3D('',#14689,#11555,#11556);
#9806=AXIS2_PLACEMENT_3D('',#14693,#11559,#11560);
#9807=AXIS2_PLACEMENT_3D('',#14700,#11561,#11562);
#9808=AXIS2_PLACEMENT_3D('',#14707,#11563,#11564);
#9809=AXIS2_PLACEMENT_3D('',#14708,#11565,#11566);
#9810=AXIS2_PLACEMENT_3D('',#14711,#11568,#11569);
#9811=AXIS2_PLACEMENT_3D('',#14714,#11571,#11572);
#9812=AXIS2_PLACEMENT_3D('',#14715,#11573,#11574);
#9813=AXIS2_PLACEMENT_3D('',#14717,#11575,#11576);
#9814=AXIS2_PLACEMENT_3D('',#14723,#11577,#11578);
#9815=AXIS2_PLACEMENT_3D('',#14729,#11579,#11580);
#9816=AXIS2_PLACEMENT_3D('',#14735,#11584,#11585);
#9817=AXIS2_PLACEMENT_3D('',#14744,#11588,#11589);
#9818=AXIS2_PLACEMENT_3D('',#14745,#11590,#11591);
#9819=AXIS2_PLACEMENT_3D('',#14751,#11592,#11593);
#9820=AXIS2_PLACEMENT_3D('',#14755,#11596,#11597);
#9821=AXIS2_PLACEMENT_3D('',#14762,#11598,#11599);
#9822=AXIS2_PLACEMENT_3D('',#14769,#11600,#11601);
#9823=AXIS2_PLACEMENT_3D('',#14770,#11602,#11603);
#9824=AXIS2_PLACEMENT_3D('',#14773,#11605,#11606);
#9825=AXIS2_PLACEMENT_3D('',#14776,#11608,#11609);
#9826=AXIS2_PLACEMENT_3D('',#14777,#11610,#11611);
#9827=AXIS2_PLACEMENT_3D('',#14779,#11612,#11613);
#9828=AXIS2_PLACEMENT_3D('',#14785,#11614,#11615);
#9829=AXIS2_PLACEMENT_3D('',#14791,#11616,#11617);
#9830=AXIS2_PLACEMENT_3D('',#14797,#11621,#11622);
#9831=AXIS2_PLACEMENT_3D('',#14806,#11625,#11626);
#9832=AXIS2_PLACEMENT_3D('',#14807,#11627,#11628);
#9833=AXIS2_PLACEMENT_3D('',#14813,#11629,#11630);
#9834=AXIS2_PLACEMENT_3D('',#14817,#11633,#11634);
#9835=AXIS2_PLACEMENT_3D('',#14824,#11635,#11636);
#9836=AXIS2_PLACEMENT_3D('',#14831,#11637,#11638);
#9837=AXIS2_PLACEMENT_3D('',#14832,#11639,#11640);
#9838=AXIS2_PLACEMENT_3D('',#14835,#11642,#11643);
#9839=AXIS2_PLACEMENT_3D('',#14838,#11645,#11646);
#9840=AXIS2_PLACEMENT_3D('',#14839,#11647,#11648);
#9841=AXIS2_PLACEMENT_3D('',#14841,#11649,#11650);
#9842=AXIS2_PLACEMENT_3D('',#14847,#11651,#11652);
#9843=AXIS2_PLACEMENT_3D('',#14853,#11653,#11654);
#9844=AXIS2_PLACEMENT_3D('',#14859,#11658,#11659);
#9845=AXIS2_PLACEMENT_3D('',#14866,#11660,#11661);
#9846=AXIS2_PLACEMENT_3D('',#14873,#11662,#11663);
#9847=AXIS2_PLACEMENT_3D('',#14874,#11664,#11665);
#9848=AXIS2_PLACEMENT_3D('',#14879,#11668,#11669);
#9849=AXIS2_PLACEMENT_3D('',#14880,#11670,#11671);
#9850=AXIS2_PLACEMENT_3D('',#14881,#11672,#11673);
#9851=AXIS2_PLACEMENT_3D('',#14883,#11674,#11675);
#9852=AXIS2_PLACEMENT_3D('',#14889,#11676,#11677);
#9853=AXIS2_PLACEMENT_3D('',#14895,#11678,#11679);
#9854=AXIS2_PLACEMENT_3D('',#14901,#11683,#11684);
#9855=AXIS2_PLACEMENT_3D('',#14910,#11687,#11688);
#9856=AXIS2_PLACEMENT_3D('',#14911,#11689,#11690);
#9857=AXIS2_PLACEMENT_3D('',#14917,#11691,#11692);
#9858=AXIS2_PLACEMENT_3D('',#14921,#11695,#11696);
#9859=AXIS2_PLACEMENT_3D('',#14928,#11697,#11698);
#9860=AXIS2_PLACEMENT_3D('',#14935,#11699,#11700);
#9861=AXIS2_PLACEMENT_3D('',#14936,#11701,#11702);
#9862=AXIS2_PLACEMENT_3D('',#14941,#11705,#11706);
#9863=AXIS2_PLACEMENT_3D('',#14942,#11707,#11708);
#9864=AXIS2_PLACEMENT_3D('',#14943,#11709,#11710);
#9865=AXIS2_PLACEMENT_3D('',#14945,#11711,#11712);
#9866=AXIS2_PLACEMENT_3D('',#14951,#11713,#11714);
#9867=AXIS2_PLACEMENT_3D('',#14957,#11715,#11716);
#9868=AXIS2_PLACEMENT_3D('',#14963,#11720,#11721);
#9869=AXIS2_PLACEMENT_3D('',#14972,#11724,#11725);
#9870=AXIS2_PLACEMENT_3D('',#14973,#11726,#11727);
#9871=AXIS2_PLACEMENT_3D('',#14979,#11728,#11729);
#9872=AXIS2_PLACEMENT_3D('',#14983,#11732,#11733);
#9873=AXIS2_PLACEMENT_3D('',#14990,#11734,#11735);
#9874=AXIS2_PLACEMENT_3D('',#14997,#11736,#11737);
#9875=AXIS2_PLACEMENT_3D('',#14998,#11738,#11739);
#9876=AXIS2_PLACEMENT_3D('',#15003,#11742,#11743);
#9877=AXIS2_PLACEMENT_3D('',#15004,#11744,#11745);
#9878=AXIS2_PLACEMENT_3D('',#15005,#11746,#11747);
#9879=AXIS2_PLACEMENT_3D('',#15007,#11748,#11749);
#9880=AXIS2_PLACEMENT_3D('',#15013,#11750,#11751);
#9881=AXIS2_PLACEMENT_3D('',#15019,#11752,#11753);
#9882=AXIS2_PLACEMENT_3D('',#15025,#11757,#11758);
#9883=AXIS2_PLACEMENT_3D('',#15036,#11762,#11763);
#9884=AXIS2_PLACEMENT_3D('',#15037,#11764,#11765);
#9885=AXIS2_PLACEMENT_3D('',#15043,#11766,#11767);
#9886=AXIS2_PLACEMENT_3D('',#15052,#11772,#11773);
#9887=AXIS2_PLACEMENT_3D('',#15053,#11774,#11775);
#9888=AXIS2_PLACEMENT_3D('',#15054,#11776,#11777);
#9889=AXIS2_PLACEMENT_3D('',#15063,#11782,#11783);
#9890=AXIS2_PLACEMENT_3D('',#15064,#11784,#11785);
#9891=AXIS2_PLACEMENT_3D('',#15065,#11786,#11787);
#9892=AXIS2_PLACEMENT_3D('',#15074,#11792,#11793);
#9893=AXIS2_PLACEMENT_3D('',#15075,#11794,#11795);
#9894=AXIS2_PLACEMENT_3D('',#15076,#11796,#11797);
#9895=AXIS2_PLACEMENT_3D('',#15077,#11798,#11799);
#9896=AXIS2_PLACEMENT_3D('',#15086,#11804,#11805);
#9897=AXIS2_PLACEMENT_3D('',#15087,#11806,#11807);
#9898=AXIS2_PLACEMENT_3D('',#15088,#11808,#11809);
#9899=AXIS2_PLACEMENT_3D('',#15089,#11810,#11811);
#9900=AXIS2_PLACEMENT_3D('',#15098,#11816,#11817);
#9901=AXIS2_PLACEMENT_3D('',#15107,#11822,#11823);
#9902=AXIS2_PLACEMENT_3D('',#15116,#11828,#11829);
#9903=AXIS2_PLACEMENT_3D('',#15117,#11830,#11831);
#9904=AXIS2_PLACEMENT_3D('',#15118,#11832,#11833);
#9905=AXIS2_PLACEMENT_3D('',#15127,#11838,#11839);
#9906=AXIS2_PLACEMENT_3D('',#15128,#11840,#11841);
#9907=AXIS2_PLACEMENT_3D('',#15129,#11842,#11843);
#9908=AXIS2_PLACEMENT_3D('',#15138,#11848,#11849);
#9909=AXIS2_PLACEMENT_3D('',#15139,#11850,#11851);
#9910=AXIS2_PLACEMENT_3D('',#15140,#11852,#11853);
#9911=AXIS2_PLACEMENT_3D('',#15149,#11858,#11859);
#9912=AXIS2_PLACEMENT_3D('',#15150,#11860,#11861);
#9913=AXIS2_PLACEMENT_3D('',#15151,#11862,#11863);
#9914=AXIS2_PLACEMENT_3D('',#15160,#11868,#11869);
#9915=AXIS2_PLACEMENT_3D('',#15161,#11870,#11871);
#9916=AXIS2_PLACEMENT_3D('',#15162,#11872,#11873);
#9917=AXIS2_PLACEMENT_3D('',#15171,#11878,#11879);
#9918=AXIS2_PLACEMENT_3D('',#15180,#11884,#11885);
#9919=AXIS2_PLACEMENT_3D('',#15181,#11886,#11887);
#9920=AXIS2_PLACEMENT_3D('',#15182,#11888,#11889);
#9921=AXIS2_PLACEMENT_3D('',#15191,#11894,#11895);
#9922=AXIS2_PLACEMENT_3D('',#15197,#11899,#11900);
#9923=AXIS2_PLACEMENT_3D('',#15201,#11903,#11904);
#9924=AXIS2_PLACEMENT_3D('',#15205,#11907,#11908);
#9925=AXIS2_PLACEMENT_3D('',#15208,#11911,#11912);
#9926=AXIS2_PLACEMENT_3D('',#15210,#11914,#11915);
#9927=AXIS2_PLACEMENT_3D('',#15219,#11921,#11922);
#9928=AXIS2_PLACEMENT_3D('',#15220,#11923,#11924);
#9929=AXIS2_PLACEMENT_3D('',#15226,#11927,#11928);
#9930=AXIS2_PLACEMENT_3D('',#15232,#11932,#11933);
#9931=AXIS2_PLACEMENT_3D('',#15237,#11937,#11938);
#9932=AXIS2_PLACEMENT_3D('',#15241,#11941,#11942);
#9933=AXIS2_PLACEMENT_3D('',#15242,#11943,#11944);
#9934=AXIS2_PLACEMENT_3D('',#15244,#11945,#11946);
#9935=AXIS2_PLACEMENT_3D('',#15250,#11947,#11948);
#9936=AXIS2_PLACEMENT_3D('',#15256,#11949,#11950);
#9937=AXIS2_PLACEMENT_3D('',#15262,#11954,#11955);
#9938=AXIS2_PLACEMENT_3D('',#15263,#11956,#11957);
#9939=AXIS2_PLACEMENT_3D('',#15264,#11958,#11959);
#9940=AXIS2_PLACEMENT_3D('',#15275,#11965,#11966);
#9941=AXIS2_PLACEMENT_3D('',#15282,#11968,#11969);
#9942=AXIS2_PLACEMENT_3D('',#15283,#11970,#11971);
#9943=AXIS2_PLACEMENT_3D('',#15289,#11972,#11973);
#9944=AXIS2_PLACEMENT_3D('',#15293,#11976,#11977);
#9945=AXIS2_PLACEMENT_3D('',#15300,#11978,#11979);
#9946=AXIS2_PLACEMENT_3D('',#15307,#11980,#11981);
#9947=AXIS2_PLACEMENT_3D('',#15308,#11982,#11983);
#9948=AXIS2_PLACEMENT_3D('',#15316,#11988,#11989);
#9949=AXIS2_PLACEMENT_3D('',#15319,#11991,#11992);
#9950=AXIS2_PLACEMENT_3D('',#15327,#11997,#11998);
#9951=AXIS2_PLACEMENT_3D('',#15331,#12001,#12002);
#9952=AXIS2_PLACEMENT_3D('',#15338,#12003,#12004);
#9953=AXIS2_PLACEMENT_3D('',#15345,#12005,#12006);
#9954=AXIS2_PLACEMENT_3D('',#15346,#12007,#12008);
#9955=AXIS2_PLACEMENT_3D('',#15353,#12009,#12010);
#9956=AXIS2_PLACEMENT_3D('',#15360,#12011,#12012);
#9957=AXIS2_PLACEMENT_3D('',#15361,#12013,#12014);
#9958=AXIS2_PLACEMENT_3D('',#15368,#12015,#12016);
#9959=AXIS2_PLACEMENT_3D('',#15375,#12017,#12018);
#9960=AXIS2_PLACEMENT_3D('',#15376,#12019,#12020);
#9961=AXIS2_PLACEMENT_3D('',#15383,#12021,#12022);
#9962=AXIS2_PLACEMENT_3D('',#15390,#12023,#12024);
#9963=AXIS2_PLACEMENT_3D('',#15391,#12025,#12026);
#9964=AXIS2_PLACEMENT_3D('',#15397,#12030,#12031);
#9965=AXIS2_PLACEMENT_3D('',#15402,#12034,#12035);
#9966=AXIS2_PLACEMENT_3D('',#15405,#12037,#12038);
#9967=AXIS2_PLACEMENT_3D('',#15406,#12039,#12040);
#9968=AXIS2_PLACEMENT_3D('',#15410,#12043,#12044);
#9969=AXIS2_PLACEMENT_3D('',#15415,#12047,#12048);
#9970=AXIS2_PLACEMENT_3D('',#15418,#12050,#12051);
#9971=AXIS2_PLACEMENT_3D('',#15419,#12052,#12053);
#9972=AXIS2_PLACEMENT_3D('',#15421,#12055,#12056);
#9973=AXIS2_PLACEMENT_3D('',#15425,#12059,#12060);
#9974=AXIS2_PLACEMENT_3D('',#15429,#12063,#12064);
#9975=AXIS2_PLACEMENT_3D('',#15430,#12065,#12066);
#9976=AXIS2_PLACEMENT_3D('',#15434,#12069,#12070);
#9977=AXIS2_PLACEMENT_3D('',#15437,#12072,#12073);
#9978=AXIS2_PLACEMENT_3D('',#15441,#12076,#12077);
#9979=AXIS2_PLACEMENT_3D('',#15448,#12078,#12079);
#9980=AXIS2_PLACEMENT_3D('',#15455,#12080,#12081);
#9981=AXIS2_PLACEMENT_3D('',#15456,#12082,#12083);
#9982=AXIS2_PLACEMENT_3D('',#15463,#12084,#12085);
#9983=AXIS2_PLACEMENT_3D('',#15470,#12086,#12087);
#9984=AXIS2_PLACEMENT_3D('',#15471,#12088,#12089);
#9985=AXIS2_PLACEMENT_3D('',#15474,#12092,#12093);
#9986=AXIS2_PLACEMENT_3D('',#15476,#12095,#12096);
#9987=AXIS2_PLACEMENT_3D('',#15478,#12098,#12099);
#9988=AXIS2_PLACEMENT_3D('',#15480,#12101,#12102);
#9989=AXIS2_PLACEMENT_3D('',#15482,#12104,#12105);
#9990=AXIS2_PLACEMENT_3D('',#15484,#12107,#12108);
#9991=AXIS2_PLACEMENT_3D('',#15486,#12110,#12111);
#9992=AXIS2_PLACEMENT_3D('',#15488,#12113,#12114);
#9993=AXIS2_PLACEMENT_3D('',#15490,#12116,#12117);
#9994=AXIS2_PLACEMENT_3D('',#15492,#12119,#12120);
#9995=AXIS2_PLACEMENT_3D('',#15494,#12122,#12123);
#9996=AXIS2_PLACEMENT_3D('',#15496,#12125,#12126);
#9997=AXIS2_PLACEMENT_3D('',#15498,#12128,#12129);
#9998=AXIS2_PLACEMENT_3D('',#15500,#12131,#12132);
#9999=AXIS2_PLACEMENT_3D('',#15502,#12134,#12135);
#10000=AXIS2_PLACEMENT_3D('',#15504,#12137,#12138);
#10001=AXIS2_PLACEMENT_3D('',#15506,#12140,#12141);
#10002=AXIS2_PLACEMENT_3D('',#15510,#12144,#12145);
#10003=AXIS2_PLACEMENT_3D('',#15511,#12146,#12147);
#10004=AXIS2_PLACEMENT_3D('',#15514,#12150,#12151);
#10005=AXIS2_PLACEMENT_3D('',#15516,#12153,#12154);
#10006=AXIS2_PLACEMENT_3D('',#15518,#12156,#12157);
#10007=AXIS2_PLACEMENT_3D('',#15519,#12158,#12159);
#10008=AXIS2_PLACEMENT_3D('',#15522,#12162,#12163);
#10009=AXIS2_PLACEMENT_3D('',#15524,#12165,#12166);
#10010=AXIS2_PLACEMENT_3D('',#15526,#12168,#12169);
#10011=AXIS2_PLACEMENT_3D('',#15527,#12170,#12171);
#10012=AXIS2_PLACEMENT_3D('',#15530,#12174,#12175);
#10013=AXIS2_PLACEMENT_3D('',#15532,#12177,#12178);
#10014=AXIS2_PLACEMENT_3D('',#15534,#12180,#12181);
#10015=AXIS2_PLACEMENT_3D('',#15535,#12182,#12183);
#10016=AXIS2_PLACEMENT_3D('',#15538,#12186,#12187);
#10017=AXIS2_PLACEMENT_3D('',#15540,#12189,#12190);
#10018=AXIS2_PLACEMENT_3D('',#15542,#12192,#12193);
#10019=AXIS2_PLACEMENT_3D('',#15543,#12194,#12195);
#10020=AXIS2_PLACEMENT_3D('',#15546,#12198,#12199);
#10021=AXIS2_PLACEMENT_3D('',#15548,#12201,#12202);
#10022=AXIS2_PLACEMENT_3D('',#15550,#12204,#12205);
#10023=AXIS2_PLACEMENT_3D('',#15551,#12206,#12207);
#10024=AXIS2_PLACEMENT_3D('',#15554,#12210,#12211);
#10025=AXIS2_PLACEMENT_3D('',#15556,#12213,#12214);
#10026=AXIS2_PLACEMENT_3D('',#15558,#12216,#12217);
#10027=AXIS2_PLACEMENT_3D('',#15559,#12218,#12219);
#10028=AXIS2_PLACEMENT_3D('',#15562,#12222,#12223);
#10029=AXIS2_PLACEMENT_3D('',#15564,#12225,#12226);
#10030=AXIS2_PLACEMENT_3D('',#15566,#12228,#12229);
#10031=AXIS2_PLACEMENT_3D('',#15567,#12230,#12231);
#10032=AXIS2_PLACEMENT_3D('',#15570,#12234,#12235);
#10033=AXIS2_PLACEMENT_3D('',#15572,#12237,#12238);
#10034=AXIS2_PLACEMENT_3D('',#15574,#12240,#12241);
#10035=AXIS2_PLACEMENT_3D('',#15575,#12242,#12243);
#10036=AXIS2_PLACEMENT_3D('',#15578,#12246,#12247);
#10037=AXIS2_PLACEMENT_3D('',#15580,#12249,#12250);
#10038=AXIS2_PLACEMENT_3D('',#15582,#12252,#12253);
#10039=AXIS2_PLACEMENT_3D('',#15583,#12254,#12255);
#10040=AXIS2_PLACEMENT_3D('',#15586,#12258,#12259);
#10041=AXIS2_PLACEMENT_3D('',#15588,#12261,#12262);
#10042=AXIS2_PLACEMENT_3D('',#15590,#12264,#12265);
#10043=AXIS2_PLACEMENT_3D('',#15591,#12266,#12267);
#10044=AXIS2_PLACEMENT_3D('',#15594,#12270,#12271);
#10045=AXIS2_PLACEMENT_3D('',#15596,#12273,#12274);
#10046=AXIS2_PLACEMENT_3D('',#15598,#12276,#12277);
#10047=AXIS2_PLACEMENT_3D('',#15599,#12278,#12279);
#10048=AXIS2_PLACEMENT_3D('',#15602,#12282,#12283);
#10049=AXIS2_PLACEMENT_3D('',#15604,#12285,#12286);
#10050=AXIS2_PLACEMENT_3D('',#15606,#12288,#12289);
#10051=AXIS2_PLACEMENT_3D('',#15607,#12290,#12291);
#10052=AXIS2_PLACEMENT_3D('',#15610,#12294,#12295);
#10053=AXIS2_PLACEMENT_3D('',#15612,#12297,#12298);
#10054=AXIS2_PLACEMENT_3D('',#15614,#12300,#12301);
#10055=AXIS2_PLACEMENT_3D('',#15615,#12302,#12303);
#10056=AXIS2_PLACEMENT_3D('',#15618,#12306,#12307);
#10057=AXIS2_PLACEMENT_3D('',#15620,#12309,#12310);
#10058=AXIS2_PLACEMENT_3D('',#15622,#12312,#12313);
#10059=AXIS2_PLACEMENT_3D('',#15623,#12314,#12315);
#10060=AXIS2_PLACEMENT_3D('',#15626,#12318,#12319);
#10061=AXIS2_PLACEMENT_3D('',#15628,#12321,#12322);
#10062=AXIS2_PLACEMENT_3D('',#15630,#12324,#12325);
#10063=AXIS2_PLACEMENT_3D('',#15631,#12326,#12327);
#10064=AXIS2_PLACEMENT_3D('',#15634,#12330,#12331);
#10065=AXIS2_PLACEMENT_3D('',#15636,#12333,#12334);
#10066=AXIS2_PLACEMENT_3D('',#15638,#12336,#12337);
#10067=AXIS2_PLACEMENT_3D('',#15640,#12339,#12340);
#10068=AXIS2_PLACEMENT_3D('',#15642,#12342,#12343);
#10069=AXIS2_PLACEMENT_3D('',#15644,#12345,#12346);
#10070=AXIS2_PLACEMENT_3D('',#15646,#12348,#12349);
#10071=AXIS2_PLACEMENT_3D('',#15648,#12351,#12352);
#10072=AXIS2_PLACEMENT_3D('',#15650,#12354,#12355);
#10073=AXIS2_PLACEMENT_3D('',#15654,#12358,#12359);
#10074=AXIS2_PLACEMENT_3D('',#15660,#12363,#12364);
#10075=AXIS2_PLACEMENT_3D('',#15666,#12368,#12369);
#10076=AXIS2_PLACEMENT_3D('',#15670,#12372,#12373);
#10077=AXIS2_PLACEMENT_3D('',#15676,#12377,#12378);
#10078=AXIS2_PLACEMENT_3D('',#15681,#12381,#12382);
#10079=AXIS2_PLACEMENT_3D('',#15684,#12384,#12385);
#10080=AXIS2_PLACEMENT_3D('',#15685,#12386,#12387);
#10081=AXIS2_PLACEMENT_3D('',#15689,#12390,#12391);
#10082=AXIS2_PLACEMENT_3D('',#15693,#12394,#12395);
#10083=AXIS2_PLACEMENT_3D('',#15697,#12398,#12399);
#10084=AXIS2_PLACEMENT_3D('',#15703,#12403,#12404);
#10085=AXIS2_PLACEMENT_3D('',#15705,#12406,#12407);
#10086=AXIS2_PLACEMENT_3D('',#15707,#12409,#12410);
#10087=AXIS2_PLACEMENT_3D('',#15711,#12413,#12414);
#10088=AXIS2_PLACEMENT_3D('',#15715,#12417,#12418);
#10089=AXIS2_PLACEMENT_3D('',#15719,#12421,#12422);
#10090=AXIS2_PLACEMENT_3D('',#15723,#12425,#12426);
#10091=AXIS2_PLACEMENT_3D('',#15725,#12428,#12429);
#10092=AXIS2_PLACEMENT_3D('',#15729,#12432,#12433);
#10093=AXIS2_PLACEMENT_3D('',#15731,#12435,#12436);
#10094=AXIS2_PLACEMENT_3D('',#15735,#12439,#12440);
#10095=AXIS2_PLACEMENT_3D('',#15739,#12443,#12444);
#10096=AXIS2_PLACEMENT_3D('',#15743,#12447,#12448);
#10097=AXIS2_PLACEMENT_3D('',#15747,#12451,#12452);
#10098=AXIS2_PLACEMENT_3D('',#15751,#12455,#12456);
#10099=AXIS2_PLACEMENT_3D('',#15757,#12460,#12461);
#10100=AXIS2_PLACEMENT_3D('',#15762,#12465,#12466);
#10101=AXIS2_PLACEMENT_3D('',#15768,#12470,#12471);
#10102=AXIS2_PLACEMENT_3D('',#15770,#12473,#12474);
#10103=AXIS2_PLACEMENT_3D('',#15772,#12476,#12477);
#10104=AXIS2_PLACEMENT_3D('',#15776,#12480,#12481);
#10105=AXIS2_PLACEMENT_3D('',#15783,#12486,#12487);
#10106=AXIS2_PLACEMENT_3D('',#15790,#12492,#12493);
#10107=AXIS2_PLACEMENT_3D('',#15792,#12495,#12496);
#10108=AXIS2_PLACEMENT_3D('',#15796,#12499,#12500);
#10109=AXIS2_PLACEMENT_3D('',#15800,#12503,#12504);
#10110=AXIS2_PLACEMENT_3D('',#15804,#12507,#12508);
#10111=AXIS2_PLACEMENT_3D('',#15808,#12511,#12512);
#10112=AXIS2_PLACEMENT_3D('',#15812,#12515,#12516);
#10113=AXIS2_PLACEMENT_3D('',#15816,#12519,#12520);
#10114=AXIS2_PLACEMENT_3D('',#15820,#12523,#12524);
#10115=AXIS2_PLACEMENT_3D('',#15824,#12527,#12528);
#10116=AXIS2_PLACEMENT_3D('',#15826,#12530,#12531);
#10117=AXIS2_PLACEMENT_3D('',#15828,#12533,#12534);
#10118=AXIS2_PLACEMENT_3D('',#15830,#12536,#12537);
#10119=AXIS2_PLACEMENT_3D('',#15832,#12539,#12540);
#10120=AXIS2_PLACEMENT_3D('',#15833,#12541,#12542);
#10121=AXIS2_PLACEMENT_3D('',#15834,#12543,#12544);
#10122=AXIS2_PLACEMENT_3D('',#15835,#12545,#12546);
#10123=AXIS2_PLACEMENT_3D('',#15836,#12547,#12548);
#10124=AXIS2_PLACEMENT_3D('',#15837,#12549,#12550);
#10125=AXIS2_PLACEMENT_3D('',#15838,#12551,#12552);
#10126=AXIS2_PLACEMENT_3D('',#15842,#12555,#12556);
#10127=AXIS2_PLACEMENT_3D('',#15846,#12559,#12560);
#10128=AXIS2_PLACEMENT_3D('',#15852,#12564,#12565);
#10129=AXIS2_PLACEMENT_3D('',#15856,#12568,#12569);
#10130=AXIS2_PLACEMENT_3D('',#15857,#12570,#12571);
#10131=AXIS2_PLACEMENT_3D('',#15860,#12573,#12574);
#10132=AXIS2_PLACEMENT_3D('',#15864,#12577,#12578);
#10133=AXIS2_PLACEMENT_3D('',#15868,#12581,#12582);
#10134=AXIS2_PLACEMENT_3D('',#15874,#12586,#12587);
#10135=AXIS2_PLACEMENT_3D('',#15876,#12589,#12590);
#10136=AXIS2_PLACEMENT_3D('',#15878,#12592,#12593);
#10137=AXIS2_PLACEMENT_3D('',#15879,#12594,#12595);
#10138=AXIS2_PLACEMENT_3D('',#15881,#12597,#12598);
#10139=AXIS2_PLACEMENT_3D('',#15883,#12600,#12601);
#10140=AXIS2_PLACEMENT_3D('',#15884,#12602,#12603);
#10141=AXIS2_PLACEMENT_3D('',#15886,#12605,#12606);
#10142=AXIS2_PLACEMENT_3D('',#15888,#12608,#12609);
#10143=AXIS2_PLACEMENT_3D('',#15889,#12610,#12611);
#10144=AXIS2_PLACEMENT_3D('',#15890,#12612,#12613);
#10145=AXIS2_PLACEMENT_3D('',#15891,#12614,#12615);
#10146=AXIS2_PLACEMENT_3D('',#15894,#12618,#12619);
#10147=AXIS2_PLACEMENT_3D('',#15896,#12621,#12622);
#10148=AXIS2_PLACEMENT_3D('',#15898,#12624,#12625);
#10149=AXIS2_PLACEMENT_3D('',#15899,#12626,#12627);
#10150=AXIS2_PLACEMENT_3D('',#15902,#12630,#12631);
#10151=AXIS2_PLACEMENT_3D('',#15904,#12633,#12634);
#10152=AXIS2_PLACEMENT_3D('',#15906,#12636,#12637);
#10153=AXIS2_PLACEMENT_3D('',#15908,#12639,#12640);
#10154=AXIS2_PLACEMENT_3D('',#15909,#12641,#12642);
#10155=AXIS2_PLACEMENT_3D('',#15912,#12645,#12646);
#10156=AXIS2_PLACEMENT_3D('',#15914,#12648,#12649);
#10157=AXIS2_PLACEMENT_3D('',#15916,#12651,#12652);
#10158=DIRECTION('',(0.,0.,1.));
#10159=DIRECTION('',(1.,0.,0.));
#10160=DIRECTION('',(0.,0.,1.));
#10161=DIRECTION('',(1.,0.,0.));
#10162=DIRECTION('',(0.64278760968654,-0.766044443118978,0.));
#10163=DIRECTION('',(0.,-1.,0.));
#10164=DIRECTION('',(-0.707106781186548,-0.707106781186548,0.));
#10165=DIRECTION('',(1.,0.,0.));
#10166=DIRECTION('',(0.,1.,0.));
#10167=DIRECTION('',(5.55111512312578E-16,-1.,0.));
#10168=DIRECTION('',(0.64278760968654,-0.766044443118978,0.));
#10169=DIRECTION('',(-1.94094934375027E-16,1.,0.));
#10170=DIRECTION('',(1.,1.37403839681331E-16,0.));
#10171=DIRECTION('',(0.766044443118978,-0.64278760968654,0.));
#10172=DIRECTION('',(1.,0.,0.));
#10173=DIRECTION('',(0.766044443118978,0.64278760968654,0.));
#10174=DIRECTION('',(1.,1.37403839681331E-16,0.));
#10175=DIRECTION('',(0.,1.,0.));
#10176=DIRECTION('',(1.,0.,0.));
#10177=DIRECTION('',(-3.01691039300315E-16,-1.,0.));
#10178=DIRECTION('',(1.,0.,0.));
#10179=DIRECTION('',(0.,1.,0.));
#10180=DIRECTION('',(-1.,0.,0.));
#10181=DIRECTION('',(0.,-1.,0.));
#10182=DIRECTION('',(1.,0.,0.));
#10183=DIRECTION('',(0.,0.,1.));
#10184=DIRECTION('',(1.,0.,0.));
#10185=DIRECTION('',(1.,0.,0.));
#10186=DIRECTION('',(0.,-1.,0.));
#10187=DIRECTION('',(-1.,0.,0.));
#10188=DIRECTION('',(0.,1.,0.));
#10189=DIRECTION('',(1.,0.,0.));
#10190=DIRECTION('',(-3.01691039300315E-16,-1.,0.));
#10191=DIRECTION('',(1.,6.03382078600629E-16,0.));
#10192=DIRECTION('',(0.,1.,0.));
#10193=DIRECTION('',(1.,0.,0.));
#10194=DIRECTION('',(-3.01691039300315E-16,-1.,0.));
#10195=DIRECTION('',(1.,0.,0.));
#10196=DIRECTION('',(0.,-1.,0.));
#10197=DIRECTION('',(1.,0.,0.));
#10198=DIRECTION('',(0.,-1.,0.));
#10199=DIRECTION('',(1.,0.,0.));
#10200=DIRECTION('',(0.,-1.,0.));
#10201=DIRECTION('',(1.,0.,0.));
#10202=DIRECTION('',(0.,-1.,0.));
#10203=DIRECTION('',(0.,0.,1.));
#10204=DIRECTION('',(1.,0.,0.));
#10205=DIRECTION('',(6.83623539013103E-15,-1.,0.));
#10206=DIRECTION('',(1.,0.,0.));
#10207=DIRECTION('',(0.,-1.,0.));
#10208=DIRECTION('',(1.,0.,0.));
#10209=DIRECTION('',(0.,-1.,0.));
#10210=DIRECTION('',(1.,0.,0.));
#10211=DIRECTION('',(0.,-1.,0.));
#10212=DIRECTION('',(1.,0.,0.));
#10213=DIRECTION('',(0.,-1.,0.));
#10214=DIRECTION('',(1.,0.,0.));
#10215=DIRECTION('',(0.,-1.,0.));
#10216=DIRECTION('',(1.,0.,0.));
#10217=DIRECTION('',(0.,-1.,0.));
#10218=DIRECTION('',(1.,0.,0.));
#10219=DIRECTION('',(0.,-1.,0.));
#10220=DIRECTION('',(0.,0.,1.));
#10221=DIRECTION('',(1.,0.,0.));
#10222=DIRECTION('',(6.83623539013103E-15,-1.,0.));
#10223=DIRECTION('',(1.,0.,0.));
#10224=DIRECTION('',(0.,-1.,0.));
#10225=DIRECTION('',(1.,0.,0.));
#10226=DIRECTION('',(-1.94094934375027E-16,1.,0.));
#10227=DIRECTION('',(-0.642787609686539,-0.766044443118978,0.));
#10228=DIRECTION('',(0.,-1.,0.));
#10229=DIRECTION('',(1.,0.,0.));
#10230=DIRECTION('',(0.,-1.,0.));
#10231=DIRECTION('',(1.,0.,0.));
#10232=DIRECTION('',(0.,-1.,0.));
#10233=DIRECTION('',(1.,6.03382078600629E-16,0.));
#10234=DIRECTION('',(0.,-1.,0.));
#10235=DIRECTION('',(1.,0.,0.));
#10236=DIRECTION('',(0.,-1.,0.));
#10237=DIRECTION('',(1.,0.,0.));
#10238=DIRECTION('',(0.,-1.,0.));
#10239=DIRECTION('',(1.,0.,0.));
#10240=DIRECTION('',(0.,-1.,0.));
#10241=DIRECTION('',(1.,6.03382078600629E-16,0.));
#10242=DIRECTION('',(0.,-1.,0.));
#10243=DIRECTION('',(1.,0.,0.));
#10244=DIRECTION('',(0.,-1.,0.));
#10245=DIRECTION('',(1.,0.,0.));
#10246=DIRECTION('',(0.,-1.,0.));
#10247=DIRECTION('',(1.,0.,0.));
#10248=DIRECTION('',(0.,-1.,0.));
#10249=DIRECTION('',(1.,0.,0.));
#10250=DIRECTION('',(0.,-1.,0.));
#10251=DIRECTION('',(1.,0.,0.));
#10252=DIRECTION('',(0.,-1.,0.));
#10253=DIRECTION('',(1.,0.,0.));
#10254=DIRECTION('',(0.,-1.,0.));
#10255=DIRECTION('',(1.,0.,0.));
#10256=DIRECTION('',(0.,-1.,0.));
#10257=DIRECTION('',(1.,0.,0.));
#10258=DIRECTION('',(0.,-1.,0.));
#10259=DIRECTION('',(1.,0.,0.));
#10260=DIRECTION('',(0.,-1.,0.));
#10261=DIRECTION('',(1.,6.03382078600629E-16,0.));
#10262=DIRECTION('',(0.,-1.,0.));
#10263=DIRECTION('',(1.,0.,0.));
#10264=DIRECTION('',(0.,-1.,0.));
#10265=DIRECTION('',(1.,0.,0.));
#10266=DIRECTION('',(0.,-1.,0.));
#10267=DIRECTION('',(1.,0.,0.));
#10268=DIRECTION('',(0.,-1.,0.));
#10269=DIRECTION('',(1.,6.03382078600629E-16,0.));
#10270=DIRECTION('',(0.,-1.,0.));
#10271=DIRECTION('',(1.,0.,0.));
#10272=DIRECTION('',(0.,-1.,0.));
#10273=DIRECTION('',(1.,0.,0.));
#10274=DIRECTION('',(0.,-1.,0.));
#10275=DIRECTION('',(1.,0.,0.));
#10276=DIRECTION('',(0.,-1.,0.));
#10277=DIRECTION('',(1.,0.,0.));
#10278=DIRECTION('',(0.,-1.,0.));
#10279=DIRECTION('',(1.,0.,0.));
#10280=DIRECTION('',(0.,-1.,0.));
#10281=DIRECTION('',(1.,6.03382078600629E-16,0.));
#10282=DIRECTION('',(0.,-1.,0.));
#10283=DIRECTION('',(1.,0.,0.));
#10284=DIRECTION('',(0.,-1.,0.));
#10285=DIRECTION('',(1.,0.,0.));
#10286=DIRECTION('',(0.,-1.,0.));
#10287=DIRECTION('',(1.,0.,0.));
#10288=DIRECTION('',(0.,0.,1.));
#10289=DIRECTION('',(1.,0.,0.));
#10290=DIRECTION('',(0.,0.,1.));
#10291=DIRECTION('',(1.,0.,0.));
#10292=DIRECTION('',(0.,0.,1.));
#10293=DIRECTION('',(1.,0.,0.));
#10294=DIRECTION('',(0.,0.,1.));
#10295=DIRECTION('',(1.,0.,0.));
#10296=DIRECTION('',(0.,0.,1.));
#10297=DIRECTION('',(1.,0.,0.));
#10298=DIRECTION('',(0.,1.,0.));
#10299=DIRECTION('',(1.,0.,0.));
#10300=DIRECTION('',(0.766044443118978,0.64278760968654,0.));
#10301=DIRECTION('',(1.,0.,0.));
#10302=DIRECTION('',(1.,0.,0.));
#10303=DIRECTION('',(-0.403041371345948,0.915181759533907,0.));
#10304=DIRECTION('',(-0.915181759533907,-0.403041371345948,0.));
#10305=DIRECTION('',(0.,1.,0.));
#10306=DIRECTION('',(0.,0.,1.));
#10307=DIRECTION('',(1.,0.,0.));
#10308=DIRECTION('',(0.,0.,1.));
#10309=DIRECTION('',(1.,0.,0.));
#10310=DIRECTION('',(0.,0.,1.));
#10311=DIRECTION('',(1.,0.,0.));
#10312=DIRECTION('',(-0.642787609686539,-0.766044443118978,0.));
#10313=DIRECTION('',(-1.94094934375027E-16,1.,0.));
#10314=DIRECTION('',(1.,0.,0.));
#10315=DIRECTION('',(1.11022302462516E-16,-1.,0.));
#10316=DIRECTION('',(0.,0.,1.));
#10317=DIRECTION('',(1.,0.,0.));
#10318=DIRECTION('',(1.11022302462516E-16,-1.,0.));
#10319=DIRECTION('',(0.,0.,1.));
#10320=DIRECTION('',(1.,0.,0.));
#10321=DIRECTION('',(1.11022302462516E-16,-1.,0.));
#10322=DIRECTION('',(0.,0.,1.));
#10323=DIRECTION('',(1.,0.,0.));
#10324=DIRECTION('',(1.11022302462516E-16,-1.,0.));
#10325=DIRECTION('',(0.,0.,1.));
#10326=DIRECTION('',(1.,0.,0.));
#10327=DIRECTION('',(1.,-1.22464679914735E-16,0.));
#10328=DIRECTION('',(0.,0.,1.));
#10329=DIRECTION('',(1.,0.,0.));
#10330=DIRECTION('',(1.,-1.22464679914735E-16,0.));
#10331=DIRECTION('',(0.,0.,1.));
#10332=DIRECTION('',(1.,0.,0.));
#10333=DIRECTION('',(1.,-1.22464679914735E-16,0.));
#10334=DIRECTION('',(0.,0.,1.));
#10335=DIRECTION('',(1.,0.,0.));
#10336=DIRECTION('',(1.,-1.22464679914735E-16,0.));
#10337=DIRECTION('',(0.,0.,1.));
#10338=DIRECTION('',(1.,0.,0.));
#10339=DIRECTION('',(1.,-1.22464679914735E-16,0.));
#10340=DIRECTION('',(0.,0.,1.));
#10341=DIRECTION('',(1.,0.,0.));
#10342=DIRECTION('',(1.,-1.22464679914735E-16,0.));
#10343=DIRECTION('',(0.,1.,0.));
#10344=DIRECTION('',(1.,1.37403839681331E-16,0.));
#10345=DIRECTION('',(0.766044443118978,0.64278760968654,0.));
#10346=DIRECTION('',(1.,0.,0.));
#10347=DIRECTION('',(0.766044443118978,-0.64278760968654,0.));
#10348=DIRECTION('',(1.,1.37403839681331E-16,0.));
#10349=DIRECTION('',(-1.94094934375027E-16,1.,0.));
#10350=DIRECTION('',(0.64278760968654,-0.766044443118978,0.));
#10351=DIRECTION('',(5.55111512312578E-16,-1.,0.));
#10352=DIRECTION('',(1.,0.,0.));
#10353=DIRECTION('',(0.,1.,0.));
#10354=DIRECTION('',(1.,0.,0.));
#10355=DIRECTION('',(0.766044443118978,0.64278760968654,0.));
#10356=DIRECTION('',(0.,-1.,0.));
#10357=DIRECTION('',(0.642787609686539,-0.766044443118978,0.));
#10358=DIRECTION('',(0.,1.,0.));
#10359=DIRECTION('',(1.,0.,0.));
#10360=DIRECTION('',(-0.707106781186548,-0.707106781186548,0.));
#10361=DIRECTION('',(-0.403041371345948,0.915181759533907,0.));
#10362=DIRECTION('',(1.,0.,0.));
#10363=DIRECTION('',(0.,1.,0.));
#10364=DIRECTION('',(-0.915181759533907,-0.403041371345948,0.));
#10365=DIRECTION('',(-1.37403839681331E-16,1.,0.));
#10366=DIRECTION('',(-1.,-1.37403839681331E-16,0.));
#10367=DIRECTION('',(0.,0.,1.));
#10368=DIRECTION('',(0.,0.,-1.));
#10369=DIRECTION('',(-1.,-1.94094934375027E-16,0.));
#10370=DIRECTION('',(1.94094934375027E-16,-1.,0.));
#10371=DIRECTION('',(0.,0.,1.));
#10372=DIRECTION('',(0.,0.,1.));
#10373=DIRECTION('',(1.,0.,0.));
#10374=DIRECTION('',(0.,1.,0.));
#10375=DIRECTION('',(0.,0.,1.));
#10376=DIRECTION('',(0.,0.,1.));
#10377=DIRECTION('',(0.,1.,0.));
#10378=DIRECTION('',(0.,0.,-1.));
#10379=DIRECTION('',(0.,1.,0.));
#10380=DIRECTION('',(0.,0.,-1.));
#10381=DIRECTION('',(0.,1.,0.));
#10382=DIRECTION('',(1.,0.,0.));
#10383=DIRECTION('',(0.,0.,-1.));
#10384=DIRECTION('',(0.,0.,1.));
#10385=DIRECTION('',(0.,-1.,0.));
#10386=DIRECTION('',(0.,0.707106781186548,0.707106781186548));
#10387=DIRECTION('',(0.,-1.,0.));
#10388=DIRECTION('',(0.,0.,-1.));
#10389=DIRECTION('',(0.,0.,-1.));
#10390=DIRECTION('',(0.,-1.,0.));
#10391=DIRECTION('',(1.,6.83623539013103E-15,0.));
#10392=DIRECTION('',(-6.83623539013103E-15,1.,0.));
#10393=DIRECTION('',(6.83623539013103E-15,-1.,0.));
#10394=DIRECTION('',(0.,0.,1.));
#10395=DIRECTION('',(6.83623539013103E-15,-1.,0.));
#10396=DIRECTION('',(0.,0.,-1.));
#10397=DIRECTION('',(0.,0.,-1.));
#10398=DIRECTION('',(6.83623539013103E-15,-1.,0.));
#10399=DIRECTION('',(4.83394840214912E-15,-0.707106781186548,-0.707106781186548));
#10400=DIRECTION('',(0.,0.,-1.));
#10401=DIRECTION('',(-1.,0.,0.));
#10402=DIRECTION('',(0.,0.,1.));
#10403=DIRECTION('',(1.,0.,0.));
#10404=DIRECTION('',(0.,0.,1.));
#10405=DIRECTION('',(1.,0.,0.));
#10406=DIRECTION('',(1.,0.,0.));
#10407=DIRECTION('',(0.,-0.707106781186548,0.707106781186548));
#10408=DIRECTION('',(-1.,0.,0.));
#10409=DIRECTION('',(-1.,0.,0.));
#10410=DIRECTION('',(1.22464679914735E-16,1.,0.));
#10411=DIRECTION('',(-1.,1.22464679914735E-16,0.));
#10412=DIRECTION('',(1.,-1.22464679914735E-16,0.));
#10413=DIRECTION('',(0.,0.,-1.));
#10414=DIRECTION('',(-1.,1.22464679914735E-16,0.));
#10415=DIRECTION('',(0.,0.,1.));
#10416=DIRECTION('',(1.,0.,0.));
#10417=DIRECTION('',(1.,0.,0.));
#10418=DIRECTION('',(0.,-1.,0.));
#10419=DIRECTION('',(1.,0.,0.));
#10420=DIRECTION('',(1.11022302462516E-16,-1.,0.));
#10421=DIRECTION('',(0.,0.,1.));
#10422=DIRECTION('',(1.,0.,0.));
#10423=DIRECTION('',(0.,-1.,0.));
#10424=DIRECTION('',(0.,0.,-1.));
#10425=DIRECTION('',(0.,0.,1.));
#10426=DIRECTION('',(0.,0.,1.));
#10427=DIRECTION('',(1.,-1.22464679914735E-16,0.));
#10428=DIRECTION('',(0.,0.,1.));
#10429=DIRECTION('',(1.,0.,0.));
#10430=DIRECTION('',(-1.,1.22464679914735E-16,0.));
#10431=DIRECTION('',(0.,0.,1.));
#10432=DIRECTION('',(1.,0.,0.));
#10433=DIRECTION('',(-1.,1.22464679914735E-16,0.));
#10434=DIRECTION('',(1.,0.,0.));
#10435=DIRECTION('',(0.,0.,-1.));
#10436=DIRECTION('',(0.,0.,1.));
#10437=DIRECTION('',(0.,-1.,0.));
#10438=DIRECTION('',(0.,0.707106781186548,0.707106781186548));
#10439=DIRECTION('',(0.,-1.,0.));
#10440=DIRECTION('',(0.,0.,-1.));
#10441=DIRECTION('',(0.,0.,-1.));
#10442=DIRECTION('',(0.,-1.,0.));
#10443=DIRECTION('',(1.,6.83623539013103E-15,0.));
#10444=DIRECTION('',(-6.83623539013103E-15,1.,0.));
#10445=DIRECTION('',(6.83623539013103E-15,-1.,0.));
#10446=DIRECTION('',(0.,0.,1.));
#10447=DIRECTION('',(6.83623539013103E-15,-1.,0.));
#10448=DIRECTION('',(0.,0.,-1.));
#10449=DIRECTION('',(0.,0.,-1.));
#10450=DIRECTION('',(6.83623539013103E-15,-1.,0.));
#10451=DIRECTION('',(4.83394840214912E-15,-0.707106781186548,-0.707106781186548));
#10452=DIRECTION('',(0.,0.,-1.));
#10453=DIRECTION('',(-1.,0.,0.));
#10454=DIRECTION('',(0.,0.,1.));
#10455=DIRECTION('',(1.,0.,0.));
#10456=DIRECTION('',(0.,0.,1.));
#10457=DIRECTION('',(1.,0.,0.));
#10458=DIRECTION('',(1.,0.,0.));
#10459=DIRECTION('',(0.,-0.707106781186548,0.707106781186548));
#10460=DIRECTION('',(-1.,0.,0.));
#10461=DIRECTION('',(-1.,0.,0.));
#10462=DIRECTION('',(1.22464679914735E-16,1.,0.));
#10463=DIRECTION('',(-1.,1.22464679914735E-16,0.));
#10464=DIRECTION('',(1.,-1.22464679914735E-16,0.));
#10465=DIRECTION('',(0.,0.,-1.));
#10466=DIRECTION('',(-1.,1.22464679914735E-16,0.));
#10467=DIRECTION('',(0.,0.,1.));
#10468=DIRECTION('',(1.,0.,0.));
#10469=DIRECTION('',(1.,0.,0.));
#10470=DIRECTION('',(0.,-1.,0.));
#10471=DIRECTION('',(1.,0.,0.));
#10472=DIRECTION('',(1.11022302462516E-16,-1.,0.));
#10473=DIRECTION('',(0.,0.,1.));
#10474=DIRECTION('',(1.,0.,0.));
#10475=DIRECTION('',(0.,-1.,0.));
#10476=DIRECTION('',(0.,0.,-1.));
#10477=DIRECTION('',(0.,0.,1.));
#10478=DIRECTION('',(0.,0.,1.));
#10479=DIRECTION('',(1.,-1.22464679914735E-16,0.));
#10480=DIRECTION('',(0.,0.,1.));
#10481=DIRECTION('',(1.,0.,0.));
#10482=DIRECTION('',(-1.,1.22464679914735E-16,0.));
#10483=DIRECTION('',(0.,0.,1.));
#10484=DIRECTION('',(1.,0.,0.));
#10485=DIRECTION('',(-1.,1.22464679914735E-16,0.));
#10486=DIRECTION('',(0.,0.,1.));
#10487=DIRECTION('',(1.,0.,0.));
#10488=DIRECTION('',(0.,0.,1.));
#10489=DIRECTION('',(1.,0.,0.));
#10490=DIRECTION('',(0.,0.,1.));
#10491=DIRECTION('',(1.,0.,0.));
#10492=DIRECTION('',(0.,0.,1.));
#10493=DIRECTION('',(1.,0.,0.));
#10494=DIRECTION('',(0.,0.,1.));
#10495=DIRECTION('',(1.,0.,0.));
#10496=DIRECTION('',(0.,0.,1.));
#10497=DIRECTION('',(1.,0.,0.));
#10498=DIRECTION('',(0.,0.,1.));
#10499=DIRECTION('',(1.,0.,0.));
#10500=DIRECTION('',(0.,0.,1.));
#10501=DIRECTION('',(1.,0.,0.));
#10502=DIRECTION('',(0.,0.,1.));
#10503=DIRECTION('',(1.,0.,0.));
#10504=DIRECTION('',(0.,0.,1.));
#10505=DIRECTION('',(1.,0.,0.));
#10506=DIRECTION('',(0.,0.,1.));
#10507=DIRECTION('',(1.,0.,0.));
#10508=DIRECTION('',(0.,0.,1.));
#10509=DIRECTION('',(1.,0.,0.));
#10510=DIRECTION('',(0.,0.,1.));
#10511=DIRECTION('',(1.,0.,0.));
#10512=DIRECTION('',(0.,0.,1.));
#10513=DIRECTION('',(1.,0.,0.));
#10514=DIRECTION('',(0.,0.,1.));
#10515=DIRECTION('',(1.,0.,0.));
#10516=DIRECTION('',(0.,0.,1.));
#10517=DIRECTION('',(1.,0.,0.));
#10518=DIRECTION('',(0.,0.,1.));
#10519=DIRECTION('',(1.,0.,0.));
#10520=DIRECTION('',(0.,0.,1.));
#10521=DIRECTION('',(1.,0.,0.));
#10522=DIRECTION('',(0.,0.,1.));
#10523=DIRECTION('',(1.,0.,0.));
#10524=DIRECTION('',(0.,0.,1.));
#10525=DIRECTION('',(1.,0.,0.));
#10526=DIRECTION('',(0.,0.,1.));
#10527=DIRECTION('',(1.,0.,0.));
#10528=DIRECTION('',(0.,0.,1.));
#10529=DIRECTION('',(1.,0.,0.));
#10530=DIRECTION('',(0.,0.,1.));
#10531=DIRECTION('',(1.,0.,0.));
#10532=DIRECTION('',(0.,0.,1.));
#10533=DIRECTION('',(1.,0.,0.));
#10534=DIRECTION('',(0.,0.,1.));
#10535=DIRECTION('',(1.,0.,0.));
#10536=DIRECTION('',(0.,0.,1.));
#10537=DIRECTION('',(1.,0.,0.));
#10538=DIRECTION('',(0.,0.,1.));
#10539=DIRECTION('',(1.,0.,0.));
#10540=DIRECTION('',(0.,0.,1.));
#10541=DIRECTION('',(1.,0.,0.));
#10542=DIRECTION('',(0.,0.,1.));
#10543=DIRECTION('',(1.,0.,0.));
#10544=DIRECTION('',(0.,0.,1.));
#10545=DIRECTION('',(1.,0.,0.));
#10546=DIRECTION('',(0.,0.,1.));
#10547=DIRECTION('',(1.,0.,0.));
#10548=DIRECTION('',(0.,0.,1.));
#10549=DIRECTION('',(1.,0.,0.));
#10550=DIRECTION('',(0.,0.,1.));
#10551=DIRECTION('',(1.,0.,0.));
#10552=DIRECTION('',(0.,0.,1.));
#10553=DIRECTION('',(1.,0.,0.));
#10554=DIRECTION('',(0.,0.,1.));
#10555=DIRECTION('',(1.,0.,0.));
#10556=DIRECTION('',(0.,0.,1.));
#10557=DIRECTION('',(1.,0.,0.));
#10558=DIRECTION('',(0.,0.,1.));
#10559=DIRECTION('',(1.,0.,0.));
#10560=DIRECTION('',(0.,0.,1.));
#10561=DIRECTION('',(1.,0.,0.));
#10562=DIRECTION('',(0.,0.,1.));
#10563=DIRECTION('',(1.,0.,0.));
#10564=DIRECTION('',(0.,0.,1.));
#10565=DIRECTION('',(1.,0.,0.));
#10566=DIRECTION('',(0.,0.,1.));
#10567=DIRECTION('',(1.,0.,0.));
#10568=DIRECTION('',(0.,0.,1.));
#10569=DIRECTION('',(1.,0.,0.));
#10570=DIRECTION('',(0.,0.,1.));
#10571=DIRECTION('',(1.,0.,0.));
#10572=DIRECTION('',(0.,0.,1.));
#10573=DIRECTION('',(1.,0.,0.));
#10574=DIRECTION('',(0.,0.,1.));
#10575=DIRECTION('',(1.,0.,0.));
#10576=DIRECTION('',(0.,0.,1.));
#10577=DIRECTION('',(1.,0.,0.));
#10578=DIRECTION('',(0.,0.,1.));
#10579=DIRECTION('',(1.,0.,0.));
#10580=DIRECTION('',(0.,0.,1.));
#10581=DIRECTION('',(1.,0.,0.));
#10582=DIRECTION('',(0.,0.,1.));
#10583=DIRECTION('',(1.,0.,0.));
#10584=DIRECTION('',(0.,0.,1.));
#10585=DIRECTION('',(1.,0.,0.));
#10586=DIRECTION('',(0.,0.,1.));
#10587=DIRECTION('',(1.,0.,0.));
#10588=DIRECTION('',(0.,0.,1.));
#10589=DIRECTION('',(1.,0.,0.));
#10590=DIRECTION('',(0.,0.,1.));
#10591=DIRECTION('',(1.,0.,0.));
#10592=DIRECTION('',(0.,0.,1.));
#10593=DIRECTION('',(1.,0.,0.));
#10594=DIRECTION('',(0.,0.,1.));
#10595=DIRECTION('',(1.,0.,0.));
#10596=DIRECTION('',(0.,0.,1.));
#10597=DIRECTION('',(1.,0.,0.));
#10598=DIRECTION('',(0.,0.,1.));
#10599=DIRECTION('',(1.,0.,0.));
#10600=DIRECTION('',(0.,0.,1.));
#10601=DIRECTION('',(1.,0.,0.));
#10602=DIRECTION('',(0.,0.,1.));
#10603=DIRECTION('',(1.,0.,0.));
#10604=DIRECTION('',(0.,0.,1.));
#10605=DIRECTION('',(1.,0.,0.));
#10606=DIRECTION('',(0.,0.,1.));
#10607=DIRECTION('',(1.11022302462516E-16,-1.,0.));
#10608=DIRECTION('',(-1.11022302462516E-16,1.,0.));
#10609=DIRECTION('',(0.,0.,1.));
#10610=DIRECTION('',(1.,0.,0.));
#10611=DIRECTION('',(-1.11022302462516E-16,1.,0.));
#10612=DIRECTION('',(0.,0.,1.));
#10613=DIRECTION('',(1.,0.,0.));
#10614=DIRECTION('',(0.,0.,1.));
#10615=DIRECTION('',(1.11022302462516E-16,-1.,0.));
#10616=DIRECTION('',(-1.11022302462516E-16,1.,0.));
#10617=DIRECTION('',(0.,0.,1.));
#10618=DIRECTION('',(1.,0.,0.));
#10619=DIRECTION('',(-1.11022302462516E-16,1.,0.));
#10620=DIRECTION('',(0.,0.,1.));
#10621=DIRECTION('',(1.,0.,0.));
#10622=DIRECTION('',(0.,0.,1.));
#10623=DIRECTION('',(1.,-1.22464679914735E-16,0.));
#10624=DIRECTION('',(-1.,1.22464679914735E-16,0.));
#10625=DIRECTION('',(0.,0.,1.));
#10626=DIRECTION('',(1.,0.,0.));
#10627=DIRECTION('',(-1.,1.22464679914735E-16,0.));
#10628=DIRECTION('',(0.,0.,1.));
#10629=DIRECTION('',(1.,0.,0.));
#10630=DIRECTION('',(0.,0.,1.));
#10631=DIRECTION('',(1.,-1.22464679914735E-16,0.));
#10632=DIRECTION('',(-1.,1.22464679914735E-16,0.));
#10633=DIRECTION('',(0.,0.,1.));
#10634=DIRECTION('',(1.,0.,0.));
#10635=DIRECTION('',(-1.,1.22464679914735E-16,0.));
#10636=DIRECTION('',(0.,0.,1.));
#10637=DIRECTION('',(1.,0.,0.));
#10638=DIRECTION('',(0.,0.,1.));
#10639=DIRECTION('',(1.,-1.22464679914735E-16,0.));
#10640=DIRECTION('',(-1.,1.22464679914735E-16,0.));
#10641=DIRECTION('',(0.,0.,1.));
#10642=DIRECTION('',(1.,0.,0.));
#10643=DIRECTION('',(-1.,1.22464679914735E-16,0.));
#10644=DIRECTION('',(0.,0.,1.));
#10645=DIRECTION('',(1.,0.,0.));
#10646=DIRECTION('',(0.,0.,1.));
#10647=DIRECTION('',(1.,0.,0.));
#10648=DIRECTION('',(0.,0.,1.));
#10649=DIRECTION('',(1.,0.,0.));
#10650=DIRECTION('',(0.,0.,-1.));
#10651=DIRECTION('',(-1.,0.,0.));
#10652=DIRECTION('',(0.,0.,1.));
#10653=DIRECTION('',(1.,0.,0.));
#10654=DIRECTION('',(0.,0.,-1.));
#10655=DIRECTION('',(-1.,0.,0.));
#10656=DIRECTION('',(0.,0.,1.));
#10657=DIRECTION('',(1.,0.,0.));
#10658=DIRECTION('',(0.,0.,-1.));
#10659=DIRECTION('',(-1.,0.,0.));
#10660=DIRECTION('',(0.,0.,1.));
#10661=DIRECTION('',(1.,0.,0.));
#10662=DIRECTION('',(0.,0.,1.));
#10663=DIRECTION('',(1.,0.,0.));
#10664=DIRECTION('',(0.,0.,1.));
#10665=DIRECTION('',(1.,0.,0.));
#10666=DIRECTION('',(0.,0.,-1.));
#10667=DIRECTION('',(-1.,0.,0.));
#10668=DIRECTION('',(0.,0.,1.));
#10669=DIRECTION('',(1.,0.,0.));
#10670=DIRECTION('',(0.,0.,-1.));
#10671=DIRECTION('',(-1.,0.,0.));
#10672=DIRECTION('',(0.,0.,1.));
#10673=DIRECTION('',(1.,0.,0.));
#10674=DIRECTION('',(0.,0.,-1.));
#10675=DIRECTION('',(-1.,0.,0.));
#10676=DIRECTION('',(0.,0.,1.));
#10677=DIRECTION('',(1.,0.,0.));
#10678=DIRECTION('',(0.,0.,1.));
#10679=DIRECTION('',(1.,0.,0.));
#10680=DIRECTION('',(0.,0.,1.));
#10681=DIRECTION('',(1.,-1.22464679914735E-16,0.));
#10682=DIRECTION('',(-1.,1.22464679914735E-16,0.));
#10683=DIRECTION('',(-1.,1.22464679914735E-16,0.));
#10684=DIRECTION('',(0.,0.,1.));
#10685=DIRECTION('',(1.,0.,0.));
#10686=DIRECTION('',(0.,0.,1.));
#10687=DIRECTION('',(1.,0.,0.));
#10688=DIRECTION('',(0.,0.,1.));
#10689=DIRECTION('',(1.,0.,0.));
#10690=DIRECTION('',(0.,0.,-1.));
#10691=DIRECTION('',(-1.,0.,0.));
#10692=DIRECTION('',(0.,0.,1.));
#10693=DIRECTION('',(1.,0.,0.));
#10694=DIRECTION('',(0.,0.,1.));
#10695=DIRECTION('',(1.,0.,0.));
#10696=DIRECTION('',(0.,0.,1.));
#10697=DIRECTION('',(1.,-1.22464679914735E-16,0.));
#10698=DIRECTION('',(-1.,1.22464679914735E-16,0.));
#10699=DIRECTION('',(-1.,1.22464679914735E-16,0.));
#10700=DIRECTION('',(0.,0.,1.));
#10701=DIRECTION('',(1.,0.,0.));
#10702=DIRECTION('',(0.,0.,1.));
#10703=DIRECTION('',(1.,0.,0.));
#10704=DIRECTION('',(0.,0.,1.));
#10705=DIRECTION('',(1.,0.,0.));
#10706=DIRECTION('',(0.,0.,-1.));
#10707=DIRECTION('',(-1.,0.,0.));
#10708=DIRECTION('',(0.,0.,1.));
#10709=DIRECTION('',(1.,0.,0.));
#10710=DIRECTION('',(0.,0.,-1.));
#10711=DIRECTION('',(-1.,0.,0.));
#10712=DIRECTION('',(0.,0.,1.));
#10713=DIRECTION('',(1.,0.,0.));
#10714=DIRECTION('',(0.,0.,-1.));
#10715=DIRECTION('',(-1.,0.,0.));
#10716=DIRECTION('',(0.,0.,1.));
#10717=DIRECTION('',(1.,0.,0.));
#10718=DIRECTION('',(0.,0.,1.));
#10719=DIRECTION('',(1.,0.,0.));
#10720=DIRECTION('',(0.,0.,1.));
#10721=DIRECTION('',(1.11022302462516E-16,-1.,0.));
#10722=DIRECTION('',(-1.11022302462516E-16,1.,0.));
#10723=DIRECTION('',(-1.11022302462516E-16,1.,0.));
#10724=DIRECTION('',(0.,0.,1.));
#10725=DIRECTION('',(1.,0.,0.));
#10726=DIRECTION('',(0.,0.,1.));
#10727=DIRECTION('',(1.,0.,0.));
#10728=DIRECTION('',(0.,0.,1.));
#10729=DIRECTION('',(1.,0.,0.));
#10730=DIRECTION('',(0.,0.,-1.));
#10731=DIRECTION('',(-1.,0.,0.));
#10732=DIRECTION('',(0.,0.,1.));
#10733=DIRECTION('',(1.,0.,0.));
#10734=DIRECTION('',(0.,0.,-1.));
#10735=DIRECTION('',(-1.,0.,0.));
#10736=DIRECTION('',(0.,0.,1.));
#10737=DIRECTION('',(1.,0.,0.));
#10738=DIRECTION('',(0.,0.,-1.));
#10739=DIRECTION('',(-1.,0.,0.));
#10740=DIRECTION('',(0.,0.,1.));
#10741=DIRECTION('',(1.,0.,0.));
#10742=DIRECTION('',(0.,0.,1.));
#10743=DIRECTION('',(1.,0.,0.));
#10744=DIRECTION('',(0.,0.,1.));
#10745=DIRECTION('',(1.,-1.22464679914735E-16,0.));
#10746=DIRECTION('',(-1.,1.22464679914735E-16,0.));
#10747=DIRECTION('',(0.,0.,1.));
#10748=DIRECTION('',(1.,0.,0.));
#10749=DIRECTION('',(-1.,1.22464679914735E-16,0.));
#10750=DIRECTION('',(0.,0.,1.));
#10751=DIRECTION('',(1.,0.,0.));
#10752=DIRECTION('',(0.,0.,1.));
#10753=DIRECTION('',(1.,0.,0.));
#10754=DIRECTION('',(0.,0.,-1.));
#10755=DIRECTION('',(-1.,0.,0.));
#10756=DIRECTION('',(0.,0.,1.));
#10757=DIRECTION('',(1.,0.,0.));
#10758=DIRECTION('',(0.,0.,-1.));
#10759=DIRECTION('',(-1.,0.,0.));
#10760=DIRECTION('',(0.,0.,1.));
#10761=DIRECTION('',(1.,0.,0.));
#10762=DIRECTION('',(0.,0.,1.));
#10763=DIRECTION('',(1.,0.,0.));
#10764=DIRECTION('',(0.,0.,1.));
#10765=DIRECTION('',(1.11022302462516E-16,-1.,0.));
#10766=DIRECTION('',(-1.11022302462516E-16,1.,0.));
#10767=DIRECTION('',(0.,0.,1.));
#10768=DIRECTION('',(1.,0.,0.));
#10769=DIRECTION('',(-1.11022302462516E-16,1.,0.));
#10770=DIRECTION('',(0.,0.,-1.));
#10771=DIRECTION('',(-1.,0.,0.));
#10772=DIRECTION('',(0.,0.,1.));
#10773=DIRECTION('',(1.,0.,0.));
#10774=DIRECTION('',(0.,0.,1.));
#10775=DIRECTION('',(1.,-1.22464679914735E-16,0.));
#10776=DIRECTION('',(-1.,1.22464679914735E-16,0.));
#10777=DIRECTION('',(0.,0.,1.));
#10778=DIRECTION('',(1.,0.,0.));
#10779=DIRECTION('',(-1.,1.22464679914735E-16,0.));
#10780=DIRECTION('',(0.,0.,1.));
#10781=DIRECTION('',(1.,0.,0.));
#10782=DIRECTION('',(0.,0.,1.));
#10783=DIRECTION('',(1.,0.,0.));
#10784=DIRECTION('',(0.,0.,1.));
#10785=DIRECTION('',(1.,0.,0.));
#10786=DIRECTION('',(0.,0.,-1.));
#10787=DIRECTION('',(-1.,0.,0.));
#10788=DIRECTION('',(0.,0.,1.));
#10789=DIRECTION('',(1.,0.,0.));
#10790=DIRECTION('',(0.,0.,-1.));
#10791=DIRECTION('',(-1.,0.,0.));
#10792=DIRECTION('',(0.,0.,1.));
#10793=DIRECTION('',(1.,0.,0.));
#10794=DIRECTION('',(0.,0.,-1.));
#10795=DIRECTION('',(-1.,0.,0.));
#10796=DIRECTION('',(0.,0.,1.));
#10797=DIRECTION('',(1.,0.,0.));
#10798=DIRECTION('',(0.,0.,1.));
#10799=DIRECTION('',(1.11022302462516E-16,-1.,0.));
#10800=DIRECTION('',(-1.11022302462516E-16,1.,0.));
#10801=DIRECTION('',(0.,0.,1.));
#10802=DIRECTION('',(1.,0.,0.));
#10803=DIRECTION('',(-1.11022302462516E-16,1.,0.));
#10804=DIRECTION('',(0.,0.,1.));
#10805=DIRECTION('',(1.,0.,0.));
#10806=DIRECTION('',(0.,0.,1.));
#10807=DIRECTION('',(1.,0.,0.));
#10808=DIRECTION('',(0.,0.,1.));
#10809=DIRECTION('',(1.,0.,0.));
#10810=DIRECTION('',(0.,0.,-1.));
#10811=DIRECTION('',(-1.,0.,0.));
#10812=DIRECTION('',(0.,0.,1.));
#10813=DIRECTION('',(1.,0.,0.));
#10814=DIRECTION('',(0.,0.,-1.));
#10815=DIRECTION('',(-1.,0.,0.));
#10816=DIRECTION('',(0.,0.,1.));
#10817=DIRECTION('',(1.,0.,0.));
#10818=DIRECTION('',(0.,0.,1.));
#10819=DIRECTION('',(1.,0.,0.));
#10820=DIRECTION('',(0.,0.,1.));
#10821=DIRECTION('',(1.,0.,0.));
#10822=DIRECTION('',(0.,0.,1.));
#10823=DIRECTION('',(1.,0.,0.));
#10824=DIRECTION('',(0.,0.,1.));
#10825=DIRECTION('',(1.,0.,0.));
#10826=DIRECTION('',(0.,0.,-1.));
#10827=DIRECTION('',(-1.,0.,0.));
#10828=DIRECTION('',(0.,0.,1.));
#10829=DIRECTION('',(1.,0.,0.));
#10830=DIRECTION('',(0.,0.,-1.));
#10831=DIRECTION('',(-1.,0.,0.));
#10832=DIRECTION('',(0.,0.,1.));
#10833=DIRECTION('',(1.,0.,0.));
#10834=DIRECTION('',(0.,0.,-1.));
#10835=DIRECTION('',(-1.,0.,0.));
#10836=DIRECTION('',(0.,0.,1.));
#10837=DIRECTION('',(1.,0.,0.));
#10838=DIRECTION('',(0.,0.,1.));
#10839=DIRECTION('',(1.,0.,0.));
#10840=DIRECTION('',(0.,0.,1.));
#10841=DIRECTION('',(1.,-1.22464679914735E-16,0.));
#10842=DIRECTION('',(-1.,1.22464679914735E-16,0.));
#10843=DIRECTION('',(-1.,1.22464679914735E-16,0.));
#10844=DIRECTION('',(0.,0.,1.));
#10845=DIRECTION('',(1.,0.,0.));
#10846=DIRECTION('',(0.,0.,1.));
#10847=DIRECTION('',(1.,0.,0.));
#10848=DIRECTION('',(0.,0.,1.));
#10849=DIRECTION('',(1.,0.,0.));
#10850=DIRECTION('',(0.,0.,-1.));
#10851=DIRECTION('',(-1.,0.,0.));
#10852=DIRECTION('',(0.,0.,1.));
#10853=DIRECTION('',(1.,0.,0.));
#10854=DIRECTION('',(0.,0.,-1.));
#10855=DIRECTION('',(-1.,0.,0.));
#10856=DIRECTION('',(0.,0.,1.));
#10857=DIRECTION('',(1.,0.,0.));
#10858=DIRECTION('',(0.,0.,1.));
#10859=DIRECTION('',(1.,0.,0.));
#10860=DIRECTION('',(0.,0.,1.));
#10861=DIRECTION('',(1.,0.,0.));
#10862=DIRECTION('',(0.,0.,1.));
#10863=DIRECTION('',(1.11022302462516E-16,-1.,0.));
#10864=DIRECTION('',(-1.11022302462516E-16,1.,0.));
#10865=DIRECTION('',(0.,0.,1.));
#10866=DIRECTION('',(1.,0.,0.));
#10867=DIRECTION('',(-1.11022302462516E-16,1.,0.));
#10868=DIRECTION('',(0.,0.,1.));
#10869=DIRECTION('',(1.,0.,0.));
#10870=DIRECTION('',(0.,0.,-1.));
#10871=DIRECTION('',(-1.,0.,0.));
#10872=DIRECTION('',(0.,0.,1.));
#10873=DIRECTION('',(1.,0.,0.));
#10874=DIRECTION('',(0.,0.,1.));
#10875=DIRECTION('',(1.,0.,0.));
#10876=DIRECTION('',(0.,0.,1.));
#10877=DIRECTION('',(1.,0.,0.));
#10878=DIRECTION('',(0.,0.,1.));
#10879=DIRECTION('',(1.11022302462516E-16,-1.,0.));
#10880=DIRECTION('',(-1.11022302462516E-16,1.,0.));
#10881=DIRECTION('',(0.,0.,1.));
#10882=DIRECTION('',(1.,0.,0.));
#10883=DIRECTION('',(-1.11022302462516E-16,1.,0.));
#10884=DIRECTION('',(0.,0.,1.));
#10885=DIRECTION('',(1.,0.,0.));
#10886=DIRECTION('',(0.,0.,-1.));
#10887=DIRECTION('',(-1.,0.,0.));
#10888=DIRECTION('',(0.,0.,1.));
#10889=DIRECTION('',(1.,0.,0.));
#10890=DIRECTION('',(0.,0.,1.));
#10891=DIRECTION('',(1.,0.,0.));
#10892=DIRECTION('',(0.,0.,1.));
#10893=DIRECTION('',(1.,0.,0.));
#10894=DIRECTION('',(0.,0.,1.));
#10895=DIRECTION('',(1.11022302462516E-16,-1.,0.));
#10896=DIRECTION('',(-1.11022302462516E-16,1.,0.));
#10897=DIRECTION('',(0.,0.,1.));
#10898=DIRECTION('',(1.,0.,0.));
#10899=DIRECTION('',(-1.11022302462516E-16,1.,0.));
#10900=DIRECTION('',(0.,0.,1.));
#10901=DIRECTION('',(1.,0.,0.));
#10902=DIRECTION('',(0.,0.,-1.));
#10903=DIRECTION('',(-1.,0.,0.));
#10904=DIRECTION('',(0.,0.,1.));
#10905=DIRECTION('',(1.,0.,0.));
#10906=DIRECTION('',(0.,0.,1.));
#10907=DIRECTION('',(1.,0.,0.));
#10908=DIRECTION('',(0.,0.,1.));
#10909=DIRECTION('',(1.,0.,0.));
#10910=DIRECTION('',(0.,0.,1.));
#10911=DIRECTION('',(1.11022302462516E-16,-1.,0.));
#10912=DIRECTION('',(-1.11022302462516E-16,1.,0.));
#10913=DIRECTION('',(0.,0.,1.));
#10914=DIRECTION('',(1.,0.,0.));
#10915=DIRECTION('',(-1.11022302462516E-16,1.,0.));
#10916=DIRECTION('',(0.,0.,1.));
#10917=DIRECTION('',(1.,0.,0.));
#10918=DIRECTION('',(0.,0.,-1.));
#10919=DIRECTION('',(-1.,0.,0.));
#10920=DIRECTION('',(0.,0.,1.));
#10921=DIRECTION('',(1.,0.,0.));
#10922=DIRECTION('',(0.,0.,1.));
#10923=DIRECTION('',(1.,0.,0.));
#10924=DIRECTION('',(0.,0.,1.));
#10925=DIRECTION('',(1.,0.,0.));
#10926=DIRECTION('',(0.,0.,1.));
#10927=DIRECTION('',(1.11022302462516E-16,-1.,0.));
#10928=DIRECTION('',(-1.11022302462516E-16,1.,0.));
#10929=DIRECTION('',(0.,0.,1.));
#10930=DIRECTION('',(1.,0.,0.));
#10931=DIRECTION('',(-1.11022302462516E-16,1.,0.));
#10932=DIRECTION('',(0.,0.,1.));
#10933=DIRECTION('',(1.,0.,0.));
#10934=DIRECTION('',(0.,0.,-1.));
#10935=DIRECTION('',(-1.,0.,0.));
#10936=DIRECTION('',(0.,0.,1.));
#10937=DIRECTION('',(1.,0.,0.));
#10938=DIRECTION('',(0.,0.,1.));
#10939=DIRECTION('',(1.,0.,0.));
#10940=DIRECTION('',(0.,0.,1.));
#10941=DIRECTION('',(1.,0.,0.));
#10942=DIRECTION('',(0.,0.,1.));
#10943=DIRECTION('',(1.11022302462516E-16,-1.,0.));
#10944=DIRECTION('',(-1.11022302462516E-16,1.,0.));
#10945=DIRECTION('',(0.,0.,1.));
#10946=DIRECTION('',(1.,0.,0.));
#10947=DIRECTION('',(-1.11022302462516E-16,1.,0.));
#10948=DIRECTION('',(0.,0.,1.));
#10949=DIRECTION('',(1.,0.,0.));
#10950=DIRECTION('',(0.,0.,-1.));
#10951=DIRECTION('',(-1.,0.,0.));
#10952=DIRECTION('',(0.,0.,1.));
#10953=DIRECTION('',(1.,0.,0.));
#10954=DIRECTION('',(0.,0.,1.));
#10955=DIRECTION('',(1.,0.,0.));
#10956=DIRECTION('',(0.,0.,1.));
#10957=DIRECTION('',(1.,0.,0.));
#10958=DIRECTION('',(0.,0.,1.));
#10959=DIRECTION('',(1.11022302462516E-16,-1.,0.));
#10960=DIRECTION('',(-1.11022302462516E-16,1.,0.));
#10961=DIRECTION('',(0.,0.,1.));
#10962=DIRECTION('',(1.,0.,0.));
#10963=DIRECTION('',(-1.11022302462516E-16,1.,0.));
#10964=DIRECTION('',(0.,0.,1.));
#10965=DIRECTION('',(1.,0.,0.));
#10966=DIRECTION('',(0.,0.,-1.));
#10967=DIRECTION('',(-1.,0.,0.));
#10968=DIRECTION('',(0.,0.,1.));
#10969=DIRECTION('',(1.,0.,0.));
#10970=DIRECTION('',(0.,0.,1.));
#10971=DIRECTION('',(1.,0.,0.));
#10972=DIRECTION('',(0.,0.,1.));
#10973=DIRECTION('',(1.,0.,0.));
#10974=DIRECTION('',(0.,0.,1.));
#10975=DIRECTION('',(1.11022302462516E-16,-1.,0.));
#10976=DIRECTION('',(-1.11022302462516E-16,1.,0.));
#10977=DIRECTION('',(0.,0.,1.));
#10978=DIRECTION('',(1.,0.,0.));
#10979=DIRECTION('',(-1.11022302462516E-16,1.,0.));
#10980=DIRECTION('',(0.,0.,1.));
#10981=DIRECTION('',(1.,0.,0.));
#10982=DIRECTION('',(0.,0.,-1.));
#10983=DIRECTION('',(-1.,0.,0.));
#10984=DIRECTION('',(0.,0.,1.));
#10985=DIRECTION('',(1.,0.,0.));
#10986=DIRECTION('',(0.,0.,1.));
#10987=DIRECTION('',(1.,0.,0.));
#10988=DIRECTION('',(0.,0.,1.));
#10989=DIRECTION('',(1.,0.,0.));
#10990=DIRECTION('',(0.,0.,1.));
#10991=DIRECTION('',(1.11022302462516E-16,-1.,0.));
#10992=DIRECTION('',(-1.11022302462516E-16,1.,0.));
#10993=DIRECTION('',(0.,0.,1.));
#10994=DIRECTION('',(1.,0.,0.));
#10995=DIRECTION('',(-1.11022302462516E-16,1.,0.));
#10996=DIRECTION('',(0.,0.,1.));
#10997=DIRECTION('',(1.,0.,0.));
#10998=DIRECTION('',(0.,0.,-1.));
#10999=DIRECTION('',(-1.,0.,0.));
#11000=DIRECTION('',(0.,0.,1.));
#11001=DIRECTION('',(1.,0.,0.));
#11002=DIRECTION('',(0.,0.,1.));
#11003=DIRECTION('',(1.,0.,0.));
#11004=DIRECTION('',(0.,0.,1.));
#11005=DIRECTION('',(1.,0.,0.));
#11006=DIRECTION('',(0.,0.,1.));
#11007=DIRECTION('',(1.,0.,0.));
#11008=DIRECTION('',(0.,0.,1.));
#11009=DIRECTION('',(1.,0.,0.));
#11010=DIRECTION('',(0.,0.,1.));
#11011=DIRECTION('',(1.,-1.22464679914735E-16,0.));
#11012=DIRECTION('',(-1.,1.22464679914735E-16,0.));
#11013=DIRECTION('',(0.,0.,1.));
#11014=DIRECTION('',(1.,0.,0.));
#11015=DIRECTION('',(-1.,1.22464679914735E-16,0.));
#11016=DIRECTION('',(0.,0.,1.));
#11017=DIRECTION('',(1.,0.,0.));
#11018=DIRECTION('',(0.,0.,-1.));
#11019=DIRECTION('',(-1.,0.,0.));
#11020=DIRECTION('',(0.,0.,1.));
#11021=DIRECTION('',(1.,0.,0.));
#11022=DIRECTION('',(0.,0.,1.));
#11023=DIRECTION('',(1.,0.,0.));
#11024=DIRECTION('',(0.,0.,1.));
#11025=DIRECTION('',(1.,0.,0.));
#11026=DIRECTION('',(0.,0.,1.));
#11027=DIRECTION('',(1.,-1.22464679914735E-16,0.));
#11028=DIRECTION('',(-1.,1.22464679914735E-16,0.));
#11029=DIRECTION('',(0.,0.,1.));
#11030=DIRECTION('',(1.,0.,0.));
#11031=DIRECTION('',(-1.,1.22464679914735E-16,0.));
#11032=DIRECTION('',(0.,0.,1.));
#11033=DIRECTION('',(1.,0.,0.));
#11034=DIRECTION('',(0.,0.,-1.));
#11035=DIRECTION('',(-1.,0.,0.));
#11036=DIRECTION('',(0.,0.,1.));
#11037=DIRECTION('',(1.,0.,0.));
#11038=DIRECTION('',(0.,0.,1.));
#11039=DIRECTION('',(1.,0.,0.));
#11040=DIRECTION('',(0.,0.,1.));
#11041=DIRECTION('',(1.,0.,0.));
#11042=DIRECTION('',(1.22464679914735E-16,1.,0.));
#11043=DIRECTION('',(-1.,1.22464679914735E-16,0.));
#11044=DIRECTION('',(1.,-1.22464679914735E-16,0.));
#11045=DIRECTION('',(0.,0.,-1.));
#11046=DIRECTION('',(0.,0.,-1.));
#11047=DIRECTION('',(1.,1.11022302462516E-16,0.));
#11048=DIRECTION('',(-1.11022302462516E-16,1.,0.));
#11049=DIRECTION('',(1.11022302462516E-16,-1.,0.));
#11050=DIRECTION('',(0.,0.,-1.));
#11051=DIRECTION('',(0.,0.,-1.));
#11052=DIRECTION('',(1.22464679914735E-16,1.,0.));
#11053=DIRECTION('',(-1.,1.22464679914735E-16,0.));
#11054=DIRECTION('',(0.,0.,-1.));
#11055=DIRECTION('',(1.,-1.22464679914735E-16,0.));
#11056=DIRECTION('',(0.,0.,-1.));
#11057=DIRECTION('',(1.,1.11022302462516E-16,0.));
#11058=DIRECTION('',(-1.11022302462516E-16,1.,0.));
#11059=DIRECTION('',(0.,0.,-1.));
#11060=DIRECTION('',(0.,0.,-1.));
#11061=DIRECTION('',(1.11022302462516E-16,-1.,0.));
#11062=DIRECTION('',(1.22464679914735E-16,1.,0.));
#11063=DIRECTION('',(-1.,1.22464679914735E-16,0.));
#11064=DIRECTION('',(1.,-1.22464679914735E-16,0.));
#11065=DIRECTION('',(0.,0.,-1.));
#11066=DIRECTION('',(0.,0.,-1.));
#11067=DIRECTION('',(1.22464679914735E-16,1.,0.));
#11068=DIRECTION('',(-1.,1.22464679914735E-16,0.));
#11069=DIRECTION('',(0.,0.,-1.));
#11070=DIRECTION('',(1.,-1.22464679914735E-16,0.));
#11071=DIRECTION('',(0.,0.,-1.));
#11072=DIRECTION('',(1.22464679914735E-16,1.,0.));
#11073=DIRECTION('',(-1.,1.22464679914735E-16,0.));
#11074=DIRECTION('',(1.,-1.22464679914735E-16,0.));
#11075=DIRECTION('',(0.,0.,-1.));
#11076=DIRECTION('',(0.,0.,-1.));
#11077=DIRECTION('',(1.,1.11022302462516E-16,0.));
#11078=DIRECTION('',(-1.11022302462516E-16,1.,0.));
#11079=DIRECTION('',(0.,0.,-1.));
#11080=DIRECTION('',(0.,0.,-1.));
#11081=DIRECTION('',(1.11022302462516E-16,-1.,0.));
#11082=DIRECTION('',(1.22464679914735E-16,1.,0.));
#11083=DIRECTION('',(-1.,1.22464679914735E-16,0.));
#11084=DIRECTION('',(0.,0.,-1.));
#11085=DIRECTION('',(1.,-1.22464679914735E-16,0.));
#11086=DIRECTION('',(0.,0.,-1.));
#11087=DIRECTION('',(1.,1.11022302462516E-16,0.));
#11088=DIRECTION('',(-1.11022302462516E-16,1.,0.));
#11089=DIRECTION('',(0.,0.,-1.));
#11090=DIRECTION('',(0.,0.,-1.));
#11091=DIRECTION('',(1.11022302462516E-16,-1.,0.));
#11092=DIRECTION('',(1.22464679914735E-16,1.,0.));
#11093=DIRECTION('',(-1.,1.22464679914735E-16,0.));
#11094=DIRECTION('',(0.,0.,-1.));
#11095=DIRECTION('',(0.,0.,-1.));
#11096=DIRECTION('',(1.,-1.22464679914735E-16,0.));
#11097=DIRECTION('',(1.,1.11022302462516E-16,0.));
#11098=DIRECTION('',(-1.11022302462516E-16,1.,0.));
#11099=DIRECTION('',(0.,0.,-1.));
#11100=DIRECTION('',(0.,0.,-1.));
#11101=DIRECTION('',(1.11022302462516E-16,-1.,0.));
#11102=DIRECTION('',(1.22464679914735E-16,1.,0.));
#11103=DIRECTION('',(-1.,1.22464679914735E-16,0.));
#11104=DIRECTION('',(0.,0.,-1.));
#11105=DIRECTION('',(0.,0.,-1.));
#11106=DIRECTION('',(1.,-1.22464679914735E-16,0.));
#11107=DIRECTION('',(1.,1.11022302462516E-16,0.));
#11108=DIRECTION('',(-1.11022302462516E-16,1.,0.));
#11109=DIRECTION('',(0.,0.,-1.));
#11110=DIRECTION('',(0.,0.,-1.));
#11111=DIRECTION('',(1.11022302462516E-16,-1.,0.));
#11112=DIRECTION('',(1.22464679914735E-16,1.,0.));
#11113=DIRECTION('',(-1.,1.22464679914735E-16,0.));
#11114=DIRECTION('',(0.,0.,-1.));
#11115=DIRECTION('',(0.,0.,-1.));
#11116=DIRECTION('',(1.,-1.22464679914735E-16,0.));
#11117=DIRECTION('',(1.22464679914735E-16,1.,0.));
#11118=DIRECTION('',(-1.,1.22464679914735E-16,0.));
#11119=DIRECTION('',(0.,0.,-1.));
#11120=DIRECTION('',(0.,0.,-1.));
#11121=DIRECTION('',(1.,-1.22464679914735E-16,0.));
#11122=DIRECTION('',(1.22464679914735E-16,1.,0.));
#11123=DIRECTION('',(-1.,1.22464679914735E-16,0.));
#11124=DIRECTION('',(0.,0.,-1.));
#11125=DIRECTION('',(1.,-1.22464679914735E-16,0.));
#11126=DIRECTION('',(0.,0.,-1.));
#11127=DIRECTION('',(0.,0.,-1.));
#11128=DIRECTION('',(-1.,0.,0.));
#11129=DIRECTION('',(0.,0.,1.));
#11130=DIRECTION('',(1.,0.,0.));
#11131=DIRECTION('',(0.,0.,1.));
#11132=DIRECTION('',(1.,0.,0.));
#11133=DIRECTION('',(0.,0.,-1.));
#11134=DIRECTION('',(0.,0.,-1.));
#11135=DIRECTION('',(0.,0.,1.));
#11136=DIRECTION('',(1.,0.,0.));
#11137=DIRECTION('',(0.,0.,1.));
#11138=DIRECTION('',(1.,0.,0.));
#11139=DIRECTION('',(0.,0.,-1.));
#11140=DIRECTION('',(-1.,0.,0.));
#11141=DIRECTION('',(0.,0.,-1.));
#11142=DIRECTION('',(0.,0.,-1.));
#11143=DIRECTION('',(0.,0.,1.));
#11144=DIRECTION('',(1.,0.,0.));
#11145=DIRECTION('',(0.,0.,-1.));
#11146=DIRECTION('',(0.,0.,1.));
#11147=DIRECTION('',(1.,0.,0.));
#11148=DIRECTION('',(0.,0.,1.));
#11149=DIRECTION('',(1.,0.,0.));
#11150=DIRECTION('',(0.,0.,1.));
#11151=DIRECTION('',(1.,0.,0.));
#11152=DIRECTION('',(1.22464679914735E-16,1.,0.));
#11153=DIRECTION('',(-1.,1.22464679914735E-16,0.));
#11154=DIRECTION('',(1.,-1.22464679914735E-16,0.));
#11155=DIRECTION('',(0.,0.,-1.));
#11156=DIRECTION('',(1.,1.11022302462516E-16,0.));
#11157=DIRECTION('',(-1.11022302462516E-16,1.,0.));
#11158=DIRECTION('',(0.,0.,-1.));
#11159=DIRECTION('',(0.,0.,-1.));
#11160=DIRECTION('',(1.11022302462516E-16,-1.,0.));
#11161=DIRECTION('',(0.,0.,-1.));
#11162=DIRECTION('',(-1.,0.,0.));
#11163=DIRECTION('',(0.,0.,-1.));
#11164=DIRECTION('',(0.,0.,1.));
#11165=DIRECTION('',(1.,0.,0.));
#11166=DIRECTION('',(0.,0.,-1.));
#11167=DIRECTION('',(0.,0.,1.));
#11168=DIRECTION('',(1.,0.,0.));
#11169=DIRECTION('',(0.,0.,-1.));
#11170=DIRECTION('',(0.,0.,-1.));
#11171=DIRECTION('',(0.,0.,1.));
#11172=DIRECTION('',(1.,0.,0.));
#11173=DIRECTION('',(0.,0.,-1.));
#11174=DIRECTION('',(0.,0.,-1.));
#11175=DIRECTION('',(0.,0.,1.));
#11176=DIRECTION('',(1.,0.,0.));
#11177=DIRECTION('',(1.22464679914735E-16,1.,0.));
#11178=DIRECTION('',(-1.,1.22464679914735E-16,0.));
#11179=DIRECTION('',(1.,-1.22464679914735E-16,0.));
#11180=DIRECTION('',(0.,0.,-1.));
#11181=DIRECTION('',(0.,0.,-1.));
#11182=DIRECTION('',(-1.,0.,0.));
#11183=DIRECTION('',(0.,0.,-1.));
#11184=DIRECTION('',(0.,0.,1.));
#11185=DIRECTION('',(1.,0.,0.));
#11186=DIRECTION('',(0.,0.,1.));
#11187=DIRECTION('',(1.,0.,0.));
#11188=DIRECTION('',(0.,0.,-1.));
#11189=DIRECTION('',(0.,0.,-1.));
#11190=DIRECTION('',(0.,0.,1.));
#11191=DIRECTION('',(1.,0.,0.));
#11192=DIRECTION('',(0.,0.,1.));
#11193=DIRECTION('',(1.,0.,0.));
#11194=DIRECTION('',(1.,1.11022302462516E-16,0.));
#11195=DIRECTION('',(-1.11022302462516E-16,1.,0.));
#11196=DIRECTION('',(0.,0.,-1.));
#11197=DIRECTION('',(1.11022302462516E-16,-1.,0.));
#11198=DIRECTION('',(0.,0.,-1.));
#11199=DIRECTION('',(-1.,0.,0.));
#11200=DIRECTION('',(0.,0.,-1.));
#11201=DIRECTION('',(0.,0.,-1.));
#11202=DIRECTION('',(0.,0.,1.));
#11203=DIRECTION('',(1.,0.,0.));
#11204=DIRECTION('',(0.,0.,1.));
#11205=DIRECTION('',(1.,0.,0.));
#11206=DIRECTION('',(0.,0.,1.));
#11207=DIRECTION('',(1.,0.,0.));
#11208=DIRECTION('',(0.,0.,-1.));
#11209=DIRECTION('',(0.,0.,1.));
#11210=DIRECTION('',(1.,0.,0.));
#11211=DIRECTION('',(1.22464679914735E-16,1.,0.));
#11212=DIRECTION('',(-1.,1.22464679914735E-16,0.));
#11213=DIRECTION('',(1.,-1.22464679914735E-16,0.));
#11214=DIRECTION('',(0.,0.,-1.));
#11215=DIRECTION('',(0.,0.,-1.));
#11216=DIRECTION('',(-1.,0.,0.));
#11217=DIRECTION('',(0.,0.,-1.));
#11218=DIRECTION('',(0.,0.,-1.));
#11219=DIRECTION('',(0.,0.,1.));
#11220=DIRECTION('',(1.,0.,0.));
#11221=DIRECTION('',(0.,0.,1.));
#11222=DIRECTION('',(1.,0.,0.));
#11223=DIRECTION('',(0.,0.,-1.));
#11224=DIRECTION('',(0.,0.,1.));
#11225=DIRECTION('',(1.,0.,0.));
#11226=DIRECTION('',(0.,0.,-1.));
#11227=DIRECTION('',(0.,0.,-1.));
#11228=DIRECTION('',(0.,0.,1.));
#11229=DIRECTION('',(1.,0.,0.));
#11230=DIRECTION('',(1.,1.11022302462516E-16,0.));
#11231=DIRECTION('',(-1.11022302462516E-16,1.,0.));
#11232=DIRECTION('',(1.11022302462516E-16,-1.,0.));
#11233=DIRECTION('',(1.22464679914735E-16,1.,0.));
#11234=DIRECTION('',(-1.,1.22464679914735E-16,0.));
#11235=DIRECTION('',(0.,0.,-1.));
#11236=DIRECTION('',(1.,-1.22464679914735E-16,0.));
#11237=DIRECTION('',(0.,0.,-1.));
#11238=DIRECTION('',(0.,0.,-1.));
#11239=DIRECTION('',(-1.,0.,0.));
#11240=DIRECTION('',(0.,0.,1.));
#11241=DIRECTION('',(1.,0.,0.));
#11242=DIRECTION('',(0.,0.,1.));
#11243=DIRECTION('',(1.,0.,0.));
#11244=DIRECTION('',(0.,0.,-1.));
#11245=DIRECTION('',(0.,0.,-1.));
#11246=DIRECTION('',(0.,0.,1.));
#11247=DIRECTION('',(1.,0.,0.));
#11248=DIRECTION('',(0.,0.,1.));
#11249=DIRECTION('',(1.,0.,0.));
#11250=DIRECTION('',(0.,0.,-1.));
#11251=DIRECTION('',(-1.,0.,0.));
#11252=DIRECTION('',(0.,0.,1.));
#11253=DIRECTION('',(1.,0.,0.));
#11254=DIRECTION('',(0.,0.,1.));
#11255=DIRECTION('',(1.,0.,0.));
#11256=DIRECTION('',(1.,1.11022302462516E-16,0.));
#11257=DIRECTION('',(-1.11022302462516E-16,1.,0.));
#11258=DIRECTION('',(0.,0.,-1.));
#11259=DIRECTION('',(1.11022302462516E-16,-1.,0.));
#11260=DIRECTION('',(0.,0.,-1.));
#11261=DIRECTION('',(0.,0.,-1.));
#11262=DIRECTION('',(-1.,0.,0.));
#11263=DIRECTION('',(0.,0.,1.));
#11264=DIRECTION('',(1.,0.,0.));
#11265=DIRECTION('',(0.,0.,1.));
#11266=DIRECTION('',(1.,0.,0.));
#11267=DIRECTION('',(0.,0.,-1.));
#11268=DIRECTION('',(-1.,0.,0.));
#11269=DIRECTION('',(0.,0.,1.));
#11270=DIRECTION('',(1.,0.,0.));
#11271=DIRECTION('',(0.,0.,-1.));
#11272=DIRECTION('',(0.,0.,-1.));
#11273=DIRECTION('',(0.,0.,1.));
#11274=DIRECTION('',(1.,0.,0.));
#11275=DIRECTION('',(0.,0.,-1.));
#11276=DIRECTION('',(0.,0.,-1.));
#11277=DIRECTION('',(0.,0.,1.));
#11278=DIRECTION('',(1.,0.,0.));
#11279=DIRECTION('',(0.,0.,1.));
#11280=DIRECTION('',(1.,0.,0.));
#11281=DIRECTION('',(0.,0.,1.));
#11282=DIRECTION('',(1.,0.,0.));
#11283=DIRECTION('',(0.,0.,1.));
#11284=DIRECTION('',(1.,0.,0.));
#11285=DIRECTION('',(0.,0.,-1.));
#11286=DIRECTION('',(-1.,0.,0.));
#11287=DIRECTION('',(0.,0.,-1.));
#11288=DIRECTION('',(0.,0.,-1.));
#11289=DIRECTION('',(0.,0.,1.));
#11290=DIRECTION('',(1.,0.,0.));
#11291=DIRECTION('',(0.,0.,-1.));
#11292=DIRECTION('',(0.,0.,1.));
#11293=DIRECTION('',(1.,0.,0.));
#11294=DIRECTION('',(0.,0.,1.));
#11295=DIRECTION('',(1.,0.,0.));
#11296=DIRECTION('',(0.,0.,1.));
#11297=DIRECTION('',(1.,0.,0.));
#11298=DIRECTION('',(1.22464679914735E-16,1.,0.));
#11299=DIRECTION('',(-1.,1.22464679914735E-16,0.));
#11300=DIRECTION('',(1.,-1.22464679914735E-16,0.));
#11301=DIRECTION('',(0.,0.,-1.));
#11302=DIRECTION('',(0.,0.,1.));
#11303=DIRECTION('',(1.11022302462516E-16,-1.,0.));
#11304=DIRECTION('',(-1.11022302462516E-16,1.,0.));
#11305=DIRECTION('',(0.,0.,1.));
#11306=DIRECTION('',(1.,0.,0.));
#11307=DIRECTION('',(-1.11022302462516E-16,1.,0.));
#11308=DIRECTION('',(0.,0.,1.));
#11309=DIRECTION('',(1.,0.,0.));
#11310=DIRECTION('',(0.,0.,-1.));
#11311=DIRECTION('',(-1.,0.,0.));
#11312=DIRECTION('',(0.,0.,1.));
#11313=DIRECTION('',(1.,0.,0.));
#11314=DIRECTION('',(0.,0.,-1.));
#11315=DIRECTION('',(-1.,0.,0.));
#11316=DIRECTION('',(0.,0.,-1.));
#11317=DIRECTION('',(0.,0.,-1.));
#11318=DIRECTION('',(0.,0.,1.));
#11319=DIRECTION('',(1.,0.,0.));
#11320=DIRECTION('',(0.,0.,-1.));
#11321=DIRECTION('',(0.,0.,-1.));
#11322=DIRECTION('',(0.,0.,1.));
#11323=DIRECTION('',(1.,0.,0.));
#11324=DIRECTION('',(0.,0.,1.));
#11325=DIRECTION('',(1.,0.,0.));
#11326=DIRECTION('',(0.,0.,1.));
#11327=DIRECTION('',(1.,0.,0.));
#11328=DIRECTION('',(0.,0.,1.));
#11329=DIRECTION('',(1.,-1.22464679914735E-16,0.));
#11330=DIRECTION('',(-1.,1.22464679914735E-16,0.));
#11331=DIRECTION('',(0.,0.,1.));
#11332=DIRECTION('',(1.,0.,0.));
#11333=DIRECTION('',(-1.,1.22464679914735E-16,0.));
#11334=DIRECTION('',(0.,0.,1.));
#11335=DIRECTION('',(1.,0.,0.));
#11336=DIRECTION('',(0.,0.,1.));
#11337=DIRECTION('',(1.,0.,0.));
#11338=DIRECTION('',(0.,0.,1.));
#11339=DIRECTION('',(1.,0.,0.));
#11340=DIRECTION('',(0.,0.,-1.));
#11341=DIRECTION('',(-1.,0.,0.));
#11342=DIRECTION('',(0.,0.,1.));
#11343=DIRECTION('',(1.,0.,0.));
#11344=DIRECTION('',(1.,1.11022302462516E-16,0.));
#11345=DIRECTION('',(-1.11022302462516E-16,1.,0.));
#11346=DIRECTION('',(0.,0.,-1.));
#11347=DIRECTION('',(1.11022302462516E-16,-1.,0.));
#11348=DIRECTION('',(0.,0.,-1.));
#11349=DIRECTION('',(-1.,0.,0.));
#11350=DIRECTION('',(0.,0.,1.));
#11351=DIRECTION('',(1.,0.,0.));
#11352=DIRECTION('',(1.,1.11022302462516E-16,0.));
#11353=DIRECTION('',(-1.11022302462516E-16,1.,0.));
#11354=DIRECTION('',(0.,0.,-1.));
#11355=DIRECTION('',(1.11022302462516E-16,-1.,0.));
#11356=DIRECTION('',(0.,0.,-1.));
#11357=DIRECTION('',(-1.,0.,0.));
#11358=DIRECTION('',(0.,0.,1.));
#11359=DIRECTION('',(1.,0.,0.));
#11360=DIRECTION('',(0.,0.,1.));
#11361=DIRECTION('',(1.,0.,0.));
#11362=DIRECTION('',(0.,0.,1.));
#11363=DIRECTION('',(1.,-1.22464679914735E-16,0.));
#11364=DIRECTION('',(-1.,1.22464679914735E-16,0.));
#11365=DIRECTION('',(-1.,1.22464679914735E-16,0.));
#11366=DIRECTION('',(0.,0.,1.));
#11367=DIRECTION('',(1.,0.,0.));
#11368=DIRECTION('',(0.,0.,1.));
#11369=DIRECTION('',(1.,0.,0.));
#11370=DIRECTION('',(0.,0.,1.));
#11371=DIRECTION('',(1.,0.,0.));
#11372=DIRECTION('',(0.,0.,-1.));
#11373=DIRECTION('',(-1.,0.,0.));
#11374=DIRECTION('',(0.,0.,1.));
#11375=DIRECTION('',(1.,0.,0.));
#11376=DIRECTION('',(1.22464679914735E-16,1.,0.));
#11377=DIRECTION('',(-1.,1.22464679914735E-16,0.));
#11378=DIRECTION('',(0.,0.,-1.));
#11379=DIRECTION('',(0.,0.,-1.));
#11380=DIRECTION('',(1.,-1.22464679914735E-16,0.));
#11381=DIRECTION('',(1.,1.11022302462516E-16,0.));
#11382=DIRECTION('',(-1.11022302462516E-16,1.,0.));
#11383=DIRECTION('',(1.11022302462516E-16,-1.,0.));
#11384=DIRECTION('',(0.,0.,-1.));
#11385=DIRECTION('',(0.,0.,-1.));
#11386=DIRECTION('',(-1.,0.,0.));
#11387=DIRECTION('',(0.,0.,1.));
#11388=DIRECTION('',(1.,0.,0.));
#11389=DIRECTION('',(1.,1.11022302462516E-16,0.));
#11390=DIRECTION('',(-1.11022302462516E-16,1.,0.));
#11391=DIRECTION('',(0.,0.,-1.));
#11392=DIRECTION('',(1.11022302462516E-16,-1.,0.));
#11393=DIRECTION('',(0.,0.,-1.));
#11394=DIRECTION('',(-1.,0.,0.));
#11395=DIRECTION('',(0.,0.,1.));
#11396=DIRECTION('',(1.,0.,0.));
#11397=DIRECTION('',(0.,0.,1.));
#11398=DIRECTION('',(1.,0.,0.));
#11399=DIRECTION('',(0.,0.,1.));
#11400=DIRECTION('',(1.,0.,0.));
#11401=DIRECTION('',(0.,0.,-1.));
#11402=DIRECTION('',(-1.,0.,0.));
#11403=DIRECTION('',(0.,0.,1.));
#11404=DIRECTION('',(1.,0.,0.));
#11405=DIRECTION('',(1.,1.11022302462516E-16,0.));
#11406=DIRECTION('',(-1.11022302462516E-16,1.,0.));
#11407=DIRECTION('',(1.11022302462516E-16,-1.,0.));
#11408=DIRECTION('',(0.,0.,-1.));
#11409=DIRECTION('',(0.,0.,-1.));
#11410=DIRECTION('',(-1.,0.,0.));
#11411=DIRECTION('',(0.,0.,1.));
#11412=DIRECTION('',(1.,0.,0.));
#11413=DIRECTION('',(1.,1.11022302462516E-16,0.));
#11414=DIRECTION('',(-1.11022302462516E-16,1.,0.));
#11415=DIRECTION('',(0.,0.,-1.));
#11416=DIRECTION('',(1.11022302462516E-16,-1.,0.));
#11417=DIRECTION('',(1.22464679914735E-16,1.,0.));
#11418=DIRECTION('',(-1.,1.22464679914735E-16,0.));
#11419=DIRECTION('',(0.,0.,-1.));
#11420=DIRECTION('',(1.,-1.22464679914735E-16,0.));
#11421=DIRECTION('',(0.,0.,-1.));
#11422=DIRECTION('',(0.,0.,-1.));
#11423=DIRECTION('',(-1.,0.,0.));
#11424=DIRECTION('',(0.,0.,1.));
#11425=DIRECTION('',(1.,0.,0.));
#11426=DIRECTION('',(0.,0.,1.));
#11427=DIRECTION('',(1.,0.,0.));
#11428=DIRECTION('',(0.,0.,1.));
#11429=DIRECTION('',(1.,0.,0.));
#11430=DIRECTION('',(0.,0.,-1.));
#11431=DIRECTION('',(-1.,0.,0.));
#11432=DIRECTION('',(0.,0.,1.));
#11433=DIRECTION('',(1.,0.,0.));
#11434=DIRECTION('',(1.22464679914735E-16,1.,0.));
#11435=DIRECTION('',(-1.,1.22464679914735E-16,0.));
#11436=DIRECTION('',(0.,0.,-1.));
#11437=DIRECTION('',(1.,-1.22464679914735E-16,0.));
#11438=DIRECTION('',(0.,0.,-1.));
#11439=DIRECTION('',(1.,1.11022302462516E-16,0.));
#11440=DIRECTION('',(-1.11022302462516E-16,1.,0.));
#11441=DIRECTION('',(1.11022302462516E-16,-1.,0.));
#11442=DIRECTION('',(0.,0.,-1.));
#11443=DIRECTION('',(0.,0.,-1.));
#11444=DIRECTION('',(-1.,0.,0.));
#11445=DIRECTION('',(0.,0.,1.));
#11446=DIRECTION('',(1.,0.,0.));
#11447=DIRECTION('',(1.,1.11022302462516E-16,0.));
#11448=DIRECTION('',(-1.11022302462516E-16,1.,0.));
#11449=DIRECTION('',(0.,0.,-1.));
#11450=DIRECTION('',(1.11022302462516E-16,-1.,0.));
#11451=DIRECTION('',(0.,0.,-1.));
#11452=DIRECTION('',(-1.,0.,0.));
#11453=DIRECTION('',(0.,0.,1.));
#11454=DIRECTION('',(1.,0.,0.));
#11455=DIRECTION('',(0.,0.,1.));
#11456=DIRECTION('',(1.,0.,0.));
#11457=DIRECTION('',(0.,0.,1.));
#11458=DIRECTION('',(1.,-1.22464679914735E-16,0.));
#11459=DIRECTION('',(-1.,1.22464679914735E-16,0.));
#11460=DIRECTION('',(-1.,1.22464679914735E-16,0.));
#11461=DIRECTION('',(0.,0.,1.));
#11462=DIRECTION('',(1.,0.,0.));
#11463=DIRECTION('',(0.,0.,1.));
#11464=DIRECTION('',(1.,0.,0.));
#11465=DIRECTION('',(0.,0.,1.));
#11466=DIRECTION('',(1.,0.,0.));
#11467=DIRECTION('',(0.,0.,-1.));
#11468=DIRECTION('',(-1.,0.,0.));
#11469=DIRECTION('',(0.,0.,1.));
#11470=DIRECTION('',(1.,0.,0.));
#11471=DIRECTION('',(0.,0.,1.));
#11472=DIRECTION('',(1.,0.,0.));
#11473=DIRECTION('',(1.,1.11022302462516E-16,0.));
#11474=DIRECTION('',(-1.11022302462516E-16,1.,0.));
#11475=DIRECTION('',(1.11022302462516E-16,-1.,0.));
#11476=DIRECTION('',(0.,0.,-1.));
#11477=DIRECTION('',(0.,0.,-1.));
#11478=DIRECTION('',(-1.,0.,0.));
#11479=DIRECTION('',(0.,0.,1.));
#11480=DIRECTION('',(1.,0.,0.));
#11481=DIRECTION('',(1.,1.11022302462516E-16,0.));
#11482=DIRECTION('',(-1.11022302462516E-16,1.,0.));
#11483=DIRECTION('',(1.11022302462516E-16,-1.,0.));
#11484=DIRECTION('',(0.,0.,-1.));
#11485=DIRECTION('',(0.,0.,-1.));
#11486=DIRECTION('',(-1.,0.,0.));
#11487=DIRECTION('',(0.,0.,1.));
#11488=DIRECTION('',(1.,0.,0.));
#11489=DIRECTION('',(0.,0.,1.));
#11490=DIRECTION('',(1.,0.,0.));
#11491=DIRECTION('',(0.,0.,1.));
#11492=DIRECTION('',(1.,-1.22464679914735E-16,0.));
#11493=DIRECTION('',(-1.,1.22464679914735E-16,0.));
#11494=DIRECTION('',(0.,0.,1.));
#11495=DIRECTION('',(1.,0.,0.));
#11496=DIRECTION('',(-1.,1.22464679914735E-16,0.));
#11497=DIRECTION('',(0.,0.,1.));
#11498=DIRECTION('',(1.,0.,0.));
#11499=DIRECTION('',(0.,0.,1.));
#11500=DIRECTION('',(1.,0.,0.));
#11501=DIRECTION('',(0.,0.,-1.));
#11502=DIRECTION('',(-1.,0.,0.));
#11503=DIRECTION('',(0.,0.,1.));
#11504=DIRECTION('',(1.,0.,0.));
#11505=DIRECTION('',(1.22464679914735E-16,1.,0.));
#11506=DIRECTION('',(-1.,1.22464679914735E-16,0.));
#11507=DIRECTION('',(1.,-1.22464679914735E-16,0.));
#11508=DIRECTION('',(0.,0.,-1.));
#11509=DIRECTION('',(0.,0.,-1.));
#11510=DIRECTION('',(1.,1.11022302462516E-16,0.));
#11511=DIRECTION('',(-1.11022302462516E-16,1.,0.));
#11512=DIRECTION('',(0.,0.,-1.));
#11513=DIRECTION('',(1.11022302462516E-16,-1.,0.));
#11514=DIRECTION('',(0.,0.,-1.));
#11515=DIRECTION('',(-1.,0.,0.));
#11516=DIRECTION('',(0.,0.,1.));
#11517=DIRECTION('',(1.,0.,0.));
#11518=DIRECTION('',(1.,1.11022302462516E-16,0.));
#11519=DIRECTION('',(-1.11022302462516E-16,1.,0.));
#11520=DIRECTION('',(0.,0.,-1.));
#11521=DIRECTION('',(1.11022302462516E-16,-1.,0.));
#11522=DIRECTION('',(0.,0.,-1.));
#11523=DIRECTION('',(-1.,0.,0.));
#11524=DIRECTION('',(0.,0.,1.));
#11525=DIRECTION('',(1.,0.,0.));
#11526=DIRECTION('',(0.,0.,1.));
#11527=DIRECTION('',(1.,0.,0.));
#11528=DIRECTION('',(0.,0.,1.));
#11529=DIRECTION('',(1.,-1.22464679914735E-16,0.));
#11530=DIRECTION('',(-1.,1.22464679914735E-16,0.));
#11531=DIRECTION('',(0.,0.,1.));
#11532=DIRECTION('',(1.,0.,0.));
#11533=DIRECTION('',(-1.,1.22464679914735E-16,0.));
#11534=DIRECTION('',(0.,0.,1.));
#11535=DIRECTION('',(1.,0.,0.));
#11536=DIRECTION('',(0.,0.,1.));
#11537=DIRECTION('',(1.,0.,0.));
#11538=DIRECTION('',(0.,0.,-1.));
#11539=DIRECTION('',(-1.,0.,0.));
#11540=DIRECTION('',(0.,0.,1.));
#11541=DIRECTION('',(1.,0.,0.));
#11542=DIRECTION('',(1.22464679914735E-16,1.,0.));
#11543=DIRECTION('',(-1.,1.22464679914735E-16,0.));
#11544=DIRECTION('',(1.,-1.22464679914735E-16,0.));
#11545=DIRECTION('',(0.,0.,-1.));
#11546=DIRECTION('',(0.,0.,-1.));
#11547=DIRECTION('',(1.,1.11022302462516E-16,0.));
#11548=DIRECTION('',(-1.11022302462516E-16,1.,0.));
#11549=DIRECTION('',(0.,0.,-1.));
#11550=DIRECTION('',(1.11022302462516E-16,-1.,0.));
#11551=DIRECTION('',(0.,0.,-1.));
#11552=DIRECTION('',(-1.,0.,0.));
#11553=DIRECTION('',(0.,0.,1.));
#11554=DIRECTION('',(1.,0.,0.));
#11555=DIRECTION('',(1.,1.11022302462516E-16,0.));
#11556=DIRECTION('',(-1.11022302462516E-16,1.,0.));
#11557=DIRECTION('',(0.,0.,-1.));
#11558=DIRECTION('',(1.11022302462516E-16,-1.,0.));
#11559=DIRECTION('',(0.,0.,-1.));
#11560=DIRECTION('',(-1.,0.,0.));
#11561=DIRECTION('',(0.,0.,1.));
#11562=DIRECTION('',(1.,0.,0.));
#11563=DIRECTION('',(0.,0.,1.));
#11564=DIRECTION('',(1.,0.,0.));
#11565=DIRECTION('',(0.,0.,1.));
#11566=DIRECTION('',(1.,-1.22464679914735E-16,0.));
#11567=DIRECTION('',(-1.,1.22464679914735E-16,0.));
#11568=DIRECTION('',(0.,0.,1.));
#11569=DIRECTION('',(1.,0.,0.));
#11570=DIRECTION('',(-1.,1.22464679914735E-16,0.));
#11571=DIRECTION('',(0.,0.,1.));
#11572=DIRECTION('',(1.,0.,0.));
#11573=DIRECTION('',(0.,0.,1.));
#11574=DIRECTION('',(1.,0.,0.));
#11575=DIRECTION('',(0.,0.,-1.));
#11576=DIRECTION('',(-1.,0.,0.));
#11577=DIRECTION('',(0.,0.,1.));
#11578=DIRECTION('',(1.,0.,0.));
#11579=DIRECTION('',(1.22464679914735E-16,1.,0.));
#11580=DIRECTION('',(-1.,1.22464679914735E-16,0.));
#11581=DIRECTION('',(1.,-1.22464679914735E-16,0.));
#11582=DIRECTION('',(0.,0.,-1.));
#11583=DIRECTION('',(0.,0.,-1.));
#11584=DIRECTION('',(1.,1.11022302462516E-16,0.));
#11585=DIRECTION('',(-1.11022302462516E-16,1.,0.));
#11586=DIRECTION('',(1.11022302462516E-16,-1.,0.));
#11587=DIRECTION('',(0.,0.,-1.));
#11588=DIRECTION('',(0.,0.,-1.));
#11589=DIRECTION('',(-1.,0.,0.));
#11590=DIRECTION('',(0.,0.,1.));
#11591=DIRECTION('',(1.,0.,0.));
#11592=DIRECTION('',(1.,1.11022302462516E-16,0.));
#11593=DIRECTION('',(-1.11022302462516E-16,1.,0.));
#11594=DIRECTION('',(1.11022302462516E-16,-1.,0.));
#11595=DIRECTION('',(0.,0.,-1.));
#11596=DIRECTION('',(0.,0.,-1.));
#11597=DIRECTION('',(-1.,0.,0.));
#11598=DIRECTION('',(0.,0.,1.));
#11599=DIRECTION('',(1.,0.,0.));
#11600=DIRECTION('',(0.,0.,1.));
#11601=DIRECTION('',(1.,0.,0.));
#11602=DIRECTION('',(0.,0.,1.));
#11603=DIRECTION('',(1.,-1.22464679914735E-16,0.));
#11604=DIRECTION('',(-1.,1.22464679914735E-16,0.));
#11605=DIRECTION('',(0.,0.,1.));
#11606=DIRECTION('',(1.,0.,0.));
#11607=DIRECTION('',(-1.,1.22464679914735E-16,0.));
#11608=DIRECTION('',(0.,0.,1.));
#11609=DIRECTION('',(1.,0.,0.));
#11610=DIRECTION('',(0.,0.,1.));
#11611=DIRECTION('',(1.,0.,0.));
#11612=DIRECTION('',(0.,0.,-1.));
#11613=DIRECTION('',(-1.,0.,0.));
#11614=DIRECTION('',(0.,0.,1.));
#11615=DIRECTION('',(1.,0.,0.));
#11616=DIRECTION('',(1.22464679914735E-16,1.,0.));
#11617=DIRECTION('',(-1.,1.22464679914735E-16,0.));
#11618=DIRECTION('',(0.,0.,-1.));
#11619=DIRECTION('',(0.,0.,-1.));
#11620=DIRECTION('',(1.,-1.22464679914735E-16,0.));
#11621=DIRECTION('',(1.,1.11022302462516E-16,0.));
#11622=DIRECTION('',(-1.11022302462516E-16,1.,0.));
#11623=DIRECTION('',(0.,0.,-1.));
#11624=DIRECTION('',(1.11022302462516E-16,-1.,0.));
#11625=DIRECTION('',(0.,0.,-1.));
#11626=DIRECTION('',(-1.,0.,0.));
#11627=DIRECTION('',(0.,0.,1.));
#11628=DIRECTION('',(1.,0.,0.));
#11629=DIRECTION('',(1.,1.11022302462516E-16,0.));
#11630=DIRECTION('',(-1.11022302462516E-16,1.,0.));
#11631=DIRECTION('',(0.,0.,-1.));
#11632=DIRECTION('',(1.11022302462516E-16,-1.,0.));
#11633=DIRECTION('',(0.,0.,-1.));
#11634=DIRECTION('',(-1.,0.,0.));
#11635=DIRECTION('',(0.,0.,1.));
#11636=DIRECTION('',(1.,0.,0.));
#11637=DIRECTION('',(0.,0.,1.));
#11638=DIRECTION('',(1.,0.,0.));
#11639=DIRECTION('',(0.,0.,1.));
#11640=DIRECTION('',(1.,-1.22464679914735E-16,0.));
#11641=DIRECTION('',(-1.,1.22464679914735E-16,0.));
#11642=DIRECTION('',(0.,0.,1.));
#11643=DIRECTION('',(1.,0.,0.));
#11644=DIRECTION('',(-1.,1.22464679914735E-16,0.));
#11645=DIRECTION('',(0.,0.,1.));
#11646=DIRECTION('',(1.,0.,0.));
#11647=DIRECTION('',(0.,0.,1.));
#11648=DIRECTION('',(1.,0.,0.));
#11649=DIRECTION('',(0.,0.,-1.));
#11650=DIRECTION('',(-1.,0.,0.));
#11651=DIRECTION('',(0.,0.,1.));
#11652=DIRECTION('',(1.,0.,0.));
#11653=DIRECTION('',(1.22464679914735E-16,1.,0.));
#11654=DIRECTION('',(-1.,1.22464679914735E-16,0.));
#11655=DIRECTION('',(1.,-1.22464679914735E-16,0.));
#11656=DIRECTION('',(0.,0.,-1.));
#11657=DIRECTION('',(0.,0.,-1.));
#11658=DIRECTION('',(0.,0.,-1.));
#11659=DIRECTION('',(-1.,0.,0.));
#11660=DIRECTION('',(0.,0.,1.));
#11661=DIRECTION('',(1.,0.,0.));
#11662=DIRECTION('',(0.,0.,1.));
#11663=DIRECTION('',(1.,0.,0.));
#11664=DIRECTION('',(0.,0.,1.));
#11665=DIRECTION('',(1.11022302462516E-16,-1.,0.));
#11666=DIRECTION('',(-1.11022302462516E-16,1.,0.));
#11667=DIRECTION('',(-1.11022302462516E-16,1.,0.));
#11668=DIRECTION('',(0.,0.,1.));
#11669=DIRECTION('',(1.,0.,0.));
#11670=DIRECTION('',(0.,0.,1.));
#11671=DIRECTION('',(1.,0.,0.));
#11672=DIRECTION('',(0.,0.,1.));
#11673=DIRECTION('',(1.,0.,0.));
#11674=DIRECTION('',(0.,0.,-1.));
#11675=DIRECTION('',(-1.,0.,0.));
#11676=DIRECTION('',(0.,0.,1.));
#11677=DIRECTION('',(1.,0.,0.));
#11678=DIRECTION('',(1.,1.11022302462516E-16,0.));
#11679=DIRECTION('',(-1.11022302462516E-16,1.,0.));
#11680=DIRECTION('',(0.,0.,-1.));
#11681=DIRECTION('',(0.,0.,-1.));
#11682=DIRECTION('',(1.11022302462516E-16,-1.,0.));
#11683=DIRECTION('',(1.22464679914735E-16,1.,0.));
#11684=DIRECTION('',(-1.,1.22464679914735E-16,0.));
#11685=DIRECTION('',(1.,-1.22464679914735E-16,0.));
#11686=DIRECTION('',(0.,0.,-1.));
#11687=DIRECTION('',(0.,0.,-1.));
#11688=DIRECTION('',(-1.,0.,0.));
#11689=DIRECTION('',(0.,0.,1.));
#11690=DIRECTION('',(1.,0.,0.));
#11691=DIRECTION('',(1.22464679914735E-16,1.,0.));
#11692=DIRECTION('',(-1.,1.22464679914735E-16,0.));
#11693=DIRECTION('',(1.,-1.22464679914735E-16,0.));
#11694=DIRECTION('',(0.,0.,-1.));
#11695=DIRECTION('',(0.,0.,-1.));
#11696=DIRECTION('',(-1.,0.,0.));
#11697=DIRECTION('',(0.,0.,1.));
#11698=DIRECTION('',(1.,0.,0.));
#11699=DIRECTION('',(0.,0.,1.));
#11700=DIRECTION('',(1.,0.,0.));
#11701=DIRECTION('',(0.,0.,1.));
#11702=DIRECTION('',(1.11022302462516E-16,-1.,0.));
#11703=DIRECTION('',(-1.11022302462516E-16,1.,0.));
#11704=DIRECTION('',(-1.11022302462516E-16,1.,0.));
#11705=DIRECTION('',(0.,0.,1.));
#11706=DIRECTION('',(1.,0.,0.));
#11707=DIRECTION('',(0.,0.,1.));
#11708=DIRECTION('',(1.,0.,0.));
#11709=DIRECTION('',(0.,0.,1.));
#11710=DIRECTION('',(1.,0.,0.));
#11711=DIRECTION('',(0.,0.,-1.));
#11712=DIRECTION('',(-1.,0.,0.));
#11713=DIRECTION('',(0.,0.,1.));
#11714=DIRECTION('',(1.,0.,0.));
#11715=DIRECTION('',(1.,1.11022302462516E-16,0.));
#11716=DIRECTION('',(-1.11022302462516E-16,1.,0.));
#11717=DIRECTION('',(0.,0.,-1.));
#11718=DIRECTION('',(0.,0.,-1.));
#11719=DIRECTION('',(1.11022302462516E-16,-1.,0.));
#11720=DIRECTION('',(1.22464679914735E-16,1.,0.));
#11721=DIRECTION('',(-1.,1.22464679914735E-16,0.));
#11722=DIRECTION('',(1.,-1.22464679914735E-16,0.));
#11723=DIRECTION('',(0.,0.,-1.));
#11724=DIRECTION('',(0.,0.,-1.));
#11725=DIRECTION('',(-1.,0.,0.));
#11726=DIRECTION('',(0.,0.,1.));
#11727=DIRECTION('',(1.,0.,0.));
#11728=DIRECTION('',(1.22464679914735E-16,1.,0.));
#11729=DIRECTION('',(-1.,1.22464679914735E-16,0.));
#11730=DIRECTION('',(1.,-1.22464679914735E-16,0.));
#11731=DIRECTION('',(0.,0.,-1.));
#11732=DIRECTION('',(0.,0.,-1.));
#11733=DIRECTION('',(-1.,0.,0.));
#11734=DIRECTION('',(0.,0.,1.));
#11735=DIRECTION('',(1.,0.,0.));
#11736=DIRECTION('',(0.,0.,1.));
#11737=DIRECTION('',(1.,0.,0.));
#11738=DIRECTION('',(0.,0.,1.));
#11739=DIRECTION('',(1.11022302462516E-16,-1.,0.));
#11740=DIRECTION('',(-1.11022302462516E-16,1.,0.));
#11741=DIRECTION('',(-1.11022302462516E-16,1.,0.));
#11742=DIRECTION('',(0.,0.,1.));
#11743=DIRECTION('',(1.,0.,0.));
#11744=DIRECTION('',(0.,0.,1.));
#11745=DIRECTION('',(1.,0.,0.));
#11746=DIRECTION('',(0.,0.,1.));
#11747=DIRECTION('',(1.,0.,0.));
#11748=DIRECTION('',(0.,0.,-1.));
#11749=DIRECTION('',(-1.,0.,0.));
#11750=DIRECTION('',(0.,0.,1.));
#11751=DIRECTION('',(1.,0.,0.));
#11752=DIRECTION('',(1.,1.11022302462516E-16,0.));
#11753=DIRECTION('',(-1.11022302462516E-16,1.,0.));
#11754=DIRECTION('',(0.,0.,-1.));
#11755=DIRECTION('',(0.,0.,-1.));
#11756=DIRECTION('',(1.11022302462516E-16,-1.,0.));
#11757=DIRECTION('',(1.22464679914735E-16,1.,0.));
#11758=DIRECTION('',(-1.,1.22464679914735E-16,0.));
#11759=DIRECTION('',(0.,0.,-1.));
#11760=DIRECTION('',(1.,-1.22464679914735E-16,0.));
#11761=DIRECTION('',(0.,0.,-1.));
#11762=DIRECTION('',(0.,0.,-1.));
#11763=DIRECTION('',(-1.,0.,0.));
#11764=DIRECTION('',(0.,0.,1.));
#11765=DIRECTION('',(1.,0.,0.));
#11766=DIRECTION('',(0.,0.,1.));
#11767=DIRECTION('',(1.,0.,0.));
#11768=DIRECTION('',(1.,0.,0.));
#11769=DIRECTION('',(0.,-1.,0.));
#11770=DIRECTION('',(1.,0.,0.));
#11771=DIRECTION('',(0.,-1.,0.));
#11772=DIRECTION('',(0.,0.,1.));
#11773=DIRECTION('',(1.,0.,0.));
#11774=DIRECTION('',(0.,0.,1.));
#11775=DIRECTION('',(1.,0.,0.));
#11776=DIRECTION('',(0.,0.,1.));
#11777=DIRECTION('',(1.,0.,0.));
#11778=DIRECTION('',(1.,6.03382078600629E-16,0.));
#11779=DIRECTION('',(0.,-1.,0.));
#11780=DIRECTION('',(1.,0.,0.));
#11781=DIRECTION('',(0.,-1.,0.));
#11782=DIRECTION('',(0.,0.,1.));
#11783=DIRECTION('',(1.,0.,0.));
#11784=DIRECTION('',(0.,0.,1.));
#11785=DIRECTION('',(1.,0.,0.));
#11786=DIRECTION('',(0.,0.,1.));
#11787=DIRECTION('',(1.,0.,0.));
#11788=DIRECTION('',(1.,0.,0.));
#11789=DIRECTION('',(0.,-1.,0.));
#11790=DIRECTION('',(1.,0.,0.));
#11791=DIRECTION('',(0.,-1.,0.));
#11792=DIRECTION('',(0.,0.,1.));
#11793=DIRECTION('',(1.,0.,0.));
#11794=DIRECTION('',(0.,0.,1.));
#11795=DIRECTION('',(1.,0.,0.));
#11796=DIRECTION('',(0.,0.,1.));
#11797=DIRECTION('',(1.,0.,0.));
#11798=DIRECTION('',(0.,0.,1.));
#11799=DIRECTION('',(1.,0.,0.));
#11800=DIRECTION('',(1.,6.03382078600629E-16,0.));
#11801=DIRECTION('',(0.,-1.,0.));
#11802=DIRECTION('',(1.,0.,0.));
#11803=DIRECTION('',(0.,-1.,0.));
#11804=DIRECTION('',(0.,0.,1.));
#11805=DIRECTION('',(1.,0.,0.));
#11806=DIRECTION('',(0.,0.,1.));
#11807=DIRECTION('',(1.,0.,0.));
#11808=DIRECTION('',(0.,0.,1.));
#11809=DIRECTION('',(1.,0.,0.));
#11810=DIRECTION('',(0.,0.,1.));
#11811=DIRECTION('',(1.,0.,0.));
#11812=DIRECTION('',(1.,0.,0.));
#11813=DIRECTION('',(0.,-1.,0.));
#11814=DIRECTION('',(1.,0.,0.));
#11815=DIRECTION('',(0.,-1.,0.));
#11816=DIRECTION('',(0.,0.,1.));
#11817=DIRECTION('',(1.,0.,0.));
#11818=DIRECTION('',(1.,0.,0.));
#11819=DIRECTION('',(0.,-1.,0.));
#11820=DIRECTION('',(1.,0.,0.));
#11821=DIRECTION('',(0.,-1.,0.));
#11822=DIRECTION('',(0.,0.,1.));
#11823=DIRECTION('',(1.,0.,0.));
#11824=DIRECTION('',(1.,0.,0.));
#11825=DIRECTION('',(0.,-1.,0.));
#11826=DIRECTION('',(1.,0.,0.));
#11827=DIRECTION('',(0.,-1.,0.));
#11828=DIRECTION('',(0.,0.,1.));
#11829=DIRECTION('',(1.,0.,0.));
#11830=DIRECTION('',(0.,0.,1.));
#11831=DIRECTION('',(1.,0.,0.));
#11832=DIRECTION('',(0.,0.,1.));
#11833=DIRECTION('',(1.,0.,0.));
#11834=DIRECTION('',(1.,0.,0.));
#11835=DIRECTION('',(0.,-1.,0.));
#11836=DIRECTION('',(1.,0.,0.));
#11837=DIRECTION('',(0.,-1.,0.));
#11838=DIRECTION('',(0.,0.,1.));
#11839=DIRECTION('',(1.,0.,0.));
#11840=DIRECTION('',(0.,0.,1.));
#11841=DIRECTION('',(1.,0.,0.));
#11842=DIRECTION('',(0.,0.,1.));
#11843=DIRECTION('',(1.,0.,0.));
#11844=DIRECTION('',(1.,6.03382078600629E-16,0.));
#11845=DIRECTION('',(0.,-1.,0.));
#11846=DIRECTION('',(1.,0.,0.));
#11847=DIRECTION('',(0.,-1.,0.));
#11848=DIRECTION('',(0.,0.,1.));
#11849=DIRECTION('',(1.,0.,0.));
#11850=DIRECTION('',(0.,0.,1.));
#11851=DIRECTION('',(1.,0.,0.));
#11852=DIRECTION('',(0.,0.,1.));
#11853=DIRECTION('',(1.,0.,0.));
#11854=DIRECTION('',(1.,0.,0.));
#11855=DIRECTION('',(0.,-1.,0.));
#11856=DIRECTION('',(1.,0.,0.));
#11857=DIRECTION('',(0.,-1.,0.));
#11858=DIRECTION('',(0.,0.,1.));
#11859=DIRECTION('',(1.,0.,0.));
#11860=DIRECTION('',(0.,0.,1.));
#11861=DIRECTION('',(1.,0.,0.));
#11862=DIRECTION('',(0.,0.,1.));
#11863=DIRECTION('',(1.,0.,0.));
#11864=DIRECTION('',(1.,6.03382078600629E-16,0.));
#11865=DIRECTION('',(0.,-1.,0.));
#11866=DIRECTION('',(1.,0.,0.));
#11867=DIRECTION('',(0.,-1.,0.));
#11868=DIRECTION('',(0.,0.,1.));
#11869=DIRECTION('',(1.,0.,0.));
#11870=DIRECTION('',(0.,0.,1.));
#11871=DIRECTION('',(1.,0.,0.));
#11872=DIRECTION('',(0.,0.,1.));
#11873=DIRECTION('',(1.,0.,0.));
#11874=DIRECTION('',(1.,0.,0.));
#11875=DIRECTION('',(0.,-1.,0.));
#11876=DIRECTION('',(1.,0.,0.));
#11877=DIRECTION('',(0.,-1.,0.));
#11878=DIRECTION('',(0.,0.,1.));
#11879=DIRECTION('',(1.,0.,0.));
#11880=DIRECTION('',(1.,0.,0.));
#11881=DIRECTION('',(0.,-1.,0.));
#11882=DIRECTION('',(1.,0.,0.));
#11883=DIRECTION('',(0.,-1.,0.));
#11884=DIRECTION('',(0.,0.,1.));
#11885=DIRECTION('',(1.,0.,0.));
#11886=DIRECTION('',(0.,0.,1.));
#11887=DIRECTION('',(1.,0.,0.));
#11888=DIRECTION('',(0.,0.,1.));
#11889=DIRECTION('',(1.,0.,0.));
#11890=DIRECTION('',(1.,0.,0.));
#11891=DIRECTION('',(0.,-1.,0.));
#11892=DIRECTION('',(1.,0.,0.));
#11893=DIRECTION('',(0.,-1.,0.));
#11894=DIRECTION('',(0.,0.,1.));
#11895=DIRECTION('',(1.,-1.22464679914735E-16,0.));
#11896=DIRECTION('',(0.,1.,0.));
#11897=DIRECTION('',(-1.,1.22464679914735E-16,0.));
#11898=DIRECTION('',(-1.,1.22464679914735E-16,0.));
#11899=DIRECTION('',(1.22464679914735E-16,1.,0.));
#11900=DIRECTION('',(-1.,1.22464679914735E-16,0.));
#11901=DIRECTION('',(0.,0.,-1.));
#11902=DIRECTION('',(1.,-1.22464679914735E-16,0.));
#11903=DIRECTION('',(1.22464679914735E-16,1.,0.));
#11904=DIRECTION('',(-1.,1.22464679914735E-16,0.));
#11905=DIRECTION('',(0.,0.,-1.));
#11906=DIRECTION('',(1.,-1.22464679914735E-16,0.));
#11907=DIRECTION('',(0.,0.,1.));
#11908=DIRECTION('',(1.,-1.22464679914735E-16,0.));
#11909=DIRECTION('',(-1.,1.22464679914735E-16,0.));
#11910=DIRECTION('',(-1.,1.22464679914735E-16,0.));
#11911=DIRECTION('',(1.22464679914735E-16,1.,0.));
#11912=DIRECTION('',(-1.,1.22464679914735E-16,0.));
#11913=DIRECTION('',(1.,-1.22464679914735E-16,0.));
#11914=DIRECTION('',(0.,0.,1.));
#11915=DIRECTION('',(1.,0.,0.));
#11916=DIRECTION('',(-1.,0.,0.));
#11917=DIRECTION('',(1.,-1.22464679914735E-16,0.));
#11918=DIRECTION('',(0.,1.,0.));
#11919=DIRECTION('',(1.,0.,0.));
#11920=DIRECTION('',(0.,-1.,0.));
#11921=DIRECTION('',(1.22464679914735E-16,1.,0.));
#11922=DIRECTION('',(-1.,1.22464679914735E-16,0.));
#11923=DIRECTION('',(0.,0.,1.));
#11924=DIRECTION('',(1.,0.,0.));
#11925=DIRECTION('',(0.,1.,0.));
#11926=DIRECTION('',(1.,-1.22464679914735E-16,0.));
#11927=DIRECTION('',(0.,0.,1.));
#11928=DIRECTION('',(1.,0.,0.));
#11929=DIRECTION('',(1.,0.,0.));
#11930=DIRECTION('',(-3.01691039300315E-16,-1.,0.));
#11931=DIRECTION('',(1.,0.,0.));
#11932=DIRECTION('',(1.22464679914735E-16,1.,0.));
#11933=DIRECTION('',(-1.,1.22464679914735E-16,0.));
#11934=DIRECTION('',(0.,0.,-1.));
#11935=DIRECTION('',(-1.,1.22464679914735E-16,0.));
#11936=DIRECTION('',(0.,0.,-1.));
#11937=DIRECTION('',(0.,0.,1.));
#11938=DIRECTION('',(1.,-1.22464679914735E-16,0.));
#11939=DIRECTION('',(0.,1.,0.));
#11940=DIRECTION('',(-1.,1.22464679914735E-16,0.));
#11941=DIRECTION('',(0.,0.,1.));
#11942=DIRECTION('',(1.,0.,0.));
#11943=DIRECTION('',(0.,0.,1.));
#11944=DIRECTION('',(1.,0.,0.));
#11945=DIRECTION('',(0.,0.,-1.));
#11946=DIRECTION('',(-1.,0.,0.));
#11947=DIRECTION('',(0.,0.,1.));
#11948=DIRECTION('',(1.,0.,0.));
#11949=DIRECTION('',(1.22464679914735E-16,1.,0.));
#11950=DIRECTION('',(-1.,1.22464679914735E-16,0.));
#11951=DIRECTION('',(0.,0.,-1.));
#11952=DIRECTION('',(1.,-1.22464679914735E-16,0.));
#11953=DIRECTION('',(0.,0.,-1.));
#11954=DIRECTION('',(0.,0.,1.));
#11955=DIRECTION('',(1.,0.,0.));
#11956=DIRECTION('',(0.,0.,1.));
#11957=DIRECTION('',(1.,0.,0.));
#11958=DIRECTION('',(0.,0.,1.));
#11959=DIRECTION('',(1.,0.,0.));
#11960=DIRECTION('',(1.11022302462516E-16,-1.,0.));
#11961=DIRECTION('',(1.,6.03382078600629E-16,0.));
#11962=DIRECTION('',(0.,-1.,0.));
#11963=DIRECTION('',(1.,0.,0.));
#11964=DIRECTION('',(0.,-1.,0.));
#11965=DIRECTION('',(1.,1.11022302462516E-16,0.));
#11966=DIRECTION('',(-1.11022302462516E-16,1.,0.));
#11967=DIRECTION('',(0.,0.,-1.));
#11968=DIRECTION('',(0.,0.,-1.));
#11969=DIRECTION('',(-1.,0.,0.));
#11970=DIRECTION('',(0.,0.,1.));
#11971=DIRECTION('',(1.,0.,0.));
#11972=DIRECTION('',(1.,1.11022302462516E-16,0.));
#11973=DIRECTION('',(-1.11022302462516E-16,1.,0.));
#11974=DIRECTION('',(0.,0.,-1.));
#11975=DIRECTION('',(1.11022302462516E-16,-1.,0.));
#11976=DIRECTION('',(0.,0.,-1.));
#11977=DIRECTION('',(-1.,0.,0.));
#11978=DIRECTION('',(0.,0.,1.));
#11979=DIRECTION('',(1.,0.,0.));
#11980=DIRECTION('',(0.,0.,1.));
#11981=DIRECTION('',(1.,0.,0.));
#11982=DIRECTION('',(1.22464679914735E-16,1.,0.));
#11983=DIRECTION('',(-1.,1.22464679914735E-16,0.));
#11984=DIRECTION('',(-1.,1.22464679914735E-16,0.));
#11985=DIRECTION('',(0.,0.,-1.));
#11986=DIRECTION('',(1.,-1.22464679914735E-16,0.));
#11987=DIRECTION('',(0.,0.,-1.));
#11988=DIRECTION('',(0.,0.,1.));
#11989=DIRECTION('',(1.,0.,0.));
#11990=DIRECTION('',(0.,1.,0.));
#11991=DIRECTION('',(0.,0.,1.));
#11992=DIRECTION('',(1.,0.,0.));
#11993=DIRECTION('',(0.,1.,0.));
#11994=DIRECTION('',(1.,6.03382078600629E-16,0.));
#11995=DIRECTION('',(-3.01691039300315E-16,-1.,0.));
#11996=DIRECTION('',(1.,0.,0.));
#11997=DIRECTION('',(0.,0.,1.));
#11998=DIRECTION('',(1.,-1.22464679914735E-16,0.));
#11999=DIRECTION('',(0.,1.,0.));
#12000=DIRECTION('',(-1.,1.22464679914735E-16,0.));
#12001=DIRECTION('',(0.,0.,-1.));
#12002=DIRECTION('',(-1.,0.,0.));
#12003=DIRECTION('',(0.,0.,1.));
#12004=DIRECTION('',(1.,0.,0.));
#12005=DIRECTION('',(0.,0.,1.));
#12006=DIRECTION('',(1.,0.,0.));
#12007=DIRECTION('',(0.,0.,-1.));
#12008=DIRECTION('',(-1.,0.,0.));
#12009=DIRECTION('',(0.,0.,1.));
#12010=DIRECTION('',(1.,0.,0.));
#12011=DIRECTION('',(0.,0.,1.));
#12012=DIRECTION('',(1.,0.,0.));
#12013=DIRECTION('',(0.,0.,-1.));
#12014=DIRECTION('',(-1.,0.,0.));
#12015=DIRECTION('',(0.,0.,1.));
#12016=DIRECTION('',(1.,0.,0.));
#12017=DIRECTION('',(0.,0.,1.));
#12018=DIRECTION('',(1.,0.,0.));
#12019=DIRECTION('',(0.,0.,-1.));
#12020=DIRECTION('',(-1.,0.,0.));
#12021=DIRECTION('',(0.,0.,1.));
#12022=DIRECTION('',(1.,0.,0.));
#12023=DIRECTION('',(0.,0.,1.));
#12024=DIRECTION('',(1.,0.,0.));
#12025=DIRECTION('',(1.22464679914735E-16,1.,0.));
#12026=DIRECTION('',(-1.,1.22464679914735E-16,0.));
#12027=DIRECTION('',(1.,-1.22464679914735E-16,0.));
#12028=DIRECTION('',(0.,0.,-1.));
#12029=DIRECTION('',(0.,0.,-1.));
#12030=DIRECTION('',(0.,0.,-1.));
#12031=DIRECTION('',(-1.,0.,0.));
#12032=DIRECTION('',(0.,0.,-1.));
#12033=DIRECTION('',(0.,0.,-1.));
#12034=DIRECTION('',(0.,0.,1.));
#12035=DIRECTION('',(1.,0.,0.));
#12036=DIRECTION('',(0.,0.,-1.));
#12037=DIRECTION('',(0.,0.,1.));
#12038=DIRECTION('',(1.,0.,0.));
#12039=DIRECTION('',(1.22464679914735E-16,1.,0.));
#12040=DIRECTION('',(-1.,1.22464679914735E-16,0.));
#12041=DIRECTION('',(0.,0.,-1.));
#12042=DIRECTION('',(1.,-1.22464679914735E-16,0.));
#12043=DIRECTION('',(0.,0.,-1.));
#12044=DIRECTION('',(-1.,0.,0.));
#12045=DIRECTION('',(0.,0.,-1.));
#12046=DIRECTION('',(0.,0.,-1.));
#12047=DIRECTION('',(0.,0.,1.));
#12048=DIRECTION('',(1.,0.,0.));
#12049=DIRECTION('',(0.,0.,-1.));
#12050=DIRECTION('',(0.,0.,1.));
#12051=DIRECTION('',(1.,0.,0.));
#12052=DIRECTION('',(1.22464679914735E-16,1.,0.));
#12053=DIRECTION('',(-1.,1.22464679914735E-16,0.));
#12054=DIRECTION('',(1.,-1.22464679914735E-16,0.));
#12055=DIRECTION('',(1.22464679914735E-16,1.,0.));
#12056=DIRECTION('',(-1.,1.22464679914735E-16,0.));
#12057=DIRECTION('',(1.,-1.22464679914735E-16,0.));
#12058=DIRECTION('',(0.,0.,-1.));
#12059=DIRECTION('',(0.,0.,-1.));
#12060=DIRECTION('',(-1.,0.,0.));
#12061=DIRECTION('',(0.,0.,-1.));
#12062=DIRECTION('',(0.,0.,-1.));
#12063=DIRECTION('',(0.,0.,1.));
#12064=DIRECTION('',(1.,0.,0.));
#12065=DIRECTION('',(0.,0.,-1.));
#12066=DIRECTION('',(-1.,0.,0.));
#12067=DIRECTION('',(0.,0.,-1.));
#12068=DIRECTION('',(0.,0.,-1.));
#12069=DIRECTION('',(0.,0.,1.));
#12070=DIRECTION('',(1.,0.,0.));
#12071=DIRECTION('',(0.,0.,-1.));
#12072=DIRECTION('',(1.22464679914735E-16,1.,0.));
#12073=DIRECTION('',(-1.,1.22464679914735E-16,0.));
#12074=DIRECTION('',(1.,-1.22464679914735E-16,0.));
#12075=DIRECTION('',(0.,0.,-1.));
#12076=DIRECTION('',(0.,0.,-1.));
#12077=DIRECTION('',(-1.,0.,0.));
#12078=DIRECTION('',(0.,0.,1.));
#12079=DIRECTION('',(1.,0.,0.));
#12080=DIRECTION('',(0.,0.,1.));
#12081=DIRECTION('',(1.,0.,0.));
#12082=DIRECTION('',(0.,0.,-1.));
#12083=DIRECTION('',(-1.,0.,0.));
#12084=DIRECTION('',(0.,0.,1.));
#12085=DIRECTION('',(1.,0.,0.));
#12086=DIRECTION('',(0.,0.,1.));
#12087=DIRECTION('',(1.,0.,0.));
#12088=DIRECTION('',(1.22464679914735E-16,1.,0.));
#12089=DIRECTION('',(-1.,1.22464679914735E-16,0.));
#12090=DIRECTION('',(0.,0.,-1.));
#12091=DIRECTION('',(0.,0.,-1.));
#12092=DIRECTION('',(0.,0.,-1.));
#12093=DIRECTION('',(-1.,0.,0.));
#12094=DIRECTION('',(0.,0.,-1.));
#12095=DIRECTION('',(1.22464679914735E-16,1.,0.));
#12096=DIRECTION('',(-1.,1.22464679914735E-16,0.));
#12097=DIRECTION('',(0.,0.,-1.));
#12098=DIRECTION('',(0.,0.,-1.));
#12099=DIRECTION('',(-1.,0.,0.));
#12100=DIRECTION('',(0.,0.,-1.));
#12101=DIRECTION('',(1.22464679914735E-16,1.,0.));
#12102=DIRECTION('',(-1.,1.22464679914735E-16,0.));
#12103=DIRECTION('',(0.,0.,-1.));
#12104=DIRECTION('',(0.,0.,-1.));
#12105=DIRECTION('',(-1.,0.,0.));
#12106=DIRECTION('',(0.,0.,-1.));
#12107=DIRECTION('',(1.22464679914735E-16,1.,0.));
#12108=DIRECTION('',(-1.,1.22464679914735E-16,0.));
#12109=DIRECTION('',(0.,0.,-1.));
#12110=DIRECTION('',(0.,0.,-1.));
#12111=DIRECTION('',(-1.,0.,0.));
#12112=DIRECTION('',(0.,0.,-1.));
#12113=DIRECTION('',(1.22464679914735E-16,1.,0.));
#12114=DIRECTION('',(-1.,1.22464679914735E-16,0.));
#12115=DIRECTION('',(0.,0.,-1.));
#12116=DIRECTION('',(0.,0.,-1.));
#12117=DIRECTION('',(-1.,0.,0.));
#12118=DIRECTION('',(0.,0.,-1.));
#12119=DIRECTION('',(1.22464679914735E-16,1.,0.));
#12120=DIRECTION('',(-1.,1.22464679914735E-16,0.));
#12121=DIRECTION('',(0.,0.,-1.));
#12122=DIRECTION('',(0.,0.,-1.));
#12123=DIRECTION('',(-1.,0.,0.));
#12124=DIRECTION('',(0.,0.,-1.));
#12125=DIRECTION('',(1.,1.11022302462516E-16,0.));
#12126=DIRECTION('',(-1.11022302462516E-16,1.,0.));
#12127=DIRECTION('',(0.,0.,-1.));
#12128=DIRECTION('',(0.,0.,-1.));
#12129=DIRECTION('',(-1.,0.,0.));
#12130=DIRECTION('',(0.,0.,-1.));
#12131=DIRECTION('',(1.,1.11022302462516E-16,0.));
#12132=DIRECTION('',(-1.11022302462516E-16,1.,0.));
#12133=DIRECTION('',(0.,0.,-1.));
#12134=DIRECTION('',(0.,0.,-1.));
#12135=DIRECTION('',(-1.,0.,0.));
#12136=DIRECTION('',(0.,0.,-1.));
#12137=DIRECTION('',(1.,1.11022302462516E-16,0.));
#12138=DIRECTION('',(-1.11022302462516E-16,1.,0.));
#12139=DIRECTION('',(0.,0.,-1.));
#12140=DIRECTION('',(0.,0.,-1.));
#12141=DIRECTION('',(-1.,0.,0.));
#12142=DIRECTION('',(0.,0.,-1.));
#12143=DIRECTION('',(0.,0.,-1.));
#12144=DIRECTION('',(0.,0.,1.));
#12145=DIRECTION('',(1.,0.,0.));
#12146=DIRECTION('',(0.,-1.,0.));
#12147=DIRECTION('',(0.,0.,-1.));
#12148=DIRECTION('',(0.,0.,1.));
#12149=DIRECTION('',(0.,0.,1.));
#12150=DIRECTION('',(-1.,0.,0.));
#12151=DIRECTION('',(0.,0.,1.));
#12152=DIRECTION('',(0.,0.,1.));
#12153=DIRECTION('',(0.,-1.,0.));
#12154=DIRECTION('',(0.,0.,-1.));
#12155=DIRECTION('',(0.,0.,1.));
#12156=DIRECTION('',(-1.,0.,0.));
#12157=DIRECTION('',(0.,0.,1.));
#12158=DIRECTION('',(0.,-1.,0.));
#12159=DIRECTION('',(0.,0.,-1.));
#12160=DIRECTION('',(0.,0.,1.));
#12161=DIRECTION('',(0.,0.,1.));
#12162=DIRECTION('',(-1.,0.,0.));
#12163=DIRECTION('',(0.,0.,1.));
#12164=DIRECTION('',(0.,0.,1.));
#12165=DIRECTION('',(6.03382078600629E-16,-1.,0.));
#12166=DIRECTION('',(1.,6.03382078600629E-16,0.));
#12167=DIRECTION('',(0.,0.,1.));
#12168=DIRECTION('',(-1.,0.,0.));
#12169=DIRECTION('',(0.,0.,1.));
#12170=DIRECTION('',(0.,-1.,0.));
#12171=DIRECTION('',(0.,0.,-1.));
#12172=DIRECTION('',(0.,0.,1.));
#12173=DIRECTION('',(0.,0.,1.));
#12174=DIRECTION('',(-1.,0.,0.));
#12175=DIRECTION('',(0.,0.,1.));
#12176=DIRECTION('',(0.,0.,1.));
#12177=DIRECTION('',(0.,-1.,0.));
#12178=DIRECTION('',(0.,0.,-1.));
#12179=DIRECTION('',(0.,0.,1.));
#12180=DIRECTION('',(-1.,0.,0.));
#12181=DIRECTION('',(0.,0.,1.));
#12182=DIRECTION('',(0.,-1.,0.));
#12183=DIRECTION('',(0.,0.,-1.));
#12184=DIRECTION('',(0.,0.,1.));
#12185=DIRECTION('',(0.,0.,1.));
#12186=DIRECTION('',(-1.,0.,0.));
#12187=DIRECTION('',(0.,0.,1.));
#12188=DIRECTION('',(0.,0.,1.));
#12189=DIRECTION('',(6.03382078600629E-16,-1.,0.));
#12190=DIRECTION('',(1.,6.03382078600629E-16,0.));
#12191=DIRECTION('',(0.,0.,1.));
#12192=DIRECTION('',(-1.,0.,0.));
#12193=DIRECTION('',(0.,0.,1.));
#12194=DIRECTION('',(0.,-1.,0.));
#12195=DIRECTION('',(0.,0.,-1.));
#12196=DIRECTION('',(0.,0.,1.));
#12197=DIRECTION('',(0.,0.,1.));
#12198=DIRECTION('',(-1.,0.,0.));
#12199=DIRECTION('',(0.,0.,1.));
#12200=DIRECTION('',(0.,0.,1.));
#12201=DIRECTION('',(0.,-1.,0.));
#12202=DIRECTION('',(0.,0.,-1.));
#12203=DIRECTION('',(0.,0.,1.));
#12204=DIRECTION('',(-1.,0.,0.));
#12205=DIRECTION('',(0.,0.,1.));
#12206=DIRECTION('',(0.,-1.,0.));
#12207=DIRECTION('',(0.,0.,-1.));
#12208=DIRECTION('',(0.,0.,1.));
#12209=DIRECTION('',(0.,0.,1.));
#12210=DIRECTION('',(-1.,0.,0.));
#12211=DIRECTION('',(0.,0.,1.));
#12212=DIRECTION('',(0.,0.,1.));
#12213=DIRECTION('',(0.,-1.,0.));
#12214=DIRECTION('',(0.,0.,-1.));
#12215=DIRECTION('',(0.,0.,1.));
#12216=DIRECTION('',(-1.,0.,0.));
#12217=DIRECTION('',(0.,0.,1.));
#12218=DIRECTION('',(0.,-1.,0.));
#12219=DIRECTION('',(0.,0.,-1.));
#12220=DIRECTION('',(0.,0.,1.));
#12221=DIRECTION('',(0.,0.,1.));
#12222=DIRECTION('',(-1.,0.,0.));
#12223=DIRECTION('',(0.,0.,1.));
#12224=DIRECTION('',(0.,0.,1.));
#12225=DIRECTION('',(0.,-1.,0.));
#12226=DIRECTION('',(0.,0.,-1.));
#12227=DIRECTION('',(0.,0.,1.));
#12228=DIRECTION('',(-1.,0.,0.));
#12229=DIRECTION('',(0.,0.,1.));
#12230=DIRECTION('',(0.,-1.,0.));
#12231=DIRECTION('',(0.,0.,-1.));
#12232=DIRECTION('',(0.,0.,1.));
#12233=DIRECTION('',(0.,0.,1.));
#12234=DIRECTION('',(-1.,0.,0.));
#12235=DIRECTION('',(0.,0.,1.));
#12236=DIRECTION('',(0.,0.,1.));
#12237=DIRECTION('',(0.,-1.,0.));
#12238=DIRECTION('',(0.,0.,-1.));
#12239=DIRECTION('',(0.,0.,1.));
#12240=DIRECTION('',(-1.,0.,0.));
#12241=DIRECTION('',(0.,0.,1.));
#12242=DIRECTION('',(0.,-1.,0.));
#12243=DIRECTION('',(0.,0.,-1.));
#12244=DIRECTION('',(0.,0.,1.));
#12245=DIRECTION('',(0.,0.,1.));
#12246=DIRECTION('',(-1.,0.,0.));
#12247=DIRECTION('',(0.,0.,1.));
#12248=DIRECTION('',(0.,0.,1.));
#12249=DIRECTION('',(6.03382078600629E-16,-1.,0.));
#12250=DIRECTION('',(1.,6.03382078600629E-16,0.));
#12251=DIRECTION('',(0.,0.,1.));
#12252=DIRECTION('',(-1.,0.,0.));
#12253=DIRECTION('',(0.,0.,1.));
#12254=DIRECTION('',(0.,-1.,0.));
#12255=DIRECTION('',(0.,0.,-1.));
#12256=DIRECTION('',(0.,0.,1.));
#12257=DIRECTION('',(0.,0.,1.));
#12258=DIRECTION('',(-1.,0.,0.));
#12259=DIRECTION('',(0.,0.,1.));
#12260=DIRECTION('',(0.,0.,1.));
#12261=DIRECTION('',(0.,-1.,0.));
#12262=DIRECTION('',(0.,0.,-1.));
#12263=DIRECTION('',(0.,0.,1.));
#12264=DIRECTION('',(-1.,0.,0.));
#12265=DIRECTION('',(0.,0.,1.));
#12266=DIRECTION('',(0.,-1.,0.));
#12267=DIRECTION('',(0.,0.,-1.));
#12268=DIRECTION('',(0.,0.,1.));
#12269=DIRECTION('',(0.,0.,1.));
#12270=DIRECTION('',(-1.,0.,0.));
#12271=DIRECTION('',(0.,0.,1.));
#12272=DIRECTION('',(0.,0.,1.));
#12273=DIRECTION('',(6.03382078600629E-16,-1.,0.));
#12274=DIRECTION('',(1.,6.03382078600629E-16,0.));
#12275=DIRECTION('',(0.,0.,1.));
#12276=DIRECTION('',(-1.,0.,0.));
#12277=DIRECTION('',(0.,0.,1.));
#12278=DIRECTION('',(0.,-1.,0.));
#12279=DIRECTION('',(0.,0.,-1.));
#12280=DIRECTION('',(0.,0.,1.));
#12281=DIRECTION('',(0.,0.,1.));
#12282=DIRECTION('',(-1.,0.,0.));
#12283=DIRECTION('',(0.,0.,1.));
#12284=DIRECTION('',(0.,0.,1.));
#12285=DIRECTION('',(0.,-1.,0.));
#12286=DIRECTION('',(0.,0.,-1.));
#12287=DIRECTION('',(0.,0.,1.));
#12288=DIRECTION('',(-1.,0.,0.));
#12289=DIRECTION('',(0.,0.,1.));
#12290=DIRECTION('',(0.,-1.,0.));
#12291=DIRECTION('',(0.,0.,-1.));
#12292=DIRECTION('',(0.,0.,1.));
#12293=DIRECTION('',(0.,0.,1.));
#12294=DIRECTION('',(-1.,0.,0.));
#12295=DIRECTION('',(0.,0.,1.));
#12296=DIRECTION('',(0.,0.,1.));
#12297=DIRECTION('',(0.,-1.,0.));
#12298=DIRECTION('',(0.,0.,-1.));
#12299=DIRECTION('',(0.,0.,1.));
#12300=DIRECTION('',(-1.,0.,0.));
#12301=DIRECTION('',(0.,0.,1.));
#12302=DIRECTION('',(0.,-1.,0.));
#12303=DIRECTION('',(0.,0.,-1.));
#12304=DIRECTION('',(0.,0.,1.));
#12305=DIRECTION('',(0.,0.,1.));
#12306=DIRECTION('',(-1.,0.,0.));
#12307=DIRECTION('',(0.,0.,1.));
#12308=DIRECTION('',(0.,0.,1.));
#12309=DIRECTION('',(6.03382078600629E-16,-1.,0.));
#12310=DIRECTION('',(1.,6.03382078600629E-16,0.));
#12311=DIRECTION('',(0.,0.,1.));
#12312=DIRECTION('',(-1.,0.,0.));
#12313=DIRECTION('',(0.,0.,1.));
#12314=DIRECTION('',(0.,-1.,0.));
#12315=DIRECTION('',(0.,0.,-1.));
#12316=DIRECTION('',(0.,0.,1.));
#12317=DIRECTION('',(0.,0.,1.));
#12318=DIRECTION('',(-1.,0.,0.));
#12319=DIRECTION('',(0.,0.,1.));
#12320=DIRECTION('',(0.,0.,1.));
#12321=DIRECTION('',(0.,-1.,0.));
#12322=DIRECTION('',(0.,0.,-1.));
#12323=DIRECTION('',(0.,0.,1.));
#12324=DIRECTION('',(-1.,0.,0.));
#12325=DIRECTION('',(0.,0.,1.));
#12326=DIRECTION('',(6.03382078600629E-16,-1.,0.));
#12327=DIRECTION('',(1.,6.03382078600629E-16,0.));
#12328=DIRECTION('',(0.,0.,1.));
#12329=DIRECTION('',(0.,0.,1.));
#12330=DIRECTION('',(-1.,3.01691039300315E-16,0.));
#12331=DIRECTION('',(-3.01691039300315E-16,-1.,0.));
#12332=DIRECTION('',(0.,0.,1.));
#12333=DIRECTION('',(0.,-1.,0.));
#12334=DIRECTION('',(0.,0.,-1.));
#12335=DIRECTION('',(0.,0.,1.));
#12336=DIRECTION('',(1.,0.,0.));
#12337=DIRECTION('',(0.,1.,0.));
#12338=DIRECTION('',(0.,0.,1.));
#12339=DIRECTION('',(0.,-1.,0.));
#12340=DIRECTION('',(0.,0.,-1.));
#12341=DIRECTION('',(0.,0.,1.));
#12342=DIRECTION('',(-1.,3.01691039300315E-16,0.));
#12343=DIRECTION('',(-3.01691039300315E-16,-1.,0.));
#12344=DIRECTION('',(0.,0.,1.));
#12345=DIRECTION('',(0.,-1.,0.));
#12346=DIRECTION('',(0.,0.,-1.));
#12347=DIRECTION('',(0.,0.,1.));
#12348=DIRECTION('',(1.,0.,0.));
#12349=DIRECTION('',(0.,1.,0.));
#12350=DIRECTION('',(0.,0.,-1.));
#12351=DIRECTION('',(-1.37403839681331E-16,1.,0.));
#12352=DIRECTION('',(-1.,-1.37403839681331E-16,0.));
#12353=DIRECTION('',(0.,0.,1.));
#12354=DIRECTION('',(0.,-1.,0.));
#12355=DIRECTION('',(0.,0.,-1.));
#12356=DIRECTION('',(1.,0.,0.));
#12357=DIRECTION('',(0.,0.,1.));
#12358=DIRECTION('',(0.,-1.,0.));
#12359=DIRECTION('',(0.,0.,-1.));
#12360=DIRECTION('',(0.,0.,1.));
#12361=DIRECTION('',(1.,0.,0.));
#12362=DIRECTION('',(0.,0.,1.));
#12363=DIRECTION('',(0.,-1.,0.));
#12364=DIRECTION('',(0.,0.,-1.));
#12365=DIRECTION('',(0.,0.,1.));
#12366=DIRECTION('',(1.,0.,0.));
#12367=DIRECTION('',(0.,0.,1.));
#12368=DIRECTION('',(0.,-1.,0.));
#12369=DIRECTION('',(0.,0.,-1.));
#12370=DIRECTION('',(1.,0.,0.));
#12371=DIRECTION('',(0.,0.,1.));
#12372=DIRECTION('',(0.,-1.,0.));
#12373=DIRECTION('',(0.,0.,-1.));
#12374=DIRECTION('',(0.,0.,1.));
#12375=DIRECTION('',(1.,0.,0.));
#12376=DIRECTION('',(0.,0.,1.));
#12377=DIRECTION('',(0.,0.,-1.));
#12378=DIRECTION('',(-1.,0.,0.));
#12379=DIRECTION('',(0.,0.,-1.));
#12380=DIRECTION('',(0.,0.,-1.));
#12381=DIRECTION('',(0.,0.,1.));
#12382=DIRECTION('',(1.,0.,0.));
#12383=DIRECTION('',(0.,0.,-1.));
#12384=DIRECTION('',(0.,0.,1.));
#12385=DIRECTION('',(1.,0.,0.));
#12386=DIRECTION('',(1.22464679914735E-16,1.,0.));
#12387=DIRECTION('',(-1.,1.22464679914735E-16,0.));
#12388=DIRECTION('',(0.,0.,-1.));
#12389=DIRECTION('',(1.,-1.22464679914735E-16,0.));
#12390=DIRECTION('',(1.,0.,0.));
#12391=DIRECTION('',(0.,1.,0.));
#12392=DIRECTION('',(0.,1.,0.));
#12393=DIRECTION('',(0.,0.,1.));
#12394=DIRECTION('',(0.,-1.,0.));
#12395=DIRECTION('',(0.,0.,-1.));
#12396=DIRECTION('',(1.,0.,0.));
#12397=DIRECTION('',(0.,0.,1.));
#12398=DIRECTION('',(0.,0.,1.));
#12399=DIRECTION('',(1.,0.,0.));
#12400=DIRECTION('',(1.,0.,0.));
#12401=DIRECTION('',(-3.01691039300315E-16,-1.,0.));
#12402=DIRECTION('',(1.11022302462516E-16,-1.,0.));
#12403=DIRECTION('',(-1.,3.01691039300315E-16,0.));
#12404=DIRECTION('',(-3.01691039300315E-16,-1.,0.));
#12405=DIRECTION('',(0.,0.,1.));
#12406=DIRECTION('',(-1.,-1.94094934375027E-16,0.));
#12407=DIRECTION('',(1.94094934375027E-16,-1.,0.));
#12408=DIRECTION('',(0.,0.,1.));
#12409=DIRECTION('',(1.,1.11022302462516E-16,0.));
#12410=DIRECTION('',(-1.11022302462516E-16,1.,0.));
#12411=DIRECTION('',(0.,0.,-1.));
#12412=DIRECTION('',(-1.11022302462516E-16,1.,0.));
#12413=DIRECTION('',(-1.,0.,0.));
#12414=DIRECTION('',(0.,0.,1.));
#12415=DIRECTION('',(0.,0.,1.));
#12416=DIRECTION('',(0.,-1.,0.));
#12417=DIRECTION('',(-1.,0.,0.));
#12418=DIRECTION('',(0.,0.,1.));
#12419=DIRECTION('',(0.,0.,1.));
#12420=DIRECTION('',(0.,-1.,0.));
#12421=DIRECTION('',(-1.,0.,0.));
#12422=DIRECTION('',(0.,0.,1.));
#12423=DIRECTION('',(0.,0.,1.));
#12424=DIRECTION('',(0.,-1.,0.));
#12425=DIRECTION('',(-1.,0.,0.));
#12426=DIRECTION('',(0.,0.,1.));
#12427=DIRECTION('',(0.,0.,1.));
#12428=DIRECTION('',(-1.,0.,0.));
#12429=DIRECTION('',(0.,0.,1.));
#12430=DIRECTION('',(0.,0.,1.));
#12431=DIRECTION('',(0.,-1.,0.));
#12432=DIRECTION('',(-1.,0.,0.));
#12433=DIRECTION('',(0.,0.,1.));
#12434=DIRECTION('',(0.,0.,1.));
#12435=DIRECTION('',(-1.,0.,0.));
#12436=DIRECTION('',(0.,0.,1.));
#12437=DIRECTION('',(0.,0.,1.));
#12438=DIRECTION('',(0.,-1.,0.));
#12439=DIRECTION('',(-1.,0.,0.));
#12440=DIRECTION('',(0.,0.,1.));
#12441=DIRECTION('',(0.,0.,1.));
#12442=DIRECTION('',(0.,-1.,0.));
#12443=DIRECTION('',(-1.,0.,0.));
#12444=DIRECTION('',(0.,0.,1.));
#12445=DIRECTION('',(0.,0.,1.));
#12446=DIRECTION('',(0.,-1.,0.));
#12447=DIRECTION('',(-1.,0.,0.));
#12448=DIRECTION('',(0.,0.,1.));
#12449=DIRECTION('',(0.,0.,1.));
#12450=DIRECTION('',(0.,-1.,0.));
#12451=DIRECTION('',(1.,1.11022302462516E-16,0.));
#12452=DIRECTION('',(-1.11022302462516E-16,1.,0.));
#12453=DIRECTION('',(-1.11022302462516E-16,1.,0.));
#12454=DIRECTION('',(0.,0.,-1.));
#12455=DIRECTION('',(1.,1.11022302462516E-16,0.));
#12456=DIRECTION('',(-1.11022302462516E-16,1.,0.));
#12457=DIRECTION('',(0.,0.,-1.));
#12458=DIRECTION('',(-1.11022302462516E-16,1.,0.));
#12459=DIRECTION('',(1.11022302462516E-16,-1.,0.));
#12460=DIRECTION('',(0.,0.,1.));
#12461=DIRECTION('',(1.,0.,0.));
#12462=DIRECTION('',(1.,0.,0.));
#12463=DIRECTION('',(1.11022302462516E-16,-1.,0.));
#12464=DIRECTION('',(1.,0.,0.));
#12465=DIRECTION('',(1.,1.11022302462516E-16,0.));
#12466=DIRECTION('',(-1.11022302462516E-16,1.,0.));
#12467=DIRECTION('',(-1.11022302462516E-16,1.,0.));
#12468=DIRECTION('',(0.,0.,-1.));
#12469=DIRECTION('',(1.11022302462516E-16,-1.,0.));
#12470=DIRECTION('',(0.,0.,1.));
#12471=DIRECTION('',(1.,0.,0.));
#12472=DIRECTION('',(1.,0.,0.));
#12473=DIRECTION('',(0.,0.,1.));
#12474=DIRECTION('',(1.11022302462516E-16,-1.,0.));
#12475=DIRECTION('',(1.,0.,0.));
#12476=DIRECTION('',(0.,0.,1.));
#12477=DIRECTION('',(1.,0.,0.));
#12478=DIRECTION('',(1.11022302462516E-16,-1.,0.));
#12479=DIRECTION('',(1.,0.,0.));
#12480=DIRECTION('',(0.,0.,1.));
#12481=DIRECTION('',(1.,0.,0.));
#12482=DIRECTION('',(1.,0.,0.));
#12483=DIRECTION('',(1.11022302462516E-16,-1.,0.));
#12484=DIRECTION('',(1.11022302462516E-16,-1.,0.));
#12485=DIRECTION('',(1.,0.,0.));
#12486=DIRECTION('',(0.,0.,1.));
#12487=DIRECTION('',(1.,0.,0.));
#12488=DIRECTION('',(1.,0.,0.));
#12489=DIRECTION('',(1.11022302462516E-16,-1.,0.));
#12490=DIRECTION('',(1.11022302462516E-16,-1.,0.));
#12491=DIRECTION('',(1.,0.,0.));
#12492=DIRECTION('',(0.,0.,1.));
#12493=DIRECTION('',(1.11022302462516E-16,-1.,0.));
#12494=DIRECTION('',(1.,0.,0.));
#12495=DIRECTION('',(1.,1.11022302462516E-16,0.));
#12496=DIRECTION('',(-1.11022302462516E-16,1.,0.));
#12497=DIRECTION('',(-1.11022302462516E-16,1.,0.));
#12498=DIRECTION('',(0.,0.,-1.));
#12499=DIRECTION('',(1.,1.11022302462516E-16,0.));
#12500=DIRECTION('',(-1.11022302462516E-16,1.,0.));
#12501=DIRECTION('',(0.,0.,-1.));
#12502=DIRECTION('',(-1.11022302462516E-16,1.,0.));
#12503=DIRECTION('',(1.,1.11022302462516E-16,0.));
#12504=DIRECTION('',(-1.11022302462516E-16,1.,0.));
#12505=DIRECTION('',(0.,0.,-1.));
#12506=DIRECTION('',(-1.11022302462516E-16,1.,0.));
#12507=DIRECTION('',(1.,1.11022302462516E-16,0.));
#12508=DIRECTION('',(-1.11022302462516E-16,1.,0.));
#12509=DIRECTION('',(-1.11022302462516E-16,1.,0.));
#12510=DIRECTION('',(0.,0.,-1.));
#12511=DIRECTION('',(1.,1.11022302462516E-16,0.));
#12512=DIRECTION('',(-1.11022302462516E-16,1.,0.));
#12513=DIRECTION('',(-1.11022302462516E-16,1.,0.));
#12514=DIRECTION('',(0.,0.,-1.));
#12515=DIRECTION('',(1.,1.11022302462516E-16,0.));
#12516=DIRECTION('',(-1.11022302462516E-16,1.,0.));
#12517=DIRECTION('',(0.,0.,-1.));
#12518=DIRECTION('',(-1.11022302462516E-16,1.,0.));
#12519=DIRECTION('',(1.,1.11022302462516E-16,0.));
#12520=DIRECTION('',(-1.11022302462516E-16,1.,0.));
#12521=DIRECTION('',(-1.11022302462516E-16,1.,0.));
#12522=DIRECTION('',(0.,0.,-1.));
#12523=DIRECTION('',(1.,1.11022302462516E-16,0.));
#12524=DIRECTION('',(-1.11022302462516E-16,1.,0.));
#12525=DIRECTION('',(0.,0.,-1.));
#12526=DIRECTION('',(-1.11022302462516E-16,1.,0.));
#12527=DIRECTION('',(0.,0.,1.));
#12528=DIRECTION('',(1.11022302462516E-16,-1.,0.));
#12529=DIRECTION('',(1.,0.,0.));
#12530=DIRECTION('',(0.,0.,1.));
#12531=DIRECTION('',(1.11022302462516E-16,-1.,0.));
#12532=DIRECTION('',(1.,0.,0.));
#12533=DIRECTION('',(0.,0.,1.));
#12534=DIRECTION('',(1.11022302462516E-16,-1.,0.));
#12535=DIRECTION('',(1.,0.,0.));
#12536=DIRECTION('',(0.,0.,1.));
#12537=DIRECTION('',(1.11022302462516E-16,-1.,0.));
#12538=DIRECTION('',(1.,0.,0.));
#12539=DIRECTION('',(0.,-1.,0.));
#12540=DIRECTION('',(1.,0.,0.));
#12541=DIRECTION('',(0.,-1.,0.));
#12542=DIRECTION('',(1.,0.,0.));
#12543=DIRECTION('',(0.,-1.,0.));
#12544=DIRECTION('',(1.,0.,0.));
#12545=DIRECTION('',(0.,-1.,0.));
#12546=DIRECTION('',(1.,0.,0.));
#12547=DIRECTION('',(0.,-1.,0.));
#12548=DIRECTION('',(1.,0.,0.));
#12549=DIRECTION('',(0.,-1.,0.));
#12550=DIRECTION('',(1.,0.,0.));
#12551=DIRECTION('',(0.,1.,0.));
#12552=DIRECTION('',(0.,0.,1.));
#12553=DIRECTION('',(0.,0.,1.));
#12554=DIRECTION('',(1.,0.,0.));
#12555=DIRECTION('',(0.,1.,0.));
#12556=DIRECTION('',(0.,0.,1.));
#12557=DIRECTION('',(-1.,0.,0.));
#12558=DIRECTION('',(0.,0.,1.));
#12559=DIRECTION('',(-1.,0.,0.));
#12560=DIRECTION('',(0.,0.,1.));
#12561=DIRECTION('',(0.,-1.,0.));
#12562=DIRECTION('',(0.,-0.707106781186548,0.707106781186547));
#12563=DIRECTION('',(0.,0.,1.));
#12564=DIRECTION('',(0.,-1.,0.));
#12565=DIRECTION('',(0.,0.,-1.));
#12566=DIRECTION('',(1.,0.,0.));
#12567=DIRECTION('',(0.,0.,1.));
#12568=DIRECTION('',(0.,0.,1.));
#12569=DIRECTION('',(1.,0.,0.));
#12570=DIRECTION('',(0.,0.,1.));
#12571=DIRECTION('',(1.,0.,0.));
#12572=DIRECTION('',(0.,0.,1.));
#12573=DIRECTION('',(0.,-1.,0.));
#12574=DIRECTION('',(0.,0.,-1.));
#12575=DIRECTION('',(1.,0.,0.));
#12576=DIRECTION('',(0.,0.,1.));
#12577=DIRECTION('',(-1.,0.,0.));
#12578=DIRECTION('',(0.,0.,1.));
#12579=DIRECTION('',(0.,0.707106781186548,0.707106781186547));
#12580=DIRECTION('',(0.,-1.,0.));
#12581=DIRECTION('',(0.,0.,1.));
#12582=DIRECTION('',(1.,0.,0.));
#12583=DIRECTION('',(0.,1.,0.));
#12584=DIRECTION('',(-1.,0.,0.));
#12585=DIRECTION('',(1.,0.,0.));
#12586=DIRECTION('',(0.,-0.707106781186547,0.707106781186548));
#12587=DIRECTION('',(1.,0.,0.));
#12588=DIRECTION('',(-0.577350269189626,0.577350269189626,0.577350269189625));
#12589=DIRECTION('',(0.707106781186547,0.,0.707106781186548));
#12590=DIRECTION('',(0.,1.,0.));
#12591=DIRECTION('',(0.577350269189626,0.577350269189626,-0.577350269189625));
#12592=DIRECTION('',(0.,-0.707106781186547,-0.707106781186548));
#12593=DIRECTION('',(-1.,0.,0.));
#12594=DIRECTION('',(-0.64278760968654,-0.766044443118978,0.));
#12595=DIRECTION('',(0.766044443118978,-0.64278760968654,0.));
#12596=DIRECTION('',(0.,0.,1.));
#12597=DIRECTION('',(0.,-1.,0.));
#12598=DIRECTION('',(0.,0.,-1.));
#12599=DIRECTION('',(0.,0.,1.));
#12600=DIRECTION('',(0.64278760968654,-0.766044443118978,0.));
#12601=DIRECTION('',(0.766044443118978,0.64278760968654,0.));
#12602=DIRECTION('',(-0.766044443118978,0.642787609686539,0.));
#12603=DIRECTION('',(-0.642787609686539,-0.766044443118978,0.));
#12604=DIRECTION('',(0.,0.,1.));
#12605=DIRECTION('',(-1.,-5.55111512312578E-16,0.));
#12606=DIRECTION('',(5.55111512312578E-16,-1.,0.));
#12607=DIRECTION('',(0.,0.,1.));
#12608=DIRECTION('',(-0.766044443118978,-0.64278760968654,0.));
#12609=DIRECTION('',(0.64278760968654,-0.766044443118978,0.));
#12610=DIRECTION('',(0.,0.,1.));
#12611=DIRECTION('',(1.,0.,0.));
#12612=DIRECTION('',(0.,0.,1.));
#12613=DIRECTION('',(1.,0.,0.));
#12614=DIRECTION('',(1.,0.,0.));
#12615=DIRECTION('',(0.,0.,-1.));
#12616=DIRECTION('',(0.,0.,1.));
#12617=DIRECTION('',(0.,0.,1.));
#12618=DIRECTION('',(0.,-1.,0.));
#12619=DIRECTION('',(0.,0.,-1.));
#12620=DIRECTION('',(0.,0.,1.));
#12621=DIRECTION('',(0.64278760968654,-0.766044443118978,0.));
#12622=DIRECTION('',(0.766044443118978,0.64278760968654,0.));
#12623=DIRECTION('',(0.,0.,1.));
#12624=DIRECTION('',(0.,-1.,0.));
#12625=DIRECTION('',(0.,0.,-1.));
#12626=DIRECTION('',(-0.766044443118978,-0.642787609686539,0.));
#12627=DIRECTION('',(0.64278760968654,-0.766044443118978,0.));
#12628=DIRECTION('',(0.,0.,1.));
#12629=DIRECTION('',(0.,0.,1.));
#12630=DIRECTION('',(-1.,0.,0.));
#12631=DIRECTION('',(0.,0.,1.));
#12632=DIRECTION('',(0.,0.,1.));
#12633=DIRECTION('',(-0.707106781186548,0.707106781186548,0.));
#12634=DIRECTION('',(-0.707106781186548,-0.707106781186548,0.));
#12635=DIRECTION('',(0.,0.,1.));
#12636=DIRECTION('',(0.,-1.,0.));
#12637=DIRECTION('',(0.,0.,-1.));
#12638=DIRECTION('',(0.,0.,1.));
#12639=DIRECTION('',(1.,0.,0.));
#12640=DIRECTION('',(0.,0.,-1.));
#12641=DIRECTION('',(0.,-1.,0.));
#12642=DIRECTION('',(0.,0.,-1.));
#12643=DIRECTION('',(0.,0.,1.));
#12644=DIRECTION('',(0.,0.,1.));
#12645=DIRECTION('',(0.915181759533907,0.403041371345948,0.));
#12646=DIRECTION('',(-0.403041371345948,0.915181759533907,0.));
#12647=DIRECTION('',(0.,0.,1.));
#12648=DIRECTION('',(-0.403041371345948,0.915181759533907,0.));
#12649=DIRECTION('',(-0.915181759533907,-0.403041371345948,0.));
#12650=DIRECTION('',(0.,0.,1.));
#12651=DIRECTION('',(1.,0.,0.));
#12652=DIRECTION('',(0.,0.,-1.));
#12653=CARTESIAN_POINT('',(0.,0.,0.));
#12654=CARTESIAN_POINT('',(0.164,-0.02,0.005));
#12655=CARTESIAN_POINT('',(0.131778890556836,-0.0470367210498813,0.005));
#12656=CARTESIAN_POINT('',(0.186,-0.111654923023215,0.005));
#12657=CARTESIAN_POINT('',(0.196,-0.123572458949157,0.005));
#12658=CARTESIAN_POINT('',(0.186,-0.02,0.005));
#12659=CARTESIAN_POINT('',(0.186,-0.125662341713905,0.005));
#12660=CARTESIAN_POINT('',(0.227831170856953,-0.0838311708569527,0.005));
#12661=CARTESIAN_POINT('',(0.173662341713905,-0.138,0.005));
#12662=CARTESIAN_POINT('',(0.164,-0.138,0.005));
#12663=CARTESIAN_POINT('',(0.196,-0.138,0.005));
#12664=CARTESIAN_POINT('',(0.196,-0.02,0.005));
#12665=CARTESIAN_POINT('',(0.186,-0.0788763038889132,0.005));
#12666=CARTESIAN_POINT('',(0.186,-0.0538763038889132,0.005));
#12667=CARTESIAN_POINT('',(0.186,-0.103876303888913,0.005));
#12668=CARTESIAN_POINT('',(0.1935,-0.11281445583337,0.005));
#12669=CARTESIAN_POINT('',(0.201,-0.121752607777826,0.005));
#12670=CARTESIAN_POINT('',(0.201,2.77555756156289E-17,0.005));
#12671=CARTESIAN_POINT('',(0.201,-0.143,0.005));
#12672=CARTESIAN_POINT('',(-0.000999999999999945,-0.143,0.005));
#12673=CARTESIAN_POINT('',(0.174136114963015,-0.143,0.005));
#12674=CARTESIAN_POINT('',(0.164602086222261,-0.135,0.005));
#12675=CARTESIAN_POINT('',(0.155068057481507,-0.127,0.005));
#12676=CARTESIAN_POINT('',(0.105068057481507,-0.127,0.005));
#12677=CARTESIAN_POINT('',(0.0550680574815071,-0.127,0.005));
#12678=CARTESIAN_POINT('',(0.0455340287407535,-0.135,0.005));
#12679=CARTESIAN_POINT('',(0.036,-0.143,0.005));
#12680=CARTESIAN_POINT('',(-0.000999999999999945,-0.143,0.005));
#12681=CARTESIAN_POINT('',(0.0139999999999997,-0.143,0.005));
#12682=CARTESIAN_POINT('',(0.0139999999999997,2.77555756156289E-17,0.005));
#12683=CARTESIAN_POINT('',(0.0139999999999997,-0.1165,0.005));
#12684=CARTESIAN_POINT('',(-0.000999999999999973,-0.1165,0.005));
#12685=CARTESIAN_POINT('',(0.0255,-0.1165,0.005));
#12686=CARTESIAN_POINT('',(0.0255,1.97607630741706E-17,0.005));
#12687=CARTESIAN_POINT('',(0.0255,-0.0935,0.005));
#12688=CARTESIAN_POINT('',(-0.000999999999999973,-0.0935,0.005));
#12689=CARTESIAN_POINT('',(0.0139999999999997,-0.0935,0.005));
#12690=CARTESIAN_POINT('',(0.0139999999999997,2.77555756156289E-17,0.005));
#12691=CARTESIAN_POINT('',(0.0139999999999997,-0.087,0.005));
#12692=CARTESIAN_POINT('',(0.01725,-0.087,0.005));
#12693=CARTESIAN_POINT('',(0.0085,-0.087,0.005));
#12694=CARTESIAN_POINT('',(0.0085,-0.083,0.005));
#12695=CARTESIAN_POINT('',(0.0085,-0.079,0.005));
#12696=CARTESIAN_POINT('',(0.0106996094703209,-0.079,0.005));
#12697=CARTESIAN_POINT('',(0.0128992189406418,-0.079,0.005));
#12698=CARTESIAN_POINT('',(0.0145,-0.074,0.005));
#12699=CARTESIAN_POINT('',(0.0101915780150965,-0.071,0.005));
#12700=CARTESIAN_POINT('',(0.00934578900754823,-0.071,0.005));
#12701=CARTESIAN_POINT('',(0.0085,-0.071,0.005));
#12702=CARTESIAN_POINT('',(0.0085,-0.067,0.005));
#12703=CARTESIAN_POINT('',(0.0085,-0.063,0.005));
#12704=CARTESIAN_POINT('',(0.01725,-0.063,0.005));
#12705=CARTESIAN_POINT('',(0.0139999999999997,-0.063,0.005));
#12706=CARTESIAN_POINT('',(0.0139999999999997,2.77555756156289E-17,0.005));
#12707=CARTESIAN_POINT('',(0.0139999999999997,-0.0565,0.005));
#12708=CARTESIAN_POINT('',(-0.000999999999999973,-0.0565,0.005));
#12709=CARTESIAN_POINT('',(0.0255,-0.0565,0.005));
#12710=CARTESIAN_POINT('',(0.0255,1.97607630741706E-17,0.005));
#12711=CARTESIAN_POINT('',(0.0255,-0.0335,0.005));
#12712=CARTESIAN_POINT('',(-0.000999999999999953,-0.0335,0.005));
#12713=CARTESIAN_POINT('',(0.0139999999999997,-0.0335,0.005));
#12714=CARTESIAN_POINT('',(0.0139999999999997,2.77555756156289E-17,0.005));
#12715=CARTESIAN_POINT('',(0.0139999999999997,-0.0265,0.005));
#12716=CARTESIAN_POINT('',(-0.000999999999999973,-0.0265,0.005));
#12717=CARTESIAN_POINT('',(0.0255,-0.0265,0.005));
#12718=CARTESIAN_POINT('',(0.0255,1.97607630741706E-17,0.005));
#12719=CARTESIAN_POINT('',(0.0255,-0.015,0.005));
#12720=CARTESIAN_POINT('',(-0.000999999999999973,-0.015,0.005));
#12721=CARTESIAN_POINT('',(0.0325,-0.015,0.005));
#12722=CARTESIAN_POINT('',(0.0325,2.77555756156289E-17,0.005));
#12723=CARTESIAN_POINT('',(0.0325,-0.0265,0.005));
#12724=CARTESIAN_POINT('',(-0.000999999999999973,-0.0265,0.005));
#12725=CARTESIAN_POINT('',(0.0555,-0.0265,0.005));
#12726=CARTESIAN_POINT('',(0.0555,2.77555756156289E-17,0.005));
#12727=CARTESIAN_POINT('',(0.0555,-0.015,0.005));
#12728=CARTESIAN_POINT('',(-0.000999999999999973,-0.015,0.005));
#12729=CARTESIAN_POINT('',(0.0625,-0.015,0.005));
#12730=CARTESIAN_POINT('',(0.0625,2.77555756156289E-17,0.005));
#12731=CARTESIAN_POINT('',(0.0625,-0.0265,0.005));
#12732=CARTESIAN_POINT('',(-0.000999999999999973,-0.0265,0.005));
#12733=CARTESIAN_POINT('',(0.0705,-0.0265,0.005));
#12734=CARTESIAN_POINT('',(0.0705,-0.028,0.005));
#12735=CARTESIAN_POINT('',(0.0705,-0.0180707142142714,0.005));
#12736=CARTESIAN_POINT('',(0.074,-0.0145,0.005));
#12737=CARTESIAN_POINT('',(0.0775,-0.0180707142142715,0.005));
#12738=CARTESIAN_POINT('',(0.0775,-0.0284699663607475,0.005));
#12739=CARTESIAN_POINT('',(0.0775,-0.0265,0.005));
#12740=CARTESIAN_POINT('',(-0.000999999999999973,-0.0265,0.005));
#12741=CARTESIAN_POINT('',(0.0855,-0.0265,0.005));
#12742=CARTESIAN_POINT('',(0.0855,2.77555756156289E-17,0.005));
#12743=CARTESIAN_POINT('',(0.0855,-0.015,0.005));
#12744=CARTESIAN_POINT('',(-0.000999999999999973,-0.015,0.005));
#12745=CARTESIAN_POINT('',(0.0925,-0.015,0.005));
#12746=CARTESIAN_POINT('',(0.0925,2.77555756156289E-17,0.005));
#12747=CARTESIAN_POINT('',(0.0925,-0.0265,0.005));
#12748=CARTESIAN_POINT('',(-0.000999999999999973,-0.0265,0.005));
#12749=CARTESIAN_POINT('',(0.1155,-0.0265,0.005));
#12750=CARTESIAN_POINT('',(0.1155,2.77555756156289E-17,0.005));
#12751=CARTESIAN_POINT('',(0.1155,-0.015,0.005));
#12752=CARTESIAN_POINT('',(-0.000999999999999973,-0.015,0.005));
#12753=CARTESIAN_POINT('',(0.1225,-0.015,0.005));
#12754=CARTESIAN_POINT('',(0.1225,2.77555756156289E-17,0.005));
#12755=CARTESIAN_POINT('',(0.1225,-0.0265,0.005));
#12756=CARTESIAN_POINT('',(-0.000999999999999973,-0.0265,0.005));
#12757=CARTESIAN_POINT('',(0.1455,-0.0265,0.005));
#12758=CARTESIAN_POINT('',(0.1455,2.77555756156289E-17,0.005));
#12759=CARTESIAN_POINT('',(0.1455,-0.015,0.005));
#12760=CARTESIAN_POINT('',(-0.000999999999999973,-0.015,0.005));
#12761=CARTESIAN_POINT('',(0.1525,-0.015,0.005));
#12762=CARTESIAN_POINT('',(0.1525,2.77555756156289E-17,0.005));
#12763=CARTESIAN_POINT('',(0.1525,-0.0265,0.005));
#12764=CARTESIAN_POINT('',(-0.000999999999999973,-0.0265,0.005));
#12765=CARTESIAN_POINT('',(0.1605,-0.0265,0.005));
#12766=CARTESIAN_POINT('',(0.1605,-0.028,0.005));
#12767=CARTESIAN_POINT('',(0.1605,-0.0180707142142714,0.005));
#12768=CARTESIAN_POINT('',(0.164,-0.0145,0.005));
#12769=CARTESIAN_POINT('',(0.1675,-0.0180707142142715,0.005));
#12770=CARTESIAN_POINT('',(0.1675,-0.0284699663607475,0.005));
#12771=CARTESIAN_POINT('',(0.1675,-0.0265,0.005));
#12772=CARTESIAN_POINT('',(-0.000999999999999973,-0.0265,0.005));
#12773=CARTESIAN_POINT('',(0.1755,-0.0265,0.005));
#12774=CARTESIAN_POINT('',(0.1755,2.77555756156289E-17,0.005));
#12775=CARTESIAN_POINT('',(0.1755,-0.015,0.005));
#12776=CARTESIAN_POINT('',(-0.000999999999999973,-0.015,0.005));
#12777=CARTESIAN_POINT('',(0.201,-0.015,0.005));
#12778=CARTESIAN_POINT('',(0.201,2.77555756156289E-17,0.005));
#12779=CARTESIAN_POINT('',(0.201,-0.036,0.005));
#12780=CARTESIAN_POINT('',(0.1935,-0.0449381519444566,0.005));
#12781=CARTESIAN_POINT('',(0.0555,2.77555756156289E-17,0.005));
#12782=CARTESIAN_POINT('',(0.0555,-0.0635,0.005));
#12783=CARTESIAN_POINT('',(0.0555,-0.0865,0.005));
#12784=CARTESIAN_POINT('',(-0.000999999999999973,-0.0635,0.005));
#12785=CARTESIAN_POINT('',(0.0325,-0.0635,0.005));
#12786=CARTESIAN_POINT('',(0.0325,2.77555756156289E-17,0.005));
#12787=CARTESIAN_POINT('',(0.0325,-0.0865,0.005));
#12788=CARTESIAN_POINT('',(-0.000999999999999973,-0.0865,0.005));
#12789=CARTESIAN_POINT('',(0.1455,2.77555756156289E-17,0.005));
#12790=CARTESIAN_POINT('',(0.1455,-0.0335,0.005));
#12791=CARTESIAN_POINT('',(0.1455,-0.0565,0.005));
#12792=CARTESIAN_POINT('',(-0.000999999999999953,-0.0335,0.005));
#12793=CARTESIAN_POINT('',(0.1225,-0.0335,0.005));
#12794=CARTESIAN_POINT('',(0.1225,2.77555756156289E-17,0.005));
#12795=CARTESIAN_POINT('',(0.1225,-0.0565,0.005));
#12796=CARTESIAN_POINT('',(-0.000999999999999973,-0.0565,0.005));
#12797=CARTESIAN_POINT('',(0.1455,2.77555756156289E-17,0.005));
#12798=CARTESIAN_POINT('',(0.1455,-0.0935,0.005));
#12799=CARTESIAN_POINT('',(0.1455,-0.1165,0.005));
#12800=CARTESIAN_POINT('',(-0.000999999999999973,-0.0935,0.005));
#12801=CARTESIAN_POINT('',(0.1225,-0.0935,0.005));
#12802=CARTESIAN_POINT('',(0.1225,2.77555756156289E-17,0.005));
#12803=CARTESIAN_POINT('',(0.1225,-0.1165,0.005));
#12804=CARTESIAN_POINT('',(-0.000999999999999973,-0.1165,0.005));
#12805=CARTESIAN_POINT('',(0.1755,2.77555756156289E-17,0.005));
#12806=CARTESIAN_POINT('',(0.1755,-0.0335,0.005));
#12807=CARTESIAN_POINT('',(0.1755,-0.0565,0.005));
#12808=CARTESIAN_POINT('',(-0.000999999999999953,-0.0335,0.005));
#12809=CARTESIAN_POINT('',(0.1525,-0.0335,0.005));
#12810=CARTESIAN_POINT('',(0.1525,2.77555756156289E-17,0.005));
#12811=CARTESIAN_POINT('',(0.1525,-0.0565,0.005));
#12812=CARTESIAN_POINT('',(-0.000999999999999973,-0.0565,0.005));
#12813=CARTESIAN_POINT('',(0.1755,2.77555756156289E-17,0.005));
#12814=CARTESIAN_POINT('',(0.1755,-0.0935,0.005));
#12815=CARTESIAN_POINT('',(0.1755,-0.1165,0.005));
#12816=CARTESIAN_POINT('',(-0.000999999999999973,-0.0935,0.005));
#12817=CARTESIAN_POINT('',(0.1525,-0.0935,0.005));
#12818=CARTESIAN_POINT('',(0.1525,2.77555756156289E-17,0.005));
#12819=CARTESIAN_POINT('',(0.1525,-0.1165,0.005));
#12820=CARTESIAN_POINT('',(-0.000999999999999973,-0.1165,0.005));
#12821=CARTESIAN_POINT('',(0.0855,2.77555756156289E-17,0.005));
#12822=CARTESIAN_POINT('',(0.0855,-0.0635,0.005));
#12823=CARTESIAN_POINT('',(0.0855,-0.0865,0.005));
#12824=CARTESIAN_POINT('',(-0.000999999999999973,-0.0635,0.005));
#12825=CARTESIAN_POINT('',(0.0625,-0.0635,0.005));
#12826=CARTESIAN_POINT('',(0.0625,2.77555756156289E-17,0.005));
#12827=CARTESIAN_POINT('',(0.0625,-0.0865,0.005));
#12828=CARTESIAN_POINT('',(-0.000999999999999973,-0.0865,0.005));
#12829=CARTESIAN_POINT('',(0.1155,2.77555756156289E-17,0.005));
#12830=CARTESIAN_POINT('',(0.1155,-0.0635,0.005));
#12831=CARTESIAN_POINT('',(0.1155,-0.0865,0.005));
#12832=CARTESIAN_POINT('',(-0.000999999999999973,-0.0635,0.005));
#12833=CARTESIAN_POINT('',(0.0925,-0.0635,0.005));
#12834=CARTESIAN_POINT('',(0.0925,2.77555756156289E-17,0.005));
#12835=CARTESIAN_POINT('',(0.0925,-0.0865,0.005));
#12836=CARTESIAN_POINT('',(-0.000999999999999973,-0.0865,0.005));
#12837=CARTESIAN_POINT('',(0.1155,2.77555756156289E-17,0.005));
#12838=CARTESIAN_POINT('',(0.1155,-0.0935,0.005));
#12839=CARTESIAN_POINT('',(0.1155,-0.1165,0.005));
#12840=CARTESIAN_POINT('',(-0.000999999999999973,-0.0935,0.005));
#12841=CARTESIAN_POINT('',(0.0925,-0.0935,0.005));
#12842=CARTESIAN_POINT('',(0.0925,2.77555756156289E-17,0.005));
#12843=CARTESIAN_POINT('',(0.0925,-0.1165,0.005));
#12844=CARTESIAN_POINT('',(-0.000999999999999973,-0.1165,0.005));
#12845=CARTESIAN_POINT('',(0.1155,2.77555756156289E-17,0.005));
#12846=CARTESIAN_POINT('',(0.1155,-0.0335,0.005));
#12847=CARTESIAN_POINT('',(0.1155,-0.0565,0.005));
#12848=CARTESIAN_POINT('',(-0.000999999999999953,-0.0335,0.005));
#12849=CARTESIAN_POINT('',(0.0925,-0.0335,0.005));
#12850=CARTESIAN_POINT('',(0.0925,2.77555756156289E-17,0.005));
#12851=CARTESIAN_POINT('',(0.0925,-0.0565,0.005));
#12852=CARTESIAN_POINT('',(-0.000999999999999973,-0.0565,0.005));
#12853=CARTESIAN_POINT('',(0.0855,2.77555756156289E-17,0.005));
#12854=CARTESIAN_POINT('',(0.0855,-0.0935,0.005));
#12855=CARTESIAN_POINT('',(0.0855,-0.1165,0.005));
#12856=CARTESIAN_POINT('',(-0.000999999999999973,-0.0935,0.005));
#12857=CARTESIAN_POINT('',(0.0625,-0.0935,0.005));
#12858=CARTESIAN_POINT('',(0.0625,2.77555756156289E-17,0.005));
#12859=CARTESIAN_POINT('',(0.0625,-0.1165,0.005));
#12860=CARTESIAN_POINT('',(-0.000999999999999973,-0.1165,0.005));
#12861=CARTESIAN_POINT('',(0.0855,2.77555756156289E-17,0.005));
#12862=CARTESIAN_POINT('',(0.0855,-0.0335,0.005));
#12863=CARTESIAN_POINT('',(0.0855,-0.0565,0.005));
#12864=CARTESIAN_POINT('',(-0.000999999999999953,-0.0335,0.005));
#12865=CARTESIAN_POINT('',(0.0625,-0.0335,0.005));
#12866=CARTESIAN_POINT('',(0.0625,2.77555756156289E-17,0.005));
#12867=CARTESIAN_POINT('',(0.0625,-0.0565,0.005));
#12868=CARTESIAN_POINT('',(-0.000999999999999973,-0.0565,0.005));
#12869=CARTESIAN_POINT('',(0.1755,2.77555756156289E-17,0.005));
#12870=CARTESIAN_POINT('',(0.1755,-0.0635,0.005));
#12871=CARTESIAN_POINT('',(0.1755,-0.0865,0.005));
#12872=CARTESIAN_POINT('',(-0.000999999999999973,-0.0635,0.005));
#12873=CARTESIAN_POINT('',(0.1525,-0.0635,0.005));
#12874=CARTESIAN_POINT('',(0.1525,2.77555756156289E-17,0.005));
#12875=CARTESIAN_POINT('',(0.1525,-0.0865,0.005));
#12876=CARTESIAN_POINT('',(-0.000999999999999973,-0.0865,0.005));
#12877=CARTESIAN_POINT('',(0.1455,2.77555756156289E-17,0.005));
#12878=CARTESIAN_POINT('',(0.1455,-0.0635,0.005));
#12879=CARTESIAN_POINT('',(0.1455,-0.0865,0.005));
#12880=CARTESIAN_POINT('',(-0.000999999999999973,-0.0635,0.005));
#12881=CARTESIAN_POINT('',(0.1225,-0.0635,0.005));
#12882=CARTESIAN_POINT('',(0.1225,2.77555756156289E-17,0.005));
#12883=CARTESIAN_POINT('',(0.1225,-0.0865,0.005));
#12884=CARTESIAN_POINT('',(-0.000999999999999973,-0.0865,0.005));
#12885=CARTESIAN_POINT('',(0.0555,2.77555756156289E-17,0.005));
#12886=CARTESIAN_POINT('',(0.0555,-0.0335,0.005));
#12887=CARTESIAN_POINT('',(0.0555,-0.0565,0.005));
#12888=CARTESIAN_POINT('',(-0.000999999999999953,-0.0335,0.005));
#12889=CARTESIAN_POINT('',(0.0325,-0.0335,0.005));
#12890=CARTESIAN_POINT('',(0.0325,2.77555756156289E-17,0.005));
#12891=CARTESIAN_POINT('',(0.0325,-0.0565,0.005));
#12892=CARTESIAN_POINT('',(-0.000999999999999973,-0.0565,0.005));
#12893=CARTESIAN_POINT('',(0.0555,2.77555756156289E-17,0.005));
#12894=CARTESIAN_POINT('',(0.0555,-0.0935,0.005));
#12895=CARTESIAN_POINT('',(0.0555,-0.1165,0.005));
#12896=CARTESIAN_POINT('',(-0.000999999999999973,-0.0935,0.005));
#12897=CARTESIAN_POINT('',(0.0325,-0.0935,0.005));
#12898=CARTESIAN_POINT('',(0.0325,2.77555756156289E-17,0.005));
#12899=CARTESIAN_POINT('',(0.0325,-0.1165,0.005));
#12900=CARTESIAN_POINT('',(-0.000999999999999973,-0.1165,0.005));
#12901=CARTESIAN_POINT('',(0.186,-0.037,0.005));
#12902=CARTESIAN_POINT('',(0.1875,-0.037,0.005));
#12903=CARTESIAN_POINT('',(0.172,-0.127,0.005));
#12904=CARTESIAN_POINT('',(0.1735,-0.127,0.005));
#12905=CARTESIAN_POINT('',(0.059,-0.09,0.005));
#12906=CARTESIAN_POINT('',(0.061,-0.09,0.005));
#12907=CARTESIAN_POINT('',(0.059,-0.03,0.005));
#12908=CARTESIAN_POINT('',(0.061,-0.03,0.005));
#12909=CARTESIAN_POINT('',(0.149,-0.09,0.005));
#12910=CARTESIAN_POINT('',(0.151,-0.09,0.005));
#12911=CARTESIAN_POINT('',(0.0189999999999997,-0.02,0.005));
#12912=CARTESIAN_POINT('',(0.0189999999999997,-0.138,0.005));
#12913=CARTESIAN_POINT('',(0.0189999999999997,-0.127,0.005));
#12914=CARTESIAN_POINT('',(0.164,-0.138,0.005));
#12915=CARTESIAN_POINT('',(0.0341801488286687,-0.138,0.005));
#12916=CARTESIAN_POINT('',(0.168465222132502,-0.0253214445181398,0.005));
#12917=CARTESIAN_POINT('',(0.047289438347205,-0.127,0.005));
#12918=CARTESIAN_POINT('',(0.164,-0.127,0.005));
#12919=CARTESIAN_POINT('',(0.164,-0.02,0.005));
#12920=CARTESIAN_POINT('',(0.186,-0.02,0.005));
#12921=CARTESIAN_POINT('',(0.196,-0.02,0.005));
#12922=CARTESIAN_POINT('',(0.182426268365638,-0.0118851655493465,0.005));
#12923=CARTESIAN_POINT('',(0.192854858026086,-0.0355652532858313,0.005));
#12924=CARTESIAN_POINT('',(0.174428589660447,-0.0436800877364848,0.005));
#12925=CARTESIAN_POINT('',(0.196,-0.034180148828669,0.005));
#12926=CARTESIAN_POINT('',(0.196,-0.02,0.005));
#12927=CARTESIAN_POINT('',(-0.000999999999999973,2.77555756156289E-17,0.008));
#12928=CARTESIAN_POINT('',(0.172,-0.127,0.008));
#12929=CARTESIAN_POINT('',(0.1735,-0.127,0.008));
#12930=CARTESIAN_POINT('',(0.186,-0.037,0.008));
#12931=CARTESIAN_POINT('',(0.1875,-0.037,0.008));
#12932=CARTESIAN_POINT('',(0.1935,-0.0449381519444566,0.008));
#12933=CARTESIAN_POINT('',(0.201,-0.036,0.008));
#12934=CARTESIAN_POINT('',(0.186,-0.0538763038889132,0.008));
#12935=CARTESIAN_POINT('',(0.201,2.77555756156289E-17,0.008));
#12936=CARTESIAN_POINT('',(0.201,-0.015,0.008));
#12937=CARTESIAN_POINT('',(-0.000999999999999973,-0.015,0.008));
#12938=CARTESIAN_POINT('',(0.1805,-0.015,0.008));
#12939=CARTESIAN_POINT('',(0.1805,0.0681126952174646,0.008));
#12940=CARTESIAN_POINT('',(0.1805,-0.0262919007564519,0.008));
#12941=CARTESIAN_POINT('',(0.179,-0.03,0.008));
#12942=CARTESIAN_POINT('',(0.1805,-0.0337080992435482,0.008));
#12943=CARTESIAN_POINT('',(0.1805,0.0681126952174646,0.008));
#12944=CARTESIAN_POINT('',(0.1805,-0.0562919007564519,0.008));
#12945=CARTESIAN_POINT('',(0.179,-0.06,0.008));
#12946=CARTESIAN_POINT('',(0.1805,-0.0637080992435481,0.008));
#12947=CARTESIAN_POINT('',(0.1805,0.0681126952174646,0.008));
#12948=CARTESIAN_POINT('',(0.1805,-0.0862919007564519,0.008));
#12949=CARTESIAN_POINT('',(0.179,-0.09,0.008));
#12950=CARTESIAN_POINT('',(0.1805,-0.0937080992435481,0.008));
#12951=CARTESIAN_POINT('',(0.1805,0.0681126952174646,0.008));
#12952=CARTESIAN_POINT('',(0.1805,-0.116291900756452,0.008));
#12953=CARTESIAN_POINT('',(0.179,-0.12,0.008));
#12954=CARTESIAN_POINT('',(0.175291900756453,-0.1215,0.008));
#12955=CARTESIAN_POINT('',(-0.0255,-0.1215,0.008));
#12956=CARTESIAN_POINT('',(0.152708099243548,-0.1215,0.008));
#12957=CARTESIAN_POINT('',(0.149,-0.12,0.008));
#12958=CARTESIAN_POINT('',(0.145291900756452,-0.1215,0.008));
#12959=CARTESIAN_POINT('',(-0.0255,-0.1215,0.008));
#12960=CARTESIAN_POINT('',(0.122708099243548,-0.1215,0.008));
#12961=CARTESIAN_POINT('',(0.119,-0.12,0.008));
#12962=CARTESIAN_POINT('',(0.115291900756452,-0.1215,0.008));
#12963=CARTESIAN_POINT('',(-0.0255,-0.1215,0.008));
#12964=CARTESIAN_POINT('',(0.0927080992435479,-0.1215,0.008));
#12965=CARTESIAN_POINT('',(0.089,-0.12,0.008));
#12966=CARTESIAN_POINT('',(0.0852919007564524,-0.1215,0.008));
#12967=CARTESIAN_POINT('',(-0.0255,-0.1215,0.008));
#12968=CARTESIAN_POINT('',(0.0627080992435478,-0.1215,0.008));
#12969=CARTESIAN_POINT('',(0.059,-0.12,0.008));
#12970=CARTESIAN_POINT('',(0.0552919007564523,-0.1215,0.008));
#12971=CARTESIAN_POINT('',(-0.0255,-0.1215,0.008));
#12972=CARTESIAN_POINT('',(0.0327080992435478,-0.1215,0.008));
#12973=CARTESIAN_POINT('',(0.029,-0.12,0.008));
#12974=CARTESIAN_POINT('',(0.0252919007564523,-0.1215,0.008));
#12975=CARTESIAN_POINT('',(-0.0255,-0.1215,0.008));
#12976=CARTESIAN_POINT('',(0.0139999999999997,-0.1215,0.008));
#12977=CARTESIAN_POINT('',(0.0139999999999997,2.77555756156289E-17,0.008));
#12978=CARTESIAN_POINT('',(0.0139999999999997,-0.143,0.008));
#12979=CARTESIAN_POINT('',(-0.000999999999999945,-0.143,0.008));
#12980=CARTESIAN_POINT('',(0.036,-0.143,0.008));
#12981=CARTESIAN_POINT('',(0.0455340287407535,-0.135,0.008));
#12982=CARTESIAN_POINT('',(0.0550680574815071,-0.127,0.008));
#12983=CARTESIAN_POINT('',(0.105068057481507,-0.127,0.008));
#12984=CARTESIAN_POINT('',(0.155068057481507,-0.127,0.008));
#12985=CARTESIAN_POINT('',(0.164602086222261,-0.135,0.008));
#12986=CARTESIAN_POINT('',(0.174136114963015,-0.143,0.008));
#12987=CARTESIAN_POINT('',(-0.000999999999999945,-0.143,0.008));
#12988=CARTESIAN_POINT('',(0.201,-0.143,0.008));
#12989=CARTESIAN_POINT('',(0.201,2.77555756156289E-17,0.008));
#12990=CARTESIAN_POINT('',(0.201,-0.121752607777826,0.008));
#12991=CARTESIAN_POINT('',(0.1935,-0.11281445583337,0.008));
#12992=CARTESIAN_POINT('',(0.186,-0.103876303888913,0.008));
#12993=CARTESIAN_POINT('',(0.186,-0.0788763038889132,0.008));
#12994=CARTESIAN_POINT('',(0.0265900744143342,-0.138,0.008));
#12995=CARTESIAN_POINT('',(0.0189999999999997,-0.138,0.008));
#12996=CARTESIAN_POINT('',(0.0341801488286687,-0.138,0.008));
#12997=CARTESIAN_POINT('',(0.0189999999999997,-0.1325,0.008));
#12998=CARTESIAN_POINT('',(0.0189999999999997,-0.127,0.008));
#12999=CARTESIAN_POINT('',(0.0331447191736024,-0.127,0.008));
#13000=CARTESIAN_POINT('',(0.047289438347205,-0.127,0.008));
#13001=CARTESIAN_POINT('',(0.0407347935879369,-0.1325,0.008));
#13002=CARTESIAN_POINT('',(0.186,-0.11865863236856,0.008));
#13003=CARTESIAN_POINT('',(0.186,-0.111654923023215,0.008));
#13004=CARTESIAN_POINT('',(0.186,-0.125662341713905,0.008));
#13005=CARTESIAN_POINT('',(0.191,-0.117613690986186,0.008));
#13006=CARTESIAN_POINT('',(0.196,-0.123572458949157,0.008));
#13007=CARTESIAN_POINT('',(0.196,-0.130786229474579,0.008));
#13008=CARTESIAN_POINT('',(0.196,-0.138,0.008));
#13009=CARTESIAN_POINT('',(0.184831170856953,-0.138,0.008));
#13010=CARTESIAN_POINT('',(0.173662341713905,-0.138,0.008));
#13011=CARTESIAN_POINT('',(0.179831170856953,-0.131831170856953,0.008));
#13012=CARTESIAN_POINT('',(0.189427429013043,-0.0277826266429156,0.008));
#13013=CARTESIAN_POINT('',(0.192854858026086,-0.0355652532858313,0.008));
#13014=CARTESIAN_POINT('',(0.186,-0.02,0.008));
#13015=CARTESIAN_POINT('',(0.191,-0.02,0.008));
#13016=CARTESIAN_POINT('',(0.196,-0.02,0.008));
#13017=CARTESIAN_POINT('',(0.196,-0.0270900744143345,0.008));
#13018=CARTESIAN_POINT('',(0.196,-0.034180148828669,0.008));
#13019=CARTESIAN_POINT('',(0.194427429013043,-0.0348727010572501,0.008));
#13020=CARTESIAN_POINT('',(-0.000999999999999945,-0.143,0.008));
#13021=CARTESIAN_POINT('',(0.174136114963015,-0.143,0.005));
#13022=CARTESIAN_POINT('',(0.201,-0.143,0.008));
#13023=CARTESIAN_POINT('',(0.201,2.77555756156289E-17,0.008));
#13024=CARTESIAN_POINT('',(0.201,-0.036,0.005));
#13025=CARTESIAN_POINT('',(0.201,-0.015,0.008));
#13026=CARTESIAN_POINT('',(0.0139999999999997,0.0315,0.011));
#13027=CARTESIAN_POINT('',(0.0139999999999997,-0.087,0.011));
#13028=CARTESIAN_POINT('',(0.0139999999999997,-0.087,0.008));
#13029=CARTESIAN_POINT('',(0.0139999999999997,-0.0935,-2.00000000000027E-6));
#13030=CARTESIAN_POINT('',(0.0139999999999997,-0.0935,0.008));
#13031=CARTESIAN_POINT('',(0.0139999999999997,2.77555756156289E-17,0.008));
#13032=CARTESIAN_POINT('',(0.0139999999999997,-0.0915,0.008));
#13033=CARTESIAN_POINT('',(0.0139999999999997,-0.0915,0.011));
#13034=CARTESIAN_POINT('',(0.0139999999999997,-0.0915,0.011));
#13035=CARTESIAN_POINT('',(0.0139999999999997,-0.09,0.011));
#13036=CARTESIAN_POINT('',(0.0139999999999997,-0.0885,0.011));
#13037=CARTESIAN_POINT('',(0.0139999999999997,-0.0885,0.011));
#13038=CARTESIAN_POINT('',(0.0139999999999997,-0.0885,0.008));
#13039=CARTESIAN_POINT('',(0.0139999999999997,2.77555756156289E-17,0.008));
#13040=CARTESIAN_POINT('',(0.1605,-0.028,0.013));
#13041=CARTESIAN_POINT('',(0.1605,-0.0285,0.013));
#13042=CARTESIAN_POINT('',(0.1605,-0.0285,0.008));
#13043=CARTESIAN_POINT('',(0.1605,-0.0285,0.011));
#13044=CARTESIAN_POINT('',(0.1605,-0.028,0.011));
#13045=CARTESIAN_POINT('',(0.1605,-0.0295,0.011));
#13046=CARTESIAN_POINT('',(0.1605,-0.0275,0.013));
#13047=CARTESIAN_POINT('',(0.1605,-0.0275,0.013));
#13048=CARTESIAN_POINT('',(0.1605,-0.028,0.013));
#13049=CARTESIAN_POINT('',(0.1605,-0.0180707142142714,0.013));
#13050=CARTESIAN_POINT('',(0.1605,-0.0180707142142714,0.013));
#13051=CARTESIAN_POINT('',(0.1605,-0.0265,0.013));
#13052=CARTESIAN_POINT('',(0.1605,-0.0265,0.008));
#13053=CARTESIAN_POINT('',(0.1605,-0.028,0.008));
#13054=CARTESIAN_POINT('',(0.1675,-0.0284699663607475,0.013));
#13055=CARTESIAN_POINT('',(0.1675,-0.0284699663607475,0.011));
#13056=CARTESIAN_POINT('',(0.1675,-0.0285,0.011));
#13057=CARTESIAN_POINT('',(0.1675,-0.0295,0.011));
#13058=CARTESIAN_POINT('',(0.1675,-0.0285,0.013));
#13059=CARTESIAN_POINT('',(0.1675,-0.0285,0.008));
#13060=CARTESIAN_POINT('',(0.1675,-0.0284699663607475,0.008));
#13061=CARTESIAN_POINT('',(0.1675,-0.0265,0.008));
#13062=CARTESIAN_POINT('',(0.1675,-0.0265,0.013));
#13063=CARTESIAN_POINT('',(0.1675,-0.0180707142142715,0.013));
#13064=CARTESIAN_POINT('',(0.1675,-0.0180707142142715,0.013));
#13065=CARTESIAN_POINT('',(0.1675,-0.0284699663607475,0.013));
#13066=CARTESIAN_POINT('',(0.1675,-0.0275,0.013));
#13067=CARTESIAN_POINT('',(0.1675,-0.0279849831803737,0.0125150168196263));
#13068=CARTESIAN_POINT('',(0.164,-0.0145,0.013));
#13069=CARTESIAN_POINT('',(0.164,-0.0145,0.013));
#13070=CARTESIAN_POINT('',(0.164,-0.02,0.013));
#13071=CARTESIAN_POINT('',(0.1675,-0.0275,0.013));
#13072=CARTESIAN_POINT('',(0.164,-0.0275,0.013));
#13073=CARTESIAN_POINT('',(0.164,-0.0295,0.011));
#13074=CARTESIAN_POINT('',(-0.0255,-0.0285,0.011));
#13075=CARTESIAN_POINT('',(-0.0255,-0.0285,0.008));
#13076=CARTESIAN_POINT('',(0.152708099243548,-0.0285,0.008));
#13077=CARTESIAN_POINT('',(0.152708099243548,-0.0285,0.015));
#13078=CARTESIAN_POINT('',(0.152708099243548,-0.0285,0.014));
#13079=CARTESIAN_POINT('',(0.152708099243548,-0.0285,0.014));
#13080=CARTESIAN_POINT('',(0.154448546691303,-0.0285,0.0130319372203315));
#13081=CARTESIAN_POINT('',(0.156160216838407,-0.0285,0.0120139585919689));
#13082=CARTESIAN_POINT('',(0.15787411967465,-0.0285,0.011));
#13083=CARTESIAN_POINT('',(0.15787411967465,-0.0285,0.011));
#13084=CARTESIAN_POINT('',(-0.0255,-0.0285,0.011));
#13085=CARTESIAN_POINT('',(-0.000999999999999973,2.77555756156289E-17,0.008));
#13086=CARTESIAN_POINT('',(0.164,-0.0265,0.008));
#13087=CARTESIAN_POINT('',(0.1525,-0.0265,0.008));
#13088=CARTESIAN_POINT('',(0.1525,-0.0149999999999998,0.008));
#13089=CARTESIAN_POINT('',(0.1525,-0.015,0.008));
#13090=CARTESIAN_POINT('',(-0.000999999999999973,-0.015,0.008));
#13091=CARTESIAN_POINT('',(0.1505,-0.015,0.008));
#13092=CARTESIAN_POINT('',(0.1505,0.0681126952174645,0.008));
#13093=CARTESIAN_POINT('',(0.1505,-0.0262919007564519,0.008));
#13094=CARTESIAN_POINT('',(0.149,-0.03,0.008));
#13095=CARTESIAN_POINT('',(0.164,-0.0265,-2.00000000000027E-6));
#13096=CARTESIAN_POINT('',(0.1525,-0.0265,-2.00000000000027E-6));
#13097=CARTESIAN_POINT('',(-0.0255,-0.03,0.011));
#13098=CARTESIAN_POINT('',(0.149,-0.03,0.011));
#13099=CARTESIAN_POINT('',(0.15787411967465,-0.0315,0.011));
#13100=CARTESIAN_POINT('',(-0.0255,-0.0315,0.011));
#13101=CARTESIAN_POINT('',(0.170125880325351,-0.0315,0.011));
#13102=CARTESIAN_POINT('',(0.179,-0.03,0.011));
#13103=CARTESIAN_POINT('',(0.170125880325351,-0.0285,0.011));
#13104=CARTESIAN_POINT('',(-0.0255,-0.0285,0.011));
#13105=CARTESIAN_POINT('',(0.0705,-0.028,0.013));
#13106=CARTESIAN_POINT('',(0.0705,-0.0285,0.013));
#13107=CARTESIAN_POINT('',(0.0705,-0.0285,0.008));
#13108=CARTESIAN_POINT('',(0.0705,-0.0285,0.011));
#13109=CARTESIAN_POINT('',(0.0705,-0.028,0.011));
#13110=CARTESIAN_POINT('',(0.0705,-0.0295,0.011));
#13111=CARTESIAN_POINT('',(0.0705,-0.0275,0.013));
#13112=CARTESIAN_POINT('',(0.0705,-0.0275,0.013));
#13113=CARTESIAN_POINT('',(0.0705,-0.028,0.013));
#13114=CARTESIAN_POINT('',(0.0705,-0.0180707142142714,0.013));
#13115=CARTESIAN_POINT('',(0.0705,-0.0180707142142714,0.013));
#13116=CARTESIAN_POINT('',(0.0705,-0.0265,0.013));
#13117=CARTESIAN_POINT('',(0.0705,-0.0265,0.008));
#13118=CARTESIAN_POINT('',(0.0705,-0.028,0.008));
#13119=CARTESIAN_POINT('',(0.0775,-0.0284699663607475,0.013));
#13120=CARTESIAN_POINT('',(0.0775,-0.0284699663607475,0.011));
#13121=CARTESIAN_POINT('',(0.0775,-0.0285,0.011));
#13122=CARTESIAN_POINT('',(0.0775,-0.0295,0.011));
#13123=CARTESIAN_POINT('',(0.0775,-0.0285,0.013));
#13124=CARTESIAN_POINT('',(0.0775,-0.0285,0.008));
#13125=CARTESIAN_POINT('',(0.0775,-0.0284699663607475,0.008));
#13126=CARTESIAN_POINT('',(0.0775,-0.0265,0.008));
#13127=CARTESIAN_POINT('',(0.0775,-0.0265,0.013));
#13128=CARTESIAN_POINT('',(0.0775,-0.0180707142142715,0.013));
#13129=CARTESIAN_POINT('',(0.0775,-0.0180707142142715,0.013));
#13130=CARTESIAN_POINT('',(0.0775,-0.0284699663607475,0.013));
#13131=CARTESIAN_POINT('',(0.0775,-0.0275,0.013));
#13132=CARTESIAN_POINT('',(0.0775,-0.0279849831803737,0.0125150168196263));
#13133=CARTESIAN_POINT('',(0.074,-0.0145,0.013));
#13134=CARTESIAN_POINT('',(0.074,-0.0145,0.013));
#13135=CARTESIAN_POINT('',(0.074,-0.02,0.013));
#13136=CARTESIAN_POINT('',(0.0775,-0.0275,0.013));
#13137=CARTESIAN_POINT('',(0.074,-0.0275,0.013));
#13138=CARTESIAN_POINT('',(0.074,-0.0295,0.011));
#13139=CARTESIAN_POINT('',(-0.0255,-0.0285,0.011));
#13140=CARTESIAN_POINT('',(-0.0255,-0.0285,0.008));
#13141=CARTESIAN_POINT('',(0.062708099243548,-0.0285,0.008));
#13142=CARTESIAN_POINT('',(0.062708099243548,-0.0285,0.015));
#13143=CARTESIAN_POINT('',(0.062708099243548,-0.0285,0.014));
#13144=CARTESIAN_POINT('',(0.062708099243548,-0.0285,0.014));
#13145=CARTESIAN_POINT('',(0.0644485466913033,-0.0285,0.0130319372203315));
#13146=CARTESIAN_POINT('',(0.0661602168384074,-0.0285,0.0120139585919689));
#13147=CARTESIAN_POINT('',(0.0678741196746495,-0.0285,0.011));
#13148=CARTESIAN_POINT('',(0.0678741196746495,-0.0285,0.011));
#13149=CARTESIAN_POINT('',(-0.0255,-0.0285,0.011));
#13150=CARTESIAN_POINT('',(-0.000999999999999973,2.77555756156289E-17,0.008));
#13151=CARTESIAN_POINT('',(0.074,-0.0265,0.008));
#13152=CARTESIAN_POINT('',(0.0625,-0.0265,0.008));
#13153=CARTESIAN_POINT('',(0.0625,-0.015,0.008));
#13154=CARTESIAN_POINT('',(0.0625,-0.015,0.008));
#13155=CARTESIAN_POINT('',(-0.000999999999999973,-0.015,0.008));
#13156=CARTESIAN_POINT('',(0.0605,-0.015,0.008));
#13157=CARTESIAN_POINT('',(0.0605,0.0681126952174645,0.008));
#13158=CARTESIAN_POINT('',(0.0605,-0.0262919007564519,0.008));
#13159=CARTESIAN_POINT('',(0.059,-0.03,0.008));
#13160=CARTESIAN_POINT('',(0.074,-0.0265,-2.00000000000027E-6));
#13161=CARTESIAN_POINT('',(0.0625,-0.0265,-2.00000000000027E-6));
#13162=CARTESIAN_POINT('',(-0.0255,-0.03,0.011));
#13163=CARTESIAN_POINT('',(0.059,-0.03,0.011));
#13164=CARTESIAN_POINT('',(0.0678741196746495,-0.0315,0.011));
#13165=CARTESIAN_POINT('',(-0.0255,-0.0315,0.011));
#13166=CARTESIAN_POINT('',(0.0801258803253507,-0.0315,0.011));
#13167=CARTESIAN_POINT('',(0.089,-0.03,0.011));
#13168=CARTESIAN_POINT('',(0.0801258803253506,-0.0285,0.011));
#13169=CARTESIAN_POINT('',(-0.0255,-0.0285,0.011));
#13170=CARTESIAN_POINT('',(-0.001,2.77555756156289E-17,0.01));
#13171=CARTESIAN_POINT('',(0.089,-0.09,0.01));
#13172=CARTESIAN_POINT('',(0.091,-0.09,0.01));
#13173=CARTESIAN_POINT('',(-0.001,2.77555756156289E-17,0.01));
#13174=CARTESIAN_POINT('',(0.089,-0.06,0.01));
#13175=CARTESIAN_POINT('',(0.091,-0.06,0.01));
#13176=CARTESIAN_POINT('',(-0.001,2.77555756156289E-17,0.01));
#13177=CARTESIAN_POINT('',(0.119,-0.09,0.01));
#13178=CARTESIAN_POINT('',(0.121,-0.09,0.01));
#13179=CARTESIAN_POINT('',(-0.001,2.77555756156289E-17,0.01));
#13180=CARTESIAN_POINT('',(0.119,-0.06,0.01));
#13181=CARTESIAN_POINT('',(0.121,-0.06,0.01));
#13182=CARTESIAN_POINT('',(-0.001,2.77555756156289E-17,0.01));
#13183=CARTESIAN_POINT('',(0.149,-0.06,0.01));
#13184=CARTESIAN_POINT('',(0.151,-0.06,0.01));
#13185=CARTESIAN_POINT('',(-0.001,2.77555756156289E-17,0.01));
#13186=CARTESIAN_POINT('',(0.029,-0.09,0.01));
#13187=CARTESIAN_POINT('',(0.031,-0.09,0.01));
#13188=CARTESIAN_POINT('',(-0.001,2.77555756156289E-17,0.01));
#13189=CARTESIAN_POINT('',(0.059,-0.06,0.01));
#13190=CARTESIAN_POINT('',(0.061,-0.06,0.01));
#13191=CARTESIAN_POINT('',(-0.001,2.77555756156289E-17,0.01));
#13192=CARTESIAN_POINT('',(0.029,-0.06,0.01));
#13193=CARTESIAN_POINT('',(0.031,-0.06,0.01));
#13194=CARTESIAN_POINT('',(0.089,-0.09,0.01));
#13195=CARTESIAN_POINT('',(0.089,-0.09,0.015));
#13196=CARTESIAN_POINT('',(0.091,-0.09,0.015));
#13197=CARTESIAN_POINT('',(0.089,-0.06,0.01));
#13198=CARTESIAN_POINT('',(0.089,-0.06,0.015));
#13199=CARTESIAN_POINT('',(0.091,-0.06,0.015));
#13200=CARTESIAN_POINT('',(0.149,-0.09,0.01));
#13201=CARTESIAN_POINT('',(0.149,-0.09,0.015));
#13202=CARTESIAN_POINT('',(0.151,-0.09,0.015));
#13203=CARTESIAN_POINT('',(0.119,-0.09,0.01));
#13204=CARTESIAN_POINT('',(0.119,-0.09,0.015));
#13205=CARTESIAN_POINT('',(0.121,-0.09,0.015));
#13206=CARTESIAN_POINT('',(0.119,-0.06,0.01));
#13207=CARTESIAN_POINT('',(0.119,-0.06,0.015));
#13208=CARTESIAN_POINT('',(0.121,-0.06,0.015));
#13209=CARTESIAN_POINT('',(0.149,-0.06,0.01));
#13210=CARTESIAN_POINT('',(0.149,-0.06,0.015));
#13211=CARTESIAN_POINT('',(0.151,-0.06,0.015));
#13212=CARTESIAN_POINT('',(0.059,-0.09,0.01));
#13213=CARTESIAN_POINT('',(0.059,-0.09,0.015));
#13214=CARTESIAN_POINT('',(0.061,-0.09,0.015));
#13215=CARTESIAN_POINT('',(0.029,-0.09,0.01));
#13216=CARTESIAN_POINT('',(0.029,-0.09,0.015));
#13217=CARTESIAN_POINT('',(0.031,-0.09,0.015));
#13218=CARTESIAN_POINT('',(0.059,-0.06,0.01));
#13219=CARTESIAN_POINT('',(0.059,-0.06,0.015));
#13220=CARTESIAN_POINT('',(0.061,-0.06,0.015));
#13221=CARTESIAN_POINT('',(0.029,-0.06,0.01));
#13222=CARTESIAN_POINT('',(0.029,-0.06,0.015));
#13223=CARTESIAN_POINT('',(0.031,-0.06,0.015));
#13224=CARTESIAN_POINT('',(-0.001,2.77555756156289E-17,0.01));
#13225=CARTESIAN_POINT('',(0.119,-0.03,0.01));
#13226=CARTESIAN_POINT('',(0.121,-0.03,0.01));
#13227=CARTESIAN_POINT('',(-0.001,2.77555756156289E-17,0.01));
#13228=CARTESIAN_POINT('',(0.089,-0.03,0.01));
#13229=CARTESIAN_POINT('',(0.091,-0.03,0.01));
#13230=CARTESIAN_POINT('',(-0.001,2.77555756156289E-17,0.01));
#13231=CARTESIAN_POINT('',(0.149,-0.03,0.01));
#13232=CARTESIAN_POINT('',(0.151,-0.03,0.01));
#13233=CARTESIAN_POINT('',(-0.001,2.77555756156289E-17,0.01));
#13234=CARTESIAN_POINT('',(0.029,-0.12,0.01));
#13235=CARTESIAN_POINT('',(0.031,-0.12,0.01));
#13236=CARTESIAN_POINT('',(-0.001,2.77555756156289E-17,0.01));
#13237=CARTESIAN_POINT('',(0.059,-0.12,0.01));
#13238=CARTESIAN_POINT('',(0.061,-0.12,0.01));
#13239=CARTESIAN_POINT('',(-0.001,2.77555756156289E-17,0.01));
#13240=CARTESIAN_POINT('',(0.089,-0.12,0.01));
#13241=CARTESIAN_POINT('',(0.091,-0.12,0.01));
#13242=CARTESIAN_POINT('',(-0.001,2.77555756156289E-17,0.01));
#13243=CARTESIAN_POINT('',(0.119,-0.12,0.01));
#13244=CARTESIAN_POINT('',(0.121,-0.12,0.01));
#13245=CARTESIAN_POINT('',(-0.001,2.77555756156289E-17,0.01));
#13246=CARTESIAN_POINT('',(0.149,-0.12,0.01));
#13247=CARTESIAN_POINT('',(0.151,-0.12,0.01));
#13248=CARTESIAN_POINT('',(-0.001,2.77555756156289E-17,0.01));
#13249=CARTESIAN_POINT('',(0.179,-0.12,0.01));
#13250=CARTESIAN_POINT('',(0.181,-0.12,0.01));
#13251=CARTESIAN_POINT('',(-0.001,2.77555756156289E-17,0.01));
#13252=CARTESIAN_POINT('',(0.179,-0.09,0.01));
#13253=CARTESIAN_POINT('',(0.181,-0.09,0.01));
#13254=CARTESIAN_POINT('',(-0.001,2.77555756156289E-17,0.01));
#13255=CARTESIAN_POINT('',(0.179,-0.06,0.01));
#13256=CARTESIAN_POINT('',(0.181,-0.06,0.01));
#13257=CARTESIAN_POINT('',(-0.001,2.77555756156289E-17,0.01));
#13258=CARTESIAN_POINT('',(0.179,-0.03,0.01));
#13259=CARTESIAN_POINT('',(0.181,-0.03,0.01));
#13260=CARTESIAN_POINT('',(0.059,0.0681126952174645,0.011));
#13261=CARTESIAN_POINT('',(0.0575,0.0681126952174645,0.011));
#13262=CARTESIAN_POINT('',(0.0575,-0.0688741196746493,0.011));
#13263=CARTESIAN_POINT('',(0.0575,-0.0811258803253507,0.011));
#13264=CARTESIAN_POINT('',(0.059,-0.09,0.011));
#13265=CARTESIAN_POINT('',(0.0605,-0.0811258803253505,0.011));
#13266=CARTESIAN_POINT('',(0.0605,0.0681126952174645,0.011));
#13267=CARTESIAN_POINT('',(0.0605,-0.0688741196746495,0.011));
#13268=CARTESIAN_POINT('',(0.059,-0.06,0.011));
#13269=CARTESIAN_POINT('',(0.089,0.0681126952174645,0.011));
#13270=CARTESIAN_POINT('',(0.0875,0.0681126952174645,0.011));
#13271=CARTESIAN_POINT('',(0.0875,-0.0688741196746494,0.011));
#13272=CARTESIAN_POINT('',(0.0875,-0.0811258803253507,0.011));
#13273=CARTESIAN_POINT('',(0.089,-0.09,0.011));
#13274=CARTESIAN_POINT('',(0.0905,-0.0811258803253505,0.011));
#13275=CARTESIAN_POINT('',(0.0905,0.0681126952174645,0.011));
#13276=CARTESIAN_POINT('',(0.0905,-0.0688741196746495,0.011));
#13277=CARTESIAN_POINT('',(0.089,-0.06,0.011));
#13278=CARTESIAN_POINT('',(-0.0255,-0.09,0.011));
#13279=CARTESIAN_POINT('',(-0.0255,-0.0915,0.011));
#13280=CARTESIAN_POINT('',(0.0978741196746495,-0.0915,0.011));
#13281=CARTESIAN_POINT('',(0.110125880325351,-0.0915,0.011));
#13282=CARTESIAN_POINT('',(0.119,-0.09,0.011));
#13283=CARTESIAN_POINT('',(0.110125880325351,-0.0885,0.011));
#13284=CARTESIAN_POINT('',(-0.0255,-0.0885,0.011));
#13285=CARTESIAN_POINT('',(0.0978741196746495,-0.0885,0.011));
#13286=CARTESIAN_POINT('',(0.089,-0.09,0.011));
#13287=CARTESIAN_POINT('',(-0.0255,-0.06,0.011));
#13288=CARTESIAN_POINT('',(-0.0255,-0.0615,0.011));
#13289=CARTESIAN_POINT('',(0.0978741196746495,-0.0615,0.011));
#13290=CARTESIAN_POINT('',(0.110125880325351,-0.0615,0.011));
#13291=CARTESIAN_POINT('',(0.119,-0.06,0.011));
#13292=CARTESIAN_POINT('',(0.110125880325351,-0.0585,0.011));
#13293=CARTESIAN_POINT('',(-0.0255,-0.0585,0.011));
#13294=CARTESIAN_POINT('',(0.0978741196746495,-0.0585,0.011));
#13295=CARTESIAN_POINT('',(0.089,-0.06,0.011));
#13296=CARTESIAN_POINT('',(-0.0255,-0.09,0.011));
#13297=CARTESIAN_POINT('',(-0.0255,-0.0915,0.011));
#13298=CARTESIAN_POINT('',(0.0678741196746495,-0.0915,0.011));
#13299=CARTESIAN_POINT('',(0.0801258803253507,-0.0915,0.011));
#13300=CARTESIAN_POINT('',(0.089,-0.09,0.011));
#13301=CARTESIAN_POINT('',(0.0801258803253506,-0.0885,0.011));
#13302=CARTESIAN_POINT('',(-0.0255,-0.0885,0.011));
#13303=CARTESIAN_POINT('',(0.0678741196746495,-0.0885,0.011));
#13304=CARTESIAN_POINT('',(0.059,-0.09,0.011));
#13305=CARTESIAN_POINT('',(-0.000999999999999945,0.,0.015));
#13306=CARTESIAN_POINT('',(0.089,-0.09,0.015));
#13307=CARTESIAN_POINT('',(0.093,-0.09,0.015));
#13308=CARTESIAN_POINT('',(0.089,-0.09,0.011));
#13309=CARTESIAN_POINT('',(0.092708099243548,-0.0885,0.014));
#13310=CARTESIAN_POINT('',(0.0944485466913034,-0.0885,0.0130319372203315));
#13311=CARTESIAN_POINT('',(0.0961602168384074,-0.0885,0.0120139585919689));
#13312=CARTESIAN_POINT('',(0.0978741196746495,-0.0885,0.011));
#13313=CARTESIAN_POINT('',(0.092708099243548,-0.0885,0.014));
#13314=CARTESIAN_POINT('',(0.089,-0.09,0.014));
#13315=CARTESIAN_POINT('',(0.0927080992435478,-0.0915,0.014));
#13316=CARTESIAN_POINT('',(0.0978741196746495,-0.0915,0.011));
#13317=CARTESIAN_POINT('',(0.0961602183483106,-0.0915,0.0120139576986981));
#13318=CARTESIAN_POINT('',(0.0944486267173875,-0.0915,0.0130318927086321));
#13319=CARTESIAN_POINT('',(0.0927080992435478,-0.0915,0.014));
#13320=CARTESIAN_POINT('',(0.089,-0.09,0.011));
#13321=CARTESIAN_POINT('',(0.0852919007564523,-0.0915,0.014));
#13322=CARTESIAN_POINT('',(0.0835514533086969,-0.0915,0.0130319372203315));
#13323=CARTESIAN_POINT('',(0.0818397831615928,-0.0915,0.0120139585919689));
#13324=CARTESIAN_POINT('',(0.0801258803253507,-0.0915,0.011));
#13325=CARTESIAN_POINT('',(0.0852919007564523,-0.0915,0.014));
#13326=CARTESIAN_POINT('',(0.089,-0.09,0.014));
#13327=CARTESIAN_POINT('',(0.0852919007564521,-0.0885,0.014));
#13328=CARTESIAN_POINT('',(0.0801258803253506,-0.0885,0.011));
#13329=CARTESIAN_POINT('',(0.0818397816516894,-0.0885,0.0120139576986981));
#13330=CARTESIAN_POINT('',(0.0835513732826125,-0.0885,0.0130318927086321));
#13331=CARTESIAN_POINT('',(0.0852919007564521,-0.0885,0.014));
#13332=CARTESIAN_POINT('',(0.089,-0.09,0.011));
#13333=CARTESIAN_POINT('',(0.0875,-0.0862919007564524,0.014));
#13334=CARTESIAN_POINT('',(0.0875,-0.084551453308697,0.0130319372203315));
#13335=CARTESIAN_POINT('',(0.0875,-0.0828397831615929,0.012013958591969));
#13336=CARTESIAN_POINT('',(0.0875,-0.0811258803253507,0.011));
#13337=CARTESIAN_POINT('',(0.0875,-0.0862919007564524,0.014));
#13338=CARTESIAN_POINT('',(0.089,-0.09,0.014));
#13339=CARTESIAN_POINT('',(0.0905,-0.086291900756452,0.014));
#13340=CARTESIAN_POINT('',(0.0905,-0.0811258803253505,0.011));
#13341=CARTESIAN_POINT('',(0.0905,-0.0828397816516893,0.0120139576986981));
#13342=CARTESIAN_POINT('',(0.0905,-0.0845513732826123,0.0130318927086321));
#13343=CARTESIAN_POINT('',(0.0905,-0.086291900756452,0.014));
#13344=CARTESIAN_POINT('',(-0.000999999999999945,0.,0.015));
#13345=CARTESIAN_POINT('',(0.089,-0.06,0.015));
#13346=CARTESIAN_POINT('',(0.093,-0.06,0.015));
#13347=CARTESIAN_POINT('',(0.089,-0.06,0.011));
#13348=CARTESIAN_POINT('',(0.0927080992435479,-0.0585,0.014));
#13349=CARTESIAN_POINT('',(0.0944485466913033,-0.0585,0.0130319372203315));
#13350=CARTESIAN_POINT('',(0.0961602168384073,-0.0585,0.0120139585919689));
#13351=CARTESIAN_POINT('',(0.0978741196746495,-0.0585,0.011));
#13352=CARTESIAN_POINT('',(0.0927080992435479,-0.0585,0.014));
#13353=CARTESIAN_POINT('',(0.089,-0.06,0.014));
#13354=CARTESIAN_POINT('',(0.0927080992435478,-0.0615,0.014));
#13355=CARTESIAN_POINT('',(0.0978741196746495,-0.0615,0.011));
#13356=CARTESIAN_POINT('',(0.0961602183483106,-0.0615,0.0120139576986981));
#13357=CARTESIAN_POINT('',(0.0944486267173875,-0.0615,0.0130318927086321));
#13358=CARTESIAN_POINT('',(0.0927080992435478,-0.0615,0.014));
#13359=CARTESIAN_POINT('',(0.089,-0.06,0.011));
#13360=CARTESIAN_POINT('',(0.0905,-0.0637080992435481,0.014));
#13361=CARTESIAN_POINT('',(0.0905,-0.0654485466913034,0.0130319372203316));
#13362=CARTESIAN_POINT('',(0.0905,-0.0671602168384074,0.0120139585919689));
#13363=CARTESIAN_POINT('',(0.0905,-0.0688741196746495,0.011));
#13364=CARTESIAN_POINT('',(0.0905,-0.0637080992435481,0.014));
#13365=CARTESIAN_POINT('',(0.089,-0.06,0.014));
#13366=CARTESIAN_POINT('',(0.0875,-0.0637080992435476,0.014));
#13367=CARTESIAN_POINT('',(0.0875,-0.0688741196746494,0.011));
#13368=CARTESIAN_POINT('',(0.0875,-0.0671602183483105,0.0120139576986981));
#13369=CARTESIAN_POINT('',(0.0875,-0.0654486267173873,0.0130318927086321));
#13370=CARTESIAN_POINT('',(0.0875,-0.0637080992435476,0.014));
#13371=CARTESIAN_POINT('',(0.089,-0.06,0.011));
#13372=CARTESIAN_POINT('',(0.0852919007564523,-0.0615,0.014));
#13373=CARTESIAN_POINT('',(0.0835514533086969,-0.0615,0.0130319372203315));
#13374=CARTESIAN_POINT('',(0.0818397831615928,-0.0615,0.0120139585919689));
#13375=CARTESIAN_POINT('',(0.0801258803253507,-0.0615,0.011));
#13376=CARTESIAN_POINT('',(0.0852919007564523,-0.0615,0.014));
#13377=CARTESIAN_POINT('',(0.0801258803253507,-0.0615,0.011));
#13378=CARTESIAN_POINT('',(0.089,-0.06,0.014));
#13379=CARTESIAN_POINT('',(0.0852919007564522,-0.0585,0.014));
#13380=CARTESIAN_POINT('',(0.0801258803253506,-0.0585,0.011));
#13381=CARTESIAN_POINT('',(0.0818397816516895,-0.0585,0.0120139576986981));
#13382=CARTESIAN_POINT('',(0.0835513732826124,-0.0585,0.0130318927086321));
#13383=CARTESIAN_POINT('',(0.0852919007564521,-0.0585,0.014));
#13384=CARTESIAN_POINT('',(0.0801258803253506,-0.0585,0.011));
#13385=CARTESIAN_POINT('',(0.089,-0.06,0.011));
#13386=CARTESIAN_POINT('',(-0.0255,-0.06,0.011));
#13387=CARTESIAN_POINT('',(-0.0255,-0.0615,0.011));
#13388=CARTESIAN_POINT('',(0.0678741196746495,-0.0615,0.011));
#13389=CARTESIAN_POINT('',(-0.0255,-0.0585,0.011));
#13390=CARTESIAN_POINT('',(0.0678741196746495,-0.0585,0.011));
#13391=CARTESIAN_POINT('',(0.059,-0.06,0.011));
#13392=CARTESIAN_POINT('',(-0.000999999999999945,0.,0.015));
#13393=CARTESIAN_POINT('',(0.149,-0.09,0.015));
#13394=CARTESIAN_POINT('',(0.153,-0.09,0.015));
#13395=CARTESIAN_POINT('',(0.149,-0.09,0.011));
#13396=CARTESIAN_POINT('',(0.145291900756452,-0.0915,0.014));
#13397=CARTESIAN_POINT('',(0.143551453308697,-0.0915,0.0130319372203315));
#13398=CARTESIAN_POINT('',(0.141839783161593,-0.0915,0.0120139585919689));
#13399=CARTESIAN_POINT('',(0.140125880325351,-0.0915,0.011));
#13400=CARTESIAN_POINT('',(0.145291900756452,-0.0915,0.014));
#13401=CARTESIAN_POINT('',(0.140125880325351,-0.0915,0.011));
#13402=CARTESIAN_POINT('',(0.149,-0.09,0.014));
#13403=CARTESIAN_POINT('',(0.145291900756452,-0.0885,0.014));
#13404=CARTESIAN_POINT('',(0.140125880325351,-0.0885,0.011));
#13405=CARTESIAN_POINT('',(0.141839781651689,-0.0885,0.0120139576986981));
#13406=CARTESIAN_POINT('',(0.143551373282612,-0.0885,0.0130318927086322));
#13407=CARTESIAN_POINT('',(0.145291900756452,-0.0885,0.014));
#13408=CARTESIAN_POINT('',(0.140125880325351,-0.0885,0.011));
#13409=CARTESIAN_POINT('',(0.149,-0.09,0.011));
#13410=CARTESIAN_POINT('',(-0.0255,-0.09,0.011));
#13411=CARTESIAN_POINT('',(-0.0255,-0.0915,0.011));
#13412=CARTESIAN_POINT('',(0.127874119674649,-0.0915,0.011));
#13413=CARTESIAN_POINT('',(-0.0255,-0.0885,0.011));
#13414=CARTESIAN_POINT('',(0.127874119674649,-0.0885,0.011));
#13415=CARTESIAN_POINT('',(0.119,-0.09,0.011));
#13416=CARTESIAN_POINT('',(-0.000999999999999945,0.,0.015));
#13417=CARTESIAN_POINT('',(0.119,-0.09,0.015));
#13418=CARTESIAN_POINT('',(0.123,-0.09,0.015));
#13419=CARTESIAN_POINT('',(0.119,-0.09,0.011));
#13420=CARTESIAN_POINT('',(0.122708099243548,-0.0885,0.014));
#13421=CARTESIAN_POINT('',(0.124448546691303,-0.0885,0.0130319372203316));
#13422=CARTESIAN_POINT('',(0.126160216838407,-0.0885,0.0120139585919689));
#13423=CARTESIAN_POINT('',(0.127874119674649,-0.0885,0.011));
#13424=CARTESIAN_POINT('',(0.122708099243548,-0.0885,0.014));
#13425=CARTESIAN_POINT('',(0.119,-0.09,0.014));
#13426=CARTESIAN_POINT('',(0.122708099243548,-0.0915,0.014));
#13427=CARTESIAN_POINT('',(0.127874119674649,-0.0915,0.011));
#13428=CARTESIAN_POINT('',(0.126160218348311,-0.0915,0.0120139576986981));
#13429=CARTESIAN_POINT('',(0.124448626717387,-0.0915,0.0130318927086321));
#13430=CARTESIAN_POINT('',(0.122708099243548,-0.0915,0.014));
#13431=CARTESIAN_POINT('',(0.119,-0.09,0.011));
#13432=CARTESIAN_POINT('',(0.115291900756452,-0.0915,0.014));
#13433=CARTESIAN_POINT('',(0.113551453308697,-0.0915,0.0130319372203315));
#13434=CARTESIAN_POINT('',(0.111839783161593,-0.0915,0.0120139585919689));
#13435=CARTESIAN_POINT('',(0.110125880325351,-0.0915,0.011));
#13436=CARTESIAN_POINT('',(0.115291900756452,-0.0915,0.014));
#13437=CARTESIAN_POINT('',(0.119,-0.09,0.014));
#13438=CARTESIAN_POINT('',(0.115291900756452,-0.0885,0.014));
#13439=CARTESIAN_POINT('',(0.110125880325351,-0.0885,0.011));
#13440=CARTESIAN_POINT('',(0.111839781651689,-0.0885,0.0120139576986981));
#13441=CARTESIAN_POINT('',(0.113551373282612,-0.0885,0.0130318927086322));
#13442=CARTESIAN_POINT('',(0.115291900756452,-0.0885,0.014));
#13443=CARTESIAN_POINT('',(0.119,-0.09,0.011));
#13444=CARTESIAN_POINT('',(0.1175,-0.0862919007564524,0.014));
#13445=CARTESIAN_POINT('',(0.1175,-0.084551453308697,0.0130319372203315));
#13446=CARTESIAN_POINT('',(0.1175,-0.0828397831615929,0.012013958591969));
#13447=CARTESIAN_POINT('',(0.1175,-0.0811258803253507,0.011));
#13448=CARTESIAN_POINT('',(0.1175,-0.0862919007564524,0.014));
#13449=CARTESIAN_POINT('',(0.1175,-0.0811258803253507,0.011));
#13450=CARTESIAN_POINT('',(0.119,-0.09,0.014));
#13451=CARTESIAN_POINT('',(0.1205,-0.0862919007564519,0.014));
#13452=CARTESIAN_POINT('',(0.1205,-0.0811258803253505,0.011));
#13453=CARTESIAN_POINT('',(0.1205,-0.0828397816516893,0.0120139576986981));
#13454=CARTESIAN_POINT('',(0.1205,-0.0845513732826123,0.0130318927086321));
#13455=CARTESIAN_POINT('',(0.1205,-0.0862919007564519,0.014));
#13456=CARTESIAN_POINT('',(0.1205,-0.0811258803253505,0.011));
#13457=CARTESIAN_POINT('',(0.119,-0.09,0.011));
#13458=CARTESIAN_POINT('',(0.119,0.0681126952174645,0.011));
#13459=CARTESIAN_POINT('',(0.1175,0.0681126952174645,0.011));
#13460=CARTESIAN_POINT('',(0.1175,-0.0688741196746493,0.011));
#13461=CARTESIAN_POINT('',(0.1205,0.0681126952174645,0.011));
#13462=CARTESIAN_POINT('',(0.1205,-0.0688741196746495,0.011));
#13463=CARTESIAN_POINT('',(0.119,-0.06,0.011));
#13464=CARTESIAN_POINT('',(-0.000999999999999945,0.,0.015));
#13465=CARTESIAN_POINT('',(0.119,-0.06,0.015));
#13466=CARTESIAN_POINT('',(0.123,-0.06,0.015));
#13467=CARTESIAN_POINT('',(0.119,-0.06,0.011));
#13468=CARTESIAN_POINT('',(0.1205,-0.0637080992435481,0.014));
#13469=CARTESIAN_POINT('',(0.1205,-0.0654485466913034,0.0130319372203316));
#13470=CARTESIAN_POINT('',(0.1205,-0.0671602168384074,0.0120139585919689));
#13471=CARTESIAN_POINT('',(0.1205,-0.0688741196746495,0.011));
#13472=CARTESIAN_POINT('',(0.1205,-0.0637080992435481,0.014));
#13473=CARTESIAN_POINT('',(0.119,-0.06,0.014));
#13474=CARTESIAN_POINT('',(0.1175,-0.0637080992435476,0.014));
#13475=CARTESIAN_POINT('',(0.1175,-0.0688741196746493,0.011));
#13476=CARTESIAN_POINT('',(0.1175,-0.0671602183483104,0.0120139576986981));
#13477=CARTESIAN_POINT('',(0.1175,-0.0654486267173873,0.0130318927086321));
#13478=CARTESIAN_POINT('',(0.1175,-0.0637080992435476,0.014));
#13479=CARTESIAN_POINT('',(0.119,-0.06,0.011));
#13480=CARTESIAN_POINT('',(0.115291900756452,-0.0615,0.014));
#13481=CARTESIAN_POINT('',(0.113551453308697,-0.0615,0.0130319372203315));
#13482=CARTESIAN_POINT('',(0.111839783161593,-0.0615,0.0120139585919689));
#13483=CARTESIAN_POINT('',(0.110125880325351,-0.0615,0.011));
#13484=CARTESIAN_POINT('',(0.115291900756452,-0.0615,0.014));
#13485=CARTESIAN_POINT('',(0.119,-0.06,0.014));
#13486=CARTESIAN_POINT('',(0.115291900756452,-0.0585,0.014));
#13487=CARTESIAN_POINT('',(0.110125880325351,-0.0585,0.011));
#13488=CARTESIAN_POINT('',(0.111839781651689,-0.0585,0.0120139576986981));
#13489=CARTESIAN_POINT('',(0.113551373282612,-0.0585,0.0130318927086322));
#13490=CARTESIAN_POINT('',(0.115291900756452,-0.0585,0.014));
#13491=CARTESIAN_POINT('',(0.119,-0.06,0.011));
#13492=CARTESIAN_POINT('',(0.122708099243548,-0.0585,0.014));
#13493=CARTESIAN_POINT('',(0.124448546691303,-0.0585,0.0130319372203316));
#13494=CARTESIAN_POINT('',(0.126160216838407,-0.0585,0.0120139585919689));
#13495=CARTESIAN_POINT('',(0.127874119674649,-0.0585,0.011));
#13496=CARTESIAN_POINT('',(0.122708099243548,-0.0585,0.014));
#13497=CARTESIAN_POINT('',(0.127874119674649,-0.0585,0.011));
#13498=CARTESIAN_POINT('',(0.119,-0.06,0.014));
#13499=CARTESIAN_POINT('',(0.122708099243548,-0.0615,0.014));
#13500=CARTESIAN_POINT('',(0.127874119674649,-0.0615,0.011));
#13501=CARTESIAN_POINT('',(0.126160218348311,-0.0615,0.0120139576986981));
#13502=CARTESIAN_POINT('',(0.124448626717387,-0.0615,0.0130318927086321));
#13503=CARTESIAN_POINT('',(0.122708099243548,-0.0615,0.014));
#13504=CARTESIAN_POINT('',(0.127874119674649,-0.0615,0.011));
#13505=CARTESIAN_POINT('',(0.119,-0.06,0.011));
#13506=CARTESIAN_POINT('',(-0.0255,-0.06,0.011));
#13507=CARTESIAN_POINT('',(-0.0255,-0.0615,0.011));
#13508=CARTESIAN_POINT('',(0.140125880325351,-0.0615,0.011));
#13509=CARTESIAN_POINT('',(0.149,-0.06,0.011));
#13510=CARTESIAN_POINT('',(0.140125880325351,-0.0585,0.011));
#13511=CARTESIAN_POINT('',(-0.0255,-0.0585,0.011));
#13512=CARTESIAN_POINT('',(-0.000999999999999945,0.,0.015));
#13513=CARTESIAN_POINT('',(0.149,-0.06,0.015));
#13514=CARTESIAN_POINT('',(0.153,-0.06,0.015));
#13515=CARTESIAN_POINT('',(0.149,-0.06,0.011));
#13516=CARTESIAN_POINT('',(0.145291900756452,-0.0615,0.014));
#13517=CARTESIAN_POINT('',(0.143551453308697,-0.0615,0.0130319372203315));
#13518=CARTESIAN_POINT('',(0.141839783161593,-0.0615,0.0120139585919689));
#13519=CARTESIAN_POINT('',(0.140125880325351,-0.0615,0.011));
#13520=CARTESIAN_POINT('',(0.145291900756452,-0.0615,0.014));
#13521=CARTESIAN_POINT('',(0.149,-0.06,0.014));
#13522=CARTESIAN_POINT('',(0.145291900756452,-0.0585,0.014));
#13523=CARTESIAN_POINT('',(0.140125880325351,-0.0585,0.011));
#13524=CARTESIAN_POINT('',(0.141839781651689,-0.0585,0.0120139576986981));
#13525=CARTESIAN_POINT('',(0.143551373282613,-0.0585,0.0130318927086321));
#13526=CARTESIAN_POINT('',(0.145291900756452,-0.0585,0.014));
#13527=CARTESIAN_POINT('',(0.149,-0.06,0.011));
#13528=CARTESIAN_POINT('',(0.1505,-0.0637080992435481,0.014));
#13529=CARTESIAN_POINT('',(0.1505,-0.0654485466913034,0.0130319372203316));
#13530=CARTESIAN_POINT('',(0.1505,-0.0671602168384074,0.0120139585919689));
#13531=CARTESIAN_POINT('',(0.1505,-0.0688741196746495,0.011));
#13532=CARTESIAN_POINT('',(0.1505,-0.0637080992435481,0.014));
#13533=CARTESIAN_POINT('',(0.1505,-0.0688741196746495,0.011));
#13534=CARTESIAN_POINT('',(0.149,-0.06,0.014));
#13535=CARTESIAN_POINT('',(0.1475,-0.0637080992435476,0.014));
#13536=CARTESIAN_POINT('',(0.1475,-0.0688741196746493,0.011));
#13537=CARTESIAN_POINT('',(0.1475,-0.0671602183483104,0.0120139576986981));
#13538=CARTESIAN_POINT('',(0.1475,-0.0654486267173873,0.0130318927086321));
#13539=CARTESIAN_POINT('',(0.1475,-0.0637080992435476,0.014));
#13540=CARTESIAN_POINT('',(0.1475,-0.0688741196746493,0.011));
#13541=CARTESIAN_POINT('',(0.149,-0.06,0.011));
#13542=CARTESIAN_POINT('',(0.149,0.0681126952174645,0.011));
#13543=CARTESIAN_POINT('',(0.1475,0.0681126952174645,0.011));
#13544=CARTESIAN_POINT('',(0.1475,-0.0811258803253507,0.011));
#13545=CARTESIAN_POINT('',(0.149,-0.09,0.011));
#13546=CARTESIAN_POINT('',(0.1505,-0.0811258803253505,0.011));
#13547=CARTESIAN_POINT('',(0.1505,0.0681126952174645,0.011));
#13548=CARTESIAN_POINT('',(0.149,-0.09,0.011));
#13549=CARTESIAN_POINT('',(0.1475,-0.0862919007564524,0.014));
#13550=CARTESIAN_POINT('',(0.1475,-0.084551453308697,0.0130319372203315));
#13551=CARTESIAN_POINT('',(0.1475,-0.0828397831615929,0.012013958591969));
#13552=CARTESIAN_POINT('',(0.1475,-0.0811258803253507,0.011));
#13553=CARTESIAN_POINT('',(0.1475,-0.0862919007564524,0.014));
#13554=CARTESIAN_POINT('',(0.149,-0.09,0.014));
#13555=CARTESIAN_POINT('',(0.1505,-0.0862919007564519,0.014));
#13556=CARTESIAN_POINT('',(0.1505,-0.0811258803253505,0.011));
#13557=CARTESIAN_POINT('',(0.1505,-0.0828397816516893,0.0120139576986981));
#13558=CARTESIAN_POINT('',(0.1505,-0.0845513732826123,0.0130318927086321));
#13559=CARTESIAN_POINT('',(0.1505,-0.0862919007564519,0.014));
#13560=CARTESIAN_POINT('',(-0.0255,-0.09,0.011));
#13561=CARTESIAN_POINT('',(-0.0255,-0.0915,0.011));
#13562=CARTESIAN_POINT('',(0.0378741196746495,-0.0915,0.011));
#13563=CARTESIAN_POINT('',(0.0501258803253507,-0.0915,0.011));
#13564=CARTESIAN_POINT('',(0.059,-0.09,0.011));
#13565=CARTESIAN_POINT('',(0.0501258803253506,-0.0885,0.011));
#13566=CARTESIAN_POINT('',(-0.0255,-0.0885,0.011));
#13567=CARTESIAN_POINT('',(0.0378741196746495,-0.0885,0.011));
#13568=CARTESIAN_POINT('',(0.029,-0.09,0.011));
#13569=CARTESIAN_POINT('',(-0.000999999999999945,0.,0.015));
#13570=CARTESIAN_POINT('',(0.059,-0.09,0.015));
#13571=CARTESIAN_POINT('',(0.063,-0.09,0.015));
#13572=CARTESIAN_POINT('',(0.059,-0.09,0.011));
#13573=CARTESIAN_POINT('',(0.062708099243548,-0.0885,0.014));
#13574=CARTESIAN_POINT('',(0.0644485466913033,-0.0885,0.0130319372203315));
#13575=CARTESIAN_POINT('',(0.0661602168384074,-0.0885,0.0120139585919689));
#13576=CARTESIAN_POINT('',(0.0678741196746495,-0.0885,0.011));
#13577=CARTESIAN_POINT('',(0.062708099243548,-0.0885,0.014));
#13578=CARTESIAN_POINT('',(0.059,-0.09,0.014));
#13579=CARTESIAN_POINT('',(0.0627080992435478,-0.0915,0.014));
#13580=CARTESIAN_POINT('',(0.0678741196746495,-0.0915,0.011));
#13581=CARTESIAN_POINT('',(0.0661602183483106,-0.0915,0.0120139576986981));
#13582=CARTESIAN_POINT('',(0.0644486267173875,-0.0915,0.0130318927086321));
#13583=CARTESIAN_POINT('',(0.0627080992435478,-0.0915,0.014));
#13584=CARTESIAN_POINT('',(0.059,-0.09,0.011));
#13585=CARTESIAN_POINT('',(0.0552919007564523,-0.0915,0.014));
#13586=CARTESIAN_POINT('',(0.0535514533086969,-0.0915,0.0130319372203315));
#13587=CARTESIAN_POINT('',(0.0518397831615929,-0.0915,0.0120139585919689));
#13588=CARTESIAN_POINT('',(0.0501258803253507,-0.0915,0.011));
#13589=CARTESIAN_POINT('',(0.0552919007564523,-0.0915,0.014));
#13590=CARTESIAN_POINT('',(0.059,-0.09,0.014));
#13591=CARTESIAN_POINT('',(0.0552919007564521,-0.0885,0.014));
#13592=CARTESIAN_POINT('',(0.0501258803253506,-0.0885,0.011));
#13593=CARTESIAN_POINT('',(0.0518397816516894,-0.0885,0.0120139576986981));
#13594=CARTESIAN_POINT('',(0.0535513732826124,-0.0885,0.0130318927086321));
#13595=CARTESIAN_POINT('',(0.0552919007564521,-0.0885,0.014));
#13596=CARTESIAN_POINT('',(0.059,-0.09,0.011));
#13597=CARTESIAN_POINT('',(0.0575,-0.0862919007564524,0.014));
#13598=CARTESIAN_POINT('',(0.0575,-0.084551453308697,0.0130319372203315));
#13599=CARTESIAN_POINT('',(0.0575,-0.0828397831615929,0.012013958591969));
#13600=CARTESIAN_POINT('',(0.0575,-0.0811258803253507,0.011));
#13601=CARTESIAN_POINT('',(0.0575,-0.0862919007564524,0.014));
#13602=CARTESIAN_POINT('',(0.059,-0.09,0.014));
#13603=CARTESIAN_POINT('',(0.0605,-0.086291900756452,0.014));
#13604=CARTESIAN_POINT('',(0.0605,-0.0811258803253505,0.011));
#13605=CARTESIAN_POINT('',(0.0605,-0.0828397816516893,0.0120139576986981));
#13606=CARTESIAN_POINT('',(0.0605,-0.0845513732826123,0.0130318927086321));
#13607=CARTESIAN_POINT('',(0.0605,-0.086291900756452,0.014));
#13608=CARTESIAN_POINT('',(0.0289999999999996,0.0681126952174645,0.011));
#13609=CARTESIAN_POINT('',(0.0274999999999996,0.0681126952174645,0.011));
#13610=CARTESIAN_POINT('',(0.0274999999999996,-0.0688741196746493,0.011));
#13611=CARTESIAN_POINT('',(0.0274999999999996,-0.0811258803253507,0.011));
#13612=CARTESIAN_POINT('',(0.029,-0.09,0.011));
#13613=CARTESIAN_POINT('',(0.0304999999999997,-0.0811258803253505,0.011));
#13614=CARTESIAN_POINT('',(0.0304999999999996,0.0681126952174645,0.011));
#13615=CARTESIAN_POINT('',(0.0304999999999997,-0.0688741196746495,0.011));
#13616=CARTESIAN_POINT('',(0.029,-0.06,0.011));
#13617=CARTESIAN_POINT('',(-0.000999999999999945,0.,0.015));
#13618=CARTESIAN_POINT('',(0.029,-0.09,0.015));
#13619=CARTESIAN_POINT('',(0.033,-0.09,0.015));
#13620=CARTESIAN_POINT('',(0.029,-0.09,0.011));
#13621=CARTESIAN_POINT('',(0.032708099243548,-0.0885,0.014));
#13622=CARTESIAN_POINT('',(0.0344485466913033,-0.0885,0.0130319372203315));
#13623=CARTESIAN_POINT('',(0.0361602168384073,-0.0885,0.0120139585919689));
#13624=CARTESIAN_POINT('',(0.0378741196746495,-0.0885,0.011));
#13625=CARTESIAN_POINT('',(0.032708099243548,-0.0885,0.014));
#13626=CARTESIAN_POINT('',(0.029,-0.09,0.014));
#13627=CARTESIAN_POINT('',(0.0327080992435478,-0.0915,0.014));
#13628=CARTESIAN_POINT('',(0.0378741196746495,-0.0915,0.011));
#13629=CARTESIAN_POINT('',(0.0361602183483106,-0.0915,0.0120139576986981));
#13630=CARTESIAN_POINT('',(0.0344486267173875,-0.0915,0.0130318927086321));
#13631=CARTESIAN_POINT('',(0.0327080992435478,-0.0915,0.014));
#13632=CARTESIAN_POINT('',(0.029,-0.09,0.011));
#13633=CARTESIAN_POINT('',(0.0274999999999996,-0.0862919007564523,0.014));
#13634=CARTESIAN_POINT('',(0.0274999999999996,-0.0845514533086969,0.0130319372203316));
#13635=CARTESIAN_POINT('',(0.0274999999999996,-0.0828397831615929,0.0120139585919689));
#13636=CARTESIAN_POINT('',(0.0274999999999996,-0.0811258803253507,0.011));
#13637=CARTESIAN_POINT('',(0.0274999999999996,-0.0862919007564523,0.014));
#13638=CARTESIAN_POINT('',(0.029,-0.09,0.014));
#13639=CARTESIAN_POINT('',(0.0304999999999997,-0.086291900756452,0.014));
#13640=CARTESIAN_POINT('',(0.0304999999999997,-0.0811258803253505,0.011));
#13641=CARTESIAN_POINT('',(0.0304999999999997,-0.0828397816516893,0.0120139576986981));
#13642=CARTESIAN_POINT('',(0.0304999999999997,-0.0845513732826123,0.0130318927086321));
#13643=CARTESIAN_POINT('',(0.0304999999999997,-0.086291900756452,0.014));
#13644=CARTESIAN_POINT('',(-0.001,2.77555756156289E-17,0.01));
#13645=CARTESIAN_POINT('',(0.029,-0.03,0.01));
#13646=CARTESIAN_POINT('',(0.031,-0.03,0.01));
#13647=CARTESIAN_POINT('',(-0.000999999999999945,0.,0.015));
#13648=CARTESIAN_POINT('',(0.059,-0.06,0.015));
#13649=CARTESIAN_POINT('',(0.063,-0.06,0.015));
#13650=CARTESIAN_POINT('',(0.059,-0.06,0.011));
#13651=CARTESIAN_POINT('',(0.062708099243548,-0.0585,0.014));
#13652=CARTESIAN_POINT('',(0.0644485466913033,-0.0585,0.0130319372203315));
#13653=CARTESIAN_POINT('',(0.0661602168384074,-0.0585,0.0120139585919689));
#13654=CARTESIAN_POINT('',(0.0678741196746495,-0.0585,0.011));
#13655=CARTESIAN_POINT('',(0.062708099243548,-0.0585,0.014));
#13656=CARTESIAN_POINT('',(0.059,-0.06,0.014));
#13657=CARTESIAN_POINT('',(0.0627080992435478,-0.0615,0.014));
#13658=CARTESIAN_POINT('',(0.0678741196746495,-0.0615,0.011));
#13659=CARTESIAN_POINT('',(0.0661602183483106,-0.0615,0.0120139576986981));
#13660=CARTESIAN_POINT('',(0.0644486267173875,-0.0615,0.0130318927086321));
#13661=CARTESIAN_POINT('',(0.0627080992435478,-0.0615,0.014));
#13662=CARTESIAN_POINT('',(0.059,-0.06,0.011));
#13663=CARTESIAN_POINT('',(0.0605,-0.063708099243548,0.014));
#13664=CARTESIAN_POINT('',(0.0605,-0.0654485466913034,0.0130319372203315));
#13665=CARTESIAN_POINT('',(0.0605,-0.0671602168384074,0.0120139585919689));
#13666=CARTESIAN_POINT('',(0.0605,-0.0688741196746495,0.011));
#13667=CARTESIAN_POINT('',(0.0605,-0.063708099243548,0.014));
#13668=CARTESIAN_POINT('',(0.059,-0.06,0.014));
#13669=CARTESIAN_POINT('',(0.0575,-0.0637080992435476,0.014));
#13670=CARTESIAN_POINT('',(0.0575,-0.0688741196746494,0.011));
#13671=CARTESIAN_POINT('',(0.0575,-0.0671602183483105,0.0120139576986981));
#13672=CARTESIAN_POINT('',(0.0575,-0.0654486267173873,0.0130318927086321));
#13673=CARTESIAN_POINT('',(0.0575,-0.0637080992435476,0.014));
#13674=CARTESIAN_POINT('',(0.059,-0.06,0.011));
#13675=CARTESIAN_POINT('',(0.0552919007564523,-0.0615,0.014));
#13676=CARTESIAN_POINT('',(0.0535514533086969,-0.0615,0.0130319372203315));
#13677=CARTESIAN_POINT('',(0.0518397831615929,-0.0615,0.0120139585919689));
#13678=CARTESIAN_POINT('',(0.0501258803253507,-0.0615,0.011));
#13679=CARTESIAN_POINT('',(0.0552919007564523,-0.0615,0.014));
#13680=CARTESIAN_POINT('',(0.0501258803253507,-0.0615,0.011));
#13681=CARTESIAN_POINT('',(0.059,-0.06,0.014));
#13682=CARTESIAN_POINT('',(0.0552919007564522,-0.0585,0.014));
#13683=CARTESIAN_POINT('',(0.0501258803253506,-0.0585,0.011));
#13684=CARTESIAN_POINT('',(0.0518397816516895,-0.0585,0.0120139576986981));
#13685=CARTESIAN_POINT('',(0.0535513732826125,-0.0585,0.0130318927086321));
#13686=CARTESIAN_POINT('',(0.0552919007564522,-0.0585,0.014));
#13687=CARTESIAN_POINT('',(0.0501258803253506,-0.0585,0.011));
#13688=CARTESIAN_POINT('',(0.059,-0.06,0.011));
#13689=CARTESIAN_POINT('',(-0.0255,-0.06,0.011));
#13690=CARTESIAN_POINT('',(-0.0255,-0.0615,0.011));
#13691=CARTESIAN_POINT('',(0.0378741196746495,-0.0615,0.011));
#13692=CARTESIAN_POINT('',(-0.0255,-0.0585,0.011));
#13693=CARTESIAN_POINT('',(0.0378741196746495,-0.0585,0.011));
#13694=CARTESIAN_POINT('',(0.029,-0.06,0.011));
#13695=CARTESIAN_POINT('',(-0.000999999999999945,0.,0.015));
#13696=CARTESIAN_POINT('',(0.029,-0.06,0.015));
#13697=CARTESIAN_POINT('',(0.033,-0.06,0.015));
#13698=CARTESIAN_POINT('',(0.029,-0.06,0.011));
#13699=CARTESIAN_POINT('',(0.032708099243548,-0.0585,0.014));
#13700=CARTESIAN_POINT('',(0.0344485466913033,-0.0585,0.0130319372203315));
#13701=CARTESIAN_POINT('',(0.0361602168384073,-0.0585,0.0120139585919689));
#13702=CARTESIAN_POINT('',(0.0378741196746495,-0.0585,0.011));
#13703=CARTESIAN_POINT('',(0.032708099243548,-0.0585,0.014));
#13704=CARTESIAN_POINT('',(0.029,-0.06,0.014));
#13705=CARTESIAN_POINT('',(0.0327080992435479,-0.0615,0.014));
#13706=CARTESIAN_POINT('',(0.0378741196746495,-0.0615,0.011));
#13707=CARTESIAN_POINT('',(0.0361602183483106,-0.0615,0.0120139576986981));
#13708=CARTESIAN_POINT('',(0.0344486267173875,-0.0615,0.0130318927086321));
#13709=CARTESIAN_POINT('',(0.0327080992435479,-0.0615,0.014));
#13710=CARTESIAN_POINT('',(0.029,-0.06,0.011));
#13711=CARTESIAN_POINT('',(0.0304999999999997,-0.063708099243548,0.014));
#13712=CARTESIAN_POINT('',(0.0304999999999997,-0.0654485466913033,0.0130319372203315));
#13713=CARTESIAN_POINT('',(0.0304999999999997,-0.0671602168384074,0.0120139585919689));
#13714=CARTESIAN_POINT('',(0.0304999999999997,-0.0688741196746495,0.011));
#13715=CARTESIAN_POINT('',(0.0304999999999997,-0.063708099243548,0.014));
#13716=CARTESIAN_POINT('',(0.029,-0.06,0.014));
#13717=CARTESIAN_POINT('',(0.0274999999999996,-0.0637080992435477,0.014));
#13718=CARTESIAN_POINT('',(0.0274999999999996,-0.0688741196746494,0.011));
#13719=CARTESIAN_POINT('',(0.0274999999999996,-0.0671602183483105,0.0120139576986981));
#13720=CARTESIAN_POINT('',(0.0274999999999996,-0.0654486267173874,0.0130318927086322));
#13721=CARTESIAN_POINT('',(0.0274999999999996,-0.0637080992435477,0.014));
#13722=CARTESIAN_POINT('',(0.119,-0.03,0.01));
#13723=CARTESIAN_POINT('',(0.119,-0.03,0.015));
#13724=CARTESIAN_POINT('',(0.121,-0.03,0.015));
#13725=CARTESIAN_POINT('',(0.119,0.0681126952174645,0.011));
#13726=CARTESIAN_POINT('',(0.1175,0.0681126952174645,0.011));
#13727=CARTESIAN_POINT('',(0.1175,-0.0388741196746493,0.011));
#13728=CARTESIAN_POINT('',(0.1175,-0.0511258803253507,0.011));
#13729=CARTESIAN_POINT('',(0.119,-0.06,0.011));
#13730=CARTESIAN_POINT('',(0.1205,-0.0511258803253505,0.011));
#13731=CARTESIAN_POINT('',(0.1205,0.0681126952174645,0.011));
#13732=CARTESIAN_POINT('',(0.1205,-0.0388741196746496,0.011));
#13733=CARTESIAN_POINT('',(0.119,-0.03,0.011));
#13734=CARTESIAN_POINT('',(0.119,-0.06,0.011));
#13735=CARTESIAN_POINT('',(0.1175,-0.0562919007564524,0.014));
#13736=CARTESIAN_POINT('',(0.1175,-0.054551453308697,0.0130319372203315));
#13737=CARTESIAN_POINT('',(0.1175,-0.0528397831615929,0.012013958591969));
#13738=CARTESIAN_POINT('',(0.1175,-0.0511258803253507,0.011));
#13739=CARTESIAN_POINT('',(0.1175,-0.0562919007564524,0.014));
#13740=CARTESIAN_POINT('',(0.119,-0.06,0.014));
#13741=CARTESIAN_POINT('',(0.1205,-0.0562919007564519,0.014));
#13742=CARTESIAN_POINT('',(0.1205,-0.0511258803253505,0.011));
#13743=CARTESIAN_POINT('',(0.1205,-0.0528397816516893,0.0120139576986981));
#13744=CARTESIAN_POINT('',(0.1205,-0.0545513732826123,0.0130318927086321));
#13745=CARTESIAN_POINT('',(0.1205,-0.0562919007564519,0.014));
#13746=CARTESIAN_POINT('',(0.089,-0.03,0.01));
#13747=CARTESIAN_POINT('',(0.089,-0.03,0.015));
#13748=CARTESIAN_POINT('',(0.091,-0.03,0.015));
#13749=CARTESIAN_POINT('',(0.089,0.0681126952174645,0.011));
#13750=CARTESIAN_POINT('',(0.0875,0.0681126952174645,0.011));
#13751=CARTESIAN_POINT('',(0.0875,-0.0388741196746493,0.011));
#13752=CARTESIAN_POINT('',(0.0875,-0.0511258803253507,0.011));
#13753=CARTESIAN_POINT('',(0.089,-0.06,0.011));
#13754=CARTESIAN_POINT('',(0.0905,-0.0511258803253505,0.011));
#13755=CARTESIAN_POINT('',(0.0905,0.0681126952174645,0.011));
#13756=CARTESIAN_POINT('',(0.0905,-0.0388741196746495,0.011));
#13757=CARTESIAN_POINT('',(0.089,-0.03,0.011));
#13758=CARTESIAN_POINT('',(0.089,-0.06,0.011));
#13759=CARTESIAN_POINT('',(0.0875,-0.0562919007564524,0.014));
#13760=CARTESIAN_POINT('',(0.0875,-0.054551453308697,0.0130319372203315));
#13761=CARTESIAN_POINT('',(0.0875,-0.0528397831615929,0.012013958591969));
#13762=CARTESIAN_POINT('',(0.0875,-0.0511258803253507,0.011));
#13763=CARTESIAN_POINT('',(0.0875,-0.0562919007564524,0.014));
#13764=CARTESIAN_POINT('',(0.089,-0.06,0.014));
#13765=CARTESIAN_POINT('',(0.0905,-0.056291900756452,0.014));
#13766=CARTESIAN_POINT('',(0.0905,-0.0511258803253505,0.011));
#13767=CARTESIAN_POINT('',(0.0905,-0.0528397816516894,0.0120139576986981));
#13768=CARTESIAN_POINT('',(0.0905,-0.0545513732826124,0.0130318927086321));
#13769=CARTESIAN_POINT('',(0.0905,-0.056291900756452,0.014));
#13770=CARTESIAN_POINT('',(0.149,-0.03,0.01));
#13771=CARTESIAN_POINT('',(0.149,-0.03,0.015));
#13772=CARTESIAN_POINT('',(0.151,-0.03,0.015));
#13773=CARTESIAN_POINT('',(0.149,0.0681126952174645,0.011));
#13774=CARTESIAN_POINT('',(0.1475,0.0681126952174645,0.011));
#13775=CARTESIAN_POINT('',(0.1475,-0.0388741196746493,0.011));
#13776=CARTESIAN_POINT('',(0.1475,-0.0511258803253507,0.011));
#13777=CARTESIAN_POINT('',(0.149,-0.06,0.011));
#13778=CARTESIAN_POINT('',(0.1505,-0.0511258803253505,0.011));
#13779=CARTESIAN_POINT('',(0.1505,0.0681126952174645,0.011));
#13780=CARTESIAN_POINT('',(0.1505,-0.0388741196746495,0.011));
#13781=CARTESIAN_POINT('',(0.149,-0.03,0.011));
#13782=CARTESIAN_POINT('',(0.149,-0.06,0.011));
#13783=CARTESIAN_POINT('',(0.1475,-0.0562919007564524,0.014));
#13784=CARTESIAN_POINT('',(0.1475,-0.054551453308697,0.0130319372203315));
#13785=CARTESIAN_POINT('',(0.1475,-0.0528397831615929,0.012013958591969));
#13786=CARTESIAN_POINT('',(0.1475,-0.0511258803253507,0.011));
#13787=CARTESIAN_POINT('',(0.1475,-0.0562919007564524,0.014));
#13788=CARTESIAN_POINT('',(0.149,-0.06,0.014));
#13789=CARTESIAN_POINT('',(0.1505,-0.0562919007564519,0.014));
#13790=CARTESIAN_POINT('',(0.1505,-0.0511258803253505,0.011));
#13791=CARTESIAN_POINT('',(0.1505,-0.0528397816516893,0.0120139576986981));
#13792=CARTESIAN_POINT('',(0.1505,-0.0545513732826123,0.0130318927086321));
#13793=CARTESIAN_POINT('',(0.1505,-0.0562919007564519,0.014));
#13794=CARTESIAN_POINT('',(0.059,-0.03,0.01));
#13795=CARTESIAN_POINT('',(0.059,-0.03,0.015));
#13796=CARTESIAN_POINT('',(0.061,-0.03,0.015));
#13797=CARTESIAN_POINT('',(0.059,0.0681126952174645,0.011));
#13798=CARTESIAN_POINT('',(0.0575,0.0681126952174645,0.011));
#13799=CARTESIAN_POINT('',(0.0575,-0.0388741196746493,0.011));
#13800=CARTESIAN_POINT('',(0.0575,-0.0511258803253507,0.011));
#13801=CARTESIAN_POINT('',(0.059,-0.06,0.011));
#13802=CARTESIAN_POINT('',(0.0605,-0.0511258803253505,0.011));
#13803=CARTESIAN_POINT('',(0.0605,0.0681126952174645,0.011));
#13804=CARTESIAN_POINT('',(0.0605,-0.0388741196746495,0.011));
#13805=CARTESIAN_POINT('',(0.059,-0.03,0.011));
#13806=CARTESIAN_POINT('',(0.059,-0.06,0.011));
#13807=CARTESIAN_POINT('',(0.0575,-0.0562919007564524,0.014));
#13808=CARTESIAN_POINT('',(0.0575,-0.054551453308697,0.0130319372203315));
#13809=CARTESIAN_POINT('',(0.0575,-0.0528397831615929,0.012013958591969));
#13810=CARTESIAN_POINT('',(0.0575,-0.0511258803253507,0.011));
#13811=CARTESIAN_POINT('',(0.0575,-0.0562919007564524,0.014));
#13812=CARTESIAN_POINT('',(0.059,-0.06,0.014));
#13813=CARTESIAN_POINT('',(0.0605,-0.056291900756452,0.014));
#13814=CARTESIAN_POINT('',(0.0605,-0.0511258803253505,0.011));
#13815=CARTESIAN_POINT('',(0.0605,-0.0528397816516894,0.0120139576986981));
#13816=CARTESIAN_POINT('',(0.0605,-0.0545513732826124,0.0130318927086321));
#13817=CARTESIAN_POINT('',(0.0605,-0.056291900756452,0.014));
#13818=CARTESIAN_POINT('',(0.029,-0.12,0.01));
#13819=CARTESIAN_POINT('',(0.029,-0.12,0.015));
#13820=CARTESIAN_POINT('',(0.031,-0.12,0.015));
#13821=CARTESIAN_POINT('',(0.0289999999999996,0.0681126952174645,0.011));
#13822=CARTESIAN_POINT('',(0.0274999999999996,0.0681126952174645,0.011));
#13823=CARTESIAN_POINT('',(0.0274999999999996,-0.0988741196746494,0.011));
#13824=CARTESIAN_POINT('',(0.0274999999999996,-0.111125880325351,0.011));
#13825=CARTESIAN_POINT('',(0.029,-0.12,0.011));
#13826=CARTESIAN_POINT('',(0.0304999999999997,-0.11112588032535,0.011));
#13827=CARTESIAN_POINT('',(0.0304999999999996,0.0681126952174645,0.011));
#13828=CARTESIAN_POINT('',(0.0304999999999997,-0.0988741196746495,0.011));
#13829=CARTESIAN_POINT('',(0.029,-0.09,0.011));
#13830=CARTESIAN_POINT('',(0.029,-0.09,0.011));
#13831=CARTESIAN_POINT('',(0.0304999999999997,-0.093708099243548,0.014));
#13832=CARTESIAN_POINT('',(0.0304999999999997,-0.0954485466913034,0.0130319372203315));
#13833=CARTESIAN_POINT('',(0.0304999999999997,-0.0971602168384074,0.0120139585919689));
#13834=CARTESIAN_POINT('',(0.0304999999999997,-0.0988741196746495,0.011));
#13835=CARTESIAN_POINT('',(0.0304999999999997,-0.093708099243548,0.014));
#13836=CARTESIAN_POINT('',(0.029,-0.09,0.014));
#13837=CARTESIAN_POINT('',(0.0274999999999996,-0.0937080992435477,0.014));
#13838=CARTESIAN_POINT('',(0.0274999999999996,-0.0988741196746494,0.011));
#13839=CARTESIAN_POINT('',(0.0274999999999996,-0.0971602183483105,0.0120139576986981));
#13840=CARTESIAN_POINT('',(0.0274999999999996,-0.0954486267173874,0.0130318927086321));
#13841=CARTESIAN_POINT('',(0.0274999999999996,-0.0937080992435477,0.014));
#13842=CARTESIAN_POINT('',(0.059,-0.12,0.01));
#13843=CARTESIAN_POINT('',(0.059,-0.12,0.015));
#13844=CARTESIAN_POINT('',(0.061,-0.12,0.015));
#13845=CARTESIAN_POINT('',(0.059,0.0681126952174645,0.011));
#13846=CARTESIAN_POINT('',(0.0575,0.0681126952174645,0.011));
#13847=CARTESIAN_POINT('',(0.0575,-0.0988741196746494,0.011));
#13848=CARTESIAN_POINT('',(0.0575,-0.111125880325351,0.011));
#13849=CARTESIAN_POINT('',(0.059,-0.12,0.011));
#13850=CARTESIAN_POINT('',(0.0605,-0.11112588032535,0.011));
#13851=CARTESIAN_POINT('',(0.0605,0.0681126952174645,0.011));
#13852=CARTESIAN_POINT('',(0.0605,-0.0988741196746495,0.011));
#13853=CARTESIAN_POINT('',(0.059,-0.09,0.011));
#13854=CARTESIAN_POINT('',(0.059,-0.09,0.011));
#13855=CARTESIAN_POINT('',(0.0605,-0.093708099243548,0.014));
#13856=CARTESIAN_POINT('',(0.0605,-0.0954485466913034,0.0130319372203315));
#13857=CARTESIAN_POINT('',(0.0605,-0.0971602168384074,0.0120139585919689));
#13858=CARTESIAN_POINT('',(0.0605,-0.0988741196746495,0.011));
#13859=CARTESIAN_POINT('',(0.0605,-0.093708099243548,0.014));
#13860=CARTESIAN_POINT('',(0.059,-0.09,0.014));
#13861=CARTESIAN_POINT('',(0.0575,-0.0937080992435476,0.014));
#13862=CARTESIAN_POINT('',(0.0575,-0.0988741196746493,0.011));
#13863=CARTESIAN_POINT('',(0.0575,-0.0971602183483104,0.0120139576986981));
#13864=CARTESIAN_POINT('',(0.0575,-0.0954486267173873,0.0130318927086321));
#13865=CARTESIAN_POINT('',(0.0575,-0.0937080992435476,0.014));
#13866=CARTESIAN_POINT('',(0.089,-0.12,0.01));
#13867=CARTESIAN_POINT('',(0.089,-0.12,0.015));
#13868=CARTESIAN_POINT('',(0.091,-0.12,0.015));
#13869=CARTESIAN_POINT('',(0.089,0.0681126952174645,0.011));
#13870=CARTESIAN_POINT('',(0.0875,0.0681126952174645,0.011));
#13871=CARTESIAN_POINT('',(0.0875,-0.0988741196746493,0.011));
#13872=CARTESIAN_POINT('',(0.0875,-0.111125880325351,0.011));
#13873=CARTESIAN_POINT('',(0.089,-0.12,0.011));
#13874=CARTESIAN_POINT('',(0.0905,-0.11112588032535,0.011));
#13875=CARTESIAN_POINT('',(0.0905,0.0681126952174645,0.011));
#13876=CARTESIAN_POINT('',(0.0905,-0.0988741196746495,0.011));
#13877=CARTESIAN_POINT('',(0.089,-0.09,0.011));
#13878=CARTESIAN_POINT('',(0.089,-0.09,0.011));
#13879=CARTESIAN_POINT('',(0.0905,-0.093708099243548,0.014));
#13880=CARTESIAN_POINT('',(0.0905,-0.0954485466913034,0.0130319372203315));
#13881=CARTESIAN_POINT('',(0.0905,-0.0971602168384074,0.0120139585919689));
#13882=CARTESIAN_POINT('',(0.0905,-0.0988741196746495,0.011));
#13883=CARTESIAN_POINT('',(0.0905,-0.093708099243548,0.014));
#13884=CARTESIAN_POINT('',(0.089,-0.09,0.014));
#13885=CARTESIAN_POINT('',(0.0875,-0.0937080992435476,0.014));
#13886=CARTESIAN_POINT('',(0.0875,-0.0988741196746493,0.011));
#13887=CARTESIAN_POINT('',(0.0875,-0.0971602183483104,0.0120139576986981));
#13888=CARTESIAN_POINT('',(0.0875,-0.0954486267173873,0.0130318927086321));
#13889=CARTESIAN_POINT('',(0.0875,-0.0937080992435476,0.014));
#13890=CARTESIAN_POINT('',(0.119,-0.12,0.01));
#13891=CARTESIAN_POINT('',(0.119,-0.12,0.015));
#13892=CARTESIAN_POINT('',(0.121,-0.12,0.015));
#13893=CARTESIAN_POINT('',(0.119,0.0681126952174645,0.011));
#13894=CARTESIAN_POINT('',(0.1175,0.0681126952174645,0.011));
#13895=CARTESIAN_POINT('',(0.1175,-0.0988741196746493,0.011));
#13896=CARTESIAN_POINT('',(0.1175,-0.111125880325351,0.011));
#13897=CARTESIAN_POINT('',(0.119,-0.12,0.011));
#13898=CARTESIAN_POINT('',(0.1205,-0.11112588032535,0.011));
#13899=CARTESIAN_POINT('',(0.1205,0.0681126952174645,0.011));
#13900=CARTESIAN_POINT('',(0.1205,-0.0988741196746495,0.011));
#13901=CARTESIAN_POINT('',(0.119,-0.09,0.011));
#13902=CARTESIAN_POINT('',(0.119,-0.09,0.011));
#13903=CARTESIAN_POINT('',(0.1205,-0.0937080992435481,0.014));
#13904=CARTESIAN_POINT('',(0.1205,-0.0954485466913034,0.0130319372203316));
#13905=CARTESIAN_POINT('',(0.1205,-0.0971602168384074,0.0120139585919689));
#13906=CARTESIAN_POINT('',(0.1205,-0.0988741196746495,0.011));
#13907=CARTESIAN_POINT('',(0.1205,-0.0937080992435481,0.014));
#13908=CARTESIAN_POINT('',(0.119,-0.09,0.014));
#13909=CARTESIAN_POINT('',(0.1175,-0.0937080992435476,0.014));
#13910=CARTESIAN_POINT('',(0.1175,-0.0988741196746493,0.011));
#13911=CARTESIAN_POINT('',(0.1175,-0.0971602183483104,0.0120139576986981));
#13912=CARTESIAN_POINT('',(0.1175,-0.0954486267173873,0.0130318927086321));
#13913=CARTESIAN_POINT('',(0.1175,-0.0937080992435476,0.014));
#13914=CARTESIAN_POINT('',(0.149,-0.12,0.01));
#13915=CARTESIAN_POINT('',(0.149,-0.12,0.015));
#13916=CARTESIAN_POINT('',(0.151,-0.12,0.015));
#13917=CARTESIAN_POINT('',(0.149,0.0681126952174645,0.011));
#13918=CARTESIAN_POINT('',(0.1475,0.0681126952174645,0.011));
#13919=CARTESIAN_POINT('',(0.1475,-0.0988741196746493,0.011));
#13920=CARTESIAN_POINT('',(0.1475,-0.111125880325351,0.011));
#13921=CARTESIAN_POINT('',(0.149,-0.12,0.011));
#13922=CARTESIAN_POINT('',(0.1505,-0.11112588032535,0.011));
#13923=CARTESIAN_POINT('',(0.1505,0.0681126952174645,0.011));
#13924=CARTESIAN_POINT('',(0.1505,-0.0988741196746495,0.011));
#13925=CARTESIAN_POINT('',(0.149,-0.09,0.011));
#13926=CARTESIAN_POINT('',(0.149,-0.09,0.011));
#13927=CARTESIAN_POINT('',(0.1505,-0.0937080992435481,0.014));
#13928=CARTESIAN_POINT('',(0.1505,-0.0954485466913034,0.0130319372203316));
#13929=CARTESIAN_POINT('',(0.1505,-0.0971602168384074,0.0120139585919689));
#13930=CARTESIAN_POINT('',(0.1505,-0.0988741196746495,0.011));
#13931=CARTESIAN_POINT('',(0.1505,-0.0937080992435481,0.014));
#13932=CARTESIAN_POINT('',(0.149,-0.09,0.014));
#13933=CARTESIAN_POINT('',(0.1475,-0.0937080992435476,0.014));
#13934=CARTESIAN_POINT('',(0.1475,-0.0988741196746493,0.011));
#13935=CARTESIAN_POINT('',(0.1475,-0.0971602183483104,0.0120139576986981));
#13936=CARTESIAN_POINT('',(0.1475,-0.0954486267173873,0.0130318927086321));
#13937=CARTESIAN_POINT('',(0.1475,-0.0937080992435476,0.014));
#13938=CARTESIAN_POINT('',(0.179,-0.12,0.01));
#13939=CARTESIAN_POINT('',(0.179,-0.12,0.015));
#13940=CARTESIAN_POINT('',(0.181,-0.12,0.015));
#13941=CARTESIAN_POINT('',(0.179,-0.09,0.01));
#13942=CARTESIAN_POINT('',(0.179,-0.09,0.015));
#13943=CARTESIAN_POINT('',(0.181,-0.09,0.015));
#13944=CARTESIAN_POINT('',(-0.0255,-0.09,0.011));
#13945=CARTESIAN_POINT('',(-0.0255,-0.0915,0.011));
#13946=CARTESIAN_POINT('',(0.15787411967465,-0.0915,0.011));
#13947=CARTESIAN_POINT('',(0.170125880325351,-0.0915,0.011));
#13948=CARTESIAN_POINT('',(0.179,-0.09,0.011));
#13949=CARTESIAN_POINT('',(0.170125880325351,-0.0885,0.011));
#13950=CARTESIAN_POINT('',(-0.0255,-0.0885,0.011));
#13951=CARTESIAN_POINT('',(0.15787411967465,-0.0885,0.011));
#13952=CARTESIAN_POINT('',(0.149,-0.09,0.011));
#13953=CARTESIAN_POINT('',(0.149,-0.09,0.011));
#13954=CARTESIAN_POINT('',(0.152708099243548,-0.0885,0.014));
#13955=CARTESIAN_POINT('',(0.154448546691303,-0.0885,0.0130319372203315));
#13956=CARTESIAN_POINT('',(0.156160216838407,-0.0885,0.0120139585919689));
#13957=CARTESIAN_POINT('',(0.15787411967465,-0.0885,0.011));
#13958=CARTESIAN_POINT('',(0.152708099243548,-0.0885,0.014));
#13959=CARTESIAN_POINT('',(0.149,-0.09,0.014));
#13960=CARTESIAN_POINT('',(0.152708099243548,-0.0915,0.014));
#13961=CARTESIAN_POINT('',(0.15787411967465,-0.0915,0.011));
#13962=CARTESIAN_POINT('',(0.156160218348311,-0.0915,0.0120139576986981));
#13963=CARTESIAN_POINT('',(0.154448626717388,-0.0915,0.0130318927086321));
#13964=CARTESIAN_POINT('',(0.152708099243548,-0.0915,0.014));
#13965=CARTESIAN_POINT('',(0.179,-0.06,0.01));
#13966=CARTESIAN_POINT('',(0.179,-0.06,0.015));
#13967=CARTESIAN_POINT('',(0.181,-0.06,0.015));
#13968=CARTESIAN_POINT('',(-0.0255,-0.06,0.011));
#13969=CARTESIAN_POINT('',(-0.0255,-0.0615,0.011));
#13970=CARTESIAN_POINT('',(0.15787411967465,-0.0615,0.011));
#13971=CARTESIAN_POINT('',(0.170125880325351,-0.0615,0.011));
#13972=CARTESIAN_POINT('',(0.179,-0.06,0.011));
#13973=CARTESIAN_POINT('',(0.170125880325351,-0.0585,0.011));
#13974=CARTESIAN_POINT('',(-0.0255,-0.0585,0.011));
#13975=CARTESIAN_POINT('',(0.15787411967465,-0.0585,0.011));
#13976=CARTESIAN_POINT('',(0.149,-0.06,0.011));
#13977=CARTESIAN_POINT('',(0.149,-0.06,0.011));
#13978=CARTESIAN_POINT('',(0.152708099243548,-0.0585,0.014));
#13979=CARTESIAN_POINT('',(0.154448546691303,-0.0585,0.0130319372203315));
#13980=CARTESIAN_POINT('',(0.156160216838407,-0.0585,0.0120139585919689));
#13981=CARTESIAN_POINT('',(0.15787411967465,-0.0585,0.011));
#13982=CARTESIAN_POINT('',(0.152708099243548,-0.0585,0.014));
#13983=CARTESIAN_POINT('',(0.149,-0.06,0.014));
#13984=CARTESIAN_POINT('',(0.152708099243548,-0.0615,0.014));
#13985=CARTESIAN_POINT('',(0.15787411967465,-0.0615,0.011));
#13986=CARTESIAN_POINT('',(0.156160218348311,-0.0615,0.0120139576986981));
#13987=CARTESIAN_POINT('',(0.154448626717388,-0.0615,0.0130318927086321));
#13988=CARTESIAN_POINT('',(0.152708099243548,-0.0615,0.014));
#13989=CARTESIAN_POINT('',(0.179,-0.03,0.01));
#13990=CARTESIAN_POINT('',(0.179,-0.03,0.015));
#13991=CARTESIAN_POINT('',(0.181,-0.03,0.015));
#13992=CARTESIAN_POINT('',(-0.0255,-0.0885,0.011));
#13993=CARTESIAN_POINT('',(-0.0255,-0.0885,0.008));
#13994=CARTESIAN_POINT('',(0.032708099243548,-0.0885,0.008));
#13995=CARTESIAN_POINT('',(0.0552919007564521,-0.0885,0.008));
#13996=CARTESIAN_POINT('',(0.032708099243548,-0.0885,0.015));
#13997=CARTESIAN_POINT('',(0.0552919007564521,-0.0885,0.015));
#13998=CARTESIAN_POINT('',(0.0304999999999996,0.0681126952174645,0.011));
#13999=CARTESIAN_POINT('',(0.0304999999999996,0.0681126952174645,0.008));
#14000=CARTESIAN_POINT('',(0.0304999999999997,-0.063708099243548,0.008));
#14001=CARTESIAN_POINT('',(0.0304999999999997,-0.086291900756452,0.008));
#14002=CARTESIAN_POINT('',(0.0304999999999997,-0.063708099243548,0.015));
#14003=CARTESIAN_POINT('',(0.0304999999999997,-0.086291900756452,0.015));
#14004=CARTESIAN_POINT('',(-0.0255,-0.0615,0.011));
#14005=CARTESIAN_POINT('',(0.0327080992435479,-0.0615,0.015));
#14006=CARTESIAN_POINT('',(0.0327080992435479,-0.0615,0.008));
#14007=CARTESIAN_POINT('',(-0.0255,-0.0615,0.008));
#14008=CARTESIAN_POINT('',(0.0552919007564523,-0.0615,0.008));
#14009=CARTESIAN_POINT('',(0.0552919007564523,-0.0615,0.015));
#14010=CARTESIAN_POINT('',(0.0575,0.0681126952174645,0.011));
#14011=CARTESIAN_POINT('',(0.0575,-0.0862919007564524,0.015));
#14012=CARTESIAN_POINT('',(0.0575,-0.0862919007564524,0.008));
#14013=CARTESIAN_POINT('',(0.0575,-0.0637080992435476,0.015));
#14014=CARTESIAN_POINT('',(0.0575,-0.0637080992435476,0.008));
#14015=CARTESIAN_POINT('',(0.0575,0.0681126952174645,0.008));
#14016=CARTESIAN_POINT('',(-0.0255,-0.0585,0.011));
#14017=CARTESIAN_POINT('',(-0.0255,-0.0585,0.008));
#14018=CARTESIAN_POINT('',(0.122708099243548,-0.0585,0.008));
#14019=CARTESIAN_POINT('',(0.145291900756452,-0.0585,0.008));
#14020=CARTESIAN_POINT('',(0.122708099243548,-0.0585,0.015));
#14021=CARTESIAN_POINT('',(0.145291900756452,-0.0585,0.015));
#14022=CARTESIAN_POINT('',(-0.0255,-0.0915,0.011));
#14023=CARTESIAN_POINT('',(0.122708099243548,-0.0915,0.015));
#14024=CARTESIAN_POINT('',(0.122708099243548,-0.0915,0.008));
#14025=CARTESIAN_POINT('',(-0.0255,-0.0915,0.008));
#14026=CARTESIAN_POINT('',(0.145291900756452,-0.0915,0.008));
#14027=CARTESIAN_POINT('',(0.145291900756452,-0.0915,0.015));
#14028=CARTESIAN_POINT('',(-0.0255,-0.0885,0.011));
#14029=CARTESIAN_POINT('',(-0.0255,-0.0885,0.008));
#14030=CARTESIAN_POINT('',(0.062708099243548,-0.0885,0.008));
#14031=CARTESIAN_POINT('',(0.0852919007564521,-0.0885,0.008));
#14032=CARTESIAN_POINT('',(0.062708099243548,-0.0885,0.015));
#14033=CARTESIAN_POINT('',(0.0852919007564521,-0.0885,0.015));
#14034=CARTESIAN_POINT('',(0.0605,0.0681126952174645,0.011));
#14035=CARTESIAN_POINT('',(0.0605,-0.063708099243548,0.015));
#14036=CARTESIAN_POINT('',(0.0605,-0.063708099243548,0.008));
#14037=CARTESIAN_POINT('',(0.0605,-0.086291900756452,0.015));
#14038=CARTESIAN_POINT('',(0.0605,-0.086291900756452,0.008));
#14039=CARTESIAN_POINT('',(0.0605,0.0681126952174645,0.008));
#14040=CARTESIAN_POINT('',(-0.0255,-0.0615,0.011));
#14041=CARTESIAN_POINT('',(0.0627080992435478,-0.0615,0.015));
#14042=CARTESIAN_POINT('',(0.0627080992435478,-0.0615,0.008));
#14043=CARTESIAN_POINT('',(-0.0255,-0.0615,0.008));
#14044=CARTESIAN_POINT('',(0.0852919007564523,-0.0615,0.008));
#14045=CARTESIAN_POINT('',(0.0852919007564523,-0.0615,0.015));
#14046=CARTESIAN_POINT('',(0.0875,0.0681126952174645,0.011));
#14047=CARTESIAN_POINT('',(0.0875,-0.0862919007564524,0.015));
#14048=CARTESIAN_POINT('',(0.0875,-0.0862919007564524,0.008));
#14049=CARTESIAN_POINT('',(0.0875,-0.0637080992435476,0.015));
#14050=CARTESIAN_POINT('',(0.0875,-0.0637080992435476,0.008));
#14051=CARTESIAN_POINT('',(0.0875,0.0681126952174645,0.008));
#14052=CARTESIAN_POINT('',(-0.0255,-0.0885,0.011));
#14053=CARTESIAN_POINT('',(0.092708099243548,-0.0885,0.015));
#14054=CARTESIAN_POINT('',(0.092708099243548,-0.0885,0.008));
#14055=CARTESIAN_POINT('',(0.115291900756452,-0.0885,0.015));
#14056=CARTESIAN_POINT('',(0.115291900756452,-0.0885,0.008));
#14057=CARTESIAN_POINT('',(-0.0255,-0.0885,0.008));
#14058=CARTESIAN_POINT('',(0.0905,0.0681126952174645,0.011));
#14059=CARTESIAN_POINT('',(0.0905,-0.0637080992435481,0.015));
#14060=CARTESIAN_POINT('',(0.0905,-0.0637080992435481,0.008));
#14061=CARTESIAN_POINT('',(0.0905,-0.086291900756452,0.015));
#14062=CARTESIAN_POINT('',(0.0905,-0.086291900756452,0.008));
#14063=CARTESIAN_POINT('',(0.0905,0.0681126952174645,0.008));
#14064=CARTESIAN_POINT('',(-0.0255,-0.0615,0.011));
#14065=CARTESIAN_POINT('',(0.115291900756452,-0.0615,0.015));
#14066=CARTESIAN_POINT('',(0.115291900756452,-0.0615,0.008));
#14067=CARTESIAN_POINT('',(0.0927080992435478,-0.0615,0.015));
#14068=CARTESIAN_POINT('',(0.0927080992435478,-0.0615,0.008));
#14069=CARTESIAN_POINT('',(-0.0255,-0.0615,0.008));
#14070=CARTESIAN_POINT('',(0.1175,0.0681126952174645,0.011));
#14071=CARTESIAN_POINT('',(0.1175,-0.0862919007564524,0.015));
#14072=CARTESIAN_POINT('',(0.1175,-0.0862919007564524,0.008));
#14073=CARTESIAN_POINT('',(0.1175,-0.0637080992435476,0.015));
#14074=CARTESIAN_POINT('',(0.1175,-0.0637080992435476,0.008));
#14075=CARTESIAN_POINT('',(0.1175,0.0681126952174645,0.008));
#14076=CARTESIAN_POINT('',(-0.0255,-0.0915,0.011));
#14077=CARTESIAN_POINT('',(0.115291900756452,-0.0915,0.015));
#14078=CARTESIAN_POINT('',(0.115291900756452,-0.0915,0.008));
#14079=CARTESIAN_POINT('',(0.0927080992435478,-0.0915,0.015));
#14080=CARTESIAN_POINT('',(0.0927080992435478,-0.0915,0.008));
#14081=CARTESIAN_POINT('',(-0.0255,-0.0915,0.008));
#14082=CARTESIAN_POINT('',(-0.0255,-0.0585,0.011));
#14083=CARTESIAN_POINT('',(0.0927080992435479,-0.0585,0.015));
#14084=CARTESIAN_POINT('',(0.0927080992435479,-0.0585,0.008));
#14085=CARTESIAN_POINT('',(0.115291900756452,-0.0585,0.015));
#14086=CARTESIAN_POINT('',(0.115291900756452,-0.0585,0.008));
#14087=CARTESIAN_POINT('',(-0.0255,-0.0585,0.008));
#14088=CARTESIAN_POINT('',(-0.0255,-0.0915,0.011));
#14089=CARTESIAN_POINT('',(0.0627080992435478,-0.0915,0.015));
#14090=CARTESIAN_POINT('',(0.0627080992435478,-0.0915,0.008));
#14091=CARTESIAN_POINT('',(-0.0255,-0.0915,0.008));
#14092=CARTESIAN_POINT('',(0.0852919007564523,-0.0915,0.008));
#14093=CARTESIAN_POINT('',(0.0852919007564523,-0.0915,0.015));
#14094=CARTESIAN_POINT('',(0.089,-0.09,0.015));
#14095=CARTESIAN_POINT('',(0.089,-0.09,0.008));
#14096=CARTESIAN_POINT('',(0.089,-0.09,0.008));
#14097=CARTESIAN_POINT('',(0.0875,-0.0937080992435476,0.008));
#14098=CARTESIAN_POINT('',(0.0875,-0.0937080992435476,0.015));
#14099=CARTESIAN_POINT('',(0.0905,-0.093708099243548,0.015));
#14100=CARTESIAN_POINT('',(0.0905,-0.093708099243548,0.008));
#14101=CARTESIAN_POINT('',(0.089,-0.09,0.008));
#14102=CARTESIAN_POINT('',(0.089,-0.09,0.008));
#14103=CARTESIAN_POINT('',(0.089,-0.06,0.015));
#14104=CARTESIAN_POINT('',(0.0905,-0.056291900756452,0.015));
#14105=CARTESIAN_POINT('',(0.0905,-0.056291900756452,0.008));
#14106=CARTESIAN_POINT('',(0.0875,-0.0562919007564524,0.015));
#14107=CARTESIAN_POINT('',(0.0875,-0.0562919007564524,0.008));
#14108=CARTESIAN_POINT('',(0.089,-0.06,0.008));
#14109=CARTESIAN_POINT('',(0.0852919007564522,-0.0585,0.008));
#14110=CARTESIAN_POINT('',(0.0852919007564522,-0.0585,0.015));
#14111=CARTESIAN_POINT('',(0.089,-0.06,0.008));
#14112=CARTESIAN_POINT('',(0.089,-0.06,0.008));
#14113=CARTESIAN_POINT('',(0.089,-0.06,0.008));
#14114=CARTESIAN_POINT('',(-0.0255,-0.0585,0.011));
#14115=CARTESIAN_POINT('',(-0.0255,-0.0585,0.008));
#14116=CARTESIAN_POINT('',(0.062708099243548,-0.0585,0.008));
#14117=CARTESIAN_POINT('',(0.062708099243548,-0.0585,0.015));
#14118=CARTESIAN_POINT('',(0.1505,0.0681126952174645,0.011));
#14119=CARTESIAN_POINT('',(0.1505,-0.0637080992435481,0.015));
#14120=CARTESIAN_POINT('',(0.1505,-0.0637080992435481,0.008));
#14121=CARTESIAN_POINT('',(0.1505,-0.0862919007564519,0.015));
#14122=CARTESIAN_POINT('',(0.1505,-0.0862919007564519,0.008));
#14123=CARTESIAN_POINT('',(0.1505,0.0681126952174645,0.008));
#14124=CARTESIAN_POINT('',(0.149,-0.09,0.015));
#14125=CARTESIAN_POINT('',(0.1475,-0.0862919007564524,0.015));
#14126=CARTESIAN_POINT('',(0.1475,-0.0862919007564524,0.008));
#14127=CARTESIAN_POINT('',(0.149,-0.09,0.008));
#14128=CARTESIAN_POINT('',(0.145291900756452,-0.0885,0.008));
#14129=CARTESIAN_POINT('',(0.145291900756452,-0.0885,0.015));
#14130=CARTESIAN_POINT('',(0.149,-0.09,0.008));
#14131=CARTESIAN_POINT('',(0.1475,-0.0937080992435476,0.008));
#14132=CARTESIAN_POINT('',(0.1475,-0.0937080992435476,0.015));
#14133=CARTESIAN_POINT('',(0.1505,-0.0937080992435481,0.015));
#14134=CARTESIAN_POINT('',(0.1505,-0.0937080992435481,0.008));
#14135=CARTESIAN_POINT('',(0.149,-0.09,0.008));
#14136=CARTESIAN_POINT('',(0.152708099243548,-0.0915,0.008));
#14137=CARTESIAN_POINT('',(0.152708099243548,-0.0915,0.015));
#14138=CARTESIAN_POINT('',(0.152708099243548,-0.0885,0.015));
#14139=CARTESIAN_POINT('',(0.152708099243548,-0.0885,0.008));
#14140=CARTESIAN_POINT('',(0.149,-0.09,0.008));
#14141=CARTESIAN_POINT('',(-0.0255,-0.0885,0.011));
#14142=CARTESIAN_POINT('',(-0.0255,-0.0885,0.008));
#14143=CARTESIAN_POINT('',(0.122708099243548,-0.0885,0.008));
#14144=CARTESIAN_POINT('',(0.122708099243548,-0.0885,0.015));
#14145=CARTESIAN_POINT('',(0.119,-0.09,0.015));
#14146=CARTESIAN_POINT('',(0.1205,-0.0862919007564519,0.015));
#14147=CARTESIAN_POINT('',(0.1205,-0.0862919007564519,0.008));
#14148=CARTESIAN_POINT('',(0.119,-0.09,0.008));
#14149=CARTESIAN_POINT('',(0.119,-0.09,0.008));
#14150=CARTESIAN_POINT('',(0.1175,-0.0937080992435476,0.008));
#14151=CARTESIAN_POINT('',(0.1175,-0.0937080992435476,0.015));
#14152=CARTESIAN_POINT('',(0.1205,-0.0937080992435481,0.015));
#14153=CARTESIAN_POINT('',(0.1205,-0.0937080992435481,0.008));
#14154=CARTESIAN_POINT('',(0.119,-0.09,0.008));
#14155=CARTESIAN_POINT('',(0.119,-0.09,0.008));
#14156=CARTESIAN_POINT('',(0.1205,0.0681126952174645,0.011));
#14157=CARTESIAN_POINT('',(0.1205,-0.0637080992435481,0.015));
#14158=CARTESIAN_POINT('',(0.1205,-0.0637080992435481,0.008));
#14159=CARTESIAN_POINT('',(0.1205,0.0681126952174645,0.008));
#14160=CARTESIAN_POINT('',(0.119,-0.06,0.015));
#14161=CARTESIAN_POINT('',(0.1205,-0.0562919007564519,0.015));
#14162=CARTESIAN_POINT('',(0.1205,-0.0562919007564519,0.008));
#14163=CARTESIAN_POINT('',(0.1175,-0.0562919007564524,0.015));
#14164=CARTESIAN_POINT('',(0.1175,-0.0562919007564524,0.008));
#14165=CARTESIAN_POINT('',(0.119,-0.06,0.008));
#14166=CARTESIAN_POINT('',(0.119,-0.06,0.008));
#14167=CARTESIAN_POINT('',(0.119,-0.06,0.008));
#14168=CARTESIAN_POINT('',(0.122708099243548,-0.0615,0.008));
#14169=CARTESIAN_POINT('',(0.122708099243548,-0.0615,0.015));
#14170=CARTESIAN_POINT('',(0.119,-0.06,0.008));
#14171=CARTESIAN_POINT('',(-0.0255,-0.0615,0.011));
#14172=CARTESIAN_POINT('',(-0.0255,-0.0615,0.008));
#14173=CARTESIAN_POINT('',(0.145291900756452,-0.0615,0.008));
#14174=CARTESIAN_POINT('',(0.145291900756452,-0.0615,0.015));
#14175=CARTESIAN_POINT('',(0.149,-0.06,0.015));
#14176=CARTESIAN_POINT('',(0.1505,-0.0562919007564519,0.015));
#14177=CARTESIAN_POINT('',(0.1505,-0.0562919007564519,0.008));
#14178=CARTESIAN_POINT('',(0.1475,-0.0562919007564524,0.015));
#14179=CARTESIAN_POINT('',(0.1475,-0.0562919007564524,0.008));
#14180=CARTESIAN_POINT('',(0.149,-0.06,0.008));
#14181=CARTESIAN_POINT('',(0.149,-0.06,0.008));
#14182=CARTESIAN_POINT('',(0.1475,-0.0637080992435476,0.008));
#14183=CARTESIAN_POINT('',(0.1475,-0.0637080992435476,0.015));
#14184=CARTESIAN_POINT('',(0.149,-0.06,0.008));
#14185=CARTESIAN_POINT('',(0.152708099243548,-0.0615,0.008));
#14186=CARTESIAN_POINT('',(0.152708099243548,-0.0615,0.015));
#14187=CARTESIAN_POINT('',(0.152708099243548,-0.0585,0.015));
#14188=CARTESIAN_POINT('',(0.152708099243548,-0.0585,0.008));
#14189=CARTESIAN_POINT('',(0.149,-0.06,0.008));
#14190=CARTESIAN_POINT('',(0.1475,0.0681126952174645,0.011));
#14191=CARTESIAN_POINT('',(0.1475,0.0681126952174645,0.008));
#14192=CARTESIAN_POINT('',(-0.0255,-0.0915,0.011));
#14193=CARTESIAN_POINT('',(0.0327080992435478,-0.0915,0.015));
#14194=CARTESIAN_POINT('',(0.0327080992435478,-0.0915,0.008));
#14195=CARTESIAN_POINT('',(-0.0255,-0.0915,0.008));
#14196=CARTESIAN_POINT('',(0.0552919007564523,-0.0915,0.008));
#14197=CARTESIAN_POINT('',(0.0552919007564523,-0.0915,0.015));
#14198=CARTESIAN_POINT('',(0.059,-0.09,0.015));
#14199=CARTESIAN_POINT('',(0.059,-0.09,0.008));
#14200=CARTESIAN_POINT('',(0.059,-0.09,0.008));
#14201=CARTESIAN_POINT('',(0.0575,-0.0937080992435476,0.008));
#14202=CARTESIAN_POINT('',(0.0575,-0.0937080992435476,0.015));
#14203=CARTESIAN_POINT('',(0.0605,-0.093708099243548,0.015));
#14204=CARTESIAN_POINT('',(0.0605,-0.093708099243548,0.008));
#14205=CARTESIAN_POINT('',(0.059,-0.09,0.008));
#14206=CARTESIAN_POINT('',(0.059,-0.09,0.008));
#14207=CARTESIAN_POINT('',(0.029,-0.06,0.011));
#14208=CARTESIAN_POINT('',(0.0252919007564523,-0.0615,0.014));
#14209=CARTESIAN_POINT('',(0.0235514533086969,-0.0615,0.0130319372203315));
#14210=CARTESIAN_POINT('',(0.0218397831615928,-0.0615,0.0120139585919689));
#14211=CARTESIAN_POINT('',(0.0201258803253507,-0.0615,0.011));
#14212=CARTESIAN_POINT('',(0.0252919007564523,-0.0615,0.014));
#14213=CARTESIAN_POINT('',(0.0201258803253507,-0.0615,0.011));
#14214=CARTESIAN_POINT('',(0.029,-0.06,0.014));
#14215=CARTESIAN_POINT('',(0.0252919007564522,-0.0585,0.014));
#14216=CARTESIAN_POINT('',(0.0201258803253506,-0.0585,0.011));
#14217=CARTESIAN_POINT('',(0.0218397816516895,-0.0585,0.0120139576986981));
#14218=CARTESIAN_POINT('',(0.0235513732826125,-0.0585,0.0130318927086321));
#14219=CARTESIAN_POINT('',(0.0252919007564522,-0.0585,0.014));
#14220=CARTESIAN_POINT('',(0.0201258803253506,-0.0585,0.011));
#14221=CARTESIAN_POINT('',(0.029,-0.06,0.011));
#14222=CARTESIAN_POINT('',(0.0274999999999996,0.0681126952174645,0.011));
#14223=CARTESIAN_POINT('',(0.0274999999999996,-0.0637080992435477,0.015));
#14224=CARTESIAN_POINT('',(0.0274999999999996,-0.0637080992435477,0.008));
#14225=CARTESIAN_POINT('',(0.0274999999999996,0.0681126952174645,0.008));
#14226=CARTESIAN_POINT('',(0.0274999999999996,-0.0862919007564523,0.008));
#14227=CARTESIAN_POINT('',(0.0274999999999996,-0.0862919007564523,0.015));
#14228=CARTESIAN_POINT('',(0.029,-0.09,0.011));
#14229=CARTESIAN_POINT('',(0.0252919007564523,-0.0915,0.014));
#14230=CARTESIAN_POINT('',(0.0235514533086969,-0.0915,0.0130319372203315));
#14231=CARTESIAN_POINT('',(0.0218397831615928,-0.0915,0.0120139585919689));
#14232=CARTESIAN_POINT('',(0.0201258803253507,-0.0915,0.011));
#14233=CARTESIAN_POINT('',(0.0252919007564523,-0.0915,0.014));
#14234=CARTESIAN_POINT('',(0.0201258803253507,-0.0915,0.011));
#14235=CARTESIAN_POINT('',(0.029,-0.09,0.014));
#14236=CARTESIAN_POINT('',(0.0252919007564522,-0.0885,0.014));
#14237=CARTESIAN_POINT('',(0.0201258803253506,-0.0885,0.011));
#14238=CARTESIAN_POINT('',(0.0218397816516895,-0.0885,0.0120139576986981));
#14239=CARTESIAN_POINT('',(0.0235513732826125,-0.0885,0.0130318927086321));
#14240=CARTESIAN_POINT('',(0.0252919007564522,-0.0885,0.014));
#14241=CARTESIAN_POINT('',(0.0201258803253506,-0.0885,0.011));
#14242=CARTESIAN_POINT('',(0.029,-0.09,0.011));
#14243=CARTESIAN_POINT('',(0.029,-0.09,0.015));
#14244=CARTESIAN_POINT('',(0.029,-0.09,0.008));
#14245=CARTESIAN_POINT('',(0.0252919007564522,-0.0885,0.008));
#14246=CARTESIAN_POINT('',(0.0252919007564522,-0.0885,0.015));
#14247=CARTESIAN_POINT('',(0.0252919007564523,-0.0915,0.015));
#14248=CARTESIAN_POINT('',(0.0252919007564523,-0.0915,0.008));
#14249=CARTESIAN_POINT('',(0.029,-0.09,0.008));
#14250=CARTESIAN_POINT('',(0.0274999999999996,-0.0937080992435477,0.008));
#14251=CARTESIAN_POINT('',(0.0274999999999996,-0.0937080992435477,0.015));
#14252=CARTESIAN_POINT('',(0.0304999999999997,-0.093708099243548,0.015));
#14253=CARTESIAN_POINT('',(0.0304999999999997,-0.093708099243548,0.008));
#14254=CARTESIAN_POINT('',(0.029,-0.09,0.008));
#14255=CARTESIAN_POINT('',(0.029,-0.09,0.008));
#14256=CARTESIAN_POINT('',(0.029,-0.03,0.01));
#14257=CARTESIAN_POINT('',(0.029,-0.03,0.015));
#14258=CARTESIAN_POINT('',(0.031,-0.03,0.015));
#14259=CARTESIAN_POINT('',(0.059,-0.06,0.015));
#14260=CARTESIAN_POINT('',(0.0605,-0.056291900756452,0.015));
#14261=CARTESIAN_POINT('',(0.0605,-0.056291900756452,0.008));
#14262=CARTESIAN_POINT('',(0.0575,-0.0562919007564524,0.015));
#14263=CARTESIAN_POINT('',(0.0575,-0.0562919007564524,0.008));
#14264=CARTESIAN_POINT('',(0.059,-0.06,0.008));
#14265=CARTESIAN_POINT('',(0.0552919007564522,-0.0585,0.008));
#14266=CARTESIAN_POINT('',(0.0552919007564522,-0.0585,0.015));
#14267=CARTESIAN_POINT('',(0.059,-0.06,0.008));
#14268=CARTESIAN_POINT('',(0.059,-0.06,0.008));
#14269=CARTESIAN_POINT('',(0.059,-0.06,0.008));
#14270=CARTESIAN_POINT('',(-0.0255,-0.0585,0.011));
#14271=CARTESIAN_POINT('',(-0.0255,-0.0585,0.008));
#14272=CARTESIAN_POINT('',(0.032708099243548,-0.0585,0.008));
#14273=CARTESIAN_POINT('',(0.032708099243548,-0.0585,0.015));
#14274=CARTESIAN_POINT('',(0.0289999999999996,0.0681126952174645,0.011));
#14275=CARTESIAN_POINT('',(0.0274999999999996,0.0681126952174645,0.011));
#14276=CARTESIAN_POINT('',(0.0274999999999996,-0.0388741196746493,0.011));
#14277=CARTESIAN_POINT('',(0.0274999999999996,-0.0511258803253507,0.011));
#14278=CARTESIAN_POINT('',(0.029,-0.06,0.011));
#14279=CARTESIAN_POINT('',(0.0304999999999997,-0.0511258803253505,0.011));
#14280=CARTESIAN_POINT('',(0.0304999999999996,0.0681126952174645,0.011));
#14281=CARTESIAN_POINT('',(0.0304999999999996,-0.0388741196746495,0.011));
#14282=CARTESIAN_POINT('',(0.029,-0.03,0.011));
#14283=CARTESIAN_POINT('',(0.029,-0.06,0.011));
#14284=CARTESIAN_POINT('',(0.0274999999999996,-0.0562919007564523,0.014));
#14285=CARTESIAN_POINT('',(0.0274999999999996,-0.0545514533086969,0.0130319372203316));
#14286=CARTESIAN_POINT('',(0.0274999999999996,-0.0528397831615929,0.0120139585919689));
#14287=CARTESIAN_POINT('',(0.0274999999999996,-0.0511258803253507,0.011));
#14288=CARTESIAN_POINT('',(0.0274999999999996,-0.0562919007564523,0.014));
#14289=CARTESIAN_POINT('',(0.029,-0.06,0.014));
#14290=CARTESIAN_POINT('',(0.0304999999999997,-0.056291900756452,0.014));
#14291=CARTESIAN_POINT('',(0.0304999999999996,-0.0511258803253505,0.011));
#14292=CARTESIAN_POINT('',(0.0304999999999996,-0.0528397816516894,0.0120139576986981));
#14293=CARTESIAN_POINT('',(0.0304999999999997,-0.0545513732826124,0.0130318927086321));
#14294=CARTESIAN_POINT('',(0.0304999999999997,-0.056291900756452,0.014));
#14295=CARTESIAN_POINT('',(0.029,-0.06,0.015));
#14296=CARTESIAN_POINT('',(0.0304999999999997,-0.056291900756452,0.015));
#14297=CARTESIAN_POINT('',(0.0304999999999997,-0.056291900756452,0.008));
#14298=CARTESIAN_POINT('',(0.0274999999999996,-0.0562919007564523,0.015));
#14299=CARTESIAN_POINT('',(0.0274999999999996,-0.0562919007564523,0.008));
#14300=CARTESIAN_POINT('',(0.029,-0.06,0.008));
#14301=CARTESIAN_POINT('',(0.0252919007564522,-0.0585,0.008));
#14302=CARTESIAN_POINT('',(0.0252919007564522,-0.0585,0.015));
#14303=CARTESIAN_POINT('',(0.0252919007564523,-0.0615,0.015));
#14304=CARTESIAN_POINT('',(0.0252919007564523,-0.0615,0.008));
#14305=CARTESIAN_POINT('',(0.029,-0.06,0.008));
#14306=CARTESIAN_POINT('',(0.029,-0.06,0.008));
#14307=CARTESIAN_POINT('',(0.029,-0.06,0.008));
#14308=CARTESIAN_POINT('',(-0.0255,-0.03,0.011));
#14309=CARTESIAN_POINT('',(-0.0255,-0.0315,0.011));
#14310=CARTESIAN_POINT('',(0.127874119674649,-0.0315,0.011));
#14311=CARTESIAN_POINT('',(0.140125880325351,-0.0315,0.011));
#14312=CARTESIAN_POINT('',(0.149,-0.03,0.011));
#14313=CARTESIAN_POINT('',(0.140125880325351,-0.0285,0.011));
#14314=CARTESIAN_POINT('',(-0.0255,-0.0285,0.011));
#14315=CARTESIAN_POINT('',(0.127874119674649,-0.0285,0.011));
#14316=CARTESIAN_POINT('',(0.119,-0.03,0.011));
#14317=CARTESIAN_POINT('',(-0.000999999999999945,0.,0.015));
#14318=CARTESIAN_POINT('',(0.119,-0.03,0.015));
#14319=CARTESIAN_POINT('',(0.123,-0.03,0.015));
#14320=CARTESIAN_POINT('',(0.119,-0.03,0.011));
#14321=CARTESIAN_POINT('',(0.122708099243548,-0.0285,0.014));
#14322=CARTESIAN_POINT('',(0.124448546691303,-0.0285,0.0130319372203316));
#14323=CARTESIAN_POINT('',(0.126160216838407,-0.0285,0.0120139585919689));
#14324=CARTESIAN_POINT('',(0.127874119674649,-0.0285,0.011));
#14325=CARTESIAN_POINT('',(0.122708099243548,-0.0285,0.014));
#14326=CARTESIAN_POINT('',(0.119,-0.03,0.014));
#14327=CARTESIAN_POINT('',(0.122708099243548,-0.0315,0.014));
#14328=CARTESIAN_POINT('',(0.127874119674649,-0.0315,0.011));
#14329=CARTESIAN_POINT('',(0.126160218348311,-0.0315,0.0120139576986981));
#14330=CARTESIAN_POINT('',(0.124448626717387,-0.0315,0.0130318927086321));
#14331=CARTESIAN_POINT('',(0.122708099243548,-0.0315,0.014));
#14332=CARTESIAN_POINT('',(0.1205,0.0681126952174645,0.011));
#14333=CARTESIAN_POINT('',(0.1205,-0.033708099243548,0.015));
#14334=CARTESIAN_POINT('',(0.1205,-0.033708099243548,0.008));
#14335=CARTESIAN_POINT('',(0.1205,-0.033708099243548,0.014));
#14336=CARTESIAN_POINT('',(0.1205,-0.0337080992435481,0.014));
#14337=CARTESIAN_POINT('',(0.1205,-0.0354485466913034,0.0130319372203315));
#14338=CARTESIAN_POINT('',(0.1205,-0.0371602168384074,0.0120139585919689));
#14339=CARTESIAN_POINT('',(0.1205,-0.0388741196746495,0.011));
#14340=CARTESIAN_POINT('',(0.1205,0.0681126952174645,0.008));
#14341=CARTESIAN_POINT('',(0.119,-0.03,0.011));
#14342=CARTESIAN_POINT('',(0.119,-0.03,0.014));
#14343=CARTESIAN_POINT('',(0.1175,-0.0337080992435476,0.014));
#14344=CARTESIAN_POINT('',(0.1175,-0.0388741196746493,0.011));
#14345=CARTESIAN_POINT('',(0.1175,-0.0371602183483104,0.0120139576986981));
#14346=CARTESIAN_POINT('',(0.1175,-0.0354486267173873,0.0130318927086321));
#14347=CARTESIAN_POINT('',(0.1175,-0.0337080992435476,0.014));
#14348=CARTESIAN_POINT('',(0.1175,0.0681126952174645,0.011));
#14349=CARTESIAN_POINT('',(0.1175,-0.0337080992435476,0.015));
#14350=CARTESIAN_POINT('',(0.1175,-0.0337080992435476,0.008));
#14351=CARTESIAN_POINT('',(0.1175,0.0681126952174645,0.008));
#14352=CARTESIAN_POINT('',(0.119,-0.03,0.011));
#14353=CARTESIAN_POINT('',(0.115291900756452,-0.0315,0.014));
#14354=CARTESIAN_POINT('',(0.113551453308697,-0.0315,0.0130319372203315));
#14355=CARTESIAN_POINT('',(0.111839783161593,-0.0315,0.0120139585919689));
#14356=CARTESIAN_POINT('',(0.110125880325351,-0.0315,0.011));
#14357=CARTESIAN_POINT('',(0.115291900756452,-0.0315,0.014));
#14358=CARTESIAN_POINT('',(0.110125880325351,-0.0315,0.011));
#14359=CARTESIAN_POINT('',(0.119,-0.03,0.014));
#14360=CARTESIAN_POINT('',(0.115291900756452,-0.0285,0.014));
#14361=CARTESIAN_POINT('',(0.110125880325351,-0.0285,0.011));
#14362=CARTESIAN_POINT('',(0.111839781651689,-0.0285,0.0120139576986981));
#14363=CARTESIAN_POINT('',(0.113551373282612,-0.0285,0.0130318927086322));
#14364=CARTESIAN_POINT('',(0.115291900756452,-0.0285,0.014));
#14365=CARTESIAN_POINT('',(0.110125880325351,-0.0285,0.011));
#14366=CARTESIAN_POINT('',(0.119,-0.03,0.011));
#14367=CARTESIAN_POINT('',(-0.0255,-0.03,0.011));
#14368=CARTESIAN_POINT('',(-0.0255,-0.0315,0.011));
#14369=CARTESIAN_POINT('',(0.0978741196746495,-0.0315,0.011));
#14370=CARTESIAN_POINT('',(-0.0255,-0.0285,0.011));
#14371=CARTESIAN_POINT('',(0.0978741196746495,-0.0285,0.011));
#14372=CARTESIAN_POINT('',(0.089,-0.03,0.011));
#14373=CARTESIAN_POINT('',(-0.000999999999999945,0.,0.015));
#14374=CARTESIAN_POINT('',(0.089,-0.03,0.015));
#14375=CARTESIAN_POINT('',(0.093,-0.03,0.015));
#14376=CARTESIAN_POINT('',(0.089,-0.03,0.011));
#14377=CARTESIAN_POINT('',(0.0927080992435479,-0.0285,0.014));
#14378=CARTESIAN_POINT('',(0.0944485466913033,-0.0285,0.0130319372203315));
#14379=CARTESIAN_POINT('',(0.0961602168384073,-0.0285,0.0120139585919689));
#14380=CARTESIAN_POINT('',(0.0978741196746495,-0.0285,0.011));
#14381=CARTESIAN_POINT('',(0.0927080992435479,-0.0285,0.014));
#14382=CARTESIAN_POINT('',(0.089,-0.03,0.014));
#14383=CARTESIAN_POINT('',(0.0927080992435478,-0.0315,0.014));
#14384=CARTESIAN_POINT('',(0.0978741196746495,-0.0315,0.011));
#14385=CARTESIAN_POINT('',(0.0961602183483106,-0.0315,0.0120139576986981));
#14386=CARTESIAN_POINT('',(0.0944486267173875,-0.0315,0.0130318927086321));
#14387=CARTESIAN_POINT('',(0.0927080992435478,-0.0315,0.014));
#14388=CARTESIAN_POINT('',(-0.0255,-0.0315,0.011));
#14389=CARTESIAN_POINT('',(0.115291900756452,-0.0315,0.015));
#14390=CARTESIAN_POINT('',(0.115291900756452,-0.0315,0.008));
#14391=CARTESIAN_POINT('',(0.0927080992435478,-0.0315,0.015));
#14392=CARTESIAN_POINT('',(0.0927080992435478,-0.0315,0.008));
#14393=CARTESIAN_POINT('',(-0.0255,-0.0315,0.008));
#14394=CARTESIAN_POINT('',(0.0905,0.0681126952174645,0.011));
#14395=CARTESIAN_POINT('',(0.0905,0.0681126952174645,0.008));
#14396=CARTESIAN_POINT('',(0.0905,-0.033708099243548,0.008));
#14397=CARTESIAN_POINT('',(0.0905,-0.033708099243548,0.015));
#14398=CARTESIAN_POINT('',(0.0905,-0.033708099243548,0.014));
#14399=CARTESIAN_POINT('',(0.0905,-0.0337080992435481,0.014));
#14400=CARTESIAN_POINT('',(0.0905,-0.0354485466913034,0.0130319372203315));
#14401=CARTESIAN_POINT('',(0.0905,-0.0371602168384074,0.0120139585919689));
#14402=CARTESIAN_POINT('',(0.0905,-0.0388741196746495,0.011));
#14403=CARTESIAN_POINT('',(0.089,-0.03,0.011));
#14404=CARTESIAN_POINT('',(0.089,-0.03,0.014));
#14405=CARTESIAN_POINT('',(0.0875,-0.0337080992435477,0.014));
#14406=CARTESIAN_POINT('',(0.0875,-0.0388741196746493,0.011));
#14407=CARTESIAN_POINT('',(0.0875,-0.0371602183483105,0.0120139576986981));
#14408=CARTESIAN_POINT('',(0.0875,-0.0354486267173874,0.0130318927086321));
#14409=CARTESIAN_POINT('',(0.0875,-0.0337080992435477,0.014));
#14410=CARTESIAN_POINT('',(0.0875,0.0681126952174645,0.011));
#14411=CARTESIAN_POINT('',(0.0875,-0.0337080992435477,0.015));
#14412=CARTESIAN_POINT('',(0.0875,-0.0337080992435477,0.008));
#14413=CARTESIAN_POINT('',(0.0875,0.0681126952174645,0.008));
#14414=CARTESIAN_POINT('',(0.089,-0.03,0.011));
#14415=CARTESIAN_POINT('',(0.0852919007564523,-0.0315,0.014));
#14416=CARTESIAN_POINT('',(0.0835514533086969,-0.0315,0.0130319372203315));
#14417=CARTESIAN_POINT('',(0.0818397831615928,-0.0315,0.0120139585919689));
#14418=CARTESIAN_POINT('',(0.0801258803253507,-0.0315,0.011));
#14419=CARTESIAN_POINT('',(0.0852919007564523,-0.0315,0.014));
#14420=CARTESIAN_POINT('',(0.089,-0.03,0.014));
#14421=CARTESIAN_POINT('',(0.0852919007564522,-0.0285,0.014));
#14422=CARTESIAN_POINT('',(0.0801258803253506,-0.0285,0.011));
#14423=CARTESIAN_POINT('',(0.0818397816516895,-0.0285,0.0120139576986981));
#14424=CARTESIAN_POINT('',(0.0835513732826125,-0.0285,0.0130318927086321));
#14425=CARTESIAN_POINT('',(0.0852919007564522,-0.0285,0.014));
#14426=CARTESIAN_POINT('',(-0.000999999999999945,0.,0.015));
#14427=CARTESIAN_POINT('',(0.149,-0.03,0.015));
#14428=CARTESIAN_POINT('',(0.153,-0.03,0.015));
#14429=CARTESIAN_POINT('',(0.149,-0.03,0.011));
#14430=CARTESIAN_POINT('',(0.149,-0.03,0.014));
#14431=CARTESIAN_POINT('',(0.152708099243548,-0.0315,0.014));
#14432=CARTESIAN_POINT('',(0.15787411967465,-0.0315,0.011));
#14433=CARTESIAN_POINT('',(0.156160218348311,-0.0315,0.0120139576986981));
#14434=CARTESIAN_POINT('',(0.154448626717388,-0.0315,0.0130318927086321));
#14435=CARTESIAN_POINT('',(0.152708099243548,-0.0315,0.014));
#14436=CARTESIAN_POINT('',(0.1505,0.0681126952174645,0.011));
#14437=CARTESIAN_POINT('',(0.1505,0.0681126952174645,0.008));
#14438=CARTESIAN_POINT('',(0.1505,-0.033708099243548,0.008));
#14439=CARTESIAN_POINT('',(0.1505,-0.033708099243548,0.015));
#14440=CARTESIAN_POINT('',(0.1505,-0.033708099243548,0.014));
#14441=CARTESIAN_POINT('',(0.1505,-0.033708099243548,0.014));
#14442=CARTESIAN_POINT('',(0.1505,-0.0354485466913034,0.0130319372203315));
#14443=CARTESIAN_POINT('',(0.1505,-0.0371602168384074,0.0120139585919689));
#14444=CARTESIAN_POINT('',(0.1505,-0.0388741196746495,0.011));
#14445=CARTESIAN_POINT('',(0.149,-0.03,0.011));
#14446=CARTESIAN_POINT('',(0.149,-0.03,0.014));
#14447=CARTESIAN_POINT('',(0.1475,-0.0337080992435476,0.014));
#14448=CARTESIAN_POINT('',(0.1475,-0.0388741196746493,0.011));
#14449=CARTESIAN_POINT('',(0.1475,-0.0371602183483104,0.0120139576986981));
#14450=CARTESIAN_POINT('',(0.1475,-0.0354486267173873,0.0130318927086321));
#14451=CARTESIAN_POINT('',(0.1475,-0.0337080992435476,0.014));
#14452=CARTESIAN_POINT('',(0.1475,0.0681126952174645,0.011));
#14453=CARTESIAN_POINT('',(0.1475,-0.0337080992435476,0.015));
#14454=CARTESIAN_POINT('',(0.1475,-0.0337080992435476,0.008));
#14455=CARTESIAN_POINT('',(0.1475,0.0681126952174645,0.008));
#14456=CARTESIAN_POINT('',(-0.0255,-0.0315,0.011));
#14457=CARTESIAN_POINT('',(0.122708099243548,-0.0315,0.015));
#14458=CARTESIAN_POINT('',(0.122708099243548,-0.0315,0.008));
#14459=CARTESIAN_POINT('',(-0.0255,-0.0315,0.008));
#14460=CARTESIAN_POINT('',(0.145291900756452,-0.0315,0.008));
#14461=CARTESIAN_POINT('',(0.145291900756452,-0.0315,0.015));
#14462=CARTESIAN_POINT('',(0.145291900756452,-0.0315,0.014));
#14463=CARTESIAN_POINT('',(0.145291900756452,-0.0315,0.014));
#14464=CARTESIAN_POINT('',(0.143551453308697,-0.0315,0.0130319372203315));
#14465=CARTESIAN_POINT('',(0.141839783161593,-0.0315,0.0120139585919689));
#14466=CARTESIAN_POINT('',(0.140125880325351,-0.0315,0.011));
#14467=CARTESIAN_POINT('',(0.149,-0.03,0.011));
#14468=CARTESIAN_POINT('',(0.149,-0.03,0.014));
#14469=CARTESIAN_POINT('',(0.145291900756452,-0.0285,0.014));
#14470=CARTESIAN_POINT('',(0.140125880325351,-0.0285,0.011));
#14471=CARTESIAN_POINT('',(0.141839781651689,-0.0285,0.0120139576986981));
#14472=CARTESIAN_POINT('',(0.143551373282613,-0.0285,0.0130318927086321));
#14473=CARTESIAN_POINT('',(0.145291900756452,-0.0285,0.014));
#14474=CARTESIAN_POINT('',(-0.000999999999999945,0.,0.015));
#14475=CARTESIAN_POINT('',(0.059,-0.03,0.015));
#14476=CARTESIAN_POINT('',(0.063,-0.03,0.015));
#14477=CARTESIAN_POINT('',(0.059,-0.03,0.011));
#14478=CARTESIAN_POINT('',(0.059,-0.03,0.014));
#14479=CARTESIAN_POINT('',(0.0627080992435478,-0.0315,0.014));
#14480=CARTESIAN_POINT('',(0.0678741196746495,-0.0315,0.011));
#14481=CARTESIAN_POINT('',(0.0661602183483106,-0.0315,0.0120139576986981));
#14482=CARTESIAN_POINT('',(0.0644486267173875,-0.0315,0.0130318927086321));
#14483=CARTESIAN_POINT('',(0.0627080992435478,-0.0315,0.014));
#14484=CARTESIAN_POINT('',(-0.0255,-0.0315,0.011));
#14485=CARTESIAN_POINT('',(0.0627080992435478,-0.0315,0.015));
#14486=CARTESIAN_POINT('',(0.0627080992435478,-0.0315,0.008));
#14487=CARTESIAN_POINT('',(-0.0255,-0.0315,0.008));
#14488=CARTESIAN_POINT('',(0.0852919007564523,-0.0315,0.008));
#14489=CARTESIAN_POINT('',(0.0852919007564523,-0.0315,0.015));
#14490=CARTESIAN_POINT('',(0.0605,0.0681126952174645,0.011));
#14491=CARTESIAN_POINT('',(0.0605,0.0681126952174645,0.008));
#14492=CARTESIAN_POINT('',(0.0605,-0.033708099243548,0.008));
#14493=CARTESIAN_POINT('',(0.0605,-0.033708099243548,0.015));
#14494=CARTESIAN_POINT('',(0.0605,-0.033708099243548,0.014));
#14495=CARTESIAN_POINT('',(0.0605,-0.0337080992435481,0.014));
#14496=CARTESIAN_POINT('',(0.0605,-0.0354485466913034,0.0130319372203315));
#14497=CARTESIAN_POINT('',(0.0605,-0.0371602168384074,0.0120139585919689));
#14498=CARTESIAN_POINT('',(0.0605,-0.0388741196746495,0.011));
#14499=CARTESIAN_POINT('',(0.059,-0.03,0.011));
#14500=CARTESIAN_POINT('',(0.059,-0.03,0.014));
#14501=CARTESIAN_POINT('',(0.0575,-0.0337080992435477,0.014));
#14502=CARTESIAN_POINT('',(0.0575,-0.0388741196746493,0.011));
#14503=CARTESIAN_POINT('',(0.0575,-0.0371602183483105,0.0120139576986981));
#14504=CARTESIAN_POINT('',(0.0575,-0.0354486267173874,0.0130318927086321));
#14505=CARTESIAN_POINT('',(0.0575,-0.0337080992435477,0.014));
#14506=CARTESIAN_POINT('',(0.0575,0.0681126952174645,0.011));
#14507=CARTESIAN_POINT('',(0.0575,-0.0337080992435477,0.015));
#14508=CARTESIAN_POINT('',(0.0575,-0.0337080992435477,0.008));
#14509=CARTESIAN_POINT('',(0.0575,0.0681126952174645,0.008));
#14510=CARTESIAN_POINT('',(0.059,-0.03,0.011));
#14511=CARTESIAN_POINT('',(0.0552919007564523,-0.0315,0.014));
#14512=CARTESIAN_POINT('',(0.0535514533086969,-0.0315,0.0130319372203315));
#14513=CARTESIAN_POINT('',(0.0518397831615929,-0.0315,0.0120139585919689));
#14514=CARTESIAN_POINT('',(0.0501258803253507,-0.0315,0.011));
#14515=CARTESIAN_POINT('',(0.0552919007564523,-0.0315,0.014));
#14516=CARTESIAN_POINT('',(0.0501258803253507,-0.0315,0.011));
#14517=CARTESIAN_POINT('',(0.059,-0.03,0.014));
#14518=CARTESIAN_POINT('',(0.0552919007564522,-0.0285,0.014));
#14519=CARTESIAN_POINT('',(0.0501258803253506,-0.0285,0.011));
#14520=CARTESIAN_POINT('',(0.0518397816516895,-0.0285,0.0120139576986981));
#14521=CARTESIAN_POINT('',(0.0535513732826125,-0.0285,0.0130318927086321));
#14522=CARTESIAN_POINT('',(0.0552919007564522,-0.0285,0.014));
#14523=CARTESIAN_POINT('',(0.0501258803253506,-0.0285,0.011));
#14524=CARTESIAN_POINT('',(0.059,-0.03,0.011));
#14525=CARTESIAN_POINT('',(-0.0255,-0.03,0.011));
#14526=CARTESIAN_POINT('',(-0.0255,-0.0315,0.011));
#14527=CARTESIAN_POINT('',(0.0378741196746495,-0.0315,0.011));
#14528=CARTESIAN_POINT('',(-0.0255,-0.0285,0.011));
#14529=CARTESIAN_POINT('',(0.0378741196746495,-0.0285,0.011));
#14530=CARTESIAN_POINT('',(0.029,-0.03,0.011));
#14531=CARTESIAN_POINT('',(-0.000999999999999945,0.,0.015));
#14532=CARTESIAN_POINT('',(0.029,-0.12,0.015));
#14533=CARTESIAN_POINT('',(0.033,-0.12,0.015));
#14534=CARTESIAN_POINT('',(0.029,-0.12,0.011));
#14535=CARTESIAN_POINT('',(0.0252919007564523,-0.1215,0.014));
#14536=CARTESIAN_POINT('',(0.0235514533086969,-0.1215,0.0130319372203315));
#14537=CARTESIAN_POINT('',(0.0218397831615928,-0.1215,0.0120139585919689));
#14538=CARTESIAN_POINT('',(0.0201258803253507,-0.1215,0.011));
#14539=CARTESIAN_POINT('',(0.0252919007564523,-0.1215,0.014));
#14540=CARTESIAN_POINT('',(0.0201258803253507,-0.1215,0.011));
#14541=CARTESIAN_POINT('',(0.029,-0.12,0.014));
#14542=CARTESIAN_POINT('',(0.0252919007564522,-0.1185,0.014));
#14543=CARTESIAN_POINT('',(0.0201258803253506,-0.1185,0.011));
#14544=CARTESIAN_POINT('',(0.0218397816516895,-0.1185,0.0120139576986981));
#14545=CARTESIAN_POINT('',(0.0235513732826125,-0.1185,0.0130318927086321));
#14546=CARTESIAN_POINT('',(0.0252919007564522,-0.1185,0.014));
#14547=CARTESIAN_POINT('',(0.0201258803253506,-0.1185,0.011));
#14548=CARTESIAN_POINT('',(0.029,-0.12,0.011));
#14549=CARTESIAN_POINT('',(0.0274999999999996,0.0681126952174645,0.011));
#14550=CARTESIAN_POINT('',(0.0274999999999996,0.0681126952174645,0.008));
#14551=CARTESIAN_POINT('',(0.0274999999999996,-0.116291900756452,0.008));
#14552=CARTESIAN_POINT('',(0.0274999999999996,-0.116291900756452,0.015));
#14553=CARTESIAN_POINT('',(0.0274999999999996,-0.116291900756452,0.014));
#14554=CARTESIAN_POINT('',(0.0274999999999996,-0.116291900756452,0.014));
#14555=CARTESIAN_POINT('',(0.0274999999999996,-0.114551453308697,0.0130319372203316));
#14556=CARTESIAN_POINT('',(0.0274999999999996,-0.112839783161593,0.0120139585919689));
#14557=CARTESIAN_POINT('',(0.0274999999999996,-0.111125880325351,0.011));
#14558=CARTESIAN_POINT('',(0.029,-0.12,0.011));
#14559=CARTESIAN_POINT('',(0.029,-0.12,0.014));
#14560=CARTESIAN_POINT('',(0.0304999999999997,-0.116291900756452,0.014));
#14561=CARTESIAN_POINT('',(0.0304999999999997,-0.11112588032535,0.011));
#14562=CARTESIAN_POINT('',(0.0304999999999997,-0.112839781651689,0.0120139576986981));
#14563=CARTESIAN_POINT('',(0.0304999999999997,-0.114551373282612,0.0130318927086321));
#14564=CARTESIAN_POINT('',(0.0304999999999997,-0.116291900756452,0.014));
#14565=CARTESIAN_POINT('',(0.0304999999999996,0.0681126952174645,0.011));
#14566=CARTESIAN_POINT('',(0.0304999999999996,0.0681126952174645,0.008));
#14567=CARTESIAN_POINT('',(0.0304999999999997,-0.116291900756452,0.008));
#14568=CARTESIAN_POINT('',(0.0304999999999997,-0.116291900756452,0.015));
#14569=CARTESIAN_POINT('',(0.029,-0.12,0.011));
#14570=CARTESIAN_POINT('',(0.032708099243548,-0.1185,0.014));
#14571=CARTESIAN_POINT('',(0.0344485466913033,-0.1185,0.0130319372203315));
#14572=CARTESIAN_POINT('',(0.0361602168384073,-0.1185,0.0120139585919689));
#14573=CARTESIAN_POINT('',(0.0378741196746495,-0.1185,0.011));
#14574=CARTESIAN_POINT('',(0.032708099243548,-0.1185,0.014));
#14575=CARTESIAN_POINT('',(0.0378741196746495,-0.1185,0.011));
#14576=CARTESIAN_POINT('',(0.029,-0.12,0.014));
#14577=CARTESIAN_POINT('',(0.0327080992435478,-0.1215,0.014));
#14578=CARTESIAN_POINT('',(0.0378741196746495,-0.1215,0.011));
#14579=CARTESIAN_POINT('',(0.0361602183483106,-0.1215,0.0120139576986981));
#14580=CARTESIAN_POINT('',(0.0344486267173875,-0.1215,0.0130318927086321));
#14581=CARTESIAN_POINT('',(0.0327080992435478,-0.1215,0.014));
#14582=CARTESIAN_POINT('',(0.0378741196746495,-0.1215,0.011));
#14583=CARTESIAN_POINT('',(0.029,-0.12,0.011));
#14584=CARTESIAN_POINT('',(-0.0255,-0.12,0.011));
#14585=CARTESIAN_POINT('',(-0.0255,-0.1215,0.011));
#14586=CARTESIAN_POINT('',(0.0501258803253507,-0.1215,0.011));
#14587=CARTESIAN_POINT('',(0.059,-0.12,0.011));
#14588=CARTESIAN_POINT('',(0.0501258803253506,-0.1185,0.011));
#14589=CARTESIAN_POINT('',(-0.0255,-0.1185,0.011));
#14590=CARTESIAN_POINT('',(-0.000999999999999945,0.,0.015));
#14591=CARTESIAN_POINT('',(0.059,-0.12,0.015));
#14592=CARTESIAN_POINT('',(0.063,-0.12,0.015));
#14593=CARTESIAN_POINT('',(0.059,-0.12,0.011));
#14594=CARTESIAN_POINT('',(0.0552919007564523,-0.1215,0.014));
#14595=CARTESIAN_POINT('',(0.0535514533086969,-0.1215,0.0130319372203315));
#14596=CARTESIAN_POINT('',(0.0518397831615929,-0.1215,0.0120139585919689));
#14597=CARTESIAN_POINT('',(0.0501258803253507,-0.1215,0.011));
#14598=CARTESIAN_POINT('',(0.0552919007564523,-0.1215,0.014));
#14599=CARTESIAN_POINT('',(0.059,-0.12,0.014));
#14600=CARTESIAN_POINT('',(0.0552919007564521,-0.1185,0.014));
#14601=CARTESIAN_POINT('',(0.0501258803253506,-0.1185,0.011));
#14602=CARTESIAN_POINT('',(0.0518397816516894,-0.1185,0.0120139576986981));
#14603=CARTESIAN_POINT('',(0.0535513732826124,-0.1185,0.0130318927086321));
#14604=CARTESIAN_POINT('',(0.0552919007564521,-0.1185,0.014));
#14605=CARTESIAN_POINT('',(-0.0255,-0.1185,0.011));
#14606=CARTESIAN_POINT('',(-0.0255,-0.1185,0.008));
#14607=CARTESIAN_POINT('',(0.032708099243548,-0.1185,0.008));
#14608=CARTESIAN_POINT('',(0.0552919007564521,-0.1185,0.008));
#14609=CARTESIAN_POINT('',(0.032708099243548,-0.1185,0.015));
#14610=CARTESIAN_POINT('',(0.0552919007564521,-0.1185,0.015));
#14611=CARTESIAN_POINT('',(0.0575,0.0681126952174645,0.011));
#14612=CARTESIAN_POINT('',(0.0575,-0.116291900756452,0.015));
#14613=CARTESIAN_POINT('',(0.0575,-0.116291900756452,0.014));
#14614=CARTESIAN_POINT('',(0.0575,-0.116291900756452,0.008));
#14615=CARTESIAN_POINT('',(0.0575,-0.116291900756452,0.014));
#14616=CARTESIAN_POINT('',(0.0575,-0.114551453308697,0.0130319372203315));
#14617=CARTESIAN_POINT('',(0.0575,-0.112839783161593,0.012013958591969));
#14618=CARTESIAN_POINT('',(0.0575,-0.111125880325351,0.011));
#14619=CARTESIAN_POINT('',(0.0575,0.0681126952174645,0.008));
#14620=CARTESIAN_POINT('',(0.059,-0.12,0.011));
#14621=CARTESIAN_POINT('',(0.059,-0.12,0.014));
#14622=CARTESIAN_POINT('',(0.0605,-0.116291900756452,0.014));
#14623=CARTESIAN_POINT('',(0.0605,-0.11112588032535,0.011));
#14624=CARTESIAN_POINT('',(0.0605,-0.112839781651689,0.0120139576986981));
#14625=CARTESIAN_POINT('',(0.0605,-0.114551373282612,0.0130318927086321));
#14626=CARTESIAN_POINT('',(0.0605,-0.116291900756452,0.014));
#14627=CARTESIAN_POINT('',(0.0605,0.0681126952174645,0.011));
#14628=CARTESIAN_POINT('',(0.0605,-0.116291900756452,0.015));
#14629=CARTESIAN_POINT('',(0.0605,-0.116291900756452,0.008));
#14630=CARTESIAN_POINT('',(0.0605,0.0681126952174645,0.008));
#14631=CARTESIAN_POINT('',(0.059,-0.12,0.011));
#14632=CARTESIAN_POINT('',(0.062708099243548,-0.1185,0.014));
#14633=CARTESIAN_POINT('',(0.0644485466913034,-0.1185,0.0130319372203315));
#14634=CARTESIAN_POINT('',(0.0661602168384074,-0.1185,0.0120139585919689));
#14635=CARTESIAN_POINT('',(0.0678741196746495,-0.1185,0.011));
#14636=CARTESIAN_POINT('',(0.062708099243548,-0.1185,0.014));
#14637=CARTESIAN_POINT('',(0.0678741196746495,-0.1185,0.011));
#14638=CARTESIAN_POINT('',(0.059,-0.12,0.014));
#14639=CARTESIAN_POINT('',(0.0627080992435478,-0.1215,0.014));
#14640=CARTESIAN_POINT('',(0.0678741196746494,-0.1215,0.011));
#14641=CARTESIAN_POINT('',(0.0661602183483105,-0.1215,0.0120139576986981));
#14642=CARTESIAN_POINT('',(0.0644486267173875,-0.1215,0.0130318927086321));
#14643=CARTESIAN_POINT('',(0.0627080992435478,-0.1215,0.014));
#14644=CARTESIAN_POINT('',(0.0678741196746494,-0.1215,0.011));
#14645=CARTESIAN_POINT('',(0.059,-0.12,0.011));
#14646=CARTESIAN_POINT('',(-0.0255,-0.12,0.011));
#14647=CARTESIAN_POINT('',(-0.0255,-0.1215,0.011));
#14648=CARTESIAN_POINT('',(0.0801258803253507,-0.1215,0.011));
#14649=CARTESIAN_POINT('',(0.089,-0.12,0.011));
#14650=CARTESIAN_POINT('',(0.0801258803253507,-0.1185,0.011));
#14651=CARTESIAN_POINT('',(-0.0255,-0.1185,0.011));
#14652=CARTESIAN_POINT('',(-0.000999999999999945,0.,0.015));
#14653=CARTESIAN_POINT('',(0.089,-0.12,0.015));
#14654=CARTESIAN_POINT('',(0.093,-0.12,0.015));
#14655=CARTESIAN_POINT('',(0.089,-0.12,0.011));
#14656=CARTESIAN_POINT('',(0.0852919007564524,-0.1215,0.014));
#14657=CARTESIAN_POINT('',(0.083551453308697,-0.1215,0.0130319372203315));
#14658=CARTESIAN_POINT('',(0.0818397831615929,-0.1215,0.012013958591969));
#14659=CARTESIAN_POINT('',(0.0801258803253507,-0.1215,0.011));
#14660=CARTESIAN_POINT('',(0.0852919007564524,-0.1215,0.014));
#14661=CARTESIAN_POINT('',(0.089,-0.12,0.014));
#14662=CARTESIAN_POINT('',(0.0852919007564522,-0.1185,0.014));
#14663=CARTESIAN_POINT('',(0.0801258803253507,-0.1185,0.011));
#14664=CARTESIAN_POINT('',(0.0818397816516895,-0.1185,0.0120139576986981));
#14665=CARTESIAN_POINT('',(0.0835513732826125,-0.1185,0.0130318927086321));
#14666=CARTESIAN_POINT('',(0.0852919007564522,-0.1185,0.014));
#14667=CARTESIAN_POINT('',(-0.0255,-0.1185,0.011));
#14668=CARTESIAN_POINT('',(-0.0255,-0.1185,0.008));
#14669=CARTESIAN_POINT('',(0.062708099243548,-0.1185,0.008));
#14670=CARTESIAN_POINT('',(0.0852919007564522,-0.1185,0.008));
#14671=CARTESIAN_POINT('',(0.062708099243548,-0.1185,0.015));
#14672=CARTESIAN_POINT('',(0.0852919007564522,-0.1185,0.015));
#14673=CARTESIAN_POINT('',(0.0875,0.0681126952174645,0.011));
#14674=CARTESIAN_POINT('',(0.0875,-0.116291900756452,0.015));
#14675=CARTESIAN_POINT('',(0.0875,-0.116291900756452,0.014));
#14676=CARTESIAN_POINT('',(0.0875,-0.116291900756452,0.008));
#14677=CARTESIAN_POINT('',(0.0875,-0.116291900756452,0.014));
#14678=CARTESIAN_POINT('',(0.0875,-0.114551453308697,0.0130319372203315));
#14679=CARTESIAN_POINT('',(0.0875,-0.112839783161593,0.012013958591969));
#14680=CARTESIAN_POINT('',(0.0875,-0.111125880325351,0.011));
#14681=CARTESIAN_POINT('',(0.0875,0.0681126952174645,0.008));
#14682=CARTESIAN_POINT('',(0.089,-0.12,0.011));
#14683=CARTESIAN_POINT('',(0.089,-0.12,0.014));
#14684=CARTESIAN_POINT('',(0.0905,-0.116291900756452,0.014));
#14685=CARTESIAN_POINT('',(0.0905,-0.11112588032535,0.011));
#14686=CARTESIAN_POINT('',(0.0905,-0.112839781651689,0.0120139576986981));
#14687=CARTESIAN_POINT('',(0.0905,-0.114551373282612,0.0130318927086321));
#14688=CARTESIAN_POINT('',(0.0905,-0.116291900756452,0.014));
#14689=CARTESIAN_POINT('',(0.0905,0.0681126952174645,0.011));
#14690=CARTESIAN_POINT('',(0.0905,-0.116291900756452,0.015));
#14691=CARTESIAN_POINT('',(0.0905,-0.116291900756452,0.008));
#14692=CARTESIAN_POINT('',(0.0905,0.0681126952174645,0.008));
#14693=CARTESIAN_POINT('',(0.089,-0.12,0.011));
#14694=CARTESIAN_POINT('',(0.092708099243548,-0.1185,0.014));
#14695=CARTESIAN_POINT('',(0.0944485466913034,-0.1185,0.0130319372203315));
#14696=CARTESIAN_POINT('',(0.0961602168384074,-0.1185,0.0120139585919689));
#14697=CARTESIAN_POINT('',(0.0978741196746496,-0.1185,0.011));
#14698=CARTESIAN_POINT('',(0.092708099243548,-0.1185,0.014));
#14699=CARTESIAN_POINT('',(0.0978741196746496,-0.1185,0.011));
#14700=CARTESIAN_POINT('',(0.089,-0.12,0.014));
#14701=CARTESIAN_POINT('',(0.0927080992435479,-0.1215,0.014));
#14702=CARTESIAN_POINT('',(0.0978741196746495,-0.1215,0.011));
#14703=CARTESIAN_POINT('',(0.0961602183483106,-0.1215,0.0120139576986981));
#14704=CARTESIAN_POINT('',(0.0944486267173876,-0.1215,0.0130318927086321));
#14705=CARTESIAN_POINT('',(0.0927080992435479,-0.1215,0.014));
#14706=CARTESIAN_POINT('',(0.0978741196746495,-0.1215,0.011));
#14707=CARTESIAN_POINT('',(0.089,-0.12,0.011));
#14708=CARTESIAN_POINT('',(-0.0255,-0.12,0.011));
#14709=CARTESIAN_POINT('',(-0.0255,-0.1215,0.011));
#14710=CARTESIAN_POINT('',(0.110125880325351,-0.1215,0.011));
#14711=CARTESIAN_POINT('',(0.119,-0.12,0.011));
#14712=CARTESIAN_POINT('',(0.110125880325351,-0.1185,0.011));
#14713=CARTESIAN_POINT('',(-0.0255,-0.1185,0.011));
#14714=CARTESIAN_POINT('',(-0.000999999999999945,0.,0.015));
#14715=CARTESIAN_POINT('',(0.119,-0.12,0.015));
#14716=CARTESIAN_POINT('',(0.123,-0.12,0.015));
#14717=CARTESIAN_POINT('',(0.119,-0.12,0.011));
#14718=CARTESIAN_POINT('',(0.115291900756452,-0.1215,0.014));
#14719=CARTESIAN_POINT('',(0.113551453308697,-0.1215,0.0130319372203315));
#14720=CARTESIAN_POINT('',(0.111839783161593,-0.1215,0.0120139585919689));
#14721=CARTESIAN_POINT('',(0.110125880325351,-0.1215,0.011));
#14722=CARTESIAN_POINT('',(0.115291900756452,-0.1215,0.014));
#14723=CARTESIAN_POINT('',(0.119,-0.12,0.014));
#14724=CARTESIAN_POINT('',(0.115291900756452,-0.1185,0.014));
#14725=CARTESIAN_POINT('',(0.110125880325351,-0.1185,0.011));
#14726=CARTESIAN_POINT('',(0.111839781651689,-0.1185,0.0120139576986981));
#14727=CARTESIAN_POINT('',(0.113551373282613,-0.1185,0.0130318927086321));
#14728=CARTESIAN_POINT('',(0.115291900756452,-0.1185,0.014));
#14729=CARTESIAN_POINT('',(-0.0255,-0.1185,0.011));
#14730=CARTESIAN_POINT('',(-0.0255,-0.1185,0.008));
#14731=CARTESIAN_POINT('',(0.092708099243548,-0.1185,0.008));
#14732=CARTESIAN_POINT('',(0.115291900756452,-0.1185,0.008));
#14733=CARTESIAN_POINT('',(0.092708099243548,-0.1185,0.015));
#14734=CARTESIAN_POINT('',(0.115291900756452,-0.1185,0.015));
#14735=CARTESIAN_POINT('',(0.1175,0.0681126952174645,0.011));
#14736=CARTESIAN_POINT('',(0.1175,0.0681126952174645,0.008));
#14737=CARTESIAN_POINT('',(0.1175,-0.116291900756452,0.008));
#14738=CARTESIAN_POINT('',(0.1175,-0.116291900756452,0.015));
#14739=CARTESIAN_POINT('',(0.1175,-0.116291900756452,0.014));
#14740=CARTESIAN_POINT('',(0.1175,-0.116291900756452,0.014));
#14741=CARTESIAN_POINT('',(0.1175,-0.114551453308697,0.0130319372203315));
#14742=CARTESIAN_POINT('',(0.1175,-0.112839783161593,0.012013958591969));
#14743=CARTESIAN_POINT('',(0.1175,-0.111125880325351,0.011));
#14744=CARTESIAN_POINT('',(0.119,-0.12,0.011));
#14745=CARTESIAN_POINT('',(0.119,-0.12,0.014));
#14746=CARTESIAN_POINT('',(0.1205,-0.116291900756452,0.014));
#14747=CARTESIAN_POINT('',(0.1205,-0.11112588032535,0.011));
#14748=CARTESIAN_POINT('',(0.1205,-0.112839781651689,0.0120139576986981));
#14749=CARTESIAN_POINT('',(0.1205,-0.114551373282612,0.0130318927086321));
#14750=CARTESIAN_POINT('',(0.1205,-0.116291900756452,0.014));
#14751=CARTESIAN_POINT('',(0.1205,0.0681126952174645,0.011));
#14752=CARTESIAN_POINT('',(0.1205,0.0681126952174645,0.008));
#14753=CARTESIAN_POINT('',(0.1205,-0.116291900756452,0.008));
#14754=CARTESIAN_POINT('',(0.1205,-0.116291900756452,0.015));
#14755=CARTESIAN_POINT('',(0.119,-0.12,0.011));
#14756=CARTESIAN_POINT('',(0.122708099243548,-0.1185,0.014));
#14757=CARTESIAN_POINT('',(0.124448546691303,-0.1185,0.0130319372203315));
#14758=CARTESIAN_POINT('',(0.126160216838407,-0.1185,0.0120139585919689));
#14759=CARTESIAN_POINT('',(0.12787411967465,-0.1185,0.011));
#14760=CARTESIAN_POINT('',(0.122708099243548,-0.1185,0.014));
#14761=CARTESIAN_POINT('',(0.12787411967465,-0.1185,0.011));
#14762=CARTESIAN_POINT('',(0.119,-0.12,0.014));
#14763=CARTESIAN_POINT('',(0.122708099243548,-0.1215,0.014));
#14764=CARTESIAN_POINT('',(0.127874119674649,-0.1215,0.011));
#14765=CARTESIAN_POINT('',(0.126160218348311,-0.1215,0.0120139576986981));
#14766=CARTESIAN_POINT('',(0.124448626717387,-0.1215,0.0130318927086321));
#14767=CARTESIAN_POINT('',(0.122708099243548,-0.1215,0.014));
#14768=CARTESIAN_POINT('',(0.127874119674649,-0.1215,0.011));
#14769=CARTESIAN_POINT('',(0.119,-0.12,0.011));
#14770=CARTESIAN_POINT('',(-0.0255,-0.12,0.011));
#14771=CARTESIAN_POINT('',(-0.0255,-0.1215,0.011));
#14772=CARTESIAN_POINT('',(0.140125880325351,-0.1215,0.011));
#14773=CARTESIAN_POINT('',(0.149,-0.12,0.011));
#14774=CARTESIAN_POINT('',(0.140125880325351,-0.1185,0.011));
#14775=CARTESIAN_POINT('',(-0.0255,-0.1185,0.011));
#14776=CARTESIAN_POINT('',(-0.000999999999999945,0.,0.015));
#14777=CARTESIAN_POINT('',(0.149,-0.12,0.015));
#14778=CARTESIAN_POINT('',(0.153,-0.12,0.015));
#14779=CARTESIAN_POINT('',(0.149,-0.12,0.011));
#14780=CARTESIAN_POINT('',(0.145291900756452,-0.1215,0.014));
#14781=CARTESIAN_POINT('',(0.143551453308697,-0.1215,0.0130319372203315));
#14782=CARTESIAN_POINT('',(0.141839783161593,-0.1215,0.012013958591969));
#14783=CARTESIAN_POINT('',(0.140125880325351,-0.1215,0.011));
#14784=CARTESIAN_POINT('',(0.145291900756452,-0.1215,0.014));
#14785=CARTESIAN_POINT('',(0.149,-0.12,0.014));
#14786=CARTESIAN_POINT('',(0.145291900756452,-0.1185,0.014));
#14787=CARTESIAN_POINT('',(0.140125880325351,-0.1185,0.011));
#14788=CARTESIAN_POINT('',(0.141839781651689,-0.1185,0.0120139576986981));
#14789=CARTESIAN_POINT('',(0.143551373282613,-0.1185,0.0130318927086321));
#14790=CARTESIAN_POINT('',(0.145291900756452,-0.1185,0.014));
#14791=CARTESIAN_POINT('',(-0.0255,-0.1185,0.011));
#14792=CARTESIAN_POINT('',(0.122708099243548,-0.1185,0.015));
#14793=CARTESIAN_POINT('',(0.122708099243548,-0.1185,0.008));
#14794=CARTESIAN_POINT('',(0.145291900756452,-0.1185,0.015));
#14795=CARTESIAN_POINT('',(0.145291900756452,-0.1185,0.008));
#14796=CARTESIAN_POINT('',(-0.0255,-0.1185,0.008));
#14797=CARTESIAN_POINT('',(0.1475,0.0681126952174645,0.011));
#14798=CARTESIAN_POINT('',(0.1475,-0.116291900756452,0.015));
#14799=CARTESIAN_POINT('',(0.1475,-0.116291900756452,0.014));
#14800=CARTESIAN_POINT('',(0.1475,-0.116291900756452,0.008));
#14801=CARTESIAN_POINT('',(0.1475,-0.116291900756452,0.014));
#14802=CARTESIAN_POINT('',(0.1475,-0.114551453308697,0.0130319372203315));
#14803=CARTESIAN_POINT('',(0.1475,-0.112839783161593,0.012013958591969));
#14804=CARTESIAN_POINT('',(0.1475,-0.111125880325351,0.011));
#14805=CARTESIAN_POINT('',(0.1475,0.0681126952174645,0.008));
#14806=CARTESIAN_POINT('',(0.149,-0.12,0.011));
#14807=CARTESIAN_POINT('',(0.149,-0.12,0.014));
#14808=CARTESIAN_POINT('',(0.1505,-0.116291900756452,0.014));
#14809=CARTESIAN_POINT('',(0.1505,-0.11112588032535,0.011));
#14810=CARTESIAN_POINT('',(0.1505,-0.112839781651689,0.0120139576986981));
#14811=CARTESIAN_POINT('',(0.1505,-0.114551373282612,0.0130318927086321));
#14812=CARTESIAN_POINT('',(0.1505,-0.116291900756452,0.014));
#14813=CARTESIAN_POINT('',(0.1505,0.0681126952174645,0.011));
#14814=CARTESIAN_POINT('',(0.1505,-0.116291900756452,0.015));
#14815=CARTESIAN_POINT('',(0.1505,-0.116291900756452,0.008));
#14816=CARTESIAN_POINT('',(0.1505,0.0681126952174645,0.008));
#14817=CARTESIAN_POINT('',(0.149,-0.12,0.011));
#14818=CARTESIAN_POINT('',(0.152708099243548,-0.1185,0.014));
#14819=CARTESIAN_POINT('',(0.154448546691303,-0.1185,0.0130319372203315));
#14820=CARTESIAN_POINT('',(0.156160216838407,-0.1185,0.0120139585919689));
#14821=CARTESIAN_POINT('',(0.15787411967465,-0.1185,0.011));
#14822=CARTESIAN_POINT('',(0.152708099243548,-0.1185,0.014));
#14823=CARTESIAN_POINT('',(0.15787411967465,-0.1185,0.011));
#14824=CARTESIAN_POINT('',(0.149,-0.12,0.014));
#14825=CARTESIAN_POINT('',(0.152708099243548,-0.1215,0.014));
#14826=CARTESIAN_POINT('',(0.15787411967465,-0.1215,0.011));
#14827=CARTESIAN_POINT('',(0.156160218348311,-0.1215,0.0120139576986981));
#14828=CARTESIAN_POINT('',(0.154448626717388,-0.1215,0.0130318927086321));
#14829=CARTESIAN_POINT('',(0.152708099243548,-0.1215,0.014));
#14830=CARTESIAN_POINT('',(0.15787411967465,-0.1215,0.011));
#14831=CARTESIAN_POINT('',(0.149,-0.12,0.011));
#14832=CARTESIAN_POINT('',(-0.0255,-0.12,0.011));
#14833=CARTESIAN_POINT('',(-0.0255,-0.1215,0.011));
#14834=CARTESIAN_POINT('',(0.170125880325351,-0.1215,0.011));
#14835=CARTESIAN_POINT('',(0.179,-0.12,0.011));
#14836=CARTESIAN_POINT('',(0.170125880325351,-0.1185,0.011));
#14837=CARTESIAN_POINT('',(-0.0255,-0.1185,0.011));
#14838=CARTESIAN_POINT('',(-0.000999999999999945,0.,0.015));
#14839=CARTESIAN_POINT('',(0.179,-0.12,0.015));
#14840=CARTESIAN_POINT('',(0.183,-0.12,0.015));
#14841=CARTESIAN_POINT('',(0.179,-0.12,0.011));
#14842=CARTESIAN_POINT('',(0.175291900756453,-0.1215,0.014));
#14843=CARTESIAN_POINT('',(0.173551453308697,-0.1215,0.0130319372203315));
#14844=CARTESIAN_POINT('',(0.171839783161593,-0.1215,0.012013958591969));
#14845=CARTESIAN_POINT('',(0.170125880325351,-0.1215,0.011));
#14846=CARTESIAN_POINT('',(0.175291900756453,-0.1215,0.014));
#14847=CARTESIAN_POINT('',(0.179,-0.12,0.014));
#14848=CARTESIAN_POINT('',(0.175291900756452,-0.1185,0.014));
#14849=CARTESIAN_POINT('',(0.170125880325351,-0.1185,0.011));
#14850=CARTESIAN_POINT('',(0.171839781651689,-0.1185,0.0120139576986981));
#14851=CARTESIAN_POINT('',(0.173551373282612,-0.1185,0.0130318927086321));
#14852=CARTESIAN_POINT('',(0.175291900756452,-0.1185,0.014));
#14853=CARTESIAN_POINT('',(-0.0255,-0.1185,0.011));
#14854=CARTESIAN_POINT('',(-0.0255,-0.1185,0.008));
#14855=CARTESIAN_POINT('',(0.152708099243548,-0.1185,0.008));
#14856=CARTESIAN_POINT('',(0.175291900756452,-0.1185,0.008));
#14857=CARTESIAN_POINT('',(0.152708099243548,-0.1185,0.015));
#14858=CARTESIAN_POINT('',(0.175291900756452,-0.1185,0.015));
#14859=CARTESIAN_POINT('',(0.179,-0.12,0.011));
#14860=CARTESIAN_POINT('',(0.1775,-0.116291900756452,0.014));
#14861=CARTESIAN_POINT('',(0.1775,-0.114551453308697,0.0130319372203315));
#14862=CARTESIAN_POINT('',(0.1775,-0.112839783161593,0.012013958591969));
#14863=CARTESIAN_POINT('',(0.1775,-0.111125880325351,0.011));
#14864=CARTESIAN_POINT('',(0.1775,-0.116291900756452,0.014));
#14865=CARTESIAN_POINT('',(0.1775,-0.111125880325351,0.011));
#14866=CARTESIAN_POINT('',(0.179,-0.12,0.014));
#14867=CARTESIAN_POINT('',(0.1805,-0.116291900756452,0.014));
#14868=CARTESIAN_POINT('',(0.1805,-0.11112588032535,0.011));
#14869=CARTESIAN_POINT('',(0.1805,-0.112839781651689,0.0120139576986981));
#14870=CARTESIAN_POINT('',(0.1805,-0.114551373282612,0.0130318927086321));
#14871=CARTESIAN_POINT('',(0.1805,-0.116291900756452,0.014));
#14872=CARTESIAN_POINT('',(0.1805,-0.11112588032535,0.011));
#14873=CARTESIAN_POINT('',(0.179,-0.12,0.011));
#14874=CARTESIAN_POINT('',(0.179,0.0681126952174646,0.011));
#14875=CARTESIAN_POINT('',(0.1775,0.0681126952174646,0.011));
#14876=CARTESIAN_POINT('',(0.1775,-0.0988741196746493,0.011));
#14877=CARTESIAN_POINT('',(0.1805,0.0681126952174646,0.011));
#14878=CARTESIAN_POINT('',(0.1805,-0.0988741196746496,0.011));
#14879=CARTESIAN_POINT('',(0.179,-0.09,0.011));
#14880=CARTESIAN_POINT('',(-0.000999999999999945,0.,0.015));
#14881=CARTESIAN_POINT('',(0.179,-0.09,0.015));
#14882=CARTESIAN_POINT('',(0.183,-0.09,0.015));
#14883=CARTESIAN_POINT('',(0.179,-0.09,0.011));
#14884=CARTESIAN_POINT('',(0.1805,-0.0937080992435481,0.014));
#14885=CARTESIAN_POINT('',(0.1805,-0.0954485466913034,0.0130319372203315));
#14886=CARTESIAN_POINT('',(0.1805,-0.0971602168384074,0.0120139585919689));
#14887=CARTESIAN_POINT('',(0.1805,-0.0988741196746495,0.011));
#14888=CARTESIAN_POINT('',(0.1805,-0.0937080992435481,0.014));
#14889=CARTESIAN_POINT('',(0.179,-0.09,0.014));
#14890=CARTESIAN_POINT('',(0.1775,-0.0937080992435475,0.014));
#14891=CARTESIAN_POINT('',(0.1775,-0.0988741196746493,0.011));
#14892=CARTESIAN_POINT('',(0.1775,-0.0971602183483104,0.0120139576986981));
#14893=CARTESIAN_POINT('',(0.1775,-0.0954486267173872,0.0130318927086321));
#14894=CARTESIAN_POINT('',(0.1775,-0.0937080992435475,0.014));
#14895=CARTESIAN_POINT('',(0.1775,0.0681126952174646,0.011));
#14896=CARTESIAN_POINT('',(0.1775,-0.116291900756452,0.015));
#14897=CARTESIAN_POINT('',(0.1775,-0.116291900756452,0.008));
#14898=CARTESIAN_POINT('',(0.1775,-0.0937080992435475,0.015));
#14899=CARTESIAN_POINT('',(0.1775,-0.0937080992435475,0.008));
#14900=CARTESIAN_POINT('',(0.1775,0.0681126952174646,0.008));
#14901=CARTESIAN_POINT('',(-0.0255,-0.0915,0.011));
#14902=CARTESIAN_POINT('',(-0.0255,-0.0915,0.008));
#14903=CARTESIAN_POINT('',(0.175291900756453,-0.0915,0.008));
#14904=CARTESIAN_POINT('',(0.175291900756453,-0.0915,0.015));
#14905=CARTESIAN_POINT('',(0.175291900756453,-0.0915,0.014));
#14906=CARTESIAN_POINT('',(0.175291900756453,-0.0915,0.014));
#14907=CARTESIAN_POINT('',(0.173551453308697,-0.0915,0.0130319372203315));
#14908=CARTESIAN_POINT('',(0.171839783161593,-0.0915,0.012013958591969));
#14909=CARTESIAN_POINT('',(0.170125880325351,-0.0915,0.011));
#14910=CARTESIAN_POINT('',(0.179,-0.09,0.011));
#14911=CARTESIAN_POINT('',(0.179,-0.09,0.014));
#14912=CARTESIAN_POINT('',(0.175291900756452,-0.0885,0.014));
#14913=CARTESIAN_POINT('',(0.170125880325351,-0.0885,0.011));
#14914=CARTESIAN_POINT('',(0.171839781651689,-0.0885,0.0120139576986981));
#14915=CARTESIAN_POINT('',(0.173551373282612,-0.0885,0.0130318927086321));
#14916=CARTESIAN_POINT('',(0.175291900756452,-0.0885,0.014));
#14917=CARTESIAN_POINT('',(-0.0255,-0.0885,0.011));
#14918=CARTESIAN_POINT('',(-0.0255,-0.0885,0.008));
#14919=CARTESIAN_POINT('',(0.175291900756452,-0.0885,0.008));
#14920=CARTESIAN_POINT('',(0.175291900756452,-0.0885,0.015));
#14921=CARTESIAN_POINT('',(0.179,-0.09,0.011));
#14922=CARTESIAN_POINT('',(0.1775,-0.0862919007564525,0.014));
#14923=CARTESIAN_POINT('',(0.1775,-0.0845514533086971,0.0130319372203315));
#14924=CARTESIAN_POINT('',(0.1775,-0.0828397831615929,0.012013958591969));
#14925=CARTESIAN_POINT('',(0.1775,-0.0811258803253507,0.011));
#14926=CARTESIAN_POINT('',(0.1775,-0.0862919007564525,0.014));
#14927=CARTESIAN_POINT('',(0.1775,-0.0811258803253507,0.011));
#14928=CARTESIAN_POINT('',(0.179,-0.09,0.014));
#14929=CARTESIAN_POINT('',(0.1805,-0.0862919007564519,0.014));
#14930=CARTESIAN_POINT('',(0.1805,-0.0811258803253505,0.011));
#14931=CARTESIAN_POINT('',(0.1805,-0.0828397816516893,0.0120139576986981));
#14932=CARTESIAN_POINT('',(0.1805,-0.0845513732826123,0.0130318927086321));
#14933=CARTESIAN_POINT('',(0.1805,-0.0862919007564519,0.014));
#14934=CARTESIAN_POINT('',(0.1805,-0.0811258803253505,0.011));
#14935=CARTESIAN_POINT('',(0.179,-0.09,0.011));
#14936=CARTESIAN_POINT('',(0.179,0.0681126952174646,0.011));
#14937=CARTESIAN_POINT('',(0.1775,0.0681126952174646,0.011));
#14938=CARTESIAN_POINT('',(0.1775,-0.0688741196746493,0.011));
#14939=CARTESIAN_POINT('',(0.1805,0.0681126952174646,0.011));
#14940=CARTESIAN_POINT('',(0.1805,-0.0688741196746495,0.011));
#14941=CARTESIAN_POINT('',(0.179,-0.06,0.011));
#14942=CARTESIAN_POINT('',(-0.000999999999999945,0.,0.015));
#14943=CARTESIAN_POINT('',(0.179,-0.06,0.015));
#14944=CARTESIAN_POINT('',(0.183,-0.06,0.015));
#14945=CARTESIAN_POINT('',(0.179,-0.06,0.011));
#14946=CARTESIAN_POINT('',(0.1805,-0.0637080992435481,0.014));
#14947=CARTESIAN_POINT('',(0.1805,-0.0654485466913034,0.0130319372203316));
#14948=CARTESIAN_POINT('',(0.1805,-0.0671602168384074,0.0120139585919689));
#14949=CARTESIAN_POINT('',(0.1805,-0.0688741196746495,0.011));
#14950=CARTESIAN_POINT('',(0.1805,-0.0637080992435481,0.014));
#14951=CARTESIAN_POINT('',(0.179,-0.06,0.014));
#14952=CARTESIAN_POINT('',(0.1775,-0.0637080992435476,0.014));
#14953=CARTESIAN_POINT('',(0.1775,-0.0688741196746493,0.011));
#14954=CARTESIAN_POINT('',(0.1775,-0.0671602183483104,0.0120139576986981));
#14955=CARTESIAN_POINT('',(0.1775,-0.0654486267173873,0.0130318927086321));
#14956=CARTESIAN_POINT('',(0.1775,-0.0637080992435476,0.014));
#14957=CARTESIAN_POINT('',(0.1775,0.0681126952174646,0.011));
#14958=CARTESIAN_POINT('',(0.1775,-0.0862919007564525,0.015));
#14959=CARTESIAN_POINT('',(0.1775,-0.0862919007564525,0.008));
#14960=CARTESIAN_POINT('',(0.1775,-0.0637080992435476,0.015));
#14961=CARTESIAN_POINT('',(0.1775,-0.0637080992435476,0.008));
#14962=CARTESIAN_POINT('',(0.1775,0.0681126952174646,0.008));
#14963=CARTESIAN_POINT('',(-0.0255,-0.0615,0.011));
#14964=CARTESIAN_POINT('',(-0.0255,-0.0615,0.008));
#14965=CARTESIAN_POINT('',(0.175291900756453,-0.0615,0.008));
#14966=CARTESIAN_POINT('',(0.175291900756453,-0.0615,0.015));
#14967=CARTESIAN_POINT('',(0.175291900756453,-0.0615,0.014));
#14968=CARTESIAN_POINT('',(0.175291900756453,-0.0615,0.014));
#14969=CARTESIAN_POINT('',(0.173551453308697,-0.0615,0.0130319372203315));
#14970=CARTESIAN_POINT('',(0.171839783161593,-0.0615,0.012013958591969));
#14971=CARTESIAN_POINT('',(0.170125880325351,-0.0615,0.011));
#14972=CARTESIAN_POINT('',(0.179,-0.06,0.011));
#14973=CARTESIAN_POINT('',(0.179,-0.06,0.014));
#14974=CARTESIAN_POINT('',(0.175291900756452,-0.0585,0.014));
#14975=CARTESIAN_POINT('',(0.170125880325351,-0.0585,0.011));
#14976=CARTESIAN_POINT('',(0.171839781651689,-0.0585,0.0120139576986981));
#14977=CARTESIAN_POINT('',(0.173551373282612,-0.0585,0.0130318927086321));
#14978=CARTESIAN_POINT('',(0.175291900756452,-0.0585,0.014));
#14979=CARTESIAN_POINT('',(-0.0255,-0.0585,0.011));
#14980=CARTESIAN_POINT('',(-0.0255,-0.0585,0.008));
#14981=CARTESIAN_POINT('',(0.175291900756452,-0.0585,0.008));
#14982=CARTESIAN_POINT('',(0.175291900756452,-0.0585,0.015));
#14983=CARTESIAN_POINT('',(0.179,-0.06,0.011));
#14984=CARTESIAN_POINT('',(0.1775,-0.0562919007564524,0.014));
#14985=CARTESIAN_POINT('',(0.1775,-0.054551453308697,0.0130319372203315));
#14986=CARTESIAN_POINT('',(0.1775,-0.0528397831615929,0.012013958591969));
#14987=CARTESIAN_POINT('',(0.1775,-0.0511258803253507,0.011));
#14988=CARTESIAN_POINT('',(0.1775,-0.0562919007564524,0.014));
#14989=CARTESIAN_POINT('',(0.1775,-0.0511258803253507,0.011));
#14990=CARTESIAN_POINT('',(0.179,-0.06,0.014));
#14991=CARTESIAN_POINT('',(0.1805,-0.0562919007564519,0.014));
#14992=CARTESIAN_POINT('',(0.1805,-0.0511258803253505,0.011));
#14993=CARTESIAN_POINT('',(0.1805,-0.0528397816516893,0.0120139576986981));
#14994=CARTESIAN_POINT('',(0.1805,-0.0545513732826123,0.0130318927086321));
#14995=CARTESIAN_POINT('',(0.1805,-0.0562919007564519,0.014));
#14996=CARTESIAN_POINT('',(0.1805,-0.0511258803253505,0.011));
#14997=CARTESIAN_POINT('',(0.179,-0.06,0.011));
#14998=CARTESIAN_POINT('',(0.179,0.0681126952174646,0.011));
#14999=CARTESIAN_POINT('',(0.1775,0.0681126952174646,0.011));
#15000=CARTESIAN_POINT('',(0.1775,-0.0388741196746493,0.011));
#15001=CARTESIAN_POINT('',(0.1805,0.0681126952174646,0.011));
#15002=CARTESIAN_POINT('',(0.1805,-0.0388741196746496,0.011));
#15003=CARTESIAN_POINT('',(0.179,-0.03,0.011));
#15004=CARTESIAN_POINT('',(-0.000999999999999945,0.,0.015));
#15005=CARTESIAN_POINT('',(0.179,-0.03,0.015));
#15006=CARTESIAN_POINT('',(0.183,-0.03,0.015));
#15007=CARTESIAN_POINT('',(0.179,-0.03,0.011));
#15008=CARTESIAN_POINT('',(0.1805,-0.0337080992435482,0.014));
#15009=CARTESIAN_POINT('',(0.1805,-0.0354485466913035,0.0130319372203316));
#15010=CARTESIAN_POINT('',(0.1805,-0.0371602168384074,0.0120139585919689));
#15011=CARTESIAN_POINT('',(0.1805,-0.0388741196746496,0.011));
#15012=CARTESIAN_POINT('',(0.1805,-0.0337080992435482,0.014));
#15013=CARTESIAN_POINT('',(0.179,-0.03,0.014));
#15014=CARTESIAN_POINT('',(0.1775,-0.0337080992435475,0.014));
#15015=CARTESIAN_POINT('',(0.1775,-0.0388741196746493,0.011));
#15016=CARTESIAN_POINT('',(0.1775,-0.0371602183483104,0.0120139576986981));
#15017=CARTESIAN_POINT('',(0.1775,-0.0354486267173873,0.0130318927086321));
#15018=CARTESIAN_POINT('',(0.1775,-0.0337080992435475,0.014));
#15019=CARTESIAN_POINT('',(0.1775,0.0681126952174646,0.011));
#15020=CARTESIAN_POINT('',(0.1775,-0.0562919007564524,0.015));
#15021=CARTESIAN_POINT('',(0.1775,-0.0562919007564524,0.008));
#15022=CARTESIAN_POINT('',(0.1775,-0.0337080992435475,0.015));
#15023=CARTESIAN_POINT('',(0.1775,-0.0337080992435475,0.008));
#15024=CARTESIAN_POINT('',(0.1775,0.0681126952174646,0.008));
#15025=CARTESIAN_POINT('',(-0.0255,-0.0315,0.011));
#15026=CARTESIAN_POINT('',(0.152708099243548,-0.0315,0.015));
#15027=CARTESIAN_POINT('',(0.152708099243548,-0.0315,0.008));
#15028=CARTESIAN_POINT('',(-0.0255,-0.0315,0.008));
#15029=CARTESIAN_POINT('',(0.175291900756453,-0.0315,0.008));
#15030=CARTESIAN_POINT('',(0.175291900756453,-0.0315,0.015));
#15031=CARTESIAN_POINT('',(0.175291900756453,-0.0315,0.014));
#15032=CARTESIAN_POINT('',(0.175291900756453,-0.0315,0.014));
#15033=CARTESIAN_POINT('',(0.173551453308697,-0.0315,0.0130319372203315));
#15034=CARTESIAN_POINT('',(0.171839783161593,-0.0315,0.012013958591969));
#15035=CARTESIAN_POINT('',(0.170125880325351,-0.0315,0.011));
#15036=CARTESIAN_POINT('',(0.179,-0.03,0.011));
#15037=CARTESIAN_POINT('',(0.179,-0.03,0.014));
#15038=CARTESIAN_POINT('',(0.175291900756452,-0.0285,0.014));
#15039=CARTESIAN_POINT('',(0.170125880325351,-0.0285,0.011));
#15040=CARTESIAN_POINT('',(0.171839781651689,-0.0285,0.0120139576986981));
#15041=CARTESIAN_POINT('',(0.173551373282612,-0.0285,0.0130318927086321));
#15042=CARTESIAN_POINT('',(0.175291900756452,-0.0285,0.014));
#15043=CARTESIAN_POINT('',(-0.000999999999999973,2.77555756156289E-17,0.008));
#15044=CARTESIAN_POINT('',(0.044,-0.0635,0.008));
#15045=CARTESIAN_POINT('',(0.0325,-0.0635,0.008));
#15046=CARTESIAN_POINT('',(0.0555,-0.0635,0.008));
#15047=CARTESIAN_POINT('',(0.0555,-0.075,0.008));
#15048=CARTESIAN_POINT('',(0.0555,-0.0865,0.008));
#15049=CARTESIAN_POINT('',(0.044,-0.0865,0.008));
#15050=CARTESIAN_POINT('',(0.0325,-0.0865,0.008));
#15051=CARTESIAN_POINT('',(0.0325,-0.075,0.008));
#15052=CARTESIAN_POINT('',(-0.000999999999999973,2.77555756156289E-17,0.008));
#15053=CARTESIAN_POINT('',(0.149,-0.03,0.008));
#15054=CARTESIAN_POINT('',(0.119,-0.03,0.008));
#15055=CARTESIAN_POINT('',(0.134,-0.0335,0.008));
#15056=CARTESIAN_POINT('',(0.1225,-0.0335,0.008));
#15057=CARTESIAN_POINT('',(0.1455,-0.0335,0.008));
#15058=CARTESIAN_POINT('',(0.1455,-0.045,0.008));
#15059=CARTESIAN_POINT('',(0.1455,-0.0565,0.008));
#15060=CARTESIAN_POINT('',(0.134,-0.0565,0.008));
#15061=CARTESIAN_POINT('',(0.1225,-0.0565,0.008));
#15062=CARTESIAN_POINT('',(0.1225,-0.045,0.008));
#15063=CARTESIAN_POINT('',(-0.000999999999999973,2.77555756156289E-17,0.008));
#15064=CARTESIAN_POINT('',(0.119,-0.12,0.008));
#15065=CARTESIAN_POINT('',(0.149,-0.12,0.008));
#15066=CARTESIAN_POINT('',(0.134,-0.0935,0.008));
#15067=CARTESIAN_POINT('',(0.1225,-0.0935,0.008));
#15068=CARTESIAN_POINT('',(0.1455,-0.0935,0.008));
#15069=CARTESIAN_POINT('',(0.1455,-0.105,0.008));
#15070=CARTESIAN_POINT('',(0.1455,-0.1165,0.008));
#15071=CARTESIAN_POINT('',(0.134,-0.1165,0.008));
#15072=CARTESIAN_POINT('',(0.1225,-0.1165,0.008));
#15073=CARTESIAN_POINT('',(0.1225,-0.105,0.008));
#15074=CARTESIAN_POINT('',(-0.000999999999999973,2.77555756156289E-17,0.008));
#15075=CARTESIAN_POINT('',(0.149,-0.03,0.008));
#15076=CARTESIAN_POINT('',(0.179,-0.06,0.008));
#15077=CARTESIAN_POINT('',(0.179,-0.03,0.008));
#15078=CARTESIAN_POINT('',(0.164,-0.0335,0.008));
#15079=CARTESIAN_POINT('',(0.1525,-0.0335,0.008));
#15080=CARTESIAN_POINT('',(0.1755,-0.0335,0.008));
#15081=CARTESIAN_POINT('',(0.1755,-0.045,0.008));
#15082=CARTESIAN_POINT('',(0.1755,-0.0565,0.008));
#15083=CARTESIAN_POINT('',(0.164,-0.0565,0.008));
#15084=CARTESIAN_POINT('',(0.1525,-0.0565,0.008));
#15085=CARTESIAN_POINT('',(0.1525,-0.045,0.008));
#15086=CARTESIAN_POINT('',(-0.000999999999999973,2.77555756156289E-17,0.008));
#15087=CARTESIAN_POINT('',(0.149,-0.12,0.008));
#15088=CARTESIAN_POINT('',(0.179,-0.12,0.008));
#15089=CARTESIAN_POINT('',(0.179,-0.09,0.008));
#15090=CARTESIAN_POINT('',(0.164,-0.0935,0.008));
#15091=CARTESIAN_POINT('',(0.1525,-0.0935,0.008));
#15092=CARTESIAN_POINT('',(0.1755,-0.0935,0.008));
#15093=CARTESIAN_POINT('',(0.1755,-0.105,0.008));
#15094=CARTESIAN_POINT('',(0.1755,-0.1165,0.008));
#15095=CARTESIAN_POINT('',(0.164,-0.1165,0.008));
#15096=CARTESIAN_POINT('',(0.1525,-0.1165,0.008));
#15097=CARTESIAN_POINT('',(0.1525,-0.105,0.008));
#15098=CARTESIAN_POINT('',(-0.000999999999999973,2.77555756156289E-17,0.008));
#15099=CARTESIAN_POINT('',(0.074,-0.0635,0.008));
#15100=CARTESIAN_POINT('',(0.0625,-0.0635,0.008));
#15101=CARTESIAN_POINT('',(0.0855,-0.0635,0.008));
#15102=CARTESIAN_POINT('',(0.0855,-0.075,0.008));
#15103=CARTESIAN_POINT('',(0.0855,-0.0865,0.008));
#15104=CARTESIAN_POINT('',(0.074,-0.0865,0.008));
#15105=CARTESIAN_POINT('',(0.0625,-0.0865,0.008));
#15106=CARTESIAN_POINT('',(0.0625,-0.075,0.008));
#15107=CARTESIAN_POINT('',(-0.000999999999999973,2.77555756156289E-17,0.008));
#15108=CARTESIAN_POINT('',(0.104,-0.0635,0.008));
#15109=CARTESIAN_POINT('',(0.0925,-0.0635,0.008));
#15110=CARTESIAN_POINT('',(0.1155,-0.0635,0.008));
#15111=CARTESIAN_POINT('',(0.1155,-0.075,0.008));
#15112=CARTESIAN_POINT('',(0.1155,-0.0865,0.008));
#15113=CARTESIAN_POINT('',(0.104,-0.0865,0.008));
#15114=CARTESIAN_POINT('',(0.0925,-0.0865,0.008));
#15115=CARTESIAN_POINT('',(0.0925,-0.075,0.008));
#15116=CARTESIAN_POINT('',(-0.000999999999999973,2.77555756156289E-17,0.008));
#15117=CARTESIAN_POINT('',(0.089,-0.12,0.008));
#15118=CARTESIAN_POINT('',(0.119,-0.12,0.008));
#15119=CARTESIAN_POINT('',(0.104,-0.0935,0.008));
#15120=CARTESIAN_POINT('',(0.0925,-0.0935,0.008));
#15121=CARTESIAN_POINT('',(0.1155,-0.0935,0.008));
#15122=CARTESIAN_POINT('',(0.1155,-0.105,0.008));
#15123=CARTESIAN_POINT('',(0.1155,-0.1165,0.008));
#15124=CARTESIAN_POINT('',(0.104,-0.1165,0.008));
#15125=CARTESIAN_POINT('',(0.0925,-0.1165,0.008));
#15126=CARTESIAN_POINT('',(0.0925,-0.105,0.008));
#15127=CARTESIAN_POINT('',(-0.000999999999999973,2.77555756156289E-17,0.008));
#15128=CARTESIAN_POINT('',(0.119,-0.03,0.008));
#15129=CARTESIAN_POINT('',(0.089,-0.03,0.008));
#15130=CARTESIAN_POINT('',(0.104,-0.0335,0.008));
#15131=CARTESIAN_POINT('',(0.0925,-0.0335,0.008));
#15132=CARTESIAN_POINT('',(0.1155,-0.0335,0.008));
#15133=CARTESIAN_POINT('',(0.1155,-0.045,0.008));
#15134=CARTESIAN_POINT('',(0.1155,-0.0565,0.008));
#15135=CARTESIAN_POINT('',(0.104,-0.0565,0.008));
#15136=CARTESIAN_POINT('',(0.0925,-0.0565,0.008));
#15137=CARTESIAN_POINT('',(0.0925,-0.045,0.008));
#15138=CARTESIAN_POINT('',(-0.000999999999999973,2.77555756156289E-17,0.008));
#15139=CARTESIAN_POINT('',(0.059,-0.12,0.008));
#15140=CARTESIAN_POINT('',(0.089,-0.12,0.008));
#15141=CARTESIAN_POINT('',(0.074,-0.0935,0.008));
#15142=CARTESIAN_POINT('',(0.0625,-0.0935,0.008));
#15143=CARTESIAN_POINT('',(0.0855,-0.0935,0.008));
#15144=CARTESIAN_POINT('',(0.0855,-0.105,0.008));
#15145=CARTESIAN_POINT('',(0.0855,-0.1165,0.008));
#15146=CARTESIAN_POINT('',(0.074,-0.1165,0.008));
#15147=CARTESIAN_POINT('',(0.0625,-0.1165,0.008));
#15148=CARTESIAN_POINT('',(0.0625,-0.105,0.008));
#15149=CARTESIAN_POINT('',(-0.000999999999999973,2.77555756156289E-17,0.008));
#15150=CARTESIAN_POINT('',(0.089,-0.03,0.008));
#15151=CARTESIAN_POINT('',(0.059,-0.03,0.008));
#15152=CARTESIAN_POINT('',(0.074,-0.0335,0.008));
#15153=CARTESIAN_POINT('',(0.0625,-0.0335,0.008));
#15154=CARTESIAN_POINT('',(0.0855,-0.0335,0.008));
#15155=CARTESIAN_POINT('',(0.0855,-0.045,0.008));
#15156=CARTESIAN_POINT('',(0.0855,-0.0565,0.008));
#15157=CARTESIAN_POINT('',(0.074,-0.0565,0.008));
#15158=CARTESIAN_POINT('',(0.0625,-0.0565,0.008));
#15159=CARTESIAN_POINT('',(0.0625,-0.045,0.008));
#15160=CARTESIAN_POINT('',(-0.000999999999999973,2.77555756156289E-17,0.008));
#15161=CARTESIAN_POINT('',(0.179,-0.09,0.008));
#15162=CARTESIAN_POINT('',(0.179,-0.06,0.008));
#15163=CARTESIAN_POINT('',(0.164,-0.0635,0.008));
#15164=CARTESIAN_POINT('',(0.1525,-0.0635,0.008));
#15165=CARTESIAN_POINT('',(0.1755,-0.0635,0.008));
#15166=CARTESIAN_POINT('',(0.1755,-0.075,0.008));
#15167=CARTESIAN_POINT('',(0.1755,-0.0865,0.008));
#15168=CARTESIAN_POINT('',(0.164,-0.0865,0.008));
#15169=CARTESIAN_POINT('',(0.1525,-0.0865,0.008));
#15170=CARTESIAN_POINT('',(0.1525,-0.075,0.008));
#15171=CARTESIAN_POINT('',(-0.000999999999999973,2.77555756156289E-17,0.008));
#15172=CARTESIAN_POINT('',(0.134,-0.0635,0.008));
#15173=CARTESIAN_POINT('',(0.1225,-0.0635,0.008));
#15174=CARTESIAN_POINT('',(0.1455,-0.0635,0.008));
#15175=CARTESIAN_POINT('',(0.1455,-0.075,0.008));
#15176=CARTESIAN_POINT('',(0.1455,-0.0865,0.008));
#15177=CARTESIAN_POINT('',(0.134,-0.0865,0.008));
#15178=CARTESIAN_POINT('',(0.1225,-0.0865,0.008));
#15179=CARTESIAN_POINT('',(0.1225,-0.075,0.008));
#15180=CARTESIAN_POINT('',(-0.000999999999999973,2.77555756156289E-17,0.008));
#15181=CARTESIAN_POINT('',(0.029,-0.12,0.008));
#15182=CARTESIAN_POINT('',(0.059,-0.12,0.008));
#15183=CARTESIAN_POINT('',(0.044,-0.0935,0.008));
#15184=CARTESIAN_POINT('',(0.0325,-0.0935,0.008));
#15185=CARTESIAN_POINT('',(0.0555,-0.0935,0.008));
#15186=CARTESIAN_POINT('',(0.0555,-0.105,0.008));
#15187=CARTESIAN_POINT('',(0.0555,-0.1165,0.008));
#15188=CARTESIAN_POINT('',(0.044,-0.1165,0.008));
#15189=CARTESIAN_POINT('',(0.0325,-0.1165,0.008));
#15190=CARTESIAN_POINT('',(0.0325,-0.105,0.008));
#15191=CARTESIAN_POINT('',(-0.0255,-0.06,0.011));
#15192=CARTESIAN_POINT('',(0.0139999999999997,-0.06,0.011));
#15193=CARTESIAN_POINT('',(0.0139999999999997,-0.0615,0.011));
#15194=CARTESIAN_POINT('',(0.0139999999999997,-0.0585,0.011));
#15195=CARTESIAN_POINT('',(-0.0255,-0.0615,0.011));
#15196=CARTESIAN_POINT('',(-0.0255,-0.0585,0.011));
#15197=CARTESIAN_POINT('',(-0.0255,-0.0615,0.011));
#15198=CARTESIAN_POINT('',(0.0139999999999997,-0.0615,0.011));
#15199=CARTESIAN_POINT('',(0.0139999999999997,-0.0615,0.008));
#15200=CARTESIAN_POINT('',(-0.0255,-0.0615,0.008));
#15201=CARTESIAN_POINT('',(-0.0255,-0.0585,0.011));
#15202=CARTESIAN_POINT('',(0.0139999999999997,-0.0585,0.011));
#15203=CARTESIAN_POINT('',(0.0139999999999997,-0.0585,0.008));
#15204=CARTESIAN_POINT('',(-0.0255,-0.0585,0.008));
#15205=CARTESIAN_POINT('',(-0.0255,-0.09,0.011));
#15206=CARTESIAN_POINT('',(-0.0255,-0.0915,0.011));
#15207=CARTESIAN_POINT('',(-0.0255,-0.0885,0.011));
#15208=CARTESIAN_POINT('',(-0.0255,-0.0915,0.011));
#15209=CARTESIAN_POINT('',(-0.0255,-0.0915,0.008));
#15210=CARTESIAN_POINT('',(-0.000999999999999973,2.77555756156289E-17,0.008));
#15211=CARTESIAN_POINT('',(0.0085,-0.087,0.008));
#15212=CARTESIAN_POINT('',(0.0259999999999996,-0.087,0.008));
#15213=CARTESIAN_POINT('',(-0.0255,-0.0885,0.008));
#15214=CARTESIAN_POINT('',(0.0139999999999997,2.77555756156289E-17,0.008));
#15215=CARTESIAN_POINT('',(0.0139999999999997,-0.063,0.008));
#15216=CARTESIAN_POINT('',(0.01725,-0.063,0.008));
#15217=CARTESIAN_POINT('',(0.0259999999999996,-0.063,0.008));
#15218=CARTESIAN_POINT('',(0.0259999999999996,-0.087,0.008));
#15219=CARTESIAN_POINT('',(-0.0255,-0.0885,0.011));
#15220=CARTESIAN_POINT('',(-0.000999999999999973,2.77555756156289E-17,0.008));
#15221=CARTESIAN_POINT('',(0.0139999999999997,2.77555756156289E-17,0.008));
#15222=CARTESIAN_POINT('',(0.0139999999999997,-0.1185,0.008));
#15223=CARTESIAN_POINT('',(0.0139999999999997,-0.1165,0.008));
#15224=CARTESIAN_POINT('',(-0.0255,-0.1185,0.008));
#15225=CARTESIAN_POINT('',(0.0252919007564522,-0.1185,0.008));
#15226=CARTESIAN_POINT('',(0.029,-0.12,0.008));
#15227=CARTESIAN_POINT('',(0.014,-0.0935,0.008));
#15228=CARTESIAN_POINT('',(0.0255,-0.0935,0.008));
#15229=CARTESIAN_POINT('',(0.0255,-0.105,0.008));
#15230=CARTESIAN_POINT('',(0.0255,-0.1165,0.008));
#15231=CARTESIAN_POINT('',(0.014,-0.1165,0.008));
#15232=CARTESIAN_POINT('',(-0.0255,-0.1185,0.011));
#15233=CARTESIAN_POINT('',(0.0139999999999997,-0.1185,0.011));
#15234=CARTESIAN_POINT('',(0.0139999999999997,-0.1185,0.011));
#15235=CARTESIAN_POINT('',(-0.0255,-0.1185,0.011));
#15236=CARTESIAN_POINT('',(0.0252919007564522,-0.1185,0.015));
#15237=CARTESIAN_POINT('',(-0.0255,-0.12,0.011));
#15238=CARTESIAN_POINT('',(0.0139999999999997,-0.12,0.011));
#15239=CARTESIAN_POINT('',(0.0139999999999997,-0.1215,0.011));
#15240=CARTESIAN_POINT('',(-0.0255,-0.1215,0.011));
#15241=CARTESIAN_POINT('',(-0.000999999999999945,0.,0.015));
#15242=CARTESIAN_POINT('',(0.029,-0.03,0.015));
#15243=CARTESIAN_POINT('',(0.033,-0.03,0.015));
#15244=CARTESIAN_POINT('',(0.029,-0.03,0.011));
#15245=CARTESIAN_POINT('',(0.032708099243548,-0.0285,0.014));
#15246=CARTESIAN_POINT('',(0.0344485466913033,-0.0285,0.0130319372203315));
#15247=CARTESIAN_POINT('',(0.0361602168384073,-0.0285,0.0120139585919689));
#15248=CARTESIAN_POINT('',(0.0378741196746495,-0.0285,0.011));
#15249=CARTESIAN_POINT('',(0.032708099243548,-0.0285,0.014));
#15250=CARTESIAN_POINT('',(0.029,-0.03,0.014));
#15251=CARTESIAN_POINT('',(0.0327080992435479,-0.0315,0.014));
#15252=CARTESIAN_POINT('',(0.0378741196746495,-0.0315,0.011));
#15253=CARTESIAN_POINT('',(0.0361602183483106,-0.0315,0.0120139576986981));
#15254=CARTESIAN_POINT('',(0.0344486267173875,-0.0315,0.0130318927086321));
#15255=CARTESIAN_POINT('',(0.0327080992435479,-0.0315,0.014));
#15256=CARTESIAN_POINT('',(-0.0255,-0.0315,0.011));
#15257=CARTESIAN_POINT('',(0.0327080992435479,-0.0315,0.015));
#15258=CARTESIAN_POINT('',(0.0327080992435479,-0.0315,0.008));
#15259=CARTESIAN_POINT('',(-0.0255,-0.0315,0.008));
#15260=CARTESIAN_POINT('',(0.0552919007564523,-0.0315,0.008));
#15261=CARTESIAN_POINT('',(0.0552919007564523,-0.0315,0.015));
#15262=CARTESIAN_POINT('',(-0.000999999999999973,2.77555756156289E-17,0.008));
#15263=CARTESIAN_POINT('',(0.059,-0.03,0.008));
#15264=CARTESIAN_POINT('',(0.029,-0.03,0.008));
#15265=CARTESIAN_POINT('',(0.0304999999999996,-0.033708099243548,0.008));
#15266=CARTESIAN_POINT('',(0.0304999999999996,0.0681126952174645,0.008));
#15267=CARTESIAN_POINT('',(0.044,-0.0335,0.008));
#15268=CARTESIAN_POINT('',(0.0325,-0.0335,0.008));
#15269=CARTESIAN_POINT('',(0.0555,-0.0335,0.008));
#15270=CARTESIAN_POINT('',(0.0555,-0.045,0.008));
#15271=CARTESIAN_POINT('',(0.0555,-0.0565,0.008));
#15272=CARTESIAN_POINT('',(0.044,-0.0565,0.008));
#15273=CARTESIAN_POINT('',(0.0325,-0.0565,0.008));
#15274=CARTESIAN_POINT('',(0.0325,-0.045,0.008));
#15275=CARTESIAN_POINT('',(0.0304999999999996,0.0681126952174645,0.011));
#15276=CARTESIAN_POINT('',(0.0304999999999996,-0.033708099243548,0.015));
#15277=CARTESIAN_POINT('',(0.0304999999999996,-0.033708099243548,0.014));
#15278=CARTESIAN_POINT('',(0.0304999999999996,-0.033708099243548,0.014));
#15279=CARTESIAN_POINT('',(0.0304999999999996,-0.0354485466913033,0.0130319372203315));
#15280=CARTESIAN_POINT('',(0.0304999999999996,-0.0371602168384074,0.0120139585919689));
#15281=CARTESIAN_POINT('',(0.0304999999999996,-0.0388741196746495,0.011));
#15282=CARTESIAN_POINT('',(0.029,-0.03,0.011));
#15283=CARTESIAN_POINT('',(0.029,-0.03,0.014));
#15284=CARTESIAN_POINT('',(0.0274999999999996,-0.0337080992435477,0.014));
#15285=CARTESIAN_POINT('',(0.0274999999999996,-0.0388741196746493,0.011));
#15286=CARTESIAN_POINT('',(0.0274999999999996,-0.0371602183483104,0.0120139576986981));
#15287=CARTESIAN_POINT('',(0.0274999999999996,-0.0354486267173874,0.0130318927086321));
#15288=CARTESIAN_POINT('',(0.0274999999999996,-0.0337080992435477,0.014));
#15289=CARTESIAN_POINT('',(0.0274999999999996,0.0681126952174645,0.011));
#15290=CARTESIAN_POINT('',(0.0274999999999996,-0.0337080992435477,0.015));
#15291=CARTESIAN_POINT('',(0.0274999999999996,-0.0337080992435477,0.008));
#15292=CARTESIAN_POINT('',(0.0274999999999996,0.0681126952174645,0.008));
#15293=CARTESIAN_POINT('',(0.029,-0.03,0.011));
#15294=CARTESIAN_POINT('',(0.0252919007564523,-0.0315,0.014));
#15295=CARTESIAN_POINT('',(0.0235514533086969,-0.0315,0.0130319372203315));
#15296=CARTESIAN_POINT('',(0.0218397831615928,-0.0315,0.0120139585919689));
#15297=CARTESIAN_POINT('',(0.0201258803253507,-0.0315,0.011));
#15298=CARTESIAN_POINT('',(0.0252919007564523,-0.0315,0.014));
#15299=CARTESIAN_POINT('',(0.0201258803253507,-0.0315,0.011));
#15300=CARTESIAN_POINT('',(0.029,-0.03,0.014));
#15301=CARTESIAN_POINT('',(0.0252919007564522,-0.0285,0.014));
#15302=CARTESIAN_POINT('',(0.0201258803253506,-0.0285,0.011));
#15303=CARTESIAN_POINT('',(0.0218397816516895,-0.0285,0.0120139576986981));
#15304=CARTESIAN_POINT('',(0.0235513732826125,-0.0285,0.0130318927086321));
#15305=CARTESIAN_POINT('',(0.0252919007564522,-0.0285,0.014));
#15306=CARTESIAN_POINT('',(0.0201258803253506,-0.0285,0.011));
#15307=CARTESIAN_POINT('',(0.029,-0.03,0.011));
#15308=CARTESIAN_POINT('',(-0.0255,-0.0315,0.011));
#15309=CARTESIAN_POINT('',(-0.0255,-0.0315,0.011));
#15310=CARTESIAN_POINT('',(0.0139999999999997,-0.0315,0.011));
#15311=CARTESIAN_POINT('',(0.0139999999999997,-0.0315,0.011));
#15312=CARTESIAN_POINT('',(0.0139999999999997,-0.0315,0.008));
#15313=CARTESIAN_POINT('',(-0.0255,-0.0315,0.008));
#15314=CARTESIAN_POINT('',(0.0252919007564523,-0.0315,0.008));
#15315=CARTESIAN_POINT('',(0.0252919007564523,-0.0315,0.015));
#15316=CARTESIAN_POINT('',(-0.000999999999999973,2.77555756156289E-17,0.008));
#15317=CARTESIAN_POINT('',(0.0139999999999997,2.77555756156289E-17,0.008));
#15318=CARTESIAN_POINT('',(0.0139999999999997,-0.0565,0.008));
#15319=CARTESIAN_POINT('',(0.029,-0.03,0.008));
#15320=CARTESIAN_POINT('',(0.0139999999999997,2.77555756156289E-17,0.008));
#15321=CARTESIAN_POINT('',(0.0139999999999997,-0.0335,0.008));
#15322=CARTESIAN_POINT('',(0.014,-0.0335,0.008));
#15323=CARTESIAN_POINT('',(0.0255,-0.0335,0.008));
#15324=CARTESIAN_POINT('',(0.0255,-0.045,0.008));
#15325=CARTESIAN_POINT('',(0.0255,-0.0565,0.008));
#15326=CARTESIAN_POINT('',(0.014,-0.0565,0.008));
#15327=CARTESIAN_POINT('',(-0.0255,-0.03,0.011));
#15328=CARTESIAN_POINT('',(0.0139999999999997,-0.03,0.011));
#15329=CARTESIAN_POINT('',(0.0139999999999997,-0.0285,0.011));
#15330=CARTESIAN_POINT('',(-0.0255,-0.0285,0.011));
#15331=CARTESIAN_POINT('',(0.119,-0.03,0.011));
#15332=CARTESIAN_POINT('',(0.1175,-0.0262919007564524,0.014));
#15333=CARTESIAN_POINT('',(0.1175,-0.024551453308697,0.0130319372203315));
#15334=CARTESIAN_POINT('',(0.1175,-0.0228397831615929,0.012013958591969));
#15335=CARTESIAN_POINT('',(0.1175,-0.0211258803253506,0.011));
#15336=CARTESIAN_POINT('',(0.1175,-0.0262919007564524,0.014));
#15337=CARTESIAN_POINT('',(0.1175,-0.0211258803253506,0.011));
#15338=CARTESIAN_POINT('',(0.119,-0.03,0.014));
#15339=CARTESIAN_POINT('',(0.1205,-0.0262919007564519,0.014));
#15340=CARTESIAN_POINT('',(0.1205,-0.0211258803253504,0.011));
#15341=CARTESIAN_POINT('',(0.1205,-0.0228397816516893,0.0120139576986981));
#15342=CARTESIAN_POINT('',(0.1205,-0.0245513732826123,0.0130318927086321));
#15343=CARTESIAN_POINT('',(0.1205,-0.0262919007564519,0.014));
#15344=CARTESIAN_POINT('',(0.1205,-0.0211258803253504,0.011));
#15345=CARTESIAN_POINT('',(0.119,-0.03,0.011));
#15346=CARTESIAN_POINT('',(0.089,-0.03,0.011));
#15347=CARTESIAN_POINT('',(0.0875,-0.0262919007564524,0.014));
#15348=CARTESIAN_POINT('',(0.0875,-0.024551453308697,0.0130319372203315));
#15349=CARTESIAN_POINT('',(0.0875,-0.0228397831615929,0.012013958591969));
#15350=CARTESIAN_POINT('',(0.0875,-0.0211258803253506,0.011));
#15351=CARTESIAN_POINT('',(0.0875,-0.0262919007564524,0.014));
#15352=CARTESIAN_POINT('',(0.0875,-0.0211258803253506,0.011));
#15353=CARTESIAN_POINT('',(0.089,-0.03,0.014));
#15354=CARTESIAN_POINT('',(0.0905,-0.0262919007564519,0.014));
#15355=CARTESIAN_POINT('',(0.0905,-0.0211258803253505,0.011));
#15356=CARTESIAN_POINT('',(0.0905,-0.0228397816516893,0.0120139576986981));
#15357=CARTESIAN_POINT('',(0.0905,-0.0245513732826123,0.0130318927086321));
#15358=CARTESIAN_POINT('',(0.0905,-0.0262919007564519,0.014));
#15359=CARTESIAN_POINT('',(0.0905,-0.0211258803253505,0.011));
#15360=CARTESIAN_POINT('',(0.089,-0.03,0.011));
#15361=CARTESIAN_POINT('',(0.149,-0.03,0.011));
#15362=CARTESIAN_POINT('',(0.1475,-0.0262919007564524,0.014));
#15363=CARTESIAN_POINT('',(0.1475,-0.024551453308697,0.0130319372203315));
#15364=CARTESIAN_POINT('',(0.1475,-0.0228397831615929,0.012013958591969));
#15365=CARTESIAN_POINT('',(0.1475,-0.0211258803253506,0.011));
#15366=CARTESIAN_POINT('',(0.1475,-0.0262919007564524,0.014));
#15367=CARTESIAN_POINT('',(0.1475,-0.0211258803253506,0.011));
#15368=CARTESIAN_POINT('',(0.149,-0.03,0.014));
#15369=CARTESIAN_POINT('',(0.1505,-0.0262919007564519,0.014));
#15370=CARTESIAN_POINT('',(0.1505,-0.0211258803253504,0.011));
#15371=CARTESIAN_POINT('',(0.1505,-0.0228397816516893,0.0120139576986981));
#15372=CARTESIAN_POINT('',(0.1505,-0.0245513732826123,0.0130318927086321));
#15373=CARTESIAN_POINT('',(0.1505,-0.0262919007564519,0.014));
#15374=CARTESIAN_POINT('',(0.1505,-0.0211258803253504,0.011));
#15375=CARTESIAN_POINT('',(0.149,-0.03,0.011));
#15376=CARTESIAN_POINT('',(0.059,-0.03,0.011));
#15377=CARTESIAN_POINT('',(0.0575,-0.0262919007564523,0.014));
#15378=CARTESIAN_POINT('',(0.0575,-0.024551453308697,0.0130319372203315));
#15379=CARTESIAN_POINT('',(0.0575,-0.0228397831615928,0.012013958591969));
#15380=CARTESIAN_POINT('',(0.0575,-0.0211258803253506,0.011));
#15381=CARTESIAN_POINT('',(0.0575,-0.0262919007564523,0.014));
#15382=CARTESIAN_POINT('',(0.0575,-0.0211258803253506,0.011));
#15383=CARTESIAN_POINT('',(0.059,-0.03,0.014));
#15384=CARTESIAN_POINT('',(0.0605,-0.0262919007564519,0.014));
#15385=CARTESIAN_POINT('',(0.0605,-0.0211258803253505,0.011));
#15386=CARTESIAN_POINT('',(0.0605,-0.0228397816516893,0.0120139576986981));
#15387=CARTESIAN_POINT('',(0.0605,-0.0245513732826123,0.0130318927086321));
#15388=CARTESIAN_POINT('',(0.0605,-0.0262919007564519,0.014));
#15389=CARTESIAN_POINT('',(0.0605,-0.0211258803253505,0.011));
#15390=CARTESIAN_POINT('',(0.059,-0.03,0.011));
#15391=CARTESIAN_POINT('',(-0.0255,-0.0285,0.011));
#15392=CARTESIAN_POINT('',(-0.0255,-0.0285,0.008));
#15393=CARTESIAN_POINT('',(0.122708099243548,-0.0285,0.008));
#15394=CARTESIAN_POINT('',(0.145291900756452,-0.0285,0.008));
#15395=CARTESIAN_POINT('',(0.122708099243548,-0.0285,0.015));
#15396=CARTESIAN_POINT('',(0.145291900756452,-0.0285,0.015));
#15397=CARTESIAN_POINT('',(0.119,-0.03,0.015));
#15398=CARTESIAN_POINT('',(0.1205,-0.0262919007564519,0.015));
#15399=CARTESIAN_POINT('',(0.1205,-0.0262919007564519,0.008));
#15400=CARTESIAN_POINT('',(0.1175,-0.0262919007564524,0.015));
#15401=CARTESIAN_POINT('',(0.1175,-0.0262919007564524,0.008));
#15402=CARTESIAN_POINT('',(0.119,-0.03,0.008));
#15403=CARTESIAN_POINT('',(0.115291900756452,-0.0285,0.008));
#15404=CARTESIAN_POINT('',(0.115291900756452,-0.0285,0.015));
#15405=CARTESIAN_POINT('',(0.119,-0.03,0.008));
#15406=CARTESIAN_POINT('',(-0.0255,-0.0285,0.011));
#15407=CARTESIAN_POINT('',(0.0927080992435479,-0.0285,0.015));
#15408=CARTESIAN_POINT('',(0.0927080992435479,-0.0285,0.008));
#15409=CARTESIAN_POINT('',(-0.0255,-0.0285,0.008));
#15410=CARTESIAN_POINT('',(0.089,-0.03,0.015));
#15411=CARTESIAN_POINT('',(0.0905,-0.0262919007564519,0.015));
#15412=CARTESIAN_POINT('',(0.0905,-0.0262919007564519,0.008));
#15413=CARTESIAN_POINT('',(0.0875,-0.0262919007564524,0.015));
#15414=CARTESIAN_POINT('',(0.0875,-0.0262919007564524,0.008));
#15415=CARTESIAN_POINT('',(0.089,-0.03,0.008));
#15416=CARTESIAN_POINT('',(0.0852919007564522,-0.0285,0.008));
#15417=CARTESIAN_POINT('',(0.0852919007564522,-0.0285,0.015));
#15418=CARTESIAN_POINT('',(0.089,-0.03,0.008));
#15419=CARTESIAN_POINT('',(-0.0255,-0.0285,0.011));
#15420=CARTESIAN_POINT('',(-0.0255,-0.0285,0.008));
#15421=CARTESIAN_POINT('',(-0.0255,-0.0285,0.011));
#15422=CARTESIAN_POINT('',(-0.0255,-0.0285,0.008));
#15423=CARTESIAN_POINT('',(0.175291900756452,-0.0285,0.008));
#15424=CARTESIAN_POINT('',(0.175291900756452,-0.0285,0.015));
#15425=CARTESIAN_POINT('',(0.149,-0.03,0.015));
#15426=CARTESIAN_POINT('',(0.1505,-0.0262919007564519,0.015));
#15427=CARTESIAN_POINT('',(0.1475,-0.0262919007564524,0.015));
#15428=CARTESIAN_POINT('',(0.1475,-0.0262919007564524,0.008));
#15429=CARTESIAN_POINT('',(0.149,-0.03,0.008));
#15430=CARTESIAN_POINT('',(0.059,-0.03,0.015));
#15431=CARTESIAN_POINT('',(0.0605,-0.0262919007564519,0.015));
#15432=CARTESIAN_POINT('',(0.0575,-0.0262919007564523,0.015));
#15433=CARTESIAN_POINT('',(0.0575,-0.0262919007564523,0.008));
#15434=CARTESIAN_POINT('',(0.059,-0.03,0.008));
#15435=CARTESIAN_POINT('',(0.0552919007564522,-0.0285,0.008));
#15436=CARTESIAN_POINT('',(0.0552919007564522,-0.0285,0.015));
#15437=CARTESIAN_POINT('',(-0.0255,-0.0285,0.011));
#15438=CARTESIAN_POINT('',(-0.0255,-0.0285,0.008));
#15439=CARTESIAN_POINT('',(0.032708099243548,-0.0285,0.008));
#15440=CARTESIAN_POINT('',(0.032708099243548,-0.0285,0.015));
#15441=CARTESIAN_POINT('',(0.029,-0.03,0.011));
#15442=CARTESIAN_POINT('',(0.0274999999999996,-0.0262919007564523,0.014));
#15443=CARTESIAN_POINT('',(0.0274999999999996,-0.0245514533086969,0.0130319372203316));
#15444=CARTESIAN_POINT('',(0.0274999999999996,-0.0228397831615928,0.0120139585919689));
#15445=CARTESIAN_POINT('',(0.0274999999999996,-0.0211258803253506,0.011));
#15446=CARTESIAN_POINT('',(0.0274999999999996,-0.0262919007564523,0.014));
#15447=CARTESIAN_POINT('',(0.0274999999999996,-0.0211258803253506,0.011));
#15448=CARTESIAN_POINT('',(0.029,-0.03,0.014));
#15449=CARTESIAN_POINT('',(0.0304999999999996,-0.026291900756452,0.014));
#15450=CARTESIAN_POINT('',(0.0304999999999996,-0.0211258803253505,0.011));
#15451=CARTESIAN_POINT('',(0.0304999999999996,-0.0228397816516893,0.0120139576986981));
#15452=CARTESIAN_POINT('',(0.0304999999999996,-0.0245513732826124,0.0130318927086321));
#15453=CARTESIAN_POINT('',(0.0304999999999996,-0.026291900756452,0.014));
#15454=CARTESIAN_POINT('',(0.0304999999999996,-0.0211258803253505,0.011));
#15455=CARTESIAN_POINT('',(0.029,-0.03,0.011));
#15456=CARTESIAN_POINT('',(0.179,-0.03,0.011));
#15457=CARTESIAN_POINT('',(0.1775,-0.0262919007564524,0.014));
#15458=CARTESIAN_POINT('',(0.1775,-0.024551453308697,0.0130319372203315));
#15459=CARTESIAN_POINT('',(0.1775,-0.0228397831615929,0.012013958591969));
#15460=CARTESIAN_POINT('',(0.1775,-0.0211258803253507,0.011));
#15461=CARTESIAN_POINT('',(0.1775,-0.0262919007564524,0.014));
#15462=CARTESIAN_POINT('',(0.1775,-0.0211258803253507,0.011));
#15463=CARTESIAN_POINT('',(0.179,-0.03,0.014));
#15464=CARTESIAN_POINT('',(0.1805,-0.0262919007564519,0.014));
#15465=CARTESIAN_POINT('',(0.1805,-0.0211258803253504,0.011));
#15466=CARTESIAN_POINT('',(0.1805,-0.0228397816516893,0.0120139576986981));
#15467=CARTESIAN_POINT('',(0.1805,-0.0245513732826123,0.0130318927086321));
#15468=CARTESIAN_POINT('',(0.1805,-0.0262919007564519,0.014));
#15469=CARTESIAN_POINT('',(0.1805,-0.0211258803253504,0.011));
#15470=CARTESIAN_POINT('',(0.179,-0.03,0.011));
#15471=CARTESIAN_POINT('',(-0.0255,-0.1215,0.011));
#15472=CARTESIAN_POINT('',(0.0139999999999997,-0.1215,0.011));
#15473=CARTESIAN_POINT('',(0.0252919007564523,-0.1215,0.015));
#15474=CARTESIAN_POINT('',(0.029,-0.12,0.015));
#15475=CARTESIAN_POINT('',(0.0327080992435478,-0.1215,0.015));
#15476=CARTESIAN_POINT('',(-0.0255,-0.1215,0.011));
#15477=CARTESIAN_POINT('',(0.0552919007564523,-0.1215,0.015));
#15478=CARTESIAN_POINT('',(0.059,-0.12,0.015));
#15479=CARTESIAN_POINT('',(0.0627080992435478,-0.1215,0.015));
#15480=CARTESIAN_POINT('',(-0.0255,-0.1215,0.011));
#15481=CARTESIAN_POINT('',(0.0852919007564524,-0.1215,0.015));
#15482=CARTESIAN_POINT('',(0.089,-0.12,0.015));
#15483=CARTESIAN_POINT('',(0.0927080992435479,-0.1215,0.015));
#15484=CARTESIAN_POINT('',(-0.0255,-0.1215,0.011));
#15485=CARTESIAN_POINT('',(0.115291900756452,-0.1215,0.015));
#15486=CARTESIAN_POINT('',(0.119,-0.12,0.015));
#15487=CARTESIAN_POINT('',(0.122708099243548,-0.1215,0.015));
#15488=CARTESIAN_POINT('',(-0.0255,-0.1215,0.011));
#15489=CARTESIAN_POINT('',(0.145291900756452,-0.1215,0.015));
#15490=CARTESIAN_POINT('',(0.149,-0.12,0.015));
#15491=CARTESIAN_POINT('',(0.152708099243548,-0.1215,0.015));
#15492=CARTESIAN_POINT('',(-0.0255,-0.1215,0.011));
#15493=CARTESIAN_POINT('',(0.175291900756453,-0.1215,0.015));
#15494=CARTESIAN_POINT('',(0.179,-0.12,0.015));
#15495=CARTESIAN_POINT('',(0.1805,-0.116291900756452,0.015));
#15496=CARTESIAN_POINT('',(0.1805,0.0681126952174646,0.011));
#15497=CARTESIAN_POINT('',(0.1805,-0.0937080992435481,0.015));
#15498=CARTESIAN_POINT('',(0.179,-0.09,0.015));
#15499=CARTESIAN_POINT('',(0.1805,-0.0862919007564519,0.015));
#15500=CARTESIAN_POINT('',(0.1805,0.0681126952174646,0.011));
#15501=CARTESIAN_POINT('',(0.1805,-0.0637080992435481,0.015));
#15502=CARTESIAN_POINT('',(0.179,-0.06,0.015));
#15503=CARTESIAN_POINT('',(0.1805,-0.0562919007564519,0.015));
#15504=CARTESIAN_POINT('',(0.1805,0.0681126952174646,0.011));
#15505=CARTESIAN_POINT('',(0.1805,-0.0337080992435482,0.015));
#15506=CARTESIAN_POINT('',(0.179,-0.03,0.015));
#15507=CARTESIAN_POINT('',(0.1805,-0.0262919007564519,0.015));
#15508=CARTESIAN_POINT('',(0.1775,-0.0262919007564524,0.015));
#15509=CARTESIAN_POINT('',(0.1775,-0.0262919007564524,0.008));
#15510=CARTESIAN_POINT('',(0.179,-0.03,0.008));
#15511=CARTESIAN_POINT('',(0.044,-0.0865,-2.00000000000027E-6));
#15512=CARTESIAN_POINT('',(0.0325,-0.0865,-2.00000000000027E-6));
#15513=CARTESIAN_POINT('',(0.0555,-0.0865,-2.00000000000027E-6));
#15514=CARTESIAN_POINT('',(0.0325,-0.075,-2.00000000000027E-6));
#15515=CARTESIAN_POINT('',(0.0325,-0.0635,-2.00000000000027E-6));
#15516=CARTESIAN_POINT('',(0.044,-0.0635,-2.00000000000027E-6));
#15517=CARTESIAN_POINT('',(0.0555,-0.0635,-2.00000000000027E-6));
#15518=CARTESIAN_POINT('',(0.0555,-0.075,-2.00000000000027E-6));
#15519=CARTESIAN_POINT('',(0.134,-0.0565,-2.00000000000027E-6));
#15520=CARTESIAN_POINT('',(0.1225,-0.0565,-2.00000000000027E-6));
#15521=CARTESIAN_POINT('',(0.1455,-0.0565,-2.00000000000027E-6));
#15522=CARTESIAN_POINT('',(0.1225,-0.045,-2.00000000000027E-6));
#15523=CARTESIAN_POINT('',(0.1225,-0.0335,-2.00000000000027E-6));
#15524=CARTESIAN_POINT('',(0.134,-0.0335,-2.00000000000027E-6));
#15525=CARTESIAN_POINT('',(0.1455,-0.0335,-2.00000000000027E-6));
#15526=CARTESIAN_POINT('',(0.1455,-0.045,-2.00000000000027E-6));
#15527=CARTESIAN_POINT('',(0.134,-0.1165,-2.00000000000027E-6));
#15528=CARTESIAN_POINT('',(0.1225,-0.1165,-2.00000000000027E-6));
#15529=CARTESIAN_POINT('',(0.1455,-0.1165,-2.00000000000027E-6));
#15530=CARTESIAN_POINT('',(0.1225,-0.105,-2.00000000000027E-6));
#15531=CARTESIAN_POINT('',(0.1225,-0.0935,-2.00000000000027E-6));
#15532=CARTESIAN_POINT('',(0.134,-0.0935,-2.00000000000027E-6));
#15533=CARTESIAN_POINT('',(0.1455,-0.0935,-2.00000000000027E-6));
#15534=CARTESIAN_POINT('',(0.1455,-0.105,-2.00000000000027E-6));
#15535=CARTESIAN_POINT('',(0.164,-0.0565,-2.00000000000027E-6));
#15536=CARTESIAN_POINT('',(0.1525,-0.0565,-2.00000000000027E-6));
#15537=CARTESIAN_POINT('',(0.1755,-0.0565,-2.00000000000027E-6));
#15538=CARTESIAN_POINT('',(0.1525,-0.045,-2.00000000000027E-6));
#15539=CARTESIAN_POINT('',(0.1525,-0.0335,-2.00000000000027E-6));
#15540=CARTESIAN_POINT('',(0.164,-0.0335,-2.00000000000027E-6));
#15541=CARTESIAN_POINT('',(0.1755,-0.0335,-2.00000000000027E-6));
#15542=CARTESIAN_POINT('',(0.1755,-0.045,-2.00000000000027E-6));
#15543=CARTESIAN_POINT('',(0.164,-0.1165,-2.00000000000027E-6));
#15544=CARTESIAN_POINT('',(0.1525,-0.1165,-2.00000000000027E-6));
#15545=CARTESIAN_POINT('',(0.1755,-0.1165,-2.00000000000027E-6));
#15546=CARTESIAN_POINT('',(0.1525,-0.105,-2.00000000000027E-6));
#15547=CARTESIAN_POINT('',(0.1525,-0.0935,-2.00000000000027E-6));
#15548=CARTESIAN_POINT('',(0.164,-0.0935,-2.00000000000027E-6));
#15549=CARTESIAN_POINT('',(0.1755,-0.0935,-2.00000000000027E-6));
#15550=CARTESIAN_POINT('',(0.1755,-0.105,-2.00000000000027E-6));
#15551=CARTESIAN_POINT('',(0.074,-0.0865,-2.00000000000027E-6));
#15552=CARTESIAN_POINT('',(0.0625,-0.0865,-2.00000000000027E-6));
#15553=CARTESIAN_POINT('',(0.0855,-0.0865,-2.00000000000027E-6));
#15554=CARTESIAN_POINT('',(0.0625,-0.075,-2.00000000000027E-6));
#15555=CARTESIAN_POINT('',(0.0625,-0.0635,-2.00000000000027E-6));
#15556=CARTESIAN_POINT('',(0.074,-0.0635,-2.00000000000027E-6));
#15557=CARTESIAN_POINT('',(0.0855,-0.0635,-2.00000000000027E-6));
#15558=CARTESIAN_POINT('',(0.0855,-0.075,-2.00000000000027E-6));
#15559=CARTESIAN_POINT('',(0.104,-0.0865,-2.00000000000027E-6));
#15560=CARTESIAN_POINT('',(0.0925,-0.0865,-2.00000000000027E-6));
#15561=CARTESIAN_POINT('',(0.1155,-0.0865,-2.00000000000027E-6));
#15562=CARTESIAN_POINT('',(0.0925,-0.075,-2.00000000000027E-6));
#15563=CARTESIAN_POINT('',(0.0925,-0.0635,-2.00000000000027E-6));
#15564=CARTESIAN_POINT('',(0.104,-0.0635,-2.00000000000027E-6));
#15565=CARTESIAN_POINT('',(0.1155,-0.0635,-2.00000000000027E-6));
#15566=CARTESIAN_POINT('',(0.1155,-0.075,-2.00000000000027E-6));
#15567=CARTESIAN_POINT('',(0.104,-0.1165,-2.00000000000027E-6));
#15568=CARTESIAN_POINT('',(0.0925,-0.1165,-2.00000000000027E-6));
#15569=CARTESIAN_POINT('',(0.1155,-0.1165,-2.00000000000027E-6));
#15570=CARTESIAN_POINT('',(0.0925,-0.105,-2.00000000000027E-6));
#15571=CARTESIAN_POINT('',(0.0925,-0.0935,-2.00000000000027E-6));
#15572=CARTESIAN_POINT('',(0.104,-0.0935,-2.00000000000027E-6));
#15573=CARTESIAN_POINT('',(0.1155,-0.0935,-2.00000000000027E-6));
#15574=CARTESIAN_POINT('',(0.1155,-0.105,-2.00000000000027E-6));
#15575=CARTESIAN_POINT('',(0.104,-0.0565,-2.00000000000027E-6));
#15576=CARTESIAN_POINT('',(0.0925,-0.0565,-2.00000000000027E-6));
#15577=CARTESIAN_POINT('',(0.1155,-0.0565,-2.00000000000027E-6));
#15578=CARTESIAN_POINT('',(0.0925,-0.045,-2.00000000000027E-6));
#15579=CARTESIAN_POINT('',(0.0925,-0.0335,-2.00000000000027E-6));
#15580=CARTESIAN_POINT('',(0.104,-0.0335,-2.00000000000027E-6));
#15581=CARTESIAN_POINT('',(0.1155,-0.0335,-2.00000000000027E-6));
#15582=CARTESIAN_POINT('',(0.1155,-0.045,-2.00000000000027E-6));
#15583=CARTESIAN_POINT('',(0.074,-0.1165,-2.00000000000027E-6));
#15584=CARTESIAN_POINT('',(0.0625,-0.1165,-2.00000000000027E-6));
#15585=CARTESIAN_POINT('',(0.0855,-0.1165,-2.00000000000027E-6));
#15586=CARTESIAN_POINT('',(0.0625,-0.105,-2.00000000000027E-6));
#15587=CARTESIAN_POINT('',(0.0625,-0.0935,-2.00000000000027E-6));
#15588=CARTESIAN_POINT('',(0.074,-0.0935,-2.00000000000027E-6));
#15589=CARTESIAN_POINT('',(0.0855,-0.0935,-2.00000000000027E-6));
#15590=CARTESIAN_POINT('',(0.0855,-0.105,-2.00000000000027E-6));
#15591=CARTESIAN_POINT('',(0.074,-0.0565,-2.00000000000027E-6));
#15592=CARTESIAN_POINT('',(0.0625,-0.0565,-2.00000000000027E-6));
#15593=CARTESIAN_POINT('',(0.0855,-0.0565,-2.00000000000027E-6));
#15594=CARTESIAN_POINT('',(0.0625,-0.045,-2.00000000000027E-6));
#15595=CARTESIAN_POINT('',(0.0625,-0.0335,-2.00000000000027E-6));
#15596=CARTESIAN_POINT('',(0.074,-0.0335,-2.00000000000027E-6));
#15597=CARTESIAN_POINT('',(0.0855,-0.0335,-2.00000000000027E-6));
#15598=CARTESIAN_POINT('',(0.0855,-0.045,-2.00000000000027E-6));
#15599=CARTESIAN_POINT('',(0.164,-0.0865,-2.00000000000027E-6));
#15600=CARTESIAN_POINT('',(0.1525,-0.0865,-2.00000000000027E-6));
#15601=CARTESIAN_POINT('',(0.1755,-0.0865,-2.00000000000027E-6));
#15602=CARTESIAN_POINT('',(0.1525,-0.075,-2.00000000000027E-6));
#15603=CARTESIAN_POINT('',(0.1525,-0.0635,-2.00000000000027E-6));
#15604=CARTESIAN_POINT('',(0.164,-0.0635,-2.00000000000027E-6));
#15605=CARTESIAN_POINT('',(0.1755,-0.0635,-2.00000000000027E-6));
#15606=CARTESIAN_POINT('',(0.1755,-0.075,-2.00000000000027E-6));
#15607=CARTESIAN_POINT('',(0.134,-0.0865,-2.00000000000027E-6));
#15608=CARTESIAN_POINT('',(0.1225,-0.0865,-2.00000000000027E-6));
#15609=CARTESIAN_POINT('',(0.1455,-0.0865,-2.00000000000027E-6));
#15610=CARTESIAN_POINT('',(0.1225,-0.075,-2.00000000000027E-6));
#15611=CARTESIAN_POINT('',(0.1225,-0.0635,-2.00000000000027E-6));
#15612=CARTESIAN_POINT('',(0.134,-0.0635,-2.00000000000027E-6));
#15613=CARTESIAN_POINT('',(0.1455,-0.0635,-2.00000000000027E-6));
#15614=CARTESIAN_POINT('',(0.1455,-0.075,-2.00000000000027E-6));
#15615=CARTESIAN_POINT('',(0.044,-0.0565,-2.00000000000027E-6));
#15616=CARTESIAN_POINT('',(0.0325,-0.0565,-2.00000000000027E-6));
#15617=CARTESIAN_POINT('',(0.0555,-0.0565,-2.00000000000027E-6));
#15618=CARTESIAN_POINT('',(0.0325,-0.045,-2.00000000000027E-6));
#15619=CARTESIAN_POINT('',(0.0325,-0.0335,-2.00000000000027E-6));
#15620=CARTESIAN_POINT('',(0.044,-0.0335,-2.00000000000027E-6));
#15621=CARTESIAN_POINT('',(0.0555,-0.0335,-2.00000000000027E-6));
#15622=CARTESIAN_POINT('',(0.0555,-0.045,-2.00000000000027E-6));
#15623=CARTESIAN_POINT('',(0.044,-0.1165,-2.00000000000027E-6));
#15624=CARTESIAN_POINT('',(0.0325,-0.1165,-2.00000000000027E-6));
#15625=CARTESIAN_POINT('',(0.0555,-0.1165,-2.00000000000027E-6));
#15626=CARTESIAN_POINT('',(0.0325,-0.105,-2.00000000000027E-6));
#15627=CARTESIAN_POINT('',(0.0325,-0.0935,-2.00000000000027E-6));
#15628=CARTESIAN_POINT('',(0.044,-0.0935,-2.00000000000027E-6));
#15629=CARTESIAN_POINT('',(0.0555,-0.0935,-2.00000000000027E-6));
#15630=CARTESIAN_POINT('',(0.0555,-0.105,-2.00000000000027E-6));
#15631=CARTESIAN_POINT('',(0.014,-0.0335,-2.00000000000027E-6));
#15632=CARTESIAN_POINT('',(0.0139999999999997,-0.0335,-2.00000000000027E-6));
#15633=CARTESIAN_POINT('',(0.0255,-0.0335,-2.00000000000027E-6));
#15634=CARTESIAN_POINT('',(0.0255,-0.045,-2.00000000000027E-6));
#15635=CARTESIAN_POINT('',(0.0255,-0.0565,-2.00000000000027E-6));
#15636=CARTESIAN_POINT('',(0.014,-0.0565,-2.00000000000027E-6));
#15637=CARTESIAN_POINT('',(0.0139999999999997,-0.0565,-2.00000000000027E-6));
#15638=CARTESIAN_POINT('',(0.0139999999999997,0.0315,0.011));
#15639=CARTESIAN_POINT('',(0.0139999999999997,-0.063,0.011));
#15640=CARTESIAN_POINT('',(0.014,-0.0935,-2.00000000000027E-6));
#15641=CARTESIAN_POINT('',(0.0255,-0.0935,-2.00000000000027E-6));
#15642=CARTESIAN_POINT('',(0.0255,-0.105,-2.00000000000027E-6));
#15643=CARTESIAN_POINT('',(0.0255,-0.1165,-2.00000000000027E-6));
#15644=CARTESIAN_POINT('',(0.014,-0.1165,-2.00000000000027E-6));
#15645=CARTESIAN_POINT('',(0.0139999999999997,-0.1165,-2.00000000000027E-6));
#15646=CARTESIAN_POINT('',(0.0139999999999997,0.0315,0.011));
#15647=CARTESIAN_POINT('',(0.0139999999999997,-0.143,0.008));
#15648=CARTESIAN_POINT('',(-0.000999999999999945,-0.143,0.008));
#15649=CARTESIAN_POINT('',(0.036,-0.143,0.005));
#15650=CARTESIAN_POINT('',(0.164,-0.0265,-2.00000000000027E-6));
#15651=CARTESIAN_POINT('',(0.164,-0.0265,0.008));
#15652=CARTESIAN_POINT('',(0.1755,-0.0265,0.008));
#15653=CARTESIAN_POINT('',(0.1755,-0.0265,-2.00000000000027E-6));
#15654=CARTESIAN_POINT('',(0.134,-0.0265,-2.00000000000027E-6));
#15655=CARTESIAN_POINT('',(0.1225,-0.0265,-2.00000000000027E-6));
#15656=CARTESIAN_POINT('',(0.1225,-0.0265,0.008));
#15657=CARTESIAN_POINT('',(0.134,-0.0265,0.008));
#15658=CARTESIAN_POINT('',(0.1455,-0.0265,0.008));
#15659=CARTESIAN_POINT('',(0.1455,-0.0265,-2.00000000000027E-6));
#15660=CARTESIAN_POINT('',(0.104,-0.0265,-2.00000000000027E-6));
#15661=CARTESIAN_POINT('',(0.0925,-0.0265,-2.00000000000027E-6));
#15662=CARTESIAN_POINT('',(0.0925,-0.0265,0.008));
#15663=CARTESIAN_POINT('',(0.104,-0.0265,0.008));
#15664=CARTESIAN_POINT('',(0.1155,-0.0265,0.008));
#15665=CARTESIAN_POINT('',(0.1155,-0.0265,-2.00000000000027E-6));
#15666=CARTESIAN_POINT('',(0.074,-0.0265,-2.00000000000027E-6));
#15667=CARTESIAN_POINT('',(0.074,-0.0265,0.008));
#15668=CARTESIAN_POINT('',(0.0855,-0.0265,0.008));
#15669=CARTESIAN_POINT('',(0.0855,-0.0265,-2.00000000000027E-6));
#15670=CARTESIAN_POINT('',(0.044,-0.0265,-2.00000000000027E-6));
#15671=CARTESIAN_POINT('',(0.0325,-0.0265,-2.00000000000027E-6));
#15672=CARTESIAN_POINT('',(0.0325,-0.0265,0.008));
#15673=CARTESIAN_POINT('',(0.044,-0.0265,0.008));
#15674=CARTESIAN_POINT('',(0.0555,-0.0265,0.008));
#15675=CARTESIAN_POINT('',(0.0555,-0.0265,-2.00000000000027E-6));
#15676=CARTESIAN_POINT('',(0.029,-0.03,0.015));
#15677=CARTESIAN_POINT('',(0.0304999999999996,-0.026291900756452,0.015));
#15678=CARTESIAN_POINT('',(0.0304999999999996,-0.026291900756452,0.008));
#15679=CARTESIAN_POINT('',(0.0274999999999996,-0.0262919007564523,0.015));
#15680=CARTESIAN_POINT('',(0.0274999999999996,-0.0262919007564523,0.008));
#15681=CARTESIAN_POINT('',(0.029,-0.03,0.008));
#15682=CARTESIAN_POINT('',(0.0252919007564522,-0.0285,0.008));
#15683=CARTESIAN_POINT('',(0.0252919007564522,-0.0285,0.015));
#15684=CARTESIAN_POINT('',(0.029,-0.03,0.008));
#15685=CARTESIAN_POINT('',(-0.0255,-0.0285,0.011));
#15686=CARTESIAN_POINT('',(0.0139999999999997,-0.0285,0.011));
#15687=CARTESIAN_POINT('',(0.0139999999999997,-0.0285,0.008));
#15688=CARTESIAN_POINT('',(-0.0255,-0.0285,0.008));
#15689=CARTESIAN_POINT('',(0.0139999999999997,0.0315,0.011));
#15690=CARTESIAN_POINT('',(0.0139999999999997,2.77555756156289E-17,0.008));
#15691=CARTESIAN_POINT('',(0.0139999999999997,-0.0265,0.008));
#15692=CARTESIAN_POINT('',(0.0139999999999997,-0.0265,-2.00000000000027E-6));
#15693=CARTESIAN_POINT('',(0.014,-0.0265,-2.00000000000027E-6));
#15694=CARTESIAN_POINT('',(0.014,-0.0265,0.008));
#15695=CARTESIAN_POINT('',(0.0255,-0.0265,0.008));
#15696=CARTESIAN_POINT('',(0.0255,-0.0265,-2.00000000000027E-6));
#15697=CARTESIAN_POINT('',(-0.000999999999999973,2.77555756156289E-17,0.008));
#15698=CARTESIAN_POINT('',(-0.000999999999999973,-0.015,0.008));
#15699=CARTESIAN_POINT('',(0.0255,-0.015,0.008));
#15700=CARTESIAN_POINT('',(0.0274999999999996,-0.015,0.008));
#15701=CARTESIAN_POINT('',(0.0255,-0.015,0.008));
#15702=CARTESIAN_POINT('',(0.0274999999999996,0.0681126952174645,0.008));
#15703=CARTESIAN_POINT('',(0.0255,-0.015,-2.00000000000027E-6));
#15704=CARTESIAN_POINT('',(0.0255,-0.015,-2.00000000000027E-6));
#15705=CARTESIAN_POINT('',(0.201,2.77555756156289E-17,0.008));
#15706=CARTESIAN_POINT('',(0.201,-0.121752607777826,0.005));
#15707=CARTESIAN_POINT('',(0.1805,0.0681126952174646,0.011));
#15708=CARTESIAN_POINT('',(0.1805,-0.015,0.011));
#15709=CARTESIAN_POINT('',(0.1805,-0.015,0.011));
#15710=CARTESIAN_POINT('',(0.1805,0.0681126952174646,0.011));
#15711=CARTESIAN_POINT('',(0.0555,-0.015,-2.00000000000027E-6));
#15712=CARTESIAN_POINT('',(0.0555,-0.015,-2.00000000000027E-6));
#15713=CARTESIAN_POINT('',(0.0555,-0.015,0.008));
#15714=CARTESIAN_POINT('',(0.0555,-0.015,0.008));
#15715=CARTESIAN_POINT('',(0.0325,-0.015,-2.00000000000027E-6));
#15716=CARTESIAN_POINT('',(0.0325,-0.015,-2.00000000000027E-6));
#15717=CARTESIAN_POINT('',(0.0325,-0.015,0.008));
#15718=CARTESIAN_POINT('',(0.0325,-0.015,0.008));
#15719=CARTESIAN_POINT('',(0.1755,-0.0149999999999998,-2.00000000000027E-6));
#15720=CARTESIAN_POINT('',(0.1755,-0.015,-2.00000000000027E-6));
#15721=CARTESIAN_POINT('',(0.1755,-0.015,0.008));
#15722=CARTESIAN_POINT('',(0.1755,-0.0149999999999998,0.008));
#15723=CARTESIAN_POINT('',(0.1525,-0.0149999999999998,-2.00000000000027E-6));
#15724=CARTESIAN_POINT('',(0.1525,-0.015,-2.00000000000027E-6));
#15725=CARTESIAN_POINT('',(0.0855,-0.015,-2.00000000000027E-6));
#15726=CARTESIAN_POINT('',(0.0855,-0.015,-2.00000000000027E-6));
#15727=CARTESIAN_POINT('',(0.0855,-0.015,0.008));
#15728=CARTESIAN_POINT('',(0.0855,-0.015,0.008));
#15729=CARTESIAN_POINT('',(0.0625,-0.015,-2.00000000000027E-6));
#15730=CARTESIAN_POINT('',(0.0625,-0.015,-2.00000000000027E-6));
#15731=CARTESIAN_POINT('',(0.1155,-0.0149999999999999,-2.00000000000027E-6));
#15732=CARTESIAN_POINT('',(0.1155,-0.015,-2.00000000000027E-6));
#15733=CARTESIAN_POINT('',(0.1155,-0.015,0.008));
#15734=CARTESIAN_POINT('',(0.1155,-0.0149999999999999,0.008));
#15735=CARTESIAN_POINT('',(0.0925,-0.0149999999999999,-2.00000000000027E-6));
#15736=CARTESIAN_POINT('',(0.0925,-0.015,-2.00000000000027E-6));
#15737=CARTESIAN_POINT('',(0.0925,-0.015,0.008));
#15738=CARTESIAN_POINT('',(0.0925,-0.0149999999999999,0.008));
#15739=CARTESIAN_POINT('',(0.1455,-0.0149999999999999,-2.00000000000027E-6));
#15740=CARTESIAN_POINT('',(0.1455,-0.015,-2.00000000000027E-6));
#15741=CARTESIAN_POINT('',(0.1455,-0.015,0.008));
#15742=CARTESIAN_POINT('',(0.1455,-0.0149999999999999,0.008));
#15743=CARTESIAN_POINT('',(0.1225,-0.0149999999999999,-2.00000000000027E-6));
#15744=CARTESIAN_POINT('',(0.1225,-0.015,-2.00000000000027E-6));
#15745=CARTESIAN_POINT('',(0.1225,-0.015,0.008));
#15746=CARTESIAN_POINT('',(0.1225,-0.0149999999999999,0.008));
#15747=CARTESIAN_POINT('',(0.0274999999999996,0.0681126952174645,0.011));
#15748=CARTESIAN_POINT('',(0.0274999999999996,0.0681126952174645,0.011));
#15749=CARTESIAN_POINT('',(0.0274999999999996,-0.015,0.011));
#15750=CARTESIAN_POINT('',(0.0274999999999996,-0.015,0.011));
#15751=CARTESIAN_POINT('',(0.0304999999999996,0.0681126952174645,0.011));
#15752=CARTESIAN_POINT('',(0.0304999999999996,-0.015,0.011));
#15753=CARTESIAN_POINT('',(0.0304999999999996,-0.015,0.011));
#15754=CARTESIAN_POINT('',(0.0304999999999996,-0.015,0.008));
#15755=CARTESIAN_POINT('',(0.0304999999999996,0.0681126952174645,0.011));
#15756=CARTESIAN_POINT('',(0.0304999999999996,0.0681126952174645,0.008));
#15757=CARTESIAN_POINT('',(-0.000999999999999973,2.77555756156289E-17,0.008));
#15758=CARTESIAN_POINT('',(-0.000999999999999973,-0.015,0.008));
#15759=CARTESIAN_POINT('',(0.0575,0.0681126952174645,0.008));
#15760=CARTESIAN_POINT('',(0.0575,-0.015,0.008));
#15761=CARTESIAN_POINT('',(-0.000999999999999973,-0.015,0.008));
#15762=CARTESIAN_POINT('',(0.1775,0.0681126952174646,0.011));
#15763=CARTESIAN_POINT('',(0.1775,0.0681126952174646,0.011));
#15764=CARTESIAN_POINT('',(0.1775,-0.015,0.011));
#15765=CARTESIAN_POINT('',(0.1775,-0.015,0.011));
#15766=CARTESIAN_POINT('',(0.1775,-0.015,0.008));
#15767=CARTESIAN_POINT('',(0.1775,0.0681126952174646,0.008));
#15768=CARTESIAN_POINT('',(-0.000999999999999973,2.77555756156289E-17,0.008));
#15769=CARTESIAN_POINT('',(-0.000999999999999973,-0.015,0.008));
#15770=CARTESIAN_POINT('',(0.179,0.0681126952174646,0.011));
#15771=CARTESIAN_POINT('',(0.179,-0.015,0.011));
#15772=CARTESIAN_POINT('',(-0.000999999999999973,2.77555756156289E-17,0.008));
#15773=CARTESIAN_POINT('',(0.0875,0.0681126952174645,0.008));
#15774=CARTESIAN_POINT('',(0.0875,-0.015,0.008));
#15775=CARTESIAN_POINT('',(-0.000999999999999973,-0.015,0.008));
#15776=CARTESIAN_POINT('',(-0.000999999999999973,2.77555756156289E-17,0.008));
#15777=CARTESIAN_POINT('',(-0.000999999999999973,-0.015,0.008));
#15778=CARTESIAN_POINT('',(0.0905,-0.015,0.008));
#15779=CARTESIAN_POINT('',(0.0905,0.0681126952174645,0.008));
#15780=CARTESIAN_POINT('',(0.1175,0.0681126952174645,0.008));
#15781=CARTESIAN_POINT('',(0.1175,-0.015,0.008));
#15782=CARTESIAN_POINT('',(-0.000999999999999973,-0.015,0.008));
#15783=CARTESIAN_POINT('',(-0.000999999999999973,2.77555756156289E-17,0.008));
#15784=CARTESIAN_POINT('',(-0.000999999999999973,-0.015,0.008));
#15785=CARTESIAN_POINT('',(0.1205,-0.015,0.008));
#15786=CARTESIAN_POINT('',(0.1205,0.0681126952174645,0.008));
#15787=CARTESIAN_POINT('',(0.1475,0.0681126952174645,0.008));
#15788=CARTESIAN_POINT('',(0.1475,-0.015,0.008));
#15789=CARTESIAN_POINT('',(-0.000999999999999973,-0.015,0.008));
#15790=CARTESIAN_POINT('',(0.0289999999999996,0.0681126952174645,0.011));
#15791=CARTESIAN_POINT('',(0.0289999999999996,-0.015,0.011));
#15792=CARTESIAN_POINT('',(0.0575,0.0681126952174645,0.011));
#15793=CARTESIAN_POINT('',(0.0575,0.0681126952174645,0.011));
#15794=CARTESIAN_POINT('',(0.0575,-0.015,0.011));
#15795=CARTESIAN_POINT('',(0.0575,-0.015,0.011));
#15796=CARTESIAN_POINT('',(0.1505,0.0681126952174645,0.011));
#15797=CARTESIAN_POINT('',(0.1505,-0.015,0.011));
#15798=CARTESIAN_POINT('',(0.1505,-0.015,0.011));
#15799=CARTESIAN_POINT('',(0.1505,0.0681126952174645,0.011));
#15800=CARTESIAN_POINT('',(0.0605,0.0681126952174645,0.011));
#15801=CARTESIAN_POINT('',(0.0605,-0.015,0.011));
#15802=CARTESIAN_POINT('',(0.0605,-0.015,0.011));
#15803=CARTESIAN_POINT('',(0.0605,0.0681126952174645,0.011));
#15804=CARTESIAN_POINT('',(0.0875,0.0681126952174645,0.011));
#15805=CARTESIAN_POINT('',(0.0875,0.0681126952174645,0.011));
#15806=CARTESIAN_POINT('',(0.0875,-0.015,0.011));
#15807=CARTESIAN_POINT('',(0.0875,-0.015,0.011));
#15808=CARTESIAN_POINT('',(0.1175,0.0681126952174645,0.011));
#15809=CARTESIAN_POINT('',(0.1175,0.0681126952174645,0.011));
#15810=CARTESIAN_POINT('',(0.1175,-0.015,0.011));
#15811=CARTESIAN_POINT('',(0.1175,-0.015,0.011));
#15812=CARTESIAN_POINT('',(0.0905,0.0681126952174645,0.011));
#15813=CARTESIAN_POINT('',(0.0905,-0.015,0.011));
#15814=CARTESIAN_POINT('',(0.0905,-0.015,0.011));
#15815=CARTESIAN_POINT('',(0.0905,0.0681126952174645,0.011));
#15816=CARTESIAN_POINT('',(0.1475,0.0681126952174645,0.011));
#15817=CARTESIAN_POINT('',(0.1475,0.0681126952174645,0.011));
#15818=CARTESIAN_POINT('',(0.1475,-0.015,0.011));
#15819=CARTESIAN_POINT('',(0.1475,-0.015,0.011));
#15820=CARTESIAN_POINT('',(0.1205,0.0681126952174645,0.011));
#15821=CARTESIAN_POINT('',(0.1205,-0.015,0.011));
#15822=CARTESIAN_POINT('',(0.1205,-0.015,0.011));
#15823=CARTESIAN_POINT('',(0.1205,0.0681126952174645,0.011));
#15824=CARTESIAN_POINT('',(0.059,0.0681126952174645,0.011));
#15825=CARTESIAN_POINT('',(0.059,-0.015,0.011));
#15826=CARTESIAN_POINT('',(0.149,0.0681126952174645,0.011));
#15827=CARTESIAN_POINT('',(0.149,-0.015,0.011));
#15828=CARTESIAN_POINT('',(0.089,0.0681126952174645,0.011));
#15829=CARTESIAN_POINT('',(0.089,-0.015,0.011));
#15830=CARTESIAN_POINT('',(0.119,0.0681126952174645,0.011));
#15831=CARTESIAN_POINT('',(0.119,-0.015,0.011));
#15832=CARTESIAN_POINT('',(0.000499999999999675,-0.015,0.008));
#15833=CARTESIAN_POINT('',(0.000499999999999675,-0.015,0.008));
#15834=CARTESIAN_POINT('',(0.000499999999999675,-0.015,0.008));
#15835=CARTESIAN_POINT('',(0.000499999999999675,-0.015,0.008));
#15836=CARTESIAN_POINT('',(0.000499999999999675,-0.015,0.008));
#15837=CARTESIAN_POINT('',(0.000499999999999675,-0.015,0.008));
#15838=CARTESIAN_POINT('',(0.01725,-0.063,0.005));
#15839=CARTESIAN_POINT('',(0.0085,-0.063,0.005));
#15840=CARTESIAN_POINT('',(0.0085,-0.063,0.008));
#15841=CARTESIAN_POINT('',(0.01725,-0.063,0.008));
#15842=CARTESIAN_POINT('',(0.01725,-0.087,0.005));
#15843=CARTESIAN_POINT('',(0.0085,-0.087,0.008));
#15844=CARTESIAN_POINT('',(0.0085,-0.087,0.008));
#15845=CARTESIAN_POINT('',(0.0085,-0.087,0.005));
#15846=CARTESIAN_POINT('',(0.0085,-0.067,0.005));
#15847=CARTESIAN_POINT('',(0.0085,-0.067,0.013));
#15848=CARTESIAN_POINT('',(0.0085,-0.068,0.013));
#15849=CARTESIAN_POINT('',(0.0085,-0.071,0.013));
#15850=CARTESIAN_POINT('',(0.0085,-0.0635,0.0085));
#15851=CARTESIAN_POINT('',(0.0085,-0.071,0.005));
#15852=CARTESIAN_POINT('',(0.00934578900754823,-0.071,0.005));
#15853=CARTESIAN_POINT('',(0.00934578900754823,-0.071,0.013));
#15854=CARTESIAN_POINT('',(0.0101915780150965,-0.071,0.013));
#15855=CARTESIAN_POINT('',(0.0101915780150965,-0.071,0.005));
#15856=CARTESIAN_POINT('',(0.0145,-0.074,0.005));
#15857=CARTESIAN_POINT('',(0.0145,-0.074,0.013));
#15858=CARTESIAN_POINT('',(0.0128992189406418,-0.079,0.013));
#15859=CARTESIAN_POINT('',(0.0128992189406418,-0.079,0.005));
#15860=CARTESIAN_POINT('',(0.0106996094703209,-0.079,0.005));
#15861=CARTESIAN_POINT('',(0.0106996094703209,-0.079,0.013));
#15862=CARTESIAN_POINT('',(0.0085,-0.079,0.013));
#15863=CARTESIAN_POINT('',(0.0085,-0.079,0.005));
#15864=CARTESIAN_POINT('',(0.0085,-0.083,0.005));
#15865=CARTESIAN_POINT('',(0.0085,-0.0865,0.0085));
#15866=CARTESIAN_POINT('',(0.0085,-0.082,0.013));
#15867=CARTESIAN_POINT('',(0.0085,-0.083,0.013));
#15868=CARTESIAN_POINT('',(0.01725,-0.075,0.013));
#15869=CARTESIAN_POINT('',(0.0209999999999996,-0.063,0.013));
#15870=CARTESIAN_POINT('',(0.0209999999999996,-0.082,0.013));
#15871=CARTESIAN_POINT('',(0.0209999999999996,-0.068,0.013));
#15872=CARTESIAN_POINT('',(0.01725,-0.068,0.013));
#15873=CARTESIAN_POINT('',(0.0259999999999996,-0.082,0.013));
#15874=CARTESIAN_POINT('',(0.01725,-0.087,0.008));
#15875=CARTESIAN_POINT('',(0.023083333333333,-0.0840833333333334,0.0109166666666666));
#15876=CARTESIAN_POINT('',(0.0259999999999996,-0.075,0.008));
#15877=CARTESIAN_POINT('',(0.0219999999999996,-0.067,0.012));
#15878=CARTESIAN_POINT('',(0.01725,-0.068,0.013));
#15879=CARTESIAN_POINT('',(0.164602086222261,-0.135,0.005));
#15880=CARTESIAN_POINT('',(0.155068057481507,-0.127,0.005));
#15881=CARTESIAN_POINT('',(0.105068057481507,-0.127,0.005));
#15882=CARTESIAN_POINT('',(0.0550680574815071,-0.127,0.005));
#15883=CARTESIAN_POINT('',(0.0455340287407535,-0.135,0.005));
#15884=CARTESIAN_POINT('',(0.1935,-0.0449381519444566,0.005));
#15885=CARTESIAN_POINT('',(0.186,-0.0538763038889132,0.005));
#15886=CARTESIAN_POINT('',(0.186,-0.0788763038889132,0.005));
#15887=CARTESIAN_POINT('',(0.186,-0.103876303888913,0.005));
#15888=CARTESIAN_POINT('',(0.1935,-0.11281445583337,0.005));
#15889=CARTESIAN_POINT('',(0.186,-0.037,0.004998));
#15890=CARTESIAN_POINT('',(0.172,-0.127,0.004998));
#15891=CARTESIAN_POINT('',(0.0189999999999997,-0.1325,-0.510701623221351));
#15892=CARTESIAN_POINT('',(0.0189999999999997,-0.127,-0.510701623221351));
#15893=CARTESIAN_POINT('',(0.0189999999999997,-0.138,-0.510701623221351));
#15894=CARTESIAN_POINT('',(0.0265900744143342,-0.138,-0.510701623221351));
#15895=CARTESIAN_POINT('',(0.0341801488286687,-0.138,-0.510701623221351));
#15896=CARTESIAN_POINT('',(0.0407347935879369,-0.1325,-0.510701623221351));
#15897=CARTESIAN_POINT('',(0.047289438347205,-0.127,-0.510701623221351));
#15898=CARTESIAN_POINT('',(0.0331447191736024,-0.127,-0.510701623221351));
#15899=CARTESIAN_POINT('',(0.191,-0.117613690986186,-0.510701623221351));
#15900=CARTESIAN_POINT('',(0.196,-0.123572458949157,-0.510701623221351));
#15901=CARTESIAN_POINT('',(0.186,-0.111654923023215,-0.510701623221351));
#15902=CARTESIAN_POINT('',(0.186,-0.11865863236856,-0.510701623221351));
#15903=CARTESIAN_POINT('',(0.186,-0.125662341713905,-0.510701623221351));
#15904=CARTESIAN_POINT('',(0.179831170856953,-0.131831170856953,-0.510701623221351));
#15905=CARTESIAN_POINT('',(0.173662341713905,-0.138,-0.510701623221351));
#15906=CARTESIAN_POINT('',(0.184831170856953,-0.138,-0.510701623221351));
#15907=CARTESIAN_POINT('',(0.196,-0.138,-0.510701623221351));
#15908=CARTESIAN_POINT('',(0.196,-0.130786229474579,-0.510701623221351));
#15909=CARTESIAN_POINT('',(0.191,-0.02,-0.510701623221351));
#15910=CARTESIAN_POINT('',(0.196,-0.02,-0.510701623221351));
#15911=CARTESIAN_POINT('',(0.186,-0.02,-0.510701623221351));
#15912=CARTESIAN_POINT('',(0.189427429013043,-0.0277826266429156,-0.510701623221351));
#15913=CARTESIAN_POINT('',(0.192854858026086,-0.0355652532858313,-0.510701623221351));
#15914=CARTESIAN_POINT('',(0.194427429013043,-0.0348727010572501,-0.510701623221351));
#15915=CARTESIAN_POINT('',(0.196,-0.034180148828669,-0.510701623221351));
#15916=CARTESIAN_POINT('',(0.196,-0.0270900744143345,-0.510701623221351));
#15917=MECHANICAL_DESIGN_GEOMETRIC_PRESENTATION_REPRESENTATION('',(#9312),
#15918);
#15918=(
GEOMETRIC_REPRESENTATION_CONTEXT(3)
GLOBAL_UNCERTAINTY_ASSIGNED_CONTEXT((#15919))
GLOBAL_UNIT_ASSIGNED_CONTEXT((#15922,#15921,#15920))
REPRESENTATION_CONTEXT('Part 4','TOP_LEVEL_ASSEMBLY_PART')
);
#15919=UNCERTAINTY_MEASURE_WITH_UNIT(LENGTH_MEASURE(2.E-5),#15922,
'DISTANCE_ACCURACY_VALUE','Maximum Tolerance applied to model');
#15920=(
NAMED_UNIT(*)
SI_UNIT($,.STERADIAN.)
SOLID_ANGLE_UNIT()
);
#15921=(
NAMED_UNIT(*)
PLANE_ANGLE_UNIT()
SI_UNIT($,.RADIAN.)
);
#15922=(
LENGTH_UNIT()
NAMED_UNIT(*)
SI_UNIT($,.METRE.)
);
#15923=PRODUCT_DEFINITION_SHAPE('','',#15924);
#15924=PRODUCT_DEFINITION('','',#15926,#15925);
#15925=PRODUCT_DEFINITION_CONTEXT('',#15932,'design');
#15926=PRODUCT_DEFINITION_FORMATION_WITH_SPECIFIED_SOURCE('','',#15928,
 .NOT_KNOWN.);
#15927=PRODUCT_RELATED_PRODUCT_CATEGORY('','',(#15928));
#15928=PRODUCT('Part 4','Part 4','Part 4',(#15930));
#15929=PRODUCT_CATEGORY('','');
#15930=PRODUCT_CONTEXT('',#15932,'mechanical');
#15931=APPLICATION_PROTOCOL_DEFINITION('international standard',
'ap242_managed_model_based_3d_engineering',2020,#15932);
#15932=APPLICATION_CONTEXT('managed model based 3d engineering');
ENDSEC;
END-ISO-10303-21;
