ISO-10303-21;
HEADER;
/* Generated by software containing ST-Developer
 * from STEP Tools, Inc. (www.steptools.com) 
 */
/* OPTION: using custom renumber hook */

FILE_DESCRIPTION(
/* description */ ('STEP AP242 Edition 2',
'CAx-IF Rec.Pracs.---Representation and Presentation of Product Manufa
cturing Information (PMI)---4.0---2014-10-13',
'CAx-IF Rec.Pracs.---3D Tessellated Geometry---0.4---2014-09-14','2;1',
'CAx-IF Rec.Pracs.---User Defined Attributes---1.5---2016-08-15'),
/* implementation_level */ '2;1');

FILE_NAME(
/* name */ 'GY-VL53LDK',
/* time_stamp */ '2026-06-22T12:29:02Z',
/* author */ (''),
/* organization */ (''),
/* preprocessor_version */ 'ST-DEVELOPER v20',
/* originating_system */ 'ONSHAPE BY PTC INC, 1.216',
/* authorisation */ '  ');

FILE_SCHEMA (('AP242_MANAGED_MODEL_BASED_3D_ENGINEERING_MIM_LF { 1 0 10303 442 3 1 4 }'));
ENDSEC;

DATA;
#10=SHAPE_REPRESENTATION_RELATIONSHIP('','',#3901,#11);
#11=ADVANCED_BREP_SHAPE_REPRESENTATION('',(#3899),#7779);
#12=CYLINDRICAL_SURFACE('',#4093,0.0015);
#13=CYLINDRICAL_SURFACE('',#4094,0.0005);
#14=CYLINDRICAL_SURFACE('',#4095,0.0005);
#15=CYLINDRICAL_SURFACE('',#4096,0.00065);
#16=CYLINDRICAL_SURFACE('',#4097,0.00165);
#17=CYLINDRICAL_SURFACE('',#4098,0.00065);
#18=CYLINDRICAL_SURFACE('',#4099,0.00065);
#19=CYLINDRICAL_SURFACE('',#4100,0.00165);
#20=CYLINDRICAL_SURFACE('',#4101,0.00065);
#21=B_SPLINE_SURFACE_WITH_KNOTS('',3,1,((#5569,#5570),(#5571,#5572),(#5573,
#5574),(#5575,#5576),(#5577,#5578),(#5579,#5580),(#5581,#5582),(#5583,#5584),
(#5585,#5586),(#5587,#5588),(#5589,#5590)),.SURF_OF_LINEAR_EXTRUSION.,.F.,
 .F.,.F.,(4,1,1,1,1,1,1,1,4),(2,2),(-6.66898477961651E-8,0.167024160239512,
0.321809790006586,0.464407126581026,0.594888516565722,0.713417472353439,
0.820715485786096,0.915681383041418,1.00000021198589),(0.,1.),
 .UNSPECIFIED.);
#22=B_SPLINE_SURFACE_WITH_KNOTS('',3,1,((#5604,#5605),(#5606,#5607),(#5608,
#5609),(#5610,#5611),(#5612,#5613),(#5614,#5615),(#5616,#5617),(#5618,#5619),
(#5620,#5621),(#5622,#5623),(#5624,#5625),(#5626,#5627),(#5628,#5629),(#5630,
#5631),(#5632,#5633),(#5634,#5635),(#5636,#5637),(#5638,#5639),(#5640,#5641)),
 .SURF_OF_LINEAR_EXTRUSION.,.F.,.F.,.F.,(4,1,1,1,1,1,1,1,1,1,1,1,1,1,1,
1,4),(2,2),(2.8921681020378E-9,0.063992986725593,0.125920314362925,0.186874199696388,
0.246558378219561,0.305883684810358,0.365134517377787,0.425000007181731,
0.485666092354122,0.546915601002859,0.608205728213314,0.669975996591821,
0.732825944705526,0.796773752818606,0.862187393809808,0.929848824002722,
0.999999995283144),(0.,1.),.UNSPECIFIED.);
#23=B_SPLINE_SURFACE_WITH_KNOTS('',3,1,((#5663,#5664),(#5665,#5666),(#5667,
#5668),(#5669,#5670),(#5671,#5672),(#5673,#5674),(#5675,#5676),(#5677,#5678),
(#5679,#5680),(#5681,#5682),(#5683,#5684),(#5685,#5686),(#5687,#5688),(#5689,
#5690),(#5691,#5692),(#5693,#5694),(#5695,#5696),(#5697,#5698),(#5699,#5700),
(#5701,#5702),(#5703,#5704),(#5705,#5706)),.SURF_OF_LINEAR_EXTRUSION.,.F.,
 .F.,.F.,(4,1,1,1,1,1,1,1,1,1,1,1,1,1,1,1,3,4),(2,2),(3.12402510434962E-9,
0.07153263673372,0.140750692214225,0.207525440251566,0.272192902623232,
0.33553279011468,0.3980872258399,0.459537541006016,0.520489194540144,0.581135706465264,
0.640334820680219,0.699433565444215,0.758227018418292,0.81688304611857,
0.876666876382898,0.93758808453374,1.,1.0059999977818),(0.,1.),
 .UNSPECIFIED.);
#24=B_SPLINE_SURFACE_WITH_KNOTS('',3,1,((#5728,#5729),(#5730,#5731),(#5732,
#5733),(#5734,#5735),(#5736,#5737),(#5738,#5739),(#5740,#5741),(#5742,#5743),
(#5744,#5745),(#5746,#5747),(#5748,#5749),(#5750,#5751),(#5752,#5753),(#5754,
#5755)),.SURF_OF_LINEAR_EXTRUSION.,.F.,.F.,.F.,(4,3,1,1,1,1,1,1,1,4),(2,
2),(-0.0060131212146418,0.,0.0786771796560251,0.170257613041544,0.27497619653251,
0.393253809687638,0.524451164119082,0.66937206790412,0.828099335386731,
1.00000006896743),(0.,1.),.UNSPECIFIED.);
#25=B_SPLINE_SURFACE_WITH_KNOTS('',3,1,((#5790,#5791),(#5792,#5793),(#5794,
#5795),(#5796,#5797),(#5798,#5799),(#5800,#5801),(#5802,#5803),(#5804,#5805),
(#5806,#5807),(#5808,#5809),(#5810,#5811)),.SURF_OF_LINEAR_EXTRUSION.,.F.,
 .F.,.F.,(4,1,1,1,1,1,1,1,4),(2,2),(-9.2644302876185E-8,0.164289216474762,
0.317405911230491,0.45884361164102,0.58936654230531,0.707831318778172,0.815770030699004,
0.912879902902126,1.00000027678368),(0.,1.),.UNSPECIFIED.);
#26=B_SPLINE_SURFACE_WITH_KNOTS('',3,1,((#5837,#5838),(#5839,#5840),(#5841,
#5842),(#5843,#5844),(#5845,#5846),(#5847,#5848),(#5849,#5850),(#5851,#5852),
(#5853,#5854),(#5855,#5856),(#5857,#5858),(#5859,#5860),(#5861,#5862),(#5863,
#5864),(#5865,#5866),(#5867,#5868),(#5869,#5870),(#5871,#5872),(#5873,#5874)),
 .SURF_OF_LINEAR_EXTRUSION.,.F.,.F.,.F.,(4,1,1,1,1,1,1,1,1,1,1,1,1,1,1,
1,4),(2,2),(4.38526628246604E-9,0.0615463740376133,0.12169708051536,0.18115899990034,
0.240076821592445,0.298685898204089,0.357632728013327,0.417591518855,0.478482109752598,
0.540396536102812,0.602335896350276,0.664996663916428,0.728553098822836,
0.793645821178881,0.860531076903308,0.929234341627377,0.999999997154887),
(0.,1.),.UNSPECIFIED.);
#27=B_SPLINE_SURFACE_WITH_KNOTS('',3,1,((#5916,#5917),(#5918,#5919),(#5920,
#5921),(#5922,#5923),(#5924,#5925),(#5926,#5927),(#5928,#5929),(#5930,#5931),
(#5932,#5933),(#5934,#5935),(#5936,#5937),(#5938,#5939),(#5940,#5941),(#5942,
#5943),(#5944,#5945),(#5946,#5947),(#5948,#5949),(#5950,#5951),(#5952,#5953),
(#5954,#5955),(#5956,#5957),(#5958,#5959),(#5960,#5961),(#5962,#5963),(#5964,
#5965),(#5966,#5967),(#5968,#5969)),.SURF_OF_LINEAR_EXTRUSION.,.F.,.F.,
 .F.,(4,1,1,1,1,1,1,1,1,1,1,1,1,1,1,1,1,1,1,1,1,1,1,1,4),(2,2),(1.85155754547171E-9,
0.0460837775419481,0.090812896962628,0.134304287980894,0.177036272226831,
0.218837426854287,0.26026159079816,0.301100083560282,0.341636832448372,
0.381609040526969,0.42014780087237,0.457909660734963,0.494760701352577,
0.531219284539014,0.566960759848036,0.602742114565593,0.638232018015455,
0.674761113376548,0.713377828107324,0.754425315485125,0.797801784729985,
0.843978980652588,0.89306439001424,0.944959650661746,0.999999998910281),
(0.,1.),.UNSPECIFIED.);
#28=B_SPLINE_SURFACE_WITH_KNOTS('',3,1,((#6301,#6302),(#6303,#6304),(#6305,
#6306),(#6307,#6308),(#6309,#6310),(#6311,#6312),(#6313,#6314),(#6315,#6316),
(#6317,#6318),(#6319,#6320),(#6321,#6322),(#6323,#6324),(#6325,#6326),(#6327,
#6328),(#6329,#6330),(#6331,#6332),(#6333,#6334),(#6335,#6336),(#6337,#6338)),
 .SURF_OF_LINEAR_EXTRUSION.,.F.,.F.,.F.,(4,1,1,1,1,1,1,1,1,1,1,1,1,1,1,
1,4),(2,2),(7.02471494751791E-9,0.0726253460834358,0.141976611326235,0.208984928418938,
0.273956870364445,0.336889347396841,0.39874495349459,0.460115885278862,
0.520824922590029,0.580994458632486,0.640151927601465,0.698622450756255,
0.757271080927164,0.81642669400466,0.876254048203471,0.937165293062537,
0.99999999302757),(0.,1.),.UNSPECIFIED.);
#29=B_SPLINE_SURFACE_WITH_KNOTS('',3,1,((#6360,#6361),(#6362,#6363),(#6364,
#6365),(#6366,#6367),(#6368,#6369),(#6370,#6371),(#6372,#6373),(#6374,#6375),
(#6376,#6377),(#6378,#6379),(#6380,#6381),(#6382,#6383),(#6384,#6385),(#6386,
#6387),(#6388,#6389),(#6390,#6391),(#6392,#6393),(#6394,#6395),(#6396,#6397),
(#6398,#6399),(#6400,#6401)),.SURF_OF_LINEAR_EXTRUSION.,.F.,.F.,.F.,(4,
3,1,1,1,1,1,1,1,1,1,1,1,3,4),(2,2),(-0.00600002392890132,0.,0.0902542493426766,
0.178539791528684,0.26609303385382,0.354630977957173,0.441886153350563,
0.525746915163649,0.608113633603637,0.690197272827883,0.770821484330335,
0.848326181255411,0.924011740024743,1.,1.00600401207912),(0.,1.),
 .UNSPECIFIED.);
#30=B_SPLINE_SURFACE_WITH_KNOTS('',3,1,((#6419,#6420),(#6421,#6422),(#6423,
#6424),(#6425,#6426),(#6427,#6428),(#6429,#6430),(#6431,#6432),(#6433,#6434),
(#6435,#6436),(#6437,#6438),(#6439,#6440)),.SURF_OF_LINEAR_EXTRUSION.,.F.,
 .F.,.F.,(4,1,1,1,1,1,1,1,4),(2,2),(0.,0.128067548595891,0.250608318867669,
0.370630165914503,0.490072246729949,0.61037476415462,0.734313069911526,
0.86321650424499,1.),(0.,1.),.UNSPECIFIED.);
#31=B_SPLINE_SURFACE_WITH_KNOTS('',3,1,((#6454,#6455),(#6456,#6457),(#6458,
#6459),(#6460,#6461),(#6462,#6463),(#6464,#6465),(#6466,#6467)),
 .SURF_OF_LINEAR_EXTRUSION.,.F.,.F.,.F.,(4,1,1,1,4),(2,2),(0.,0.253915888623078,
0.503896129718651,0.750255388530101,1.),(0.,1.),.UNSPECIFIED.);
#32=B_SPLINE_SURFACE_WITH_KNOTS('',3,1,((#6477,#6478),(#6479,#6480),(#6481,
#6482),(#6483,#6484),(#6485,#6486),(#6487,#6488),(#6489,#6490),(#6491,#6492),
(#6493,#6494),(#6495,#6496),(#6497,#6498)),.SURF_OF_LINEAR_EXTRUSION.,.F.,
 .F.,.F.,(4,1,1,1,1,1,1,1,4),(2,2),(0.,0.128135509797255,0.254172711901979,
0.378111645139002,0.501712263007285,0.623986309368485,0.747095613617741,
0.872874636650062,1.),(0.,1.),.UNSPECIFIED.);
#33=B_SPLINE_SURFACE_WITH_KNOTS('',3,1,((#6512,#6513),(#6514,#6515),(#6516,
#6517),(#6518,#6519),(#6520,#6521),(#6522,#6523),(#6524,#6525),(#6526,#6527),
(#6528,#6529),(#6530,#6531),(#6532,#6533),(#6534,#6535),(#6536,#6537),(#6538,
#6539),(#6540,#6541),(#6542,#6543),(#6544,#6545),(#6546,#6547),(#6548,#6549),
(#6550,#6551),(#6552,#6553)),.SURF_OF_LINEAR_EXTRUSION.,.F.,.F.,.F.,(4,
3,1,1,1,1,1,1,1,1,1,1,1,3,4),(2,2),(-0.00600385325975193,0.,0.0796414419106808,
0.158908089923549,0.239599009243575,0.322581849369103,0.405999924000319,
0.487842618932085,0.569675598706298,0.653019991250803,0.737412348495847,
0.822558452280263,0.909755370950638,1.,1.00600739068799),(0.,1.),
 .UNSPECIFIED.);
#34=B_SPLINE_SURFACE_WITH_KNOTS('',3,1,((#6571,#6572),(#6573,#6574),(#6575,
#6576),(#6577,#6578),(#6579,#6580),(#6581,#6582),(#6583,#6584),(#6585,#6586),
(#6587,#6588),(#6589,#6590),(#6591,#6592),(#6593,#6594),(#6595,#6596),(#6597,
#6598),(#6599,#6600),(#6601,#6602),(#6603,#6604),(#6605,#6606),(#6607,#6608),
(#6609,#6610),(#6611,#6612),(#6613,#6614)),.SURF_OF_LINEAR_EXTRUSION.,.F.,
 .F.,.F.,(4,3,1,1,1,1,1,1,1,1,1,1,1,1,1,1,1,4),(2,2),(-0.00600795929459108,
0.,0.0655377247223924,0.128956387961231,0.190367127726479,0.249965467100067,
0.308568753691574,0.366415243035737,0.424556412502519,0.483181137491438,
0.542251435306566,0.601744259685553,0.662507715307769,0.724499556554474,
0.789138915203405,0.856353952001831,0.926299109776498,1.),(0.,1.),
 .UNSPECIFIED.);
#35=B_SPLINE_SURFACE_WITH_KNOTS('',3,1,((#6640,#6641),(#6642,#6643),(#6644,
#6645),(#6646,#6647),(#6648,#6649),(#6650,#6651),(#6652,#6653),(#6654,#6655),
(#6656,#6657),(#6658,#6659),(#6660,#6661),(#6662,#6663),(#6664,#6665),(#6666,
#6667)),.SURF_OF_LINEAR_EXTRUSION.,.F.,.F.,.F.,(4,3,1,1,1,1,1,1,1,4),(2,
2),(-0.00601248858341792,0.,0.104674926929556,0.213878371308341,0.328472586476407,
0.447840426030472,0.574033626895258,0.708683590004756,0.850229613968032,
0.999999998367463),(0.,1.),.UNSPECIFIED.);
#36=B_SPLINE_SURFACE_WITH_KNOTS('',3,1,((#6681,#6682),(#6683,#6684),(#6685,
#6686),(#6687,#6688),(#6689,#6690),(#6691,#6692),(#6693,#6694),(#6695,#6696),
(#6697,#6698),(#6699,#6700),(#6701,#6702)),.SURF_OF_LINEAR_EXTRUSION.,.F.,
 .F.,.F.,(4,1,1,1,1,1,1,1,4),(2,2),(0.,0.118260426947105,0.236155810884087,
0.355630221194999,0.476249447304136,0.600164119611229,0.728633077160574,
0.861326231232587,1.),(0.,1.),.UNSPECIFIED.);
#37=B_SPLINE_SURFACE_WITH_KNOTS('',3,1,((#6716,#6717),(#6718,#6719),(#6720,
#6721),(#6722,#6723),(#6724,#6725),(#6726,#6727),(#6728,#6729),(#6730,#6731),
(#6732,#6733),(#6734,#6735),(#6736,#6737),(#6738,#6739),(#6740,#6741),(#6742,
#6743),(#6744,#6745),(#6746,#6747),(#6748,#6749),(#6750,#6751),(#6752,#6753),
(#6754,#6755),(#6756,#6757),(#6758,#6759)),.SURF_OF_LINEAR_EXTRUSION.,.F.,
 .F.,.F.,(4,3,1,1,1,1,1,1,1,1,1,1,1,1,1,1,1,4),(2,2),(-0.00600548708421168,
0.,0.056539657348053,0.11215648893154,0.167355553072869,0.222412871763555,
0.278536376919801,0.335924978929103,0.395650141461282,0.458239323993092,
0.521930661428218,0.585035955401872,0.649401976325122,0.714240418937614,
0.781597206154155,0.851248285425489,0.923928263044435,0.999999992697173),
(0.,1.),.UNSPECIFIED.);
#38=B_SPLINE_SURFACE_WITH_KNOTS('',3,1,((#6781,#6782),(#6783,#6784),(#6785,
#6786),(#6787,#6788),(#6789,#6790),(#6791,#6792),(#6793,#6794),(#6795,#6796),
(#6797,#6798),(#6799,#6800),(#6801,#6802),(#6803,#6804),(#6805,#6806),(#6807,
#6808),(#6809,#6810),(#6811,#6812),(#6813,#6814),(#6815,#6816),(#6817,#6818),
(#6819,#6820),(#6821,#6822),(#6823,#6824)),.SURF_OF_LINEAR_EXTRUSION.,.F.,
 .F.,.F.,(4,1,1,1,1,1,1,1,1,1,1,1,1,1,1,1,3,4),(2,2),(4.64605590228302E-10,
0.070668915130637,0.137137051652437,0.19850062547186,0.255302701568638,
0.308096273319609,0.355931533945712,0.400100501879979,0.43975360730526,
0.514003700010683,0.586141430668623,0.657094859750165,0.728365596066271,
0.798972579523497,0.866519669711316,0.933093375834168,1.,1.00600482212179),
(0.,1.),.UNSPECIFIED.);
#39=B_SPLINE_SURFACE_WITH_KNOTS('',3,1,((#6850,#6851),(#6852,#6853),(#6854,
#6855),(#6856,#6857),(#6858,#6859),(#6860,#6861),(#6862,#6863),(#6864,#6865),
(#6866,#6867),(#6868,#6869),(#6870,#6871),(#6872,#6873),(#6874,#6875),(#6876,
#6877),(#6878,#6879),(#6880,#6881),(#6882,#6883),(#6884,#6885)),
 .SURF_OF_LINEAR_EXTRUSION.,.F.,.F.,.F.,(4,3,1,1,1,1,1,1,1,1,1,1,1,4),(2,
2),(-0.00600561973781834,0.,0.0633087151985899,0.125951019110124,0.189338003679189,
0.255854782855015,0.326595412805611,0.403739772450928,0.488258079851652,
0.582342069344539,0.681896478133865,0.78427110669842,0.889825715646574,
0.999999991610336),(0.,1.),.UNSPECIFIED.);
#40=B_SPLINE_SURFACE_WITH_KNOTS('',3,1,((#6903,#6904),(#6905,#6906),(#6907,
#6908),(#6909,#6910),(#6911,#6912),(#6913,#6914),(#6915,#6916),(#6917,#6918),
(#6919,#6920),(#6921,#6922),(#6923,#6924),(#6925,#6926),(#6927,#6928),(#6929,
#6930),(#6931,#6932),(#6933,#6934),(#6935,#6936),(#6937,#6938),(#6939,#6940),
(#6941,#6942),(#6943,#6944),(#6945,#6946),(#6947,#6948),(#6949,#6950),(#6951,
#6952)),.SURF_OF_LINEAR_EXTRUSION.,.F.,.F.,.F.,(4,3,1,1,1,1,1,1,1,1,1,1,
1,1,1,1,1,3,4),(2,2),(-0.00601260569933445,0.,0.075065810964845,0.147666103612198,
0.217481415219698,0.2849474787247,0.351456634357599,0.416657833914255,0.481101932262285,
0.545359258286573,0.609005789138387,0.669086450964737,0.726690503107751,
0.781910999471787,0.83608777830019,0.890042254482643,0.944729647224937,
1.,1.00600679167139),(0.,1.),.UNSPECIFIED.);
#41=B_SPLINE_SURFACE_WITH_KNOTS('',3,1,((#6974,#6975),(#6976,#6977),(#6978,
#6979),(#6980,#6981),(#6982,#6983),(#6984,#6985),(#6986,#6987),(#6988,#6989),
(#6990,#6991),(#6992,#6993),(#6994,#6995),(#6996,#6997),(#6998,#6999),(#7000,
#7001),(#7002,#7003),(#7004,#7005),(#7006,#7007),(#7008,#7009)),
 .SURF_OF_LINEAR_EXTRUSION.,.F.,.F.,.F.,(4,1,1,1,1,1,1,1,1,1,1,1,3,4),(2,
2),(4.13215644635149E-9,0.079943491978855,0.155330618113622,0.226366119286865,
0.294702488194017,0.359395854879681,0.420551708551996,0.479182206839169,
0.536233867137918,0.648184144743906,0.760315035983227,0.877288057634221,
1.,1.00601281961023),(0.,1.),.UNSPECIFIED.);
#42=B_SPLINE_SURFACE_WITH_KNOTS('',3,1,((#7196,#7197),(#7198,#7199),(#7200,
#7201),(#7202,#7203),(#7204,#7205),(#7206,#7207),(#7208,#7209)),
 .SURF_OF_LINEAR_EXTRUSION.,.F.,.F.,.F.,(4,1,1,1,4),(2,2),(0.,0.275068369018743,
0.532901460089936,0.773973459592445,1.),(0.,1.),.UNSPECIFIED.);
#43=B_SPLINE_SURFACE_WITH_KNOTS('',3,1,((#7219,#7220),(#7221,#7222),(#7223,
#7224),(#7225,#7226),(#7227,#7228),(#7229,#7230),(#7231,#7232),(#7233,#7234),
(#7235,#7236),(#7237,#7238),(#7239,#7240),(#7241,#7242),(#7243,#7244),(#7245,
#7246),(#7247,#7248),(#7249,#7250),(#7251,#7252),(#7253,#7254),(#7255,#7256)),
 .SURF_OF_LINEAR_EXTRUSION.,.F.,.F.,.F.,(4,1,1,1,1,1,1,1,1,1,1,1,1,1,1,
1,4),(2,2),(8.24445527791001E-9,0.0658003265884094,0.129379882248339,0.190783296740656,
0.251293065389881,0.310820339478683,0.370369738553973,0.430760296222481,
0.492597546973754,0.554813324012388,0.616090414690663,0.676930948445113,
0.738288916325084,0.800784293902111,0.864792621208957,0.931052964242199,
0.99999999377546),(0.,1.),.UNSPECIFIED.);
#44=B_SPLINE_SURFACE_WITH_KNOTS('',3,1,((#7278,#7279),(#7280,#7281),(#7282,
#7283),(#7284,#7285),(#7286,#7287),(#7288,#7289),(#7290,#7291),(#7292,#7293),
(#7294,#7295),(#7296,#7297),(#7298,#7299),(#7300,#7301),(#7302,#7303),(#7304,
#7305),(#7306,#7307),(#7308,#7309),(#7310,#7311),(#7312,#7313),(#7314,#7315),
(#7316,#7317),(#7318,#7319),(#7320,#7321),(#7322,#7323),(#7324,#7325),(#7326,
#7327),(#7328,#7329),(#7330,#7331)),.SURF_OF_LINEAR_EXTRUSION.,.F.,.F.,
 .F.,(4,1,1,1,1,1,1,1,1,1,1,1,1,1,1,1,1,1,1,1,1,1,1,1,4),(2,2),(6.31491503482772E-10,
0.0440164130261,0.0874379823170952,0.130124141052955,0.172561309710942,
0.214217620331509,0.256302492320757,0.298444485088429,0.340535536034103,
0.382403570054753,0.423614245127641,0.464222599324914,0.504051785203381,
0.543841775547461,0.583548346914717,0.623077685222173,0.663214198367904,
0.703538175713089,0.743926594133896,0.784531746158377,0.825742421231266,
0.867751527246419,0.910741225031107,0.954912457172422,0.999999996095295),
(0.,1.),.UNSPECIFIED.);
#45=B_SPLINE_SURFACE_WITH_KNOTS('',3,1,((#7361,#7362),(#7363,#7364),(#7365,
#7366),(#7367,#7368),(#7369,#7370),(#7371,#7372),(#7373,#7374),(#7375,#7376),
(#7377,#7378),(#7379,#7380),(#7381,#7382),(#7383,#7384),(#7385,#7386),(#7387,
#7388),(#7389,#7390),(#7391,#7392),(#7393,#7394),(#7395,#7396),(#7397,#7398)),
 .SURF_OF_LINEAR_EXTRUSION.,.F.,.F.,.F.,(4,1,1,1,1,1,1,1,1,1,1,1,1,1,1,
1,4),(2,2),(8.43926707212573E-9,0.0654295321714409,0.128724875092615,0.190260534271678,
0.250756550351336,0.31085506089256,0.37077552039272,0.431882638843673,0.493798805978217,
0.55616728375856,0.617293302292995,0.678626837355787,0.740678113105842,
0.802960100954136,0.866785501461282,0.93233849678283,0.99999999526817),
(0.,1.),.UNSPECIFIED.);
#46=B_SPLINE_SURFACE_WITH_KNOTS('',3,1,((#7424,#7425),(#7426,#7427),(#7428,
#7429),(#7430,#7431),(#7432,#7433),(#7434,#7435),(#7436,#7437),(#7438,#7439),
(#7440,#7441),(#7442,#7443),(#7444,#7445),(#7446,#7447),(#7448,#7449),(#7450,
#7451),(#7452,#7453),(#7454,#7455),(#7456,#7457),(#7458,#7459)),
 .SURF_OF_LINEAR_EXTRUSION.,.F.,.F.,.F.,(4,3,1,1,1,1,1,1,1,1,1,1,1,4),(2,
2),(-0.00600774482076504,0.,0.084793173943763,0.168632541431419,0.253332051191196,
0.338552793622997,0.422693093938186,0.503551956470811,0.581442309628544,
0.658361154175303,0.7356268235083,0.818008440977429,0.90531409912604,0.999999989064531),
(0.,1.),.UNSPECIFIED.);
#47=B_SPLINE_SURFACE_WITH_KNOTS('',3,1,((#7477,#7478),(#7479,#7480),(#7481,
#7482),(#7483,#7484),(#7485,#7486),(#7487,#7488),(#7489,#7490),(#7491,#7492),
(#7493,#7494),(#7495,#7496),(#7497,#7498),(#7499,#7500),(#7501,#7502),(#7503,
#7504),(#7505,#7506),(#7507,#7508),(#7509,#7510),(#7511,#7512),(#7513,#7514)),
 .SURF_OF_LINEAR_EXTRUSION.,.F.,.F.,.F.,(4,1,1,1,1,1,1,1,1,1,1,1,1,1,1,
1,4),(2,2),(0.,0.0642043039858555,0.126418799891218,0.187671540593456,0.248040821720596,
0.30833728477497,0.369690357634055,0.431725027882427,0.495970375095064,
0.559778534017803,0.622313004372744,0.683925361293194,0.745104283721918,
0.806749228998721,0.86909271712945,0.933293110868097,1.),(0.,1.),
 .UNSPECIFIED.);
#48=B_SPLINE_SURFACE_WITH_KNOTS('',3,1,((#7536,#7537),(#7538,#7539),(#7540,
#7541),(#7542,#7543),(#7544,#7545),(#7546,#7547),(#7548,#7549),(#7550,#7551),
(#7552,#7553),(#7554,#7555),(#7556,#7557),(#7558,#7559),(#7560,#7561),(#7562,
#7563),(#7564,#7565),(#7566,#7567),(#7568,#7569),(#7570,#7571),(#7572,#7573)),
 .SURF_OF_LINEAR_EXTRUSION.,.F.,.F.,.F.,(4,1,1,1,1,1,1,1,1,1,1,1,1,1,1,
1,4),(2,2),(4.78008755548232E-9,0.0729702361455831,0.141958274011426,0.208552526271188,
0.272767518320738,0.335015560227657,0.395868376082729,0.456691987257258,
0.517310771705994,0.577342952502506,0.636668045027791,0.694350627603365,
0.752770324347699,0.811631883548856,0.87261109139281,0.934642302775645,
0.999999992472191),(0.,1.),.UNSPECIFIED.);
#49=B_SPLINE_SURFACE_WITH_KNOTS('',3,1,((#7595,#7596),(#7597,#7598),(#7599,
#7600),(#7601,#7602),(#7603,#7604),(#7605,#7606),(#7607,#7608),(#7609,#7610),
(#7611,#7612),(#7613,#7614),(#7615,#7616)),.SURF_OF_LINEAR_EXTRUSION.,.F.,
 .F.,.F.,(4,1,1,1,1,1,1,1,4),(2,2),(-2.08310750646287E-7,0.149642128706599,
0.291099290233934,0.426212282351144,0.55349790286511,0.674900338434792,
0.788976657626125,0.89779696296478,0.999999993384095),(0.,1.),
 .UNSPECIFIED.);
#50=B_SPLINE_CURVE_WITH_KNOTS('',3,(#5498,#5499,#5500,#5501,#5502,#5503,
#5504,#5505,#5506,#5507,#5508),.UNSPECIFIED.,.F.,.F.,(4,1,1,1,1,1,1,1,4),
(0.,0.171900664613269,0.330627932095881,0.475548835880918,0.606746190312362,
0.72502380346749,0.829742386958456,0.921322820343975,1.),.UNSPECIFIED.);
#51=B_SPLINE_CURVE_WITH_KNOTS('',3,(#5510,#5511,#5512,#5513,#5514,#5515,
#5516,#5517,#5518,#5519,#5520,#5521,#5522,#5523,#5524,#5525,#5526,#5527,
#5528),.UNSPECIFIED.,.F.,.F.,(4,1,1,1,1,1,1,1,1,1,1,1,1,1,1,1,4),(0.,0.0624119154662601,
0.123333123617102,0.18311695388143,0.241772981581708,0.300566434555785,
0.359665179319781,0.418864293534736,0.479510805459856,0.540462458993984,
0.6019127741601,0.66446720988532,0.727807097376768,0.792474559748434,0.859249307785775,
0.92846736326628,1.),.UNSPECIFIED.);
#52=B_SPLINE_CURVE_WITH_KNOTS('',3,(#5530,#5531,#5532,#5533,#5534,#5535,
#5536,#5537,#5538,#5539,#5540,#5541,#5542,#5543,#5544,#5545,#5546,#5547,
#5548),.UNSPECIFIED.,.F.,.F.,(4,1,1,1,1,1,1,1,1,1,1,1,1,1,1,1,4),(0.,0.0701511759972785,
0.137812606190192,0.203226247181394,0.267174055294474,0.33002400340818,
0.391794271786686,0.453084398997141,0.514333907645878,0.574999992818269,
0.634865482622213,0.694116315189642,0.753441621780439,0.813125800303612,
0.874079685637075,0.936007013274407,1.),.UNSPECIFIED.);
#53=B_SPLINE_CURVE_WITH_KNOTS('',3,(#5550,#5551,#5552,#5553,#5554,#5555,
#5556,#5557,#5558,#5559,#5560),.UNSPECIFIED.,.F.,.F.,(4,1,1,1,1,1,1,1,4),
(0.,0.084318616958582,0.179284514213904,0.286582527646561,0.405111483434278,
0.535592873418974,0.678190209993414,0.832975839760488,1.),.UNSPECIFIED.);
#54=B_SPLINE_CURVE_WITH_KNOTS('',3,(#5593,#5594,#5595,#5596,#5597,#5598,
#5599,#5600,#5601,#5602,#5603),.UNSPECIFIED.,.F.,.F.,(4,1,1,1,1,1,1,1,4),
(0.,0.084318616958582,0.179284514213904,0.286582527646561,0.405111483434278,
0.535592873418974,0.678190209993414,0.832975839760488,1.),.UNSPECIFIED.);
#55=B_SPLINE_CURVE_WITH_KNOTS('',3,(#5644,#5645,#5646,#5647,#5648,#5649,
#5650,#5651,#5652,#5653,#5654,#5655,#5656,#5657,#5658,#5659,#5660,#5661,
#5662),.UNSPECIFIED.,.F.,.F.,(4,1,1,1,1,1,1,1,1,1,1,1,1,1,1,1,4),(0.,0.0701511759972785,
0.137812606190192,0.203226247181394,0.267174055294474,0.33002400340818,
0.391794271786686,0.453084398997141,0.514333907645878,0.574999992818269,
0.634865482622213,0.694116315189642,0.753441621780439,0.813125800303612,
0.874079685637075,0.936007013274407,1.),.UNSPECIFIED.);
#56=B_SPLINE_CURVE_WITH_KNOTS('',3,(#5709,#5710,#5711,#5712,#5713,#5714,
#5715,#5716,#5717,#5718,#5719,#5720,#5721,#5722,#5723,#5724,#5725,#5726,
#5727),.UNSPECIFIED.,.F.,.F.,(4,1,1,1,1,1,1,1,1,1,1,1,1,1,1,1,4),(0.,0.0624119154662601,
0.123333123617102,0.18311695388143,0.241772981581708,0.300566434555785,
0.359665179319781,0.418864293534736,0.479510805459856,0.540462458993984,
0.6019127741601,0.66446720988532,0.727807097376768,0.792474559748434,0.859249307785775,
0.92846736326628,1.),.UNSPECIFIED.);
#57=B_SPLINE_CURVE_WITH_KNOTS('',3,(#5758,#5759,#5760,#5761,#5762,#5763,
#5764,#5765,#5766,#5767,#5768),.UNSPECIFIED.,.F.,.F.,(4,1,1,1,1,1,1,1,4),
(0.,0.171900664613269,0.330627932095881,0.475548835880918,0.606746190312362,
0.72502380346749,0.829742386958456,0.921322820343975,1.),.UNSPECIFIED.);
#58=B_SPLINE_CURVE_WITH_KNOTS('',3,(#5812,#5813,#5814,#5815,#5816,#5817,
#5818,#5819,#5820,#5821,#5822),.UNSPECIFIED.,.F.,.F.,(4,1,1,1,1,1,1,1,4),
(0.,0.164289216474762,0.317405911230491,0.45884361164102,0.58936654230531,
0.707831318778172,0.815770030699004,0.912879902902126,1.),.UNSPECIFIED.);
#59=B_SPLINE_CURVE_WITH_KNOTS('',3,(#5824,#5825,#5826,#5827,#5828,#5829,
#5830,#5831,#5832,#5833,#5834),.UNSPECIFIED.,.F.,.F.,(4,1,1,1,1,1,1,1,4),
(0.,0.164289216474762,0.317405911230491,0.45884361164102,0.58936654230531,
0.707831318778172,0.815770030699004,0.912879902902126,1.),.UNSPECIFIED.);
#60=B_SPLINE_CURVE_WITH_KNOTS('',3,(#5875,#5876,#5877,#5878,#5879,#5880,
#5881,#5882,#5883,#5884,#5885,#5886,#5887,#5888,#5889,#5890,#5891,#5892,
#5893),.UNSPECIFIED.,.F.,.F.,(4,1,1,1,1,1,1,1,1,1,1,1,1,1,1,1,4),(0.,0.0615463740376133,
0.12169708051536,0.18115899990034,0.240076821592445,0.298685898204089,0.357632728013327,
0.417591518855,0.478482109752598,0.540396536102812,0.602335896350276,0.664996663916428,
0.728553098822836,0.793645821178881,0.860531076903308,0.929234341627377,
1.),.UNSPECIFIED.);
#61=B_SPLINE_CURVE_WITH_KNOTS('',3,(#5895,#5896,#5897,#5898,#5899,#5900,
#5901,#5902,#5903,#5904,#5905,#5906,#5907,#5908,#5909,#5910,#5911,#5912,
#5913),.UNSPECIFIED.,.F.,.F.,(4,1,1,1,1,1,1,1,1,1,1,1,1,1,1,1,4),(0.,0.0615463740376133,
0.12169708051536,0.18115899990034,0.240076821592445,0.298685898204089,0.357632728013327,
0.417591518855,0.478482109752598,0.540396536102812,0.602335896350276,0.664996663916428,
0.728553098822836,0.793645821178881,0.860531076903308,0.929234341627377,
1.),.UNSPECIFIED.);
#62=B_SPLINE_CURVE_WITH_KNOTS('',3,(#5970,#5971,#5972,#5973,#5974,#5975,
#5976,#5977,#5978,#5979,#5980,#5981,#5982,#5983,#5984,#5985,#5986,#5987,
#5988,#5989,#5990,#5991,#5992,#5993,#5994,#5995,#5996),.UNSPECIFIED.,.F.,
 .F.,(4,1,1,1,1,1,1,1,1,1,1,1,1,1,1,1,1,1,1,1,1,1,1,1,4),(0.,0.0460837775419481,
0.090812896962628,0.134304287980894,0.177036272226831,0.218837426854287,
0.26026159079816,0.301100083560282,0.341636832448372,0.381609040526969,
0.42014780087237,0.457909660734963,0.494760701352577,0.531219284539014,
0.566960759848036,0.602742114565593,0.638232018015455,0.674761113376548,
0.713377828107324,0.754425315485125,0.797801784729985,0.843978980652588,
0.89306439001424,0.944959650661746,1.),.UNSPECIFIED.);
#63=B_SPLINE_CURVE_WITH_KNOTS('',3,(#5998,#5999,#6000,#6001,#6002,#6003,
#6004,#6005,#6006,#6007,#6008,#6009,#6010,#6011,#6012,#6013,#6014,#6015,
#6016,#6017,#6018,#6019,#6020,#6021,#6022,#6023,#6024),.UNSPECIFIED.,.F.,
 .F.,(4,1,1,1,1,1,1,1,1,1,1,1,1,1,1,1,1,1,1,1,1,1,1,1,4),(0.,0.0460837775419481,
0.090812896962628,0.134304287980894,0.177036272226831,0.218837426854287,
0.26026159079816,0.301100083560282,0.341636832448372,0.381609040526969,
0.42014780087237,0.457909660734963,0.494760701352577,0.531219284539014,
0.566960759848036,0.602742114565593,0.638232018015455,0.674761113376548,
0.713377828107324,0.754425315485125,0.797801784729985,0.843978980652588,
0.89306439001424,0.944959650661746,1.),.UNSPECIFIED.);
#64=B_SPLINE_CURVE_WITH_KNOTS('',3,(#6069,#6070,#6071,#6072,#6073,#6074,
#6075,#6076,#6077,#6078,#6079,#6080,#6081,#6082,#6083),.UNSPECIFIED.,.F.,
 .F.,(4,1,1,1,1,1,1,1,1,1,1,1,4),(0.,0.122711942365779,0.239684964016773,
0.351815855256094,0.463766132862082,0.520817793160831,0.579448291448004,
0.640604145120319,0.705297511805983,0.773633880713135,0.844669381886378,
0.920056508021145,1.),.UNSPECIFIED.);
#65=B_SPLINE_CURVE_WITH_KNOTS('',3,(#6086,#6087,#6088,#6089,#6090,#6091,
#6092,#6093,#6094,#6095,#6096,#6097,#6098,#6099,#6100,#6101,#6102,#6103,
#6104),.UNSPECIFIED.,.F.,.F.,(4,1,1,1,1,1,1,1,1,1,1,1,1,1,1,1,4),(0.,0.0552703527750625,
0.109957745517357,0.16391222169981,0.218089000528213,0.273309496892249,
0.330913549035263,0.390994210861613,0.454640741713427,0.518898067737715,
0.583342166085745,0.648543365642401,0.7150525212753,0.782518584780302,0.852333896387802,
0.924934189035155,1.),.UNSPECIFIED.);
#66=B_SPLINE_CURVE_WITH_KNOTS('',3,(#6106,#6107,#6108,#6109,#6110,#6111,
#6112,#6113,#6114,#6115,#6116,#6117,#6118,#6119,#6120),.UNSPECIFIED.,.F.,
 .F.,(4,1,1,1,1,1,1,1,1,1,1,1,4),(0.,0.110174284353426,0.21572889330158,
0.318103521866134,0.417657930655461,0.511741920148348,0.596260227549072,
0.673404587194389,0.744145217144985,0.810661996320811,0.874048980889876,
0.93669128480141,1.),.UNSPECIFIED.);
#67=B_SPLINE_CURVE_WITH_KNOTS('',3,(#6124,#6125,#6126,#6127,#6128,#6129,
#6130,#6131,#6132,#6133,#6134,#6135,#6136,#6137,#6138,#6139,#6140,#6141,
#6142),.UNSPECIFIED.,.F.,.F.,(4,1,1,1,1,1,1,1,1,1,1,1,1,1,1,1,4),(0.,0.0669066241658322,
0.133480330288684,0.201027420476503,0.271634403933729,0.342905140249835,
0.413858569331377,0.485996299989317,0.56024639269474,0.599899498120021,
0.644068466054288,0.691903726680391,0.744697298431362,0.80149937452814,
0.862862948347563,0.929331084869363,1.),.UNSPECIFIED.);
#68=B_SPLINE_CURVE_WITH_KNOTS('',3,(#6144,#6145,#6146,#6147,#6148,#6149,
#6150,#6151,#6152,#6153,#6154,#6155,#6156,#6157,#6158,#6159,#6160,#6161,
#6162),.UNSPECIFIED.,.F.,.F.,(4,1,1,1,1,1,1,1,1,1,1,1,1,1,1,1,4),(0.,0.0760717369555646,
0.148751714574511,0.218402793845845,0.285759581062386,0.350598023674878,
0.414964044598128,0.478069338571782,0.541760676006908,0.604349858538718,
0.664075021070897,0.721463623080199,0.777587128236445,0.832644446927131,
0.88784351106846,0.943460342651947,1.),.UNSPECIFIED.);
#69=B_SPLINE_CURVE_WITH_KNOTS('',3,(#6164,#6165,#6166,#6167,#6168,#6169,
#6170,#6171,#6172,#6173,#6174),.UNSPECIFIED.,.F.,.F.,(4,1,1,1,1,1,1,1,4),
(0.,0.118260426947105,0.236155810884087,0.355630221194999,0.476249447304136,
0.600164119611229,0.728633077160574,0.861326231232587,1.),.UNSPECIFIED.);
#70=B_SPLINE_CURVE_WITH_KNOTS('',3,(#6176,#6177,#6178,#6179,#6180,#6181,
#6182,#6183,#6184,#6185,#6186),.UNSPECIFIED.,.F.,.F.,(4,1,1,1,1,1,1,1,4),
(0.,0.149770386031968,0.291316409995244,0.425966373104743,0.552159573969528,
0.671527413523593,0.786121628691659,0.895325073070444,1.),.UNSPECIFIED.);
#71=B_SPLINE_CURVE_WITH_KNOTS('',3,(#6190,#6191,#6192,#6193,#6194,#6195,
#6196,#6197,#6198,#6199,#6200,#6201,#6202,#6203,#6204,#6205,#6206,#6207,
#6208),.UNSPECIFIED.,.F.,.F.,(4,1,1,1,1,1,1,1,1,1,1,1,1,1,1,1,4),(0.,0.0655377247223924,
0.128956387961231,0.190367127726479,0.249965467100067,0.308568753691574,
0.366415243035737,0.424556412502519,0.483181137491438,0.542251435306566,
0.601744259685553,0.662507715307769,0.724499556554474,0.789138915203405,
0.856353952001831,0.926299109776498,1.),.UNSPECIFIED.);
#72=B_SPLINE_CURVE_WITH_KNOTS('',3,(#6210,#6211,#6212,#6213,#6214,#6215,
#6216,#6217,#6218,#6219,#6220,#6221,#6222,#6223,#6224),.UNSPECIFIED.,.F.,
 .F.,(4,1,1,1,1,1,1,1,1,1,1,1,4),(0.,0.0796414419106808,0.158908089923549,
0.239599009243575,0.322581849369103,0.405999924000319,0.487842618932085,
0.569675598706298,0.653019991250803,0.737412348495847,0.822558452280263,
0.909755370950638,1.),.UNSPECIFIED.);
#73=B_SPLINE_CURVE_WITH_KNOTS('',3,(#6226,#6227,#6228,#6229,#6230,#6231,
#6232,#6233,#6234,#6235,#6236),.UNSPECIFIED.,.F.,.F.,(4,1,1,1,1,1,1,1,4),
(0.,0.128135509797255,0.254172711901979,0.378111645139002,0.501712263007285,
0.623986309368485,0.747095613617741,0.872874636650062,1.),.UNSPECIFIED.);
#74=B_SPLINE_CURVE_WITH_KNOTS('',3,(#6238,#6239,#6240,#6241,#6242,#6243,
#6244),.UNSPECIFIED.,.F.,.F.,(4,1,1,1,4),(0.,0.253915888623078,0.503896129718651,
0.750255388530101,1.),.UNSPECIFIED.);
#75=B_SPLINE_CURVE_WITH_KNOTS('',3,(#6246,#6247,#6248,#6249,#6250,#6251,
#6252,#6253,#6254,#6255,#6256),.UNSPECIFIED.,.F.,.F.,(4,1,1,1,1,1,1,1,4),
(0.,0.128067548595891,0.250608318867669,0.370630165914503,0.490072246729949,
0.61037476415462,0.734313069911526,0.86321650424499,1.),.UNSPECIFIED.);
#76=B_SPLINE_CURVE_WITH_KNOTS('',3,(#6258,#6259,#6260,#6261,#6262,#6263,
#6264,#6265,#6266,#6267,#6268,#6269,#6270,#6271,#6272),.UNSPECIFIED.,.F.,
 .F.,(4,1,1,1,1,1,1,1,1,1,1,1,4),(0.,0.0902542493426766,0.178539791528684,
0.26609303385382,0.354630977957173,0.441886153350563,0.525746915163649,
0.608113633603637,0.690197272827883,0.770821484330335,0.848326181255411,
0.924011740024743,1.),.UNSPECIFIED.);
#77=B_SPLINE_CURVE_WITH_KNOTS('',3,(#6274,#6275,#6276,#6277,#6278,#6279,
#6280,#6281,#6282,#6283,#6284,#6285,#6286,#6287,#6288,#6289,#6290,#6291,
#6292),.UNSPECIFIED.,.F.,.F.,(4,1,1,1,1,1,1,1,1,1,1,1,1,1,1,1,4),(0.,0.0726253460834358,
0.141976611326235,0.208984928418938,0.273956870364445,0.336889347396841,
0.39874495349459,0.460115885278862,0.520824922590029,0.580994458632486,
0.640151927601465,0.698622450756255,0.757271080927164,0.81642669400466,
0.876254048203471,0.937165293062537,1.),.UNSPECIFIED.);
#78=B_SPLINE_CURVE_WITH_KNOTS('',3,(#6339,#6340,#6341,#6342,#6343,#6344,
#6345,#6346,#6347,#6348,#6349,#6350,#6351,#6352,#6353,#6354,#6355,#6356,
#6357),.UNSPECIFIED.,.F.,.F.,(4,1,1,1,1,1,1,1,1,1,1,1,1,1,1,1,4),(0.,0.0726253460834358,
0.141976611326235,0.208984928418938,0.273956870364445,0.336889347396841,
0.39874495349459,0.460115885278862,0.520824922590029,0.580994458632486,
0.640151927601465,0.698622450756255,0.757271080927164,0.81642669400466,
0.876254048203471,0.937165293062537,1.),.UNSPECIFIED.);
#79=B_SPLINE_CURVE_WITH_KNOTS('',3,(#6402,#6403,#6404,#6405,#6406,#6407,
#6408,#6409,#6410,#6411,#6412,#6413,#6414,#6415,#6416),.UNSPECIFIED.,.F.,
 .F.,(4,1,1,1,1,1,1,1,1,1,1,1,4),(0.,0.0902542493426766,0.178539791528684,
0.26609303385382,0.354630977957173,0.441886153350563,0.525746915163649,
0.608113633603637,0.690197272827883,0.770821484330335,0.848326181255411,
0.924011740024743,1.),.UNSPECIFIED.);
#80=B_SPLINE_CURVE_WITH_KNOTS('',3,(#6441,#6442,#6443,#6444,#6445,#6446,
#6447,#6448,#6449,#6450,#6451),.UNSPECIFIED.,.F.,.F.,(4,1,1,1,1,1,1,1,4),
(0.,0.128067548595891,0.250608318867669,0.370630165914503,0.490072246729949,
0.61037476415462,0.734313069911526,0.86321650424499,1.),.UNSPECIFIED.);
#81=B_SPLINE_CURVE_WITH_KNOTS('',3,(#6468,#6469,#6470,#6471,#6472,#6473,
#6474),.UNSPECIFIED.,.F.,.F.,(4,1,1,1,4),(0.,0.253915888623078,0.503896129718651,
0.750255388530101,1.),.UNSPECIFIED.);
#82=B_SPLINE_CURVE_WITH_KNOTS('',3,(#6499,#6500,#6501,#6502,#6503,#6504,
#6505,#6506,#6507,#6508,#6509),.UNSPECIFIED.,.F.,.F.,(4,1,1,1,1,1,1,1,4),
(0.,0.128135509797255,0.254172711901979,0.378111645139002,0.501712263007285,
0.623986309368485,0.747095613617741,0.872874636650062,1.),.UNSPECIFIED.);
#83=B_SPLINE_CURVE_WITH_KNOTS('',3,(#6554,#6555,#6556,#6557,#6558,#6559,
#6560,#6561,#6562,#6563,#6564,#6565,#6566,#6567,#6568),.UNSPECIFIED.,.F.,
 .F.,(4,1,1,1,1,1,1,1,1,1,1,1,4),(0.,0.0796414419106808,0.158908089923549,
0.239599009243575,0.322581849369103,0.405999924000319,0.487842618932085,
0.569675598706298,0.653019991250803,0.737412348495847,0.822558452280263,
0.909755370950638,1.),.UNSPECIFIED.);
#84=B_SPLINE_CURVE_WITH_KNOTS('',3,(#6615,#6616,#6617,#6618,#6619,#6620,
#6621,#6622,#6623,#6624,#6625,#6626,#6627,#6628,#6629,#6630,#6631,#6632,
#6633),.UNSPECIFIED.,.F.,.F.,(4,1,1,1,1,1,1,1,1,1,1,1,1,1,1,1,4),(0.,0.0655377247223924,
0.128956387961231,0.190367127726479,0.249965467100067,0.308568753691574,
0.366415243035737,0.424556412502519,0.483181137491438,0.542251435306566,
0.601744259685553,0.662507715307769,0.724499556554474,0.789138915203405,
0.856353952001831,0.926299109776498,1.),.UNSPECIFIED.);
#85=B_SPLINE_CURVE_WITH_KNOTS('',3,(#6668,#6669,#6670,#6671,#6672,#6673,
#6674,#6675,#6676,#6677,#6678),.UNSPECIFIED.,.F.,.F.,(4,1,1,1,1,1,1,1,4),
(0.,0.149770386031968,0.291316409995244,0.425966373104743,0.552159573969528,
0.671527413523593,0.786121628691659,0.895325073070444,1.),.UNSPECIFIED.);
#86=B_SPLINE_CURVE_WITH_KNOTS('',3,(#6703,#6704,#6705,#6706,#6707,#6708,
#6709,#6710,#6711,#6712,#6713),.UNSPECIFIED.,.F.,.F.,(4,1,1,1,1,1,1,1,4),
(0.,0.118260426947105,0.236155810884087,0.355630221194999,0.476249447304136,
0.600164119611229,0.728633077160574,0.861326231232587,1.),.UNSPECIFIED.);
#87=B_SPLINE_CURVE_WITH_KNOTS('',3,(#6760,#6761,#6762,#6763,#6764,#6765,
#6766,#6767,#6768,#6769,#6770,#6771,#6772,#6773,#6774,#6775,#6776,#6777,
#6778),.UNSPECIFIED.,.F.,.F.,(4,1,1,1,1,1,1,1,1,1,1,1,1,1,1,1,4),(0.,0.0760717369555646,
0.148751714574511,0.218402793845845,0.285759581062386,0.350598023674878,
0.414964044598128,0.478069338571782,0.541760676006908,0.604349858538718,
0.664075021070897,0.721463623080199,0.777587128236445,0.832644446927131,
0.88784351106846,0.943460342651947,1.),.UNSPECIFIED.);
#88=B_SPLINE_CURVE_WITH_KNOTS('',3,(#6825,#6826,#6827,#6828,#6829,#6830,
#6831,#6832,#6833,#6834,#6835,#6836,#6837,#6838,#6839,#6840,#6841,#6842,
#6843),.UNSPECIFIED.,.F.,.F.,(4,1,1,1,1,1,1,1,1,1,1,1,1,1,1,1,4),(0.,0.0669066241658322,
0.133480330288684,0.201027420476503,0.271634403933729,0.342905140249835,
0.413858569331377,0.485996299989317,0.56024639269474,0.599899498120021,
0.644068466054288,0.691903726680391,0.744697298431362,0.80149937452814,
0.862862948347563,0.929331084869363,1.),.UNSPECIFIED.);
#89=B_SPLINE_CURVE_WITH_KNOTS('',3,(#6886,#6887,#6888,#6889,#6890,#6891,
#6892,#6893,#6894,#6895,#6896,#6897,#6898,#6899,#6900),.UNSPECIFIED.,.F.,
 .F.,(4,1,1,1,1,1,1,1,1,1,1,1,4),(0.,0.110174284353426,0.21572889330158,
0.318103521866134,0.417657930655461,0.511741920148348,0.596260227549072,
0.673404587194389,0.744145217144985,0.810661996320811,0.874048980889876,
0.93669128480141,1.),.UNSPECIFIED.);
#90=B_SPLINE_CURVE_WITH_KNOTS('',3,(#6953,#6954,#6955,#6956,#6957,#6958,
#6959,#6960,#6961,#6962,#6963,#6964,#6965,#6966,#6967,#6968,#6969,#6970,
#6971),.UNSPECIFIED.,.F.,.F.,(4,1,1,1,1,1,1,1,1,1,1,1,1,1,1,1,4),(0.,0.0552703527750625,
0.109957745517357,0.16391222169981,0.218089000528213,0.273309496892249,
0.330913549035263,0.390994210861613,0.454640741713427,0.518898067737715,
0.583342166085745,0.648543365642401,0.7150525212753,0.782518584780302,0.852333896387802,
0.924934189035155,1.),.UNSPECIFIED.);
#91=B_SPLINE_CURVE_WITH_KNOTS('',3,(#7010,#7011,#7012,#7013,#7014,#7015,
#7016,#7017,#7018,#7019,#7020,#7021,#7022,#7023,#7024),.UNSPECIFIED.,.F.,
 .F.,(4,1,1,1,1,1,1,1,1,1,1,1,4),(0.,0.122711942365779,0.239684964016773,
0.351815855256094,0.463766132862082,0.520817793160831,0.579448291448004,
0.640604145120319,0.705297511805983,0.773633880713135,0.844669381886378,
0.920056508021145,1.),.UNSPECIFIED.);
#92=B_SPLINE_CURVE_WITH_KNOTS('',3,(#7031,#7032,#7033,#7034,#7035,#7036,
#7037,#7038,#7039,#7040,#7041),.UNSPECIFIED.,.F.,.F.,(4,1,1,1,1,1,1,1,4),
(0.,0.10220303703522,0.211023342373875,0.325099661565208,0.44650209713489,
0.573787717648856,0.708900709766066,0.850357871293401,1.),.UNSPECIFIED.);
#93=B_SPLINE_CURVE_WITH_KNOTS('',3,(#7043,#7044,#7045,#7046,#7047,#7048,
#7049,#7050,#7051,#7052,#7053,#7054,#7055,#7056,#7057,#7058,#7059,#7060,
#7061),.UNSPECIFIED.,.F.,.F.,(4,1,1,1,1,1,1,1,1,1,1,1,1,1,1,1,4),(0.,0.0653576972243547,
0.12738890860719,0.188368116451145,0.247229675652301,0.305649372396635,
0.363331954972209,0.422657047497494,0.482689228294006,0.543308012742742,
0.604131623917271,0.664984439772343,0.727232481679262,0.791447473728812,
0.858041725988574,0.927029763854417,1.),.UNSPECIFIED.);
#94=B_SPLINE_CURVE_WITH_KNOTS('',3,(#7063,#7064,#7065,#7066,#7067,#7068,
#7069,#7070,#7071,#7072,#7073,#7074,#7075,#7076,#7077,#7078,#7079,#7080,
#7081),.UNSPECIFIED.,.F.,.F.,(4,1,1,1,1,1,1,1,1,1,1,1,1,1,1,1,4),(0.,0.0642043039858555,
0.126418799891218,0.187671540593456,0.248040821720596,0.30833728477497,
0.369690357634055,0.431725027882427,0.495970375095064,0.559778534017803,
0.622313004372744,0.683925361293194,0.745104283721918,0.806749228998721,
0.86909271712945,0.933293110868097,1.),.UNSPECIFIED.);
#95=B_SPLINE_CURVE_WITH_KNOTS('',3,(#7083,#7084,#7085,#7086,#7087,#7088,
#7089,#7090,#7091,#7092,#7093,#7094,#7095,#7096,#7097),.UNSPECIFIED.,.F.,
 .F.,(4,1,1,1,1,1,1,1,1,1,1,1,4),(0.,0.0946859008739596,0.181991559022571,
0.2643731764917,0.341638845824698,0.418557690371456,0.496448043529189,0.577306906061814,
0.661447206377003,0.746667948808804,0.831367458568581,0.915206826056237,
1.),.UNSPECIFIED.);
#96=B_SPLINE_CURVE_WITH_KNOTS('',3,(#7101,#7102,#7103,#7104,#7105,#7106,
#7107,#7108,#7109,#7110,#7111,#7112,#7113,#7114,#7115,#7116,#7117,#7118,
#7119),.UNSPECIFIED.,.F.,.F.,(4,1,1,1,1,1,1,1,1,1,1,1,1,1,1,1,4),(0.,0.0654295321714409,
0.128724875092615,0.190260534271678,0.250756550351336,0.31085506089256,
0.37077552039272,0.431882638843673,0.493798805978217,0.55616728375856,0.617293302292995,
0.678626837355787,0.740678113105842,0.802960100954136,0.866785501461282,
0.93233849678283,1.),.UNSPECIFIED.);
#97=B_SPLINE_CURVE_WITH_KNOTS('',3,(#7121,#7122,#7123,#7124,#7125,#7126,
#7127,#7128,#7129,#7130,#7131,#7132,#7133,#7134,#7135,#7136,#7137,#7138,
#7139,#7140,#7141,#7142,#7143,#7144,#7145,#7146,#7147),.UNSPECIFIED.,.F.,
 .F.,(4,1,1,1,1,1,1,1,1,1,1,1,1,1,1,1,1,1,1,1,1,1,1,1,4),(0.,0.0440164130261,
0.0874379823170952,0.130124141052955,0.172561309710942,0.214217620331509,
0.256302492320757,0.298444485088429,0.340535536034103,0.382403570054753,
0.423614245127641,0.464222599324914,0.504051785203381,0.543841775547461,
0.583548346914717,0.623077685222173,0.663214198367904,0.703538175713089,
0.743926594133896,0.784531746158377,0.825742421231266,0.867751527246419,
0.910741225031107,0.954912457172422,1.),.UNSPECIFIED.);
#98=B_SPLINE_CURVE_WITH_KNOTS('',3,(#7149,#7150,#7151,#7152,#7153,#7154,
#7155,#7156,#7157,#7158,#7159,#7160,#7161,#7162,#7163,#7164,#7165,#7166,
#7167),.UNSPECIFIED.,.F.,.F.,(4,1,1,1,1,1,1,1,1,1,1,1,1,1,1,1,4),(0.,0.0658003265884094,
0.129379882248339,0.190783296740656,0.251293065389881,0.310820339478683,
0.370369738553973,0.430760296222481,0.492597546973754,0.554813324012388,
0.616090414690663,0.676930948445113,0.738288916325084,0.800784293902111,
0.864792621208957,0.931052964242199,1.),.UNSPECIFIED.);
#99=B_SPLINE_CURVE_WITH_KNOTS('',3,(#7169,#7170,#7171,#7172,#7173,#7174,
#7175),.UNSPECIFIED.,.F.,.F.,(4,1,1,1,4),(0.,0.275068369018743,0.532901460089936,
0.773973459592445,1.),.UNSPECIFIED.);
#100=B_SPLINE_CURVE_WITH_KNOTS('',3,(#7210,#7211,#7212,#7213,#7214,#7215,
#7216),.UNSPECIFIED.,.F.,.F.,(4,1,1,1,4),(0.,0.275068369018743,0.532901460089936,
0.773973459592445,1.),.UNSPECIFIED.);
#101=B_SPLINE_CURVE_WITH_KNOTS('',3,(#7257,#7258,#7259,#7260,#7261,#7262,
#7263,#7264,#7265,#7266,#7267,#7268,#7269,#7270,#7271,#7272,#7273,#7274,
#7275),.UNSPECIFIED.,.F.,.F.,(4,1,1,1,1,1,1,1,1,1,1,1,1,1,1,1,4),(0.,0.0658003265884094,
0.129379882248339,0.190783296740656,0.251293065389881,0.310820339478683,
0.370369738553973,0.430760296222481,0.492597546973754,0.554813324012388,
0.616090414690663,0.676930948445113,0.738288916325084,0.800784293902111,
0.864792621208957,0.931052964242199,1.),.UNSPECIFIED.);
#102=B_SPLINE_CURVE_WITH_KNOTS('',3,(#7332,#7333,#7334,#7335,#7336,#7337,
#7338,#7339,#7340,#7341,#7342,#7343,#7344,#7345,#7346,#7347,#7348,#7349,
#7350,#7351,#7352,#7353,#7354,#7355,#7356,#7357,#7358),.UNSPECIFIED.,.F.,
 .F.,(4,1,1,1,1,1,1,1,1,1,1,1,1,1,1,1,1,1,1,1,1,1,1,1,4),(0.,0.0440164130261,
0.0874379823170952,0.130124141052955,0.172561309710942,0.214217620331509,
0.256302492320757,0.298444485088429,0.340535536034103,0.382403570054753,
0.423614245127641,0.464222599324914,0.504051785203381,0.543841775547461,
0.583548346914717,0.623077685222173,0.663214198367904,0.703538175713089,
0.743926594133896,0.784531746158377,0.825742421231266,0.867751527246419,
0.910741225031107,0.954912457172422,1.),.UNSPECIFIED.);
#103=B_SPLINE_CURVE_WITH_KNOTS('',3,(#7399,#7400,#7401,#7402,#7403,#7404,
#7405,#7406,#7407,#7408,#7409,#7410,#7411,#7412,#7413,#7414,#7415,#7416,
#7417),.UNSPECIFIED.,.F.,.F.,(4,1,1,1,1,1,1,1,1,1,1,1,1,1,1,1,4),(0.,0.0654295321714409,
0.128724875092615,0.190260534271678,0.250756550351336,0.31085506089256,
0.37077552039272,0.431882638843673,0.493798805978217,0.55616728375856,0.617293302292995,
0.678626837355787,0.740678113105842,0.802960100954136,0.866785501461282,
0.93233849678283,1.),.UNSPECIFIED.);
#104=B_SPLINE_CURVE_WITH_KNOTS('',3,(#7460,#7461,#7462,#7463,#7464,#7465,
#7466,#7467,#7468,#7469,#7470,#7471,#7472,#7473,#7474),.UNSPECIFIED.,.F.,
 .F.,(4,1,1,1,1,1,1,1,1,1,1,1,4),(0.,0.0946859008739596,0.181991559022571,
0.2643731764917,0.341638845824698,0.418557690371456,0.496448043529189,0.577306906061814,
0.661447206377003,0.746667948808804,0.831367458568581,0.915206826056237,
1.),.UNSPECIFIED.);
#105=B_SPLINE_CURVE_WITH_KNOTS('',3,(#7515,#7516,#7517,#7518,#7519,#7520,
#7521,#7522,#7523,#7524,#7525,#7526,#7527,#7528,#7529,#7530,#7531,#7532,
#7533),.UNSPECIFIED.,.F.,.F.,(4,1,1,1,1,1,1,1,1,1,1,1,1,1,1,1,4),(0.,0.0642043039858555,
0.126418799891218,0.187671540593456,0.248040821720596,0.30833728477497,
0.369690357634055,0.431725027882427,0.495970375095064,0.559778534017803,
0.622313004372744,0.683925361293194,0.745104283721918,0.806749228998721,
0.86909271712945,0.933293110868097,1.),.UNSPECIFIED.);
#106=B_SPLINE_CURVE_WITH_KNOTS('',3,(#7574,#7575,#7576,#7577,#7578,#7579,
#7580,#7581,#7582,#7583,#7584,#7585,#7586,#7587,#7588,#7589,#7590,#7591,
#7592),.UNSPECIFIED.,.F.,.F.,(4,1,1,1,1,1,1,1,1,1,1,1,1,1,1,1,4),(0.,0.0653576972243547,
0.12738890860719,0.188368116451145,0.247229675652301,0.305649372396635,
0.363331954972209,0.422657047497494,0.482689228294006,0.543308012742742,
0.604131623917271,0.664984439772343,0.727232481679262,0.791447473728812,
0.858041725988574,0.927029763854417,1.),.UNSPECIFIED.);
#107=B_SPLINE_CURVE_WITH_KNOTS('',3,(#7617,#7618,#7619,#7620,#7621,#7622,
#7623,#7624,#7625,#7626,#7627),.UNSPECIFIED.,.F.,.F.,(4,1,1,1,1,1,1,1,4),
(0.,0.10220303703522,0.211023342373875,0.325099661565208,0.44650209713489,
0.573787717648856,0.708900709766066,0.850357871293401,1.),.UNSPECIFIED.);
#108=CIRCLE('',#4001,0.00065);
#109=CIRCLE('',#4002,0.0005);
#110=CIRCLE('',#4004,0.00165);
#111=CIRCLE('',#4005,0.0015);
#112=CIRCLE('',#4007,0.00065);
#113=CIRCLE('',#4008,0.0005);
#114=CIRCLE('',#4073,0.0005);
#115=CIRCLE('',#4074,0.00065);
#116=CIRCLE('',#4076,0.0015);
#117=CIRCLE('',#4077,0.00165);
#118=CIRCLE('',#4079,0.0005);
#119=CIRCLE('',#4080,0.00065);
#120=CIRCLE('',#4086,0.00165);
#121=CIRCLE('',#4087,0.00065);
#122=CIRCLE('',#4088,0.00065);
#123=CIRCLE('',#4090,0.00065);
#124=CIRCLE('',#4091,0.00165);
#125=CIRCLE('',#4092,0.00065);
#126=DRAUGHTING_PRE_DEFINED_COLOUR('white');
#127=ORIENTED_EDGE('',*,*,#1111,.F.);
#128=ORIENTED_EDGE('',*,*,#1112,.F.);
#129=ORIENTED_EDGE('',*,*,#1113,.F.);
#130=ORIENTED_EDGE('',*,*,#1114,.F.);
#131=ORIENTED_EDGE('',*,*,#1115,.F.);
#132=ORIENTED_EDGE('',*,*,#1116,.F.);
#133=ORIENTED_EDGE('',*,*,#1117,.F.);
#134=ORIENTED_EDGE('',*,*,#1118,.F.);
#135=ORIENTED_EDGE('',*,*,#1119,.F.);
#136=ORIENTED_EDGE('',*,*,#1120,.F.);
#137=ORIENTED_EDGE('',*,*,#1121,.F.);
#138=ORIENTED_EDGE('',*,*,#1122,.F.);
#139=ORIENTED_EDGE('',*,*,#1123,.F.);
#140=ORIENTED_EDGE('',*,*,#1124,.F.);
#141=ORIENTED_EDGE('',*,*,#1125,.F.);
#142=ORIENTED_EDGE('',*,*,#1126,.F.);
#143=ORIENTED_EDGE('',*,*,#1127,.T.);
#144=ORIENTED_EDGE('',*,*,#1128,.F.);
#145=ORIENTED_EDGE('',*,*,#1129,.T.);
#146=ORIENTED_EDGE('',*,*,#1130,.F.);
#147=ORIENTED_EDGE('',*,*,#1131,.T.);
#148=ORIENTED_EDGE('',*,*,#1132,.F.);
#149=ORIENTED_EDGE('',*,*,#1129,.F.);
#150=ORIENTED_EDGE('',*,*,#1133,.F.);
#151=ORIENTED_EDGE('',*,*,#1134,.T.);
#152=ORIENTED_EDGE('',*,*,#1135,.F.);
#153=ORIENTED_EDGE('',*,*,#1127,.F.);
#154=ORIENTED_EDGE('',*,*,#1136,.F.);
#155=ORIENTED_EDGE('',*,*,#1131,.F.);
#156=ORIENTED_EDGE('',*,*,#1137,.F.);
#157=ORIENTED_EDGE('',*,*,#1134,.F.);
#158=ORIENTED_EDGE('',*,*,#1138,.F.);
#159=ORIENTED_EDGE('',*,*,#1139,.T.);
#160=ORIENTED_EDGE('',*,*,#1140,.F.);
#161=ORIENTED_EDGE('',*,*,#1141,.T.);
#162=ORIENTED_EDGE('',*,*,#1142,.F.);
#163=ORIENTED_EDGE('',*,*,#1143,.T.);
#164=ORIENTED_EDGE('',*,*,#1144,.F.);
#165=ORIENTED_EDGE('',*,*,#1141,.F.);
#166=ORIENTED_EDGE('',*,*,#1145,.F.);
#167=ORIENTED_EDGE('',*,*,#1146,.T.);
#168=ORIENTED_EDGE('',*,*,#1147,.F.);
#169=ORIENTED_EDGE('',*,*,#1139,.F.);
#170=ORIENTED_EDGE('',*,*,#1148,.F.);
#171=ORIENTED_EDGE('',*,*,#1143,.F.);
#172=ORIENTED_EDGE('',*,*,#1149,.F.);
#173=ORIENTED_EDGE('',*,*,#1146,.F.);
#174=ORIENTED_EDGE('',*,*,#1150,.F.);
#175=ORIENTED_EDGE('',*,*,#1151,.T.);
#176=ORIENTED_EDGE('',*,*,#1152,.F.);
#177=ORIENTED_EDGE('',*,*,#1153,.T.);
#178=ORIENTED_EDGE('',*,*,#1154,.F.);
#179=ORIENTED_EDGE('',*,*,#1155,.T.);
#180=ORIENTED_EDGE('',*,*,#1156,.F.);
#181=ORIENTED_EDGE('',*,*,#1153,.F.);
#182=ORIENTED_EDGE('',*,*,#1157,.F.);
#183=ORIENTED_EDGE('',*,*,#1158,.T.);
#184=ORIENTED_EDGE('',*,*,#1159,.F.);
#185=ORIENTED_EDGE('',*,*,#1151,.F.);
#186=ORIENTED_EDGE('',*,*,#1160,.F.);
#187=ORIENTED_EDGE('',*,*,#1155,.F.);
#188=ORIENTED_EDGE('',*,*,#1161,.F.);
#189=ORIENTED_EDGE('',*,*,#1158,.F.);
#190=ORIENTED_EDGE('',*,*,#1162,.F.);
#191=ORIENTED_EDGE('',*,*,#1163,.T.);
#192=ORIENTED_EDGE('',*,*,#1164,.F.);
#193=ORIENTED_EDGE('',*,*,#1165,.T.);
#194=ORIENTED_EDGE('',*,*,#1166,.F.);
#195=ORIENTED_EDGE('',*,*,#1167,.T.);
#196=ORIENTED_EDGE('',*,*,#1168,.F.);
#197=ORIENTED_EDGE('',*,*,#1165,.F.);
#198=ORIENTED_EDGE('',*,*,#1169,.F.);
#199=ORIENTED_EDGE('',*,*,#1170,.T.);
#200=ORIENTED_EDGE('',*,*,#1171,.F.);
#201=ORIENTED_EDGE('',*,*,#1163,.F.);
#202=ORIENTED_EDGE('',*,*,#1172,.F.);
#203=ORIENTED_EDGE('',*,*,#1167,.F.);
#204=ORIENTED_EDGE('',*,*,#1173,.F.);
#205=ORIENTED_EDGE('',*,*,#1170,.F.);
#206=ORIENTED_EDGE('',*,*,#1174,.F.);
#207=ORIENTED_EDGE('',*,*,#1175,.T.);
#208=ORIENTED_EDGE('',*,*,#1176,.F.);
#209=ORIENTED_EDGE('',*,*,#1177,.T.);
#210=ORIENTED_EDGE('',*,*,#1178,.F.);
#211=ORIENTED_EDGE('',*,*,#1179,.T.);
#212=ORIENTED_EDGE('',*,*,#1180,.F.);
#213=ORIENTED_EDGE('',*,*,#1177,.F.);
#214=ORIENTED_EDGE('',*,*,#1181,.F.);
#215=ORIENTED_EDGE('',*,*,#1182,.T.);
#216=ORIENTED_EDGE('',*,*,#1183,.F.);
#217=ORIENTED_EDGE('',*,*,#1175,.F.);
#218=ORIENTED_EDGE('',*,*,#1184,.F.);
#219=ORIENTED_EDGE('',*,*,#1179,.F.);
#220=ORIENTED_EDGE('',*,*,#1185,.F.);
#221=ORIENTED_EDGE('',*,*,#1182,.F.);
#222=ORIENTED_EDGE('',*,*,#1186,.F.);
#223=ORIENTED_EDGE('',*,*,#1187,.T.);
#224=ORIENTED_EDGE('',*,*,#1188,.F.);
#225=ORIENTED_EDGE('',*,*,#1189,.T.);
#226=ORIENTED_EDGE('',*,*,#1190,.F.);
#227=ORIENTED_EDGE('',*,*,#1191,.T.);
#228=ORIENTED_EDGE('',*,*,#1192,.F.);
#229=ORIENTED_EDGE('',*,*,#1189,.F.);
#230=ORIENTED_EDGE('',*,*,#1193,.F.);
#231=ORIENTED_EDGE('',*,*,#1194,.T.);
#232=ORIENTED_EDGE('',*,*,#1195,.F.);
#233=ORIENTED_EDGE('',*,*,#1187,.F.);
#234=ORIENTED_EDGE('',*,*,#1196,.F.);
#235=ORIENTED_EDGE('',*,*,#1191,.F.);
#236=ORIENTED_EDGE('',*,*,#1197,.F.);
#237=ORIENTED_EDGE('',*,*,#1194,.F.);
#238=ORIENTED_EDGE('',*,*,#1198,.F.);
#239=ORIENTED_EDGE('',*,*,#1199,.T.);
#240=ORIENTED_EDGE('',*,*,#1200,.F.);
#241=ORIENTED_EDGE('',*,*,#1201,.T.);
#242=ORIENTED_EDGE('',*,*,#1202,.F.);
#243=ORIENTED_EDGE('',*,*,#1203,.T.);
#244=ORIENTED_EDGE('',*,*,#1204,.F.);
#245=ORIENTED_EDGE('',*,*,#1201,.F.);
#246=ORIENTED_EDGE('',*,*,#1205,.F.);
#247=ORIENTED_EDGE('',*,*,#1206,.T.);
#248=ORIENTED_EDGE('',*,*,#1207,.F.);
#249=ORIENTED_EDGE('',*,*,#1199,.F.);
#250=ORIENTED_EDGE('',*,*,#1208,.F.);
#251=ORIENTED_EDGE('',*,*,#1203,.F.);
#252=ORIENTED_EDGE('',*,*,#1209,.F.);
#253=ORIENTED_EDGE('',*,*,#1206,.F.);
#254=ORIENTED_EDGE('',*,*,#1210,.F.);
#255=ORIENTED_EDGE('',*,*,#1211,.T.);
#256=ORIENTED_EDGE('',*,*,#1212,.F.);
#257=ORIENTED_EDGE('',*,*,#1213,.T.);
#258=ORIENTED_EDGE('',*,*,#1214,.F.);
#259=ORIENTED_EDGE('',*,*,#1215,.T.);
#260=ORIENTED_EDGE('',*,*,#1216,.F.);
#261=ORIENTED_EDGE('',*,*,#1213,.F.);
#262=ORIENTED_EDGE('',*,*,#1217,.F.);
#263=ORIENTED_EDGE('',*,*,#1218,.T.);
#264=ORIENTED_EDGE('',*,*,#1219,.F.);
#265=ORIENTED_EDGE('',*,*,#1211,.F.);
#266=ORIENTED_EDGE('',*,*,#1220,.F.);
#267=ORIENTED_EDGE('',*,*,#1215,.F.);
#268=ORIENTED_EDGE('',*,*,#1221,.F.);
#269=ORIENTED_EDGE('',*,*,#1218,.F.);
#270=ORIENTED_EDGE('',*,*,#1222,.F.);
#271=ORIENTED_EDGE('',*,*,#1223,.T.);
#272=ORIENTED_EDGE('',*,*,#1224,.F.);
#273=ORIENTED_EDGE('',*,*,#1225,.T.);
#274=ORIENTED_EDGE('',*,*,#1226,.F.);
#275=ORIENTED_EDGE('',*,*,#1227,.T.);
#276=ORIENTED_EDGE('',*,*,#1228,.F.);
#277=ORIENTED_EDGE('',*,*,#1225,.F.);
#278=ORIENTED_EDGE('',*,*,#1229,.F.);
#279=ORIENTED_EDGE('',*,*,#1230,.T.);
#280=ORIENTED_EDGE('',*,*,#1231,.F.);
#281=ORIENTED_EDGE('',*,*,#1223,.F.);
#282=ORIENTED_EDGE('',*,*,#1232,.F.);
#283=ORIENTED_EDGE('',*,*,#1227,.F.);
#284=ORIENTED_EDGE('',*,*,#1233,.F.);
#285=ORIENTED_EDGE('',*,*,#1230,.F.);
#286=ORIENTED_EDGE('',*,*,#1234,.F.);
#287=ORIENTED_EDGE('',*,*,#1235,.T.);
#288=ORIENTED_EDGE('',*,*,#1236,.F.);
#289=ORIENTED_EDGE('',*,*,#1237,.T.);
#290=ORIENTED_EDGE('',*,*,#1238,.F.);
#291=ORIENTED_EDGE('',*,*,#1239,.T.);
#292=ORIENTED_EDGE('',*,*,#1240,.F.);
#293=ORIENTED_EDGE('',*,*,#1237,.F.);
#294=ORIENTED_EDGE('',*,*,#1241,.F.);
#295=ORIENTED_EDGE('',*,*,#1242,.T.);
#296=ORIENTED_EDGE('',*,*,#1243,.F.);
#297=ORIENTED_EDGE('',*,*,#1235,.F.);
#298=ORIENTED_EDGE('',*,*,#1244,.F.);
#299=ORIENTED_EDGE('',*,*,#1239,.F.);
#300=ORIENTED_EDGE('',*,*,#1245,.F.);
#301=ORIENTED_EDGE('',*,*,#1242,.F.);
#302=ORIENTED_EDGE('',*,*,#1246,.F.);
#303=ORIENTED_EDGE('',*,*,#1247,.T.);
#304=ORIENTED_EDGE('',*,*,#1248,.F.);
#305=ORIENTED_EDGE('',*,*,#1249,.T.);
#306=ORIENTED_EDGE('',*,*,#1250,.F.);
#307=ORIENTED_EDGE('',*,*,#1251,.T.);
#308=ORIENTED_EDGE('',*,*,#1252,.F.);
#309=ORIENTED_EDGE('',*,*,#1249,.F.);
#310=ORIENTED_EDGE('',*,*,#1253,.F.);
#311=ORIENTED_EDGE('',*,*,#1254,.T.);
#312=ORIENTED_EDGE('',*,*,#1255,.F.);
#313=ORIENTED_EDGE('',*,*,#1247,.F.);
#314=ORIENTED_EDGE('',*,*,#1256,.F.);
#315=ORIENTED_EDGE('',*,*,#1251,.F.);
#316=ORIENTED_EDGE('',*,*,#1257,.F.);
#317=ORIENTED_EDGE('',*,*,#1254,.F.);
#318=ORIENTED_EDGE('',*,*,#1258,.F.);
#319=ORIENTED_EDGE('',*,*,#1259,.T.);
#320=ORIENTED_EDGE('',*,*,#1260,.F.);
#321=ORIENTED_EDGE('',*,*,#1261,.T.);
#322=ORIENTED_EDGE('',*,*,#1262,.F.);
#323=ORIENTED_EDGE('',*,*,#1263,.T.);
#324=ORIENTED_EDGE('',*,*,#1264,.F.);
#325=ORIENTED_EDGE('',*,*,#1261,.F.);
#326=ORIENTED_EDGE('',*,*,#1265,.F.);
#327=ORIENTED_EDGE('',*,*,#1266,.T.);
#328=ORIENTED_EDGE('',*,*,#1267,.F.);
#329=ORIENTED_EDGE('',*,*,#1259,.F.);
#330=ORIENTED_EDGE('',*,*,#1268,.F.);
#331=ORIENTED_EDGE('',*,*,#1263,.F.);
#332=ORIENTED_EDGE('',*,*,#1269,.F.);
#333=ORIENTED_EDGE('',*,*,#1266,.F.);
#334=ORIENTED_EDGE('',*,*,#1270,.F.);
#335=ORIENTED_EDGE('',*,*,#1241,.T.);
#336=ORIENTED_EDGE('',*,*,#1236,.T.);
#337=ORIENTED_EDGE('',*,*,#1243,.T.);
#338=ORIENTED_EDGE('',*,*,#1245,.T.);
#339=ORIENTED_EDGE('',*,*,#1271,.T.);
#340=ORIENTED_EDGE('',*,*,#1150,.T.);
#341=ORIENTED_EDGE('',*,*,#1272,.F.);
#342=ORIENTED_EDGE('',*,*,#1238,.T.);
#343=ORIENTED_EDGE('',*,*,#1273,.T.);
#344=ORIENTED_EDGE('',*,*,#1144,.T.);
#345=ORIENTED_EDGE('',*,*,#1271,.F.);
#346=ORIENTED_EDGE('',*,*,#1240,.T.);
#347=ORIENTED_EDGE('',*,*,#1274,.T.);
#348=ORIENTED_EDGE('',*,*,#1142,.T.);
#349=ORIENTED_EDGE('',*,*,#1273,.F.);
#350=ORIENTED_EDGE('',*,*,#1246,.T.);
#351=ORIENTED_EDGE('',*,*,#1272,.T.);
#352=ORIENTED_EDGE('',*,*,#1148,.T.);
#353=ORIENTED_EDGE('',*,*,#1274,.F.);
#354=ORIENTED_EDGE('',*,*,#1244,.T.);
#355=ORIENTED_EDGE('',*,*,#1275,.T.);
#356=ORIENTED_EDGE('',*,*,#1205,.T.);
#357=ORIENTED_EDGE('',*,*,#1276,.F.);
#358=ORIENTED_EDGE('',*,*,#1277,.F.);
#359=ORIENTED_EDGE('',*,*,#1276,.T.);
#360=ORIENTED_EDGE('',*,*,#1200,.T.);
#361=ORIENTED_EDGE('',*,*,#1278,.F.);
#362=ORIENTED_EDGE('',*,*,#1279,.F.);
#363=ORIENTED_EDGE('',*,*,#1278,.T.);
#364=ORIENTED_EDGE('',*,*,#1207,.T.);
#365=ORIENTED_EDGE('',*,*,#1280,.F.);
#366=ORIENTED_EDGE('',*,*,#1281,.F.);
#367=ORIENTED_EDGE('',*,*,#1280,.T.);
#368=ORIENTED_EDGE('',*,*,#1209,.T.);
#369=ORIENTED_EDGE('',*,*,#1275,.F.);
#370=ORIENTED_EDGE('',*,*,#1282,.F.);
#371=ORIENTED_EDGE('',*,*,#1208,.T.);
#372=ORIENTED_EDGE('',*,*,#1202,.T.);
#373=ORIENTED_EDGE('',*,*,#1204,.T.);
#374=ORIENTED_EDGE('',*,*,#1210,.T.);
#375=ORIENTED_EDGE('',*,*,#1253,.T.);
#376=ORIENTED_EDGE('',*,*,#1248,.T.);
#377=ORIENTED_EDGE('',*,*,#1255,.T.);
#378=ORIENTED_EDGE('',*,*,#1257,.T.);
#379=ORIENTED_EDGE('',*,*,#1283,.T.);
#380=ORIENTED_EDGE('',*,*,#1172,.T.);
#381=ORIENTED_EDGE('',*,*,#1284,.F.);
#382=ORIENTED_EDGE('',*,*,#1250,.T.);
#383=ORIENTED_EDGE('',*,*,#1285,.T.);
#384=ORIENTED_EDGE('',*,*,#1174,.T.);
#385=ORIENTED_EDGE('',*,*,#1283,.F.);
#386=ORIENTED_EDGE('',*,*,#1252,.T.);
#387=ORIENTED_EDGE('',*,*,#1286,.T.);
#388=ORIENTED_EDGE('',*,*,#1168,.T.);
#389=ORIENTED_EDGE('',*,*,#1285,.F.);
#390=ORIENTED_EDGE('',*,*,#1258,.T.);
#391=ORIENTED_EDGE('',*,*,#1284,.T.);
#392=ORIENTED_EDGE('',*,*,#1166,.T.);
#393=ORIENTED_EDGE('',*,*,#1286,.F.);
#394=ORIENTED_EDGE('',*,*,#1256,.T.);
#395=ORIENTED_EDGE('',*,*,#1287,.T.);
#396=ORIENTED_EDGE('',*,*,#1193,.T.);
#397=ORIENTED_EDGE('',*,*,#1288,.F.);
#398=ORIENTED_EDGE('',*,*,#1289,.F.);
#399=ORIENTED_EDGE('',*,*,#1288,.T.);
#400=ORIENTED_EDGE('',*,*,#1188,.T.);
#401=ORIENTED_EDGE('',*,*,#1290,.F.);
#402=ORIENTED_EDGE('',*,*,#1291,.F.);
#403=ORIENTED_EDGE('',*,*,#1290,.T.);
#404=ORIENTED_EDGE('',*,*,#1195,.T.);
#405=ORIENTED_EDGE('',*,*,#1292,.F.);
#406=ORIENTED_EDGE('',*,*,#1293,.F.);
#407=ORIENTED_EDGE('',*,*,#1292,.T.);
#408=ORIENTED_EDGE('',*,*,#1197,.T.);
#409=ORIENTED_EDGE('',*,*,#1287,.F.);
#410=ORIENTED_EDGE('',*,*,#1294,.F.);
#411=ORIENTED_EDGE('',*,*,#1196,.T.);
#412=ORIENTED_EDGE('',*,*,#1190,.T.);
#413=ORIENTED_EDGE('',*,*,#1192,.T.);
#414=ORIENTED_EDGE('',*,*,#1198,.T.);
#415=ORIENTED_EDGE('',*,*,#1229,.T.);
#416=ORIENTED_EDGE('',*,*,#1224,.T.);
#417=ORIENTED_EDGE('',*,*,#1231,.T.);
#418=ORIENTED_EDGE('',*,*,#1233,.T.);
#419=ORIENTED_EDGE('',*,*,#1295,.T.);
#420=ORIENTED_EDGE('',*,*,#1138,.T.);
#421=ORIENTED_EDGE('',*,*,#1296,.F.);
#422=ORIENTED_EDGE('',*,*,#1226,.T.);
#423=ORIENTED_EDGE('',*,*,#1297,.T.);
#424=ORIENTED_EDGE('',*,*,#1132,.T.);
#425=ORIENTED_EDGE('',*,*,#1295,.F.);
#426=ORIENTED_EDGE('',*,*,#1228,.T.);
#427=ORIENTED_EDGE('',*,*,#1298,.T.);
#428=ORIENTED_EDGE('',*,*,#1130,.T.);
#429=ORIENTED_EDGE('',*,*,#1297,.F.);
#430=ORIENTED_EDGE('',*,*,#1234,.T.);
#431=ORIENTED_EDGE('',*,*,#1296,.T.);
#432=ORIENTED_EDGE('',*,*,#1136,.T.);
#433=ORIENTED_EDGE('',*,*,#1298,.F.);
#434=ORIENTED_EDGE('',*,*,#1232,.T.);
#435=ORIENTED_EDGE('',*,*,#1299,.T.);
#436=ORIENTED_EDGE('',*,*,#1217,.T.);
#437=ORIENTED_EDGE('',*,*,#1300,.F.);
#438=ORIENTED_EDGE('',*,*,#1301,.F.);
#439=ORIENTED_EDGE('',*,*,#1300,.T.);
#440=ORIENTED_EDGE('',*,*,#1212,.T.);
#441=ORIENTED_EDGE('',*,*,#1302,.F.);
#442=ORIENTED_EDGE('',*,*,#1303,.F.);
#443=ORIENTED_EDGE('',*,*,#1302,.T.);
#444=ORIENTED_EDGE('',*,*,#1219,.T.);
#445=ORIENTED_EDGE('',*,*,#1304,.F.);
#446=ORIENTED_EDGE('',*,*,#1305,.F.);
#447=ORIENTED_EDGE('',*,*,#1304,.T.);
#448=ORIENTED_EDGE('',*,*,#1221,.T.);
#449=ORIENTED_EDGE('',*,*,#1299,.F.);
#450=ORIENTED_EDGE('',*,*,#1306,.F.);
#451=ORIENTED_EDGE('',*,*,#1220,.T.);
#452=ORIENTED_EDGE('',*,*,#1214,.T.);
#453=ORIENTED_EDGE('',*,*,#1216,.T.);
#454=ORIENTED_EDGE('',*,*,#1222,.T.);
#455=ORIENTED_EDGE('',*,*,#1265,.T.);
#456=ORIENTED_EDGE('',*,*,#1260,.T.);
#457=ORIENTED_EDGE('',*,*,#1267,.T.);
#458=ORIENTED_EDGE('',*,*,#1269,.T.);
#459=ORIENTED_EDGE('',*,*,#1307,.T.);
#460=ORIENTED_EDGE('',*,*,#1160,.T.);
#461=ORIENTED_EDGE('',*,*,#1308,.F.);
#462=ORIENTED_EDGE('',*,*,#1262,.T.);
#463=ORIENTED_EDGE('',*,*,#1309,.T.);
#464=ORIENTED_EDGE('',*,*,#1162,.T.);
#465=ORIENTED_EDGE('',*,*,#1307,.F.);
#466=ORIENTED_EDGE('',*,*,#1264,.T.);
#467=ORIENTED_EDGE('',*,*,#1310,.T.);
#468=ORIENTED_EDGE('',*,*,#1156,.T.);
#469=ORIENTED_EDGE('',*,*,#1309,.F.);
#470=ORIENTED_EDGE('',*,*,#1270,.T.);
#471=ORIENTED_EDGE('',*,*,#1308,.T.);
#472=ORIENTED_EDGE('',*,*,#1154,.T.);
#473=ORIENTED_EDGE('',*,*,#1310,.F.);
#474=ORIENTED_EDGE('',*,*,#1268,.T.);
#475=ORIENTED_EDGE('',*,*,#1311,.T.);
#476=ORIENTED_EDGE('',*,*,#1181,.T.);
#477=ORIENTED_EDGE('',*,*,#1312,.F.);
#478=ORIENTED_EDGE('',*,*,#1313,.F.);
#479=ORIENTED_EDGE('',*,*,#1312,.T.);
#480=ORIENTED_EDGE('',*,*,#1176,.T.);
#481=ORIENTED_EDGE('',*,*,#1314,.F.);
#482=ORIENTED_EDGE('',*,*,#1315,.F.);
#483=ORIENTED_EDGE('',*,*,#1314,.T.);
#484=ORIENTED_EDGE('',*,*,#1183,.T.);
#485=ORIENTED_EDGE('',*,*,#1316,.F.);
#486=ORIENTED_EDGE('',*,*,#1317,.F.);
#487=ORIENTED_EDGE('',*,*,#1316,.T.);
#488=ORIENTED_EDGE('',*,*,#1185,.T.);
#489=ORIENTED_EDGE('',*,*,#1311,.F.);
#490=ORIENTED_EDGE('',*,*,#1318,.F.);
#491=ORIENTED_EDGE('',*,*,#1184,.T.);
#492=ORIENTED_EDGE('',*,*,#1178,.T.);
#493=ORIENTED_EDGE('',*,*,#1180,.T.);
#494=ORIENTED_EDGE('',*,*,#1186,.T.);
#495=ORIENTED_EDGE('',*,*,#1319,.T.);
#496=ORIENTED_EDGE('',*,*,#1123,.T.);
#497=ORIENTED_EDGE('',*,*,#1320,.T.);
#498=ORIENTED_EDGE('',*,*,#1111,.T.);
#499=ORIENTED_EDGE('',*,*,#1321,.T.);
#500=ORIENTED_EDGE('',*,*,#1115,.T.);
#501=ORIENTED_EDGE('',*,*,#1322,.T.);
#502=ORIENTED_EDGE('',*,*,#1119,.T.);
#503=ORIENTED_EDGE('',*,*,#1318,.T.);
#504=ORIENTED_EDGE('',*,*,#1313,.T.);
#505=ORIENTED_EDGE('',*,*,#1315,.T.);
#506=ORIENTED_EDGE('',*,*,#1317,.T.);
#507=ORIENTED_EDGE('',*,*,#1306,.T.);
#508=ORIENTED_EDGE('',*,*,#1301,.T.);
#509=ORIENTED_EDGE('',*,*,#1303,.T.);
#510=ORIENTED_EDGE('',*,*,#1305,.T.);
#511=ORIENTED_EDGE('',*,*,#1294,.T.);
#512=ORIENTED_EDGE('',*,*,#1289,.T.);
#513=ORIENTED_EDGE('',*,*,#1291,.T.);
#514=ORIENTED_EDGE('',*,*,#1293,.T.);
#515=ORIENTED_EDGE('',*,*,#1282,.T.);
#516=ORIENTED_EDGE('',*,*,#1277,.T.);
#517=ORIENTED_EDGE('',*,*,#1279,.T.);
#518=ORIENTED_EDGE('',*,*,#1281,.T.);
#519=ORIENTED_EDGE('',*,*,#1323,.T.);
#520=ORIENTED_EDGE('',*,*,#1124,.T.);
#521=ORIENTED_EDGE('',*,*,#1319,.F.);
#522=ORIENTED_EDGE('',*,*,#1122,.T.);
#523=ORIENTED_EDGE('',*,*,#1324,.T.);
#524=ORIENTED_EDGE('',*,*,#1120,.T.);
#525=ORIENTED_EDGE('',*,*,#1322,.F.);
#526=ORIENTED_EDGE('',*,*,#1118,.T.);
#527=ORIENTED_EDGE('',*,*,#1325,.T.);
#528=ORIENTED_EDGE('',*,*,#1116,.T.);
#529=ORIENTED_EDGE('',*,*,#1321,.F.);
#530=ORIENTED_EDGE('',*,*,#1114,.T.);
#531=ORIENTED_EDGE('',*,*,#1320,.F.);
#532=ORIENTED_EDGE('',*,*,#1126,.T.);
#533=ORIENTED_EDGE('',*,*,#1326,.T.);
#534=ORIENTED_EDGE('',*,*,#1112,.T.);
#535=ORIENTED_EDGE('',*,*,#1327,.F.);
#536=ORIENTED_EDGE('',*,*,#1328,.T.);
#537=ORIENTED_EDGE('',*,*,#1329,.F.);
#538=ORIENTED_EDGE('',*,*,#1330,.T.);
#539=ORIENTED_EDGE('',*,*,#1331,.F.);
#540=ORIENTED_EDGE('',*,*,#1332,.T.);
#541=ORIENTED_EDGE('',*,*,#1333,.T.);
#542=ORIENTED_EDGE('',*,*,#1334,.T.);
#543=ORIENTED_EDGE('',*,*,#1335,.F.);
#544=ORIENTED_EDGE('',*,*,#1336,.F.);
#545=ORIENTED_EDGE('',*,*,#1335,.T.);
#546=ORIENTED_EDGE('',*,*,#1337,.T.);
#547=ORIENTED_EDGE('',*,*,#1338,.F.);
#548=ORIENTED_EDGE('',*,*,#1339,.F.);
#549=ORIENTED_EDGE('',*,*,#1338,.T.);
#550=ORIENTED_EDGE('',*,*,#1340,.T.);
#551=ORIENTED_EDGE('',*,*,#1341,.F.);
#552=ORIENTED_EDGE('',*,*,#1342,.F.);
#553=ORIENTED_EDGE('',*,*,#1341,.T.);
#554=ORIENTED_EDGE('',*,*,#1343,.T.);
#555=ORIENTED_EDGE('',*,*,#1333,.F.);
#556=ORIENTED_EDGE('',*,*,#1344,.F.);
#557=ORIENTED_EDGE('',*,*,#1336,.T.);
#558=ORIENTED_EDGE('',*,*,#1339,.T.);
#559=ORIENTED_EDGE('',*,*,#1342,.T.);
#560=ORIENTED_EDGE('',*,*,#1344,.T.);
#561=ORIENTED_EDGE('',*,*,#1345,.T.);
#562=ORIENTED_EDGE('',*,*,#1346,.F.);
#563=ORIENTED_EDGE('',*,*,#1347,.F.);
#564=ORIENTED_EDGE('',*,*,#1348,.T.);
#565=ORIENTED_EDGE('',*,*,#1349,.T.);
#566=ORIENTED_EDGE('',*,*,#1348,.F.);
#567=ORIENTED_EDGE('',*,*,#1350,.F.);
#568=ORIENTED_EDGE('',*,*,#1351,.T.);
#569=ORIENTED_EDGE('',*,*,#1352,.T.);
#570=ORIENTED_EDGE('',*,*,#1351,.F.);
#571=ORIENTED_EDGE('',*,*,#1353,.F.);
#572=ORIENTED_EDGE('',*,*,#1354,.T.);
#573=ORIENTED_EDGE('',*,*,#1355,.T.);
#574=ORIENTED_EDGE('',*,*,#1354,.F.);
#575=ORIENTED_EDGE('',*,*,#1356,.F.);
#576=ORIENTED_EDGE('',*,*,#1346,.T.);
#577=ORIENTED_EDGE('',*,*,#1334,.F.);
#578=ORIENTED_EDGE('',*,*,#1343,.F.);
#579=ORIENTED_EDGE('',*,*,#1340,.F.);
#580=ORIENTED_EDGE('',*,*,#1337,.F.);
#581=ORIENTED_EDGE('',*,*,#1356,.T.);
#582=ORIENTED_EDGE('',*,*,#1353,.T.);
#583=ORIENTED_EDGE('',*,*,#1350,.T.);
#584=ORIENTED_EDGE('',*,*,#1347,.T.);
#585=ORIENTED_EDGE('',*,*,#1357,.F.);
#586=ORIENTED_EDGE('',*,*,#1358,.F.);
#587=ORIENTED_EDGE('',*,*,#1359,.F.);
#588=ORIENTED_EDGE('',*,*,#1360,.F.);
#589=ORIENTED_EDGE('',*,*,#1361,.F.);
#590=ORIENTED_EDGE('',*,*,#1362,.F.);
#591=ORIENTED_EDGE('',*,*,#1363,.F.);
#592=ORIENTED_EDGE('',*,*,#1364,.F.);
#593=ORIENTED_EDGE('',*,*,#1365,.F.);
#594=ORIENTED_EDGE('',*,*,#1366,.F.);
#595=ORIENTED_EDGE('',*,*,#1367,.F.);
#596=ORIENTED_EDGE('',*,*,#1368,.F.);
#597=ORIENTED_EDGE('',*,*,#1369,.F.);
#598=ORIENTED_EDGE('',*,*,#1367,.T.);
#599=ORIENTED_EDGE('',*,*,#1370,.T.);
#600=ORIENTED_EDGE('',*,*,#1371,.F.);
#601=ORIENTED_EDGE('',*,*,#1370,.F.);
#602=ORIENTED_EDGE('',*,*,#1366,.T.);
#603=ORIENTED_EDGE('',*,*,#1372,.T.);
#604=ORIENTED_EDGE('',*,*,#1373,.F.);
#605=ORIENTED_EDGE('',*,*,#1372,.F.);
#606=ORIENTED_EDGE('',*,*,#1365,.T.);
#607=ORIENTED_EDGE('',*,*,#1374,.T.);
#608=ORIENTED_EDGE('',*,*,#1375,.F.);
#609=ORIENTED_EDGE('',*,*,#1374,.F.);
#610=ORIENTED_EDGE('',*,*,#1364,.T.);
#611=ORIENTED_EDGE('',*,*,#1376,.T.);
#612=ORIENTED_EDGE('',*,*,#1377,.F.);
#613=ORIENTED_EDGE('',*,*,#1376,.F.);
#614=ORIENTED_EDGE('',*,*,#1363,.T.);
#615=ORIENTED_EDGE('',*,*,#1378,.T.);
#616=ORIENTED_EDGE('',*,*,#1379,.F.);
#617=ORIENTED_EDGE('',*,*,#1378,.F.);
#618=ORIENTED_EDGE('',*,*,#1362,.T.);
#619=ORIENTED_EDGE('',*,*,#1380,.T.);
#620=ORIENTED_EDGE('',*,*,#1381,.F.);
#621=ORIENTED_EDGE('',*,*,#1380,.F.);
#622=ORIENTED_EDGE('',*,*,#1361,.T.);
#623=ORIENTED_EDGE('',*,*,#1382,.T.);
#624=ORIENTED_EDGE('',*,*,#1383,.F.);
#625=ORIENTED_EDGE('',*,*,#1382,.F.);
#626=ORIENTED_EDGE('',*,*,#1360,.T.);
#627=ORIENTED_EDGE('',*,*,#1384,.T.);
#628=ORIENTED_EDGE('',*,*,#1385,.F.);
#629=ORIENTED_EDGE('',*,*,#1384,.F.);
#630=ORIENTED_EDGE('',*,*,#1359,.T.);
#631=ORIENTED_EDGE('',*,*,#1386,.T.);
#632=ORIENTED_EDGE('',*,*,#1387,.F.);
#633=ORIENTED_EDGE('',*,*,#1386,.F.);
#634=ORIENTED_EDGE('',*,*,#1358,.T.);
#635=ORIENTED_EDGE('',*,*,#1388,.T.);
#636=ORIENTED_EDGE('',*,*,#1389,.F.);
#637=ORIENTED_EDGE('',*,*,#1388,.F.);
#638=ORIENTED_EDGE('',*,*,#1357,.T.);
#639=ORIENTED_EDGE('',*,*,#1369,.T.);
#640=ORIENTED_EDGE('',*,*,#1390,.T.);
#641=ORIENTED_EDGE('',*,*,#1391,.T.);
#642=ORIENTED_EDGE('',*,*,#1392,.T.);
#643=ORIENTED_EDGE('',*,*,#1393,.T.);
#644=ORIENTED_EDGE('',*,*,#1394,.T.);
#645=ORIENTED_EDGE('',*,*,#1395,.T.);
#646=ORIENTED_EDGE('',*,*,#1396,.T.);
#647=ORIENTED_EDGE('',*,*,#1396,.F.);
#648=ORIENTED_EDGE('',*,*,#1397,.F.);
#649=ORIENTED_EDGE('',*,*,#1398,.T.);
#650=ORIENTED_EDGE('',*,*,#1399,.T.);
#651=ORIENTED_EDGE('',*,*,#1395,.F.);
#652=ORIENTED_EDGE('',*,*,#1400,.F.);
#653=ORIENTED_EDGE('',*,*,#1401,.T.);
#654=ORIENTED_EDGE('',*,*,#1397,.T.);
#655=ORIENTED_EDGE('',*,*,#1394,.F.);
#656=ORIENTED_EDGE('',*,*,#1402,.F.);
#657=ORIENTED_EDGE('',*,*,#1403,.T.);
#658=ORIENTED_EDGE('',*,*,#1400,.T.);
#659=ORIENTED_EDGE('',*,*,#1393,.F.);
#660=ORIENTED_EDGE('',*,*,#1404,.F.);
#661=ORIENTED_EDGE('',*,*,#1405,.T.);
#662=ORIENTED_EDGE('',*,*,#1402,.T.);
#663=ORIENTED_EDGE('',*,*,#1392,.F.);
#664=ORIENTED_EDGE('',*,*,#1406,.F.);
#665=ORIENTED_EDGE('',*,*,#1407,.T.);
#666=ORIENTED_EDGE('',*,*,#1404,.T.);
#667=ORIENTED_EDGE('',*,*,#1391,.F.);
#668=ORIENTED_EDGE('',*,*,#1408,.F.);
#669=ORIENTED_EDGE('',*,*,#1409,.T.);
#670=ORIENTED_EDGE('',*,*,#1406,.T.);
#671=ORIENTED_EDGE('',*,*,#1390,.F.);
#672=ORIENTED_EDGE('',*,*,#1399,.F.);
#673=ORIENTED_EDGE('',*,*,#1410,.T.);
#674=ORIENTED_EDGE('',*,*,#1408,.T.);
#675=ORIENTED_EDGE('',*,*,#1411,.F.);
#676=ORIENTED_EDGE('',*,*,#1412,.F.);
#677=ORIENTED_EDGE('',*,*,#1413,.T.);
#678=ORIENTED_EDGE('',*,*,#1414,.T.);
#679=ORIENTED_EDGE('',*,*,#1415,.F.);
#680=ORIENTED_EDGE('',*,*,#1414,.F.);
#681=ORIENTED_EDGE('',*,*,#1416,.T.);
#682=ORIENTED_EDGE('',*,*,#1417,.T.);
#683=ORIENTED_EDGE('',*,*,#1418,.F.);
#684=ORIENTED_EDGE('',*,*,#1417,.F.);
#685=ORIENTED_EDGE('',*,*,#1419,.T.);
#686=ORIENTED_EDGE('',*,*,#1420,.T.);
#687=ORIENTED_EDGE('',*,*,#1421,.F.);
#688=ORIENTED_EDGE('',*,*,#1420,.F.);
#689=ORIENTED_EDGE('',*,*,#1422,.T.);
#690=ORIENTED_EDGE('',*,*,#1423,.T.);
#691=ORIENTED_EDGE('',*,*,#1424,.F.);
#692=ORIENTED_EDGE('',*,*,#1423,.F.);
#693=ORIENTED_EDGE('',*,*,#1425,.T.);
#694=ORIENTED_EDGE('',*,*,#1426,.T.);
#695=ORIENTED_EDGE('',*,*,#1427,.F.);
#696=ORIENTED_EDGE('',*,*,#1426,.F.);
#697=ORIENTED_EDGE('',*,*,#1428,.T.);
#698=ORIENTED_EDGE('',*,*,#1412,.T.);
#699=ORIENTED_EDGE('',*,*,#1409,.F.);
#700=ORIENTED_EDGE('',*,*,#1410,.F.);
#701=ORIENTED_EDGE('',*,*,#1398,.F.);
#702=ORIENTED_EDGE('',*,*,#1401,.F.);
#703=ORIENTED_EDGE('',*,*,#1403,.F.);
#704=ORIENTED_EDGE('',*,*,#1405,.F.);
#705=ORIENTED_EDGE('',*,*,#1407,.F.);
#706=ORIENTED_EDGE('',*,*,#1428,.F.);
#707=ORIENTED_EDGE('',*,*,#1425,.F.);
#708=ORIENTED_EDGE('',*,*,#1422,.F.);
#709=ORIENTED_EDGE('',*,*,#1419,.F.);
#710=ORIENTED_EDGE('',*,*,#1416,.F.);
#711=ORIENTED_EDGE('',*,*,#1413,.F.);
#712=ORIENTED_EDGE('',*,*,#1429,.F.);
#713=ORIENTED_EDGE('',*,*,#1430,.F.);
#714=ORIENTED_EDGE('',*,*,#1431,.F.);
#715=ORIENTED_EDGE('',*,*,#1432,.F.);
#716=ORIENTED_EDGE('',*,*,#1433,.F.);
#717=ORIENTED_EDGE('',*,*,#1434,.F.);
#718=ORIENTED_EDGE('',*,*,#1435,.F.);
#719=ORIENTED_EDGE('',*,*,#1436,.F.);
#720=ORIENTED_EDGE('',*,*,#1434,.T.);
#721=ORIENTED_EDGE('',*,*,#1437,.T.);
#722=ORIENTED_EDGE('',*,*,#1438,.F.);
#723=ORIENTED_EDGE('',*,*,#1437,.F.);
#724=ORIENTED_EDGE('',*,*,#1433,.T.);
#725=ORIENTED_EDGE('',*,*,#1439,.T.);
#726=ORIENTED_EDGE('',*,*,#1440,.F.);
#727=ORIENTED_EDGE('',*,*,#1439,.F.);
#728=ORIENTED_EDGE('',*,*,#1432,.T.);
#729=ORIENTED_EDGE('',*,*,#1441,.T.);
#730=ORIENTED_EDGE('',*,*,#1442,.F.);
#731=ORIENTED_EDGE('',*,*,#1441,.F.);
#732=ORIENTED_EDGE('',*,*,#1431,.T.);
#733=ORIENTED_EDGE('',*,*,#1443,.T.);
#734=ORIENTED_EDGE('',*,*,#1444,.F.);
#735=ORIENTED_EDGE('',*,*,#1443,.F.);
#736=ORIENTED_EDGE('',*,*,#1430,.T.);
#737=ORIENTED_EDGE('',*,*,#1445,.T.);
#738=ORIENTED_EDGE('',*,*,#1446,.F.);
#739=ORIENTED_EDGE('',*,*,#1445,.F.);
#740=ORIENTED_EDGE('',*,*,#1429,.T.);
#741=ORIENTED_EDGE('',*,*,#1436,.T.);
#742=ORIENTED_EDGE('',*,*,#1447,.F.);
#743=ORIENTED_EDGE('',*,*,#1448,.F.);
#744=ORIENTED_EDGE('',*,*,#1449,.F.);
#745=ORIENTED_EDGE('',*,*,#1450,.F.);
#746=ORIENTED_EDGE('',*,*,#1451,.F.);
#747=ORIENTED_EDGE('',*,*,#1452,.F.);
#748=ORIENTED_EDGE('',*,*,#1453,.F.);
#749=ORIENTED_EDGE('',*,*,#1454,.F.);
#750=ORIENTED_EDGE('',*,*,#1455,.F.);
#751=ORIENTED_EDGE('',*,*,#1456,.F.);
#752=ORIENTED_EDGE('',*,*,#1457,.F.);
#753=ORIENTED_EDGE('',*,*,#1458,.F.);
#754=ORIENTED_EDGE('',*,*,#1459,.F.);
#755=ORIENTED_EDGE('',*,*,#1460,.F.);
#756=ORIENTED_EDGE('',*,*,#1461,.F.);
#757=ORIENTED_EDGE('',*,*,#1462,.F.);
#758=ORIENTED_EDGE('',*,*,#1463,.F.);
#759=ORIENTED_EDGE('',*,*,#1464,.F.);
#760=ORIENTED_EDGE('',*,*,#1465,.F.);
#761=ORIENTED_EDGE('',*,*,#1463,.T.);
#762=ORIENTED_EDGE('',*,*,#1466,.T.);
#763=ORIENTED_EDGE('',*,*,#1467,.F.);
#764=ORIENTED_EDGE('',*,*,#1466,.F.);
#765=ORIENTED_EDGE('',*,*,#1462,.T.);
#766=ORIENTED_EDGE('',*,*,#1468,.T.);
#767=ORIENTED_EDGE('',*,*,#1469,.F.);
#768=ORIENTED_EDGE('',*,*,#1468,.F.);
#769=ORIENTED_EDGE('',*,*,#1461,.T.);
#770=ORIENTED_EDGE('',*,*,#1470,.T.);
#771=ORIENTED_EDGE('',*,*,#1471,.F.);
#772=ORIENTED_EDGE('',*,*,#1470,.F.);
#773=ORIENTED_EDGE('',*,*,#1460,.T.);
#774=ORIENTED_EDGE('',*,*,#1472,.T.);
#775=ORIENTED_EDGE('',*,*,#1473,.F.);
#776=ORIENTED_EDGE('',*,*,#1472,.F.);
#777=ORIENTED_EDGE('',*,*,#1459,.T.);
#778=ORIENTED_EDGE('',*,*,#1474,.T.);
#779=ORIENTED_EDGE('',*,*,#1475,.F.);
#780=ORIENTED_EDGE('',*,*,#1474,.F.);
#781=ORIENTED_EDGE('',*,*,#1458,.T.);
#782=ORIENTED_EDGE('',*,*,#1476,.T.);
#783=ORIENTED_EDGE('',*,*,#1477,.F.);
#784=ORIENTED_EDGE('',*,*,#1476,.F.);
#785=ORIENTED_EDGE('',*,*,#1457,.T.);
#786=ORIENTED_EDGE('',*,*,#1478,.T.);
#787=ORIENTED_EDGE('',*,*,#1479,.F.);
#788=ORIENTED_EDGE('',*,*,#1478,.F.);
#789=ORIENTED_EDGE('',*,*,#1456,.T.);
#790=ORIENTED_EDGE('',*,*,#1480,.T.);
#791=ORIENTED_EDGE('',*,*,#1481,.F.);
#792=ORIENTED_EDGE('',*,*,#1480,.F.);
#793=ORIENTED_EDGE('',*,*,#1455,.T.);
#794=ORIENTED_EDGE('',*,*,#1482,.T.);
#795=ORIENTED_EDGE('',*,*,#1483,.F.);
#796=ORIENTED_EDGE('',*,*,#1482,.F.);
#797=ORIENTED_EDGE('',*,*,#1454,.T.);
#798=ORIENTED_EDGE('',*,*,#1484,.T.);
#799=ORIENTED_EDGE('',*,*,#1485,.F.);
#800=ORIENTED_EDGE('',*,*,#1484,.F.);
#801=ORIENTED_EDGE('',*,*,#1453,.T.);
#802=ORIENTED_EDGE('',*,*,#1486,.T.);
#803=ORIENTED_EDGE('',*,*,#1487,.F.);
#804=ORIENTED_EDGE('',*,*,#1486,.F.);
#805=ORIENTED_EDGE('',*,*,#1452,.T.);
#806=ORIENTED_EDGE('',*,*,#1488,.T.);
#807=ORIENTED_EDGE('',*,*,#1489,.F.);
#808=ORIENTED_EDGE('',*,*,#1488,.F.);
#809=ORIENTED_EDGE('',*,*,#1451,.T.);
#810=ORIENTED_EDGE('',*,*,#1490,.T.);
#811=ORIENTED_EDGE('',*,*,#1491,.F.);
#812=ORIENTED_EDGE('',*,*,#1490,.F.);
#813=ORIENTED_EDGE('',*,*,#1450,.T.);
#814=ORIENTED_EDGE('',*,*,#1492,.T.);
#815=ORIENTED_EDGE('',*,*,#1493,.F.);
#816=ORIENTED_EDGE('',*,*,#1492,.F.);
#817=ORIENTED_EDGE('',*,*,#1449,.T.);
#818=ORIENTED_EDGE('',*,*,#1494,.T.);
#819=ORIENTED_EDGE('',*,*,#1495,.F.);
#820=ORIENTED_EDGE('',*,*,#1494,.F.);
#821=ORIENTED_EDGE('',*,*,#1448,.T.);
#822=ORIENTED_EDGE('',*,*,#1496,.T.);
#823=ORIENTED_EDGE('',*,*,#1497,.F.);
#824=ORIENTED_EDGE('',*,*,#1496,.F.);
#825=ORIENTED_EDGE('',*,*,#1447,.T.);
#826=ORIENTED_EDGE('',*,*,#1465,.T.);
#827=ORIENTED_EDGE('',*,*,#1498,.F.);
#828=ORIENTED_EDGE('',*,*,#1499,.F.);
#829=ORIENTED_EDGE('',*,*,#1500,.F.);
#830=ORIENTED_EDGE('',*,*,#1501,.F.);
#831=ORIENTED_EDGE('',*,*,#1502,.F.);
#832=ORIENTED_EDGE('',*,*,#1503,.F.);
#833=ORIENTED_EDGE('',*,*,#1504,.F.);
#834=ORIENTED_EDGE('',*,*,#1505,.F.);
#835=ORIENTED_EDGE('',*,*,#1506,.F.);
#836=ORIENTED_EDGE('',*,*,#1507,.F.);
#837=ORIENTED_EDGE('',*,*,#1508,.F.);
#838=ORIENTED_EDGE('',*,*,#1509,.F.);
#839=ORIENTED_EDGE('',*,*,#1510,.F.);
#840=ORIENTED_EDGE('',*,*,#1511,.F.);
#841=ORIENTED_EDGE('',*,*,#1512,.F.);
#842=ORIENTED_EDGE('',*,*,#1513,.F.);
#843=ORIENTED_EDGE('',*,*,#1511,.T.);
#844=ORIENTED_EDGE('',*,*,#1514,.T.);
#845=ORIENTED_EDGE('',*,*,#1515,.F.);
#846=ORIENTED_EDGE('',*,*,#1514,.F.);
#847=ORIENTED_EDGE('',*,*,#1510,.T.);
#848=ORIENTED_EDGE('',*,*,#1516,.T.);
#849=ORIENTED_EDGE('',*,*,#1517,.F.);
#850=ORIENTED_EDGE('',*,*,#1516,.F.);
#851=ORIENTED_EDGE('',*,*,#1509,.T.);
#852=ORIENTED_EDGE('',*,*,#1518,.T.);
#853=ORIENTED_EDGE('',*,*,#1519,.F.);
#854=ORIENTED_EDGE('',*,*,#1518,.F.);
#855=ORIENTED_EDGE('',*,*,#1508,.T.);
#856=ORIENTED_EDGE('',*,*,#1520,.T.);
#857=ORIENTED_EDGE('',*,*,#1521,.F.);
#858=ORIENTED_EDGE('',*,*,#1520,.F.);
#859=ORIENTED_EDGE('',*,*,#1507,.T.);
#860=ORIENTED_EDGE('',*,*,#1522,.T.);
#861=ORIENTED_EDGE('',*,*,#1523,.F.);
#862=ORIENTED_EDGE('',*,*,#1522,.F.);
#863=ORIENTED_EDGE('',*,*,#1506,.T.);
#864=ORIENTED_EDGE('',*,*,#1524,.T.);
#865=ORIENTED_EDGE('',*,*,#1525,.F.);
#866=ORIENTED_EDGE('',*,*,#1524,.F.);
#867=ORIENTED_EDGE('',*,*,#1505,.T.);
#868=ORIENTED_EDGE('',*,*,#1526,.T.);
#869=ORIENTED_EDGE('',*,*,#1527,.F.);
#870=ORIENTED_EDGE('',*,*,#1526,.F.);
#871=ORIENTED_EDGE('',*,*,#1504,.T.);
#872=ORIENTED_EDGE('',*,*,#1528,.T.);
#873=ORIENTED_EDGE('',*,*,#1529,.F.);
#874=ORIENTED_EDGE('',*,*,#1528,.F.);
#875=ORIENTED_EDGE('',*,*,#1503,.T.);
#876=ORIENTED_EDGE('',*,*,#1530,.T.);
#877=ORIENTED_EDGE('',*,*,#1531,.F.);
#878=ORIENTED_EDGE('',*,*,#1530,.F.);
#879=ORIENTED_EDGE('',*,*,#1502,.T.);
#880=ORIENTED_EDGE('',*,*,#1532,.T.);
#881=ORIENTED_EDGE('',*,*,#1533,.F.);
#882=ORIENTED_EDGE('',*,*,#1532,.F.);
#883=ORIENTED_EDGE('',*,*,#1501,.T.);
#884=ORIENTED_EDGE('',*,*,#1534,.T.);
#885=ORIENTED_EDGE('',*,*,#1535,.F.);
#886=ORIENTED_EDGE('',*,*,#1534,.F.);
#887=ORIENTED_EDGE('',*,*,#1500,.T.);
#888=ORIENTED_EDGE('',*,*,#1536,.T.);
#889=ORIENTED_EDGE('',*,*,#1537,.F.);
#890=ORIENTED_EDGE('',*,*,#1536,.F.);
#891=ORIENTED_EDGE('',*,*,#1499,.T.);
#892=ORIENTED_EDGE('',*,*,#1538,.T.);
#893=ORIENTED_EDGE('',*,*,#1539,.F.);
#894=ORIENTED_EDGE('',*,*,#1538,.F.);
#895=ORIENTED_EDGE('',*,*,#1498,.T.);
#896=ORIENTED_EDGE('',*,*,#1513,.T.);
#897=ORIENTED_EDGE('',*,*,#1540,.F.);
#898=ORIENTED_EDGE('',*,*,#1541,.F.);
#899=ORIENTED_EDGE('',*,*,#1542,.F.);
#900=ORIENTED_EDGE('',*,*,#1543,.F.);
#901=ORIENTED_EDGE('',*,*,#1544,.F.);
#902=ORIENTED_EDGE('',*,*,#1545,.F.);
#903=ORIENTED_EDGE('',*,*,#1546,.F.);
#904=ORIENTED_EDGE('',*,*,#1547,.F.);
#905=ORIENTED_EDGE('',*,*,#1545,.T.);
#906=ORIENTED_EDGE('',*,*,#1548,.T.);
#907=ORIENTED_EDGE('',*,*,#1549,.F.);
#908=ORIENTED_EDGE('',*,*,#1548,.F.);
#909=ORIENTED_EDGE('',*,*,#1544,.T.);
#910=ORIENTED_EDGE('',*,*,#1550,.T.);
#911=ORIENTED_EDGE('',*,*,#1551,.F.);
#912=ORIENTED_EDGE('',*,*,#1550,.F.);
#913=ORIENTED_EDGE('',*,*,#1543,.T.);
#914=ORIENTED_EDGE('',*,*,#1552,.T.);
#915=ORIENTED_EDGE('',*,*,#1553,.F.);
#916=ORIENTED_EDGE('',*,*,#1552,.F.);
#917=ORIENTED_EDGE('',*,*,#1542,.T.);
#918=ORIENTED_EDGE('',*,*,#1554,.T.);
#919=ORIENTED_EDGE('',*,*,#1555,.F.);
#920=ORIENTED_EDGE('',*,*,#1554,.F.);
#921=ORIENTED_EDGE('',*,*,#1541,.T.);
#922=ORIENTED_EDGE('',*,*,#1556,.T.);
#923=ORIENTED_EDGE('',*,*,#1557,.F.);
#924=ORIENTED_EDGE('',*,*,#1556,.F.);
#925=ORIENTED_EDGE('',*,*,#1540,.T.);
#926=ORIENTED_EDGE('',*,*,#1547,.T.);
#927=ORIENTED_EDGE('',*,*,#1558,.F.);
#928=ORIENTED_EDGE('',*,*,#1559,.F.);
#929=ORIENTED_EDGE('',*,*,#1560,.F.);
#930=ORIENTED_EDGE('',*,*,#1561,.F.);
#931=ORIENTED_EDGE('',*,*,#1562,.F.);
#932=ORIENTED_EDGE('',*,*,#1563,.F.);
#933=ORIENTED_EDGE('',*,*,#1564,.F.);
#934=ORIENTED_EDGE('',*,*,#1565,.F.);
#935=ORIENTED_EDGE('',*,*,#1566,.F.);
#936=ORIENTED_EDGE('',*,*,#1564,.T.);
#937=ORIENTED_EDGE('',*,*,#1567,.T.);
#938=ORIENTED_EDGE('',*,*,#1568,.F.);
#939=ORIENTED_EDGE('',*,*,#1567,.F.);
#940=ORIENTED_EDGE('',*,*,#1563,.T.);
#941=ORIENTED_EDGE('',*,*,#1569,.T.);
#942=ORIENTED_EDGE('',*,*,#1570,.F.);
#943=ORIENTED_EDGE('',*,*,#1569,.F.);
#944=ORIENTED_EDGE('',*,*,#1562,.T.);
#945=ORIENTED_EDGE('',*,*,#1571,.T.);
#946=ORIENTED_EDGE('',*,*,#1572,.F.);
#947=ORIENTED_EDGE('',*,*,#1571,.F.);
#948=ORIENTED_EDGE('',*,*,#1561,.T.);
#949=ORIENTED_EDGE('',*,*,#1573,.T.);
#950=ORIENTED_EDGE('',*,*,#1574,.F.);
#951=ORIENTED_EDGE('',*,*,#1573,.F.);
#952=ORIENTED_EDGE('',*,*,#1560,.T.);
#953=ORIENTED_EDGE('',*,*,#1575,.T.);
#954=ORIENTED_EDGE('',*,*,#1576,.F.);
#955=ORIENTED_EDGE('',*,*,#1575,.F.);
#956=ORIENTED_EDGE('',*,*,#1559,.T.);
#957=ORIENTED_EDGE('',*,*,#1577,.T.);
#958=ORIENTED_EDGE('',*,*,#1578,.F.);
#959=ORIENTED_EDGE('',*,*,#1577,.F.);
#960=ORIENTED_EDGE('',*,*,#1558,.T.);
#961=ORIENTED_EDGE('',*,*,#1566,.T.);
#962=ORIENTED_EDGE('',*,*,#1579,.F.);
#963=ORIENTED_EDGE('',*,*,#1580,.T.);
#964=ORIENTED_EDGE('',*,*,#1581,.F.);
#965=ORIENTED_EDGE('',*,*,#1582,.T.);
#966=ORIENTED_EDGE('',*,*,#1583,.F.);
#967=ORIENTED_EDGE('',*,*,#1584,.T.);
#968=ORIENTED_EDGE('',*,*,#1585,.T.);
#969=ORIENTED_EDGE('',*,*,#1586,.F.);
#970=ORIENTED_EDGE('',*,*,#1587,.F.);
#971=ORIENTED_EDGE('',*,*,#1588,.T.);
#972=ORIENTED_EDGE('',*,*,#1589,.T.);
#973=ORIENTED_EDGE('',*,*,#1588,.F.);
#974=ORIENTED_EDGE('',*,*,#1590,.F.);
#975=ORIENTED_EDGE('',*,*,#1591,.T.);
#976=ORIENTED_EDGE('',*,*,#1592,.T.);
#977=ORIENTED_EDGE('',*,*,#1591,.F.);
#978=ORIENTED_EDGE('',*,*,#1593,.F.);
#979=ORIENTED_EDGE('',*,*,#1594,.T.);
#980=ORIENTED_EDGE('',*,*,#1595,.T.);
#981=ORIENTED_EDGE('',*,*,#1594,.F.);
#982=ORIENTED_EDGE('',*,*,#1596,.F.);
#983=ORIENTED_EDGE('',*,*,#1586,.T.);
#984=ORIENTED_EDGE('',*,*,#1352,.F.);
#985=ORIENTED_EDGE('',*,*,#1355,.F.);
#986=ORIENTED_EDGE('',*,*,#1345,.F.);
#987=ORIENTED_EDGE('',*,*,#1349,.F.);
#988=ORIENTED_EDGE('',*,*,#1389,.T.);
#989=ORIENTED_EDGE('',*,*,#1368,.T.);
#990=ORIENTED_EDGE('',*,*,#1371,.T.);
#991=ORIENTED_EDGE('',*,*,#1373,.T.);
#992=ORIENTED_EDGE('',*,*,#1375,.T.);
#993=ORIENTED_EDGE('',*,*,#1377,.T.);
#994=ORIENTED_EDGE('',*,*,#1379,.T.);
#995=ORIENTED_EDGE('',*,*,#1381,.T.);
#996=ORIENTED_EDGE('',*,*,#1383,.T.);
#997=ORIENTED_EDGE('',*,*,#1385,.T.);
#998=ORIENTED_EDGE('',*,*,#1387,.T.);
#999=ORIENTED_EDGE('',*,*,#1427,.T.);
#1000=ORIENTED_EDGE('',*,*,#1411,.T.);
#1001=ORIENTED_EDGE('',*,*,#1415,.T.);
#1002=ORIENTED_EDGE('',*,*,#1418,.T.);
#1003=ORIENTED_EDGE('',*,*,#1421,.T.);
#1004=ORIENTED_EDGE('',*,*,#1424,.T.);
#1005=ORIENTED_EDGE('',*,*,#1446,.T.);
#1006=ORIENTED_EDGE('',*,*,#1435,.T.);
#1007=ORIENTED_EDGE('',*,*,#1438,.T.);
#1008=ORIENTED_EDGE('',*,*,#1440,.T.);
#1009=ORIENTED_EDGE('',*,*,#1442,.T.);
#1010=ORIENTED_EDGE('',*,*,#1444,.T.);
#1011=ORIENTED_EDGE('',*,*,#1497,.T.);
#1012=ORIENTED_EDGE('',*,*,#1464,.T.);
#1013=ORIENTED_EDGE('',*,*,#1467,.T.);
#1014=ORIENTED_EDGE('',*,*,#1469,.T.);
#1015=ORIENTED_EDGE('',*,*,#1471,.T.);
#1016=ORIENTED_EDGE('',*,*,#1473,.T.);
#1017=ORIENTED_EDGE('',*,*,#1475,.T.);
#1018=ORIENTED_EDGE('',*,*,#1477,.T.);
#1019=ORIENTED_EDGE('',*,*,#1479,.T.);
#1020=ORIENTED_EDGE('',*,*,#1481,.T.);
#1021=ORIENTED_EDGE('',*,*,#1483,.T.);
#1022=ORIENTED_EDGE('',*,*,#1485,.T.);
#1023=ORIENTED_EDGE('',*,*,#1487,.T.);
#1024=ORIENTED_EDGE('',*,*,#1489,.T.);
#1025=ORIENTED_EDGE('',*,*,#1491,.T.);
#1026=ORIENTED_EDGE('',*,*,#1493,.T.);
#1027=ORIENTED_EDGE('',*,*,#1495,.T.);
#1028=ORIENTED_EDGE('',*,*,#1539,.T.);
#1029=ORIENTED_EDGE('',*,*,#1512,.T.);
#1030=ORIENTED_EDGE('',*,*,#1515,.T.);
#1031=ORIENTED_EDGE('',*,*,#1517,.T.);
#1032=ORIENTED_EDGE('',*,*,#1519,.T.);
#1033=ORIENTED_EDGE('',*,*,#1521,.T.);
#1034=ORIENTED_EDGE('',*,*,#1523,.T.);
#1035=ORIENTED_EDGE('',*,*,#1525,.T.);
#1036=ORIENTED_EDGE('',*,*,#1527,.T.);
#1037=ORIENTED_EDGE('',*,*,#1529,.T.);
#1038=ORIENTED_EDGE('',*,*,#1531,.T.);
#1039=ORIENTED_EDGE('',*,*,#1533,.T.);
#1040=ORIENTED_EDGE('',*,*,#1535,.T.);
#1041=ORIENTED_EDGE('',*,*,#1537,.T.);
#1042=ORIENTED_EDGE('',*,*,#1557,.T.);
#1043=ORIENTED_EDGE('',*,*,#1546,.T.);
#1044=ORIENTED_EDGE('',*,*,#1549,.T.);
#1045=ORIENTED_EDGE('',*,*,#1551,.T.);
#1046=ORIENTED_EDGE('',*,*,#1553,.T.);
#1047=ORIENTED_EDGE('',*,*,#1555,.T.);
#1048=ORIENTED_EDGE('',*,*,#1578,.T.);
#1049=ORIENTED_EDGE('',*,*,#1565,.T.);
#1050=ORIENTED_EDGE('',*,*,#1568,.T.);
#1051=ORIENTED_EDGE('',*,*,#1570,.T.);
#1052=ORIENTED_EDGE('',*,*,#1572,.T.);
#1053=ORIENTED_EDGE('',*,*,#1574,.T.);
#1054=ORIENTED_EDGE('',*,*,#1576,.T.);
#1055=ORIENTED_EDGE('',*,*,#1597,.F.);
#1056=ORIENTED_EDGE('',*,*,#1596,.T.);
#1057=ORIENTED_EDGE('',*,*,#1593,.T.);
#1058=ORIENTED_EDGE('',*,*,#1590,.T.);
#1059=ORIENTED_EDGE('',*,*,#1587,.T.);
#1060=ORIENTED_EDGE('',*,*,#1598,.F.);
#1061=ORIENTED_EDGE('',*,*,#1599,.F.);
#1062=ORIENTED_EDGE('',*,*,#1133,.T.);
#1063=ORIENTED_EDGE('',*,*,#1128,.T.);
#1064=ORIENTED_EDGE('',*,*,#1135,.T.);
#1065=ORIENTED_EDGE('',*,*,#1137,.T.);
#1066=ORIENTED_EDGE('',*,*,#1145,.T.);
#1067=ORIENTED_EDGE('',*,*,#1140,.T.);
#1068=ORIENTED_EDGE('',*,*,#1147,.T.);
#1069=ORIENTED_EDGE('',*,*,#1149,.T.);
#1070=ORIENTED_EDGE('',*,*,#1157,.T.);
#1071=ORIENTED_EDGE('',*,*,#1152,.T.);
#1072=ORIENTED_EDGE('',*,*,#1159,.T.);
#1073=ORIENTED_EDGE('',*,*,#1161,.T.);
#1074=ORIENTED_EDGE('',*,*,#1169,.T.);
#1075=ORIENTED_EDGE('',*,*,#1164,.T.);
#1076=ORIENTED_EDGE('',*,*,#1171,.T.);
#1077=ORIENTED_EDGE('',*,*,#1173,.T.);
#1078=ORIENTED_EDGE('',*,*,#1326,.F.);
#1079=ORIENTED_EDGE('',*,*,#1125,.T.);
#1080=ORIENTED_EDGE('',*,*,#1323,.F.);
#1081=ORIENTED_EDGE('',*,*,#1121,.T.);
#1082=ORIENTED_EDGE('',*,*,#1324,.F.);
#1083=ORIENTED_EDGE('',*,*,#1117,.T.);
#1084=ORIENTED_EDGE('',*,*,#1325,.F.);
#1085=ORIENTED_EDGE('',*,*,#1113,.T.);
#1086=ORIENTED_EDGE('',*,*,#1600,.T.);
#1087=ORIENTED_EDGE('',*,*,#1601,.T.);
#1088=ORIENTED_EDGE('',*,*,#1602,.T.);
#1089=ORIENTED_EDGE('',*,*,#1595,.F.);
#1090=ORIENTED_EDGE('',*,*,#1585,.F.);
#1091=ORIENTED_EDGE('',*,*,#1589,.F.);
#1092=ORIENTED_EDGE('',*,*,#1592,.F.);
#1093=ORIENTED_EDGE('',*,*,#1581,.T.);
#1094=ORIENTED_EDGE('',*,*,#1330,.F.);
#1095=ORIENTED_EDGE('',*,*,#1579,.T.);
#1096=ORIENTED_EDGE('',*,*,#1328,.F.);
#1097=ORIENTED_EDGE('',*,*,#1583,.T.);
#1098=ORIENTED_EDGE('',*,*,#1332,.F.);
#1099=ORIENTED_EDGE('',*,*,#1598,.T.);
#1100=ORIENTED_EDGE('',*,*,#1584,.F.);
#1101=ORIENTED_EDGE('',*,*,#1597,.T.);
#1102=ORIENTED_EDGE('',*,*,#1582,.F.);
#1103=ORIENTED_EDGE('',*,*,#1599,.T.);
#1104=ORIENTED_EDGE('',*,*,#1580,.F.);
#1105=ORIENTED_EDGE('',*,*,#1602,.F.);
#1106=ORIENTED_EDGE('',*,*,#1331,.T.);
#1107=ORIENTED_EDGE('',*,*,#1601,.F.);
#1108=ORIENTED_EDGE('',*,*,#1329,.T.);
#1109=ORIENTED_EDGE('',*,*,#1600,.F.);
#1110=ORIENTED_EDGE('',*,*,#1327,.T.);
#1111=EDGE_CURVE('',#1603,#1604,#1921,.T.);
#1112=EDGE_CURVE('',#1605,#1603,#1922,.T.);
#1113=EDGE_CURVE('',#1606,#1605,#1923,.T.);
#1114=EDGE_CURVE('',#1604,#1606,#1924,.T.);
#1115=EDGE_CURVE('',#1607,#1608,#1925,.T.);
#1116=EDGE_CURVE('',#1609,#1607,#1926,.T.);
#1117=EDGE_CURVE('',#1610,#1609,#1927,.T.);
#1118=EDGE_CURVE('',#1608,#1610,#1928,.T.);
#1119=EDGE_CURVE('',#1611,#1612,#1929,.T.);
#1120=EDGE_CURVE('',#1613,#1611,#1930,.T.);
#1121=EDGE_CURVE('',#1614,#1613,#1931,.T.);
#1122=EDGE_CURVE('',#1612,#1614,#1932,.T.);
#1123=EDGE_CURVE('',#1615,#1616,#1933,.T.);
#1124=EDGE_CURVE('',#1617,#1615,#1934,.T.);
#1125=EDGE_CURVE('',#1618,#1617,#1935,.T.);
#1126=EDGE_CURVE('',#1616,#1618,#1936,.T.);
#1127=EDGE_CURVE('',#1619,#1620,#1937,.T.);
#1128=EDGE_CURVE('',#1621,#1620,#1938,.T.);
#1129=EDGE_CURVE('',#1621,#1622,#1939,.T.);
#1130=EDGE_CURVE('',#1619,#1622,#1940,.T.);
#1131=EDGE_CURVE('',#1623,#1624,#1941,.T.);
#1132=EDGE_CURVE('',#1622,#1624,#1942,.T.);
#1133=EDGE_CURVE('',#1623,#1621,#1943,.T.);
#1134=EDGE_CURVE('',#1625,#1626,#1944,.T.);
#1135=EDGE_CURVE('',#1620,#1626,#1945,.T.);
#1136=EDGE_CURVE('',#1625,#1619,#1946,.T.);
#1137=EDGE_CURVE('',#1626,#1623,#1947,.T.);
#1138=EDGE_CURVE('',#1624,#1625,#1948,.T.);
#1139=EDGE_CURVE('',#1627,#1628,#1949,.T.);
#1140=EDGE_CURVE('',#1629,#1628,#1950,.T.);
#1141=EDGE_CURVE('',#1629,#1630,#1951,.T.);
#1142=EDGE_CURVE('',#1627,#1630,#1952,.T.);
#1143=EDGE_CURVE('',#1631,#1632,#1953,.T.);
#1144=EDGE_CURVE('',#1630,#1632,#1954,.T.);
#1145=EDGE_CURVE('',#1631,#1629,#1955,.T.);
#1146=EDGE_CURVE('',#1633,#1634,#1956,.T.);
#1147=EDGE_CURVE('',#1628,#1634,#1957,.T.);
#1148=EDGE_CURVE('',#1633,#1627,#1958,.T.);
#1149=EDGE_CURVE('',#1634,#1631,#1959,.T.);
#1150=EDGE_CURVE('',#1632,#1633,#1960,.T.);
#1151=EDGE_CURVE('',#1635,#1636,#1961,.T.);
#1152=EDGE_CURVE('',#1637,#1636,#1962,.T.);
#1153=EDGE_CURVE('',#1637,#1638,#1963,.T.);
#1154=EDGE_CURVE('',#1635,#1638,#1964,.T.);
#1155=EDGE_CURVE('',#1639,#1640,#1965,.T.);
#1156=EDGE_CURVE('',#1638,#1640,#1966,.T.);
#1157=EDGE_CURVE('',#1639,#1637,#1967,.T.);
#1158=EDGE_CURVE('',#1641,#1642,#1968,.T.);
#1159=EDGE_CURVE('',#1636,#1642,#1969,.T.);
#1160=EDGE_CURVE('',#1641,#1635,#1970,.T.);
#1161=EDGE_CURVE('',#1642,#1639,#1971,.T.);
#1162=EDGE_CURVE('',#1640,#1641,#1972,.T.);
#1163=EDGE_CURVE('',#1643,#1644,#1973,.T.);
#1164=EDGE_CURVE('',#1645,#1644,#1974,.T.);
#1165=EDGE_CURVE('',#1645,#1646,#1975,.T.);
#1166=EDGE_CURVE('',#1643,#1646,#1976,.T.);
#1167=EDGE_CURVE('',#1647,#1648,#1977,.T.);
#1168=EDGE_CURVE('',#1646,#1648,#1978,.T.);
#1169=EDGE_CURVE('',#1647,#1645,#1979,.T.);
#1170=EDGE_CURVE('',#1649,#1650,#1980,.T.);
#1171=EDGE_CURVE('',#1644,#1650,#1981,.T.);
#1172=EDGE_CURVE('',#1649,#1643,#1982,.T.);
#1173=EDGE_CURVE('',#1650,#1647,#1983,.T.);
#1174=EDGE_CURVE('',#1648,#1649,#1984,.T.);
#1175=EDGE_CURVE('',#1651,#1652,#1985,.T.);
#1176=EDGE_CURVE('',#1653,#1652,#1986,.T.);
#1177=EDGE_CURVE('',#1653,#1654,#1987,.T.);
#1178=EDGE_CURVE('',#1651,#1654,#1988,.T.);
#1179=EDGE_CURVE('',#1655,#1656,#1989,.T.);
#1180=EDGE_CURVE('',#1654,#1656,#1990,.T.);
#1181=EDGE_CURVE('',#1655,#1653,#1991,.T.);
#1182=EDGE_CURVE('',#1657,#1658,#1992,.T.);
#1183=EDGE_CURVE('',#1652,#1658,#1993,.T.);
#1184=EDGE_CURVE('',#1657,#1651,#1994,.T.);
#1185=EDGE_CURVE('',#1658,#1655,#1995,.T.);
#1186=EDGE_CURVE('',#1656,#1657,#1996,.T.);
#1187=EDGE_CURVE('',#1659,#1660,#1997,.T.);
#1188=EDGE_CURVE('',#1661,#1660,#1998,.T.);
#1189=EDGE_CURVE('',#1661,#1662,#1999,.T.);
#1190=EDGE_CURVE('',#1659,#1662,#2000,.T.);
#1191=EDGE_CURVE('',#1663,#1664,#2001,.T.);
#1192=EDGE_CURVE('',#1662,#1664,#2002,.T.);
#1193=EDGE_CURVE('',#1663,#1661,#2003,.T.);
#1194=EDGE_CURVE('',#1665,#1666,#2004,.T.);
#1195=EDGE_CURVE('',#1660,#1666,#2005,.T.);
#1196=EDGE_CURVE('',#1665,#1659,#2006,.T.);
#1197=EDGE_CURVE('',#1666,#1663,#2007,.T.);
#1198=EDGE_CURVE('',#1664,#1665,#2008,.T.);
#1199=EDGE_CURVE('',#1667,#1668,#2009,.T.);
#1200=EDGE_CURVE('',#1669,#1668,#2010,.T.);
#1201=EDGE_CURVE('',#1669,#1670,#2011,.T.);
#1202=EDGE_CURVE('',#1667,#1670,#2012,.T.);
#1203=EDGE_CURVE('',#1671,#1672,#2013,.T.);
#1204=EDGE_CURVE('',#1670,#1672,#2014,.T.);
#1205=EDGE_CURVE('',#1671,#1669,#2015,.T.);
#1206=EDGE_CURVE('',#1673,#1674,#2016,.T.);
#1207=EDGE_CURVE('',#1668,#1674,#2017,.T.);
#1208=EDGE_CURVE('',#1673,#1667,#2018,.T.);
#1209=EDGE_CURVE('',#1674,#1671,#2019,.T.);
#1210=EDGE_CURVE('',#1672,#1673,#2020,.T.);
#1211=EDGE_CURVE('',#1675,#1676,#2021,.T.);
#1212=EDGE_CURVE('',#1677,#1676,#2022,.T.);
#1213=EDGE_CURVE('',#1677,#1678,#2023,.T.);
#1214=EDGE_CURVE('',#1675,#1678,#2024,.T.);
#1215=EDGE_CURVE('',#1679,#1680,#2025,.T.);
#1216=EDGE_CURVE('',#1678,#1680,#2026,.T.);
#1217=EDGE_CURVE('',#1679,#1677,#2027,.T.);
#1218=EDGE_CURVE('',#1681,#1682,#2028,.T.);
#1219=EDGE_CURVE('',#1676,#1682,#2029,.T.);
#1220=EDGE_CURVE('',#1681,#1675,#2030,.T.);
#1221=EDGE_CURVE('',#1682,#1679,#2031,.T.);
#1222=EDGE_CURVE('',#1680,#1681,#2032,.T.);
#1223=EDGE_CURVE('',#1683,#1684,#2033,.T.);
#1224=EDGE_CURVE('',#1685,#1684,#2034,.T.);
#1225=EDGE_CURVE('',#1685,#1686,#2035,.T.);
#1226=EDGE_CURVE('',#1683,#1686,#2036,.T.);
#1227=EDGE_CURVE('',#1687,#1688,#2037,.T.);
#1228=EDGE_CURVE('',#1686,#1688,#2038,.T.);
#1229=EDGE_CURVE('',#1687,#1685,#2039,.T.);
#1230=EDGE_CURVE('',#1689,#1690,#2040,.T.);
#1231=EDGE_CURVE('',#1684,#1690,#2041,.T.);
#1232=EDGE_CURVE('',#1689,#1683,#2042,.T.);
#1233=EDGE_CURVE('',#1690,#1687,#2043,.T.);
#1234=EDGE_CURVE('',#1688,#1689,#2044,.T.);
#1235=EDGE_CURVE('',#1691,#1692,#2045,.T.);
#1236=EDGE_CURVE('',#1693,#1692,#2046,.T.);
#1237=EDGE_CURVE('',#1693,#1694,#2047,.T.);
#1238=EDGE_CURVE('',#1691,#1694,#2048,.T.);
#1239=EDGE_CURVE('',#1695,#1696,#2049,.T.);
#1240=EDGE_CURVE('',#1694,#1696,#2050,.T.);
#1241=EDGE_CURVE('',#1695,#1693,#2051,.T.);
#1242=EDGE_CURVE('',#1697,#1698,#2052,.T.);
#1243=EDGE_CURVE('',#1692,#1698,#2053,.T.);
#1244=EDGE_CURVE('',#1697,#1691,#2054,.T.);
#1245=EDGE_CURVE('',#1698,#1695,#2055,.T.);
#1246=EDGE_CURVE('',#1696,#1697,#2056,.T.);
#1247=EDGE_CURVE('',#1699,#1700,#2057,.T.);
#1248=EDGE_CURVE('',#1701,#1700,#2058,.T.);
#1249=EDGE_CURVE('',#1701,#1702,#2059,.T.);
#1250=EDGE_CURVE('',#1699,#1702,#2060,.T.);
#1251=EDGE_CURVE('',#1703,#1704,#2061,.T.);
#1252=EDGE_CURVE('',#1702,#1704,#2062,.T.);
#1253=EDGE_CURVE('',#1703,#1701,#2063,.T.);
#1254=EDGE_CURVE('',#1705,#1706,#2064,.T.);
#1255=EDGE_CURVE('',#1700,#1706,#2065,.T.);
#1256=EDGE_CURVE('',#1705,#1699,#2066,.T.);
#1257=EDGE_CURVE('',#1706,#1703,#2067,.T.);
#1258=EDGE_CURVE('',#1704,#1705,#2068,.T.);
#1259=EDGE_CURVE('',#1707,#1708,#2069,.T.);
#1260=EDGE_CURVE('',#1709,#1708,#2070,.T.);
#1261=EDGE_CURVE('',#1709,#1710,#2071,.T.);
#1262=EDGE_CURVE('',#1707,#1710,#2072,.T.);
#1263=EDGE_CURVE('',#1711,#1712,#2073,.T.);
#1264=EDGE_CURVE('',#1710,#1712,#2074,.T.);
#1265=EDGE_CURVE('',#1711,#1709,#2075,.T.);
#1266=EDGE_CURVE('',#1713,#1714,#2076,.T.);
#1267=EDGE_CURVE('',#1708,#1714,#2077,.T.);
#1268=EDGE_CURVE('',#1713,#1707,#2078,.T.);
#1269=EDGE_CURVE('',#1714,#1711,#2079,.T.);
#1270=EDGE_CURVE('',#1712,#1713,#2080,.T.);
#1271=EDGE_CURVE('',#1694,#1632,#2081,.T.);
#1272=EDGE_CURVE('',#1691,#1633,#2082,.T.);
#1273=EDGE_CURVE('',#1696,#1630,#2083,.T.);
#1274=EDGE_CURVE('',#1697,#1627,#2084,.T.);
#1275=EDGE_CURVE('',#1715,#1671,#2085,.T.);
#1276=EDGE_CURVE('',#1716,#1669,#2086,.T.);
#1277=EDGE_CURVE('',#1715,#1716,#2087,.T.);
#1278=EDGE_CURVE('',#1717,#1668,#2088,.T.);
#1279=EDGE_CURVE('',#1716,#1717,#2089,.T.);
#1280=EDGE_CURVE('',#1718,#1674,#2090,.T.);
#1281=EDGE_CURVE('',#1717,#1718,#2091,.T.);
#1282=EDGE_CURVE('',#1718,#1715,#2092,.T.);
#1283=EDGE_CURVE('',#1702,#1649,#2093,.T.);
#1284=EDGE_CURVE('',#1699,#1643,#2094,.T.);
#1285=EDGE_CURVE('',#1704,#1648,#2095,.T.);
#1286=EDGE_CURVE('',#1705,#1646,#2096,.T.);
#1287=EDGE_CURVE('',#1719,#1663,#2097,.T.);
#1288=EDGE_CURVE('',#1720,#1661,#2098,.T.);
#1289=EDGE_CURVE('',#1719,#1720,#2099,.T.);
#1290=EDGE_CURVE('',#1721,#1660,#2100,.T.);
#1291=EDGE_CURVE('',#1720,#1721,#2101,.T.);
#1292=EDGE_CURVE('',#1722,#1666,#2102,.T.);
#1293=EDGE_CURVE('',#1721,#1722,#2103,.T.);
#1294=EDGE_CURVE('',#1722,#1719,#2104,.T.);
#1295=EDGE_CURVE('',#1686,#1624,#2105,.T.);
#1296=EDGE_CURVE('',#1683,#1625,#2106,.T.);
#1297=EDGE_CURVE('',#1688,#1622,#2107,.T.);
#1298=EDGE_CURVE('',#1689,#1619,#2108,.T.);
#1299=EDGE_CURVE('',#1723,#1679,#2109,.T.);
#1300=EDGE_CURVE('',#1724,#1677,#2110,.T.);
#1301=EDGE_CURVE('',#1723,#1724,#2111,.T.);
#1302=EDGE_CURVE('',#1725,#1676,#2112,.T.);
#1303=EDGE_CURVE('',#1724,#1725,#2113,.T.);
#1304=EDGE_CURVE('',#1726,#1682,#2114,.T.);
#1305=EDGE_CURVE('',#1725,#1726,#2115,.T.);
#1306=EDGE_CURVE('',#1726,#1723,#2116,.T.);
#1307=EDGE_CURVE('',#1710,#1641,#2117,.T.);
#1308=EDGE_CURVE('',#1707,#1635,#2118,.T.);
#1309=EDGE_CURVE('',#1712,#1640,#2119,.T.);
#1310=EDGE_CURVE('',#1713,#1638,#2120,.T.);
#1311=EDGE_CURVE('',#1727,#1655,#2121,.T.);
#1312=EDGE_CURVE('',#1728,#1653,#2122,.T.);
#1313=EDGE_CURVE('',#1727,#1728,#2123,.T.);
#1314=EDGE_CURVE('',#1729,#1652,#2124,.T.);
#1315=EDGE_CURVE('',#1728,#1729,#2125,.T.);
#1316=EDGE_CURVE('',#1730,#1658,#2126,.T.);
#1317=EDGE_CURVE('',#1729,#1730,#2127,.T.);
#1318=EDGE_CURVE('',#1730,#1727,#2128,.T.);
#1319=EDGE_CURVE('',#1612,#1615,#2129,.T.);
#1320=EDGE_CURVE('',#1616,#1603,#2130,.T.);
#1321=EDGE_CURVE('',#1604,#1607,#2131,.T.);
#1322=EDGE_CURVE('',#1608,#1611,#2132,.T.);
#1323=EDGE_CURVE('',#1614,#1617,#2133,.T.);
#1324=EDGE_CURVE('',#1610,#1613,#2134,.T.);
#1325=EDGE_CURVE('',#1606,#1609,#2135,.T.);
#1326=EDGE_CURVE('',#1618,#1605,#2136,.T.);
#1327=EDGE_CURVE('',#1731,#1731,#108,.T.);
#1328=EDGE_CURVE('',#1732,#1732,#109,.T.);
#1329=EDGE_CURVE('',#1733,#1733,#110,.T.);
#1330=EDGE_CURVE('',#1734,#1734,#111,.T.);
#1331=EDGE_CURVE('',#1735,#1735,#112,.T.);
#1332=EDGE_CURVE('',#1736,#1736,#113,.T.);
#1333=EDGE_CURVE('',#1737,#1738,#2137,.T.);
#1334=EDGE_CURVE('',#1738,#1739,#2138,.T.);
#1335=EDGE_CURVE('',#1740,#1739,#2139,.T.);
#1336=EDGE_CURVE('',#1737,#1740,#2140,.T.);
#1337=EDGE_CURVE('',#1739,#1741,#2141,.T.);
#1338=EDGE_CURVE('',#1742,#1741,#2142,.T.);
#1339=EDGE_CURVE('',#1740,#1742,#2143,.T.);
#1340=EDGE_CURVE('',#1741,#1743,#2144,.T.);
#1341=EDGE_CURVE('',#1744,#1743,#2145,.T.);
#1342=EDGE_CURVE('',#1742,#1744,#2146,.T.);
#1343=EDGE_CURVE('',#1743,#1738,#2147,.T.);
#1344=EDGE_CURVE('',#1744,#1737,#2148,.T.);
#1345=EDGE_CURVE('',#1745,#1746,#2149,.T.);
#1346=EDGE_CURVE('',#1747,#1746,#2150,.T.);
#1347=EDGE_CURVE('',#1748,#1747,#2151,.T.);
#1348=EDGE_CURVE('',#1748,#1745,#2152,.T.);
#1349=EDGE_CURVE('',#1749,#1745,#2153,.T.);
#1350=EDGE_CURVE('',#1750,#1748,#2154,.T.);
#1351=EDGE_CURVE('',#1750,#1749,#2155,.T.);
#1352=EDGE_CURVE('',#1751,#1749,#2156,.T.);
#1353=EDGE_CURVE('',#1752,#1750,#2157,.T.);
#1354=EDGE_CURVE('',#1752,#1751,#2158,.T.);
#1355=EDGE_CURVE('',#1746,#1751,#2159,.T.);
#1356=EDGE_CURVE('',#1747,#1752,#2160,.T.);
#1357=EDGE_CURVE('',#1753,#1754,#2161,.T.);
#1358=EDGE_CURVE('',#1755,#1753,#2162,.T.);
#1359=EDGE_CURVE('',#1756,#1755,#2163,.T.);
#1360=EDGE_CURVE('',#1757,#1756,#2164,.T.);
#1361=EDGE_CURVE('',#1758,#1757,#2165,.T.);
#1362=EDGE_CURVE('',#1759,#1758,#2166,.T.);
#1363=EDGE_CURVE('',#1760,#1759,#2167,.T.);
#1364=EDGE_CURVE('',#1761,#1760,#2168,.T.);
#1365=EDGE_CURVE('',#1762,#1761,#2169,.T.);
#1366=EDGE_CURVE('',#1763,#1762,#2170,.T.);
#1367=EDGE_CURVE('',#1754,#1763,#2171,.T.);
#1368=EDGE_CURVE('',#1764,#1765,#2172,.T.);
#1369=EDGE_CURVE('',#1754,#1764,#2173,.T.);
#1370=EDGE_CURVE('',#1763,#1765,#2174,.T.);
#1371=EDGE_CURVE('',#1765,#1766,#2175,.T.);
#1372=EDGE_CURVE('',#1762,#1766,#2176,.T.);
#1373=EDGE_CURVE('',#1766,#1767,#2177,.T.);
#1374=EDGE_CURVE('',#1761,#1767,#2178,.T.);
#1375=EDGE_CURVE('',#1767,#1768,#2179,.T.);
#1376=EDGE_CURVE('',#1760,#1768,#2180,.T.);
#1377=EDGE_CURVE('',#1768,#1769,#2181,.T.);
#1378=EDGE_CURVE('',#1759,#1769,#2182,.T.);
#1379=EDGE_CURVE('',#1769,#1770,#2183,.T.);
#1380=EDGE_CURVE('',#1758,#1770,#2184,.T.);
#1381=EDGE_CURVE('',#1770,#1771,#2185,.T.);
#1382=EDGE_CURVE('',#1757,#1771,#2186,.T.);
#1383=EDGE_CURVE('',#1771,#1772,#2187,.T.);
#1384=EDGE_CURVE('',#1756,#1772,#2188,.T.);
#1385=EDGE_CURVE('',#1772,#1773,#2189,.T.);
#1386=EDGE_CURVE('',#1755,#1773,#2190,.T.);
#1387=EDGE_CURVE('',#1773,#1774,#2191,.T.);
#1388=EDGE_CURVE('',#1753,#1774,#2192,.T.);
#1389=EDGE_CURVE('',#1774,#1764,#2193,.T.);
#1390=EDGE_CURVE('',#1775,#1776,#2194,.T.);
#1391=EDGE_CURVE('',#1776,#1777,#2195,.T.);
#1392=EDGE_CURVE('',#1777,#1778,#50,.T.);
#1393=EDGE_CURVE('',#1778,#1779,#51,.T.);
#1394=EDGE_CURVE('',#1779,#1780,#52,.T.);
#1395=EDGE_CURVE('',#1780,#1781,#53,.T.);
#1396=EDGE_CURVE('',#1781,#1775,#2196,.T.);
#1397=EDGE_CURVE('',#1782,#1781,#2197,.T.);
#1398=EDGE_CURVE('',#1782,#1783,#2198,.T.);
#1399=EDGE_CURVE('',#1783,#1775,#2199,.T.);
#1400=EDGE_CURVE('',#1784,#1780,#2200,.T.);
#1401=EDGE_CURVE('',#1784,#1782,#54,.T.);
#1402=EDGE_CURVE('',#1785,#1779,#2201,.T.);
#1403=EDGE_CURVE('',#1785,#1784,#55,.T.);
#1404=EDGE_CURVE('',#1786,#1778,#2202,.T.);
#1405=EDGE_CURVE('',#1786,#1785,#56,.T.);
#1406=EDGE_CURVE('',#1787,#1777,#2203,.T.);
#1407=EDGE_CURVE('',#1787,#1786,#57,.T.);
#1408=EDGE_CURVE('',#1788,#1776,#2204,.T.);
#1409=EDGE_CURVE('',#1788,#1787,#2205,.T.);
#1410=EDGE_CURVE('',#1783,#1788,#2206,.T.);
#1411=EDGE_CURVE('',#1789,#1790,#2207,.T.);
#1412=EDGE_CURVE('',#1791,#1789,#2208,.T.);
#1413=EDGE_CURVE('',#1791,#1792,#2209,.T.);
#1414=EDGE_CURVE('',#1792,#1790,#2210,.T.);
#1415=EDGE_CURVE('',#1790,#1793,#2211,.T.);
#1416=EDGE_CURVE('',#1792,#1794,#2212,.T.);
#1417=EDGE_CURVE('',#1794,#1793,#2213,.T.);
#1418=EDGE_CURVE('',#1793,#1795,#58,.T.);
#1419=EDGE_CURVE('',#1794,#1796,#59,.T.);
#1420=EDGE_CURVE('',#1796,#1795,#2214,.T.);
#1421=EDGE_CURVE('',#1795,#1797,#60,.T.);
#1422=EDGE_CURVE('',#1796,#1798,#61,.T.);
#1423=EDGE_CURVE('',#1798,#1797,#2215,.T.);
#1424=EDGE_CURVE('',#1797,#1799,#62,.T.);
#1425=EDGE_CURVE('',#1798,#1800,#63,.T.);
#1426=EDGE_CURVE('',#1800,#1799,#2216,.T.);
#1427=EDGE_CURVE('',#1799,#1789,#2217,.T.);
#1428=EDGE_CURVE('',#1800,#1791,#2218,.T.);
#1429=EDGE_CURVE('',#1801,#1802,#2219,.T.);
#1430=EDGE_CURVE('',#1803,#1801,#2220,.T.);
#1431=EDGE_CURVE('',#1804,#1803,#2221,.T.);
#1432=EDGE_CURVE('',#1805,#1804,#2222,.T.);
#1433=EDGE_CURVE('',#1806,#1805,#2223,.T.);
#1434=EDGE_CURVE('',#1802,#1806,#2224,.T.);
#1435=EDGE_CURVE('',#1807,#1808,#2225,.T.);
#1436=EDGE_CURVE('',#1802,#1807,#2226,.T.);
#1437=EDGE_CURVE('',#1806,#1808,#2227,.T.);
#1438=EDGE_CURVE('',#1808,#1809,#2228,.T.);
#1439=EDGE_CURVE('',#1805,#1809,#2229,.T.);
#1440=EDGE_CURVE('',#1809,#1810,#2230,.T.);
#1441=EDGE_CURVE('',#1804,#1810,#2231,.T.);
#1442=EDGE_CURVE('',#1810,#1811,#2232,.T.);
#1443=EDGE_CURVE('',#1803,#1811,#2233,.T.);
#1444=EDGE_CURVE('',#1811,#1812,#2234,.T.);
#1445=EDGE_CURVE('',#1801,#1812,#2235,.T.);
#1446=EDGE_CURVE('',#1812,#1807,#2236,.T.);
#1447=EDGE_CURVE('',#1813,#1814,#64,.T.);
#1448=EDGE_CURVE('',#1815,#1813,#65,.T.);
#1449=EDGE_CURVE('',#1816,#1815,#66,.T.);
#1450=EDGE_CURVE('',#1817,#1816,#2237,.T.);
#1451=EDGE_CURVE('',#1818,#1817,#67,.T.);
#1452=EDGE_CURVE('',#1819,#1818,#68,.T.);
#1453=EDGE_CURVE('',#1820,#1819,#69,.T.);
#1454=EDGE_CURVE('',#1821,#1820,#70,.T.);
#1455=EDGE_CURVE('',#1822,#1821,#2238,.T.);
#1456=EDGE_CURVE('',#1823,#1822,#71,.T.);
#1457=EDGE_CURVE('',#1824,#1823,#72,.T.);
#1458=EDGE_CURVE('',#1825,#1824,#73,.T.);
#1459=EDGE_CURVE('',#1826,#1825,#74,.T.);
#1460=EDGE_CURVE('',#1827,#1826,#75,.T.);
#1461=EDGE_CURVE('',#1828,#1827,#76,.T.);
#1462=EDGE_CURVE('',#1829,#1828,#77,.T.);
#1463=EDGE_CURVE('',#1814,#1829,#2239,.T.);
#1464=EDGE_CURVE('',#1830,#1831,#2240,.T.);
#1465=EDGE_CURVE('',#1814,#1830,#2241,.T.);
#1466=EDGE_CURVE('',#1829,#1831,#2242,.T.);
#1467=EDGE_CURVE('',#1831,#1832,#78,.T.);
#1468=EDGE_CURVE('',#1828,#1832,#2243,.T.);
#1469=EDGE_CURVE('',#1832,#1833,#79,.T.);
#1470=EDGE_CURVE('',#1827,#1833,#2244,.T.);
#1471=EDGE_CURVE('',#1833,#1834,#80,.T.);
#1472=EDGE_CURVE('',#1826,#1834,#2245,.T.);
#1473=EDGE_CURVE('',#1834,#1835,#81,.T.);
#1474=EDGE_CURVE('',#1825,#1835,#2246,.T.);
#1475=EDGE_CURVE('',#1835,#1836,#82,.T.);
#1476=EDGE_CURVE('',#1824,#1836,#2247,.T.);
#1477=EDGE_CURVE('',#1836,#1837,#83,.T.);
#1478=EDGE_CURVE('',#1823,#1837,#2248,.T.);
#1479=EDGE_CURVE('',#1837,#1838,#84,.T.);
#1480=EDGE_CURVE('',#1822,#1838,#2249,.T.);
#1481=EDGE_CURVE('',#1838,#1839,#2250,.T.);
#1482=EDGE_CURVE('',#1821,#1839,#2251,.T.);
#1483=EDGE_CURVE('',#1839,#1840,#85,.T.);
#1484=EDGE_CURVE('',#1820,#1840,#2252,.T.);
#1485=EDGE_CURVE('',#1840,#1841,#86,.T.);
#1486=EDGE_CURVE('',#1819,#1841,#2253,.T.);
#1487=EDGE_CURVE('',#1841,#1842,#87,.T.);
#1488=EDGE_CURVE('',#1818,#1842,#2254,.T.);
#1489=EDGE_CURVE('',#1842,#1843,#88,.T.);
#1490=EDGE_CURVE('',#1817,#1843,#2255,.T.);
#1491=EDGE_CURVE('',#1843,#1844,#2256,.T.);
#1492=EDGE_CURVE('',#1816,#1844,#2257,.T.);
#1493=EDGE_CURVE('',#1844,#1845,#89,.T.);
#1494=EDGE_CURVE('',#1815,#1845,#2258,.T.);
#1495=EDGE_CURVE('',#1845,#1846,#90,.T.);
#1496=EDGE_CURVE('',#1813,#1846,#2259,.T.);
#1497=EDGE_CURVE('',#1846,#1830,#91,.T.);
#1498=EDGE_CURVE('',#1847,#1848,#2260,.T.);
#1499=EDGE_CURVE('',#1849,#1847,#2261,.T.);
#1500=EDGE_CURVE('',#1850,#1849,#92,.T.);
#1501=EDGE_CURVE('',#1851,#1850,#93,.T.);
#1502=EDGE_CURVE('',#1852,#1851,#94,.T.);
#1503=EDGE_CURVE('',#1853,#1852,#95,.T.);
#1504=EDGE_CURVE('',#1854,#1853,#2262,.T.);
#1505=EDGE_CURVE('',#1855,#1854,#96,.T.);
#1506=EDGE_CURVE('',#1856,#1855,#97,.T.);
#1507=EDGE_CURVE('',#1857,#1856,#98,.T.);
#1508=EDGE_CURVE('',#1858,#1857,#99,.T.);
#1509=EDGE_CURVE('',#1859,#1858,#2263,.T.);
#1510=EDGE_CURVE('',#1860,#1859,#2264,.T.);
#1511=EDGE_CURVE('',#1848,#1860,#2265,.T.);
#1512=EDGE_CURVE('',#1861,#1862,#2266,.T.);
#1513=EDGE_CURVE('',#1848,#1861,#2267,.T.);
#1514=EDGE_CURVE('',#1860,#1862,#2268,.T.);
#1515=EDGE_CURVE('',#1862,#1863,#2269,.T.);
#1516=EDGE_CURVE('',#1859,#1863,#2270,.T.);
#1517=EDGE_CURVE('',#1863,#1864,#2271,.T.);
#1518=EDGE_CURVE('',#1858,#1864,#2272,.T.);
#1519=EDGE_CURVE('',#1864,#1865,#100,.T.);
#1520=EDGE_CURVE('',#1857,#1865,#2273,.T.);
#1521=EDGE_CURVE('',#1865,#1866,#101,.T.);
#1522=EDGE_CURVE('',#1856,#1866,#2274,.T.);
#1523=EDGE_CURVE('',#1866,#1867,#102,.T.);
#1524=EDGE_CURVE('',#1855,#1867,#2275,.T.);
#1525=EDGE_CURVE('',#1867,#1868,#103,.T.);
#1526=EDGE_CURVE('',#1854,#1868,#2276,.T.);
#1527=EDGE_CURVE('',#1868,#1869,#2277,.T.);
#1528=EDGE_CURVE('',#1853,#1869,#2278,.T.);
#1529=EDGE_CURVE('',#1869,#1870,#104,.T.);
#1530=EDGE_CURVE('',#1852,#1870,#2279,.T.);
#1531=EDGE_CURVE('',#1870,#1871,#105,.T.);
#1532=EDGE_CURVE('',#1851,#1871,#2280,.T.);
#1533=EDGE_CURVE('',#1871,#1872,#106,.T.);
#1534=EDGE_CURVE('',#1850,#1872,#2281,.T.);
#1535=EDGE_CURVE('',#1872,#1873,#107,.T.);
#1536=EDGE_CURVE('',#1849,#1873,#2282,.T.);
#1537=EDGE_CURVE('',#1873,#1874,#2283,.T.);
#1538=EDGE_CURVE('',#1847,#1874,#2284,.T.);
#1539=EDGE_CURVE('',#1874,#1861,#2285,.T.);
#1540=EDGE_CURVE('',#1875,#1876,#2286,.T.);
#1541=EDGE_CURVE('',#1877,#1875,#2287,.T.);
#1542=EDGE_CURVE('',#1878,#1877,#2288,.T.);
#1543=EDGE_CURVE('',#1879,#1878,#2289,.T.);
#1544=EDGE_CURVE('',#1880,#1879,#2290,.T.);
#1545=EDGE_CURVE('',#1876,#1880,#2291,.T.);
#1546=EDGE_CURVE('',#1881,#1882,#2292,.T.);
#1547=EDGE_CURVE('',#1876,#1881,#2293,.T.);
#1548=EDGE_CURVE('',#1880,#1882,#2294,.T.);
#1549=EDGE_CURVE('',#1882,#1883,#2295,.T.);
#1550=EDGE_CURVE('',#1879,#1883,#2296,.T.);
#1551=EDGE_CURVE('',#1883,#1884,#2297,.T.);
#1552=EDGE_CURVE('',#1878,#1884,#2298,.T.);
#1553=EDGE_CURVE('',#1884,#1885,#2299,.T.);
#1554=EDGE_CURVE('',#1877,#1885,#2300,.T.);
#1555=EDGE_CURVE('',#1885,#1886,#2301,.T.);
#1556=EDGE_CURVE('',#1875,#1886,#2302,.T.);
#1557=EDGE_CURVE('',#1886,#1881,#2303,.T.);
#1558=EDGE_CURVE('',#1887,#1888,#2304,.T.);
#1559=EDGE_CURVE('',#1889,#1887,#2305,.T.);
#1560=EDGE_CURVE('',#1890,#1889,#2306,.T.);
#1561=EDGE_CURVE('',#1891,#1890,#2307,.T.);
#1562=EDGE_CURVE('',#1892,#1891,#2308,.T.);
#1563=EDGE_CURVE('',#1893,#1892,#2309,.T.);
#1564=EDGE_CURVE('',#1888,#1893,#2310,.T.);
#1565=EDGE_CURVE('',#1894,#1895,#2311,.T.);
#1566=EDGE_CURVE('',#1888,#1894,#2312,.T.);
#1567=EDGE_CURVE('',#1893,#1895,#2313,.T.);
#1568=EDGE_CURVE('',#1895,#1896,#2314,.T.);
#1569=EDGE_CURVE('',#1892,#1896,#2315,.T.);
#1570=EDGE_CURVE('',#1896,#1897,#2316,.T.);
#1571=EDGE_CURVE('',#1891,#1897,#2317,.T.);
#1572=EDGE_CURVE('',#1897,#1898,#2318,.T.);
#1573=EDGE_CURVE('',#1890,#1898,#2319,.T.);
#1574=EDGE_CURVE('',#1898,#1899,#2320,.T.);
#1575=EDGE_CURVE('',#1889,#1899,#2321,.T.);
#1576=EDGE_CURVE('',#1899,#1900,#2322,.T.);
#1577=EDGE_CURVE('',#1887,#1900,#2323,.T.);
#1578=EDGE_CURVE('',#1900,#1894,#2324,.T.);
#1579=EDGE_CURVE('',#1901,#1901,#114,.T.);
#1580=EDGE_CURVE('',#1902,#1902,#115,.T.);
#1581=EDGE_CURVE('',#1903,#1903,#116,.T.);
#1582=EDGE_CURVE('',#1904,#1904,#117,.T.);
#1583=EDGE_CURVE('',#1905,#1905,#118,.T.);
#1584=EDGE_CURVE('',#1906,#1906,#119,.T.);
#1585=EDGE_CURVE('',#1907,#1908,#2325,.T.);
#1586=EDGE_CURVE('',#1909,#1908,#2326,.T.);
#1587=EDGE_CURVE('',#1910,#1909,#2327,.T.);
#1588=EDGE_CURVE('',#1910,#1907,#2328,.T.);
#1589=EDGE_CURVE('',#1911,#1907,#2329,.T.);
#1590=EDGE_CURVE('',#1912,#1910,#2330,.T.);
#1591=EDGE_CURVE('',#1912,#1911,#2331,.T.);
#1592=EDGE_CURVE('',#1913,#1911,#2332,.T.);
#1593=EDGE_CURVE('',#1914,#1912,#2333,.T.);
#1594=EDGE_CURVE('',#1914,#1913,#2334,.T.);
#1595=EDGE_CURVE('',#1908,#1913,#2335,.T.);
#1596=EDGE_CURVE('',#1909,#1914,#2336,.T.);
#1597=EDGE_CURVE('',#1915,#1915,#120,.T.);
#1598=EDGE_CURVE('',#1916,#1916,#121,.T.);
#1599=EDGE_CURVE('',#1917,#1917,#122,.T.);
#1600=EDGE_CURVE('',#1918,#1918,#123,.T.);
#1601=EDGE_CURVE('',#1919,#1919,#124,.T.);
#1602=EDGE_CURVE('',#1920,#1920,#125,.T.);
#1603=VERTEX_POINT('',#4921);
#1604=VERTEX_POINT('',#4922);
#1605=VERTEX_POINT('',#4924);
#1606=VERTEX_POINT('',#4926);
#1607=VERTEX_POINT('',#4930);
#1608=VERTEX_POINT('',#4931);
#1609=VERTEX_POINT('',#4933);
#1610=VERTEX_POINT('',#4935);
#1611=VERTEX_POINT('',#4939);
#1612=VERTEX_POINT('',#4940);
#1613=VERTEX_POINT('',#4942);
#1614=VERTEX_POINT('',#4944);
#1615=VERTEX_POINT('',#4948);
#1616=VERTEX_POINT('',#4949);
#1617=VERTEX_POINT('',#4951);
#1618=VERTEX_POINT('',#4953);
#1619=VERTEX_POINT('',#4957);
#1620=VERTEX_POINT('',#4958);
#1621=VERTEX_POINT('',#4960);
#1622=VERTEX_POINT('',#4962);
#1623=VERTEX_POINT('',#4966);
#1624=VERTEX_POINT('',#4967);
#1625=VERTEX_POINT('',#4972);
#1626=VERTEX_POINT('',#4973);
#1627=VERTEX_POINT('',#4981);
#1628=VERTEX_POINT('',#4982);
#1629=VERTEX_POINT('',#4984);
#1630=VERTEX_POINT('',#4986);
#1631=VERTEX_POINT('',#4990);
#1632=VERTEX_POINT('',#4991);
#1633=VERTEX_POINT('',#4996);
#1634=VERTEX_POINT('',#4997);
#1635=VERTEX_POINT('',#5005);
#1636=VERTEX_POINT('',#5006);
#1637=VERTEX_POINT('',#5008);
#1638=VERTEX_POINT('',#5010);
#1639=VERTEX_POINT('',#5014);
#1640=VERTEX_POINT('',#5015);
#1641=VERTEX_POINT('',#5020);
#1642=VERTEX_POINT('',#5021);
#1643=VERTEX_POINT('',#5029);
#1644=VERTEX_POINT('',#5030);
#1645=VERTEX_POINT('',#5032);
#1646=VERTEX_POINT('',#5034);
#1647=VERTEX_POINT('',#5038);
#1648=VERTEX_POINT('',#5039);
#1649=VERTEX_POINT('',#5044);
#1650=VERTEX_POINT('',#5045);
#1651=VERTEX_POINT('',#5053);
#1652=VERTEX_POINT('',#5054);
#1653=VERTEX_POINT('',#5056);
#1654=VERTEX_POINT('',#5058);
#1655=VERTEX_POINT('',#5062);
#1656=VERTEX_POINT('',#5063);
#1657=VERTEX_POINT('',#5068);
#1658=VERTEX_POINT('',#5069);
#1659=VERTEX_POINT('',#5077);
#1660=VERTEX_POINT('',#5078);
#1661=VERTEX_POINT('',#5080);
#1662=VERTEX_POINT('',#5082);
#1663=VERTEX_POINT('',#5086);
#1664=VERTEX_POINT('',#5087);
#1665=VERTEX_POINT('',#5092);
#1666=VERTEX_POINT('',#5093);
#1667=VERTEX_POINT('',#5101);
#1668=VERTEX_POINT('',#5102);
#1669=VERTEX_POINT('',#5104);
#1670=VERTEX_POINT('',#5106);
#1671=VERTEX_POINT('',#5110);
#1672=VERTEX_POINT('',#5111);
#1673=VERTEX_POINT('',#5116);
#1674=VERTEX_POINT('',#5117);
#1675=VERTEX_POINT('',#5125);
#1676=VERTEX_POINT('',#5126);
#1677=VERTEX_POINT('',#5128);
#1678=VERTEX_POINT('',#5130);
#1679=VERTEX_POINT('',#5134);
#1680=VERTEX_POINT('',#5135);
#1681=VERTEX_POINT('',#5140);
#1682=VERTEX_POINT('',#5141);
#1683=VERTEX_POINT('',#5149);
#1684=VERTEX_POINT('',#5150);
#1685=VERTEX_POINT('',#5152);
#1686=VERTEX_POINT('',#5154);
#1687=VERTEX_POINT('',#5158);
#1688=VERTEX_POINT('',#5159);
#1689=VERTEX_POINT('',#5164);
#1690=VERTEX_POINT('',#5165);
#1691=VERTEX_POINT('',#5173);
#1692=VERTEX_POINT('',#5174);
#1693=VERTEX_POINT('',#5176);
#1694=VERTEX_POINT('',#5178);
#1695=VERTEX_POINT('',#5182);
#1696=VERTEX_POINT('',#5183);
#1697=VERTEX_POINT('',#5188);
#1698=VERTEX_POINT('',#5189);
#1699=VERTEX_POINT('',#5197);
#1700=VERTEX_POINT('',#5198);
#1701=VERTEX_POINT('',#5200);
#1702=VERTEX_POINT('',#5202);
#1703=VERTEX_POINT('',#5206);
#1704=VERTEX_POINT('',#5207);
#1705=VERTEX_POINT('',#5212);
#1706=VERTEX_POINT('',#5213);
#1707=VERTEX_POINT('',#5221);
#1708=VERTEX_POINT('',#5222);
#1709=VERTEX_POINT('',#5224);
#1710=VERTEX_POINT('',#5226);
#1711=VERTEX_POINT('',#5230);
#1712=VERTEX_POINT('',#5231);
#1713=VERTEX_POINT('',#5236);
#1714=VERTEX_POINT('',#5237);
#1715=VERTEX_POINT('',#5254);
#1716=VERTEX_POINT('',#5256);
#1717=VERTEX_POINT('',#5260);
#1718=VERTEX_POINT('',#5264);
#1719=VERTEX_POINT('',#5280);
#1720=VERTEX_POINT('',#5282);
#1721=VERTEX_POINT('',#5286);
#1722=VERTEX_POINT('',#5290);
#1723=VERTEX_POINT('',#5306);
#1724=VERTEX_POINT('',#5308);
#1725=VERTEX_POINT('',#5312);
#1726=VERTEX_POINT('',#5316);
#1727=VERTEX_POINT('',#5332);
#1728=VERTEX_POINT('',#5334);
#1729=VERTEX_POINT('',#5338);
#1730=VERTEX_POINT('',#5342);
#1731=VERTEX_POINT('',#5362);
#1732=VERTEX_POINT('',#5364);
#1733=VERTEX_POINT('',#5367);
#1734=VERTEX_POINT('',#5369);
#1735=VERTEX_POINT('',#5372);
#1736=VERTEX_POINT('',#5374);
#1737=VERTEX_POINT('',#5377);
#1738=VERTEX_POINT('',#5378);
#1739=VERTEX_POINT('',#5380);
#1740=VERTEX_POINT('',#5382);
#1741=VERTEX_POINT('',#5386);
#1742=VERTEX_POINT('',#5388);
#1743=VERTEX_POINT('',#5392);
#1744=VERTEX_POINT('',#5394);
#1745=VERTEX_POINT('',#5402);
#1746=VERTEX_POINT('',#5403);
#1747=VERTEX_POINT('',#5405);
#1748=VERTEX_POINT('',#5407);
#1749=VERTEX_POINT('',#5411);
#1750=VERTEX_POINT('',#5413);
#1751=VERTEX_POINT('',#5417);
#1752=VERTEX_POINT('',#5419);
#1753=VERTEX_POINT('',#5427);
#1754=VERTEX_POINT('',#5428);
#1755=VERTEX_POINT('',#5430);
#1756=VERTEX_POINT('',#5432);
#1757=VERTEX_POINT('',#5434);
#1758=VERTEX_POINT('',#5436);
#1759=VERTEX_POINT('',#5438);
#1760=VERTEX_POINT('',#5440);
#1761=VERTEX_POINT('',#5442);
#1762=VERTEX_POINT('',#5444);
#1763=VERTEX_POINT('',#5446);
#1764=VERTEX_POINT('',#5450);
#1765=VERTEX_POINT('',#5451);
#1766=VERTEX_POINT('',#5456);
#1767=VERTEX_POINT('',#5460);
#1768=VERTEX_POINT('',#5464);
#1769=VERTEX_POINT('',#5468);
#1770=VERTEX_POINT('',#5472);
#1771=VERTEX_POINT('',#5476);
#1772=VERTEX_POINT('',#5480);
#1773=VERTEX_POINT('',#5484);
#1774=VERTEX_POINT('',#5488);
#1775=VERTEX_POINT('',#5494);
#1776=VERTEX_POINT('',#5495);
#1777=VERTEX_POINT('',#5497);
#1778=VERTEX_POINT('',#5509);
#1779=VERTEX_POINT('',#5529);
#1780=VERTEX_POINT('',#5549);
#1781=VERTEX_POINT('',#5561);
#1782=VERTEX_POINT('',#5565);
#1783=VERTEX_POINT('',#5567);
#1784=VERTEX_POINT('',#5592);
#1785=VERTEX_POINT('',#5643);
#1786=VERTEX_POINT('',#5708);
#1787=VERTEX_POINT('',#5757);
#1788=VERTEX_POINT('',#5771);
#1789=VERTEX_POINT('',#5777);
#1790=VERTEX_POINT('',#5778);
#1791=VERTEX_POINT('',#5780);
#1792=VERTEX_POINT('',#5782);
#1793=VERTEX_POINT('',#5786);
#1794=VERTEX_POINT('',#5788);
#1795=VERTEX_POINT('',#5823);
#1796=VERTEX_POINT('',#5835);
#1797=VERTEX_POINT('',#5894);
#1798=VERTEX_POINT('',#5914);
#1799=VERTEX_POINT('',#5997);
#1800=VERTEX_POINT('',#6025);
#1801=VERTEX_POINT('',#6033);
#1802=VERTEX_POINT('',#6034);
#1803=VERTEX_POINT('',#6036);
#1804=VERTEX_POINT('',#6038);
#1805=VERTEX_POINT('',#6040);
#1806=VERTEX_POINT('',#6042);
#1807=VERTEX_POINT('',#6046);
#1808=VERTEX_POINT('',#6047);
#1809=VERTEX_POINT('',#6052);
#1810=VERTEX_POINT('',#6056);
#1811=VERTEX_POINT('',#6060);
#1812=VERTEX_POINT('',#6064);
#1813=VERTEX_POINT('',#6084);
#1814=VERTEX_POINT('',#6085);
#1815=VERTEX_POINT('',#6105);
#1816=VERTEX_POINT('',#6121);
#1817=VERTEX_POINT('',#6123);
#1818=VERTEX_POINT('',#6143);
#1819=VERTEX_POINT('',#6163);
#1820=VERTEX_POINT('',#6175);
#1821=VERTEX_POINT('',#6187);
#1822=VERTEX_POINT('',#6189);
#1823=VERTEX_POINT('',#6209);
#1824=VERTEX_POINT('',#6225);
#1825=VERTEX_POINT('',#6237);
#1826=VERTEX_POINT('',#6245);
#1827=VERTEX_POINT('',#6257);
#1828=VERTEX_POINT('',#6273);
#1829=VERTEX_POINT('',#6293);
#1830=VERTEX_POINT('',#6297);
#1831=VERTEX_POINT('',#6298);
#1832=VERTEX_POINT('',#6358);
#1833=VERTEX_POINT('',#6417);
#1834=VERTEX_POINT('',#6452);
#1835=VERTEX_POINT('',#6475);
#1836=VERTEX_POINT('',#6510);
#1837=VERTEX_POINT('',#6569);
#1838=VERTEX_POINT('',#6634);
#1839=VERTEX_POINT('',#6638);
#1840=VERTEX_POINT('',#6679);
#1841=VERTEX_POINT('',#6714);
#1842=VERTEX_POINT('',#6779);
#1843=VERTEX_POINT('',#6844);
#1844=VERTEX_POINT('',#6848);
#1845=VERTEX_POINT('',#6901);
#1846=VERTEX_POINT('',#6972);
#1847=VERTEX_POINT('',#7027);
#1848=VERTEX_POINT('',#7028);
#1849=VERTEX_POINT('',#7030);
#1850=VERTEX_POINT('',#7042);
#1851=VERTEX_POINT('',#7062);
#1852=VERTEX_POINT('',#7082);
#1853=VERTEX_POINT('',#7098);
#1854=VERTEX_POINT('',#7100);
#1855=VERTEX_POINT('',#7120);
#1856=VERTEX_POINT('',#7148);
#1857=VERTEX_POINT('',#7168);
#1858=VERTEX_POINT('',#7176);
#1859=VERTEX_POINT('',#7178);
#1860=VERTEX_POINT('',#7180);
#1861=VERTEX_POINT('',#7184);
#1862=VERTEX_POINT('',#7185);
#1863=VERTEX_POINT('',#7190);
#1864=VERTEX_POINT('',#7194);
#1865=VERTEX_POINT('',#7217);
#1866=VERTEX_POINT('',#7276);
#1867=VERTEX_POINT('',#7359);
#1868=VERTEX_POINT('',#7418);
#1869=VERTEX_POINT('',#7422);
#1870=VERTEX_POINT('',#7475);
#1871=VERTEX_POINT('',#7534);
#1872=VERTEX_POINT('',#7593);
#1873=VERTEX_POINT('',#7628);
#1874=VERTEX_POINT('',#7632);
#1875=VERTEX_POINT('',#7638);
#1876=VERTEX_POINT('',#7639);
#1877=VERTEX_POINT('',#7641);
#1878=VERTEX_POINT('',#7643);
#1879=VERTEX_POINT('',#7645);
#1880=VERTEX_POINT('',#7647);
#1881=VERTEX_POINT('',#7651);
#1882=VERTEX_POINT('',#7652);
#1883=VERTEX_POINT('',#7657);
#1884=VERTEX_POINT('',#7661);
#1885=VERTEX_POINT('',#7665);
#1886=VERTEX_POINT('',#7669);
#1887=VERTEX_POINT('',#7675);
#1888=VERTEX_POINT('',#7676);
#1889=VERTEX_POINT('',#7678);
#1890=VERTEX_POINT('',#7680);
#1891=VERTEX_POINT('',#7682);
#1892=VERTEX_POINT('',#7684);
#1893=VERTEX_POINT('',#7686);
#1894=VERTEX_POINT('',#7690);
#1895=VERTEX_POINT('',#7691);
#1896=VERTEX_POINT('',#7696);
#1897=VERTEX_POINT('',#7700);
#1898=VERTEX_POINT('',#7704);
#1899=VERTEX_POINT('',#7708);
#1900=VERTEX_POINT('',#7712);
#1901=VERTEX_POINT('',#7718);
#1902=VERTEX_POINT('',#7720);
#1903=VERTEX_POINT('',#7723);
#1904=VERTEX_POINT('',#7725);
#1905=VERTEX_POINT('',#7728);
#1906=VERTEX_POINT('',#7730);
#1907=VERTEX_POINT('',#7733);
#1908=VERTEX_POINT('',#7734);
#1909=VERTEX_POINT('',#7736);
#1910=VERTEX_POINT('',#7738);
#1911=VERTEX_POINT('',#7742);
#1912=VERTEX_POINT('',#7744);
#1913=VERTEX_POINT('',#7748);
#1914=VERTEX_POINT('',#7750);
#1915=VERTEX_POINT('',#7757);
#1916=VERTEX_POINT('',#7759);
#1917=VERTEX_POINT('',#7761);
#1918=VERTEX_POINT('',#7764);
#1919=VERTEX_POINT('',#7766);
#1920=VERTEX_POINT('',#7768);
#1921=LINE('',#4920,#2337);
#1922=LINE('',#4923,#2338);
#1923=LINE('',#4925,#2339);
#1924=LINE('',#4927,#2340);
#1925=LINE('',#4929,#2341);
#1926=LINE('',#4932,#2342);
#1927=LINE('',#4934,#2343);
#1928=LINE('',#4936,#2344);
#1929=LINE('',#4938,#2345);
#1930=LINE('',#4941,#2346);
#1931=LINE('',#4943,#2347);
#1932=LINE('',#4945,#2348);
#1933=LINE('',#4947,#2349);
#1934=LINE('',#4950,#2350);
#1935=LINE('',#4952,#2351);
#1936=LINE('',#4954,#2352);
#1937=LINE('',#4956,#2353);
#1938=LINE('',#4959,#2354);
#1939=LINE('',#4961,#2355);
#1940=LINE('',#4963,#2356);
#1941=LINE('',#4965,#2357);
#1942=LINE('',#4968,#2358);
#1943=LINE('',#4969,#2359);
#1944=LINE('',#4971,#2360);
#1945=LINE('',#4974,#2361);
#1946=LINE('',#4975,#2362);
#1947=LINE('',#4977,#2363);
#1948=LINE('',#4978,#2364);
#1949=LINE('',#4980,#2365);
#1950=LINE('',#4983,#2366);
#1951=LINE('',#4985,#2367);
#1952=LINE('',#4987,#2368);
#1953=LINE('',#4989,#2369);
#1954=LINE('',#4992,#2370);
#1955=LINE('',#4993,#2371);
#1956=LINE('',#4995,#2372);
#1957=LINE('',#4998,#2373);
#1958=LINE('',#4999,#2374);
#1959=LINE('',#5001,#2375);
#1960=LINE('',#5002,#2376);
#1961=LINE('',#5004,#2377);
#1962=LINE('',#5007,#2378);
#1963=LINE('',#5009,#2379);
#1964=LINE('',#5011,#2380);
#1965=LINE('',#5013,#2381);
#1966=LINE('',#5016,#2382);
#1967=LINE('',#5017,#2383);
#1968=LINE('',#5019,#2384);
#1969=LINE('',#5022,#2385);
#1970=LINE('',#5023,#2386);
#1971=LINE('',#5025,#2387);
#1972=LINE('',#5026,#2388);
#1973=LINE('',#5028,#2389);
#1974=LINE('',#5031,#2390);
#1975=LINE('',#5033,#2391);
#1976=LINE('',#5035,#2392);
#1977=LINE('',#5037,#2393);
#1978=LINE('',#5040,#2394);
#1979=LINE('',#5041,#2395);
#1980=LINE('',#5043,#2396);
#1981=LINE('',#5046,#2397);
#1982=LINE('',#5047,#2398);
#1983=LINE('',#5049,#2399);
#1984=LINE('',#5050,#2400);
#1985=LINE('',#5052,#2401);
#1986=LINE('',#5055,#2402);
#1987=LINE('',#5057,#2403);
#1988=LINE('',#5059,#2404);
#1989=LINE('',#5061,#2405);
#1990=LINE('',#5064,#2406);
#1991=LINE('',#5065,#2407);
#1992=LINE('',#5067,#2408);
#1993=LINE('',#5070,#2409);
#1994=LINE('',#5071,#2410);
#1995=LINE('',#5073,#2411);
#1996=LINE('',#5074,#2412);
#1997=LINE('',#5076,#2413);
#1998=LINE('',#5079,#2414);
#1999=LINE('',#5081,#2415);
#2000=LINE('',#5083,#2416);
#2001=LINE('',#5085,#2417);
#2002=LINE('',#5088,#2418);
#2003=LINE('',#5089,#2419);
#2004=LINE('',#5091,#2420);
#2005=LINE('',#5094,#2421);
#2006=LINE('',#5095,#2422);
#2007=LINE('',#5097,#2423);
#2008=LINE('',#5098,#2424);
#2009=LINE('',#5100,#2425);
#2010=LINE('',#5103,#2426);
#2011=LINE('',#5105,#2427);
#2012=LINE('',#5107,#2428);
#2013=LINE('',#5109,#2429);
#2014=LINE('',#5112,#2430);
#2015=LINE('',#5113,#2431);
#2016=LINE('',#5115,#2432);
#2017=LINE('',#5118,#2433);
#2018=LINE('',#5119,#2434);
#2019=LINE('',#5121,#2435);
#2020=LINE('',#5122,#2436);
#2021=LINE('',#5124,#2437);
#2022=LINE('',#5127,#2438);
#2023=LINE('',#5129,#2439);
#2024=LINE('',#5131,#2440);
#2025=LINE('',#5133,#2441);
#2026=LINE('',#5136,#2442);
#2027=LINE('',#5137,#2443);
#2028=LINE('',#5139,#2444);
#2029=LINE('',#5142,#2445);
#2030=LINE('',#5143,#2446);
#2031=LINE('',#5145,#2447);
#2032=LINE('',#5146,#2448);
#2033=LINE('',#5148,#2449);
#2034=LINE('',#5151,#2450);
#2035=LINE('',#5153,#2451);
#2036=LINE('',#5155,#2452);
#2037=LINE('',#5157,#2453);
#2038=LINE('',#5160,#2454);
#2039=LINE('',#5161,#2455);
#2040=LINE('',#5163,#2456);
#2041=LINE('',#5166,#2457);
#2042=LINE('',#5167,#2458);
#2043=LINE('',#5169,#2459);
#2044=LINE('',#5170,#2460);
#2045=LINE('',#5172,#2461);
#2046=LINE('',#5175,#2462);
#2047=LINE('',#5177,#2463);
#2048=LINE('',#5179,#2464);
#2049=LINE('',#5181,#2465);
#2050=LINE('',#5184,#2466);
#2051=LINE('',#5185,#2467);
#2052=LINE('',#5187,#2468);
#2053=LINE('',#5190,#2469);
#2054=LINE('',#5191,#2470);
#2055=LINE('',#5193,#2471);
#2056=LINE('',#5194,#2472);
#2057=LINE('',#5196,#2473);
#2058=LINE('',#5199,#2474);
#2059=LINE('',#5201,#2475);
#2060=LINE('',#5203,#2476);
#2061=LINE('',#5205,#2477);
#2062=LINE('',#5208,#2478);
#2063=LINE('',#5209,#2479);
#2064=LINE('',#5211,#2480);
#2065=LINE('',#5214,#2481);
#2066=LINE('',#5215,#2482);
#2067=LINE('',#5217,#2483);
#2068=LINE('',#5218,#2484);
#2069=LINE('',#5220,#2485);
#2070=LINE('',#5223,#2486);
#2071=LINE('',#5225,#2487);
#2072=LINE('',#5227,#2488);
#2073=LINE('',#5229,#2489);
#2074=LINE('',#5232,#2490);
#2075=LINE('',#5233,#2491);
#2076=LINE('',#5235,#2492);
#2077=LINE('',#5238,#2493);
#2078=LINE('',#5239,#2494);
#2079=LINE('',#5241,#2495);
#2080=LINE('',#5242,#2496);
#2081=LINE('',#5245,#2497);
#2082=LINE('',#5246,#2498);
#2083=LINE('',#5248,#2499);
#2084=LINE('',#5250,#2500);
#2085=LINE('',#5253,#2501);
#2086=LINE('',#5255,#2502);
#2087=LINE('',#5257,#2503);
#2088=LINE('',#5259,#2504);
#2089=LINE('',#5261,#2505);
#2090=LINE('',#5263,#2506);
#2091=LINE('',#5265,#2507);
#2092=LINE('',#5267,#2508);
#2093=LINE('',#5271,#2509);
#2094=LINE('',#5272,#2510);
#2095=LINE('',#5274,#2511);
#2096=LINE('',#5276,#2512);
#2097=LINE('',#5279,#2513);
#2098=LINE('',#5281,#2514);
#2099=LINE('',#5283,#2515);
#2100=LINE('',#5285,#2516);
#2101=LINE('',#5287,#2517);
#2102=LINE('',#5289,#2518);
#2103=LINE('',#5291,#2519);
#2104=LINE('',#5293,#2520);
#2105=LINE('',#5297,#2521);
#2106=LINE('',#5298,#2522);
#2107=LINE('',#5300,#2523);
#2108=LINE('',#5302,#2524);
#2109=LINE('',#5305,#2525);
#2110=LINE('',#5307,#2526);
#2111=LINE('',#5309,#2527);
#2112=LINE('',#5311,#2528);
#2113=LINE('',#5313,#2529);
#2114=LINE('',#5315,#2530);
#2115=LINE('',#5317,#2531);
#2116=LINE('',#5319,#2532);
#2117=LINE('',#5323,#2533);
#2118=LINE('',#5324,#2534);
#2119=LINE('',#5326,#2535);
#2120=LINE('',#5328,#2536);
#2121=LINE('',#5331,#2537);
#2122=LINE('',#5333,#2538);
#2123=LINE('',#5335,#2539);
#2124=LINE('',#5337,#2540);
#2125=LINE('',#5339,#2541);
#2126=LINE('',#5341,#2542);
#2127=LINE('',#5343,#2543);
#2128=LINE('',#5345,#2544);
#2129=LINE('',#5348,#2545);
#2130=LINE('',#5349,#2546);
#2131=LINE('',#5350,#2547);
#2132=LINE('',#5351,#2548);
#2133=LINE('',#5353,#2549);
#2134=LINE('',#5355,#2550);
#2135=LINE('',#5357,#2551);
#2136=LINE('',#5359,#2552);
#2137=LINE('',#5376,#2553);
#2138=LINE('',#5379,#2554);
#2139=LINE('',#5381,#2555);
#2140=LINE('',#5383,#2556);
#2141=LINE('',#5385,#2557);
#2142=LINE('',#5387,#2558);
#2143=LINE('',#5389,#2559);
#2144=LINE('',#5391,#2560);
#2145=LINE('',#5393,#2561);
#2146=LINE('',#5395,#2562);
#2147=LINE('',#5397,#2563);
#2148=LINE('',#5398,#2564);
#2149=LINE('',#5401,#2565);
#2150=LINE('',#5404,#2566);
#2151=LINE('',#5406,#2567);
#2152=LINE('',#5408,#2568);
#2153=LINE('',#5410,#2569);
#2154=LINE('',#5412,#2570);
#2155=LINE('',#5414,#2571);
#2156=LINE('',#5416,#2572);
#2157=LINE('',#5418,#2573);
#2158=LINE('',#5420,#2574);
#2159=LINE('',#5422,#2575);
#2160=LINE('',#5423,#2576);
#2161=LINE('',#5426,#2577);
#2162=LINE('',#5429,#2578);
#2163=LINE('',#5431,#2579);
#2164=LINE('',#5433,#2580);
#2165=LINE('',#5435,#2581);
#2166=LINE('',#5437,#2582);
#2167=LINE('',#5439,#2583);
#2168=LINE('',#5441,#2584);
#2169=LINE('',#5443,#2585);
#2170=LINE('',#5445,#2586);
#2171=LINE('',#5447,#2587);
#2172=LINE('',#5449,#2588);
#2173=LINE('',#5452,#2589);
#2174=LINE('',#5453,#2590);
#2175=LINE('',#5455,#2591);
#2176=LINE('',#5457,#2592);
#2177=LINE('',#5459,#2593);
#2178=LINE('',#5461,#2594);
#2179=LINE('',#5463,#2595);
#2180=LINE('',#5465,#2596);
#2181=LINE('',#5467,#2597);
#2182=LINE('',#5469,#2598);
#2183=LINE('',#5471,#2599);
#2184=LINE('',#5473,#2600);
#2185=LINE('',#5475,#2601);
#2186=LINE('',#5477,#2602);
#2187=LINE('',#5479,#2603);
#2188=LINE('',#5481,#2604);
#2189=LINE('',#5483,#2605);
#2190=LINE('',#5485,#2606);
#2191=LINE('',#5487,#2607);
#2192=LINE('',#5489,#2608);
#2193=LINE('',#5491,#2609);
#2194=LINE('',#5493,#2610);
#2195=LINE('',#5496,#2611);
#2196=LINE('',#5562,#2612);
#2197=LINE('',#5564,#2613);
#2198=LINE('',#5566,#2614);
#2199=LINE('',#5568,#2615);
#2200=LINE('',#5591,#2616);
#2201=LINE('',#5642,#2617);
#2202=LINE('',#5707,#2618);
#2203=LINE('',#5756,#2619);
#2204=LINE('',#5770,#2620);
#2205=LINE('',#5772,#2621);
#2206=LINE('',#5774,#2622);
#2207=LINE('',#5776,#2623);
#2208=LINE('',#5779,#2624);
#2209=LINE('',#5781,#2625);
#2210=LINE('',#5783,#2626);
#2211=LINE('',#5785,#2627);
#2212=LINE('',#5787,#2628);
#2213=LINE('',#5789,#2629);
#2214=LINE('',#5836,#2630);
#2215=LINE('',#5915,#2631);
#2216=LINE('',#6026,#2632);
#2217=LINE('',#6028,#2633);
#2218=LINE('',#6029,#2634);
#2219=LINE('',#6032,#2635);
#2220=LINE('',#6035,#2636);
#2221=LINE('',#6037,#2637);
#2222=LINE('',#6039,#2638);
#2223=LINE('',#6041,#2639);
#2224=LINE('',#6043,#2640);
#2225=LINE('',#6045,#2641);
#2226=LINE('',#6048,#2642);
#2227=LINE('',#6049,#2643);
#2228=LINE('',#6051,#2644);
#2229=LINE('',#6053,#2645);
#2230=LINE('',#6055,#2646);
#2231=LINE('',#6057,#2647);
#2232=LINE('',#6059,#2648);
#2233=LINE('',#6061,#2649);
#2234=LINE('',#6063,#2650);
#2235=LINE('',#6065,#2651);
#2236=LINE('',#6067,#2652);
#2237=LINE('',#6122,#2653);
#2238=LINE('',#6188,#2654);
#2239=LINE('',#6294,#2655);
#2240=LINE('',#6296,#2656);
#2241=LINE('',#6299,#2657);
#2242=LINE('',#6300,#2658);
#2243=LINE('',#6359,#2659);
#2244=LINE('',#6418,#2660);
#2245=LINE('',#6453,#2661);
#2246=LINE('',#6476,#2662);
#2247=LINE('',#6511,#2663);
#2248=LINE('',#6570,#2664);
#2249=LINE('',#6635,#2665);
#2250=LINE('',#6637,#2666);
#2251=LINE('',#6639,#2667);
#2252=LINE('',#6680,#2668);
#2253=LINE('',#6715,#2669);
#2254=LINE('',#6780,#2670);
#2255=LINE('',#6845,#2671);
#2256=LINE('',#6847,#2672);
#2257=LINE('',#6849,#2673);
#2258=LINE('',#6902,#2674);
#2259=LINE('',#6973,#2675);
#2260=LINE('',#7026,#2676);
#2261=LINE('',#7029,#2677);
#2262=LINE('',#7099,#2678);
#2263=LINE('',#7177,#2679);
#2264=LINE('',#7179,#2680);
#2265=LINE('',#7181,#2681);
#2266=LINE('',#7183,#2682);
#2267=LINE('',#7186,#2683);
#2268=LINE('',#7187,#2684);
#2269=LINE('',#7189,#2685);
#2270=LINE('',#7191,#2686);
#2271=LINE('',#7193,#2687);
#2272=LINE('',#7195,#2688);
#2273=LINE('',#7218,#2689);
#2274=LINE('',#7277,#2690);
#2275=LINE('',#7360,#2691);
#2276=LINE('',#7419,#2692);
#2277=LINE('',#7421,#2693);
#2278=LINE('',#7423,#2694);
#2279=LINE('',#7476,#2695);
#2280=LINE('',#7535,#2696);
#2281=LINE('',#7594,#2697);
#2282=LINE('',#7629,#2698);
#2283=LINE('',#7631,#2699);
#2284=LINE('',#7633,#2700);
#2285=LINE('',#7635,#2701);
#2286=LINE('',#7637,#2702);
#2287=LINE('',#7640,#2703);
#2288=LINE('',#7642,#2704);
#2289=LINE('',#7644,#2705);
#2290=LINE('',#7646,#2706);
#2291=LINE('',#7648,#2707);
#2292=LINE('',#7650,#2708);
#2293=LINE('',#7653,#2709);
#2294=LINE('',#7654,#2710);
#2295=LINE('',#7656,#2711);
#2296=LINE('',#7658,#2712);
#2297=LINE('',#7660,#2713);
#2298=LINE('',#7662,#2714);
#2299=LINE('',#7664,#2715);
#2300=LINE('',#7666,#2716);
#2301=LINE('',#7668,#2717);
#2302=LINE('',#7670,#2718);
#2303=LINE('',#7672,#2719);
#2304=LINE('',#7674,#2720);
#2305=LINE('',#7677,#2721);
#2306=LINE('',#7679,#2722);
#2307=LINE('',#7681,#2723);
#2308=LINE('',#7683,#2724);
#2309=LINE('',#7685,#2725);
#2310=LINE('',#7687,#2726);
#2311=LINE('',#7689,#2727);
#2312=LINE('',#7692,#2728);
#2313=LINE('',#7693,#2729);
#2314=LINE('',#7695,#2730);
#2315=LINE('',#7697,#2731);
#2316=LINE('',#7699,#2732);
#2317=LINE('',#7701,#2733);
#2318=LINE('',#7703,#2734);
#2319=LINE('',#7705,#2735);
#2320=LINE('',#7707,#2736);
#2321=LINE('',#7709,#2737);
#2322=LINE('',#7711,#2738);
#2323=LINE('',#7713,#2739);
#2324=LINE('',#7715,#2740);
#2325=LINE('',#7732,#2741);
#2326=LINE('',#7735,#2742);
#2327=LINE('',#7737,#2743);
#2328=LINE('',#7739,#2744);
#2329=LINE('',#7741,#2745);
#2330=LINE('',#7743,#2746);
#2331=LINE('',#7745,#2747);
#2332=LINE('',#7747,#2748);
#2333=LINE('',#7749,#2749);
#2334=LINE('',#7751,#2750);
#2335=LINE('',#7753,#2751);
#2336=LINE('',#7754,#2752);
#2337=VECTOR('',#4106,1.);
#2338=VECTOR('',#4107,1.);
#2339=VECTOR('',#4108,1.);
#2340=VECTOR('',#4109,1.);
#2341=VECTOR('',#4112,1.);
#2342=VECTOR('',#4113,1.);
#2343=VECTOR('',#4114,1.);
#2344=VECTOR('',#4115,1.);
#2345=VECTOR('',#4118,1.);
#2346=VECTOR('',#4119,1.);
#2347=VECTOR('',#4120,1.);
#2348=VECTOR('',#4121,1.);
#2349=VECTOR('',#4124,1.);
#2350=VECTOR('',#4125,1.);
#2351=VECTOR('',#4126,1.);
#2352=VECTOR('',#4127,1.);
#2353=VECTOR('',#4130,1.);
#2354=VECTOR('',#4131,1.);
#2355=VECTOR('',#4132,1.);
#2356=VECTOR('',#4133,1.);
#2357=VECTOR('',#4136,1.);
#2358=VECTOR('',#4137,1.);
#2359=VECTOR('',#4138,1.);
#2360=VECTOR('',#4141,1.);
#2361=VECTOR('',#4142,1.);
#2362=VECTOR('',#4143,1.);
#2363=VECTOR('',#4146,1.);
#2364=VECTOR('',#4147,1.);
#2365=VECTOR('',#4150,1.);
#2366=VECTOR('',#4151,1.);
#2367=VECTOR('',#4152,1.);
#2368=VECTOR('',#4153,1.);
#2369=VECTOR('',#4156,1.);
#2370=VECTOR('',#4157,1.);
#2371=VECTOR('',#4158,1.);
#2372=VECTOR('',#4161,1.);
#2373=VECTOR('',#4162,1.);
#2374=VECTOR('',#4163,1.);
#2375=VECTOR('',#4166,1.);
#2376=VECTOR('',#4167,1.);
#2377=VECTOR('',#4170,1.);
#2378=VECTOR('',#4171,1.);
#2379=VECTOR('',#4172,1.);
#2380=VECTOR('',#4173,1.);
#2381=VECTOR('',#4176,1.);
#2382=VECTOR('',#4177,1.);
#2383=VECTOR('',#4178,1.);
#2384=VECTOR('',#4181,1.);
#2385=VECTOR('',#4182,1.);
#2386=VECTOR('',#4183,1.);
#2387=VECTOR('',#4186,1.);
#2388=VECTOR('',#4187,1.);
#2389=VECTOR('',#4190,1.);
#2390=VECTOR('',#4191,1.);
#2391=VECTOR('',#4192,1.);
#2392=VECTOR('',#4193,1.);
#2393=VECTOR('',#4196,1.);
#2394=VECTOR('',#4197,1.);
#2395=VECTOR('',#4198,1.);
#2396=VECTOR('',#4201,1.);
#2397=VECTOR('',#4202,1.);
#2398=VECTOR('',#4203,1.);
#2399=VECTOR('',#4206,1.);
#2400=VECTOR('',#4207,1.);
#2401=VECTOR('',#4210,1.);
#2402=VECTOR('',#4211,1.);
#2403=VECTOR('',#4212,1.);
#2404=VECTOR('',#4213,1.);
#2405=VECTOR('',#4216,1.);
#2406=VECTOR('',#4217,1.);
#2407=VECTOR('',#4218,1.);
#2408=VECTOR('',#4221,1.);
#2409=VECTOR('',#4222,1.);
#2410=VECTOR('',#4223,1.);
#2411=VECTOR('',#4226,1.);
#2412=VECTOR('',#4227,1.);
#2413=VECTOR('',#4230,1.);
#2414=VECTOR('',#4231,1.);
#2415=VECTOR('',#4232,1.);
#2416=VECTOR('',#4233,1.);
#2417=VECTOR('',#4236,1.);
#2418=VECTOR('',#4237,1.);
#2419=VECTOR('',#4238,1.);
#2420=VECTOR('',#4241,1.);
#2421=VECTOR('',#4242,1.);
#2422=VECTOR('',#4243,1.);
#2423=VECTOR('',#4246,1.);
#2424=VECTOR('',#4247,1.);
#2425=VECTOR('',#4250,1.);
#2426=VECTOR('',#4251,1.);
#2427=VECTOR('',#4252,1.);
#2428=VECTOR('',#4253,1.);
#2429=VECTOR('',#4256,1.);
#2430=VECTOR('',#4257,1.);
#2431=VECTOR('',#4258,1.);
#2432=VECTOR('',#4261,1.);
#2433=VECTOR('',#4262,1.);
#2434=VECTOR('',#4263,1.);
#2435=VECTOR('',#4266,1.);
#2436=VECTOR('',#4267,1.);
#2437=VECTOR('',#4270,1.);
#2438=VECTOR('',#4271,1.);
#2439=VECTOR('',#4272,1.);
#2440=VECTOR('',#4273,1.);
#2441=VECTOR('',#4276,1.);
#2442=VECTOR('',#4277,1.);
#2443=VECTOR('',#4278,1.);
#2444=VECTOR('',#4281,1.);
#2445=VECTOR('',#4282,1.);
#2446=VECTOR('',#4283,1.);
#2447=VECTOR('',#4286,1.);
#2448=VECTOR('',#4287,1.);
#2449=VECTOR('',#4290,1.);
#2450=VECTOR('',#4291,1.);
#2451=VECTOR('',#4292,1.);
#2452=VECTOR('',#4293,1.);
#2453=VECTOR('',#4296,1.);
#2454=VECTOR('',#4297,1.);
#2455=VECTOR('',#4298,1.);
#2456=VECTOR('',#4301,1.);
#2457=VECTOR('',#4302,1.);
#2458=VECTOR('',#4303,1.);
#2459=VECTOR('',#4306,1.);
#2460=VECTOR('',#4307,1.);
#2461=VECTOR('',#4310,1.);
#2462=VECTOR('',#4311,1.);
#2463=VECTOR('',#4312,1.);
#2464=VECTOR('',#4313,1.);
#2465=VECTOR('',#4316,1.);
#2466=VECTOR('',#4317,1.);
#2467=VECTOR('',#4318,1.);
#2468=VECTOR('',#4321,1.);
#2469=VECTOR('',#4322,1.);
#2470=VECTOR('',#4323,1.);
#2471=VECTOR('',#4326,1.);
#2472=VECTOR('',#4327,1.);
#2473=VECTOR('',#4330,1.);
#2474=VECTOR('',#4331,1.);
#2475=VECTOR('',#4332,1.);
#2476=VECTOR('',#4333,1.);
#2477=VECTOR('',#4336,1.);
#2478=VECTOR('',#4337,1.);
#2479=VECTOR('',#4338,1.);
#2480=VECTOR('',#4341,1.);
#2481=VECTOR('',#4342,1.);
#2482=VECTOR('',#4343,1.);
#2483=VECTOR('',#4346,1.);
#2484=VECTOR('',#4347,1.);
#2485=VECTOR('',#4350,1.);
#2486=VECTOR('',#4351,1.);
#2487=VECTOR('',#4352,1.);
#2488=VECTOR('',#4353,1.);
#2489=VECTOR('',#4356,1.);
#2490=VECTOR('',#4357,1.);
#2491=VECTOR('',#4358,1.);
#2492=VECTOR('',#4361,1.);
#2493=VECTOR('',#4362,1.);
#2494=VECTOR('',#4363,1.);
#2495=VECTOR('',#4366,1.);
#2496=VECTOR('',#4367,1.);
#2497=VECTOR('',#4372,1.);
#2498=VECTOR('',#4373,1.);
#2499=VECTOR('',#4376,1.);
#2500=VECTOR('',#4379,1.);
#2501=VECTOR('',#4384,1.);
#2502=VECTOR('',#4385,1.);
#2503=VECTOR('',#4386,1.);
#2504=VECTOR('',#4389,1.);
#2505=VECTOR('',#4390,1.);
#2506=VECTOR('',#4393,1.);
#2507=VECTOR('',#4394,1.);
#2508=VECTOR('',#4397,1.);
#2509=VECTOR('',#4404,1.);
#2510=VECTOR('',#4405,1.);
#2511=VECTOR('',#4408,1.);
#2512=VECTOR('',#4411,1.);
#2513=VECTOR('',#4416,1.);
#2514=VECTOR('',#4417,1.);
#2515=VECTOR('',#4418,1.);
#2516=VECTOR('',#4421,1.);
#2517=VECTOR('',#4422,1.);
#2518=VECTOR('',#4425,1.);
#2519=VECTOR('',#4426,1.);
#2520=VECTOR('',#4429,1.);
#2521=VECTOR('',#4436,1.);
#2522=VECTOR('',#4437,1.);
#2523=VECTOR('',#4440,1.);
#2524=VECTOR('',#4443,1.);
#2525=VECTOR('',#4448,1.);
#2526=VECTOR('',#4449,1.);
#2527=VECTOR('',#4450,1.);
#2528=VECTOR('',#4453,1.);
#2529=VECTOR('',#4454,1.);
#2530=VECTOR('',#4457,1.);
#2531=VECTOR('',#4458,1.);
#2532=VECTOR('',#4461,1.);
#2533=VECTOR('',#4468,1.);
#2534=VECTOR('',#4469,1.);
#2535=VECTOR('',#4472,1.);
#2536=VECTOR('',#4475,1.);
#2537=VECTOR('',#4480,1.);
#2538=VECTOR('',#4481,1.);
#2539=VECTOR('',#4482,1.);
#2540=VECTOR('',#4485,1.);
#2541=VECTOR('',#4486,1.);
#2542=VECTOR('',#4489,1.);
#2543=VECTOR('',#4490,1.);
#2544=VECTOR('',#4493,1.);
#2545=VECTOR('',#4498,1.);
#2546=VECTOR('',#4499,1.);
#2547=VECTOR('',#4500,1.);
#2548=VECTOR('',#4501,1.);
#2549=VECTOR('',#4504,1.);
#2550=VECTOR('',#4507,1.);
#2551=VECTOR('',#4510,1.);
#2552=VECTOR('',#4513,1.);
#2553=VECTOR('',#4534,1.);
#2554=VECTOR('',#4535,1.);
#2555=VECTOR('',#4536,1.);
#2556=VECTOR('',#4537,1.);
#2557=VECTOR('',#4540,1.);
#2558=VECTOR('',#4541,1.);
#2559=VECTOR('',#4542,1.);
#2560=VECTOR('',#4545,1.);
#2561=VECTOR('',#4546,1.);
#2562=VECTOR('',#4547,1.);
#2563=VECTOR('',#4550,1.);
#2564=VECTOR('',#4551,1.);
#2565=VECTOR('',#4556,1.);
#2566=VECTOR('',#4557,1.);
#2567=VECTOR('',#4558,1.);
#2568=VECTOR('',#4559,1.);
#2569=VECTOR('',#4562,1.);
#2570=VECTOR('',#4563,1.);
#2571=VECTOR('',#4564,1.);
#2572=VECTOR('',#4567,1.);
#2573=VECTOR('',#4568,1.);
#2574=VECTOR('',#4569,1.);
#2575=VECTOR('',#4572,1.);
#2576=VECTOR('',#4573,1.);
#2577=VECTOR('',#4578,1.);
#2578=VECTOR('',#4579,1.);
#2579=VECTOR('',#4580,1.);
#2580=VECTOR('',#4581,1.);
#2581=VECTOR('',#4582,1.);
#2582=VECTOR('',#4583,1.);
#2583=VECTOR('',#4584,1.);
#2584=VECTOR('',#4585,1.);
#2585=VECTOR('',#4586,1.);
#2586=VECTOR('',#4587,1.);
#2587=VECTOR('',#4588,1.);
#2588=VECTOR('',#4591,1.);
#2589=VECTOR('',#4592,1.);
#2590=VECTOR('',#4593,1.);
#2591=VECTOR('',#4596,1.);
#2592=VECTOR('',#4597,1.);
#2593=VECTOR('',#4600,1.);
#2594=VECTOR('',#4601,1.);
#2595=VECTOR('',#4604,1.);
#2596=VECTOR('',#4605,1.);
#2597=VECTOR('',#4608,1.);
#2598=VECTOR('',#4609,1.);
#2599=VECTOR('',#4612,1.);
#2600=VECTOR('',#4613,1.);
#2601=VECTOR('',#4616,1.);
#2602=VECTOR('',#4617,1.);
#2603=VECTOR('',#4620,1.);
#2604=VECTOR('',#4621,1.);
#2605=VECTOR('',#4624,1.);
#2606=VECTOR('',#4625,1.);
#2607=VECTOR('',#4628,1.);
#2608=VECTOR('',#4629,1.);
#2609=VECTOR('',#4632,1.);
#2610=VECTOR('',#4635,1.);
#2611=VECTOR('',#4636,1.);
#2612=VECTOR('',#4637,1.);
#2613=VECTOR('',#4640,1.);
#2614=VECTOR('',#4641,1.);
#2615=VECTOR('',#4642,1.);
#2616=VECTOR('',#4643,1.);
#2617=VECTOR('',#4644,1.);
#2618=VECTOR('',#4645,1.);
#2619=VECTOR('',#4646,1.);
#2620=VECTOR('',#4649,1.);
#2621=VECTOR('',#4650,1.);
#2622=VECTOR('',#4653,1.);
#2623=VECTOR('',#4656,1.);
#2624=VECTOR('',#4657,1.);
#2625=VECTOR('',#4658,1.);
#2626=VECTOR('',#4659,1.);
#2627=VECTOR('',#4662,1.);
#2628=VECTOR('',#4663,1.);
#2629=VECTOR('',#4664,1.);
#2630=VECTOR('',#4665,1.);
#2631=VECTOR('',#4666,1.);
#2632=VECTOR('',#4667,1.);
#2633=VECTOR('',#4670,1.);
#2634=VECTOR('',#4671,1.);
#2635=VECTOR('',#4676,1.);
#2636=VECTOR('',#4677,1.);
#2637=VECTOR('',#4678,1.);
#2638=VECTOR('',#4679,1.);
#2639=VECTOR('',#4680,1.);
#2640=VECTOR('',#4681,1.);
#2641=VECTOR('',#4684,1.);
#2642=VECTOR('',#4685,1.);
#2643=VECTOR('',#4686,1.);
#2644=VECTOR('',#4689,1.);
#2645=VECTOR('',#4690,1.);
#2646=VECTOR('',#4693,1.);
#2647=VECTOR('',#4694,1.);
#2648=VECTOR('',#4697,1.);
#2649=VECTOR('',#4698,1.);
#2650=VECTOR('',#4701,1.);
#2651=VECTOR('',#4702,1.);
#2652=VECTOR('',#4705,1.);
#2653=VECTOR('',#4708,1.);
#2654=VECTOR('',#4709,1.);
#2655=VECTOR('',#4710,1.);
#2656=VECTOR('',#4713,1.);
#2657=VECTOR('',#4714,1.);
#2658=VECTOR('',#4715,1.);
#2659=VECTOR('',#4716,1.);
#2660=VECTOR('',#4717,1.);
#2661=VECTOR('',#4718,1.);
#2662=VECTOR('',#4719,1.);
#2663=VECTOR('',#4720,1.);
#2664=VECTOR('',#4721,1.);
#2665=VECTOR('',#4722,1.);
#2666=VECTOR('',#4725,1.);
#2667=VECTOR('',#4726,1.);
#2668=VECTOR('',#4727,1.);
#2669=VECTOR('',#4728,1.);
#2670=VECTOR('',#4729,1.);
#2671=VECTOR('',#4730,1.);
#2672=VECTOR('',#4733,1.);
#2673=VECTOR('',#4734,1.);
#2674=VECTOR('',#4735,1.);
#2675=VECTOR('',#4736,1.);
#2676=VECTOR('',#4739,1.);
#2677=VECTOR('',#4740,1.);
#2678=VECTOR('',#4741,1.);
#2679=VECTOR('',#4742,1.);
#2680=VECTOR('',#4743,1.);
#2681=VECTOR('',#4744,1.);
#2682=VECTOR('',#4747,1.);
#2683=VECTOR('',#4748,1.);
#2684=VECTOR('',#4749,1.);
#2685=VECTOR('',#4752,1.);
#2686=VECTOR('',#4753,1.);
#2687=VECTOR('',#4756,1.);
#2688=VECTOR('',#4757,1.);
#2689=VECTOR('',#4758,1.);
#2690=VECTOR('',#4759,1.);
#2691=VECTOR('',#4760,1.);
#2692=VECTOR('',#4761,1.);
#2693=VECTOR('',#4764,1.);
#2694=VECTOR('',#4765,1.);
#2695=VECTOR('',#4766,1.);
#2696=VECTOR('',#4767,1.);
#2697=VECTOR('',#4768,1.);
#2698=VECTOR('',#4769,1.);
#2699=VECTOR('',#4772,1.);
#2700=VECTOR('',#4773,1.);
#2701=VECTOR('',#4776,1.);
#2702=VECTOR('',#4779,1.);
#2703=VECTOR('',#4780,1.);
#2704=VECTOR('',#4781,1.);
#2705=VECTOR('',#4782,1.);
#2706=VECTOR('',#4783,1.);
#2707=VECTOR('',#4784,1.);
#2708=VECTOR('',#4787,1.);
#2709=VECTOR('',#4788,1.);
#2710=VECTOR('',#4789,1.);
#2711=VECTOR('',#4792,1.);
#2712=VECTOR('',#4793,1.);
#2713=VECTOR('',#4796,1.);
#2714=VECTOR('',#4797,1.);
#2715=VECTOR('',#4800,1.);
#2716=VECTOR('',#4801,1.);
#2717=VECTOR('',#4804,1.);
#2718=VECTOR('',#4805,1.);
#2719=VECTOR('',#4808,1.);
#2720=VECTOR('',#4811,1.);
#2721=VECTOR('',#4812,1.);
#2722=VECTOR('',#4813,1.);
#2723=VECTOR('',#4814,1.);
#2724=VECTOR('',#4815,1.);
#2725=VECTOR('',#4816,1.);
#2726=VECTOR('',#4817,1.);
#2727=VECTOR('',#4820,1.);
#2728=VECTOR('',#4821,1.);
#2729=VECTOR('',#4822,1.);
#2730=VECTOR('',#4825,1.);
#2731=VECTOR('',#4826,1.);
#2732=VECTOR('',#4829,1.);
#2733=VECTOR('',#4830,1.);
#2734=VECTOR('',#4833,1.);
#2735=VECTOR('',#4834,1.);
#2736=VECTOR('',#4837,1.);
#2737=VECTOR('',#4838,1.);
#2738=VECTOR('',#4841,1.);
#2739=VECTOR('',#4842,1.);
#2740=VECTOR('',#4845,1.);
#2741=VECTOR('',#4866,1.);
#2742=VECTOR('',#4867,1.);
#2743=VECTOR('',#4868,1.);
#2744=VECTOR('',#4869,1.);
#2745=VECTOR('',#4872,1.);
#2746=VECTOR('',#4873,1.);
#2747=VECTOR('',#4874,1.);
#2748=VECTOR('',#4877,1.);
#2749=VECTOR('',#4878,1.);
#2750=VECTOR('',#4879,1.);
#2751=VECTOR('',#4882,1.);
#2752=VECTOR('',#4883,1.);
#2753=EDGE_LOOP('',(#127,#128,#129,#130));
#2754=EDGE_LOOP('',(#131,#132,#133,#134));
#2755=EDGE_LOOP('',(#135,#136,#137,#138));
#2756=EDGE_LOOP('',(#139,#140,#141,#142));
#2757=EDGE_LOOP('',(#143,#144,#145,#146));
#2758=EDGE_LOOP('',(#147,#148,#149,#150));
#2759=EDGE_LOOP('',(#151,#152,#153,#154));
#2760=EDGE_LOOP('',(#155,#156,#157,#158));
#2761=EDGE_LOOP('',(#159,#160,#161,#162));
#2762=EDGE_LOOP('',(#163,#164,#165,#166));
#2763=EDGE_LOOP('',(#167,#168,#169,#170));
#2764=EDGE_LOOP('',(#171,#172,#173,#174));
#2765=EDGE_LOOP('',(#175,#176,#177,#178));
#2766=EDGE_LOOP('',(#179,#180,#181,#182));
#2767=EDGE_LOOP('',(#183,#184,#185,#186));
#2768=EDGE_LOOP('',(#187,#188,#189,#190));
#2769=EDGE_LOOP('',(#191,#192,#193,#194));
#2770=EDGE_LOOP('',(#195,#196,#197,#198));
#2771=EDGE_LOOP('',(#199,#200,#201,#202));
#2772=EDGE_LOOP('',(#203,#204,#205,#206));
#2773=EDGE_LOOP('',(#207,#208,#209,#210));
#2774=EDGE_LOOP('',(#211,#212,#213,#214));
#2775=EDGE_LOOP('',(#215,#216,#217,#218));
#2776=EDGE_LOOP('',(#219,#220,#221,#222));
#2777=EDGE_LOOP('',(#223,#224,#225,#226));
#2778=EDGE_LOOP('',(#227,#228,#229,#230));
#2779=EDGE_LOOP('',(#231,#232,#233,#234));
#2780=EDGE_LOOP('',(#235,#236,#237,#238));
#2781=EDGE_LOOP('',(#239,#240,#241,#242));
#2782=EDGE_LOOP('',(#243,#244,#245,#246));
#2783=EDGE_LOOP('',(#247,#248,#249,#250));
#2784=EDGE_LOOP('',(#251,#252,#253,#254));
#2785=EDGE_LOOP('',(#255,#256,#257,#258));
#2786=EDGE_LOOP('',(#259,#260,#261,#262));
#2787=EDGE_LOOP('',(#263,#264,#265,#266));
#2788=EDGE_LOOP('',(#267,#268,#269,#270));
#2789=EDGE_LOOP('',(#271,#272,#273,#274));
#2790=EDGE_LOOP('',(#275,#276,#277,#278));
#2791=EDGE_LOOP('',(#279,#280,#281,#282));
#2792=EDGE_LOOP('',(#283,#284,#285,#286));
#2793=EDGE_LOOP('',(#287,#288,#289,#290));
#2794=EDGE_LOOP('',(#291,#292,#293,#294));
#2795=EDGE_LOOP('',(#295,#296,#297,#298));
#2796=EDGE_LOOP('',(#299,#300,#301,#302));
#2797=EDGE_LOOP('',(#303,#304,#305,#306));
#2798=EDGE_LOOP('',(#307,#308,#309,#310));
#2799=EDGE_LOOP('',(#311,#312,#313,#314));
#2800=EDGE_LOOP('',(#315,#316,#317,#318));
#2801=EDGE_LOOP('',(#319,#320,#321,#322));
#2802=EDGE_LOOP('',(#323,#324,#325,#326));
#2803=EDGE_LOOP('',(#327,#328,#329,#330));
#2804=EDGE_LOOP('',(#331,#332,#333,#334));
#2805=EDGE_LOOP('',(#335,#336,#337,#338));
#2806=EDGE_LOOP('',(#339,#340,#341,#342));
#2807=EDGE_LOOP('',(#343,#344,#345,#346));
#2808=EDGE_LOOP('',(#347,#348,#349,#350));
#2809=EDGE_LOOP('',(#351,#352,#353,#354));
#2810=EDGE_LOOP('',(#355,#356,#357,#358));
#2811=EDGE_LOOP('',(#359,#360,#361,#362));
#2812=EDGE_LOOP('',(#363,#364,#365,#366));
#2813=EDGE_LOOP('',(#367,#368,#369,#370));
#2814=EDGE_LOOP('',(#371,#372,#373,#374));
#2815=EDGE_LOOP('',(#375,#376,#377,#378));
#2816=EDGE_LOOP('',(#379,#380,#381,#382));
#2817=EDGE_LOOP('',(#383,#384,#385,#386));
#2818=EDGE_LOOP('',(#387,#388,#389,#390));
#2819=EDGE_LOOP('',(#391,#392,#393,#394));
#2820=EDGE_LOOP('',(#395,#396,#397,#398));
#2821=EDGE_LOOP('',(#399,#400,#401,#402));
#2822=EDGE_LOOP('',(#403,#404,#405,#406));
#2823=EDGE_LOOP('',(#407,#408,#409,#410));
#2824=EDGE_LOOP('',(#411,#412,#413,#414));
#2825=EDGE_LOOP('',(#415,#416,#417,#418));
#2826=EDGE_LOOP('',(#419,#420,#421,#422));
#2827=EDGE_LOOP('',(#423,#424,#425,#426));
#2828=EDGE_LOOP('',(#427,#428,#429,#430));
#2829=EDGE_LOOP('',(#431,#432,#433,#434));
#2830=EDGE_LOOP('',(#435,#436,#437,#438));
#2831=EDGE_LOOP('',(#439,#440,#441,#442));
#2832=EDGE_LOOP('',(#443,#444,#445,#446));
#2833=EDGE_LOOP('',(#447,#448,#449,#450));
#2834=EDGE_LOOP('',(#451,#452,#453,#454));
#2835=EDGE_LOOP('',(#455,#456,#457,#458));
#2836=EDGE_LOOP('',(#459,#460,#461,#462));
#2837=EDGE_LOOP('',(#463,#464,#465,#466));
#2838=EDGE_LOOP('',(#467,#468,#469,#470));
#2839=EDGE_LOOP('',(#471,#472,#473,#474));
#2840=EDGE_LOOP('',(#475,#476,#477,#478));
#2841=EDGE_LOOP('',(#479,#480,#481,#482));
#2842=EDGE_LOOP('',(#483,#484,#485,#486));
#2843=EDGE_LOOP('',(#487,#488,#489,#490));
#2844=EDGE_LOOP('',(#491,#492,#493,#494));
#2845=EDGE_LOOP('',(#495,#496,#497,#498,#499,#500,#501,#502));
#2846=EDGE_LOOP('',(#503,#504,#505,#506));
#2847=EDGE_LOOP('',(#507,#508,#509,#510));
#2848=EDGE_LOOP('',(#511,#512,#513,#514));
#2849=EDGE_LOOP('',(#515,#516,#517,#518));
#2850=EDGE_LOOP('',(#519,#520,#521,#522));
#2851=EDGE_LOOP('',(#523,#524,#525,#526));
#2852=EDGE_LOOP('',(#527,#528,#529,#530));
#2853=EDGE_LOOP('',(#531,#532,#533,#534));
#2854=EDGE_LOOP('',(#535));
#2855=EDGE_LOOP('',(#536));
#2856=EDGE_LOOP('',(#537));
#2857=EDGE_LOOP('',(#538));
#2858=EDGE_LOOP('',(#539));
#2859=EDGE_LOOP('',(#540));
#2860=EDGE_LOOP('',(#541,#542,#543,#544));
#2861=EDGE_LOOP('',(#545,#546,#547,#548));
#2862=EDGE_LOOP('',(#549,#550,#551,#552));
#2863=EDGE_LOOP('',(#553,#554,#555,#556));
#2864=EDGE_LOOP('',(#557,#558,#559,#560));
#2865=EDGE_LOOP('',(#561,#562,#563,#564));
#2866=EDGE_LOOP('',(#565,#566,#567,#568));
#2867=EDGE_LOOP('',(#569,#570,#571,#572));
#2868=EDGE_LOOP('',(#573,#574,#575,#576));
#2869=EDGE_LOOP('',(#577,#578,#579,#580));
#2870=EDGE_LOOP('',(#581,#582,#583,#584));
#2871=EDGE_LOOP('',(#585,#586,#587,#588,#589,#590,#591,#592,#593,#594,#595));
#2872=EDGE_LOOP('',(#596,#597,#598,#599));
#2873=EDGE_LOOP('',(#600,#601,#602,#603));
#2874=EDGE_LOOP('',(#604,#605,#606,#607));
#2875=EDGE_LOOP('',(#608,#609,#610,#611));
#2876=EDGE_LOOP('',(#612,#613,#614,#615));
#2877=EDGE_LOOP('',(#616,#617,#618,#619));
#2878=EDGE_LOOP('',(#620,#621,#622,#623));
#2879=EDGE_LOOP('',(#624,#625,#626,#627));
#2880=EDGE_LOOP('',(#628,#629,#630,#631));
#2881=EDGE_LOOP('',(#632,#633,#634,#635));
#2882=EDGE_LOOP('',(#636,#637,#638,#639));
#2883=EDGE_LOOP('',(#640,#641,#642,#643,#644,#645,#646));
#2884=EDGE_LOOP('',(#647,#648,#649,#650));
#2885=EDGE_LOOP('',(#651,#652,#653,#654));
#2886=EDGE_LOOP('',(#655,#656,#657,#658));
#2887=EDGE_LOOP('',(#659,#660,#661,#662));
#2888=EDGE_LOOP('',(#663,#664,#665,#666));
#2889=EDGE_LOOP('',(#667,#668,#669,#670));
#2890=EDGE_LOOP('',(#671,#672,#673,#674));
#2891=EDGE_LOOP('',(#675,#676,#677,#678));
#2892=EDGE_LOOP('',(#679,#680,#681,#682));
#2893=EDGE_LOOP('',(#683,#684,#685,#686));
#2894=EDGE_LOOP('',(#687,#688,#689,#690));
#2895=EDGE_LOOP('',(#691,#692,#693,#694));
#2896=EDGE_LOOP('',(#695,#696,#697,#698));
#2897=EDGE_LOOP('',(#699,#700,#701,#702,#703,#704,#705));
#2898=EDGE_LOOP('',(#706,#707,#708,#709,#710,#711));
#2899=EDGE_LOOP('',(#712,#713,#714,#715,#716,#717));
#2900=EDGE_LOOP('',(#718,#719,#720,#721));
#2901=EDGE_LOOP('',(#722,#723,#724,#725));
#2902=EDGE_LOOP('',(#726,#727,#728,#729));
#2903=EDGE_LOOP('',(#730,#731,#732,#733));
#2904=EDGE_LOOP('',(#734,#735,#736,#737));
#2905=EDGE_LOOP('',(#738,#739,#740,#741));
#2906=EDGE_LOOP('',(#742,#743,#744,#745,#746,#747,#748,#749,#750,#751,#752,
#753,#754,#755,#756,#757,#758));
#2907=EDGE_LOOP('',(#759,#760,#761,#762));
#2908=EDGE_LOOP('',(#763,#764,#765,#766));
#2909=EDGE_LOOP('',(#767,#768,#769,#770));
#2910=EDGE_LOOP('',(#771,#772,#773,#774));
#2911=EDGE_LOOP('',(#775,#776,#777,#778));
#2912=EDGE_LOOP('',(#779,#780,#781,#782));
#2913=EDGE_LOOP('',(#783,#784,#785,#786));
#2914=EDGE_LOOP('',(#787,#788,#789,#790));
#2915=EDGE_LOOP('',(#791,#792,#793,#794));
#2916=EDGE_LOOP('',(#795,#796,#797,#798));
#2917=EDGE_LOOP('',(#799,#800,#801,#802));
#2918=EDGE_LOOP('',(#803,#804,#805,#806));
#2919=EDGE_LOOP('',(#807,#808,#809,#810));
#2920=EDGE_LOOP('',(#811,#812,#813,#814));
#2921=EDGE_LOOP('',(#815,#816,#817,#818));
#2922=EDGE_LOOP('',(#819,#820,#821,#822));
#2923=EDGE_LOOP('',(#823,#824,#825,#826));
#2924=EDGE_LOOP('',(#827,#828,#829,#830,#831,#832,#833,#834,#835,#836,#837,
#838,#839,#840));
#2925=EDGE_LOOP('',(#841,#842,#843,#844));
#2926=EDGE_LOOP('',(#845,#846,#847,#848));
#2927=EDGE_LOOP('',(#849,#850,#851,#852));
#2928=EDGE_LOOP('',(#853,#854,#855,#856));
#2929=EDGE_LOOP('',(#857,#858,#859,#860));
#2930=EDGE_LOOP('',(#861,#862,#863,#864));
#2931=EDGE_LOOP('',(#865,#866,#867,#868));
#2932=EDGE_LOOP('',(#869,#870,#871,#872));
#2933=EDGE_LOOP('',(#873,#874,#875,#876));
#2934=EDGE_LOOP('',(#877,#878,#879,#880));
#2935=EDGE_LOOP('',(#881,#882,#883,#884));
#2936=EDGE_LOOP('',(#885,#886,#887,#888));
#2937=EDGE_LOOP('',(#889,#890,#891,#892));
#2938=EDGE_LOOP('',(#893,#894,#895,#896));
#2939=EDGE_LOOP('',(#897,#898,#899,#900,#901,#902));
#2940=EDGE_LOOP('',(#903,#904,#905,#906));
#2941=EDGE_LOOP('',(#907,#908,#909,#910));
#2942=EDGE_LOOP('',(#911,#912,#913,#914));
#2943=EDGE_LOOP('',(#915,#916,#917,#918));
#2944=EDGE_LOOP('',(#919,#920,#921,#922));
#2945=EDGE_LOOP('',(#923,#924,#925,#926));
#2946=EDGE_LOOP('',(#927,#928,#929,#930,#931,#932,#933));
#2947=EDGE_LOOP('',(#934,#935,#936,#937));
#2948=EDGE_LOOP('',(#938,#939,#940,#941));
#2949=EDGE_LOOP('',(#942,#943,#944,#945));
#2950=EDGE_LOOP('',(#946,#947,#948,#949));
#2951=EDGE_LOOP('',(#950,#951,#952,#953));
#2952=EDGE_LOOP('',(#954,#955,#956,#957));
#2953=EDGE_LOOP('',(#958,#959,#960,#961));
#2954=EDGE_LOOP('',(#962));
#2955=EDGE_LOOP('',(#963));
#2956=EDGE_LOOP('',(#964));
#2957=EDGE_LOOP('',(#965));
#2958=EDGE_LOOP('',(#966));
#2959=EDGE_LOOP('',(#967));
#2960=EDGE_LOOP('',(#968,#969,#970,#971));
#2961=EDGE_LOOP('',(#972,#973,#974,#975));
#2962=EDGE_LOOP('',(#976,#977,#978,#979));
#2963=EDGE_LOOP('',(#980,#981,#982,#983));
#2964=EDGE_LOOP('',(#984,#985,#986,#987));
#2965=EDGE_LOOP('',(#988,#989,#990,#991,#992,#993,#994,#995,#996,#997,#998));
#2966=EDGE_LOOP('',(#999,#1000,#1001,#1002,#1003,#1004));
#2967=EDGE_LOOP('',(#1005,#1006,#1007,#1008,#1009,#1010));
#2968=EDGE_LOOP('',(#1011,#1012,#1013,#1014,#1015,#1016,#1017,#1018,#1019,
#1020,#1021,#1022,#1023,#1024,#1025,#1026,#1027));
#2969=EDGE_LOOP('',(#1028,#1029,#1030,#1031,#1032,#1033,#1034,#1035,#1036,
#1037,#1038,#1039,#1040,#1041));
#2970=EDGE_LOOP('',(#1042,#1043,#1044,#1045,#1046,#1047));
#2971=EDGE_LOOP('',(#1048,#1049,#1050,#1051,#1052,#1053,#1054));
#2972=EDGE_LOOP('',(#1055));
#2973=EDGE_LOOP('',(#1056,#1057,#1058,#1059));
#2974=EDGE_LOOP('',(#1060));
#2975=EDGE_LOOP('',(#1061));
#2976=EDGE_LOOP('',(#1062,#1063,#1064,#1065));
#2977=EDGE_LOOP('',(#1066,#1067,#1068,#1069));
#2978=EDGE_LOOP('',(#1070,#1071,#1072,#1073));
#2979=EDGE_LOOP('',(#1074,#1075,#1076,#1077));
#2980=EDGE_LOOP('',(#1078,#1079,#1080,#1081,#1082,#1083,#1084,#1085));
#2981=EDGE_LOOP('',(#1086));
#2982=EDGE_LOOP('',(#1087));
#2983=EDGE_LOOP('',(#1088));
#2984=EDGE_LOOP('',(#1089,#1090,#1091,#1092));
#2985=EDGE_LOOP('',(#1093));
#2986=EDGE_LOOP('',(#1094));
#2987=EDGE_LOOP('',(#1095));
#2988=EDGE_LOOP('',(#1096));
#2989=EDGE_LOOP('',(#1097));
#2990=EDGE_LOOP('',(#1098));
#2991=EDGE_LOOP('',(#1099));
#2992=EDGE_LOOP('',(#1100));
#2993=EDGE_LOOP('',(#1101));
#2994=EDGE_LOOP('',(#1102));
#2995=EDGE_LOOP('',(#1103));
#2996=EDGE_LOOP('',(#1104));
#2997=EDGE_LOOP('',(#1105));
#2998=EDGE_LOOP('',(#1106));
#2999=EDGE_LOOP('',(#1107));
#3000=EDGE_LOOP('',(#1108));
#3001=EDGE_LOOP('',(#1109));
#3002=EDGE_LOOP('',(#1110));
#3003=FACE_BOUND('',#2753,.T.);
#3004=FACE_BOUND('',#2754,.T.);
#3005=FACE_BOUND('',#2755,.T.);
#3006=FACE_BOUND('',#2756,.T.);
#3007=FACE_BOUND('',#2757,.T.);
#3008=FACE_BOUND('',#2758,.T.);
#3009=FACE_BOUND('',#2759,.T.);
#3010=FACE_BOUND('',#2760,.T.);
#3011=FACE_BOUND('',#2761,.T.);
#3012=FACE_BOUND('',#2762,.T.);
#3013=FACE_BOUND('',#2763,.T.);
#3014=FACE_BOUND('',#2764,.T.);
#3015=FACE_BOUND('',#2765,.T.);
#3016=FACE_BOUND('',#2766,.T.);
#3017=FACE_BOUND('',#2767,.T.);
#3018=FACE_BOUND('',#2768,.T.);
#3019=FACE_BOUND('',#2769,.T.);
#3020=FACE_BOUND('',#2770,.T.);
#3021=FACE_BOUND('',#2771,.T.);
#3022=FACE_BOUND('',#2772,.T.);
#3023=FACE_BOUND('',#2773,.T.);
#3024=FACE_BOUND('',#2774,.T.);
#3025=FACE_BOUND('',#2775,.T.);
#3026=FACE_BOUND('',#2776,.T.);
#3027=FACE_BOUND('',#2777,.T.);
#3028=FACE_BOUND('',#2778,.T.);
#3029=FACE_BOUND('',#2779,.T.);
#3030=FACE_BOUND('',#2780,.T.);
#3031=FACE_BOUND('',#2781,.T.);
#3032=FACE_BOUND('',#2782,.T.);
#3033=FACE_BOUND('',#2783,.T.);
#3034=FACE_BOUND('',#2784,.T.);
#3035=FACE_BOUND('',#2785,.T.);
#3036=FACE_BOUND('',#2786,.T.);
#3037=FACE_BOUND('',#2787,.T.);
#3038=FACE_BOUND('',#2788,.T.);
#3039=FACE_BOUND('',#2789,.T.);
#3040=FACE_BOUND('',#2790,.T.);
#3041=FACE_BOUND('',#2791,.T.);
#3042=FACE_BOUND('',#2792,.T.);
#3043=FACE_BOUND('',#2793,.T.);
#3044=FACE_BOUND('',#2794,.T.);
#3045=FACE_BOUND('',#2795,.T.);
#3046=FACE_BOUND('',#2796,.T.);
#3047=FACE_BOUND('',#2797,.T.);
#3048=FACE_BOUND('',#2798,.T.);
#3049=FACE_BOUND('',#2799,.T.);
#3050=FACE_BOUND('',#2800,.T.);
#3051=FACE_BOUND('',#2801,.T.);
#3052=FACE_BOUND('',#2802,.T.);
#3053=FACE_BOUND('',#2803,.T.);
#3054=FACE_BOUND('',#2804,.T.);
#3055=FACE_BOUND('',#2805,.T.);
#3056=FACE_BOUND('',#2806,.T.);
#3057=FACE_BOUND('',#2807,.T.);
#3058=FACE_BOUND('',#2808,.T.);
#3059=FACE_BOUND('',#2809,.T.);
#3060=FACE_BOUND('',#2810,.T.);
#3061=FACE_BOUND('',#2811,.T.);
#3062=FACE_BOUND('',#2812,.T.);
#3063=FACE_BOUND('',#2813,.T.);
#3064=FACE_BOUND('',#2814,.T.);
#3065=FACE_BOUND('',#2815,.T.);
#3066=FACE_BOUND('',#2816,.T.);
#3067=FACE_BOUND('',#2817,.T.);
#3068=FACE_BOUND('',#2818,.T.);
#3069=FACE_BOUND('',#2819,.T.);
#3070=FACE_BOUND('',#2820,.T.);
#3071=FACE_BOUND('',#2821,.T.);
#3072=FACE_BOUND('',#2822,.T.);
#3073=FACE_BOUND('',#2823,.T.);
#3074=FACE_BOUND('',#2824,.T.);
#3075=FACE_BOUND('',#2825,.T.);
#3076=FACE_BOUND('',#2826,.T.);
#3077=FACE_BOUND('',#2827,.T.);
#3078=FACE_BOUND('',#2828,.T.);
#3079=FACE_BOUND('',#2829,.T.);
#3080=FACE_BOUND('',#2830,.T.);
#3081=FACE_BOUND('',#2831,.T.);
#3082=FACE_BOUND('',#2832,.T.);
#3083=FACE_BOUND('',#2833,.T.);
#3084=FACE_BOUND('',#2834,.T.);
#3085=FACE_BOUND('',#2835,.T.);
#3086=FACE_BOUND('',#2836,.T.);
#3087=FACE_BOUND('',#2837,.T.);
#3088=FACE_BOUND('',#2838,.T.);
#3089=FACE_BOUND('',#2839,.T.);
#3090=FACE_BOUND('',#2840,.T.);
#3091=FACE_BOUND('',#2841,.T.);
#3092=FACE_BOUND('',#2842,.T.);
#3093=FACE_BOUND('',#2843,.T.);
#3094=FACE_BOUND('',#2844,.T.);
#3095=FACE_BOUND('',#2845,.T.);
#3096=FACE_BOUND('',#2846,.T.);
#3097=FACE_BOUND('',#2847,.T.);
#3098=FACE_BOUND('',#2848,.T.);
#3099=FACE_BOUND('',#2849,.T.);
#3100=FACE_BOUND('',#2850,.T.);
#3101=FACE_BOUND('',#2851,.T.);
#3102=FACE_BOUND('',#2852,.T.);
#3103=FACE_BOUND('',#2853,.T.);
#3104=FACE_BOUND('',#2854,.T.);
#3105=FACE_BOUND('',#2855,.T.);
#3106=FACE_BOUND('',#2856,.T.);
#3107=FACE_BOUND('',#2857,.T.);
#3108=FACE_BOUND('',#2858,.T.);
#3109=FACE_BOUND('',#2859,.T.);
#3110=FACE_BOUND('',#2860,.T.);
#3111=FACE_BOUND('',#2861,.T.);
#3112=FACE_BOUND('',#2862,.T.);
#3113=FACE_BOUND('',#2863,.T.);
#3114=FACE_BOUND('',#2864,.T.);
#3115=FACE_BOUND('',#2865,.T.);
#3116=FACE_BOUND('',#2866,.T.);
#3117=FACE_BOUND('',#2867,.T.);
#3118=FACE_BOUND('',#2868,.T.);
#3119=FACE_BOUND('',#2869,.T.);
#3120=FACE_BOUND('',#2870,.T.);
#3121=FACE_BOUND('',#2871,.T.);
#3122=FACE_BOUND('',#2872,.T.);
#3123=FACE_BOUND('',#2873,.T.);
#3124=FACE_BOUND('',#2874,.T.);
#3125=FACE_BOUND('',#2875,.T.);
#3126=FACE_BOUND('',#2876,.T.);
#3127=FACE_BOUND('',#2877,.T.);
#3128=FACE_BOUND('',#2878,.T.);
#3129=FACE_BOUND('',#2879,.T.);
#3130=FACE_BOUND('',#2880,.T.);
#3131=FACE_BOUND('',#2881,.T.);
#3132=FACE_BOUND('',#2882,.T.);
#3133=FACE_BOUND('',#2883,.T.);
#3134=FACE_BOUND('',#2884,.T.);
#3135=FACE_BOUND('',#2885,.T.);
#3136=FACE_BOUND('',#2886,.T.);
#3137=FACE_BOUND('',#2887,.T.);
#3138=FACE_BOUND('',#2888,.T.);
#3139=FACE_BOUND('',#2889,.T.);
#3140=FACE_BOUND('',#2890,.T.);
#3141=FACE_BOUND('',#2891,.T.);
#3142=FACE_BOUND('',#2892,.T.);
#3143=FACE_BOUND('',#2893,.T.);
#3144=FACE_BOUND('',#2894,.T.);
#3145=FACE_BOUND('',#2895,.T.);
#3146=FACE_BOUND('',#2896,.T.);
#3147=FACE_BOUND('',#2897,.T.);
#3148=FACE_BOUND('',#2898,.T.);
#3149=FACE_BOUND('',#2899,.T.);
#3150=FACE_BOUND('',#2900,.T.);
#3151=FACE_BOUND('',#2901,.T.);
#3152=FACE_BOUND('',#2902,.T.);
#3153=FACE_BOUND('',#2903,.T.);
#3154=FACE_BOUND('',#2904,.T.);
#3155=FACE_BOUND('',#2905,.T.);
#3156=FACE_BOUND('',#2906,.T.);
#3157=FACE_BOUND('',#2907,.T.);
#3158=FACE_BOUND('',#2908,.T.);
#3159=FACE_BOUND('',#2909,.T.);
#3160=FACE_BOUND('',#2910,.T.);
#3161=FACE_BOUND('',#2911,.T.);
#3162=FACE_BOUND('',#2912,.T.);
#3163=FACE_BOUND('',#2913,.T.);
#3164=FACE_BOUND('',#2914,.T.);
#3165=FACE_BOUND('',#2915,.T.);
#3166=FACE_BOUND('',#2916,.T.);
#3167=FACE_BOUND('',#2917,.T.);
#3168=FACE_BOUND('',#2918,.T.);
#3169=FACE_BOUND('',#2919,.T.);
#3170=FACE_BOUND('',#2920,.T.);
#3171=FACE_BOUND('',#2921,.T.);
#3172=FACE_BOUND('',#2922,.T.);
#3173=FACE_BOUND('',#2923,.T.);
#3174=FACE_BOUND('',#2924,.T.);
#3175=FACE_BOUND('',#2925,.T.);
#3176=FACE_BOUND('',#2926,.T.);
#3177=FACE_BOUND('',#2927,.T.);
#3178=FACE_BOUND('',#2928,.T.);
#3179=FACE_BOUND('',#2929,.T.);
#3180=FACE_BOUND('',#2930,.T.);
#3181=FACE_BOUND('',#2931,.T.);
#3182=FACE_BOUND('',#2932,.T.);
#3183=FACE_BOUND('',#2933,.T.);
#3184=FACE_BOUND('',#2934,.T.);
#3185=FACE_BOUND('',#2935,.T.);
#3186=FACE_BOUND('',#2936,.T.);
#3187=FACE_BOUND('',#2937,.T.);
#3188=FACE_BOUND('',#2938,.T.);
#3189=FACE_BOUND('',#2939,.T.);
#3190=FACE_BOUND('',#2940,.T.);
#3191=FACE_BOUND('',#2941,.T.);
#3192=FACE_BOUND('',#2942,.T.);
#3193=FACE_BOUND('',#2943,.T.);
#3194=FACE_BOUND('',#2944,.T.);
#3195=FACE_BOUND('',#2945,.T.);
#3196=FACE_BOUND('',#2946,.T.);
#3197=FACE_BOUND('',#2947,.T.);
#3198=FACE_BOUND('',#2948,.T.);
#3199=FACE_BOUND('',#2949,.T.);
#3200=FACE_BOUND('',#2950,.T.);
#3201=FACE_BOUND('',#2951,.T.);
#3202=FACE_BOUND('',#2952,.T.);
#3203=FACE_BOUND('',#2953,.T.);
#3204=FACE_BOUND('',#2954,.T.);
#3205=FACE_BOUND('',#2955,.T.);
#3206=FACE_BOUND('',#2956,.T.);
#3207=FACE_BOUND('',#2957,.T.);
#3208=FACE_BOUND('',#2958,.T.);
#3209=FACE_BOUND('',#2959,.T.);
#3210=FACE_BOUND('',#2960,.T.);
#3211=FACE_BOUND('',#2961,.T.);
#3212=FACE_BOUND('',#2962,.T.);
#3213=FACE_BOUND('',#2963,.T.);
#3214=FACE_BOUND('',#2964,.T.);
#3215=FACE_BOUND('',#2965,.T.);
#3216=FACE_BOUND('',#2966,.T.);
#3217=FACE_BOUND('',#2967,.T.);
#3218=FACE_BOUND('',#2968,.T.);
#3219=FACE_BOUND('',#2969,.T.);
#3220=FACE_BOUND('',#2970,.T.);
#3221=FACE_BOUND('',#2971,.T.);
#3222=FACE_BOUND('',#2972,.T.);
#3223=FACE_BOUND('',#2973,.T.);
#3224=FACE_BOUND('',#2974,.T.);
#3225=FACE_BOUND('',#2975,.T.);
#3226=FACE_BOUND('',#2976,.T.);
#3227=FACE_BOUND('',#2977,.T.);
#3228=FACE_BOUND('',#2978,.T.);
#3229=FACE_BOUND('',#2979,.T.);
#3230=FACE_BOUND('',#2980,.T.);
#3231=FACE_BOUND('',#2981,.T.);
#3232=FACE_BOUND('',#2982,.T.);
#3233=FACE_BOUND('',#2983,.T.);
#3234=FACE_BOUND('',#2984,.T.);
#3235=FACE_BOUND('',#2985,.T.);
#3236=FACE_BOUND('',#2986,.T.);
#3237=FACE_BOUND('',#2987,.T.);
#3238=FACE_BOUND('',#2988,.T.);
#3239=FACE_BOUND('',#2989,.T.);
#3240=FACE_BOUND('',#2990,.T.);
#3241=FACE_BOUND('',#2991,.T.);
#3242=FACE_BOUND('',#2992,.T.);
#3243=FACE_BOUND('',#2993,.T.);
#3244=FACE_BOUND('',#2994,.T.);
#3245=FACE_BOUND('',#2995,.T.);
#3246=FACE_BOUND('',#2996,.T.);
#3247=FACE_BOUND('',#2997,.T.);
#3248=FACE_BOUND('',#2998,.T.);
#3249=FACE_BOUND('',#2999,.T.);
#3250=FACE_BOUND('',#3000,.T.);
#3251=FACE_BOUND('',#3001,.T.);
#3252=FACE_BOUND('',#3002,.T.);
#3253=PLANE('',#3903);
#3254=PLANE('',#3904);
#3255=PLANE('',#3905);
#3256=PLANE('',#3906);
#3257=PLANE('',#3907);
#3258=PLANE('',#3908);
#3259=PLANE('',#3909);
#3260=PLANE('',#3910);
#3261=PLANE('',#3911);
#3262=PLANE('',#3912);
#3263=PLANE('',#3913);
#3264=PLANE('',#3914);
#3265=PLANE('',#3915);
#3266=PLANE('',#3916);
#3267=PLANE('',#3917);
#3268=PLANE('',#3918);
#3269=PLANE('',#3919);
#3270=PLANE('',#3920);
#3271=PLANE('',#3921);
#3272=PLANE('',#3922);
#3273=PLANE('',#3923);
#3274=PLANE('',#3924);
#3275=PLANE('',#3925);
#3276=PLANE('',#3926);
#3277=PLANE('',#3927);
#3278=PLANE('',#3928);
#3279=PLANE('',#3929);
#3280=PLANE('',#3930);
#3281=PLANE('',#3931);
#3282=PLANE('',#3932);
#3283=PLANE('',#3933);
#3284=PLANE('',#3934);
#3285=PLANE('',#3935);
#3286=PLANE('',#3936);
#3287=PLANE('',#3937);
#3288=PLANE('',#3938);
#3289=PLANE('',#3939);
#3290=PLANE('',#3940);
#3291=PLANE('',#3941);
#3292=PLANE('',#3942);
#3293=PLANE('',#3943);
#3294=PLANE('',#3944);
#3295=PLANE('',#3945);
#3296=PLANE('',#3946);
#3297=PLANE('',#3947);
#3298=PLANE('',#3948);
#3299=PLANE('',#3949);
#3300=PLANE('',#3950);
#3301=PLANE('',#3951);
#3302=PLANE('',#3952);
#3303=PLANE('',#3953);
#3304=PLANE('',#3954);
#3305=PLANE('',#3955);
#3306=PLANE('',#3956);
#3307=PLANE('',#3957);
#3308=PLANE('',#3958);
#3309=PLANE('',#3959);
#3310=PLANE('',#3960);
#3311=PLANE('',#3961);
#3312=PLANE('',#3962);
#3313=PLANE('',#3963);
#3314=PLANE('',#3964);
#3315=PLANE('',#3965);
#3316=PLANE('',#3966);
#3317=PLANE('',#3967);
#3318=PLANE('',#3968);
#3319=PLANE('',#3969);
#3320=PLANE('',#3970);
#3321=PLANE('',#3971);
#3322=PLANE('',#3972);
#3323=PLANE('',#3973);
#3324=PLANE('',#3974);
#3325=PLANE('',#3975);
#3326=PLANE('',#3976);
#3327=PLANE('',#3977);
#3328=PLANE('',#3978);
#3329=PLANE('',#3979);
#3330=PLANE('',#3980);
#3331=PLANE('',#3981);
#3332=PLANE('',#3982);
#3333=PLANE('',#3983);
#3334=PLANE('',#3984);
#3335=PLANE('',#3985);
#3336=PLANE('',#3986);
#3337=PLANE('',#3987);
#3338=PLANE('',#3988);
#3339=PLANE('',#3989);
#3340=PLANE('',#3990);
#3341=PLANE('',#3991);
#3342=PLANE('',#3992);
#3343=PLANE('',#3993);
#3344=PLANE('',#3994);
#3345=PLANE('',#3995);
#3346=PLANE('',#3996);
#3347=PLANE('',#3997);
#3348=PLANE('',#3998);
#3349=PLANE('',#3999);
#3350=PLANE('',#4000);
#3351=PLANE('',#4003);
#3352=PLANE('',#4006);
#3353=PLANE('',#4009);
#3354=PLANE('',#4010);
#3355=PLANE('',#4011);
#3356=PLANE('',#4012);
#3357=PLANE('',#4013);
#3358=PLANE('',#4014);
#3359=PLANE('',#4015);
#3360=PLANE('',#4016);
#3361=PLANE('',#4017);
#3362=PLANE('',#4018);
#3363=PLANE('',#4019);
#3364=PLANE('',#4020);
#3365=PLANE('',#4021);
#3366=PLANE('',#4022);
#3367=PLANE('',#4023);
#3368=PLANE('',#4024);
#3369=PLANE('',#4025);
#3370=PLANE('',#4026);
#3371=PLANE('',#4027);
#3372=PLANE('',#4028);
#3373=PLANE('',#4029);
#3374=PLANE('',#4030);
#3375=PLANE('',#4031);
#3376=PLANE('',#4032);
#3377=PLANE('',#4033);
#3378=PLANE('',#4034);
#3379=PLANE('',#4035);
#3380=PLANE('',#4036);
#3381=PLANE('',#4037);
#3382=PLANE('',#4038);
#3383=PLANE('',#4039);
#3384=PLANE('',#4040);
#3385=PLANE('',#4041);
#3386=PLANE('',#4042);
#3387=PLANE('',#4043);
#3388=PLANE('',#4044);
#3389=PLANE('',#4045);
#3390=PLANE('',#4046);
#3391=PLANE('',#4047);
#3392=PLANE('',#4048);
#3393=PLANE('',#4049);
#3394=PLANE('',#4050);
#3395=PLANE('',#4051);
#3396=PLANE('',#4052);
#3397=PLANE('',#4053);
#3398=PLANE('',#4054);
#3399=PLANE('',#4055);
#3400=PLANE('',#4056);
#3401=PLANE('',#4057);
#3402=PLANE('',#4058);
#3403=PLANE('',#4059);
#3404=PLANE('',#4060);
#3405=PLANE('',#4061);
#3406=PLANE('',#4062);
#3407=PLANE('',#4063);
#3408=PLANE('',#4064);
#3409=PLANE('',#4065);
#3410=PLANE('',#4066);
#3411=PLANE('',#4067);
#3412=PLANE('',#4068);
#3413=PLANE('',#4069);
#3414=PLANE('',#4070);
#3415=PLANE('',#4071);
#3416=PLANE('',#4072);
#3417=PLANE('',#4075);
#3418=PLANE('',#4078);
#3419=PLANE('',#4081);
#3420=PLANE('',#4082);
#3421=PLANE('',#4083);
#3422=PLANE('',#4084);
#3423=PLANE('',#4085);
#3424=PLANE('',#4089);
#3425=OVER_RIDING_STYLED_ITEM('',(#3674),#3461,#3672);
#3426=OVER_RIDING_STYLED_ITEM('',(#3675),#3462,#3672);
#3427=OVER_RIDING_STYLED_ITEM('',(#3676),#3463,#3672);
#3428=OVER_RIDING_STYLED_ITEM('',(#3677),#3464,#3672);
#3429=OVER_RIDING_STYLED_ITEM('',(#3678),#3553,#3672);
#3430=OVER_RIDING_STYLED_ITEM('',(#3679),#3554,#3672);
#3431=OVER_RIDING_STYLED_ITEM('',(#3680),#3555,#3672);
#3432=OVER_RIDING_STYLED_ITEM('',(#3681),#3556,#3672);
#3433=OVER_RIDING_STYLED_ITEM('',(#3682),#3557,#3672);
#3434=OVER_RIDING_STYLED_ITEM('',(#3683),#3558,#3672);
#3435=OVER_RIDING_STYLED_ITEM('',(#3684),#3559,#3672);
#3436=OVER_RIDING_STYLED_ITEM('',(#3685),#3560,#3672);
#3437=OVER_RIDING_STYLED_ITEM('',(#3686),#3561,#3672);
#3438=OVER_RIDING_STYLED_ITEM('',(#3687),#3562,#3672);
#3439=OVER_RIDING_STYLED_ITEM('',(#3688),#3563,#3672);
#3440=OVER_RIDING_STYLED_ITEM('',(#3689),#3564,#3672);
#3441=OVER_RIDING_STYLED_ITEM('',(#3690),#3565,#3672);
#3442=OVER_RIDING_STYLED_ITEM('',(#3691),#3583,#3672);
#3443=OVER_RIDING_STYLED_ITEM('',(#3692),#3653,#3672);
#3444=OVER_RIDING_STYLED_ITEM('',(#3693),#3654,#3672);
#3445=OVER_RIDING_STYLED_ITEM('',(#3694),#3655,#3672);
#3446=OVER_RIDING_STYLED_ITEM('',(#3695),#3656,#3672);
#3447=OVER_RIDING_STYLED_ITEM('',(#3696),#3657,#3672);
#3448=OVER_RIDING_STYLED_ITEM('',(#3697),#3658,#3672);
#3449=OVER_RIDING_STYLED_ITEM('',(#3698),#3659,#3672);
#3450=OVER_RIDING_STYLED_ITEM('',(#3699),#3660,#3672);
#3451=OVER_RIDING_STYLED_ITEM('',(#3700),#3661,#3672);
#3452=OVER_RIDING_STYLED_ITEM('',(#3701),#3662,#3672);
#3453=OVER_RIDING_STYLED_ITEM('',(#3702),#3663,#3672);
#3454=OVER_RIDING_STYLED_ITEM('',(#3703),#3664,#3672);
#3455=OVER_RIDING_STYLED_ITEM('',(#3704),#3665,#3672);
#3456=OVER_RIDING_STYLED_ITEM('',(#3705),#3666,#3672);
#3457=OVER_RIDING_STYLED_ITEM('',(#3706),#3667,#3672);
#3458=OVER_RIDING_STYLED_ITEM('',(#3707),#3668,#3672);
#3459=OVER_RIDING_STYLED_ITEM('',(#3708),#3669,#3672);
#3460=OVER_RIDING_STYLED_ITEM('',(#3709),#3670,#3672);
#3461=ADVANCED_FACE('',(#3003),#3253,.F.);
#3462=ADVANCED_FACE('',(#3004),#3254,.F.);
#3463=ADVANCED_FACE('',(#3005),#3255,.F.);
#3464=ADVANCED_FACE('',(#3006),#3256,.F.);
#3465=ADVANCED_FACE('',(#3007),#3257,.T.);
#3466=ADVANCED_FACE('',(#3008),#3258,.T.);
#3467=ADVANCED_FACE('',(#3009),#3259,.T.);
#3468=ADVANCED_FACE('',(#3010),#3260,.T.);
#3469=ADVANCED_FACE('',(#3011),#3261,.T.);
#3470=ADVANCED_FACE('',(#3012),#3262,.T.);
#3471=ADVANCED_FACE('',(#3013),#3263,.T.);
#3472=ADVANCED_FACE('',(#3014),#3264,.T.);
#3473=ADVANCED_FACE('',(#3015),#3265,.T.);
#3474=ADVANCED_FACE('',(#3016),#3266,.T.);
#3475=ADVANCED_FACE('',(#3017),#3267,.T.);
#3476=ADVANCED_FACE('',(#3018),#3268,.T.);
#3477=ADVANCED_FACE('',(#3019),#3269,.T.);
#3478=ADVANCED_FACE('',(#3020),#3270,.T.);
#3479=ADVANCED_FACE('',(#3021),#3271,.T.);
#3480=ADVANCED_FACE('',(#3022),#3272,.T.);
#3481=ADVANCED_FACE('',(#3023),#3273,.T.);
#3482=ADVANCED_FACE('',(#3024),#3274,.T.);
#3483=ADVANCED_FACE('',(#3025),#3275,.T.);
#3484=ADVANCED_FACE('',(#3026),#3276,.T.);
#3485=ADVANCED_FACE('',(#3027),#3277,.T.);
#3486=ADVANCED_FACE('',(#3028),#3278,.T.);
#3487=ADVANCED_FACE('',(#3029),#3279,.T.);
#3488=ADVANCED_FACE('',(#3030),#3280,.T.);
#3489=ADVANCED_FACE('',(#3031),#3281,.T.);
#3490=ADVANCED_FACE('',(#3032),#3282,.T.);
#3491=ADVANCED_FACE('',(#3033),#3283,.T.);
#3492=ADVANCED_FACE('',(#3034),#3284,.T.);
#3493=ADVANCED_FACE('',(#3035),#3285,.T.);
#3494=ADVANCED_FACE('',(#3036),#3286,.T.);
#3495=ADVANCED_FACE('',(#3037),#3287,.T.);
#3496=ADVANCED_FACE('',(#3038),#3288,.T.);
#3497=ADVANCED_FACE('',(#3039),#3289,.F.);
#3498=ADVANCED_FACE('',(#3040),#3290,.F.);
#3499=ADVANCED_FACE('',(#3041),#3291,.F.);
#3500=ADVANCED_FACE('',(#3042),#3292,.F.);
#3501=ADVANCED_FACE('',(#3043),#3293,.F.);
#3502=ADVANCED_FACE('',(#3044),#3294,.F.);
#3503=ADVANCED_FACE('',(#3045),#3295,.F.);
#3504=ADVANCED_FACE('',(#3046),#3296,.F.);
#3505=ADVANCED_FACE('',(#3047),#3297,.F.);
#3506=ADVANCED_FACE('',(#3048),#3298,.F.);
#3507=ADVANCED_FACE('',(#3049),#3299,.F.);
#3508=ADVANCED_FACE('',(#3050),#3300,.F.);
#3509=ADVANCED_FACE('',(#3051),#3301,.F.);
#3510=ADVANCED_FACE('',(#3052),#3302,.F.);
#3511=ADVANCED_FACE('',(#3053),#3303,.F.);
#3512=ADVANCED_FACE('',(#3054),#3304,.F.);
#3513=ADVANCED_FACE('',(#3055),#3305,.T.);
#3514=ADVANCED_FACE('',(#3056),#3306,.T.);
#3515=ADVANCED_FACE('',(#3057),#3307,.T.);
#3516=ADVANCED_FACE('',(#3058),#3308,.T.);
#3517=ADVANCED_FACE('',(#3059),#3309,.T.);
#3518=ADVANCED_FACE('',(#3060),#3310,.T.);
#3519=ADVANCED_FACE('',(#3061),#3311,.T.);
#3520=ADVANCED_FACE('',(#3062),#3312,.T.);
#3521=ADVANCED_FACE('',(#3063),#3313,.T.);
#3522=ADVANCED_FACE('',(#3064),#3314,.F.);
#3523=ADVANCED_FACE('',(#3065),#3315,.T.);
#3524=ADVANCED_FACE('',(#3066),#3316,.T.);
#3525=ADVANCED_FACE('',(#3067),#3317,.T.);
#3526=ADVANCED_FACE('',(#3068),#3318,.T.);
#3527=ADVANCED_FACE('',(#3069),#3319,.T.);
#3528=ADVANCED_FACE('',(#3070),#3320,.T.);
#3529=ADVANCED_FACE('',(#3071),#3321,.T.);
#3530=ADVANCED_FACE('',(#3072),#3322,.T.);
#3531=ADVANCED_FACE('',(#3073),#3323,.T.);
#3532=ADVANCED_FACE('',(#3074),#3324,.F.);
#3533=ADVANCED_FACE('',(#3075),#3325,.T.);
#3534=ADVANCED_FACE('',(#3076),#3326,.T.);
#3535=ADVANCED_FACE('',(#3077),#3327,.T.);
#3536=ADVANCED_FACE('',(#3078),#3328,.T.);
#3537=ADVANCED_FACE('',(#3079),#3329,.T.);
#3538=ADVANCED_FACE('',(#3080),#3330,.T.);
#3539=ADVANCED_FACE('',(#3081),#3331,.T.);
#3540=ADVANCED_FACE('',(#3082),#3332,.T.);
#3541=ADVANCED_FACE('',(#3083),#3333,.T.);
#3542=ADVANCED_FACE('',(#3084),#3334,.F.);
#3543=ADVANCED_FACE('',(#3085),#3335,.T.);
#3544=ADVANCED_FACE('',(#3086),#3336,.T.);
#3545=ADVANCED_FACE('',(#3087),#3337,.T.);
#3546=ADVANCED_FACE('',(#3088),#3338,.F.);
#3547=ADVANCED_FACE('',(#3089),#3339,.T.);
#3548=ADVANCED_FACE('',(#3090),#3340,.T.);
#3549=ADVANCED_FACE('',(#3091),#3341,.F.);
#3550=ADVANCED_FACE('',(#3092),#3342,.T.);
#3551=ADVANCED_FACE('',(#3093),#3343,.T.);
#3552=ADVANCED_FACE('',(#3094),#3344,.F.);
#3553=ADVANCED_FACE('',(#3095,#3096,#3097,#3098,#3099),#3345,.F.);
#3554=ADVANCED_FACE('',(#3100),#3346,.F.);
#3555=ADVANCED_FACE('',(#3101),#3347,.F.);
#3556=ADVANCED_FACE('',(#3102),#3348,.F.);
#3557=ADVANCED_FACE('',(#3103),#3349,.F.);
#3558=ADVANCED_FACE('',(#3104,#3105),#3350,.T.);
#3559=ADVANCED_FACE('',(#3106,#3107),#3351,.T.);
#3560=ADVANCED_FACE('',(#3108,#3109),#3352,.T.);
#3561=ADVANCED_FACE('',(#3110),#3353,.F.);
#3562=ADVANCED_FACE('',(#3111),#3354,.F.);
#3563=ADVANCED_FACE('',(#3112),#3355,.F.);
#3564=ADVANCED_FACE('',(#3113),#3356,.F.);
#3565=ADVANCED_FACE('',(#3114),#3357,.T.);
#3566=ADVANCED_FACE('',(#3115),#3358,.F.);
#3567=ADVANCED_FACE('',(#3116),#3359,.F.);
#3568=ADVANCED_FACE('',(#3117),#3360,.F.);
#3569=ADVANCED_FACE('',(#3118),#3361,.F.);
#3570=ADVANCED_FACE('',(#3119,#3120),#3362,.T.);
#3571=ADVANCED_FACE('',(#3121),#3363,.T.);
#3572=ADVANCED_FACE('',(#3122),#3364,.T.);
#3573=ADVANCED_FACE('',(#3123),#3365,.T.);
#3574=ADVANCED_FACE('',(#3124),#3366,.T.);
#3575=ADVANCED_FACE('',(#3125),#3367,.T.);
#3576=ADVANCED_FACE('',(#3126),#3368,.T.);
#3577=ADVANCED_FACE('',(#3127),#3369,.T.);
#3578=ADVANCED_FACE('',(#3128),#3370,.T.);
#3579=ADVANCED_FACE('',(#3129),#3371,.T.);
#3580=ADVANCED_FACE('',(#3130),#3372,.T.);
#3581=ADVANCED_FACE('',(#3131),#3373,.T.);
#3582=ADVANCED_FACE('',(#3132),#3374,.T.);
#3583=ADVANCED_FACE('',(#3133),#3375,.T.);
#3584=ADVANCED_FACE('',(#3134),#3376,.T.);
#3585=ADVANCED_FACE('',(#3135),#21,.T.);
#3586=ADVANCED_FACE('',(#3136),#22,.T.);
#3587=ADVANCED_FACE('',(#3137),#23,.T.);
#3588=ADVANCED_FACE('',(#3138),#24,.T.);
#3589=ADVANCED_FACE('',(#3139),#3377,.T.);
#3590=ADVANCED_FACE('',(#3140),#3378,.T.);
#3591=ADVANCED_FACE('',(#3141),#3379,.T.);
#3592=ADVANCED_FACE('',(#3142),#3380,.T.);
#3593=ADVANCED_FACE('',(#3143),#25,.T.);
#3594=ADVANCED_FACE('',(#3144),#26,.T.);
#3595=ADVANCED_FACE('',(#3145),#27,.T.);
#3596=ADVANCED_FACE('',(#3146),#3381,.T.);
#3597=ADVANCED_FACE('',(#3147,#3148),#3382,.T.);
#3598=ADVANCED_FACE('',(#3149),#3383,.T.);
#3599=ADVANCED_FACE('',(#3150),#3384,.T.);
#3600=ADVANCED_FACE('',(#3151),#3385,.T.);
#3601=ADVANCED_FACE('',(#3152),#3386,.T.);
#3602=ADVANCED_FACE('',(#3153),#3387,.T.);
#3603=ADVANCED_FACE('',(#3154),#3388,.T.);
#3604=ADVANCED_FACE('',(#3155),#3389,.T.);
#3605=ADVANCED_FACE('',(#3156),#3390,.T.);
#3606=ADVANCED_FACE('',(#3157),#3391,.T.);
#3607=ADVANCED_FACE('',(#3158),#28,.T.);
#3608=ADVANCED_FACE('',(#3159),#29,.T.);
#3609=ADVANCED_FACE('',(#3160),#30,.T.);
#3610=ADVANCED_FACE('',(#3161),#31,.T.);
#3611=ADVANCED_FACE('',(#3162),#32,.T.);
#3612=ADVANCED_FACE('',(#3163),#33,.T.);
#3613=ADVANCED_FACE('',(#3164),#34,.T.);
#3614=ADVANCED_FACE('',(#3165),#3392,.T.);
#3615=ADVANCED_FACE('',(#3166),#35,.T.);
#3616=ADVANCED_FACE('',(#3167),#36,.T.);
#3617=ADVANCED_FACE('',(#3168),#37,.T.);
#3618=ADVANCED_FACE('',(#3169),#38,.T.);
#3619=ADVANCED_FACE('',(#3170),#3393,.T.);
#3620=ADVANCED_FACE('',(#3171),#39,.T.);
#3621=ADVANCED_FACE('',(#3172),#40,.T.);
#3622=ADVANCED_FACE('',(#3173),#41,.T.);
#3623=ADVANCED_FACE('',(#3174),#3394,.T.);
#3624=ADVANCED_FACE('',(#3175),#3395,.T.);
#3625=ADVANCED_FACE('',(#3176),#3396,.T.);
#3626=ADVANCED_FACE('',(#3177),#3397,.T.);
#3627=ADVANCED_FACE('',(#3178),#42,.T.);
#3628=ADVANCED_FACE('',(#3179),#43,.T.);
#3629=ADVANCED_FACE('',(#3180),#44,.T.);
#3630=ADVANCED_FACE('',(#3181),#45,.T.);
#3631=ADVANCED_FACE('',(#3182),#3398,.T.);
#3632=ADVANCED_FACE('',(#3183),#46,.T.);
#3633=ADVANCED_FACE('',(#3184),#47,.T.);
#3634=ADVANCED_FACE('',(#3185),#48,.T.);
#3635=ADVANCED_FACE('',(#3186),#49,.T.);
#3636=ADVANCED_FACE('',(#3187),#3399,.T.);
#3637=ADVANCED_FACE('',(#3188),#3400,.T.);
#3638=ADVANCED_FACE('',(#3189),#3401,.T.);
#3639=ADVANCED_FACE('',(#3190),#3402,.T.);
#3640=ADVANCED_FACE('',(#3191),#3403,.T.);
#3641=ADVANCED_FACE('',(#3192),#3404,.T.);
#3642=ADVANCED_FACE('',(#3193),#3405,.T.);
#3643=ADVANCED_FACE('',(#3194),#3406,.T.);
#3644=ADVANCED_FACE('',(#3195),#3407,.T.);
#3645=ADVANCED_FACE('',(#3196),#3408,.T.);
#3646=ADVANCED_FACE('',(#3197),#3409,.T.);
#3647=ADVANCED_FACE('',(#3198),#3410,.T.);
#3648=ADVANCED_FACE('',(#3199),#3411,.T.);
#3649=ADVANCED_FACE('',(#3200),#3412,.T.);
#3650=ADVANCED_FACE('',(#3201),#3413,.T.);
#3651=ADVANCED_FACE('',(#3202),#3414,.T.);
#3652=ADVANCED_FACE('',(#3203),#3415,.T.);
#3653=ADVANCED_FACE('',(#3204,#3205),#3416,.T.);
#3654=ADVANCED_FACE('',(#3206,#3207),#3417,.T.);
#3655=ADVANCED_FACE('',(#3208,#3209),#3418,.T.);
#3656=ADVANCED_FACE('',(#3210),#3419,.F.);
#3657=ADVANCED_FACE('',(#3211),#3420,.F.);
#3658=ADVANCED_FACE('',(#3212),#3421,.F.);
#3659=ADVANCED_FACE('',(#3213),#3422,.F.);
#3660=ADVANCED_FACE('',(#3214,#3215,#3216,#3217,#3218,#3219,#3220,#3221,
#3222,#3223,#3224,#3225,#3226,#3227,#3228,#3229),#3423,.T.);
#3661=ADVANCED_FACE('',(#3230,#3231,#3232,#3233,#3234),#3424,.F.);
#3662=ADVANCED_FACE('',(#3235,#3236),#12,.F.);
#3663=ADVANCED_FACE('',(#3237,#3238),#13,.F.);
#3664=ADVANCED_FACE('',(#3239,#3240),#14,.F.);
#3665=ADVANCED_FACE('',(#3241,#3242),#15,.T.);
#3666=ADVANCED_FACE('',(#3243,#3244),#16,.T.);
#3667=ADVANCED_FACE('',(#3245,#3246),#17,.T.);
#3668=ADVANCED_FACE('',(#3247,#3248),#18,.T.);
#3669=ADVANCED_FACE('',(#3249,#3250),#19,.T.);
#3670=ADVANCED_FACE('',(#3251,#3252),#20,.T.);
#3671=CLOSED_SHELL('',(#3461,#3462,#3463,#3464,#3465,#3466,#3467,#3468,
#3469,#3470,#3471,#3472,#3473,#3474,#3475,#3476,#3477,#3478,#3479,#3480,
#3481,#3482,#3483,#3484,#3485,#3486,#3487,#3488,#3489,#3490,#3491,#3492,
#3493,#3494,#3495,#3496,#3497,#3498,#3499,#3500,#3501,#3502,#3503,#3504,
#3505,#3506,#3507,#3508,#3509,#3510,#3511,#3512,#3513,#3514,#3515,#3516,
#3517,#3518,#3519,#3520,#3521,#3522,#3523,#3524,#3525,#3526,#3527,#3528,
#3529,#3530,#3531,#3532,#3533,#3534,#3535,#3536,#3537,#3538,#3539,#3540,
#3541,#3542,#3543,#3544,#3545,#3546,#3547,#3548,#3549,#3550,#3551,#3552,
#3553,#3554,#3555,#3556,#3557,#3558,#3559,#3560,#3561,#3562,#3563,#3564,
#3565,#3566,#3567,#3568,#3569,#3570,#3571,#3572,#3573,#3574,#3575,#3576,
#3577,#3578,#3579,#3580,#3581,#3582,#3583,#3584,#3585,#3586,#3587,#3588,
#3589,#3590,#3591,#3592,#3593,#3594,#3595,#3596,#3597,#3598,#3599,#3600,
#3601,#3602,#3603,#3604,#3605,#3606,#3607,#3608,#3609,#3610,#3611,#3612,
#3613,#3614,#3615,#3616,#3617,#3618,#3619,#3620,#3621,#3622,#3623,#3624,
#3625,#3626,#3627,#3628,#3629,#3630,#3631,#3632,#3633,#3634,#3635,#3636,
#3637,#3638,#3639,#3640,#3641,#3642,#3643,#3644,#3645,#3646,#3647,#3648,
#3649,#3650,#3651,#3652,#3653,#3654,#3655,#3656,#3657,#3658,#3659,#3660,
#3661,#3662,#3663,#3664,#3665,#3666,#3667,#3668,#3669,#3670));
#3672=STYLED_ITEM('',(#3673),#3899);
#3673=PRESENTATION_STYLE_ASSIGNMENT((#3710));
#3674=PRESENTATION_STYLE_ASSIGNMENT((#3711));
#3675=PRESENTATION_STYLE_ASSIGNMENT((#3712));
#3676=PRESENTATION_STYLE_ASSIGNMENT((#3713));
#3677=PRESENTATION_STYLE_ASSIGNMENT((#3714));
#3678=PRESENTATION_STYLE_ASSIGNMENT((#3715));
#3679=PRESENTATION_STYLE_ASSIGNMENT((#3716));
#3680=PRESENTATION_STYLE_ASSIGNMENT((#3717));
#3681=PRESENTATION_STYLE_ASSIGNMENT((#3718));
#3682=PRESENTATION_STYLE_ASSIGNMENT((#3719));
#3683=PRESENTATION_STYLE_ASSIGNMENT((#3720));
#3684=PRESENTATION_STYLE_ASSIGNMENT((#3721));
#3685=PRESENTATION_STYLE_ASSIGNMENT((#3722));
#3686=PRESENTATION_STYLE_ASSIGNMENT((#3723));
#3687=PRESENTATION_STYLE_ASSIGNMENT((#3724));
#3688=PRESENTATION_STYLE_ASSIGNMENT((#3725));
#3689=PRESENTATION_STYLE_ASSIGNMENT((#3726));
#3690=PRESENTATION_STYLE_ASSIGNMENT((#3727));
#3691=PRESENTATION_STYLE_ASSIGNMENT((#3728));
#3692=PRESENTATION_STYLE_ASSIGNMENT((#3729));
#3693=PRESENTATION_STYLE_ASSIGNMENT((#3730));
#3694=PRESENTATION_STYLE_ASSIGNMENT((#3731));
#3695=PRESENTATION_STYLE_ASSIGNMENT((#3732));
#3696=PRESENTATION_STYLE_ASSIGNMENT((#3733));
#3697=PRESENTATION_STYLE_ASSIGNMENT((#3734));
#3698=PRESENTATION_STYLE_ASSIGNMENT((#3735));
#3699=PRESENTATION_STYLE_ASSIGNMENT((#3736));
#3700=PRESENTATION_STYLE_ASSIGNMENT((#3737));
#3701=PRESENTATION_STYLE_ASSIGNMENT((#3738));
#3702=PRESENTATION_STYLE_ASSIGNMENT((#3739));
#3703=PRESENTATION_STYLE_ASSIGNMENT((#3740));
#3704=PRESENTATION_STYLE_ASSIGNMENT((#3741));
#3705=PRESENTATION_STYLE_ASSIGNMENT((#3742));
#3706=PRESENTATION_STYLE_ASSIGNMENT((#3743));
#3707=PRESENTATION_STYLE_ASSIGNMENT((#3744));
#3708=PRESENTATION_STYLE_ASSIGNMENT((#3745));
#3709=PRESENTATION_STYLE_ASSIGNMENT((#3746));
#3710=SURFACE_STYLE_USAGE(.BOTH.,#3747);
#3711=SURFACE_STYLE_USAGE(.BOTH.,#3748);
#3712=SURFACE_STYLE_USAGE(.BOTH.,#3749);
#3713=SURFACE_STYLE_USAGE(.BOTH.,#3750);
#3714=SURFACE_STYLE_USAGE(.BOTH.,#3751);
#3715=SURFACE_STYLE_USAGE(.BOTH.,#3752);
#3716=SURFACE_STYLE_USAGE(.BOTH.,#3753);
#3717=SURFACE_STYLE_USAGE(.BOTH.,#3754);
#3718=SURFACE_STYLE_USAGE(.BOTH.,#3755);
#3719=SURFACE_STYLE_USAGE(.BOTH.,#3756);
#3720=SURFACE_STYLE_USAGE(.BOTH.,#3757);
#3721=SURFACE_STYLE_USAGE(.BOTH.,#3758);
#3722=SURFACE_STYLE_USAGE(.BOTH.,#3759);
#3723=SURFACE_STYLE_USAGE(.BOTH.,#3760);
#3724=SURFACE_STYLE_USAGE(.BOTH.,#3761);
#3725=SURFACE_STYLE_USAGE(.BOTH.,#3762);
#3726=SURFACE_STYLE_USAGE(.BOTH.,#3763);
#3727=SURFACE_STYLE_USAGE(.BOTH.,#3764);
#3728=SURFACE_STYLE_USAGE(.BOTH.,#3765);
#3729=SURFACE_STYLE_USAGE(.BOTH.,#3766);
#3730=SURFACE_STYLE_USAGE(.BOTH.,#3767);
#3731=SURFACE_STYLE_USAGE(.BOTH.,#3768);
#3732=SURFACE_STYLE_USAGE(.BOTH.,#3769);
#3733=SURFACE_STYLE_USAGE(.BOTH.,#3770);
#3734=SURFACE_STYLE_USAGE(.BOTH.,#3771);
#3735=SURFACE_STYLE_USAGE(.BOTH.,#3772);
#3736=SURFACE_STYLE_USAGE(.BOTH.,#3773);
#3737=SURFACE_STYLE_USAGE(.BOTH.,#3774);
#3738=SURFACE_STYLE_USAGE(.BOTH.,#3775);
#3739=SURFACE_STYLE_USAGE(.BOTH.,#3776);
#3740=SURFACE_STYLE_USAGE(.BOTH.,#3777);
#3741=SURFACE_STYLE_USAGE(.BOTH.,#3778);
#3742=SURFACE_STYLE_USAGE(.BOTH.,#3779);
#3743=SURFACE_STYLE_USAGE(.BOTH.,#3780);
#3744=SURFACE_STYLE_USAGE(.BOTH.,#3781);
#3745=SURFACE_STYLE_USAGE(.BOTH.,#3782);
#3746=SURFACE_STYLE_USAGE(.BOTH.,#3783);
#3747=SURFACE_SIDE_STYLE('',(#3784));
#3748=SURFACE_SIDE_STYLE('',(#3785));
#3749=SURFACE_SIDE_STYLE('',(#3786));
#3750=SURFACE_SIDE_STYLE('',(#3787));
#3751=SURFACE_SIDE_STYLE('',(#3788));
#3752=SURFACE_SIDE_STYLE('',(#3789));
#3753=SURFACE_SIDE_STYLE('',(#3790));
#3754=SURFACE_SIDE_STYLE('',(#3791));
#3755=SURFACE_SIDE_STYLE('',(#3792));
#3756=SURFACE_SIDE_STYLE('',(#3793));
#3757=SURFACE_SIDE_STYLE('',(#3794));
#3758=SURFACE_SIDE_STYLE('',(#3795));
#3759=SURFACE_SIDE_STYLE('',(#3796));
#3760=SURFACE_SIDE_STYLE('',(#3797));
#3761=SURFACE_SIDE_STYLE('',(#3798));
#3762=SURFACE_SIDE_STYLE('',(#3799));
#3763=SURFACE_SIDE_STYLE('',(#3800));
#3764=SURFACE_SIDE_STYLE('',(#3801));
#3765=SURFACE_SIDE_STYLE('',(#3802));
#3766=SURFACE_SIDE_STYLE('',(#3803));
#3767=SURFACE_SIDE_STYLE('',(#3804));
#3768=SURFACE_SIDE_STYLE('',(#3805));
#3769=SURFACE_SIDE_STYLE('',(#3806));
#3770=SURFACE_SIDE_STYLE('',(#3807));
#3771=SURFACE_SIDE_STYLE('',(#3808));
#3772=SURFACE_SIDE_STYLE('',(#3809));
#3773=SURFACE_SIDE_STYLE('',(#3810));
#3774=SURFACE_SIDE_STYLE('',(#3811));
#3775=SURFACE_SIDE_STYLE('',(#3812));
#3776=SURFACE_SIDE_STYLE('',(#3813));
#3777=SURFACE_SIDE_STYLE('',(#3814));
#3778=SURFACE_SIDE_STYLE('',(#3815));
#3779=SURFACE_SIDE_STYLE('',(#3816));
#3780=SURFACE_SIDE_STYLE('',(#3817));
#3781=SURFACE_SIDE_STYLE('',(#3818));
#3782=SURFACE_SIDE_STYLE('',(#3819));
#3783=SURFACE_SIDE_STYLE('',(#3820));
#3784=SURFACE_STYLE_FILL_AREA(#3821);
#3785=SURFACE_STYLE_FILL_AREA(#3822);
#3786=SURFACE_STYLE_FILL_AREA(#3823);
#3787=SURFACE_STYLE_FILL_AREA(#3824);
#3788=SURFACE_STYLE_FILL_AREA(#3825);
#3789=SURFACE_STYLE_FILL_AREA(#3826);
#3790=SURFACE_STYLE_FILL_AREA(#3827);
#3791=SURFACE_STYLE_FILL_AREA(#3828);
#3792=SURFACE_STYLE_FILL_AREA(#3829);
#3793=SURFACE_STYLE_FILL_AREA(#3830);
#3794=SURFACE_STYLE_FILL_AREA(#3831);
#3795=SURFACE_STYLE_FILL_AREA(#3832);
#3796=SURFACE_STYLE_FILL_AREA(#3833);
#3797=SURFACE_STYLE_FILL_AREA(#3834);
#3798=SURFACE_STYLE_FILL_AREA(#3835);
#3799=SURFACE_STYLE_FILL_AREA(#3836);
#3800=SURFACE_STYLE_FILL_AREA(#3837);
#3801=SURFACE_STYLE_FILL_AREA(#3838);
#3802=SURFACE_STYLE_FILL_AREA(#3839);
#3803=SURFACE_STYLE_FILL_AREA(#3840);
#3804=SURFACE_STYLE_FILL_AREA(#3841);
#3805=SURFACE_STYLE_FILL_AREA(#3842);
#3806=SURFACE_STYLE_FILL_AREA(#3843);
#3807=SURFACE_STYLE_FILL_AREA(#3844);
#3808=SURFACE_STYLE_FILL_AREA(#3845);
#3809=SURFACE_STYLE_FILL_AREA(#3846);
#3810=SURFACE_STYLE_FILL_AREA(#3847);
#3811=SURFACE_STYLE_FILL_AREA(#3848);
#3812=SURFACE_STYLE_FILL_AREA(#3849);
#3813=SURFACE_STYLE_FILL_AREA(#3850);
#3814=SURFACE_STYLE_FILL_AREA(#3851);
#3815=SURFACE_STYLE_FILL_AREA(#3852);
#3816=SURFACE_STYLE_FILL_AREA(#3853);
#3817=SURFACE_STYLE_FILL_AREA(#3854);
#3818=SURFACE_STYLE_FILL_AREA(#3855);
#3819=SURFACE_STYLE_FILL_AREA(#3856);
#3820=SURFACE_STYLE_FILL_AREA(#3857);
#3821=FILL_AREA_STYLE('',(#3858));
#3822=FILL_AREA_STYLE('',(#3859));
#3823=FILL_AREA_STYLE('',(#3860));
#3824=FILL_AREA_STYLE('',(#3861));
#3825=FILL_AREA_STYLE('',(#3862));
#3826=FILL_AREA_STYLE('',(#3863));
#3827=FILL_AREA_STYLE('',(#3864));
#3828=FILL_AREA_STYLE('',(#3865));
#3829=FILL_AREA_STYLE('',(#3866));
#3830=FILL_AREA_STYLE('',(#3867));
#3831=FILL_AREA_STYLE('',(#3868));
#3832=FILL_AREA_STYLE('',(#3869));
#3833=FILL_AREA_STYLE('',(#3870));
#3834=FILL_AREA_STYLE('',(#3871));
#3835=FILL_AREA_STYLE('',(#3872));
#3836=FILL_AREA_STYLE('',(#3873));
#3837=FILL_AREA_STYLE('',(#3874));
#3838=FILL_AREA_STYLE('',(#3875));
#3839=FILL_AREA_STYLE('',(#3876));
#3840=FILL_AREA_STYLE('',(#3877));
#3841=FILL_AREA_STYLE('',(#3878));
#3842=FILL_AREA_STYLE('',(#3879));
#3843=FILL_AREA_STYLE('',(#3880));
#3844=FILL_AREA_STYLE('',(#3881));
#3845=FILL_AREA_STYLE('',(#3882));
#3846=FILL_AREA_STYLE('',(#3883));
#3847=FILL_AREA_STYLE('',(#3884));
#3848=FILL_AREA_STYLE('',(#3885));
#3849=FILL_AREA_STYLE('',(#3886));
#3850=FILL_AREA_STYLE('',(#3887));
#3851=FILL_AREA_STYLE('',(#3888));
#3852=FILL_AREA_STYLE('',(#3889));
#3853=FILL_AREA_STYLE('',(#3890));
#3854=FILL_AREA_STYLE('',(#3891));
#3855=FILL_AREA_STYLE('',(#3892));
#3856=FILL_AREA_STYLE('',(#3893));
#3857=FILL_AREA_STYLE('',(#3894));
#3858=FILL_AREA_STYLE_COLOUR('',#3895);
#3859=FILL_AREA_STYLE_COLOUR('',#3896);
#3860=FILL_AREA_STYLE_COLOUR('',#3896);
#3861=FILL_AREA_STYLE_COLOUR('',#3896);
#3862=FILL_AREA_STYLE_COLOUR('',#3896);
#3863=FILL_AREA_STYLE_COLOUR('',#3896);
#3864=FILL_AREA_STYLE_COLOUR('',#3896);
#3865=FILL_AREA_STYLE_COLOUR('',#3896);
#3866=FILL_AREA_STYLE_COLOUR('',#3896);
#3867=FILL_AREA_STYLE_COLOUR('',#3896);
#3868=FILL_AREA_STYLE_COLOUR('',#126);
#3869=FILL_AREA_STYLE_COLOUR('',#126);
#3870=FILL_AREA_STYLE_COLOUR('',#126);
#3871=FILL_AREA_STYLE_COLOUR('',#3896);
#3872=FILL_AREA_STYLE_COLOUR('',#3896);
#3873=FILL_AREA_STYLE_COLOUR('',#3896);
#3874=FILL_AREA_STYLE_COLOUR('',#3896);
#3875=FILL_AREA_STYLE_COLOUR('',#3896);
#3876=FILL_AREA_STYLE_COLOUR('',#3897);
#3877=FILL_AREA_STYLE_COLOUR('',#126);
#3878=FILL_AREA_STYLE_COLOUR('',#126);
#3879=FILL_AREA_STYLE_COLOUR('',#126);
#3880=FILL_AREA_STYLE_COLOUR('',#3898);
#3881=FILL_AREA_STYLE_COLOUR('',#3898);
#3882=FILL_AREA_STYLE_COLOUR('',#3898);
#3883=FILL_AREA_STYLE_COLOUR('',#3898);
#3884=FILL_AREA_STYLE_COLOUR('',#3897);
#3885=FILL_AREA_STYLE_COLOUR('',#3897);
#3886=FILL_AREA_STYLE_COLOUR('',#3898);
#3887=FILL_AREA_STYLE_COLOUR('',#126);
#3888=FILL_AREA_STYLE_COLOUR('',#126);
#3889=FILL_AREA_STYLE_COLOUR('',#126);
#3890=FILL_AREA_STYLE_COLOUR('',#126);
#3891=FILL_AREA_STYLE_COLOUR('',#126);
#3892=FILL_AREA_STYLE_COLOUR('',#126);
#3893=FILL_AREA_STYLE_COLOUR('',#126);
#3894=FILL_AREA_STYLE_COLOUR('',#126);
#3895=COLOUR_RGB('',0.925490196078431,0.925490196078431,0.925490196078431);
#3896=COLOUR_RGB('',0.250980392156863,0.250980392156863,0.250980392156863);
#3897=COLOUR_RGB('',0.501960784313726,0.,0.501960784313726);
#3898=COLOUR_RGB('',0.792156862745098,0.792156862745098,0.792156862745098);
#3899=MANIFOLD_SOLID_BREP('GY-VL53LDK',#3671);
#3900=SHAPE_DEFINITION_REPRESENTATION(#7784,#3901);
#3901=SHAPE_REPRESENTATION('GY-VL53LDK',(#3902),#7779);
#3902=AXIS2_PLACEMENT_3D('',#4918,#4102,#4103);
#3903=AXIS2_PLACEMENT_3D('',#4919,#4104,#4105);
#3904=AXIS2_PLACEMENT_3D('',#4928,#4110,#4111);
#3905=AXIS2_PLACEMENT_3D('',#4937,#4116,#4117);
#3906=AXIS2_PLACEMENT_3D('',#4946,#4122,#4123);
#3907=AXIS2_PLACEMENT_3D('',#4955,#4128,#4129);
#3908=AXIS2_PLACEMENT_3D('',#4964,#4134,#4135);
#3909=AXIS2_PLACEMENT_3D('',#4970,#4139,#4140);
#3910=AXIS2_PLACEMENT_3D('',#4976,#4144,#4145);
#3911=AXIS2_PLACEMENT_3D('',#4979,#4148,#4149);
#3912=AXIS2_PLACEMENT_3D('',#4988,#4154,#4155);
#3913=AXIS2_PLACEMENT_3D('',#4994,#4159,#4160);
#3914=AXIS2_PLACEMENT_3D('',#5000,#4164,#4165);
#3915=AXIS2_PLACEMENT_3D('',#5003,#4168,#4169);
#3916=AXIS2_PLACEMENT_3D('',#5012,#4174,#4175);
#3917=AXIS2_PLACEMENT_3D('',#5018,#4179,#4180);
#3918=AXIS2_PLACEMENT_3D('',#5024,#4184,#4185);
#3919=AXIS2_PLACEMENT_3D('',#5027,#4188,#4189);
#3920=AXIS2_PLACEMENT_3D('',#5036,#4194,#4195);
#3921=AXIS2_PLACEMENT_3D('',#5042,#4199,#4200);
#3922=AXIS2_PLACEMENT_3D('',#5048,#4204,#4205);
#3923=AXIS2_PLACEMENT_3D('',#5051,#4208,#4209);
#3924=AXIS2_PLACEMENT_3D('',#5060,#4214,#4215);
#3925=AXIS2_PLACEMENT_3D('',#5066,#4219,#4220);
#3926=AXIS2_PLACEMENT_3D('',#5072,#4224,#4225);
#3927=AXIS2_PLACEMENT_3D('',#5075,#4228,#4229);
#3928=AXIS2_PLACEMENT_3D('',#5084,#4234,#4235);
#3929=AXIS2_PLACEMENT_3D('',#5090,#4239,#4240);
#3930=AXIS2_PLACEMENT_3D('',#5096,#4244,#4245);
#3931=AXIS2_PLACEMENT_3D('',#5099,#4248,#4249);
#3932=AXIS2_PLACEMENT_3D('',#5108,#4254,#4255);
#3933=AXIS2_PLACEMENT_3D('',#5114,#4259,#4260);
#3934=AXIS2_PLACEMENT_3D('',#5120,#4264,#4265);
#3935=AXIS2_PLACEMENT_3D('',#5123,#4268,#4269);
#3936=AXIS2_PLACEMENT_3D('',#5132,#4274,#4275);
#3937=AXIS2_PLACEMENT_3D('',#5138,#4279,#4280);
#3938=AXIS2_PLACEMENT_3D('',#5144,#4284,#4285);
#3939=AXIS2_PLACEMENT_3D('',#5147,#4288,#4289);
#3940=AXIS2_PLACEMENT_3D('',#5156,#4294,#4295);
#3941=AXIS2_PLACEMENT_3D('',#5162,#4299,#4300);
#3942=AXIS2_PLACEMENT_3D('',#5168,#4304,#4305);
#3943=AXIS2_PLACEMENT_3D('',#5171,#4308,#4309);
#3944=AXIS2_PLACEMENT_3D('',#5180,#4314,#4315);
#3945=AXIS2_PLACEMENT_3D('',#5186,#4319,#4320);
#3946=AXIS2_PLACEMENT_3D('',#5192,#4324,#4325);
#3947=AXIS2_PLACEMENT_3D('',#5195,#4328,#4329);
#3948=AXIS2_PLACEMENT_3D('',#5204,#4334,#4335);
#3949=AXIS2_PLACEMENT_3D('',#5210,#4339,#4340);
#3950=AXIS2_PLACEMENT_3D('',#5216,#4344,#4345);
#3951=AXIS2_PLACEMENT_3D('',#5219,#4348,#4349);
#3952=AXIS2_PLACEMENT_3D('',#5228,#4354,#4355);
#3953=AXIS2_PLACEMENT_3D('',#5234,#4359,#4360);
#3954=AXIS2_PLACEMENT_3D('',#5240,#4364,#4365);
#3955=AXIS2_PLACEMENT_3D('',#5243,#4368,#4369);
#3956=AXIS2_PLACEMENT_3D('',#5244,#4370,#4371);
#3957=AXIS2_PLACEMENT_3D('',#5247,#4374,#4375);
#3958=AXIS2_PLACEMENT_3D('',#5249,#4377,#4378);
#3959=AXIS2_PLACEMENT_3D('',#5251,#4380,#4381);
#3960=AXIS2_PLACEMENT_3D('',#5252,#4382,#4383);
#3961=AXIS2_PLACEMENT_3D('',#5258,#4387,#4388);
#3962=AXIS2_PLACEMENT_3D('',#5262,#4391,#4392);
#3963=AXIS2_PLACEMENT_3D('',#5266,#4395,#4396);
#3964=AXIS2_PLACEMENT_3D('',#5268,#4398,#4399);
#3965=AXIS2_PLACEMENT_3D('',#5269,#4400,#4401);
#3966=AXIS2_PLACEMENT_3D('',#5270,#4402,#4403);
#3967=AXIS2_PLACEMENT_3D('',#5273,#4406,#4407);
#3968=AXIS2_PLACEMENT_3D('',#5275,#4409,#4410);
#3969=AXIS2_PLACEMENT_3D('',#5277,#4412,#4413);
#3970=AXIS2_PLACEMENT_3D('',#5278,#4414,#4415);
#3971=AXIS2_PLACEMENT_3D('',#5284,#4419,#4420);
#3972=AXIS2_PLACEMENT_3D('',#5288,#4423,#4424);
#3973=AXIS2_PLACEMENT_3D('',#5292,#4427,#4428);
#3974=AXIS2_PLACEMENT_3D('',#5294,#4430,#4431);
#3975=AXIS2_PLACEMENT_3D('',#5295,#4432,#4433);
#3976=AXIS2_PLACEMENT_3D('',#5296,#4434,#4435);
#3977=AXIS2_PLACEMENT_3D('',#5299,#4438,#4439);
#3978=AXIS2_PLACEMENT_3D('',#5301,#4441,#4442);
#3979=AXIS2_PLACEMENT_3D('',#5303,#4444,#4445);
#3980=AXIS2_PLACEMENT_3D('',#5304,#4446,#4447);
#3981=AXIS2_PLACEMENT_3D('',#5310,#4451,#4452);
#3982=AXIS2_PLACEMENT_3D('',#5314,#4455,#4456);
#3983=AXIS2_PLACEMENT_3D('',#5318,#4459,#4460);
#3984=AXIS2_PLACEMENT_3D('',#5320,#4462,#4463);
#3985=AXIS2_PLACEMENT_3D('',#5321,#4464,#4465);
#3986=AXIS2_PLACEMENT_3D('',#5322,#4466,#4467);
#3987=AXIS2_PLACEMENT_3D('',#5325,#4470,#4471);
#3988=AXIS2_PLACEMENT_3D('',#5327,#4473,#4474);
#3989=AXIS2_PLACEMENT_3D('',#5329,#4476,#4477);
#3990=AXIS2_PLACEMENT_3D('',#5330,#4478,#4479);
#3991=AXIS2_PLACEMENT_3D('',#5336,#4483,#4484);
#3992=AXIS2_PLACEMENT_3D('',#5340,#4487,#4488);
#3993=AXIS2_PLACEMENT_3D('',#5344,#4491,#4492);
#3994=AXIS2_PLACEMENT_3D('',#5346,#4494,#4495);
#3995=AXIS2_PLACEMENT_3D('',#5347,#4496,#4497);
#3996=AXIS2_PLACEMENT_3D('',#5352,#4502,#4503);
#3997=AXIS2_PLACEMENT_3D('',#5354,#4505,#4506);
#3998=AXIS2_PLACEMENT_3D('',#5356,#4508,#4509);
#3999=AXIS2_PLACEMENT_3D('',#5358,#4511,#4512);
#4000=AXIS2_PLACEMENT_3D('',#5360,#4514,#4515);
#4001=AXIS2_PLACEMENT_3D('',#5361,#4516,#4517);
#4002=AXIS2_PLACEMENT_3D('',#5363,#4518,#4519);
#4003=AXIS2_PLACEMENT_3D('',#5365,#4520,#4521);
#4004=AXIS2_PLACEMENT_3D('',#5366,#4522,#4523);
#4005=AXIS2_PLACEMENT_3D('',#5368,#4524,#4525);
#4006=AXIS2_PLACEMENT_3D('',#5370,#4526,#4527);
#4007=AXIS2_PLACEMENT_3D('',#5371,#4528,#4529);
#4008=AXIS2_PLACEMENT_3D('',#5373,#4530,#4531);
#4009=AXIS2_PLACEMENT_3D('',#5375,#4532,#4533);
#4010=AXIS2_PLACEMENT_3D('',#5384,#4538,#4539);
#4011=AXIS2_PLACEMENT_3D('',#5390,#4543,#4544);
#4012=AXIS2_PLACEMENT_3D('',#5396,#4548,#4549);
#4013=AXIS2_PLACEMENT_3D('',#5399,#4552,#4553);
#4014=AXIS2_PLACEMENT_3D('',#5400,#4554,#4555);
#4015=AXIS2_PLACEMENT_3D('',#5409,#4560,#4561);
#4016=AXIS2_PLACEMENT_3D('',#5415,#4565,#4566);
#4017=AXIS2_PLACEMENT_3D('',#5421,#4570,#4571);
#4018=AXIS2_PLACEMENT_3D('',#5424,#4574,#4575);
#4019=AXIS2_PLACEMENT_3D('',#5425,#4576,#4577);
#4020=AXIS2_PLACEMENT_3D('',#5448,#4589,#4590);
#4021=AXIS2_PLACEMENT_3D('',#5454,#4594,#4595);
#4022=AXIS2_PLACEMENT_3D('',#5458,#4598,#4599);
#4023=AXIS2_PLACEMENT_3D('',#5462,#4602,#4603);
#4024=AXIS2_PLACEMENT_3D('',#5466,#4606,#4607);
#4025=AXIS2_PLACEMENT_3D('',#5470,#4610,#4611);
#4026=AXIS2_PLACEMENT_3D('',#5474,#4614,#4615);
#4027=AXIS2_PLACEMENT_3D('',#5478,#4618,#4619);
#4028=AXIS2_PLACEMENT_3D('',#5482,#4622,#4623);
#4029=AXIS2_PLACEMENT_3D('',#5486,#4626,#4627);
#4030=AXIS2_PLACEMENT_3D('',#5490,#4630,#4631);
#4031=AXIS2_PLACEMENT_3D('',#5492,#4633,#4634);
#4032=AXIS2_PLACEMENT_3D('',#5563,#4638,#4639);
#4033=AXIS2_PLACEMENT_3D('',#5769,#4647,#4648);
#4034=AXIS2_PLACEMENT_3D('',#5773,#4651,#4652);
#4035=AXIS2_PLACEMENT_3D('',#5775,#4654,#4655);
#4036=AXIS2_PLACEMENT_3D('',#5784,#4660,#4661);
#4037=AXIS2_PLACEMENT_3D('',#6027,#4668,#4669);
#4038=AXIS2_PLACEMENT_3D('',#6030,#4672,#4673);
#4039=AXIS2_PLACEMENT_3D('',#6031,#4674,#4675);
#4040=AXIS2_PLACEMENT_3D('',#6044,#4682,#4683);
#4041=AXIS2_PLACEMENT_3D('',#6050,#4687,#4688);
#4042=AXIS2_PLACEMENT_3D('',#6054,#4691,#4692);
#4043=AXIS2_PLACEMENT_3D('',#6058,#4695,#4696);
#4044=AXIS2_PLACEMENT_3D('',#6062,#4699,#4700);
#4045=AXIS2_PLACEMENT_3D('',#6066,#4703,#4704);
#4046=AXIS2_PLACEMENT_3D('',#6068,#4706,#4707);
#4047=AXIS2_PLACEMENT_3D('',#6295,#4711,#4712);
#4048=AXIS2_PLACEMENT_3D('',#6636,#4723,#4724);
#4049=AXIS2_PLACEMENT_3D('',#6846,#4731,#4732);
#4050=AXIS2_PLACEMENT_3D('',#7025,#4737,#4738);
#4051=AXIS2_PLACEMENT_3D('',#7182,#4745,#4746);
#4052=AXIS2_PLACEMENT_3D('',#7188,#4750,#4751);
#4053=AXIS2_PLACEMENT_3D('',#7192,#4754,#4755);
#4054=AXIS2_PLACEMENT_3D('',#7420,#4762,#4763);
#4055=AXIS2_PLACEMENT_3D('',#7630,#4770,#4771);
#4056=AXIS2_PLACEMENT_3D('',#7634,#4774,#4775);
#4057=AXIS2_PLACEMENT_3D('',#7636,#4777,#4778);
#4058=AXIS2_PLACEMENT_3D('',#7649,#4785,#4786);
#4059=AXIS2_PLACEMENT_3D('',#7655,#4790,#4791);
#4060=AXIS2_PLACEMENT_3D('',#7659,#4794,#4795);
#4061=AXIS2_PLACEMENT_3D('',#7663,#4798,#4799);
#4062=AXIS2_PLACEMENT_3D('',#7667,#4802,#4803);
#4063=AXIS2_PLACEMENT_3D('',#7671,#4806,#4807);
#4064=AXIS2_PLACEMENT_3D('',#7673,#4809,#4810);
#4065=AXIS2_PLACEMENT_3D('',#7688,#4818,#4819);
#4066=AXIS2_PLACEMENT_3D('',#7694,#4823,#4824);
#4067=AXIS2_PLACEMENT_3D('',#7698,#4827,#4828);
#4068=AXIS2_PLACEMENT_3D('',#7702,#4831,#4832);
#4069=AXIS2_PLACEMENT_3D('',#7706,#4835,#4836);
#4070=AXIS2_PLACEMENT_3D('',#7710,#4839,#4840);
#4071=AXIS2_PLACEMENT_3D('',#7714,#4843,#4844);
#4072=AXIS2_PLACEMENT_3D('',#7716,#4846,#4847);
#4073=AXIS2_PLACEMENT_3D('',#7717,#4848,#4849);
#4074=AXIS2_PLACEMENT_3D('',#7719,#4850,#4851);
#4075=AXIS2_PLACEMENT_3D('',#7721,#4852,#4853);
#4076=AXIS2_PLACEMENT_3D('',#7722,#4854,#4855);
#4077=AXIS2_PLACEMENT_3D('',#7724,#4856,#4857);
#4078=AXIS2_PLACEMENT_3D('',#7726,#4858,#4859);
#4079=AXIS2_PLACEMENT_3D('',#7727,#4860,#4861);
#4080=AXIS2_PLACEMENT_3D('',#7729,#4862,#4863);
#4081=AXIS2_PLACEMENT_3D('',#7731,#4864,#4865);
#4082=AXIS2_PLACEMENT_3D('',#7740,#4870,#4871);
#4083=AXIS2_PLACEMENT_3D('',#7746,#4875,#4876);
#4084=AXIS2_PLACEMENT_3D('',#7752,#4880,#4881);
#4085=AXIS2_PLACEMENT_3D('',#7755,#4884,#4885);
#4086=AXIS2_PLACEMENT_3D('',#7756,#4886,#4887);
#4087=AXIS2_PLACEMENT_3D('',#7758,#4888,#4889);
#4088=AXIS2_PLACEMENT_3D('',#7760,#4890,#4891);
#4089=AXIS2_PLACEMENT_3D('',#7762,#4892,#4893);
#4090=AXIS2_PLACEMENT_3D('',#7763,#4894,#4895);
#4091=AXIS2_PLACEMENT_3D('',#7765,#4896,#4897);
#4092=AXIS2_PLACEMENT_3D('',#7767,#4898,#4899);
#4093=AXIS2_PLACEMENT_3D('',#7769,#4900,#4901);
#4094=AXIS2_PLACEMENT_3D('',#7770,#4902,#4903);
#4095=AXIS2_PLACEMENT_3D('',#7771,#4904,#4905);
#4096=AXIS2_PLACEMENT_3D('',#7772,#4906,#4907);
#4097=AXIS2_PLACEMENT_3D('',#7773,#4908,#4909);
#4098=AXIS2_PLACEMENT_3D('',#7774,#4910,#4911);
#4099=AXIS2_PLACEMENT_3D('',#7775,#4912,#4913);
#4100=AXIS2_PLACEMENT_3D('',#7776,#4914,#4915);
#4101=AXIS2_PLACEMENT_3D('',#7777,#4916,#4917);
#4102=DIRECTION('',(0.,0.,1.));
#4103=DIRECTION('',(1.,0.,0.));
#4104=DIRECTION('',(0.707106781186549,0.,-0.707106781186546));
#4105=DIRECTION('',(0.,-1.,0.));
#4106=DIRECTION('',(0.707106781186546,0.,0.707106781186549));
#4107=DIRECTION('',(0.,1.,0.));
#4108=DIRECTION('',(-0.707106781186546,0.,-0.707106781186549));
#4109=DIRECTION('',(0.,-1.,0.));
#4110=DIRECTION('',(-0.707106781186548,0.,-0.707106781186548));
#4111=DIRECTION('',(0.,-1.,0.));
#4112=DIRECTION('',(0.707106781186548,0.,-0.707106781186548));
#4113=DIRECTION('',(0.,1.,0.));
#4114=DIRECTION('',(-0.707106781186548,0.,0.707106781186548));
#4115=DIRECTION('',(0.,-1.,0.));
#4116=DIRECTION('',(-0.70710678118655,0.,0.707106781186545));
#4117=DIRECTION('',(0.,-1.,0.));
#4118=DIRECTION('',(-0.707106781186545,0.,-0.70710678118655));
#4119=DIRECTION('',(0.,1.,0.));
#4120=DIRECTION('',(0.707106781186545,0.,0.70710678118655));
#4121=DIRECTION('',(0.,-1.,0.));
#4122=DIRECTION('',(0.707106781186548,0.,0.707106781186548));
#4123=DIRECTION('',(0.,-1.,0.));
#4124=DIRECTION('',(-0.707106781186548,0.,0.707106781186548));
#4125=DIRECTION('',(0.,1.,0.));
#4126=DIRECTION('',(0.707106781186548,0.,-0.707106781186548));
#4127=DIRECTION('',(0.,-1.,0.));
#4128=DIRECTION('',(0.,-0.707106781186545,0.707106781186551));
#4129=DIRECTION('',(1.,0.,0.));
#4130=DIRECTION('',(0.577350269189624,0.577350269189629,0.577350269189624));
#4131=DIRECTION('',(1.,0.,0.));
#4132=DIRECTION('',(0.577350269189623,-0.57735026918963,-0.577350269189625));
#4133=DIRECTION('',(-1.,0.,0.));
#4134=DIRECTION('',(-0.707106781186552,-0.707106781186544,8.76167666676219E-16));
#4135=DIRECTION('',(1.23908819712629E-15,0.,1.));
#4136=DIRECTION('',(0.577350269189624,-0.57735026918963,0.577350269189624));
#4137=DIRECTION('',(-1.23908819712629E-15,0.,-1.));
#4138=DIRECTION('',(1.23908819712629E-15,0.,1.));
#4139=DIRECTION('',(0.707106781186551,-0.707106781186545,0.));
#4140=DIRECTION('',(0.,0.,-1.));
#4141=DIRECTION('',(0.577350269189624,0.577350269189629,-0.577350269189624));
#4142=DIRECTION('',(0.,0.,-1.));
#4143=DIRECTION('',(0.,0.,1.));
#4144=DIRECTION('',(-6.13317366673352E-16,-0.707106781186545,-0.707106781186551));
#4145=DIRECTION('',(-1.,0.,8.67361737988403E-16));
#4146=DIRECTION('',(-1.,0.,8.67361737988403E-16));
#4147=DIRECTION('',(1.,0.,-8.67361737988403E-16));
#4148=DIRECTION('',(0.,-0.707106781186545,0.707106781186551));
#4149=DIRECTION('',(1.,0.,0.));
#4150=DIRECTION('',(0.577350269189624,0.577350269189629,0.577350269189624));
#4151=DIRECTION('',(1.,0.,0.));
#4152=DIRECTION('',(0.577350269189623,-0.57735026918963,-0.577350269189625));
#4153=DIRECTION('',(-1.,0.,0.));
#4154=DIRECTION('',(-0.707106781186552,-0.707106781186544,8.76167666676219E-16));
#4155=DIRECTION('',(1.23908819712629E-15,0.,1.));
#4156=DIRECTION('',(0.577350269189623,-0.577350269189629,0.577350269189625));
#4157=DIRECTION('',(-1.23908819712629E-15,0.,-1.));
#4158=DIRECTION('',(1.23908819712629E-15,0.,1.));
#4159=DIRECTION('',(0.707106781186551,-0.707106781186545,0.));
#4160=DIRECTION('',(0.,0.,-1.));
#4161=DIRECTION('',(0.577350269189624,0.577350269189629,-0.577350269189624));
#4162=DIRECTION('',(0.,0.,-1.));
#4163=DIRECTION('',(0.,0.,1.));
#4164=DIRECTION('',(0.,-0.707106781186545,-0.707106781186551));
#4165=DIRECTION('',(-1.,0.,0.));
#4166=DIRECTION('',(-1.,0.,0.));
#4167=DIRECTION('',(1.,0.,0.));
#4168=DIRECTION('',(0.707106781186551,-0.707106781186545,0.));
#4169=DIRECTION('',(0.,0.,-1.));
#4170=DIRECTION('',(0.577350269189624,0.577350269189629,-0.577350269189624));
#4171=DIRECTION('',(0.,0.,-1.));
#4172=DIRECTION('',(-0.577350269189624,-0.577350269189629,-0.577350269189624));
#4173=DIRECTION('',(0.,0.,1.));
#4174=DIRECTION('',(0.,-0.707106781186545,0.707106781186551));
#4175=DIRECTION('',(1.,0.,0.));
#4176=DIRECTION('',(0.577350269189623,-0.57735026918963,-0.577350269189625));
#4177=DIRECTION('',(-1.,0.,0.));
#4178=DIRECTION('',(1.,0.,0.));
#4179=DIRECTION('',(0.,-0.707106781186545,-0.707106781186551));
#4180=DIRECTION('',(-1.,0.,0.));
#4181=DIRECTION('',(-0.577350269189623,0.577350269189629,-0.577350269189625));
#4182=DIRECTION('',(-1.,0.,0.));
#4183=DIRECTION('',(1.,0.,0.));
#4184=DIRECTION('',(-0.707106781186552,-0.707106781186544,8.76167666676219E-16));
#4185=DIRECTION('',(1.23908819712629E-15,0.,1.));
#4186=DIRECTION('',(1.23908819712629E-15,0.,1.));
#4187=DIRECTION('',(-1.23908819712629E-15,0.,-1.));
#4188=DIRECTION('',(0.707106781186551,-0.707106781186545,0.));
#4189=DIRECTION('',(0.,0.,-1.));
#4190=DIRECTION('',(0.577350269189624,0.577350269189629,-0.577350269189624));
#4191=DIRECTION('',(0.,0.,-1.));
#4192=DIRECTION('',(-0.577350269189624,-0.577350269189629,-0.577350269189624));
#4193=DIRECTION('',(0.,0.,1.));
#4194=DIRECTION('',(0.,-0.707106781186545,0.707106781186551));
#4195=DIRECTION('',(1.,0.,0.));
#4196=DIRECTION('',(0.577350269189623,-0.57735026918963,-0.577350269189625));
#4197=DIRECTION('',(-1.,0.,0.));
#4198=DIRECTION('',(1.,0.,0.));
#4199=DIRECTION('',(0.,-0.707106781186545,-0.707106781186551));
#4200=DIRECTION('',(-1.,0.,0.));
#4201=DIRECTION('',(-0.577350269189623,0.577350269189629,-0.577350269189625));
#4202=DIRECTION('',(-1.,0.,0.));
#4203=DIRECTION('',(1.,0.,0.));
#4204=DIRECTION('',(-0.707106781186552,-0.707106781186544,8.76167666676219E-16));
#4205=DIRECTION('',(1.23908819712629E-15,0.,1.));
#4206=DIRECTION('',(1.23908819712629E-15,0.,1.));
#4207=DIRECTION('',(-1.23908819712629E-15,0.,-1.));
#4208=DIRECTION('',(0.,0.707106781186545,0.707106781186551));
#4209=DIRECTION('',(-1.,0.,0.));
#4210=DIRECTION('',(-0.577350269189626,-0.577350269189628,0.577350269189623));
#4211=DIRECTION('',(-1.,0.,0.));
#4212=DIRECTION('',(-0.577350269189624,0.577350269189629,-0.577350269189624));
#4213=DIRECTION('',(1.,0.,0.));
#4214=DIRECTION('',(0.707106781186551,0.707106781186545,0.));
#4215=DIRECTION('',(0.,0.,1.));
#4216=DIRECTION('',(-0.577350269189624,0.577350269189629,0.577350269189624));
#4217=DIRECTION('',(0.,0.,-1.));
#4218=DIRECTION('',(0.,0.,1.));
#4219=DIRECTION('',(-0.707106781186549,0.707106781186547,8.76167666676216E-16));
#4220=DIRECTION('',(-1.23908819712629E-15,0.,-1.));
#4221=DIRECTION('',(-0.577350269189627,-0.577350269189628,-0.577350269189623));
#4222=DIRECTION('',(-1.23908819712629E-15,0.,-1.));
#4223=DIRECTION('',(1.23908819712629E-15,0.,1.));
#4224=DIRECTION('',(0.,0.707106781186545,-0.707106781186551));
#4225=DIRECTION('',(1.,0.,0.));
#4226=DIRECTION('',(1.,0.,0.));
#4227=DIRECTION('',(-1.,0.,0.));
#4228=DIRECTION('',(0.,0.707106781186545,0.707106781186551));
#4229=DIRECTION('',(-1.,0.,0.));
#4230=DIRECTION('',(-0.577350269189623,-0.57735026918963,0.577350269189625));
#4231=DIRECTION('',(-1.,0.,0.));
#4232=DIRECTION('',(-0.577350269189624,0.577350269189629,-0.577350269189624));
#4233=DIRECTION('',(1.,0.,0.));
#4234=DIRECTION('',(0.707106781186551,0.707106781186545,0.));
#4235=DIRECTION('',(0.,0.,1.));
#4236=DIRECTION('',(-0.577350269189624,0.577350269189629,0.577350269189624));
#4237=DIRECTION('',(0.,0.,-1.));
#4238=DIRECTION('',(0.,0.,1.));
#4239=DIRECTION('',(-0.707106781186549,0.707106781186547,8.76167666676216E-16));
#4240=DIRECTION('',(-1.23908819712629E-15,0.,-1.));
#4241=DIRECTION('',(-0.577350269189624,-0.577350269189629,-0.577350269189624));
#4242=DIRECTION('',(-1.23908819712629E-15,0.,-1.));
#4243=DIRECTION('',(1.23908819712629E-15,0.,1.));
#4244=DIRECTION('',(0.,0.707106781186545,-0.707106781186551));
#4245=DIRECTION('',(1.,0.,0.));
#4246=DIRECTION('',(1.,0.,0.));
#4247=DIRECTION('',(-1.,0.,0.));
#4248=DIRECTION('',(0.,0.707106781186545,0.707106781186551));
#4249=DIRECTION('',(-1.,0.,0.));
#4250=DIRECTION('',(-0.577350269189621,-0.577350269189631,0.577350269189626));
#4251=DIRECTION('',(-1.,0.,0.));
#4252=DIRECTION('',(-0.577350269189624,0.577350269189629,-0.577350269189624));
#4253=DIRECTION('',(1.,0.,0.));
#4254=DIRECTION('',(0.707106781186551,0.707106781186545,0.));
#4255=DIRECTION('',(0.,0.,1.));
#4256=DIRECTION('',(-0.577350269189624,0.577350269189629,0.577350269189624));
#4257=DIRECTION('',(0.,0.,-1.));
#4258=DIRECTION('',(0.,0.,1.));
#4259=DIRECTION('',(-0.707106781186549,0.707106781186547,8.76167666676216E-16));
#4260=DIRECTION('',(-1.23908819712629E-15,0.,-1.));
#4261=DIRECTION('',(-0.577350269189622,-0.57735026918963,-0.577350269189625));
#4262=DIRECTION('',(-1.23908819712629E-15,0.,-1.));
#4263=DIRECTION('',(1.23908819712629E-15,0.,1.));
#4264=DIRECTION('',(0.,0.707106781186545,-0.707106781186551));
#4265=DIRECTION('',(1.,0.,0.));
#4266=DIRECTION('',(1.,0.,0.));
#4267=DIRECTION('',(-1.,0.,0.));
#4268=DIRECTION('',(0.,0.707106781186545,0.707106781186551));
#4269=DIRECTION('',(-1.,0.,0.));
#4270=DIRECTION('',(-0.577350269189622,-0.577350269189631,0.577350269189626));
#4271=DIRECTION('',(-1.,0.,0.));
#4272=DIRECTION('',(-0.577350269189624,0.577350269189629,-0.577350269189624));
#4273=DIRECTION('',(1.,0.,0.));
#4274=DIRECTION('',(0.707106781186551,0.707106781186545,0.));
#4275=DIRECTION('',(0.,0.,1.));
#4276=DIRECTION('',(-0.577350269189624,0.577350269189629,0.577350269189625));
#4277=DIRECTION('',(0.,0.,-1.));
#4278=DIRECTION('',(0.,0.,1.));
#4279=DIRECTION('',(-0.707106781186549,0.707106781186547,8.76167666676216E-16));
#4280=DIRECTION('',(-1.23908819712629E-15,0.,-1.));
#4281=DIRECTION('',(-0.577350269189623,-0.57735026918963,-0.577350269189625));
#4282=DIRECTION('',(-1.23908819712629E-15,0.,-1.));
#4283=DIRECTION('',(1.23908819712629E-15,0.,1.));
#4284=DIRECTION('',(-6.13317366673352E-16,0.707106781186545,-0.707106781186551));
#4285=DIRECTION('',(1.,0.,-8.67361737988403E-16));
#4286=DIRECTION('',(1.,0.,-8.67361737988403E-16));
#4287=DIRECTION('',(-1.,0.,8.67361737988403E-16));
#4288=DIRECTION('',(6.13317366673346E-16,0.707106781186551,0.707106781186544));
#4289=DIRECTION('',(-1.,0.,8.67361737988403E-16));
#4290=DIRECTION('',(-0.577350269189627,-0.577350269189622,0.577350269189628));
#4291=DIRECTION('',(1.,0.,-8.67361737988403E-16));
#4292=DIRECTION('',(-0.57735026918963,0.577350269189621,-0.577350269189626));
#4293=DIRECTION('',(-1.,0.,8.67361737988403E-16));
#4294=DIRECTION('',(0.707106781186543,0.707106781186553,-8.76167666676208E-16));
#4295=DIRECTION('',(1.23908819712629E-15,0.,1.));
#4296=DIRECTION('',(-0.577350269189629,0.577350269189622,0.577350269189627));
#4297=DIRECTION('',(1.23908819712629E-15,0.,1.));
#4298=DIRECTION('',(-1.23908819712629E-15,0.,-1.));
#4299=DIRECTION('',(-0.707106781186545,0.707106781186551,0.));
#4300=DIRECTION('',(0.,0.,-1.));
#4301=DIRECTION('',(-0.577350269189627,-0.577350269189622,-0.577350269189627));
#4302=DIRECTION('',(0.,0.,1.));
#4303=DIRECTION('',(0.,0.,-1.));
#4304=DIRECTION('',(0.,0.707106781186551,-0.707106781186545));
#4305=DIRECTION('',(1.,0.,0.));
#4306=DIRECTION('',(-1.,0.,0.));
#4307=DIRECTION('',(1.,0.,0.));
#4308=DIRECTION('',(0.,0.707106781186551,0.707106781186545));
#4309=DIRECTION('',(-1.,0.,0.));
#4310=DIRECTION('',(-0.577350269189627,-0.577350269189622,0.577350269189627));
#4311=DIRECTION('',(1.,0.,0.));
#4312=DIRECTION('',(-0.57735026918963,0.577350269189621,-0.577350269189626));
#4313=DIRECTION('',(-1.,0.,0.));
#4314=DIRECTION('',(0.707106781186543,0.707106781186553,-8.76167666676208E-16));
#4315=DIRECTION('',(1.23908819712629E-15,0.,1.));
#4316=DIRECTION('',(-0.577350269189629,0.577350269189622,0.577350269189627));
#4317=DIRECTION('',(1.23908819712629E-15,0.,1.));
#4318=DIRECTION('',(-1.23908819712629E-15,0.,-1.));
#4319=DIRECTION('',(-0.707106781186545,0.707106781186551,0.));
#4320=DIRECTION('',(0.,0.,-1.));
#4321=DIRECTION('',(-0.577350269189627,-0.577350269189622,-0.577350269189627));
#4322=DIRECTION('',(0.,0.,1.));
#4323=DIRECTION('',(0.,0.,-1.));
#4324=DIRECTION('',(0.,0.707106781186551,-0.707106781186545));
#4325=DIRECTION('',(1.,0.,0.));
#4326=DIRECTION('',(-1.,0.,0.));
#4327=DIRECTION('',(1.,0.,0.));
#4328=DIRECTION('',(0.,0.707106781186551,0.707106781186545));
#4329=DIRECTION('',(-1.,0.,0.));
#4330=DIRECTION('',(-0.577350269189627,-0.577350269189622,0.577350269189627));
#4331=DIRECTION('',(1.,0.,0.));
#4332=DIRECTION('',(-0.57735026918963,0.577350269189621,-0.577350269189626));
#4333=DIRECTION('',(-1.,0.,0.));
#4334=DIRECTION('',(0.707106781186543,0.707106781186553,-8.76167666676208E-16));
#4335=DIRECTION('',(1.23908819712629E-15,0.,1.));
#4336=DIRECTION('',(-0.577350269189629,0.577350269189622,0.577350269189627));
#4337=DIRECTION('',(1.23908819712629E-15,0.,1.));
#4338=DIRECTION('',(-1.23908819712629E-15,0.,-1.));
#4339=DIRECTION('',(-0.707106781186545,0.707106781186551,0.));
#4340=DIRECTION('',(0.,0.,-1.));
#4341=DIRECTION('',(-0.577350269189627,-0.577350269189622,-0.577350269189627));
#4342=DIRECTION('',(0.,0.,1.));
#4343=DIRECTION('',(0.,0.,-1.));
#4344=DIRECTION('',(0.,0.707106781186551,-0.707106781186545));
#4345=DIRECTION('',(1.,0.,0.));
#4346=DIRECTION('',(-1.,0.,0.));
#4347=DIRECTION('',(1.,0.,0.));
#4348=DIRECTION('',(0.,0.707106781186551,0.707106781186545));
#4349=DIRECTION('',(-1.,0.,0.));
#4350=DIRECTION('',(-0.577350269189628,-0.577350269189623,0.577350269189628));
#4351=DIRECTION('',(1.,0.,0.));
#4352=DIRECTION('',(-0.57735026918963,0.577350269189621,-0.577350269189626));
#4353=DIRECTION('',(-1.,0.,0.));
#4354=DIRECTION('',(0.707106781186543,0.707106781186553,-8.76167666676208E-16));
#4355=DIRECTION('',(1.23908819712629E-15,0.,1.));
#4356=DIRECTION('',(-0.577350269189629,0.577350269189622,0.577350269189627));
#4357=DIRECTION('',(1.23908819712629E-15,0.,1.));
#4358=DIRECTION('',(-1.23908819712629E-15,0.,-1.));
#4359=DIRECTION('',(-0.707106781186545,0.707106781186551,0.));
#4360=DIRECTION('',(0.,0.,-1.));
#4361=DIRECTION('',(-0.577350269189628,-0.577350269189623,-0.577350269189628));
#4362=DIRECTION('',(0.,0.,1.));
#4363=DIRECTION('',(0.,0.,-1.));
#4364=DIRECTION('',(0.,0.707106781186551,-0.707106781186545));
#4365=DIRECTION('',(1.,0.,0.));
#4366=DIRECTION('',(-1.,0.,0.));
#4367=DIRECTION('',(1.,0.,0.));
#4368=DIRECTION('',(0.,-1.,0.));
#4369=DIRECTION('',(1.,0.,0.));
#4370=DIRECTION('',(0.,0.,-1.));
#4371=DIRECTION('',(0.,1.,0.));
#4372=DIRECTION('',(0.,1.,0.));
#4373=DIRECTION('',(0.,1.,0.));
#4374=DIRECTION('',(-1.,0.,1.23908819712629E-15));
#4375=DIRECTION('',(-1.23908819712629E-15,0.,-1.));
#4376=DIRECTION('',(0.,1.,0.));
#4377=DIRECTION('',(0.,0.,1.));
#4378=DIRECTION('',(0.,-1.,0.));
#4379=DIRECTION('',(0.,1.,0.));
#4380=DIRECTION('',(1.,0.,0.));
#4381=DIRECTION('',(0.,1.,0.));
#4382=DIRECTION('',(1.,0.,0.));
#4383=DIRECTION('',(0.,1.,0.));
#4384=DIRECTION('',(0.,1.,0.));
#4385=DIRECTION('',(0.,1.,0.));
#4386=DIRECTION('',(0.,0.,1.));
#4387=DIRECTION('',(0.,0.,1.));
#4388=DIRECTION('',(0.,-1.,0.));
#4389=DIRECTION('',(0.,1.,0.));
#4390=DIRECTION('',(-1.,0.,0.));
#4391=DIRECTION('',(-1.,0.,1.23908819712629E-15));
#4392=DIRECTION('',(-1.23908819712629E-15,0.,-1.));
#4393=DIRECTION('',(0.,1.,0.));
#4394=DIRECTION('',(-1.23908819712629E-15,0.,-1.));
#4395=DIRECTION('',(0.,0.,-1.));
#4396=DIRECTION('',(0.,1.,0.));
#4397=DIRECTION('',(1.,0.,0.));
#4398=DIRECTION('',(0.,-1.,0.));
#4399=DIRECTION('',(1.,0.,0.));
#4400=DIRECTION('',(0.,-1.,0.));
#4401=DIRECTION('',(1.,0.,0.));
#4402=DIRECTION('',(0.,0.,-1.));
#4403=DIRECTION('',(0.,1.,0.));
#4404=DIRECTION('',(0.,1.,0.));
#4405=DIRECTION('',(0.,1.,0.));
#4406=DIRECTION('',(-1.,0.,1.23908819712629E-15));
#4407=DIRECTION('',(-1.23908819712629E-15,0.,-1.));
#4408=DIRECTION('',(0.,1.,0.));
#4409=DIRECTION('',(0.,0.,1.));
#4410=DIRECTION('',(0.,-1.,0.));
#4411=DIRECTION('',(0.,1.,0.));
#4412=DIRECTION('',(1.,0.,0.));
#4413=DIRECTION('',(0.,1.,0.));
#4414=DIRECTION('',(1.,0.,0.));
#4415=DIRECTION('',(0.,1.,0.));
#4416=DIRECTION('',(0.,1.,0.));
#4417=DIRECTION('',(0.,1.,0.));
#4418=DIRECTION('',(0.,0.,1.));
#4419=DIRECTION('',(0.,0.,1.));
#4420=DIRECTION('',(0.,-1.,0.));
#4421=DIRECTION('',(0.,1.,0.));
#4422=DIRECTION('',(-1.,0.,0.));
#4423=DIRECTION('',(-1.,0.,1.23908819712629E-15));
#4424=DIRECTION('',(-1.23908819712629E-15,0.,-1.));
#4425=DIRECTION('',(0.,1.,0.));
#4426=DIRECTION('',(-1.23908819712629E-15,0.,-1.));
#4427=DIRECTION('',(0.,0.,-1.));
#4428=DIRECTION('',(0.,1.,0.));
#4429=DIRECTION('',(1.,0.,0.));
#4430=DIRECTION('',(0.,-1.,0.));
#4431=DIRECTION('',(1.,0.,0.));
#4432=DIRECTION('',(0.,-1.,0.));
#4433=DIRECTION('',(1.,0.,0.));
#4434=DIRECTION('',(-8.67361737988403E-16,0.,-1.));
#4435=DIRECTION('',(1.,0.,-8.67361737988403E-16));
#4436=DIRECTION('',(0.,1.,0.));
#4437=DIRECTION('',(0.,1.,0.));
#4438=DIRECTION('',(-1.,0.,1.23908819712629E-15));
#4439=DIRECTION('',(-1.23908819712629E-15,0.,-1.));
#4440=DIRECTION('',(0.,1.,0.));
#4441=DIRECTION('',(0.,0.,1.));
#4442=DIRECTION('',(0.,-1.,0.));
#4443=DIRECTION('',(0.,1.,0.));
#4444=DIRECTION('',(1.,0.,0.));
#4445=DIRECTION('',(0.,1.,0.));
#4446=DIRECTION('',(1.,0.,0.));
#4447=DIRECTION('',(0.,1.,0.));
#4448=DIRECTION('',(0.,1.,0.));
#4449=DIRECTION('',(0.,1.,0.));
#4450=DIRECTION('',(0.,0.,1.));
#4451=DIRECTION('',(0.,0.,1.));
#4452=DIRECTION('',(0.,-1.,0.));
#4453=DIRECTION('',(0.,1.,0.));
#4454=DIRECTION('',(-1.,0.,0.));
#4455=DIRECTION('',(-1.,0.,1.23908819712629E-15));
#4456=DIRECTION('',(-1.23908819712629E-15,0.,-1.));
#4457=DIRECTION('',(0.,1.,0.));
#4458=DIRECTION('',(-1.23908819712629E-15,0.,-1.));
#4459=DIRECTION('',(-8.67361737988403E-16,0.,-1.));
#4460=DIRECTION('',(1.,0.,-8.67361737988403E-16));
#4461=DIRECTION('',(1.,0.,-8.67361737988403E-16));
#4462=DIRECTION('',(0.,-1.,0.));
#4463=DIRECTION('',(1.,0.,0.));
#4464=DIRECTION('',(0.,-1.,0.));
#4465=DIRECTION('',(1.,0.,0.));
#4466=DIRECTION('',(0.,0.,-1.));
#4467=DIRECTION('',(0.,1.,0.));
#4468=DIRECTION('',(0.,1.,0.));
#4469=DIRECTION('',(0.,1.,0.));
#4470=DIRECTION('',(-1.,0.,1.23908819712629E-15));
#4471=DIRECTION('',(-1.23908819712629E-15,0.,-1.));
#4472=DIRECTION('',(0.,1.,0.));
#4473=DIRECTION('',(0.,0.,-1.));
#4474=DIRECTION('',(0.,1.,0.));
#4475=DIRECTION('',(0.,1.,0.));
#4476=DIRECTION('',(1.,0.,0.));
#4477=DIRECTION('',(0.,1.,0.));
#4478=DIRECTION('',(1.,0.,0.));
#4479=DIRECTION('',(0.,1.,0.));
#4480=DIRECTION('',(0.,1.,0.));
#4481=DIRECTION('',(0.,1.,0.));
#4482=DIRECTION('',(0.,0.,1.));
#4483=DIRECTION('',(0.,0.,-1.));
#4484=DIRECTION('',(0.,1.,0.));
#4485=DIRECTION('',(0.,1.,0.));
#4486=DIRECTION('',(-1.,0.,0.));
#4487=DIRECTION('',(-1.,0.,1.23908819712629E-15));
#4488=DIRECTION('',(-1.23908819712629E-15,0.,-1.));
#4489=DIRECTION('',(0.,1.,0.));
#4490=DIRECTION('',(-1.23908819712629E-15,0.,-1.));
#4491=DIRECTION('',(0.,0.,-1.));
#4492=DIRECTION('',(0.,1.,0.));
#4493=DIRECTION('',(1.,0.,0.));
#4494=DIRECTION('',(0.,-1.,0.));
#4495=DIRECTION('',(1.,0.,0.));
#4496=DIRECTION('',(0.,-1.,0.));
#4497=DIRECTION('',(1.,0.,0.));
#4498=DIRECTION('',(-1.,0.,3.46944695195362E-16));
#4499=DIRECTION('',(0.,0.,1.));
#4500=DIRECTION('',(1.,0.,3.46944695195362E-16));
#4501=DIRECTION('',(0.,0.,-1.));
#4502=DIRECTION('',(3.46944695195362E-16,0.,1.));
#4503=DIRECTION('',(-1.,0.,3.46944695195362E-16));
#4504=DIRECTION('',(-1.,0.,3.46944695195362E-16));
#4505=DIRECTION('',(-1.,0.,0.));
#4506=DIRECTION('',(0.,-1.,0.));
#4507=DIRECTION('',(0.,0.,-1.));
#4508=DIRECTION('',(3.46944695195362E-16,0.,-1.));
#4509=DIRECTION('',(1.,0.,3.46944695195362E-16));
#4510=DIRECTION('',(1.,0.,3.46944695195362E-16));
#4511=DIRECTION('',(1.,0.,0.));
#4512=DIRECTION('',(0.,1.,0.));
#4513=DIRECTION('',(0.,0.,1.));
#4514=DIRECTION('',(0.,1.,0.));
#4515=DIRECTION('',(1.,0.,0.));
#4516=DIRECTION('',(0.,-1.,0.));
#4517=DIRECTION('',(1.,0.,0.));
#4518=DIRECTION('',(0.,-1.,0.));
#4519=DIRECTION('',(1.,0.,0.));
#4520=DIRECTION('',(0.,1.,0.));
#4521=DIRECTION('',(1.,0.,0.));
#4522=DIRECTION('',(0.,-1.,0.));
#4523=DIRECTION('',(1.,0.,0.));
#4524=DIRECTION('',(0.,-1.,0.));
#4525=DIRECTION('',(1.,0.,0.));
#4526=DIRECTION('',(0.,1.,0.));
#4527=DIRECTION('',(1.,0.,0.));
#4528=DIRECTION('',(0.,-1.,0.));
#4529=DIRECTION('',(-1.,0.,0.));
#4530=DIRECTION('',(0.,-1.,0.));
#4531=DIRECTION('',(1.,0.,0.));
#4532=DIRECTION('',(1.,0.,1.88556899562696E-16));
#4533=DIRECTION('',(-1.88556899562696E-16,0.,1.));
#4534=DIRECTION('',(0.,1.,0.));
#4535=DIRECTION('',(1.88556899562696E-16,0.,-1.));
#4536=DIRECTION('',(0.,1.,0.));
#4537=DIRECTION('',(1.88556899562696E-16,0.,-1.));
#4538=DIRECTION('',(0.,0.,1.));
#4539=DIRECTION('',(0.,-1.,0.));
#4540=DIRECTION('',(1.,0.,0.));
#4541=DIRECTION('',(0.,1.,0.));
#4542=DIRECTION('',(1.,0.,0.));
#4543=DIRECTION('',(-1.,0.,-1.41417674672022E-16));
#4544=DIRECTION('',(1.41417674672022E-16,0.,-1.));
#4545=DIRECTION('',(-1.41417674672022E-16,0.,1.));
#4546=DIRECTION('',(0.,1.,0.));
#4547=DIRECTION('',(-1.41417674672022E-16,0.,1.));
#4548=DIRECTION('',(0.,0.,-1.));
#4549=DIRECTION('',(0.,1.,0.));
#4550=DIRECTION('',(-1.,0.,0.));
#4551=DIRECTION('',(-1.,0.,0.));
#4552=DIRECTION('',(0.,-1.,0.));
#4553=DIRECTION('',(1.,0.,0.));
#4554=DIRECTION('',(-1.,0.,0.));
#4555=DIRECTION('',(0.,-1.,0.));
#4556=DIRECTION('',(0.,0.,1.));
#4557=DIRECTION('',(0.,1.,0.));
#4558=DIRECTION('',(0.,0.,1.));
#4559=DIRECTION('',(0.,1.,0.));
#4560=DIRECTION('',(0.,0.,1.));
#4561=DIRECTION('',(0.,-1.,0.));
#4562=DIRECTION('',(1.,0.,0.));
#4563=DIRECTION('',(1.,0.,0.));
#4564=DIRECTION('',(0.,1.,0.));
#4565=DIRECTION('',(1.,0.,0.));
#4566=DIRECTION('',(0.,1.,0.));
#4567=DIRECTION('',(0.,0.,-1.));
#4568=DIRECTION('',(0.,0.,-1.));
#4569=DIRECTION('',(0.,1.,0.));
#4570=DIRECTION('',(0.,0.,-1.));
#4571=DIRECTION('',(0.,1.,0.));
#4572=DIRECTION('',(-1.,0.,0.));
#4573=DIRECTION('',(-1.,0.,0.));
#4574=DIRECTION('',(0.,-1.,0.));
#4575=DIRECTION('',(1.,0.,0.));
#4576=DIRECTION('',(0.,-1.,0.));
#4577=DIRECTION('',(1.,0.,0.));
#4578=DIRECTION('',(-1.,0.,0.));
#4579=DIRECTION('',(0.,0.,-1.));
#4580=DIRECTION('',(1.,0.,0.));
#4581=DIRECTION('',(-0.721034337340711,0.,-0.692899332064652));
#4582=DIRECTION('',(0.,0.,-1.));
#4583=DIRECTION('',(0.720984077089344,0.,0.692951629324606));
#4584=DIRECTION('',(0.674319328149854,0.,-0.738439871406961));
#4585=DIRECTION('',(0.,0.,1.));
#4586=DIRECTION('',(-0.67445441849086,0.,0.738316488626765));
#4587=DIRECTION('',(1.,0.,0.));
#4588=DIRECTION('',(0.,0.,1.));
#4589=DIRECTION('',(-1.,0.,0.));
#4590=DIRECTION('',(0.,-1.,0.));
#4591=DIRECTION('',(0.,0.,1.));
#4592=DIRECTION('',(0.,1.,0.));
#4593=DIRECTION('',(0.,1.,0.));
#4594=DIRECTION('',(0.,0.,1.));
#4595=DIRECTION('',(0.,-1.,0.));
#4596=DIRECTION('',(1.,0.,0.));
#4597=DIRECTION('',(0.,1.,0.));
#4598=DIRECTION('',(-0.738316488626765,0.,-0.67445441849086));
#4599=DIRECTION('',(0.67445441849086,0.,-0.738316488626765));
#4600=DIRECTION('',(-0.67445441849086,0.,0.738316488626765));
#4601=DIRECTION('',(0.,1.,0.));
#4602=DIRECTION('',(-1.,0.,0.));
#4603=DIRECTION('',(0.,-1.,0.));
#4604=DIRECTION('',(0.,0.,1.));
#4605=DIRECTION('',(0.,1.,0.));
#4606=DIRECTION('',(0.738439871406961,0.,0.674319328149854));
#4607=DIRECTION('',(-0.674319328149854,0.,0.738439871406961));
#4608=DIRECTION('',(0.674319328149854,0.,-0.738439871406961));
#4609=DIRECTION('',(0.,1.,0.));
#4610=DIRECTION('',(-0.692951629324606,0.,0.720984077089344));
#4611=DIRECTION('',(-0.720984077089344,0.,-0.692951629324606));
#4612=DIRECTION('',(0.720984077089344,0.,0.692951629324606));
#4613=DIRECTION('',(0.,1.,0.));
#4614=DIRECTION('',(1.,0.,0.));
#4615=DIRECTION('',(0.,1.,0.));
#4616=DIRECTION('',(0.,0.,-1.));
#4617=DIRECTION('',(0.,1.,0.));
#4618=DIRECTION('',(0.692899332064652,0.,-0.721034337340711));
#4619=DIRECTION('',(0.721034337340711,0.,0.692899332064652));
#4620=DIRECTION('',(-0.721034337340711,0.,-0.692899332064652));
#4621=DIRECTION('',(0.,1.,0.));
#4622=DIRECTION('',(0.,0.,1.));
#4623=DIRECTION('',(0.,-1.,0.));
#4624=DIRECTION('',(1.,0.,0.));
#4625=DIRECTION('',(0.,1.,0.));
#4626=DIRECTION('',(1.,0.,0.));
#4627=DIRECTION('',(0.,1.,0.));
#4628=DIRECTION('',(0.,0.,-1.));
#4629=DIRECTION('',(0.,1.,0.));
#4630=DIRECTION('',(0.,0.,-1.));
#4631=DIRECTION('',(0.,1.,0.));
#4632=DIRECTION('',(-1.,0.,0.));
#4633=DIRECTION('',(0.,-1.,0.));
#4634=DIRECTION('',(1.,0.,0.));
#4635=DIRECTION('',(1.,0.,0.));
#4636=DIRECTION('',(0.,0.,1.));
#4637=DIRECTION('',(0.,0.,-1.));
#4638=DIRECTION('',(1.,0.,0.));
#4639=DIRECTION('',(0.,1.,0.));
#4640=DIRECTION('',(0.,1.,0.));
#4641=DIRECTION('',(0.,0.,-1.));
#4642=DIRECTION('',(0.,1.,0.));
#4643=DIRECTION('',(0.,1.,0.));
#4644=DIRECTION('',(0.,1.,0.));
#4645=DIRECTION('',(0.,1.,0.));
#4646=DIRECTION('',(0.,1.,0.));
#4647=DIRECTION('',(-1.,0.,0.));
#4648=DIRECTION('',(0.,-1.,0.));
#4649=DIRECTION('',(0.,1.,0.));
#4650=DIRECTION('',(0.,0.,1.));
#4651=DIRECTION('',(0.,0.,1.));
#4652=DIRECTION('',(0.,-1.,0.));
#4653=DIRECTION('',(1.,0.,0.));
#4654=DIRECTION('',(0.,0.,-1.));
#4655=DIRECTION('',(0.,1.,0.));
#4656=DIRECTION('',(-1.,0.,0.));
#4657=DIRECTION('',(0.,1.,0.));
#4658=DIRECTION('',(-1.,0.,0.));
#4659=DIRECTION('',(0.,1.,0.));
#4660=DIRECTION('',(-1.,0.,0.));
#4661=DIRECTION('',(0.,-1.,0.));
#4662=DIRECTION('',(0.,0.,1.));
#4663=DIRECTION('',(0.,0.,1.));
#4664=DIRECTION('',(0.,1.,0.));
#4665=DIRECTION('',(0.,1.,0.));
#4666=DIRECTION('',(0.,1.,0.));
#4667=DIRECTION('',(0.,1.,0.));
#4668=DIRECTION('',(1.,0.,0.));
#4669=DIRECTION('',(0.,1.,0.));
#4670=DIRECTION('',(0.,0.,-1.));
#4671=DIRECTION('',(0.,0.,-1.));
#4672=DIRECTION('',(0.,-1.,0.));
#4673=DIRECTION('',(1.,0.,0.));
#4674=DIRECTION('',(0.,-1.,0.));
#4675=DIRECTION('',(1.,0.,0.));
#4676=DIRECTION('',(-1.,0.,0.));
#4677=DIRECTION('',(0.,0.,-1.));
#4678=DIRECTION('',(1.,0.,0.));
#4679=DIRECTION('',(0.,0.,1.));
#4680=DIRECTION('',(1.,0.,0.));
#4681=DIRECTION('',(0.,0.,1.));
#4682=DIRECTION('',(-1.,0.,0.));
#4683=DIRECTION('',(0.,-1.,0.));
#4684=DIRECTION('',(0.,0.,1.));
#4685=DIRECTION('',(0.,1.,0.));
#4686=DIRECTION('',(0.,1.,0.));
#4687=DIRECTION('',(0.,0.,1.));
#4688=DIRECTION('',(0.,-1.,0.));
#4689=DIRECTION('',(1.,0.,0.));
#4690=DIRECTION('',(0.,1.,0.));
#4691=DIRECTION('',(-1.,0.,0.));
#4692=DIRECTION('',(0.,-1.,0.));
#4693=DIRECTION('',(0.,0.,1.));
#4694=DIRECTION('',(0.,1.,0.));
#4695=DIRECTION('',(0.,0.,1.));
#4696=DIRECTION('',(0.,-1.,0.));
#4697=DIRECTION('',(1.,0.,0.));
#4698=DIRECTION('',(0.,1.,0.));
#4699=DIRECTION('',(1.,0.,0.));
#4700=DIRECTION('',(0.,1.,0.));
#4701=DIRECTION('',(0.,0.,-1.));
#4702=DIRECTION('',(0.,1.,0.));
#4703=DIRECTION('',(0.,0.,-1.));
#4704=DIRECTION('',(0.,1.,0.));
#4705=DIRECTION('',(-1.,0.,0.));
#4706=DIRECTION('',(0.,-1.,0.));
#4707=DIRECTION('',(1.,0.,0.));
#4708=DIRECTION('',(-1.,0.,0.));
#4709=DIRECTION('',(0.,0.,1.));
#4710=DIRECTION('',(0.,0.,-1.));
#4711=DIRECTION('',(1.,0.,0.));
#4712=DIRECTION('',(0.,1.,0.));
#4713=DIRECTION('',(0.,0.,-1.));
#4714=DIRECTION('',(0.,1.,0.));
#4715=DIRECTION('',(0.,1.,0.));
#4716=DIRECTION('',(0.,1.,0.));
#4717=DIRECTION('',(0.,1.,0.));
#4718=DIRECTION('',(0.,1.,0.));
#4719=DIRECTION('',(0.,1.,0.));
#4720=DIRECTION('',(0.,1.,0.));
#4721=DIRECTION('',(0.,1.,0.));
#4722=DIRECTION('',(0.,1.,0.));
#4723=DIRECTION('',(-1.,0.,0.));
#4724=DIRECTION('',(0.,-1.,0.));
#4725=DIRECTION('',(0.,0.,1.));
#4726=DIRECTION('',(0.,1.,0.));
#4727=DIRECTION('',(0.,1.,0.));
#4728=DIRECTION('',(0.,1.,0.));
#4729=DIRECTION('',(0.,1.,0.));
#4730=DIRECTION('',(0.,1.,0.));
#4731=DIRECTION('',(0.,0.,-1.));
#4732=DIRECTION('',(0.,1.,0.));
#4733=DIRECTION('',(-1.,0.,0.));
#4734=DIRECTION('',(0.,1.,0.));
#4735=DIRECTION('',(0.,1.,0.));
#4736=DIRECTION('',(0.,1.,0.));
#4737=DIRECTION('',(0.,-1.,0.));
#4738=DIRECTION('',(1.,0.,0.));
#4739=DIRECTION('',(0.,0.,1.));
#4740=DIRECTION('',(-0.97960270064149,0.,0.200944143721331));
#4741=DIRECTION('',(0.,0.,1.));
#4742=DIRECTION('',(0.979651628141621,0.,-0.200705474463135));
#4743=DIRECTION('',(0.,0.,-1.));
#4744=DIRECTION('',(1.,0.,0.));
#4745=DIRECTION('',(0.,0.,1.));
#4746=DIRECTION('',(0.,-1.,0.));
#4747=DIRECTION('',(1.,0.,0.));
#4748=DIRECTION('',(0.,1.,0.));
#4749=DIRECTION('',(0.,1.,0.));
#4750=DIRECTION('',(1.,0.,0.));
#4751=DIRECTION('',(0.,1.,0.));
#4752=DIRECTION('',(0.,0.,-1.));
#4753=DIRECTION('',(0.,1.,0.));
#4754=DIRECTION('',(0.200705474463135,0.,0.979651628141621));
#4755=DIRECTION('',(-0.979651628141621,0.,0.200705474463135));
#4756=DIRECTION('',(0.979651628141621,0.,-0.200705474463135));
#4757=DIRECTION('',(0.,1.,0.));
#4758=DIRECTION('',(0.,1.,0.));
#4759=DIRECTION('',(0.,1.,0.));
#4760=DIRECTION('',(0.,1.,0.));
#4761=DIRECTION('',(0.,1.,0.));
#4762=DIRECTION('',(-1.,0.,0.));
#4763=DIRECTION('',(0.,-1.,0.));
#4764=DIRECTION('',(0.,0.,1.));
#4765=DIRECTION('',(0.,1.,0.));
#4766=DIRECTION('',(0.,1.,0.));
#4767=DIRECTION('',(0.,1.,0.));
#4768=DIRECTION('',(0.,1.,0.));
#4769=DIRECTION('',(0.,1.,0.));
#4770=DIRECTION('',(-0.200944143721331,0.,-0.97960270064149));
#4771=DIRECTION('',(0.97960270064149,0.,-0.200944143721331));
#4772=DIRECTION('',(-0.97960270064149,0.,0.200944143721331));
#4773=DIRECTION('',(0.,1.,0.));
#4774=DIRECTION('',(-1.,0.,0.));
#4775=DIRECTION('',(0.,-1.,0.));
#4776=DIRECTION('',(0.,0.,1.));
#4777=DIRECTION('',(0.,-1.,0.));
#4778=DIRECTION('',(1.,0.,0.));
#4779=DIRECTION('',(-1.,0.,0.));
#4780=DIRECTION('',(0.,0.,-1.));
#4781=DIRECTION('',(1.,0.,0.));
#4782=DIRECTION('',(0.,0.,1.));
#4783=DIRECTION('',(1.,0.,0.));
#4784=DIRECTION('',(0.,0.,1.));
#4785=DIRECTION('',(-1.,0.,0.));
#4786=DIRECTION('',(0.,-1.,0.));
#4787=DIRECTION('',(0.,0.,1.));
#4788=DIRECTION('',(0.,1.,0.));
#4789=DIRECTION('',(0.,1.,0.));
#4790=DIRECTION('',(0.,0.,1.));
#4791=DIRECTION('',(0.,-1.,0.));
#4792=DIRECTION('',(1.,0.,0.));
#4793=DIRECTION('',(0.,1.,0.));
#4794=DIRECTION('',(-1.,0.,0.));
#4795=DIRECTION('',(0.,-1.,0.));
#4796=DIRECTION('',(0.,0.,1.));
#4797=DIRECTION('',(0.,1.,0.));
#4798=DIRECTION('',(0.,0.,1.));
#4799=DIRECTION('',(0.,-1.,0.));
#4800=DIRECTION('',(1.,0.,0.));
#4801=DIRECTION('',(0.,1.,0.));
#4802=DIRECTION('',(1.,0.,0.));
#4803=DIRECTION('',(0.,1.,0.));
#4804=DIRECTION('',(0.,0.,-1.));
#4805=DIRECTION('',(0.,1.,0.));
#4806=DIRECTION('',(0.,0.,-1.));
#4807=DIRECTION('',(0.,1.,0.));
#4808=DIRECTION('',(-1.,0.,0.));
#4809=DIRECTION('',(0.,-1.,0.));
#4810=DIRECTION('',(1.,0.,0.));
#4811=DIRECTION('',(-0.920967251068559,0.,-0.389639990836698));
#4812=DIRECTION('',(0.,0.,-1.));
#4813=DIRECTION('',(0.920967251068559,0.,-0.389639990836698));
#4814=DIRECTION('',(0.,0.,1.));
#4815=DIRECTION('',(-0.920999559573798,0.,0.389563616454194));
#4816=DIRECTION('',(0.920999559573798,0.,0.389563616454195));
#4817=DIRECTION('',(0.,0.,1.));
#4818=DIRECTION('',(-1.,0.,0.));
#4819=DIRECTION('',(0.,-1.,0.));
#4820=DIRECTION('',(0.,0.,1.));
#4821=DIRECTION('',(0.,1.,0.));
#4822=DIRECTION('',(0.,1.,0.));
#4823=DIRECTION('',(-0.389563616454195,0.,0.920999559573798));
#4824=DIRECTION('',(-0.920999559573798,0.,-0.389563616454195));
#4825=DIRECTION('',(0.920999559573798,0.,0.389563616454195));
#4826=DIRECTION('',(0.,1.,0.));
#4827=DIRECTION('',(-0.389563616454194,0.,-0.920999559573798));
#4828=DIRECTION('',(0.920999559573798,0.,-0.389563616454194));
#4829=DIRECTION('',(-0.920999559573798,0.,0.389563616454194));
#4830=DIRECTION('',(0.,1.,0.));
#4831=DIRECTION('',(-1.,0.,0.));
#4832=DIRECTION('',(0.,-1.,0.));
#4833=DIRECTION('',(0.,0.,1.));
#4834=DIRECTION('',(0.,1.,0.));
#4835=DIRECTION('',(0.389639990836698,0.,0.920967251068559));
#4836=DIRECTION('',(-0.920967251068559,0.,0.389639990836698));
#4837=DIRECTION('',(0.920967251068559,0.,-0.389639990836698));
#4838=DIRECTION('',(0.,1.,0.));
#4839=DIRECTION('',(1.,0.,0.));
#4840=DIRECTION('',(0.,1.,0.));
#4841=DIRECTION('',(0.,0.,-1.));
#4842=DIRECTION('',(0.,1.,0.));
#4843=DIRECTION('',(0.389639990836698,0.,-0.920967251068559));
#4844=DIRECTION('',(0.920967251068559,0.,0.389639990836698));
#4845=DIRECTION('',(-0.920967251068559,0.,-0.389639990836698));
#4846=DIRECTION('',(0.,-1.,0.));
#4847=DIRECTION('',(1.,0.,0.));
#4848=DIRECTION('',(0.,-1.,0.));
#4849=DIRECTION('',(1.,0.,0.));
#4850=DIRECTION('',(0.,-1.,0.));
#4851=DIRECTION('',(1.,0.,0.));
#4852=DIRECTION('',(0.,-1.,0.));
#4853=DIRECTION('',(1.,0.,0.));
#4854=DIRECTION('',(0.,-1.,0.));
#4855=DIRECTION('',(1.,0.,0.));
#4856=DIRECTION('',(0.,-1.,0.));
#4857=DIRECTION('',(1.,0.,0.));
#4858=DIRECTION('',(0.,-1.,0.));
#4859=DIRECTION('',(1.,0.,0.));
#4860=DIRECTION('',(0.,-1.,0.));
#4861=DIRECTION('',(1.,0.,0.));
#4862=DIRECTION('',(0.,-1.,0.));
#4863=DIRECTION('',(1.,0.,0.));
#4864=DIRECTION('',(0.,0.,-1.));
#4865=DIRECTION('',(0.,1.,0.));
#4866=DIRECTION('',(-1.,0.,0.));
#4867=DIRECTION('',(0.,1.,0.));
#4868=DIRECTION('',(-1.,0.,0.));
#4869=DIRECTION('',(0.,1.,0.));
#4870=DIRECTION('',(-1.,0.,0.));
#4871=DIRECTION('',(0.,-1.,0.));
#4872=DIRECTION('',(0.,0.,1.));
#4873=DIRECTION('',(0.,0.,1.));
#4874=DIRECTION('',(0.,1.,0.));
#4875=DIRECTION('',(0.,0.,1.));
#4876=DIRECTION('',(0.,-1.,0.));
#4877=DIRECTION('',(1.,0.,0.));
#4878=DIRECTION('',(1.,0.,0.));
#4879=DIRECTION('',(0.,1.,0.));
#4880=DIRECTION('',(1.,0.,8.03112720359633E-17));
#4881=DIRECTION('',(-8.03112720359633E-17,0.,1.));
#4882=DIRECTION('',(8.03112720359633E-17,0.,-1.));
#4883=DIRECTION('',(8.03112720359633E-17,0.,-1.));
#4884=DIRECTION('',(0.,-1.,0.));
#4885=DIRECTION('',(1.,0.,0.));
#4886=DIRECTION('',(0.,-1.,0.));
#4887=DIRECTION('',(1.,0.,0.));
#4888=DIRECTION('',(0.,-1.,0.));
#4889=DIRECTION('',(1.,0.,0.));
#4890=DIRECTION('',(0.,-1.,0.));
#4891=DIRECTION('',(1.,0.,0.));
#4892=DIRECTION('',(0.,-1.,0.));
#4893=DIRECTION('',(1.,0.,0.));
#4894=DIRECTION('',(0.,-1.,0.));
#4895=DIRECTION('',(1.,0.,0.));
#4896=DIRECTION('',(0.,-1.,0.));
#4897=DIRECTION('',(1.,0.,0.));
#4898=DIRECTION('',(0.,-1.,0.));
#4899=DIRECTION('',(1.,0.,0.));
#4900=DIRECTION('',(0.,-1.,0.));
#4901=DIRECTION('',(1.,0.,0.));
#4902=DIRECTION('',(0.,-1.,0.));
#4903=DIRECTION('',(1.,0.,0.));
#4904=DIRECTION('',(0.,-1.,0.));
#4905=DIRECTION('',(1.,0.,0.));
#4906=DIRECTION('',(0.,1.,0.));
#4907=DIRECTION('',(-1.,0.,0.));
#4908=DIRECTION('',(0.,-1.,0.));
#4909=DIRECTION('',(1.,0.,0.));
#4910=DIRECTION('',(0.,-1.,0.));
#4911=DIRECTION('',(1.,0.,0.));
#4912=DIRECTION('',(0.,1.,0.));
#4913=DIRECTION('',(-1.,0.,0.));
#4914=DIRECTION('',(0.,-1.,0.));
#4915=DIRECTION('',(1.,0.,0.));
#4916=DIRECTION('',(0.,-1.,0.));
#4917=DIRECTION('',(1.,0.,0.));
#4918=CARTESIAN_POINT('',(0.,0.,0.));
#4919=CARTESIAN_POINT('',(0.0046,0.0031,0.00525));
#4920=CARTESIAN_POINT('',(0.0046,0.0031,0.00525));
#4921=CARTESIAN_POINT('',(0.0041,0.0031,0.00475));
#4922=CARTESIAN_POINT('',(0.0046,0.0031,0.00525));
#4923=CARTESIAN_POINT('',(0.0041,0.0031,0.00475));
#4924=CARTESIAN_POINT('',(0.0041,0.0008,0.00475));
#4925=CARTESIAN_POINT('',(-0.000324999999999992,0.0008,0.000324999999999991));
#4926=CARTESIAN_POINT('',(0.0046,0.0008,0.00525));
#4927=CARTESIAN_POINT('',(0.0046,0.0031,0.00525));
#4928=CARTESIAN_POINT('',(0.0066,0.0031,0.00475));
#4929=CARTESIAN_POINT('',(0.0066,0.0031,0.00475));
#4930=CARTESIAN_POINT('',(0.0061,0.0031,0.00525));
#4931=CARTESIAN_POINT('',(0.0066,0.0031,0.00475));
#4932=CARTESIAN_POINT('',(0.0061,0.0031,0.00525));
#4933=CARTESIAN_POINT('',(0.0061,0.0008,0.00525));
#4934=CARTESIAN_POINT('',(0.005675,0.0008,0.005675));
#4935=CARTESIAN_POINT('',(0.0066,0.0008,0.00475));
#4936=CARTESIAN_POINT('',(0.0066,0.0031,0.00475));
#4937=CARTESIAN_POINT('',(0.0061,0.0031,-0.00525));
#4938=CARTESIAN_POINT('',(0.0061,0.0031,-0.00525));
#4939=CARTESIAN_POINT('',(0.0066,0.0031,-0.00475));
#4940=CARTESIAN_POINT('',(0.0061,0.0031,-0.00525));
#4941=CARTESIAN_POINT('',(0.0066,0.0031,-0.00475));
#4942=CARTESIAN_POINT('',(0.0066,0.0008,-0.00475));
#4943=CARTESIAN_POINT('',(0.005675,0.0008,-0.005675));
#4944=CARTESIAN_POINT('',(0.0061,0.0008,-0.00525));
#4945=CARTESIAN_POINT('',(0.0061,0.0031,-0.00525));
#4946=CARTESIAN_POINT('',(0.0041,0.0031,-0.00475));
#4947=CARTESIAN_POINT('',(0.0041,0.0031,-0.00475));
#4948=CARTESIAN_POINT('',(0.0046,0.0031,-0.00525));
#4949=CARTESIAN_POINT('',(0.0041,0.0031,-0.00475));
#4950=CARTESIAN_POINT('',(0.0046,0.0031,-0.00525));
#4951=CARTESIAN_POINT('',(0.0046,0.0008,-0.00525));
#4952=CARTESIAN_POINT('',(-0.000325,0.0008,-0.000325));
#4953=CARTESIAN_POINT('',(0.0041,0.0008,-0.00475));
#4954=CARTESIAN_POINT('',(0.0041,0.0031,-0.00475));
#4955=CARTESIAN_POINT('',(0.00485,-0.0012,-0.0037));
#4956=CARTESIAN_POINT('',(0.00551666666666667,-0.00153333333333333,-0.00403333333333333));
#4957=CARTESIAN_POINT('',(0.00585,-0.0012,-0.0037));
#4958=CARTESIAN_POINT('',(0.00625,-0.0008,-0.0033));
#4959=CARTESIAN_POINT('',(0.00585,-0.0008,-0.0033));
#4960=CARTESIAN_POINT('',(0.00445,-0.0008,-0.0033));
#4961=CARTESIAN_POINT('',(0.00485,-0.0012,-0.0037));
#4962=CARTESIAN_POINT('',(0.00485,-0.0012,-0.0037));
#4963=CARTESIAN_POINT('',(0.00485,-0.0012,-0.0037));
#4964=CARTESIAN_POINT('',(0.00485,-0.0012,0.0017));
#4965=CARTESIAN_POINT('',(0.00688333333333331,-0.00323333333333334,-0.00236666666666667));
#4966=CARTESIAN_POINT('',(0.00445,-0.0008,-0.0048));
#4967=CARTESIAN_POINT('',(0.00485,-0.0012,-0.0044));
#4968=CARTESIAN_POINT('',(0.00485,-0.0012,0.0044));
#4969=CARTESIAN_POINT('',(0.00445,-0.0008,-5.51394247721199E-18));
#4970=CARTESIAN_POINT('',(0.00585,-0.0012,0.0017));
#4971=CARTESIAN_POINT('',(0.00381666666666668,-0.00323333333333334,-0.00236666666666667));
#4972=CARTESIAN_POINT('',(0.00585,-0.0012,-0.0044));
#4973=CARTESIAN_POINT('',(0.00625,-0.0008,-0.0048));
#4974=CARTESIAN_POINT('',(0.00625,-0.0008,0.));
#4975=CARTESIAN_POINT('',(0.00585,-0.0012,0.0044));
#4976=CARTESIAN_POINT('',(0.00485,-0.0012,-0.0044));
#4977=CARTESIAN_POINT('',(0.00485,-0.0008,-0.0048));
#4978=CARTESIAN_POINT('',(0.00585,-0.0012,-0.0044));
#4979=CARTESIAN_POINT('',(0.00485,-0.0012,-0.001));
#4980=CARTESIAN_POINT('',(0.00551666666666667,-0.00153333333333333,-0.00133333333333333));
#4981=CARTESIAN_POINT('',(0.00585,-0.0012,-0.001));
#4982=CARTESIAN_POINT('',(0.00625,-0.0008,-0.0006));
#4983=CARTESIAN_POINT('',(0.00585,-0.0008,-0.0006));
#4984=CARTESIAN_POINT('',(0.00445,-0.0008,-0.0006));
#4985=CARTESIAN_POINT('',(0.00485,-0.0012,-0.001));
#4986=CARTESIAN_POINT('',(0.00485,-0.0012,-0.001));
#4987=CARTESIAN_POINT('',(0.00485,-0.0012,-0.001));
#4988=CARTESIAN_POINT('',(0.00485,-0.0012,0.0017));
#4989=CARTESIAN_POINT('',(0.00598333333333332,-0.00233333333333334,-0.000566666666666669));
#4990=CARTESIAN_POINT('',(0.00445,-0.0008,-0.0021));
#4991=CARTESIAN_POINT('',(0.00485,-0.0012,-0.0017));
#4992=CARTESIAN_POINT('',(0.00485,-0.0012,0.0044));
#4993=CARTESIAN_POINT('',(0.00445,-0.0008,-5.51394247721199E-18));
#4994=CARTESIAN_POINT('',(0.00585,-0.0012,0.0017));
#4995=CARTESIAN_POINT('',(0.00471666666666667,-0.00233333333333334,-0.000566666666666672));
#4996=CARTESIAN_POINT('',(0.00585,-0.0012,-0.0017));
#4997=CARTESIAN_POINT('',(0.00625,-0.0008,-0.0021));
#4998=CARTESIAN_POINT('',(0.00625,-0.0008,0.));
#4999=CARTESIAN_POINT('',(0.00585,-0.0012,0.0044));
#5000=CARTESIAN_POINT('',(0.00485,-0.0012,-0.0017));
#5001=CARTESIAN_POINT('',(0.00485,-0.0008,-0.0021));
#5002=CARTESIAN_POINT('',(0.00585,-0.0012,-0.0017));
#5003=CARTESIAN_POINT('',(0.00585,-0.0012,0.0017));
#5004=CARTESIAN_POINT('',(0.00651666666666666,-0.000533333333333334,0.00303333333333334));
#5005=CARTESIAN_POINT('',(0.00585,-0.0012,0.0037));
#5006=CARTESIAN_POINT('',(0.00625,-0.0008,0.0033));
#5007=CARTESIAN_POINT('',(0.00625,-0.0008,0.));
#5008=CARTESIAN_POINT('',(0.00625,-0.0008,0.0048));
#5009=CARTESIAN_POINT('',(0.00495,-0.0021,0.0035));
#5010=CARTESIAN_POINT('',(0.00585,-0.0012,0.0044));
#5011=CARTESIAN_POINT('',(0.00585,-0.0012,0.0044));
#5012=CARTESIAN_POINT('',(0.00485,-0.0012,0.0044));
#5013=CARTESIAN_POINT('',(0.00485,-0.0012,0.0044));
#5014=CARTESIAN_POINT('',(0.00445,-0.0008,0.0048));
#5015=CARTESIAN_POINT('',(0.00485,-0.0012,0.0044));
#5016=CARTESIAN_POINT('',(-0.00425,-0.0012,0.0044));
#5017=CARTESIAN_POINT('',(0.00585,-0.0008,0.0048));
#5018=CARTESIAN_POINT('',(0.00485,-0.0012,0.0037));
#5019=CARTESIAN_POINT('',(0.00485,-0.0012,0.0037));
#5020=CARTESIAN_POINT('',(0.00485,-0.0012,0.0037));
#5021=CARTESIAN_POINT('',(0.00445,-0.0008,0.0033));
#5022=CARTESIAN_POINT('',(0.00485,-0.0008,0.0033));
#5023=CARTESIAN_POINT('',(0.00585,-0.0012,0.0037));
#5024=CARTESIAN_POINT('',(0.00485,-0.0012,0.0017));
#5025=CARTESIAN_POINT('',(0.00445,-0.0008,-5.51394247721199E-18));
#5026=CARTESIAN_POINT('',(0.00485,-0.0012,0.0044));
#5027=CARTESIAN_POINT('',(0.00585,-0.0012,0.0017));
#5028=CARTESIAN_POINT('',(0.00551666666666667,-0.00153333333333333,0.00133333333333333));
#5029=CARTESIAN_POINT('',(0.00585,-0.0012,0.001));
#5030=CARTESIAN_POINT('',(0.00625,-0.0008,0.0006));
#5031=CARTESIAN_POINT('',(0.00625,-0.0008,0.001));
#5032=CARTESIAN_POINT('',(0.00625,-0.0008,0.0021));
#5033=CARTESIAN_POINT('',(0.00551666666666667,-0.00153333333333333,0.00136666666666667));
#5034=CARTESIAN_POINT('',(0.00585,-0.0012,0.0017));
#5035=CARTESIAN_POINT('',(0.00585,-0.0012,0.0044));
#5036=CARTESIAN_POINT('',(0.00485,-0.0012,0.0017));
#5037=CARTESIAN_POINT('',(0.00485,-0.0012,0.0017));
#5038=CARTESIAN_POINT('',(0.00445,-0.0008,0.0021));
#5039=CARTESIAN_POINT('',(0.00485,-0.0012,0.0017));
#5040=CARTESIAN_POINT('',(0.00485,-0.0012,0.0017));
#5041=CARTESIAN_POINT('',(0.00585,-0.0008,0.0021));
#5042=CARTESIAN_POINT('',(0.00485,-0.0012,0.001));
#5043=CARTESIAN_POINT('',(0.00508333333333333,-0.00143333333333334,0.00123333333333333));
#5044=CARTESIAN_POINT('',(0.00485,-0.0012,0.001));
#5045=CARTESIAN_POINT('',(0.00445,-0.0008,0.0006));
#5046=CARTESIAN_POINT('',(0.00485,-0.0008,0.0006));
#5047=CARTESIAN_POINT('',(0.00585,-0.0012,0.001));
#5048=CARTESIAN_POINT('',(0.00485,-0.0012,0.0017));
#5049=CARTESIAN_POINT('',(0.00445,-0.0008,0.0017));
#5050=CARTESIAN_POINT('',(0.00485,-0.0012,0.0044));
#5051=CARTESIAN_POINT('',(0.,0.009,0.0042));
#5052=CARTESIAN_POINT('',(0.00645,0.0104,0.0028));
#5053=CARTESIAN_POINT('',(0.00505,0.009,0.0042));
#5054=CARTESIAN_POINT('',(0.00485,0.0088,0.0044));
#5055=CARTESIAN_POINT('',(-0.00425,0.0088,0.0044));
#5056=CARTESIAN_POINT('',(0.00585,0.0088,0.0044));
#5057=CARTESIAN_POINT('',(0.00425,0.0104,0.0028));
#5058=CARTESIAN_POINT('',(0.00565,0.009,0.0042));
#5059=CARTESIAN_POINT('',(0.00585,0.009,0.0042));
#5060=CARTESIAN_POINT('',(0.00565,0.009,0.));
#5061=CARTESIAN_POINT('',(0.00695,0.0077,0.0026));
#5062=CARTESIAN_POINT('',(0.00585,0.0088,0.0037));
#5063=CARTESIAN_POINT('',(0.00565,0.009,0.0039));
#5064=CARTESIAN_POINT('',(0.00565,0.009,0.0037));
#5065=CARTESIAN_POINT('',(0.00585,0.0088,0.0044));
#5066=CARTESIAN_POINT('',(0.00505,0.009,-6.25739539548777E-18));
#5067=CARTESIAN_POINT('',(0.00336666666666666,0.00731666666666666,0.00221666666666667));
#5068=CARTESIAN_POINT('',(0.00505,0.009,0.0039));
#5069=CARTESIAN_POINT('',(0.00485,0.0088,0.0037));
#5070=CARTESIAN_POINT('',(0.00485,0.0088,0.0037));
#5071=CARTESIAN_POINT('',(0.00505,0.009,0.0044));
#5072=CARTESIAN_POINT('',(0.,0.009,0.0039));
#5073=CARTESIAN_POINT('',(0.00585,0.0088,0.0037));
#5074=CARTESIAN_POINT('',(0.00485,0.009,0.0039));
#5075=CARTESIAN_POINT('',(0.,0.009,0.0015));
#5076=CARTESIAN_POINT('',(0.00555,0.0095,0.001));
#5077=CARTESIAN_POINT('',(0.00505,0.009,0.0015));
#5078=CARTESIAN_POINT('',(0.00485,0.0088,0.0017));
#5079=CARTESIAN_POINT('',(0.00485,0.0088,0.0017));
#5080=CARTESIAN_POINT('',(0.00585,0.0088,0.0017));
#5081=CARTESIAN_POINT('',(0.00515,0.0095,0.001));
#5082=CARTESIAN_POINT('',(0.00565,0.009,0.0015));
#5083=CARTESIAN_POINT('',(0.00585,0.009,0.0015));
#5084=CARTESIAN_POINT('',(0.00565,0.009,0.));
#5085=CARTESIAN_POINT('',(0.00605,0.0086,0.0008));
#5086=CARTESIAN_POINT('',(0.00585,0.0088,0.001));
#5087=CARTESIAN_POINT('',(0.00565,0.009,0.0012));
#5088=CARTESIAN_POINT('',(0.00565,0.009,0.001));
#5089=CARTESIAN_POINT('',(0.00585,0.0088,0.0044));
#5090=CARTESIAN_POINT('',(0.00505,0.009,-6.25739539548777E-18));
#5091=CARTESIAN_POINT('',(0.00336666666666668,0.00731666666666666,-0.00048333333333332));
#5092=CARTESIAN_POINT('',(0.00505,0.009,0.0012));
#5093=CARTESIAN_POINT('',(0.00485,0.0088,0.001));
#5094=CARTESIAN_POINT('',(0.00485,0.0088,0.0044));
#5095=CARTESIAN_POINT('',(0.00505,0.009,0.0017));
#5096=CARTESIAN_POINT('',(0.,0.009,0.0012));
#5097=CARTESIAN_POINT('',(0.00585,0.0088,0.001));
#5098=CARTESIAN_POINT('',(0.00485,0.009,0.0012));
#5099=CARTESIAN_POINT('',(0.,0.009,-0.0012));
#5100=CARTESIAN_POINT('',(0.00465,0.0086,-0.0008));
#5101=CARTESIAN_POINT('',(0.00505,0.009,-0.0012));
#5102=CARTESIAN_POINT('',(0.00485,0.0088,-0.001));
#5103=CARTESIAN_POINT('',(0.00485,0.0088,-0.001));
#5104=CARTESIAN_POINT('',(0.00585,0.0088,-0.001));
#5105=CARTESIAN_POINT('',(0.00605,0.0086,-0.0008));
#5106=CARTESIAN_POINT('',(0.00565,0.009,-0.0012));
#5107=CARTESIAN_POINT('',(0.00585,0.009,-0.0012));
#5108=CARTESIAN_POINT('',(0.00565,0.009,0.));
#5109=CARTESIAN_POINT('',(0.00515,0.0095,-0.001));
#5110=CARTESIAN_POINT('',(0.00585,0.0088,-0.0017));
#5111=CARTESIAN_POINT('',(0.00565,0.009,-0.0015));
#5112=CARTESIAN_POINT('',(0.00565,0.009,-0.0017));
#5113=CARTESIAN_POINT('',(0.00585,0.0088,0.0044));
#5114=CARTESIAN_POINT('',(0.00505,0.009,-6.25739539548777E-18));
#5115=CARTESIAN_POINT('',(0.00336666666666668,0.00731666666666667,-0.00318333333333332));
#5116=CARTESIAN_POINT('',(0.00505,0.009,-0.0015));
#5117=CARTESIAN_POINT('',(0.00485,0.0088,-0.0017));
#5118=CARTESIAN_POINT('',(0.00485,0.0088,0.0044));
#5119=CARTESIAN_POINT('',(0.00505,0.009,-0.001));
#5120=CARTESIAN_POINT('',(0.,0.009,-0.0015));
#5121=CARTESIAN_POINT('',(0.00585,0.0088,-0.0017));
#5122=CARTESIAN_POINT('',(0.00485,0.009,-0.0015));
#5123=CARTESIAN_POINT('',(0.,0.009,-0.0039));
#5124=CARTESIAN_POINT('',(0.00375,0.0077,-0.0026));
#5125=CARTESIAN_POINT('',(0.00505,0.009,-0.0039));
#5126=CARTESIAN_POINT('',(0.00485,0.0088,-0.0037));
#5127=CARTESIAN_POINT('',(0.00485,0.0088,-0.0037));
#5128=CARTESIAN_POINT('',(0.00585,0.0088,-0.0037));
#5129=CARTESIAN_POINT('',(0.00695,0.0077,-0.0026));
#5130=CARTESIAN_POINT('',(0.00565,0.009,-0.0039));
#5131=CARTESIAN_POINT('',(0.00585,0.009,-0.0039));
#5132=CARTESIAN_POINT('',(0.00565,0.009,0.));
#5133=CARTESIAN_POINT('',(0.00425,0.0104,-0.0028));
#5134=CARTESIAN_POINT('',(0.00585,0.0088,-0.0044));
#5135=CARTESIAN_POINT('',(0.00565,0.009,-0.0042));
#5136=CARTESIAN_POINT('',(0.00565,0.009,-0.0044));
#5137=CARTESIAN_POINT('',(0.00585,0.0088,0.0044));
#5138=CARTESIAN_POINT('',(0.00505,0.009,-6.25739539548777E-18));
#5139=CARTESIAN_POINT('',(0.00336666666666668,0.00731666666666667,-0.00588333333333332));
#5140=CARTESIAN_POINT('',(0.00505,0.009,-0.0042));
#5141=CARTESIAN_POINT('',(0.00485,0.0088,-0.0044));
#5142=CARTESIAN_POINT('',(0.00485,0.0088,0.0044));
#5143=CARTESIAN_POINT('',(0.00505,0.009,-0.0037));
#5144=CARTESIAN_POINT('',(-3.64291929955129E-18,0.009,-0.0042));
#5145=CARTESIAN_POINT('',(0.00585,0.0088,-0.0044));
#5146=CARTESIAN_POINT('',(0.00485,0.009,-0.0042));
#5147=CARTESIAN_POINT('',(0.00485,-0.0027,-0.0044));
#5148=CARTESIAN_POINT('',(0.00551666666666666,-0.00303333333333333,-0.00406666666666666));
#5149=CARTESIAN_POINT('',(0.00585,-0.0027,-0.0044));
#5150=CARTESIAN_POINT('',(0.00565,-0.0029,-0.0042));
#5151=CARTESIAN_POINT('',(-3.64291929955129E-18,-0.0029,-0.0042));
#5152=CARTESIAN_POINT('',(0.00505,-0.0029,-0.0042));
#5153=CARTESIAN_POINT('',(0.00485,-0.0027,-0.0044));
#5154=CARTESIAN_POINT('',(0.00485,-0.0027,-0.0044));
#5155=CARTESIAN_POINT('',(0.00485,-0.0027,-0.0044));
#5156=CARTESIAN_POINT('',(0.00485,-0.0027,0.0044));
#5157=CARTESIAN_POINT('',(0.00214999999999997,-1.77809156287623E-17,-0.001));
#5158=CARTESIAN_POINT('',(0.00505,-0.0029,-0.0039));
#5159=CARTESIAN_POINT('',(0.00485,-0.0027,-0.0037));
#5160=CARTESIAN_POINT('',(0.00485,-0.0027,0.0044));
#5161=CARTESIAN_POINT('',(0.00505,-0.0029,-6.25739539548777E-18));
#5162=CARTESIAN_POINT('',(0.00585,-0.0027,0.0044));
#5163=CARTESIAN_POINT('',(0.00855,-5.63785129692462E-18,-0.000999999999999984));
#5164=CARTESIAN_POINT('',(0.00585,-0.0027,-0.0037));
#5165=CARTESIAN_POINT('',(0.00565,-0.0029,-0.0039));
#5166=CARTESIAN_POINT('',(0.00565,-0.0029,0.));
#5167=CARTESIAN_POINT('',(0.00585,-0.0027,0.0044));
#5168=CARTESIAN_POINT('',(0.00485,-0.0027,-0.0037));
#5169=CARTESIAN_POINT('',(0.,-0.0029,-0.0039));
#5170=CARTESIAN_POINT('',(0.00485,-0.0027,-0.0037));
#5171=CARTESIAN_POINT('',(0.00485,-0.0027,-0.0017));
#5172=CARTESIAN_POINT('',(0.00551666666666666,-0.00303333333333333,-0.00136666666666666));
#5173=CARTESIAN_POINT('',(0.00585,-0.0027,-0.0017));
#5174=CARTESIAN_POINT('',(0.00565,-0.0029,-0.0015));
#5175=CARTESIAN_POINT('',(0.,-0.0029,-0.0015));
#5176=CARTESIAN_POINT('',(0.00505,-0.0029,-0.0015));
#5177=CARTESIAN_POINT('',(0.00485,-0.0027,-0.0017));
#5178=CARTESIAN_POINT('',(0.00485,-0.0027,-0.0017));
#5179=CARTESIAN_POINT('',(0.00485,-0.0027,-0.0017));
#5180=CARTESIAN_POINT('',(0.00485,-0.0027,0.0044));
#5181=CARTESIAN_POINT('',(0.00305,-0.000900000000000011,0.0008));
#5182=CARTESIAN_POINT('',(0.00505,-0.0029,-0.0012));
#5183=CARTESIAN_POINT('',(0.00485,-0.0027,-0.001));
#5184=CARTESIAN_POINT('',(0.00485,-0.0027,0.0044));
#5185=CARTESIAN_POINT('',(0.00505,-0.0029,-6.25739539548777E-18));
#5186=CARTESIAN_POINT('',(0.00585,-0.0027,0.0044));
#5187=CARTESIAN_POINT('',(0.00765,-0.0009,0.00080000000000001));
#5188=CARTESIAN_POINT('',(0.00585,-0.0027,-0.001));
#5189=CARTESIAN_POINT('',(0.00565,-0.0029,-0.0012));
#5190=CARTESIAN_POINT('',(0.00565,-0.0029,0.));
#5191=CARTESIAN_POINT('',(0.00585,-0.0027,0.0044));
#5192=CARTESIAN_POINT('',(0.00485,-0.0027,-0.001));
#5193=CARTESIAN_POINT('',(0.,-0.0029,-0.0012));
#5194=CARTESIAN_POINT('',(0.00485,-0.0027,-0.001));
#5195=CARTESIAN_POINT('',(0.00485,-0.0027,0.001));
#5196=CARTESIAN_POINT('',(0.00551666666666666,-0.00303333333333333,0.00133333333333334));
#5197=CARTESIAN_POINT('',(0.00585,-0.0027,0.001));
#5198=CARTESIAN_POINT('',(0.00565,-0.0029,0.0012));
#5199=CARTESIAN_POINT('',(0.,-0.0029,0.0012));
#5200=CARTESIAN_POINT('',(0.00505,-0.0029,0.0012));
#5201=CARTESIAN_POINT('',(0.00485,-0.0027,0.001));
#5202=CARTESIAN_POINT('',(0.00485,-0.0027,0.001));
#5203=CARTESIAN_POINT('',(0.00485,-0.0027,0.001));
#5204=CARTESIAN_POINT('',(0.00485,-0.0027,0.0044));
#5205=CARTESIAN_POINT('',(0.00395,-0.0018,0.0026));
#5206=CARTESIAN_POINT('',(0.00505,-0.0029,0.0015));
#5207=CARTESIAN_POINT('',(0.00485,-0.0027,0.0017));
#5208=CARTESIAN_POINT('',(0.00485,-0.0027,0.0044));
#5209=CARTESIAN_POINT('',(0.00505,-0.0029,-6.25739539548777E-18));
#5210=CARTESIAN_POINT('',(0.00585,-0.0027,0.0044));
#5211=CARTESIAN_POINT('',(0.00675,-0.0018,0.0026));
#5212=CARTESIAN_POINT('',(0.00585,-0.0027,0.0017));
#5213=CARTESIAN_POINT('',(0.00565,-0.0029,0.0015));
#5214=CARTESIAN_POINT('',(0.00565,-0.0029,0.));
#5215=CARTESIAN_POINT('',(0.00585,-0.0027,0.0044));
#5216=CARTESIAN_POINT('',(0.00485,-0.0027,0.0017));
#5217=CARTESIAN_POINT('',(0.,-0.0029,0.0015));
#5218=CARTESIAN_POINT('',(0.00485,-0.0027,0.0017));
#5219=CARTESIAN_POINT('',(0.00485,-0.0027,0.0037));
#5220=CARTESIAN_POINT('',(0.00561666666666666,-0.00293333333333333,0.00393333333333334));
#5221=CARTESIAN_POINT('',(0.00585,-0.0027,0.0037));
#5222=CARTESIAN_POINT('',(0.00565,-0.0029,0.0039));
#5223=CARTESIAN_POINT('',(0.,-0.0029,0.0039));
#5224=CARTESIAN_POINT('',(0.00505,-0.0029,0.0039));
#5225=CARTESIAN_POINT('',(0.00508333333333333,-0.00293333333333333,0.00393333333333334));
#5226=CARTESIAN_POINT('',(0.00485,-0.0027,0.0037));
#5227=CARTESIAN_POINT('',(0.00485,-0.0027,0.0037));
#5228=CARTESIAN_POINT('',(0.00485,-0.0027,0.0044));
#5229=CARTESIAN_POINT('',(0.00485,-0.0027,0.0044));
#5230=CARTESIAN_POINT('',(0.00505,-0.0029,0.0042));
#5231=CARTESIAN_POINT('',(0.00485,-0.0027,0.0044));
#5232=CARTESIAN_POINT('',(0.00485,-0.0027,0.0044));
#5233=CARTESIAN_POINT('',(0.00505,-0.0029,-6.25739539548777E-18));
#5234=CARTESIAN_POINT('',(0.00585,-0.0027,0.0044));
#5235=CARTESIAN_POINT('',(0.00585,-0.0027,0.0044));
#5236=CARTESIAN_POINT('',(0.00585,-0.0027,0.0044));
#5237=CARTESIAN_POINT('',(0.00565,-0.0029,0.0042));
#5238=CARTESIAN_POINT('',(0.00565,-0.0029,0.));
#5239=CARTESIAN_POINT('',(0.00585,-0.0027,0.0044));
#5240=CARTESIAN_POINT('',(0.00485,-0.0027,0.0044));
#5241=CARTESIAN_POINT('',(0.,-0.0029,0.0042));
#5242=CARTESIAN_POINT('',(-0.00425,-0.0027,0.0044));
#5243=CARTESIAN_POINT('',(0.,-0.0029,0.));
#5244=CARTESIAN_POINT('',(0.00485,-0.0029,-0.0017));
#5245=CARTESIAN_POINT('',(0.00485,-0.0029,-0.0017));
#5246=CARTESIAN_POINT('',(0.00585,-0.0029,-0.0017));
#5247=CARTESIAN_POINT('',(0.00485,-0.0029,0.0044));
#5248=CARTESIAN_POINT('',(0.00485,-0.0029,-0.001));
#5249=CARTESIAN_POINT('',(0.00485,-0.0029,-0.001));
#5250=CARTESIAN_POINT('',(0.00585,-0.0029,-0.001));
#5251=CARTESIAN_POINT('',(0.00585,-0.0029,0.0044));
#5252=CARTESIAN_POINT('',(0.00585,-0.0029,0.0044));
#5253=CARTESIAN_POINT('',(0.00585,-0.0029,-0.0017));
#5254=CARTESIAN_POINT('',(0.00585,0.0031,-0.0017));
#5255=CARTESIAN_POINT('',(0.00585,-0.0029,-0.001));
#5256=CARTESIAN_POINT('',(0.00585,0.0031,-0.001));
#5257=CARTESIAN_POINT('',(0.00585,0.0031,0.));
#5258=CARTESIAN_POINT('',(0.00485,-0.0029,-0.001));
#5259=CARTESIAN_POINT('',(0.00485,-0.0029,-0.001));
#5260=CARTESIAN_POINT('',(0.00485,0.0031,-0.001));
#5261=CARTESIAN_POINT('',(0.,0.0031,-0.001));
#5262=CARTESIAN_POINT('',(0.00485,-0.0029,0.0044));
#5263=CARTESIAN_POINT('',(0.00485,-0.0029,-0.0017));
#5264=CARTESIAN_POINT('',(0.00485,0.0031,-0.0017));
#5265=CARTESIAN_POINT('',(0.00485,0.0031,-6.0095777560625E-18));
#5266=CARTESIAN_POINT('',(0.00485,-0.0029,-0.0017));
#5267=CARTESIAN_POINT('',(0.,0.0031,-0.0017));
#5268=CARTESIAN_POINT('',(0.,0.009,0.));
#5269=CARTESIAN_POINT('',(0.,-0.0029,0.));
#5270=CARTESIAN_POINT('',(0.00485,-0.0029,0.001));
#5271=CARTESIAN_POINT('',(0.00485,-0.0029,0.001));
#5272=CARTESIAN_POINT('',(0.00585,-0.0029,0.001));
#5273=CARTESIAN_POINT('',(0.00485,-0.0029,0.0044));
#5274=CARTESIAN_POINT('',(0.00485,-0.0029,0.0017));
#5275=CARTESIAN_POINT('',(0.00485,-0.0029,0.0017));
#5276=CARTESIAN_POINT('',(0.00585,-0.0029,0.0017));
#5277=CARTESIAN_POINT('',(0.00585,-0.0029,0.0044));
#5278=CARTESIAN_POINT('',(0.00585,-0.0029,0.0044));
#5279=CARTESIAN_POINT('',(0.00585,-0.0029,0.001));
#5280=CARTESIAN_POINT('',(0.00585,0.0031,0.001));
#5281=CARTESIAN_POINT('',(0.00585,-0.0029,0.0017));
#5282=CARTESIAN_POINT('',(0.00585,0.0031,0.0017));
#5283=CARTESIAN_POINT('',(0.00585,0.0031,0.));
#5284=CARTESIAN_POINT('',(0.00485,-0.0029,0.0017));
#5285=CARTESIAN_POINT('',(0.00485,-0.0029,0.0017));
#5286=CARTESIAN_POINT('',(0.00485,0.0031,0.0017));
#5287=CARTESIAN_POINT('',(0.,0.0031,0.0017));
#5288=CARTESIAN_POINT('',(0.00485,-0.0029,0.0044));
#5289=CARTESIAN_POINT('',(0.00485,-0.0029,0.001));
#5290=CARTESIAN_POINT('',(0.00485,0.0031,0.001));
#5291=CARTESIAN_POINT('',(0.00485,0.0031,-6.0095777560625E-18));
#5292=CARTESIAN_POINT('',(0.00485,-0.0029,0.001));
#5293=CARTESIAN_POINT('',(0.,0.0031,0.001));
#5294=CARTESIAN_POINT('',(0.,0.009,0.));
#5295=CARTESIAN_POINT('',(0.,-0.0029,0.));
#5296=CARTESIAN_POINT('',(0.00485,-0.0029,-0.0044));
#5297=CARTESIAN_POINT('',(0.00485,-0.0029,-0.0044));
#5298=CARTESIAN_POINT('',(0.00585,-0.0029,-0.0044));
#5299=CARTESIAN_POINT('',(0.00485,-0.0029,0.0044));
#5300=CARTESIAN_POINT('',(0.00485,-0.0029,-0.0037));
#5301=CARTESIAN_POINT('',(0.00485,-0.0029,-0.0037));
#5302=CARTESIAN_POINT('',(0.00585,-0.0029,-0.0037));
#5303=CARTESIAN_POINT('',(0.00585,-0.0029,0.0044));
#5304=CARTESIAN_POINT('',(0.00585,-0.0029,0.0044));
#5305=CARTESIAN_POINT('',(0.00585,-0.0029,-0.0044));
#5306=CARTESIAN_POINT('',(0.00585,0.0031,-0.0044));
#5307=CARTESIAN_POINT('',(0.00585,-0.0029,-0.0037));
#5308=CARTESIAN_POINT('',(0.00585,0.0031,-0.0037));
#5309=CARTESIAN_POINT('',(0.00585,0.0031,0.));
#5310=CARTESIAN_POINT('',(0.00485,-0.0029,-0.0037));
#5311=CARTESIAN_POINT('',(0.00485,-0.0029,-0.0037));
#5312=CARTESIAN_POINT('',(0.00485,0.0031,-0.0037));
#5313=CARTESIAN_POINT('',(0.,0.0031,-0.0037));
#5314=CARTESIAN_POINT('',(0.00485,-0.0029,0.0044));
#5315=CARTESIAN_POINT('',(0.00485,-0.0029,-0.0044));
#5316=CARTESIAN_POINT('',(0.00485,0.0031,-0.0044));
#5317=CARTESIAN_POINT('',(0.00485,0.0031,-6.0095777560625E-18));
#5318=CARTESIAN_POINT('',(0.00485,-0.0029,-0.0044));
#5319=CARTESIAN_POINT('',(-3.81639164714897E-18,0.0031,-0.0044));
#5320=CARTESIAN_POINT('',(0.,0.009,0.));
#5321=CARTESIAN_POINT('',(0.,-0.0029,0.));
#5322=CARTESIAN_POINT('',(0.00485,-0.0029,0.0037));
#5323=CARTESIAN_POINT('',(0.00485,-0.0029,0.0037));
#5324=CARTESIAN_POINT('',(0.00585,-0.0029,0.0037));
#5325=CARTESIAN_POINT('',(0.00485,-0.0029,0.0044));
#5326=CARTESIAN_POINT('',(0.00485,-0.0029,0.0044));
#5327=CARTESIAN_POINT('',(-0.00425,-0.002,0.0044));
#5328=CARTESIAN_POINT('',(0.00585,-0.002,0.0044));
#5329=CARTESIAN_POINT('',(0.00585,-0.0029,0.0044));
#5330=CARTESIAN_POINT('',(0.00585,-0.0029,0.0044));
#5331=CARTESIAN_POINT('',(0.00585,-0.0029,0.0037));
#5332=CARTESIAN_POINT('',(0.00585,0.0031,0.0037));
#5333=CARTESIAN_POINT('',(0.00585,-0.002,0.0044));
#5334=CARTESIAN_POINT('',(0.00585,0.0031,0.0044));
#5335=CARTESIAN_POINT('',(0.00585,0.0031,0.));
#5336=CARTESIAN_POINT('',(-0.00425,-0.002,0.0044));
#5337=CARTESIAN_POINT('',(0.00485,-0.0029,0.0044));
#5338=CARTESIAN_POINT('',(0.00485,0.0031,0.0044));
#5339=CARTESIAN_POINT('',(0.,0.0031,0.0044));
#5340=CARTESIAN_POINT('',(0.00485,-0.0029,0.0044));
#5341=CARTESIAN_POINT('',(0.00485,-0.0029,0.0037));
#5342=CARTESIAN_POINT('',(0.00485,0.0031,0.0037));
#5343=CARTESIAN_POINT('',(0.00485,0.0031,-6.0095777560625E-18));
#5344=CARTESIAN_POINT('',(0.00485,-0.0029,0.0037));
#5345=CARTESIAN_POINT('',(0.,0.0031,0.0037));
#5346=CARTESIAN_POINT('',(0.,0.009,0.));
#5347=CARTESIAN_POINT('',(0.,0.0031,0.));
#5348=CARTESIAN_POINT('',(0.0041,0.0031,-0.00525));
#5349=CARTESIAN_POINT('',(0.0041,0.0031,0.00525));
#5350=CARTESIAN_POINT('',(0.0041,0.0031,0.00525));
#5351=CARTESIAN_POINT('',(0.0066,0.0031,0.00525));
#5352=CARTESIAN_POINT('',(0.0041,0.0031,-0.00525));
#5353=CARTESIAN_POINT('',(0.0041,0.0008,-0.00525));
#5354=CARTESIAN_POINT('',(0.0066,0.0031,0.00525));
#5355=CARTESIAN_POINT('',(0.0066,0.0008,0.00525));
#5356=CARTESIAN_POINT('',(0.0041,0.0031,0.00525));
#5357=CARTESIAN_POINT('',(0.0041,0.0008,0.00525));
#5358=CARTESIAN_POINT('',(0.0041,0.0031,0.00525));
#5359=CARTESIAN_POINT('',(0.0041,0.0008,0.00525));
#5360=CARTESIAN_POINT('',(-0.00575,0.0008001,0.0015));
#5361=CARTESIAN_POINT('',(-0.00575,0.0008001,0.0015));
#5362=CARTESIAN_POINT('',(-0.0051,0.0008001,0.0015));
#5363=CARTESIAN_POINT('',(-0.00575,0.0008001,0.0015));
#5364=CARTESIAN_POINT('',(-0.00525,0.0008001,0.0015));
#5365=CARTESIAN_POINT('',(-0.00395,0.0008001,-0.0025));
#5366=CARTESIAN_POINT('',(-0.00395,0.0008001,-0.0025));
#5367=CARTESIAN_POINT('',(-0.0023,0.0008001,-0.0025));
#5368=CARTESIAN_POINT('',(-0.00395,0.0008001,-0.0025));
#5369=CARTESIAN_POINT('',(-0.00245,0.0008001,-0.0025));
#5370=CARTESIAN_POINT('',(-0.00575,0.0008001,0.0041));
#5371=CARTESIAN_POINT('',(-0.00575,0.0008001,0.0041));
#5372=CARTESIAN_POINT('',(-0.0064,0.0008001,0.0041));
#5373=CARTESIAN_POINT('',(-0.00575,0.0008001,0.0041));
#5374=CARTESIAN_POINT('',(-0.00525,0.0008001,0.0041));
#5375=CARTESIAN_POINT('',(-0.00425,-0.002,0.0044));
#5376=CARTESIAN_POINT('',(-0.00425,-0.002,0.0044));
#5377=CARTESIAN_POINT('',(-0.00425,-0.002,0.0044));
#5378=CARTESIAN_POINT('',(-0.00425,-0.0008001,0.0044));
#5379=CARTESIAN_POINT('',(-0.00425,-0.0008001,0.0044));
#5380=CARTESIAN_POINT('',(-0.00425,-0.0008001,-0.0002));
#5381=CARTESIAN_POINT('',(-0.00425,-0.002,-0.0002));
#5382=CARTESIAN_POINT('',(-0.00425,-0.002,-0.0002));
#5383=CARTESIAN_POINT('',(-0.00425,-0.002,0.0044));
#5384=CARTESIAN_POINT('',(-0.00425,-0.002,-0.0002));
#5385=CARTESIAN_POINT('',(-0.00425,-0.0008001,-0.0002));
#5386=CARTESIAN_POINT('',(-0.00175,-0.0008001,-0.0002));
#5387=CARTESIAN_POINT('',(-0.00175,-0.002,-0.0002));
#5388=CARTESIAN_POINT('',(-0.00175,-0.002,-0.0002));
#5389=CARTESIAN_POINT('',(-0.00425,-0.002,-0.0002));
#5390=CARTESIAN_POINT('',(-0.00175,-0.002,0.0044));
#5391=CARTESIAN_POINT('',(-0.00175,-0.0008001,0.0044));
#5392=CARTESIAN_POINT('',(-0.00175,-0.0008001,0.0044));
#5393=CARTESIAN_POINT('',(-0.00175,-0.002,0.0044));
#5394=CARTESIAN_POINT('',(-0.00175,-0.002,0.0044));
#5395=CARTESIAN_POINT('',(-0.00175,-0.002,0.0044));
#5396=CARTESIAN_POINT('',(-0.00425,-0.002,0.0044));
#5397=CARTESIAN_POINT('',(-0.00425,-0.0008001,0.0044));
#5398=CARTESIAN_POINT('',(-0.00425,-0.002,0.0044));
#5399=CARTESIAN_POINT('',(0.,-0.002,0.));
#5400=CARTESIAN_POINT('',(-0.0016,-0.0008001,-0.00035));
#5401=CARTESIAN_POINT('',(-0.0016,-0.0008,-0.00035));
#5402=CARTESIAN_POINT('',(-0.0016,-0.0008,-0.00035));
#5403=CARTESIAN_POINT('',(-0.0016,-0.0008,0.00455));
#5404=CARTESIAN_POINT('',(-0.0016,-0.0008001,0.00455));
#5405=CARTESIAN_POINT('',(-0.0016,-0.0008001,0.00455));
#5406=CARTESIAN_POINT('',(-0.0016,-0.0008001,0.0041));
#5407=CARTESIAN_POINT('',(-0.0016,-0.0008001,-0.00035));
#5408=CARTESIAN_POINT('',(-0.0016,-0.0008001,-0.00035));
#5409=CARTESIAN_POINT('',(-0.0044,-0.0008001,-0.00035));
#5410=CARTESIAN_POINT('',(-0.0044,-0.0008,-0.00035));
#5411=CARTESIAN_POINT('',(-0.0044,-0.0008,-0.00035));
#5412=CARTESIAN_POINT('',(-0.00575,-0.0008001,-0.00035));
#5413=CARTESIAN_POINT('',(-0.0044,-0.0008001,-0.00035));
#5414=CARTESIAN_POINT('',(-0.0044,-0.0008001,-0.00035));
#5415=CARTESIAN_POINT('',(-0.0044,-0.0008001,0.00455));
#5416=CARTESIAN_POINT('',(-0.0044,-0.0008,0.00455));
#5417=CARTESIAN_POINT('',(-0.0044,-0.0008,0.00455));
#5418=CARTESIAN_POINT('',(-0.0044,-0.0008001,0.0041));
#5419=CARTESIAN_POINT('',(-0.0044,-0.0008001,0.00455));
#5420=CARTESIAN_POINT('',(-0.0044,-0.0008001,0.00455));
#5421=CARTESIAN_POINT('',(-0.0016,-0.0008001,0.00455));
#5422=CARTESIAN_POINT('',(-0.0016,-0.0008,0.00455));
#5423=CARTESIAN_POINT('',(-0.00575,-0.0008001,0.00455));
#5424=CARTESIAN_POINT('',(-0.00575,-0.0008001,0.0041));
#5425=CARTESIAN_POINT('',(-0.00575,-0.0008001,0.0041));
#5426=CARTESIAN_POINT('',(0.00075,-0.0008001,0.00234807692306055));
#5427=CARTESIAN_POINT('',(0.00075,-0.0008001,0.00234807692306055));
#5428=CARTESIAN_POINT('',(-0.00035,-0.0008001,0.00234807692306055));
#5429=CARTESIAN_POINT('',(0.00075,-0.0008001,-0.00255961538461758));
#5430=CARTESIAN_POINT('',(0.00075,-0.0008001,0.0024467948717785));
#5431=CARTESIAN_POINT('',(0.000219170673076923,-0.0008001,0.0024467948717785));
#5432=CARTESIAN_POINT('',(0.000219170673076923,-0.0008001,0.0024467948717785));
#5433=CARTESIAN_POINT('',(0.00075,-0.0008001,0.00295691105767593));
#5434=CARTESIAN_POINT('',(0.00075,-0.0008001,0.00295691105767593));
#5435=CARTESIAN_POINT('',(0.00075,-0.0008001,-0.00255961538461758));
#5436=CARTESIAN_POINT('',(0.00075,-0.0008001,0.00308846153844517));
#5437=CARTESIAN_POINT('',(0.000143589743589743,-0.0008001,0.00250562900639389));
#5438=CARTESIAN_POINT('',(0.000143589743589743,-0.0008001,0.00250562900639389));
#5439=CARTESIAN_POINT('',(-0.00035,-0.0008001,0.00304615384613747));
#5440=CARTESIAN_POINT('',(-0.00035,-0.0008001,0.00304615384613747));
#5441=CARTESIAN_POINT('',(-0.00035,-0.0008001,-0.00220000000000219));
#5442=CARTESIAN_POINT('',(-0.00035,-0.0008001,0.00290534855767593));
#5443=CARTESIAN_POINT('',(6.88902243589742E-5,-0.0008001,0.0024467948717785));
#5444=CARTESIAN_POINT('',(6.88902243589742E-5,-0.0008001,0.0024467948717785));
#5445=CARTESIAN_POINT('',(0.000219170673076923,-0.0008001,0.0024467948717785));
#5446=CARTESIAN_POINT('',(-0.00035,-0.0008001,0.0024467948717785));
#5447=CARTESIAN_POINT('',(-0.00035,-0.0008001,-0.00220000000000219));
#5448=CARTESIAN_POINT('',(-0.00035,-0.0008001,-0.00220000000000219));
#5449=CARTESIAN_POINT('',(-0.00035,-0.0008,0.));
#5450=CARTESIAN_POINT('',(-0.00035,-0.0008,0.00234807692306055));
#5451=CARTESIAN_POINT('',(-0.00035,-0.0008,0.0024467948717785));
#5452=CARTESIAN_POINT('',(-0.00035,-0.0008001,0.00234807692306055));
#5453=CARTESIAN_POINT('',(-0.00035,-0.0008001,0.0024467948717785));
#5454=CARTESIAN_POINT('',(0.000219170673076923,-0.0008001,0.0024467948717785));
#5455=CARTESIAN_POINT('',(0.,-0.0008,0.0024467948717785));
#5456=CARTESIAN_POINT('',(6.88902243589741E-5,-0.0008,0.0024467948717785));
#5457=CARTESIAN_POINT('',(6.88902243589742E-5,-0.0008001,0.0024467948717785));
#5458=CARTESIAN_POINT('',(6.88902243589742E-5,-0.0008001,0.0024467948717785));
#5459=CARTESIAN_POINT('',(6.88902243589742E-5,-0.0008,0.0024467948717785));
#5460=CARTESIAN_POINT('',(-0.00035,-0.0008,0.00290534855767593));
#5461=CARTESIAN_POINT('',(-0.00035,-0.0008001,0.00290534855767593));
#5462=CARTESIAN_POINT('',(-0.00035,-0.0008001,-0.00220000000000219));
#5463=CARTESIAN_POINT('',(-0.00035,-0.0008,0.));
#5464=CARTESIAN_POINT('',(-0.00035,-0.0008,0.00304615384613747));
#5465=CARTESIAN_POINT('',(-0.00035,-0.0008001,0.00304615384613747));
#5466=CARTESIAN_POINT('',(-0.00035,-0.0008001,0.00304615384613747));
#5467=CARTESIAN_POINT('',(-0.00035,-0.0008,0.00304615384613747));
#5468=CARTESIAN_POINT('',(0.000143589743589743,-0.0008,0.00250562900639389));
#5469=CARTESIAN_POINT('',(0.000143589743589743,-0.0008001,0.00250562900639389));
#5470=CARTESIAN_POINT('',(0.000143589743589743,-0.0008001,0.00250562900639389));
#5471=CARTESIAN_POINT('',(0.000143589743589743,-0.0008,0.00250562900639389));
#5472=CARTESIAN_POINT('',(0.00075,-0.0008,0.00308846153844517));
#5473=CARTESIAN_POINT('',(0.00075,-0.0008001,0.00308846153844517));
#5474=CARTESIAN_POINT('',(0.00075,-0.0008001,-0.00255961538461758));
#5475=CARTESIAN_POINT('',(0.00075,-0.0008,0.));
#5476=CARTESIAN_POINT('',(0.00075,-0.0008,0.00295691105767593));
#5477=CARTESIAN_POINT('',(0.00075,-0.0008001,0.00295691105767593));
#5478=CARTESIAN_POINT('',(0.00075,-0.0008001,0.00295691105767593));
#5479=CARTESIAN_POINT('',(0.00075,-0.0008,0.00295691105767593));
#5480=CARTESIAN_POINT('',(0.000219170673076923,-0.0008,0.0024467948717785));
#5481=CARTESIAN_POINT('',(0.000219170673076923,-0.0008001,0.0024467948717785));
#5482=CARTESIAN_POINT('',(0.000219170673076923,-0.0008001,0.0024467948717785));
#5483=CARTESIAN_POINT('',(0.000219170673076923,-0.0008,0.0024467948717785));
#5484=CARTESIAN_POINT('',(0.00075,-0.0008,0.0024467948717785));
#5485=CARTESIAN_POINT('',(0.00075,-0.0008001,0.0024467948717785));
#5486=CARTESIAN_POINT('',(0.00075,-0.0008001,-0.00255961538461758));
#5487=CARTESIAN_POINT('',(0.00075,-0.0008,0.));
#5488=CARTESIAN_POINT('',(0.00075,-0.0008,0.00234807692306055));
#5489=CARTESIAN_POINT('',(0.00075,-0.0008001,0.00234807692306055));
#5490=CARTESIAN_POINT('',(0.00075,-0.0008001,0.00234807692306055));
#5491=CARTESIAN_POINT('',(0.00075,-0.0008,0.00234807692306055));
#5492=CARTESIAN_POINT('',(0.,-0.0008,0.));
#5493=CARTESIAN_POINT('',(-0.000237179487179487,-0.0008,0.00131858974357473));
#5494=CARTESIAN_POINT('',(-0.000237179487179487,-0.0008,0.00131858974357473));
#5495=CARTESIAN_POINT('',(0.000637179487179487,-0.0008,0.00131858974357473));
#5496=CARTESIAN_POINT('',(0.000637179487179487,-0.0008,0.));
#5497=CARTESIAN_POINT('',(0.000637179487179487,-0.0008,0.0014448517628055));
#5498=CARTESIAN_POINT('',(0.000637179487179487,-0.0008,0.0014448517628055));
#5499=CARTESIAN_POINT('',(0.000637101514033352,-0.0008,0.00146299496503807));
#5500=CARTESIAN_POINT('',(0.000636951543117743,-0.0008,0.00149789098739639));
#5501=CARTESIAN_POINT('',(0.000635635564990144,-0.0008,0.00154806921511579));
#5502=CARTESIAN_POINT('',(0.000633485241774818,-0.0008,0.0015939170254352));
#5503=CARTESIAN_POINT('',(0.000630475931606384,-0.0008,0.00163544092838735));
#5504=CARTESIAN_POINT('',(0.000626494366832906,-0.0008,0.00167261747888079));
#5505=CARTESIAN_POINT('',(0.000622055111683691,-0.0008,0.00170552437170104));
#5506=CARTESIAN_POINT('',(0.000616524484303215,-0.0008,0.00173405373860314));
#5507=CARTESIAN_POINT('',(0.000611511325630052,-0.0008,0.00175131727592776));
#5508=CARTESIAN_POINT('',(0.000609194711538461,-0.0008,0.00175929487177985));
#5509=CARTESIAN_POINT('',(0.000609194711538461,-0.0008,0.00175929487177985));
#5510=CARTESIAN_POINT('',(0.000609194711538461,-0.0008,0.00175929487177985));
#5511=CARTESIAN_POINT('',(0.000605658508178042,-0.0008,0.00176933578661784));
#5512=CARTESIAN_POINT('',(0.000598670563601633,-0.0008,0.00178917778924973));
#5513=CARTESIAN_POINT('',(0.000585923860560504,-0.0008,0.00181774040095621));
#5514=CARTESIAN_POINT('',(0.000570824959495761,-0.0008,0.00184437837231337));
#5515=CARTESIAN_POINT('',(0.000554041259130614,-0.0008,0.00186955560543282));
#5516=CARTESIAN_POINT('',(0.000534981566916997,-0.0008,0.00189291617071724));
#5517=CARTESIAN_POINT('',(0.000514057454089679,-0.0008,0.00191473232719817));
#5518=CARTESIAN_POINT('',(0.000491173323425773,-0.0008,0.00193497736550269));
#5519=CARTESIAN_POINT('',(0.000466366282412849,-0.0008,0.00195333945720635));
#5520=CARTESIAN_POINT('',(0.000439905333640548,-0.0008,0.00196997128637669));
#5521=CARTESIAN_POINT('',(0.000411743678760811,-0.0008,0.00198424901408975));
#5522=CARTESIAN_POINT('',(0.00038227722823421,-0.0008,0.00199668304445725));
#5523=CARTESIAN_POINT('',(0.000351267434325916,-0.0008,0.00200652854474484));
#5524=CARTESIAN_POINT('',(0.000318941582357415,-0.0008,0.00201429129034044));
#5525=CARTESIAN_POINT('',(0.000285132048840433,-0.0008,0.00201973254108773));
#5526=CARTESIAN_POINT('',(0.000249868751460019,-0.0008,0.00202311055173039));
#5527=CARTESIAN_POINT('',(0.000225862414242967,-0.0008,0.00202351327550884));
#5528=CARTESIAN_POINT('',(0.000213661858974358,-0.0008,0.00202371794870293));
#5529=CARTESIAN_POINT('',(0.000213661858974358,-0.0008,0.00202371794870293));
#5530=CARTESIAN_POINT('',(0.000213661858974358,-0.0008,0.00202371794870293));
#5531=CARTESIAN_POINT('',(0.000200797050880845,-0.0008,0.0020235566298171));
#5532=CARTESIAN_POINT('',(0.000175524021508216,-0.0008,0.00202323971743798));
#5533=CARTESIAN_POINT('',(0.000138441231565358,-0.0008,0.00201925636273378));
#5534=CARTESIAN_POINT('',(0.000102775884257431,-0.0008,0.00201343530243398));
#5535=CARTESIAN_POINT('',(6.85255942765834E-5,-0.0008,0.00200501757253608));
#5536=CARTESIAN_POINT('',(3.56235407357802E-5,-0.0008,0.00199429072489895));
#5537=CARTESIAN_POINT('',(4.25169467410696E-6,-0.0008,0.00198090383748987));
#5538=CARTESIAN_POINT('',(-2.59212641144998E-5,-0.0008,0.00196560861429127));
#5539=CARTESIAN_POINT('',(-5.41989219165549E-5,-0.0008,0.00194741042271172));
#5540=CARTESIAN_POINT('',(-8.09424705000754E-5,-0.0008,0.00192747980765551));
#5541=CARTESIAN_POINT('',(-0.000105442586826476,-0.0008,0.00190536104557904));
#5542=CARTESIAN_POINT('',(-0.00012775508119942,-0.0008,0.00188140554775575));
#5543=CARTESIAN_POINT('',(-0.00014822743660708,-0.0008,0.00185587459507003));
#5544=CARTESIAN_POINT('',(-0.000166036020457811,-0.0008,0.00182804864959219));
#5545=CARTESIAN_POINT('',(-0.000181966120226492,-0.0008,0.00179858320391528));
#5546=CARTESIAN_POINT('',(-0.000195485400361534,-0.0008,0.00176704599297178));
#5547=CARTESIAN_POINT('',(-0.000202675900086507,-0.0008,0.00174510485999346));
#5548=CARTESIAN_POINT('',(-0.000206330128205128,-0.0008,0.00173395432690806));
#5549=CARTESIAN_POINT('',(-0.000206330128205128,-0.000799999999999983,0.00173395432690806));
#5550=CARTESIAN_POINT('',(-0.000206330128205128,-0.0008,0.00173395432690806));
#5551=CARTESIAN_POINT('',(-0.000208881005536114,-0.0008,0.00172472968090554));
#5552=CARTESIAN_POINT('',(-0.000214304870627848,-0.0008,0.00170511555253137));
#5553=CARTESIAN_POINT('',(-0.000220221416277505,-0.0008,0.00167310886383764));
#5554=CARTESIAN_POINT('',(-0.000225439973111373,-0.0008,0.00163708695973125));
#5555=CARTESIAN_POINT('',(-0.00022985821404908,-0.0008,0.0015968899108098));
#5556=CARTESIAN_POINT('',(-0.000233028515042273,-0.0008,0.00155256353795117));
#5557=CARTESIAN_POINT('',(-0.00023540807106173,-0.0008,0.00150407375029861));
#5558=CARTESIAN_POINT('',(-0.000237013012699049,-0.0008,0.00145139958886307));
#5559=CARTESIAN_POINT('',(-0.000237122606391477,-0.0008,0.00141488507822353));
#5560=CARTESIAN_POINT('',(-0.000237179487179487,-0.0008,0.00139593349357473));
#5561=CARTESIAN_POINT('',(-0.000237179487179487,-0.0008,0.00139593349357473));
#5562=CARTESIAN_POINT('',(-0.000237179487179487,-0.0008,0.));
#5563=CARTESIAN_POINT('',(-0.000237179487179487,-0.0008001,-0.000585256410235688));
#5564=CARTESIAN_POINT('',(-0.000237179487179487,-0.0008001,0.00139593349357473));
#5565=CARTESIAN_POINT('',(-0.000237179487179487,-0.0008001,0.00139593349357473));
#5566=CARTESIAN_POINT('',(-0.000237179487179487,-0.0008001,-0.000585256410235688));
#5567=CARTESIAN_POINT('',(-0.000237179487179487,-0.0008001,0.00131858974357473));
#5568=CARTESIAN_POINT('',(-0.000237179487179487,-0.0008001,0.00131858974357473));
#5569=CARTESIAN_POINT('',(-0.000237179487179488,-0.000799999999999992,0.00139593349357473));
#5570=CARTESIAN_POINT('',(-0.000237179487179487,-0.000800099999999996,0.00139593349357473));
#5571=CARTESIAN_POINT('',(-0.000237122606391477,-0.000799999999999992,0.00141488507822353));
#5572=CARTESIAN_POINT('',(-0.000237122606391477,-0.000800099999999996,0.00141488507822353));
#5573=CARTESIAN_POINT('',(-0.000237013012699049,-0.000799999999999992,0.00145139958886307));
#5574=CARTESIAN_POINT('',(-0.000237013012699049,-0.000800099999999996,0.00145139958886307));
#5575=CARTESIAN_POINT('',(-0.00023540807106173,-0.000799999999999992,0.00150407375029861));
#5576=CARTESIAN_POINT('',(-0.00023540807106173,-0.000800099999999996,0.00150407375029861));
#5577=CARTESIAN_POINT('',(-0.000233028515042273,-0.000799999999999992,0.00155256353795117));
#5578=CARTESIAN_POINT('',(-0.000233028515042273,-0.000800099999999996,0.00155256353795117));
#5579=CARTESIAN_POINT('',(-0.00022985821404908,-0.000799999999999992,0.0015968899108098));
#5580=CARTESIAN_POINT('',(-0.00022985821404908,-0.000800099999999996,0.00159688991080981));
#5581=CARTESIAN_POINT('',(-0.000225439973111373,-0.000799999999999992,0.00163708695973125));
#5582=CARTESIAN_POINT('',(-0.000225439973111373,-0.000800099999999996,0.00163708695973126));
#5583=CARTESIAN_POINT('',(-0.000220221416277505,-0.000799999999999992,0.00167310886383764));
#5584=CARTESIAN_POINT('',(-0.000220221416277505,-0.000800099999999996,0.00167310886383764));
#5585=CARTESIAN_POINT('',(-0.000214304870627848,-0.000799999999999992,0.00170511555253137));
#5586=CARTESIAN_POINT('',(-0.000214304870627848,-0.000800099999999996,0.00170511555253137));
#5587=CARTESIAN_POINT('',(-0.000208881005536114,-0.000799999999999992,0.00172472968090554));
#5588=CARTESIAN_POINT('',(-0.000208881005536114,-0.000800099999999996,0.00172472968090554));
#5589=CARTESIAN_POINT('',(-0.000206330128205129,-0.000799999999999992,0.00173395432690806));
#5590=CARTESIAN_POINT('',(-0.000206330128205128,-0.000800099999999996,0.00173395432690806));
#5591=CARTESIAN_POINT('',(-0.000206330128205128,-0.0008001,0.00173395432690806));
#5592=CARTESIAN_POINT('',(-0.000206330128205128,-0.000800099999999983,0.00173395432690806));
#5593=CARTESIAN_POINT('',(-0.000206330128205128,-0.0008001,0.00173395432690806));
#5594=CARTESIAN_POINT('',(-0.000208881005536114,-0.0008001,0.00172472968090554));
#5595=CARTESIAN_POINT('',(-0.000214304870627848,-0.0008001,0.00170511555253137));
#5596=CARTESIAN_POINT('',(-0.000220221416277505,-0.0008001,0.00167310886383764));
#5597=CARTESIAN_POINT('',(-0.000225439973111373,-0.0008001,0.00163708695973125));
#5598=CARTESIAN_POINT('',(-0.00022985821404908,-0.0008001,0.0015968899108098));
#5599=CARTESIAN_POINT('',(-0.000233028515042273,-0.0008001,0.00155256353795117));
#5600=CARTESIAN_POINT('',(-0.00023540807106173,-0.0008001,0.00150407375029861));
#5601=CARTESIAN_POINT('',(-0.000237013012699049,-0.0008001,0.00145139958886307));
#5602=CARTESIAN_POINT('',(-0.000237122606391477,-0.0008001,0.00141488507822353));
#5603=CARTESIAN_POINT('',(-0.000237179487179487,-0.000800100000000009,0.00139593349357473));
#5604=CARTESIAN_POINT('',(-0.000206330128205129,-0.0008,0.00173395432690806));
#5605=CARTESIAN_POINT('',(-0.000206330128205128,-0.0008001,0.00173395432690806));
#5606=CARTESIAN_POINT('',(-0.000202675900086508,-0.0008,0.00174510485999346));
#5607=CARTESIAN_POINT('',(-0.000202675900086507,-0.0008001,0.00174510485999346));
#5608=CARTESIAN_POINT('',(-0.000195485400361535,-0.0008,0.00176704599297178));
#5609=CARTESIAN_POINT('',(-0.000195485400361534,-0.0008001,0.00176704599297178));
#5610=CARTESIAN_POINT('',(-0.000181966120226492,-0.0008,0.00179858320391528));
#5611=CARTESIAN_POINT('',(-0.000181966120226491,-0.0008001,0.00179858320391528));
#5612=CARTESIAN_POINT('',(-0.000166036020457812,-0.0008,0.00182804864959219));
#5613=CARTESIAN_POINT('',(-0.000166036020457811,-0.0008001,0.00182804864959219));
#5614=CARTESIAN_POINT('',(-0.00014822743660708,-0.0008,0.00185587459507003));
#5615=CARTESIAN_POINT('',(-0.00014822743660708,-0.0008001,0.00185587459507003));
#5616=CARTESIAN_POINT('',(-0.00012775508119942,-0.0008,0.00188140554775575));
#5617=CARTESIAN_POINT('',(-0.00012775508119942,-0.0008001,0.00188140554775575));
#5618=CARTESIAN_POINT('',(-0.000105442586826476,-0.0008,0.00190536104557904));
#5619=CARTESIAN_POINT('',(-0.000105442586826476,-0.0008001,0.00190536104557904));
#5620=CARTESIAN_POINT('',(-8.09424705000755E-5,-0.0008,0.00192747980765551));
#5621=CARTESIAN_POINT('',(-8.09424705000754E-5,-0.0008001,0.00192747980765551));
#5622=CARTESIAN_POINT('',(-5.4198921916555E-5,-0.0008,0.00194741042271172));
#5623=CARTESIAN_POINT('',(-5.41989219165548E-5,-0.0008001,0.00194741042271172));
#5624=CARTESIAN_POINT('',(-2.59212641144999E-5,-0.0008,0.00196560861429127));
#5625=CARTESIAN_POINT('',(-2.59212641144997E-5,-0.0008001,0.00196560861429127));
#5626=CARTESIAN_POINT('',(4.25169467410691E-6,-0.0008,0.00198090383748987));
#5627=CARTESIAN_POINT('',(4.25169467410702E-6,-0.0008001,0.00198090383748987));
#5628=CARTESIAN_POINT('',(3.56235407357801E-5,-0.0008,0.00199429072489895));
#5629=CARTESIAN_POINT('',(3.56235407357803E-5,-0.0008001,0.00199429072489895));
#5630=CARTESIAN_POINT('',(6.85255942765833E-5,-0.0008,0.00200501757253608));
#5631=CARTESIAN_POINT('',(6.85255942765835E-5,-0.0008001,0.00200501757253608));
#5632=CARTESIAN_POINT('',(0.000102775884257431,-0.0008,0.00201343530243398));
#5633=CARTESIAN_POINT('',(0.000102775884257431,-0.0008001,0.00201343530243398));
#5634=CARTESIAN_POINT('',(0.000138441231565358,-0.0008,0.00201925636273378));
#5635=CARTESIAN_POINT('',(0.000138441231565358,-0.0008001,0.00201925636273378));
#5636=CARTESIAN_POINT('',(0.000175524021508216,-0.0008,0.00202323971743798));
#5637=CARTESIAN_POINT('',(0.000175524021508216,-0.0008001,0.00202323971743798));
#5638=CARTESIAN_POINT('',(0.000200797050880845,-0.0008,0.0020235566298171));
#5639=CARTESIAN_POINT('',(0.000200797050880846,-0.0008001,0.0020235566298171));
#5640=CARTESIAN_POINT('',(0.000213661858974358,-0.0008,0.00202371794870293));
#5641=CARTESIAN_POINT('',(0.000213661858974359,-0.0008001,0.00202371794870293));
#5642=CARTESIAN_POINT('',(0.000213661858974358,-0.0008001,0.00202371794870293));
#5643=CARTESIAN_POINT('',(0.000213661858974358,-0.0008001,0.00202371794870293));
#5644=CARTESIAN_POINT('',(0.000213661858974358,-0.0008001,0.00202371794870293));
#5645=CARTESIAN_POINT('',(0.000200797050880845,-0.0008001,0.0020235566298171));
#5646=CARTESIAN_POINT('',(0.000175524021508216,-0.0008001,0.00202323971743798));
#5647=CARTESIAN_POINT('',(0.000138441231565358,-0.0008001,0.00201925636273378));
#5648=CARTESIAN_POINT('',(0.000102775884257431,-0.0008001,0.00201343530243398));
#5649=CARTESIAN_POINT('',(6.85255942765834E-5,-0.0008001,0.00200501757253608));
#5650=CARTESIAN_POINT('',(3.56235407357802E-5,-0.0008001,0.00199429072489895));
#5651=CARTESIAN_POINT('',(4.25169467410696E-6,-0.0008001,0.00198090383748987));
#5652=CARTESIAN_POINT('',(-2.59212641144998E-5,-0.0008001,0.00196560861429127));
#5653=CARTESIAN_POINT('',(-5.41989219165549E-5,-0.0008001,0.00194741042271172));
#5654=CARTESIAN_POINT('',(-8.09424705000754E-5,-0.0008001,0.00192747980765551));
#5655=CARTESIAN_POINT('',(-0.000105442586826476,-0.0008001,0.00190536104557904));
#5656=CARTESIAN_POINT('',(-0.00012775508119942,-0.0008001,0.00188140554775575));
#5657=CARTESIAN_POINT('',(-0.00014822743660708,-0.0008001,0.00185587459507003));
#5658=CARTESIAN_POINT('',(-0.000166036020457811,-0.0008001,0.00182804864959219));
#5659=CARTESIAN_POINT('',(-0.000181966120226492,-0.0008001,0.00179858320391528));
#5660=CARTESIAN_POINT('',(-0.000195485400361534,-0.0008001,0.00176704599297178));
#5661=CARTESIAN_POINT('',(-0.000202675900086507,-0.0008001,0.00174510485999346));
#5662=CARTESIAN_POINT('',(-0.000206330128205128,-0.0008001,0.00173395432690806));
#5663=CARTESIAN_POINT('',(0.000213661858974358,-0.0008,0.00202371794870293));
#5664=CARTESIAN_POINT('',(0.000213661858974358,-0.0008001,0.00202371794870293));
#5665=CARTESIAN_POINT('',(0.000225862414242967,-0.0008,0.00202351327550884));
#5666=CARTESIAN_POINT('',(0.000225862414242967,-0.0008001,0.00202351327550884));
#5667=CARTESIAN_POINT('',(0.000249868751460019,-0.0008,0.00202311055173039));
#5668=CARTESIAN_POINT('',(0.000249868751460019,-0.0008001,0.00202311055173039));
#5669=CARTESIAN_POINT('',(0.000285132048840433,-0.0008,0.00201973254108773));
#5670=CARTESIAN_POINT('',(0.000285132048840433,-0.0008001,0.00201973254108773));
#5671=CARTESIAN_POINT('',(0.000318941582357415,-0.0008,0.00201429129034044));
#5672=CARTESIAN_POINT('',(0.000318941582357415,-0.0008001,0.00201429129034044));
#5673=CARTESIAN_POINT('',(0.000351267434325916,-0.0008,0.00200652854474484));
#5674=CARTESIAN_POINT('',(0.000351267434325916,-0.0008001,0.00200652854474484));
#5675=CARTESIAN_POINT('',(0.00038227722823421,-0.0008,0.00199668304445725));
#5676=CARTESIAN_POINT('',(0.00038227722823421,-0.0008001,0.00199668304445725));
#5677=CARTESIAN_POINT('',(0.000411743678760811,-0.0008,0.00198424901408975));
#5678=CARTESIAN_POINT('',(0.000411743678760811,-0.0008001,0.00198424901408975));
#5679=CARTESIAN_POINT('',(0.000439905333640548,-0.0008,0.00196997128637669));
#5680=CARTESIAN_POINT('',(0.000439905333640548,-0.0008001,0.00196997128637669));
#5681=CARTESIAN_POINT('',(0.000466366282412849,-0.0008,0.00195333945720635));
#5682=CARTESIAN_POINT('',(0.000466366282412849,-0.0008001,0.00195333945720635));
#5683=CARTESIAN_POINT('',(0.000491173323425773,-0.0008,0.00193497736550269));
#5684=CARTESIAN_POINT('',(0.000491173323425773,-0.0008001,0.00193497736550269));
#5685=CARTESIAN_POINT('',(0.000514057454089679,-0.0008,0.00191473232719817));
#5686=CARTESIAN_POINT('',(0.000514057454089679,-0.0008001,0.00191473232719817));
#5687=CARTESIAN_POINT('',(0.000534981566916997,-0.0008,0.00189291617071724));
#5688=CARTESIAN_POINT('',(0.000534981566916997,-0.0008001,0.00189291617071724));
#5689=CARTESIAN_POINT('',(0.000554041259130614,-0.0008,0.00186955560543282));
#5690=CARTESIAN_POINT('',(0.000554041259130614,-0.0008001,0.00186955560543282));
#5691=CARTESIAN_POINT('',(0.000570824959495761,-0.0008,0.00184437837231337));
#5692=CARTESIAN_POINT('',(0.000570824959495761,-0.0008001,0.00184437837231337));
#5693=CARTESIAN_POINT('',(0.000585923860560504,-0.0008,0.00181774040095621));
#5694=CARTESIAN_POINT('',(0.000585923860560504,-0.0008001,0.00181774040095621));
#5695=CARTESIAN_POINT('',(0.000598670563601633,-0.0008,0.00178917778924973));
#5696=CARTESIAN_POINT('',(0.000598670563601633,-0.0008001,0.00178917778924973));
#5697=CARTESIAN_POINT('',(0.000605658508178042,-0.0008,0.00176933578661784));
#5698=CARTESIAN_POINT('',(0.000605658508178042,-0.0008001,0.00176933578661784));
#5699=CARTESIAN_POINT('',(0.000609194711538461,-0.0008,0.00175929487177985));
#5700=CARTESIAN_POINT('',(0.000609194711538461,-0.0008001,0.00175929487177985));
#5701=CARTESIAN_POINT('',(0.000609534666051313,-0.0008,0.00175832958388082));
#5702=CARTESIAN_POINT('',(0.000609534666051313,-0.0008001,0.00175832958388082));
#5703=CARTESIAN_POINT('',(0.000609874620564165,-0.000799999999999999,0.00175736429598179));
#5704=CARTESIAN_POINT('',(0.000609874620564165,-0.0008001,0.00175736429598179));
#5705=CARTESIAN_POINT('',(0.000610214575077017,-0.000799999999999999,0.00175639900808275));
#5706=CARTESIAN_POINT('',(0.000610214575077017,-0.0008001,0.00175639900808275));
#5707=CARTESIAN_POINT('',(0.000609194711538461,-0.0008001,0.00175929487177985));
#5708=CARTESIAN_POINT('',(0.000609193336119716,-0.0008001,0.00175929871175797));
#5709=CARTESIAN_POINT('',(0.000609194711538461,-0.0008001,0.00175929487177985));
#5710=CARTESIAN_POINT('',(0.000605658508178042,-0.0008001,0.00176933578661784));
#5711=CARTESIAN_POINT('',(0.000598670563601633,-0.0008001,0.00178917778924973));
#5712=CARTESIAN_POINT('',(0.000585923860560504,-0.0008001,0.00181774040095621));
#5713=CARTESIAN_POINT('',(0.000570824959495761,-0.0008001,0.00184437837231337));
#5714=CARTESIAN_POINT('',(0.000554041259130614,-0.0008001,0.00186955560543282));
#5715=CARTESIAN_POINT('',(0.000534981566916997,-0.0008001,0.00189291617071724));
#5716=CARTESIAN_POINT('',(0.000514057454089679,-0.0008001,0.00191473232719817));
#5717=CARTESIAN_POINT('',(0.000491173323425773,-0.0008001,0.00193497736550269));
#5718=CARTESIAN_POINT('',(0.000466366282412849,-0.0008001,0.00195333945720635));
#5719=CARTESIAN_POINT('',(0.000439905333640548,-0.0008001,0.00196997128637669));
#5720=CARTESIAN_POINT('',(0.000411743678760811,-0.0008001,0.00198424901408975));
#5721=CARTESIAN_POINT('',(0.00038227722823421,-0.0008001,0.00199668304445725));
#5722=CARTESIAN_POINT('',(0.000351267434325916,-0.0008001,0.00200652854474484));
#5723=CARTESIAN_POINT('',(0.000318941582357415,-0.0008001,0.00201429129034044));
#5724=CARTESIAN_POINT('',(0.000285132048840433,-0.0008001,0.00201973254108773));
#5725=CARTESIAN_POINT('',(0.000249868751460019,-0.0008001,0.00202311055173039));
#5726=CARTESIAN_POINT('',(0.000225862414242967,-0.0008001,0.00202351327550884));
#5727=CARTESIAN_POINT('',(0.000213661858974358,-0.0008001,0.00202371794870293));
#5728=CARTESIAN_POINT('',(0.000608663550607127,-0.0008,0.00176112400130902));
#5729=CARTESIAN_POINT('',(0.000608663550607127,-0.0008001,0.00176112400130902));
#5730=CARTESIAN_POINT('',(0.000608840604250905,-0.0008,0.00176051429146596));
#5731=CARTESIAN_POINT('',(0.000608840604250905,-0.0008001,0.00176051429146596));
#5732=CARTESIAN_POINT('',(0.000609017657894683,-0.0008,0.00175990458162291));
#5733=CARTESIAN_POINT('',(0.000609017657894683,-0.0008001,0.00175990458162291));
#5734=CARTESIAN_POINT('',(0.000609194711538461,-0.0008,0.00175929487177985));
#5735=CARTESIAN_POINT('',(0.000609194711538461,-0.0008001,0.00175929487177985));
#5736=CARTESIAN_POINT('',(0.000611511325630052,-0.0008,0.00175131727592776));
#5737=CARTESIAN_POINT('',(0.000611511325630052,-0.0008001,0.00175131727592776));
#5738=CARTESIAN_POINT('',(0.000616524484303215,-0.0008,0.00173405373860314));
#5739=CARTESIAN_POINT('',(0.000616524484303215,-0.0008001,0.00173405373860314));
#5740=CARTESIAN_POINT('',(0.000622055111683691,-0.0008,0.00170552437170104));
#5741=CARTESIAN_POINT('',(0.000622055111683691,-0.0008001,0.00170552437170104));
#5742=CARTESIAN_POINT('',(0.000626494366832906,-0.0008,0.00167261747888079));
#5743=CARTESIAN_POINT('',(0.000626494366832906,-0.0008001,0.00167261747888079));
#5744=CARTESIAN_POINT('',(0.000630475931606384,-0.0008,0.00163544092838734));
#5745=CARTESIAN_POINT('',(0.000630475931606384,-0.0008001,0.00163544092838735));
#5746=CARTESIAN_POINT('',(0.000633485241774818,-0.0008,0.0015939170254352));
#5747=CARTESIAN_POINT('',(0.000633485241774818,-0.0008001,0.0015939170254352));
#5748=CARTESIAN_POINT('',(0.000635635564990144,-0.0008,0.00154806921511579));
#5749=CARTESIAN_POINT('',(0.000635635564990144,-0.0008001,0.00154806921511579));
#5750=CARTESIAN_POINT('',(0.000636951543117743,-0.0008,0.00149789098739639));
#5751=CARTESIAN_POINT('',(0.000636951543117743,-0.0008001,0.00149789098739639));
#5752=CARTESIAN_POINT('',(0.000637101514033352,-0.0008,0.00146299496503807));
#5753=CARTESIAN_POINT('',(0.000637101514033352,-0.0008001,0.00146299496503807));
#5754=CARTESIAN_POINT('',(0.000637179487179487,-0.0008,0.0014448517628055));
#5755=CARTESIAN_POINT('',(0.000637179487179487,-0.0008001,0.0014448517628055));
#5756=CARTESIAN_POINT('',(0.000637179487179487,-0.0008001,0.0014448517628055));
#5757=CARTESIAN_POINT('',(0.000637179487179487,-0.0008001,0.0014448517628055));
#5758=CARTESIAN_POINT('',(0.000637179487179487,-0.0008001,0.0014448517628055));
#5759=CARTESIAN_POINT('',(0.000637101514033352,-0.0008001,0.00146299496503807));
#5760=CARTESIAN_POINT('',(0.000636951543117743,-0.0008001,0.00149789098739639));
#5761=CARTESIAN_POINT('',(0.000635635564990144,-0.0008001,0.00154806921511579));
#5762=CARTESIAN_POINT('',(0.000633485241774818,-0.0008001,0.0015939170254352));
#5763=CARTESIAN_POINT('',(0.000630475931606384,-0.0008001,0.00163544092838735));
#5764=CARTESIAN_POINT('',(0.000626494366832906,-0.0008001,0.00167261747888079));
#5765=CARTESIAN_POINT('',(0.000622055111683691,-0.0008001,0.00170552437170104));
#5766=CARTESIAN_POINT('',(0.000616524484303215,-0.0008001,0.00173405373860314));
#5767=CARTESIAN_POINT('',(0.000611511325630052,-0.0008001,0.00175131727592776));
#5768=CARTESIAN_POINT('',(0.000609194711538461,-0.0008001,0.00175929487177985));
#5769=CARTESIAN_POINT('',(0.000637179487179487,-0.0008001,-0.00178397435896612));
#5770=CARTESIAN_POINT('',(0.000637179487179487,-0.0008001,0.00131858974357473));
#5771=CARTESIAN_POINT('',(0.000637179487179487,-0.0008001,0.00131858974357473));
#5772=CARTESIAN_POINT('',(0.000637179487179487,-0.0008001,-0.00178397435896612));
#5773=CARTESIAN_POINT('',(-0.000237179487179487,-0.0008001,0.00131858974357473));
#5774=CARTESIAN_POINT('',(-0.000237179487179487,-0.0008001,0.00131858974357473));
#5775=CARTESIAN_POINT('',(0.00075,-0.0008001,0.00121987179485678));
#5776=CARTESIAN_POINT('',(0.00075,-0.0008,0.00121987179485678));
#5777=CARTESIAN_POINT('',(0.00075,-0.0008,0.00121987179485678));
#5778=CARTESIAN_POINT('',(-0.00035,-0.0008,0.00121987179485678));
#5779=CARTESIAN_POINT('',(0.00075,-0.0008001,0.00121987179485678));
#5780=CARTESIAN_POINT('',(0.00075,-0.0008001,0.00121987179485678));
#5781=CARTESIAN_POINT('',(0.00075,-0.0008001,0.00121987179485678));
#5782=CARTESIAN_POINT('',(-0.00035,-0.0008001,0.00121987179485678));
#5783=CARTESIAN_POINT('',(-0.00035,-0.0008001,0.00121987179485678));
#5784=CARTESIAN_POINT('',(-0.00035,-0.0008001,-0.00220000000000219));
#5785=CARTESIAN_POINT('',(-0.00035,-0.0008,0.));
#5786=CARTESIAN_POINT('',(-0.00035,-0.0008,0.00144198717947216));
#5787=CARTESIAN_POINT('',(-0.00035,-0.0008001,-0.00220000000000219));
#5788=CARTESIAN_POINT('',(-0.00035,-0.0008001,0.00144198717947216));
#5789=CARTESIAN_POINT('',(-0.00035,-0.0008001,0.00144198717947216));
#5790=CARTESIAN_POINT('',(-0.00035,-0.0008001,0.00144198717947216));
#5791=CARTESIAN_POINT('',(-0.00035,-0.0008,0.00144198717947216));
#5792=CARTESIAN_POINT('',(-0.000349860906572697,-0.0008001,0.00146130600433701));
#5793=CARTESIAN_POINT('',(-0.000349860906572697,-0.0008,0.00146130600433701));
#5794=CARTESIAN_POINT('',(-0.000349592178795021,-0.0008001,0.00149862987343631));
#5795=CARTESIAN_POINT('',(-0.000349592178795021,-0.0008,0.00149862987343631));
#5796=CARTESIAN_POINT('',(-0.000347888313007815,-0.0008001,0.00155256521406266));
#5797=CARTESIAN_POINT('',(-0.000347888313007815,-0.0008,0.00155256521406266));
#5798=CARTESIAN_POINT('',(-0.000344874166598404,-0.0008001,0.00160246868226752));
#5799=CARTESIAN_POINT('',(-0.000344874166598404,-0.0008,0.00160246868226752));
#5800=CARTESIAN_POINT('',(-0.000340483744098954,-0.0008001,0.00164817615226474));
#5801=CARTESIAN_POINT('',(-0.000340483744098954,-0.0008,0.00164817615226474));
#5802=CARTESIAN_POINT('',(-0.000335092790675108,-0.0008001,0.00168981310460367));
#5803=CARTESIAN_POINT('',(-0.000335092790675108,-0.0008,0.00168981310460367));
#5804=CARTESIAN_POINT('',(-0.000328335520738313,-0.0008001,0.0017272629528681));
#5805=CARTESIAN_POINT('',(-0.000328335520738313,-0.0008,0.0017272629528681));
#5806=CARTESIAN_POINT('',(-0.000320356381474549,-0.0008001,0.00176071934063704));
#5807=CARTESIAN_POINT('',(-0.000320356381474549,-0.0008,0.00176071934063704));
#5808=CARTESIAN_POINT('',(-0.000313553525683188,-0.0008001,0.00178129545053651));
#5809=CARTESIAN_POINT('',(-0.000313553525683188,-0.0008,0.00178129545053651));
#5810=CARTESIAN_POINT('',(-0.000310336538461539,-0.0008001,0.00179102564101062));
#5811=CARTESIAN_POINT('',(-0.000310336538461539,-0.0008,0.00179102564101062));
#5812=CARTESIAN_POINT('',(-0.00035,-0.0008,0.00144198717947216));
#5813=CARTESIAN_POINT('',(-0.000349860906572697,-0.0008,0.00146130600433701));
#5814=CARTESIAN_POINT('',(-0.000349592178795021,-0.0008,0.00149862987343631));
#5815=CARTESIAN_POINT('',(-0.000347888313007815,-0.0008,0.00155256521406266));
#5816=CARTESIAN_POINT('',(-0.000344874166598404,-0.0008,0.00160246868226752));
#5817=CARTESIAN_POINT('',(-0.000340483744098954,-0.0008,0.00164817615226474));
#5818=CARTESIAN_POINT('',(-0.000335092790675108,-0.0008,0.00168981310460367));
#5819=CARTESIAN_POINT('',(-0.000328335520738313,-0.0008,0.0017272629528681));
#5820=CARTESIAN_POINT('',(-0.000320356381474549,-0.0008,0.00176071934063704));
#5821=CARTESIAN_POINT('',(-0.000313553525683188,-0.0008,0.00178129545053651));
#5822=CARTESIAN_POINT('',(-0.000310336538461539,-0.0008,0.00179102564101062));
#5823=CARTESIAN_POINT('',(-0.000310336538461539,-0.0008,0.00179102564101062));
#5824=CARTESIAN_POINT('',(-0.00035,-0.0008001,0.00144198717947216));
#5825=CARTESIAN_POINT('',(-0.000349860906572697,-0.0008001,0.00146130600433701));
#5826=CARTESIAN_POINT('',(-0.000349592178795021,-0.0008001,0.00149862987343631));
#5827=CARTESIAN_POINT('',(-0.000347888313007815,-0.0008001,0.00155256521406266));
#5828=CARTESIAN_POINT('',(-0.000344874166598404,-0.0008001,0.00160246868226752));
#5829=CARTESIAN_POINT('',(-0.000340483744098954,-0.0008001,0.00164817615226474));
#5830=CARTESIAN_POINT('',(-0.000335092790675108,-0.0008001,0.00168981310460367));
#5831=CARTESIAN_POINT('',(-0.000328335520738313,-0.0008001,0.0017272629528681));
#5832=CARTESIAN_POINT('',(-0.000320356381474549,-0.0008001,0.00176071934063704));
#5833=CARTESIAN_POINT('',(-0.000313553525683188,-0.0008001,0.00178129545053651));
#5834=CARTESIAN_POINT('',(-0.000310336538461539,-0.0008001,0.00179102564101062));
#5835=CARTESIAN_POINT('',(-0.000310336538461539,-0.0008001,0.00179102564101062));
#5836=CARTESIAN_POINT('',(-0.000310336538461539,-0.0008001,0.00179102564101062));
#5837=CARTESIAN_POINT('',(-0.000310336538461539,-0.0008001,0.00179102564101062));
#5838=CARTESIAN_POINT('',(-0.000310336538461539,-0.0008,0.00179102564101062));
#5839=CARTESIAN_POINT('',(-0.000305488398373657,-0.0008001,0.00180375370528575));
#5840=CARTESIAN_POINT('',(-0.000305488398373657,-0.0008,0.00180375370528575));
#5841=CARTESIAN_POINT('',(-0.000295902057929552,-0.0008001,0.00182892120356839));
#5842=CARTESIAN_POINT('',(-0.000295902057929552,-0.0008,0.00182892120356839));
#5843=CARTESIAN_POINT('',(-0.000277791010197783,-0.0008001,0.00186473537399201));
#5844=CARTESIAN_POINT('',(-0.000277791010197783,-0.0008,0.00186473537399201));
#5845=CARTESIAN_POINT('',(-0.000257354691830882,-0.0008001,0.00189856530606954));
#5846=CARTESIAN_POINT('',(-0.000257354691830882,-0.0008,0.00189856530606954));
#5847=CARTESIAN_POINT('',(-0.0002341228063236,-0.0008001,0.00193014127748814));
#5848=CARTESIAN_POINT('',(-0.0002341228063236,-0.0008,0.00193014127748814));
#5849=CARTESIAN_POINT('',(-0.000208398723186176,-0.0008001,0.00195954251596017));
#5850=CARTESIAN_POINT('',(-0.000208398723186176,-0.0008,0.00195954251596017));
#5851=CARTESIAN_POINT('',(-0.000180366214877054,-0.0008001,0.00198710271671256));
#5852=CARTESIAN_POINT('',(-0.000180366214877054,-0.0008,0.00198710271671256));
#5853=CARTESIAN_POINT('',(-0.000149402551335147,-0.0008001,0.00201214238268357));
#5854=CARTESIAN_POINT('',(-0.000149402551335147,-0.0008,0.00201214238268357));
#5855=CARTESIAN_POINT('',(-0.000116058867397097,-0.0008001,0.00203505150684842));
#5856=CARTESIAN_POINT('',(-0.000116058867397097,-0.0008,0.00203505150684842));
#5857=CARTESIAN_POINT('',(-8.07623895394504E-5,-0.0008001,0.00205571262976413));
#5858=CARTESIAN_POINT('',(-8.07623895394504E-5,-0.0008,0.00205571262976413));
#5859=CARTESIAN_POINT('',(-4.35709242896172E-5,-0.0008001,0.00207367028765223));
#5860=CARTESIAN_POINT('',(-4.35709242896172E-5,-0.0008,0.00207367028765223));
#5861=CARTESIAN_POINT('',(-4.67591890515074E-6,-0.0008001,0.00208858449853082));
#5862=CARTESIAN_POINT('',(-4.67591890515074E-6,-0.0008,0.00208858449853082));
#5863=CARTESIAN_POINT('',(3.58151597055215E-5,-0.0008001,0.00210096519984902));
#5864=CARTESIAN_POINT('',(3.58151597055215E-5,-0.0008,0.00210096519984902));
#5865=CARTESIAN_POINT('',(7.79911552696138E-5,-0.0008001,0.00211072266542297));
#5866=CARTESIAN_POINT('',(7.79911552696138E-5,-0.0008,0.00211072266542297));
#5867=CARTESIAN_POINT('',(0.000121901229935176,-0.0008001,0.0021173798418723));
#5868=CARTESIAN_POINT('',(0.000121901229935176,-0.0008,0.0021173798418723));
#5869=CARTESIAN_POINT('',(0.000167371831637431,-0.0008001,0.00212177072497457));
#5870=CARTESIAN_POINT('',(0.000167371831637431,-0.0008,0.00212177072497457));
#5871=CARTESIAN_POINT('',(0.000198226663189306,-0.0008001,0.00212221199816623));
#5872=CARTESIAN_POINT('',(0.000198226663189306,-0.0008,0.00212221199816623));
#5873=CARTESIAN_POINT('',(0.000213882211538462,-0.0008001,0.00212243589742088));
#5874=CARTESIAN_POINT('',(0.000213882211538462,-0.0008,0.00212243589742088));
#5875=CARTESIAN_POINT('',(-0.000310336538461539,-0.0008,0.00179102564101062));
#5876=CARTESIAN_POINT('',(-0.000305488398373657,-0.0008,0.00180375370528575));
#5877=CARTESIAN_POINT('',(-0.000295902057929552,-0.0008,0.00182892120356839));
#5878=CARTESIAN_POINT('',(-0.000277791010197783,-0.0008,0.00186473537399201));
#5879=CARTESIAN_POINT('',(-0.000257354691830882,-0.0008,0.00189856530606954));
#5880=CARTESIAN_POINT('',(-0.0002341228063236,-0.0008,0.00193014127748814));
#5881=CARTESIAN_POINT('',(-0.000208398723186176,-0.0008,0.00195954251596017));
#5882=CARTESIAN_POINT('',(-0.000180366214877054,-0.0008,0.00198710271671256));
#5883=CARTESIAN_POINT('',(-0.000149402551335147,-0.0008,0.00201214238268357));
#5884=CARTESIAN_POINT('',(-0.000116058867397097,-0.0008,0.00203505150684842));
#5885=CARTESIAN_POINT('',(-8.07623895394504E-5,-0.0008,0.00205571262976413));
#5886=CARTESIAN_POINT('',(-4.35709242896172E-5,-0.0008,0.00207367028765223));
#5887=CARTESIAN_POINT('',(-4.67591890515074E-6,-0.0008,0.00208858449853082));
#5888=CARTESIAN_POINT('',(3.58151597055215E-5,-0.0008,0.00210096519984902));
#5889=CARTESIAN_POINT('',(7.79911552696138E-5,-0.0008,0.00211072266542297));
#5890=CARTESIAN_POINT('',(0.000121901229935176,-0.0008,0.0021173798418723));
#5891=CARTESIAN_POINT('',(0.000167371831637431,-0.0008,0.00212177072497457));
#5892=CARTESIAN_POINT('',(0.000198226663189306,-0.0008,0.00212221199816623));
#5893=CARTESIAN_POINT('',(0.000213882211538462,-0.0008,0.00212243589742088));
#5894=CARTESIAN_POINT('',(0.000213882211538462,-0.000800000000000016,0.00212243589742088));
#5895=CARTESIAN_POINT('',(-0.000310336538461539,-0.0008001,0.00179102564101062));
#5896=CARTESIAN_POINT('',(-0.000305488398373657,-0.0008001,0.00180375370528575));
#5897=CARTESIAN_POINT('',(-0.000295902057929552,-0.0008001,0.00182892120356839));
#5898=CARTESIAN_POINT('',(-0.000277791010197783,-0.0008001,0.00186473537399201));
#5899=CARTESIAN_POINT('',(-0.000257354691830882,-0.0008001,0.00189856530606954));
#5900=CARTESIAN_POINT('',(-0.0002341228063236,-0.0008001,0.00193014127748814));
#5901=CARTESIAN_POINT('',(-0.000208398723186176,-0.0008001,0.00195954251596017));
#5902=CARTESIAN_POINT('',(-0.000180366214877054,-0.0008001,0.00198710271671256));
#5903=CARTESIAN_POINT('',(-0.000149402551335147,-0.0008001,0.00201214238268357));
#5904=CARTESIAN_POINT('',(-0.000116058867397097,-0.0008001,0.00203505150684842));
#5905=CARTESIAN_POINT('',(-8.07623895394504E-5,-0.0008001,0.00205571262976413));
#5906=CARTESIAN_POINT('',(-4.35709242896172E-5,-0.0008001,0.00207367028765223));
#5907=CARTESIAN_POINT('',(-4.67591890515074E-6,-0.0008001,0.00208858449853082));
#5908=CARTESIAN_POINT('',(3.58151597055215E-5,-0.0008001,0.00210096519984902));
#5909=CARTESIAN_POINT('',(7.79911552696138E-5,-0.0008001,0.00211072266542297));
#5910=CARTESIAN_POINT('',(0.000121901229935176,-0.0008001,0.0021173798418723));
#5911=CARTESIAN_POINT('',(0.000167371831637431,-0.0008001,0.00212177072497457));
#5912=CARTESIAN_POINT('',(0.000198226663189306,-0.0008001,0.00212221199816623));
#5913=CARTESIAN_POINT('',(0.000213882211538462,-0.0008001,0.00212243589742088));
#5914=CARTESIAN_POINT('',(0.000213882211538462,-0.000800100000000016,0.00212243589742088));
#5915=CARTESIAN_POINT('',(0.000213882211538462,-0.0008001,0.00212243589742088));
#5916=CARTESIAN_POINT('',(0.000213882211538462,-0.000800100000000017,0.00212243589742088));
#5917=CARTESIAN_POINT('',(0.000213882211538462,-0.000800000000000016,0.00212243589742088));
#5918=CARTESIAN_POINT('',(0.000227478600653023,-0.000800100000000017,0.00212223822177436));
#5919=CARTESIAN_POINT('',(0.000227478600653023,-0.000800000000000016,0.00212223822177436));
#5920=CARTESIAN_POINT('',(0.000254271705506473,-0.000800100000000017,0.00212184868126626));
#5921=CARTESIAN_POINT('',(0.000254271705506473,-0.000800000000000016,0.00212184868126626));
#5922=CARTESIAN_POINT('',(0.000293758845902817,-0.000800100000000017,0.00211835089847003));
#5923=CARTESIAN_POINT('',(0.000293758845902817,-0.000800000000000016,0.00211835089847003));
#5924=CARTESIAN_POINT('',(0.000332074533261483,-0.000800100000000017,0.00211326690416235));
#5925=CARTESIAN_POINT('',(0.000332074533261483,-0.000800000000000016,0.00211326690416235));
#5926=CARTESIAN_POINT('',(0.000369036348248552,-0.000800100000000017,0.0021053958995953));
#5927=CARTESIAN_POINT('',(0.000369036348248552,-0.000800000000000016,0.0021053958995953));
#5928=CARTESIAN_POINT('',(0.000404967988392279,-0.000800100000000017,0.00209584071852156));
#5929=CARTESIAN_POINT('',(0.000404967988392279,-0.000800000000000016,0.00209584071852156));
#5930=CARTESIAN_POINT('',(0.000439487007088781,-0.000800100000000017,0.00208359522884181));
#5931=CARTESIAN_POINT('',(0.000439487007088781,-0.000800000000000016,0.00208359522884181));
#5932=CARTESIAN_POINT('',(0.000472908198552139,-0.000800100000000017,0.00206956551342321));
#5933=CARTESIAN_POINT('',(0.000472908198552139,-0.000800000000000016,0.00206956551342321));
#5934=CARTESIAN_POINT('',(0.000504786486456117,-0.000800100000000017,0.00205321218981371));
#5935=CARTESIAN_POINT('',(0.000504786486456117,-0.000800000000000016,0.00205321218981371));
#5936=CARTESIAN_POINT('',(0.000534968772471624,-0.000800100000000017,0.00203523454297754));
#5937=CARTESIAN_POINT('',(0.000534968772471624,-0.000800000000000016,0.00203523454297754));
#5938=CARTESIAN_POINT('',(0.00056344229422854,-0.000800100000000017,0.00201606192200533));
#5939=CARTESIAN_POINT('',(0.00056344229422854,-0.000800000000000016,0.00201606192200533));
#5940=CARTESIAN_POINT('',(0.000589575214784253,-0.000800100000000017,0.00199525950662489));
#5941=CARTESIAN_POINT('',(0.000589575214784253,-0.000800000000000016,0.00199525950662489));
#5942=CARTESIAN_POINT('',(0.000614052335147465,-0.000800100000000017,0.00197344298535716));
#5943=CARTESIAN_POINT('',(0.000614052335147465,-0.000800000000000016,0.00197344298535716));
#5944=CARTESIAN_POINT('',(0.000636219776634588,-0.000800100000000017,0.00195008625583261));
#5945=CARTESIAN_POINT('',(0.000636219776634588,-0.000800000000000016,0.00195008625583261));
#5946=CARTESIAN_POINT('',(0.000656481621911133,-0.000800100000000017,0.00192547368285835));
#5947=CARTESIAN_POINT('',(0.000656481621911133,-0.000800000000000016,0.00192547368285835));
#5948=CARTESIAN_POINT('',(0.000674498643756412,-0.000800100000000017,0.00189950961531041));
#5949=CARTESIAN_POINT('',(0.000674498643756412,-0.000800000000000016,0.00189950961531041));
#5950=CARTESIAN_POINT('',(0.000690553962260496,-0.000800100000000017,0.00187203332828449));
#5951=CARTESIAN_POINT('',(0.000690553962260496,-0.000800000000000016,0.00187203332828449));
#5952=CARTESIAN_POINT('',(0.000704911789439484,-0.000800100000000017,0.00184267786899468));
#5953=CARTESIAN_POINT('',(0.000704911789439484,-0.000800000000000016,0.00184267786899468));
#5954=CARTESIAN_POINT('',(0.000716887939899534,-0.000800100000000017,0.00181051985967852));
#5955=CARTESIAN_POINT('',(0.000716887939899534,-0.000800000000000016,0.00181051985967852));
#5956=CARTESIAN_POINT('',(0.000727260508844369,-0.000800100000000017,0.00177571162632655));
#5957=CARTESIAN_POINT('',(0.000727260508844369,-0.000800000000000016,0.00177571162632655));
#5958=CARTESIAN_POINT('',(0.000735511887989177,-0.000800100000000017,0.00173805466639404));
#5959=CARTESIAN_POINT('',(0.000735511887989177,-0.000800000000000016,0.00173805466639404));
#5960=CARTESIAN_POINT('',(0.000742166684382389,-0.000800100000000017,0.00169768329082245));
#5961=CARTESIAN_POINT('',(0.000742166684382389,-0.000800000000000016,0.00169768329082245));
#5962=CARTESIAN_POINT('',(0.000746597473493693,-0.000800100000000017,0.00165448550829245));
#5963=CARTESIAN_POINT('',(0.000746597473493693,-0.000800000000000016,0.00165448550829245));
#5964=CARTESIAN_POINT('',(0.000749602385458873,-0.000800100000000017,0.00160854295681506));
#5965=CARTESIAN_POINT('',(0.000749602385458873,-0.000800000000000016,0.00160854295681506));
#5966=CARTESIAN_POINT('',(0.000749864888324558,-0.000800100000000017,0.0015769950787058));
#5967=CARTESIAN_POINT('',(0.000749864888324558,-0.000800000000000016,0.0015769950787058));
#5968=CARTESIAN_POINT('',(0.00075,-0.000800100000000017,0.00156075721152345));
#5969=CARTESIAN_POINT('',(0.00075,-0.000800000000000016,0.00156075721152345));
#5970=CARTESIAN_POINT('',(0.000213882211538462,-0.0008,0.00212243589742088));
#5971=CARTESIAN_POINT('',(0.000227478600653023,-0.0008,0.00212223822177436));
#5972=CARTESIAN_POINT('',(0.000254271705506473,-0.0008,0.00212184868126626));
#5973=CARTESIAN_POINT('',(0.000293758845902817,-0.0008,0.00211835089847003));
#5974=CARTESIAN_POINT('',(0.000332074533261483,-0.0008,0.00211326690416235));
#5975=CARTESIAN_POINT('',(0.000369036348248552,-0.0008,0.0021053958995953));
#5976=CARTESIAN_POINT('',(0.000404967988392279,-0.0008,0.00209584071852156));
#5977=CARTESIAN_POINT('',(0.000439487007088781,-0.0008,0.00208359522884181));
#5978=CARTESIAN_POINT('',(0.000472908198552139,-0.0008,0.00206956551342321));
#5979=CARTESIAN_POINT('',(0.000504786486456117,-0.0008,0.00205321218981371));
#5980=CARTESIAN_POINT('',(0.000534968772471624,-0.0008,0.00203523454297754));
#5981=CARTESIAN_POINT('',(0.00056344229422854,-0.0008,0.00201606192200533));
#5982=CARTESIAN_POINT('',(0.000589575214784253,-0.0008,0.00199525950662489));
#5983=CARTESIAN_POINT('',(0.000614052335147465,-0.0008,0.00197344298535716));
#5984=CARTESIAN_POINT('',(0.000636219776634588,-0.0008,0.00195008625583261));
#5985=CARTESIAN_POINT('',(0.000656481621911133,-0.0008,0.00192547368285835));
#5986=CARTESIAN_POINT('',(0.000674498643756412,-0.0008,0.00189950961531041));
#5987=CARTESIAN_POINT('',(0.000690553962260496,-0.0008,0.00187203332828449));
#5988=CARTESIAN_POINT('',(0.000704911789439484,-0.0008,0.00184267786899468));
#5989=CARTESIAN_POINT('',(0.000716887939899534,-0.0008,0.00181051985967852));
#5990=CARTESIAN_POINT('',(0.000727260508844369,-0.0008,0.00177571162632655));
#5991=CARTESIAN_POINT('',(0.000735511887989177,-0.0008,0.00173805466639404));
#5992=CARTESIAN_POINT('',(0.000742166684382389,-0.0008,0.00169768329082245));
#5993=CARTESIAN_POINT('',(0.000746597473493693,-0.0008,0.00165448550829245));
#5994=CARTESIAN_POINT('',(0.000749602385458873,-0.0008,0.00160854295681506));
#5995=CARTESIAN_POINT('',(0.000749864888324558,-0.0008,0.0015769950787058));
#5996=CARTESIAN_POINT('',(0.00075,-0.0008,0.00156075721152345));
#5997=CARTESIAN_POINT('',(0.00075,-0.000799999999999952,0.00156075721152345));
#5998=CARTESIAN_POINT('',(0.000213882211538462,-0.0008001,0.00212243589742088));
#5999=CARTESIAN_POINT('',(0.000227478600653023,-0.0008001,0.00212223822177436));
#6000=CARTESIAN_POINT('',(0.000254271705506473,-0.0008001,0.00212184868126626));
#6001=CARTESIAN_POINT('',(0.000293758845902817,-0.0008001,0.00211835089847003));
#6002=CARTESIAN_POINT('',(0.000332074533261483,-0.0008001,0.00211326690416235));
#6003=CARTESIAN_POINT('',(0.000369036348248552,-0.0008001,0.0021053958995953));
#6004=CARTESIAN_POINT('',(0.000404967988392279,-0.0008001,0.00209584071852156));
#6005=CARTESIAN_POINT('',(0.000439487007088781,-0.0008001,0.00208359522884181));
#6006=CARTESIAN_POINT('',(0.000472908198552139,-0.0008001,0.00206956551342321));
#6007=CARTESIAN_POINT('',(0.000504786486456117,-0.0008001,0.00205321218981371));
#6008=CARTESIAN_POINT('',(0.000534968772471624,-0.0008001,0.00203523454297754));
#6009=CARTESIAN_POINT('',(0.00056344229422854,-0.0008001,0.00201606192200533));
#6010=CARTESIAN_POINT('',(0.000589575214784253,-0.0008001,0.00199525950662489));
#6011=CARTESIAN_POINT('',(0.000614052335147465,-0.0008001,0.00197344298535716));
#6012=CARTESIAN_POINT('',(0.000636219776634588,-0.0008001,0.00195008625583261));
#6013=CARTESIAN_POINT('',(0.000656481621911133,-0.0008001,0.00192547368285835));
#6014=CARTESIAN_POINT('',(0.000674498643756412,-0.0008001,0.00189950961531041));
#6015=CARTESIAN_POINT('',(0.000690553962260496,-0.0008001,0.00187203332828449));
#6016=CARTESIAN_POINT('',(0.000704911789439484,-0.0008001,0.00184267786899468));
#6017=CARTESIAN_POINT('',(0.000716887939899534,-0.0008001,0.00181051985967852));
#6018=CARTESIAN_POINT('',(0.000727260508844369,-0.0008001,0.00177571162632655));
#6019=CARTESIAN_POINT('',(0.000735511887989177,-0.0008001,0.00173805466639404));
#6020=CARTESIAN_POINT('',(0.000742166684382389,-0.0008001,0.00169768329082245));
#6021=CARTESIAN_POINT('',(0.000746597473493693,-0.0008001,0.00165448550829245));
#6022=CARTESIAN_POINT('',(0.000749602385458873,-0.0008001,0.00160854295681506));
#6023=CARTESIAN_POINT('',(0.000749864888324558,-0.0008001,0.0015769950787058));
#6024=CARTESIAN_POINT('',(0.00075,-0.0008001,0.00156075721152345));
#6025=CARTESIAN_POINT('',(0.00075,-0.0008001,0.00156075721152345));
#6026=CARTESIAN_POINT('',(0.00075,-0.0008001,0.00156075721152345));
#6027=CARTESIAN_POINT('',(0.00075,-0.0008001,-0.00255961538461758));
#6028=CARTESIAN_POINT('',(0.00075,-0.0008,0.));
#6029=CARTESIAN_POINT('',(0.00075,-0.0008001,-0.00255961538461758));
#6030=CARTESIAN_POINT('',(-0.00575,-0.0008001,0.0041));
#6031=CARTESIAN_POINT('',(-0.00575,-0.0008001,0.0041));
#6032=CARTESIAN_POINT('',(0.00075,-0.0008001,0.000514743589744518));
#6033=CARTESIAN_POINT('',(0.00075,-0.0008001,0.000514743589744518));
#6034=CARTESIAN_POINT('',(-0.00035,-0.0008001,0.000514743589744518));
#6035=CARTESIAN_POINT('',(0.00075,-0.0008001,-0.00255961538461758));
#6036=CARTESIAN_POINT('',(0.00075,-0.0008001,0.00103653846153939));
#6037=CARTESIAN_POINT('',(0.000637179487179487,-0.0008001,0.00103653846153939));
#6038=CARTESIAN_POINT('',(0.000637179487179487,-0.0008001,0.00103653846153939));
#6039=CARTESIAN_POINT('',(0.000637179487179487,-0.0008001,-0.00178397435896612));
#6040=CARTESIAN_POINT('',(0.000637179487179487,-0.0008001,0.000613461538462467));
#6041=CARTESIAN_POINT('',(-0.00035,-0.0008001,0.000613461538462467));
#6042=CARTESIAN_POINT('',(-0.00035,-0.0008001,0.000613461538462467));
#6043=CARTESIAN_POINT('',(-0.00035,-0.0008001,-0.00220000000000219));
#6044=CARTESIAN_POINT('',(-0.00035,-0.0008001,-0.00220000000000219));
#6045=CARTESIAN_POINT('',(-0.00035,-0.0008,0.));
#6046=CARTESIAN_POINT('',(-0.00035,-0.0008,0.000514743589744518));
#6047=CARTESIAN_POINT('',(-0.00035,-0.0008,0.000613461538462467));
#6048=CARTESIAN_POINT('',(-0.00035,-0.0008001,0.000514743589744518));
#6049=CARTESIAN_POINT('',(-0.00035,-0.0008001,0.000613461538462467));
#6050=CARTESIAN_POINT('',(-0.00035,-0.0008001,0.000613461538462467));
#6051=CARTESIAN_POINT('',(-0.00035,-0.0008,0.000613461538462467));
#6052=CARTESIAN_POINT('',(0.000637179487179487,-0.0008,0.000613461538462467));
#6053=CARTESIAN_POINT('',(0.000637179487179487,-0.0008001,0.000613461538462467));
#6054=CARTESIAN_POINT('',(0.000637179487179487,-0.0008001,-0.00178397435896612));
#6055=CARTESIAN_POINT('',(0.000637179487179487,-0.0008,0.));
#6056=CARTESIAN_POINT('',(0.000637179487179487,-0.0008,0.00103653846153939));
#6057=CARTESIAN_POINT('',(0.000637179487179487,-0.0008001,0.00103653846153939));
#6058=CARTESIAN_POINT('',(0.000637179487179487,-0.0008001,0.00103653846153939));
#6059=CARTESIAN_POINT('',(0.000637179487179487,-0.0008,0.00103653846153939));
#6060=CARTESIAN_POINT('',(0.00075,-0.0008,0.00103653846153939));
#6061=CARTESIAN_POINT('',(0.00075,-0.0008001,0.00103653846153939));
#6062=CARTESIAN_POINT('',(0.00075,-0.0008001,-0.00255961538461758));
#6063=CARTESIAN_POINT('',(0.00075,-0.0008,0.));
#6064=CARTESIAN_POINT('',(0.00075,-0.0008,0.000514743589744518));
#6065=CARTESIAN_POINT('',(0.00075,-0.0008001,0.000514743589744518));
#6066=CARTESIAN_POINT('',(0.00075,-0.0008001,0.000514743589744518));
#6067=CARTESIAN_POINT('',(0.00075,-0.0008,0.000514743589744518));
#6068=CARTESIAN_POINT('',(-0.00575,-0.0008001,0.0041));
#6069=CARTESIAN_POINT('',(-0.000265384615384616,-0.0008001,-5.90544871935307E-5));
#6070=CARTESIAN_POINT('',(-0.000264947330183639,-0.0008001,-7.15792971373288E-5));
#6071=CARTESIAN_POINT('',(-0.00026409321048151,-0.0008001,-9.60431640016296E-5));
#6072=CARTESIAN_POINT('',(-0.000256612263397195,-0.0008001,-0.000131310709314728));
#6073=CARTESIAN_POINT('',(-0.000244676294299283,-0.0008001,-0.000164096785714895));
#6074=CARTESIAN_POINT('',(-0.000230428773906411,-0.0008001,-0.000189157509500116));
#6075=CARTESIAN_POINT('',(-0.000216364351838961,-0.0008001,-0.000207663461378507));
#6076=CARTESIAN_POINT('',(-0.0002040813161223,-0.0008001,-0.000220887641956669));
#6077=CARTESIAN_POINT('',(-0.000190431000114393,-0.0008001,-0.000233874088083912));
#6078=CARTESIAN_POINT('',(-0.000174572653598608,-0.0008001,-0.000245768443665082));
#6079=CARTESIAN_POINT('',(-0.000157580233824359,-0.0008001,-0.000257797407762831));
#6080=CARTESIAN_POINT('',(-0.00013858993391127,-0.0008001,-0.000268748555671818));
#6081=CARTESIAN_POINT('',(-0.000118097124273529,-0.0008001,-0.00027939017323654));
#6082=CARTESIAN_POINT('',(-0.000103609924842917,-0.0008001,-0.000285802403116696));
#6083=CARTESIAN_POINT('',(-9.61538461538464E-5,-0.0008001,-0.000289102564116607));
#6084=CARTESIAN_POINT('',(-0.000265384455524222,-0.0008001,-5.9058385848029E-5));
#6085=CARTESIAN_POINT('',(-9.61538461538464E-5,-0.0008001,-0.000289102564116607));
#6086=CARTESIAN_POINT('',(-9.2848557692308E-5,-0.0008001,0.000162179487165443));
#6087=CARTESIAN_POINT('',(-9.85939477270578E-5,-0.0008001,0.0001620520941108));
#6088=CARTESIAN_POINT('',(-0.000110024128712333,-0.0008001,0.000161798651670508));
#6089=CARTESIAN_POINT('',(-0.000126775759418938,-0.0008001,0.000158475381099349));
#6090=CARTESIAN_POINT('',(-0.000143014557490522,-0.0008001,0.000153711120895499));
#6091=CARTESIAN_POINT('',(-0.000158555373165686,-0.0008001,0.000146793987794983));
#6092=CARTESIAN_POINT('',(-0.000173430013046574,-0.0008001,0.000137831771831501));
#6093=CARTESIAN_POINT('',(-0.000187801650937519,-0.0008001,0.000127021578275406));
#6094=CARTESIAN_POINT('',(-0.000201484585311595,-0.0008001,0.000114055312940246));
#6095=CARTESIAN_POINT('',(-0.000214549407314723,-0.0008001,9.95329552022664E-5));
#6096=CARTESIAN_POINT('',(-0.000226434779560652,-0.0008001,8.34519672071809E-5));
#6097=CARTESIAN_POINT('',(-0.000236836447076188,-0.0008001,6.61874630665855E-5));
#6098=CARTESIAN_POINT('',(-0.000245660272232926,-0.0008001,4.78094486581871E-5));
#6099=CARTESIAN_POINT('',(-0.000252960671198673,-0.0008001,2.8435647850996E-5));
#6100=CARTESIAN_POINT('',(-0.00025844622845225,-0.0008001,7.97577681926439E-6));
#6101=CARTESIAN_POINT('',(-0.000262386525897046,-0.0008001,-1.3466498178279E-5));
#6102=CARTESIAN_POINT('',(-0.000264849660368403,-0.0008001,-3.59341553112211E-5));
#6103=CARTESIAN_POINT('',(-0.000265204323161124,-0.0008001,-5.12624001645225E-5));
#6104=CARTESIAN_POINT('',(-0.000265384615384616,-0.0008001,-5.90544871935307E-5));
#6105=CARTESIAN_POINT('',(-9.28506473459257E-5,-0.0008001,0.000162179426033025));
#6106=CARTESIAN_POINT('',(8.71794871794869E-5,-0.0008001,-0.000119871794885838));
#6107=CARTESIAN_POINT('',(8.69152618912181E-5,-0.0008001,-0.000106267775052789));
#6108=CARTESIAN_POINT('',(8.63978904432886E-5,-0.0008001,-7.96301602930497E-5));
#6109=CARTESIAN_POINT('',(8.13960602127943E-5,-0.0008001,-4.06163877089141E-5));
#6110=CARTESIAN_POINT('',(7.3366155793645E-5,-0.0008001,-3.46824468449943E-6));
#6111=CARTESIAN_POINT('',(6.18928087519949E-5,-0.0008001,3.12802548163332E-5));
#6112=CARTESIAN_POINT('',(4.83785916530502E-5,-0.0008001,6.28911092024948E-5));
#6113=CARTESIAN_POINT('',(3.2763286783142E-5,-0.0008001,9.04262256865379E-5));
#6114=CARTESIAN_POINT('',(1.50892837129871E-5,-0.0008001,0.000113160731128588));
#6115=CARTESIAN_POINT('',(-4.30502983226954E-6,-0.0008001,0.0001313321401964));
#6116=CARTESIAN_POINT('',(-2.49926125180828E-5,-0.0008001,0.000145143687583468));
#6117=CARTESIAN_POINT('',(-4.6686533057283E-5,-0.0008001,0.000155076553158777));
#6118=CARTESIAN_POINT('',(-6.94727932853958E-5,-0.0008001,0.000160996549804982));
#6119=CARTESIAN_POINT('',(-8.50291997248462E-5,-0.0008001,0.000161783786279966));
#6120=CARTESIAN_POINT('',(-9.2848557692308E-5,-0.0008001,0.000162179487165443));
#6121=CARTESIAN_POINT('',(8.71794871794869E-5,-0.0008001,-0.000119871794885838));
#6122=CARTESIAN_POINT('',(0.0002,-0.0008001,-0.000119871794885838));
#6123=CARTESIAN_POINT('',(0.0002,-0.000800099999999984,-0.000119871794885838));
#6124=CARTESIAN_POINT('',(0.000432692307692307,-0.0008001,0.0002185897435757));
#6125=CARTESIAN_POINT('',(0.000422443685289915,-0.0008001,0.000218107779607631));
#6126=CARTESIAN_POINT('',(0.000401997436202758,-0.0008001,0.000217146249857068));
#6127=CARTESIAN_POINT('',(0.000371904951415036,-0.0008001,0.000209835855086025));
#6128=CARTESIAN_POINT('',(0.000342900596637971,-0.0008001,0.000197703049533583));
#6129=CARTESIAN_POINT('',(0.000315360029825517,-0.0008001,0.000181050543914373));
#6130=CARTESIAN_POINT('',(0.000290146390448316,-0.0008001,0.000160283606931486));
#6131=CARTESIAN_POINT('',(0.000267488959322609,-0.0008001,0.000136384075618951));
#6132=CARTESIAN_POINT('',(0.000248810914168029,-0.0008001,0.000108701760203327));
#6133=CARTESIAN_POINT('',(0.000235894185483575,-0.0008001,8.32424638744263E-5));
#6134=CARTESIAN_POINT('',(0.000227082989098702,-0.0008001,6.06871085859621E-5));
#6135=CARTESIAN_POINT('',(0.000221213606978161,-0.0008001,4.13852702966518E-5));
#6136=CARTESIAN_POINT('',(0.000216243633793622,-0.0008001,1.97760093968496E-5));
#6137=CARTESIAN_POINT('',(0.000211619766943552,-0.0008001,-3.87911572748189E-6));
#6138=CARTESIAN_POINT('',(0.000207684489135381,-0.0008001,-2.97584162702642E-5));
#6139=CARTESIAN_POINT('',(0.000204402774703892,-0.0008001,-5.78336955934353E-5));
#6140=CARTESIAN_POINT('',(0.000201776904961852,-0.0008001,-8.81106495900633E-5));
#6141=CARTESIAN_POINT('',(0.000200604274977703,-0.0008001,-0.000109070730238344));
#6142=CARTESIAN_POINT('',(0.0002,-0.0008001,-0.000119871794885838));
#6143=CARTESIAN_POINT('',(0.000432690079811002,-0.0008001,0.000218589625116951));
#6144=CARTESIAN_POINT('',(0.000665384615384615,-0.0008001,-6.14783653986589E-5));
#6145=CARTESIAN_POINT('',(0.000665191045164087,-0.0008001,-5.11844074234681E-5));
#6146=CARTESIAN_POINT('',(0.000664812535308175,-0.0008001,-3.10554612491219E-5));
#6147=CARTESIAN_POINT('',(0.000661331598870817,-0.0008001,-1.68393403088739E-6));
#6148=CARTESIAN_POINT('',(0.000656262040359711,-0.0008001,2.62584066326497E-5));
#6149=CARTESIAN_POINT('',(0.000648432245759751,-0.0008001,5.24613261599959E-5));
#6150=CARTESIAN_POINT('',(0.00063875826387328,-0.0008001,7.72680570417519E-5));
#6151=CARTESIAN_POINT('',(0.000626611622164626,-0.0008001,0.000100330861208987));
#6152=CARTESIAN_POINT('',(0.000612360423935788,-0.0008001,0.000121952494584067));
#6153=CARTESIAN_POINT('',(0.000596162402648579,-0.0008001,0.000141856022003787));
#6154=CARTESIAN_POINT('',(0.000578429932765994,-0.0008001,0.000159753181507833));
#6155=CARTESIAN_POINT('',(0.000559882967559856,-0.0008001,0.000175511314240857));
#6156=CARTESIAN_POINT('',(0.000540599706856801,-0.0008001,0.000188907636420089));
#6157=CARTESIAN_POINT('',(0.000520473440282996,-0.0008001,0.000199713903850903));
#6158=CARTESIAN_POINT('',(0.000499587511206387,-0.0008001,0.000208246933945377));
#6159=CARTESIAN_POINT('',(0.000477883307694984,-0.0008001,0.000214055939838453));
#6160=CARTESIAN_POINT('',(0.000455538452602288,-0.0008001,0.00021809498744915));
#6161=CARTESIAN_POINT('',(0.000440349348077767,-0.0008001,0.000218423922704964));
#6162=CARTESIAN_POINT('',(0.000432692307692307,-0.0008001,0.0002185897435757));
#6163=CARTESIAN_POINT('',(0.000665384615384615,-0.0008001,-6.14783653986589E-5));
#6164=CARTESIAN_POINT('',(0.000605889423076923,-0.0008001,-0.000245252403860198));
#6165=CARTESIAN_POINT('',(0.00061063579862755,-0.0008001,-0.000239092791902045));
#6166=CARTESIAN_POINT('',(0.000620113898748228,-0.0008001,-0.000226792581305311));
#6167=CARTESIAN_POINT('',(0.00063224379567065,-0.0008001,-0.000206761461391162));
#6168=CARTESIAN_POINT('',(0.00064262669743343,-0.0008001,-0.000185621152748068));
#6169=CARTESIAN_POINT('',(0.000651066355133725,-0.0008001,-0.000163195360098241));
#6170=CARTESIAN_POINT('',(0.000657401466626898,-0.0008001,-0.000139481075138776));
#6171=CARTESIAN_POINT('',(0.000661961181767557,-0.0008001,-0.000114574492956633));
#6172=CARTESIAN_POINT('',(0.000664971302191422,-0.0008001,-8.84347480963811E-5));
#6173=CARTESIAN_POINT('',(0.000665244834871718,-0.0008001,-7.05948829969027E-5));
#6174=CARTESIAN_POINT('',(0.000665384615384615,-0.0008001,-6.14783653986589E-5));
#6175=CARTESIAN_POINT('',(0.000605890755137466,-0.000800099999999989,-0.000245250631555172));
#6176=CARTESIAN_POINT('',(0.000453846153846154,-0.0008001,-0.0003314102564243));
#6177=CARTESIAN_POINT('',(0.000462315843730583,-0.0008001,-0.000328838364828784));
#6178=CARTESIAN_POINT('',(0.000478790126239131,-0.0008001,-0.000323835812279158));
#6179=CARTESIAN_POINT('',(0.000502499936594092,-0.0008001,-0.000315320461468124));
#6180=CARTESIAN_POINT('',(0.000524235324750457,-0.0008001,-0.000305619004531694));
#6181=CARTESIAN_POINT('',(0.000544155734514964,-0.0008001,-0.000295211571817505));
#6182=CARTESIAN_POINT('',(0.000562457346717994,-0.0008001,-0.000284281203067502));
#6183=CARTESIAN_POINT('',(0.00057865621984299,-0.0008001,-0.000272050798024631));
#6184=CARTESIAN_POINT('',(0.000593463854823208,-0.0008001,-0.000259426209549763));
#6185=CARTESIAN_POINT('',(0.000601806447147274,-0.0008001,-0.000249909841353627));
#6186=CARTESIAN_POINT('',(0.000605889423076923,-0.0008001,-0.000245252403860198));
#6187=CARTESIAN_POINT('',(0.000453846153846154,-0.0008001,-0.0003314102564243));
#6188=CARTESIAN_POINT('',(0.000453846153846154,-0.0008001,-0.000430128205142249));
#6189=CARTESIAN_POINT('',(0.000453846153846154,-0.000800099999999986,-0.000430128205142249));
#6190=CARTESIAN_POINT('',(0.000778205128205128,-0.0008001,-6.32411859114794E-5));
#6191=CARTESIAN_POINT('',(0.000777929881209569,-0.0008001,-7.50007971613023E-5));
#6192=CARTESIAN_POINT('',(0.00077738828690652,-0.0008001,-9.81397907261381E-5));
#6193=CARTESIAN_POINT('',(0.000773751764275815,-0.0008001,-0.000132169718619381));
#6194=CARTESIAN_POINT('',(0.000766929382035607,-0.0008001,-0.000164584042185507));
#6195=CARTESIAN_POINT('',(0.000758349292145748,-0.0008001,-0.000195697517382097));
#6196=CARTESIAN_POINT('',(0.000746486356613875,-0.0008001,-0.000225040566268706));
#6197=CARTESIAN_POINT('',(0.000732343539697101,-0.0008001,-0.000253035261141082));
#6198=CARTESIAN_POINT('',(0.00071555816752698,-0.0008001,-0.000279558891639069));
#6199=CARTESIAN_POINT('',(0.000696102011940488,-0.0008001,-0.000304453942448917));
#6200=CARTESIAN_POINT('',(0.000674323755282606,-0.0008001,-0.000327693816477856));
#6201=CARTESIAN_POINT('',(0.000649861599607877,-0.0008001,-0.000348686438642608));
#6202=CARTESIAN_POINT('',(0.000623172093689162,-0.0008001,-0.000367664070088714));
#6203=CARTESIAN_POINT('',(0.000594015160963684,-0.0008001,-0.000384506129303491));
#6204=CARTESIAN_POINT('',(0.000562472465893368,-0.0008001,-0.000399283497892441));
#6205=CARTESIAN_POINT('',(0.000528417611167607,-0.0008001,-0.00041167816584584));
#6206=CARTESIAN_POINT('',(0.000492114604942774,-0.0008001,-0.000422500241990097));
#6207=CARTESIAN_POINT('',(0.000466822729161049,-0.0008001,-0.000427541613955341));
#6208=CARTESIAN_POINT('',(0.000453846153846154,-0.0008001,-0.000430128205142249));
#6209=CARTESIAN_POINT('',(0.000778205008747625,-0.0008001,-6.32454468933554E-5));
#6210=CARTESIAN_POINT('',(0.000423217147435897,-0.0008001,0.000317307692293649));
#6211=CARTESIAN_POINT('',(0.000438620123926165,-0.0008001,0.000316743621050198));
#6212=CARTESIAN_POINT('',(0.000469353590253293,-0.0008001,0.000315618133091578));
#6213=CARTESIAN_POINT('',(0.00051476111242908,-0.0008001,0.000305560928935979));
#6214=CARTESIAN_POINT('',(0.000559141665170518,-0.0008001,0.000289963442448211));
#6215=CARTESIAN_POINT('',(0.000601611536718109,-0.0008001,0.000267838186850535));
#6216=CARTESIAN_POINT('',(0.000641309642841378,-0.0008001,0.000240751743098455));
#6217=CARTESIAN_POINT('',(0.000677091108319457,-0.0008001,0.000208883351272621));
#6218=CARTESIAN_POINT('',(0.000707365284237991,-0.0008001,0.000171777413531811));
#6219=CARTESIAN_POINT('',(0.000732966609484338,-0.0008001,0.00013077871355525));
#6220=CARTESIAN_POINT('',(0.000753240829488935,-0.0008001,8.61693289320594E-5));
#6221=CARTESIAN_POINT('',(0.000767853750327936,-0.0008001,3.8650917693419E-5));
#6222=CARTESIAN_POINT('',(0.000776618567919489,-0.0008001,-1.15015250156185E-5));
#6223=CARTESIAN_POINT('',(0.000777670253576299,-0.0008001,-4.57982736137916E-5));
#6224=CARTESIAN_POINT('',(0.000778205128205128,-0.0008001,-6.32411859114794E-5));
#6225=CARTESIAN_POINT('',(0.000423219608936475,-0.0008001,0.000317307588322903));
#6226=CARTESIAN_POINT('',(0.000227764423076923,-0.0008001,0.000251642628191084));
#6227=CARTESIAN_POINT('',(0.000235011145011071,-0.0008001,0.00025693562150194));
#6228=CARTESIAN_POINT('',(0.000249385918790147,-0.0008001,0.000267434931693375));
#6229=CARTESIAN_POINT('',(0.00027249736692513,-0.0008001,0.000280394670872508));
#6230=CARTESIAN_POINT('',(0.000295864977842362,-0.0008001,0.00029215182108305));
#6231=CARTESIAN_POINT('',(0.000320115076879109,-0.0008001,0.000301313318585744));
#6232=CARTESIAN_POINT('',(0.000344966595469962,-0.0008001,0.000308407962448756));
#6233=CARTESIAN_POINT('',(0.000370462205659731,-0.0008001,0.000313479286866984));
#6234=CARTESIAN_POINT('',(0.000396622726993085,-0.0008001,0.000316629731143809));
#6235=CARTESIAN_POINT('',(0.000414320935062376,-0.0008001,0.000317080904634074));
#6236=CARTESIAN_POINT('',(0.000423217147435897,-0.0008001,0.000317307692293649));
#6237=CARTESIAN_POINT('',(0.000227764423076923,-0.0008001,0.000251642628191084));
#6238=CARTESIAN_POINT('',(0.00013389423076923,-0.0008001,0.000132431891011598));
#6239=CARTESIAN_POINT('',(0.000139524029956129,-0.0008001,0.00014414821459635));
#6240=CARTESIAN_POINT('',(0.000150696367523324,-0.0008001,0.000167399260999562));
#6241=CARTESIAN_POINT('',(0.000172955169153009,-0.0008001,0.000198771708028963));
#6242=CARTESIAN_POINT('',(0.000198024104559351,-0.0008001,0.000227685517991392));
#6243=CARTESIAN_POINT('',(0.000217805987181576,-0.0008001,0.000243620678257346));
#6244=CARTESIAN_POINT('',(0.000227764423076923,-0.0008001,0.000251642628191084));
#6245=CARTESIAN_POINT('',(0.000133894205112792,-0.00080009999999999,0.000132432222436444));
#6246=CARTESIAN_POINT('',(-9.24078525641028E-5,-0.0008001,0.000260897435883392));
#6247=CARTESIAN_POINT('',(-8.07771456566314E-5,-0.0008001,0.000260531735840029));
#6248=CARTESIAN_POINT('',(-5.80176571110878E-5,-0.0008001,0.000259816117605106));
#6249=CARTESIAN_POINT('',(-2.4790900867658E-5,-0.0008001,0.000253739810142657));
#6250=CARTESIAN_POINT('',(6.52503064960524E-6,-0.0008001,0.000243514127524415));
#6251=CARTESIAN_POINT('',(3.60619673169839E-5,-0.0008001,0.000229349344999944));
#6252=CARTESIAN_POINT('',(6.36326312613894E-5,-0.0008001,0.000211013429210141));
#6253=CARTESIAN_POINT('',(8.92990541032626E-5,-0.0008001,0.000188802010187468));
#6254=CARTESIAN_POINT('',(0.000113175075229284,-0.0008001,0.000162558316486599));
#6255=CARTESIAN_POINT('',(0.000126852623878721,-0.0008001,0.000142670650250708));
#6256=CARTESIAN_POINT('',(0.00013389423076923,-0.0008001,0.000132431891011598));
#6257=CARTESIAN_POINT('',(-9.24059331218619E-5,-0.0008001,0.000260897352096836));
#6258=CARTESIAN_POINT('',(-0.000378205128205128,-0.0008001,-6.03766025781461E-5));
#6259=CARTESIAN_POINT('',(-0.000377771655842428,-0.0008001,-4.60191693545506E-5));
#6260=CARTESIAN_POINT('',(-0.000376914166407486,-0.0008001,-1.76174802008892E-5));
#6261=CARTESIAN_POINT('',(-0.000369083914942632,-0.0008001,2.41080488406938E-5));
#6262=CARTESIAN_POINT('',(-0.000356693159059886,-0.0008001,6.43450491299306E-5));
#6263=CARTESIAN_POINT('',(-0.000339572844816826,-0.0008001,0.000102653098443635));
#6264=CARTESIAN_POINT('',(-0.000318456832108742,-0.0008001,0.000138236034402463));
#6265=CARTESIAN_POINT('',(-0.0002933250576561,-0.0008001,0.000169895978808697));
#6266=CARTESIAN_POINT('',(-0.000264662420045791,-0.0008001,0.000197203796489942));
#6267=CARTESIAN_POINT('',(-0.000233003614117096,-0.0008001,0.000220113458040265));
#6268=CARTESIAN_POINT('',(-0.000199169025452628,-0.0008001,0.000238051314885709));
#6269=CARTESIAN_POINT('',(-0.000164346118920625,-0.0008001,0.000251278460836477));
#6270=CARTESIAN_POINT('',(-0.00012861749934125,-0.0008001,0.00025933098915034));
#6271=CARTESIAN_POINT('',(-0.000104493783029053,-0.0008001,0.00026037459271927));
#6272=CARTESIAN_POINT('',(-9.24078525641028E-5,-0.0008001,0.000260897435883392));
#6273=CARTESIAN_POINT('',(-0.000378205128205128,-0.000800099999999971,-6.03766025781461E-5));
#6274=CARTESIAN_POINT('',(-9.61538461538464E-5,-0.0008001,-0.000387820512834556));
#6275=CARTESIAN_POINT('',(-0.000107226912546108,-0.0008001,-0.000385146082620528));
#6276=CARTESIAN_POINT('',(-0.000128873851640314,-0.0008001,-0.000379917790302582));
#6277=CARTESIAN_POINT('',(-0.000159801847906615,-0.0008001,-0.000369012838640927));
#6278=CARTESIAN_POINT('',(-0.000189069240343697,-0.0008001,-0.000357133072722623));
#6279=CARTESIAN_POINT('',(-0.00021612800636225,-0.0008001,-0.000342867925573697));
#6280=CARTESIAN_POINT('',(-0.000241521947221094,-0.0008001,-0.000327308031388347));
#6281=CARTESIAN_POINT('',(-0.000264675100625364,-0.0008001,-0.000309480890334216));
#6282=CARTESIAN_POINT('',(-0.000286176318343604,-0.0008001,-0.000290208977527782));
#6283=CARTESIAN_POINT('',(-0.000305257621575867,-0.0008001,-0.000268892564890081));
#6284=CARTESIAN_POINT('',(-0.000322536336469403,-0.0008001,-0.000246537842660114));
#6285=CARTESIAN_POINT('',(-0.000337268497348434,-0.0008001,-0.000222829819309887));
#6286=CARTESIAN_POINT('',(-0.000349941802534413,-0.0008001,-0.000198245481299124));
#6287=CARTESIAN_POINT('',(-0.000360382446838104,-0.0008001,-0.000172614496658137));
#6288=CARTESIAN_POINT('',(-0.000368247611418879,-0.0008001,-0.000145860556983508));
#6289=CARTESIAN_POINT('',(-0.000373954036033123,-0.0008001,-0.000118225532511255));
#6290=CARTESIAN_POINT('',(-0.000377659814786235,-0.0008001,-8.96370039037945E-5));
#6291=CARTESIAN_POINT('',(-0.000378021483184804,-0.0008001,-7.02306182871961E-5));
#6292=CARTESIAN_POINT('',(-0.000378205128205128,-0.0008001,-6.03766025781461E-5));
#6293=CARTESIAN_POINT('',(-9.61538461538464E-5,-0.0008001,-0.000387820512834556));
#6294=CARTESIAN_POINT('',(-9.61538461538464E-5,-0.0008001,-0.000289102564116607));
#6295=CARTESIAN_POINT('',(-9.61538461538464E-5,-0.0008001,-0.000289102564116607));
#6296=CARTESIAN_POINT('',(-9.61538461538464E-5,-0.0008,-0.000289102564116607));
#6297=CARTESIAN_POINT('',(-9.61538461538464E-5,-0.0008,-0.000289102564116607));
#6298=CARTESIAN_POINT('',(-9.61538461538464E-5,-0.0008,-0.000387820512834556));
#6299=CARTESIAN_POINT('',(-9.61538461538464E-5,-0.0008001,-0.000289102564116607));
#6300=CARTESIAN_POINT('',(-9.61538461538464E-5,-0.0008001,-0.000387820512834556));
#6301=CARTESIAN_POINT('',(-9.61538461538464E-5,-0.0008001,-0.000387820512834556));
#6302=CARTESIAN_POINT('',(-9.61538461538464E-5,-0.0008,-0.000387820512834556));
#6303=CARTESIAN_POINT('',(-0.000107226912546108,-0.0008001,-0.000385146082620528));
#6304=CARTESIAN_POINT('',(-0.000107226912546108,-0.0008,-0.000385146082620528));
#6305=CARTESIAN_POINT('',(-0.000128873851640314,-0.0008001,-0.000379917790302582));
#6306=CARTESIAN_POINT('',(-0.000128873851640314,-0.0008,-0.000379917790302582));
#6307=CARTESIAN_POINT('',(-0.000159801847906615,-0.0008001,-0.000369012838640927));
#6308=CARTESIAN_POINT('',(-0.000159801847906615,-0.0008,-0.000369012838640927));
#6309=CARTESIAN_POINT('',(-0.000189069240343697,-0.0008001,-0.000357133072722623));
#6310=CARTESIAN_POINT('',(-0.000189069240343697,-0.0008,-0.000357133072722623));
#6311=CARTESIAN_POINT('',(-0.000216128006362249,-0.0008001,-0.000342867925573697));
#6312=CARTESIAN_POINT('',(-0.00021612800636225,-0.0008,-0.000342867925573697));
#6313=CARTESIAN_POINT('',(-0.000241521947221094,-0.0008001,-0.000327308031388347));
#6314=CARTESIAN_POINT('',(-0.000241521947221094,-0.0008,-0.000327308031388347));
#6315=CARTESIAN_POINT('',(-0.000264675100625364,-0.0008001,-0.000309480890334216));
#6316=CARTESIAN_POINT('',(-0.000264675100625364,-0.0008,-0.000309480890334216));
#6317=CARTESIAN_POINT('',(-0.000286176318343603,-0.0008001,-0.000290208977527782));
#6318=CARTESIAN_POINT('',(-0.000286176318343604,-0.0008,-0.000290208977527782));
#6319=CARTESIAN_POINT('',(-0.000305257621575867,-0.0008001,-0.000268892564890081));
#6320=CARTESIAN_POINT('',(-0.000305257621575867,-0.0008,-0.000268892564890081));
#6321=CARTESIAN_POINT('',(-0.000322536336469402,-0.0008001,-0.000246537842660114));
#6322=CARTESIAN_POINT('',(-0.000322536336469403,-0.0008,-0.000246537842660114));
#6323=CARTESIAN_POINT('',(-0.000337268497348433,-0.0008001,-0.000222829819309887));
#6324=CARTESIAN_POINT('',(-0.000337268497348434,-0.0008,-0.000222829819309887));
#6325=CARTESIAN_POINT('',(-0.000349941802534413,-0.0008001,-0.000198245481299124));
#6326=CARTESIAN_POINT('',(-0.000349941802534413,-0.0008,-0.000198245481299123));
#6327=CARTESIAN_POINT('',(-0.000360382446838103,-0.0008001,-0.000172614496658137));
#6328=CARTESIAN_POINT('',(-0.000360382446838104,-0.0008,-0.000172614496658137));
#6329=CARTESIAN_POINT('',(-0.000368247611418879,-0.0008001,-0.000145860556983508));
#6330=CARTESIAN_POINT('',(-0.000368247611418879,-0.0008,-0.000145860556983508));
#6331=CARTESIAN_POINT('',(-0.000373954036033123,-0.0008001,-0.000118225532511255));
#6332=CARTESIAN_POINT('',(-0.000373954036033123,-0.0008,-0.000118225532511255));
#6333=CARTESIAN_POINT('',(-0.000377659814786234,-0.0008001,-8.96370039037945E-5));
#6334=CARTESIAN_POINT('',(-0.000377659814786235,-0.0008,-8.96370039037945E-5));
#6335=CARTESIAN_POINT('',(-0.000378021483184804,-0.0008001,-7.02306182871961E-5));
#6336=CARTESIAN_POINT('',(-0.000378021483184804,-0.0008,-7.02306182871961E-5));
#6337=CARTESIAN_POINT('',(-0.000378205128205128,-0.0008001,-6.03766025781461E-5));
#6338=CARTESIAN_POINT('',(-0.000378205128205128,-0.0008,-6.03766025781461E-5));
#6339=CARTESIAN_POINT('',(-9.61538461538464E-5,-0.0008,-0.000387820512834556));
#6340=CARTESIAN_POINT('',(-0.000107226912546108,-0.0008,-0.000385146082620528));
#6341=CARTESIAN_POINT('',(-0.000128873851640314,-0.0008,-0.000379917790302582));
#6342=CARTESIAN_POINT('',(-0.000159801847906615,-0.0008,-0.000369012838640927));
#6343=CARTESIAN_POINT('',(-0.000189069240343697,-0.0008,-0.000357133072722623));
#6344=CARTESIAN_POINT('',(-0.00021612800636225,-0.0008,-0.000342867925573697));
#6345=CARTESIAN_POINT('',(-0.000241521947221094,-0.0008,-0.000327308031388347));
#6346=CARTESIAN_POINT('',(-0.000264675100625364,-0.0008,-0.000309480890334216));
#6347=CARTESIAN_POINT('',(-0.000286176318343604,-0.0008,-0.000290208977527782));
#6348=CARTESIAN_POINT('',(-0.000305257621575867,-0.0008,-0.000268892564890081));
#6349=CARTESIAN_POINT('',(-0.000322536336469403,-0.0008,-0.000246537842660114));
#6350=CARTESIAN_POINT('',(-0.000337268497348434,-0.0008,-0.000222829819309887));
#6351=CARTESIAN_POINT('',(-0.000349941802534413,-0.0008,-0.000198245481299124));
#6352=CARTESIAN_POINT('',(-0.000360382446838104,-0.0008,-0.000172614496658137));
#6353=CARTESIAN_POINT('',(-0.000368247611418879,-0.0008,-0.000145860556983508));
#6354=CARTESIAN_POINT('',(-0.000373954036033123,-0.0008,-0.000118225532511255));
#6355=CARTESIAN_POINT('',(-0.000377659814786235,-0.0008,-8.96370039037945E-5));
#6356=CARTESIAN_POINT('',(-0.000378021483184804,-0.0008,-7.02306182871961E-5));
#6357=CARTESIAN_POINT('',(-0.000378205128205128,-0.0008,-6.03766025781461E-5));
#6358=CARTESIAN_POINT('',(-0.000378205128205128,-0.000799999999999971,-6.03766025781461E-5));
#6359=CARTESIAN_POINT('',(-0.000378205128205128,-0.0008001,-6.03766025781461E-5));
#6360=CARTESIAN_POINT('',(-0.000378291578801117,-0.0008001,-6.32400115653097E-5));
#6361=CARTESIAN_POINT('',(-0.000378291578801117,-0.000799999999999971,-6.32400115653097E-5));
#6362=CARTESIAN_POINT('',(-0.000378262761935787,-0.0008001,-6.22855419029219E-5));
#6363=CARTESIAN_POINT('',(-0.000378262761935787,-0.000799999999999971,-6.22855419029219E-5));
#6364=CARTESIAN_POINT('',(-0.000378233945070458,-0.0008001,-6.1331072240534E-5));
#6365=CARTESIAN_POINT('',(-0.000378233945070458,-0.000799999999999971,-6.1331072240534E-5));
#6366=CARTESIAN_POINT('',(-0.000378205128205128,-0.0008001,-6.03766025781461E-5));
#6367=CARTESIAN_POINT('',(-0.000378205128205128,-0.000799999999999971,-6.03766025781461E-5));
#6368=CARTESIAN_POINT('',(-0.000377771655842428,-0.0008001,-4.60191693545506E-5));
#6369=CARTESIAN_POINT('',(-0.000377771655842428,-0.000799999999999971,-4.60191693545506E-5));
#6370=CARTESIAN_POINT('',(-0.000376914166407486,-0.0008001,-1.76174802008892E-5));
#6371=CARTESIAN_POINT('',(-0.000376914166407486,-0.000799999999999971,-1.76174802008892E-5));
#6372=CARTESIAN_POINT('',(-0.000369083914942632,-0.0008001,2.41080488406938E-5));
#6373=CARTESIAN_POINT('',(-0.000369083914942632,-0.000799999999999971,2.41080488406938E-5));
#6374=CARTESIAN_POINT('',(-0.000356693159059886,-0.0008001,6.43450491299306E-5));
#6375=CARTESIAN_POINT('',(-0.000356693159059886,-0.000799999999999971,6.43450491299306E-5));
#6376=CARTESIAN_POINT('',(-0.000339572844816826,-0.0008001,0.000102653098443635));
#6377=CARTESIAN_POINT('',(-0.000339572844816826,-0.000799999999999971,0.000102653098443635));
#6378=CARTESIAN_POINT('',(-0.000318456832108742,-0.0008001,0.000138236034402463));
#6379=CARTESIAN_POINT('',(-0.000318456832108742,-0.000799999999999971,0.000138236034402463));
#6380=CARTESIAN_POINT('',(-0.0002933250576561,-0.0008001,0.000169895978808697));
#6381=CARTESIAN_POINT('',(-0.0002933250576561,-0.000799999999999971,0.000169895978808697));
#6382=CARTESIAN_POINT('',(-0.000264662420045791,-0.0008001,0.000197203796489942));
#6383=CARTESIAN_POINT('',(-0.000264662420045791,-0.000799999999999971,0.000197203796489942));
#6384=CARTESIAN_POINT('',(-0.000233003614117096,-0.0008001,0.000220113458040265));
#6385=CARTESIAN_POINT('',(-0.000233003614117096,-0.000799999999999971,0.000220113458040265));
#6386=CARTESIAN_POINT('',(-0.000199169025452628,-0.0008001,0.000238051314885709));
#6387=CARTESIAN_POINT('',(-0.000199169025452628,-0.000799999999999971,0.000238051314885709));
#6388=CARTESIAN_POINT('',(-0.000164346118920625,-0.0008001,0.000251278460836477));
#6389=CARTESIAN_POINT('',(-0.000164346118920625,-0.000799999999999971,0.000251278460836477));
#6390=CARTESIAN_POINT('',(-0.00012861749934125,-0.0008001,0.00025933098915034));
#6391=CARTESIAN_POINT('',(-0.00012861749934125,-0.000799999999999971,0.00025933098915034));
#6392=CARTESIAN_POINT('',(-0.000104493783029053,-0.0008001,0.00026037459271927));
#6393=CARTESIAN_POINT('',(-0.000104493783029053,-0.000799999999999971,0.00026037459271927));
#6394=CARTESIAN_POINT('',(-9.24078525641028E-5,-0.0008001,0.000260897435883392));
#6395=CARTESIAN_POINT('',(-9.24078525641028E-5,-0.000799999999999971,0.000260897435883392));
#6396=CARTESIAN_POINT('',(-9.1452914623392E-5,-0.0008001,0.000260938746957944));
#6397=CARTESIAN_POINT('',(-9.1452914623392E-5,-0.000799999999999971,0.000260938746957944));
#6398=CARTESIAN_POINT('',(-9.04979766826811E-5,-0.0008001,0.000260980058032496));
#6399=CARTESIAN_POINT('',(-9.04979766826811E-5,-0.000799999999999971,0.000260980058032496));
#6400=CARTESIAN_POINT('',(-8.95430387419703E-5,-0.0008001,0.000261021369107047));
#6401=CARTESIAN_POINT('',(-8.95430387419703E-5,-0.000799999999999971,0.000261021369107047));
#6402=CARTESIAN_POINT('',(-0.000378205128205128,-0.0008,-6.03766025781461E-5));
#6403=CARTESIAN_POINT('',(-0.000377771655842428,-0.0008,-4.60191693545506E-5));
#6404=CARTESIAN_POINT('',(-0.000376914166407486,-0.0008,-1.76174802008892E-5));
#6405=CARTESIAN_POINT('',(-0.000369083914942632,-0.0008,2.41080488406938E-5));
#6406=CARTESIAN_POINT('',(-0.000356693159059886,-0.0008,6.43450491299306E-5));
#6407=CARTESIAN_POINT('',(-0.000339572844816826,-0.0008,0.000102653098443635));
#6408=CARTESIAN_POINT('',(-0.000318456832108742,-0.0008,0.000138236034402463));
#6409=CARTESIAN_POINT('',(-0.0002933250576561,-0.0008,0.000169895978808697));
#6410=CARTESIAN_POINT('',(-0.000264662420045791,-0.0008,0.000197203796489942));
#6411=CARTESIAN_POINT('',(-0.000233003614117096,-0.0008,0.000220113458040265));
#6412=CARTESIAN_POINT('',(-0.000199169025452628,-0.0008,0.000238051314885709));
#6413=CARTESIAN_POINT('',(-0.000164346118920625,-0.0008,0.000251278460836477));
#6414=CARTESIAN_POINT('',(-0.00012861749934125,-0.0008,0.00025933098915034));
#6415=CARTESIAN_POINT('',(-0.000104493783029053,-0.0008,0.00026037459271927));
#6416=CARTESIAN_POINT('',(-9.24078525641028E-5,-0.0008,0.000260897435883392));
#6417=CARTESIAN_POINT('',(-9.24098677216314E-5,-0.0008,0.000260897332496215));
#6418=CARTESIAN_POINT('',(-9.24078525641028E-5,-0.0008001,0.000260897435883392));
#6419=CARTESIAN_POINT('',(-9.24078525641028E-5,-0.0008001,0.000260897435883392));
#6420=CARTESIAN_POINT('',(-9.24078525641028E-5,-0.0008,0.000260897435883392));
#6421=CARTESIAN_POINT('',(-8.07771456566314E-5,-0.0008001,0.000260531735840029));
#6422=CARTESIAN_POINT('',(-8.07771456566314E-5,-0.0008,0.000260531735840029));
#6423=CARTESIAN_POINT('',(-5.80176571110878E-5,-0.0008001,0.000259816117605106));
#6424=CARTESIAN_POINT('',(-5.80176571110878E-5,-0.0008,0.000259816117605106));
#6425=CARTESIAN_POINT('',(-2.4790900867658E-5,-0.0008001,0.000253739810142657));
#6426=CARTESIAN_POINT('',(-2.4790900867658E-5,-0.0008,0.000253739810142657));
#6427=CARTESIAN_POINT('',(6.52503064960524E-6,-0.0008001,0.000243514127524415));
#6428=CARTESIAN_POINT('',(6.52503064960524E-6,-0.0008,0.000243514127524415));
#6429=CARTESIAN_POINT('',(3.60619673169839E-5,-0.0008001,0.000229349344999944));
#6430=CARTESIAN_POINT('',(3.60619673169839E-5,-0.0008,0.000229349344999944));
#6431=CARTESIAN_POINT('',(6.36326312613894E-5,-0.0008001,0.000211013429210141));
#6432=CARTESIAN_POINT('',(6.36326312613894E-5,-0.0008,0.000211013429210141));
#6433=CARTESIAN_POINT('',(8.92990541032626E-5,-0.0008001,0.000188802010187468));
#6434=CARTESIAN_POINT('',(8.92990541032626E-5,-0.0008,0.000188802010187468));
#6435=CARTESIAN_POINT('',(0.000113175075229284,-0.0008001,0.000162558316486599));
#6436=CARTESIAN_POINT('',(0.000113175075229284,-0.0008,0.000162558316486599));
#6437=CARTESIAN_POINT('',(0.000126852623878721,-0.0008001,0.000142670650250708));
#6438=CARTESIAN_POINT('',(0.000126852623878721,-0.0008,0.000142670650250708));
#6439=CARTESIAN_POINT('',(0.00013389423076923,-0.0008001,0.000132431891011598));
#6440=CARTESIAN_POINT('',(0.00013389423076923,-0.0008,0.000132431891011598));
#6441=CARTESIAN_POINT('',(-9.24078525641028E-5,-0.0008,0.000260897435883392));
#6442=CARTESIAN_POINT('',(-8.07771456566314E-5,-0.0008,0.000260531735840029));
#6443=CARTESIAN_POINT('',(-5.80176571110878E-5,-0.0008,0.000259816117605106));
#6444=CARTESIAN_POINT('',(-2.4790900867658E-5,-0.0008,0.000253739810142657));
#6445=CARTESIAN_POINT('',(6.52503064960524E-6,-0.0008,0.000243514127524415));
#6446=CARTESIAN_POINT('',(3.60619673169839E-5,-0.0008,0.000229349344999944));
#6447=CARTESIAN_POINT('',(6.36326312613894E-5,-0.0008,0.000211013429210141));
#6448=CARTESIAN_POINT('',(8.92990541032626E-5,-0.0008,0.000188802010187468));
#6449=CARTESIAN_POINT('',(0.000113175075229284,-0.0008,0.000162558316486599));
#6450=CARTESIAN_POINT('',(0.000126852623878721,-0.0008,0.000142670650250708));
#6451=CARTESIAN_POINT('',(0.00013389423076923,-0.0008,0.000132431891011598));
#6452=CARTESIAN_POINT('',(0.000133894205395148,-0.0008,0.000132432223024039));
#6453=CARTESIAN_POINT('',(0.00013389423076923,-0.0008001,0.000132431891011598));
#6454=CARTESIAN_POINT('',(0.00013389423076923,-0.0008001,0.000132431891011597));
#6455=CARTESIAN_POINT('',(0.00013389423076923,-0.0008,0.000132431891011597));
#6456=CARTESIAN_POINT('',(0.000139524029956129,-0.0008001,0.00014414821459635));
#6457=CARTESIAN_POINT('',(0.000139524029956129,-0.0008,0.00014414821459635));
#6458=CARTESIAN_POINT('',(0.000150696367523324,-0.0008001,0.000167399260999562));
#6459=CARTESIAN_POINT('',(0.000150696367523324,-0.0008,0.000167399260999562));
#6460=CARTESIAN_POINT('',(0.000172955169153009,-0.0008001,0.000198771708028963));
#6461=CARTESIAN_POINT('',(0.000172955169153009,-0.0008,0.000198771708028963));
#6462=CARTESIAN_POINT('',(0.000198024104559351,-0.0008001,0.000227685517991392));
#6463=CARTESIAN_POINT('',(0.000198024104559351,-0.0008,0.000227685517991392));
#6464=CARTESIAN_POINT('',(0.000217805987181576,-0.0008001,0.000243620678257346));
#6465=CARTESIAN_POINT('',(0.000217805987181576,-0.0008,0.000243620678257346));
#6466=CARTESIAN_POINT('',(0.000227764423076923,-0.0008001,0.000251642628191084));
#6467=CARTESIAN_POINT('',(0.000227764423076923,-0.0008,0.000251642628191084));
#6468=CARTESIAN_POINT('',(0.00013389423076923,-0.0008,0.000132431891011598));
#6469=CARTESIAN_POINT('',(0.000139524029956129,-0.0008,0.00014414821459635));
#6470=CARTESIAN_POINT('',(0.000150696367523324,-0.0008,0.000167399260999562));
#6471=CARTESIAN_POINT('',(0.000172955169153009,-0.0008,0.000198771708028963));
#6472=CARTESIAN_POINT('',(0.000198024104559351,-0.0008,0.000227685517991392));
#6473=CARTESIAN_POINT('',(0.000217805987181576,-0.0008,0.000243620678257346));
#6474=CARTESIAN_POINT('',(0.000227764423076923,-0.0008,0.000251642628191084));
#6475=CARTESIAN_POINT('',(0.000227764423076923,-0.0008,0.000251642628191084));
#6476=CARTESIAN_POINT('',(0.000227764423076923,-0.0008001,0.000251642628191084));
#6477=CARTESIAN_POINT('',(0.000227764423076923,-0.0008001,0.000251642628191084));
#6478=CARTESIAN_POINT('',(0.000227764423076923,-0.0008,0.000251642628191084));
#6479=CARTESIAN_POINT('',(0.000235011145011071,-0.0008001,0.00025693562150194));
#6480=CARTESIAN_POINT('',(0.000235011145011071,-0.0008,0.00025693562150194));
#6481=CARTESIAN_POINT('',(0.000249385918790147,-0.0008001,0.000267434931693375));
#6482=CARTESIAN_POINT('',(0.000249385918790147,-0.0008,0.000267434931693375));
#6483=CARTESIAN_POINT('',(0.00027249736692513,-0.0008001,0.000280394670872508));
#6484=CARTESIAN_POINT('',(0.00027249736692513,-0.0008,0.000280394670872508));
#6485=CARTESIAN_POINT('',(0.000295864977842362,-0.0008001,0.00029215182108305));
#6486=CARTESIAN_POINT('',(0.000295864977842362,-0.0008,0.00029215182108305));
#6487=CARTESIAN_POINT('',(0.000320115076879109,-0.0008001,0.000301313318585744));
#6488=CARTESIAN_POINT('',(0.000320115076879109,-0.0008,0.000301313318585744));
#6489=CARTESIAN_POINT('',(0.000344966595469962,-0.0008001,0.000308407962448756));
#6490=CARTESIAN_POINT('',(0.000344966595469962,-0.0008,0.000308407962448756));
#6491=CARTESIAN_POINT('',(0.000370462205659731,-0.0008001,0.000313479286866984));
#6492=CARTESIAN_POINT('',(0.000370462205659731,-0.0008,0.000313479286866984));
#6493=CARTESIAN_POINT('',(0.000396622726993085,-0.0008001,0.000316629731143809));
#6494=CARTESIAN_POINT('',(0.000396622726993085,-0.0008,0.000316629731143809));
#6495=CARTESIAN_POINT('',(0.000414320935062376,-0.0008001,0.000317080904634074));
#6496=CARTESIAN_POINT('',(0.000414320935062376,-0.0008,0.000317080904634074));
#6497=CARTESIAN_POINT('',(0.000423217147435897,-0.0008001,0.000317307692293649));
#6498=CARTESIAN_POINT('',(0.000423217147435897,-0.0008,0.000317307692293649));
#6499=CARTESIAN_POINT('',(0.000227764423076923,-0.0008,0.000251642628191084));
#6500=CARTESIAN_POINT('',(0.000235011145011071,-0.0008,0.00025693562150194));
#6501=CARTESIAN_POINT('',(0.000249385918790147,-0.0008,0.000267434931693375));
#6502=CARTESIAN_POINT('',(0.00027249736692513,-0.0008,0.000280394670872508));
#6503=CARTESIAN_POINT('',(0.000295864977842362,-0.0008,0.00029215182108305));
#6504=CARTESIAN_POINT('',(0.000320115076879109,-0.0008,0.000301313318585744));
#6505=CARTESIAN_POINT('',(0.000344966595469962,-0.0008,0.000308407962448756));
#6506=CARTESIAN_POINT('',(0.000370462205659731,-0.0008,0.000313479286866984));
#6507=CARTESIAN_POINT('',(0.000396622726993085,-0.0008,0.000316629731143809));
#6508=CARTESIAN_POINT('',(0.000414320935062376,-0.0008,0.000317080904634074));
#6509=CARTESIAN_POINT('',(0.000423217147435897,-0.0008,0.000317307692293649));
#6510=CARTESIAN_POINT('',(0.00042321493427456,-0.0008,0.000317307606563273));
#6511=CARTESIAN_POINT('',(0.000423217147435897,-0.0008001,0.000317307692293649));
#6512=CARTESIAN_POINT('',(0.000419733639036538,-0.0008001,0.000317435261592715));
#6513=CARTESIAN_POINT('',(0.000419733639036538,-0.0008,0.000317435261592715));
#6514=CARTESIAN_POINT('',(0.000420894808502991,-0.0008001,0.000317392738493027));
#6515=CARTESIAN_POINT('',(0.000420894808502991,-0.0008,0.000317392738493027));
#6516=CARTESIAN_POINT('',(0.000422055977969444,-0.0008001,0.000317350215393338));
#6517=CARTESIAN_POINT('',(0.000422055977969444,-0.0008,0.000317350215393338));
#6518=CARTESIAN_POINT('',(0.000423217147435897,-0.0008001,0.000317307692293649));
#6519=CARTESIAN_POINT('',(0.000423217147435897,-0.0008,0.000317307692293649));
#6520=CARTESIAN_POINT('',(0.000438620123926165,-0.0008001,0.000316743621050198));
#6521=CARTESIAN_POINT('',(0.000438620123926165,-0.0008,0.000316743621050198));
#6522=CARTESIAN_POINT('',(0.000469353590253293,-0.0008001,0.000315618133091578));
#6523=CARTESIAN_POINT('',(0.000469353590253293,-0.0008,0.000315618133091578));
#6524=CARTESIAN_POINT('',(0.00051476111242908,-0.0008001,0.000305560928935979));
#6525=CARTESIAN_POINT('',(0.00051476111242908,-0.0008,0.000305560928935979));
#6526=CARTESIAN_POINT('',(0.000559141665170518,-0.0008001,0.000289963442448211));
#6527=CARTESIAN_POINT('',(0.000559141665170518,-0.0008,0.000289963442448211));
#6528=CARTESIAN_POINT('',(0.000601611536718109,-0.0008001,0.000267838186850535));
#6529=CARTESIAN_POINT('',(0.000601611536718109,-0.0008,0.000267838186850535));
#6530=CARTESIAN_POINT('',(0.000641309642841378,-0.0008001,0.000240751743098455));
#6531=CARTESIAN_POINT('',(0.000641309642841378,-0.0008,0.000240751743098455));
#6532=CARTESIAN_POINT('',(0.000677091108319457,-0.0008001,0.000208883351272621));
#6533=CARTESIAN_POINT('',(0.000677091108319457,-0.0008,0.000208883351272621));
#6534=CARTESIAN_POINT('',(0.000707365284237991,-0.0008001,0.000171777413531811));
#6535=CARTESIAN_POINT('',(0.000707365284237991,-0.0008,0.000171777413531811));
#6536=CARTESIAN_POINT('',(0.000732966609484338,-0.0008001,0.00013077871355525));
#6537=CARTESIAN_POINT('',(0.000732966609484338,-0.0008,0.00013077871355525));
#6538=CARTESIAN_POINT('',(0.000753240829488935,-0.0008001,8.61693289320594E-5));
#6539=CARTESIAN_POINT('',(0.000753240829488935,-0.0008,8.61693289320594E-5));
#6540=CARTESIAN_POINT('',(0.000767853750327936,-0.0008001,3.8650917693419E-5));
#6541=CARTESIAN_POINT('',(0.000767853750327936,-0.0008,3.8650917693419E-5));
#6542=CARTESIAN_POINT('',(0.000776618567919489,-0.0008001,-1.15015250156185E-5));
#6543=CARTESIAN_POINT('',(0.000776618567919489,-0.0008,-1.15015250156185E-5));
#6544=CARTESIAN_POINT('',(0.000777670253576299,-0.0008001,-4.57982736137916E-5));
#6545=CARTESIAN_POINT('',(0.000777670253576299,-0.0008,-4.57982736137916E-5));
#6546=CARTESIAN_POINT('',(0.000778205128205128,-0.0008001,-6.32411859114794E-5));
#6547=CARTESIAN_POINT('',(0.000778205128205128,-0.0008,-6.32411859114794E-5));
#6548=CARTESIAN_POINT('',(0.000778240733657755,-0.0008001,-6.44023230341243E-5));
#6549=CARTESIAN_POINT('',(0.000778240733657755,-0.0008,-6.44023230341243E-5));
#6550=CARTESIAN_POINT('',(0.000778276339110382,-0.0008001,-6.55634601567693E-5));
#6551=CARTESIAN_POINT('',(0.000778276339110382,-0.0008,-6.55634601567693E-5));
#6552=CARTESIAN_POINT('',(0.000778311944563009,-0.0008001,-6.67245972794142E-5));
#6553=CARTESIAN_POINT('',(0.000778311944563009,-0.0008,-6.67245972794142E-5));
#6554=CARTESIAN_POINT('',(0.000423217147435897,-0.0008,0.000317307692293649));
#6555=CARTESIAN_POINT('',(0.000438620123926165,-0.0008,0.000316743621050198));
#6556=CARTESIAN_POINT('',(0.000469353590253293,-0.0008,0.000315618133091578));
#6557=CARTESIAN_POINT('',(0.00051476111242908,-0.0008,0.000305560928935979));
#6558=CARTESIAN_POINT('',(0.000559141665170518,-0.0008,0.000289963442448211));
#6559=CARTESIAN_POINT('',(0.000601611536718109,-0.0008,0.000267838186850535));
#6560=CARTESIAN_POINT('',(0.000641309642841378,-0.0008,0.000240751743098455));
#6561=CARTESIAN_POINT('',(0.000677091108319457,-0.0008,0.000208883351272621));
#6562=CARTESIAN_POINT('',(0.000707365284237991,-0.0008,0.000171777413531811));
#6563=CARTESIAN_POINT('',(0.000732966609484338,-0.0008,0.00013077871355525));
#6564=CARTESIAN_POINT('',(0.000753240829488935,-0.0008,8.61693289320594E-5));
#6565=CARTESIAN_POINT('',(0.000767853750327936,-0.0008,3.8650917693419E-5));
#6566=CARTESIAN_POINT('',(0.000776618567919489,-0.0008,-1.15015250156185E-5));
#6567=CARTESIAN_POINT('',(0.000777670253576299,-0.0008,-4.57982736137916E-5));
#6568=CARTESIAN_POINT('',(0.000778205128205128,-0.0008,-6.32411859114794E-5));
#6569=CARTESIAN_POINT('',(0.00077820497801842,-0.0008,-6.32369185778883E-5));
#6570=CARTESIAN_POINT('',(0.000778205128205128,-0.0008001,-6.32411859114794E-5));
#6571=CARTESIAN_POINT('',(0.000778280825343789,-0.0008001,-6.00071127417858E-5));
#6572=CARTESIAN_POINT('',(0.000778280825343789,-0.000799999999999986,-6.00071127417858E-5));
#6573=CARTESIAN_POINT('',(0.000778255592964235,-0.0008001,-6.10851371316837E-5));
#6574=CARTESIAN_POINT('',(0.000778255592964235,-0.000799999999999986,-6.10851371316837E-5));
#6575=CARTESIAN_POINT('',(0.000778230360584682,-0.0008001,-6.21631615215815E-5));
#6576=CARTESIAN_POINT('',(0.000778230360584682,-0.000799999999999986,-6.21631615215815E-5));
#6577=CARTESIAN_POINT('',(0.000778205128205128,-0.0008001,-6.32411859114794E-5));
#6578=CARTESIAN_POINT('',(0.000778205128205128,-0.000799999999999986,-6.32411859114794E-5));
#6579=CARTESIAN_POINT('',(0.000777929881209569,-0.0008001,-7.50007971613023E-5));
#6580=CARTESIAN_POINT('',(0.000777929881209569,-0.000799999999999986,-7.50007971613023E-5));
#6581=CARTESIAN_POINT('',(0.00077738828690652,-0.0008001,-9.81397907261381E-5));
#6582=CARTESIAN_POINT('',(0.00077738828690652,-0.000799999999999986,-9.81397907261381E-5));
#6583=CARTESIAN_POINT('',(0.000773751764275815,-0.0008001,-0.000132169718619381));
#6584=CARTESIAN_POINT('',(0.000773751764275815,-0.000799999999999986,-0.000132169718619381));
#6585=CARTESIAN_POINT('',(0.000766929382035607,-0.0008001,-0.000164584042185507));
#6586=CARTESIAN_POINT('',(0.000766929382035607,-0.000799999999999986,-0.000164584042185507));
#6587=CARTESIAN_POINT('',(0.000758349292145748,-0.0008001,-0.000195697517382097));
#6588=CARTESIAN_POINT('',(0.000758349292145748,-0.000799999999999986,-0.000195697517382097));
#6589=CARTESIAN_POINT('',(0.000746486356613875,-0.0008001,-0.000225040566268706));
#6590=CARTESIAN_POINT('',(0.000746486356613875,-0.000799999999999986,-0.000225040566268706));
#6591=CARTESIAN_POINT('',(0.000732343539697101,-0.0008001,-0.000253035261141082));
#6592=CARTESIAN_POINT('',(0.000732343539697101,-0.000799999999999986,-0.000253035261141082));
#6593=CARTESIAN_POINT('',(0.00071555816752698,-0.0008001,-0.000279558891639069));
#6594=CARTESIAN_POINT('',(0.00071555816752698,-0.000799999999999986,-0.000279558891639069));
#6595=CARTESIAN_POINT('',(0.000696102011940488,-0.0008001,-0.000304453942448917));
#6596=CARTESIAN_POINT('',(0.000696102011940488,-0.000799999999999986,-0.000304453942448917));
#6597=CARTESIAN_POINT('',(0.000674323755282606,-0.0008001,-0.000327693816477856));
#6598=CARTESIAN_POINT('',(0.000674323755282606,-0.000799999999999986,-0.000327693816477856));
#6599=CARTESIAN_POINT('',(0.000649861599607877,-0.0008001,-0.000348686438642608));
#6600=CARTESIAN_POINT('',(0.000649861599607877,-0.000799999999999986,-0.000348686438642608));
#6601=CARTESIAN_POINT('',(0.000623172093689162,-0.0008001,-0.000367664070088714));
#6602=CARTESIAN_POINT('',(0.000623172093689162,-0.000799999999999986,-0.000367664070088714));
#6603=CARTESIAN_POINT('',(0.000594015160963684,-0.0008001,-0.000384506129303491));
#6604=CARTESIAN_POINT('',(0.000594015160963684,-0.000799999999999986,-0.000384506129303491));
#6605=CARTESIAN_POINT('',(0.000562472465893368,-0.0008001,-0.000399283497892441));
#6606=CARTESIAN_POINT('',(0.000562472465893368,-0.000799999999999986,-0.000399283497892441));
#6607=CARTESIAN_POINT('',(0.000528417611167607,-0.0008001,-0.00041167816584584));
#6608=CARTESIAN_POINT('',(0.000528417611167607,-0.000799999999999986,-0.00041167816584584));
#6609=CARTESIAN_POINT('',(0.000492114604942774,-0.0008001,-0.000422500241990097));
#6610=CARTESIAN_POINT('',(0.000492114604942774,-0.000799999999999986,-0.000422500241990097));
#6611=CARTESIAN_POINT('',(0.000466822729161049,-0.0008001,-0.000427541613955341));
#6612=CARTESIAN_POINT('',(0.000466822729161049,-0.000799999999999986,-0.000427541613955341));
#6613=CARTESIAN_POINT('',(0.000453846153846154,-0.0008001,-0.000430128205142249));
#6614=CARTESIAN_POINT('',(0.000453846153846154,-0.000799999999999986,-0.000430128205142249));
#6615=CARTESIAN_POINT('',(0.000778205128205128,-0.0008,-6.32411859114794E-5));
#6616=CARTESIAN_POINT('',(0.000777929881209569,-0.0008,-7.50007971613023E-5));
#6617=CARTESIAN_POINT('',(0.00077738828690652,-0.0008,-9.81397907261381E-5));
#6618=CARTESIAN_POINT('',(0.000773751764275815,-0.0008,-0.000132169718619381));
#6619=CARTESIAN_POINT('',(0.000766929382035607,-0.0008,-0.000164584042185507));
#6620=CARTESIAN_POINT('',(0.000758349292145748,-0.0008,-0.000195697517382097));
#6621=CARTESIAN_POINT('',(0.000746486356613875,-0.0008,-0.000225040566268706));
#6622=CARTESIAN_POINT('',(0.000732343539697101,-0.0008,-0.000253035261141082));
#6623=CARTESIAN_POINT('',(0.00071555816752698,-0.0008,-0.000279558891639069));
#6624=CARTESIAN_POINT('',(0.000696102011940488,-0.0008,-0.000304453942448917));
#6625=CARTESIAN_POINT('',(0.000674323755282606,-0.0008,-0.000327693816477856));
#6626=CARTESIAN_POINT('',(0.000649861599607877,-0.0008,-0.000348686438642608));
#6627=CARTESIAN_POINT('',(0.000623172093689162,-0.0008,-0.000367664070088714));
#6628=CARTESIAN_POINT('',(0.000594015160963684,-0.0008,-0.000384506129303491));
#6629=CARTESIAN_POINT('',(0.000562472465893368,-0.0008,-0.000399283497892441));
#6630=CARTESIAN_POINT('',(0.000528417611167607,-0.0008,-0.00041167816584584));
#6631=CARTESIAN_POINT('',(0.000492114604942774,-0.0008,-0.000422500241990097));
#6632=CARTESIAN_POINT('',(0.000466822729161049,-0.0008,-0.000427541613955341));
#6633=CARTESIAN_POINT('',(0.000453846153846154,-0.0008,-0.000430128205142249));
#6634=CARTESIAN_POINT('',(0.000453846153846154,-0.000799999999999986,-0.000430128205142249));
#6635=CARTESIAN_POINT('',(0.000453846153846154,-0.0008001,-0.000430128205142249));
#6636=CARTESIAN_POINT('',(0.000453846153846154,-0.0008001,-0.000430128205142249));
#6637=CARTESIAN_POINT('',(0.000453846153846154,-0.0008,-0.000430128205142249));
#6638=CARTESIAN_POINT('',(0.000453846153846154,-0.0008,-0.0003314102564243));
#6639=CARTESIAN_POINT('',(0.000453846153846154,-0.0008001,-0.0003314102564243));
#6640=CARTESIAN_POINT('',(0.000606592996899714,-0.00079999999999999,-0.000244449839466451));
#6641=CARTESIAN_POINT('',(0.000606592996899714,-0.0008001,-0.000244449839466451));
#6642=CARTESIAN_POINT('',(0.000606358472292117,-0.00079999999999999,-0.000244717360931033));
#6643=CARTESIAN_POINT('',(0.000606358472292117,-0.0008001,-0.000244717360931033));
#6644=CARTESIAN_POINT('',(0.00060612394768452,-0.00079999999999999,-0.000244984882395615));
#6645=CARTESIAN_POINT('',(0.00060612394768452,-0.0008001,-0.000244984882395615));
#6646=CARTESIAN_POINT('',(0.000605889423076923,-0.00079999999999999,-0.000245252403860198));
#6647=CARTESIAN_POINT('',(0.000605889423076923,-0.0008001,-0.000245252403860198));
#6648=CARTESIAN_POINT('',(0.000601806447147274,-0.00079999999999999,-0.000249909841353627));
#6649=CARTESIAN_POINT('',(0.000601806447147274,-0.0008001,-0.000249909841353627));
#6650=CARTESIAN_POINT('',(0.000593463854823208,-0.00079999999999999,-0.000259426209549763));
#6651=CARTESIAN_POINT('',(0.000593463854823208,-0.0008001,-0.000259426209549763));
#6652=CARTESIAN_POINT('',(0.00057865621984299,-0.00079999999999999,-0.000272050798024631));
#6653=CARTESIAN_POINT('',(0.00057865621984299,-0.0008001,-0.000272050798024631));
#6654=CARTESIAN_POINT('',(0.000562457346717994,-0.00079999999999999,-0.000284281203067502));
#6655=CARTESIAN_POINT('',(0.000562457346717994,-0.0008001,-0.000284281203067502));
#6656=CARTESIAN_POINT('',(0.000544155734514964,-0.00079999999999999,-0.000295211571817505));
#6657=CARTESIAN_POINT('',(0.000544155734514964,-0.0008001,-0.000295211571817505));
#6658=CARTESIAN_POINT('',(0.000524235324750457,-0.00079999999999999,-0.000305619004531694));
#6659=CARTESIAN_POINT('',(0.000524235324750457,-0.0008001,-0.000305619004531694));
#6660=CARTESIAN_POINT('',(0.000502499936594092,-0.00079999999999999,-0.000315320461468124));
#6661=CARTESIAN_POINT('',(0.000502499936594092,-0.0008001,-0.000315320461468124));
#6662=CARTESIAN_POINT('',(0.000478790126239131,-0.00079999999999999,-0.000323835812279158));
#6663=CARTESIAN_POINT('',(0.000478790126239131,-0.0008001,-0.000323835812279158));
#6664=CARTESIAN_POINT('',(0.000462315843730583,-0.00079999999999999,-0.000328838364828784));
#6665=CARTESIAN_POINT('',(0.000462315843730583,-0.0008001,-0.000328838364828784));
#6666=CARTESIAN_POINT('',(0.000453846153846154,-0.00079999999999999,-0.0003314102564243));
#6667=CARTESIAN_POINT('',(0.000453846153846154,-0.0008001,-0.0003314102564243));
#6668=CARTESIAN_POINT('',(0.000453846153846154,-0.0008,-0.0003314102564243));
#6669=CARTESIAN_POINT('',(0.000462315843730583,-0.0008,-0.000328838364828784));
#6670=CARTESIAN_POINT('',(0.000478790126239131,-0.0008,-0.000323835812279158));
#6671=CARTESIAN_POINT('',(0.000502499936594092,-0.0008,-0.000315320461468124));
#6672=CARTESIAN_POINT('',(0.000524235324750457,-0.0008,-0.000305619004531694));
#6673=CARTESIAN_POINT('',(0.000544155734514964,-0.0008,-0.000295211571817505));
#6674=CARTESIAN_POINT('',(0.000562457346717994,-0.0008,-0.000284281203067502));
#6675=CARTESIAN_POINT('',(0.00057865621984299,-0.0008,-0.000272050798024631));
#6676=CARTESIAN_POINT('',(0.000593463854823208,-0.0008,-0.000259426209549763));
#6677=CARTESIAN_POINT('',(0.000601806447147274,-0.0008,-0.000249909841353627));
#6678=CARTESIAN_POINT('',(0.000605889423076923,-0.0008,-0.000245252403860198));
#6679=CARTESIAN_POINT('',(0.000605887946489523,-0.00079999999999999,-0.000245254047045833));
#6680=CARTESIAN_POINT('',(0.000605889423076923,-0.0008001,-0.000245252403860198));
#6681=CARTESIAN_POINT('',(0.000605889423076923,-0.0008001,-0.000245252403860198));
#6682=CARTESIAN_POINT('',(0.000605889423076923,-0.0008,-0.000245252403860198));
#6683=CARTESIAN_POINT('',(0.00061063579862755,-0.0008001,-0.000239092791902045));
#6684=CARTESIAN_POINT('',(0.00061063579862755,-0.0008,-0.000239092791902045));
#6685=CARTESIAN_POINT('',(0.000620113898748228,-0.0008001,-0.000226792581305311));
#6686=CARTESIAN_POINT('',(0.000620113898748228,-0.0008,-0.000226792581305311));
#6687=CARTESIAN_POINT('',(0.00063224379567065,-0.0008001,-0.000206761461391162));
#6688=CARTESIAN_POINT('',(0.00063224379567065,-0.0008,-0.000206761461391162));
#6689=CARTESIAN_POINT('',(0.00064262669743343,-0.0008001,-0.000185621152748068));
#6690=CARTESIAN_POINT('',(0.00064262669743343,-0.0008,-0.000185621152748068));
#6691=CARTESIAN_POINT('',(0.000651066355133725,-0.0008001,-0.000163195360098241));
#6692=CARTESIAN_POINT('',(0.000651066355133725,-0.0008,-0.000163195360098241));
#6693=CARTESIAN_POINT('',(0.000657401466626898,-0.0008001,-0.000139481075138776));
#6694=CARTESIAN_POINT('',(0.000657401466626898,-0.0008,-0.000139481075138776));
#6695=CARTESIAN_POINT('',(0.000661961181767557,-0.0008001,-0.000114574492956633));
#6696=CARTESIAN_POINT('',(0.000661961181767557,-0.0008,-0.000114574492956633));
#6697=CARTESIAN_POINT('',(0.000664971302191422,-0.0008001,-8.84347480963811E-5));
#6698=CARTESIAN_POINT('',(0.000664971302191422,-0.0008,-8.84347480963811E-5));
#6699=CARTESIAN_POINT('',(0.000665244834871718,-0.0008001,-7.05948829969027E-5));
#6700=CARTESIAN_POINT('',(0.000665244834871718,-0.0008,-7.05948829969027E-5));
#6701=CARTESIAN_POINT('',(0.000665384615384615,-0.0008001,-6.14783653986589E-5));
#6702=CARTESIAN_POINT('',(0.000665384615384615,-0.0008,-6.14783653986589E-5));
#6703=CARTESIAN_POINT('',(0.000605889423076923,-0.0008,-0.000245252403860198));
#6704=CARTESIAN_POINT('',(0.00061063579862755,-0.0008,-0.000239092791902045));
#6705=CARTESIAN_POINT('',(0.000620113898748228,-0.0008,-0.000226792581305311));
#6706=CARTESIAN_POINT('',(0.00063224379567065,-0.0008,-0.000206761461391162));
#6707=CARTESIAN_POINT('',(0.00064262669743343,-0.0008,-0.000185621152748068));
#6708=CARTESIAN_POINT('',(0.000651066355133725,-0.0008,-0.000163195360098241));
#6709=CARTESIAN_POINT('',(0.000657401466626898,-0.0008,-0.000139481075138776));
#6710=CARTESIAN_POINT('',(0.000661961181767557,-0.0008,-0.000114574492956633));
#6711=CARTESIAN_POINT('',(0.000664971302191422,-0.0008,-8.84347480963811E-5));
#6712=CARTESIAN_POINT('',(0.000665244834871718,-0.0008,-7.05948829969027E-5));
#6713=CARTESIAN_POINT('',(0.000665384615384615,-0.0008,-6.14783653986589E-5));
#6714=CARTESIAN_POINT('',(0.000665384615384615,-0.0008,-6.14783653986589E-5));
#6715=CARTESIAN_POINT('',(0.000665384615384615,-0.0008001,-6.14783653986589E-5));
#6716=CARTESIAN_POINT('',(0.000430252378306721,-0.0008,0.000218642582687796));
#6717=CARTESIAN_POINT('',(0.000430252378306721,-0.0008001,0.000218642582687796));
#6718=CARTESIAN_POINT('',(0.000431065688101917,-0.0008,0.000218624969650431));
#6719=CARTESIAN_POINT('',(0.000431065688101917,-0.0008001,0.000218624969650431));
#6720=CARTESIAN_POINT('',(0.000431878997897112,-0.0008,0.000218607356613065));
#6721=CARTESIAN_POINT('',(0.000431878997897112,-0.0008001,0.000218607356613065));
#6722=CARTESIAN_POINT('',(0.000432692307692307,-0.0008,0.0002185897435757));
#6723=CARTESIAN_POINT('',(0.000432692307692307,-0.0008001,0.0002185897435757));
#6724=CARTESIAN_POINT('',(0.000440349348077767,-0.0008,0.000218423922704964));
#6725=CARTESIAN_POINT('',(0.000440349348077767,-0.0008001,0.000218423922704964));
#6726=CARTESIAN_POINT('',(0.000455538452602288,-0.0008,0.00021809498744915));
#6727=CARTESIAN_POINT('',(0.000455538452602288,-0.0008001,0.00021809498744915));
#6728=CARTESIAN_POINT('',(0.000477883307694984,-0.0008,0.000214055939838453));
#6729=CARTESIAN_POINT('',(0.000477883307694984,-0.0008001,0.000214055939838453));
#6730=CARTESIAN_POINT('',(0.000499587511206387,-0.0008,0.000208246933945377));
#6731=CARTESIAN_POINT('',(0.000499587511206387,-0.0008001,0.000208246933945377));
#6732=CARTESIAN_POINT('',(0.000520473440282996,-0.0008,0.000199713903850903));
#6733=CARTESIAN_POINT('',(0.000520473440282996,-0.0008001,0.000199713903850903));
#6734=CARTESIAN_POINT('',(0.000540599706856801,-0.0008,0.000188907636420089));
#6735=CARTESIAN_POINT('',(0.000540599706856801,-0.0008001,0.000188907636420089));
#6736=CARTESIAN_POINT('',(0.000559882967559856,-0.0008,0.000175511314240857));
#6737=CARTESIAN_POINT('',(0.000559882967559856,-0.0008001,0.000175511314240857));
#6738=CARTESIAN_POINT('',(0.000578429932765994,-0.0008,0.000159753181507833));
#6739=CARTESIAN_POINT('',(0.000578429932765994,-0.0008001,0.000159753181507833));
#6740=CARTESIAN_POINT('',(0.000596162402648579,-0.0008,0.000141856022003787));
#6741=CARTESIAN_POINT('',(0.000596162402648579,-0.0008001,0.000141856022003787));
#6742=CARTESIAN_POINT('',(0.000612360423935788,-0.0008,0.000121952494584067));
#6743=CARTESIAN_POINT('',(0.000612360423935788,-0.0008001,0.000121952494584067));
#6744=CARTESIAN_POINT('',(0.000626611622164626,-0.0008,0.000100330861208987));
#6745=CARTESIAN_POINT('',(0.000626611622164626,-0.0008001,0.000100330861208987));
#6746=CARTESIAN_POINT('',(0.00063875826387328,-0.0008,7.72680570417519E-5));
#6747=CARTESIAN_POINT('',(0.00063875826387328,-0.0008001,7.72680570417519E-5));
#6748=CARTESIAN_POINT('',(0.000648432245759751,-0.0008,5.24613261599959E-5));
#6749=CARTESIAN_POINT('',(0.000648432245759751,-0.0008001,5.24613261599959E-5));
#6750=CARTESIAN_POINT('',(0.000656262040359711,-0.0008,2.62584066326497E-5));
#6751=CARTESIAN_POINT('',(0.000656262040359711,-0.0008001,2.62584066326497E-5));
#6752=CARTESIAN_POINT('',(0.000661331598870817,-0.0008,-1.68393403088739E-6));
#6753=CARTESIAN_POINT('',(0.000661331598870817,-0.0008001,-1.68393403088739E-6));
#6754=CARTESIAN_POINT('',(0.000664812535308175,-0.0008,-3.10554612491219E-5));
#6755=CARTESIAN_POINT('',(0.000664812535308175,-0.0008001,-3.10554612491219E-5));
#6756=CARTESIAN_POINT('',(0.000665191045164087,-0.0008,-5.11844074234681E-5));
#6757=CARTESIAN_POINT('',(0.000665191045164087,-0.0008001,-5.11844074234681E-5));
#6758=CARTESIAN_POINT('',(0.000665384615384615,-0.0008,-6.14783653986589E-5));
#6759=CARTESIAN_POINT('',(0.000665384615384615,-0.0008001,-6.14783653986589E-5));
#6760=CARTESIAN_POINT('',(0.000665384615384615,-0.0008,-6.14783653986589E-5));
#6761=CARTESIAN_POINT('',(0.000665191045164087,-0.0008,-5.11844074234681E-5));
#6762=CARTESIAN_POINT('',(0.000664812535308175,-0.0008,-3.10554612491219E-5));
#6763=CARTESIAN_POINT('',(0.000661331598870817,-0.0008,-1.68393403088739E-6));
#6764=CARTESIAN_POINT('',(0.000656262040359711,-0.0008,2.62584066326497E-5));
#6765=CARTESIAN_POINT('',(0.000648432245759751,-0.0008,5.24613261599959E-5));
#6766=CARTESIAN_POINT('',(0.00063875826387328,-0.0008,7.72680570417519E-5));
#6767=CARTESIAN_POINT('',(0.000626611622164626,-0.0008,0.000100330861208987));
#6768=CARTESIAN_POINT('',(0.000612360423935788,-0.0008,0.000121952494584067));
#6769=CARTESIAN_POINT('',(0.000596162402648579,-0.0008,0.000141856022003787));
#6770=CARTESIAN_POINT('',(0.000578429932765994,-0.0008,0.000159753181507833));
#6771=CARTESIAN_POINT('',(0.000559882967559856,-0.0008,0.000175511314240857));
#6772=CARTESIAN_POINT('',(0.000540599706856801,-0.0008,0.000188907636420089));
#6773=CARTESIAN_POINT('',(0.000520473440282996,-0.0008,0.000199713903850903));
#6774=CARTESIAN_POINT('',(0.000499587511206387,-0.0008,0.000208246933945377));
#6775=CARTESIAN_POINT('',(0.000477883307694984,-0.0008,0.000214055939838453));
#6776=CARTESIAN_POINT('',(0.000455538452602288,-0.0008,0.00021809498744915));
#6777=CARTESIAN_POINT('',(0.000440349348077767,-0.0008,0.000218423922704964));
#6778=CARTESIAN_POINT('',(0.000432692307692307,-0.0008,0.0002185897435757));
#6779=CARTESIAN_POINT('',(0.000432694528436688,-0.000800000000000012,0.000218589681160213));
#6780=CARTESIAN_POINT('',(0.000432692307692307,-0.0008001,0.0002185897435757));
#6781=CARTESIAN_POINT('',(0.0002,-0.000799999999999971,-0.000119871794885838));
#6782=CARTESIAN_POINT('',(0.0002,-0.0008001,-0.000119871794885838));
#6783=CARTESIAN_POINT('',(0.000200604274977703,-0.000799999999999971,-0.000109070730238344));
#6784=CARTESIAN_POINT('',(0.000200604274977702,-0.0008001,-0.000109070730238344));
#6785=CARTESIAN_POINT('',(0.000201776904961852,-0.000799999999999971,-8.81106495900633E-5));
#6786=CARTESIAN_POINT('',(0.000201776904961852,-0.0008001,-8.81106495900633E-5));
#6787=CARTESIAN_POINT('',(0.000204402774703892,-0.000799999999999971,-5.78336955934353E-5));
#6788=CARTESIAN_POINT('',(0.000204402774703892,-0.0008001,-5.78336955934353E-5));
#6789=CARTESIAN_POINT('',(0.000207684489135381,-0.000799999999999971,-2.97584162702642E-5));
#6790=CARTESIAN_POINT('',(0.00020768448913538,-0.0008001,-2.97584162702642E-5));
#6791=CARTESIAN_POINT('',(0.000211619766943553,-0.000799999999999971,-3.87911572748189E-6));
#6792=CARTESIAN_POINT('',(0.000211619766943552,-0.0008001,-3.87911572748189E-6));
#6793=CARTESIAN_POINT('',(0.000216243633793622,-0.000799999999999971,1.97760093968496E-5));
#6794=CARTESIAN_POINT('',(0.000216243633793622,-0.0008001,1.97760093968496E-5));
#6795=CARTESIAN_POINT('',(0.000221213606978162,-0.000799999999999971,4.13852702966518E-5));
#6796=CARTESIAN_POINT('',(0.000221213606978161,-0.0008001,4.13852702966518E-5));
#6797=CARTESIAN_POINT('',(0.000227082989098702,-0.000799999999999971,6.06871085859621E-5));
#6798=CARTESIAN_POINT('',(0.000227082989098702,-0.0008001,6.06871085859621E-5));
#6799=CARTESIAN_POINT('',(0.000235894185483575,-0.000799999999999971,8.32424638744263E-5));
#6800=CARTESIAN_POINT('',(0.000235894185483575,-0.0008001,8.32424638744263E-5));
#6801=CARTESIAN_POINT('',(0.000248810914168029,-0.000799999999999971,0.000108701760203327));
#6802=CARTESIAN_POINT('',(0.000248810914168029,-0.0008001,0.000108701760203327));
#6803=CARTESIAN_POINT('',(0.000267488959322609,-0.000799999999999971,0.000136384075618951));
#6804=CARTESIAN_POINT('',(0.000267488959322609,-0.0008001,0.000136384075618951));
#6805=CARTESIAN_POINT('',(0.000290146390448316,-0.000799999999999971,0.000160283606931486));
#6806=CARTESIAN_POINT('',(0.000290146390448316,-0.0008001,0.000160283606931486));
#6807=CARTESIAN_POINT('',(0.000315360029825517,-0.000799999999999971,0.000181050543914373));
#6808=CARTESIAN_POINT('',(0.000315360029825517,-0.0008001,0.000181050543914373));
#6809=CARTESIAN_POINT('',(0.000342900596637971,-0.000799999999999971,0.000197703049533583));
#6810=CARTESIAN_POINT('',(0.000342900596637971,-0.0008001,0.000197703049533583));
#6811=CARTESIAN_POINT('',(0.000371904951415036,-0.000799999999999971,0.000209835855086025));
#6812=CARTESIAN_POINT('',(0.000371904951415036,-0.0008001,0.000209835855086025));
#6813=CARTESIAN_POINT('',(0.000401997436202758,-0.000799999999999971,0.000217146249857068));
#6814=CARTESIAN_POINT('',(0.000401997436202758,-0.0008001,0.000217146249857068));
#6815=CARTESIAN_POINT('',(0.000422443685289915,-0.000799999999999971,0.000218107779607631));
#6816=CARTESIAN_POINT('',(0.000422443685289915,-0.0008001,0.000218107779607631));
#6817=CARTESIAN_POINT('',(0.000432692307692307,-0.000799999999999971,0.0002185897435757));
#6818=CARTESIAN_POINT('',(0.000432692307692307,-0.0008001,0.0002185897435757));
#6819=CARTESIAN_POINT('',(0.00043361211429273,-0.000799999999999971,0.000218632999500408));
#6820=CARTESIAN_POINT('',(0.00043361211429273,-0.0008001,0.000218632999500408));
#6821=CARTESIAN_POINT('',(0.000434531920893153,-0.000799999999999971,0.000218676255425116));
#6822=CARTESIAN_POINT('',(0.000434531920893153,-0.0008001,0.000218676255425116));
#6823=CARTESIAN_POINT('',(0.000435451727493576,-0.000799999999999971,0.000218719511349823));
#6824=CARTESIAN_POINT('',(0.000435451727493576,-0.000800099999999999,0.000218719511349823));
#6825=CARTESIAN_POINT('',(0.000432692307692307,-0.0008,0.0002185897435757));
#6826=CARTESIAN_POINT('',(0.000422443685289915,-0.0008,0.000218107779607631));
#6827=CARTESIAN_POINT('',(0.000401997436202758,-0.0008,0.000217146249857068));
#6828=CARTESIAN_POINT('',(0.000371904951415036,-0.0008,0.000209835855086025));
#6829=CARTESIAN_POINT('',(0.000342900596637971,-0.0008,0.000197703049533583));
#6830=CARTESIAN_POINT('',(0.000315360029825517,-0.0008,0.000181050543914373));
#6831=CARTESIAN_POINT('',(0.000290146390448316,-0.0008,0.000160283606931486));
#6832=CARTESIAN_POINT('',(0.000267488959322609,-0.0008,0.000136384075618951));
#6833=CARTESIAN_POINT('',(0.000248810914168029,-0.0008,0.000108701760203327));
#6834=CARTESIAN_POINT('',(0.000235894185483575,-0.0008,8.32424638744263E-5));
#6835=CARTESIAN_POINT('',(0.000227082989098702,-0.0008,6.06871085859621E-5));
#6836=CARTESIAN_POINT('',(0.000221213606978161,-0.0008,4.13852702966518E-5));
#6837=CARTESIAN_POINT('',(0.000216243633793622,-0.0008,1.97760093968496E-5));
#6838=CARTESIAN_POINT('',(0.000211619766943552,-0.0008,-3.87911572748189E-6));
#6839=CARTESIAN_POINT('',(0.000207684489135381,-0.0008,-2.97584162702642E-5));
#6840=CARTESIAN_POINT('',(0.000204402774703892,-0.0008,-5.78336955934353E-5));
#6841=CARTESIAN_POINT('',(0.000201776904961852,-0.0008,-8.81106495900633E-5));
#6842=CARTESIAN_POINT('',(0.000200604274977703,-0.0008,-0.000109070730238344));
#6843=CARTESIAN_POINT('',(0.0002,-0.0008,-0.000119871794885838));
#6844=CARTESIAN_POINT('',(0.0002,-0.000799999999999971,-0.000119871794885838));
#6845=CARTESIAN_POINT('',(0.0002,-0.0008001,-0.000119871794885838));
#6846=CARTESIAN_POINT('',(0.0002,-0.0008001,-0.000119871794885838));
#6847=CARTESIAN_POINT('',(0.0002,-0.0008,-0.000119871794885838));
#6848=CARTESIAN_POINT('',(8.71794871794869E-5,-0.0008,-0.000119871794885838));
#6849=CARTESIAN_POINT('',(8.71794871794869E-5,-0.0008001,-0.000119871794885838));
#6850=CARTESIAN_POINT('',(-9.50738480207793E-5,-0.0008,0.000162292098630104));
#6851=CARTESIAN_POINT('',(-9.50738480207793E-5,-0.0008001,0.000162292098630104));
#6852=CARTESIAN_POINT('',(-9.43320845779555E-5,-0.0008,0.000162254561475217));
#6853=CARTESIAN_POINT('',(-9.43320845779555E-5,-0.0008001,0.000162254561475217));
#6854=CARTESIAN_POINT('',(-9.35903211351318E-5,-0.0008,0.00016221702432033));
#6855=CARTESIAN_POINT('',(-9.35903211351318E-5,-0.0008001,0.00016221702432033));
#6856=CARTESIAN_POINT('',(-9.2848557692308E-5,-0.0008,0.000162179487165443));
#6857=CARTESIAN_POINT('',(-9.2848557692308E-5,-0.0008001,0.000162179487165443));
#6858=CARTESIAN_POINT('',(-8.50291997248462E-5,-0.0008,0.000161783786279966));
#6859=CARTESIAN_POINT('',(-8.50291997248462E-5,-0.0008001,0.000161783786279966));
#6860=CARTESIAN_POINT('',(-6.94727932853958E-5,-0.0008,0.000160996549804982));
#6861=CARTESIAN_POINT('',(-6.94727932853958E-5,-0.0008001,0.000160996549804982));
#6862=CARTESIAN_POINT('',(-4.6686533057283E-5,-0.0008,0.000155076553158777));
#6863=CARTESIAN_POINT('',(-4.6686533057283E-5,-0.0008001,0.000155076553158777));
#6864=CARTESIAN_POINT('',(-2.49926125180828E-5,-0.0008,0.000145143687583468));
#6865=CARTESIAN_POINT('',(-2.49926125180828E-5,-0.0008001,0.000145143687583468));
#6866=CARTESIAN_POINT('',(-4.30502983226954E-6,-0.0008,0.0001313321401964));
#6867=CARTESIAN_POINT('',(-4.30502983226954E-6,-0.0008001,0.0001313321401964));
#6868=CARTESIAN_POINT('',(1.50892837129871E-5,-0.0008,0.000113160731128588));
#6869=CARTESIAN_POINT('',(1.50892837129871E-5,-0.0008001,0.000113160731128588));
#6870=CARTESIAN_POINT('',(3.2763286783142E-5,-0.0008,9.04262256865379E-5));
#6871=CARTESIAN_POINT('',(3.2763286783142E-5,-0.0008001,9.04262256865379E-5));
#6872=CARTESIAN_POINT('',(4.83785916530502E-5,-0.0008,6.28911092024948E-5));
#6873=CARTESIAN_POINT('',(4.83785916530502E-5,-0.0008001,6.28911092024948E-5));
#6874=CARTESIAN_POINT('',(6.18928087519949E-5,-0.0008,3.12802548163332E-5));
#6875=CARTESIAN_POINT('',(6.18928087519949E-5,-0.0008001,3.12802548163332E-5));
#6876=CARTESIAN_POINT('',(7.3366155793645E-5,-0.0008,-3.46824468449942E-6));
#6877=CARTESIAN_POINT('',(7.3366155793645E-5,-0.0008001,-3.46824468449943E-6));
#6878=CARTESIAN_POINT('',(8.13960602127943E-5,-0.0008,-4.06163877089141E-5));
#6879=CARTESIAN_POINT('',(8.13960602127943E-5,-0.0008001,-4.06163877089141E-5));
#6880=CARTESIAN_POINT('',(8.63978904432886E-5,-0.0008,-7.96301602930497E-5));
#6881=CARTESIAN_POINT('',(8.63978904432886E-5,-0.0008001,-7.96301602930497E-5));
#6882=CARTESIAN_POINT('',(8.69152618912181E-5,-0.0008,-0.000106267775052789));
#6883=CARTESIAN_POINT('',(8.69152618912181E-5,-0.0008001,-0.000106267775052789));
#6884=CARTESIAN_POINT('',(8.71794871794869E-5,-0.0008,-0.000119871794885838));
#6885=CARTESIAN_POINT('',(8.71794871794869E-5,-0.0008001,-0.000119871794885838));
#6886=CARTESIAN_POINT('',(8.71794871794869E-5,-0.0008,-0.000119871794885838));
#6887=CARTESIAN_POINT('',(8.69152618912181E-5,-0.0008,-0.000106267775052789));
#6888=CARTESIAN_POINT('',(8.63978904432886E-5,-0.0008,-7.96301602930497E-5));
#6889=CARTESIAN_POINT('',(8.13960602127943E-5,-0.0008,-4.06163877089141E-5));
#6890=CARTESIAN_POINT('',(7.3366155793645E-5,-0.0008,-3.46824468449943E-6));
#6891=CARTESIAN_POINT('',(6.18928087519949E-5,-0.0008,3.12802548163332E-5));
#6892=CARTESIAN_POINT('',(4.83785916530502E-5,-0.0008,6.28911092024948E-5));
#6893=CARTESIAN_POINT('',(3.2763286783142E-5,-0.0008,9.04262256865379E-5));
#6894=CARTESIAN_POINT('',(1.50892837129871E-5,-0.0008,0.000113160731128588));
#6895=CARTESIAN_POINT('',(-4.30502983226954E-6,-0.0008,0.0001313321401964));
#6896=CARTESIAN_POINT('',(-2.49926125180828E-5,-0.0008,0.000145143687583468));
#6897=CARTESIAN_POINT('',(-4.6686533057283E-5,-0.0008,0.000155076553158777));
#6898=CARTESIAN_POINT('',(-6.94727932853958E-5,-0.0008,0.000160996549804982));
#6899=CARTESIAN_POINT('',(-8.50291997248462E-5,-0.0008,0.000161783786279966));
#6900=CARTESIAN_POINT('',(-9.2848557692308E-5,-0.0008,0.000162179487165443));
#6901=CARTESIAN_POINT('',(-9.28464620361988E-5,-0.0008,0.000162179366924978));
#6902=CARTESIAN_POINT('',(-9.2848557692308E-5,-0.0008001,0.000162179487165443));
#6903=CARTESIAN_POINT('',(-0.000265427938411567,-0.0008,-6.09268740875696E-5));
#6904=CARTESIAN_POINT('',(-0.000265427938411567,-0.0008001,-6.09268740875696E-5));
#6905=CARTESIAN_POINT('',(-0.000265413497402583,-0.0008,-6.03027451228899E-5));
#6906=CARTESIAN_POINT('',(-0.000265413497402583,-0.0008001,-6.03027451228899E-5));
#6907=CARTESIAN_POINT('',(-0.000265399056393599,-0.0008,-5.96786161582103E-5));
#6908=CARTESIAN_POINT('',(-0.000265399056393599,-0.0008001,-5.96786161582103E-5));
#6909=CARTESIAN_POINT('',(-0.000265384615384616,-0.0008,-5.90544871935307E-5));
#6910=CARTESIAN_POINT('',(-0.000265384615384616,-0.0008001,-5.90544871935307E-5));
#6911=CARTESIAN_POINT('',(-0.000265204323161124,-0.0008,-5.12624001645225E-5));
#6912=CARTESIAN_POINT('',(-0.000265204323161124,-0.0008001,-5.12624001645225E-5));
#6913=CARTESIAN_POINT('',(-0.000264849660368403,-0.0008,-3.59341553112211E-5));
#6914=CARTESIAN_POINT('',(-0.000264849660368403,-0.0008001,-3.59341553112211E-5));
#6915=CARTESIAN_POINT('',(-0.000262386525897046,-0.0008,-1.3466498178279E-5));
#6916=CARTESIAN_POINT('',(-0.000262386525897046,-0.0008001,-1.3466498178279E-5));
#6917=CARTESIAN_POINT('',(-0.00025844622845225,-0.0008,7.97577681926439E-6));
#6918=CARTESIAN_POINT('',(-0.00025844622845225,-0.0008001,7.97577681926439E-6));
#6919=CARTESIAN_POINT('',(-0.000252960671198673,-0.0008,2.8435647850996E-5));
#6920=CARTESIAN_POINT('',(-0.000252960671198673,-0.0008001,2.8435647850996E-5));
#6921=CARTESIAN_POINT('',(-0.000245660272232926,-0.0008,4.78094486581871E-5));
#6922=CARTESIAN_POINT('',(-0.000245660272232926,-0.0008001,4.78094486581871E-5));
#6923=CARTESIAN_POINT('',(-0.000236836447076188,-0.0008,6.61874630665855E-5));
#6924=CARTESIAN_POINT('',(-0.000236836447076188,-0.0008001,6.61874630665855E-5));
#6925=CARTESIAN_POINT('',(-0.000226434779560652,-0.0008,8.34519672071809E-5));
#6926=CARTESIAN_POINT('',(-0.000226434779560652,-0.0008001,8.34519672071809E-5));
#6927=CARTESIAN_POINT('',(-0.000214549407314723,-0.0008,9.95329552022664E-5));
#6928=CARTESIAN_POINT('',(-0.000214549407314723,-0.0008001,9.95329552022664E-5));
#6929=CARTESIAN_POINT('',(-0.000201484585311595,-0.0008,0.000114055312940246));
#6930=CARTESIAN_POINT('',(-0.000201484585311595,-0.0008001,0.000114055312940246));
#6931=CARTESIAN_POINT('',(-0.000187801650937519,-0.0008,0.000127021578275406));
#6932=CARTESIAN_POINT('',(-0.000187801650937519,-0.0008001,0.000127021578275406));
#6933=CARTESIAN_POINT('',(-0.000173430013046574,-0.0008,0.000137831771831501));
#6934=CARTESIAN_POINT('',(-0.000173430013046574,-0.0008001,0.000137831771831501));
#6935=CARTESIAN_POINT('',(-0.000158555373165686,-0.0008,0.000146793987794983));
#6936=CARTESIAN_POINT('',(-0.000158555373165686,-0.0008001,0.000146793987794983));
#6937=CARTESIAN_POINT('',(-0.000143014557490522,-0.0008,0.000153711120895499));
#6938=CARTESIAN_POINT('',(-0.000143014557490522,-0.0008001,0.000153711120895499));
#6939=CARTESIAN_POINT('',(-0.000126775759418938,-0.0008,0.000158475381099349));
#6940=CARTESIAN_POINT('',(-0.000126775759418938,-0.0008001,0.000158475381099349));
#6941=CARTESIAN_POINT('',(-0.000110024128712333,-0.0008,0.000161798651670508));
#6942=CARTESIAN_POINT('',(-0.000110024128712333,-0.0008001,0.000161798651670508));
#6943=CARTESIAN_POINT('',(-9.85939477270578E-5,-0.0008,0.0001620520941108));
#6944=CARTESIAN_POINT('',(-9.85939477270578E-5,-0.0008001,0.0001620520941108));
#6945=CARTESIAN_POINT('',(-9.2848557692308E-5,-0.0008,0.000162179487165443));
#6946=CARTESIAN_POINT('',(-9.2848557692308E-5,-0.0008001,0.000162179487165443));
#6947=CARTESIAN_POINT('',(-9.22241476917045E-5,-0.0008,0.000162193332265053));
#6948=CARTESIAN_POINT('',(-9.22241476917045E-5,-0.0008001,0.000162193332265053));
#6949=CARTESIAN_POINT('',(-9.1599737691101E-5,-0.0008,0.000162207177364662));
#6950=CARTESIAN_POINT('',(-9.1599737691101E-5,-0.0008001,0.000162207177364662));
#6951=CARTESIAN_POINT('',(-9.09753276904974E-5,-0.0008,0.000162221022464272));
#6952=CARTESIAN_POINT('',(-9.09753276904974E-5,-0.0008001,0.000162221022464272));
#6953=CARTESIAN_POINT('',(-9.2848557692308E-5,-0.0008,0.000162179487165443));
#6954=CARTESIAN_POINT('',(-9.85939477270578E-5,-0.0008,0.0001620520941108));
#6955=CARTESIAN_POINT('',(-0.000110024128712333,-0.0008,0.000161798651670508));
#6956=CARTESIAN_POINT('',(-0.000126775759418938,-0.0008,0.000158475381099349));
#6957=CARTESIAN_POINT('',(-0.000143014557490522,-0.0008,0.000153711120895499));
#6958=CARTESIAN_POINT('',(-0.000158555373165686,-0.0008,0.000146793987794983));
#6959=CARTESIAN_POINT('',(-0.000173430013046574,-0.0008,0.000137831771831501));
#6960=CARTESIAN_POINT('',(-0.000187801650937519,-0.0008,0.000127021578275406));
#6961=CARTESIAN_POINT('',(-0.000201484585311595,-0.0008,0.000114055312940246));
#6962=CARTESIAN_POINT('',(-0.000214549407314723,-0.0008,9.95329552022664E-5));
#6963=CARTESIAN_POINT('',(-0.000226434779560652,-0.0008,8.34519672071809E-5));
#6964=CARTESIAN_POINT('',(-0.000236836447076188,-0.0008,6.61874630665855E-5));
#6965=CARTESIAN_POINT('',(-0.000245660272232926,-0.0008,4.78094486581871E-5));
#6966=CARTESIAN_POINT('',(-0.000252960671198673,-0.0008,2.8435647850996E-5));
#6967=CARTESIAN_POINT('',(-0.00025844622845225,-0.0008,7.97577681926439E-6));
#6968=CARTESIAN_POINT('',(-0.000262386525897046,-0.0008,-1.3466498178279E-5));
#6969=CARTESIAN_POINT('',(-0.000264849660368403,-0.0008,-3.59341553112211E-5));
#6970=CARTESIAN_POINT('',(-0.000265204323161124,-0.0008,-5.12624001645225E-5));
#6971=CARTESIAN_POINT('',(-0.000265384615384616,-0.0008,-5.90544871935307E-5));
#6972=CARTESIAN_POINT('',(-0.00026538450209507,-0.0008,-5.90505671423261E-5));
#6973=CARTESIAN_POINT('',(-0.000265384615384616,-0.0008001,-5.90544871935307E-5));
#6974=CARTESIAN_POINT('',(-9.61538461538464E-5,-0.0008,-0.000289102564116607));
#6975=CARTESIAN_POINT('',(-9.61538461538464E-5,-0.0008001,-0.000289102564116607));
#6976=CARTESIAN_POINT('',(-0.000103609924842917,-0.0008,-0.000285802403116696));
#6977=CARTESIAN_POINT('',(-0.000103609924842917,-0.0008001,-0.000285802403116696));
#6978=CARTESIAN_POINT('',(-0.000118097124273529,-0.0008,-0.00027939017323654));
#6979=CARTESIAN_POINT('',(-0.000118097124273529,-0.0008001,-0.00027939017323654));
#6980=CARTESIAN_POINT('',(-0.00013858993391127,-0.0008,-0.000268748555671818));
#6981=CARTESIAN_POINT('',(-0.00013858993391127,-0.0008001,-0.000268748555671818));
#6982=CARTESIAN_POINT('',(-0.000157580233824359,-0.0008,-0.000257797407762831));
#6983=CARTESIAN_POINT('',(-0.000157580233824359,-0.0008001,-0.000257797407762831));
#6984=CARTESIAN_POINT('',(-0.000174572653598608,-0.0008,-0.000245768443665082));
#6985=CARTESIAN_POINT('',(-0.000174572653598608,-0.0008001,-0.000245768443665082));
#6986=CARTESIAN_POINT('',(-0.000190431000114393,-0.0008,-0.000233874088083912));
#6987=CARTESIAN_POINT('',(-0.000190431000114393,-0.0008001,-0.000233874088083912));
#6988=CARTESIAN_POINT('',(-0.0002040813161223,-0.0008,-0.000220887641956669));
#6989=CARTESIAN_POINT('',(-0.0002040813161223,-0.0008001,-0.000220887641956669));
#6990=CARTESIAN_POINT('',(-0.000216364351838961,-0.0008,-0.000207663461378507));
#6991=CARTESIAN_POINT('',(-0.000216364351838961,-0.0008001,-0.000207663461378507));
#6992=CARTESIAN_POINT('',(-0.000230428773906411,-0.0008,-0.000189157509500116));
#6993=CARTESIAN_POINT('',(-0.000230428773906411,-0.0008001,-0.000189157509500116));
#6994=CARTESIAN_POINT('',(-0.000244676294299283,-0.0008,-0.000164096785714895));
#6995=CARTESIAN_POINT('',(-0.000244676294299283,-0.0008001,-0.000164096785714895));
#6996=CARTESIAN_POINT('',(-0.000256612263397195,-0.0008,-0.000131310709314728));
#6997=CARTESIAN_POINT('',(-0.000256612263397195,-0.0008001,-0.000131310709314728));
#6998=CARTESIAN_POINT('',(-0.00026409321048151,-0.0008,-9.60431640016296E-5));
#6999=CARTESIAN_POINT('',(-0.00026409321048151,-0.0008001,-9.60431640016296E-5));
#7000=CARTESIAN_POINT('',(-0.000264947330183639,-0.0008,-7.15792971373288E-5));
#7001=CARTESIAN_POINT('',(-0.000264947330183639,-0.0008001,-7.15792971373288E-5));
#7002=CARTESIAN_POINT('',(-0.000265384615384616,-0.0008,-5.90544871935307E-5));
#7003=CARTESIAN_POINT('',(-0.000265384615384616,-0.0008001,-5.90544871935307E-5));
#7004=CARTESIAN_POINT('',(-0.000265406042125819,-0.0008,-5.84407781983624E-5));
#7005=CARTESIAN_POINT('',(-0.000265406042125819,-0.0008001,-5.84407781983624E-5));
#7006=CARTESIAN_POINT('',(-0.000265427468867023,-0.0008,-5.78270692031941E-5));
#7007=CARTESIAN_POINT('',(-0.000265427468867023,-0.0008001,-5.78270692031941E-5));
#7008=CARTESIAN_POINT('',(-0.000265448895608227,-0.0008,-5.72133602080257E-5));
#7009=CARTESIAN_POINT('',(-0.000265448895608227,-0.0008001,-5.72133602080257E-5));
#7010=CARTESIAN_POINT('',(-0.000265384615384616,-0.0008,-5.90544871935307E-5));
#7011=CARTESIAN_POINT('',(-0.000264947330183639,-0.0008,-7.15792971373288E-5));
#7012=CARTESIAN_POINT('',(-0.00026409321048151,-0.0008,-9.60431640016296E-5));
#7013=CARTESIAN_POINT('',(-0.000256612263397195,-0.0008,-0.000131310709314728));
#7014=CARTESIAN_POINT('',(-0.000244676294299283,-0.0008,-0.000164096785714895));
#7015=CARTESIAN_POINT('',(-0.000230428773906411,-0.0008,-0.000189157509500116));
#7016=CARTESIAN_POINT('',(-0.000216364351838961,-0.0008,-0.000207663461378507));
#7017=CARTESIAN_POINT('',(-0.0002040813161223,-0.0008,-0.000220887641956669));
#7018=CARTESIAN_POINT('',(-0.000190431000114393,-0.0008,-0.000233874088083912));
#7019=CARTESIAN_POINT('',(-0.000174572653598608,-0.0008,-0.000245768443665082));
#7020=CARTESIAN_POINT('',(-0.000157580233824359,-0.0008,-0.000257797407762831));
#7021=CARTESIAN_POINT('',(-0.00013858993391127,-0.0008,-0.000268748555671818));
#7022=CARTESIAN_POINT('',(-0.000118097124273529,-0.0008,-0.00027939017323654));
#7023=CARTESIAN_POINT('',(-0.000103609924842917,-0.0008,-0.000285802403116696));
#7024=CARTESIAN_POINT('',(-9.61538461538464E-5,-0.0008,-0.000289102564116607));
#7025=CARTESIAN_POINT('',(-0.00575,-0.0008001,0.0041));
#7026=CARTESIAN_POINT('',(-0.00035,-0.0008001,-0.00220000000000219));
#7027=CARTESIAN_POINT('',(-0.00035,-0.0008001,-0.00103653846151774));
#7028=CARTESIAN_POINT('',(-0.00035,-0.0008001,-0.000585256410235688));
#7029=CARTESIAN_POINT('',(0.0002,-0.0008001,-0.00114935897433825));
#7030=CARTESIAN_POINT('',(0.0002,-0.0008001,-0.00114935897433825));
#7031=CARTESIAN_POINT('',(0.000143589743589743,-0.0008001,-0.000906971153825431));
#7032=CARTESIAN_POINT('',(0.000143772215096412,-0.0008001,-0.000915497388593164));
#7033=CARTESIAN_POINT('',(0.000144148972464316,-0.0008001,-0.000933101900266642));
#7034=CARTESIAN_POINT('',(0.00014692301432402,-0.0008001,-0.000960106217238696));
#7035=CARTESIAN_POINT('',(0.000151398221144292,-0.0008001,-0.000988483615888525));
#7036=CARTESIAN_POINT('',(0.000157553898920321,-0.0008001,-0.0010181253144919));
#7037=CARTESIAN_POINT('',(0.000165609380187319,-0.0008001,-0.00104912033132428));
#7038=CARTESIAN_POINT('',(0.000175262508955353,-0.0008001,-0.00108140325726713));
#7039=CARTESIAN_POINT('',(0.000186803708551054,-0.0008001,-0.00111504196962691));
#7040=CARTESIAN_POINT('',(0.000195519547157152,-0.0008001,-0.00113770754015223));
#7041=CARTESIAN_POINT('',(0.0002,-0.0008001,-0.00114935897433825));
#7042=CARTESIAN_POINT('',(0.000143589743589743,-0.0008001,-0.000906971153825431));
#7043=CARTESIAN_POINT('',(0.000386418269230769,-0.0008001,-0.000641666666645944));
#7044=CARTESIAN_POINT('',(0.000377593418502416,-0.0008001,-0.000641867329319672));
#7045=CARTESIAN_POINT('',(0.000360392872114632,-0.0008001,-0.000642258441615393));
#7046=CARTESIAN_POINT('',(0.000335139810139365,-0.0008001,-0.000645644274400029));
#7047=CARTESIAN_POINT('',(0.000311207335594687,-0.0008001,-0.000651300254748798));
#7048=CARTESIAN_POINT('',(0.000288491314385788,-0.0008001,-0.000659353221691943));
#7049=CARTESIAN_POINT('',(0.000267064374870112,-0.0008001,-0.00066940358189792));
#7050=CARTESIAN_POINT('',(0.000246973736247394,-0.0008001,-0.000682022113901284));
#7051=CARTESIAN_POINT('',(0.000228030493579759,-0.0008001,-0.000696671509411425));
#7052=CARTESIAN_POINT('',(0.000210722136324072,-0.0008001,-0.00071377434680858));
#7053=CARTESIAN_POINT('',(0.000194722172213228,-0.0008001,-0.00073237869348991));
#7054=CARTESIAN_POINT('',(0.00018113208307663,-0.0008001,-0.000752962404085598));
#7055=CARTESIAN_POINT('',(0.000169574818202732,-0.0008001,-0.000774975970107464));
#7056=CARTESIAN_POINT('',(0.000160105682425178,-0.0008001,-0.000798460185797622));
#7057=CARTESIAN_POINT('',(0.000152562790758241,-0.0008001,-0.000823443978560536));
#7058=CARTESIAN_POINT('',(0.000147349795489745,-0.0008001,-0.000849940804625581));
#7059=CARTESIAN_POINT('',(0.000144230417917975,-0.0008001,-0.000877956702894687));
#7060=CARTESIAN_POINT('',(0.000143807258506631,-0.0008001,-0.000897120476804946));
#7061=CARTESIAN_POINT('',(0.000143589743589743,-0.0008001,-0.000906971153825431));
#7062=CARTESIAN_POINT('',(0.000386418269230769,-0.0008001,-0.000641666666645944));
#7063=CARTESIAN_POINT('',(0.000665384615384615,-0.0008001,-0.000920853365363893));
#7064=CARTESIAN_POINT('',(0.000665124498251509,-0.0008001,-0.000911438652983218));
#7065=CARTESIAN_POINT('',(0.000664612325488051,-0.0008001,-0.000892901007271053));
#7066=CARTESIAN_POINT('',(0.000660733879979568,-0.0008001,-0.000865605972197909));
#7067=CARTESIAN_POINT('',(0.000654603728207085,-0.0008001,-0.000839330663797587));
#7068=CARTESIAN_POINT('',(0.000646015736694525,-0.0008001,-0.000814028439835193));
#7069=CARTESIAN_POINT('',(0.000634654327436419,-0.0008001,-0.000789823630669743));
#7070=CARTESIAN_POINT('',(0.000620697491021956,-0.0008001,-0.000766750459326051));
#7071=CARTESIAN_POINT('',(0.000604493437811783,-0.0008001,-0.00074448022812167));
#7072=CARTESIAN_POINT('',(0.000585972796472068,-0.0008001,-0.000723599056062239));
#7073=CARTESIAN_POINT('',(0.000565551447043788,-0.0008001,-0.000704479094362962));
#7074=CARTESIAN_POINT('',(0.00054371629665145,-0.0008001,-0.00068758404995206));
#7075=CARTESIAN_POINT('',(0.000520422272960463,-0.0008001,-0.000673511374745721));
#7076=CARTESIAN_POINT('',(0.000496073609581333,-0.0008001,-0.000661652065085276));
#7077=CARTESIAN_POINT('',(0.000470403194617284,-0.0008001,-0.000652646747536343));
#7078=CARTESIAN_POINT('',(0.000443531399783211,-0.0008001,-0.000646222437804793));
#7079=CARTESIAN_POINT('',(0.000415391833732525,-0.0008001,-0.000642450048259458));
#7080=CARTESIAN_POINT('',(0.000396198622205406,-0.0008001,-0.000641931105931402));
#7081=CARTESIAN_POINT('',(0.000386418269230769,-0.0008001,-0.000641666666645944));
#7082=CARTESIAN_POINT('',(0.000665384529223145,-0.000800099999999989,-0.000920850728715084));
#7083=CARTESIAN_POINT('',(0.000467948717948718,-0.0008001,-0.00116346153844082));
#7084=CARTESIAN_POINT('',(0.000478439552302173,-0.0008001,-0.00116103408283917));
#7085=CARTESIAN_POINT('',(0.000498603518445075,-0.0008001,-0.00115636837838557));
#7086=CARTESIAN_POINT('',(0.00052691597741756,-0.0008001,-0.00114610063533911));
#7087=CARTESIAN_POINT('',(0.000552154748066852,-0.0008001,-0.00113366844608529));
#7088=CARTESIAN_POINT('',(0.000574474144161656,-0.0008001,-0.00111854063733421));
#7089=CARTESIAN_POINT('',(0.000594282717510941,-0.0008001,-0.00110100557014989));
#7090=CARTESIAN_POINT('',(0.000611747892279267,-0.0008001,-0.0010806219607681));
#7091=CARTESIAN_POINT('',(0.000627523714120745,-0.0008001,-0.00105789939270088));
#7092=CARTESIAN_POINT('',(0.000640696215322375,-0.0008001,-0.00103263635945375));
#7093=CARTESIAN_POINT('',(0.000651792271190846,-0.0008001,-0.0010059321111202));
#7094=CARTESIAN_POINT('',(0.000659710781162323,-0.0008001,-0.000978141994505943));
#7095=CARTESIAN_POINT('',(0.000664504025507703,-0.0008001,-0.000949665963427213));
#7096=CARTESIAN_POINT('',(0.000665089980680731,-0.0008001,-0.000930493711592127));
#7097=CARTESIAN_POINT('',(0.000665384615384615,-0.0008001,-0.000920853365363893));
#7098=CARTESIAN_POINT('',(0.000467948717948718,-0.0008001,-0.00116346153844082));
#7099=CARTESIAN_POINT('',(0.000467948717948718,-0.0008001,-0.00126217948715876));
#7100=CARTESIAN_POINT('',(0.000467948717948718,-0.0008001,-0.00126217948715876));
#7101=CARTESIAN_POINT('',(0.000778205128205128,-0.0008001,-0.000926582532030559));
#7102=CARTESIAN_POINT('',(0.000777987423783408,-0.0008001,-0.000937542709340432));
#7103=CARTESIAN_POINT('',(0.000777559116051976,-0.0008001,-0.000959105563427629));
#7104=CARTESIAN_POINT('',(0.000773098772812007,-0.0008001,-0.000990701725613465));
#7105=CARTESIAN_POINT('',(0.000766668288755554,-0.0008001,-0.0010210831958642));
#7106=CARTESIAN_POINT('',(0.000757141178238501,-0.0008001,-0.00105011976351973));
#7107=CARTESIAN_POINT('',(0.000744666105255007,-0.0008001,-0.00107769032962094));
#7108=CARTESIAN_POINT('',(0.0007298438316195,-0.0008001,-0.00110418969830089));
#7109=CARTESIAN_POINT('',(0.000712198141675895,-0.0008001,-0.00112928942179388));
#7110=CARTESIAN_POINT('',(0.000691890434491363,-0.0008001,-0.00115281790048748));
#7111=CARTESIAN_POINT('',(0.000669576542864632,-0.0008001,-0.00117444578804439));
#7112=CARTESIAN_POINT('',(0.00064559348067816,-0.0008001,-0.00119405811579238));
#7113=CARTESIAN_POINT('',(0.000619910704184181,-0.0008001,-0.00121130097319018));
#7114=CARTESIAN_POINT('',(0.000592611726185624,-0.0008001,-0.00122623690787164));
#7115=CARTESIAN_POINT('',(0.000563744967919876,-0.0008001,-0.00123896096293369));
#7116=CARTESIAN_POINT('',(0.000533221484364925,-0.0008001,-0.00124896103345475));
#7117=CARTESIAN_POINT('',(0.000501195525468729,-0.0008001,-0.0012570310792254));
#7118=CARTESIAN_POINT('',(0.000479147312874505,-0.0008001,-0.00126044533764911));
#7119=CARTESIAN_POINT('',(0.000467948717948718,-0.0008001,-0.00126217948715876));
#7120=CARTESIAN_POINT('',(0.000778205128205128,-0.0008001,-0.000926582532030559));
#7121=CARTESIAN_POINT('',(0.000390604967948718,-0.0008001,-0.000542948717927995));
#7122=CARTESIAN_POINT('',(0.000399569038335494,-0.0008001,-0.000543157929872448));
#7123=CARTESIAN_POINT('',(0.000417376037454286,-0.0008001,-0.000543573526442954));
#7124=CARTESIAN_POINT('',(0.00044382217885186,-0.0008001,-0.000545682321995728));
#7125=CARTESIAN_POINT('',(0.000469704585770839,-0.0008001,-0.000549758102427814));
#7126=CARTESIAN_POINT('',(0.000494975807256043,-0.0008001,-0.000555163853584058));
#7127=CARTESIAN_POINT('',(0.000519659511656191,-0.0008001,-0.000562380264401635));
#7128=CARTESIAN_POINT('',(0.000543893901884162,-0.0008001,-0.000570821168418956));
#7129=CARTESIAN_POINT('',(0.00056741361317989,-0.0008001,-0.00058131265361877));
#7130=CARTESIAN_POINT('',(0.000590322522529108,-0.0008001,-0.000592943636880847));
#7131=CARTESIAN_POINT('',(0.000612358445179089,-0.0008001,-0.00060582275875775));
#7132=CARTESIAN_POINT('',(0.000632993029962713,-0.0008001,-0.000620305045223362));
#7133=CARTESIAN_POINT('',(0.000652697162621148,-0.0008001,-0.000635352975186108));
#7134=CARTESIAN_POINT('',(0.000670885660441615,-0.0008001,-0.000651795616816432));
#7135=CARTESIAN_POINT('',(0.000687629073630634,-0.0008001,-0.000669446026135106));
#7136=CARTESIAN_POINT('',(0.000703010177427757,-0.0008001,-0.000688205994626135));
#7137=CARTESIAN_POINT('',(0.000717305016358919,-0.0008001,-0.000707905366425315));
#7138=CARTESIAN_POINT('',(0.000729929114244859,-0.0008001,-0.000728854404548947));
#7139=CARTESIAN_POINT('',(0.000741546095282975,-0.0008001,-0.000750584832173501));
#7140=CARTESIAN_POINT('',(0.000751076335894242,-0.0008001,-0.000773410861306307));
#7141=CARTESIAN_POINT('',(0.000759596791356473,-0.0008001,-0.000796812790862357));
#7142=CARTESIAN_POINT('',(0.000766388356144487,-0.0008001,-0.000821127467381399));
#7143=CARTESIAN_POINT('',(0.000771710016420855,-0.0008001,-0.000846299808122153));
#7144=CARTESIAN_POINT('',(0.000775324490817115,-0.0008001,-0.000872371309089594));
#7145=CARTESIAN_POINT('',(0.000777957085472158,-0.0008001,-0.000899205233926418));
#7146=CARTESIAN_POINT('',(0.000778121883367984,-0.0008001,-0.000917394523598175));
#7147=CARTESIAN_POINT('',(0.000778205128205128,-0.0008001,-0.000926582532030559));
#7148=CARTESIAN_POINT('',(0.000390604967948718,-0.0008001,-0.000542948717927995));
#7149=CARTESIAN_POINT('',(3.07692307692305E-5,-0.0008001,-0.000889122596133123));
#7150=CARTESIAN_POINT('',(3.10263160494199E-5,-0.0008001,-0.000876836880310484));
#7151=CARTESIAN_POINT('',(3.15318099428886E-5,-0.0008001,-0.000852680093423812));
#7152=CARTESIAN_POINT('',(3.6673889990769E-5,-0.0008001,-0.000817390740353845));
#7153=CARTESIAN_POINT('',(4.41217739412919E-5,-0.0008001,-0.000783533577619546));
#7154=CARTESIAN_POINT('',(5.5596649227312E-5,-0.0008001,-0.000751608503227322));
#7155=CARTESIAN_POINT('',(6.96095184689197E-5,-0.0008001,-0.00072111043038415));
#7156=CARTESIAN_POINT('',(8.72590332972626E-5,-0.0008001,-0.000692563126352405));
#7157=CARTESIAN_POINT('',(0.000107864798330111,-0.0008001,-0.000665565928769984));
#7158=CARTESIAN_POINT('',(0.00013132068962627,-0.0008001,-0.000640305428341355));
#7159=CARTESIAN_POINT('',(0.00015740345586838,-0.0008001,-0.000617496771780156));
#7160=CARTESIAN_POINT('',(0.000185563620640594,-0.0008001,-0.000597676800940671));
#7161=CARTESIAN_POINT('',(0.000215186681935681,-0.0008001,-0.000580377643093733));
#7162=CARTESIAN_POINT('',(0.000246966943545763,-0.0008001,-0.000566885852390877));
#7163=CARTESIAN_POINT('',(0.000280305018964483,-0.0008001,-0.000555875235119617));
#7164=CARTESIAN_POINT('',(0.000315585742529001,-0.0008001,-0.000548614806593812));
#7165=CARTESIAN_POINT('',(0.000352495899937067,-0.0008001,-0.000543765154840542));
#7166=CARTESIAN_POINT('',(0.000377734772216227,-0.0008001,-0.0005432244450296));
#7167=CARTESIAN_POINT('',(0.000390604967948718,-0.0008001,-0.000542948717927995));
#7168=CARTESIAN_POINT('',(3.07692307692305E-5,-0.0008001,-0.000889122596133123));
#7169=CARTESIAN_POINT('',(5.21434294871793E-5,-0.0008001,-0.00101868990382543));
#7170=CARTESIAN_POINT('',(4.89282012039553E-5,-0.0008001,-0.00100704377187942));
#7171=CARTESIAN_POINT('',(4.26992049265398E-5,-0.0008001,-0.000984481233189245));
#7172=CARTESIAN_POINT('',(3.57831056486997E-5,-0.0008001,-0.000951179562600647));
#7173=CARTESIAN_POINT('',(3.16139660877766E-5,-0.0008001,-0.000919564870081193));
#7174=CARTESIAN_POINT('',(3.10446970696615E-5,-0.0008001,-0.000899049753666462));
#7175=CARTESIAN_POINT('',(3.07692307692305E-5,-0.0008001,-0.000889122596133123));
#7176=CARTESIAN_POINT('',(5.21434294871793E-5,-0.0008001,-0.00101868990382543));
#7177=CARTESIAN_POINT('',(-0.000237179487179487,-0.0008001,-0.000959415064081841));
#7178=CARTESIAN_POINT('',(-0.000237179487179487,-0.0008001,-0.000959415064081841));
#7179=CARTESIAN_POINT('',(-0.000237179487179487,-0.0008001,-0.000585256410235688));
#7180=CARTESIAN_POINT('',(-0.000237179487179487,-0.0008001,-0.000585256410235688));
#7181=CARTESIAN_POINT('',(-0.00035,-0.0008001,-0.000585256410235688));
#7182=CARTESIAN_POINT('',(-0.00035,-0.0008001,-0.000585256410235688));
#7183=CARTESIAN_POINT('',(-0.00035,-0.0008,-0.000585256410235688));
#7184=CARTESIAN_POINT('',(-0.00035,-0.0008,-0.000585256410235688));
#7185=CARTESIAN_POINT('',(-0.000237179487179487,-0.0008,-0.000585256410235688));
#7186=CARTESIAN_POINT('',(-0.00035,-0.0008001,-0.000585256410235688));
#7187=CARTESIAN_POINT('',(-0.000237179487179487,-0.0008001,-0.000585256410235688));
#7188=CARTESIAN_POINT('',(-0.000237179487179487,-0.0008001,-0.000585256410235688));
#7189=CARTESIAN_POINT('',(-0.000237179487179487,-0.0008,-0.000585256410235688));
#7190=CARTESIAN_POINT('',(-0.000237179487179487,-0.0008,-0.000959415064081841));
#7191=CARTESIAN_POINT('',(-0.000237179487179487,-0.0008001,-0.000959415064081841));
#7192=CARTESIAN_POINT('',(-0.000237179487179487,-0.0008001,-0.000959415064081841));
#7193=CARTESIAN_POINT('',(-0.000237179487179487,-0.0008,-0.000959415064081841));
#7194=CARTESIAN_POINT('',(5.21434294871793E-5,-0.0008,-0.00101868990382543));
#7195=CARTESIAN_POINT('',(5.21434294871793E-5,-0.0008001,-0.00101868990382543));
#7196=CARTESIAN_POINT('',(5.21434294871793E-5,-0.0008001,-0.00101868990382543));
#7197=CARTESIAN_POINT('',(5.21434294871793E-5,-0.0008,-0.00101868990382543));
#7198=CARTESIAN_POINT('',(4.89282012039553E-5,-0.0008001,-0.00100704377187942));
#7199=CARTESIAN_POINT('',(4.89282012039553E-5,-0.0008,-0.00100704377187942));
#7200=CARTESIAN_POINT('',(4.26992049265398E-5,-0.0008001,-0.000984481233189245));
#7201=CARTESIAN_POINT('',(4.26992049265398E-5,-0.0008,-0.000984481233189245));
#7202=CARTESIAN_POINT('',(3.57831056486997E-5,-0.0008001,-0.000951179562600647));
#7203=CARTESIAN_POINT('',(3.57831056486997E-5,-0.0008,-0.000951179562600647));
#7204=CARTESIAN_POINT('',(3.16139660877766E-5,-0.0008001,-0.000919564870081193));
#7205=CARTESIAN_POINT('',(3.16139660877766E-5,-0.0008,-0.000919564870081193));
#7206=CARTESIAN_POINT('',(3.10446970696615E-5,-0.0008001,-0.000899049753666462));
#7207=CARTESIAN_POINT('',(3.10446970696615E-5,-0.0008,-0.000899049753666462));
#7208=CARTESIAN_POINT('',(3.07692307692305E-5,-0.0008001,-0.000889122596133123));
#7209=CARTESIAN_POINT('',(3.07692307692305E-5,-0.0008,-0.000889122596133123));
#7210=CARTESIAN_POINT('',(5.21434294871793E-5,-0.0008,-0.00101868990382543));
#7211=CARTESIAN_POINT('',(4.89282012039553E-5,-0.0008,-0.00100704377187942));
#7212=CARTESIAN_POINT('',(4.26992049265398E-5,-0.0008,-0.000984481233189245));
#7213=CARTESIAN_POINT('',(3.57831056486997E-5,-0.0008,-0.000951179562600647));
#7214=CARTESIAN_POINT('',(3.16139660877766E-5,-0.0008,-0.000919564870081193));
#7215=CARTESIAN_POINT('',(3.10446970696615E-5,-0.0008,-0.000899049753666462));
#7216=CARTESIAN_POINT('',(3.07692307692305E-5,-0.0008,-0.000889122596133123));
#7217=CARTESIAN_POINT('',(3.07692307692305E-5,-0.0008,-0.000889122596133123));
#7218=CARTESIAN_POINT('',(3.07692307692305E-5,-0.0008001,-0.000889122596133123));
#7219=CARTESIAN_POINT('',(3.07692307692305E-5,-0.0008001,-0.000889122596133123));
#7220=CARTESIAN_POINT('',(3.07692307692305E-5,-0.0008,-0.000889122596133123));
#7221=CARTESIAN_POINT('',(3.10263160494199E-5,-0.0008001,-0.000876836880310484));
#7222=CARTESIAN_POINT('',(3.10263160494199E-5,-0.0008,-0.000876836880310484));
#7223=CARTESIAN_POINT('',(3.15318099428886E-5,-0.0008001,-0.000852680093423812));
#7224=CARTESIAN_POINT('',(3.15318099428886E-5,-0.0008,-0.000852680093423812));
#7225=CARTESIAN_POINT('',(3.6673889990769E-5,-0.0008001,-0.000817390740353845));
#7226=CARTESIAN_POINT('',(3.6673889990769E-5,-0.0008,-0.000817390740353845));
#7227=CARTESIAN_POINT('',(4.41217739412919E-5,-0.0008001,-0.000783533577619546));
#7228=CARTESIAN_POINT('',(4.41217739412919E-5,-0.0008,-0.000783533577619546));
#7229=CARTESIAN_POINT('',(5.5596649227312E-5,-0.0008001,-0.000751608503227322));
#7230=CARTESIAN_POINT('',(5.5596649227312E-5,-0.0008,-0.000751608503227322));
#7231=CARTESIAN_POINT('',(6.96095184689197E-5,-0.0008001,-0.00072111043038415));
#7232=CARTESIAN_POINT('',(6.96095184689197E-5,-0.0008,-0.00072111043038415));
#7233=CARTESIAN_POINT('',(8.72590332972626E-5,-0.0008001,-0.000692563126352405));
#7234=CARTESIAN_POINT('',(8.72590332972626E-5,-0.0008,-0.000692563126352405));
#7235=CARTESIAN_POINT('',(0.000107864798330111,-0.0008001,-0.000665565928769984));
#7236=CARTESIAN_POINT('',(0.000107864798330111,-0.0008,-0.000665565928769984));
#7237=CARTESIAN_POINT('',(0.00013132068962627,-0.0008001,-0.000640305428341355));
#7238=CARTESIAN_POINT('',(0.00013132068962627,-0.0008,-0.000640305428341355));
#7239=CARTESIAN_POINT('',(0.00015740345586838,-0.0008001,-0.000617496771780156));
#7240=CARTESIAN_POINT('',(0.00015740345586838,-0.0008,-0.000617496771780156));
#7241=CARTESIAN_POINT('',(0.000185563620640594,-0.0008001,-0.000597676800940671));
#7242=CARTESIAN_POINT('',(0.000185563620640594,-0.0008,-0.000597676800940671));
#7243=CARTESIAN_POINT('',(0.000215186681935681,-0.0008001,-0.000580377643093733));
#7244=CARTESIAN_POINT('',(0.000215186681935681,-0.0008,-0.000580377643093733));
#7245=CARTESIAN_POINT('',(0.000246966943545763,-0.0008001,-0.000566885852390877));
#7246=CARTESIAN_POINT('',(0.000246966943545763,-0.0008,-0.000566885852390877));
#7247=CARTESIAN_POINT('',(0.000280305018964483,-0.0008001,-0.000555875235119617));
#7248=CARTESIAN_POINT('',(0.000280305018964483,-0.0008,-0.000555875235119617));
#7249=CARTESIAN_POINT('',(0.000315585742529001,-0.0008001,-0.000548614806593812));
#7250=CARTESIAN_POINT('',(0.000315585742529001,-0.0008,-0.000548614806593812));
#7251=CARTESIAN_POINT('',(0.000352495899937067,-0.0008001,-0.000543765154840542));
#7252=CARTESIAN_POINT('',(0.000352495899937067,-0.0008,-0.000543765154840542));
#7253=CARTESIAN_POINT('',(0.000377734772216227,-0.0008001,-0.0005432244450296));
#7254=CARTESIAN_POINT('',(0.000377734772216227,-0.0008,-0.0005432244450296));
#7255=CARTESIAN_POINT('',(0.000390604967948718,-0.0008001,-0.000542948717927995));
#7256=CARTESIAN_POINT('',(0.000390604967948718,-0.0008,-0.000542948717927995));
#7257=CARTESIAN_POINT('',(3.07692307692305E-5,-0.0008,-0.000889122596133123));
#7258=CARTESIAN_POINT('',(3.10263160494199E-5,-0.0008,-0.000876836880310484));
#7259=CARTESIAN_POINT('',(3.15318099428886E-5,-0.0008,-0.000852680093423812));
#7260=CARTESIAN_POINT('',(3.6673889990769E-5,-0.0008,-0.000817390740353845));
#7261=CARTESIAN_POINT('',(4.41217739412919E-5,-0.0008,-0.000783533577619546));
#7262=CARTESIAN_POINT('',(5.5596649227312E-5,-0.0008,-0.000751608503227322));
#7263=CARTESIAN_POINT('',(6.96095184689197E-5,-0.0008,-0.00072111043038415));
#7264=CARTESIAN_POINT('',(8.72590332972626E-5,-0.0008,-0.000692563126352405));
#7265=CARTESIAN_POINT('',(0.000107864798330111,-0.0008,-0.000665565928769984));
#7266=CARTESIAN_POINT('',(0.00013132068962627,-0.0008,-0.000640305428341355));
#7267=CARTESIAN_POINT('',(0.00015740345586838,-0.0008,-0.000617496771780156));
#7268=CARTESIAN_POINT('',(0.000185563620640594,-0.0008,-0.000597676800940671));
#7269=CARTESIAN_POINT('',(0.000215186681935681,-0.0008,-0.000580377643093733));
#7270=CARTESIAN_POINT('',(0.000246966943545763,-0.0008,-0.000566885852390877));
#7271=CARTESIAN_POINT('',(0.000280305018964483,-0.0008,-0.000555875235119617));
#7272=CARTESIAN_POINT('',(0.000315585742529001,-0.0008,-0.000548614806593812));
#7273=CARTESIAN_POINT('',(0.000352495899937067,-0.0008,-0.000543765154840542));
#7274=CARTESIAN_POINT('',(0.000377734772216227,-0.0008,-0.0005432244450296));
#7275=CARTESIAN_POINT('',(0.000390604967948718,-0.0008,-0.000542948717927995));
#7276=CARTESIAN_POINT('',(0.000390604967948718,-0.0008,-0.000542948717927995));
#7277=CARTESIAN_POINT('',(0.000390604967948718,-0.0008001,-0.000542948717927995));
#7278=CARTESIAN_POINT('',(0.000390604967948717,-0.0008001,-0.000542948717927995));
#7279=CARTESIAN_POINT('',(0.000390604967948718,-0.0008,-0.000542948717927995));
#7280=CARTESIAN_POINT('',(0.000399569038335494,-0.0008001,-0.000543157929872448));
#7281=CARTESIAN_POINT('',(0.000399569038335494,-0.0008,-0.000543157929872448));
#7282=CARTESIAN_POINT('',(0.000417376037454286,-0.0008001,-0.000543573526442954));
#7283=CARTESIAN_POINT('',(0.000417376037454286,-0.0008,-0.000543573526442954));
#7284=CARTESIAN_POINT('',(0.00044382217885186,-0.0008001,-0.000545682321995728));
#7285=CARTESIAN_POINT('',(0.00044382217885186,-0.0008,-0.000545682321995728));
#7286=CARTESIAN_POINT('',(0.000469704585770839,-0.0008001,-0.000549758102427814));
#7287=CARTESIAN_POINT('',(0.000469704585770839,-0.0008,-0.000549758102427814));
#7288=CARTESIAN_POINT('',(0.000494975807256043,-0.0008001,-0.000555163853584058));
#7289=CARTESIAN_POINT('',(0.000494975807256043,-0.0008,-0.000555163853584058));
#7290=CARTESIAN_POINT('',(0.000519659511656191,-0.0008001,-0.000562380264401635));
#7291=CARTESIAN_POINT('',(0.000519659511656191,-0.0008,-0.000562380264401635));
#7292=CARTESIAN_POINT('',(0.000543893901884162,-0.0008001,-0.000570821168418956));
#7293=CARTESIAN_POINT('',(0.000543893901884162,-0.0008,-0.000570821168418956));
#7294=CARTESIAN_POINT('',(0.00056741361317989,-0.0008001,-0.00058131265361877));
#7295=CARTESIAN_POINT('',(0.00056741361317989,-0.0008,-0.00058131265361877));
#7296=CARTESIAN_POINT('',(0.000590322522529108,-0.0008001,-0.000592943636880847));
#7297=CARTESIAN_POINT('',(0.000590322522529108,-0.0008,-0.000592943636880847));
#7298=CARTESIAN_POINT('',(0.000612358445179089,-0.0008001,-0.00060582275875775));
#7299=CARTESIAN_POINT('',(0.000612358445179089,-0.0008,-0.00060582275875775));
#7300=CARTESIAN_POINT('',(0.000632993029962713,-0.0008001,-0.000620305045223362));
#7301=CARTESIAN_POINT('',(0.000632993029962713,-0.0008,-0.000620305045223362));
#7302=CARTESIAN_POINT('',(0.000652697162621148,-0.0008001,-0.000635352975186108));
#7303=CARTESIAN_POINT('',(0.000652697162621148,-0.0008,-0.000635352975186108));
#7304=CARTESIAN_POINT('',(0.000670885660441615,-0.0008001,-0.000651795616816432));
#7305=CARTESIAN_POINT('',(0.000670885660441615,-0.0008,-0.000651795616816432));
#7306=CARTESIAN_POINT('',(0.000687629073630634,-0.0008001,-0.000669446026135106));
#7307=CARTESIAN_POINT('',(0.000687629073630634,-0.0008,-0.000669446026135106));
#7308=CARTESIAN_POINT('',(0.000703010177427757,-0.0008001,-0.000688205994626135));
#7309=CARTESIAN_POINT('',(0.000703010177427757,-0.0008,-0.000688205994626135));
#7310=CARTESIAN_POINT('',(0.000717305016358919,-0.0008001,-0.000707905366425315));
#7311=CARTESIAN_POINT('',(0.000717305016358919,-0.0008,-0.000707905366425315));
#7312=CARTESIAN_POINT('',(0.000729929114244859,-0.0008001,-0.000728854404548947));
#7313=CARTESIAN_POINT('',(0.000729929114244859,-0.0008,-0.000728854404548947));
#7314=CARTESIAN_POINT('',(0.000741546095282975,-0.0008001,-0.000750584832173501));
#7315=CARTESIAN_POINT('',(0.000741546095282975,-0.0008,-0.000750584832173501));
#7316=CARTESIAN_POINT('',(0.000751076335894242,-0.0008001,-0.000773410861306307));
#7317=CARTESIAN_POINT('',(0.000751076335894242,-0.0008,-0.000773410861306307));
#7318=CARTESIAN_POINT('',(0.000759596791356473,-0.0008001,-0.000796812790862357));
#7319=CARTESIAN_POINT('',(0.000759596791356473,-0.0008,-0.000796812790862357));
#7320=CARTESIAN_POINT('',(0.000766388356144487,-0.0008001,-0.000821127467381399));
#7321=CARTESIAN_POINT('',(0.000766388356144487,-0.0008,-0.000821127467381399));
#7322=CARTESIAN_POINT('',(0.000771710016420855,-0.0008001,-0.000846299808122153));
#7323=CARTESIAN_POINT('',(0.000771710016420855,-0.0008,-0.000846299808122153));
#7324=CARTESIAN_POINT('',(0.000775324490817115,-0.0008001,-0.000872371309089594));
#7325=CARTESIAN_POINT('',(0.000775324490817115,-0.0008,-0.000872371309089594));
#7326=CARTESIAN_POINT('',(0.000777957085472158,-0.0008001,-0.000899205233926418));
#7327=CARTESIAN_POINT('',(0.000777957085472158,-0.0008,-0.000899205233926418));
#7328=CARTESIAN_POINT('',(0.000778121883367984,-0.0008001,-0.000917394523598175));
#7329=CARTESIAN_POINT('',(0.000778121883367984,-0.0008,-0.000917394523598175));
#7330=CARTESIAN_POINT('',(0.000778205128205128,-0.0008001,-0.000926582532030559));
#7331=CARTESIAN_POINT('',(0.000778205128205128,-0.0008,-0.000926582532030559));
#7332=CARTESIAN_POINT('',(0.000390604967948718,-0.0008,-0.000542948717927995));
#7333=CARTESIAN_POINT('',(0.000399569038335494,-0.0008,-0.000543157929872448));
#7334=CARTESIAN_POINT('',(0.000417376037454286,-0.0008,-0.000543573526442954));
#7335=CARTESIAN_POINT('',(0.00044382217885186,-0.0008,-0.000545682321995728));
#7336=CARTESIAN_POINT('',(0.000469704585770839,-0.0008,-0.000549758102427814));
#7337=CARTESIAN_POINT('',(0.000494975807256043,-0.0008,-0.000555163853584058));
#7338=CARTESIAN_POINT('',(0.000519659511656191,-0.0008,-0.000562380264401635));
#7339=CARTESIAN_POINT('',(0.000543893901884162,-0.0008,-0.000570821168418956));
#7340=CARTESIAN_POINT('',(0.00056741361317989,-0.0008,-0.00058131265361877));
#7341=CARTESIAN_POINT('',(0.000590322522529108,-0.0008,-0.000592943636880847));
#7342=CARTESIAN_POINT('',(0.000612358445179089,-0.0008,-0.00060582275875775));
#7343=CARTESIAN_POINT('',(0.000632993029962713,-0.0008,-0.000620305045223362));
#7344=CARTESIAN_POINT('',(0.000652697162621148,-0.0008,-0.000635352975186108));
#7345=CARTESIAN_POINT('',(0.000670885660441615,-0.0008,-0.000651795616816432));
#7346=CARTESIAN_POINT('',(0.000687629073630634,-0.0008,-0.000669446026135106));
#7347=CARTESIAN_POINT('',(0.000703010177427757,-0.0008,-0.000688205994626135));
#7348=CARTESIAN_POINT('',(0.000717305016358919,-0.0008,-0.000707905366425315));
#7349=CARTESIAN_POINT('',(0.000729929114244859,-0.0008,-0.000728854404548947));
#7350=CARTESIAN_POINT('',(0.000741546095282975,-0.0008,-0.000750584832173501));
#7351=CARTESIAN_POINT('',(0.000751076335894242,-0.0008,-0.000773410861306307));
#7352=CARTESIAN_POINT('',(0.000759596791356473,-0.0008,-0.000796812790862357));
#7353=CARTESIAN_POINT('',(0.000766388356144487,-0.0008,-0.000821127467381399));
#7354=CARTESIAN_POINT('',(0.000771710016420855,-0.0008,-0.000846299808122153));
#7355=CARTESIAN_POINT('',(0.000775324490817115,-0.0008,-0.000872371309089594));
#7356=CARTESIAN_POINT('',(0.000777957085472158,-0.0008,-0.000899205233926418));
#7357=CARTESIAN_POINT('',(0.000778121883367984,-0.0008,-0.000917394523598175));
#7358=CARTESIAN_POINT('',(0.000778205128205128,-0.0008,-0.000926582532030559));
#7359=CARTESIAN_POINT('',(0.000778205128205128,-0.000799999999999975,-0.000926582532030559));
#7360=CARTESIAN_POINT('',(0.000778205128205128,-0.0008001,-0.000926582532030559));
#7361=CARTESIAN_POINT('',(0.000778205128205128,-0.000800100000000001,-0.000926582532030559));
#7362=CARTESIAN_POINT('',(0.000778205128205128,-0.000799999999999976,-0.000926582532030559));
#7363=CARTESIAN_POINT('',(0.000777987423783408,-0.000800100000000001,-0.000937542709340432));
#7364=CARTESIAN_POINT('',(0.000777987423783408,-0.000799999999999976,-0.000937542709340432));
#7365=CARTESIAN_POINT('',(0.000777559116051976,-0.000800100000000001,-0.000959105563427629));
#7366=CARTESIAN_POINT('',(0.000777559116051976,-0.000799999999999976,-0.000959105563427629));
#7367=CARTESIAN_POINT('',(0.000773098772812007,-0.000800100000000001,-0.000990701725613465));
#7368=CARTESIAN_POINT('',(0.000773098772812007,-0.000799999999999976,-0.000990701725613465));
#7369=CARTESIAN_POINT('',(0.000766668288755554,-0.000800100000000001,-0.0010210831958642));
#7370=CARTESIAN_POINT('',(0.000766668288755554,-0.000799999999999976,-0.0010210831958642));
#7371=CARTESIAN_POINT('',(0.000757141178238501,-0.000800100000000001,-0.00105011976351973));
#7372=CARTESIAN_POINT('',(0.000757141178238501,-0.000799999999999976,-0.00105011976351973));
#7373=CARTESIAN_POINT('',(0.000744666105255007,-0.000800100000000001,-0.00107769032962094));
#7374=CARTESIAN_POINT('',(0.000744666105255007,-0.000799999999999976,-0.00107769032962094));
#7375=CARTESIAN_POINT('',(0.0007298438316195,-0.000800100000000001,-0.00110418969830089));
#7376=CARTESIAN_POINT('',(0.0007298438316195,-0.000799999999999976,-0.00110418969830089));
#7377=CARTESIAN_POINT('',(0.000712198141675895,-0.000800100000000001,-0.00112928942179388));
#7378=CARTESIAN_POINT('',(0.000712198141675895,-0.000799999999999976,-0.00112928942179388));
#7379=CARTESIAN_POINT('',(0.000691890434491363,-0.000800100000000001,-0.00115281790048748));
#7380=CARTESIAN_POINT('',(0.000691890434491363,-0.000799999999999976,-0.00115281790048748));
#7381=CARTESIAN_POINT('',(0.000669576542864632,-0.000800100000000001,-0.00117444578804439));
#7382=CARTESIAN_POINT('',(0.000669576542864632,-0.000799999999999976,-0.00117444578804439));
#7383=CARTESIAN_POINT('',(0.00064559348067816,-0.000800100000000001,-0.00119405811579238));
#7384=CARTESIAN_POINT('',(0.00064559348067816,-0.000799999999999976,-0.00119405811579238));
#7385=CARTESIAN_POINT('',(0.000619910704184181,-0.000800100000000001,-0.00121130097319018));
#7386=CARTESIAN_POINT('',(0.000619910704184181,-0.000799999999999976,-0.00121130097319018));
#7387=CARTESIAN_POINT('',(0.000592611726185624,-0.000800100000000001,-0.00122623690787164));
#7388=CARTESIAN_POINT('',(0.000592611726185624,-0.000799999999999976,-0.00122623690787164));
#7389=CARTESIAN_POINT('',(0.000563744967919876,-0.000800100000000001,-0.00123896096293369));
#7390=CARTESIAN_POINT('',(0.000563744967919876,-0.000799999999999976,-0.00123896096293369));
#7391=CARTESIAN_POINT('',(0.000533221484364925,-0.000800100000000001,-0.00124896103345475));
#7392=CARTESIAN_POINT('',(0.000533221484364925,-0.000799999999999976,-0.00124896103345475));
#7393=CARTESIAN_POINT('',(0.000501195525468729,-0.000800100000000001,-0.0012570310792254));
#7394=CARTESIAN_POINT('',(0.000501195525468729,-0.000799999999999976,-0.0012570310792254));
#7395=CARTESIAN_POINT('',(0.000479147312874505,-0.000800100000000001,-0.00126044533764911));
#7396=CARTESIAN_POINT('',(0.000479147312874505,-0.000799999999999976,-0.00126044533764911));
#7397=CARTESIAN_POINT('',(0.000467948717948718,-0.000800100000000001,-0.00126217948715876));
#7398=CARTESIAN_POINT('',(0.000467948717948718,-0.000799999999999976,-0.00126217948715876));
#7399=CARTESIAN_POINT('',(0.000778205128205128,-0.0008,-0.000926582532030559));
#7400=CARTESIAN_POINT('',(0.000777987423783408,-0.0008,-0.000937542709340432));
#7401=CARTESIAN_POINT('',(0.000777559116051976,-0.0008,-0.000959105563427629));
#7402=CARTESIAN_POINT('',(0.000773098772812007,-0.0008,-0.000990701725613465));
#7403=CARTESIAN_POINT('',(0.000766668288755554,-0.0008,-0.0010210831958642));
#7404=CARTESIAN_POINT('',(0.000757141178238501,-0.0008,-0.00105011976351973));
#7405=CARTESIAN_POINT('',(0.000744666105255007,-0.0008,-0.00107769032962094));
#7406=CARTESIAN_POINT('',(0.0007298438316195,-0.0008,-0.00110418969830089));
#7407=CARTESIAN_POINT('',(0.000712198141675895,-0.0008,-0.00112928942179388));
#7408=CARTESIAN_POINT('',(0.000691890434491363,-0.0008,-0.00115281790048748));
#7409=CARTESIAN_POINT('',(0.000669576542864632,-0.0008,-0.00117444578804439));
#7410=CARTESIAN_POINT('',(0.00064559348067816,-0.0008,-0.00119405811579238));
#7411=CARTESIAN_POINT('',(0.000619910704184181,-0.0008,-0.00121130097319018));
#7412=CARTESIAN_POINT('',(0.000592611726185624,-0.0008,-0.00122623690787164));
#7413=CARTESIAN_POINT('',(0.000563744967919876,-0.0008,-0.00123896096293369));
#7414=CARTESIAN_POINT('',(0.000533221484364925,-0.0008,-0.00124896103345475));
#7415=CARTESIAN_POINT('',(0.000501195525468729,-0.0008,-0.0012570310792254));
#7416=CARTESIAN_POINT('',(0.000479147312874505,-0.0008,-0.00126044533764911));
#7417=CARTESIAN_POINT('',(0.000467948717948718,-0.0008,-0.00126217948715876));
#7418=CARTESIAN_POINT('',(0.000467948717948718,-0.0008,-0.00126217948715876));
#7419=CARTESIAN_POINT('',(0.000467948717948718,-0.0008001,-0.00126217948715876));
#7420=CARTESIAN_POINT('',(0.000467948717948718,-0.0008001,-0.00126217948715876));
#7421=CARTESIAN_POINT('',(0.000467948717948718,-0.0008,-0.00126217948715876));
#7422=CARTESIAN_POINT('',(0.000467948717948718,-0.0008,-0.00116346153844082));
#7423=CARTESIAN_POINT('',(0.000467948717948718,-0.0008001,-0.00116346153844082));
#7424=CARTESIAN_POINT('',(0.000665447241538371,-0.000799999999999989,-0.000918804259141211));
#7425=CARTESIAN_POINT('',(0.000665447241538371,-0.0008001,-0.000918804259141211));
#7426=CARTESIAN_POINT('',(0.000665426366153785,-0.000799999999999989,-0.000919487294548771));
#7427=CARTESIAN_POINT('',(0.000665426366153785,-0.0008001,-0.000919487294548771));
#7428=CARTESIAN_POINT('',(0.0006654054907692,-0.000799999999999989,-0.000920170329956332));
#7429=CARTESIAN_POINT('',(0.0006654054907692,-0.0008001,-0.000920170329956332));
#7430=CARTESIAN_POINT('',(0.000665384615384615,-0.000799999999999989,-0.000920853365363893));
#7431=CARTESIAN_POINT('',(0.000665384615384615,-0.0008001,-0.000920853365363893));
#7432=CARTESIAN_POINT('',(0.000665089980680731,-0.000799999999999989,-0.000930493711592127));
#7433=CARTESIAN_POINT('',(0.000665089980680731,-0.0008001,-0.000930493711592127));
#7434=CARTESIAN_POINT('',(0.000664504025507703,-0.000799999999999989,-0.000949665963427213));
#7435=CARTESIAN_POINT('',(0.000664504025507703,-0.0008001,-0.000949665963427213));
#7436=CARTESIAN_POINT('',(0.000659710781162323,-0.000799999999999989,-0.000978141994505943));
#7437=CARTESIAN_POINT('',(0.000659710781162323,-0.0008001,-0.000978141994505943));
#7438=CARTESIAN_POINT('',(0.000651792271190846,-0.000799999999999989,-0.0010059321111202));
#7439=CARTESIAN_POINT('',(0.000651792271190846,-0.0008001,-0.0010059321111202));
#7440=CARTESIAN_POINT('',(0.000640696215322375,-0.000799999999999989,-0.00103263635945375));
#7441=CARTESIAN_POINT('',(0.000640696215322375,-0.0008001,-0.00103263635945375));
#7442=CARTESIAN_POINT('',(0.000627523714120745,-0.000799999999999989,-0.00105789939270088));
#7443=CARTESIAN_POINT('',(0.000627523714120745,-0.0008001,-0.00105789939270088));
#7444=CARTESIAN_POINT('',(0.000611747892279267,-0.000799999999999989,-0.0010806219607681));
#7445=CARTESIAN_POINT('',(0.000611747892279267,-0.0008001,-0.0010806219607681));
#7446=CARTESIAN_POINT('',(0.000594282717510941,-0.000799999999999989,-0.00110100557014989));
#7447=CARTESIAN_POINT('',(0.000594282717510941,-0.0008001,-0.00110100557014989));
#7448=CARTESIAN_POINT('',(0.000574474144161656,-0.000799999999999989,-0.00111854063733421));
#7449=CARTESIAN_POINT('',(0.000574474144161656,-0.0008001,-0.00111854063733421));
#7450=CARTESIAN_POINT('',(0.000552154748066852,-0.000799999999999989,-0.00113366844608529));
#7451=CARTESIAN_POINT('',(0.000552154748066852,-0.0008001,-0.00113366844608529));
#7452=CARTESIAN_POINT('',(0.00052691597741756,-0.000799999999999989,-0.00114610063533911));
#7453=CARTESIAN_POINT('',(0.00052691597741756,-0.0008001,-0.00114610063533911));
#7454=CARTESIAN_POINT('',(0.000498603518445075,-0.000799999999999989,-0.00115636837838557));
#7455=CARTESIAN_POINT('',(0.000498603518445075,-0.0008001,-0.00115636837838557));
#7456=CARTESIAN_POINT('',(0.000478439552302173,-0.000799999999999989,-0.00116103408283917));
#7457=CARTESIAN_POINT('',(0.000478439552302173,-0.0008001,-0.00116103408283917));
#7458=CARTESIAN_POINT('',(0.000467948717948718,-0.000799999999999989,-0.00116346153844082));
#7459=CARTESIAN_POINT('',(0.000467948717948718,-0.0008001,-0.00116346153844082));
#7460=CARTESIAN_POINT('',(0.000467948717948718,-0.0008,-0.00116346153844082));
#7461=CARTESIAN_POINT('',(0.000478439552302173,-0.0008,-0.00116103408283917));
#7462=CARTESIAN_POINT('',(0.000498603518445075,-0.0008,-0.00115636837838557));
#7463=CARTESIAN_POINT('',(0.00052691597741756,-0.0008,-0.00114610063533911));
#7464=CARTESIAN_POINT('',(0.000552154748066852,-0.0008,-0.00113366844608529));
#7465=CARTESIAN_POINT('',(0.000574474144161656,-0.0008,-0.00111854063733421));
#7466=CARTESIAN_POINT('',(0.000594282717510941,-0.0008,-0.00110100557014989));
#7467=CARTESIAN_POINT('',(0.000611747892279267,-0.0008,-0.0010806219607681));
#7468=CARTESIAN_POINT('',(0.000627523714120745,-0.0008,-0.00105789939270088));
#7469=CARTESIAN_POINT('',(0.000640696215322375,-0.0008,-0.00103263635945375));
#7470=CARTESIAN_POINT('',(0.000651792271190846,-0.0008,-0.0010059321111202));
#7471=CARTESIAN_POINT('',(0.000659710781162323,-0.0008,-0.000978141994505943));
#7472=CARTESIAN_POINT('',(0.000664504025507703,-0.0008,-0.000949665963427213));
#7473=CARTESIAN_POINT('',(0.000665089980680731,-0.0008,-0.000930493711592127));
#7474=CARTESIAN_POINT('',(0.000665384615384615,-0.0008,-0.000920853365363893));
#7475=CARTESIAN_POINT('',(0.000665384520760665,-0.000799999999999989,-0.00092085597518926));
#7476=CARTESIAN_POINT('',(0.000665384615384615,-0.0008001,-0.000920853365363893));
#7477=CARTESIAN_POINT('',(0.000665384615384615,-0.0008001,-0.000920853365363893));
#7478=CARTESIAN_POINT('',(0.000665384615384615,-0.0008,-0.000920853365363893));
#7479=CARTESIAN_POINT('',(0.000665124498251509,-0.0008001,-0.000911438652983218));
#7480=CARTESIAN_POINT('',(0.000665124498251509,-0.0008,-0.000911438652983218));
#7481=CARTESIAN_POINT('',(0.000664612325488051,-0.0008001,-0.000892901007271053));
#7482=CARTESIAN_POINT('',(0.000664612325488051,-0.0008,-0.000892901007271053));
#7483=CARTESIAN_POINT('',(0.000660733879979568,-0.0008001,-0.000865605972197909));
#7484=CARTESIAN_POINT('',(0.000660733879979568,-0.0008,-0.000865605972197909));
#7485=CARTESIAN_POINT('',(0.000654603728207085,-0.0008001,-0.000839330663797587));
#7486=CARTESIAN_POINT('',(0.000654603728207085,-0.0008,-0.000839330663797587));
#7487=CARTESIAN_POINT('',(0.000646015736694525,-0.0008001,-0.000814028439835193));
#7488=CARTESIAN_POINT('',(0.000646015736694525,-0.0008,-0.000814028439835193));
#7489=CARTESIAN_POINT('',(0.000634654327436419,-0.0008001,-0.000789823630669743));
#7490=CARTESIAN_POINT('',(0.000634654327436419,-0.0008,-0.000789823630669743));
#7491=CARTESIAN_POINT('',(0.000620697491021956,-0.0008001,-0.000766750459326051));
#7492=CARTESIAN_POINT('',(0.000620697491021956,-0.0008,-0.000766750459326051));
#7493=CARTESIAN_POINT('',(0.000604493437811783,-0.0008001,-0.00074448022812167));
#7494=CARTESIAN_POINT('',(0.000604493437811783,-0.0008,-0.00074448022812167));
#7495=CARTESIAN_POINT('',(0.000585972796472068,-0.0008001,-0.000723599056062239));
#7496=CARTESIAN_POINT('',(0.000585972796472068,-0.0008,-0.000723599056062239));
#7497=CARTESIAN_POINT('',(0.000565551447043788,-0.0008001,-0.000704479094362962));
#7498=CARTESIAN_POINT('',(0.000565551447043788,-0.0008,-0.000704479094362962));
#7499=CARTESIAN_POINT('',(0.00054371629665145,-0.0008001,-0.00068758404995206));
#7500=CARTESIAN_POINT('',(0.00054371629665145,-0.0008,-0.00068758404995206));
#7501=CARTESIAN_POINT('',(0.000520422272960463,-0.0008001,-0.000673511374745721));
#7502=CARTESIAN_POINT('',(0.000520422272960463,-0.0008,-0.000673511374745721));
#7503=CARTESIAN_POINT('',(0.000496073609581333,-0.0008001,-0.000661652065085276));
#7504=CARTESIAN_POINT('',(0.000496073609581333,-0.0008,-0.000661652065085276));
#7505=CARTESIAN_POINT('',(0.000470403194617284,-0.0008001,-0.000652646747536343));
#7506=CARTESIAN_POINT('',(0.000470403194617284,-0.0008,-0.000652646747536343));
#7507=CARTESIAN_POINT('',(0.000443531399783211,-0.0008001,-0.000646222437804793));
#7508=CARTESIAN_POINT('',(0.000443531399783211,-0.0008,-0.000646222437804793));
#7509=CARTESIAN_POINT('',(0.000415391833732525,-0.0008001,-0.000642450048259458));
#7510=CARTESIAN_POINT('',(0.000415391833732525,-0.0008,-0.000642450048259458));
#7511=CARTESIAN_POINT('',(0.000396198622205406,-0.0008001,-0.000641931105931402));
#7512=CARTESIAN_POINT('',(0.000396198622205406,-0.0008,-0.000641931105931402));
#7513=CARTESIAN_POINT('',(0.000386418269230769,-0.0008001,-0.000641666666645944));
#7514=CARTESIAN_POINT('',(0.000386418269230769,-0.0008,-0.000641666666645944));
#7515=CARTESIAN_POINT('',(0.000665384615384615,-0.0008,-0.000920853365363893));
#7516=CARTESIAN_POINT('',(0.000665124498251509,-0.0008,-0.000911438652983218));
#7517=CARTESIAN_POINT('',(0.000664612325488051,-0.0008,-0.000892901007271053));
#7518=CARTESIAN_POINT('',(0.000660733879979568,-0.0008,-0.000865605972197909));
#7519=CARTESIAN_POINT('',(0.000654603728207085,-0.0008,-0.000839330663797587));
#7520=CARTESIAN_POINT('',(0.000646015736694525,-0.0008,-0.000814028439835193));
#7521=CARTESIAN_POINT('',(0.000634654327436419,-0.0008,-0.000789823630669743));
#7522=CARTESIAN_POINT('',(0.000620697491021956,-0.0008,-0.000766750459326051));
#7523=CARTESIAN_POINT('',(0.000604493437811783,-0.0008,-0.00074448022812167));
#7524=CARTESIAN_POINT('',(0.000585972796472068,-0.0008,-0.000723599056062239));
#7525=CARTESIAN_POINT('',(0.000565551447043788,-0.0008,-0.000704479094362962));
#7526=CARTESIAN_POINT('',(0.00054371629665145,-0.0008,-0.00068758404995206));
#7527=CARTESIAN_POINT('',(0.000520422272960463,-0.0008,-0.000673511374745721));
#7528=CARTESIAN_POINT('',(0.000496073609581333,-0.0008,-0.000661652065085276));
#7529=CARTESIAN_POINT('',(0.000470403194617284,-0.0008,-0.000652646747536343));
#7530=CARTESIAN_POINT('',(0.000443531399783211,-0.0008,-0.000646222437804793));
#7531=CARTESIAN_POINT('',(0.000415391833732525,-0.0008,-0.000642450048259458));
#7532=CARTESIAN_POINT('',(0.000396198622205406,-0.0008,-0.000641931105931402));
#7533=CARTESIAN_POINT('',(0.000386418269230769,-0.0008,-0.000641666666645944));
#7534=CARTESIAN_POINT('',(0.000386418269230769,-0.0008,-0.000641666666645944));
#7535=CARTESIAN_POINT('',(0.000386418269230769,-0.0008001,-0.000641666666645944));
#7536=CARTESIAN_POINT('',(0.000143589743589743,-0.0008,-0.000906971153825431));
#7537=CARTESIAN_POINT('',(0.000143589743589743,-0.0008001,-0.000906971153825431));
#7538=CARTESIAN_POINT('',(0.000143807258506631,-0.0008,-0.000897120476804946));
#7539=CARTESIAN_POINT('',(0.000143807258506631,-0.0008001,-0.000897120476804946));
#7540=CARTESIAN_POINT('',(0.000144230417917975,-0.0008,-0.000877956702894687));
#7541=CARTESIAN_POINT('',(0.000144230417917975,-0.0008001,-0.000877956702894687));
#7542=CARTESIAN_POINT('',(0.000147349795489745,-0.0008,-0.000849940804625581));
#7543=CARTESIAN_POINT('',(0.000147349795489745,-0.0008001,-0.000849940804625581));
#7544=CARTESIAN_POINT('',(0.000152562790758241,-0.0008,-0.000823443978560536));
#7545=CARTESIAN_POINT('',(0.000152562790758241,-0.0008001,-0.000823443978560536));
#7546=CARTESIAN_POINT('',(0.000160105682425178,-0.0008,-0.000798460185797622));
#7547=CARTESIAN_POINT('',(0.000160105682425178,-0.0008001,-0.000798460185797622));
#7548=CARTESIAN_POINT('',(0.000169574818202732,-0.0008,-0.000774975970107464));
#7549=CARTESIAN_POINT('',(0.000169574818202732,-0.0008001,-0.000774975970107464));
#7550=CARTESIAN_POINT('',(0.00018113208307663,-0.0008,-0.000752962404085598));
#7551=CARTESIAN_POINT('',(0.00018113208307663,-0.0008001,-0.000752962404085598));
#7552=CARTESIAN_POINT('',(0.000194722172213228,-0.0008,-0.00073237869348991));
#7553=CARTESIAN_POINT('',(0.000194722172213228,-0.0008001,-0.00073237869348991));
#7554=CARTESIAN_POINT('',(0.000210722136324072,-0.0008,-0.00071377434680858));
#7555=CARTESIAN_POINT('',(0.000210722136324072,-0.0008001,-0.00071377434680858));
#7556=CARTESIAN_POINT('',(0.000228030493579759,-0.0008,-0.000696671509411425));
#7557=CARTESIAN_POINT('',(0.000228030493579759,-0.0008001,-0.000696671509411425));
#7558=CARTESIAN_POINT('',(0.000246973736247394,-0.0008,-0.000682022113901284));
#7559=CARTESIAN_POINT('',(0.000246973736247394,-0.0008001,-0.000682022113901284));
#7560=CARTESIAN_POINT('',(0.000267064374870112,-0.0008,-0.00066940358189792));
#7561=CARTESIAN_POINT('',(0.000267064374870112,-0.0008001,-0.00066940358189792));
#7562=CARTESIAN_POINT('',(0.000288491314385788,-0.0008,-0.000659353221691943));
#7563=CARTESIAN_POINT('',(0.000288491314385788,-0.0008001,-0.000659353221691943));
#7564=CARTESIAN_POINT('',(0.000311207335594687,-0.0008,-0.000651300254748798));
#7565=CARTESIAN_POINT('',(0.000311207335594687,-0.0008001,-0.000651300254748798));
#7566=CARTESIAN_POINT('',(0.000335139810139365,-0.0008,-0.000645644274400029));
#7567=CARTESIAN_POINT('',(0.000335139810139365,-0.0008001,-0.000645644274400029));
#7568=CARTESIAN_POINT('',(0.000360392872114632,-0.0008,-0.000642258441615393));
#7569=CARTESIAN_POINT('',(0.000360392872114632,-0.0008001,-0.000642258441615393));
#7570=CARTESIAN_POINT('',(0.000377593418502416,-0.0008,-0.000641867329319672));
#7571=CARTESIAN_POINT('',(0.000377593418502416,-0.0008001,-0.000641867329319672));
#7572=CARTESIAN_POINT('',(0.000386418269230769,-0.0008,-0.000641666666645944));
#7573=CARTESIAN_POINT('',(0.000386418269230769,-0.0008001,-0.000641666666645944));
#7574=CARTESIAN_POINT('',(0.000386418269230769,-0.0008,-0.000641666666645944));
#7575=CARTESIAN_POINT('',(0.000377593418502416,-0.0008,-0.000641867329319672));
#7576=CARTESIAN_POINT('',(0.000360392872114632,-0.0008,-0.000642258441615393));
#7577=CARTESIAN_POINT('',(0.000335139810139365,-0.0008,-0.000645644274400029));
#7578=CARTESIAN_POINT('',(0.000311207335594687,-0.0008,-0.000651300254748798));
#7579=CARTESIAN_POINT('',(0.000288491314385788,-0.0008,-0.000659353221691943));
#7580=CARTESIAN_POINT('',(0.000267064374870112,-0.0008,-0.00066940358189792));
#7581=CARTESIAN_POINT('',(0.000246973736247394,-0.0008,-0.000682022113901284));
#7582=CARTESIAN_POINT('',(0.000228030493579759,-0.0008,-0.000696671509411425));
#7583=CARTESIAN_POINT('',(0.000210722136324072,-0.0008,-0.00071377434680858));
#7584=CARTESIAN_POINT('',(0.000194722172213228,-0.0008,-0.00073237869348991));
#7585=CARTESIAN_POINT('',(0.00018113208307663,-0.0008,-0.000752962404085598));
#7586=CARTESIAN_POINT('',(0.000169574818202732,-0.0008,-0.000774975970107464));
#7587=CARTESIAN_POINT('',(0.000160105682425178,-0.0008,-0.000798460185797622));
#7588=CARTESIAN_POINT('',(0.000152562790758241,-0.0008,-0.000823443978560536));
#7589=CARTESIAN_POINT('',(0.000147349795489745,-0.0008,-0.000849940804625581));
#7590=CARTESIAN_POINT('',(0.000144230417917975,-0.0008,-0.000877956702894687));
#7591=CARTESIAN_POINT('',(0.000143807258506631,-0.0008,-0.000897120476804946));
#7592=CARTESIAN_POINT('',(0.000143589743589743,-0.0008,-0.000906971153825431));
#7593=CARTESIAN_POINT('',(0.000143589743589743,-0.0008,-0.000906971153825431));
#7594=CARTESIAN_POINT('',(0.000143589743589743,-0.0008001,-0.000906971153825431));
#7595=CARTESIAN_POINT('',(0.0002,-0.0008,-0.00114935897433825));
#7596=CARTESIAN_POINT('',(0.0002,-0.0008001,-0.00114935897433825));
#7597=CARTESIAN_POINT('',(0.000195519547157152,-0.0008,-0.00113770754015223));
#7598=CARTESIAN_POINT('',(0.000195519547157152,-0.0008001,-0.00113770754015223));
#7599=CARTESIAN_POINT('',(0.000186803708551054,-0.0008,-0.00111504196962691));
#7600=CARTESIAN_POINT('',(0.000186803708551054,-0.0008001,-0.00111504196962691));
#7601=CARTESIAN_POINT('',(0.000175262508955353,-0.0008,-0.00108140325726713));
#7602=CARTESIAN_POINT('',(0.000175262508955353,-0.0008001,-0.00108140325726713));
#7603=CARTESIAN_POINT('',(0.000165609380187319,-0.0008,-0.00104912033132428));
#7604=CARTESIAN_POINT('',(0.000165609380187319,-0.0008001,-0.00104912033132428));
#7605=CARTESIAN_POINT('',(0.000157553898920321,-0.0008,-0.0010181253144919));
#7606=CARTESIAN_POINT('',(0.000157553898920321,-0.0008001,-0.0010181253144919));
#7607=CARTESIAN_POINT('',(0.000151398221144292,-0.0008,-0.000988483615888525));
#7608=CARTESIAN_POINT('',(0.000151398221144292,-0.0008001,-0.000988483615888525));
#7609=CARTESIAN_POINT('',(0.00014692301432402,-0.0008,-0.000960106217238696));
#7610=CARTESIAN_POINT('',(0.00014692301432402,-0.0008001,-0.000960106217238696));
#7611=CARTESIAN_POINT('',(0.000144148972464316,-0.0008,-0.000933101900266642));
#7612=CARTESIAN_POINT('',(0.000144148972464316,-0.0008001,-0.000933101900266642));
#7613=CARTESIAN_POINT('',(0.000143772215096412,-0.0008,-0.000915497388593164));
#7614=CARTESIAN_POINT('',(0.000143772215096412,-0.0008001,-0.000915497388593164));
#7615=CARTESIAN_POINT('',(0.000143589743589743,-0.0008,-0.000906971153825431));
#7616=CARTESIAN_POINT('',(0.000143589743589743,-0.0008001,-0.000906971153825431));
#7617=CARTESIAN_POINT('',(0.000143589743589743,-0.0008,-0.000906971153825431));
#7618=CARTESIAN_POINT('',(0.000143772215096412,-0.0008,-0.000915497388593164));
#7619=CARTESIAN_POINT('',(0.000144148972464316,-0.0008,-0.000933101900266642));
#7620=CARTESIAN_POINT('',(0.00014692301432402,-0.0008,-0.000960106217238696));
#7621=CARTESIAN_POINT('',(0.000151398221144292,-0.0008,-0.000988483615888525));
#7622=CARTESIAN_POINT('',(0.000157553898920321,-0.0008,-0.0010181253144919));
#7623=CARTESIAN_POINT('',(0.000165609380187319,-0.0008,-0.00104912033132428));
#7624=CARTESIAN_POINT('',(0.000175262508955353,-0.0008,-0.00108140325726713));
#7625=CARTESIAN_POINT('',(0.000186803708551054,-0.0008,-0.00111504196962691));
#7626=CARTESIAN_POINT('',(0.000195519547157152,-0.0008,-0.00113770754015223));
#7627=CARTESIAN_POINT('',(0.0002,-0.0008,-0.00114935897433825));
#7628=CARTESIAN_POINT('',(0.0002,-0.0008,-0.00114935897433825));
#7629=CARTESIAN_POINT('',(0.0002,-0.0008001,-0.00114935897433825));
#7630=CARTESIAN_POINT('',(0.0002,-0.0008001,-0.00114935897433825));
#7631=CARTESIAN_POINT('',(0.0002,-0.0008,-0.00114935897433825));
#7632=CARTESIAN_POINT('',(-0.00035,-0.0008,-0.00103653846151774));
#7633=CARTESIAN_POINT('',(-0.00035,-0.0008001,-0.00103653846151774));
#7634=CARTESIAN_POINT('',(-0.00035,-0.0008001,-0.00220000000000219));
#7635=CARTESIAN_POINT('',(-0.00035,-0.0008,0.));
#7636=CARTESIAN_POINT('',(-0.00575,-0.0008001,0.0041));
#7637=CARTESIAN_POINT('',(0.00075,-0.0008001,-0.00188269230768406));
#7638=CARTESIAN_POINT('',(0.00075,-0.0008001,-0.00188269230768406));
#7639=CARTESIAN_POINT('',(-0.00035,-0.0008001,-0.00188269230768406));
#7640=CARTESIAN_POINT('',(0.00075,-0.0008001,-0.00255961538461758));
#7641=CARTESIAN_POINT('',(0.00075,-0.0008001,-0.00136089743588919));
#7642=CARTESIAN_POINT('',(0.000637179487179487,-0.0008001,-0.00136089743588919));
#7643=CARTESIAN_POINT('',(0.000637179487179487,-0.0008001,-0.00136089743588919));
#7644=CARTESIAN_POINT('',(0.000637179487179487,-0.0008001,-0.00178397435896612));
#7645=CARTESIAN_POINT('',(0.000637179487179487,-0.0008001,-0.00178397435896612));
#7646=CARTESIAN_POINT('',(-0.00035,-0.0008001,-0.00178397435896612));
#7647=CARTESIAN_POINT('',(-0.00035,-0.0008001,-0.00178397435896612));
#7648=CARTESIAN_POINT('',(-0.00035,-0.0008001,-0.00220000000000219));
#7649=CARTESIAN_POINT('',(-0.00035,-0.0008001,-0.00220000000000219));
#7650=CARTESIAN_POINT('',(-0.00035,-0.0008,0.));
#7651=CARTESIAN_POINT('',(-0.00035,-0.0008,-0.00188269230768406));
#7652=CARTESIAN_POINT('',(-0.00035,-0.0008,-0.00178397435896612));
#7653=CARTESIAN_POINT('',(-0.00035,-0.0008001,-0.00188269230768406));
#7654=CARTESIAN_POINT('',(-0.00035,-0.0008001,-0.00178397435896612));
#7655=CARTESIAN_POINT('',(-0.00035,-0.0008001,-0.00178397435896612));
#7656=CARTESIAN_POINT('',(-0.00035,-0.0008,-0.00178397435896612));
#7657=CARTESIAN_POINT('',(0.000637179487179487,-0.0008,-0.00178397435896612));
#7658=CARTESIAN_POINT('',(0.000637179487179487,-0.0008001,-0.00178397435896612));
#7659=CARTESIAN_POINT('',(0.000637179487179487,-0.0008001,-0.00178397435896612));
#7660=CARTESIAN_POINT('',(0.000637179487179487,-0.0008,-0.00178397435896612));
#7661=CARTESIAN_POINT('',(0.000637179487179487,-0.0008,-0.00136089743588919));
#7662=CARTESIAN_POINT('',(0.000637179487179487,-0.0008001,-0.00136089743588919));
#7663=CARTESIAN_POINT('',(0.000637179487179487,-0.0008001,-0.00136089743588919));
#7664=CARTESIAN_POINT('',(0.000637179487179487,-0.0008,-0.00136089743588919));
#7665=CARTESIAN_POINT('',(0.00075,-0.0008,-0.00136089743588919));
#7666=CARTESIAN_POINT('',(0.00075,-0.0008001,-0.00136089743588919));
#7667=CARTESIAN_POINT('',(0.00075,-0.0008001,-0.00255961538461758));
#7668=CARTESIAN_POINT('',(0.00075,-0.0008,0.));
#7669=CARTESIAN_POINT('',(0.00075,-0.0008,-0.00188269230768406));
#7670=CARTESIAN_POINT('',(0.00075,-0.0008001,-0.00188269230768406));
#7671=CARTESIAN_POINT('',(0.00075,-0.0008001,-0.00188269230768406));
#7672=CARTESIAN_POINT('',(0.00075,-0.0008,-0.00188269230768406));
#7673=CARTESIAN_POINT('',(-0.00575,-0.0008001,0.0041));
#7674=CARTESIAN_POINT('',(0.00075,-0.0008001,-0.00257371794872014));
#7675=CARTESIAN_POINT('',(0.00075,-0.0008001,-0.00257371794872014));
#7676=CARTESIAN_POINT('',(-0.00035,-0.0008001,-0.00303910256410476));
#7677=CARTESIAN_POINT('',(0.00075,-0.0008001,-0.00255961538461758));
#7678=CARTESIAN_POINT('',(0.00075,-0.0008001,-0.00255961538461758));
#7679=CARTESIAN_POINT('',(-0.00035,-0.0008001,-0.00209423076923296));
#7680=CARTESIAN_POINT('',(-0.00035,-0.0008001,-0.00209423076923296));
#7681=CARTESIAN_POINT('',(-0.00035,-0.0008001,-0.00220000000000219));
#7682=CARTESIAN_POINT('',(-0.00035,-0.0008001,-0.00220000000000219));
#7683=CARTESIAN_POINT('',(0.000516866987179487,-0.0008001,-0.00256666666666886));
#7684=CARTESIAN_POINT('',(0.000516866987179487,-0.0008001,-0.00256666666666886));
#7685=CARTESIAN_POINT('',(-0.00035,-0.0008001,-0.00293333333333553));
#7686=CARTESIAN_POINT('',(-0.00035,-0.0008001,-0.00293333333333553));
#7687=CARTESIAN_POINT('',(-0.00035,-0.0008001,-0.00220000000000219));
#7688=CARTESIAN_POINT('',(-0.00035,-0.0008001,-0.00220000000000219));
#7689=CARTESIAN_POINT('',(-0.00035,-0.0008,0.));
#7690=CARTESIAN_POINT('',(-0.00035,-0.0008,-0.00303910256410476));
#7691=CARTESIAN_POINT('',(-0.00035,-0.0008,-0.00293333333333553));
#7692=CARTESIAN_POINT('',(-0.00035,-0.0008001,-0.00303910256410476));
#7693=CARTESIAN_POINT('',(-0.00035,-0.0008001,-0.00293333333333553));
#7694=CARTESIAN_POINT('',(-0.00035,-0.0008001,-0.00293333333333553));
#7695=CARTESIAN_POINT('',(-0.00035,-0.0008,-0.00293333333333553));
#7696=CARTESIAN_POINT('',(0.000516866987179487,-0.0008,-0.00256666666666886));
#7697=CARTESIAN_POINT('',(0.000516866987179487,-0.0008001,-0.00256666666666886));
#7698=CARTESIAN_POINT('',(0.000516866987179487,-0.0008001,-0.00256666666666886));
#7699=CARTESIAN_POINT('',(0.000516866987179487,-0.0008,-0.00256666666666886));
#7700=CARTESIAN_POINT('',(-0.00035,-0.0008,-0.00220000000000219));
#7701=CARTESIAN_POINT('',(-0.00035,-0.0008001,-0.00220000000000219));
#7702=CARTESIAN_POINT('',(-0.00035,-0.0008001,-0.00220000000000219));
#7703=CARTESIAN_POINT('',(-0.00035,-0.0008,-0.00220000000000219));
#7704=CARTESIAN_POINT('',(-0.00035,-0.0008,-0.00209423076923296));
#7705=CARTESIAN_POINT('',(-0.00035,-0.0008001,-0.00209423076923296));
#7706=CARTESIAN_POINT('',(-0.00035,-0.0008001,-0.00209423076923296));
#7707=CARTESIAN_POINT('',(-0.00035,-0.0008,-0.00209423076923296));
#7708=CARTESIAN_POINT('',(0.00075,-0.0008,-0.00255961538461758));
#7709=CARTESIAN_POINT('',(0.00075,-0.0008001,-0.00255961538461758));
#7710=CARTESIAN_POINT('',(0.00075,-0.0008001,-0.00255961538461758));
#7711=CARTESIAN_POINT('',(0.00075,-0.0008,-0.00255961538461758));
#7712=CARTESIAN_POINT('',(0.00075,-0.0008,-0.00257371794872014));
#7713=CARTESIAN_POINT('',(0.00075,-0.0008001,-0.00257371794872014));
#7714=CARTESIAN_POINT('',(0.00075,-0.0008001,-0.00257371794872014));
#7715=CARTESIAN_POINT('',(0.00075,-0.0008,-0.00257371794872014));
#7716=CARTESIAN_POINT('',(-0.00575,-0.0008001,0.0041));
#7717=CARTESIAN_POINT('',(-0.00575,-0.0008001,0.0015));
#7718=CARTESIAN_POINT('',(-0.00525,-0.0008001,0.0015));
#7719=CARTESIAN_POINT('',(-0.00575,-0.0008001,0.0015));
#7720=CARTESIAN_POINT('',(-0.0051,-0.0008001,0.0015));
#7721=CARTESIAN_POINT('',(-0.00575,-0.0008001,0.0041));
#7722=CARTESIAN_POINT('',(-0.00395,-0.0008001,-0.0025));
#7723=CARTESIAN_POINT('',(-0.00245,-0.0008001,-0.0025));
#7724=CARTESIAN_POINT('',(-0.00395,-0.0008001,-0.0025));
#7725=CARTESIAN_POINT('',(-0.0023,-0.0008001,-0.0025));
#7726=CARTESIAN_POINT('',(-0.00575,-0.0008001,0.0041));
#7727=CARTESIAN_POINT('',(-0.00575,-0.0008001,0.0041));
#7728=CARTESIAN_POINT('',(-0.00525,-0.0008001,0.0041));
#7729=CARTESIAN_POINT('',(-0.00575,-0.0008001,0.0041));
#7730=CARTESIAN_POINT('',(-0.0051,-0.0008001,0.0041));
#7731=CARTESIAN_POINT('',(-0.00675,-0.0008,0.0054));
#7732=CARTESIAN_POINT('',(-0.00675,0.0008,0.0054));
#7733=CARTESIAN_POINT('',(0.00675,0.0008,0.0054));
#7734=CARTESIAN_POINT('',(-0.00675,0.0008,0.0054));
#7735=CARTESIAN_POINT('',(-0.00675,-0.0008,0.0054));
#7736=CARTESIAN_POINT('',(-0.00675,-0.0008,0.0054));
#7737=CARTESIAN_POINT('',(-0.00675,-0.0008,0.0054));
#7738=CARTESIAN_POINT('',(0.00675,-0.0008,0.0054));
#7739=CARTESIAN_POINT('',(0.00675,-0.0008,0.0054));
#7740=CARTESIAN_POINT('',(0.00675,-0.0008,0.0054));
#7741=CARTESIAN_POINT('',(0.00675,0.0008,0.0054));
#7742=CARTESIAN_POINT('',(0.00675,0.0008,-0.0054));
#7743=CARTESIAN_POINT('',(0.00675,-0.0008,0.0054));
#7744=CARTESIAN_POINT('',(0.00675,-0.0008,-0.0054));
#7745=CARTESIAN_POINT('',(0.00675,-0.0008,-0.0054));
#7746=CARTESIAN_POINT('',(-0.00675,-0.0008,-0.0054));
#7747=CARTESIAN_POINT('',(-0.00675,0.0008,-0.0054));
#7748=CARTESIAN_POINT('',(-0.00675,0.0008,-0.0054));
#7749=CARTESIAN_POINT('',(-0.00675,-0.0008,-0.0054));
#7750=CARTESIAN_POINT('',(-0.00675,-0.0008,-0.0054));
#7751=CARTESIAN_POINT('',(-0.00675,-0.0008,-0.0054));
#7752=CARTESIAN_POINT('',(-0.00675,-0.0008,0.0054));
#7753=CARTESIAN_POINT('',(-0.00675,0.0008,0.0054));
#7754=CARTESIAN_POINT('',(-0.00675,-0.0008,0.0054));
#7755=CARTESIAN_POINT('',(0.,-0.0008,0.));
#7756=CARTESIAN_POINT('',(-0.00395,-0.0008,-0.0025));
#7757=CARTESIAN_POINT('',(-0.0023,-0.0008,-0.0025));
#7758=CARTESIAN_POINT('',(-0.00575,-0.0008,0.0041));
#7759=CARTESIAN_POINT('',(-0.0051,-0.0008,0.0041));
#7760=CARTESIAN_POINT('',(-0.00575,-0.0008,0.0015));
#7761=CARTESIAN_POINT('',(-0.0051,-0.0008,0.0015));
#7762=CARTESIAN_POINT('',(0.,0.0008,0.));
#7763=CARTESIAN_POINT('',(-0.00575,0.0008,0.0015));
#7764=CARTESIAN_POINT('',(-0.0051,0.0008,0.0015));
#7765=CARTESIAN_POINT('',(-0.00395,0.0008,-0.0025));
#7766=CARTESIAN_POINT('',(-0.0023,0.0008,-0.0025));
#7767=CARTESIAN_POINT('',(-0.00575,0.0008,0.0041));
#7768=CARTESIAN_POINT('',(-0.0051,0.0008,0.0041));
#7769=CARTESIAN_POINT('',(-0.00395,0.0008,-0.0025));
#7770=CARTESIAN_POINT('',(-0.00575,0.0008,0.0015));
#7771=CARTESIAN_POINT('',(-0.00575,0.0008,0.0041));
#7772=CARTESIAN_POINT('',(-0.00575,-0.0008001,0.0041));
#7773=CARTESIAN_POINT('',(-0.00395,0.0008001,-0.0025));
#7774=CARTESIAN_POINT('',(-0.00575,0.0008001,0.0015));
#7775=CARTESIAN_POINT('',(-0.00575,-0.0008001,0.0041));
#7776=CARTESIAN_POINT('',(-0.00395,0.0008001,-0.0025));
#7777=CARTESIAN_POINT('',(-0.00575,0.0008001,0.0015));
#7778=MECHANICAL_DESIGN_GEOMETRIC_PRESENTATION_REPRESENTATION('',(#3672,
#3425,#3426,#3427,#3428,#3429,#3430,#3431,#3432,#3433,#3434,#3435,#3436,
#3437,#3438,#3439,#3440,#3441,#3442,#3443,#3444,#3445,#3446,#3447,#3448,
#3449,#3450,#3451,#3452,#3453,#3454,#3455,#3456,#3457,#3458,#3459,#3460),
#7779);
#7779=(
GEOMETRIC_REPRESENTATION_CONTEXT(3)
GLOBAL_UNCERTAINTY_ASSIGNED_CONTEXT((#7780))
GLOBAL_UNIT_ASSIGNED_CONTEXT((#7783,#7782,#7781))
REPRESENTATION_CONTEXT('GY-VL53LDK','TOP_LEVEL_ASSEMBLY_PART')
);
#7780=UNCERTAINTY_MEASURE_WITH_UNIT(LENGTH_MEASURE(2.E-5),#7783,
'DISTANCE_ACCURACY_VALUE','Maximum Tolerance applied to model');
#7781=(
NAMED_UNIT(*)
SI_UNIT($,.STERADIAN.)
SOLID_ANGLE_UNIT()
);
#7782=(
NAMED_UNIT(*)
PLANE_ANGLE_UNIT()
SI_UNIT($,.RADIAN.)
);
#7783=(
LENGTH_UNIT()
NAMED_UNIT(*)
SI_UNIT($,.METRE.)
);
#7784=PRODUCT_DEFINITION_SHAPE('','',#7785);
#7785=PRODUCT_DEFINITION('','',#7787,#7786);
#7786=PRODUCT_DEFINITION_CONTEXT('',#7793,'design');
#7787=PRODUCT_DEFINITION_FORMATION_WITH_SPECIFIED_SOURCE('','',#7789,
 .NOT_KNOWN.);
#7788=PRODUCT_RELATED_PRODUCT_CATEGORY('','',(#7789));
#7789=PRODUCT('GY-VL53LDK','GY-VL53LDK','GY-VL53LDK',(#7791));
#7790=PRODUCT_CATEGORY('','');
#7791=PRODUCT_CONTEXT('',#7793,'mechanical');
#7792=APPLICATION_PROTOCOL_DEFINITION('international standard',
'ap242_managed_model_based_3d_engineering',2020,#7793);
#7793=APPLICATION_CONTEXT('managed model based 3d engineering');
ENDSEC;
END-ISO-10303-21;
