ISO-10303-21;
HEADER;
/* Generated by software containing ST-Developer
 * from STEP Tools, Inc. (www.steptools.com) 
 */
/* OPTION: using custom renumber hook */

FILE_DESCRIPTION(
/* description */ ('STEP AP242 Edition 2',
'CAx-IF Rec.Pracs.---Representation and Presentation of Product Manufa
cturing Information (PMI)---4.0---2014-10-13',
'CAx-IF Rec.Pracs.---3D Tessellated Geometry---0.4---2014-09-14','2;1',
'CAx-IF Rec.Pracs.---User Defined Attributes---1.5---2016-08-15'),
/* implementation_level */ '2;1');

FILE_NAME(
/* name */ '6a39362389f368f22045a7ca',
/* time_stamp */ '2026-06-22T13:18:28Z',
/* author */ (''),
/* organization */ (''),
/* preprocessor_version */ 'ST-DEVELOPER v20',
/* originating_system */ 'ONSHAPE BY PTC INC, 1.216',
/* authorisation */ '  ');

FILE_SCHEMA (('AP242_MANAGED_MODEL_BASED_3D_ENGINEERING_MIM_LF { 1 0 10303 442 3 1 4 }'));
ENDSEC;

DATA;
#10=SPHERICAL_SURFACE('',#7563,5.08E-5);
#11=SPHERICAL_SURFACE('',#7566,5.08E-5);
#12=SPHERICAL_SURFACE('',#7568,5.08E-5);
#13=SPHERICAL_SURFACE('',#7581,5.08E-5);
#14=SPHERICAL_SURFACE('',#7586,5.08E-5);
#15=SPHERICAL_SURFACE('',#7601,5.08E-5);
#16=SPHERICAL_SURFACE('',#7640,5.08E-5);
#17=SPHERICAL_SURFACE('',#7643,5.08E-5);
#18=SPHERICAL_SURFACE('',#7667,5.08E-5);
#19=SPHERICAL_SURFACE('',#7674,5.08E-5);
#20=SPHERICAL_SURFACE('',#7680,5.08E-5);
#21=SPHERICAL_SURFACE('',#7703,5.08E-5);
#22=SPHERICAL_SURFACE('',#7706,5.08E-5);
#23=SPHERICAL_SURFACE('',#7708,5.08E-5);
#24=SPHERICAL_SURFACE('',#7711,5.08E-5);
#25=SPHERICAL_SURFACE('',#7713,5.08E-5);
#26=SPHERICAL_SURFACE('',#7748,5.08E-5);
#27=SPHERICAL_SURFACE('',#7779,5.08E-5);
#28=SPHERICAL_SURFACE('',#7781,5.08E-5);
#29=SPHERICAL_SURFACE('',#7790,5.08E-5);
#30=SPHERICAL_SURFACE('',#7812,5.08E-5);
#31=SPHERICAL_SURFACE('',#7815,5.08E-5);
#32=SPHERICAL_SURFACE('',#7816,5.08E-5);
#33=SPHERICAL_SURFACE('',#7847,5.08E-5);
#34=ELLIPSE('',#7485,5.13025301347203E-5,5.11049764101163E-5);
#35=ELLIPSE('',#7516,5.13025301180287E-5,5.11049763930678E-5);
#36=ELLIPSE('',#7609,0.000406735557218002,0.0002300957072808);
#37=ELLIPSE('',#7810,0.000406735561341292,0.00023009570846557);
#38=ELLIPSE('',#7930,5.13077450065794E-5,5.11103459159561E-5);
#39=ELLIPSE('',#7931,0.000406735520363835,0.000230095696747917);
#40=ELLIPSE('',#7945,5.13077459892636E-5,5.11103469007071E-5);
#41=ELLIPSE('',#7946,0.000406735571167201,0.000230095711269325);
#42=DRAUGHTING_PRE_DEFINED_COLOUR('white');
#43=CONICAL_SURFACE('',#7347,0.0135537477082164,0.163563181067571);
#44=CONICAL_SURFACE('',#7351,0.0119715742360496,0.210109931154276);
#45=CONICAL_SURFACE('',#7864,0.0017145,0.0349065850398866);
#46=DEGENERATE_TOROIDAL_SURFACE('',#7345,0.00385649333739738,0.00979756091999665,
 .T.);
#47=DEGENERATE_TOROIDAL_SURFACE('',#7353,0.00385649333739738,0.00829756091999675,
 .T.);
#48=DEGENERATE_TOROIDAL_SURFACE('',#7362,0.00230270713318515,0.0155154899332562,
 .T.);
#49=TOROIDAL_SURFACE('',#7336,0.0095,0.002);
#50=TOROIDAL_SURFACE('',#7518,5.08E-5,5.08E-5);
#51=TOROIDAL_SURFACE('',#7527,5.08E-5,5.08E-5);
#52=TOROIDAL_SURFACE('',#7531,5.08E-5,5.08E-5);
#53=TOROIDAL_SURFACE('',#7539,5.08E-5,5.08E-5);
#54=TOROIDAL_SURFACE('',#7542,7.62E-5,5.08E-5);
#55=TOROIDAL_SURFACE('',#7549,0.0001016,5.08E-5);
#56=TOROIDAL_SURFACE('',#7584,0.0001016,5.08E-5);
#57=TOROIDAL_SURFACE('',#7597,0.0001016,5.08E-5);
#58=TOROIDAL_SURFACE('',#7604,0.0001016,5.08E-5);
#59=TOROIDAL_SURFACE('',#7608,0.0001016,5.08E-5);
#60=TOROIDAL_SURFACE('',#7629,0.0001016,5.08E-5);
#61=TOROIDAL_SURFACE('',#7633,0.0001016,5.08E-5);
#62=TOROIDAL_SURFACE('',#7636,0.0001016,5.08E-5);
#63=TOROIDAL_SURFACE('',#7645,7.62E-5,5.08E-5);
#64=TOROIDAL_SURFACE('',#7670,0.0001016,5.08E-5);
#65=TOROIDAL_SURFACE('',#7676,0.0001016,5.08E-5);
#66=TOROIDAL_SURFACE('',#7683,0.0001016,5.08E-5);
#67=TOROIDAL_SURFACE('',#7715,0.0001016,5.08E-5);
#68=TOROIDAL_SURFACE('',#7737,0.0001016,5.08E-5);
#69=TOROIDAL_SURFACE('',#7741,0.0001016,5.08E-5);
#70=TOROIDAL_SURFACE('',#7745,0.0001016,5.08E-5);
#71=TOROIDAL_SURFACE('',#7751,0.0001016,5.08E-5);
#72=TOROIDAL_SURFACE('',#7753,0.0001016,5.08E-5);
#73=TOROIDAL_SURFACE('',#7775,7.62E-5,5.08E-5);
#74=TOROIDAL_SURFACE('',#7784,0.0001016,5.08E-5);
#75=TOROIDAL_SURFACE('',#7787,0.0001016,5.08E-5);
#76=TOROIDAL_SURFACE('',#7809,0.0001016,5.08E-5);
#77=TOROIDAL_SURFACE('',#7827,0.0001016,5.08E-5);
#78=TOROIDAL_SURFACE('',#7830,0.0001016,5.08E-5);
#79=TOROIDAL_SURFACE('',#7843,7.62E-5,5.08E-5);
#80=TOROIDAL_SURFACE('',#7848,0.00154750814834498,0.000127);
#81=TOROIDAL_SURFACE('',#7851,0.0004191,0.000127);
#82=TOROIDAL_SURFACE('',#7854,0.0004191,0.000127);
#83=TOROIDAL_SURFACE('',#7857,0.0004191,0.000127);
#84=TOROIDAL_SURFACE('',#7860,0.0004191,0.000127);
#85=TOROIDAL_SURFACE('',#7929,0.0001016,5.08E-5);
#86=TOROIDAL_SURFACE('',#7944,0.0001016,5.08E-5);
#87=CONTEXT_DEPENDENT_SHAPE_REPRESENTATION(#115,#12386);
#88=CONTEXT_DEPENDENT_SHAPE_REPRESENTATION(#116,#12389);
#89=CONTEXT_DEPENDENT_SHAPE_REPRESENTATION(#117,#12391);
#90=CONTEXT_DEPENDENT_SHAPE_REPRESENTATION(#118,#12393);
#91=CONTEXT_DEPENDENT_SHAPE_REPRESENTATION(#119,#12395);
#92=CONTEXT_DEPENDENT_SHAPE_REPRESENTATION(#120,#12397);
#93=CONTEXT_DEPENDENT_SHAPE_REPRESENTATION(#121,#12399);
#94=CONTEXT_DEPENDENT_SHAPE_REPRESENTATION(#122,#12400);
#95=CONTEXT_DEPENDENT_SHAPE_REPRESENTATION(#123,#12402);
#96=CONTEXT_DEPENDENT_SHAPE_REPRESENTATION(#124,#12403);
#97=CONTEXT_DEPENDENT_SHAPE_REPRESENTATION(#125,#12404);
#98=CONTEXT_DEPENDENT_SHAPE_REPRESENTATION(#126,#12406);
#99=CONTEXT_DEPENDENT_SHAPE_REPRESENTATION(#127,#12407);
#100=CONTEXT_DEPENDENT_SHAPE_REPRESENTATION(#128,#12408);
#101=NEXT_ASSEMBLY_USAGE_OCCURRENCE('NAUO1','Solid1','Solid1',#12409,#12410,
'');
#102=NEXT_ASSEMBLY_USAGE_OCCURRENCE('NAUO2','Solid1','Solid1',#12411,#12412,
'');
#103=NEXT_ASSEMBLY_USAGE_OCCURRENCE('NAUO3','Solid4','Solid4',#12411,#12413,
'');
#104=NEXT_ASSEMBLY_USAGE_OCCURRENCE('NAUO4','Solid2','Solid2',#12411,#12414,
'');
#105=NEXT_ASSEMBLY_USAGE_OCCURRENCE('NAUO5','Solid3','Solid3',#12411,#12415,
'');
#106=NEXT_ASSEMBLY_USAGE_OCCURRENCE('NAUO6','Solid1','Solid1',#12411,#12416,
'');
#107=NEXT_ASSEMBLY_USAGE_OCCURRENCE('NAUO7','Solid2','Solid2',#12411,#12417,
'');
#108=NEXT_ASSEMBLY_USAGE_OCCURRENCE('NAUO8','Solid4','Solid4',#12411,#12413,
'');
#109=NEXT_ASSEMBLY_USAGE_OCCURRENCE('NAUO9','Solid1','Solid1',#12411,#12418,
'');
#110=NEXT_ASSEMBLY_USAGE_OCCURRENCE('NAUO10','Solid2','Solid2',#12411,#12417,
'');
#111=NEXT_ASSEMBLY_USAGE_OCCURRENCE('NAUO11','Solid3','Solid3',#12411,#12415,
'');
#112=NEXT_ASSEMBLY_USAGE_OCCURRENCE('NAUO12','Solid1','Solid1',#12411,#12419,
'');
#113=NEXT_ASSEMBLY_USAGE_OCCURRENCE('NAUO13','Solid1','Solid1',#12411,#12418,
'');
#114=NEXT_ASSEMBLY_USAGE_OCCURRENCE('NAUO14','Thumb Joystick <1>',
'Thumb Joystick <1>',#12409,#12411,'');
#115=(
REPRESENTATION_RELATIONSHIP(' ',' ',#7248,#7247)
REPRESENTATION_RELATIONSHIP_WITH_TRANSFORMATION(#129)
SHAPE_REPRESENTATION_RELATIONSHIP()
);
#116=(
REPRESENTATION_RELATIONSHIP(' ',' ',#7250,#7249)
REPRESENTATION_RELATIONSHIP_WITH_TRANSFORMATION(#130)
SHAPE_REPRESENTATION_RELATIONSHIP()
);
#117=(
REPRESENTATION_RELATIONSHIP(' ',' ',#7251,#7249)
REPRESENTATION_RELATIONSHIP_WITH_TRANSFORMATION(#131)
SHAPE_REPRESENTATION_RELATIONSHIP()
);
#118=(
REPRESENTATION_RELATIONSHIP(' ',' ',#7252,#7249)
REPRESENTATION_RELATIONSHIP_WITH_TRANSFORMATION(#132)
SHAPE_REPRESENTATION_RELATIONSHIP()
);
#119=(
REPRESENTATION_RELATIONSHIP(' ',' ',#7253,#7249)
REPRESENTATION_RELATIONSHIP_WITH_TRANSFORMATION(#133)
SHAPE_REPRESENTATION_RELATIONSHIP()
);
#120=(
REPRESENTATION_RELATIONSHIP(' ',' ',#7254,#7249)
REPRESENTATION_RELATIONSHIP_WITH_TRANSFORMATION(#134)
SHAPE_REPRESENTATION_RELATIONSHIP()
);
#121=(
REPRESENTATION_RELATIONSHIP(' ',' ',#7255,#7249)
REPRESENTATION_RELATIONSHIP_WITH_TRANSFORMATION(#135)
SHAPE_REPRESENTATION_RELATIONSHIP()
);
#122=(
REPRESENTATION_RELATIONSHIP(' ',' ',#7251,#7249)
REPRESENTATION_RELATIONSHIP_WITH_TRANSFORMATION(#136)
SHAPE_REPRESENTATION_RELATIONSHIP()
);
#123=(
REPRESENTATION_RELATIONSHIP(' ',' ',#7256,#7249)
REPRESENTATION_RELATIONSHIP_WITH_TRANSFORMATION(#137)
SHAPE_REPRESENTATION_RELATIONSHIP()
);
#124=(
REPRESENTATION_RELATIONSHIP(' ',' ',#7255,#7249)
REPRESENTATION_RELATIONSHIP_WITH_TRANSFORMATION(#138)
SHAPE_REPRESENTATION_RELATIONSHIP()
);
#125=(
REPRESENTATION_RELATIONSHIP(' ',' ',#7253,#7249)
REPRESENTATION_RELATIONSHIP_WITH_TRANSFORMATION(#139)
SHAPE_REPRESENTATION_RELATIONSHIP()
);
#126=(
REPRESENTATION_RELATIONSHIP(' ',' ',#7257,#7249)
REPRESENTATION_RELATIONSHIP_WITH_TRANSFORMATION(#140)
SHAPE_REPRESENTATION_RELATIONSHIP()
);
#127=(
REPRESENTATION_RELATIONSHIP(' ',' ',#7256,#7249)
REPRESENTATION_RELATIONSHIP_WITH_TRANSFORMATION(#141)
SHAPE_REPRESENTATION_RELATIONSHIP()
);
#128=(
REPRESENTATION_RELATIONSHIP(' ',' ',#7249,#7247)
REPRESENTATION_RELATIONSHIP_WITH_TRANSFORMATION(#142)
SHAPE_REPRESENTATION_RELATIONSHIP()
);
#129=ITEM_DEFINED_TRANSFORMATION(' ',' ',#7258,#7335);
#130=ITEM_DEFINED_TRANSFORMATION(' ',' ',#7258,#7363);
#131=ITEM_DEFINED_TRANSFORMATION(' ',' ',#7258,#7370);
#132=ITEM_DEFINED_TRANSFORMATION(' ',' ',#7258,#7402);
#133=ITEM_DEFINED_TRANSFORMATION(' ',' ',#7258,#7409);
#134=ITEM_DEFINED_TRANSFORMATION(' ',' ',#7258,#7420);
#135=ITEM_DEFINED_TRANSFORMATION(' ',' ',#7258,#7427);
#136=ITEM_DEFINED_TRANSFORMATION(' ',' ',#7258,#7428);
#137=ITEM_DEFINED_TRANSFORMATION(' ',' ',#7258,#7475);
#138=ITEM_DEFINED_TRANSFORMATION(' ',' ',#7258,#7476);
#139=ITEM_DEFINED_TRANSFORMATION(' ',' ',#7258,#7477);
#140=ITEM_DEFINED_TRANSFORMATION(' ',' ',#7258,#7955);
#141=ITEM_DEFINED_TRANSFORMATION(' ',' ',#7258,#7956);
#142=ITEM_DEFINED_TRANSFORMATION(' ',' ',#7258,#7957);
#143=SHAPE_REPRESENTATION_RELATIONSHIP('','',#7248,#152);
#144=SHAPE_REPRESENTATION_RELATIONSHIP('','',#7250,#153);
#145=SHAPE_REPRESENTATION_RELATIONSHIP('','',#7251,#154);
#146=SHAPE_REPRESENTATION_RELATIONSHIP('','',#7252,#155);
#147=SHAPE_REPRESENTATION_RELATIONSHIP('','',#7253,#156);
#148=SHAPE_REPRESENTATION_RELATIONSHIP('','',#7254,#157);
#149=SHAPE_REPRESENTATION_RELATIONSHIP('','',#7255,#158);
#150=SHAPE_REPRESENTATION_RELATIONSHIP('','',#7256,#159);
#151=SHAPE_REPRESENTATION_RELATIONSHIP('','',#7257,#160);
#152=ADVANCED_BREP_SHAPE_REPRESENTATION('',(#7227),#12360);
#153=ADVANCED_BREP_SHAPE_REPRESENTATION('',(#7228),#12362);
#154=ADVANCED_BREP_SHAPE_REPRESENTATION('',(#7229),#12363);
#155=ADVANCED_BREP_SHAPE_REPRESENTATION('',(#7230),#12364);
#156=ADVANCED_BREP_SHAPE_REPRESENTATION('',(#7231),#12365);
#157=ADVANCED_BREP_SHAPE_REPRESENTATION('',(#7232),#12366);
#158=ADVANCED_BREP_SHAPE_REPRESENTATION('',(#7233),#12367);
#159=ADVANCED_BREP_SHAPE_REPRESENTATION('',(#7234),#12368);
#160=ADVANCED_BREP_SHAPE_REPRESENTATION('',(#7235),#12369);
#161=CIRCLE('',#7308,0.001575);
#162=CIRCLE('',#7309,0.001575);
#163=CIRCLE('',#7311,0.001575);
#164=CIRCLE('',#7312,0.001575);
#165=CIRCLE('',#7314,0.001575);
#166=CIRCLE('',#7315,0.001575);
#167=CIRCLE('',#7317,0.001575);
#168=CIRCLE('',#7318,0.001575);
#169=CIRCLE('',#7337,0.0115);
#170=CIRCLE('',#7338,0.0105650435762754);
#171=CIRCLE('',#7340,0.0115);
#172=CIRCLE('',#7342,0.005);
#173=CIRCLE('',#7344,0.005);
#174=CIRCLE('',#7346,0.0135);
#175=CIRCLE('',#7348,0.0135537477082164);
#176=CIRCLE('',#7350,0.0120410256698465);
#177=CIRCLE('',#7352,0.0119715742360496);
#178=CIRCLE('',#7354,0.00882212376583158);
#179=CIRCLE('',#7356,0.00161377989283939);
#180=CIRCLE('',#7358,0.00161377989283939);
#181=CIRCLE('',#7361,0.00149999999999958);
#182=CIRCLE('',#7430,0.00225);
#183=CIRCLE('',#7432,0.00225);
#184=CIRCLE('',#7434,0.0045);
#185=CIRCLE('',#7435,0.003);
#186=CIRCLE('',#7438,0.003);
#187=CIRCLE('',#7441,0.0045);
#188=CIRCLE('',#7443,0.0045);
#189=CIRCLE('',#7444,0.003);
#190=CIRCLE('',#7447,0.003);
#191=CIRCLE('',#7450,0.0045);
#192=CIRCLE('',#7452,0.003);
#193=CIRCLE('',#7453,0.0045);
#194=CIRCLE('',#7456,0.0045);
#195=CIRCLE('',#7459,0.003);
#196=CIRCLE('',#7461,0.003);
#197=CIRCLE('',#7462,0.0045);
#198=CIRCLE('',#7465,0.0045);
#199=CIRCLE('',#7468,0.003);
#200=CIRCLE('',#7480,0.000231839882745635);
#201=CIRCLE('',#7481,0.000231839882745635);
#202=CIRCLE('',#7484,0.0005588);
#203=CIRCLE('',#7487,5.08E-5);
#204=CIRCLE('',#7488,0.0005588);
#205=CIRCLE('',#7492,0.000231839882745635);
#206=CIRCLE('',#7493,0.000231839882745635);
#207=CIRCLE('',#7496,0.0005588);
#208=CIRCLE('',#7497,0.0005588);
#209=CIRCLE('',#7500,0.000231839882745635);
#210=CIRCLE('',#7501,0.000231839882745635);
#211=CIRCLE('',#7504,0.0005588);
#212=CIRCLE('',#7505,0.0005588);
#213=CIRCLE('',#7508,0.000231839882745635);
#214=CIRCLE('',#7509,0.000231839882745635);
#215=CIRCLE('',#7512,5.08E-5);
#216=CIRCLE('',#7513,0.0005588);
#217=CIRCLE('',#7515,0.0005588);
#218=CIRCLE('',#7519,5.08E-5);
#219=CIRCLE('',#7520,5.08E-5);
#220=CIRCLE('',#7521,5.08E-5);
#221=CIRCLE('',#7522,0.0001016);
#222=CIRCLE('',#7524,5.08E-5);
#223=CIRCLE('',#7526,5.08E-5);
#224=CIRCLE('',#7528,5.08E-5);
#225=CIRCLE('',#7529,0.0001016);
#226=CIRCLE('',#7530,5.08E-5);
#227=CIRCLE('',#7532,5.08E-5);
#228=CIRCLE('',#7533,5.08E-5);
#229=CIRCLE('',#7534,0.0001016);
#230=CIRCLE('',#7536,5.08E-5);
#231=CIRCLE('',#7538,5.08E-5);
#232=CIRCLE('',#7540,5.08E-5);
#233=CIRCLE('',#7541,0.0001016);
#234=CIRCLE('',#7543,5.08E-5);
#235=CIRCLE('',#7544,0.000127);
#236=CIRCLE('',#7545,5.08E-5);
#237=CIRCLE('',#7546,7.62E-5);
#238=CIRCLE('',#7548,5.08E-5);
#239=CIRCLE('',#7550,5.08E-5);
#240=CIRCLE('',#7551,5.08E-5);
#241=CIRCLE('',#7552,0.0001016);
#242=CIRCLE('',#7554,5.08E-5);
#243=CIRCLE('',#7556,5.08E-5);
#244=CIRCLE('',#7558,5.08E-5);
#245=CIRCLE('',#7559,5.08E-5);
#246=CIRCLE('',#7561,5.08E-5);
#247=CIRCLE('',#7562,5.08E-5);
#248=CIRCLE('',#7564,5.08E-5);
#249=CIRCLE('',#7565,5.08E-5);
#250=CIRCLE('',#7567,5.08E-5);
#251=CIRCLE('',#7569,5.08E-5);
#252=CIRCLE('',#7570,5.08E-5);
#253=CIRCLE('',#7572,5.08E-5);
#254=CIRCLE('',#7574,5.08E-5);
#255=CIRCLE('',#7576,5.08E-5);
#256=CIRCLE('',#7578,5.08E-5);
#257=CIRCLE('',#7580,5.08E-5);
#258=CIRCLE('',#7582,5.08E-5);
#259=CIRCLE('',#7583,5.08E-5);
#260=CIRCLE('',#7585,0.0001016);
#261=CIRCLE('',#7587,5.08E-5);
#262=CIRCLE('',#7588,5.08E-5);
#263=CIRCLE('',#7590,5.08E-5);
#264=CIRCLE('',#7592,5.08E-5);
#265=CIRCLE('',#7594,5.08E-5);
#266=CIRCLE('',#7596,5.08E-5);
#267=CIRCLE('',#7598,5.08E-5);
#268=CIRCLE('',#7599,5.08E-5);
#269=CIRCLE('',#7600,0.0001016);
#270=CIRCLE('',#7602,5.08E-5);
#271=CIRCLE('',#7603,5.08E-5);
#272=CIRCLE('',#7605,5.08E-5);
#273=CIRCLE('',#7606,5.08E-5);
#274=CIRCLE('',#7607,0.0001016);
#275=CIRCLE('',#7610,0.0001016);
#276=CIRCLE('',#7611,5.08E-5);
#277=CIRCLE('',#7612,5.08E-5);
#278=CIRCLE('',#7614,5.08E-5);
#279=CIRCLE('',#7616,5.08E-5);
#280=CIRCLE('',#7618,5.08E-5);
#281=CIRCLE('',#7620,5.08E-5);
#282=CIRCLE('',#7622,5.08E-5);
#283=CIRCLE('',#7624,5.08E-5);
#284=CIRCLE('',#7626,5.08E-5);
#285=CIRCLE('',#7628,5.08E-5);
#286=CIRCLE('',#7630,5.08E-5);
#287=CIRCLE('',#7631,5.08E-5);
#288=CIRCLE('',#7632,0.0001016);
#289=CIRCLE('',#7634,0.0001016);
#290=CIRCLE('',#7635,5.08E-5);
#291=CIRCLE('',#7637,5.08E-5);
#292=CIRCLE('',#7638,0.0001016);
#293=CIRCLE('',#7639,5.08E-5);
#294=CIRCLE('',#7641,5.08E-5);
#295=CIRCLE('',#7642,5.08E-5);
#296=CIRCLE('',#7644,5.08E-5);
#297=CIRCLE('',#7646,5.08E-5);
#298=CIRCLE('',#7647,0.000127);
#299=CIRCLE('',#7648,7.62E-5);
#300=CIRCLE('',#7650,5.08E-5);
#301=CIRCLE('',#7652,5.08E-5);
#302=CIRCLE('',#7654,5.08E-5);
#303=CIRCLE('',#7656,5.08E-5);
#304=CIRCLE('',#7658,5.08E-5);
#305=CIRCLE('',#7660,5.08E-5);
#306=CIRCLE('',#7662,5.08E-5);
#307=CIRCLE('',#7664,5.08E-5);
#308=CIRCLE('',#7666,5.08E-5);
#309=CIRCLE('',#7668,5.08E-5);
#310=CIRCLE('',#7669,5.08E-5);
#311=CIRCLE('',#7671,5.08E-5);
#312=CIRCLE('',#7672,0.0001016);
#313=CIRCLE('',#7673,5.08E-5);
#314=CIRCLE('',#7675,5.08E-5);
#315=CIRCLE('',#7677,5.08E-5);
#316=CIRCLE('',#7678,0.0001016);
#317=CIRCLE('',#7679,5.08E-5);
#318=CIRCLE('',#7681,5.08E-5);
#319=CIRCLE('',#7682,5.08E-5);
#320=CIRCLE('',#7684,0.0001016);
#321=CIRCLE('',#7686,5.08E-5);
#322=CIRCLE('',#7688,5.08E-5);
#323=CIRCLE('',#7690,5.08E-5);
#324=CIRCLE('',#7692,5.08E-5);
#325=CIRCLE('',#7694,5.08E-5);
#326=CIRCLE('',#7696,5.08E-5);
#327=CIRCLE('',#7698,5.08E-5);
#328=CIRCLE('',#7700,5.08E-5);
#329=CIRCLE('',#7702,5.08E-5);
#330=CIRCLE('',#7704,5.08E-5);
#331=CIRCLE('',#7705,5.08E-5);
#332=CIRCLE('',#7707,5.08E-5);
#333=CIRCLE('',#7709,5.08E-5);
#334=CIRCLE('',#7710,5.08E-5);
#335=CIRCLE('',#7712,5.08E-5);
#336=CIRCLE('',#7714,5.08E-5);
#337=CIRCLE('',#7716,5.08E-5);
#338=CIRCLE('',#7717,0.0001016);
#339=CIRCLE('',#7718,5.08E-5);
#340=CIRCLE('',#7720,5.08E-5);
#341=CIRCLE('',#7722,5.08E-5);
#342=CIRCLE('',#7724,5.08E-5);
#343=CIRCLE('',#7726,5.08E-5);
#344=CIRCLE('',#7728,5.08E-5);
#345=CIRCLE('',#7730,5.08E-5);
#346=CIRCLE('',#7732,5.08E-5);
#347=CIRCLE('',#7734,5.08E-5);
#348=CIRCLE('',#7736,5.08E-5);
#349=CIRCLE('',#7738,5.08E-5);
#350=CIRCLE('',#7739,5.08E-5);
#351=CIRCLE('',#7740,0.0001016);
#352=CIRCLE('',#7742,5.08E-5);
#353=CIRCLE('',#7743,0.0001016);
#354=CIRCLE('',#7744,5.08E-5);
#355=CIRCLE('',#7746,0.0001016);
#356=CIRCLE('',#7747,5.08E-5);
#357=CIRCLE('',#7749,5.08E-5);
#358=CIRCLE('',#7750,5.08E-5);
#359=CIRCLE('',#7752,0.0001016);
#360=CIRCLE('',#7754,5.08E-5);
#361=CIRCLE('',#7755,0.0001016);
#362=CIRCLE('',#7756,5.08E-5);
#363=CIRCLE('',#7758,5.08E-5);
#364=CIRCLE('',#7760,5.08E-5);
#365=CIRCLE('',#7762,5.08E-5);
#366=CIRCLE('',#7764,5.08E-5);
#367=CIRCLE('',#7766,5.08E-5);
#368=CIRCLE('',#7768,5.08E-5);
#369=CIRCLE('',#7770,5.08E-5);
#370=CIRCLE('',#7772,5.08E-5);
#371=CIRCLE('',#7774,5.08E-5);
#372=CIRCLE('',#7776,5.08E-5);
#373=CIRCLE('',#7777,7.62E-5);
#374=CIRCLE('',#7778,0.000127);
#375=CIRCLE('',#7780,5.08E-5);
#376=CIRCLE('',#7782,5.08E-5);
#377=CIRCLE('',#7783,5.08E-5);
#378=CIRCLE('',#7785,0.0001016);
#379=CIRCLE('',#7786,5.08E-5);
#380=CIRCLE('',#7788,5.08E-5);
#381=CIRCLE('',#7789,0.0001016);
#382=CIRCLE('',#7791,5.08E-5);
#383=CIRCLE('',#7792,5.08E-5);
#384=CIRCLE('',#7794,5.08E-5);
#385=CIRCLE('',#7796,5.08E-5);
#386=CIRCLE('',#7798,5.08E-5);
#387=CIRCLE('',#7800,5.08E-5);
#388=CIRCLE('',#7802,5.08E-5);
#389=CIRCLE('',#7804,5.08E-5);
#390=CIRCLE('',#7806,5.08E-5);
#391=CIRCLE('',#7808,5.08E-5);
#392=CIRCLE('',#7811,0.0001016);
#393=CIRCLE('',#7813,5.08E-5);
#394=CIRCLE('',#7814,5.08E-5);
#395=CIRCLE('',#7817,5.08E-5);
#396=CIRCLE('',#7818,5.08E-5);
#397=CIRCLE('',#7820,5.08E-5);
#398=CIRCLE('',#7822,5.08E-5);
#399=CIRCLE('',#7824,5.08E-5);
#400=CIRCLE('',#7826,5.08E-5);
#401=CIRCLE('',#7828,5.08E-5);
#402=CIRCLE('',#7829,0.0001016);
#403=CIRCLE('',#7831,5.08E-5);
#404=CIRCLE('',#7832,0.0001016);
#405=CIRCLE('',#7833,5.08E-5);
#406=CIRCLE('',#7835,5.08E-5);
#407=CIRCLE('',#7836,5.08E-5);
#408=CIRCLE('',#7838,5.08E-5);
#409=CIRCLE('',#7840,5.08E-5);
#410=CIRCLE('',#7842,5.08E-5);
#411=CIRCLE('',#7844,5.08E-5);
#412=CIRCLE('',#7845,0.000127);
#413=CIRCLE('',#7846,7.62E-5);
#414=CIRCLE('',#7849,0.00154750814834498);
#415=CIRCLE('',#7850,0.00167443078337641);
#416=CIRCLE('',#7852,0.0004191);
#417=CIRCLE('',#7853,0.0005461);
#418=CIRCLE('',#7855,0.0004191);
#419=CIRCLE('',#7856,0.0005461);
#420=CIRCLE('',#7858,0.0004191);
#421=CIRCLE('',#7859,0.0005461);
#422=CIRCLE('',#7861,0.0004191);
#423=CIRCLE('',#7862,0.0005461);
#424=CIRCLE('',#7865,0.0017145);
#425=CIRCLE('',#7868,0.0005461);
#426=CIRCLE('',#7871,0.0005461);
#427=CIRCLE('',#7874,0.0005461);
#428=CIRCLE('',#7877,0.0005461);
#429=CIRCLE('',#7898,0.0001016);
#430=CIRCLE('',#7901,0.0001016);
#431=CIRCLE('',#7904,0.0001016);
#432=CIRCLE('',#7907,0.0001016);
#433=CIRCLE('',#7909,0.000127);
#434=CIRCLE('',#7911,0.000127);
#435=CIRCLE('',#7913,0.000127);
#436=CIRCLE('',#7915,0.000127);
#437=CIRCLE('',#7932,5.08E-5);
#438=CIRCLE('',#7933,0.0001016);
#439=CIRCLE('',#7935,5.08E-5);
#440=CIRCLE('',#7942,5.08E-5);
#441=CIRCLE('',#7943,5.08E-5);
#442=CIRCLE('',#7947,0.0001016);
#443=CYLINDRICAL_SURFACE('',#7307,0.001575);
#444=CYLINDRICAL_SURFACE('',#7310,0.001575);
#445=CYLINDRICAL_SURFACE('',#7313,0.001575);
#446=CYLINDRICAL_SURFACE('',#7316,0.001575);
#447=CYLINDRICAL_SURFACE('',#7339,0.0115);
#448=CYLINDRICAL_SURFACE('',#7343,0.005);
#449=CYLINDRICAL_SURFACE('',#7357,0.00161377989283939);
#450=CYLINDRICAL_SURFACE('',#7431,0.00225);
#451=CYLINDRICAL_SURFACE('',#7437,0.003);
#452=CYLINDRICAL_SURFACE('',#7440,0.0045);
#453=CYLINDRICAL_SURFACE('',#7446,0.003);
#454=CYLINDRICAL_SURFACE('',#7449,0.0045);
#455=CYLINDRICAL_SURFACE('',#7455,0.0045);
#456=CYLINDRICAL_SURFACE('',#7458,0.003);
#457=CYLINDRICAL_SURFACE('',#7464,0.0045);
#458=CYLINDRICAL_SURFACE('',#7467,0.003);
#459=CYLINDRICAL_SURFACE('',#7479,0.000231839882745635);
#460=CYLINDRICAL_SURFACE('',#7489,0.0005588);
#461=CYLINDRICAL_SURFACE('',#7491,0.000231839882745635);
#462=CYLINDRICAL_SURFACE('',#7495,0.0005588);
#463=CYLINDRICAL_SURFACE('',#7499,0.000231839882745635);
#464=CYLINDRICAL_SURFACE('',#7503,0.0005588);
#465=CYLINDRICAL_SURFACE('',#7507,0.000231839882745635);
#466=CYLINDRICAL_SURFACE('',#7517,0.0005588);
#467=CYLINDRICAL_SURFACE('',#7523,5.08E-5);
#468=CYLINDRICAL_SURFACE('',#7525,5.08E-5);
#469=CYLINDRICAL_SURFACE('',#7535,5.08E-5);
#470=CYLINDRICAL_SURFACE('',#7537,5.08E-5);
#471=CYLINDRICAL_SURFACE('',#7547,5.08E-5);
#472=CYLINDRICAL_SURFACE('',#7553,5.08E-5);
#473=CYLINDRICAL_SURFACE('',#7555,5.08E-5);
#474=CYLINDRICAL_SURFACE('',#7557,5.08E-5);
#475=CYLINDRICAL_SURFACE('',#7560,5.08E-5);
#476=CYLINDRICAL_SURFACE('',#7571,5.08E-5);
#477=CYLINDRICAL_SURFACE('',#7573,5.08E-5);
#478=CYLINDRICAL_SURFACE('',#7575,5.08E-5);
#479=CYLINDRICAL_SURFACE('',#7577,5.08E-5);
#480=CYLINDRICAL_SURFACE('',#7579,5.08E-5);
#481=CYLINDRICAL_SURFACE('',#7589,5.08E-5);
#482=CYLINDRICAL_SURFACE('',#7591,5.08E-5);
#483=CYLINDRICAL_SURFACE('',#7593,5.08E-5);
#484=CYLINDRICAL_SURFACE('',#7595,5.08E-5);
#485=CYLINDRICAL_SURFACE('',#7613,5.08E-5);
#486=CYLINDRICAL_SURFACE('',#7615,5.08E-5);
#487=CYLINDRICAL_SURFACE('',#7617,5.08E-5);
#488=CYLINDRICAL_SURFACE('',#7619,5.08E-5);
#489=CYLINDRICAL_SURFACE('',#7621,5.08E-5);
#490=CYLINDRICAL_SURFACE('',#7623,5.08E-5);
#491=CYLINDRICAL_SURFACE('',#7625,5.08E-5);
#492=CYLINDRICAL_SURFACE('',#7627,5.08E-5);
#493=CYLINDRICAL_SURFACE('',#7649,5.08E-5);
#494=CYLINDRICAL_SURFACE('',#7651,5.08E-5);
#495=CYLINDRICAL_SURFACE('',#7653,5.08E-5);
#496=CYLINDRICAL_SURFACE('',#7655,5.08E-5);
#497=CYLINDRICAL_SURFACE('',#7657,5.08E-5);
#498=CYLINDRICAL_SURFACE('',#7659,5.08E-5);
#499=CYLINDRICAL_SURFACE('',#7661,5.08E-5);
#500=CYLINDRICAL_SURFACE('',#7663,5.08E-5);
#501=CYLINDRICAL_SURFACE('',#7665,5.08E-5);
#502=CYLINDRICAL_SURFACE('',#7685,5.08E-5);
#503=CYLINDRICAL_SURFACE('',#7687,5.08E-5);
#504=CYLINDRICAL_SURFACE('',#7689,5.08E-5);
#505=CYLINDRICAL_SURFACE('',#7691,5.08E-5);
#506=CYLINDRICAL_SURFACE('',#7693,5.08E-5);
#507=CYLINDRICAL_SURFACE('',#7695,5.08E-5);
#508=CYLINDRICAL_SURFACE('',#7697,5.08E-5);
#509=CYLINDRICAL_SURFACE('',#7699,5.08E-5);
#510=CYLINDRICAL_SURFACE('',#7701,5.08E-5);
#511=CYLINDRICAL_SURFACE('',#7719,5.08E-5);
#512=CYLINDRICAL_SURFACE('',#7721,5.08E-5);
#513=CYLINDRICAL_SURFACE('',#7723,5.08E-5);
#514=CYLINDRICAL_SURFACE('',#7725,5.08E-5);
#515=CYLINDRICAL_SURFACE('',#7727,5.08E-5);
#516=CYLINDRICAL_SURFACE('',#7729,5.08E-5);
#517=CYLINDRICAL_SURFACE('',#7731,5.08E-5);
#518=CYLINDRICAL_SURFACE('',#7733,5.08E-5);
#519=CYLINDRICAL_SURFACE('',#7735,5.08E-5);
#520=CYLINDRICAL_SURFACE('',#7757,5.08E-5);
#521=CYLINDRICAL_SURFACE('',#7759,5.08E-5);
#522=CYLINDRICAL_SURFACE('',#7761,5.08E-5);
#523=CYLINDRICAL_SURFACE('',#7763,5.08E-5);
#524=CYLINDRICAL_SURFACE('',#7765,5.08E-5);
#525=CYLINDRICAL_SURFACE('',#7767,5.08E-5);
#526=CYLINDRICAL_SURFACE('',#7769,5.08E-5);
#527=CYLINDRICAL_SURFACE('',#7771,5.08E-5);
#528=CYLINDRICAL_SURFACE('',#7773,5.08E-5);
#529=CYLINDRICAL_SURFACE('',#7793,5.08E-5);
#530=CYLINDRICAL_SURFACE('',#7795,5.08E-5);
#531=CYLINDRICAL_SURFACE('',#7797,5.08E-5);
#532=CYLINDRICAL_SURFACE('',#7799,5.08E-5);
#533=CYLINDRICAL_SURFACE('',#7801,5.08E-5);
#534=CYLINDRICAL_SURFACE('',#7803,5.08E-5);
#535=CYLINDRICAL_SURFACE('',#7805,5.08E-5);
#536=CYLINDRICAL_SURFACE('',#7807,5.08E-5);
#537=CYLINDRICAL_SURFACE('',#7819,5.08E-5);
#538=CYLINDRICAL_SURFACE('',#7821,5.08E-5);
#539=CYLINDRICAL_SURFACE('',#7823,5.08E-5);
#540=CYLINDRICAL_SURFACE('',#7825,5.08E-5);
#541=CYLINDRICAL_SURFACE('',#7834,5.08E-5);
#542=CYLINDRICAL_SURFACE('',#7837,5.08E-5);
#543=CYLINDRICAL_SURFACE('',#7839,5.08E-5);
#544=CYLINDRICAL_SURFACE('',#7841,5.08E-5);
#545=CYLINDRICAL_SURFACE('',#7867,0.0005461);
#546=CYLINDRICAL_SURFACE('',#7870,0.0005461);
#547=CYLINDRICAL_SURFACE('',#7873,0.0005461);
#548=CYLINDRICAL_SURFACE('',#7876,0.0005461);
#549=CYLINDRICAL_SURFACE('',#7897,0.0001016);
#550=CYLINDRICAL_SURFACE('',#7900,0.0001016);
#551=CYLINDRICAL_SURFACE('',#7903,0.0001016);
#552=CYLINDRICAL_SURFACE('',#7906,0.0001016);
#553=CYLINDRICAL_SURFACE('',#7908,0.000127);
#554=CYLINDRICAL_SURFACE('',#7910,0.000127);
#555=CYLINDRICAL_SURFACE('',#7912,0.000127);
#556=CYLINDRICAL_SURFACE('',#7914,0.000127);
#557=CYLINDRICAL_SURFACE('',#7934,5.08E-5);
#558=CYLINDRICAL_SURFACE('',#7941,5.08E-5);
#559=OVER_RIDING_STYLED_ITEM('',(#6704),#6335,#6694);
#560=OVER_RIDING_STYLED_ITEM('',(#6705),#6336,#6694);
#561=OVER_RIDING_STYLED_ITEM('',(#6706),#6337,#6694);
#562=OVER_RIDING_STYLED_ITEM('',(#6707),#6338,#6694);
#563=OVER_RIDING_STYLED_ITEM('',(#6708),#6339,#6694);
#564=OVER_RIDING_STYLED_ITEM('',(#6709),#6340,#6694);
#565=OVER_RIDING_STYLED_ITEM('',(#6710),#6341,#6694);
#566=OVER_RIDING_STYLED_ITEM('',(#6711),#6342,#6694);
#567=OVER_RIDING_STYLED_ITEM('',(#6712),#6343,#6694);
#568=OVER_RIDING_STYLED_ITEM('',(#6713),#6344,#6694);
#569=OVER_RIDING_STYLED_ITEM('',(#6714),#6345,#6694);
#570=OVER_RIDING_STYLED_ITEM('',(#6715),#6346,#6694);
#571=OVER_RIDING_STYLED_ITEM('',(#6716),#6347,#6694);
#572=OVER_RIDING_STYLED_ITEM('',(#6717),#6348,#6694);
#573=OVER_RIDING_STYLED_ITEM('',(#6718),#6349,#6694);
#574=OVER_RIDING_STYLED_ITEM('',(#6719),#6350,#6694);
#575=OVER_RIDING_STYLED_ITEM('',(#6720),#6351,#6694);
#576=OVER_RIDING_STYLED_ITEM('',(#6721),#6352,#6694);
#577=OVER_RIDING_STYLED_ITEM('',(#6722),#6353,#6694);
#578=OVER_RIDING_STYLED_ITEM('',(#6723),#6354,#6694);
#579=OVER_RIDING_STYLED_ITEM('',(#6724),#6355,#6694);
#580=OVER_RIDING_STYLED_ITEM('',(#6725),#6356,#6694);
#581=OVER_RIDING_STYLED_ITEM('',(#6726),#6357,#6694);
#582=OVER_RIDING_STYLED_ITEM('',(#6734),#6431,#6701);
#583=OVER_RIDING_STYLED_ITEM('',(#6735),#6433,#6701);
#584=OVER_RIDING_STYLED_ITEM('',(#6736),#6438,#6701);
#585=OVER_RIDING_STYLED_ITEM('',(#6737),#6443,#6701);
#586=OVER_RIDING_STYLED_ITEM('',(#6738),#6448,#6701);
#587=OVER_RIDING_STYLED_ITEM('',(#6740),#6459,#6702);
#588=OVER_RIDING_STYLED_ITEM('',(#6741),#6460,#6702);
#589=OVER_RIDING_STYLED_ITEM('',(#6742),#6461,#6702);
#590=OVER_RIDING_STYLED_ITEM('',(#6743),#6462,#6702);
#591=OVER_RIDING_STYLED_ITEM('',(#6744),#6463,#6702);
#592=OVER_RIDING_STYLED_ITEM('',(#6745),#6464,#6702);
#593=OVER_RIDING_STYLED_ITEM('',(#6746),#6465,#6702);
#594=OVER_RIDING_STYLED_ITEM('',(#6747),#6466,#6702);
#595=OVER_RIDING_STYLED_ITEM('',(#6748),#6467,#6702);
#596=OVER_RIDING_STYLED_ITEM('',(#6749),#6468,#6702);
#597=OVER_RIDING_STYLED_ITEM('',(#6750),#6469,#6702);
#598=OVER_RIDING_STYLED_ITEM('',(#6751),#6470,#6702);
#599=OVER_RIDING_STYLED_ITEM('',(#6752),#6471,#6702);
#600=OVER_RIDING_STYLED_ITEM('',(#6753),#6472,#6702);
#601=OVER_RIDING_STYLED_ITEM('',(#6754),#6473,#6702);
#602=OVER_RIDING_STYLED_ITEM('',(#6755),#6474,#6702);
#603=OVER_RIDING_STYLED_ITEM('',(#6756),#6475,#6702);
#604=OVER_RIDING_STYLED_ITEM('',(#6757),#6476,#6702);
#605=OVER_RIDING_STYLED_ITEM('',(#6758),#6477,#6702);
#606=OVER_RIDING_STYLED_ITEM('',(#6759),#6478,#6702);
#607=OVER_RIDING_STYLED_ITEM('',(#6760),#6479,#6702);
#608=OVER_RIDING_STYLED_ITEM('',(#6761),#6480,#6702);
#609=OVER_RIDING_STYLED_ITEM('',(#6762),#6481,#6702);
#610=OVER_RIDING_STYLED_ITEM('',(#6763),#6482,#6702);
#611=OVER_RIDING_STYLED_ITEM('',(#6764),#6483,#6702);
#612=OVER_RIDING_STYLED_ITEM('',(#6765),#6484,#6702);
#613=OVER_RIDING_STYLED_ITEM('',(#6766),#6485,#6702);
#614=OVER_RIDING_STYLED_ITEM('',(#6767),#6486,#6702);
#615=OVER_RIDING_STYLED_ITEM('',(#6768),#6644,#6702);
#616=OVER_RIDING_STYLED_ITEM('',(#6769),#6645,#6702);
#617=OVER_RIDING_STYLED_ITEM('',(#6770),#6646,#6702);
#618=OVER_RIDING_STYLED_ITEM('',(#6771),#6647,#6702);
#619=OVER_RIDING_STYLED_ITEM('',(#6772),#6648,#6702);
#620=OVER_RIDING_STYLED_ITEM('',(#6773),#6649,#6702);
#621=OVER_RIDING_STYLED_ITEM('',(#6774),#6650,#6702);
#622=OVER_RIDING_STYLED_ITEM('',(#6775),#6651,#6702);
#623=OVER_RIDING_STYLED_ITEM('',(#6776),#6664,#6702);
#624=OVER_RIDING_STYLED_ITEM('',(#6777),#6667,#6702);
#625=OVER_RIDING_STYLED_ITEM('',(#6778),#6668,#6702);
#626=OVER_RIDING_STYLED_ITEM('',(#6779),#6672,#6702);
#627=OVER_RIDING_STYLED_ITEM('',(#6780),#6673,#6702);
#628=OVER_RIDING_STYLED_ITEM('',(#6781),#6674,#6702);
#629=OVER_RIDING_STYLED_ITEM('',(#6782),#6675,#6702);
#630=OVER_RIDING_STYLED_ITEM('',(#6783),#6678,#6702);
#631=OVER_RIDING_STYLED_ITEM('',(#6784),#6679,#6702);
#632=OVER_RIDING_STYLED_ITEM('',(#6785),#6680,#6702);
#633=OVER_RIDING_STYLED_ITEM('',(#6786),#6681,#6702);
#634=OVER_RIDING_STYLED_ITEM('',(#6787),#6683,#6702);
#635=OVER_RIDING_STYLED_ITEM('',(#6788),#6684,#6702);
#636=B_SPLINE_CURVE_WITH_KNOTS('',3,(#10188,#10189,#10190,#10191,#10192,
#10193,#10194,#10195,#10196,#10197,#10198,#10199,#10200,#10201,#10202,#10203,
#10204,#10205,#10206,#10207,#10208,#10209,#10210,#10211,#10212),
 .UNSPECIFIED.,.F.,.F.,(4,3,3,3,3,3,3,3,4),(0.,0.0944664131543097,0.100764174031264,
0.107586587584748,0.114409001138232,0.121231414691716,0.1280538282452,0.13226138400351,
0.666620965308852),.UNSPECIFIED.);
#637=B_SPLINE_CURVE_WITH_KNOTS('',3,(#10216,#10217,#10218,#10219,#10220,
#10221,#10222,#10223,#10224,#10225,#10226,#10227,#10228,#10229,#10230,#10231,
#10232,#10233,#10234,#10235,#10236,#10237,#10238,#10239,#10240),
 .UNSPECIFIED.,.F.,.F.,(4,3,3,3,3,3,3,3,4),(-0.827932351880842,-0.710606609537352,
-0.702784893381119,-0.69431156716909,-0.68583824095706,-0.677364914745031,
-0.668891588533002,-0.663665872997587,0.),.UNSPECIFIED.);
#638=B_SPLINE_CURVE_WITH_KNOTS('',3,(#10318,#10319,#10320,#10321,#10322,
#10323,#10324,#10325,#10326,#10327,#10328,#10329,#10330,#10331,#10332,#10333,
#10334,#10335,#10336,#10337,#10338,#10339,#10340,#10341,#10342),
 .UNSPECIFIED.,.F.,.F.,(4,3,3,3,3,3,3,3,4),(0.,0.0944653307263236,0.100763019441412,
0.107585354821383,0.114407690201354,0.121230025581326,0.128052360961297,
0.132259868508015,0.666613326941257),.UNSPECIFIED.);
#639=B_SPLINE_CURVE_WITH_KNOTS('',3,(#10346,#10347,#10348,#10349,#10350,
#10351,#10352,#10353,#10354,#10355,#10356,#10357,#10358,#10359,#10360,#10361,
#10362,#10363,#10364,#10365,#10366,#10367,#10368,#10369,#10370),
 .UNSPECIFIED.,.F.,.F.,(4,3,3,3,3,3,3,3,4),(-0.827932351894447,-0.710606609549029,
-0.702784893392668,-0.694311567180499,-0.685838240968331,-0.677364914756162,
-0.668891588543993,-0.663665873008493,0.),.UNSPECIFIED.);
#640=B_SPLINE_CURVE_WITH_KNOTS('',3,(#10448,#10449,#10450,#10451,#10452,
#10453,#10454,#10455,#10456,#10457,#10458,#10459,#10460,#10461,#10462,#10463,
#10464,#10465,#10466,#10467,#10468,#10469,#10470,#10471,#10472),
 .UNSPECIFIED.,.F.,.F.,(4,3,3,3,3,3,3,3,4),(0.,0.094466413133071,0.100764174008609,
0.107586587560559,0.11440900111251,0.12123141466446,0.12805382821641,0.132261383973774,
0.666620965158976),.UNSPECIFIED.);
#641=B_SPLINE_CURVE_WITH_KNOTS('',3,(#10476,#10477,#10478,#10479,#10480,
#10481,#10482,#10483,#10484,#10485,#10486,#10487,#10488,#10489,#10490,#10491,
#10492,#10493,#10494,#10495,#10496,#10497,#10498,#10499,#10500),
 .UNSPECIFIED.,.F.,.F.,(4,3,3,3,3,3,3,3,4),(-0.827932351885628,-0.71060660954146,
-0.702784893385182,-0.694311567173104,-0.685838240961025,-0.677364914748947,
-0.668891588536868,-0.663665873001424,0.),.UNSPECIFIED.);
#642=B_SPLINE_CURVE_WITH_KNOTS('',3,(#10578,#10579,#10580,#10581,#10582,
#10583,#10584,#10585,#10586,#10587,#10588,#10589,#10590,#10591,#10592,#10593,
#10594,#10595,#10596,#10597,#10598,#10599,#10600,#10601,#10602),
 .UNSPECIFIED.,.F.,.F.,(4,3,3,3,3,3,3,3,4),(0.,0.0944664131327805,0.100764174008299,
0.107586587560228,0.114409001112158,0.121231414664087,0.128053828216016,
0.132261383973367,0.666620965156926),.UNSPECIFIED.);
#643=B_SPLINE_CURVE_WITH_KNOTS('',3,(#10606,#10607,#10608,#10609,#10610,
#10611,#10612,#10613,#10614,#10615,#10616,#10617,#10618,#10619,#10620,#10621,
#10622,#10623,#10624,#10625,#10626,#10627,#10628,#10629,#10630),
 .UNSPECIFIED.,.F.,.F.,(4,3,3,3,3,3,3,3,4),(-0.827932351884787,-0.710606609540738,
-0.702784893384468,-0.694311567172398,-0.685838240960328,-0.677364914748258,
-0.668891588536188,-0.663665873000749,0.),.UNSPECIFIED.);
#644=B_SPLINE_CURVE_WITH_KNOTS('',3,(#10708,#10709,#10710,#10711,#10712,
#10713,#10714,#10715,#10716,#10717,#10718,#10719,#10720,#10721,#10722,#10723,
#10724,#10725,#10726,#10727,#10728,#10729,#10730,#10731,#10732),
 .UNSPECIFIED.,.F.,.F.,(4,3,3,3,3,3,3,3,4),(0.,0.0944653307257542,0.100763019440804,
0.107585354820735,0.114407690200665,0.121230025580595,0.128052360960525,
0.132259868507218,0.666613326937239),.UNSPECIFIED.);
#645=B_SPLINE_CURVE_WITH_KNOTS('',3,(#10736,#10737,#10738,#10739,#10740,
#10741,#10742,#10743,#10744,#10745,#10746,#10747,#10748,#10749,#10750,#10751,
#10752,#10753,#10754,#10755,#10756,#10757,#10758,#10759,#10760),
 .UNSPECIFIED.,.F.,.F.,(4,3,3,3,3,3,3,3,4),(-0.827932351878176,-0.710606609535064,
-0.702784893378857,-0.694311567166854,-0.685838240954852,-0.67736491474285,
-0.668891588530848,-0.663665872995451,0.),.UNSPECIFIED.);
#646=B_SPLINE_SURFACE_WITH_KNOTS('',3,1,((#10133,#10134),(#10135,#10136),
(#10137,#10138),(#10139,#10140),(#10141,#10142),(#10143,#10144),(#10145,
#10146),(#10147,#10148),(#10149,#10150),(#10151,#10152),(#10153,#10154),
(#10155,#10156),(#10157,#10158),(#10159,#10160),(#10161,#10162),(#10163,
#10164),(#10165,#10166),(#10167,#10168),(#10169,#10170),(#10171,#10172),
(#10173,#10174),(#10175,#10176),(#10177,#10178),(#10179,#10180),(#10181,
#10182),(#10183,#10184)),.UNSPECIFIED.,.F.,.F.,.F.,(4,1,1,1,1,1,1,1,1,1,
1,1,1,1,1,1,1,1,1,1,1,1,1,4),(2,2),(-1.17345826930243E-17,0.25,0.375,0.5,
0.5625,0.625,0.6875,0.71875,0.75,0.78125,0.796875,0.8046875,0.8125,0.8203125,
0.828125,0.8359375,0.84375,0.8515625,0.859375,0.875,0.90625,0.9375,0.96875,
1.),(0.,1.),.UNSPECIFIED.);
#647=B_SPLINE_SURFACE_WITH_KNOTS('',3,1,((#10263,#10264),(#10265,#10266),
(#10267,#10268),(#10269,#10270),(#10271,#10272),(#10273,#10274),(#10275,
#10276),(#10277,#10278),(#10279,#10280),(#10281,#10282),(#10283,#10284),
(#10285,#10286),(#10287,#10288),(#10289,#10290),(#10291,#10292),(#10293,
#10294),(#10295,#10296),(#10297,#10298),(#10299,#10300),(#10301,#10302),
(#10303,#10304),(#10305,#10306),(#10307,#10308),(#10309,#10310),(#10311,
#10312),(#10313,#10314)),.UNSPECIFIED.,.F.,.F.,.F.,(4,1,1,1,1,1,1,1,1,1,
1,1,1,1,1,1,1,1,1,1,1,1,1,4),(2,2),(-1.18972130188971E-17,0.25,0.375,0.5,
0.5625,0.625,0.6875,0.71875,0.75,0.78125,0.796875,0.8046875,0.8125,0.8203125,
0.828125,0.8359375,0.84375,0.8515625,0.859375,0.875,0.90625,0.9375,0.96875,
1.),(0.,1.),.UNSPECIFIED.);
#648=B_SPLINE_SURFACE_WITH_KNOTS('',3,1,((#10393,#10394),(#10395,#10396),
(#10397,#10398),(#10399,#10400),(#10401,#10402),(#10403,#10404),(#10405,
#10406),(#10407,#10408),(#10409,#10410),(#10411,#10412),(#10413,#10414),
(#10415,#10416),(#10417,#10418),(#10419,#10420),(#10421,#10422),(#10423,
#10424),(#10425,#10426),(#10427,#10428),(#10429,#10430),(#10431,#10432),
(#10433,#10434),(#10435,#10436),(#10437,#10438),(#10439,#10440),(#10441,
#10442),(#10443,#10444)),.UNSPECIFIED.,.F.,.F.,.F.,(4,1,1,1,1,1,1,1,1,1,
1,1,1,1,1,1,1,1,1,1,1,1,1,4),(2,2),(-1.18164272515527E-17,0.25,0.375,0.5,
0.5625,0.625,0.6875,0.71875,0.75,0.78125,0.796875,0.8046875,0.8125,0.8203125,
0.828125,0.8359375,0.84375,0.8515625,0.859375,0.875,0.90625,0.9375,0.96875,
1.),(0.,1.),.UNSPECIFIED.);
#649=B_SPLINE_SURFACE_WITH_KNOTS('',3,1,((#10523,#10524),(#10525,#10526),
(#10527,#10528),(#10529,#10530),(#10531,#10532),(#10533,#10534),(#10535,
#10536),(#10537,#10538),(#10539,#10540),(#10541,#10542),(#10543,#10544),
(#10545,#10546),(#10547,#10548),(#10549,#10550),(#10551,#10552),(#10553,
#10554),(#10555,#10556),(#10557,#10558),(#10559,#10560),(#10561,#10562),
(#10563,#10564),(#10565,#10566),(#10567,#10568),(#10569,#10570),(#10571,
#10572),(#10573,#10574)),.UNSPECIFIED.,.F.,.F.,.F.,(4,1,1,1,1,1,1,1,1,1,
1,1,1,1,1,1,1,1,1,1,1,1,1,4),(2,2),(-1.18164272515527E-17,0.25,0.375,0.5,
0.5625,0.625,0.6875,0.71875,0.75,0.78125,0.796875,0.8046875,0.8125,0.8203125,
0.828125,0.8359375,0.84375,0.8515625,0.859375,0.875,0.90625,0.9375,0.96875,
1.),(0.,1.),.UNSPECIFIED.);
#650=B_SPLINE_SURFACE_WITH_KNOTS('',3,1,((#10653,#10654),(#10655,#10656),
(#10657,#10658),(#10659,#10660),(#10661,#10662),(#10663,#10664),(#10665,
#10666),(#10667,#10668),(#10669,#10670),(#10671,#10672),(#10673,#10674),
(#10675,#10676),(#10677,#10678),(#10679,#10680),(#10681,#10682),(#10683,
#10684),(#10685,#10686),(#10687,#10688),(#10689,#10690),(#10691,#10692),
(#10693,#10694),(#10695,#10696),(#10697,#10698),(#10699,#10700),(#10701,
#10702),(#10703,#10704)),.UNSPECIFIED.,.F.,.F.,.F.,(4,1,1,1,1,1,1,1,1,1,
1,1,1,1,1,1,1,1,1,1,1,1,1,4),(2,2),(-1.18165331306711E-17,0.25,0.375,0.5,
0.5625,0.625,0.6875,0.71875,0.75,0.78125,0.796875,0.8046875,0.8125,0.8203125,
0.828125,0.8359375,0.84375,0.8515625,0.859375,0.875,0.90625,0.9375,0.96875,
1.),(0.,1.),.UNSPECIFIED.);
#651=ORIENTED_EDGE('',*,*,#2469,.F.);
#652=ORIENTED_EDGE('',*,*,#2470,.F.);
#653=ORIENTED_EDGE('',*,*,#2471,.F.);
#654=ORIENTED_EDGE('',*,*,#2472,.F.);
#655=ORIENTED_EDGE('',*,*,#2473,.F.);
#656=ORIENTED_EDGE('',*,*,#2474,.F.);
#657=ORIENTED_EDGE('',*,*,#2475,.F.);
#658=ORIENTED_EDGE('',*,*,#2476,.F.);
#659=ORIENTED_EDGE('',*,*,#2477,.F.);
#660=ORIENTED_EDGE('',*,*,#2478,.F.);
#661=ORIENTED_EDGE('',*,*,#2479,.F.);
#662=ORIENTED_EDGE('',*,*,#2480,.F.);
#663=ORIENTED_EDGE('',*,*,#2481,.F.);
#664=ORIENTED_EDGE('',*,*,#2482,.F.);
#665=ORIENTED_EDGE('',*,*,#2483,.F.);
#666=ORIENTED_EDGE('',*,*,#2484,.F.);
#667=ORIENTED_EDGE('',*,*,#2485,.T.);
#668=ORIENTED_EDGE('',*,*,#2486,.T.);
#669=ORIENTED_EDGE('',*,*,#2487,.F.);
#670=ORIENTED_EDGE('',*,*,#2488,.F.);
#671=ORIENTED_EDGE('',*,*,#2489,.T.);
#672=ORIENTED_EDGE('',*,*,#2488,.T.);
#673=ORIENTED_EDGE('',*,*,#2490,.F.);
#674=ORIENTED_EDGE('',*,*,#2491,.F.);
#675=ORIENTED_EDGE('',*,*,#2492,.T.);
#676=ORIENTED_EDGE('',*,*,#2493,.T.);
#677=ORIENTED_EDGE('',*,*,#2494,.F.);
#678=ORIENTED_EDGE('',*,*,#2495,.F.);
#679=ORIENTED_EDGE('',*,*,#2496,.T.);
#680=ORIENTED_EDGE('',*,*,#2497,.T.);
#681=ORIENTED_EDGE('',*,*,#2498,.F.);
#682=ORIENTED_EDGE('',*,*,#2493,.F.);
#683=ORIENTED_EDGE('',*,*,#2499,.T.);
#684=ORIENTED_EDGE('',*,*,#2500,.T.);
#685=ORIENTED_EDGE('',*,*,#2501,.F.);
#686=ORIENTED_EDGE('',*,*,#2502,.F.);
#687=ORIENTED_EDGE('',*,*,#2503,.T.);
#688=ORIENTED_EDGE('',*,*,#2504,.T.);
#689=ORIENTED_EDGE('',*,*,#2505,.F.);
#690=ORIENTED_EDGE('',*,*,#2500,.F.);
#691=ORIENTED_EDGE('',*,*,#2506,.T.);
#692=ORIENTED_EDGE('',*,*,#2507,.T.);
#693=ORIENTED_EDGE('',*,*,#2508,.F.);
#694=ORIENTED_EDGE('',*,*,#2509,.F.);
#695=ORIENTED_EDGE('',*,*,#2510,.T.);
#696=ORIENTED_EDGE('',*,*,#2511,.T.);
#697=ORIENTED_EDGE('',*,*,#2506,.F.);
#698=ORIENTED_EDGE('',*,*,#2512,.F.);
#699=ORIENTED_EDGE('',*,*,#2513,.T.);
#700=ORIENTED_EDGE('',*,*,#2514,.T.);
#701=ORIENTED_EDGE('',*,*,#2515,.F.);
#702=ORIENTED_EDGE('',*,*,#2516,.F.);
#703=ORIENTED_EDGE('',*,*,#2515,.T.);
#704=ORIENTED_EDGE('',*,*,#2517,.T.);
#705=ORIENTED_EDGE('',*,*,#2518,.F.);
#706=ORIENTED_EDGE('',*,*,#2519,.F.);
#707=ORIENTED_EDGE('',*,*,#2520,.T.);
#708=ORIENTED_EDGE('',*,*,#2521,.T.);
#709=ORIENTED_EDGE('',*,*,#2522,.F.);
#710=ORIENTED_EDGE('',*,*,#2523,.F.);
#711=ORIENTED_EDGE('',*,*,#2524,.T.);
#712=ORIENTED_EDGE('',*,*,#2525,.T.);
#713=ORIENTED_EDGE('',*,*,#2520,.F.);
#714=ORIENTED_EDGE('',*,*,#2526,.F.);
#715=ORIENTED_EDGE('',*,*,#2527,.T.);
#716=ORIENTED_EDGE('',*,*,#2528,.T.);
#717=ORIENTED_EDGE('',*,*,#2529,.F.);
#718=ORIENTED_EDGE('',*,*,#2530,.F.);
#719=ORIENTED_EDGE('',*,*,#2531,.T.);
#720=ORIENTED_EDGE('',*,*,#2532,.T.);
#721=ORIENTED_EDGE('',*,*,#2527,.F.);
#722=ORIENTED_EDGE('',*,*,#2533,.F.);
#723=ORIENTED_EDGE('',*,*,#2534,.T.);
#724=ORIENTED_EDGE('',*,*,#2535,.T.);
#725=ORIENTED_EDGE('',*,*,#2536,.F.);
#726=ORIENTED_EDGE('',*,*,#2537,.F.);
#727=ORIENTED_EDGE('',*,*,#2538,.T.);
#728=ORIENTED_EDGE('',*,*,#2539,.T.);
#729=ORIENTED_EDGE('',*,*,#2540,.F.);
#730=ORIENTED_EDGE('',*,*,#2535,.F.);
#731=ORIENTED_EDGE('',*,*,#2541,.T.);
#732=ORIENTED_EDGE('',*,*,#2542,.T.);
#733=ORIENTED_EDGE('',*,*,#2543,.T.);
#734=ORIENTED_EDGE('',*,*,#2544,.T.);
#735=ORIENTED_EDGE('',*,*,#2545,.F.);
#736=ORIENTED_EDGE('',*,*,#2546,.F.);
#737=ORIENTED_EDGE('',*,*,#2547,.T.);
#738=ORIENTED_EDGE('',*,*,#2548,.T.);
#739=ORIENTED_EDGE('',*,*,#2546,.T.);
#740=ORIENTED_EDGE('',*,*,#2549,.F.);
#741=ORIENTED_EDGE('',*,*,#2550,.F.);
#742=ORIENTED_EDGE('',*,*,#2542,.F.);
#743=ORIENTED_EDGE('',*,*,#2551,.T.);
#744=ORIENTED_EDGE('',*,*,#2544,.F.);
#745=ORIENTED_EDGE('',*,*,#2552,.T.);
#746=ORIENTED_EDGE('',*,*,#2553,.F.);
#747=ORIENTED_EDGE('',*,*,#2548,.F.);
#748=ORIENTED_EDGE('',*,*,#2554,.T.);
#749=ORIENTED_EDGE('',*,*,#2543,.F.);
#750=ORIENTED_EDGE('',*,*,#2550,.T.);
#751=ORIENTED_EDGE('',*,*,#2555,.T.);
#752=ORIENTED_EDGE('',*,*,#2552,.F.);
#753=ORIENTED_EDGE('',*,*,#2553,.T.);
#754=ORIENTED_EDGE('',*,*,#2555,.F.);
#755=ORIENTED_EDGE('',*,*,#2549,.T.);
#756=ORIENTED_EDGE('',*,*,#2545,.T.);
#757=ORIENTED_EDGE('',*,*,#2556,.T.);
#758=ORIENTED_EDGE('',*,*,#2557,.T.);
#759=ORIENTED_EDGE('',*,*,#2558,.T.);
#760=ORIENTED_EDGE('',*,*,#2559,.T.);
#761=ORIENTED_EDGE('',*,*,#2560,.F.);
#762=ORIENTED_EDGE('',*,*,#2561,.F.);
#763=ORIENTED_EDGE('',*,*,#2562,.T.);
#764=ORIENTED_EDGE('',*,*,#2563,.T.);
#765=ORIENTED_EDGE('',*,*,#2561,.T.);
#766=ORIENTED_EDGE('',*,*,#2564,.F.);
#767=ORIENTED_EDGE('',*,*,#2565,.F.);
#768=ORIENTED_EDGE('',*,*,#2557,.F.);
#769=ORIENTED_EDGE('',*,*,#2566,.T.);
#770=ORIENTED_EDGE('',*,*,#2559,.F.);
#771=ORIENTED_EDGE('',*,*,#2567,.T.);
#772=ORIENTED_EDGE('',*,*,#2568,.F.);
#773=ORIENTED_EDGE('',*,*,#2563,.F.);
#774=ORIENTED_EDGE('',*,*,#2569,.T.);
#775=ORIENTED_EDGE('',*,*,#2558,.F.);
#776=ORIENTED_EDGE('',*,*,#2565,.T.);
#777=ORIENTED_EDGE('',*,*,#2570,.T.);
#778=ORIENTED_EDGE('',*,*,#2567,.F.);
#779=ORIENTED_EDGE('',*,*,#2568,.T.);
#780=ORIENTED_EDGE('',*,*,#2570,.F.);
#781=ORIENTED_EDGE('',*,*,#2564,.T.);
#782=ORIENTED_EDGE('',*,*,#2560,.T.);
#783=ORIENTED_EDGE('',*,*,#2571,.T.);
#784=ORIENTED_EDGE('',*,*,#2572,.T.);
#785=ORIENTED_EDGE('',*,*,#2573,.T.);
#786=ORIENTED_EDGE('',*,*,#2574,.T.);
#787=ORIENTED_EDGE('',*,*,#2575,.F.);
#788=ORIENTED_EDGE('',*,*,#2576,.F.);
#789=ORIENTED_EDGE('',*,*,#2577,.T.);
#790=ORIENTED_EDGE('',*,*,#2578,.T.);
#791=ORIENTED_EDGE('',*,*,#2576,.T.);
#792=ORIENTED_EDGE('',*,*,#2579,.F.);
#793=ORIENTED_EDGE('',*,*,#2580,.F.);
#794=ORIENTED_EDGE('',*,*,#2572,.F.);
#795=ORIENTED_EDGE('',*,*,#2581,.T.);
#796=ORIENTED_EDGE('',*,*,#2574,.F.);
#797=ORIENTED_EDGE('',*,*,#2582,.T.);
#798=ORIENTED_EDGE('',*,*,#2583,.F.);
#799=ORIENTED_EDGE('',*,*,#2578,.F.);
#800=ORIENTED_EDGE('',*,*,#2584,.T.);
#801=ORIENTED_EDGE('',*,*,#2573,.F.);
#802=ORIENTED_EDGE('',*,*,#2580,.T.);
#803=ORIENTED_EDGE('',*,*,#2585,.T.);
#804=ORIENTED_EDGE('',*,*,#2582,.F.);
#805=ORIENTED_EDGE('',*,*,#2583,.T.);
#806=ORIENTED_EDGE('',*,*,#2585,.F.);
#807=ORIENTED_EDGE('',*,*,#2579,.T.);
#808=ORIENTED_EDGE('',*,*,#2575,.T.);
#809=ORIENTED_EDGE('',*,*,#2586,.T.);
#810=ORIENTED_EDGE('',*,*,#2587,.T.);
#811=ORIENTED_EDGE('',*,*,#2588,.T.);
#812=ORIENTED_EDGE('',*,*,#2589,.T.);
#813=ORIENTED_EDGE('',*,*,#2590,.F.);
#814=ORIENTED_EDGE('',*,*,#2591,.F.);
#815=ORIENTED_EDGE('',*,*,#2592,.T.);
#816=ORIENTED_EDGE('',*,*,#2593,.T.);
#817=ORIENTED_EDGE('',*,*,#2591,.T.);
#818=ORIENTED_EDGE('',*,*,#2594,.F.);
#819=ORIENTED_EDGE('',*,*,#2595,.F.);
#820=ORIENTED_EDGE('',*,*,#2587,.F.);
#821=ORIENTED_EDGE('',*,*,#2596,.T.);
#822=ORIENTED_EDGE('',*,*,#2589,.F.);
#823=ORIENTED_EDGE('',*,*,#2597,.T.);
#824=ORIENTED_EDGE('',*,*,#2598,.F.);
#825=ORIENTED_EDGE('',*,*,#2593,.F.);
#826=ORIENTED_EDGE('',*,*,#2599,.T.);
#827=ORIENTED_EDGE('',*,*,#2588,.F.);
#828=ORIENTED_EDGE('',*,*,#2595,.T.);
#829=ORIENTED_EDGE('',*,*,#2600,.T.);
#830=ORIENTED_EDGE('',*,*,#2597,.F.);
#831=ORIENTED_EDGE('',*,*,#2598,.T.);
#832=ORIENTED_EDGE('',*,*,#2600,.F.);
#833=ORIENTED_EDGE('',*,*,#2594,.T.);
#834=ORIENTED_EDGE('',*,*,#2590,.T.);
#835=ORIENTED_EDGE('',*,*,#2601,.T.);
#836=ORIENTED_EDGE('',*,*,#2602,.T.);
#837=ORIENTED_EDGE('',*,*,#2603,.T.);
#838=ORIENTED_EDGE('',*,*,#2604,.T.);
#839=ORIENTED_EDGE('',*,*,#2605,.F.);
#840=ORIENTED_EDGE('',*,*,#2606,.F.);
#841=ORIENTED_EDGE('',*,*,#2607,.T.);
#842=ORIENTED_EDGE('',*,*,#2608,.T.);
#843=ORIENTED_EDGE('',*,*,#2606,.T.);
#844=ORIENTED_EDGE('',*,*,#2609,.F.);
#845=ORIENTED_EDGE('',*,*,#2610,.F.);
#846=ORIENTED_EDGE('',*,*,#2602,.F.);
#847=ORIENTED_EDGE('',*,*,#2611,.T.);
#848=ORIENTED_EDGE('',*,*,#2604,.F.);
#849=ORIENTED_EDGE('',*,*,#2612,.T.);
#850=ORIENTED_EDGE('',*,*,#2613,.F.);
#851=ORIENTED_EDGE('',*,*,#2608,.F.);
#852=ORIENTED_EDGE('',*,*,#2614,.T.);
#853=ORIENTED_EDGE('',*,*,#2603,.F.);
#854=ORIENTED_EDGE('',*,*,#2610,.T.);
#855=ORIENTED_EDGE('',*,*,#2615,.T.);
#856=ORIENTED_EDGE('',*,*,#2612,.F.);
#857=ORIENTED_EDGE('',*,*,#2613,.T.);
#858=ORIENTED_EDGE('',*,*,#2615,.F.);
#859=ORIENTED_EDGE('',*,*,#2609,.T.);
#860=ORIENTED_EDGE('',*,*,#2605,.T.);
#861=ORIENTED_EDGE('',*,*,#2616,.F.);
#862=ORIENTED_EDGE('',*,*,#2484,.T.);
#863=ORIENTED_EDGE('',*,*,#2617,.T.);
#864=ORIENTED_EDGE('',*,*,#2529,.T.);
#865=ORIENTED_EDGE('',*,*,#2618,.T.);
#866=ORIENTED_EDGE('',*,*,#2482,.T.);
#867=ORIENTED_EDGE('',*,*,#2619,.F.);
#868=ORIENTED_EDGE('',*,*,#2480,.T.);
#869=ORIENTED_EDGE('',*,*,#2620,.F.);
#870=ORIENTED_EDGE('',*,*,#2476,.T.);
#871=ORIENTED_EDGE('',*,*,#2621,.T.);
#872=ORIENTED_EDGE('',*,*,#2470,.T.);
#873=ORIENTED_EDGE('',*,*,#2622,.F.);
#874=ORIENTED_EDGE('',*,*,#2623,.T.);
#875=ORIENTED_EDGE('',*,*,#2624,.F.);
#876=ORIENTED_EDGE('',*,*,#2625,.T.);
#877=ORIENTED_EDGE('',*,*,#2626,.F.);
#878=ORIENTED_EDGE('',*,*,#2627,.T.);
#879=ORIENTED_EDGE('',*,*,#2628,.F.);
#880=ORIENTED_EDGE('',*,*,#2629,.T.);
#881=ORIENTED_EDGE('',*,*,#2630,.T.);
#882=ORIENTED_EDGE('',*,*,#2631,.F.);
#883=ORIENTED_EDGE('',*,*,#2632,.F.);
#884=ORIENTED_EDGE('',*,*,#2633,.T.);
#885=ORIENTED_EDGE('',*,*,#2634,.T.);
#886=ORIENTED_EDGE('',*,*,#2633,.F.);
#887=ORIENTED_EDGE('',*,*,#2635,.F.);
#888=ORIENTED_EDGE('',*,*,#2636,.T.);
#889=ORIENTED_EDGE('',*,*,#2637,.T.);
#890=ORIENTED_EDGE('',*,*,#2636,.F.);
#891=ORIENTED_EDGE('',*,*,#2638,.F.);
#892=ORIENTED_EDGE('',*,*,#2639,.T.);
#893=ORIENTED_EDGE('',*,*,#2640,.T.);
#894=ORIENTED_EDGE('',*,*,#2639,.F.);
#895=ORIENTED_EDGE('',*,*,#2641,.F.);
#896=ORIENTED_EDGE('',*,*,#2631,.T.);
#897=ORIENTED_EDGE('',*,*,#2628,.T.);
#898=ORIENTED_EDGE('',*,*,#2624,.T.);
#899=ORIENTED_EDGE('',*,*,#2622,.T.);
#900=ORIENTED_EDGE('',*,*,#2626,.T.);
#901=ORIENTED_EDGE('',*,*,#2640,.F.);
#902=ORIENTED_EDGE('',*,*,#2630,.F.);
#903=ORIENTED_EDGE('',*,*,#2634,.F.);
#904=ORIENTED_EDGE('',*,*,#2637,.F.);
#905=ORIENTED_EDGE('',*,*,#2629,.F.);
#906=ORIENTED_EDGE('',*,*,#2627,.F.);
#907=ORIENTED_EDGE('',*,*,#2625,.F.);
#908=ORIENTED_EDGE('',*,*,#2623,.F.);
#909=ORIENTED_EDGE('',*,*,#2621,.F.);
#910=ORIENTED_EDGE('',*,*,#2475,.T.);
#911=ORIENTED_EDGE('',*,*,#2642,.F.);
#912=ORIENTED_EDGE('',*,*,#2516,.T.);
#913=ORIENTED_EDGE('',*,*,#2519,.T.);
#914=ORIENTED_EDGE('',*,*,#2643,.F.);
#915=ORIENTED_EDGE('',*,*,#2512,.T.);
#916=ORIENTED_EDGE('',*,*,#2509,.T.);
#917=ORIENTED_EDGE('',*,*,#2644,.F.);
#918=ORIENTED_EDGE('',*,*,#2526,.T.);
#919=ORIENTED_EDGE('',*,*,#2523,.T.);
#920=ORIENTED_EDGE('',*,*,#2645,.F.);
#921=ORIENTED_EDGE('',*,*,#2533,.T.);
#922=ORIENTED_EDGE('',*,*,#2530,.T.);
#923=ORIENTED_EDGE('',*,*,#2617,.F.);
#924=ORIENTED_EDGE('',*,*,#2483,.T.);
#925=ORIENTED_EDGE('',*,*,#2618,.F.);
#926=ORIENTED_EDGE('',*,*,#2479,.T.);
#927=ORIENTED_EDGE('',*,*,#2646,.F.);
#928=ORIENTED_EDGE('',*,*,#2503,.F.);
#929=ORIENTED_EDGE('',*,*,#2499,.F.);
#930=ORIENTED_EDGE('',*,*,#2647,.F.);
#931=ORIENTED_EDGE('',*,*,#2496,.F.);
#932=ORIENTED_EDGE('',*,*,#2492,.F.);
#933=ORIENTED_EDGE('',*,*,#2648,.F.);
#934=ORIENTED_EDGE('',*,*,#2538,.F.);
#935=ORIENTED_EDGE('',*,*,#2534,.F.);
#936=ORIENTED_EDGE('',*,*,#2649,.F.);
#937=ORIENTED_EDGE('',*,*,#2485,.F.);
#938=ORIENTED_EDGE('',*,*,#2489,.F.);
#939=ORIENTED_EDGE('',*,*,#2650,.F.);
#940=ORIENTED_EDGE('',*,*,#2471,.T.);
#941=ORIENTED_EDGE('',*,*,#2641,.T.);
#942=ORIENTED_EDGE('',*,*,#2638,.T.);
#943=ORIENTED_EDGE('',*,*,#2635,.T.);
#944=ORIENTED_EDGE('',*,*,#2632,.T.);
#945=ORIENTED_EDGE('',*,*,#2645,.T.);
#946=ORIENTED_EDGE('',*,*,#2522,.T.);
#947=ORIENTED_EDGE('',*,*,#2651,.F.);
#948=ORIENTED_EDGE('',*,*,#2531,.F.);
#949=ORIENTED_EDGE('',*,*,#2642,.T.);
#950=ORIENTED_EDGE('',*,*,#2474,.T.);
#951=ORIENTED_EDGE('',*,*,#2652,.F.);
#952=ORIENTED_EDGE('',*,*,#2513,.F.);
#953=ORIENTED_EDGE('',*,*,#2644,.T.);
#954=ORIENTED_EDGE('',*,*,#2508,.T.);
#955=ORIENTED_EDGE('',*,*,#2653,.F.);
#956=ORIENTED_EDGE('',*,*,#2524,.F.);
#957=ORIENTED_EDGE('',*,*,#2654,.F.);
#958=ORIENTED_EDGE('',*,*,#2510,.F.);
#959=ORIENTED_EDGE('',*,*,#2643,.T.);
#960=ORIENTED_EDGE('',*,*,#2518,.T.);
#961=ORIENTED_EDGE('',*,*,#2486,.F.);
#962=ORIENTED_EDGE('',*,*,#2649,.T.);
#963=ORIENTED_EDGE('',*,*,#2537,.T.);
#964=ORIENTED_EDGE('',*,*,#2655,.F.);
#965=ORIENTED_EDGE('',*,*,#2656,.F.);
#966=ORIENTED_EDGE('',*,*,#2472,.T.);
#967=ORIENTED_EDGE('',*,*,#2650,.T.);
#968=ORIENTED_EDGE('',*,*,#2491,.T.);
#969=ORIENTED_EDGE('',*,*,#2646,.T.);
#970=ORIENTED_EDGE('',*,*,#2478,.T.);
#971=ORIENTED_EDGE('',*,*,#2657,.F.);
#972=ORIENTED_EDGE('',*,*,#2504,.F.);
#973=ORIENTED_EDGE('',*,*,#2495,.T.);
#974=ORIENTED_EDGE('',*,*,#2658,.F.);
#975=ORIENTED_EDGE('',*,*,#2539,.F.);
#976=ORIENTED_EDGE('',*,*,#2648,.T.);
#977=ORIENTED_EDGE('',*,*,#2497,.F.);
#978=ORIENTED_EDGE('',*,*,#2647,.T.);
#979=ORIENTED_EDGE('',*,*,#2502,.T.);
#980=ORIENTED_EDGE('',*,*,#2659,.F.);
#981=ORIENTED_EDGE('',*,*,#2614,.F.);
#982=ORIENTED_EDGE('',*,*,#2607,.F.);
#983=ORIENTED_EDGE('',*,*,#2611,.F.);
#984=ORIENTED_EDGE('',*,*,#2601,.F.);
#985=ORIENTED_EDGE('',*,*,#2599,.F.);
#986=ORIENTED_EDGE('',*,*,#2592,.F.);
#987=ORIENTED_EDGE('',*,*,#2596,.F.);
#988=ORIENTED_EDGE('',*,*,#2586,.F.);
#989=ORIENTED_EDGE('',*,*,#2584,.F.);
#990=ORIENTED_EDGE('',*,*,#2577,.F.);
#991=ORIENTED_EDGE('',*,*,#2581,.F.);
#992=ORIENTED_EDGE('',*,*,#2571,.F.);
#993=ORIENTED_EDGE('',*,*,#2569,.F.);
#994=ORIENTED_EDGE('',*,*,#2562,.F.);
#995=ORIENTED_EDGE('',*,*,#2566,.F.);
#996=ORIENTED_EDGE('',*,*,#2556,.F.);
#997=ORIENTED_EDGE('',*,*,#2554,.F.);
#998=ORIENTED_EDGE('',*,*,#2547,.F.);
#999=ORIENTED_EDGE('',*,*,#2551,.F.);
#1000=ORIENTED_EDGE('',*,*,#2541,.F.);
#1001=ORIENTED_EDGE('',*,*,#2619,.T.);
#1002=ORIENTED_EDGE('',*,*,#2481,.T.);
#1003=ORIENTED_EDGE('',*,*,#2616,.T.);
#1004=ORIENTED_EDGE('',*,*,#2528,.F.);
#1005=ORIENTED_EDGE('',*,*,#2532,.F.);
#1006=ORIENTED_EDGE('',*,*,#2651,.T.);
#1007=ORIENTED_EDGE('',*,*,#2521,.F.);
#1008=ORIENTED_EDGE('',*,*,#2525,.F.);
#1009=ORIENTED_EDGE('',*,*,#2653,.T.);
#1010=ORIENTED_EDGE('',*,*,#2507,.F.);
#1011=ORIENTED_EDGE('',*,*,#2511,.F.);
#1012=ORIENTED_EDGE('',*,*,#2654,.T.);
#1013=ORIENTED_EDGE('',*,*,#2517,.F.);
#1014=ORIENTED_EDGE('',*,*,#2514,.F.);
#1015=ORIENTED_EDGE('',*,*,#2652,.T.);
#1016=ORIENTED_EDGE('',*,*,#2473,.T.);
#1017=ORIENTED_EDGE('',*,*,#2620,.T.);
#1018=ORIENTED_EDGE('',*,*,#2469,.T.);
#1019=ORIENTED_EDGE('',*,*,#2656,.T.);
#1020=ORIENTED_EDGE('',*,*,#2490,.T.);
#1021=ORIENTED_EDGE('',*,*,#2487,.T.);
#1022=ORIENTED_EDGE('',*,*,#2655,.T.);
#1023=ORIENTED_EDGE('',*,*,#2536,.T.);
#1024=ORIENTED_EDGE('',*,*,#2540,.T.);
#1025=ORIENTED_EDGE('',*,*,#2658,.T.);
#1026=ORIENTED_EDGE('',*,*,#2494,.T.);
#1027=ORIENTED_EDGE('',*,*,#2498,.T.);
#1028=ORIENTED_EDGE('',*,*,#2659,.T.);
#1029=ORIENTED_EDGE('',*,*,#2501,.T.);
#1030=ORIENTED_EDGE('',*,*,#2505,.T.);
#1031=ORIENTED_EDGE('',*,*,#2657,.T.);
#1032=ORIENTED_EDGE('',*,*,#2477,.T.);
#1033=ORIENTED_EDGE('',*,*,#2660,.F.);
#1034=ORIENTED_EDGE('',*,*,#2661,.T.);
#1035=ORIENTED_EDGE('',*,*,#2662,.F.);
#1036=ORIENTED_EDGE('',*,*,#2660,.T.);
#1037=ORIENTED_EDGE('',*,*,#2663,.F.);
#1038=ORIENTED_EDGE('',*,*,#2662,.T.);
#1039=ORIENTED_EDGE('',*,*,#2664,.F.);
#1040=ORIENTED_EDGE('',*,*,#2663,.T.);
#1041=ORIENTED_EDGE('',*,*,#2665,.F.);
#1042=ORIENTED_EDGE('',*,*,#2664,.T.);
#1043=ORIENTED_EDGE('',*,*,#2666,.F.);
#1044=ORIENTED_EDGE('',*,*,#2665,.T.);
#1045=ORIENTED_EDGE('',*,*,#2667,.F.);
#1046=ORIENTED_EDGE('',*,*,#2666,.T.);
#1047=ORIENTED_EDGE('',*,*,#2668,.F.);
#1048=ORIENTED_EDGE('',*,*,#2667,.T.);
#1049=ORIENTED_EDGE('',*,*,#2669,.F.);
#1050=ORIENTED_EDGE('',*,*,#2668,.T.);
#1051=ORIENTED_EDGE('',*,*,#2670,.F.);
#1052=ORIENTED_EDGE('',*,*,#2669,.T.);
#1053=ORIENTED_EDGE('',*,*,#2671,.F.);
#1054=ORIENTED_EDGE('',*,*,#2670,.T.);
#1055=ORIENTED_EDGE('',*,*,#2671,.T.);
#1056=ORIENTED_EDGE('',*,*,#2672,.F.);
#1057=ORIENTED_EDGE('',*,*,#2661,.F.);
#1058=ORIENTED_EDGE('',*,*,#2672,.T.);
#1059=ORIENTED_EDGE('',*,*,#2673,.F.);
#1060=ORIENTED_EDGE('',*,*,#2674,.F.);
#1061=ORIENTED_EDGE('',*,*,#2675,.F.);
#1062=ORIENTED_EDGE('',*,*,#2676,.F.);
#1063=ORIENTED_EDGE('',*,*,#2677,.T.);
#1064=ORIENTED_EDGE('',*,*,#2678,.T.);
#1065=ORIENTED_EDGE('',*,*,#2679,.T.);
#1066=ORIENTED_EDGE('',*,*,#2680,.T.);
#1067=ORIENTED_EDGE('',*,*,#2674,.T.);
#1068=ORIENTED_EDGE('',*,*,#2681,.F.);
#1069=ORIENTED_EDGE('',*,*,#2680,.F.);
#1070=ORIENTED_EDGE('',*,*,#2682,.T.);
#1071=ORIENTED_EDGE('',*,*,#2675,.T.);
#1072=ORIENTED_EDGE('',*,*,#2682,.F.);
#1073=ORIENTED_EDGE('',*,*,#2679,.F.);
#1074=ORIENTED_EDGE('',*,*,#2683,.T.);
#1075=ORIENTED_EDGE('',*,*,#2676,.T.);
#1076=ORIENTED_EDGE('',*,*,#2683,.F.);
#1077=ORIENTED_EDGE('',*,*,#2678,.F.);
#1078=ORIENTED_EDGE('',*,*,#2684,.T.);
#1079=ORIENTED_EDGE('',*,*,#2673,.T.);
#1080=ORIENTED_EDGE('',*,*,#2684,.F.);
#1081=ORIENTED_EDGE('',*,*,#2677,.F.);
#1082=ORIENTED_EDGE('',*,*,#2681,.T.);
#1083=ORIENTED_EDGE('',*,*,#2685,.T.);
#1084=ORIENTED_EDGE('',*,*,#2686,.T.);
#1085=ORIENTED_EDGE('',*,*,#2687,.T.);
#1086=ORIENTED_EDGE('',*,*,#2688,.T.);
#1087=ORIENTED_EDGE('',*,*,#2689,.T.);
#1088=ORIENTED_EDGE('',*,*,#2690,.F.);
#1089=ORIENTED_EDGE('',*,*,#2688,.F.);
#1090=ORIENTED_EDGE('',*,*,#2691,.T.);
#1091=ORIENTED_EDGE('',*,*,#2692,.T.);
#1092=ORIENTED_EDGE('',*,*,#2691,.F.);
#1093=ORIENTED_EDGE('',*,*,#2687,.F.);
#1094=ORIENTED_EDGE('',*,*,#2693,.T.);
#1095=ORIENTED_EDGE('',*,*,#2694,.T.);
#1096=ORIENTED_EDGE('',*,*,#2693,.F.);
#1097=ORIENTED_EDGE('',*,*,#2686,.F.);
#1098=ORIENTED_EDGE('',*,*,#2695,.T.);
#1099=ORIENTED_EDGE('',*,*,#2696,.T.);
#1100=ORIENTED_EDGE('',*,*,#2695,.F.);
#1101=ORIENTED_EDGE('',*,*,#2685,.F.);
#1102=ORIENTED_EDGE('',*,*,#2690,.T.);
#1103=ORIENTED_EDGE('',*,*,#2697,.F.);
#1104=ORIENTED_EDGE('',*,*,#2698,.F.);
#1105=ORIENTED_EDGE('',*,*,#2699,.F.);
#1106=ORIENTED_EDGE('',*,*,#2700,.F.);
#1107=ORIENTED_EDGE('',*,*,#2701,.F.);
#1108=ORIENTED_EDGE('',*,*,#2702,.F.);
#1109=ORIENTED_EDGE('',*,*,#2699,.T.);
#1110=ORIENTED_EDGE('',*,*,#2703,.T.);
#1111=ORIENTED_EDGE('',*,*,#2704,.F.);
#1112=ORIENTED_EDGE('',*,*,#2705,.F.);
#1113=ORIENTED_EDGE('',*,*,#2697,.T.);
#1114=ORIENTED_EDGE('',*,*,#2706,.T.);
#1115=ORIENTED_EDGE('',*,*,#2707,.T.);
#1116=ORIENTED_EDGE('',*,*,#2708,.T.);
#1117=ORIENTED_EDGE('',*,*,#2709,.T.);
#1118=ORIENTED_EDGE('',*,*,#2710,.T.);
#1119=ORIENTED_EDGE('',*,*,#2711,.T.);
#1120=ORIENTED_EDGE('',*,*,#2712,.F.);
#1121=ORIENTED_EDGE('',*,*,#2709,.F.);
#1122=ORIENTED_EDGE('',*,*,#2713,.T.);
#1123=ORIENTED_EDGE('',*,*,#2714,.T.);
#1124=ORIENTED_EDGE('',*,*,#2715,.F.);
#1125=ORIENTED_EDGE('',*,*,#2707,.F.);
#1126=ORIENTED_EDGE('',*,*,#2716,.T.);
#1127=ORIENTED_EDGE('',*,*,#2717,.F.);
#1128=ORIENTED_EDGE('',*,*,#2718,.F.);
#1129=ORIENTED_EDGE('',*,*,#2719,.F.);
#1130=ORIENTED_EDGE('',*,*,#2720,.F.);
#1131=ORIENTED_EDGE('',*,*,#2721,.F.);
#1132=ORIENTED_EDGE('',*,*,#2722,.F.);
#1133=ORIENTED_EDGE('',*,*,#2719,.T.);
#1134=ORIENTED_EDGE('',*,*,#2723,.T.);
#1135=ORIENTED_EDGE('',*,*,#2724,.F.);
#1136=ORIENTED_EDGE('',*,*,#2725,.F.);
#1137=ORIENTED_EDGE('',*,*,#2717,.T.);
#1138=ORIENTED_EDGE('',*,*,#2726,.T.);
#1139=ORIENTED_EDGE('',*,*,#2727,.T.);
#1140=ORIENTED_EDGE('',*,*,#2728,.T.);
#1141=ORIENTED_EDGE('',*,*,#2729,.T.);
#1142=ORIENTED_EDGE('',*,*,#2730,.T.);
#1143=ORIENTED_EDGE('',*,*,#2731,.T.);
#1144=ORIENTED_EDGE('',*,*,#2732,.F.);
#1145=ORIENTED_EDGE('',*,*,#2729,.F.);
#1146=ORIENTED_EDGE('',*,*,#2733,.T.);
#1147=ORIENTED_EDGE('',*,*,#2734,.T.);
#1148=ORIENTED_EDGE('',*,*,#2735,.F.);
#1149=ORIENTED_EDGE('',*,*,#2727,.F.);
#1150=ORIENTED_EDGE('',*,*,#2736,.T.);
#1151=ORIENTED_EDGE('',*,*,#2737,.T.);
#1152=ORIENTED_EDGE('',*,*,#2738,.T.);
#1153=ORIENTED_EDGE('',*,*,#2739,.T.);
#1154=ORIENTED_EDGE('',*,*,#2740,.T.);
#1155=ORIENTED_EDGE('',*,*,#2740,.F.);
#1156=ORIENTED_EDGE('',*,*,#2741,.F.);
#1157=ORIENTED_EDGE('',*,*,#2726,.F.);
#1158=ORIENTED_EDGE('',*,*,#2720,.T.);
#1159=ORIENTED_EDGE('',*,*,#2722,.T.);
#1160=ORIENTED_EDGE('',*,*,#2742,.T.);
#1161=ORIENTED_EDGE('',*,*,#2733,.F.);
#1162=ORIENTED_EDGE('',*,*,#2728,.F.);
#1163=ORIENTED_EDGE('',*,*,#2735,.T.);
#1164=ORIENTED_EDGE('',*,*,#2743,.T.);
#1165=ORIENTED_EDGE('',*,*,#2739,.F.);
#1166=ORIENTED_EDGE('',*,*,#2744,.F.);
#1167=ORIENTED_EDGE('',*,*,#2745,.T.);
#1168=ORIENTED_EDGE('',*,*,#2741,.T.);
#1169=ORIENTED_EDGE('',*,*,#2738,.F.);
#1170=ORIENTED_EDGE('',*,*,#2746,.F.);
#1171=ORIENTED_EDGE('',*,*,#2706,.F.);
#1172=ORIENTED_EDGE('',*,*,#2700,.T.);
#1173=ORIENTED_EDGE('',*,*,#2702,.T.);
#1174=ORIENTED_EDGE('',*,*,#2747,.T.);
#1175=ORIENTED_EDGE('',*,*,#2713,.F.);
#1176=ORIENTED_EDGE('',*,*,#2708,.F.);
#1177=ORIENTED_EDGE('',*,*,#2715,.T.);
#1178=ORIENTED_EDGE('',*,*,#2744,.T.);
#1179=ORIENTED_EDGE('',*,*,#2737,.F.);
#1180=ORIENTED_EDGE('',*,*,#2743,.F.);
#1181=ORIENTED_EDGE('',*,*,#2748,.T.);
#1182=ORIENTED_EDGE('',*,*,#2746,.T.);
#1183=ORIENTED_EDGE('',*,*,#2749,.T.);
#1184=ORIENTED_EDGE('',*,*,#2750,.F.);
#1185=ORIENTED_EDGE('',*,*,#2751,.F.);
#1186=ORIENTED_EDGE('',*,*,#2736,.F.);
#1187=ORIENTED_EDGE('',*,*,#2730,.F.);
#1188=ORIENTED_EDGE('',*,*,#2732,.T.);
#1189=ORIENTED_EDGE('',*,*,#2752,.F.);
#1190=ORIENTED_EDGE('',*,*,#2723,.F.);
#1191=ORIENTED_EDGE('',*,*,#2718,.T.);
#1192=ORIENTED_EDGE('',*,*,#2725,.T.);
#1193=ORIENTED_EDGE('',*,*,#2753,.F.);
#1194=ORIENTED_EDGE('',*,*,#2754,.T.);
#1195=ORIENTED_EDGE('',*,*,#2755,.T.);
#1196=ORIENTED_EDGE('',*,*,#2754,.F.);
#1197=ORIENTED_EDGE('',*,*,#2756,.F.);
#1198=ORIENTED_EDGE('',*,*,#2757,.T.);
#1199=ORIENTED_EDGE('',*,*,#2758,.T.);
#1200=ORIENTED_EDGE('',*,*,#2757,.F.);
#1201=ORIENTED_EDGE('',*,*,#2759,.F.);
#1202=ORIENTED_EDGE('',*,*,#2716,.F.);
#1203=ORIENTED_EDGE('',*,*,#2710,.F.);
#1204=ORIENTED_EDGE('',*,*,#2712,.T.);
#1205=ORIENTED_EDGE('',*,*,#2760,.F.);
#1206=ORIENTED_EDGE('',*,*,#2703,.F.);
#1207=ORIENTED_EDGE('',*,*,#2698,.T.);
#1208=ORIENTED_EDGE('',*,*,#2705,.T.);
#1209=ORIENTED_EDGE('',*,*,#2761,.F.);
#1210=ORIENTED_EDGE('',*,*,#2762,.T.);
#1211=ORIENTED_EDGE('',*,*,#2763,.T.);
#1212=ORIENTED_EDGE('',*,*,#2762,.F.);
#1213=ORIENTED_EDGE('',*,*,#2764,.F.);
#1214=ORIENTED_EDGE('',*,*,#2750,.T.);
#1215=ORIENTED_EDGE('',*,*,#2742,.F.);
#1216=ORIENTED_EDGE('',*,*,#2721,.T.);
#1217=ORIENTED_EDGE('',*,*,#2752,.T.);
#1218=ORIENTED_EDGE('',*,*,#2731,.F.);
#1219=ORIENTED_EDGE('',*,*,#2747,.F.);
#1220=ORIENTED_EDGE('',*,*,#2701,.T.);
#1221=ORIENTED_EDGE('',*,*,#2760,.T.);
#1222=ORIENTED_EDGE('',*,*,#2711,.F.);
#1223=ORIENTED_EDGE('',*,*,#2714,.F.);
#1224=ORIENTED_EDGE('',*,*,#2759,.T.);
#1225=ORIENTED_EDGE('',*,*,#2756,.T.);
#1226=ORIENTED_EDGE('',*,*,#2753,.T.);
#1227=ORIENTED_EDGE('',*,*,#2724,.T.);
#1228=ORIENTED_EDGE('',*,*,#2745,.F.);
#1229=ORIENTED_EDGE('',*,*,#2761,.T.);
#1230=ORIENTED_EDGE('',*,*,#2704,.T.);
#1231=ORIENTED_EDGE('',*,*,#2748,.F.);
#1232=ORIENTED_EDGE('',*,*,#2734,.F.);
#1233=ORIENTED_EDGE('',*,*,#2751,.T.);
#1234=ORIENTED_EDGE('',*,*,#2764,.T.);
#1235=ORIENTED_EDGE('',*,*,#2694,.F.);
#1236=ORIENTED_EDGE('',*,*,#2696,.F.);
#1237=ORIENTED_EDGE('',*,*,#2689,.F.);
#1238=ORIENTED_EDGE('',*,*,#2692,.F.);
#1239=ORIENTED_EDGE('',*,*,#2763,.F.);
#1240=ORIENTED_EDGE('',*,*,#2749,.F.);
#1241=ORIENTED_EDGE('',*,*,#2755,.F.);
#1242=ORIENTED_EDGE('',*,*,#2758,.F.);
#1243=ORIENTED_EDGE('',*,*,#2765,.F.);
#1244=ORIENTED_EDGE('',*,*,#2766,.F.);
#1245=ORIENTED_EDGE('',*,*,#2767,.F.);
#1246=ORIENTED_EDGE('',*,*,#2768,.F.);
#1247=ORIENTED_EDGE('',*,*,#2769,.T.);
#1248=ORIENTED_EDGE('',*,*,#2770,.T.);
#1249=ORIENTED_EDGE('',*,*,#2771,.T.);
#1250=ORIENTED_EDGE('',*,*,#2772,.T.);
#1251=ORIENTED_EDGE('',*,*,#2766,.T.);
#1252=ORIENTED_EDGE('',*,*,#2773,.F.);
#1253=ORIENTED_EDGE('',*,*,#2772,.F.);
#1254=ORIENTED_EDGE('',*,*,#2774,.T.);
#1255=ORIENTED_EDGE('',*,*,#2767,.T.);
#1256=ORIENTED_EDGE('',*,*,#2774,.F.);
#1257=ORIENTED_EDGE('',*,*,#2771,.F.);
#1258=ORIENTED_EDGE('',*,*,#2775,.T.);
#1259=ORIENTED_EDGE('',*,*,#2768,.T.);
#1260=ORIENTED_EDGE('',*,*,#2775,.F.);
#1261=ORIENTED_EDGE('',*,*,#2770,.F.);
#1262=ORIENTED_EDGE('',*,*,#2776,.T.);
#1263=ORIENTED_EDGE('',*,*,#2765,.T.);
#1264=ORIENTED_EDGE('',*,*,#2776,.F.);
#1265=ORIENTED_EDGE('',*,*,#2769,.F.);
#1266=ORIENTED_EDGE('',*,*,#2773,.T.);
#1267=ORIENTED_EDGE('',*,*,#2777,.T.);
#1268=ORIENTED_EDGE('',*,*,#2778,.T.);
#1269=ORIENTED_EDGE('',*,*,#2779,.T.);
#1270=ORIENTED_EDGE('',*,*,#2780,.T.);
#1271=ORIENTED_EDGE('',*,*,#2781,.T.);
#1272=ORIENTED_EDGE('',*,*,#2782,.T.);
#1273=ORIENTED_EDGE('',*,*,#2783,.T.);
#1274=ORIENTED_EDGE('',*,*,#2784,.T.);
#1275=ORIENTED_EDGE('',*,*,#2785,.F.);
#1276=ORIENTED_EDGE('',*,*,#2786,.F.);
#1277=ORIENTED_EDGE('',*,*,#2787,.F.);
#1278=ORIENTED_EDGE('',*,*,#2788,.F.);
#1279=ORIENTED_EDGE('',*,*,#2789,.F.);
#1280=ORIENTED_EDGE('',*,*,#2790,.F.);
#1281=ORIENTED_EDGE('',*,*,#2791,.F.);
#1282=ORIENTED_EDGE('',*,*,#2792,.F.);
#1283=ORIENTED_EDGE('',*,*,#2778,.F.);
#1284=ORIENTED_EDGE('',*,*,#2793,.F.);
#1285=ORIENTED_EDGE('',*,*,#2792,.T.);
#1286=ORIENTED_EDGE('',*,*,#2794,.T.);
#1287=ORIENTED_EDGE('',*,*,#2779,.F.);
#1288=ORIENTED_EDGE('',*,*,#2794,.F.);
#1289=ORIENTED_EDGE('',*,*,#2791,.T.);
#1290=ORIENTED_EDGE('',*,*,#2795,.T.);
#1291=ORIENTED_EDGE('',*,*,#2780,.F.);
#1292=ORIENTED_EDGE('',*,*,#2795,.F.);
#1293=ORIENTED_EDGE('',*,*,#2790,.T.);
#1294=ORIENTED_EDGE('',*,*,#2796,.T.);
#1295=ORIENTED_EDGE('',*,*,#2781,.F.);
#1296=ORIENTED_EDGE('',*,*,#2796,.F.);
#1297=ORIENTED_EDGE('',*,*,#2789,.T.);
#1298=ORIENTED_EDGE('',*,*,#2797,.T.);
#1299=ORIENTED_EDGE('',*,*,#2782,.F.);
#1300=ORIENTED_EDGE('',*,*,#2797,.F.);
#1301=ORIENTED_EDGE('',*,*,#2788,.T.);
#1302=ORIENTED_EDGE('',*,*,#2798,.T.);
#1303=ORIENTED_EDGE('',*,*,#2783,.F.);
#1304=ORIENTED_EDGE('',*,*,#2798,.F.);
#1305=ORIENTED_EDGE('',*,*,#2787,.T.);
#1306=ORIENTED_EDGE('',*,*,#2799,.T.);
#1307=ORIENTED_EDGE('',*,*,#2784,.F.);
#1308=ORIENTED_EDGE('',*,*,#2799,.F.);
#1309=ORIENTED_EDGE('',*,*,#2786,.T.);
#1310=ORIENTED_EDGE('',*,*,#2800,.T.);
#1311=ORIENTED_EDGE('',*,*,#2777,.F.);
#1312=ORIENTED_EDGE('',*,*,#2800,.F.);
#1313=ORIENTED_EDGE('',*,*,#2785,.T.);
#1314=ORIENTED_EDGE('',*,*,#2793,.T.);
#1315=ORIENTED_EDGE('',*,*,#2801,.F.);
#1316=ORIENTED_EDGE('',*,*,#2802,.F.);
#1317=ORIENTED_EDGE('',*,*,#2803,.F.);
#1318=ORIENTED_EDGE('',*,*,#2804,.F.);
#1319=ORIENTED_EDGE('',*,*,#2805,.T.);
#1320=ORIENTED_EDGE('',*,*,#2806,.T.);
#1321=ORIENTED_EDGE('',*,*,#2807,.T.);
#1322=ORIENTED_EDGE('',*,*,#2808,.T.);
#1323=ORIENTED_EDGE('',*,*,#2802,.T.);
#1324=ORIENTED_EDGE('',*,*,#2809,.F.);
#1325=ORIENTED_EDGE('',*,*,#2808,.F.);
#1326=ORIENTED_EDGE('',*,*,#2810,.T.);
#1327=ORIENTED_EDGE('',*,*,#2803,.T.);
#1328=ORIENTED_EDGE('',*,*,#2810,.F.);
#1329=ORIENTED_EDGE('',*,*,#2807,.F.);
#1330=ORIENTED_EDGE('',*,*,#2811,.T.);
#1331=ORIENTED_EDGE('',*,*,#2804,.T.);
#1332=ORIENTED_EDGE('',*,*,#2811,.F.);
#1333=ORIENTED_EDGE('',*,*,#2806,.F.);
#1334=ORIENTED_EDGE('',*,*,#2812,.T.);
#1335=ORIENTED_EDGE('',*,*,#2801,.T.);
#1336=ORIENTED_EDGE('',*,*,#2812,.F.);
#1337=ORIENTED_EDGE('',*,*,#2805,.F.);
#1338=ORIENTED_EDGE('',*,*,#2809,.T.);
#1339=ORIENTED_EDGE('',*,*,#2813,.T.);
#1340=ORIENTED_EDGE('',*,*,#2814,.T.);
#1341=ORIENTED_EDGE('',*,*,#2813,.F.);
#1342=ORIENTED_EDGE('',*,*,#2815,.T.);
#1343=ORIENTED_EDGE('',*,*,#2816,.T.);
#1344=ORIENTED_EDGE('',*,*,#2817,.T.);
#1345=ORIENTED_EDGE('',*,*,#2818,.T.);
#1346=ORIENTED_EDGE('',*,*,#2819,.T.);
#1347=ORIENTED_EDGE('',*,*,#2820,.F.);
#1348=ORIENTED_EDGE('',*,*,#2816,.F.);
#1349=ORIENTED_EDGE('',*,*,#2821,.T.);
#1350=ORIENTED_EDGE('',*,*,#2822,.T.);
#1351=ORIENTED_EDGE('',*,*,#2823,.F.);
#1352=ORIENTED_EDGE('',*,*,#2817,.F.);
#1353=ORIENTED_EDGE('',*,*,#2820,.T.);
#1354=ORIENTED_EDGE('',*,*,#2824,.T.);
#1355=ORIENTED_EDGE('',*,*,#2825,.F.);
#1356=ORIENTED_EDGE('',*,*,#2818,.F.);
#1357=ORIENTED_EDGE('',*,*,#2823,.T.);
#1358=ORIENTED_EDGE('',*,*,#2826,.T.);
#1359=ORIENTED_EDGE('',*,*,#2821,.F.);
#1360=ORIENTED_EDGE('',*,*,#2815,.F.);
#1361=ORIENTED_EDGE('',*,*,#2825,.T.);
#1362=ORIENTED_EDGE('',*,*,#2827,.T.);
#1363=ORIENTED_EDGE('',*,*,#2828,.T.);
#1364=ORIENTED_EDGE('',*,*,#2829,.T.);
#1365=ORIENTED_EDGE('',*,*,#2830,.T.);
#1366=ORIENTED_EDGE('',*,*,#2831,.T.);
#1367=ORIENTED_EDGE('',*,*,#2832,.F.);
#1368=ORIENTED_EDGE('',*,*,#2828,.F.);
#1369=ORIENTED_EDGE('',*,*,#2833,.T.);
#1370=ORIENTED_EDGE('',*,*,#2834,.T.);
#1371=ORIENTED_EDGE('',*,*,#2835,.F.);
#1372=ORIENTED_EDGE('',*,*,#2829,.F.);
#1373=ORIENTED_EDGE('',*,*,#2832,.T.);
#1374=ORIENTED_EDGE('',*,*,#2836,.T.);
#1375=ORIENTED_EDGE('',*,*,#2837,.F.);
#1376=ORIENTED_EDGE('',*,*,#2830,.F.);
#1377=ORIENTED_EDGE('',*,*,#2835,.T.);
#1378=ORIENTED_EDGE('',*,*,#2838,.T.);
#1379=ORIENTED_EDGE('',*,*,#2833,.F.);
#1380=ORIENTED_EDGE('',*,*,#2827,.F.);
#1381=ORIENTED_EDGE('',*,*,#2837,.T.);
#1382=ORIENTED_EDGE('',*,*,#2839,.T.);
#1383=ORIENTED_EDGE('',*,*,#2840,.T.);
#1384=ORIENTED_EDGE('',*,*,#2841,.T.);
#1385=ORIENTED_EDGE('',*,*,#2842,.T.);
#1386=ORIENTED_EDGE('',*,*,#2843,.T.);
#1387=ORIENTED_EDGE('',*,*,#2844,.F.);
#1388=ORIENTED_EDGE('',*,*,#2840,.F.);
#1389=ORIENTED_EDGE('',*,*,#2845,.T.);
#1390=ORIENTED_EDGE('',*,*,#2846,.T.);
#1391=ORIENTED_EDGE('',*,*,#2847,.F.);
#1392=ORIENTED_EDGE('',*,*,#2841,.F.);
#1393=ORIENTED_EDGE('',*,*,#2844,.T.);
#1394=ORIENTED_EDGE('',*,*,#2848,.T.);
#1395=ORIENTED_EDGE('',*,*,#2849,.F.);
#1396=ORIENTED_EDGE('',*,*,#2842,.F.);
#1397=ORIENTED_EDGE('',*,*,#2847,.T.);
#1398=ORIENTED_EDGE('',*,*,#2850,.T.);
#1399=ORIENTED_EDGE('',*,*,#2845,.F.);
#1400=ORIENTED_EDGE('',*,*,#2839,.F.);
#1401=ORIENTED_EDGE('',*,*,#2849,.T.);
#1402=ORIENTED_EDGE('',*,*,#2851,.T.);
#1403=ORIENTED_EDGE('',*,*,#2852,.T.);
#1404=ORIENTED_EDGE('',*,*,#2853,.T.);
#1405=ORIENTED_EDGE('',*,*,#2854,.T.);
#1406=ORIENTED_EDGE('',*,*,#2855,.T.);
#1407=ORIENTED_EDGE('',*,*,#2856,.F.);
#1408=ORIENTED_EDGE('',*,*,#2852,.F.);
#1409=ORIENTED_EDGE('',*,*,#2857,.T.);
#1410=ORIENTED_EDGE('',*,*,#2858,.T.);
#1411=ORIENTED_EDGE('',*,*,#2859,.F.);
#1412=ORIENTED_EDGE('',*,*,#2853,.F.);
#1413=ORIENTED_EDGE('',*,*,#2856,.T.);
#1414=ORIENTED_EDGE('',*,*,#2860,.T.);
#1415=ORIENTED_EDGE('',*,*,#2861,.F.);
#1416=ORIENTED_EDGE('',*,*,#2854,.F.);
#1417=ORIENTED_EDGE('',*,*,#2859,.T.);
#1418=ORIENTED_EDGE('',*,*,#2862,.T.);
#1419=ORIENTED_EDGE('',*,*,#2857,.F.);
#1420=ORIENTED_EDGE('',*,*,#2851,.F.);
#1421=ORIENTED_EDGE('',*,*,#2861,.T.);
#1422=ORIENTED_EDGE('',*,*,#2863,.F.);
#1423=ORIENTED_EDGE('',*,*,#2864,.F.);
#1424=ORIENTED_EDGE('',*,*,#2865,.F.);
#1425=ORIENTED_EDGE('',*,*,#2866,.F.);
#1426=ORIENTED_EDGE('',*,*,#2855,.F.);
#1427=ORIENTED_EDGE('',*,*,#2862,.F.);
#1428=ORIENTED_EDGE('',*,*,#2860,.F.);
#1429=ORIENTED_EDGE('',*,*,#2858,.F.);
#1430=ORIENTED_EDGE('',*,*,#2843,.F.);
#1431=ORIENTED_EDGE('',*,*,#2850,.F.);
#1432=ORIENTED_EDGE('',*,*,#2848,.F.);
#1433=ORIENTED_EDGE('',*,*,#2846,.F.);
#1434=ORIENTED_EDGE('',*,*,#2831,.F.);
#1435=ORIENTED_EDGE('',*,*,#2838,.F.);
#1436=ORIENTED_EDGE('',*,*,#2836,.F.);
#1437=ORIENTED_EDGE('',*,*,#2834,.F.);
#1438=ORIENTED_EDGE('',*,*,#2819,.F.);
#1439=ORIENTED_EDGE('',*,*,#2826,.F.);
#1440=ORIENTED_EDGE('',*,*,#2824,.F.);
#1441=ORIENTED_EDGE('',*,*,#2822,.F.);
#1442=ORIENTED_EDGE('',*,*,#2814,.F.);
#1443=ORIENTED_EDGE('',*,*,#2867,.T.);
#1444=ORIENTED_EDGE('',*,*,#2868,.T.);
#1445=ORIENTED_EDGE('',*,*,#2869,.T.);
#1446=ORIENTED_EDGE('',*,*,#2870,.T.);
#1447=ORIENTED_EDGE('',*,*,#2864,.T.);
#1448=ORIENTED_EDGE('',*,*,#2871,.F.);
#1449=ORIENTED_EDGE('',*,*,#2870,.F.);
#1450=ORIENTED_EDGE('',*,*,#2872,.T.);
#1451=ORIENTED_EDGE('',*,*,#2865,.T.);
#1452=ORIENTED_EDGE('',*,*,#2872,.F.);
#1453=ORIENTED_EDGE('',*,*,#2869,.F.);
#1454=ORIENTED_EDGE('',*,*,#2873,.T.);
#1455=ORIENTED_EDGE('',*,*,#2866,.T.);
#1456=ORIENTED_EDGE('',*,*,#2873,.F.);
#1457=ORIENTED_EDGE('',*,*,#2868,.F.);
#1458=ORIENTED_EDGE('',*,*,#2874,.T.);
#1459=ORIENTED_EDGE('',*,*,#2863,.T.);
#1460=ORIENTED_EDGE('',*,*,#2874,.F.);
#1461=ORIENTED_EDGE('',*,*,#2867,.F.);
#1462=ORIENTED_EDGE('',*,*,#2871,.T.);
#1463=ORIENTED_EDGE('',*,*,#2875,.T.);
#1464=ORIENTED_EDGE('',*,*,#2876,.T.);
#1465=ORIENTED_EDGE('',*,*,#2877,.T.);
#1466=ORIENTED_EDGE('',*,*,#2878,.F.);
#1467=ORIENTED_EDGE('',*,*,#2879,.T.);
#1468=ORIENTED_EDGE('',*,*,#2880,.T.);
#1469=ORIENTED_EDGE('',*,*,#2881,.T.);
#1470=ORIENTED_EDGE('',*,*,#2876,.F.);
#1471=ORIENTED_EDGE('',*,*,#2882,.T.);
#1472=ORIENTED_EDGE('',*,*,#2883,.T.);
#1473=ORIENTED_EDGE('',*,*,#2884,.T.);
#1474=ORIENTED_EDGE('',*,*,#2880,.F.);
#1475=ORIENTED_EDGE('',*,*,#2885,.F.);
#1476=ORIENTED_EDGE('',*,*,#2878,.T.);
#1477=ORIENTED_EDGE('',*,*,#2886,.T.);
#1478=ORIENTED_EDGE('',*,*,#2887,.T.);
#1479=ORIENTED_EDGE('',*,*,#2888,.T.);
#1480=ORIENTED_EDGE('',*,*,#2889,.F.);
#1481=ORIENTED_EDGE('',*,*,#2883,.F.);
#1482=ORIENTED_EDGE('',*,*,#2890,.T.);
#1483=ORIENTED_EDGE('',*,*,#2891,.T.);
#1484=ORIENTED_EDGE('',*,*,#2892,.F.);
#1485=ORIENTED_EDGE('',*,*,#2893,.F.);
#1486=ORIENTED_EDGE('',*,*,#2894,.F.);
#1487=ORIENTED_EDGE('',*,*,#2893,.T.);
#1488=ORIENTED_EDGE('',*,*,#2895,.T.);
#1489=ORIENTED_EDGE('',*,*,#2887,.F.);
#1490=ORIENTED_EDGE('',*,*,#2896,.T.);
#1491=ORIENTED_EDGE('',*,*,#2897,.T.);
#1492=ORIENTED_EDGE('',*,*,#2898,.T.);
#1493=ORIENTED_EDGE('',*,*,#2899,.F.);
#1494=ORIENTED_EDGE('',*,*,#2900,.F.);
#1495=ORIENTED_EDGE('',*,*,#2901,.T.);
#1496=ORIENTED_EDGE('',*,*,#2900,.T.);
#1497=ORIENTED_EDGE('',*,*,#2902,.F.);
#1498=ORIENTED_EDGE('',*,*,#2903,.F.);
#1499=ORIENTED_EDGE('',*,*,#2904,.T.);
#1500=ORIENTED_EDGE('',*,*,#2903,.T.);
#1501=ORIENTED_EDGE('',*,*,#2905,.F.);
#1502=ORIENTED_EDGE('',*,*,#2906,.F.);
#1503=ORIENTED_EDGE('',*,*,#2907,.F.);
#1504=ORIENTED_EDGE('',*,*,#2908,.F.);
#1505=ORIENTED_EDGE('',*,*,#2909,.F.);
#1506=ORIENTED_EDGE('',*,*,#2910,.T.);
#1507=ORIENTED_EDGE('',*,*,#2911,.T.);
#1508=ORIENTED_EDGE('',*,*,#2912,.T.);
#1509=ORIENTED_EDGE('',*,*,#2913,.F.);
#1510=ORIENTED_EDGE('',*,*,#2914,.F.);
#1511=ORIENTED_EDGE('',*,*,#2915,.T.);
#1512=ORIENTED_EDGE('',*,*,#2914,.T.);
#1513=ORIENTED_EDGE('',*,*,#2916,.F.);
#1514=ORIENTED_EDGE('',*,*,#2917,.F.);
#1515=ORIENTED_EDGE('',*,*,#2918,.T.);
#1516=ORIENTED_EDGE('',*,*,#2917,.T.);
#1517=ORIENTED_EDGE('',*,*,#2919,.F.);
#1518=ORIENTED_EDGE('',*,*,#2920,.F.);
#1519=ORIENTED_EDGE('',*,*,#2921,.F.);
#1520=ORIENTED_EDGE('',*,*,#2922,.F.);
#1521=ORIENTED_EDGE('',*,*,#2923,.F.);
#1522=ORIENTED_EDGE('',*,*,#2924,.T.);
#1523=ORIENTED_EDGE('',*,*,#2925,.T.);
#1524=ORIENTED_EDGE('',*,*,#2926,.T.);
#1525=ORIENTED_EDGE('',*,*,#2927,.T.);
#1526=ORIENTED_EDGE('',*,*,#2928,.F.);
#1527=ORIENTED_EDGE('',*,*,#2929,.T.);
#1528=ORIENTED_EDGE('',*,*,#2930,.T.);
#1529=ORIENTED_EDGE('',*,*,#2931,.T.);
#1530=ORIENTED_EDGE('',*,*,#2926,.F.);
#1531=ORIENTED_EDGE('',*,*,#2932,.T.);
#1532=ORIENTED_EDGE('',*,*,#2933,.T.);
#1533=ORIENTED_EDGE('',*,*,#2934,.T.);
#1534=ORIENTED_EDGE('',*,*,#2930,.F.);
#1535=ORIENTED_EDGE('',*,*,#2933,.F.);
#1536=ORIENTED_EDGE('',*,*,#2935,.T.);
#1537=ORIENTED_EDGE('',*,*,#2936,.T.);
#1538=ORIENTED_EDGE('',*,*,#2937,.F.);
#1539=ORIENTED_EDGE('',*,*,#2938,.F.);
#1540=ORIENTED_EDGE('',*,*,#2939,.F.);
#1541=ORIENTED_EDGE('',*,*,#2940,.F.);
#1542=ORIENTED_EDGE('',*,*,#2928,.T.);
#1543=ORIENTED_EDGE('',*,*,#2941,.T.);
#1544=ORIENTED_EDGE('',*,*,#2942,.T.);
#1545=ORIENTED_EDGE('',*,*,#2943,.T.);
#1546=ORIENTED_EDGE('',*,*,#2944,.F.);
#1547=ORIENTED_EDGE('',*,*,#2938,.T.);
#1548=ORIENTED_EDGE('',*,*,#2945,.T.);
#1549=ORIENTED_EDGE('',*,*,#2942,.F.);
#1550=ORIENTED_EDGE('',*,*,#2946,.T.);
#1551=ORIENTED_EDGE('',*,*,#2947,.T.);
#1552=ORIENTED_EDGE('',*,*,#2948,.F.);
#1553=ORIENTED_EDGE('',*,*,#2949,.T.);
#1554=ORIENTED_EDGE('',*,*,#2950,.F.);
#1555=ORIENTED_EDGE('',*,*,#2951,.T.);
#1556=ORIENTED_EDGE('',*,*,#2952,.F.);
#1557=ORIENTED_EDGE('',*,*,#2949,.F.);
#1558=ORIENTED_EDGE('',*,*,#2953,.F.);
#1559=ORIENTED_EDGE('',*,*,#2954,.T.);
#1560=ORIENTED_EDGE('',*,*,#2955,.F.);
#1561=ORIENTED_EDGE('',*,*,#2947,.F.);
#1562=ORIENTED_EDGE('',*,*,#2956,.F.);
#1563=ORIENTED_EDGE('',*,*,#2957,.T.);
#1564=ORIENTED_EDGE('',*,*,#2958,.F.);
#1565=ORIENTED_EDGE('',*,*,#2951,.F.);
#1566=ORIENTED_EDGE('',*,*,#2959,.F.);
#1567=ORIENTED_EDGE('',*,*,#2960,.T.);
#1568=ORIENTED_EDGE('',*,*,#2961,.F.);
#1569=ORIENTED_EDGE('',*,*,#2954,.F.);
#1570=ORIENTED_EDGE('',*,*,#2962,.F.);
#1571=ORIENTED_EDGE('',*,*,#2963,.T.);
#1572=ORIENTED_EDGE('',*,*,#2964,.F.);
#1573=ORIENTED_EDGE('',*,*,#2957,.F.);
#1574=ORIENTED_EDGE('',*,*,#2965,.F.);
#1575=ORIENTED_EDGE('',*,*,#2966,.T.);
#1576=ORIENTED_EDGE('',*,*,#2967,.F.);
#1577=ORIENTED_EDGE('',*,*,#2960,.F.);
#1578=ORIENTED_EDGE('',*,*,#2968,.F.);
#1579=ORIENTED_EDGE('',*,*,#2963,.F.);
#1580=ORIENTED_EDGE('',*,*,#2969,.F.);
#1581=ORIENTED_EDGE('',*,*,#2966,.F.);
#1582=ORIENTED_EDGE('',*,*,#2970,.F.);
#1583=ORIENTED_EDGE('',*,*,#2971,.T.);
#1584=ORIENTED_EDGE('',*,*,#2972,.F.);
#1585=ORIENTED_EDGE('',*,*,#2973,.T.);
#1586=ORIENTED_EDGE('',*,*,#2974,.F.);
#1587=ORIENTED_EDGE('',*,*,#2975,.T.);
#1588=ORIENTED_EDGE('',*,*,#2976,.F.);
#1589=ORIENTED_EDGE('',*,*,#2973,.F.);
#1590=ORIENTED_EDGE('',*,*,#2977,.F.);
#1591=ORIENTED_EDGE('',*,*,#2978,.T.);
#1592=ORIENTED_EDGE('',*,*,#2979,.T.);
#1593=ORIENTED_EDGE('',*,*,#2975,.F.);
#1594=ORIENTED_EDGE('',*,*,#2980,.T.);
#1595=ORIENTED_EDGE('',*,*,#2981,.T.);
#1596=ORIENTED_EDGE('',*,*,#2982,.F.);
#1597=ORIENTED_EDGE('',*,*,#2978,.F.);
#1598=ORIENTED_EDGE('',*,*,#2983,.F.);
#1599=ORIENTED_EDGE('',*,*,#2984,.T.);
#1600=ORIENTED_EDGE('',*,*,#2985,.F.);
#1601=ORIENTED_EDGE('',*,*,#2979,.F.);
#1602=ORIENTED_EDGE('',*,*,#2986,.F.);
#1603=ORIENTED_EDGE('',*,*,#2987,.T.);
#1604=ORIENTED_EDGE('',*,*,#2988,.F.);
#1605=ORIENTED_EDGE('',*,*,#2989,.F.);
#1606=ORIENTED_EDGE('',*,*,#2990,.F.);
#1607=ORIENTED_EDGE('',*,*,#2991,.T.);
#1608=ORIENTED_EDGE('',*,*,#2992,.F.);
#1609=ORIENTED_EDGE('',*,*,#2993,.F.);
#1610=ORIENTED_EDGE('',*,*,#2994,.F.);
#1611=ORIENTED_EDGE('',*,*,#2995,.T.);
#1612=ORIENTED_EDGE('',*,*,#2996,.T.);
#1613=ORIENTED_EDGE('',*,*,#2981,.F.);
#1614=ORIENTED_EDGE('',*,*,#2984,.F.);
#1615=ORIENTED_EDGE('',*,*,#2997,.T.);
#1616=ORIENTED_EDGE('',*,*,#2987,.F.);
#1617=ORIENTED_EDGE('',*,*,#2998,.T.);
#1618=ORIENTED_EDGE('',*,*,#2999,.T.);
#1619=ORIENTED_EDGE('',*,*,#2991,.F.);
#1620=ORIENTED_EDGE('',*,*,#3000,.T.);
#1621=ORIENTED_EDGE('',*,*,#3001,.F.);
#1622=ORIENTED_EDGE('',*,*,#2995,.F.);
#1623=ORIENTED_EDGE('',*,*,#3002,.F.);
#1624=ORIENTED_EDGE('',*,*,#3003,.T.);
#1625=ORIENTED_EDGE('',*,*,#3004,.F.);
#1626=ORIENTED_EDGE('',*,*,#2996,.F.);
#1627=ORIENTED_EDGE('',*,*,#3005,.F.);
#1628=ORIENTED_EDGE('',*,*,#3006,.T.);
#1629=ORIENTED_EDGE('',*,*,#3007,.F.);
#1630=ORIENTED_EDGE('',*,*,#2997,.F.);
#1631=ORIENTED_EDGE('',*,*,#3008,.F.);
#1632=ORIENTED_EDGE('',*,*,#3009,.T.);
#1633=ORIENTED_EDGE('',*,*,#3010,.F.);
#1634=ORIENTED_EDGE('',*,*,#2998,.F.);
#1635=ORIENTED_EDGE('',*,*,#3011,.F.);
#1636=ORIENTED_EDGE('',*,*,#3012,.T.);
#1637=ORIENTED_EDGE('',*,*,#3013,.F.);
#1638=ORIENTED_EDGE('',*,*,#2999,.F.);
#1639=ORIENTED_EDGE('',*,*,#3014,.F.);
#1640=ORIENTED_EDGE('',*,*,#3015,.T.);
#1641=ORIENTED_EDGE('',*,*,#3016,.T.);
#1642=ORIENTED_EDGE('',*,*,#3000,.F.);
#1643=ORIENTED_EDGE('',*,*,#3003,.F.);
#1644=ORIENTED_EDGE('',*,*,#3017,.T.);
#1645=ORIENTED_EDGE('',*,*,#3009,.F.);
#1646=ORIENTED_EDGE('',*,*,#3006,.F.);
#1647=ORIENTED_EDGE('',*,*,#3018,.T.);
#1648=ORIENTED_EDGE('',*,*,#3019,.T.);
#1649=ORIENTED_EDGE('',*,*,#3012,.F.);
#1650=ORIENTED_EDGE('',*,*,#3020,.T.);
#1651=ORIENTED_EDGE('',*,*,#3021,.F.);
#1652=ORIENTED_EDGE('',*,*,#3015,.F.);
#1653=ORIENTED_EDGE('',*,*,#3022,.F.);
#1654=ORIENTED_EDGE('',*,*,#3023,.T.);
#1655=ORIENTED_EDGE('',*,*,#3024,.F.);
#1656=ORIENTED_EDGE('',*,*,#3016,.F.);
#1657=ORIENTED_EDGE('',*,*,#3025,.F.);
#1658=ORIENTED_EDGE('',*,*,#3026,.T.);
#1659=ORIENTED_EDGE('',*,*,#3027,.F.);
#1660=ORIENTED_EDGE('',*,*,#3018,.F.);
#1661=ORIENTED_EDGE('',*,*,#3028,.F.);
#1662=ORIENTED_EDGE('',*,*,#3029,.T.);
#1663=ORIENTED_EDGE('',*,*,#3030,.F.);
#1664=ORIENTED_EDGE('',*,*,#3019,.F.);
#1665=ORIENTED_EDGE('',*,*,#3031,.F.);
#1666=ORIENTED_EDGE('',*,*,#3032,.T.);
#1667=ORIENTED_EDGE('',*,*,#3033,.T.);
#1668=ORIENTED_EDGE('',*,*,#3020,.F.);
#1669=ORIENTED_EDGE('',*,*,#3034,.T.);
#1670=ORIENTED_EDGE('',*,*,#3035,.T.);
#1671=ORIENTED_EDGE('',*,*,#3036,.T.);
#1672=ORIENTED_EDGE('',*,*,#3023,.F.);
#1673=ORIENTED_EDGE('',*,*,#3037,.T.);
#1674=ORIENTED_EDGE('',*,*,#3038,.T.);
#1675=ORIENTED_EDGE('',*,*,#3026,.F.);
#1676=ORIENTED_EDGE('',*,*,#3039,.T.);
#1677=ORIENTED_EDGE('',*,*,#3040,.F.);
#1678=ORIENTED_EDGE('',*,*,#2889,.T.);
#1679=ORIENTED_EDGE('',*,*,#3041,.T.);
#1680=ORIENTED_EDGE('',*,*,#3029,.F.);
#1681=ORIENTED_EDGE('',*,*,#3042,.T.);
#1682=ORIENTED_EDGE('',*,*,#3043,.T.);
#1683=ORIENTED_EDGE('',*,*,#3044,.T.);
#1684=ORIENTED_EDGE('',*,*,#3045,.F.);
#1685=ORIENTED_EDGE('',*,*,#3032,.F.);
#1686=ORIENTED_EDGE('',*,*,#3046,.F.);
#1687=ORIENTED_EDGE('',*,*,#3047,.T.);
#1688=ORIENTED_EDGE('',*,*,#3048,.F.);
#1689=ORIENTED_EDGE('',*,*,#3033,.F.);
#1690=ORIENTED_EDGE('',*,*,#3049,.F.);
#1691=ORIENTED_EDGE('',*,*,#3050,.T.);
#1692=ORIENTED_EDGE('',*,*,#3051,.F.);
#1693=ORIENTED_EDGE('',*,*,#3035,.F.);
#1694=ORIENTED_EDGE('',*,*,#3052,.F.);
#1695=ORIENTED_EDGE('',*,*,#3053,.T.);
#1696=ORIENTED_EDGE('',*,*,#3054,.F.);
#1697=ORIENTED_EDGE('',*,*,#3036,.F.);
#1698=ORIENTED_EDGE('',*,*,#3055,.F.);
#1699=ORIENTED_EDGE('',*,*,#3056,.T.);
#1700=ORIENTED_EDGE('',*,*,#3057,.F.);
#1701=ORIENTED_EDGE('',*,*,#3037,.F.);
#1702=ORIENTED_EDGE('',*,*,#3058,.F.);
#1703=ORIENTED_EDGE('',*,*,#3059,.T.);
#1704=ORIENTED_EDGE('',*,*,#3060,.F.);
#1705=ORIENTED_EDGE('',*,*,#3038,.F.);
#1706=ORIENTED_EDGE('',*,*,#3061,.F.);
#1707=ORIENTED_EDGE('',*,*,#3062,.T.);
#1708=ORIENTED_EDGE('',*,*,#3063,.F.);
#1709=ORIENTED_EDGE('',*,*,#3042,.F.);
#1710=ORIENTED_EDGE('',*,*,#3064,.F.);
#1711=ORIENTED_EDGE('',*,*,#3065,.F.);
#1712=ORIENTED_EDGE('',*,*,#3043,.F.);
#1713=ORIENTED_EDGE('',*,*,#3066,.F.);
#1714=ORIENTED_EDGE('',*,*,#3067,.T.);
#1715=ORIENTED_EDGE('',*,*,#3068,.F.);
#1716=ORIENTED_EDGE('',*,*,#2891,.F.);
#1717=ORIENTED_EDGE('',*,*,#3069,.T.);
#1718=ORIENTED_EDGE('',*,*,#3070,.T.);
#1719=ORIENTED_EDGE('',*,*,#3044,.F.);
#1720=ORIENTED_EDGE('',*,*,#3071,.T.);
#1721=ORIENTED_EDGE('',*,*,#3072,.T.);
#1722=ORIENTED_EDGE('',*,*,#3073,.T.);
#1723=ORIENTED_EDGE('',*,*,#3050,.F.);
#1724=ORIENTED_EDGE('',*,*,#3047,.F.);
#1725=ORIENTED_EDGE('',*,*,#3074,.T.);
#1726=ORIENTED_EDGE('',*,*,#3075,.T.);
#1727=ORIENTED_EDGE('',*,*,#3053,.F.);
#1728=ORIENTED_EDGE('',*,*,#3076,.T.);
#1729=ORIENTED_EDGE('',*,*,#3077,.T.);
#1730=ORIENTED_EDGE('',*,*,#3078,.T.);
#1731=ORIENTED_EDGE('',*,*,#3056,.F.);
#1732=ORIENTED_EDGE('',*,*,#3059,.F.);
#1733=ORIENTED_EDGE('',*,*,#3079,.T.);
#1734=ORIENTED_EDGE('',*,*,#3062,.F.);
#1735=ORIENTED_EDGE('',*,*,#3080,.T.);
#1736=ORIENTED_EDGE('',*,*,#3081,.F.);
#1737=ORIENTED_EDGE('',*,*,#3067,.F.);
#1738=ORIENTED_EDGE('',*,*,#3082,.F.);
#1739=ORIENTED_EDGE('',*,*,#3083,.T.);
#1740=ORIENTED_EDGE('',*,*,#3084,.F.);
#1741=ORIENTED_EDGE('',*,*,#3069,.F.);
#1742=ORIENTED_EDGE('',*,*,#3085,.F.);
#1743=ORIENTED_EDGE('',*,*,#3086,.T.);
#1744=ORIENTED_EDGE('',*,*,#3087,.F.);
#1745=ORIENTED_EDGE('',*,*,#3070,.F.);
#1746=ORIENTED_EDGE('',*,*,#3088,.F.);
#1747=ORIENTED_EDGE('',*,*,#3089,.T.);
#1748=ORIENTED_EDGE('',*,*,#3090,.F.);
#1749=ORIENTED_EDGE('',*,*,#3073,.F.);
#1750=ORIENTED_EDGE('',*,*,#3091,.F.);
#1751=ORIENTED_EDGE('',*,*,#3092,.T.);
#1752=ORIENTED_EDGE('',*,*,#3093,.F.);
#1753=ORIENTED_EDGE('',*,*,#3076,.F.);
#1754=ORIENTED_EDGE('',*,*,#3094,.F.);
#1755=ORIENTED_EDGE('',*,*,#3095,.T.);
#1756=ORIENTED_EDGE('',*,*,#3096,.F.);
#1757=ORIENTED_EDGE('',*,*,#3074,.F.);
#1758=ORIENTED_EDGE('',*,*,#3097,.F.);
#1759=ORIENTED_EDGE('',*,*,#3098,.T.);
#1760=ORIENTED_EDGE('',*,*,#3099,.F.);
#1761=ORIENTED_EDGE('',*,*,#3077,.F.);
#1762=ORIENTED_EDGE('',*,*,#3100,.F.);
#1763=ORIENTED_EDGE('',*,*,#3101,.T.);
#1764=ORIENTED_EDGE('',*,*,#3102,.F.);
#1765=ORIENTED_EDGE('',*,*,#3078,.F.);
#1766=ORIENTED_EDGE('',*,*,#3103,.F.);
#1767=ORIENTED_EDGE('',*,*,#3104,.T.);
#1768=ORIENTED_EDGE('',*,*,#3105,.F.);
#1769=ORIENTED_EDGE('',*,*,#3079,.F.);
#1770=ORIENTED_EDGE('',*,*,#3106,.F.);
#1771=ORIENTED_EDGE('',*,*,#3107,.T.);
#1772=ORIENTED_EDGE('',*,*,#3108,.F.);
#1773=ORIENTED_EDGE('',*,*,#3080,.F.);
#1774=ORIENTED_EDGE('',*,*,#3109,.F.);
#1775=ORIENTED_EDGE('',*,*,#3110,.T.);
#1776=ORIENTED_EDGE('',*,*,#3111,.T.);
#1777=ORIENTED_EDGE('',*,*,#3083,.F.);
#1778=ORIENTED_EDGE('',*,*,#3112,.T.);
#1779=ORIENTED_EDGE('',*,*,#3113,.T.);
#1780=ORIENTED_EDGE('',*,*,#3086,.F.);
#1781=ORIENTED_EDGE('',*,*,#3114,.T.);
#1782=ORIENTED_EDGE('',*,*,#3089,.F.);
#1783=ORIENTED_EDGE('',*,*,#3115,.T.);
#1784=ORIENTED_EDGE('',*,*,#3092,.F.);
#1785=ORIENTED_EDGE('',*,*,#3116,.T.);
#1786=ORIENTED_EDGE('',*,*,#3117,.T.);
#1787=ORIENTED_EDGE('',*,*,#3095,.F.);
#1788=ORIENTED_EDGE('',*,*,#3118,.T.);
#1789=ORIENTED_EDGE('',*,*,#3119,.T.);
#1790=ORIENTED_EDGE('',*,*,#3120,.T.);
#1791=ORIENTED_EDGE('',*,*,#3098,.F.);
#1792=ORIENTED_EDGE('',*,*,#3101,.F.);
#1793=ORIENTED_EDGE('',*,*,#3121,.T.);
#1794=ORIENTED_EDGE('',*,*,#3107,.F.);
#1795=ORIENTED_EDGE('',*,*,#3104,.F.);
#1796=ORIENTED_EDGE('',*,*,#3122,.T.);
#1797=ORIENTED_EDGE('',*,*,#3123,.F.);
#1798=ORIENTED_EDGE('',*,*,#3110,.F.);
#1799=ORIENTED_EDGE('',*,*,#3124,.F.);
#1800=ORIENTED_EDGE('',*,*,#3125,.T.);
#1801=ORIENTED_EDGE('',*,*,#3126,.F.);
#1802=ORIENTED_EDGE('',*,*,#3111,.F.);
#1803=ORIENTED_EDGE('',*,*,#3127,.F.);
#1804=ORIENTED_EDGE('',*,*,#3128,.T.);
#1805=ORIENTED_EDGE('',*,*,#3129,.F.);
#1806=ORIENTED_EDGE('',*,*,#3114,.F.);
#1807=ORIENTED_EDGE('',*,*,#3130,.F.);
#1808=ORIENTED_EDGE('',*,*,#3131,.T.);
#1809=ORIENTED_EDGE('',*,*,#3132,.F.);
#1810=ORIENTED_EDGE('',*,*,#3112,.F.);
#1811=ORIENTED_EDGE('',*,*,#3133,.F.);
#1812=ORIENTED_EDGE('',*,*,#3134,.T.);
#1813=ORIENTED_EDGE('',*,*,#3135,.F.);
#1814=ORIENTED_EDGE('',*,*,#3115,.F.);
#1815=ORIENTED_EDGE('',*,*,#3136,.F.);
#1816=ORIENTED_EDGE('',*,*,#3137,.T.);
#1817=ORIENTED_EDGE('',*,*,#3138,.F.);
#1818=ORIENTED_EDGE('',*,*,#3118,.F.);
#1819=ORIENTED_EDGE('',*,*,#3139,.F.);
#1820=ORIENTED_EDGE('',*,*,#3140,.T.);
#1821=ORIENTED_EDGE('',*,*,#3141,.F.);
#1822=ORIENTED_EDGE('',*,*,#3116,.F.);
#1823=ORIENTED_EDGE('',*,*,#3142,.F.);
#1824=ORIENTED_EDGE('',*,*,#3143,.T.);
#1825=ORIENTED_EDGE('',*,*,#3144,.F.);
#1826=ORIENTED_EDGE('',*,*,#3119,.F.);
#1827=ORIENTED_EDGE('',*,*,#3145,.F.);
#1828=ORIENTED_EDGE('',*,*,#3146,.T.);
#1829=ORIENTED_EDGE('',*,*,#3147,.F.);
#1830=ORIENTED_EDGE('',*,*,#3120,.F.);
#1831=ORIENTED_EDGE('',*,*,#3148,.F.);
#1832=ORIENTED_EDGE('',*,*,#3149,.T.);
#1833=ORIENTED_EDGE('',*,*,#3150,.T.);
#1834=ORIENTED_EDGE('',*,*,#3122,.F.);
#1835=ORIENTED_EDGE('',*,*,#3125,.F.);
#1836=ORIENTED_EDGE('',*,*,#3151,.T.);
#1837=ORIENTED_EDGE('',*,*,#3128,.F.);
#1838=ORIENTED_EDGE('',*,*,#3152,.T.);
#1839=ORIENTED_EDGE('',*,*,#3153,.T.);
#1840=ORIENTED_EDGE('',*,*,#3131,.F.);
#1841=ORIENTED_EDGE('',*,*,#3134,.F.);
#1842=ORIENTED_EDGE('',*,*,#3154,.T.);
#1843=ORIENTED_EDGE('',*,*,#3137,.F.);
#1844=ORIENTED_EDGE('',*,*,#3140,.F.);
#1845=ORIENTED_EDGE('',*,*,#3155,.T.);
#1846=ORIENTED_EDGE('',*,*,#3143,.F.);
#1847=ORIENTED_EDGE('',*,*,#3156,.T.);
#1848=ORIENTED_EDGE('',*,*,#3157,.T.);
#1849=ORIENTED_EDGE('',*,*,#3146,.F.);
#1850=ORIENTED_EDGE('',*,*,#3158,.T.);
#1851=ORIENTED_EDGE('',*,*,#3159,.T.);
#1852=ORIENTED_EDGE('',*,*,#3160,.F.);
#1853=ORIENTED_EDGE('',*,*,#3149,.F.);
#1854=ORIENTED_EDGE('',*,*,#3161,.F.);
#1855=ORIENTED_EDGE('',*,*,#3162,.T.);
#1856=ORIENTED_EDGE('',*,*,#3163,.F.);
#1857=ORIENTED_EDGE('',*,*,#3150,.F.);
#1858=ORIENTED_EDGE('',*,*,#3164,.F.);
#1859=ORIENTED_EDGE('',*,*,#3165,.T.);
#1860=ORIENTED_EDGE('',*,*,#3166,.F.);
#1861=ORIENTED_EDGE('',*,*,#3151,.F.);
#1862=ORIENTED_EDGE('',*,*,#3167,.F.);
#1863=ORIENTED_EDGE('',*,*,#3168,.T.);
#1864=ORIENTED_EDGE('',*,*,#3169,.F.);
#1865=ORIENTED_EDGE('',*,*,#3152,.F.);
#1866=ORIENTED_EDGE('',*,*,#3170,.F.);
#1867=ORIENTED_EDGE('',*,*,#3171,.T.);
#1868=ORIENTED_EDGE('',*,*,#3172,.F.);
#1869=ORIENTED_EDGE('',*,*,#3153,.F.);
#1870=ORIENTED_EDGE('',*,*,#3173,.F.);
#1871=ORIENTED_EDGE('',*,*,#3174,.T.);
#1872=ORIENTED_EDGE('',*,*,#3175,.F.);
#1873=ORIENTED_EDGE('',*,*,#3154,.F.);
#1874=ORIENTED_EDGE('',*,*,#3176,.F.);
#1875=ORIENTED_EDGE('',*,*,#3177,.T.);
#1876=ORIENTED_EDGE('',*,*,#3178,.F.);
#1877=ORIENTED_EDGE('',*,*,#3155,.F.);
#1878=ORIENTED_EDGE('',*,*,#3179,.F.);
#1879=ORIENTED_EDGE('',*,*,#3180,.T.);
#1880=ORIENTED_EDGE('',*,*,#3181,.F.);
#1881=ORIENTED_EDGE('',*,*,#3158,.F.);
#1882=ORIENTED_EDGE('',*,*,#3182,.F.);
#1883=ORIENTED_EDGE('',*,*,#3183,.T.);
#1884=ORIENTED_EDGE('',*,*,#3184,.F.);
#1885=ORIENTED_EDGE('',*,*,#3156,.F.);
#1886=ORIENTED_EDGE('',*,*,#3185,.F.);
#1887=ORIENTED_EDGE('',*,*,#3186,.T.);
#1888=ORIENTED_EDGE('',*,*,#3187,.T.);
#1889=ORIENTED_EDGE('',*,*,#3159,.F.);
#1890=ORIENTED_EDGE('',*,*,#3188,.T.);
#1891=ORIENTED_EDGE('',*,*,#3189,.T.);
#1892=ORIENTED_EDGE('',*,*,#3190,.T.);
#1893=ORIENTED_EDGE('',*,*,#3162,.F.);
#1894=ORIENTED_EDGE('',*,*,#3191,.T.);
#1895=ORIENTED_EDGE('',*,*,#3192,.T.);
#1896=ORIENTED_EDGE('',*,*,#3193,.T.);
#1897=ORIENTED_EDGE('',*,*,#3168,.F.);
#1898=ORIENTED_EDGE('',*,*,#3165,.F.);
#1899=ORIENTED_EDGE('',*,*,#3194,.T.);
#1900=ORIENTED_EDGE('',*,*,#3195,.T.);
#1901=ORIENTED_EDGE('',*,*,#3171,.F.);
#1902=ORIENTED_EDGE('',*,*,#3174,.F.);
#1903=ORIENTED_EDGE('',*,*,#3196,.T.);
#1904=ORIENTED_EDGE('',*,*,#3180,.F.);
#1905=ORIENTED_EDGE('',*,*,#3177,.F.);
#1906=ORIENTED_EDGE('',*,*,#3197,.T.);
#1907=ORIENTED_EDGE('',*,*,#3198,.T.);
#1908=ORIENTED_EDGE('',*,*,#3183,.F.);
#1909=ORIENTED_EDGE('',*,*,#3199,.T.);
#1910=ORIENTED_EDGE('',*,*,#3200,.T.);
#1911=ORIENTED_EDGE('',*,*,#3201,.F.);
#1912=ORIENTED_EDGE('',*,*,#3186,.F.);
#1913=ORIENTED_EDGE('',*,*,#3202,.F.);
#1914=ORIENTED_EDGE('',*,*,#3203,.T.);
#1915=ORIENTED_EDGE('',*,*,#3204,.F.);
#1916=ORIENTED_EDGE('',*,*,#3187,.F.);
#1917=ORIENTED_EDGE('',*,*,#3205,.F.);
#1918=ORIENTED_EDGE('',*,*,#3206,.T.);
#1919=ORIENTED_EDGE('',*,*,#3207,.F.);
#1920=ORIENTED_EDGE('',*,*,#3191,.F.);
#1921=ORIENTED_EDGE('',*,*,#3208,.F.);
#1922=ORIENTED_EDGE('',*,*,#3209,.T.);
#1923=ORIENTED_EDGE('',*,*,#3210,.F.);
#1924=ORIENTED_EDGE('',*,*,#3189,.F.);
#1925=ORIENTED_EDGE('',*,*,#3211,.F.);
#1926=ORIENTED_EDGE('',*,*,#3212,.T.);
#1927=ORIENTED_EDGE('',*,*,#3213,.F.);
#1928=ORIENTED_EDGE('',*,*,#3193,.F.);
#1929=ORIENTED_EDGE('',*,*,#3214,.F.);
#1930=ORIENTED_EDGE('',*,*,#3215,.T.);
#1931=ORIENTED_EDGE('',*,*,#3216,.F.);
#1932=ORIENTED_EDGE('',*,*,#3194,.F.);
#1933=ORIENTED_EDGE('',*,*,#3217,.F.);
#1934=ORIENTED_EDGE('',*,*,#3218,.T.);
#1935=ORIENTED_EDGE('',*,*,#3219,.F.);
#1936=ORIENTED_EDGE('',*,*,#3195,.F.);
#1937=ORIENTED_EDGE('',*,*,#3220,.F.);
#1938=ORIENTED_EDGE('',*,*,#3221,.T.);
#1939=ORIENTED_EDGE('',*,*,#3222,.F.);
#1940=ORIENTED_EDGE('',*,*,#3199,.F.);
#1941=ORIENTED_EDGE('',*,*,#3223,.F.);
#1942=ORIENTED_EDGE('',*,*,#3224,.T.);
#1943=ORIENTED_EDGE('',*,*,#3225,.F.);
#1944=ORIENTED_EDGE('',*,*,#3197,.F.);
#1945=ORIENTED_EDGE('',*,*,#3226,.F.);
#1946=ORIENTED_EDGE('',*,*,#3227,.T.);
#1947=ORIENTED_EDGE('',*,*,#3228,.F.);
#1948=ORIENTED_EDGE('',*,*,#3200,.F.);
#1949=ORIENTED_EDGE('',*,*,#3229,.F.);
#1950=ORIENTED_EDGE('',*,*,#3203,.F.);
#1951=ORIENTED_EDGE('',*,*,#3230,.T.);
#1952=ORIENTED_EDGE('',*,*,#3206,.F.);
#1953=ORIENTED_EDGE('',*,*,#3231,.T.);
#1954=ORIENTED_EDGE('',*,*,#3232,.T.);
#1955=ORIENTED_EDGE('',*,*,#3209,.F.);
#1956=ORIENTED_EDGE('',*,*,#3233,.T.);
#1957=ORIENTED_EDGE('',*,*,#3234,.T.);
#1958=ORIENTED_EDGE('',*,*,#3215,.F.);
#1959=ORIENTED_EDGE('',*,*,#3212,.F.);
#1960=ORIENTED_EDGE('',*,*,#3218,.F.);
#1961=ORIENTED_EDGE('',*,*,#3235,.T.);
#1962=ORIENTED_EDGE('',*,*,#3221,.F.);
#1963=ORIENTED_EDGE('',*,*,#3236,.T.);
#1964=ORIENTED_EDGE('',*,*,#3237,.T.);
#1965=ORIENTED_EDGE('',*,*,#3238,.T.);
#1966=ORIENTED_EDGE('',*,*,#3224,.F.);
#1967=ORIENTED_EDGE('',*,*,#3239,.F.);
#1968=ORIENTED_EDGE('',*,*,#3240,.T.);
#1969=ORIENTED_EDGE('',*,*,#3241,.F.);
#1970=ORIENTED_EDGE('',*,*,#3227,.F.);
#1971=ORIENTED_EDGE('',*,*,#3242,.F.);
#1972=ORIENTED_EDGE('',*,*,#2936,.F.);
#1973=ORIENTED_EDGE('',*,*,#3243,.T.);
#1974=ORIENTED_EDGE('',*,*,#3244,.F.);
#1975=ORIENTED_EDGE('',*,*,#3230,.F.);
#1976=ORIENTED_EDGE('',*,*,#3245,.F.);
#1977=ORIENTED_EDGE('',*,*,#3246,.T.);
#1978=ORIENTED_EDGE('',*,*,#3247,.F.);
#1979=ORIENTED_EDGE('',*,*,#3231,.F.);
#1980=ORIENTED_EDGE('',*,*,#3248,.F.);
#1981=ORIENTED_EDGE('',*,*,#3249,.T.);
#1982=ORIENTED_EDGE('',*,*,#3250,.F.);
#1983=ORIENTED_EDGE('',*,*,#3232,.F.);
#1984=ORIENTED_EDGE('',*,*,#3251,.F.);
#1985=ORIENTED_EDGE('',*,*,#3252,.T.);
#1986=ORIENTED_EDGE('',*,*,#3253,.F.);
#1987=ORIENTED_EDGE('',*,*,#3234,.F.);
#1988=ORIENTED_EDGE('',*,*,#3254,.F.);
#1989=ORIENTED_EDGE('',*,*,#3255,.T.);
#1990=ORIENTED_EDGE('',*,*,#3256,.F.);
#1991=ORIENTED_EDGE('',*,*,#3235,.F.);
#1992=ORIENTED_EDGE('',*,*,#3257,.F.);
#1993=ORIENTED_EDGE('',*,*,#3258,.T.);
#1994=ORIENTED_EDGE('',*,*,#3259,.F.);
#1995=ORIENTED_EDGE('',*,*,#3237,.F.);
#1996=ORIENTED_EDGE('',*,*,#3260,.F.);
#1997=ORIENTED_EDGE('',*,*,#3261,.T.);
#1998=ORIENTED_EDGE('',*,*,#3262,.F.);
#1999=ORIENTED_EDGE('',*,*,#3238,.F.);
#2000=ORIENTED_EDGE('',*,*,#3263,.F.);
#2001=ORIENTED_EDGE('',*,*,#3264,.F.);
#2002=ORIENTED_EDGE('',*,*,#2944,.T.);
#2003=ORIENTED_EDGE('',*,*,#3265,.T.);
#2004=ORIENTED_EDGE('',*,*,#3246,.F.);
#2005=ORIENTED_EDGE('',*,*,#3243,.F.);
#2006=ORIENTED_EDGE('',*,*,#3240,.F.);
#2007=ORIENTED_EDGE('',*,*,#3266,.T.);
#2008=ORIENTED_EDGE('',*,*,#3267,.T.);
#2009=ORIENTED_EDGE('',*,*,#3249,.F.);
#2010=ORIENTED_EDGE('',*,*,#3252,.F.);
#2011=ORIENTED_EDGE('',*,*,#3258,.F.);
#2012=ORIENTED_EDGE('',*,*,#3255,.F.);
#2013=ORIENTED_EDGE('',*,*,#3268,.T.);
#2014=ORIENTED_EDGE('',*,*,#3269,.T.);
#2015=ORIENTED_EDGE('',*,*,#3261,.F.);
#2016=ORIENTED_EDGE('',*,*,#3270,.T.);
#2017=ORIENTED_EDGE('',*,*,#3271,.F.);
#2018=ORIENTED_EDGE('',*,*,#3266,.F.);
#2019=ORIENTED_EDGE('',*,*,#3272,.F.);
#2020=ORIENTED_EDGE('',*,*,#3273,.T.);
#2021=ORIENTED_EDGE('',*,*,#3274,.F.);
#2022=ORIENTED_EDGE('',*,*,#3267,.F.);
#2023=ORIENTED_EDGE('',*,*,#3275,.F.);
#2024=ORIENTED_EDGE('',*,*,#3276,.T.);
#2025=ORIENTED_EDGE('',*,*,#3277,.F.);
#2026=ORIENTED_EDGE('',*,*,#3268,.F.);
#2027=ORIENTED_EDGE('',*,*,#3278,.F.);
#2028=ORIENTED_EDGE('',*,*,#3279,.T.);
#2029=ORIENTED_EDGE('',*,*,#3280,.F.);
#2030=ORIENTED_EDGE('',*,*,#3269,.F.);
#2031=ORIENTED_EDGE('',*,*,#3281,.F.);
#2032=ORIENTED_EDGE('',*,*,#3273,.F.);
#2033=ORIENTED_EDGE('',*,*,#3282,.T.);
#2034=ORIENTED_EDGE('',*,*,#3276,.F.);
#2035=ORIENTED_EDGE('',*,*,#3283,.T.);
#2036=ORIENTED_EDGE('',*,*,#3284,.T.);
#2037=ORIENTED_EDGE('',*,*,#3285,.T.);
#2038=ORIENTED_EDGE('',*,*,#3279,.F.);
#2039=ORIENTED_EDGE('',*,*,#3286,.T.);
#2040=ORIENTED_EDGE('',*,*,#3287,.T.);
#2041=ORIENTED_EDGE('',*,*,#3288,.F.);
#2042=ORIENTED_EDGE('',*,*,#3289,.F.);
#2043=ORIENTED_EDGE('',*,*,#3290,.F.);
#2044=ORIENTED_EDGE('',*,*,#3291,.T.);
#2045=ORIENTED_EDGE('',*,*,#3292,.F.);
#2046=ORIENTED_EDGE('',*,*,#3282,.F.);
#2047=ORIENTED_EDGE('',*,*,#3293,.F.);
#2048=ORIENTED_EDGE('',*,*,#3294,.T.);
#2049=ORIENTED_EDGE('',*,*,#3295,.F.);
#2050=ORIENTED_EDGE('',*,*,#3286,.F.);
#2051=ORIENTED_EDGE('',*,*,#3296,.F.);
#2052=ORIENTED_EDGE('',*,*,#3297,.T.);
#2053=ORIENTED_EDGE('',*,*,#3298,.F.);
#2054=ORIENTED_EDGE('',*,*,#3284,.F.);
#2055=ORIENTED_EDGE('',*,*,#3299,.F.);
#2056=ORIENTED_EDGE('',*,*,#3300,.F.);
#2057=ORIENTED_EDGE('',*,*,#3301,.F.);
#2058=ORIENTED_EDGE('',*,*,#3297,.F.);
#2059=ORIENTED_EDGE('',*,*,#3302,.F.);
#2060=ORIENTED_EDGE('',*,*,#3287,.F.);
#2061=ORIENTED_EDGE('',*,*,#3294,.F.);
#2062=ORIENTED_EDGE('',*,*,#3291,.F.);
#2063=ORIENTED_EDGE('',*,*,#3303,.F.);
#2064=ORIENTED_EDGE('',*,*,#3304,.F.);
#2065=ORIENTED_EDGE('',*,*,#3305,.F.);
#2066=ORIENTED_EDGE('',*,*,#3306,.F.);
#2067=ORIENTED_EDGE('',*,*,#3307,.F.);
#2068=ORIENTED_EDGE('',*,*,#3308,.F.);
#2069=ORIENTED_EDGE('',*,*,#3309,.F.);
#2070=ORIENTED_EDGE('',*,*,#3310,.F.);
#2071=ORIENTED_EDGE('',*,*,#3311,.F.);
#2072=ORIENTED_EDGE('',*,*,#3312,.F.);
#2073=ORIENTED_EDGE('',*,*,#3303,.T.);
#2074=ORIENTED_EDGE('',*,*,#3313,.T.);
#2075=ORIENTED_EDGE('',*,*,#3304,.T.);
#2076=ORIENTED_EDGE('',*,*,#3305,.T.);
#2077=ORIENTED_EDGE('',*,*,#3314,.T.);
#2078=ORIENTED_EDGE('',*,*,#3306,.T.);
#2079=ORIENTED_EDGE('',*,*,#3309,.T.);
#2080=ORIENTED_EDGE('',*,*,#3315,.T.);
#2081=ORIENTED_EDGE('',*,*,#3310,.T.);
#2082=ORIENTED_EDGE('',*,*,#3311,.T.);
#2083=ORIENTED_EDGE('',*,*,#3316,.T.);
#2084=ORIENTED_EDGE('',*,*,#3312,.T.);
#2085=ORIENTED_EDGE('',*,*,#3307,.T.);
#2086=ORIENTED_EDGE('',*,*,#3317,.T.);
#2087=ORIENTED_EDGE('',*,*,#3308,.T.);
#2088=ORIENTED_EDGE('',*,*,#3106,.T.);
#2089=ORIENTED_EDGE('',*,*,#3061,.T.);
#2090=ORIENTED_EDGE('',*,*,#3057,.T.);
#2091=ORIENTED_EDGE('',*,*,#3102,.T.);
#2092=ORIENTED_EDGE('',*,*,#3064,.T.);
#2093=ORIENTED_EDGE('',*,*,#3031,.T.);
#2094=ORIENTED_EDGE('',*,*,#3027,.T.);
#2095=ORIENTED_EDGE('',*,*,#3060,.T.);
#2096=ORIENTED_EDGE('',*,*,#2994,.T.);
#2097=ORIENTED_EDGE('',*,*,#2988,.T.);
#2098=ORIENTED_EDGE('',*,*,#3007,.T.);
#2099=ORIENTED_EDGE('',*,*,#3011,.T.);
#2100=ORIENTED_EDGE('',*,*,#2986,.T.);
#2101=ORIENTED_EDGE('',*,*,#2982,.T.);
#2102=ORIENTED_EDGE('',*,*,#3004,.T.);
#2103=ORIENTED_EDGE('',*,*,#3008,.T.);
#2104=ORIENTED_EDGE('',*,*,#3021,.T.);
#2105=ORIENTED_EDGE('',*,*,#3048,.T.);
#2106=ORIENTED_EDGE('',*,*,#3052,.T.);
#2107=ORIENTED_EDGE('',*,*,#3025,.T.);
#2108=ORIENTED_EDGE('',*,*,#3051,.T.);
#2109=ORIENTED_EDGE('',*,*,#3090,.T.);
#2110=ORIENTED_EDGE('',*,*,#3094,.T.);
#2111=ORIENTED_EDGE('',*,*,#3055,.T.);
#2112=ORIENTED_EDGE('',*,*,#3093,.T.);
#2113=ORIENTED_EDGE('',*,*,#3135,.T.);
#2114=ORIENTED_EDGE('',*,*,#3139,.T.);
#2115=ORIENTED_EDGE('',*,*,#3097,.T.);
#2116=ORIENTED_EDGE('',*,*,#3138,.T.);
#2117=ORIENTED_EDGE('',*,*,#3175,.T.);
#2118=ORIENTED_EDGE('',*,*,#3179,.T.);
#2119=ORIENTED_EDGE('',*,*,#3142,.T.);
#2120=ORIENTED_EDGE('',*,*,#3178,.T.);
#2121=ORIENTED_EDGE('',*,*,#3182,.T.);
#2122=ORIENTED_EDGE('',*,*,#3148,.T.);
#2123=ORIENTED_EDGE('',*,*,#3144,.T.);
#2124=ORIENTED_EDGE('',*,*,#3160,.T.);
#2125=ORIENTED_EDGE('',*,*,#3204,.T.);
#2126=ORIENTED_EDGE('',*,*,#3208,.T.);
#2127=ORIENTED_EDGE('',*,*,#3164,.T.);
#2128=ORIENTED_EDGE('',*,*,#3244,.T.);
#2129=ORIENTED_EDGE('',*,*,#3248,.T.);
#2130=ORIENTED_EDGE('',*,*,#3211,.T.);
#2131=ORIENTED_EDGE('',*,*,#3207,.T.);
#2132=ORIENTED_EDGE('',*,*,#3271,.T.);
#2133=ORIENTED_EDGE('',*,*,#3288,.T.);
#2134=ORIENTED_EDGE('',*,*,#3293,.T.);
#2135=ORIENTED_EDGE('',*,*,#3275,.T.);
#2136=ORIENTED_EDGE('',*,*,#3296,.T.);
#2137=ORIENTED_EDGE('',*,*,#3281,.T.);
#2138=ORIENTED_EDGE('',*,*,#3277,.T.);
#2139=ORIENTED_EDGE('',*,*,#3292,.T.);
#2140=ORIENTED_EDGE('',*,*,#3226,.T.);
#2141=ORIENTED_EDGE('',*,*,#3222,.T.);
#2142=ORIENTED_EDGE('',*,*,#3256,.T.);
#2143=ORIENTED_EDGE('',*,*,#3260,.T.);
#2144=ORIENTED_EDGE('',*,*,#3257,.T.);
#2145=ORIENTED_EDGE('',*,*,#3220,.T.);
#2146=ORIENTED_EDGE('',*,*,#3216,.T.);
#2147=ORIENTED_EDGE('',*,*,#3253,.T.);
#2148=ORIENTED_EDGE('',*,*,#3217,.T.);
#2149=ORIENTED_EDGE('',*,*,#3173,.T.);
#2150=ORIENTED_EDGE('',*,*,#3169,.T.);
#2151=ORIENTED_EDGE('',*,*,#3213,.T.);
#2152=ORIENTED_EDGE('',*,*,#3170,.T.);
#2153=ORIENTED_EDGE('',*,*,#3133,.T.);
#2154=ORIENTED_EDGE('',*,*,#3129,.T.);
#2155=ORIENTED_EDGE('',*,*,#3166,.T.);
#2156=ORIENTED_EDGE('',*,*,#3130,.T.);
#2157=ORIENTED_EDGE('',*,*,#3088,.T.);
#2158=ORIENTED_EDGE('',*,*,#3084,.T.);
#2159=ORIENTED_EDGE('',*,*,#3126,.T.);
#2160=ORIENTED_EDGE('',*,*,#3318,.F.);
#2161=ORIENTED_EDGE('',*,*,#2968,.T.);
#2162=ORIENTED_EDGE('',*,*,#3319,.T.);
#2163=ORIENTED_EDGE('',*,*,#3320,.F.);
#2164=ORIENTED_EDGE('',*,*,#3319,.F.);
#2165=ORIENTED_EDGE('',*,*,#2962,.T.);
#2166=ORIENTED_EDGE('',*,*,#3321,.T.);
#2167=ORIENTED_EDGE('',*,*,#3322,.F.);
#2168=ORIENTED_EDGE('',*,*,#3321,.F.);
#2169=ORIENTED_EDGE('',*,*,#2956,.T.);
#2170=ORIENTED_EDGE('',*,*,#3323,.T.);
#2171=ORIENTED_EDGE('',*,*,#3324,.F.);
#2172=ORIENTED_EDGE('',*,*,#3323,.F.);
#2173=ORIENTED_EDGE('',*,*,#2950,.T.);
#2174=ORIENTED_EDGE('',*,*,#3325,.T.);
#2175=ORIENTED_EDGE('',*,*,#3326,.F.);
#2176=ORIENTED_EDGE('',*,*,#3325,.F.);
#2177=ORIENTED_EDGE('',*,*,#2952,.T.);
#2178=ORIENTED_EDGE('',*,*,#3327,.T.);
#2179=ORIENTED_EDGE('',*,*,#3328,.F.);
#2180=ORIENTED_EDGE('',*,*,#3327,.F.);
#2181=ORIENTED_EDGE('',*,*,#2958,.T.);
#2182=ORIENTED_EDGE('',*,*,#3329,.T.);
#2183=ORIENTED_EDGE('',*,*,#3330,.F.);
#2184=ORIENTED_EDGE('',*,*,#3329,.F.);
#2185=ORIENTED_EDGE('',*,*,#2964,.T.);
#2186=ORIENTED_EDGE('',*,*,#3331,.T.);
#2187=ORIENTED_EDGE('',*,*,#3332,.F.);
#2188=ORIENTED_EDGE('',*,*,#3331,.F.);
#2189=ORIENTED_EDGE('',*,*,#2970,.T.);
#2190=ORIENTED_EDGE('',*,*,#3318,.T.);
#2191=ORIENTED_EDGE('',*,*,#3333,.F.);
#2192=ORIENTED_EDGE('',*,*,#3334,.F.);
#2193=ORIENTED_EDGE('',*,*,#2972,.T.);
#2194=ORIENTED_EDGE('',*,*,#3335,.F.);
#2195=ORIENTED_EDGE('',*,*,#3336,.F.);
#2196=ORIENTED_EDGE('',*,*,#3337,.F.);
#2197=ORIENTED_EDGE('',*,*,#3081,.T.);
#2198=ORIENTED_EDGE('',*,*,#3338,.F.);
#2199=ORIENTED_EDGE('',*,*,#3339,.F.);
#2200=ORIENTED_EDGE('',*,*,#3340,.F.);
#2201=ORIENTED_EDGE('',*,*,#3301,.T.);
#2202=ORIENTED_EDGE('',*,*,#3341,.F.);
#2203=ORIENTED_EDGE('',*,*,#3342,.F.);
#2204=ORIENTED_EDGE('',*,*,#3343,.F.);
#2205=ORIENTED_EDGE('',*,*,#3229,.T.);
#2206=ORIENTED_EDGE('',*,*,#3344,.F.);
#2207=ORIENTED_EDGE('',*,*,#3345,.F.);
#2208=ORIENTED_EDGE('',*,*,#3332,.T.);
#2209=ORIENTED_EDGE('',*,*,#3333,.T.);
#2210=ORIENTED_EDGE('',*,*,#3320,.T.);
#2211=ORIENTED_EDGE('',*,*,#3322,.T.);
#2212=ORIENTED_EDGE('',*,*,#3324,.T.);
#2213=ORIENTED_EDGE('',*,*,#3326,.T.);
#2214=ORIENTED_EDGE('',*,*,#3328,.T.);
#2215=ORIENTED_EDGE('',*,*,#3330,.T.);
#2216=ORIENTED_EDGE('',*,*,#3346,.T.);
#2217=ORIENTED_EDGE('',*,*,#3345,.T.);
#2218=ORIENTED_EDGE('',*,*,#3347,.T.);
#2219=ORIENTED_EDGE('',*,*,#3336,.T.);
#2220=ORIENTED_EDGE('',*,*,#3348,.T.);
#2221=ORIENTED_EDGE('',*,*,#3339,.T.);
#2222=ORIENTED_EDGE('',*,*,#3349,.T.);
#2223=ORIENTED_EDGE('',*,*,#3342,.T.);
#2224=ORIENTED_EDGE('',*,*,#3344,.T.);
#2225=ORIENTED_EDGE('',*,*,#3202,.T.);
#2226=ORIENTED_EDGE('',*,*,#3188,.F.);
#2227=ORIENTED_EDGE('',*,*,#3161,.T.);
#2228=ORIENTED_EDGE('',*,*,#3124,.T.);
#2229=ORIENTED_EDGE('',*,*,#3085,.T.);
#2230=ORIENTED_EDGE('',*,*,#3071,.F.);
#2231=ORIENTED_EDGE('',*,*,#3046,.T.);
#2232=ORIENTED_EDGE('',*,*,#3034,.F.);
#2233=ORIENTED_EDGE('',*,*,#3022,.T.);
#2234=ORIENTED_EDGE('',*,*,#3002,.T.);
#2235=ORIENTED_EDGE('',*,*,#2983,.T.);
#2236=ORIENTED_EDGE('',*,*,#2980,.F.);
#2237=ORIENTED_EDGE('',*,*,#2977,.T.);
#2238=ORIENTED_EDGE('',*,*,#3334,.T.);
#2239=ORIENTED_EDGE('',*,*,#3347,.F.);
#2240=ORIENTED_EDGE('',*,*,#3285,.F.);
#2241=ORIENTED_EDGE('',*,*,#3298,.T.);
#2242=ORIENTED_EDGE('',*,*,#3340,.T.);
#2243=ORIENTED_EDGE('',*,*,#3349,.F.);
#2244=ORIENTED_EDGE('',*,*,#3338,.T.);
#2245=ORIENTED_EDGE('',*,*,#3108,.T.);
#2246=ORIENTED_EDGE('',*,*,#3121,.F.);
#2247=ORIENTED_EDGE('',*,*,#3103,.T.);
#2248=ORIENTED_EDGE('',*,*,#3099,.T.);
#2249=ORIENTED_EDGE('',*,*,#3147,.T.);
#2250=ORIENTED_EDGE('',*,*,#3157,.F.);
#2251=ORIENTED_EDGE('',*,*,#3184,.T.);
#2252=ORIENTED_EDGE('',*,*,#3198,.F.);
#2253=ORIENTED_EDGE('',*,*,#3225,.T.);
#2254=ORIENTED_EDGE('',*,*,#3262,.T.);
#2255=ORIENTED_EDGE('',*,*,#3280,.T.);
#2256=ORIENTED_EDGE('',*,*,#3201,.T.);
#2257=ORIENTED_EDGE('',*,*,#3228,.T.);
#2258=ORIENTED_EDGE('',*,*,#3241,.T.);
#2259=ORIENTED_EDGE('',*,*,#3245,.T.);
#2260=ORIENTED_EDGE('',*,*,#3205,.T.);
#2261=ORIENTED_EDGE('',*,*,#3350,.T.);
#2262=ORIENTED_EDGE('',*,*,#3302,.T.);
#2263=ORIENTED_EDGE('',*,*,#3299,.T.);
#2264=ORIENTED_EDGE('',*,*,#3295,.T.);
#2265=ORIENTED_EDGE('',*,*,#3290,.T.);
#2266=ORIENTED_EDGE('',*,*,#3109,.T.);
#2267=ORIENTED_EDGE('',*,*,#3082,.T.);
#2268=ORIENTED_EDGE('',*,*,#3066,.T.);
#2269=ORIENTED_EDGE('',*,*,#3063,.T.);
#2270=ORIENTED_EDGE('',*,*,#3105,.T.);
#2271=ORIENTED_EDGE('',*,*,#3351,.T.);
#2272=ORIENTED_EDGE('',*,*,#2974,.T.);
#2273=ORIENTED_EDGE('',*,*,#2976,.T.);
#2274=ORIENTED_EDGE('',*,*,#2985,.T.);
#2275=ORIENTED_EDGE('',*,*,#2990,.T.);
#2276=ORIENTED_EDGE('',*,*,#3113,.F.);
#2277=ORIENTED_EDGE('',*,*,#3132,.T.);
#2278=ORIENTED_EDGE('',*,*,#3172,.T.);
#2279=ORIENTED_EDGE('',*,*,#3219,.T.);
#2280=ORIENTED_EDGE('',*,*,#3236,.F.);
#2281=ORIENTED_EDGE('',*,*,#3223,.T.);
#2282=ORIENTED_EDGE('',*,*,#3185,.T.);
#2283=ORIENTED_EDGE('',*,*,#3181,.T.);
#2284=ORIENTED_EDGE('',*,*,#3196,.F.);
#2285=ORIENTED_EDGE('',*,*,#3176,.T.);
#2286=ORIENTED_EDGE('',*,*,#3136,.T.);
#2287=ORIENTED_EDGE('',*,*,#3091,.T.);
#2288=ORIENTED_EDGE('',*,*,#3072,.F.);
#2289=ORIENTED_EDGE('',*,*,#3049,.T.);
#2290=ORIENTED_EDGE('',*,*,#3045,.T.);
#2291=ORIENTED_EDGE('',*,*,#3087,.T.);
#2292=ORIENTED_EDGE('',*,*,#3313,.F.);
#2293=ORIENTED_EDGE('',*,*,#3315,.F.);
#2294=ORIENTED_EDGE('',*,*,#3317,.F.);
#2295=ORIENTED_EDGE('',*,*,#3316,.F.);
#2296=ORIENTED_EDGE('',*,*,#3314,.F.);
#2297=ORIENTED_EDGE('',*,*,#2953,.T.);
#2298=ORIENTED_EDGE('',*,*,#2948,.T.);
#2299=ORIENTED_EDGE('',*,*,#2955,.T.);
#2300=ORIENTED_EDGE('',*,*,#2961,.T.);
#2301=ORIENTED_EDGE('',*,*,#2967,.T.);
#2302=ORIENTED_EDGE('',*,*,#2969,.T.);
#2303=ORIENTED_EDGE('',*,*,#2965,.T.);
#2304=ORIENTED_EDGE('',*,*,#2959,.T.);
#2305=ORIENTED_EDGE('',*,*,#3233,.F.);
#2306=ORIENTED_EDGE('',*,*,#3214,.T.);
#2307=ORIENTED_EDGE('',*,*,#3192,.F.);
#2308=ORIENTED_EDGE('',*,*,#3167,.T.);
#2309=ORIENTED_EDGE('',*,*,#3127,.T.);
#2310=ORIENTED_EDGE('',*,*,#3123,.T.);
#2311=ORIENTED_EDGE('',*,*,#3163,.T.);
#2312=ORIENTED_EDGE('',*,*,#3190,.F.);
#2313=ORIENTED_EDGE('',*,*,#3210,.T.);
#2314=ORIENTED_EDGE('',*,*,#3250,.T.);
#2315=ORIENTED_EDGE('',*,*,#3274,.T.);
#2316=ORIENTED_EDGE('',*,*,#3283,.F.);
#2317=ORIENTED_EDGE('',*,*,#3278,.T.);
#2318=ORIENTED_EDGE('',*,*,#3263,.T.);
#2319=ORIENTED_EDGE('',*,*,#3259,.T.);
#2320=ORIENTED_EDGE('',*,*,#3254,.T.);
#2321=ORIENTED_EDGE('',*,*,#3075,.F.);
#2322=ORIENTED_EDGE('',*,*,#3096,.T.);
#2323=ORIENTED_EDGE('',*,*,#3117,.F.);
#2324=ORIENTED_EDGE('',*,*,#3141,.T.);
#2325=ORIENTED_EDGE('',*,*,#3145,.T.);
#2326=ORIENTED_EDGE('',*,*,#3100,.T.);
#2327=ORIENTED_EDGE('',*,*,#3058,.T.);
#2328=ORIENTED_EDGE('',*,*,#3039,.F.);
#2329=ORIENTED_EDGE('',*,*,#3028,.T.);
#2330=ORIENTED_EDGE('',*,*,#3014,.T.);
#2331=ORIENTED_EDGE('',*,*,#3010,.T.);
#2332=ORIENTED_EDGE('',*,*,#3017,.F.);
#2333=ORIENTED_EDGE('',*,*,#3005,.T.);
#2334=ORIENTED_EDGE('',*,*,#3001,.T.);
#2335=ORIENTED_EDGE('',*,*,#3024,.T.);
#2336=ORIENTED_EDGE('',*,*,#3054,.T.);
#2337=ORIENTED_EDGE('',*,*,#2941,.F.);
#2338=ORIENTED_EDGE('',*,*,#2927,.F.);
#2339=ORIENTED_EDGE('',*,*,#2931,.F.);
#2340=ORIENTED_EDGE('',*,*,#2934,.F.);
#2341=ORIENTED_EDGE('',*,*,#2939,.T.);
#2342=ORIENTED_EDGE('',*,*,#2946,.F.);
#2343=ORIENTED_EDGE('',*,*,#2925,.F.);
#2344=ORIENTED_EDGE('',*,*,#2940,.T.);
#2345=ORIENTED_EDGE('',*,*,#3264,.T.);
#2346=ORIENTED_EDGE('',*,*,#3239,.T.);
#2347=ORIENTED_EDGE('',*,*,#2935,.F.);
#2348=ORIENTED_EDGE('',*,*,#2932,.F.);
#2349=ORIENTED_EDGE('',*,*,#2929,.F.);
#2350=ORIENTED_EDGE('',*,*,#3352,.T.);
#2351=ORIENTED_EDGE('',*,*,#3353,.T.);
#2352=ORIENTED_EDGE('',*,*,#3354,.T.);
#2353=ORIENTED_EDGE('',*,*,#3289,.T.);
#2354=ORIENTED_EDGE('',*,*,#3270,.F.);
#2355=ORIENTED_EDGE('',*,*,#3355,.T.);
#2356=ORIENTED_EDGE('',*,*,#3354,.F.);
#2357=ORIENTED_EDGE('',*,*,#3356,.T.);
#2358=ORIENTED_EDGE('',*,*,#3357,.F.);
#2359=ORIENTED_EDGE('',*,*,#3358,.F.);
#2360=ORIENTED_EDGE('',*,*,#3300,.T.);
#2361=ORIENTED_EDGE('',*,*,#3350,.F.);
#2362=ORIENTED_EDGE('',*,*,#3359,.F.);
#2363=ORIENTED_EDGE('',*,*,#3355,.F.);
#2364=ORIENTED_EDGE('',*,*,#3272,.T.);
#2365=ORIENTED_EDGE('',*,*,#3251,.T.);
#2366=ORIENTED_EDGE('',*,*,#3247,.T.);
#2367=ORIENTED_EDGE('',*,*,#3265,.F.);
#2368=ORIENTED_EDGE('',*,*,#2943,.F.);
#2369=ORIENTED_EDGE('',*,*,#2945,.F.);
#2370=ORIENTED_EDGE('',*,*,#2937,.T.);
#2371=ORIENTED_EDGE('',*,*,#3242,.T.);
#2372=ORIENTED_EDGE('',*,*,#3343,.T.);
#2373=ORIENTED_EDGE('',*,*,#3346,.F.);
#2374=ORIENTED_EDGE('',*,*,#3341,.T.);
#2375=ORIENTED_EDGE('',*,*,#3358,.T.);
#2376=ORIENTED_EDGE('',*,*,#3360,.T.);
#2377=ORIENTED_EDGE('',*,*,#2921,.T.);
#2378=ORIENTED_EDGE('',*,*,#3361,.F.);
#2379=ORIENTED_EDGE('',*,*,#2920,.T.);
#2380=ORIENTED_EDGE('',*,*,#3362,.T.);
#2381=ORIENTED_EDGE('',*,*,#2922,.T.);
#2382=ORIENTED_EDGE('',*,*,#3360,.F.);
#2383=ORIENTED_EDGE('',*,*,#3357,.T.);
#2384=ORIENTED_EDGE('',*,*,#2912,.F.);
#2385=ORIENTED_EDGE('',*,*,#3363,.T.);
#2386=ORIENTED_EDGE('',*,*,#3352,.F.);
#2387=ORIENTED_EDGE('',*,*,#3359,.T.);
#2388=ORIENTED_EDGE('',*,*,#2924,.F.);
#2389=ORIENTED_EDGE('',*,*,#3364,.F.);
#2390=ORIENTED_EDGE('',*,*,#2911,.F.);
#2391=ORIENTED_EDGE('',*,*,#2915,.F.);
#2392=ORIENTED_EDGE('',*,*,#2918,.F.);
#2393=ORIENTED_EDGE('',*,*,#3361,.T.);
#2394=ORIENTED_EDGE('',*,*,#3356,.F.);
#2395=ORIENTED_EDGE('',*,*,#3353,.F.);
#2396=ORIENTED_EDGE('',*,*,#3363,.F.);
#2397=ORIENTED_EDGE('',*,*,#2916,.T.);
#2398=ORIENTED_EDGE('',*,*,#2913,.T.);
#2399=ORIENTED_EDGE('',*,*,#3364,.T.);
#2400=ORIENTED_EDGE('',*,*,#2923,.T.);
#2401=ORIENTED_EDGE('',*,*,#3362,.F.);
#2402=ORIENTED_EDGE('',*,*,#2919,.T.);
#2403=ORIENTED_EDGE('',*,*,#3365,.T.);
#2404=ORIENTED_EDGE('',*,*,#3366,.T.);
#2405=ORIENTED_EDGE('',*,*,#3367,.F.);
#2406=ORIENTED_EDGE('',*,*,#3368,.F.);
#2407=ORIENTED_EDGE('',*,*,#2971,.F.);
#2408=ORIENTED_EDGE('',*,*,#3351,.F.);
#2409=ORIENTED_EDGE('',*,*,#3369,.T.);
#2410=ORIENTED_EDGE('',*,*,#3370,.T.);
#2411=ORIENTED_EDGE('',*,*,#3365,.F.);
#2412=ORIENTED_EDGE('',*,*,#2989,.T.);
#2413=ORIENTED_EDGE('',*,*,#2993,.T.);
#2414=ORIENTED_EDGE('',*,*,#3371,.T.);
#2415=ORIENTED_EDGE('',*,*,#3372,.F.);
#2416=ORIENTED_EDGE('',*,*,#2906,.T.);
#2417=ORIENTED_EDGE('',*,*,#3373,.T.);
#2418=ORIENTED_EDGE('',*,*,#2908,.T.);
#2419=ORIENTED_EDGE('',*,*,#3374,.F.);
#2420=ORIENTED_EDGE('',*,*,#3367,.T.);
#2421=ORIENTED_EDGE('',*,*,#2898,.F.);
#2422=ORIENTED_EDGE('',*,*,#3375,.T.);
#2423=ORIENTED_EDGE('',*,*,#3369,.F.);
#2424=ORIENTED_EDGE('',*,*,#3376,.T.);
#2425=ORIENTED_EDGE('',*,*,#2910,.F.);
#2426=ORIENTED_EDGE('',*,*,#3377,.F.);
#2427=ORIENTED_EDGE('',*,*,#2897,.F.);
#2428=ORIENTED_EDGE('',*,*,#2901,.F.);
#2429=ORIENTED_EDGE('',*,*,#2904,.F.);
#2430=ORIENTED_EDGE('',*,*,#3372,.T.);
#2431=ORIENTED_EDGE('',*,*,#3366,.F.);
#2432=ORIENTED_EDGE('',*,*,#3370,.F.);
#2433=ORIENTED_EDGE('',*,*,#3375,.F.);
#2434=ORIENTED_EDGE('',*,*,#2902,.T.);
#2435=ORIENTED_EDGE('',*,*,#2899,.T.);
#2436=ORIENTED_EDGE('',*,*,#3377,.T.);
#2437=ORIENTED_EDGE('',*,*,#2909,.T.);
#2438=ORIENTED_EDGE('',*,*,#3373,.F.);
#2439=ORIENTED_EDGE('',*,*,#2905,.T.);
#2440=ORIENTED_EDGE('',*,*,#2888,.F.);
#2441=ORIENTED_EDGE('',*,*,#2895,.F.);
#2442=ORIENTED_EDGE('',*,*,#2892,.T.);
#2443=ORIENTED_EDGE('',*,*,#3068,.T.);
#2444=ORIENTED_EDGE('',*,*,#3337,.T.);
#2445=ORIENTED_EDGE('',*,*,#3348,.F.);
#2446=ORIENTED_EDGE('',*,*,#3335,.T.);
#2447=ORIENTED_EDGE('',*,*,#3368,.T.);
#2448=ORIENTED_EDGE('',*,*,#3374,.T.);
#2449=ORIENTED_EDGE('',*,*,#2907,.T.);
#2450=ORIENTED_EDGE('',*,*,#3376,.F.);
#2451=ORIENTED_EDGE('',*,*,#3371,.F.);
#2452=ORIENTED_EDGE('',*,*,#2992,.T.);
#2453=ORIENTED_EDGE('',*,*,#3013,.T.);
#2454=ORIENTED_EDGE('',*,*,#3030,.T.);
#2455=ORIENTED_EDGE('',*,*,#3041,.F.);
#2456=ORIENTED_EDGE('',*,*,#2886,.F.);
#2457=ORIENTED_EDGE('',*,*,#2877,.F.);
#2458=ORIENTED_EDGE('',*,*,#2881,.F.);
#2459=ORIENTED_EDGE('',*,*,#2884,.F.);
#2460=ORIENTED_EDGE('',*,*,#2894,.T.);
#2461=ORIENTED_EDGE('',*,*,#2896,.F.);
#2462=ORIENTED_EDGE('',*,*,#2875,.F.);
#2463=ORIENTED_EDGE('',*,*,#2885,.T.);
#2464=ORIENTED_EDGE('',*,*,#3040,.T.);
#2465=ORIENTED_EDGE('',*,*,#3065,.T.);
#2466=ORIENTED_EDGE('',*,*,#2890,.F.);
#2467=ORIENTED_EDGE('',*,*,#2882,.F.);
#2468=ORIENTED_EDGE('',*,*,#2879,.F.);
#2469=EDGE_CURVE('',#3378,#3379,#3950,.T.);
#2470=EDGE_CURVE('',#3380,#3378,#3951,.T.);
#2471=EDGE_CURVE('',#3381,#3380,#3952,.T.);
#2472=EDGE_CURVE('',#3379,#3381,#3953,.T.);
#2473=EDGE_CURVE('',#3382,#3383,#3954,.T.);
#2474=EDGE_CURVE('',#3384,#3382,#3955,.T.);
#2475=EDGE_CURVE('',#3385,#3384,#3956,.T.);
#2476=EDGE_CURVE('',#3383,#3385,#3957,.T.);
#2477=EDGE_CURVE('',#3386,#3387,#3958,.T.);
#2478=EDGE_CURVE('',#3388,#3386,#3959,.T.);
#2479=EDGE_CURVE('',#3389,#3388,#3960,.T.);
#2480=EDGE_CURVE('',#3387,#3389,#3961,.T.);
#2481=EDGE_CURVE('',#3390,#3391,#3962,.T.);
#2482=EDGE_CURVE('',#3392,#3390,#3963,.T.);
#2483=EDGE_CURVE('',#3393,#3392,#3964,.T.);
#2484=EDGE_CURVE('',#3391,#3393,#3965,.T.);
#2485=EDGE_CURVE('',#3394,#3395,#3966,.T.);
#2486=EDGE_CURVE('',#3395,#3396,#3967,.T.);
#2487=EDGE_CURVE('',#3397,#3396,#3968,.T.);
#2488=EDGE_CURVE('',#3394,#3397,#3969,.T.);
#2489=EDGE_CURVE('',#3398,#3394,#3970,.T.);
#2490=EDGE_CURVE('',#3399,#3397,#3971,.T.);
#2491=EDGE_CURVE('',#3398,#3399,#3972,.T.);
#2492=EDGE_CURVE('',#3400,#3401,#3973,.T.);
#2493=EDGE_CURVE('',#3401,#3402,#3974,.T.);
#2494=EDGE_CURVE('',#3403,#3402,#3975,.T.);
#2495=EDGE_CURVE('',#3400,#3403,#3976,.T.);
#2496=EDGE_CURVE('',#3401,#3404,#3977,.T.);
#2497=EDGE_CURVE('',#3404,#3405,#3978,.T.);
#2498=EDGE_CURVE('',#3402,#3405,#3979,.T.);
#2499=EDGE_CURVE('',#3406,#3407,#3980,.T.);
#2500=EDGE_CURVE('',#3407,#3408,#3981,.T.);
#2501=EDGE_CURVE('',#3409,#3408,#3982,.T.);
#2502=EDGE_CURVE('',#3406,#3409,#3983,.T.);
#2503=EDGE_CURVE('',#3407,#3410,#3984,.T.);
#2504=EDGE_CURVE('',#3410,#3411,#3985,.T.);
#2505=EDGE_CURVE('',#3408,#3411,#3986,.T.);
#2506=EDGE_CURVE('',#3412,#3413,#3987,.T.);
#2507=EDGE_CURVE('',#3413,#3414,#3988,.T.);
#2508=EDGE_CURVE('',#3415,#3414,#3989,.T.);
#2509=EDGE_CURVE('',#3412,#3415,#3990,.T.);
#2510=EDGE_CURVE('',#3416,#3417,#3991,.T.);
#2511=EDGE_CURVE('',#3417,#3413,#3992,.T.);
#2512=EDGE_CURVE('',#3416,#3412,#3993,.T.);
#2513=EDGE_CURVE('',#3418,#3419,#3994,.T.);
#2514=EDGE_CURVE('',#3419,#3420,#3995,.T.);
#2515=EDGE_CURVE('',#3421,#3420,#3996,.T.);
#2516=EDGE_CURVE('',#3418,#3421,#3997,.T.);
#2517=EDGE_CURVE('',#3420,#3422,#3998,.T.);
#2518=EDGE_CURVE('',#3423,#3422,#3999,.T.);
#2519=EDGE_CURVE('',#3421,#3423,#4000,.T.);
#2520=EDGE_CURVE('',#3424,#3425,#4001,.T.);
#2521=EDGE_CURVE('',#3425,#3426,#4002,.T.);
#2522=EDGE_CURVE('',#3427,#3426,#4003,.T.);
#2523=EDGE_CURVE('',#3424,#3427,#4004,.T.);
#2524=EDGE_CURVE('',#3428,#3429,#4005,.T.);
#2525=EDGE_CURVE('',#3429,#3425,#4006,.T.);
#2526=EDGE_CURVE('',#3428,#3424,#4007,.T.);
#2527=EDGE_CURVE('',#3430,#3431,#4008,.T.);
#2528=EDGE_CURVE('',#3431,#3432,#4009,.T.);
#2529=EDGE_CURVE('',#3433,#3432,#4010,.T.);
#2530=EDGE_CURVE('',#3430,#3433,#4011,.T.);
#2531=EDGE_CURVE('',#3434,#3435,#4012,.T.);
#2532=EDGE_CURVE('',#3435,#3431,#4013,.T.);
#2533=EDGE_CURVE('',#3434,#3430,#4014,.T.);
#2534=EDGE_CURVE('',#3436,#3437,#4015,.T.);
#2535=EDGE_CURVE('',#3437,#3438,#4016,.T.);
#2536=EDGE_CURVE('',#3439,#3438,#4017,.T.);
#2537=EDGE_CURVE('',#3436,#3439,#4018,.T.);
#2538=EDGE_CURVE('',#3437,#3440,#4019,.T.);
#2539=EDGE_CURVE('',#3440,#3441,#4020,.T.);
#2540=EDGE_CURVE('',#3438,#3441,#4021,.T.);
#2541=EDGE_CURVE('',#3442,#3443,#4022,.T.);
#2542=EDGE_CURVE('',#3443,#3444,#4023,.T.);
#2543=EDGE_CURVE('',#3444,#3445,#4024,.T.);
#2544=EDGE_CURVE('',#3445,#3442,#4025,.T.);
#2545=EDGE_CURVE('',#3446,#3447,#4026,.T.);
#2546=EDGE_CURVE('',#3448,#3446,#636,.T.);
#2547=EDGE_CURVE('',#3448,#3449,#4027,.T.);
#2548=EDGE_CURVE('',#3449,#3447,#637,.T.);
#2549=EDGE_CURVE('',#3450,#3446,#4028,.T.);
#2550=EDGE_CURVE('',#3444,#3450,#4029,.T.);
#2551=EDGE_CURVE('',#3443,#3448,#4030,.T.);
#2552=EDGE_CURVE('',#3445,#3451,#4031,.T.);
#2553=EDGE_CURVE('',#3447,#3451,#4032,.T.);
#2554=EDGE_CURVE('',#3449,#3442,#4033,.T.);
#2555=EDGE_CURVE('',#3450,#3451,#4034,.T.);
#2556=EDGE_CURVE('',#3452,#3453,#4035,.T.);
#2557=EDGE_CURVE('',#3453,#3454,#4036,.T.);
#2558=EDGE_CURVE('',#3454,#3455,#4037,.T.);
#2559=EDGE_CURVE('',#3455,#3452,#4038,.T.);
#2560=EDGE_CURVE('',#3456,#3457,#4039,.T.);
#2561=EDGE_CURVE('',#3458,#3456,#638,.T.);
#2562=EDGE_CURVE('',#3458,#3459,#4040,.T.);
#2563=EDGE_CURVE('',#3459,#3457,#639,.T.);
#2564=EDGE_CURVE('',#3460,#3456,#4041,.T.);
#2565=EDGE_CURVE('',#3454,#3460,#4042,.T.);
#2566=EDGE_CURVE('',#3453,#3458,#4043,.T.);
#2567=EDGE_CURVE('',#3455,#3461,#4044,.T.);
#2568=EDGE_CURVE('',#3457,#3461,#4045,.T.);
#2569=EDGE_CURVE('',#3459,#3452,#4046,.T.);
#2570=EDGE_CURVE('',#3460,#3461,#4047,.T.);
#2571=EDGE_CURVE('',#3462,#3463,#4048,.T.);
#2572=EDGE_CURVE('',#3463,#3464,#4049,.T.);
#2573=EDGE_CURVE('',#3464,#3465,#4050,.T.);
#2574=EDGE_CURVE('',#3465,#3462,#4051,.T.);
#2575=EDGE_CURVE('',#3466,#3467,#4052,.T.);
#2576=EDGE_CURVE('',#3468,#3466,#640,.T.);
#2577=EDGE_CURVE('',#3468,#3469,#4053,.T.);
#2578=EDGE_CURVE('',#3469,#3467,#641,.T.);
#2579=EDGE_CURVE('',#3470,#3466,#4054,.T.);
#2580=EDGE_CURVE('',#3464,#3470,#4055,.T.);
#2581=EDGE_CURVE('',#3463,#3468,#4056,.T.);
#2582=EDGE_CURVE('',#3465,#3471,#4057,.T.);
#2583=EDGE_CURVE('',#3467,#3471,#4058,.T.);
#2584=EDGE_CURVE('',#3469,#3462,#4059,.T.);
#2585=EDGE_CURVE('',#3470,#3471,#4060,.T.);
#2586=EDGE_CURVE('',#3472,#3473,#4061,.T.);
#2587=EDGE_CURVE('',#3473,#3474,#4062,.T.);
#2588=EDGE_CURVE('',#3474,#3475,#4063,.T.);
#2589=EDGE_CURVE('',#3475,#3472,#4064,.T.);
#2590=EDGE_CURVE('',#3476,#3477,#4065,.T.);
#2591=EDGE_CURVE('',#3478,#3476,#642,.T.);
#2592=EDGE_CURVE('',#3478,#3479,#4066,.T.);
#2593=EDGE_CURVE('',#3479,#3477,#643,.T.);
#2594=EDGE_CURVE('',#3480,#3476,#4067,.T.);
#2595=EDGE_CURVE('',#3474,#3480,#4068,.T.);
#2596=EDGE_CURVE('',#3473,#3478,#4069,.T.);
#2597=EDGE_CURVE('',#3475,#3481,#4070,.T.);
#2598=EDGE_CURVE('',#3477,#3481,#4071,.T.);
#2599=EDGE_CURVE('',#3479,#3472,#4072,.T.);
#2600=EDGE_CURVE('',#3480,#3481,#4073,.T.);
#2601=EDGE_CURVE('',#3482,#3483,#4074,.T.);
#2602=EDGE_CURVE('',#3483,#3484,#4075,.T.);
#2603=EDGE_CURVE('',#3484,#3485,#4076,.T.);
#2604=EDGE_CURVE('',#3485,#3482,#4077,.T.);
#2605=EDGE_CURVE('',#3486,#3487,#4078,.T.);
#2606=EDGE_CURVE('',#3488,#3486,#644,.T.);
#2607=EDGE_CURVE('',#3488,#3489,#4079,.T.);
#2608=EDGE_CURVE('',#3489,#3487,#645,.T.);
#2609=EDGE_CURVE('',#3490,#3486,#4080,.T.);
#2610=EDGE_CURVE('',#3484,#3490,#4081,.T.);
#2611=EDGE_CURVE('',#3483,#3488,#4082,.T.);
#2612=EDGE_CURVE('',#3485,#3491,#4083,.T.);
#2613=EDGE_CURVE('',#3487,#3491,#4084,.T.);
#2614=EDGE_CURVE('',#3489,#3482,#4085,.T.);
#2615=EDGE_CURVE('',#3490,#3491,#4086,.T.);
#2616=EDGE_CURVE('',#3391,#3432,#4087,.T.);
#2617=EDGE_CURVE('',#3393,#3433,#4088,.T.);
#2618=EDGE_CURVE('',#3389,#3392,#4089,.T.);
#2619=EDGE_CURVE('',#3387,#3390,#4090,.T.);
#2620=EDGE_CURVE('',#3383,#3378,#4091,.T.);
#2621=EDGE_CURVE('',#3385,#3380,#4092,.T.);
#2622=EDGE_CURVE('',#3492,#3492,#161,.T.);
#2623=EDGE_CURVE('',#3493,#3493,#162,.T.);
#2624=EDGE_CURVE('',#3494,#3494,#163,.T.);
#2625=EDGE_CURVE('',#3495,#3495,#164,.T.);
#2626=EDGE_CURVE('',#3496,#3496,#165,.T.);
#2627=EDGE_CURVE('',#3497,#3497,#166,.T.);
#2628=EDGE_CURVE('',#3498,#3498,#167,.T.);
#2629=EDGE_CURVE('',#3499,#3499,#168,.T.);
#2630=EDGE_CURVE('',#3500,#3501,#4093,.T.);
#2631=EDGE_CURVE('',#3502,#3501,#4094,.T.);
#2632=EDGE_CURVE('',#3503,#3502,#4095,.T.);
#2633=EDGE_CURVE('',#3503,#3500,#4096,.T.);
#2634=EDGE_CURVE('',#3504,#3500,#4097,.T.);
#2635=EDGE_CURVE('',#3505,#3503,#4098,.T.);
#2636=EDGE_CURVE('',#3505,#3504,#4099,.T.);
#2637=EDGE_CURVE('',#3506,#3504,#4100,.T.);
#2638=EDGE_CURVE('',#3507,#3505,#4101,.T.);
#2639=EDGE_CURVE('',#3507,#3506,#4102,.T.);
#2640=EDGE_CURVE('',#3501,#3506,#4103,.T.);
#2641=EDGE_CURVE('',#3502,#3507,#4104,.T.);
#2642=EDGE_CURVE('',#3418,#3384,#4105,.T.);
#2643=EDGE_CURVE('',#3416,#3423,#4106,.T.);
#2644=EDGE_CURVE('',#3428,#3415,#4107,.T.);
#2645=EDGE_CURVE('',#3434,#3427,#4108,.T.);
#2646=EDGE_CURVE('',#3410,#3388,#4109,.T.);
#2647=EDGE_CURVE('',#3404,#3406,#4110,.T.);
#2648=EDGE_CURVE('',#3440,#3400,#4111,.T.);
#2649=EDGE_CURVE('',#3395,#3436,#4112,.T.);
#2650=EDGE_CURVE('',#3381,#3398,#4113,.T.);
#2651=EDGE_CURVE('',#3435,#3426,#4114,.T.);
#2652=EDGE_CURVE('',#3419,#3382,#4115,.T.);
#2653=EDGE_CURVE('',#3429,#3414,#4116,.T.);
#2654=EDGE_CURVE('',#3417,#3422,#4117,.T.);
#2655=EDGE_CURVE('',#3396,#3439,#4118,.T.);
#2656=EDGE_CURVE('',#3379,#3399,#4119,.T.);
#2657=EDGE_CURVE('',#3411,#3386,#4120,.T.);
#2658=EDGE_CURVE('',#3441,#3403,#4121,.T.);
#2659=EDGE_CURVE('',#3405,#3409,#4122,.T.);
#2660=EDGE_CURVE('',#3508,#3508,#169,.T.);
#2661=EDGE_CURVE('',#3509,#3509,#170,.T.);
#2662=EDGE_CURVE('',#3510,#3510,#171,.T.);
#2663=EDGE_CURVE('',#3511,#3511,#172,.T.);
#2664=EDGE_CURVE('',#3512,#3512,#173,.T.);
#2665=EDGE_CURVE('',#3513,#3513,#174,.T.);
#2666=EDGE_CURVE('',#3514,#3514,#175,.T.);
#2667=EDGE_CURVE('',#3515,#3515,#176,.T.);
#2668=EDGE_CURVE('',#3516,#3516,#177,.T.);
#2669=EDGE_CURVE('',#3517,#3517,#178,.T.);
#2670=EDGE_CURVE('',#3518,#3518,#179,.T.);
#2671=EDGE_CURVE('',#3519,#3519,#180,.T.);
#2672=EDGE_CURVE('',#3520,#3520,#181,.T.);
#2673=EDGE_CURVE('',#3521,#3522,#4123,.T.);
#2674=EDGE_CURVE('',#3523,#3521,#4124,.T.);
#2675=EDGE_CURVE('',#3524,#3523,#4125,.T.);
#2676=EDGE_CURVE('',#3522,#3524,#4126,.T.);
#2677=EDGE_CURVE('',#3525,#3526,#4127,.T.);
#2678=EDGE_CURVE('',#3526,#3527,#4128,.T.);
#2679=EDGE_CURVE('',#3527,#3528,#4129,.T.);
#2680=EDGE_CURVE('',#3528,#3525,#4130,.T.);
#2681=EDGE_CURVE('',#3525,#3521,#4131,.T.);
#2682=EDGE_CURVE('',#3528,#3523,#4132,.T.);
#2683=EDGE_CURVE('',#3527,#3524,#4133,.T.);
#2684=EDGE_CURVE('',#3526,#3522,#4134,.T.);
#2685=EDGE_CURVE('',#3529,#3530,#4135,.T.);
#2686=EDGE_CURVE('',#3530,#3531,#4136,.T.);
#2687=EDGE_CURVE('',#3531,#3532,#4137,.T.);
#2688=EDGE_CURVE('',#3532,#3529,#4138,.T.);
#2689=EDGE_CURVE('',#3533,#3534,#4139,.T.);
#2690=EDGE_CURVE('',#3529,#3534,#4140,.T.);
#2691=EDGE_CURVE('',#3532,#3533,#4141,.T.);
#2692=EDGE_CURVE('',#3535,#3533,#4142,.T.);
#2693=EDGE_CURVE('',#3531,#3535,#4143,.T.);
#2694=EDGE_CURVE('',#3536,#3535,#4144,.T.);
#2695=EDGE_CURVE('',#3530,#3536,#4145,.T.);
#2696=EDGE_CURVE('',#3534,#3536,#4146,.T.);
#2697=EDGE_CURVE('',#3537,#3538,#4147,.T.);
#2698=EDGE_CURVE('',#3539,#3537,#4148,.T.);
#2699=EDGE_CURVE('',#3540,#3539,#4149,.T.);
#2700=EDGE_CURVE('',#3538,#3540,#4150,.T.);
#2701=EDGE_CURVE('',#3541,#3542,#4151,.T.);
#2702=EDGE_CURVE('',#3540,#3541,#4152,.T.);
#2703=EDGE_CURVE('',#3539,#3542,#4153,.T.);
#2704=EDGE_CURVE('',#3543,#3544,#4154,.T.);
#2705=EDGE_CURVE('',#3537,#3543,#4155,.T.);
#2706=EDGE_CURVE('',#3538,#3544,#4156,.T.);
#2707=EDGE_CURVE('',#3545,#3546,#4157,.T.);
#2708=EDGE_CURVE('',#3546,#3547,#4158,.T.);
#2709=EDGE_CURVE('',#3547,#3548,#4159,.T.);
#2710=EDGE_CURVE('',#3548,#3545,#4160,.T.);
#2711=EDGE_CURVE('',#3549,#3550,#4161,.T.);
#2712=EDGE_CURVE('',#3548,#3550,#4162,.T.);
#2713=EDGE_CURVE('',#3547,#3549,#4163,.T.);
#2714=EDGE_CURVE('',#3551,#3552,#4164,.T.);
#2715=EDGE_CURVE('',#3546,#3552,#4165,.T.);
#2716=EDGE_CURVE('',#3545,#3551,#4166,.T.);
#2717=EDGE_CURVE('',#3553,#3554,#4167,.T.);
#2718=EDGE_CURVE('',#3555,#3553,#4168,.T.);
#2719=EDGE_CURVE('',#3556,#3555,#4169,.T.);
#2720=EDGE_CURVE('',#3554,#3556,#4170,.T.);
#2721=EDGE_CURVE('',#3557,#3558,#4171,.T.);
#2722=EDGE_CURVE('',#3556,#3557,#4172,.T.);
#2723=EDGE_CURVE('',#3555,#3558,#4173,.T.);
#2724=EDGE_CURVE('',#3559,#3560,#4174,.T.);
#2725=EDGE_CURVE('',#3553,#3559,#4175,.T.);
#2726=EDGE_CURVE('',#3554,#3560,#4176,.T.);
#2727=EDGE_CURVE('',#3561,#3562,#4177,.T.);
#2728=EDGE_CURVE('',#3562,#3563,#4178,.T.);
#2729=EDGE_CURVE('',#3563,#3564,#4179,.T.);
#2730=EDGE_CURVE('',#3564,#3561,#4180,.T.);
#2731=EDGE_CURVE('',#3565,#3566,#4181,.T.);
#2732=EDGE_CURVE('',#3564,#3566,#4182,.T.);
#2733=EDGE_CURVE('',#3563,#3565,#4183,.T.);
#2734=EDGE_CURVE('',#3567,#3568,#4184,.T.);
#2735=EDGE_CURVE('',#3562,#3568,#4185,.T.);
#2736=EDGE_CURVE('',#3561,#3567,#4186,.T.);
#2737=EDGE_CURVE('',#3569,#3570,#4187,.T.);
#2738=EDGE_CURVE('',#3570,#3571,#4188,.T.);
#2739=EDGE_CURVE('',#3571,#3572,#4189,.T.);
#2740=EDGE_CURVE('',#3572,#3569,#4190,.T.);
#2741=EDGE_CURVE('',#3560,#3572,#4191,.T.);
#2742=EDGE_CURVE('',#3557,#3565,#4192,.T.);
#2743=EDGE_CURVE('',#3568,#3569,#4193,.T.);
#2744=EDGE_CURVE('',#3552,#3571,#4194,.T.);
#2745=EDGE_CURVE('',#3552,#3560,#4195,.T.);
#2746=EDGE_CURVE('',#3544,#3570,#4196,.T.);
#2747=EDGE_CURVE('',#3541,#3549,#4197,.T.);
#2748=EDGE_CURVE('',#3568,#3544,#4198,.T.);
#2749=EDGE_CURVE('',#3573,#3574,#4199,.T.);
#2750=EDGE_CURVE('',#3575,#3574,#4200,.T.);
#2751=EDGE_CURVE('',#3567,#3575,#4201,.T.);
#2752=EDGE_CURVE('',#3558,#3566,#4202,.T.);
#2753=EDGE_CURVE('',#3576,#3559,#4203,.T.);
#2754=EDGE_CURVE('',#3576,#3573,#4204,.T.);
#2755=EDGE_CURVE('',#3577,#3573,#4205,.T.);
#2756=EDGE_CURVE('',#3578,#3576,#4206,.T.);
#2757=EDGE_CURVE('',#3578,#3577,#4207,.T.);
#2758=EDGE_CURVE('',#3579,#3577,#4208,.T.);
#2759=EDGE_CURVE('',#3551,#3578,#4209,.T.);
#2760=EDGE_CURVE('',#3542,#3550,#4210,.T.);
#2761=EDGE_CURVE('',#3580,#3543,#4211,.T.);
#2762=EDGE_CURVE('',#3580,#3579,#4212,.T.);
#2763=EDGE_CURVE('',#3574,#3579,#4213,.T.);
#2764=EDGE_CURVE('',#3575,#3580,#4214,.T.);
#2765=EDGE_CURVE('',#3581,#3582,#4215,.T.);
#2766=EDGE_CURVE('',#3583,#3581,#4216,.T.);
#2767=EDGE_CURVE('',#3584,#3583,#4217,.T.);
#2768=EDGE_CURVE('',#3582,#3584,#4218,.T.);
#2769=EDGE_CURVE('',#3585,#3586,#4219,.T.);
#2770=EDGE_CURVE('',#3586,#3587,#4220,.T.);
#2771=EDGE_CURVE('',#3587,#3588,#4221,.T.);
#2772=EDGE_CURVE('',#3588,#3585,#4222,.T.);
#2773=EDGE_CURVE('',#3585,#3581,#4223,.T.);
#2774=EDGE_CURVE('',#3588,#3583,#4224,.T.);
#2775=EDGE_CURVE('',#3587,#3584,#4225,.T.);
#2776=EDGE_CURVE('',#3586,#3582,#4226,.T.);
#2777=EDGE_CURVE('',#3589,#3590,#4227,.T.);
#2778=EDGE_CURVE('',#3590,#3591,#4228,.T.);
#2779=EDGE_CURVE('',#3591,#3592,#4229,.T.);
#2780=EDGE_CURVE('',#3592,#3593,#4230,.T.);
#2781=EDGE_CURVE('',#3593,#3594,#4231,.T.);
#2782=EDGE_CURVE('',#3594,#3595,#4232,.T.);
#2783=EDGE_CURVE('',#3595,#3596,#4233,.T.);
#2784=EDGE_CURVE('',#3596,#3589,#4234,.T.);
#2785=EDGE_CURVE('',#3597,#3598,#4235,.T.);
#2786=EDGE_CURVE('',#3599,#3597,#4236,.T.);
#2787=EDGE_CURVE('',#3600,#3599,#4237,.T.);
#2788=EDGE_CURVE('',#3601,#3600,#4238,.T.);
#2789=EDGE_CURVE('',#3602,#3601,#4239,.T.);
#2790=EDGE_CURVE('',#3603,#3602,#4240,.T.);
#2791=EDGE_CURVE('',#3604,#3603,#4241,.T.);
#2792=EDGE_CURVE('',#3598,#3604,#4242,.T.);
#2793=EDGE_CURVE('',#3598,#3590,#4243,.T.);
#2794=EDGE_CURVE('',#3604,#3591,#4244,.T.);
#2795=EDGE_CURVE('',#3603,#3592,#4245,.T.);
#2796=EDGE_CURVE('',#3602,#3593,#4246,.T.);
#2797=EDGE_CURVE('',#3601,#3594,#4247,.T.);
#2798=EDGE_CURVE('',#3600,#3595,#4248,.T.);
#2799=EDGE_CURVE('',#3599,#3596,#4249,.T.);
#2800=EDGE_CURVE('',#3597,#3589,#4250,.T.);
#2801=EDGE_CURVE('',#3605,#3606,#4251,.T.);
#2802=EDGE_CURVE('',#3607,#3605,#4252,.T.);
#2803=EDGE_CURVE('',#3608,#3607,#4253,.T.);
#2804=EDGE_CURVE('',#3606,#3608,#4254,.T.);
#2805=EDGE_CURVE('',#3609,#3610,#4255,.T.);
#2806=EDGE_CURVE('',#3610,#3611,#4256,.T.);
#2807=EDGE_CURVE('',#3611,#3612,#4257,.T.);
#2808=EDGE_CURVE('',#3612,#3609,#4258,.T.);
#2809=EDGE_CURVE('',#3609,#3605,#4259,.T.);
#2810=EDGE_CURVE('',#3612,#3607,#4260,.T.);
#2811=EDGE_CURVE('',#3611,#3608,#4261,.T.);
#2812=EDGE_CURVE('',#3610,#3606,#4262,.T.);
#2813=EDGE_CURVE('',#3613,#3613,#182,.T.);
#2814=EDGE_CURVE('',#3614,#3614,#183,.T.);
#2815=EDGE_CURVE('',#3615,#3616,#184,.T.);
#2816=EDGE_CURVE('',#3616,#3617,#4263,.T.);
#2817=EDGE_CURVE('',#3617,#3618,#185,.T.);
#2818=EDGE_CURVE('',#3618,#3615,#4264,.T.);
#2819=EDGE_CURVE('',#3619,#3620,#4265,.T.);
#2820=EDGE_CURVE('',#3617,#3620,#4266,.T.);
#2821=EDGE_CURVE('',#3616,#3619,#4267,.T.);
#2822=EDGE_CURVE('',#3620,#3621,#186,.T.);
#2823=EDGE_CURVE('',#3618,#3621,#4268,.T.);
#2824=EDGE_CURVE('',#3621,#3622,#4269,.T.);
#2825=EDGE_CURVE('',#3615,#3622,#4270,.T.);
#2826=EDGE_CURVE('',#3622,#3619,#187,.T.);
#2827=EDGE_CURVE('',#3623,#3624,#188,.T.);
#2828=EDGE_CURVE('',#3624,#3625,#4271,.T.);
#2829=EDGE_CURVE('',#3625,#3626,#189,.T.);
#2830=EDGE_CURVE('',#3626,#3623,#4272,.T.);
#2831=EDGE_CURVE('',#3627,#3628,#4273,.T.);
#2832=EDGE_CURVE('',#3625,#3628,#4274,.T.);
#2833=EDGE_CURVE('',#3624,#3627,#4275,.T.);
#2834=EDGE_CURVE('',#3628,#3629,#190,.T.);
#2835=EDGE_CURVE('',#3626,#3629,#4276,.T.);
#2836=EDGE_CURVE('',#3629,#3630,#4277,.T.);
#2837=EDGE_CURVE('',#3623,#3630,#4278,.T.);
#2838=EDGE_CURVE('',#3630,#3627,#191,.T.);
#2839=EDGE_CURVE('',#3631,#3632,#192,.T.);
#2840=EDGE_CURVE('',#3632,#3633,#4279,.T.);
#2841=EDGE_CURVE('',#3633,#3634,#193,.T.);
#2842=EDGE_CURVE('',#3634,#3631,#4280,.T.);
#2843=EDGE_CURVE('',#3635,#3636,#4281,.T.);
#2844=EDGE_CURVE('',#3633,#3636,#4282,.T.);
#2845=EDGE_CURVE('',#3632,#3635,#4283,.T.);
#2846=EDGE_CURVE('',#3636,#3637,#194,.T.);
#2847=EDGE_CURVE('',#3634,#3637,#4284,.T.);
#2848=EDGE_CURVE('',#3637,#3638,#4285,.T.);
#2849=EDGE_CURVE('',#3631,#3638,#4286,.T.);
#2850=EDGE_CURVE('',#3638,#3635,#195,.T.);
#2851=EDGE_CURVE('',#3639,#3640,#196,.T.);
#2852=EDGE_CURVE('',#3640,#3641,#4287,.T.);
#2853=EDGE_CURVE('',#3641,#3642,#197,.T.);
#2854=EDGE_CURVE('',#3642,#3639,#4288,.T.);
#2855=EDGE_CURVE('',#3643,#3644,#4289,.T.);
#2856=EDGE_CURVE('',#3641,#3644,#4290,.T.);
#2857=EDGE_CURVE('',#3640,#3643,#4291,.T.);
#2858=EDGE_CURVE('',#3644,#3645,#198,.T.);
#2859=EDGE_CURVE('',#3642,#3645,#4292,.T.);
#2860=EDGE_CURVE('',#3645,#3646,#4293,.T.);
#2861=EDGE_CURVE('',#3639,#3646,#4294,.T.);
#2862=EDGE_CURVE('',#3646,#3643,#199,.T.);
#2863=EDGE_CURVE('',#3647,#3648,#4295,.T.);
#2864=EDGE_CURVE('',#3649,#3647,#4296,.T.);
#2865=EDGE_CURVE('',#3650,#3649,#4297,.T.);
#2866=EDGE_CURVE('',#3648,#3650,#4298,.T.);
#2867=EDGE_CURVE('',#3651,#3652,#4299,.T.);
#2868=EDGE_CURVE('',#3652,#3653,#4300,.T.);
#2869=EDGE_CURVE('',#3653,#3654,#4301,.T.);
#2870=EDGE_CURVE('',#3654,#3651,#4302,.T.);
#2871=EDGE_CURVE('',#3651,#3647,#4303,.T.);
#2872=EDGE_CURVE('',#3654,#3649,#4304,.T.);
#2873=EDGE_CURVE('',#3653,#3650,#4305,.T.);
#2874=EDGE_CURVE('',#3652,#3648,#4306,.T.);
#2875=EDGE_CURVE('',#3655,#3656,#4307,.T.);
#2876=EDGE_CURVE('',#3656,#3657,#4308,.T.);
#2877=EDGE_CURVE('',#3657,#3658,#4309,.T.);
#2878=EDGE_CURVE('',#3655,#3658,#4310,.T.);
#2879=EDGE_CURVE('',#3656,#3659,#200,.T.);
#2880=EDGE_CURVE('',#3659,#3660,#4311,.T.);
#2881=EDGE_CURVE('',#3660,#3657,#201,.T.);
#2882=EDGE_CURVE('',#3659,#3661,#4312,.T.);
#2883=EDGE_CURVE('',#3661,#3662,#4313,.T.);
#2884=EDGE_CURVE('',#3662,#3660,#4314,.T.);
#2885=EDGE_CURVE('',#3655,#3663,#4315,.T.);
#2886=EDGE_CURVE('',#3658,#3664,#4316,.T.);
#2887=EDGE_CURVE('',#3664,#3665,#202,.T.);
#2888=EDGE_CURVE('',#3665,#3666,#4317,.T.);
#2889=EDGE_CURVE('',#3663,#3666,#34,.T.);
#2890=EDGE_CURVE('',#3661,#3667,#4318,.T.);
#2891=EDGE_CURVE('',#3667,#3668,#203,.T.);
#2892=EDGE_CURVE('',#3669,#3668,#4319,.T.);
#2893=EDGE_CURVE('',#3670,#3669,#204,.T.);
#2894=EDGE_CURVE('',#3662,#3670,#4320,.T.);
#2895=EDGE_CURVE('',#3669,#3665,#4321,.T.);
#2896=EDGE_CURVE('',#3664,#3670,#4322,.T.);
#2897=EDGE_CURVE('',#3671,#3672,#4323,.T.);
#2898=EDGE_CURVE('',#3672,#3673,#4324,.T.);
#2899=EDGE_CURVE('',#3674,#3673,#4325,.T.);
#2900=EDGE_CURVE('',#3671,#3674,#4326,.T.);
#2901=EDGE_CURVE('',#3675,#3671,#205,.T.);
#2902=EDGE_CURVE('',#3676,#3674,#206,.T.);
#2903=EDGE_CURVE('',#3675,#3676,#4327,.T.);
#2904=EDGE_CURVE('',#3677,#3675,#4328,.T.);
#2905=EDGE_CURVE('',#3678,#3676,#4329,.T.);
#2906=EDGE_CURVE('',#3677,#3678,#4330,.T.);
#2907=EDGE_CURVE('',#3679,#3680,#4331,.T.);
#2908=EDGE_CURVE('',#3681,#3679,#207,.T.);
#2909=EDGE_CURVE('',#3682,#3681,#4332,.T.);
#2910=EDGE_CURVE('',#3682,#3680,#208,.T.);
#2911=EDGE_CURVE('',#3683,#3684,#4333,.T.);
#2912=EDGE_CURVE('',#3684,#3685,#4334,.T.);
#2913=EDGE_CURVE('',#3686,#3685,#4335,.T.);
#2914=EDGE_CURVE('',#3683,#3686,#4336,.T.);
#2915=EDGE_CURVE('',#3687,#3683,#209,.T.);
#2916=EDGE_CURVE('',#3688,#3686,#210,.T.);
#2917=EDGE_CURVE('',#3687,#3688,#4337,.T.);
#2918=EDGE_CURVE('',#3689,#3687,#4338,.T.);
#2919=EDGE_CURVE('',#3690,#3688,#4339,.T.);
#2920=EDGE_CURVE('',#3689,#3690,#4340,.T.);
#2921=EDGE_CURVE('',#3691,#3692,#4341,.T.);
#2922=EDGE_CURVE('',#3693,#3691,#211,.T.);
#2923=EDGE_CURVE('',#3694,#3693,#4342,.T.);
#2924=EDGE_CURVE('',#3694,#3692,#212,.T.);
#2925=EDGE_CURVE('',#3695,#3696,#4343,.T.);
#2926=EDGE_CURVE('',#3696,#3697,#4344,.T.);
#2927=EDGE_CURVE('',#3697,#3698,#4345,.T.);
#2928=EDGE_CURVE('',#3695,#3698,#4346,.T.);
#2929=EDGE_CURVE('',#3696,#3699,#213,.T.);
#2930=EDGE_CURVE('',#3699,#3700,#4347,.T.);
#2931=EDGE_CURVE('',#3700,#3697,#214,.T.);
#2932=EDGE_CURVE('',#3699,#3701,#4348,.T.);
#2933=EDGE_CURVE('',#3701,#3702,#4349,.T.);
#2934=EDGE_CURVE('',#3702,#3700,#4350,.T.);
#2935=EDGE_CURVE('',#3701,#3703,#4351,.T.);
#2936=EDGE_CURVE('',#3703,#3704,#215,.T.);
#2937=EDGE_CURVE('',#3705,#3704,#4352,.T.);
#2938=EDGE_CURVE('',#3706,#3705,#216,.T.);
#2939=EDGE_CURVE('',#3702,#3706,#4353,.T.);
#2940=EDGE_CURVE('',#3695,#3707,#4354,.T.);
#2941=EDGE_CURVE('',#3698,#3708,#4355,.T.);
#2942=EDGE_CURVE('',#3708,#3709,#217,.T.);
#2943=EDGE_CURVE('',#3709,#3710,#4356,.T.);
#2944=EDGE_CURVE('',#3707,#3710,#35,.T.);
#2945=EDGE_CURVE('',#3705,#3709,#4357,.T.);
#2946=EDGE_CURVE('',#3708,#3706,#4358,.T.);
#2947=EDGE_CURVE('',#3711,#3712,#218,.T.);
#2948=EDGE_CURVE('',#3713,#3712,#219,.T.);
#2949=EDGE_CURVE('',#3713,#3714,#220,.T.);
#2950=EDGE_CURVE('',#3711,#3714,#221,.T.);
#2951=EDGE_CURVE('',#3715,#3716,#222,.T.);
#2952=EDGE_CURVE('',#3714,#3716,#4359,.T.);
#2953=EDGE_CURVE('',#3715,#3713,#4360,.T.);
#2954=EDGE_CURVE('',#3717,#3718,#223,.T.);
#2955=EDGE_CURVE('',#3712,#3718,#4361,.T.);
#2956=EDGE_CURVE('',#3717,#3711,#4362,.T.);
#2957=EDGE_CURVE('',#3719,#3720,#224,.T.);
#2958=EDGE_CURVE('',#3716,#3720,#225,.T.);
#2959=EDGE_CURVE('',#3719,#3715,#226,.T.);
#2960=EDGE_CURVE('',#3721,#3722,#227,.T.);
#2961=EDGE_CURVE('',#3718,#3722,#228,.T.);
#2962=EDGE_CURVE('',#3721,#3717,#229,.T.);
#2963=EDGE_CURVE('',#3723,#3724,#230,.T.);
#2964=EDGE_CURVE('',#3720,#3724,#4363,.T.);
#2965=EDGE_CURVE('',#3723,#3719,#4364,.T.);
#2966=EDGE_CURVE('',#3725,#3726,#231,.T.);
#2967=EDGE_CURVE('',#3722,#3726,#4365,.T.);
#2968=EDGE_CURVE('',#3725,#3721,#4366,.T.);
#2969=EDGE_CURVE('',#3726,#3723,#232,.T.);
#2970=EDGE_CURVE('',#3724,#3725,#233,.T.);
#2971=EDGE_CURVE('',#3727,#3728,#234,.T.);
#2972=EDGE_CURVE('',#3729,#3728,#235,.T.);
#2973=EDGE_CURVE('',#3729,#3730,#236,.T.);
#2974=EDGE_CURVE('',#3727,#3730,#237,.T.);
#2975=EDGE_CURVE('',#3731,#3732,#238,.T.);
#2976=EDGE_CURVE('',#3730,#3732,#4367,.T.);
#2977=EDGE_CURVE('',#3731,#3729,#4368,.T.);
#2978=EDGE_CURVE('',#3733,#3734,#239,.T.);
#2979=EDGE_CURVE('',#3734,#3732,#240,.T.);
#2980=EDGE_CURVE('',#3731,#3733,#241,.T.);
#2981=EDGE_CURVE('',#3735,#3736,#242,.T.);
#2982=EDGE_CURVE('',#3734,#3736,#4369,.T.);
#2983=EDGE_CURVE('',#3735,#3733,#4370,.T.);
#2984=EDGE_CURVE('',#3737,#3738,#243,.T.);
#2985=EDGE_CURVE('',#3732,#3738,#4371,.T.);
#2986=EDGE_CURVE('',#3737,#3734,#4372,.T.);
#2987=EDGE_CURVE('',#3738,#3739,#244,.T.);
#2988=EDGE_CURVE('',#3740,#3739,#4373,.T.);
#2989=EDGE_CURVE('',#3741,#3740,#245,.T.);
#2990=EDGE_CURVE('',#3738,#3741,#4374,.T.);
#2991=EDGE_CURVE('',#3742,#3743,#246,.T.);
#2992=EDGE_CURVE('',#3744,#3743,#4375,.T.);
#2993=EDGE_CURVE('',#3740,#3744,#247,.T.);
#2994=EDGE_CURVE('',#3742,#3740,#4376,.T.);
#2995=EDGE_CURVE('',#3735,#3745,#248,.T.);
#2996=EDGE_CURVE('',#3745,#3736,#249,.T.);
#2997=EDGE_CURVE('',#3737,#3739,#250,.T.);
#2998=EDGE_CURVE('',#3742,#3746,#251,.T.);
#2999=EDGE_CURVE('',#3746,#3743,#252,.T.);
#3000=EDGE_CURVE('',#3747,#3748,#253,.T.);
#3001=EDGE_CURVE('',#3745,#3748,#4377,.T.);
#3002=EDGE_CURVE('',#3747,#3735,#4378,.T.);
#3003=EDGE_CURVE('',#3749,#3750,#254,.T.);
#3004=EDGE_CURVE('',#3736,#3750,#4379,.T.);
#3005=EDGE_CURVE('',#3749,#3745,#4380,.T.);
#3006=EDGE_CURVE('',#3750,#3751,#255,.T.);
#3007=EDGE_CURVE('',#3739,#3751,#4381,.T.);
#3008=EDGE_CURVE('',#3750,#3737,#4382,.T.);
#3009=EDGE_CURVE('',#3751,#3752,#256,.T.);
#3010=EDGE_CURVE('',#3746,#3752,#4383,.T.);
#3011=EDGE_CURVE('',#3751,#3742,#4384,.T.);
#3012=EDGE_CURVE('',#3753,#3754,#257,.T.);
#3013=EDGE_CURVE('',#3743,#3754,#4385,.T.);
#3014=EDGE_CURVE('',#3753,#3746,#4386,.T.);
#3015=EDGE_CURVE('',#3747,#3755,#258,.T.);
#3016=EDGE_CURVE('',#3755,#3748,#259,.T.);
#3017=EDGE_CURVE('',#3749,#3752,#260,.T.);
#3018=EDGE_CURVE('',#3753,#3756,#261,.T.);
#3019=EDGE_CURVE('',#3756,#3754,#262,.T.);
#3020=EDGE_CURVE('',#3757,#3758,#263,.T.);
#3021=EDGE_CURVE('',#3755,#3758,#4387,.T.);
#3022=EDGE_CURVE('',#3757,#3747,#4388,.T.);
#3023=EDGE_CURVE('',#3759,#3760,#264,.T.);
#3024=EDGE_CURVE('',#3748,#3760,#4389,.T.);
#3025=EDGE_CURVE('',#3759,#3755,#4390,.T.);
#3026=EDGE_CURVE('',#3761,#3762,#265,.T.);
#3027=EDGE_CURVE('',#3756,#3762,#4391,.T.);
#3028=EDGE_CURVE('',#3761,#3753,#4392,.T.);
#3029=EDGE_CURVE('',#3763,#3764,#266,.T.);
#3030=EDGE_CURVE('',#3754,#3764,#4393,.T.);
#3031=EDGE_CURVE('',#3763,#3756,#4394,.T.);
#3032=EDGE_CURVE('',#3765,#3766,#267,.T.);
#3033=EDGE_CURVE('',#3766,#3758,#268,.T.);
#3034=EDGE_CURVE('',#3757,#3765,#269,.T.);
#3035=EDGE_CURVE('',#3759,#3767,#270,.T.);
#3036=EDGE_CURVE('',#3767,#3760,#271,.T.);
#3037=EDGE_CURVE('',#3768,#3769,#272,.T.);
#3038=EDGE_CURVE('',#3769,#3762,#273,.T.);
#3039=EDGE_CURVE('',#3761,#3768,#274,.T.);
#3040=EDGE_CURVE('',#3663,#3770,#36,.T.);
#3041=EDGE_CURVE('',#3666,#3764,#275,.T.);
#3042=EDGE_CURVE('',#3763,#3771,#276,.T.);
#3043=EDGE_CURVE('',#3771,#3770,#277,.T.);
#3044=EDGE_CURVE('',#3772,#3773,#278,.T.);
#3045=EDGE_CURVE('',#3766,#3773,#4395,.T.);
#3046=EDGE_CURVE('',#3772,#3765,#4396,.T.);
#3047=EDGE_CURVE('',#3774,#3775,#279,.T.);
#3048=EDGE_CURVE('',#3758,#3775,#4397,.T.);
#3049=EDGE_CURVE('',#3774,#3766,#4398,.T.);
#3050=EDGE_CURVE('',#3775,#3776,#280,.T.);
#3051=EDGE_CURVE('',#3767,#3776,#4399,.T.);
#3052=EDGE_CURVE('',#3775,#3759,#4400,.T.);
#3053=EDGE_CURVE('',#3777,#3778,#281,.T.);
#3054=EDGE_CURVE('',#3760,#3778,#4401,.T.);
#3055=EDGE_CURVE('',#3777,#3767,#4402,.T.);
#3056=EDGE_CURVE('',#3779,#3780,#282,.T.);
#3057=EDGE_CURVE('',#3769,#3780,#4403,.T.);
#3058=EDGE_CURVE('',#3779,#3768,#4404,.T.);
#3059=EDGE_CURVE('',#3781,#3782,#283,.T.);
#3060=EDGE_CURVE('',#3762,#3782,#4405,.T.);
#3061=EDGE_CURVE('',#3781,#3769,#4406,.T.);
#3062=EDGE_CURVE('',#3782,#3783,#284,.T.);
#3063=EDGE_CURVE('',#3771,#3783,#4407,.T.);
#3064=EDGE_CURVE('',#3782,#3763,#4408,.T.);
#3065=EDGE_CURVE('',#3770,#3667,#4409,.T.);
#3066=EDGE_CURVE('',#3784,#3771,#4410,.T.);
#3067=EDGE_CURVE('',#3784,#3785,#285,.T.);
#3068=EDGE_CURVE('',#3668,#3785,#4411,.T.);
#3069=EDGE_CURVE('',#3786,#3787,#286,.T.);
#3070=EDGE_CURVE('',#3787,#3773,#287,.T.);
#3071=EDGE_CURVE('',#3772,#3786,#288,.T.);
#3072=EDGE_CURVE('',#3774,#3788,#289,.T.);
#3073=EDGE_CURVE('',#3788,#3776,#290,.T.);
#3074=EDGE_CURVE('',#3789,#3790,#291,.T.);
#3075=EDGE_CURVE('',#3790,#3778,#292,.T.);
#3076=EDGE_CURVE('',#3777,#3789,#293,.T.);
#3077=EDGE_CURVE('',#3779,#3791,#294,.T.);
#3078=EDGE_CURVE('',#3791,#3780,#295,.T.);
#3079=EDGE_CURVE('',#3781,#3783,#296,.T.);
#3080=EDGE_CURVE('',#3792,#3793,#297,.T.);
#3081=EDGE_CURVE('',#3785,#3793,#298,.T.);
#3082=EDGE_CURVE('',#3792,#3784,#299,.T.);
#3083=EDGE_CURVE('',#3794,#3795,#300,.T.);
#3084=EDGE_CURVE('',#3787,#3795,#4412,.T.);
#3085=EDGE_CURVE('',#3794,#3786,#4413,.T.);
#3086=EDGE_CURVE('',#3796,#3797,#301,.T.);
#3087=EDGE_CURVE('',#3773,#3797,#4414,.T.);
#3088=EDGE_CURVE('',#3796,#3787,#4415,.T.);
#3089=EDGE_CURVE('',#3798,#3799,#302,.T.);
#3090=EDGE_CURVE('',#3776,#3799,#4416,.T.);
#3091=EDGE_CURVE('',#3798,#3788,#4417,.T.);
#3092=EDGE_CURVE('',#3799,#3800,#303,.T.);
#3093=EDGE_CURVE('',#3789,#3800,#4418,.T.);
#3094=EDGE_CURVE('',#3799,#3777,#4419,.T.);
#3095=EDGE_CURVE('',#3801,#3802,#304,.T.);
#3096=EDGE_CURVE('',#3790,#3802,#4420,.T.);
#3097=EDGE_CURVE('',#3801,#3789,#4421,.T.);
#3098=EDGE_CURVE('',#3803,#3804,#305,.T.);
#3099=EDGE_CURVE('',#3791,#3804,#4422,.T.);
#3100=EDGE_CURVE('',#3803,#3779,#4423,.T.);
#3101=EDGE_CURVE('',#3805,#3806,#306,.T.);
#3102=EDGE_CURVE('',#3780,#3806,#4424,.T.);
#3103=EDGE_CURVE('',#3805,#3791,#4425,.T.);
#3104=EDGE_CURVE('',#3806,#3807,#307,.T.);
#3105=EDGE_CURVE('',#3783,#3807,#4426,.T.);
#3106=EDGE_CURVE('',#3806,#3781,#4427,.T.);
#3107=EDGE_CURVE('',#3807,#3808,#308,.T.);
#3108=EDGE_CURVE('',#3793,#3808,#4428,.T.);
#3109=EDGE_CURVE('',#3807,#3792,#4429,.T.);
#3110=EDGE_CURVE('',#3794,#3809,#309,.T.);
#3111=EDGE_CURVE('',#3809,#3795,#310,.T.);
#3112=EDGE_CURVE('',#3810,#3811,#311,.T.);
#3113=EDGE_CURVE('',#3811,#3797,#312,.T.);
#3114=EDGE_CURVE('',#3796,#3810,#313,.T.);
#3115=EDGE_CURVE('',#3798,#3800,#314,.T.);
#3116=EDGE_CURVE('',#3812,#3813,#315,.T.);
#3117=EDGE_CURVE('',#3813,#3802,#316,.T.);
#3118=EDGE_CURVE('',#3801,#3812,#317,.T.);
#3119=EDGE_CURVE('',#3803,#3814,#318,.T.);
#3120=EDGE_CURVE('',#3814,#3804,#319,.T.);
#3121=EDGE_CURVE('',#3805,#3808,#320,.T.);
#3122=EDGE_CURVE('',#3815,#3816,#321,.T.);
#3123=EDGE_CURVE('',#3809,#3816,#4430,.T.);
#3124=EDGE_CURVE('',#3815,#3794,#4431,.T.);
#3125=EDGE_CURVE('',#3817,#3818,#322,.T.);
#3126=EDGE_CURVE('',#3795,#3818,#4432,.T.);
#3127=EDGE_CURVE('',#3817,#3809,#4433,.T.);
#3128=EDGE_CURVE('',#3818,#3819,#323,.T.);
#3129=EDGE_CURVE('',#3810,#3819,#4434,.T.);
#3130=EDGE_CURVE('',#3818,#3796,#4435,.T.);
#3131=EDGE_CURVE('',#3820,#3821,#324,.T.);
#3132=EDGE_CURVE('',#3811,#3821,#4436,.T.);
#3133=EDGE_CURVE('',#3820,#3810,#4437,.T.);
#3134=EDGE_CURVE('',#3822,#3823,#325,.T.);
#3135=EDGE_CURVE('',#3800,#3823,#4438,.T.);
#3136=EDGE_CURVE('',#3822,#3798,#4439,.T.);
#3137=EDGE_CURVE('',#3823,#3824,#326,.T.);
#3138=EDGE_CURVE('',#3812,#3824,#4440,.T.);
#3139=EDGE_CURVE('',#3823,#3801,#4441,.T.);
#3140=EDGE_CURVE('',#3825,#3826,#327,.T.);
#3141=EDGE_CURVE('',#3813,#3826,#4442,.T.);
#3142=EDGE_CURVE('',#3825,#3812,#4443,.T.);
#3143=EDGE_CURVE('',#3826,#3827,#328,.T.);
#3144=EDGE_CURVE('',#3814,#3827,#4444,.T.);
#3145=EDGE_CURVE('',#3826,#3803,#4445,.T.);
#3146=EDGE_CURVE('',#3828,#3829,#329,.T.);
#3147=EDGE_CURVE('',#3804,#3829,#4446,.T.);
#3148=EDGE_CURVE('',#3828,#3814,#4447,.T.);
#3149=EDGE_CURVE('',#3815,#3830,#330,.T.);
#3150=EDGE_CURVE('',#3830,#3816,#331,.T.);
#3151=EDGE_CURVE('',#3817,#3819,#332,.T.);
#3152=EDGE_CURVE('',#3820,#3831,#333,.T.);
#3153=EDGE_CURVE('',#3831,#3821,#334,.T.);
#3154=EDGE_CURVE('',#3822,#3824,#335,.T.);
#3155=EDGE_CURVE('',#3825,#3827,#336,.T.);
#3156=EDGE_CURVE('',#3832,#3833,#337,.T.);
#3157=EDGE_CURVE('',#3833,#3829,#338,.T.);
#3158=EDGE_CURVE('',#3828,#3832,#339,.T.);
#3159=EDGE_CURVE('',#3834,#3835,#340,.T.);
#3160=EDGE_CURVE('',#3830,#3835,#4448,.T.);
#3161=EDGE_CURVE('',#3834,#3815,#4449,.T.);
#3162=EDGE_CURVE('',#3836,#3837,#341,.T.);
#3163=EDGE_CURVE('',#3816,#3837,#4450,.T.);
#3164=EDGE_CURVE('',#3836,#3830,#4451,.T.);
#3165=EDGE_CURVE('',#3838,#3839,#342,.T.);
#3166=EDGE_CURVE('',#3819,#3839,#4452,.T.);
#3167=EDGE_CURVE('',#3838,#3817,#4453,.T.);
#3168=EDGE_CURVE('',#3839,#3840,#343,.T.);
#3169=EDGE_CURVE('',#3831,#3840,#4454,.T.);
#3170=EDGE_CURVE('',#3839,#3820,#4455,.T.);
#3171=EDGE_CURVE('',#3841,#3842,#344,.T.);
#3172=EDGE_CURVE('',#3821,#3842,#4456,.T.);
#3173=EDGE_CURVE('',#3841,#3831,#4457,.T.);
#3174=EDGE_CURVE('',#3843,#3844,#345,.T.);
#3175=EDGE_CURVE('',#3824,#3844,#4458,.T.);
#3176=EDGE_CURVE('',#3843,#3822,#4459,.T.);
#3177=EDGE_CURVE('',#3844,#3845,#346,.T.);
#3178=EDGE_CURVE('',#3827,#3845,#4460,.T.);
#3179=EDGE_CURVE('',#3844,#3825,#4461,.T.);
#3180=EDGE_CURVE('',#3845,#3846,#347,.T.);
#3181=EDGE_CURVE('',#3832,#3846,#4462,.T.);
#3182=EDGE_CURVE('',#3845,#3828,#4463,.T.);
#3183=EDGE_CURVE('',#3847,#3848,#348,.T.);
#3184=EDGE_CURVE('',#3833,#3848,#4464,.T.);
#3185=EDGE_CURVE('',#3847,#3832,#4465,.T.);
#3186=EDGE_CURVE('',#3849,#3850,#349,.T.);
#3187=EDGE_CURVE('',#3850,#3835,#350,.T.);
#3188=EDGE_CURVE('',#3834,#3849,#351,.T.);
#3189=EDGE_CURVE('',#3851,#3852,#352,.T.);
#3190=EDGE_CURVE('',#3852,#3837,#353,.T.);
#3191=EDGE_CURVE('',#3836,#3851,#354,.T.);
#3192=EDGE_CURVE('',#3838,#3853,#355,.T.);
#3193=EDGE_CURVE('',#3853,#3840,#356,.T.);
#3194=EDGE_CURVE('',#3841,#3854,#357,.T.);
#3195=EDGE_CURVE('',#3854,#3842,#358,.T.);
#3196=EDGE_CURVE('',#3843,#3846,#359,.T.);
#3197=EDGE_CURVE('',#3855,#3856,#360,.T.);
#3198=EDGE_CURVE('',#3856,#3848,#361,.T.);
#3199=EDGE_CURVE('',#3847,#3855,#362,.T.);
#3200=EDGE_CURVE('',#3857,#3858,#363,.T.);
#3201=EDGE_CURVE('',#3850,#3858,#4466,.T.);
#3202=EDGE_CURVE('',#3857,#3849,#4467,.T.);
#3203=EDGE_CURVE('',#3859,#3860,#364,.T.);
#3204=EDGE_CURVE('',#3835,#3860,#4468,.T.);
#3205=EDGE_CURVE('',#3859,#3850,#4469,.T.);
#3206=EDGE_CURVE('',#3860,#3861,#365,.T.);
#3207=EDGE_CURVE('',#3851,#3861,#4470,.T.);
#3208=EDGE_CURVE('',#3860,#3836,#4471,.T.);
#3209=EDGE_CURVE('',#3862,#3863,#366,.T.);
#3210=EDGE_CURVE('',#3852,#3863,#4472,.T.);
#3211=EDGE_CURVE('',#3862,#3851,#4473,.T.);
#3212=EDGE_CURVE('',#3864,#3865,#367,.T.);
#3213=EDGE_CURVE('',#3840,#3865,#4474,.T.);
#3214=EDGE_CURVE('',#3864,#3853,#4475,.T.);
#3215=EDGE_CURVE('',#3865,#3866,#368,.T.);
#3216=EDGE_CURVE('',#3854,#3866,#4476,.T.);
#3217=EDGE_CURVE('',#3865,#3841,#4477,.T.);
#3218=EDGE_CURVE('',#3867,#3868,#369,.T.);
#3219=EDGE_CURVE('',#3842,#3868,#4478,.T.);
#3220=EDGE_CURVE('',#3867,#3854,#4479,.T.);
#3221=EDGE_CURVE('',#3869,#3870,#370,.T.);
#3222=EDGE_CURVE('',#3855,#3870,#4480,.T.);
#3223=EDGE_CURVE('',#3869,#3847,#4481,.T.);
#3224=EDGE_CURVE('',#3871,#3872,#371,.T.);
#3225=EDGE_CURVE('',#3856,#3872,#4482,.T.);
#3226=EDGE_CURVE('',#3871,#3855,#4483,.T.);
#3227=EDGE_CURVE('',#3873,#3874,#372,.T.);
#3228=EDGE_CURVE('',#3858,#3874,#373,.T.);
#3229=EDGE_CURVE('',#3873,#3857,#374,.T.);
#3230=EDGE_CURVE('',#3859,#3861,#375,.T.);
#3231=EDGE_CURVE('',#3862,#3875,#376,.T.);
#3232=EDGE_CURVE('',#3875,#3863,#377,.T.);
#3233=EDGE_CURVE('',#3864,#3876,#378,.T.);
#3234=EDGE_CURVE('',#3876,#3866,#379,.T.);
#3235=EDGE_CURVE('',#3867,#3870,#380,.T.);
#3236=EDGE_CURVE('',#3869,#3868,#381,.T.);
#3237=EDGE_CURVE('',#3871,#3877,#382,.T.);
#3238=EDGE_CURVE('',#3877,#3872,#383,.T.);
#3239=EDGE_CURVE('',#3878,#3703,#4484,.T.);
#3240=EDGE_CURVE('',#3878,#3879,#384,.T.);
#3241=EDGE_CURVE('',#3874,#3879,#4485,.T.);
#3242=EDGE_CURVE('',#3704,#3873,#4486,.T.);
#3243=EDGE_CURVE('',#3879,#3880,#385,.T.);
#3244=EDGE_CURVE('',#3861,#3880,#4487,.T.);
#3245=EDGE_CURVE('',#3879,#3859,#4488,.T.);
#3246=EDGE_CURVE('',#3880,#3881,#386,.T.);
#3247=EDGE_CURVE('',#3875,#3881,#4489,.T.);
#3248=EDGE_CURVE('',#3880,#3862,#4490,.T.);
#3249=EDGE_CURVE('',#3882,#3883,#387,.T.);
#3250=EDGE_CURVE('',#3863,#3883,#4491,.T.);
#3251=EDGE_CURVE('',#3882,#3875,#4492,.T.);
#3252=EDGE_CURVE('',#3884,#3885,#388,.T.);
#3253=EDGE_CURVE('',#3866,#3885,#4493,.T.);
#3254=EDGE_CURVE('',#3884,#3876,#4494,.T.);
#3255=EDGE_CURVE('',#3885,#3886,#389,.T.);
#3256=EDGE_CURVE('',#3870,#3886,#4495,.T.);
#3257=EDGE_CURVE('',#3885,#3867,#4496,.T.);
#3258=EDGE_CURVE('',#3886,#3884,#390,.T.);
#3259=EDGE_CURVE('',#3877,#3884,#4497,.T.);
#3260=EDGE_CURVE('',#3886,#3871,#4498,.T.);
#3261=EDGE_CURVE('',#3887,#3888,#391,.T.);
#3262=EDGE_CURVE('',#3872,#3888,#4499,.T.);
#3263=EDGE_CURVE('',#3887,#3877,#4500,.T.);
#3264=EDGE_CURVE('',#3707,#3878,#37,.T.);
#3265=EDGE_CURVE('',#3710,#3881,#392,.T.);
#3266=EDGE_CURVE('',#3882,#3889,#393,.T.);
#3267=EDGE_CURVE('',#3889,#3883,#394,.T.);
#3268=EDGE_CURVE('',#3887,#3890,#395,.T.);
#3269=EDGE_CURVE('',#3890,#3888,#396,.T.);
#3270=EDGE_CURVE('',#3891,#3892,#397,.T.);
#3271=EDGE_CURVE('',#3889,#3892,#4501,.T.);
#3272=EDGE_CURVE('',#3891,#3882,#4502,.T.);
#3273=EDGE_CURVE('',#3893,#3894,#398,.T.);
#3274=EDGE_CURVE('',#3883,#3894,#4503,.T.);
#3275=EDGE_CURVE('',#3893,#3889,#4504,.T.);
#3276=EDGE_CURVE('',#3895,#3896,#399,.T.);
#3277=EDGE_CURVE('',#3890,#3896,#4505,.T.);
#3278=EDGE_CURVE('',#3895,#3887,#4506,.T.);
#3279=EDGE_CURVE('',#3897,#3898,#400,.T.);
#3280=EDGE_CURVE('',#3888,#3898,#4507,.T.);
#3281=EDGE_CURVE('',#3897,#3890,#4508,.T.);
#3282=EDGE_CURVE('',#3893,#3896,#401,.T.);
#3283=EDGE_CURVE('',#3895,#3894,#402,.T.);
#3284=EDGE_CURVE('',#3899,#3900,#403,.T.);
#3285=EDGE_CURVE('',#3900,#3898,#404,.T.);
#3286=EDGE_CURVE('',#3897,#3899,#405,.T.);
#3287=EDGE_CURVE('',#3901,#3902,#406,.T.);
#3288=EDGE_CURVE('',#3892,#3902,#4509,.T.);
#3289=EDGE_CURVE('',#3903,#3892,#407,.T.);
#3290=EDGE_CURVE('',#3901,#3903,#4510,.T.);
#3291=EDGE_CURVE('',#3902,#3904,#408,.T.);
#3292=EDGE_CURVE('',#3896,#3904,#4511,.T.);
#3293=EDGE_CURVE('',#3902,#3893,#4512,.T.);
#3294=EDGE_CURVE('',#3904,#3901,#409,.T.);
#3295=EDGE_CURVE('',#3899,#3901,#4513,.T.);
#3296=EDGE_CURVE('',#3904,#3897,#4514,.T.);
#3297=EDGE_CURVE('',#3905,#3906,#410,.T.);
#3298=EDGE_CURVE('',#3900,#3906,#4515,.T.);
#3299=EDGE_CURVE('',#3905,#3899,#4516,.T.);
#3300=EDGE_CURVE('',#3907,#3908,#411,.T.);
#3301=EDGE_CURVE('',#3906,#3907,#412,.T.);
#3302=EDGE_CURVE('',#3908,#3905,#413,.T.);
#3303=EDGE_CURVE('',#3909,#3909,#414,.T.);
#3304=EDGE_CURVE('',#3910,#3910,#415,.T.);
#3305=EDGE_CURVE('',#3911,#3911,#416,.T.);
#3306=EDGE_CURVE('',#3912,#3912,#417,.T.);
#3307=EDGE_CURVE('',#3913,#3913,#418,.T.);
#3308=EDGE_CURVE('',#3914,#3914,#419,.T.);
#3309=EDGE_CURVE('',#3915,#3915,#420,.T.);
#3310=EDGE_CURVE('',#3916,#3916,#421,.T.);
#3311=EDGE_CURVE('',#3917,#3917,#422,.T.);
#3312=EDGE_CURVE('',#3918,#3918,#423,.T.);
#3313=EDGE_CURVE('',#3919,#3919,#424,.T.);
#3314=EDGE_CURVE('',#3920,#3920,#425,.T.);
#3315=EDGE_CURVE('',#3921,#3921,#426,.T.);
#3316=EDGE_CURVE('',#3922,#3922,#427,.T.);
#3317=EDGE_CURVE('',#3923,#3923,#428,.T.);
#3318=EDGE_CURVE('',#3725,#3924,#4517,.T.);
#3319=EDGE_CURVE('',#3721,#3925,#4518,.T.);
#3320=EDGE_CURVE('',#3924,#3925,#4519,.T.);
#3321=EDGE_CURVE('',#3717,#3926,#4520,.T.);
#3322=EDGE_CURVE('',#3925,#3926,#429,.T.);
#3323=EDGE_CURVE('',#3711,#3927,#4521,.T.);
#3324=EDGE_CURVE('',#3926,#3927,#4522,.T.);
#3325=EDGE_CURVE('',#3714,#3928,#4523,.T.);
#3326=EDGE_CURVE('',#3927,#3928,#430,.T.);
#3327=EDGE_CURVE('',#3716,#3929,#4524,.T.);
#3328=EDGE_CURVE('',#3928,#3929,#4525,.T.);
#3329=EDGE_CURVE('',#3720,#3930,#4526,.T.);
#3330=EDGE_CURVE('',#3929,#3930,#431,.T.);
#3331=EDGE_CURVE('',#3724,#3931,#4527,.T.);
#3332=EDGE_CURVE('',#3930,#3931,#4528,.T.);
#3333=EDGE_CURVE('',#3931,#3924,#432,.T.);
#3334=EDGE_CURVE('',#3729,#3932,#4529,.T.);
#3335=EDGE_CURVE('',#3933,#3728,#4530,.T.);
#3336=EDGE_CURVE('',#3932,#3933,#433,.T.);
#3337=EDGE_CURVE('',#3785,#3934,#4531,.T.);
#3338=EDGE_CURVE('',#3935,#3793,#4532,.T.);
#3339=EDGE_CURVE('',#3934,#3935,#434,.T.);
#3340=EDGE_CURVE('',#3906,#3936,#4533,.T.);
#3341=EDGE_CURVE('',#3937,#3907,#4534,.T.);
#3342=EDGE_CURVE('',#3936,#3937,#435,.T.);
#3343=EDGE_CURVE('',#3873,#3938,#4535,.T.);
#3344=EDGE_CURVE('',#3939,#3857,#4536,.T.);
#3345=EDGE_CURVE('',#3938,#3939,#436,.T.);
#3346=EDGE_CURVE('',#3937,#3938,#4537,.T.);
#3347=EDGE_CURVE('',#3939,#3932,#4538,.T.);
#3348=EDGE_CURVE('',#3933,#3934,#4539,.T.);
#3349=EDGE_CURVE('',#3935,#3936,#4540,.T.);
#3350=EDGE_CURVE('',#3903,#3908,#4541,.T.);
#3351=EDGE_CURVE('',#3741,#3727,#4542,.T.);
#3352=EDGE_CURVE('',#3940,#3941,#38,.T.);
#3353=EDGE_CURVE('',#3941,#3942,#39,.T.);
#3354=EDGE_CURVE('',#3942,#3903,#437,.T.);
#3355=EDGE_CURVE('',#3891,#3940,#438,.T.);
#3356=EDGE_CURVE('',#3942,#3943,#4543,.T.);
#3357=EDGE_CURVE('',#3944,#3943,#439,.T.);
#3358=EDGE_CURVE('',#3907,#3944,#4544,.T.);
#3359=EDGE_CURVE('',#3940,#3692,#4545,.T.);
#3360=EDGE_CURVE('',#3944,#3691,#4546,.T.);
#3361=EDGE_CURVE('',#3689,#3943,#4547,.T.);
#3362=EDGE_CURVE('',#3690,#3693,#4548,.T.);
#3363=EDGE_CURVE('',#3684,#3941,#4549,.T.);
#3364=EDGE_CURVE('',#3685,#3694,#4550,.T.);
#3365=EDGE_CURVE('',#3741,#3945,#440,.T.);
#3366=EDGE_CURVE('',#3945,#3946,#4551,.T.);
#3367=EDGE_CURVE('',#3947,#3946,#441,.T.);
#3368=EDGE_CURVE('',#3728,#3947,#4552,.T.);
#3369=EDGE_CURVE('',#3948,#3949,#40,.T.);
#3370=EDGE_CURVE('',#3949,#3945,#41,.T.);
#3371=EDGE_CURVE('',#3744,#3948,#442,.T.);
#3372=EDGE_CURVE('',#3677,#3946,#4553,.T.);
#3373=EDGE_CURVE('',#3678,#3681,#4554,.T.);
#3374=EDGE_CURVE('',#3947,#3679,#4555,.T.);
#3375=EDGE_CURVE('',#3672,#3949,#4556,.T.);
#3376=EDGE_CURVE('',#3948,#3680,#4557,.T.);
#3377=EDGE_CURVE('',#3673,#3682,#4558,.T.);
#3378=VERTEX_POINT('',#9970);
#3379=VERTEX_POINT('',#9971);
#3380=VERTEX_POINT('',#9973);
#3381=VERTEX_POINT('',#9975);
#3382=VERTEX_POINT('',#9979);
#3383=VERTEX_POINT('',#9980);
#3384=VERTEX_POINT('',#9982);
#3385=VERTEX_POINT('',#9984);
#3386=VERTEX_POINT('',#9988);
#3387=VERTEX_POINT('',#9989);
#3388=VERTEX_POINT('',#9991);
#3389=VERTEX_POINT('',#9993);
#3390=VERTEX_POINT('',#9997);
#3391=VERTEX_POINT('',#9998);
#3392=VERTEX_POINT('',#10000);
#3393=VERTEX_POINT('',#10002);
#3394=VERTEX_POINT('',#10006);
#3395=VERTEX_POINT('',#10007);
#3396=VERTEX_POINT('',#10009);
#3397=VERTEX_POINT('',#10011);
#3398=VERTEX_POINT('',#10015);
#3399=VERTEX_POINT('',#10017);
#3400=VERTEX_POINT('',#10021);
#3401=VERTEX_POINT('',#10022);
#3402=VERTEX_POINT('',#10024);
#3403=VERTEX_POINT('',#10026);
#3404=VERTEX_POINT('',#10030);
#3405=VERTEX_POINT('',#10032);
#3406=VERTEX_POINT('',#10036);
#3407=VERTEX_POINT('',#10037);
#3408=VERTEX_POINT('',#10039);
#3409=VERTEX_POINT('',#10041);
#3410=VERTEX_POINT('',#10045);
#3411=VERTEX_POINT('',#10047);
#3412=VERTEX_POINT('',#10051);
#3413=VERTEX_POINT('',#10052);
#3414=VERTEX_POINT('',#10054);
#3415=VERTEX_POINT('',#10056);
#3416=VERTEX_POINT('',#10060);
#3417=VERTEX_POINT('',#10061);
#3418=VERTEX_POINT('',#10066);
#3419=VERTEX_POINT('',#10067);
#3420=VERTEX_POINT('',#10069);
#3421=VERTEX_POINT('',#10071);
#3422=VERTEX_POINT('',#10075);
#3423=VERTEX_POINT('',#10077);
#3424=VERTEX_POINT('',#10081);
#3425=VERTEX_POINT('',#10082);
#3426=VERTEX_POINT('',#10084);
#3427=VERTEX_POINT('',#10086);
#3428=VERTEX_POINT('',#10090);
#3429=VERTEX_POINT('',#10091);
#3430=VERTEX_POINT('',#10096);
#3431=VERTEX_POINT('',#10097);
#3432=VERTEX_POINT('',#10099);
#3433=VERTEX_POINT('',#10101);
#3434=VERTEX_POINT('',#10105);
#3435=VERTEX_POINT('',#10106);
#3436=VERTEX_POINT('',#10111);
#3437=VERTEX_POINT('',#10112);
#3438=VERTEX_POINT('',#10114);
#3439=VERTEX_POINT('',#10116);
#3440=VERTEX_POINT('',#10120);
#3441=VERTEX_POINT('',#10122);
#3442=VERTEX_POINT('',#10126);
#3443=VERTEX_POINT('',#10127);
#3444=VERTEX_POINT('',#10129);
#3445=VERTEX_POINT('',#10131);
#3446=VERTEX_POINT('',#10186);
#3447=VERTEX_POINT('',#10187);
#3448=VERTEX_POINT('',#10213);
#3449=VERTEX_POINT('',#10215);
#3450=VERTEX_POINT('',#10243);
#3451=VERTEX_POINT('',#10248);
#3452=VERTEX_POINT('',#10256);
#3453=VERTEX_POINT('',#10257);
#3454=VERTEX_POINT('',#10259);
#3455=VERTEX_POINT('',#10261);
#3456=VERTEX_POINT('',#10316);
#3457=VERTEX_POINT('',#10317);
#3458=VERTEX_POINT('',#10343);
#3459=VERTEX_POINT('',#10345);
#3460=VERTEX_POINT('',#10373);
#3461=VERTEX_POINT('',#10378);
#3462=VERTEX_POINT('',#10386);
#3463=VERTEX_POINT('',#10387);
#3464=VERTEX_POINT('',#10389);
#3465=VERTEX_POINT('',#10391);
#3466=VERTEX_POINT('',#10446);
#3467=VERTEX_POINT('',#10447);
#3468=VERTEX_POINT('',#10473);
#3469=VERTEX_POINT('',#10475);
#3470=VERTEX_POINT('',#10503);
#3471=VERTEX_POINT('',#10508);
#3472=VERTEX_POINT('',#10516);
#3473=VERTEX_POINT('',#10517);
#3474=VERTEX_POINT('',#10519);
#3475=VERTEX_POINT('',#10521);
#3476=VERTEX_POINT('',#10576);
#3477=VERTEX_POINT('',#10577);
#3478=VERTEX_POINT('',#10603);
#3479=VERTEX_POINT('',#10605);
#3480=VERTEX_POINT('',#10633);
#3481=VERTEX_POINT('',#10638);
#3482=VERTEX_POINT('',#10646);
#3483=VERTEX_POINT('',#10647);
#3484=VERTEX_POINT('',#10649);
#3485=VERTEX_POINT('',#10651);
#3486=VERTEX_POINT('',#10706);
#3487=VERTEX_POINT('',#10707);
#3488=VERTEX_POINT('',#10733);
#3489=VERTEX_POINT('',#10735);
#3490=VERTEX_POINT('',#10763);
#3491=VERTEX_POINT('',#10768);
#3492=VERTEX_POINT('',#10785);
#3493=VERTEX_POINT('',#10787);
#3494=VERTEX_POINT('',#10790);
#3495=VERTEX_POINT('',#10792);
#3496=VERTEX_POINT('',#10795);
#3497=VERTEX_POINT('',#10797);
#3498=VERTEX_POINT('',#10800);
#3499=VERTEX_POINT('',#10802);
#3500=VERTEX_POINT('',#10805);
#3501=VERTEX_POINT('',#10806);
#3502=VERTEX_POINT('',#10808);
#3503=VERTEX_POINT('',#10810);
#3504=VERTEX_POINT('',#10814);
#3505=VERTEX_POINT('',#10816);
#3506=VERTEX_POINT('',#10820);
#3507=VERTEX_POINT('',#10822);
#3508=VERTEX_POINT('',#10860);
#3509=VERTEX_POINT('',#10862);
#3510=VERTEX_POINT('',#10865);
#3511=VERTEX_POINT('',#10868);
#3512=VERTEX_POINT('',#10871);
#3513=VERTEX_POINT('',#10874);
#3514=VERTEX_POINT('',#10877);
#3515=VERTEX_POINT('',#10880);
#3516=VERTEX_POINT('',#10883);
#3517=VERTEX_POINT('',#10886);
#3518=VERTEX_POINT('',#10889);
#3519=VERTEX_POINT('',#10892);
#3520=VERTEX_POINT('',#10896);
#3521=VERTEX_POINT('',#10901);
#3522=VERTEX_POINT('',#10902);
#3523=VERTEX_POINT('',#10904);
#3524=VERTEX_POINT('',#10906);
#3525=VERTEX_POINT('',#10910);
#3526=VERTEX_POINT('',#10911);
#3527=VERTEX_POINT('',#10913);
#3528=VERTEX_POINT('',#10915);
#3529=VERTEX_POINT('',#10928);
#3530=VERTEX_POINT('',#10929);
#3531=VERTEX_POINT('',#10931);
#3532=VERTEX_POINT('',#10933);
#3533=VERTEX_POINT('',#10937);
#3534=VERTEX_POINT('',#10938);
#3535=VERTEX_POINT('',#10943);
#3536=VERTEX_POINT('',#10947);
#3537=VERTEX_POINT('',#10953);
#3538=VERTEX_POINT('',#10954);
#3539=VERTEX_POINT('',#10956);
#3540=VERTEX_POINT('',#10958);
#3541=VERTEX_POINT('',#10962);
#3542=VERTEX_POINT('',#10963);
#3543=VERTEX_POINT('',#10968);
#3544=VERTEX_POINT('',#10969);
#3545=VERTEX_POINT('',#10974);
#3546=VERTEX_POINT('',#10975);
#3547=VERTEX_POINT('',#10977);
#3548=VERTEX_POINT('',#10979);
#3549=VERTEX_POINT('',#10983);
#3550=VERTEX_POINT('',#10984);
#3551=VERTEX_POINT('',#10989);
#3552=VERTEX_POINT('',#10990);
#3553=VERTEX_POINT('',#10995);
#3554=VERTEX_POINT('',#10996);
#3555=VERTEX_POINT('',#10998);
#3556=VERTEX_POINT('',#11000);
#3557=VERTEX_POINT('',#11004);
#3558=VERTEX_POINT('',#11005);
#3559=VERTEX_POINT('',#11010);
#3560=VERTEX_POINT('',#11011);
#3561=VERTEX_POINT('',#11016);
#3562=VERTEX_POINT('',#11017);
#3563=VERTEX_POINT('',#11019);
#3564=VERTEX_POINT('',#11021);
#3565=VERTEX_POINT('',#11025);
#3566=VERTEX_POINT('',#11026);
#3567=VERTEX_POINT('',#11031);
#3568=VERTEX_POINT('',#11032);
#3569=VERTEX_POINT('',#11037);
#3570=VERTEX_POINT('',#11038);
#3571=VERTEX_POINT('',#11040);
#3572=VERTEX_POINT('',#11042);
#3573=VERTEX_POINT('',#11058);
#3574=VERTEX_POINT('',#11059);
#3575=VERTEX_POINT('',#11061);
#3576=VERTEX_POINT('',#11065);
#3577=VERTEX_POINT('',#11069);
#3578=VERTEX_POINT('',#11071);
#3579=VERTEX_POINT('',#11075);
#3580=VERTEX_POINT('',#11079);
#3581=VERTEX_POINT('',#11092);
#3582=VERTEX_POINT('',#11093);
#3583=VERTEX_POINT('',#11095);
#3584=VERTEX_POINT('',#11097);
#3585=VERTEX_POINT('',#11101);
#3586=VERTEX_POINT('',#11102);
#3587=VERTEX_POINT('',#11104);
#3588=VERTEX_POINT('',#11106);
#3589=VERTEX_POINT('',#11119);
#3590=VERTEX_POINT('',#11120);
#3591=VERTEX_POINT('',#11122);
#3592=VERTEX_POINT('',#11124);
#3593=VERTEX_POINT('',#11126);
#3594=VERTEX_POINT('',#11128);
#3595=VERTEX_POINT('',#11130);
#3596=VERTEX_POINT('',#11132);
#3597=VERTEX_POINT('',#11136);
#3598=VERTEX_POINT('',#11137);
#3599=VERTEX_POINT('',#11139);
#3600=VERTEX_POINT('',#11141);
#3601=VERTEX_POINT('',#11143);
#3602=VERTEX_POINT('',#11145);
#3603=VERTEX_POINT('',#11147);
#3604=VERTEX_POINT('',#11149);
#3605=VERTEX_POINT('',#11170);
#3606=VERTEX_POINT('',#11171);
#3607=VERTEX_POINT('',#11173);
#3608=VERTEX_POINT('',#11175);
#3609=VERTEX_POINT('',#11179);
#3610=VERTEX_POINT('',#11180);
#3611=VERTEX_POINT('',#11182);
#3612=VERTEX_POINT('',#11184);
#3613=VERTEX_POINT('',#11198);
#3614=VERTEX_POINT('',#11201);
#3615=VERTEX_POINT('',#11204);
#3616=VERTEX_POINT('',#11205);
#3617=VERTEX_POINT('',#11207);
#3618=VERTEX_POINT('',#11209);
#3619=VERTEX_POINT('',#11213);
#3620=VERTEX_POINT('',#11214);
#3621=VERTEX_POINT('',#11219);
#3622=VERTEX_POINT('',#11223);
#3623=VERTEX_POINT('',#11229);
#3624=VERTEX_POINT('',#11230);
#3625=VERTEX_POINT('',#11232);
#3626=VERTEX_POINT('',#11234);
#3627=VERTEX_POINT('',#11238);
#3628=VERTEX_POINT('',#11239);
#3629=VERTEX_POINT('',#11244);
#3630=VERTEX_POINT('',#11248);
#3631=VERTEX_POINT('',#11254);
#3632=VERTEX_POINT('',#11255);
#3633=VERTEX_POINT('',#11257);
#3634=VERTEX_POINT('',#11259);
#3635=VERTEX_POINT('',#11263);
#3636=VERTEX_POINT('',#11264);
#3637=VERTEX_POINT('',#11269);
#3638=VERTEX_POINT('',#11273);
#3639=VERTEX_POINT('',#11279);
#3640=VERTEX_POINT('',#11280);
#3641=VERTEX_POINT('',#11282);
#3642=VERTEX_POINT('',#11284);
#3643=VERTEX_POINT('',#11288);
#3644=VERTEX_POINT('',#11289);
#3645=VERTEX_POINT('',#11294);
#3646=VERTEX_POINT('',#11298);
#3647=VERTEX_POINT('',#11304);
#3648=VERTEX_POINT('',#11305);
#3649=VERTEX_POINT('',#11307);
#3650=VERTEX_POINT('',#11309);
#3651=VERTEX_POINT('',#11313);
#3652=VERTEX_POINT('',#11314);
#3653=VERTEX_POINT('',#11316);
#3654=VERTEX_POINT('',#11318);
#3655=VERTEX_POINT('',#11333);
#3656=VERTEX_POINT('',#11334);
#3657=VERTEX_POINT('',#11336);
#3658=VERTEX_POINT('',#11338);
#3659=VERTEX_POINT('',#11342);
#3660=VERTEX_POINT('',#11344);
#3661=VERTEX_POINT('',#11348);
#3662=VERTEX_POINT('',#11350);
#3663=VERTEX_POINT('',#11354);
#3664=VERTEX_POINT('',#11356);
#3665=VERTEX_POINT('',#11358);
#3666=VERTEX_POINT('',#11360);
#3667=VERTEX_POINT('',#11364);
#3668=VERTEX_POINT('',#11366);
#3669=VERTEX_POINT('',#11368);
#3670=VERTEX_POINT('',#11370);
#3671=VERTEX_POINT('',#11377);
#3672=VERTEX_POINT('',#11378);
#3673=VERTEX_POINT('',#11380);
#3674=VERTEX_POINT('',#11382);
#3675=VERTEX_POINT('',#11386);
#3676=VERTEX_POINT('',#11388);
#3677=VERTEX_POINT('',#11392);
#3678=VERTEX_POINT('',#11394);
#3679=VERTEX_POINT('',#11398);
#3680=VERTEX_POINT('',#11399);
#3681=VERTEX_POINT('',#11401);
#3682=VERTEX_POINT('',#11403);
#3683=VERTEX_POINT('',#11407);
#3684=VERTEX_POINT('',#11408);
#3685=VERTEX_POINT('',#11410);
#3686=VERTEX_POINT('',#11412);
#3687=VERTEX_POINT('',#11416);
#3688=VERTEX_POINT('',#11418);
#3689=VERTEX_POINT('',#11422);
#3690=VERTEX_POINT('',#11424);
#3691=VERTEX_POINT('',#11428);
#3692=VERTEX_POINT('',#11429);
#3693=VERTEX_POINT('',#11431);
#3694=VERTEX_POINT('',#11433);
#3695=VERTEX_POINT('',#11437);
#3696=VERTEX_POINT('',#11438);
#3697=VERTEX_POINT('',#11440);
#3698=VERTEX_POINT('',#11442);
#3699=VERTEX_POINT('',#11446);
#3700=VERTEX_POINT('',#11448);
#3701=VERTEX_POINT('',#11452);
#3702=VERTEX_POINT('',#11454);
#3703=VERTEX_POINT('',#11458);
#3704=VERTEX_POINT('',#11460);
#3705=VERTEX_POINT('',#11462);
#3706=VERTEX_POINT('',#11464);
#3707=VERTEX_POINT('',#11468);
#3708=VERTEX_POINT('',#11470);
#3709=VERTEX_POINT('',#11472);
#3710=VERTEX_POINT('',#11474);
#3711=VERTEX_POINT('',#11481);
#3712=VERTEX_POINT('',#11482);
#3713=VERTEX_POINT('',#11484);
#3714=VERTEX_POINT('',#11486);
#3715=VERTEX_POINT('',#11490);
#3716=VERTEX_POINT('',#11491);
#3717=VERTEX_POINT('',#11496);
#3718=VERTEX_POINT('',#11497);
#3719=VERTEX_POINT('',#11502);
#3720=VERTEX_POINT('',#11503);
#3721=VERTEX_POINT('',#11508);
#3722=VERTEX_POINT('',#11509);
#3723=VERTEX_POINT('',#11514);
#3724=VERTEX_POINT('',#11515);
#3725=VERTEX_POINT('',#11520);
#3726=VERTEX_POINT('',#11521);
#3727=VERTEX_POINT('',#11529);
#3728=VERTEX_POINT('',#11530);
#3729=VERTEX_POINT('',#11532);
#3730=VERTEX_POINT('',#11534);
#3731=VERTEX_POINT('',#11538);
#3732=VERTEX_POINT('',#11539);
#3733=VERTEX_POINT('',#11544);
#3734=VERTEX_POINT('',#11545);
#3735=VERTEX_POINT('',#11550);
#3736=VERTEX_POINT('',#11551);
#3737=VERTEX_POINT('',#11556);
#3738=VERTEX_POINT('',#11557);
#3739=VERTEX_POINT('',#11562);
#3740=VERTEX_POINT('',#11564);
#3741=VERTEX_POINT('',#11566);
#3742=VERTEX_POINT('',#11570);
#3743=VERTEX_POINT('',#11571);
#3744=VERTEX_POINT('',#11573);
#3745=VERTEX_POINT('',#11578);
#3746=VERTEX_POINT('',#11584);
#3747=VERTEX_POINT('',#11588);
#3748=VERTEX_POINT('',#11589);
#3749=VERTEX_POINT('',#11594);
#3750=VERTEX_POINT('',#11595);
#3751=VERTEX_POINT('',#11600);
#3752=VERTEX_POINT('',#11605);
#3753=VERTEX_POINT('',#11610);
#3754=VERTEX_POINT('',#11611);
#3755=VERTEX_POINT('',#11616);
#3756=VERTEX_POINT('',#11622);
#3757=VERTEX_POINT('',#11626);
#3758=VERTEX_POINT('',#11627);
#3759=VERTEX_POINT('',#11632);
#3760=VERTEX_POINT('',#11633);
#3761=VERTEX_POINT('',#11638);
#3762=VERTEX_POINT('',#11639);
#3763=VERTEX_POINT('',#11644);
#3764=VERTEX_POINT('',#11645);
#3765=VERTEX_POINT('',#11650);
#3766=VERTEX_POINT('',#11651);
#3767=VERTEX_POINT('',#11656);
#3768=VERTEX_POINT('',#11660);
#3769=VERTEX_POINT('',#11661);
#3770=VERTEX_POINT('',#11666);
#3771=VERTEX_POINT('',#11669);
#3772=VERTEX_POINT('',#11673);
#3773=VERTEX_POINT('',#11674);
#3774=VERTEX_POINT('',#11679);
#3775=VERTEX_POINT('',#11680);
#3776=VERTEX_POINT('',#11685);
#3777=VERTEX_POINT('',#11690);
#3778=VERTEX_POINT('',#11691);
#3779=VERTEX_POINT('',#11696);
#3780=VERTEX_POINT('',#11697);
#3781=VERTEX_POINT('',#11702);
#3782=VERTEX_POINT('',#11703);
#3783=VERTEX_POINT('',#11708);
#3784=VERTEX_POINT('',#11714);
#3785=VERTEX_POINT('',#11716);
#3786=VERTEX_POINT('',#11720);
#3787=VERTEX_POINT('',#11721);
#3788=VERTEX_POINT('',#11726);
#3789=VERTEX_POINT('',#11730);
#3790=VERTEX_POINT('',#11731);
#3791=VERTEX_POINT('',#11736);
#3792=VERTEX_POINT('',#11742);
#3793=VERTEX_POINT('',#11743);
#3794=VERTEX_POINT('',#11748);
#3795=VERTEX_POINT('',#11749);
#3796=VERTEX_POINT('',#11754);
#3797=VERTEX_POINT('',#11755);
#3798=VERTEX_POINT('',#11760);
#3799=VERTEX_POINT('',#11761);
#3800=VERTEX_POINT('',#11766);
#3801=VERTEX_POINT('',#11771);
#3802=VERTEX_POINT('',#11772);
#3803=VERTEX_POINT('',#11777);
#3804=VERTEX_POINT('',#11778);
#3805=VERTEX_POINT('',#11783);
#3806=VERTEX_POINT('',#11784);
#3807=VERTEX_POINT('',#11789);
#3808=VERTEX_POINT('',#11794);
#3809=VERTEX_POINT('',#11799);
#3810=VERTEX_POINT('',#11803);
#3811=VERTEX_POINT('',#11804);
#3812=VERTEX_POINT('',#11811);
#3813=VERTEX_POINT('',#11812);
#3814=VERTEX_POINT('',#11817);
#3815=VERTEX_POINT('',#11823);
#3816=VERTEX_POINT('',#11824);
#3817=VERTEX_POINT('',#11829);
#3818=VERTEX_POINT('',#11830);
#3819=VERTEX_POINT('',#11835);
#3820=VERTEX_POINT('',#11840);
#3821=VERTEX_POINT('',#11841);
#3822=VERTEX_POINT('',#11846);
#3823=VERTEX_POINT('',#11847);
#3824=VERTEX_POINT('',#11852);
#3825=VERTEX_POINT('',#11857);
#3826=VERTEX_POINT('',#11858);
#3827=VERTEX_POINT('',#11863);
#3828=VERTEX_POINT('',#11868);
#3829=VERTEX_POINT('',#11869);
#3830=VERTEX_POINT('',#11874);
#3831=VERTEX_POINT('',#11880);
#3832=VERTEX_POINT('',#11888);
#3833=VERTEX_POINT('',#11889);
#3834=VERTEX_POINT('',#11894);
#3835=VERTEX_POINT('',#11895);
#3836=VERTEX_POINT('',#11900);
#3837=VERTEX_POINT('',#11901);
#3838=VERTEX_POINT('',#11906);
#3839=VERTEX_POINT('',#11907);
#3840=VERTEX_POINT('',#11912);
#3841=VERTEX_POINT('',#11917);
#3842=VERTEX_POINT('',#11918);
#3843=VERTEX_POINT('',#11923);
#3844=VERTEX_POINT('',#11924);
#3845=VERTEX_POINT('',#11929);
#3846=VERTEX_POINT('',#11934);
#3847=VERTEX_POINT('',#11939);
#3848=VERTEX_POINT('',#11940);
#3849=VERTEX_POINT('',#11945);
#3850=VERTEX_POINT('',#11946);
#3851=VERTEX_POINT('',#11951);
#3852=VERTEX_POINT('',#11952);
#3853=VERTEX_POINT('',#11957);
#3854=VERTEX_POINT('',#11961);
#3855=VERTEX_POINT('',#11967);
#3856=VERTEX_POINT('',#11968);
#3857=VERTEX_POINT('',#11973);
#3858=VERTEX_POINT('',#11974);
#3859=VERTEX_POINT('',#11979);
#3860=VERTEX_POINT('',#11980);
#3861=VERTEX_POINT('',#11985);
#3862=VERTEX_POINT('',#11990);
#3863=VERTEX_POINT('',#11991);
#3864=VERTEX_POINT('',#11996);
#3865=VERTEX_POINT('',#11997);
#3866=VERTEX_POINT('',#12002);
#3867=VERTEX_POINT('',#12007);
#3868=VERTEX_POINT('',#12008);
#3869=VERTEX_POINT('',#12013);
#3870=VERTEX_POINT('',#12014);
#3871=VERTEX_POINT('',#12019);
#3872=VERTEX_POINT('',#12020);
#3873=VERTEX_POINT('',#12025);
#3874=VERTEX_POINT('',#12026);
#3875=VERTEX_POINT('',#12033);
#3876=VERTEX_POINT('',#12037);
#3877=VERTEX_POINT('',#12044);
#3878=VERTEX_POINT('',#12048);
#3879=VERTEX_POINT('',#12050);
#3880=VERTEX_POINT('',#12055);
#3881=VERTEX_POINT('',#12060);
#3882=VERTEX_POINT('',#12065);
#3883=VERTEX_POINT('',#12066);
#3884=VERTEX_POINT('',#12071);
#3885=VERTEX_POINT('',#12072);
#3886=VERTEX_POINT('',#12077);
#3887=VERTEX_POINT('',#12086);
#3888=VERTEX_POINT('',#12087);
#3889=VERTEX_POINT('',#12095);
#3890=VERTEX_POINT('',#12100);
#3891=VERTEX_POINT('',#12104);
#3892=VERTEX_POINT('',#12105);
#3893=VERTEX_POINT('',#12110);
#3894=VERTEX_POINT('',#12111);
#3895=VERTEX_POINT('',#12116);
#3896=VERTEX_POINT('',#12117);
#3897=VERTEX_POINT('',#12122);
#3898=VERTEX_POINT('',#12123);
#3899=VERTEX_POINT('',#12131);
#3900=VERTEX_POINT('',#12132);
#3901=VERTEX_POINT('',#12137);
#3902=VERTEX_POINT('',#12138);
#3903=VERTEX_POINT('',#12141);
#3904=VERTEX_POINT('',#12145);
#3905=VERTEX_POINT('',#12154);
#3906=VERTEX_POINT('',#12155);
#3907=VERTEX_POINT('',#12160);
#3908=VERTEX_POINT('',#12161);
#3909=VERTEX_POINT('',#12167);
#3910=VERTEX_POINT('',#12169);
#3911=VERTEX_POINT('',#12172);
#3912=VERTEX_POINT('',#12174);
#3913=VERTEX_POINT('',#12177);
#3914=VERTEX_POINT('',#12179);
#3915=VERTEX_POINT('',#12182);
#3916=VERTEX_POINT('',#12184);
#3917=VERTEX_POINT('',#12187);
#3918=VERTEX_POINT('',#12189);
#3919=VERTEX_POINT('',#12193);
#3920=VERTEX_POINT('',#12197);
#3921=VERTEX_POINT('',#12201);
#3922=VERTEX_POINT('',#12205);
#3923=VERTEX_POINT('',#12209);
#3924=VERTEX_POINT('',#12230);
#3925=VERTEX_POINT('',#12232);
#3926=VERTEX_POINT('',#12236);
#3927=VERTEX_POINT('',#12240);
#3928=VERTEX_POINT('',#12244);
#3929=VERTEX_POINT('',#12248);
#3930=VERTEX_POINT('',#12252);
#3931=VERTEX_POINT('',#12256);
#3932=VERTEX_POINT('',#12262);
#3933=VERTEX_POINT('',#12264);
#3934=VERTEX_POINT('',#12268);
#3935=VERTEX_POINT('',#12270);
#3936=VERTEX_POINT('',#12274);
#3937=VERTEX_POINT('',#12276);
#3938=VERTEX_POINT('',#12280);
#3939=VERTEX_POINT('',#12282);
#3940=VERTEX_POINT('',#12305);
#3941=VERTEX_POINT('',#12306);
#3942=VERTEX_POINT('',#12308);
#3943=VERTEX_POINT('',#12313);
#3944=VERTEX_POINT('',#12315);
#3945=VERTEX_POINT('',#12330);
#3946=VERTEX_POINT('',#12332);
#3947=VERTEX_POINT('',#12334);
#3948=VERTEX_POINT('',#12338);
#3949=VERTEX_POINT('',#12339);
#3950=LINE('',#9969,#4559);
#3951=LINE('',#9972,#4560);
#3952=LINE('',#9974,#4561);
#3953=LINE('',#9976,#4562);
#3954=LINE('',#9978,#4563);
#3955=LINE('',#9981,#4564);
#3956=LINE('',#9983,#4565);
#3957=LINE('',#9985,#4566);
#3958=LINE('',#9987,#4567);
#3959=LINE('',#9990,#4568);
#3960=LINE('',#9992,#4569);
#3961=LINE('',#9994,#4570);
#3962=LINE('',#9996,#4571);
#3963=LINE('',#9999,#4572);
#3964=LINE('',#10001,#4573);
#3965=LINE('',#10003,#4574);
#3966=LINE('',#10005,#4575);
#3967=LINE('',#10008,#4576);
#3968=LINE('',#10010,#4577);
#3969=LINE('',#10012,#4578);
#3970=LINE('',#10014,#4579);
#3971=LINE('',#10016,#4580);
#3972=LINE('',#10018,#4581);
#3973=LINE('',#10020,#4582);
#3974=LINE('',#10023,#4583);
#3975=LINE('',#10025,#4584);
#3976=LINE('',#10027,#4585);
#3977=LINE('',#10029,#4586);
#3978=LINE('',#10031,#4587);
#3979=LINE('',#10033,#4588);
#3980=LINE('',#10035,#4589);
#3981=LINE('',#10038,#4590);
#3982=LINE('',#10040,#4591);
#3983=LINE('',#10042,#4592);
#3984=LINE('',#10044,#4593);
#3985=LINE('',#10046,#4594);
#3986=LINE('',#10048,#4595);
#3987=LINE('',#10050,#4596);
#3988=LINE('',#10053,#4597);
#3989=LINE('',#10055,#4598);
#3990=LINE('',#10057,#4599);
#3991=LINE('',#10059,#4600);
#3992=LINE('',#10062,#4601);
#3993=LINE('',#10063,#4602);
#3994=LINE('',#10065,#4603);
#3995=LINE('',#10068,#4604);
#3996=LINE('',#10070,#4605);
#3997=LINE('',#10072,#4606);
#3998=LINE('',#10074,#4607);
#3999=LINE('',#10076,#4608);
#4000=LINE('',#10078,#4609);
#4001=LINE('',#10080,#4610);
#4002=LINE('',#10083,#4611);
#4003=LINE('',#10085,#4612);
#4004=LINE('',#10087,#4613);
#4005=LINE('',#10089,#4614);
#4006=LINE('',#10092,#4615);
#4007=LINE('',#10093,#4616);
#4008=LINE('',#10095,#4617);
#4009=LINE('',#10098,#4618);
#4010=LINE('',#10100,#4619);
#4011=LINE('',#10102,#4620);
#4012=LINE('',#10104,#4621);
#4013=LINE('',#10107,#4622);
#4014=LINE('',#10108,#4623);
#4015=LINE('',#10110,#4624);
#4016=LINE('',#10113,#4625);
#4017=LINE('',#10115,#4626);
#4018=LINE('',#10117,#4627);
#4019=LINE('',#10119,#4628);
#4020=LINE('',#10121,#4629);
#4021=LINE('',#10123,#4630);
#4022=LINE('',#10125,#4631);
#4023=LINE('',#10128,#4632);
#4024=LINE('',#10130,#4633);
#4025=LINE('',#10132,#4634);
#4026=LINE('',#10185,#4635);
#4027=LINE('',#10214,#4636);
#4028=LINE('',#10242,#4637);
#4029=LINE('',#10244,#4638);
#4030=LINE('',#10245,#4639);
#4031=LINE('',#10247,#4640);
#4032=LINE('',#10249,#4641);
#4033=LINE('',#10250,#4642);
#4034=LINE('',#10252,#4643);
#4035=LINE('',#10255,#4644);
#4036=LINE('',#10258,#4645);
#4037=LINE('',#10260,#4646);
#4038=LINE('',#10262,#4647);
#4039=LINE('',#10315,#4648);
#4040=LINE('',#10344,#4649);
#4041=LINE('',#10372,#4650);
#4042=LINE('',#10374,#4651);
#4043=LINE('',#10375,#4652);
#4044=LINE('',#10377,#4653);
#4045=LINE('',#10379,#4654);
#4046=LINE('',#10380,#4655);
#4047=LINE('',#10382,#4656);
#4048=LINE('',#10385,#4657);
#4049=LINE('',#10388,#4658);
#4050=LINE('',#10390,#4659);
#4051=LINE('',#10392,#4660);
#4052=LINE('',#10445,#4661);
#4053=LINE('',#10474,#4662);
#4054=LINE('',#10502,#4663);
#4055=LINE('',#10504,#4664);
#4056=LINE('',#10505,#4665);
#4057=LINE('',#10507,#4666);
#4058=LINE('',#10509,#4667);
#4059=LINE('',#10510,#4668);
#4060=LINE('',#10512,#4669);
#4061=LINE('',#10515,#4670);
#4062=LINE('',#10518,#4671);
#4063=LINE('',#10520,#4672);
#4064=LINE('',#10522,#4673);
#4065=LINE('',#10575,#4674);
#4066=LINE('',#10604,#4675);
#4067=LINE('',#10632,#4676);
#4068=LINE('',#10634,#4677);
#4069=LINE('',#10635,#4678);
#4070=LINE('',#10637,#4679);
#4071=LINE('',#10639,#4680);
#4072=LINE('',#10640,#4681);
#4073=LINE('',#10642,#4682);
#4074=LINE('',#10645,#4683);
#4075=LINE('',#10648,#4684);
#4076=LINE('',#10650,#4685);
#4077=LINE('',#10652,#4686);
#4078=LINE('',#10705,#4687);
#4079=LINE('',#10734,#4688);
#4080=LINE('',#10762,#4689);
#4081=LINE('',#10764,#4690);
#4082=LINE('',#10765,#4691);
#4083=LINE('',#10767,#4692);
#4084=LINE('',#10769,#4693);
#4085=LINE('',#10770,#4694);
#4086=LINE('',#10772,#4695);
#4087=LINE('',#10775,#4696);
#4088=LINE('',#10776,#4697);
#4089=LINE('',#10778,#4698);
#4090=LINE('',#10779,#4699);
#4091=LINE('',#10781,#4700);
#4092=LINE('',#10782,#4701);
#4093=LINE('',#10804,#4702);
#4094=LINE('',#10807,#4703);
#4095=LINE('',#10809,#4704);
#4096=LINE('',#10811,#4705);
#4097=LINE('',#10813,#4706);
#4098=LINE('',#10815,#4707);
#4099=LINE('',#10817,#4708);
#4100=LINE('',#10819,#4709);
#4101=LINE('',#10821,#4710);
#4102=LINE('',#10823,#4711);
#4103=LINE('',#10825,#4712);
#4104=LINE('',#10826,#4713);
#4105=LINE('',#10829,#4714);
#4106=LINE('',#10830,#4715);
#4107=LINE('',#10831,#4716);
#4108=LINE('',#10832,#4717);
#4109=LINE('',#10833,#4718);
#4110=LINE('',#10834,#4719);
#4111=LINE('',#10835,#4720);
#4112=LINE('',#10836,#4721);
#4113=LINE('',#10837,#4722);
#4114=LINE('',#10839,#4723);
#4115=LINE('',#10841,#4724);
#4116=LINE('',#10843,#4725);
#4117=LINE('',#10845,#4726);
#4118=LINE('',#10847,#4727);
#4119=LINE('',#10849,#4728);
#4120=LINE('',#10851,#4729);
#4121=LINE('',#10853,#4730);
#4122=LINE('',#10855,#4731);
#4123=LINE('',#10900,#4732);
#4124=LINE('',#10903,#4733);
#4125=LINE('',#10905,#4734);
#4126=LINE('',#10907,#4735);
#4127=LINE('',#10909,#4736);
#4128=LINE('',#10912,#4737);
#4129=LINE('',#10914,#4738);
#4130=LINE('',#10916,#4739);
#4131=LINE('',#10918,#4740);
#4132=LINE('',#10919,#4741);
#4133=LINE('',#10921,#4742);
#4134=LINE('',#10923,#4743);
#4135=LINE('',#10927,#4744);
#4136=LINE('',#10930,#4745);
#4137=LINE('',#10932,#4746);
#4138=LINE('',#10934,#4747);
#4139=LINE('',#10936,#4748);
#4140=LINE('',#10939,#4749);
#4141=LINE('',#10940,#4750);
#4142=LINE('',#10942,#4751);
#4143=LINE('',#10944,#4752);
#4144=LINE('',#10946,#4753);
#4145=LINE('',#10948,#4754);
#4146=LINE('',#10950,#4755);
#4147=LINE('',#10952,#4756);
#4148=LINE('',#10955,#4757);
#4149=LINE('',#10957,#4758);
#4150=LINE('',#10959,#4759);
#4151=LINE('',#10961,#4760);
#4152=LINE('',#10964,#4761);
#4153=LINE('',#10965,#4762);
#4154=LINE('',#10967,#4763);
#4155=LINE('',#10970,#4764);
#4156=LINE('',#10971,#4765);
#4157=LINE('',#10973,#4766);
#4158=LINE('',#10976,#4767);
#4159=LINE('',#10978,#4768);
#4160=LINE('',#10980,#4769);
#4161=LINE('',#10982,#4770);
#4162=LINE('',#10985,#4771);
#4163=LINE('',#10986,#4772);
#4164=LINE('',#10988,#4773);
#4165=LINE('',#10991,#4774);
#4166=LINE('',#10992,#4775);
#4167=LINE('',#10994,#4776);
#4168=LINE('',#10997,#4777);
#4169=LINE('',#10999,#4778);
#4170=LINE('',#11001,#4779);
#4171=LINE('',#11003,#4780);
#4172=LINE('',#11006,#4781);
#4173=LINE('',#11007,#4782);
#4174=LINE('',#11009,#4783);
#4175=LINE('',#11012,#4784);
#4176=LINE('',#11013,#4785);
#4177=LINE('',#11015,#4786);
#4178=LINE('',#11018,#4787);
#4179=LINE('',#11020,#4788);
#4180=LINE('',#11022,#4789);
#4181=LINE('',#11024,#4790);
#4182=LINE('',#11027,#4791);
#4183=LINE('',#11028,#4792);
#4184=LINE('',#11030,#4793);
#4185=LINE('',#11033,#4794);
#4186=LINE('',#11034,#4795);
#4187=LINE('',#11036,#4796);
#4188=LINE('',#11039,#4797);
#4189=LINE('',#11041,#4798);
#4190=LINE('',#11043,#4799);
#4191=LINE('',#11045,#4800);
#4192=LINE('',#11046,#4801);
#4193=LINE('',#11047,#4802);
#4194=LINE('',#11049,#4803);
#4195=LINE('',#11050,#4804);
#4196=LINE('',#11052,#4805);
#4197=LINE('',#11053,#4806);
#4198=LINE('',#11055,#4807);
#4199=LINE('',#11057,#4808);
#4200=LINE('',#11060,#4809);
#4201=LINE('',#11062,#4810);
#4202=LINE('',#11063,#4811);
#4203=LINE('',#11064,#4812);
#4204=LINE('',#11066,#4813);
#4205=LINE('',#11068,#4814);
#4206=LINE('',#11070,#4815);
#4207=LINE('',#11072,#4816);
#4208=LINE('',#11074,#4817);
#4209=LINE('',#11076,#4818);
#4210=LINE('',#11077,#4819);
#4211=LINE('',#11078,#4820);
#4212=LINE('',#11080,#4821);
#4213=LINE('',#11082,#4822);
#4214=LINE('',#11083,#4823);
#4215=LINE('',#11091,#4824);
#4216=LINE('',#11094,#4825);
#4217=LINE('',#11096,#4826);
#4218=LINE('',#11098,#4827);
#4219=LINE('',#11100,#4828);
#4220=LINE('',#11103,#4829);
#4221=LINE('',#11105,#4830);
#4222=LINE('',#11107,#4831);
#4223=LINE('',#11109,#4832);
#4224=LINE('',#11110,#4833);
#4225=LINE('',#11112,#4834);
#4226=LINE('',#11114,#4835);
#4227=LINE('',#11118,#4836);
#4228=LINE('',#11121,#4837);
#4229=LINE('',#11123,#4838);
#4230=LINE('',#11125,#4839);
#4231=LINE('',#11127,#4840);
#4232=LINE('',#11129,#4841);
#4233=LINE('',#11131,#4842);
#4234=LINE('',#11133,#4843);
#4235=LINE('',#11135,#4844);
#4236=LINE('',#11138,#4845);
#4237=LINE('',#11140,#4846);
#4238=LINE('',#11142,#4847);
#4239=LINE('',#11144,#4848);
#4240=LINE('',#11146,#4849);
#4241=LINE('',#11148,#4850);
#4242=LINE('',#11150,#4851);
#4243=LINE('',#11152,#4852);
#4244=LINE('',#11153,#4853);
#4245=LINE('',#11155,#4854);
#4246=LINE('',#11157,#4855);
#4247=LINE('',#11159,#4856);
#4248=LINE('',#11161,#4857);
#4249=LINE('',#11163,#4858);
#4250=LINE('',#11165,#4859);
#4251=LINE('',#11169,#4860);
#4252=LINE('',#11172,#4861);
#4253=LINE('',#11174,#4862);
#4254=LINE('',#11176,#4863);
#4255=LINE('',#11178,#4864);
#4256=LINE('',#11181,#4865);
#4257=LINE('',#11183,#4866);
#4258=LINE('',#11185,#4867);
#4259=LINE('',#11187,#4868);
#4260=LINE('',#11188,#4869);
#4261=LINE('',#11190,#4870);
#4262=LINE('',#11192,#4871);
#4263=LINE('',#11206,#4872);
#4264=LINE('',#11210,#4873);
#4265=LINE('',#11212,#4874);
#4266=LINE('',#11215,#4875);
#4267=LINE('',#11216,#4876);
#4268=LINE('',#11220,#4877);
#4269=LINE('',#11222,#4878);
#4270=LINE('',#11224,#4879);
#4271=LINE('',#11231,#4880);
#4272=LINE('',#11235,#4881);
#4273=LINE('',#11237,#4882);
#4274=LINE('',#11240,#4883);
#4275=LINE('',#11241,#4884);
#4276=LINE('',#11245,#4885);
#4277=LINE('',#11247,#4886);
#4278=LINE('',#11249,#4887);
#4279=LINE('',#11256,#4888);
#4280=LINE('',#11260,#4889);
#4281=LINE('',#11262,#4890);
#4282=LINE('',#11265,#4891);
#4283=LINE('',#11266,#4892);
#4284=LINE('',#11270,#4893);
#4285=LINE('',#11272,#4894);
#4286=LINE('',#11274,#4895);
#4287=LINE('',#11281,#4896);
#4288=LINE('',#11285,#4897);
#4289=LINE('',#11287,#4898);
#4290=LINE('',#11290,#4899);
#4291=LINE('',#11291,#4900);
#4292=LINE('',#11295,#4901);
#4293=LINE('',#11297,#4902);
#4294=LINE('',#11299,#4903);
#4295=LINE('',#11303,#4904);
#4296=LINE('',#11306,#4905);
#4297=LINE('',#11308,#4906);
#4298=LINE('',#11310,#4907);
#4299=LINE('',#11312,#4908);
#4300=LINE('',#11315,#4909);
#4301=LINE('',#11317,#4910);
#4302=LINE('',#11319,#4911);
#4303=LINE('',#11321,#4912);
#4304=LINE('',#11322,#4913);
#4305=LINE('',#11324,#4914);
#4306=LINE('',#11326,#4915);
#4307=LINE('',#11332,#4916);
#4308=LINE('',#11335,#4917);
#4309=LINE('',#11337,#4918);
#4310=LINE('',#11339,#4919);
#4311=LINE('',#11343,#4920);
#4312=LINE('',#11347,#4921);
#4313=LINE('',#11349,#4922);
#4314=LINE('',#11351,#4923);
#4315=LINE('',#11353,#4924);
#4316=LINE('',#11355,#4925);
#4317=LINE('',#11359,#4926);
#4318=LINE('',#11363,#4927);
#4319=LINE('',#11367,#4928);
#4320=LINE('',#11371,#4929);
#4321=LINE('',#11373,#4930);
#4322=LINE('',#11374,#4931);
#4323=LINE('',#11376,#4932);
#4324=LINE('',#11379,#4933);
#4325=LINE('',#11381,#4934);
#4326=LINE('',#11383,#4935);
#4327=LINE('',#11389,#4936);
#4328=LINE('',#11391,#4937);
#4329=LINE('',#11393,#4938);
#4330=LINE('',#11395,#4939);
#4331=LINE('',#11397,#4940);
#4332=LINE('',#11402,#4941);
#4333=LINE('',#11406,#4942);
#4334=LINE('',#11409,#4943);
#4335=LINE('',#11411,#4944);
#4336=LINE('',#11413,#4945);
#4337=LINE('',#11419,#4946);
#4338=LINE('',#11421,#4947);
#4339=LINE('',#11423,#4948);
#4340=LINE('',#11425,#4949);
#4341=LINE('',#11427,#4950);
#4342=LINE('',#11432,#4951);
#4343=LINE('',#11436,#4952);
#4344=LINE('',#11439,#4953);
#4345=LINE('',#11441,#4954);
#4346=LINE('',#11443,#4955);
#4347=LINE('',#11447,#4956);
#4348=LINE('',#11451,#4957);
#4349=LINE('',#11453,#4958);
#4350=LINE('',#11455,#4959);
#4351=LINE('',#11457,#4960);
#4352=LINE('',#11461,#4961);
#4353=LINE('',#11465,#4962);
#4354=LINE('',#11467,#4963);
#4355=LINE('',#11469,#4964);
#4356=LINE('',#11473,#4965);
#4357=LINE('',#11477,#4966);
#4358=LINE('',#11478,#4967);
#4359=LINE('',#11492,#4968);
#4360=LINE('',#11493,#4969);
#4361=LINE('',#11498,#4970);
#4362=LINE('',#11499,#4971);
#4363=LINE('',#11516,#4972);
#4364=LINE('',#11517,#4973);
#4365=LINE('',#11522,#4974);
#4366=LINE('',#11523,#4975);
#4367=LINE('',#11540,#4976);
#4368=LINE('',#11541,#4977);
#4369=LINE('',#11552,#4978);
#4370=LINE('',#11553,#4979);
#4371=LINE('',#11558,#4980);
#4372=LINE('',#11559,#4981);
#4373=LINE('',#11563,#4982);
#4374=LINE('',#11567,#4983);
#4375=LINE('',#11572,#4984);
#4376=LINE('',#11575,#4985);
#4377=LINE('',#11590,#4986);
#4378=LINE('',#11591,#4987);
#4379=LINE('',#11596,#4988);
#4380=LINE('',#11597,#4989);
#4381=LINE('',#11601,#4990);
#4382=LINE('',#11602,#4991);
#4383=LINE('',#11606,#4992);
#4384=LINE('',#11607,#4993);
#4385=LINE('',#11612,#4994);
#4386=LINE('',#11613,#4995);
#4387=LINE('',#11628,#4996);
#4388=LINE('',#11629,#4997);
#4389=LINE('',#11634,#4998);
#4390=LINE('',#11635,#4999);
#4391=LINE('',#11640,#5000);
#4392=LINE('',#11641,#5001);
#4393=LINE('',#11646,#5002);
#4394=LINE('',#11647,#5003);
#4395=LINE('',#11675,#5004);
#4396=LINE('',#11676,#5005);
#4397=LINE('',#11681,#5006);
#4398=LINE('',#11682,#5007);
#4399=LINE('',#11686,#5008);
#4400=LINE('',#11687,#5009);
#4401=LINE('',#11692,#5010);
#4402=LINE('',#11693,#5011);
#4403=LINE('',#11698,#5012);
#4404=LINE('',#11699,#5013);
#4405=LINE('',#11704,#5014);
#4406=LINE('',#11705,#5015);
#4407=LINE('',#11709,#5016);
#4408=LINE('',#11710,#5017);
#4409=LINE('',#11712,#5018);
#4410=LINE('',#11713,#5019);
#4411=LINE('',#11717,#5020);
#4412=LINE('',#11750,#5021);
#4413=LINE('',#11751,#5022);
#4414=LINE('',#11756,#5023);
#4415=LINE('',#11757,#5024);
#4416=LINE('',#11762,#5025);
#4417=LINE('',#11763,#5026);
#4418=LINE('',#11767,#5027);
#4419=LINE('',#11768,#5028);
#4420=LINE('',#11773,#5029);
#4421=LINE('',#11774,#5030);
#4422=LINE('',#11779,#5031);
#4423=LINE('',#11780,#5032);
#4424=LINE('',#11785,#5033);
#4425=LINE('',#11786,#5034);
#4426=LINE('',#11790,#5035);
#4427=LINE('',#11791,#5036);
#4428=LINE('',#11795,#5037);
#4429=LINE('',#11796,#5038);
#4430=LINE('',#11825,#5039);
#4431=LINE('',#11826,#5040);
#4432=LINE('',#11831,#5041);
#4433=LINE('',#11832,#5042);
#4434=LINE('',#11836,#5043);
#4435=LINE('',#11837,#5044);
#4436=LINE('',#11842,#5045);
#4437=LINE('',#11843,#5046);
#4438=LINE('',#11848,#5047);
#4439=LINE('',#11849,#5048);
#4440=LINE('',#11853,#5049);
#4441=LINE('',#11854,#5050);
#4442=LINE('',#11859,#5051);
#4443=LINE('',#11860,#5052);
#4444=LINE('',#11864,#5053);
#4445=LINE('',#11865,#5054);
#4446=LINE('',#11870,#5055);
#4447=LINE('',#11871,#5056);
#4448=LINE('',#11896,#5057);
#4449=LINE('',#11897,#5058);
#4450=LINE('',#11902,#5059);
#4451=LINE('',#11903,#5060);
#4452=LINE('',#11908,#5061);
#4453=LINE('',#11909,#5062);
#4454=LINE('',#11913,#5063);
#4455=LINE('',#11914,#5064);
#4456=LINE('',#11919,#5065);
#4457=LINE('',#11920,#5066);
#4458=LINE('',#11925,#5067);
#4459=LINE('',#11926,#5068);
#4460=LINE('',#11930,#5069);
#4461=LINE('',#11931,#5070);
#4462=LINE('',#11935,#5071);
#4463=LINE('',#11936,#5072);
#4464=LINE('',#11941,#5073);
#4465=LINE('',#11942,#5074);
#4466=LINE('',#11975,#5075);
#4467=LINE('',#11976,#5076);
#4468=LINE('',#11981,#5077);
#4469=LINE('',#11982,#5078);
#4470=LINE('',#11986,#5079);
#4471=LINE('',#11987,#5080);
#4472=LINE('',#11992,#5081);
#4473=LINE('',#11993,#5082);
#4474=LINE('',#11998,#5083);
#4475=LINE('',#11999,#5084);
#4476=LINE('',#12003,#5085);
#4477=LINE('',#12004,#5086);
#4478=LINE('',#12009,#5087);
#4479=LINE('',#12010,#5088);
#4480=LINE('',#12015,#5089);
#4481=LINE('',#12016,#5090);
#4482=LINE('',#12021,#5091);
#4483=LINE('',#12022,#5092);
#4484=LINE('',#12047,#5093);
#4485=LINE('',#12051,#5094);
#4486=LINE('',#12052,#5095);
#4487=LINE('',#12056,#5096);
#4488=LINE('',#12057,#5097);
#4489=LINE('',#12061,#5098);
#4490=LINE('',#12062,#5099);
#4491=LINE('',#12067,#5100);
#4492=LINE('',#12068,#5101);
#4493=LINE('',#12073,#5102);
#4494=LINE('',#12074,#5103);
#4495=LINE('',#12078,#5104);
#4496=LINE('',#12079,#5105);
#4497=LINE('',#12082,#5106);
#4498=LINE('',#12083,#5107);
#4499=LINE('',#12088,#5108);
#4500=LINE('',#12089,#5109);
#4501=LINE('',#12106,#5110);
#4502=LINE('',#12107,#5111);
#4503=LINE('',#12112,#5112);
#4504=LINE('',#12113,#5113);
#4505=LINE('',#12118,#5114);
#4506=LINE('',#12119,#5115);
#4507=LINE('',#12124,#5116);
#4508=LINE('',#12125,#5117);
#4509=LINE('',#12139,#5118);
#4510=LINE('',#12142,#5119);
#4511=LINE('',#12146,#5120);
#4512=LINE('',#12147,#5121);
#4513=LINE('',#12150,#5122);
#4514=LINE('',#12151,#5123);
#4515=LINE('',#12156,#5124);
#4516=LINE('',#12157,#5125);
#4517=LINE('',#12229,#5126);
#4518=LINE('',#12231,#5127);
#4519=LINE('',#12233,#5128);
#4520=LINE('',#12235,#5129);
#4521=LINE('',#12239,#5130);
#4522=LINE('',#12241,#5131);
#4523=LINE('',#12243,#5132);
#4524=LINE('',#12247,#5133);
#4525=LINE('',#12249,#5134);
#4526=LINE('',#12251,#5135);
#4527=LINE('',#12255,#5136);
#4528=LINE('',#12257,#5137);
#4529=LINE('',#12261,#5138);
#4530=LINE('',#12263,#5139);
#4531=LINE('',#12267,#5140);
#4532=LINE('',#12269,#5141);
#4533=LINE('',#12273,#5142);
#4534=LINE('',#12275,#5143);
#4535=LINE('',#12279,#5144);
#4536=LINE('',#12281,#5145);
#4537=LINE('',#12285,#5146);
#4538=LINE('',#12286,#5147);
#4539=LINE('',#12287,#5148);
#4540=LINE('',#12288,#5149);
#4541=LINE('',#12293,#5150);
#4542=LINE('',#12296,#5151);
#4543=LINE('',#12312,#5152);
#4544=LINE('',#12316,#5153);
#4545=LINE('',#12318,#5154);
#4546=LINE('',#12319,#5155);
#4547=LINE('',#12321,#5156);
#4548=LINE('',#12322,#5157);
#4549=LINE('',#12324,#5158);
#4550=LINE('',#12325,#5159);
#4551=LINE('',#12331,#5160);
#4552=LINE('',#12335,#5161);
#4553=LINE('',#12343,#5162);
#4554=LINE('',#12344,#5163);
#4555=LINE('',#12345,#5164);
#4556=LINE('',#12347,#5165);
#4557=LINE('',#12348,#5166);
#4558=LINE('',#12349,#5167);
#4559=VECTOR('',#7962,1.);
#4560=VECTOR('',#7963,1.);
#4561=VECTOR('',#7964,1.);
#4562=VECTOR('',#7965,1.);
#4563=VECTOR('',#7968,1.);
#4564=VECTOR('',#7969,1.);
#4565=VECTOR('',#7970,1.);
#4566=VECTOR('',#7971,1.);
#4567=VECTOR('',#7974,1.);
#4568=VECTOR('',#7975,1.);
#4569=VECTOR('',#7976,1.);
#4570=VECTOR('',#7977,1.);
#4571=VECTOR('',#7980,1.);
#4572=VECTOR('',#7981,1.);
#4573=VECTOR('',#7982,1.);
#4574=VECTOR('',#7983,1.);
#4575=VECTOR('',#7986,1.);
#4576=VECTOR('',#7987,1.);
#4577=VECTOR('',#7988,1.);
#4578=VECTOR('',#7989,1.);
#4579=VECTOR('',#7992,1.);
#4580=VECTOR('',#7993,1.);
#4581=VECTOR('',#7994,1.);
#4582=VECTOR('',#7997,1.);
#4583=VECTOR('',#7998,1.);
#4584=VECTOR('',#7999,1.);
#4585=VECTOR('',#8000,1.);
#4586=VECTOR('',#8003,1.);
#4587=VECTOR('',#8004,1.);
#4588=VECTOR('',#8005,1.);
#4589=VECTOR('',#8008,1.);
#4590=VECTOR('',#8009,1.);
#4591=VECTOR('',#8010,1.);
#4592=VECTOR('',#8011,1.);
#4593=VECTOR('',#8014,1.);
#4594=VECTOR('',#8015,1.);
#4595=VECTOR('',#8016,1.);
#4596=VECTOR('',#8019,1.);
#4597=VECTOR('',#8020,1.);
#4598=VECTOR('',#8021,1.);
#4599=VECTOR('',#8022,1.);
#4600=VECTOR('',#8025,1.);
#4601=VECTOR('',#8026,1.);
#4602=VECTOR('',#8027,1.);
#4603=VECTOR('',#8030,1.);
#4604=VECTOR('',#8031,1.);
#4605=VECTOR('',#8032,1.);
#4606=VECTOR('',#8033,1.);
#4607=VECTOR('',#8036,1.);
#4608=VECTOR('',#8037,1.);
#4609=VECTOR('',#8038,1.);
#4610=VECTOR('',#8041,1.);
#4611=VECTOR('',#8042,1.);
#4612=VECTOR('',#8043,1.);
#4613=VECTOR('',#8044,1.);
#4614=VECTOR('',#8047,1.);
#4615=VECTOR('',#8048,1.);
#4616=VECTOR('',#8049,1.);
#4617=VECTOR('',#8052,1.);
#4618=VECTOR('',#8053,1.);
#4619=VECTOR('',#8054,1.);
#4620=VECTOR('',#8055,1.);
#4621=VECTOR('',#8058,1.);
#4622=VECTOR('',#8059,1.);
#4623=VECTOR('',#8060,1.);
#4624=VECTOR('',#8063,1.);
#4625=VECTOR('',#8064,1.);
#4626=VECTOR('',#8065,1.);
#4627=VECTOR('',#8066,1.);
#4628=VECTOR('',#8069,1.);
#4629=VECTOR('',#8070,1.);
#4630=VECTOR('',#8071,1.);
#4631=VECTOR('',#8074,1.);
#4632=VECTOR('',#8075,1.);
#4633=VECTOR('',#8076,1.);
#4634=VECTOR('',#8077,1.);
#4635=VECTOR('',#8078,1.);
#4636=VECTOR('',#8079,1.);
#4637=VECTOR('',#8082,1.);
#4638=VECTOR('',#8083,1.);
#4639=VECTOR('',#8084,1.);
#4640=VECTOR('',#8087,1.);
#4641=VECTOR('',#8088,1.);
#4642=VECTOR('',#8089,1.);
#4643=VECTOR('',#8092,1.);
#4644=VECTOR('',#8097,1.);
#4645=VECTOR('',#8098,1.);
#4646=VECTOR('',#8099,1.);
#4647=VECTOR('',#8100,1.);
#4648=VECTOR('',#8101,1.);
#4649=VECTOR('',#8102,1.);
#4650=VECTOR('',#8105,1.);
#4651=VECTOR('',#8106,1.);
#4652=VECTOR('',#8107,1.);
#4653=VECTOR('',#8110,1.);
#4654=VECTOR('',#8111,1.);
#4655=VECTOR('',#8112,1.);
#4656=VECTOR('',#8115,1.);
#4657=VECTOR('',#8120,1.);
#4658=VECTOR('',#8121,1.);
#4659=VECTOR('',#8122,1.);
#4660=VECTOR('',#8123,1.);
#4661=VECTOR('',#8124,1.);
#4662=VECTOR('',#8125,1.);
#4663=VECTOR('',#8128,1.);
#4664=VECTOR('',#8129,1.);
#4665=VECTOR('',#8130,1.);
#4666=VECTOR('',#8133,1.);
#4667=VECTOR('',#8134,1.);
#4668=VECTOR('',#8135,1.);
#4669=VECTOR('',#8138,1.);
#4670=VECTOR('',#8143,1.);
#4671=VECTOR('',#8144,1.);
#4672=VECTOR('',#8145,1.);
#4673=VECTOR('',#8146,1.);
#4674=VECTOR('',#8147,1.);
#4675=VECTOR('',#8148,1.);
#4676=VECTOR('',#8151,1.);
#4677=VECTOR('',#8152,1.);
#4678=VECTOR('',#8153,1.);
#4679=VECTOR('',#8156,1.);
#4680=VECTOR('',#8157,1.);
#4681=VECTOR('',#8158,1.);
#4682=VECTOR('',#8161,1.);
#4683=VECTOR('',#8166,1.);
#4684=VECTOR('',#8167,1.);
#4685=VECTOR('',#8168,1.);
#4686=VECTOR('',#8169,1.);
#4687=VECTOR('',#8170,1.);
#4688=VECTOR('',#8171,1.);
#4689=VECTOR('',#8174,1.);
#4690=VECTOR('',#8175,1.);
#4691=VECTOR('',#8176,1.);
#4692=VECTOR('',#8179,1.);
#4693=VECTOR('',#8180,1.);
#4694=VECTOR('',#8181,1.);
#4695=VECTOR('',#8184,1.);
#4696=VECTOR('',#8189,1.);
#4697=VECTOR('',#8190,1.);
#4698=VECTOR('',#8193,1.);
#4699=VECTOR('',#8194,1.);
#4700=VECTOR('',#8197,1.);
#4701=VECTOR('',#8198,1.);
#4702=VECTOR('',#8225,1.);
#4703=VECTOR('',#8226,1.);
#4704=VECTOR('',#8227,1.);
#4705=VECTOR('',#8228,1.);
#4706=VECTOR('',#8231,1.);
#4707=VECTOR('',#8232,1.);
#4708=VECTOR('',#8233,1.);
#4709=VECTOR('',#8236,1.);
#4710=VECTOR('',#8237,1.);
#4711=VECTOR('',#8238,1.);
#4712=VECTOR('',#8241,1.);
#4713=VECTOR('',#8242,1.);
#4714=VECTOR('',#8247,1.);
#4715=VECTOR('',#8248,1.);
#4716=VECTOR('',#8249,1.);
#4717=VECTOR('',#8250,1.);
#4718=VECTOR('',#8251,1.);
#4719=VECTOR('',#8252,1.);
#4720=VECTOR('',#8253,1.);
#4721=VECTOR('',#8254,1.);
#4722=VECTOR('',#8255,1.);
#4723=VECTOR('',#8258,1.);
#4724=VECTOR('',#8261,1.);
#4725=VECTOR('',#8264,1.);
#4726=VECTOR('',#8267,1.);
#4727=VECTOR('',#8270,1.);
#4728=VECTOR('',#8273,1.);
#4729=VECTOR('',#8276,1.);
#4730=VECTOR('',#8279,1.);
#4731=VECTOR('',#8282,1.);
#4732=VECTOR('',#8345,1.);
#4733=VECTOR('',#8346,1.);
#4734=VECTOR('',#8347,1.);
#4735=VECTOR('',#8348,1.);
#4736=VECTOR('',#8351,1.);
#4737=VECTOR('',#8352,1.);
#4738=VECTOR('',#8353,1.);
#4739=VECTOR('',#8354,1.);
#4740=VECTOR('',#8357,1.);
#4741=VECTOR('',#8358,1.);
#4742=VECTOR('',#8361,1.);
#4743=VECTOR('',#8364,1.);
#4744=VECTOR('',#8371,1.);
#4745=VECTOR('',#8372,1.);
#4746=VECTOR('',#8373,1.);
#4747=VECTOR('',#8374,1.);
#4748=VECTOR('',#8377,1.);
#4749=VECTOR('',#8378,1.);
#4750=VECTOR('',#8379,1.);
#4751=VECTOR('',#8382,1.);
#4752=VECTOR('',#8383,1.);
#4753=VECTOR('',#8386,1.);
#4754=VECTOR('',#8387,1.);
#4755=VECTOR('',#8390,1.);
#4756=VECTOR('',#8393,1.);
#4757=VECTOR('',#8394,1.);
#4758=VECTOR('',#8395,1.);
#4759=VECTOR('',#8396,1.);
#4760=VECTOR('',#8399,1.);
#4761=VECTOR('',#8400,1.);
#4762=VECTOR('',#8401,1.);
#4763=VECTOR('',#8404,1.);
#4764=VECTOR('',#8405,1.);
#4765=VECTOR('',#8406,1.);
#4766=VECTOR('',#8409,1.);
#4767=VECTOR('',#8410,1.);
#4768=VECTOR('',#8411,1.);
#4769=VECTOR('',#8412,1.);
#4770=VECTOR('',#8415,1.);
#4771=VECTOR('',#8416,1.);
#4772=VECTOR('',#8417,1.);
#4773=VECTOR('',#8420,1.);
#4774=VECTOR('',#8421,1.);
#4775=VECTOR('',#8422,1.);
#4776=VECTOR('',#8425,1.);
#4777=VECTOR('',#8426,1.);
#4778=VECTOR('',#8427,1.);
#4779=VECTOR('',#8428,1.);
#4780=VECTOR('',#8431,1.);
#4781=VECTOR('',#8432,1.);
#4782=VECTOR('',#8433,1.);
#4783=VECTOR('',#8436,1.);
#4784=VECTOR('',#8437,1.);
#4785=VECTOR('',#8438,1.);
#4786=VECTOR('',#8441,1.);
#4787=VECTOR('',#8442,1.);
#4788=VECTOR('',#8443,1.);
#4789=VECTOR('',#8444,1.);
#4790=VECTOR('',#8447,1.);
#4791=VECTOR('',#8448,1.);
#4792=VECTOR('',#8449,1.);
#4793=VECTOR('',#8452,1.);
#4794=VECTOR('',#8453,1.);
#4795=VECTOR('',#8454,1.);
#4796=VECTOR('',#8457,1.);
#4797=VECTOR('',#8458,1.);
#4798=VECTOR('',#8459,1.);
#4799=VECTOR('',#8460,1.);
#4800=VECTOR('',#8463,1.);
#4801=VECTOR('',#8464,1.);
#4802=VECTOR('',#8465,1.);
#4803=VECTOR('',#8468,1.);
#4804=VECTOR('',#8469,1.);
#4805=VECTOR('',#8472,1.);
#4806=VECTOR('',#8473,1.);
#4807=VECTOR('',#8476,1.);
#4808=VECTOR('',#8479,1.);
#4809=VECTOR('',#8480,1.);
#4810=VECTOR('',#8481,1.);
#4811=VECTOR('',#8482,1.);
#4812=VECTOR('',#8483,1.);
#4813=VECTOR('',#8484,1.);
#4814=VECTOR('',#8487,1.);
#4815=VECTOR('',#8488,1.);
#4816=VECTOR('',#8489,1.);
#4817=VECTOR('',#8492,1.);
#4818=VECTOR('',#8493,1.);
#4819=VECTOR('',#8494,1.);
#4820=VECTOR('',#8495,1.);
#4821=VECTOR('',#8496,1.);
#4822=VECTOR('',#8499,1.);
#4823=VECTOR('',#8500,1.);
#4824=VECTOR('',#8515,1.);
#4825=VECTOR('',#8516,1.);
#4826=VECTOR('',#8517,1.);
#4827=VECTOR('',#8518,1.);
#4828=VECTOR('',#8521,1.);
#4829=VECTOR('',#8522,1.);
#4830=VECTOR('',#8523,1.);
#4831=VECTOR('',#8524,1.);
#4832=VECTOR('',#8527,1.);
#4833=VECTOR('',#8528,1.);
#4834=VECTOR('',#8531,1.);
#4835=VECTOR('',#8534,1.);
#4836=VECTOR('',#8541,1.);
#4837=VECTOR('',#8542,1.);
#4838=VECTOR('',#8543,1.);
#4839=VECTOR('',#8544,1.);
#4840=VECTOR('',#8545,1.);
#4841=VECTOR('',#8546,1.);
#4842=VECTOR('',#8547,1.);
#4843=VECTOR('',#8548,1.);
#4844=VECTOR('',#8551,1.);
#4845=VECTOR('',#8552,1.);
#4846=VECTOR('',#8553,1.);
#4847=VECTOR('',#8554,1.);
#4848=VECTOR('',#8555,1.);
#4849=VECTOR('',#8556,1.);
#4850=VECTOR('',#8557,1.);
#4851=VECTOR('',#8558,1.);
#4852=VECTOR('',#8561,1.);
#4853=VECTOR('',#8562,1.);
#4854=VECTOR('',#8565,1.);
#4855=VECTOR('',#8568,1.);
#4856=VECTOR('',#8571,1.);
#4857=VECTOR('',#8574,1.);
#4858=VECTOR('',#8577,1.);
#4859=VECTOR('',#8580,1.);
#4860=VECTOR('',#8587,1.);
#4861=VECTOR('',#8588,1.);
#4862=VECTOR('',#8589,1.);
#4863=VECTOR('',#8590,1.);
#4864=VECTOR('',#8593,1.);
#4865=VECTOR('',#8594,1.);
#4866=VECTOR('',#8595,1.);
#4867=VECTOR('',#8596,1.);
#4868=VECTOR('',#8599,1.);
#4869=VECTOR('',#8600,1.);
#4870=VECTOR('',#8603,1.);
#4871=VECTOR('',#8606,1.);
#4872=VECTOR('',#8625,1.);
#4873=VECTOR('',#8628,1.);
#4874=VECTOR('',#8631,1.);
#4875=VECTOR('',#8632,1.);
#4876=VECTOR('',#8633,1.);
#4877=VECTOR('',#8638,1.);
#4878=VECTOR('',#8641,1.);
#4879=VECTOR('',#8642,1.);
#4880=VECTOR('',#8651,1.);
#4881=VECTOR('',#8654,1.);
#4882=VECTOR('',#8657,1.);
#4883=VECTOR('',#8658,1.);
#4884=VECTOR('',#8659,1.);
#4885=VECTOR('',#8664,1.);
#4886=VECTOR('',#8667,1.);
#4887=VECTOR('',#8668,1.);
#4888=VECTOR('',#8677,1.);
#4889=VECTOR('',#8680,1.);
#4890=VECTOR('',#8683,1.);
#4891=VECTOR('',#8684,1.);
#4892=VECTOR('',#8685,1.);
#4893=VECTOR('',#8690,1.);
#4894=VECTOR('',#8693,1.);
#4895=VECTOR('',#8694,1.);
#4896=VECTOR('',#8703,1.);
#4897=VECTOR('',#8706,1.);
#4898=VECTOR('',#8709,1.);
#4899=VECTOR('',#8710,1.);
#4900=VECTOR('',#8711,1.);
#4901=VECTOR('',#8716,1.);
#4902=VECTOR('',#8719,1.);
#4903=VECTOR('',#8720,1.);
#4904=VECTOR('',#8727,1.);
#4905=VECTOR('',#8728,1.);
#4906=VECTOR('',#8729,1.);
#4907=VECTOR('',#8730,1.);
#4908=VECTOR('',#8733,1.);
#4909=VECTOR('',#8734,1.);
#4910=VECTOR('',#8735,1.);
#4911=VECTOR('',#8736,1.);
#4912=VECTOR('',#8739,1.);
#4913=VECTOR('',#8740,1.);
#4914=VECTOR('',#8743,1.);
#4915=VECTOR('',#8746,1.);
#4916=VECTOR('',#8757,1.);
#4917=VECTOR('',#8758,1.);
#4918=VECTOR('',#8759,1.);
#4919=VECTOR('',#8760,1.);
#4920=VECTOR('',#8765,1.);
#4921=VECTOR('',#8770,1.);
#4922=VECTOR('',#8771,1.);
#4923=VECTOR('',#8772,1.);
#4924=VECTOR('',#8775,1.);
#4925=VECTOR('',#8776,1.);
#4926=VECTOR('',#8779,1.);
#4927=VECTOR('',#8784,1.);
#4928=VECTOR('',#8787,1.);
#4929=VECTOR('',#8790,1.);
#4930=VECTOR('',#8793,1.);
#4931=VECTOR('',#8794,1.);
#4932=VECTOR('',#8797,1.);
#4933=VECTOR('',#8798,1.);
#4934=VECTOR('',#8799,1.);
#4935=VECTOR('',#8800,1.);
#4936=VECTOR('',#8807,1.);
#4937=VECTOR('',#8810,1.);
#4938=VECTOR('',#8811,1.);
#4939=VECTOR('',#8812,1.);
#4940=VECTOR('',#8815,1.);
#4941=VECTOR('',#8818,1.);
#4942=VECTOR('',#8823,1.);
#4943=VECTOR('',#8824,1.);
#4944=VECTOR('',#8825,1.);
#4945=VECTOR('',#8826,1.);
#4946=VECTOR('',#8833,1.);
#4947=VECTOR('',#8836,1.);
#4948=VECTOR('',#8837,1.);
#4949=VECTOR('',#8838,1.);
#4950=VECTOR('',#8841,1.);
#4951=VECTOR('',#8844,1.);
#4952=VECTOR('',#8849,1.);
#4953=VECTOR('',#8850,1.);
#4954=VECTOR('',#8851,1.);
#4955=VECTOR('',#8852,1.);
#4956=VECTOR('',#8857,1.);
#4957=VECTOR('',#8862,1.);
#4958=VECTOR('',#8863,1.);
#4959=VECTOR('',#8864,1.);
#4960=VECTOR('',#8867,1.);
#4961=VECTOR('',#8870,1.);
#4962=VECTOR('',#8873,1.);
#4963=VECTOR('',#8876,1.);
#4964=VECTOR('',#8877,1.);
#4965=VECTOR('',#8880,1.);
#4966=VECTOR('',#8885,1.);
#4967=VECTOR('',#8886,1.);
#4968=VECTOR('',#8901,1.);
#4969=VECTOR('',#8902,1.);
#4970=VECTOR('',#8907,1.);
#4971=VECTOR('',#8908,1.);
#4972=VECTOR('',#8929,1.);
#4973=VECTOR('',#8930,1.);
#4974=VECTOR('',#8935,1.);
#4975=VECTOR('',#8936,1.);
#4976=VECTOR('',#8957,1.);
#4977=VECTOR('',#8958,1.);
#4978=VECTOR('',#8971,1.);
#4979=VECTOR('',#8972,1.);
#4980=VECTOR('',#8977,1.);
#4981=VECTOR('',#8978,1.);
#4982=VECTOR('',#8983,1.);
#4983=VECTOR('',#8986,1.);
#4984=VECTOR('',#8991,1.);
#4985=VECTOR('',#8994,1.);
#4986=VECTOR('',#9015,1.);
#4987=VECTOR('',#9016,1.);
#4988=VECTOR('',#9021,1.);
#4989=VECTOR('',#9022,1.);
#4990=VECTOR('',#9027,1.);
#4991=VECTOR('',#9028,1.);
#4992=VECTOR('',#9033,1.);
#4993=VECTOR('',#9034,1.);
#4994=VECTOR('',#9039,1.);
#4995=VECTOR('',#9040,1.);
#4996=VECTOR('',#9061,1.);
#4997=VECTOR('',#9062,1.);
#4998=VECTOR('',#9067,1.);
#4999=VECTOR('',#9068,1.);
#5000=VECTOR('',#9073,1.);
#5001=VECTOR('',#9074,1.);
#5002=VECTOR('',#9079,1.);
#5003=VECTOR('',#9080,1.);
#5004=VECTOR('',#9117,1.);
#5005=VECTOR('',#9118,1.);
#5006=VECTOR('',#9123,1.);
#5007=VECTOR('',#9124,1.);
#5008=VECTOR('',#9129,1.);
#5009=VECTOR('',#9130,1.);
#5010=VECTOR('',#9135,1.);
#5011=VECTOR('',#9136,1.);
#5012=VECTOR('',#9141,1.);
#5013=VECTOR('',#9142,1.);
#5014=VECTOR('',#9147,1.);
#5015=VECTOR('',#9148,1.);
#5016=VECTOR('',#9153,1.);
#5017=VECTOR('',#9154,1.);
#5018=VECTOR('',#9157,1.);
#5019=VECTOR('',#9158,1.);
#5020=VECTOR('',#9161,1.);
#5021=VECTOR('',#9206,1.);
#5022=VECTOR('',#9207,1.);
#5023=VECTOR('',#9212,1.);
#5024=VECTOR('',#9213,1.);
#5025=VECTOR('',#9218,1.);
#5026=VECTOR('',#9219,1.);
#5027=VECTOR('',#9224,1.);
#5028=VECTOR('',#9225,1.);
#5029=VECTOR('',#9230,1.);
#5030=VECTOR('',#9231,1.);
#5031=VECTOR('',#9236,1.);
#5032=VECTOR('',#9237,1.);
#5033=VECTOR('',#9242,1.);
#5034=VECTOR('',#9243,1.);
#5035=VECTOR('',#9248,1.);
#5036=VECTOR('',#9249,1.);
#5037=VECTOR('',#9254,1.);
#5038=VECTOR('',#9255,1.);
#5039=VECTOR('',#9296,1.);
#5040=VECTOR('',#9297,1.);
#5041=VECTOR('',#9302,1.);
#5042=VECTOR('',#9303,1.);
#5043=VECTOR('',#9308,1.);
#5044=VECTOR('',#9309,1.);
#5045=VECTOR('',#9314,1.);
#5046=VECTOR('',#9315,1.);
#5047=VECTOR('',#9320,1.);
#5048=VECTOR('',#9321,1.);
#5049=VECTOR('',#9326,1.);
#5050=VECTOR('',#9327,1.);
#5051=VECTOR('',#9332,1.);
#5052=VECTOR('',#9333,1.);
#5053=VECTOR('',#9338,1.);
#5054=VECTOR('',#9339,1.);
#5055=VECTOR('',#9344,1.);
#5056=VECTOR('',#9345,1.);
#5057=VECTOR('',#9382,1.);
#5058=VECTOR('',#9383,1.);
#5059=VECTOR('',#9388,1.);
#5060=VECTOR('',#9389,1.);
#5061=VECTOR('',#9394,1.);
#5062=VECTOR('',#9395,1.);
#5063=VECTOR('',#9400,1.);
#5064=VECTOR('',#9401,1.);
#5065=VECTOR('',#9406,1.);
#5066=VECTOR('',#9407,1.);
#5067=VECTOR('',#9412,1.);
#5068=VECTOR('',#9413,1.);
#5069=VECTOR('',#9418,1.);
#5070=VECTOR('',#9419,1.);
#5071=VECTOR('',#9424,1.);
#5072=VECTOR('',#9425,1.);
#5073=VECTOR('',#9430,1.);
#5074=VECTOR('',#9431,1.);
#5075=VECTOR('',#9476,1.);
#5076=VECTOR('',#9477,1.);
#5077=VECTOR('',#9482,1.);
#5078=VECTOR('',#9483,1.);
#5079=VECTOR('',#9488,1.);
#5080=VECTOR('',#9489,1.);
#5081=VECTOR('',#9494,1.);
#5082=VECTOR('',#9495,1.);
#5083=VECTOR('',#9500,1.);
#5084=VECTOR('',#9501,1.);
#5085=VECTOR('',#9506,1.);
#5086=VECTOR('',#9507,1.);
#5087=VECTOR('',#9512,1.);
#5088=VECTOR('',#9513,1.);
#5089=VECTOR('',#9518,1.);
#5090=VECTOR('',#9519,1.);
#5091=VECTOR('',#9524,1.);
#5092=VECTOR('',#9525,1.);
#5093=VECTOR('',#9564,1.);
#5094=VECTOR('',#9567,1.);
#5095=VECTOR('',#9568,1.);
#5096=VECTOR('',#9573,1.);
#5097=VECTOR('',#9574,1.);
#5098=VECTOR('',#9579,1.);
#5099=VECTOR('',#9580,1.);
#5100=VECTOR('',#9585,1.);
#5101=VECTOR('',#9586,1.);
#5102=VECTOR('',#9591,1.);
#5103=VECTOR('',#9592,1.);
#5104=VECTOR('',#9597,1.);
#5105=VECTOR('',#9598,1.);
#5106=VECTOR('',#9603,1.);
#5107=VECTOR('',#9604,1.);
#5108=VECTOR('',#9609,1.);
#5109=VECTOR('',#9610,1.);
#5110=VECTOR('',#9635,1.);
#5111=VECTOR('',#9636,1.);
#5112=VECTOR('',#9641,1.);
#5113=VECTOR('',#9642,1.);
#5114=VECTOR('',#9647,1.);
#5115=VECTOR('',#9648,1.);
#5116=VECTOR('',#9653,1.);
#5117=VECTOR('',#9654,1.);
#5118=VECTOR('',#9673,1.);
#5119=VECTOR('',#9676,1.);
#5120=VECTOR('',#9681,1.);
#5121=VECTOR('',#9682,1.);
#5122=VECTOR('',#9687,1.);
#5123=VECTOR('',#9688,1.);
#5124=VECTOR('',#9693,1.);
#5125=VECTOR('',#9694,1.);
#5126=VECTOR('',#9803,1.);
#5127=VECTOR('',#9804,1.);
#5128=VECTOR('',#9805,1.);
#5129=VECTOR('',#9808,1.);
#5130=VECTOR('',#9813,1.);
#5131=VECTOR('',#9814,1.);
#5132=VECTOR('',#9817,1.);
#5133=VECTOR('',#9822,1.);
#5134=VECTOR('',#9823,1.);
#5135=VECTOR('',#9826,1.);
#5136=VECTOR('',#9831,1.);
#5137=VECTOR('',#9832,1.);
#5138=VECTOR('',#9839,1.);
#5139=VECTOR('',#9840,1.);
#5140=VECTOR('',#9845,1.);
#5141=VECTOR('',#9846,1.);
#5142=VECTOR('',#9851,1.);
#5143=VECTOR('',#9852,1.);
#5144=VECTOR('',#9857,1.);
#5145=VECTOR('',#9858,1.);
#5146=VECTOR('',#9863,1.);
#5147=VECTOR('',#9864,1.);
#5148=VECTOR('',#9865,1.);
#5149=VECTOR('',#9866,1.);
#5150=VECTOR('',#9875,1.);
#5151=VECTOR('',#9880,1.);
#5152=VECTOR('',#9905,1.);
#5153=VECTOR('',#9908,1.);
#5154=VECTOR('',#9911,1.);
#5155=VECTOR('',#9912,1.);
#5156=VECTOR('',#9915,1.);
#5157=VECTOR('',#9916,1.);
#5158=VECTOR('',#9919,1.);
#5159=VECTOR('',#9920,1.);
#5160=VECTOR('',#9929,1.);
#5161=VECTOR('',#9932,1.);
#5162=VECTOR('',#9943,1.);
#5163=VECTOR('',#9944,1.);
#5164=VECTOR('',#9945,1.);
#5165=VECTOR('',#9948,1.);
#5166=VECTOR('',#9949,1.);
#5167=VECTOR('',#9950,1.);
#5168=EDGE_LOOP('',(#651,#652,#653,#654));
#5169=EDGE_LOOP('',(#655,#656,#657,#658));
#5170=EDGE_LOOP('',(#659,#660,#661,#662));
#5171=EDGE_LOOP('',(#663,#664,#665,#666));
#5172=EDGE_LOOP('',(#667,#668,#669,#670));
#5173=EDGE_LOOP('',(#671,#672,#673,#674));
#5174=EDGE_LOOP('',(#675,#676,#677,#678));
#5175=EDGE_LOOP('',(#679,#680,#681,#682));
#5176=EDGE_LOOP('',(#683,#684,#685,#686));
#5177=EDGE_LOOP('',(#687,#688,#689,#690));
#5178=EDGE_LOOP('',(#691,#692,#693,#694));
#5179=EDGE_LOOP('',(#695,#696,#697,#698));
#5180=EDGE_LOOP('',(#699,#700,#701,#702));
#5181=EDGE_LOOP('',(#703,#704,#705,#706));
#5182=EDGE_LOOP('',(#707,#708,#709,#710));
#5183=EDGE_LOOP('',(#711,#712,#713,#714));
#5184=EDGE_LOOP('',(#715,#716,#717,#718));
#5185=EDGE_LOOP('',(#719,#720,#721,#722));
#5186=EDGE_LOOP('',(#723,#724,#725,#726));
#5187=EDGE_LOOP('',(#727,#728,#729,#730));
#5188=EDGE_LOOP('',(#731,#732,#733,#734));
#5189=EDGE_LOOP('',(#735,#736,#737,#738));
#5190=EDGE_LOOP('',(#739,#740,#741,#742,#743));
#5191=EDGE_LOOP('',(#744,#745,#746,#747,#748));
#5192=EDGE_LOOP('',(#749,#750,#751,#752));
#5193=EDGE_LOOP('',(#753,#754,#755,#756));
#5194=EDGE_LOOP('',(#757,#758,#759,#760));
#5195=EDGE_LOOP('',(#761,#762,#763,#764));
#5196=EDGE_LOOP('',(#765,#766,#767,#768,#769));
#5197=EDGE_LOOP('',(#770,#771,#772,#773,#774));
#5198=EDGE_LOOP('',(#775,#776,#777,#778));
#5199=EDGE_LOOP('',(#779,#780,#781,#782));
#5200=EDGE_LOOP('',(#783,#784,#785,#786));
#5201=EDGE_LOOP('',(#787,#788,#789,#790));
#5202=EDGE_LOOP('',(#791,#792,#793,#794,#795));
#5203=EDGE_LOOP('',(#796,#797,#798,#799,#800));
#5204=EDGE_LOOP('',(#801,#802,#803,#804));
#5205=EDGE_LOOP('',(#805,#806,#807,#808));
#5206=EDGE_LOOP('',(#809,#810,#811,#812));
#5207=EDGE_LOOP('',(#813,#814,#815,#816));
#5208=EDGE_LOOP('',(#817,#818,#819,#820,#821));
#5209=EDGE_LOOP('',(#822,#823,#824,#825,#826));
#5210=EDGE_LOOP('',(#827,#828,#829,#830));
#5211=EDGE_LOOP('',(#831,#832,#833,#834));
#5212=EDGE_LOOP('',(#835,#836,#837,#838));
#5213=EDGE_LOOP('',(#839,#840,#841,#842));
#5214=EDGE_LOOP('',(#843,#844,#845,#846,#847));
#5215=EDGE_LOOP('',(#848,#849,#850,#851,#852));
#5216=EDGE_LOOP('',(#853,#854,#855,#856));
#5217=EDGE_LOOP('',(#857,#858,#859,#860));
#5218=EDGE_LOOP('',(#861,#862,#863,#864));
#5219=EDGE_LOOP('',(#865,#866,#867,#868));
#5220=EDGE_LOOP('',(#869,#870,#871,#872));
#5221=EDGE_LOOP('',(#873));
#5222=EDGE_LOOP('',(#874));
#5223=EDGE_LOOP('',(#875));
#5224=EDGE_LOOP('',(#876));
#5225=EDGE_LOOP('',(#877));
#5226=EDGE_LOOP('',(#878));
#5227=EDGE_LOOP('',(#879));
#5228=EDGE_LOOP('',(#880));
#5229=EDGE_LOOP('',(#881,#882,#883,#884));
#5230=EDGE_LOOP('',(#885,#886,#887,#888));
#5231=EDGE_LOOP('',(#889,#890,#891,#892));
#5232=EDGE_LOOP('',(#893,#894,#895,#896));
#5233=EDGE_LOOP('',(#897));
#5234=EDGE_LOOP('',(#898));
#5235=EDGE_LOOP('',(#899));
#5236=EDGE_LOOP('',(#900));
#5237=EDGE_LOOP('',(#901,#902,#903,#904));
#5238=EDGE_LOOP('',(#905));
#5239=EDGE_LOOP('',(#906));
#5240=EDGE_LOOP('',(#907));
#5241=EDGE_LOOP('',(#908));
#5242=EDGE_LOOP('',(#909,#910,#911,#912,#913,#914,#915,#916,#917,#918,#919,
#920,#921,#922,#923,#924,#925,#926,#927,#928,#929,#930,#931,#932,#933,#934,
#935,#936,#937,#938,#939,#940));
#5243=EDGE_LOOP('',(#941,#942,#943,#944));
#5244=EDGE_LOOP('',(#945,#946,#947,#948));
#5245=EDGE_LOOP('',(#949,#950,#951,#952));
#5246=EDGE_LOOP('',(#953,#954,#955,#956));
#5247=EDGE_LOOP('',(#957,#958,#959,#960));
#5248=EDGE_LOOP('',(#961,#962,#963,#964));
#5249=EDGE_LOOP('',(#965,#966,#967,#968));
#5250=EDGE_LOOP('',(#969,#970,#971,#972));
#5251=EDGE_LOOP('',(#973,#974,#975,#976));
#5252=EDGE_LOOP('',(#977,#978,#979,#980));
#5253=EDGE_LOOP('',(#981,#982,#983,#984));
#5254=EDGE_LOOP('',(#985,#986,#987,#988));
#5255=EDGE_LOOP('',(#989,#990,#991,#992));
#5256=EDGE_LOOP('',(#993,#994,#995,#996));
#5257=EDGE_LOOP('',(#997,#998,#999,#1000));
#5258=EDGE_LOOP('',(#1001,#1002,#1003,#1004,#1005,#1006,#1007,#1008,#1009,
#1010,#1011,#1012,#1013,#1014,#1015,#1016,#1017,#1018,#1019,#1020,#1021,
#1022,#1023,#1024,#1025,#1026,#1027,#1028,#1029,#1030,#1031,#1032));
#5259=EDGE_LOOP('',(#1033));
#5260=EDGE_LOOP('',(#1034));
#5261=EDGE_LOOP('',(#1035));
#5262=EDGE_LOOP('',(#1036));
#5263=EDGE_LOOP('',(#1037));
#5264=EDGE_LOOP('',(#1038));
#5265=EDGE_LOOP('',(#1039));
#5266=EDGE_LOOP('',(#1040));
#5267=EDGE_LOOP('',(#1041));
#5268=EDGE_LOOP('',(#1042));
#5269=EDGE_LOOP('',(#1043));
#5270=EDGE_LOOP('',(#1044));
#5271=EDGE_LOOP('',(#1045));
#5272=EDGE_LOOP('',(#1046));
#5273=EDGE_LOOP('',(#1047));
#5274=EDGE_LOOP('',(#1048));
#5275=EDGE_LOOP('',(#1049));
#5276=EDGE_LOOP('',(#1050));
#5277=EDGE_LOOP('',(#1051));
#5278=EDGE_LOOP('',(#1052));
#5279=EDGE_LOOP('',(#1053));
#5280=EDGE_LOOP('',(#1054));
#5281=EDGE_LOOP('',(#1055));
#5282=EDGE_LOOP('',(#1056));
#5283=EDGE_LOOP('',(#1057));
#5284=EDGE_LOOP('',(#1058));
#5285=EDGE_LOOP('',(#1059,#1060,#1061,#1062));
#5286=EDGE_LOOP('',(#1063,#1064,#1065,#1066));
#5287=EDGE_LOOP('',(#1067,#1068,#1069,#1070));
#5288=EDGE_LOOP('',(#1071,#1072,#1073,#1074));
#5289=EDGE_LOOP('',(#1075,#1076,#1077,#1078));
#5290=EDGE_LOOP('',(#1079,#1080,#1081,#1082));
#5291=EDGE_LOOP('',(#1083,#1084,#1085,#1086));
#5292=EDGE_LOOP('',(#1087,#1088,#1089,#1090));
#5293=EDGE_LOOP('',(#1091,#1092,#1093,#1094));
#5294=EDGE_LOOP('',(#1095,#1096,#1097,#1098));
#5295=EDGE_LOOP('',(#1099,#1100,#1101,#1102));
#5296=EDGE_LOOP('',(#1103,#1104,#1105,#1106));
#5297=EDGE_LOOP('',(#1107,#1108,#1109,#1110));
#5298=EDGE_LOOP('',(#1111,#1112,#1113,#1114));
#5299=EDGE_LOOP('',(#1115,#1116,#1117,#1118));
#5300=EDGE_LOOP('',(#1119,#1120,#1121,#1122));
#5301=EDGE_LOOP('',(#1123,#1124,#1125,#1126));
#5302=EDGE_LOOP('',(#1127,#1128,#1129,#1130));
#5303=EDGE_LOOP('',(#1131,#1132,#1133,#1134));
#5304=EDGE_LOOP('',(#1135,#1136,#1137,#1138));
#5305=EDGE_LOOP('',(#1139,#1140,#1141,#1142));
#5306=EDGE_LOOP('',(#1143,#1144,#1145,#1146));
#5307=EDGE_LOOP('',(#1147,#1148,#1149,#1150));
#5308=EDGE_LOOP('',(#1151,#1152,#1153,#1154));
#5309=EDGE_LOOP('',(#1155,#1156,#1157,#1158,#1159,#1160,#1161,#1162,#1163,
#1164));
#5310=EDGE_LOOP('',(#1165,#1166,#1167,#1168));
#5311=EDGE_LOOP('',(#1169,#1170,#1171,#1172,#1173,#1174,#1175,#1176,#1177,
#1178));
#5312=EDGE_LOOP('',(#1179,#1180,#1181,#1182));
#5313=EDGE_LOOP('',(#1183,#1184,#1185,#1186,#1187,#1188,#1189,#1190,#1191,
#1192,#1193,#1194));
#5314=EDGE_LOOP('',(#1195,#1196,#1197,#1198));
#5315=EDGE_LOOP('',(#1199,#1200,#1201,#1202,#1203,#1204,#1205,#1206,#1207,
#1208,#1209,#1210));
#5316=EDGE_LOOP('',(#1211,#1212,#1213,#1214));
#5317=EDGE_LOOP('',(#1215,#1216,#1217,#1218));
#5318=EDGE_LOOP('',(#1219,#1220,#1221,#1222));
#5319=EDGE_LOOP('',(#1223,#1224,#1225,#1226,#1227,#1228));
#5320=EDGE_LOOP('',(#1229,#1230,#1231,#1232,#1233,#1234));
#5321=EDGE_LOOP('',(#1235,#1236,#1237,#1238));
#5322=EDGE_LOOP('',(#1239,#1240,#1241,#1242));
#5323=EDGE_LOOP('',(#1243,#1244,#1245,#1246));
#5324=EDGE_LOOP('',(#1247,#1248,#1249,#1250));
#5325=EDGE_LOOP('',(#1251,#1252,#1253,#1254));
#5326=EDGE_LOOP('',(#1255,#1256,#1257,#1258));
#5327=EDGE_LOOP('',(#1259,#1260,#1261,#1262));
#5328=EDGE_LOOP('',(#1263,#1264,#1265,#1266));
#5329=EDGE_LOOP('',(#1267,#1268,#1269,#1270,#1271,#1272,#1273,#1274));
#5330=EDGE_LOOP('',(#1275,#1276,#1277,#1278,#1279,#1280,#1281,#1282));
#5331=EDGE_LOOP('',(#1283,#1284,#1285,#1286));
#5332=EDGE_LOOP('',(#1287,#1288,#1289,#1290));
#5333=EDGE_LOOP('',(#1291,#1292,#1293,#1294));
#5334=EDGE_LOOP('',(#1295,#1296,#1297,#1298));
#5335=EDGE_LOOP('',(#1299,#1300,#1301,#1302));
#5336=EDGE_LOOP('',(#1303,#1304,#1305,#1306));
#5337=EDGE_LOOP('',(#1307,#1308,#1309,#1310));
#5338=EDGE_LOOP('',(#1311,#1312,#1313,#1314));
#5339=EDGE_LOOP('',(#1315,#1316,#1317,#1318));
#5340=EDGE_LOOP('',(#1319,#1320,#1321,#1322));
#5341=EDGE_LOOP('',(#1323,#1324,#1325,#1326));
#5342=EDGE_LOOP('',(#1327,#1328,#1329,#1330));
#5343=EDGE_LOOP('',(#1331,#1332,#1333,#1334));
#5344=EDGE_LOOP('',(#1335,#1336,#1337,#1338));
#5345=EDGE_LOOP('',(#1339));
#5346=EDGE_LOOP('',(#1340));
#5347=EDGE_LOOP('',(#1341));
#5348=EDGE_LOOP('',(#1342,#1343,#1344,#1345));
#5349=EDGE_LOOP('',(#1346,#1347,#1348,#1349));
#5350=EDGE_LOOP('',(#1350,#1351,#1352,#1353));
#5351=EDGE_LOOP('',(#1354,#1355,#1356,#1357));
#5352=EDGE_LOOP('',(#1358,#1359,#1360,#1361));
#5353=EDGE_LOOP('',(#1362,#1363,#1364,#1365));
#5354=EDGE_LOOP('',(#1366,#1367,#1368,#1369));
#5355=EDGE_LOOP('',(#1370,#1371,#1372,#1373));
#5356=EDGE_LOOP('',(#1374,#1375,#1376,#1377));
#5357=EDGE_LOOP('',(#1378,#1379,#1380,#1381));
#5358=EDGE_LOOP('',(#1382,#1383,#1384,#1385));
#5359=EDGE_LOOP('',(#1386,#1387,#1388,#1389));
#5360=EDGE_LOOP('',(#1390,#1391,#1392,#1393));
#5361=EDGE_LOOP('',(#1394,#1395,#1396,#1397));
#5362=EDGE_LOOP('',(#1398,#1399,#1400,#1401));
#5363=EDGE_LOOP('',(#1402,#1403,#1404,#1405));
#5364=EDGE_LOOP('',(#1406,#1407,#1408,#1409));
#5365=EDGE_LOOP('',(#1410,#1411,#1412,#1413));
#5366=EDGE_LOOP('',(#1414,#1415,#1416,#1417));
#5367=EDGE_LOOP('',(#1418,#1419,#1420,#1421));
#5368=EDGE_LOOP('',(#1422,#1423,#1424,#1425));
#5369=EDGE_LOOP('',(#1426,#1427,#1428,#1429));
#5370=EDGE_LOOP('',(#1430,#1431,#1432,#1433));
#5371=EDGE_LOOP('',(#1434,#1435,#1436,#1437));
#5372=EDGE_LOOP('',(#1438,#1439,#1440,#1441));
#5373=EDGE_LOOP('',(#1442));
#5374=EDGE_LOOP('',(#1443,#1444,#1445,#1446));
#5375=EDGE_LOOP('',(#1447,#1448,#1449,#1450));
#5376=EDGE_LOOP('',(#1451,#1452,#1453,#1454));
#5377=EDGE_LOOP('',(#1455,#1456,#1457,#1458));
#5378=EDGE_LOOP('',(#1459,#1460,#1461,#1462));
#5379=EDGE_LOOP('',(#1463,#1464,#1465,#1466));
#5380=EDGE_LOOP('',(#1467,#1468,#1469,#1470));
#5381=EDGE_LOOP('',(#1471,#1472,#1473,#1474));
#5382=EDGE_LOOP('',(#1475,#1476,#1477,#1478,#1479,#1480));
#5383=EDGE_LOOP('',(#1481,#1482,#1483,#1484,#1485,#1486));
#5384=EDGE_LOOP('',(#1487,#1488,#1489,#1490));
#5385=EDGE_LOOP('',(#1491,#1492,#1493,#1494));
#5386=EDGE_LOOP('',(#1495,#1496,#1497,#1498));
#5387=EDGE_LOOP('',(#1499,#1500,#1501,#1502));
#5388=EDGE_LOOP('',(#1503,#1504,#1505,#1506));
#5389=EDGE_LOOP('',(#1507,#1508,#1509,#1510));
#5390=EDGE_LOOP('',(#1511,#1512,#1513,#1514));
#5391=EDGE_LOOP('',(#1515,#1516,#1517,#1518));
#5392=EDGE_LOOP('',(#1519,#1520,#1521,#1522));
#5393=EDGE_LOOP('',(#1523,#1524,#1525,#1526));
#5394=EDGE_LOOP('',(#1527,#1528,#1529,#1530));
#5395=EDGE_LOOP('',(#1531,#1532,#1533,#1534));
#5396=EDGE_LOOP('',(#1535,#1536,#1537,#1538,#1539,#1540));
#5397=EDGE_LOOP('',(#1541,#1542,#1543,#1544,#1545,#1546));
#5398=EDGE_LOOP('',(#1547,#1548,#1549,#1550));
#5399=EDGE_LOOP('',(#1551,#1552,#1553,#1554));
#5400=EDGE_LOOP('',(#1555,#1556,#1557,#1558));
#5401=EDGE_LOOP('',(#1559,#1560,#1561,#1562));
#5402=EDGE_LOOP('',(#1563,#1564,#1565,#1566));
#5403=EDGE_LOOP('',(#1567,#1568,#1569,#1570));
#5404=EDGE_LOOP('',(#1571,#1572,#1573,#1574));
#5405=EDGE_LOOP('',(#1575,#1576,#1577,#1578));
#5406=EDGE_LOOP('',(#1579,#1580,#1581,#1582));
#5407=EDGE_LOOP('',(#1583,#1584,#1585,#1586));
#5408=EDGE_LOOP('',(#1587,#1588,#1589,#1590));
#5409=EDGE_LOOP('',(#1591,#1592,#1593,#1594));
#5410=EDGE_LOOP('',(#1595,#1596,#1597,#1598));
#5411=EDGE_LOOP('',(#1599,#1600,#1601,#1602));
#5412=EDGE_LOOP('',(#1603,#1604,#1605,#1606));
#5413=EDGE_LOOP('',(#1607,#1608,#1609,#1610));
#5414=EDGE_LOOP('',(#1611,#1612,#1613));
#5415=EDGE_LOOP('',(#1614,#1615,#1616));
#5416=EDGE_LOOP('',(#1617,#1618,#1619));
#5417=EDGE_LOOP('',(#1620,#1621,#1622,#1623));
#5418=EDGE_LOOP('',(#1624,#1625,#1626,#1627));
#5419=EDGE_LOOP('',(#1628,#1629,#1630,#1631));
#5420=EDGE_LOOP('',(#1632,#1633,#1634,#1635));
#5421=EDGE_LOOP('',(#1636,#1637,#1638,#1639));
#5422=EDGE_LOOP('',(#1640,#1641,#1642));
#5423=EDGE_LOOP('',(#1643,#1644,#1645,#1646));
#5424=EDGE_LOOP('',(#1647,#1648,#1649));
#5425=EDGE_LOOP('',(#1650,#1651,#1652,#1653));
#5426=EDGE_LOOP('',(#1654,#1655,#1656,#1657));
#5427=EDGE_LOOP('',(#1658,#1659,#1660,#1661));
#5428=EDGE_LOOP('',(#1662,#1663,#1664,#1665));
#5429=EDGE_LOOP('',(#1666,#1667,#1668,#1669));
#5430=EDGE_LOOP('',(#1670,#1671,#1672));
#5431=EDGE_LOOP('',(#1673,#1674,#1675,#1676));
#5432=EDGE_LOOP('',(#1677,#1678,#1679,#1680,#1681,#1682));
#5433=EDGE_LOOP('',(#1683,#1684,#1685,#1686));
#5434=EDGE_LOOP('',(#1687,#1688,#1689,#1690));
#5435=EDGE_LOOP('',(#1691,#1692,#1693,#1694));
#5436=EDGE_LOOP('',(#1695,#1696,#1697,#1698));
#5437=EDGE_LOOP('',(#1699,#1700,#1701,#1702));
#5438=EDGE_LOOP('',(#1703,#1704,#1705,#1706));
#5439=EDGE_LOOP('',(#1707,#1708,#1709,#1710));
#5440=EDGE_LOOP('',(#1711,#1712,#1713,#1714,#1715,#1716));
#5441=EDGE_LOOP('',(#1717,#1718,#1719,#1720));
#5442=EDGE_LOOP('',(#1721,#1722,#1723,#1724));
#5443=EDGE_LOOP('',(#1725,#1726,#1727,#1728));
#5444=EDGE_LOOP('',(#1729,#1730,#1731));
#5445=EDGE_LOOP('',(#1732,#1733,#1734));
#5446=EDGE_LOOP('',(#1735,#1736,#1737,#1738));
#5447=EDGE_LOOP('',(#1739,#1740,#1741,#1742));
#5448=EDGE_LOOP('',(#1743,#1744,#1745,#1746));
#5449=EDGE_LOOP('',(#1747,#1748,#1749,#1750));
#5450=EDGE_LOOP('',(#1751,#1752,#1753,#1754));
#5451=EDGE_LOOP('',(#1755,#1756,#1757,#1758));
#5452=EDGE_LOOP('',(#1759,#1760,#1761,#1762));
#5453=EDGE_LOOP('',(#1763,#1764,#1765,#1766));
#5454=EDGE_LOOP('',(#1767,#1768,#1769,#1770));
#5455=EDGE_LOOP('',(#1771,#1772,#1773,#1774));
#5456=EDGE_LOOP('',(#1775,#1776,#1777));
#5457=EDGE_LOOP('',(#1778,#1779,#1780,#1781));
#5458=EDGE_LOOP('',(#1782,#1783,#1784));
#5459=EDGE_LOOP('',(#1785,#1786,#1787,#1788));
#5460=EDGE_LOOP('',(#1789,#1790,#1791));
#5461=EDGE_LOOP('',(#1792,#1793,#1794,#1795));
#5462=EDGE_LOOP('',(#1796,#1797,#1798,#1799));
#5463=EDGE_LOOP('',(#1800,#1801,#1802,#1803));
#5464=EDGE_LOOP('',(#1804,#1805,#1806,#1807));
#5465=EDGE_LOOP('',(#1808,#1809,#1810,#1811));
#5466=EDGE_LOOP('',(#1812,#1813,#1814,#1815));
#5467=EDGE_LOOP('',(#1816,#1817,#1818,#1819));
#5468=EDGE_LOOP('',(#1820,#1821,#1822,#1823));
#5469=EDGE_LOOP('',(#1824,#1825,#1826,#1827));
#5470=EDGE_LOOP('',(#1828,#1829,#1830,#1831));
#5471=EDGE_LOOP('',(#1832,#1833,#1834));
#5472=EDGE_LOOP('',(#1835,#1836,#1837));
#5473=EDGE_LOOP('',(#1838,#1839,#1840));
#5474=EDGE_LOOP('',(#1841,#1842,#1843));
#5475=EDGE_LOOP('',(#1844,#1845,#1846));
#5476=EDGE_LOOP('',(#1847,#1848,#1849,#1850));
#5477=EDGE_LOOP('',(#1851,#1852,#1853,#1854));
#5478=EDGE_LOOP('',(#1855,#1856,#1857,#1858));
#5479=EDGE_LOOP('',(#1859,#1860,#1861,#1862));
#5480=EDGE_LOOP('',(#1863,#1864,#1865,#1866));
#5481=EDGE_LOOP('',(#1867,#1868,#1869,#1870));
#5482=EDGE_LOOP('',(#1871,#1872,#1873,#1874));
#5483=EDGE_LOOP('',(#1875,#1876,#1877,#1878));
#5484=EDGE_LOOP('',(#1879,#1880,#1881,#1882));
#5485=EDGE_LOOP('',(#1883,#1884,#1885,#1886));
#5486=EDGE_LOOP('',(#1887,#1888,#1889,#1890));
#5487=EDGE_LOOP('',(#1891,#1892,#1893,#1894));
#5488=EDGE_LOOP('',(#1895,#1896,#1897,#1898));
#5489=EDGE_LOOP('',(#1899,#1900,#1901));
#5490=EDGE_LOOP('',(#1902,#1903,#1904,#1905));
#5491=EDGE_LOOP('',(#1906,#1907,#1908,#1909));
#5492=EDGE_LOOP('',(#1910,#1911,#1912,#1913));
#5493=EDGE_LOOP('',(#1914,#1915,#1916,#1917));
#5494=EDGE_LOOP('',(#1918,#1919,#1920,#1921));
#5495=EDGE_LOOP('',(#1922,#1923,#1924,#1925));
#5496=EDGE_LOOP('',(#1926,#1927,#1928,#1929));
#5497=EDGE_LOOP('',(#1930,#1931,#1932,#1933));
#5498=EDGE_LOOP('',(#1934,#1935,#1936,#1937));
#5499=EDGE_LOOP('',(#1938,#1939,#1940,#1941));
#5500=EDGE_LOOP('',(#1942,#1943,#1944,#1945));
#5501=EDGE_LOOP('',(#1946,#1947,#1948,#1949));
#5502=EDGE_LOOP('',(#1950,#1951,#1952));
#5503=EDGE_LOOP('',(#1953,#1954,#1955));
#5504=EDGE_LOOP('',(#1956,#1957,#1958,#1959));
#5505=EDGE_LOOP('',(#1960,#1961,#1962,#1963));
#5506=EDGE_LOOP('',(#1964,#1965,#1966));
#5507=EDGE_LOOP('',(#1967,#1968,#1969,#1970,#1971,#1972));
#5508=EDGE_LOOP('',(#1973,#1974,#1975,#1976));
#5509=EDGE_LOOP('',(#1977,#1978,#1979,#1980));
#5510=EDGE_LOOP('',(#1981,#1982,#1983,#1984));
#5511=EDGE_LOOP('',(#1985,#1986,#1987,#1988));
#5512=EDGE_LOOP('',(#1989,#1990,#1991,#1992));
#5513=EDGE_LOOP('',(#1993,#1994,#1995,#1996));
#5514=EDGE_LOOP('',(#1997,#1998,#1999,#2000));
#5515=EDGE_LOOP('',(#2001,#2002,#2003,#2004,#2005,#2006));
#5516=EDGE_LOOP('',(#2007,#2008,#2009));
#5517=EDGE_LOOP('',(#2010,#2011,#2012));
#5518=EDGE_LOOP('',(#2013,#2014,#2015));
#5519=EDGE_LOOP('',(#2016,#2017,#2018,#2019));
#5520=EDGE_LOOP('',(#2020,#2021,#2022,#2023));
#5521=EDGE_LOOP('',(#2024,#2025,#2026,#2027));
#5522=EDGE_LOOP('',(#2028,#2029,#2030,#2031));
#5523=EDGE_LOOP('',(#2032,#2033,#2034,#2035));
#5524=EDGE_LOOP('',(#2036,#2037,#2038,#2039));
#5525=EDGE_LOOP('',(#2040,#2041,#2042,#2043));
#5526=EDGE_LOOP('',(#2044,#2045,#2046,#2047));
#5527=EDGE_LOOP('',(#2048,#2049,#2050,#2051));
#5528=EDGE_LOOP('',(#2052,#2053,#2054,#2055));
#5529=EDGE_LOOP('',(#2056,#2057,#2058,#2059));
#5530=EDGE_LOOP('',(#2060,#2061,#2062));
#5531=EDGE_LOOP('',(#2063));
#5532=EDGE_LOOP('',(#2064));
#5533=EDGE_LOOP('',(#2065));
#5534=EDGE_LOOP('',(#2066));
#5535=EDGE_LOOP('',(#2067));
#5536=EDGE_LOOP('',(#2068));
#5537=EDGE_LOOP('',(#2069));
#5538=EDGE_LOOP('',(#2070));
#5539=EDGE_LOOP('',(#2071));
#5540=EDGE_LOOP('',(#2072));
#5541=EDGE_LOOP('',(#2073));
#5542=EDGE_LOOP('',(#2074));
#5543=EDGE_LOOP('',(#2075));
#5544=EDGE_LOOP('',(#2076));
#5545=EDGE_LOOP('',(#2077));
#5546=EDGE_LOOP('',(#2078));
#5547=EDGE_LOOP('',(#2079));
#5548=EDGE_LOOP('',(#2080));
#5549=EDGE_LOOP('',(#2081));
#5550=EDGE_LOOP('',(#2082));
#5551=EDGE_LOOP('',(#2083));
#5552=EDGE_LOOP('',(#2084));
#5553=EDGE_LOOP('',(#2085));
#5554=EDGE_LOOP('',(#2086));
#5555=EDGE_LOOP('',(#2087));
#5556=EDGE_LOOP('',(#2088,#2089,#2090,#2091));
#5557=EDGE_LOOP('',(#2092,#2093,#2094,#2095));
#5558=EDGE_LOOP('',(#2096,#2097,#2098,#2099));
#5559=EDGE_LOOP('',(#2100,#2101,#2102,#2103));
#5560=EDGE_LOOP('',(#2104,#2105,#2106,#2107));
#5561=EDGE_LOOP('',(#2108,#2109,#2110,#2111));
#5562=EDGE_LOOP('',(#2112,#2113,#2114,#2115));
#5563=EDGE_LOOP('',(#2116,#2117,#2118,#2119));
#5564=EDGE_LOOP('',(#2120,#2121,#2122,#2123));
#5565=EDGE_LOOP('',(#2124,#2125,#2126,#2127));
#5566=EDGE_LOOP('',(#2128,#2129,#2130,#2131));
#5567=EDGE_LOOP('',(#2132,#2133,#2134,#2135));
#5568=EDGE_LOOP('',(#2136,#2137,#2138,#2139));
#5569=EDGE_LOOP('',(#2140,#2141,#2142,#2143));
#5570=EDGE_LOOP('',(#2144,#2145,#2146,#2147));
#5571=EDGE_LOOP('',(#2148,#2149,#2150,#2151));
#5572=EDGE_LOOP('',(#2152,#2153,#2154,#2155));
#5573=EDGE_LOOP('',(#2156,#2157,#2158,#2159));
#5574=EDGE_LOOP('',(#2160,#2161,#2162,#2163));
#5575=EDGE_LOOP('',(#2164,#2165,#2166,#2167));
#5576=EDGE_LOOP('',(#2168,#2169,#2170,#2171));
#5577=EDGE_LOOP('',(#2172,#2173,#2174,#2175));
#5578=EDGE_LOOP('',(#2176,#2177,#2178,#2179));
#5579=EDGE_LOOP('',(#2180,#2181,#2182,#2183));
#5580=EDGE_LOOP('',(#2184,#2185,#2186,#2187));
#5581=EDGE_LOOP('',(#2188,#2189,#2190,#2191));
#5582=EDGE_LOOP('',(#2192,#2193,#2194,#2195));
#5583=EDGE_LOOP('',(#2196,#2197,#2198,#2199));
#5584=EDGE_LOOP('',(#2200,#2201,#2202,#2203));
#5585=EDGE_LOOP('',(#2204,#2205,#2206,#2207));
#5586=EDGE_LOOP('',(#2208,#2209,#2210,#2211,#2212,#2213,#2214,#2215));
#5587=EDGE_LOOP('',(#2216,#2217,#2218,#2219,#2220,#2221,#2222,#2223));
#5588=EDGE_LOOP('',(#2224,#2225,#2226,#2227,#2228,#2229,#2230,#2231,#2232,
#2233,#2234,#2235,#2236,#2237,#2238,#2239));
#5589=EDGE_LOOP('',(#2240,#2241,#2242,#2243,#2244,#2245,#2246,#2247,#2248,
#2249,#2250,#2251,#2252,#2253,#2254,#2255));
#5590=EDGE_LOOP('',(#2256,#2257,#2258,#2259,#2260));
#5591=EDGE_LOOP('',(#2261,#2262,#2263,#2264,#2265));
#5592=EDGE_LOOP('',(#2266,#2267,#2268,#2269,#2270));
#5593=EDGE_LOOP('',(#2271,#2272,#2273,#2274,#2275));
#5594=EDGE_LOOP('',(#2276,#2277,#2278,#2279,#2280,#2281,#2282,#2283,#2284,
#2285,#2286,#2287,#2288,#2289,#2290,#2291));
#5595=EDGE_LOOP('',(#2292));
#5596=EDGE_LOOP('',(#2293));
#5597=EDGE_LOOP('',(#2294));
#5598=EDGE_LOOP('',(#2295));
#5599=EDGE_LOOP('',(#2296));
#5600=EDGE_LOOP('',(#2297,#2298,#2299,#2300,#2301,#2302,#2303,#2304));
#5601=EDGE_LOOP('',(#2305,#2306,#2307,#2308,#2309,#2310,#2311,#2312,#2313,
#2314,#2315,#2316,#2317,#2318,#2319,#2320));
#5602=EDGE_LOOP('',(#2321,#2322,#2323,#2324,#2325,#2326,#2327,#2328,#2329,
#2330,#2331,#2332,#2333,#2334,#2335,#2336));
#5603=EDGE_LOOP('',(#2337,#2338,#2339,#2340,#2341,#2342));
#5604=EDGE_LOOP('',(#2343,#2344,#2345,#2346,#2347,#2348,#2349));
#5605=EDGE_LOOP('',(#2350,#2351,#2352,#2353,#2354,#2355));
#5606=EDGE_LOOP('',(#2356,#2357,#2358,#2359,#2360,#2361));
#5607=EDGE_LOOP('',(#2362,#2363,#2364,#2365,#2366,#2367,#2368,#2369,#2370,
#2371,#2372,#2373,#2374,#2375,#2376,#2377));
#5608=EDGE_LOOP('',(#2378,#2379,#2380,#2381,#2382,#2383));
#5609=EDGE_LOOP('',(#2384,#2385,#2386,#2387,#2388,#2389));
#5610=EDGE_LOOP('',(#2390,#2391,#2392,#2393,#2394,#2395,#2396));
#5611=EDGE_LOOP('',(#2397,#2398,#2399,#2400,#2401,#2402));
#5612=EDGE_LOOP('',(#2403,#2404,#2405,#2406,#2407,#2408));
#5613=EDGE_LOOP('',(#2409,#2410,#2411,#2412,#2413,#2414));
#5614=EDGE_LOOP('',(#2415,#2416,#2417,#2418,#2419,#2420));
#5615=EDGE_LOOP('',(#2421,#2422,#2423,#2424,#2425,#2426));
#5616=EDGE_LOOP('',(#2427,#2428,#2429,#2430,#2431,#2432,#2433));
#5617=EDGE_LOOP('',(#2434,#2435,#2436,#2437,#2438,#2439));
#5618=EDGE_LOOP('',(#2440,#2441,#2442,#2443,#2444,#2445,#2446,#2447,#2448,
#2449,#2450,#2451,#2452,#2453,#2454,#2455));
#5619=EDGE_LOOP('',(#2456,#2457,#2458,#2459,#2460,#2461));
#5620=EDGE_LOOP('',(#2462,#2463,#2464,#2465,#2466,#2467,#2468));
#5621=FACE_BOUND('',#5168,.T.);
#5622=FACE_BOUND('',#5169,.T.);
#5623=FACE_BOUND('',#5170,.T.);
#5624=FACE_BOUND('',#5171,.T.);
#5625=FACE_BOUND('',#5172,.T.);
#5626=FACE_BOUND('',#5173,.T.);
#5627=FACE_BOUND('',#5174,.T.);
#5628=FACE_BOUND('',#5175,.T.);
#5629=FACE_BOUND('',#5176,.T.);
#5630=FACE_BOUND('',#5177,.T.);
#5631=FACE_BOUND('',#5178,.T.);
#5632=FACE_BOUND('',#5179,.T.);
#5633=FACE_BOUND('',#5180,.T.);
#5634=FACE_BOUND('',#5181,.T.);
#5635=FACE_BOUND('',#5182,.T.);
#5636=FACE_BOUND('',#5183,.T.);
#5637=FACE_BOUND('',#5184,.T.);
#5638=FACE_BOUND('',#5185,.T.);
#5639=FACE_BOUND('',#5186,.T.);
#5640=FACE_BOUND('',#5187,.T.);
#5641=FACE_BOUND('',#5188,.T.);
#5642=FACE_BOUND('',#5189,.T.);
#5643=FACE_BOUND('',#5190,.T.);
#5644=FACE_BOUND('',#5191,.T.);
#5645=FACE_BOUND('',#5192,.T.);
#5646=FACE_BOUND('',#5193,.T.);
#5647=FACE_BOUND('',#5194,.T.);
#5648=FACE_BOUND('',#5195,.T.);
#5649=FACE_BOUND('',#5196,.T.);
#5650=FACE_BOUND('',#5197,.T.);
#5651=FACE_BOUND('',#5198,.T.);
#5652=FACE_BOUND('',#5199,.T.);
#5653=FACE_BOUND('',#5200,.T.);
#5654=FACE_BOUND('',#5201,.T.);
#5655=FACE_BOUND('',#5202,.T.);
#5656=FACE_BOUND('',#5203,.T.);
#5657=FACE_BOUND('',#5204,.T.);
#5658=FACE_BOUND('',#5205,.T.);
#5659=FACE_BOUND('',#5206,.T.);
#5660=FACE_BOUND('',#5207,.T.);
#5661=FACE_BOUND('',#5208,.T.);
#5662=FACE_BOUND('',#5209,.T.);
#5663=FACE_BOUND('',#5210,.T.);
#5664=FACE_BOUND('',#5211,.T.);
#5665=FACE_BOUND('',#5212,.T.);
#5666=FACE_BOUND('',#5213,.T.);
#5667=FACE_BOUND('',#5214,.T.);
#5668=FACE_BOUND('',#5215,.T.);
#5669=FACE_BOUND('',#5216,.T.);
#5670=FACE_BOUND('',#5217,.T.);
#5671=FACE_BOUND('',#5218,.T.);
#5672=FACE_BOUND('',#5219,.T.);
#5673=FACE_BOUND('',#5220,.T.);
#5674=FACE_BOUND('',#5221,.T.);
#5675=FACE_BOUND('',#5222,.T.);
#5676=FACE_BOUND('',#5223,.T.);
#5677=FACE_BOUND('',#5224,.T.);
#5678=FACE_BOUND('',#5225,.T.);
#5679=FACE_BOUND('',#5226,.T.);
#5680=FACE_BOUND('',#5227,.T.);
#5681=FACE_BOUND('',#5228,.T.);
#5682=FACE_BOUND('',#5229,.T.);
#5683=FACE_BOUND('',#5230,.T.);
#5684=FACE_BOUND('',#5231,.T.);
#5685=FACE_BOUND('',#5232,.T.);
#5686=FACE_BOUND('',#5233,.T.);
#5687=FACE_BOUND('',#5234,.T.);
#5688=FACE_BOUND('',#5235,.T.);
#5689=FACE_BOUND('',#5236,.T.);
#5690=FACE_BOUND('',#5237,.T.);
#5691=FACE_BOUND('',#5238,.T.);
#5692=FACE_BOUND('',#5239,.T.);
#5693=FACE_BOUND('',#5240,.T.);
#5694=FACE_BOUND('',#5241,.T.);
#5695=FACE_BOUND('',#5242,.T.);
#5696=FACE_BOUND('',#5243,.T.);
#5697=FACE_BOUND('',#5244,.T.);
#5698=FACE_BOUND('',#5245,.T.);
#5699=FACE_BOUND('',#5246,.T.);
#5700=FACE_BOUND('',#5247,.T.);
#5701=FACE_BOUND('',#5248,.T.);
#5702=FACE_BOUND('',#5249,.T.);
#5703=FACE_BOUND('',#5250,.T.);
#5704=FACE_BOUND('',#5251,.T.);
#5705=FACE_BOUND('',#5252,.T.);
#5706=FACE_BOUND('',#5253,.T.);
#5707=FACE_BOUND('',#5254,.T.);
#5708=FACE_BOUND('',#5255,.T.);
#5709=FACE_BOUND('',#5256,.T.);
#5710=FACE_BOUND('',#5257,.T.);
#5711=FACE_BOUND('',#5258,.T.);
#5712=FACE_BOUND('',#5259,.T.);
#5713=FACE_BOUND('',#5260,.T.);
#5714=FACE_BOUND('',#5261,.T.);
#5715=FACE_BOUND('',#5262,.T.);
#5716=FACE_BOUND('',#5263,.T.);
#5717=FACE_BOUND('',#5264,.T.);
#5718=FACE_BOUND('',#5265,.T.);
#5719=FACE_BOUND('',#5266,.T.);
#5720=FACE_BOUND('',#5267,.T.);
#5721=FACE_BOUND('',#5268,.T.);
#5722=FACE_BOUND('',#5269,.T.);
#5723=FACE_BOUND('',#5270,.T.);
#5724=FACE_BOUND('',#5271,.T.);
#5725=FACE_BOUND('',#5272,.T.);
#5726=FACE_BOUND('',#5273,.T.);
#5727=FACE_BOUND('',#5274,.T.);
#5728=FACE_BOUND('',#5275,.T.);
#5729=FACE_BOUND('',#5276,.T.);
#5730=FACE_BOUND('',#5277,.T.);
#5731=FACE_BOUND('',#5278,.T.);
#5732=FACE_BOUND('',#5279,.T.);
#5733=FACE_BOUND('',#5280,.T.);
#5734=FACE_BOUND('',#5281,.T.);
#5735=FACE_BOUND('',#5282,.T.);
#5736=FACE_BOUND('',#5283,.T.);
#5737=FACE_BOUND('',#5284,.T.);
#5738=FACE_BOUND('',#5285,.T.);
#5739=FACE_BOUND('',#5286,.T.);
#5740=FACE_BOUND('',#5287,.T.);
#5741=FACE_BOUND('',#5288,.T.);
#5742=FACE_BOUND('',#5289,.T.);
#5743=FACE_BOUND('',#5290,.T.);
#5744=FACE_BOUND('',#5291,.T.);
#5745=FACE_BOUND('',#5292,.T.);
#5746=FACE_BOUND('',#5293,.T.);
#5747=FACE_BOUND('',#5294,.T.);
#5748=FACE_BOUND('',#5295,.T.);
#5749=FACE_BOUND('',#5296,.T.);
#5750=FACE_BOUND('',#5297,.T.);
#5751=FACE_BOUND('',#5298,.T.);
#5752=FACE_BOUND('',#5299,.T.);
#5753=FACE_BOUND('',#5300,.T.);
#5754=FACE_BOUND('',#5301,.T.);
#5755=FACE_BOUND('',#5302,.T.);
#5756=FACE_BOUND('',#5303,.T.);
#5757=FACE_BOUND('',#5304,.T.);
#5758=FACE_BOUND('',#5305,.T.);
#5759=FACE_BOUND('',#5306,.T.);
#5760=FACE_BOUND('',#5307,.T.);
#5761=FACE_BOUND('',#5308,.T.);
#5762=FACE_BOUND('',#5309,.T.);
#5763=FACE_BOUND('',#5310,.T.);
#5764=FACE_BOUND('',#5311,.T.);
#5765=FACE_BOUND('',#5312,.T.);
#5766=FACE_BOUND('',#5313,.T.);
#5767=FACE_BOUND('',#5314,.T.);
#5768=FACE_BOUND('',#5315,.T.);
#5769=FACE_BOUND('',#5316,.T.);
#5770=FACE_BOUND('',#5317,.T.);
#5771=FACE_BOUND('',#5318,.T.);
#5772=FACE_BOUND('',#5319,.T.);
#5773=FACE_BOUND('',#5320,.T.);
#5774=FACE_BOUND('',#5321,.T.);
#5775=FACE_BOUND('',#5322,.T.);
#5776=FACE_BOUND('',#5323,.T.);
#5777=FACE_BOUND('',#5324,.T.);
#5778=FACE_BOUND('',#5325,.T.);
#5779=FACE_BOUND('',#5326,.T.);
#5780=FACE_BOUND('',#5327,.T.);
#5781=FACE_BOUND('',#5328,.T.);
#5782=FACE_BOUND('',#5329,.T.);
#5783=FACE_BOUND('',#5330,.T.);
#5784=FACE_BOUND('',#5331,.T.);
#5785=FACE_BOUND('',#5332,.T.);
#5786=FACE_BOUND('',#5333,.T.);
#5787=FACE_BOUND('',#5334,.T.);
#5788=FACE_BOUND('',#5335,.T.);
#5789=FACE_BOUND('',#5336,.T.);
#5790=FACE_BOUND('',#5337,.T.);
#5791=FACE_BOUND('',#5338,.T.);
#5792=FACE_BOUND('',#5339,.T.);
#5793=FACE_BOUND('',#5340,.T.);
#5794=FACE_BOUND('',#5341,.T.);
#5795=FACE_BOUND('',#5342,.T.);
#5796=FACE_BOUND('',#5343,.T.);
#5797=FACE_BOUND('',#5344,.T.);
#5798=FACE_BOUND('',#5345,.T.);
#5799=FACE_BOUND('',#5346,.T.);
#5800=FACE_BOUND('',#5347,.T.);
#5801=FACE_BOUND('',#5348,.T.);
#5802=FACE_BOUND('',#5349,.T.);
#5803=FACE_BOUND('',#5350,.T.);
#5804=FACE_BOUND('',#5351,.T.);
#5805=FACE_BOUND('',#5352,.T.);
#5806=FACE_BOUND('',#5353,.T.);
#5807=FACE_BOUND('',#5354,.T.);
#5808=FACE_BOUND('',#5355,.T.);
#5809=FACE_BOUND('',#5356,.T.);
#5810=FACE_BOUND('',#5357,.T.);
#5811=FACE_BOUND('',#5358,.T.);
#5812=FACE_BOUND('',#5359,.T.);
#5813=FACE_BOUND('',#5360,.T.);
#5814=FACE_BOUND('',#5361,.T.);
#5815=FACE_BOUND('',#5362,.T.);
#5816=FACE_BOUND('',#5363,.T.);
#5817=FACE_BOUND('',#5364,.T.);
#5818=FACE_BOUND('',#5365,.T.);
#5819=FACE_BOUND('',#5366,.T.);
#5820=FACE_BOUND('',#5367,.T.);
#5821=FACE_BOUND('',#5368,.T.);
#5822=FACE_BOUND('',#5369,.T.);
#5823=FACE_BOUND('',#5370,.T.);
#5824=FACE_BOUND('',#5371,.T.);
#5825=FACE_BOUND('',#5372,.T.);
#5826=FACE_BOUND('',#5373,.T.);
#5827=FACE_BOUND('',#5374,.T.);
#5828=FACE_BOUND('',#5375,.T.);
#5829=FACE_BOUND('',#5376,.T.);
#5830=FACE_BOUND('',#5377,.T.);
#5831=FACE_BOUND('',#5378,.T.);
#5832=FACE_BOUND('',#5379,.T.);
#5833=FACE_BOUND('',#5380,.T.);
#5834=FACE_BOUND('',#5381,.T.);
#5835=FACE_BOUND('',#5382,.T.);
#5836=FACE_BOUND('',#5383,.T.);
#5837=FACE_BOUND('',#5384,.T.);
#5838=FACE_BOUND('',#5385,.T.);
#5839=FACE_BOUND('',#5386,.T.);
#5840=FACE_BOUND('',#5387,.T.);
#5841=FACE_BOUND('',#5388,.T.);
#5842=FACE_BOUND('',#5389,.T.);
#5843=FACE_BOUND('',#5390,.T.);
#5844=FACE_BOUND('',#5391,.T.);
#5845=FACE_BOUND('',#5392,.T.);
#5846=FACE_BOUND('',#5393,.T.);
#5847=FACE_BOUND('',#5394,.T.);
#5848=FACE_BOUND('',#5395,.T.);
#5849=FACE_BOUND('',#5396,.T.);
#5850=FACE_BOUND('',#5397,.T.);
#5851=FACE_BOUND('',#5398,.T.);
#5852=FACE_BOUND('',#5399,.T.);
#5853=FACE_BOUND('',#5400,.T.);
#5854=FACE_BOUND('',#5401,.T.);
#5855=FACE_BOUND('',#5402,.T.);
#5856=FACE_BOUND('',#5403,.T.);
#5857=FACE_BOUND('',#5404,.T.);
#5858=FACE_BOUND('',#5405,.T.);
#5859=FACE_BOUND('',#5406,.T.);
#5860=FACE_BOUND('',#5407,.T.);
#5861=FACE_BOUND('',#5408,.T.);
#5862=FACE_BOUND('',#5409,.T.);
#5863=FACE_BOUND('',#5410,.T.);
#5864=FACE_BOUND('',#5411,.T.);
#5865=FACE_BOUND('',#5412,.T.);
#5866=FACE_BOUND('',#5413,.T.);
#5867=FACE_BOUND('',#5414,.T.);
#5868=FACE_BOUND('',#5415,.T.);
#5869=FACE_BOUND('',#5416,.T.);
#5870=FACE_BOUND('',#5417,.T.);
#5871=FACE_BOUND('',#5418,.T.);
#5872=FACE_BOUND('',#5419,.T.);
#5873=FACE_BOUND('',#5420,.T.);
#5874=FACE_BOUND('',#5421,.T.);
#5875=FACE_BOUND('',#5422,.T.);
#5876=FACE_BOUND('',#5423,.T.);
#5877=FACE_BOUND('',#5424,.T.);
#5878=FACE_BOUND('',#5425,.T.);
#5879=FACE_BOUND('',#5426,.T.);
#5880=FACE_BOUND('',#5427,.T.);
#5881=FACE_BOUND('',#5428,.T.);
#5882=FACE_BOUND('',#5429,.T.);
#5883=FACE_BOUND('',#5430,.T.);
#5884=FACE_BOUND('',#5431,.T.);
#5885=FACE_BOUND('',#5432,.T.);
#5886=FACE_BOUND('',#5433,.T.);
#5887=FACE_BOUND('',#5434,.T.);
#5888=FACE_BOUND('',#5435,.T.);
#5889=FACE_BOUND('',#5436,.T.);
#5890=FACE_BOUND('',#5437,.T.);
#5891=FACE_BOUND('',#5438,.T.);
#5892=FACE_BOUND('',#5439,.T.);
#5893=FACE_BOUND('',#5440,.T.);
#5894=FACE_BOUND('',#5441,.T.);
#5895=FACE_BOUND('',#5442,.T.);
#5896=FACE_BOUND('',#5443,.T.);
#5897=FACE_BOUND('',#5444,.T.);
#5898=FACE_BOUND('',#5445,.T.);
#5899=FACE_BOUND('',#5446,.T.);
#5900=FACE_BOUND('',#5447,.T.);
#5901=FACE_BOUND('',#5448,.T.);
#5902=FACE_BOUND('',#5449,.T.);
#5903=FACE_BOUND('',#5450,.T.);
#5904=FACE_BOUND('',#5451,.T.);
#5905=FACE_BOUND('',#5452,.T.);
#5906=FACE_BOUND('',#5453,.T.);
#5907=FACE_BOUND('',#5454,.T.);
#5908=FACE_BOUND('',#5455,.T.);
#5909=FACE_BOUND('',#5456,.T.);
#5910=FACE_BOUND('',#5457,.T.);
#5911=FACE_BOUND('',#5458,.T.);
#5912=FACE_BOUND('',#5459,.T.);
#5913=FACE_BOUND('',#5460,.T.);
#5914=FACE_BOUND('',#5461,.T.);
#5915=FACE_BOUND('',#5462,.T.);
#5916=FACE_BOUND('',#5463,.T.);
#5917=FACE_BOUND('',#5464,.T.);
#5918=FACE_BOUND('',#5465,.T.);
#5919=FACE_BOUND('',#5466,.T.);
#5920=FACE_BOUND('',#5467,.T.);
#5921=FACE_BOUND('',#5468,.T.);
#5922=FACE_BOUND('',#5469,.T.);
#5923=FACE_BOUND('',#5470,.T.);
#5924=FACE_BOUND('',#5471,.T.);
#5925=FACE_BOUND('',#5472,.T.);
#5926=FACE_BOUND('',#5473,.T.);
#5927=FACE_BOUND('',#5474,.T.);
#5928=FACE_BOUND('',#5475,.T.);
#5929=FACE_BOUND('',#5476,.T.);
#5930=FACE_BOUND('',#5477,.T.);
#5931=FACE_BOUND('',#5478,.T.);
#5932=FACE_BOUND('',#5479,.T.);
#5933=FACE_BOUND('',#5480,.T.);
#5934=FACE_BOUND('',#5481,.T.);
#5935=FACE_BOUND('',#5482,.T.);
#5936=FACE_BOUND('',#5483,.T.);
#5937=FACE_BOUND('',#5484,.T.);
#5938=FACE_BOUND('',#5485,.T.);
#5939=FACE_BOUND('',#5486,.T.);
#5940=FACE_BOUND('',#5487,.T.);
#5941=FACE_BOUND('',#5488,.T.);
#5942=FACE_BOUND('',#5489,.T.);
#5943=FACE_BOUND('',#5490,.T.);
#5944=FACE_BOUND('',#5491,.T.);
#5945=FACE_BOUND('',#5492,.T.);
#5946=FACE_BOUND('',#5493,.T.);
#5947=FACE_BOUND('',#5494,.T.);
#5948=FACE_BOUND('',#5495,.T.);
#5949=FACE_BOUND('',#5496,.T.);
#5950=FACE_BOUND('',#5497,.T.);
#5951=FACE_BOUND('',#5498,.T.);
#5952=FACE_BOUND('',#5499,.T.);
#5953=FACE_BOUND('',#5500,.T.);
#5954=FACE_BOUND('',#5501,.T.);
#5955=FACE_BOUND('',#5502,.T.);
#5956=FACE_BOUND('',#5503,.T.);
#5957=FACE_BOUND('',#5504,.T.);
#5958=FACE_BOUND('',#5505,.T.);
#5959=FACE_BOUND('',#5506,.T.);
#5960=FACE_BOUND('',#5507,.T.);
#5961=FACE_BOUND('',#5508,.T.);
#5962=FACE_BOUND('',#5509,.T.);
#5963=FACE_BOUND('',#5510,.T.);
#5964=FACE_BOUND('',#5511,.T.);
#5965=FACE_BOUND('',#5512,.T.);
#5966=FACE_BOUND('',#5513,.T.);
#5967=FACE_BOUND('',#5514,.T.);
#5968=FACE_BOUND('',#5515,.T.);
#5969=FACE_BOUND('',#5516,.T.);
#5970=FACE_BOUND('',#5517,.T.);
#5971=FACE_BOUND('',#5518,.T.);
#5972=FACE_BOUND('',#5519,.T.);
#5973=FACE_BOUND('',#5520,.T.);
#5974=FACE_BOUND('',#5521,.T.);
#5975=FACE_BOUND('',#5522,.T.);
#5976=FACE_BOUND('',#5523,.T.);
#5977=FACE_BOUND('',#5524,.T.);
#5978=FACE_BOUND('',#5525,.T.);
#5979=FACE_BOUND('',#5526,.T.);
#5980=FACE_BOUND('',#5527,.T.);
#5981=FACE_BOUND('',#5528,.T.);
#5982=FACE_BOUND('',#5529,.T.);
#5983=FACE_BOUND('',#5530,.T.);
#5984=FACE_BOUND('',#5531,.T.);
#5985=FACE_BOUND('',#5532,.T.);
#5986=FACE_BOUND('',#5533,.T.);
#5987=FACE_BOUND('',#5534,.T.);
#5988=FACE_BOUND('',#5535,.T.);
#5989=FACE_BOUND('',#5536,.T.);
#5990=FACE_BOUND('',#5537,.T.);
#5991=FACE_BOUND('',#5538,.T.);
#5992=FACE_BOUND('',#5539,.T.);
#5993=FACE_BOUND('',#5540,.T.);
#5994=FACE_BOUND('',#5541,.T.);
#5995=FACE_BOUND('',#5542,.T.);
#5996=FACE_BOUND('',#5543,.T.);
#5997=FACE_BOUND('',#5544,.T.);
#5998=FACE_BOUND('',#5545,.T.);
#5999=FACE_BOUND('',#5546,.T.);
#6000=FACE_BOUND('',#5547,.T.);
#6001=FACE_BOUND('',#5548,.T.);
#6002=FACE_BOUND('',#5549,.T.);
#6003=FACE_BOUND('',#5550,.T.);
#6004=FACE_BOUND('',#5551,.T.);
#6005=FACE_BOUND('',#5552,.T.);
#6006=FACE_BOUND('',#5553,.T.);
#6007=FACE_BOUND('',#5554,.T.);
#6008=FACE_BOUND('',#5555,.T.);
#6009=FACE_BOUND('',#5556,.T.);
#6010=FACE_BOUND('',#5557,.T.);
#6011=FACE_BOUND('',#5558,.T.);
#6012=FACE_BOUND('',#5559,.T.);
#6013=FACE_BOUND('',#5560,.T.);
#6014=FACE_BOUND('',#5561,.T.);
#6015=FACE_BOUND('',#5562,.T.);
#6016=FACE_BOUND('',#5563,.T.);
#6017=FACE_BOUND('',#5564,.T.);
#6018=FACE_BOUND('',#5565,.T.);
#6019=FACE_BOUND('',#5566,.T.);
#6020=FACE_BOUND('',#5567,.T.);
#6021=FACE_BOUND('',#5568,.T.);
#6022=FACE_BOUND('',#5569,.T.);
#6023=FACE_BOUND('',#5570,.T.);
#6024=FACE_BOUND('',#5571,.T.);
#6025=FACE_BOUND('',#5572,.T.);
#6026=FACE_BOUND('',#5573,.T.);
#6027=FACE_BOUND('',#5574,.T.);
#6028=FACE_BOUND('',#5575,.T.);
#6029=FACE_BOUND('',#5576,.T.);
#6030=FACE_BOUND('',#5577,.T.);
#6031=FACE_BOUND('',#5578,.T.);
#6032=FACE_BOUND('',#5579,.T.);
#6033=FACE_BOUND('',#5580,.T.);
#6034=FACE_BOUND('',#5581,.T.);
#6035=FACE_BOUND('',#5582,.T.);
#6036=FACE_BOUND('',#5583,.T.);
#6037=FACE_BOUND('',#5584,.T.);
#6038=FACE_BOUND('',#5585,.T.);
#6039=FACE_BOUND('',#5586,.T.);
#6040=FACE_BOUND('',#5587,.T.);
#6041=FACE_BOUND('',#5588,.T.);
#6042=FACE_BOUND('',#5589,.T.);
#6043=FACE_BOUND('',#5590,.T.);
#6044=FACE_BOUND('',#5591,.T.);
#6045=FACE_BOUND('',#5592,.T.);
#6046=FACE_BOUND('',#5593,.T.);
#6047=FACE_BOUND('',#5594,.T.);
#6048=FACE_BOUND('',#5595,.T.);
#6049=FACE_BOUND('',#5596,.T.);
#6050=FACE_BOUND('',#5597,.T.);
#6051=FACE_BOUND('',#5598,.T.);
#6052=FACE_BOUND('',#5599,.T.);
#6053=FACE_BOUND('',#5600,.T.);
#6054=FACE_BOUND('',#5601,.T.);
#6055=FACE_BOUND('',#5602,.T.);
#6056=FACE_BOUND('',#5603,.T.);
#6057=FACE_BOUND('',#5604,.T.);
#6058=FACE_BOUND('',#5605,.T.);
#6059=FACE_BOUND('',#5606,.T.);
#6060=FACE_BOUND('',#5607,.T.);
#6061=FACE_BOUND('',#5608,.T.);
#6062=FACE_BOUND('',#5609,.T.);
#6063=FACE_BOUND('',#5610,.T.);
#6064=FACE_BOUND('',#5611,.T.);
#6065=FACE_BOUND('',#5612,.T.);
#6066=FACE_BOUND('',#5613,.T.);
#6067=FACE_BOUND('',#5614,.T.);
#6068=FACE_BOUND('',#5615,.T.);
#6069=FACE_BOUND('',#5616,.T.);
#6070=FACE_BOUND('',#5617,.T.);
#6071=FACE_BOUND('',#5618,.T.);
#6072=FACE_BOUND('',#5619,.T.);
#6073=FACE_BOUND('',#5620,.T.);
#6074=PLANE('',#7259);
#6075=PLANE('',#7260);
#6076=PLANE('',#7261);
#6077=PLANE('',#7262);
#6078=PLANE('',#7263);
#6079=PLANE('',#7264);
#6080=PLANE('',#7265);
#6081=PLANE('',#7266);
#6082=PLANE('',#7267);
#6083=PLANE('',#7268);
#6084=PLANE('',#7269);
#6085=PLANE('',#7270);
#6086=PLANE('',#7271);
#6087=PLANE('',#7272);
#6088=PLANE('',#7273);
#6089=PLANE('',#7274);
#6090=PLANE('',#7275);
#6091=PLANE('',#7276);
#6092=PLANE('',#7277);
#6093=PLANE('',#7278);
#6094=PLANE('',#7279);
#6095=PLANE('',#7280);
#6096=PLANE('',#7281);
#6097=PLANE('',#7282);
#6098=PLANE('',#7283);
#6099=PLANE('',#7284);
#6100=PLANE('',#7285);
#6101=PLANE('',#7286);
#6102=PLANE('',#7287);
#6103=PLANE('',#7288);
#6104=PLANE('',#7289);
#6105=PLANE('',#7290);
#6106=PLANE('',#7291);
#6107=PLANE('',#7292);
#6108=PLANE('',#7293);
#6109=PLANE('',#7294);
#6110=PLANE('',#7295);
#6111=PLANE('',#7296);
#6112=PLANE('',#7297);
#6113=PLANE('',#7298);
#6114=PLANE('',#7299);
#6115=PLANE('',#7300);
#6116=PLANE('',#7301);
#6117=PLANE('',#7302);
#6118=PLANE('',#7303);
#6119=PLANE('',#7304);
#6120=PLANE('',#7305);
#6121=PLANE('',#7306);
#6122=PLANE('',#7319);
#6123=PLANE('',#7320);
#6124=PLANE('',#7321);
#6125=PLANE('',#7322);
#6126=PLANE('',#7323);
#6127=PLANE('',#7324);
#6128=PLANE('',#7325);
#6129=PLANE('',#7326);
#6130=PLANE('',#7327);
#6131=PLANE('',#7328);
#6132=PLANE('',#7329);
#6133=PLANE('',#7330);
#6134=PLANE('',#7331);
#6135=PLANE('',#7332);
#6136=PLANE('',#7333);
#6137=PLANE('',#7334);
#6138=PLANE('',#7341);
#6139=PLANE('',#7349);
#6140=PLANE('',#7355);
#6141=PLANE('',#7359);
#6142=PLANE('',#7360);
#6143=PLANE('',#7364);
#6144=PLANE('',#7365);
#6145=PLANE('',#7366);
#6146=PLANE('',#7367);
#6147=PLANE('',#7368);
#6148=PLANE('',#7369);
#6149=PLANE('',#7371);
#6150=PLANE('',#7372);
#6151=PLANE('',#7373);
#6152=PLANE('',#7374);
#6153=PLANE('',#7375);
#6154=PLANE('',#7376);
#6155=PLANE('',#7377);
#6156=PLANE('',#7378);
#6157=PLANE('',#7379);
#6158=PLANE('',#7380);
#6159=PLANE('',#7381);
#6160=PLANE('',#7382);
#6161=PLANE('',#7383);
#6162=PLANE('',#7384);
#6163=PLANE('',#7385);
#6164=PLANE('',#7386);
#6165=PLANE('',#7387);
#6166=PLANE('',#7388);
#6167=PLANE('',#7389);
#6168=PLANE('',#7390);
#6169=PLANE('',#7391);
#6170=PLANE('',#7392);
#6171=PLANE('',#7393);
#6172=PLANE('',#7394);
#6173=PLANE('',#7395);
#6174=PLANE('',#7396);
#6175=PLANE('',#7397);
#6176=PLANE('',#7398);
#6177=PLANE('',#7399);
#6178=PLANE('',#7400);
#6179=PLANE('',#7401);
#6180=PLANE('',#7403);
#6181=PLANE('',#7404);
#6182=PLANE('',#7405);
#6183=PLANE('',#7406);
#6184=PLANE('',#7407);
#6185=PLANE('',#7408);
#6186=PLANE('',#7410);
#6187=PLANE('',#7411);
#6188=PLANE('',#7412);
#6189=PLANE('',#7413);
#6190=PLANE('',#7414);
#6191=PLANE('',#7415);
#6192=PLANE('',#7416);
#6193=PLANE('',#7417);
#6194=PLANE('',#7418);
#6195=PLANE('',#7419);
#6196=PLANE('',#7421);
#6197=PLANE('',#7422);
#6198=PLANE('',#7423);
#6199=PLANE('',#7424);
#6200=PLANE('',#7425);
#6201=PLANE('',#7426);
#6202=PLANE('',#7429);
#6203=PLANE('',#7433);
#6204=PLANE('',#7436);
#6205=PLANE('',#7439);
#6206=PLANE('',#7442);
#6207=PLANE('',#7445);
#6208=PLANE('',#7448);
#6209=PLANE('',#7451);
#6210=PLANE('',#7454);
#6211=PLANE('',#7457);
#6212=PLANE('',#7460);
#6213=PLANE('',#7463);
#6214=PLANE('',#7466);
#6215=PLANE('',#7469);
#6216=PLANE('',#7470);
#6217=PLANE('',#7471);
#6218=PLANE('',#7472);
#6219=PLANE('',#7473);
#6220=PLANE('',#7474);
#6221=PLANE('',#7478);
#6222=PLANE('',#7482);
#6223=PLANE('',#7483);
#6224=PLANE('',#7486);
#6225=PLANE('',#7490);
#6226=PLANE('',#7494);
#6227=PLANE('',#7498);
#6228=PLANE('',#7502);
#6229=PLANE('',#7506);
#6230=PLANE('',#7510);
#6231=PLANE('',#7511);
#6232=PLANE('',#7514);
#6233=PLANE('',#7863);
#6234=PLANE('',#7866);
#6235=PLANE('',#7869);
#6236=PLANE('',#7872);
#6237=PLANE('',#7875);
#6238=PLANE('',#7878);
#6239=PLANE('',#7879);
#6240=PLANE('',#7880);
#6241=PLANE('',#7881);
#6242=PLANE('',#7882);
#6243=PLANE('',#7883);
#6244=PLANE('',#7884);
#6245=PLANE('',#7885);
#6246=PLANE('',#7886);
#6247=PLANE('',#7887);
#6248=PLANE('',#7888);
#6249=PLANE('',#7889);
#6250=PLANE('',#7890);
#6251=PLANE('',#7891);
#6252=PLANE('',#7892);
#6253=PLANE('',#7893);
#6254=PLANE('',#7894);
#6255=PLANE('',#7895);
#6256=PLANE('',#7896);
#6257=PLANE('',#7899);
#6258=PLANE('',#7902);
#6259=PLANE('',#7905);
#6260=PLANE('',#7916);
#6261=PLANE('',#7917);
#6262=PLANE('',#7918);
#6263=PLANE('',#7919);
#6264=PLANE('',#7920);
#6265=PLANE('',#7921);
#6266=PLANE('',#7922);
#6267=PLANE('',#7923);
#6268=PLANE('',#7924);
#6269=PLANE('',#7925);
#6270=PLANE('',#7926);
#6271=PLANE('',#7927);
#6272=PLANE('',#7928);
#6273=PLANE('',#7936);
#6274=PLANE('',#7937);
#6275=PLANE('',#7938);
#6276=PLANE('',#7939);
#6277=PLANE('',#7940);
#6278=PLANE('',#7948);
#6279=PLANE('',#7949);
#6280=PLANE('',#7950);
#6281=PLANE('',#7951);
#6282=PLANE('',#7952);
#6283=PLANE('',#7953);
#6284=PLANE('',#7954);
#6285=ADVANCED_FACE('',(#5621),#6074,.T.);
#6286=ADVANCED_FACE('',(#5622),#6075,.T.);
#6287=ADVANCED_FACE('',(#5623),#6076,.T.);
#6288=ADVANCED_FACE('',(#5624),#6077,.T.);
#6289=ADVANCED_FACE('',(#5625),#6078,.T.);
#6290=ADVANCED_FACE('',(#5626),#6079,.T.);
#6291=ADVANCED_FACE('',(#5627),#6080,.T.);
#6292=ADVANCED_FACE('',(#5628),#6081,.T.);
#6293=ADVANCED_FACE('',(#5629),#6082,.T.);
#6294=ADVANCED_FACE('',(#5630),#6083,.T.);
#6295=ADVANCED_FACE('',(#5631),#6084,.T.);
#6296=ADVANCED_FACE('',(#5632),#6085,.T.);
#6297=ADVANCED_FACE('',(#5633),#6086,.T.);
#6298=ADVANCED_FACE('',(#5634),#6087,.T.);
#6299=ADVANCED_FACE('',(#5635),#6088,.T.);
#6300=ADVANCED_FACE('',(#5636),#6089,.T.);
#6301=ADVANCED_FACE('',(#5637),#6090,.T.);
#6302=ADVANCED_FACE('',(#5638),#6091,.T.);
#6303=ADVANCED_FACE('',(#5639),#6092,.T.);
#6304=ADVANCED_FACE('',(#5640),#6093,.T.);
#6305=ADVANCED_FACE('',(#5641),#6094,.T.);
#6306=ADVANCED_FACE('',(#5642),#646,.T.);
#6307=ADVANCED_FACE('',(#5643),#6095,.T.);
#6308=ADVANCED_FACE('',(#5644),#6096,.T.);
#6309=ADVANCED_FACE('',(#5645),#6097,.T.);
#6310=ADVANCED_FACE('',(#5646),#6098,.T.);
#6311=ADVANCED_FACE('',(#5647),#6099,.T.);
#6312=ADVANCED_FACE('',(#5648),#647,.T.);
#6313=ADVANCED_FACE('',(#5649),#6100,.T.);
#6314=ADVANCED_FACE('',(#5650),#6101,.T.);
#6315=ADVANCED_FACE('',(#5651),#6102,.T.);
#6316=ADVANCED_FACE('',(#5652),#6103,.T.);
#6317=ADVANCED_FACE('',(#5653),#6104,.T.);
#6318=ADVANCED_FACE('',(#5654),#648,.T.);
#6319=ADVANCED_FACE('',(#5655),#6105,.T.);
#6320=ADVANCED_FACE('',(#5656),#6106,.T.);
#6321=ADVANCED_FACE('',(#5657),#6107,.T.);
#6322=ADVANCED_FACE('',(#5658),#6108,.T.);
#6323=ADVANCED_FACE('',(#5659),#6109,.T.);
#6324=ADVANCED_FACE('',(#5660),#649,.T.);
#6325=ADVANCED_FACE('',(#5661),#6110,.T.);
#6326=ADVANCED_FACE('',(#5662),#6111,.T.);
#6327=ADVANCED_FACE('',(#5663),#6112,.T.);
#6328=ADVANCED_FACE('',(#5664),#6113,.T.);
#6329=ADVANCED_FACE('',(#5665),#6114,.T.);
#6330=ADVANCED_FACE('',(#5666),#650,.T.);
#6331=ADVANCED_FACE('',(#5667),#6115,.T.);
#6332=ADVANCED_FACE('',(#5668),#6116,.T.);
#6333=ADVANCED_FACE('',(#5669),#6117,.T.);
#6334=ADVANCED_FACE('',(#5670),#6118,.T.);
#6335=ADVANCED_FACE('',(#5671),#6119,.T.);
#6336=ADVANCED_FACE('',(#5672),#6120,.T.);
#6337=ADVANCED_FACE('',(#5673),#6121,.T.);
#6338=ADVANCED_FACE('',(#5674,#5675),#443,.F.);
#6339=ADVANCED_FACE('',(#5676,#5677),#444,.F.);
#6340=ADVANCED_FACE('',(#5678,#5679),#445,.F.);
#6341=ADVANCED_FACE('',(#5680,#5681),#446,.F.);
#6342=ADVANCED_FACE('',(#5682),#6122,.T.);
#6343=ADVANCED_FACE('',(#5683),#6123,.T.);
#6344=ADVANCED_FACE('',(#5684),#6124,.T.);
#6345=ADVANCED_FACE('',(#5685),#6125,.T.);
#6346=ADVANCED_FACE('',(#5686,#5687,#5688,#5689,#5690),#6126,.T.);
#6347=ADVANCED_FACE('',(#5691,#5692,#5693,#5694,#5695,#5696),#6127,.T.);
#6348=ADVANCED_FACE('',(#5697),#6128,.T.);
#6349=ADVANCED_FACE('',(#5698),#6129,.T.);
#6350=ADVANCED_FACE('',(#5699),#6130,.T.);
#6351=ADVANCED_FACE('',(#5700),#6131,.T.);
#6352=ADVANCED_FACE('',(#5701),#6132,.T.);
#6353=ADVANCED_FACE('',(#5702),#6133,.T.);
#6354=ADVANCED_FACE('',(#5703),#6134,.T.);
#6355=ADVANCED_FACE('',(#5704),#6135,.T.);
#6356=ADVANCED_FACE('',(#5705),#6136,.T.);
#6357=ADVANCED_FACE('',(#5706,#5707,#5708,#5709,#5710,#5711),#6137,.T.);
#6358=ADVANCED_FACE('',(#5712,#5713),#49,.T.);
#6359=ADVANCED_FACE('',(#5714,#5715),#447,.T.);
#6360=ADVANCED_FACE('',(#5716,#5717),#6138,.T.);
#6361=ADVANCED_FACE('',(#5718,#5719),#448,.T.);
#6362=ADVANCED_FACE('',(#5720,#5721),#46,.T.);
#6363=ADVANCED_FACE('',(#5722,#5723),#43,.T.);
#6364=ADVANCED_FACE('',(#5724,#5725),#6139,.T.);
#6365=ADVANCED_FACE('',(#5726,#5727),#44,.F.);
#6366=ADVANCED_FACE('',(#5728,#5729),#47,.F.);
#6367=ADVANCED_FACE('',(#5730,#5731),#6140,.T.);
#6368=ADVANCED_FACE('',(#5732,#5733),#449,.F.);
#6369=ADVANCED_FACE('',(#5734),#6141,.T.);
#6370=ADVANCED_FACE('',(#5735),#6142,.T.);
#6371=ADVANCED_FACE('',(#5736,#5737),#48,.T.);
#6372=ADVANCED_FACE('',(#5738),#6143,.T.);
#6373=ADVANCED_FACE('',(#5739),#6144,.T.);
#6374=ADVANCED_FACE('',(#5740),#6145,.T.);
#6375=ADVANCED_FACE('',(#5741),#6146,.T.);
#6376=ADVANCED_FACE('',(#5742),#6147,.T.);
#6377=ADVANCED_FACE('',(#5743),#6148,.T.);
#6378=ADVANCED_FACE('',(#5744),#6149,.T.);
#6379=ADVANCED_FACE('',(#5745),#6150,.T.);
#6380=ADVANCED_FACE('',(#5746),#6151,.T.);
#6381=ADVANCED_FACE('',(#5747),#6152,.T.);
#6382=ADVANCED_FACE('',(#5748),#6153,.T.);
#6383=ADVANCED_FACE('',(#5749),#6154,.T.);
#6384=ADVANCED_FACE('',(#5750),#6155,.T.);
#6385=ADVANCED_FACE('',(#5751),#6156,.T.);
#6386=ADVANCED_FACE('',(#5752),#6157,.T.);
#6387=ADVANCED_FACE('',(#5753),#6158,.T.);
#6388=ADVANCED_FACE('',(#5754),#6159,.T.);
#6389=ADVANCED_FACE('',(#5755),#6160,.T.);
#6390=ADVANCED_FACE('',(#5756),#6161,.T.);
#6391=ADVANCED_FACE('',(#5757),#6162,.T.);
#6392=ADVANCED_FACE('',(#5758),#6163,.T.);
#6393=ADVANCED_FACE('',(#5759),#6164,.T.);
#6394=ADVANCED_FACE('',(#5760),#6165,.T.);
#6395=ADVANCED_FACE('',(#5761),#6166,.T.);
#6396=ADVANCED_FACE('',(#5762),#6167,.T.);
#6397=ADVANCED_FACE('',(#5763),#6168,.T.);
#6398=ADVANCED_FACE('',(#5764),#6169,.T.);
#6399=ADVANCED_FACE('',(#5765),#6170,.T.);
#6400=ADVANCED_FACE('',(#5766),#6171,.T.);
#6401=ADVANCED_FACE('',(#5767),#6172,.T.);
#6402=ADVANCED_FACE('',(#5768),#6173,.T.);
#6403=ADVANCED_FACE('',(#5769),#6174,.T.);
#6404=ADVANCED_FACE('',(#5770),#6175,.T.);
#6405=ADVANCED_FACE('',(#5771),#6176,.T.);
#6406=ADVANCED_FACE('',(#5772),#6177,.T.);
#6407=ADVANCED_FACE('',(#5773),#6178,.T.);
#6408=ADVANCED_FACE('',(#5774,#5775),#6179,.T.);
#6409=ADVANCED_FACE('',(#5776),#6180,.T.);
#6410=ADVANCED_FACE('',(#5777),#6181,.T.);
#6411=ADVANCED_FACE('',(#5778),#6182,.T.);
#6412=ADVANCED_FACE('',(#5779),#6183,.T.);
#6413=ADVANCED_FACE('',(#5780),#6184,.T.);
#6414=ADVANCED_FACE('',(#5781),#6185,.T.);
#6415=ADVANCED_FACE('',(#5782),#6186,.T.);
#6416=ADVANCED_FACE('',(#5783),#6187,.T.);
#6417=ADVANCED_FACE('',(#5784),#6188,.T.);
#6418=ADVANCED_FACE('',(#5785),#6189,.T.);
#6419=ADVANCED_FACE('',(#5786),#6190,.T.);
#6420=ADVANCED_FACE('',(#5787),#6191,.T.);
#6421=ADVANCED_FACE('',(#5788),#6192,.T.);
#6422=ADVANCED_FACE('',(#5789),#6193,.T.);
#6423=ADVANCED_FACE('',(#5790),#6194,.T.);
#6424=ADVANCED_FACE('',(#5791),#6195,.T.);
#6425=ADVANCED_FACE('',(#5792),#6196,.T.);
#6426=ADVANCED_FACE('',(#5793),#6197,.T.);
#6427=ADVANCED_FACE('',(#5794),#6198,.T.);
#6428=ADVANCED_FACE('',(#5795),#6199,.T.);
#6429=ADVANCED_FACE('',(#5796),#6200,.T.);
#6430=ADVANCED_FACE('',(#5797),#6201,.T.);
#6431=ADVANCED_FACE('',(#5798),#6202,.T.);
#6432=ADVANCED_FACE('',(#5799,#5800),#450,.F.);
#6433=ADVANCED_FACE('',(#5801),#6203,.T.);
#6434=ADVANCED_FACE('',(#5802),#6204,.T.);
#6435=ADVANCED_FACE('',(#5803),#451,.T.);
#6436=ADVANCED_FACE('',(#5804),#6205,.T.);
#6437=ADVANCED_FACE('',(#5805),#452,.F.);
#6438=ADVANCED_FACE('',(#5806),#6206,.T.);
#6439=ADVANCED_FACE('',(#5807),#6207,.T.);
#6440=ADVANCED_FACE('',(#5808),#453,.T.);
#6441=ADVANCED_FACE('',(#5809),#6208,.T.);
#6442=ADVANCED_FACE('',(#5810),#454,.F.);
#6443=ADVANCED_FACE('',(#5811),#6209,.T.);
#6444=ADVANCED_FACE('',(#5812),#6210,.T.);
#6445=ADVANCED_FACE('',(#5813),#455,.F.);
#6446=ADVANCED_FACE('',(#5814),#6211,.T.);
#6447=ADVANCED_FACE('',(#5815),#456,.T.);
#6448=ADVANCED_FACE('',(#5816),#6212,.T.);
#6449=ADVANCED_FACE('',(#5817),#6213,.T.);
#6450=ADVANCED_FACE('',(#5818),#457,.F.);
#6451=ADVANCED_FACE('',(#5819),#6214,.T.);
#6452=ADVANCED_FACE('',(#5820),#458,.T.);
#6453=ADVANCED_FACE('',(#5821),#6215,.T.);
#6454=ADVANCED_FACE('',(#5822,#5823,#5824,#5825,#5826,#5827),#6216,.T.);
#6455=ADVANCED_FACE('',(#5828),#6217,.T.);
#6456=ADVANCED_FACE('',(#5829),#6218,.T.);
#6457=ADVANCED_FACE('',(#5830),#6219,.T.);
#6458=ADVANCED_FACE('',(#5831),#6220,.T.);
#6459=ADVANCED_FACE('',(#5832),#6221,.T.);
#6460=ADVANCED_FACE('',(#5833),#459,.T.);
#6461=ADVANCED_FACE('',(#5834),#6222,.T.);
#6462=ADVANCED_FACE('',(#5835),#6223,.T.);
#6463=ADVANCED_FACE('',(#5836),#6224,.T.);
#6464=ADVANCED_FACE('',(#5837),#460,.T.);
#6465=ADVANCED_FACE('',(#5838),#6225,.T.);
#6466=ADVANCED_FACE('',(#5839),#461,.T.);
#6467=ADVANCED_FACE('',(#5840),#6226,.T.);
#6468=ADVANCED_FACE('',(#5841),#462,.T.);
#6469=ADVANCED_FACE('',(#5842),#6227,.T.);
#6470=ADVANCED_FACE('',(#5843),#463,.T.);
#6471=ADVANCED_FACE('',(#5844),#6228,.T.);
#6472=ADVANCED_FACE('',(#5845),#464,.T.);
#6473=ADVANCED_FACE('',(#5846),#6229,.T.);
#6474=ADVANCED_FACE('',(#5847),#465,.T.);
#6475=ADVANCED_FACE('',(#5848),#6230,.T.);
#6476=ADVANCED_FACE('',(#5849),#6231,.T.);
#6477=ADVANCED_FACE('',(#5850),#6232,.T.);
#6478=ADVANCED_FACE('',(#5851),#466,.T.);
#6479=ADVANCED_FACE('',(#5852),#50,.T.);
#6480=ADVANCED_FACE('',(#5853),#467,.T.);
#6481=ADVANCED_FACE('',(#5854),#468,.T.);
#6482=ADVANCED_FACE('',(#5855),#51,.T.);
#6483=ADVANCED_FACE('',(#5856),#52,.T.);
#6484=ADVANCED_FACE('',(#5857),#469,.T.);
#6485=ADVANCED_FACE('',(#5858),#470,.T.);
#6486=ADVANCED_FACE('',(#5859),#53,.T.);
#6487=ADVANCED_FACE('',(#5860),#54,.T.);
#6488=ADVANCED_FACE('',(#5861),#471,.T.);
#6489=ADVANCED_FACE('',(#5862),#55,.T.);
#6490=ADVANCED_FACE('',(#5863),#472,.T.);
#6491=ADVANCED_FACE('',(#5864),#473,.F.);
#6492=ADVANCED_FACE('',(#5865),#474,.F.);
#6493=ADVANCED_FACE('',(#5866),#475,.T.);
#6494=ADVANCED_FACE('',(#5867),#10,.T.);
#6495=ADVANCED_FACE('',(#5868),#11,.F.);
#6496=ADVANCED_FACE('',(#5869),#12,.T.);
#6497=ADVANCED_FACE('',(#5870),#476,.T.);
#6498=ADVANCED_FACE('',(#5871),#477,.T.);
#6499=ADVANCED_FACE('',(#5872),#478,.F.);
#6500=ADVANCED_FACE('',(#5873),#479,.T.);
#6501=ADVANCED_FACE('',(#5874),#480,.T.);
#6502=ADVANCED_FACE('',(#5875),#13,.T.);
#6503=ADVANCED_FACE('',(#5876),#56,.T.);
#6504=ADVANCED_FACE('',(#5877),#14,.T.);
#6505=ADVANCED_FACE('',(#5878),#481,.T.);
#6506=ADVANCED_FACE('',(#5879),#482,.T.);
#6507=ADVANCED_FACE('',(#5880),#483,.T.);
#6508=ADVANCED_FACE('',(#5881),#484,.T.);
#6509=ADVANCED_FACE('',(#5882),#57,.T.);
#6510=ADVANCED_FACE('',(#5883),#15,.T.);
#6511=ADVANCED_FACE('',(#5884),#58,.T.);
#6512=ADVANCED_FACE('',(#5885),#59,.T.);
#6513=ADVANCED_FACE('',(#5886),#485,.T.);
#6514=ADVANCED_FACE('',(#5887),#486,.F.);
#6515=ADVANCED_FACE('',(#5888),#487,.T.);
#6516=ADVANCED_FACE('',(#5889),#488,.T.);
#6517=ADVANCED_FACE('',(#5890),#489,.T.);
#6518=ADVANCED_FACE('',(#5891),#490,.F.);
#6519=ADVANCED_FACE('',(#5892),#491,.F.);
#6520=ADVANCED_FACE('',(#5893),#492,.T.);
#6521=ADVANCED_FACE('',(#5894),#60,.T.);
#6522=ADVANCED_FACE('',(#5895),#61,.F.);
#6523=ADVANCED_FACE('',(#5896),#62,.T.);
#6524=ADVANCED_FACE('',(#5897),#16,.T.);
#6525=ADVANCED_FACE('',(#5898),#17,.F.);
#6526=ADVANCED_FACE('',(#5899),#63,.T.);
#6527=ADVANCED_FACE('',(#5900),#493,.T.);
#6528=ADVANCED_FACE('',(#5901),#494,.F.);
#6529=ADVANCED_FACE('',(#5902),#495,.F.);
#6530=ADVANCED_FACE('',(#5903),#496,.F.);
#6531=ADVANCED_FACE('',(#5904),#497,.T.);
#6532=ADVANCED_FACE('',(#5905),#498,.T.);
#6533=ADVANCED_FACE('',(#5906),#499,.T.);
#6534=ADVANCED_FACE('',(#5907),#500,.F.);
#6535=ADVANCED_FACE('',(#5908),#501,.T.);
#6536=ADVANCED_FACE('',(#5909),#18,.T.);
#6537=ADVANCED_FACE('',(#5910),#64,.F.);
#6538=ADVANCED_FACE('',(#5911),#19,.F.);
#6539=ADVANCED_FACE('',(#5912),#65,.T.);
#6540=ADVANCED_FACE('',(#5913),#20,.T.);
#6541=ADVANCED_FACE('',(#5914),#66,.T.);
#6542=ADVANCED_FACE('',(#5915),#502,.T.);
#6543=ADVANCED_FACE('',(#5916),#503,.T.);
#6544=ADVANCED_FACE('',(#5917),#504,.T.);
#6545=ADVANCED_FACE('',(#5918),#505,.F.);
#6546=ADVANCED_FACE('',(#5919),#506,.F.);
#6547=ADVANCED_FACE('',(#5920),#507,.F.);
#6548=ADVANCED_FACE('',(#5921),#508,.T.);
#6549=ADVANCED_FACE('',(#5922),#509,.T.);
#6550=ADVANCED_FACE('',(#5923),#510,.T.);
#6551=ADVANCED_FACE('',(#5924),#21,.T.);
#6552=ADVANCED_FACE('',(#5925),#22,.T.);
#6553=ADVANCED_FACE('',(#5926),#23,.F.);
#6554=ADVANCED_FACE('',(#5927),#24,.F.);
#6555=ADVANCED_FACE('',(#5928),#25,.T.);
#6556=ADVANCED_FACE('',(#5929),#67,.T.);
#6557=ADVANCED_FACE('',(#5930),#511,.T.);
#6558=ADVANCED_FACE('',(#5931),#512,.T.);
#6559=ADVANCED_FACE('',(#5932),#513,.T.);
#6560=ADVANCED_FACE('',(#5933),#514,.F.);
#6561=ADVANCED_FACE('',(#5934),#515,.F.);
#6562=ADVANCED_FACE('',(#5935),#516,.F.);
#6563=ADVANCED_FACE('',(#5936),#517,.T.);
#6564=ADVANCED_FACE('',(#5937),#518,.F.);
#6565=ADVANCED_FACE('',(#5938),#519,.T.);
#6566=ADVANCED_FACE('',(#5939),#68,.T.);
#6567=ADVANCED_FACE('',(#5940),#69,.T.);
#6568=ADVANCED_FACE('',(#5941),#70,.T.);
#6569=ADVANCED_FACE('',(#5942),#26,.F.);
#6570=ADVANCED_FACE('',(#5943),#71,.F.);
#6571=ADVANCED_FACE('',(#5944),#72,.T.);
#6572=ADVANCED_FACE('',(#5945),#520,.T.);
#6573=ADVANCED_FACE('',(#5946),#521,.F.);
#6574=ADVANCED_FACE('',(#5947),#522,.F.);
#6575=ADVANCED_FACE('',(#5948),#523,.T.);
#6576=ADVANCED_FACE('',(#5949),#524,.T.);
#6577=ADVANCED_FACE('',(#5950),#525,.F.);
#6578=ADVANCED_FACE('',(#5951),#526,.F.);
#6579=ADVANCED_FACE('',(#5952),#527,.F.);
#6580=ADVANCED_FACE('',(#5953),#528,.T.);
#6581=ADVANCED_FACE('',(#5954),#73,.T.);
#6582=ADVANCED_FACE('',(#5955),#27,.F.);
#6583=ADVANCED_FACE('',(#5956),#28,.T.);
#6584=ADVANCED_FACE('',(#5957),#74,.T.);
#6585=ADVANCED_FACE('',(#5958),#75,.F.);
#6586=ADVANCED_FACE('',(#5959),#29,.T.);
#6587=ADVANCED_FACE('',(#5960),#529,.T.);
#6588=ADVANCED_FACE('',(#5961),#530,.F.);
#6589=ADVANCED_FACE('',(#5962),#531,.T.);
#6590=ADVANCED_FACE('',(#5963),#532,.T.);
#6591=ADVANCED_FACE('',(#5964),#533,.T.);
#6592=ADVANCED_FACE('',(#5965),#534,.T.);
#6593=ADVANCED_FACE('',(#5966),#535,.T.);
#6594=ADVANCED_FACE('',(#5967),#536,.T.);
#6595=ADVANCED_FACE('',(#5968),#76,.T.);
#6596=ADVANCED_FACE('',(#5969),#30,.T.);
#6597=ADVANCED_FACE('',(#5970),#31,.T.);
#6598=ADVANCED_FACE('',(#5971),#32,.T.);
#6599=ADVANCED_FACE('',(#5972),#537,.T.);
#6600=ADVANCED_FACE('',(#5973),#538,.T.);
#6601=ADVANCED_FACE('',(#5974),#539,.T.);
#6602=ADVANCED_FACE('',(#5975),#540,.T.);
#6603=ADVANCED_FACE('',(#5976),#77,.T.);
#6604=ADVANCED_FACE('',(#5977),#78,.T.);
#6605=ADVANCED_FACE('',(#5978),#541,.F.);
#6606=ADVANCED_FACE('',(#5979),#542,.F.);
#6607=ADVANCED_FACE('',(#5980),#543,.F.);
#6608=ADVANCED_FACE('',(#5981),#544,.T.);
#6609=ADVANCED_FACE('',(#5982),#79,.T.);
#6610=ADVANCED_FACE('',(#5983),#33,.F.);
#6611=ADVANCED_FACE('',(#5984,#5985),#80,.T.);
#6612=ADVANCED_FACE('',(#5986,#5987),#81,.T.);
#6613=ADVANCED_FACE('',(#5988,#5989),#82,.T.);
#6614=ADVANCED_FACE('',(#5990,#5991),#83,.T.);
#6615=ADVANCED_FACE('',(#5992,#5993),#84,.T.);
#6616=ADVANCED_FACE('',(#5994),#6233,.T.);
#6617=ADVANCED_FACE('',(#5995,#5996),#45,.T.);
#6618=ADVANCED_FACE('',(#5997),#6234,.T.);
#6619=ADVANCED_FACE('',(#5998,#5999),#545,.T.);
#6620=ADVANCED_FACE('',(#6000),#6235,.T.);
#6621=ADVANCED_FACE('',(#6001,#6002),#546,.T.);
#6622=ADVANCED_FACE('',(#6003),#6236,.T.);
#6623=ADVANCED_FACE('',(#6004,#6005),#547,.T.);
#6624=ADVANCED_FACE('',(#6006),#6237,.T.);
#6625=ADVANCED_FACE('',(#6007,#6008),#548,.T.);
#6626=ADVANCED_FACE('',(#6009),#6238,.T.);
#6627=ADVANCED_FACE('',(#6010),#6239,.T.);
#6628=ADVANCED_FACE('',(#6011),#6240,.T.);
#6629=ADVANCED_FACE('',(#6012),#6241,.T.);
#6630=ADVANCED_FACE('',(#6013),#6242,.T.);
#6631=ADVANCED_FACE('',(#6014),#6243,.T.);
#6632=ADVANCED_FACE('',(#6015),#6244,.T.);
#6633=ADVANCED_FACE('',(#6016),#6245,.T.);
#6634=ADVANCED_FACE('',(#6017),#6246,.T.);
#6635=ADVANCED_FACE('',(#6018),#6247,.T.);
#6636=ADVANCED_FACE('',(#6019),#6248,.T.);
#6637=ADVANCED_FACE('',(#6020),#6249,.T.);
#6638=ADVANCED_FACE('',(#6021),#6250,.T.);
#6639=ADVANCED_FACE('',(#6022),#6251,.T.);
#6640=ADVANCED_FACE('',(#6023),#6252,.T.);
#6641=ADVANCED_FACE('',(#6024),#6253,.T.);
#6642=ADVANCED_FACE('',(#6025),#6254,.T.);
#6643=ADVANCED_FACE('',(#6026),#6255,.T.);
#6644=ADVANCED_FACE('',(#6027),#6256,.T.);
#6645=ADVANCED_FACE('',(#6028),#549,.T.);
#6646=ADVANCED_FACE('',(#6029),#6257,.T.);
#6647=ADVANCED_FACE('',(#6030),#550,.T.);
#6648=ADVANCED_FACE('',(#6031),#6258,.T.);
#6649=ADVANCED_FACE('',(#6032),#551,.T.);
#6650=ADVANCED_FACE('',(#6033),#6259,.T.);
#6651=ADVANCED_FACE('',(#6034),#552,.T.);
#6652=ADVANCED_FACE('',(#6035),#553,.T.);
#6653=ADVANCED_FACE('',(#6036),#554,.T.);
#6654=ADVANCED_FACE('',(#6037),#555,.T.);
#6655=ADVANCED_FACE('',(#6038),#556,.T.);
#6656=ADVANCED_FACE('',(#6039,#6040),#6260,.T.);
#6657=ADVANCED_FACE('',(#6041),#6261,.T.);
#6658=ADVANCED_FACE('',(#6042),#6262,.T.);
#6659=ADVANCED_FACE('',(#6043),#6263,.T.);
#6660=ADVANCED_FACE('',(#6044),#6264,.T.);
#6661=ADVANCED_FACE('',(#6045),#6265,.T.);
#6662=ADVANCED_FACE('',(#6046),#6266,.T.);
#6663=ADVANCED_FACE('',(#6047),#6267,.T.);
#6664=ADVANCED_FACE('',(#6048,#6049,#6050,#6051,#6052,#6053),#6268,.T.);
#6665=ADVANCED_FACE('',(#6054),#6269,.T.);
#6666=ADVANCED_FACE('',(#6055),#6270,.T.);
#6667=ADVANCED_FACE('',(#6056),#6271,.T.);
#6668=ADVANCED_FACE('',(#6057),#6272,.T.);
#6669=ADVANCED_FACE('',(#6058),#85,.T.);
#6670=ADVANCED_FACE('',(#6059),#557,.T.);
#6671=ADVANCED_FACE('',(#6060),#6273,.T.);
#6672=ADVANCED_FACE('',(#6061),#6274,.T.);
#6673=ADVANCED_FACE('',(#6062),#6275,.T.);
#6674=ADVANCED_FACE('',(#6063),#6276,.T.);
#6675=ADVANCED_FACE('',(#6064),#6277,.T.);
#6676=ADVANCED_FACE('',(#6065),#558,.T.);
#6677=ADVANCED_FACE('',(#6066),#86,.T.);
#6678=ADVANCED_FACE('',(#6067),#6278,.T.);
#6679=ADVANCED_FACE('',(#6068),#6279,.T.);
#6680=ADVANCED_FACE('',(#6069),#6280,.T.);
#6681=ADVANCED_FACE('',(#6070),#6281,.T.);
#6682=ADVANCED_FACE('',(#6071),#6282,.T.);
#6683=ADVANCED_FACE('',(#6072),#6283,.T.);
#6684=ADVANCED_FACE('',(#6073),#6284,.T.);
#6685=CLOSED_SHELL('',(#6285,#6286,#6287,#6288,#6289,#6290,#6291,#6292,
#6293,#6294,#6295,#6296,#6297,#6298,#6299,#6300,#6301,#6302,#6303,#6304,
#6305,#6306,#6307,#6308,#6309,#6310,#6311,#6312,#6313,#6314,#6315,#6316,
#6317,#6318,#6319,#6320,#6321,#6322,#6323,#6324,#6325,#6326,#6327,#6328,
#6329,#6330,#6331,#6332,#6333,#6334,#6335,#6336,#6337,#6338,#6339,#6340,
#6341,#6342,#6343,#6344,#6345,#6346,#6347,#6348,#6349,#6350,#6351,#6352,
#6353,#6354,#6355,#6356,#6357));
#6686=CLOSED_SHELL('',(#6358,#6359,#6360,#6361,#6362,#6363,#6364,#6365,
#6366,#6367,#6368,#6369,#6370,#6371));
#6687=CLOSED_SHELL('',(#6372,#6373,#6374,#6375,#6376,#6377));
#6688=CLOSED_SHELL('',(#6378,#6379,#6380,#6381,#6382,#6383,#6384,#6385,
#6386,#6387,#6388,#6389,#6390,#6391,#6392,#6393,#6394,#6395,#6396,#6397,
#6398,#6399,#6400,#6401,#6402,#6403,#6404,#6405,#6406,#6407,#6408));
#6689=CLOSED_SHELL('',(#6409,#6410,#6411,#6412,#6413,#6414));
#6690=CLOSED_SHELL('',(#6415,#6416,#6417,#6418,#6419,#6420,#6421,#6422,
#6423,#6424));
#6691=CLOSED_SHELL('',(#6425,#6426,#6427,#6428,#6429,#6430));
#6692=CLOSED_SHELL('',(#6431,#6432,#6433,#6434,#6435,#6436,#6437,#6438,
#6439,#6440,#6441,#6442,#6443,#6444,#6445,#6446,#6447,#6448,#6449,#6450,
#6451,#6452,#6453,#6454,#6455,#6456,#6457,#6458));
#6693=CLOSED_SHELL('',(#6459,#6460,#6461,#6462,#6463,#6464,#6465,#6466,
#6467,#6468,#6469,#6470,#6471,#6472,#6473,#6474,#6475,#6476,#6477,#6478,
#6479,#6480,#6481,#6482,#6483,#6484,#6485,#6486,#6487,#6488,#6489,#6490,
#6491,#6492,#6493,#6494,#6495,#6496,#6497,#6498,#6499,#6500,#6501,#6502,
#6503,#6504,#6505,#6506,#6507,#6508,#6509,#6510,#6511,#6512,#6513,#6514,
#6515,#6516,#6517,#6518,#6519,#6520,#6521,#6522,#6523,#6524,#6525,#6526,
#6527,#6528,#6529,#6530,#6531,#6532,#6533,#6534,#6535,#6536,#6537,#6538,
#6539,#6540,#6541,#6542,#6543,#6544,#6545,#6546,#6547,#6548,#6549,#6550,
#6551,#6552,#6553,#6554,#6555,#6556,#6557,#6558,#6559,#6560,#6561,#6562,
#6563,#6564,#6565,#6566,#6567,#6568,#6569,#6570,#6571,#6572,#6573,#6574,
#6575,#6576,#6577,#6578,#6579,#6580,#6581,#6582,#6583,#6584,#6585,#6586,
#6587,#6588,#6589,#6590,#6591,#6592,#6593,#6594,#6595,#6596,#6597,#6598,
#6599,#6600,#6601,#6602,#6603,#6604,#6605,#6606,#6607,#6608,#6609,#6610,
#6611,#6612,#6613,#6614,#6615,#6616,#6617,#6618,#6619,#6620,#6621,#6622,
#6623,#6624,#6625,#6626,#6627,#6628,#6629,#6630,#6631,#6632,#6633,#6634,
#6635,#6636,#6637,#6638,#6639,#6640,#6641,#6642,#6643,#6644,#6645,#6646,
#6647,#6648,#6649,#6650,#6651,#6652,#6653,#6654,#6655,#6656,#6657,#6658,
#6659,#6660,#6661,#6662,#6663,#6664,#6665,#6666,#6667,#6668,#6669,#6670,
#6671,#6672,#6673,#6674,#6675,#6676,#6677,#6678,#6679,#6680,#6681,#6682,
#6683,#6684));
#6694=STYLED_ITEM('',(#6703),#7227);
#6695=STYLED_ITEM('',(#6727),#7228);
#6696=STYLED_ITEM('',(#6728),#7229);
#6697=STYLED_ITEM('',(#6729),#7230);
#6698=STYLED_ITEM('',(#6730),#7231);
#6699=STYLED_ITEM('',(#6731),#7232);
#6700=STYLED_ITEM('',(#6732),#7233);
#6701=STYLED_ITEM('',(#6733),#7234);
#6702=STYLED_ITEM('',(#6739),#7235);
#6703=PRESENTATION_STYLE_ASSIGNMENT((#6789));
#6704=PRESENTATION_STYLE_ASSIGNMENT((#6790));
#6705=PRESENTATION_STYLE_ASSIGNMENT((#6791));
#6706=PRESENTATION_STYLE_ASSIGNMENT((#6792));
#6707=PRESENTATION_STYLE_ASSIGNMENT((#6793));
#6708=PRESENTATION_STYLE_ASSIGNMENT((#6794));
#6709=PRESENTATION_STYLE_ASSIGNMENT((#6795));
#6710=PRESENTATION_STYLE_ASSIGNMENT((#6796));
#6711=PRESENTATION_STYLE_ASSIGNMENT((#6797));
#6712=PRESENTATION_STYLE_ASSIGNMENT((#6798));
#6713=PRESENTATION_STYLE_ASSIGNMENT((#6799));
#6714=PRESENTATION_STYLE_ASSIGNMENT((#6800));
#6715=PRESENTATION_STYLE_ASSIGNMENT((#6801));
#6716=PRESENTATION_STYLE_ASSIGNMENT((#6802));
#6717=PRESENTATION_STYLE_ASSIGNMENT((#6803));
#6718=PRESENTATION_STYLE_ASSIGNMENT((#6804));
#6719=PRESENTATION_STYLE_ASSIGNMENT((#6805));
#6720=PRESENTATION_STYLE_ASSIGNMENT((#6806));
#6721=PRESENTATION_STYLE_ASSIGNMENT((#6807));
#6722=PRESENTATION_STYLE_ASSIGNMENT((#6808));
#6723=PRESENTATION_STYLE_ASSIGNMENT((#6809));
#6724=PRESENTATION_STYLE_ASSIGNMENT((#6810));
#6725=PRESENTATION_STYLE_ASSIGNMENT((#6811));
#6726=PRESENTATION_STYLE_ASSIGNMENT((#6812));
#6727=PRESENTATION_STYLE_ASSIGNMENT((#6813));
#6728=PRESENTATION_STYLE_ASSIGNMENT((#6814));
#6729=PRESENTATION_STYLE_ASSIGNMENT((#6815));
#6730=PRESENTATION_STYLE_ASSIGNMENT((#6816));
#6731=PRESENTATION_STYLE_ASSIGNMENT((#6817));
#6732=PRESENTATION_STYLE_ASSIGNMENT((#6818));
#6733=PRESENTATION_STYLE_ASSIGNMENT((#6819));
#6734=PRESENTATION_STYLE_ASSIGNMENT((#6820));
#6735=PRESENTATION_STYLE_ASSIGNMENT((#6821));
#6736=PRESENTATION_STYLE_ASSIGNMENT((#6822));
#6737=PRESENTATION_STYLE_ASSIGNMENT((#6823));
#6738=PRESENTATION_STYLE_ASSIGNMENT((#6824));
#6739=PRESENTATION_STYLE_ASSIGNMENT((#6825));
#6740=PRESENTATION_STYLE_ASSIGNMENT((#6826));
#6741=PRESENTATION_STYLE_ASSIGNMENT((#6827));
#6742=PRESENTATION_STYLE_ASSIGNMENT((#6828));
#6743=PRESENTATION_STYLE_ASSIGNMENT((#6829));
#6744=PRESENTATION_STYLE_ASSIGNMENT((#6830));
#6745=PRESENTATION_STYLE_ASSIGNMENT((#6831));
#6746=PRESENTATION_STYLE_ASSIGNMENT((#6832));
#6747=PRESENTATION_STYLE_ASSIGNMENT((#6833));
#6748=PRESENTATION_STYLE_ASSIGNMENT((#6834));
#6749=PRESENTATION_STYLE_ASSIGNMENT((#6835));
#6750=PRESENTATION_STYLE_ASSIGNMENT((#6836));
#6751=PRESENTATION_STYLE_ASSIGNMENT((#6837));
#6752=PRESENTATION_STYLE_ASSIGNMENT((#6838));
#6753=PRESENTATION_STYLE_ASSIGNMENT((#6839));
#6754=PRESENTATION_STYLE_ASSIGNMENT((#6840));
#6755=PRESENTATION_STYLE_ASSIGNMENT((#6841));
#6756=PRESENTATION_STYLE_ASSIGNMENT((#6842));
#6757=PRESENTATION_STYLE_ASSIGNMENT((#6843));
#6758=PRESENTATION_STYLE_ASSIGNMENT((#6844));
#6759=PRESENTATION_STYLE_ASSIGNMENT((#6845));
#6760=PRESENTATION_STYLE_ASSIGNMENT((#6846));
#6761=PRESENTATION_STYLE_ASSIGNMENT((#6847));
#6762=PRESENTATION_STYLE_ASSIGNMENT((#6848));
#6763=PRESENTATION_STYLE_ASSIGNMENT((#6849));
#6764=PRESENTATION_STYLE_ASSIGNMENT((#6850));
#6765=PRESENTATION_STYLE_ASSIGNMENT((#6851));
#6766=PRESENTATION_STYLE_ASSIGNMENT((#6852));
#6767=PRESENTATION_STYLE_ASSIGNMENT((#6853));
#6768=PRESENTATION_STYLE_ASSIGNMENT((#6854));
#6769=PRESENTATION_STYLE_ASSIGNMENT((#6855));
#6770=PRESENTATION_STYLE_ASSIGNMENT((#6856));
#6771=PRESENTATION_STYLE_ASSIGNMENT((#6857));
#6772=PRESENTATION_STYLE_ASSIGNMENT((#6858));
#6773=PRESENTATION_STYLE_ASSIGNMENT((#6859));
#6774=PRESENTATION_STYLE_ASSIGNMENT((#6860));
#6775=PRESENTATION_STYLE_ASSIGNMENT((#6861));
#6776=PRESENTATION_STYLE_ASSIGNMENT((#6862));
#6777=PRESENTATION_STYLE_ASSIGNMENT((#6863));
#6778=PRESENTATION_STYLE_ASSIGNMENT((#6864));
#6779=PRESENTATION_STYLE_ASSIGNMENT((#6865));
#6780=PRESENTATION_STYLE_ASSIGNMENT((#6866));
#6781=PRESENTATION_STYLE_ASSIGNMENT((#6867));
#6782=PRESENTATION_STYLE_ASSIGNMENT((#6868));
#6783=PRESENTATION_STYLE_ASSIGNMENT((#6869));
#6784=PRESENTATION_STYLE_ASSIGNMENT((#6870));
#6785=PRESENTATION_STYLE_ASSIGNMENT((#6871));
#6786=PRESENTATION_STYLE_ASSIGNMENT((#6872));
#6787=PRESENTATION_STYLE_ASSIGNMENT((#6873));
#6788=PRESENTATION_STYLE_ASSIGNMENT((#6874));
#6789=SURFACE_STYLE_USAGE(.BOTH.,#6875);
#6790=SURFACE_STYLE_USAGE(.BOTH.,#6876);
#6791=SURFACE_STYLE_USAGE(.BOTH.,#6877);
#6792=SURFACE_STYLE_USAGE(.BOTH.,#6878);
#6793=SURFACE_STYLE_USAGE(.BOTH.,#6879);
#6794=SURFACE_STYLE_USAGE(.BOTH.,#6880);
#6795=SURFACE_STYLE_USAGE(.BOTH.,#6881);
#6796=SURFACE_STYLE_USAGE(.BOTH.,#6882);
#6797=SURFACE_STYLE_USAGE(.BOTH.,#6883);
#6798=SURFACE_STYLE_USAGE(.BOTH.,#6884);
#6799=SURFACE_STYLE_USAGE(.BOTH.,#6885);
#6800=SURFACE_STYLE_USAGE(.BOTH.,#6886);
#6801=SURFACE_STYLE_USAGE(.BOTH.,#6887);
#6802=SURFACE_STYLE_USAGE(.BOTH.,#6888);
#6803=SURFACE_STYLE_USAGE(.BOTH.,#6889);
#6804=SURFACE_STYLE_USAGE(.BOTH.,#6890);
#6805=SURFACE_STYLE_USAGE(.BOTH.,#6891);
#6806=SURFACE_STYLE_USAGE(.BOTH.,#6892);
#6807=SURFACE_STYLE_USAGE(.BOTH.,#6893);
#6808=SURFACE_STYLE_USAGE(.BOTH.,#6894);
#6809=SURFACE_STYLE_USAGE(.BOTH.,#6895);
#6810=SURFACE_STYLE_USAGE(.BOTH.,#6896);
#6811=SURFACE_STYLE_USAGE(.BOTH.,#6897);
#6812=SURFACE_STYLE_USAGE(.BOTH.,#6898);
#6813=SURFACE_STYLE_USAGE(.BOTH.,#6899);
#6814=SURFACE_STYLE_USAGE(.BOTH.,#6900);
#6815=SURFACE_STYLE_USAGE(.BOTH.,#6901);
#6816=SURFACE_STYLE_USAGE(.BOTH.,#6902);
#6817=SURFACE_STYLE_USAGE(.BOTH.,#6903);
#6818=SURFACE_STYLE_USAGE(.BOTH.,#6904);
#6819=SURFACE_STYLE_USAGE(.BOTH.,#6905);
#6820=SURFACE_STYLE_USAGE(.BOTH.,#6906);
#6821=SURFACE_STYLE_USAGE(.BOTH.,#6907);
#6822=SURFACE_STYLE_USAGE(.BOTH.,#6908);
#6823=SURFACE_STYLE_USAGE(.BOTH.,#6909);
#6824=SURFACE_STYLE_USAGE(.BOTH.,#6910);
#6825=SURFACE_STYLE_USAGE(.BOTH.,#6911);
#6826=SURFACE_STYLE_USAGE(.BOTH.,#6912);
#6827=SURFACE_STYLE_USAGE(.BOTH.,#6913);
#6828=SURFACE_STYLE_USAGE(.BOTH.,#6914);
#6829=SURFACE_STYLE_USAGE(.BOTH.,#6915);
#6830=SURFACE_STYLE_USAGE(.BOTH.,#6916);
#6831=SURFACE_STYLE_USAGE(.BOTH.,#6917);
#6832=SURFACE_STYLE_USAGE(.BOTH.,#6918);
#6833=SURFACE_STYLE_USAGE(.BOTH.,#6919);
#6834=SURFACE_STYLE_USAGE(.BOTH.,#6920);
#6835=SURFACE_STYLE_USAGE(.BOTH.,#6921);
#6836=SURFACE_STYLE_USAGE(.BOTH.,#6922);
#6837=SURFACE_STYLE_USAGE(.BOTH.,#6923);
#6838=SURFACE_STYLE_USAGE(.BOTH.,#6924);
#6839=SURFACE_STYLE_USAGE(.BOTH.,#6925);
#6840=SURFACE_STYLE_USAGE(.BOTH.,#6926);
#6841=SURFACE_STYLE_USAGE(.BOTH.,#6927);
#6842=SURFACE_STYLE_USAGE(.BOTH.,#6928);
#6843=SURFACE_STYLE_USAGE(.BOTH.,#6929);
#6844=SURFACE_STYLE_USAGE(.BOTH.,#6930);
#6845=SURFACE_STYLE_USAGE(.BOTH.,#6931);
#6846=SURFACE_STYLE_USAGE(.BOTH.,#6932);
#6847=SURFACE_STYLE_USAGE(.BOTH.,#6933);
#6848=SURFACE_STYLE_USAGE(.BOTH.,#6934);
#6849=SURFACE_STYLE_USAGE(.BOTH.,#6935);
#6850=SURFACE_STYLE_USAGE(.BOTH.,#6936);
#6851=SURFACE_STYLE_USAGE(.BOTH.,#6937);
#6852=SURFACE_STYLE_USAGE(.BOTH.,#6938);
#6853=SURFACE_STYLE_USAGE(.BOTH.,#6939);
#6854=SURFACE_STYLE_USAGE(.BOTH.,#6940);
#6855=SURFACE_STYLE_USAGE(.BOTH.,#6941);
#6856=SURFACE_STYLE_USAGE(.BOTH.,#6942);
#6857=SURFACE_STYLE_USAGE(.BOTH.,#6943);
#6858=SURFACE_STYLE_USAGE(.BOTH.,#6944);
#6859=SURFACE_STYLE_USAGE(.BOTH.,#6945);
#6860=SURFACE_STYLE_USAGE(.BOTH.,#6946);
#6861=SURFACE_STYLE_USAGE(.BOTH.,#6947);
#6862=SURFACE_STYLE_USAGE(.BOTH.,#6948);
#6863=SURFACE_STYLE_USAGE(.BOTH.,#6949);
#6864=SURFACE_STYLE_USAGE(.BOTH.,#6950);
#6865=SURFACE_STYLE_USAGE(.BOTH.,#6951);
#6866=SURFACE_STYLE_USAGE(.BOTH.,#6952);
#6867=SURFACE_STYLE_USAGE(.BOTH.,#6953);
#6868=SURFACE_STYLE_USAGE(.BOTH.,#6954);
#6869=SURFACE_STYLE_USAGE(.BOTH.,#6955);
#6870=SURFACE_STYLE_USAGE(.BOTH.,#6956);
#6871=SURFACE_STYLE_USAGE(.BOTH.,#6957);
#6872=SURFACE_STYLE_USAGE(.BOTH.,#6958);
#6873=SURFACE_STYLE_USAGE(.BOTH.,#6959);
#6874=SURFACE_STYLE_USAGE(.BOTH.,#6960);
#6875=SURFACE_SIDE_STYLE('',(#6961));
#6876=SURFACE_SIDE_STYLE('',(#6962));
#6877=SURFACE_SIDE_STYLE('',(#6963));
#6878=SURFACE_SIDE_STYLE('',(#6964));
#6879=SURFACE_SIDE_STYLE('',(#6965));
#6880=SURFACE_SIDE_STYLE('',(#6966));
#6881=SURFACE_SIDE_STYLE('',(#6967));
#6882=SURFACE_SIDE_STYLE('',(#6968));
#6883=SURFACE_SIDE_STYLE('',(#6969));
#6884=SURFACE_SIDE_STYLE('',(#6970));
#6885=SURFACE_SIDE_STYLE('',(#6971));
#6886=SURFACE_SIDE_STYLE('',(#6972));
#6887=SURFACE_SIDE_STYLE('',(#6973));
#6888=SURFACE_SIDE_STYLE('',(#6974));
#6889=SURFACE_SIDE_STYLE('',(#6975));
#6890=SURFACE_SIDE_STYLE('',(#6976));
#6891=SURFACE_SIDE_STYLE('',(#6977));
#6892=SURFACE_SIDE_STYLE('',(#6978));
#6893=SURFACE_SIDE_STYLE('',(#6979));
#6894=SURFACE_SIDE_STYLE('',(#6980));
#6895=SURFACE_SIDE_STYLE('',(#6981));
#6896=SURFACE_SIDE_STYLE('',(#6982));
#6897=SURFACE_SIDE_STYLE('',(#6983));
#6898=SURFACE_SIDE_STYLE('',(#6984));
#6899=SURFACE_SIDE_STYLE('',(#6985));
#6900=SURFACE_SIDE_STYLE('',(#6986));
#6901=SURFACE_SIDE_STYLE('',(#6987));
#6902=SURFACE_SIDE_STYLE('',(#6988));
#6903=SURFACE_SIDE_STYLE('',(#6989));
#6904=SURFACE_SIDE_STYLE('',(#6990));
#6905=SURFACE_SIDE_STYLE('',(#6991));
#6906=SURFACE_SIDE_STYLE('',(#6992));
#6907=SURFACE_SIDE_STYLE('',(#6993));
#6908=SURFACE_SIDE_STYLE('',(#6994));
#6909=SURFACE_SIDE_STYLE('',(#6995));
#6910=SURFACE_SIDE_STYLE('',(#6996));
#6911=SURFACE_SIDE_STYLE('',(#6997));
#6912=SURFACE_SIDE_STYLE('',(#6998));
#6913=SURFACE_SIDE_STYLE('',(#6999));
#6914=SURFACE_SIDE_STYLE('',(#7000));
#6915=SURFACE_SIDE_STYLE('',(#7001));
#6916=SURFACE_SIDE_STYLE('',(#7002));
#6917=SURFACE_SIDE_STYLE('',(#7003));
#6918=SURFACE_SIDE_STYLE('',(#7004));
#6919=SURFACE_SIDE_STYLE('',(#7005));
#6920=SURFACE_SIDE_STYLE('',(#7006));
#6921=SURFACE_SIDE_STYLE('',(#7007));
#6922=SURFACE_SIDE_STYLE('',(#7008));
#6923=SURFACE_SIDE_STYLE('',(#7009));
#6924=SURFACE_SIDE_STYLE('',(#7010));
#6925=SURFACE_SIDE_STYLE('',(#7011));
#6926=SURFACE_SIDE_STYLE('',(#7012));
#6927=SURFACE_SIDE_STYLE('',(#7013));
#6928=SURFACE_SIDE_STYLE('',(#7014));
#6929=SURFACE_SIDE_STYLE('',(#7015));
#6930=SURFACE_SIDE_STYLE('',(#7016));
#6931=SURFACE_SIDE_STYLE('',(#7017));
#6932=SURFACE_SIDE_STYLE('',(#7018));
#6933=SURFACE_SIDE_STYLE('',(#7019));
#6934=SURFACE_SIDE_STYLE('',(#7020));
#6935=SURFACE_SIDE_STYLE('',(#7021));
#6936=SURFACE_SIDE_STYLE('',(#7022));
#6937=SURFACE_SIDE_STYLE('',(#7023));
#6938=SURFACE_SIDE_STYLE('',(#7024));
#6939=SURFACE_SIDE_STYLE('',(#7025));
#6940=SURFACE_SIDE_STYLE('',(#7026));
#6941=SURFACE_SIDE_STYLE('',(#7027));
#6942=SURFACE_SIDE_STYLE('',(#7028));
#6943=SURFACE_SIDE_STYLE('',(#7029));
#6944=SURFACE_SIDE_STYLE('',(#7030));
#6945=SURFACE_SIDE_STYLE('',(#7031));
#6946=SURFACE_SIDE_STYLE('',(#7032));
#6947=SURFACE_SIDE_STYLE('',(#7033));
#6948=SURFACE_SIDE_STYLE('',(#7034));
#6949=SURFACE_SIDE_STYLE('',(#7035));
#6950=SURFACE_SIDE_STYLE('',(#7036));
#6951=SURFACE_SIDE_STYLE('',(#7037));
#6952=SURFACE_SIDE_STYLE('',(#7038));
#6953=SURFACE_SIDE_STYLE('',(#7039));
#6954=SURFACE_SIDE_STYLE('',(#7040));
#6955=SURFACE_SIDE_STYLE('',(#7041));
#6956=SURFACE_SIDE_STYLE('',(#7042));
#6957=SURFACE_SIDE_STYLE('',(#7043));
#6958=SURFACE_SIDE_STYLE('',(#7044));
#6959=SURFACE_SIDE_STYLE('',(#7045));
#6960=SURFACE_SIDE_STYLE('',(#7046));
#6961=SURFACE_STYLE_FILL_AREA(#7047);
#6962=SURFACE_STYLE_FILL_AREA(#7048);
#6963=SURFACE_STYLE_FILL_AREA(#7049);
#6964=SURFACE_STYLE_FILL_AREA(#7050);
#6965=SURFACE_STYLE_FILL_AREA(#7051);
#6966=SURFACE_STYLE_FILL_AREA(#7052);
#6967=SURFACE_STYLE_FILL_AREA(#7053);
#6968=SURFACE_STYLE_FILL_AREA(#7054);
#6969=SURFACE_STYLE_FILL_AREA(#7055);
#6970=SURFACE_STYLE_FILL_AREA(#7056);
#6971=SURFACE_STYLE_FILL_AREA(#7057);
#6972=SURFACE_STYLE_FILL_AREA(#7058);
#6973=SURFACE_STYLE_FILL_AREA(#7059);
#6974=SURFACE_STYLE_FILL_AREA(#7060);
#6975=SURFACE_STYLE_FILL_AREA(#7061);
#6976=SURFACE_STYLE_FILL_AREA(#7062);
#6977=SURFACE_STYLE_FILL_AREA(#7063);
#6978=SURFACE_STYLE_FILL_AREA(#7064);
#6979=SURFACE_STYLE_FILL_AREA(#7065);
#6980=SURFACE_STYLE_FILL_AREA(#7066);
#6981=SURFACE_STYLE_FILL_AREA(#7067);
#6982=SURFACE_STYLE_FILL_AREA(#7068);
#6983=SURFACE_STYLE_FILL_AREA(#7069);
#6984=SURFACE_STYLE_FILL_AREA(#7070);
#6985=SURFACE_STYLE_FILL_AREA(#7071);
#6986=SURFACE_STYLE_FILL_AREA(#7072);
#6987=SURFACE_STYLE_FILL_AREA(#7073);
#6988=SURFACE_STYLE_FILL_AREA(#7074);
#6989=SURFACE_STYLE_FILL_AREA(#7075);
#6990=SURFACE_STYLE_FILL_AREA(#7076);
#6991=SURFACE_STYLE_FILL_AREA(#7077);
#6992=SURFACE_STYLE_FILL_AREA(#7078);
#6993=SURFACE_STYLE_FILL_AREA(#7079);
#6994=SURFACE_STYLE_FILL_AREA(#7080);
#6995=SURFACE_STYLE_FILL_AREA(#7081);
#6996=SURFACE_STYLE_FILL_AREA(#7082);
#6997=SURFACE_STYLE_FILL_AREA(#7083);
#6998=SURFACE_STYLE_FILL_AREA(#7084);
#6999=SURFACE_STYLE_FILL_AREA(#7085);
#7000=SURFACE_STYLE_FILL_AREA(#7086);
#7001=SURFACE_STYLE_FILL_AREA(#7087);
#7002=SURFACE_STYLE_FILL_AREA(#7088);
#7003=SURFACE_STYLE_FILL_AREA(#7089);
#7004=SURFACE_STYLE_FILL_AREA(#7090);
#7005=SURFACE_STYLE_FILL_AREA(#7091);
#7006=SURFACE_STYLE_FILL_AREA(#7092);
#7007=SURFACE_STYLE_FILL_AREA(#7093);
#7008=SURFACE_STYLE_FILL_AREA(#7094);
#7009=SURFACE_STYLE_FILL_AREA(#7095);
#7010=SURFACE_STYLE_FILL_AREA(#7096);
#7011=SURFACE_STYLE_FILL_AREA(#7097);
#7012=SURFACE_STYLE_FILL_AREA(#7098);
#7013=SURFACE_STYLE_FILL_AREA(#7099);
#7014=SURFACE_STYLE_FILL_AREA(#7100);
#7015=SURFACE_STYLE_FILL_AREA(#7101);
#7016=SURFACE_STYLE_FILL_AREA(#7102);
#7017=SURFACE_STYLE_FILL_AREA(#7103);
#7018=SURFACE_STYLE_FILL_AREA(#7104);
#7019=SURFACE_STYLE_FILL_AREA(#7105);
#7020=SURFACE_STYLE_FILL_AREA(#7106);
#7021=SURFACE_STYLE_FILL_AREA(#7107);
#7022=SURFACE_STYLE_FILL_AREA(#7108);
#7023=SURFACE_STYLE_FILL_AREA(#7109);
#7024=SURFACE_STYLE_FILL_AREA(#7110);
#7025=SURFACE_STYLE_FILL_AREA(#7111);
#7026=SURFACE_STYLE_FILL_AREA(#7112);
#7027=SURFACE_STYLE_FILL_AREA(#7113);
#7028=SURFACE_STYLE_FILL_AREA(#7114);
#7029=SURFACE_STYLE_FILL_AREA(#7115);
#7030=SURFACE_STYLE_FILL_AREA(#7116);
#7031=SURFACE_STYLE_FILL_AREA(#7117);
#7032=SURFACE_STYLE_FILL_AREA(#7118);
#7033=SURFACE_STYLE_FILL_AREA(#7119);
#7034=SURFACE_STYLE_FILL_AREA(#7120);
#7035=SURFACE_STYLE_FILL_AREA(#7121);
#7036=SURFACE_STYLE_FILL_AREA(#7122);
#7037=SURFACE_STYLE_FILL_AREA(#7123);
#7038=SURFACE_STYLE_FILL_AREA(#7124);
#7039=SURFACE_STYLE_FILL_AREA(#7125);
#7040=SURFACE_STYLE_FILL_AREA(#7126);
#7041=SURFACE_STYLE_FILL_AREA(#7127);
#7042=SURFACE_STYLE_FILL_AREA(#7128);
#7043=SURFACE_STYLE_FILL_AREA(#7129);
#7044=SURFACE_STYLE_FILL_AREA(#7130);
#7045=SURFACE_STYLE_FILL_AREA(#7131);
#7046=SURFACE_STYLE_FILL_AREA(#7132);
#7047=FILL_AREA_STYLE('',(#7133));
#7048=FILL_AREA_STYLE('',(#7134));
#7049=FILL_AREA_STYLE('',(#7135));
#7050=FILL_AREA_STYLE('',(#7136));
#7051=FILL_AREA_STYLE('',(#7137));
#7052=FILL_AREA_STYLE('',(#7138));
#7053=FILL_AREA_STYLE('',(#7139));
#7054=FILL_AREA_STYLE('',(#7140));
#7055=FILL_AREA_STYLE('',(#7141));
#7056=FILL_AREA_STYLE('',(#7142));
#7057=FILL_AREA_STYLE('',(#7143));
#7058=FILL_AREA_STYLE('',(#7144));
#7059=FILL_AREA_STYLE('',(#7145));
#7060=FILL_AREA_STYLE('',(#7146));
#7061=FILL_AREA_STYLE('',(#7147));
#7062=FILL_AREA_STYLE('',(#7148));
#7063=FILL_AREA_STYLE('',(#7149));
#7064=FILL_AREA_STYLE('',(#7150));
#7065=FILL_AREA_STYLE('',(#7151));
#7066=FILL_AREA_STYLE('',(#7152));
#7067=FILL_AREA_STYLE('',(#7153));
#7068=FILL_AREA_STYLE('',(#7154));
#7069=FILL_AREA_STYLE('',(#7155));
#7070=FILL_AREA_STYLE('',(#7156));
#7071=FILL_AREA_STYLE('',(#7157));
#7072=FILL_AREA_STYLE('',(#7158));
#7073=FILL_AREA_STYLE('',(#7159));
#7074=FILL_AREA_STYLE('',(#7160));
#7075=FILL_AREA_STYLE('',(#7161));
#7076=FILL_AREA_STYLE('',(#7162));
#7077=FILL_AREA_STYLE('',(#7163));
#7078=FILL_AREA_STYLE('',(#7164));
#7079=FILL_AREA_STYLE('',(#7165));
#7080=FILL_AREA_STYLE('',(#7166));
#7081=FILL_AREA_STYLE('',(#7167));
#7082=FILL_AREA_STYLE('',(#7168));
#7083=FILL_AREA_STYLE('',(#7169));
#7084=FILL_AREA_STYLE('',(#7170));
#7085=FILL_AREA_STYLE('',(#7171));
#7086=FILL_AREA_STYLE('',(#7172));
#7087=FILL_AREA_STYLE('',(#7173));
#7088=FILL_AREA_STYLE('',(#7174));
#7089=FILL_AREA_STYLE('',(#7175));
#7090=FILL_AREA_STYLE('',(#7176));
#7091=FILL_AREA_STYLE('',(#7177));
#7092=FILL_AREA_STYLE('',(#7178));
#7093=FILL_AREA_STYLE('',(#7179));
#7094=FILL_AREA_STYLE('',(#7180));
#7095=FILL_AREA_STYLE('',(#7181));
#7096=FILL_AREA_STYLE('',(#7182));
#7097=FILL_AREA_STYLE('',(#7183));
#7098=FILL_AREA_STYLE('',(#7184));
#7099=FILL_AREA_STYLE('',(#7185));
#7100=FILL_AREA_STYLE('',(#7186));
#7101=FILL_AREA_STYLE('',(#7187));
#7102=FILL_AREA_STYLE('',(#7188));
#7103=FILL_AREA_STYLE('',(#7189));
#7104=FILL_AREA_STYLE('',(#7190));
#7105=FILL_AREA_STYLE('',(#7191));
#7106=FILL_AREA_STYLE('',(#7192));
#7107=FILL_AREA_STYLE('',(#7193));
#7108=FILL_AREA_STYLE('',(#7194));
#7109=FILL_AREA_STYLE('',(#7195));
#7110=FILL_AREA_STYLE('',(#7196));
#7111=FILL_AREA_STYLE('',(#7197));
#7112=FILL_AREA_STYLE('',(#7198));
#7113=FILL_AREA_STYLE('',(#7199));
#7114=FILL_AREA_STYLE('',(#7200));
#7115=FILL_AREA_STYLE('',(#7201));
#7116=FILL_AREA_STYLE('',(#7202));
#7117=FILL_AREA_STYLE('',(#7203));
#7118=FILL_AREA_STYLE('',(#7204));
#7119=FILL_AREA_STYLE('',(#7205));
#7120=FILL_AREA_STYLE('',(#7206));
#7121=FILL_AREA_STYLE('',(#7207));
#7122=FILL_AREA_STYLE('',(#7208));
#7123=FILL_AREA_STYLE('',(#7209));
#7124=FILL_AREA_STYLE('',(#7210));
#7125=FILL_AREA_STYLE('',(#7211));
#7126=FILL_AREA_STYLE('',(#7212));
#7127=FILL_AREA_STYLE('',(#7213));
#7128=FILL_AREA_STYLE('',(#7214));
#7129=FILL_AREA_STYLE('',(#7215));
#7130=FILL_AREA_STYLE('',(#7216));
#7131=FILL_AREA_STYLE('',(#7217));
#7132=FILL_AREA_STYLE('',(#7218));
#7133=FILL_AREA_STYLE_COLOUR('',#7219);
#7134=FILL_AREA_STYLE_COLOUR('',#7220);
#7135=FILL_AREA_STYLE_COLOUR('',#7220);
#7136=FILL_AREA_STYLE_COLOUR('',#7220);
#7137=FILL_AREA_STYLE_COLOUR('',#7220);
#7138=FILL_AREA_STYLE_COLOUR('',#7220);
#7139=FILL_AREA_STYLE_COLOUR('',#7220);
#7140=FILL_AREA_STYLE_COLOUR('',#7220);
#7141=FILL_AREA_STYLE_COLOUR('',#7220);
#7142=FILL_AREA_STYLE_COLOUR('',#7220);
#7143=FILL_AREA_STYLE_COLOUR('',#7220);
#7144=FILL_AREA_STYLE_COLOUR('',#7220);
#7145=FILL_AREA_STYLE_COLOUR('',#7220);
#7146=FILL_AREA_STYLE_COLOUR('',#7220);
#7147=FILL_AREA_STYLE_COLOUR('',#7220);
#7148=FILL_AREA_STYLE_COLOUR('',#7220);
#7149=FILL_AREA_STYLE_COLOUR('',#7220);
#7150=FILL_AREA_STYLE_COLOUR('',#7220);
#7151=FILL_AREA_STYLE_COLOUR('',#7220);
#7152=FILL_AREA_STYLE_COLOUR('',#7220);
#7153=FILL_AREA_STYLE_COLOUR('',#7220);
#7154=FILL_AREA_STYLE_COLOUR('',#7220);
#7155=FILL_AREA_STYLE_COLOUR('',#7220);
#7156=FILL_AREA_STYLE_COLOUR('',#7220);
#7157=FILL_AREA_STYLE_COLOUR('',#7219);
#7158=FILL_AREA_STYLE_COLOUR('',#7221);
#7159=FILL_AREA_STYLE_COLOUR('',#7222);
#7160=FILL_AREA_STYLE_COLOUR('',#7221);
#7161=FILL_AREA_STYLE_COLOUR('',#42);
#7162=FILL_AREA_STYLE_COLOUR('',#7221);
#7163=FILL_AREA_STYLE_COLOUR('',#7220);
#7164=FILL_AREA_STYLE_COLOUR('',#7223);
#7165=FILL_AREA_STYLE_COLOUR('',#7224);
#7166=FILL_AREA_STYLE_COLOUR('',#7224);
#7167=FILL_AREA_STYLE_COLOUR('',#7224);
#7168=FILL_AREA_STYLE_COLOUR('',#7224);
#7169=FILL_AREA_STYLE_COLOUR('',#7225);
#7170=FILL_AREA_STYLE_COLOUR('',#7226);
#7171=FILL_AREA_STYLE_COLOUR('',#7226);
#7172=FILL_AREA_STYLE_COLOUR('',#7226);
#7173=FILL_AREA_STYLE_COLOUR('',#7226);
#7174=FILL_AREA_STYLE_COLOUR('',#7226);
#7175=FILL_AREA_STYLE_COLOUR('',#7226);
#7176=FILL_AREA_STYLE_COLOUR('',#7226);
#7177=FILL_AREA_STYLE_COLOUR('',#7226);
#7178=FILL_AREA_STYLE_COLOUR('',#7226);
#7179=FILL_AREA_STYLE_COLOUR('',#7226);
#7180=FILL_AREA_STYLE_COLOUR('',#7226);
#7181=FILL_AREA_STYLE_COLOUR('',#7226);
#7182=FILL_AREA_STYLE_COLOUR('',#7226);
#7183=FILL_AREA_STYLE_COLOUR('',#7226);
#7184=FILL_AREA_STYLE_COLOUR('',#7226);
#7185=FILL_AREA_STYLE_COLOUR('',#7226);
#7186=FILL_AREA_STYLE_COLOUR('',#7226);
#7187=FILL_AREA_STYLE_COLOUR('',#7226);
#7188=FILL_AREA_STYLE_COLOUR('',#7226);
#7189=FILL_AREA_STYLE_COLOUR('',#7226);
#7190=FILL_AREA_STYLE_COLOUR('',#42);
#7191=FILL_AREA_STYLE_COLOUR('',#42);
#7192=FILL_AREA_STYLE_COLOUR('',#42);
#7193=FILL_AREA_STYLE_COLOUR('',#42);
#7194=FILL_AREA_STYLE_COLOUR('',#42);
#7195=FILL_AREA_STYLE_COLOUR('',#42);
#7196=FILL_AREA_STYLE_COLOUR('',#42);
#7197=FILL_AREA_STYLE_COLOUR('',#42);
#7198=FILL_AREA_STYLE_COLOUR('',#42);
#7199=FILL_AREA_STYLE_COLOUR('',#42);
#7200=FILL_AREA_STYLE_COLOUR('',#42);
#7201=FILL_AREA_STYLE_COLOUR('',#42);
#7202=FILL_AREA_STYLE_COLOUR('',#42);
#7203=FILL_AREA_STYLE_COLOUR('',#42);
#7204=FILL_AREA_STYLE_COLOUR('',#42);
#7205=FILL_AREA_STYLE_COLOUR('',#42);
#7206=FILL_AREA_STYLE_COLOUR('',#42);
#7207=FILL_AREA_STYLE_COLOUR('',#7226);
#7208=FILL_AREA_STYLE_COLOUR('',#7226);
#7209=FILL_AREA_STYLE_COLOUR('',#7226);
#7210=FILL_AREA_STYLE_COLOUR('',#7226);
#7211=FILL_AREA_STYLE_COLOUR('',#7226);
#7212=FILL_AREA_STYLE_COLOUR('',#7226);
#7213=FILL_AREA_STYLE_COLOUR('',#7226);
#7214=FILL_AREA_STYLE_COLOUR('',#7226);
#7215=FILL_AREA_STYLE_COLOUR('',#7226);
#7216=FILL_AREA_STYLE_COLOUR('',#7226);
#7217=FILL_AREA_STYLE_COLOUR('',#7226);
#7218=FILL_AREA_STYLE_COLOUR('',#7226);
#7219=COLOUR_RGB('',0.792156862745098,0.819607843137255,0.933333333333333);
#7220=COLOUR_RGB('',0.101960784313725,0.101960784313725,0.101960784313725);
#7221=COLOUR_RGB('',0.949019607843137,0.76078431372549,0.180392156862745);
#7222=COLOUR_RGB('',0.898039215686275,0.92156862745098,0.929411764705882);
#7223=COLOUR_RGB('',0.823529411764706,0.823529411764706,0.823529411764706);
#7224=COLOUR_RGB('',0.654901960784314,0.309803921568627,0.);
#7225=COLOUR_RGB('',0.250980392156863,0.250980392156863,0.250980392156863);
#7226=COLOUR_RGB('',0.647058823529412,0.619607843137255,0.588235294117647);
#7227=MANIFOLD_SOLID_BREP('Solid1',#6685);
#7228=MANIFOLD_SOLID_BREP('Solid1',#6686);
#7229=MANIFOLD_SOLID_BREP('Solid4',#6687);
#7230=MANIFOLD_SOLID_BREP('Solid2',#6688);
#7231=MANIFOLD_SOLID_BREP('Solid3',#6689);
#7232=MANIFOLD_SOLID_BREP('Solid1',#6690);
#7233=MANIFOLD_SOLID_BREP('Solid2',#6691);
#7234=MANIFOLD_SOLID_BREP('Solid1',#6692);
#7235=MANIFOLD_SOLID_BREP('Solid1',#6693);
#7236=SHAPE_DEFINITION_REPRESENTATION(#12384,#7247);
#7237=SHAPE_DEFINITION_REPRESENTATION(#12385,#7248);
#7238=SHAPE_DEFINITION_REPRESENTATION(#12387,#7249);
#7239=SHAPE_DEFINITION_REPRESENTATION(#12388,#7250);
#7240=SHAPE_DEFINITION_REPRESENTATION(#12390,#7251);
#7241=SHAPE_DEFINITION_REPRESENTATION(#12392,#7252);
#7242=SHAPE_DEFINITION_REPRESENTATION(#12394,#7253);
#7243=SHAPE_DEFINITION_REPRESENTATION(#12396,#7254);
#7244=SHAPE_DEFINITION_REPRESENTATION(#12398,#7255);
#7245=SHAPE_DEFINITION_REPRESENTATION(#12401,#7256);
#7246=SHAPE_DEFINITION_REPRESENTATION(#12405,#7257);
#7247=SHAPE_REPRESENTATION('Joystick Module',(#7258,#7335,#7957),#12359);
#7248=SHAPE_REPRESENTATION('Solid1',(#7258),#12360);
#7249=SHAPE_REPRESENTATION('Thumb Joystick <1>',(#7258,#7363,#7370,#7402,
#7409,#7420,#7427,#7428,#7475,#7476,#7477,#7955,#7956),#12361);
#7250=SHAPE_REPRESENTATION('Solid1',(#7258),#12362);
#7251=SHAPE_REPRESENTATION('Solid4',(#7258),#12363);
#7252=SHAPE_REPRESENTATION('Solid2',(#7258),#12364);
#7253=SHAPE_REPRESENTATION('Solid3',(#7258),#12365);
#7254=SHAPE_REPRESENTATION('Solid1',(#7258),#12366);
#7255=SHAPE_REPRESENTATION('Solid2',(#7258),#12367);
#7256=SHAPE_REPRESENTATION('Solid1',(#7258),#12368);
#7257=SHAPE_REPRESENTATION('Solid1',(#7258),#12369);
#7258=AXIS2_PLACEMENT_3D('',#9967,#7958,#7959);
#7259=AXIS2_PLACEMENT_3D('',#9968,#7960,#7961);
#7260=AXIS2_PLACEMENT_3D('',#9977,#7966,#7967);
#7261=AXIS2_PLACEMENT_3D('',#9986,#7972,#7973);
#7262=AXIS2_PLACEMENT_3D('',#9995,#7978,#7979);
#7263=AXIS2_PLACEMENT_3D('',#10004,#7984,#7985);
#7264=AXIS2_PLACEMENT_3D('',#10013,#7990,#7991);
#7265=AXIS2_PLACEMENT_3D('',#10019,#7995,#7996);
#7266=AXIS2_PLACEMENT_3D('',#10028,#8001,#8002);
#7267=AXIS2_PLACEMENT_3D('',#10034,#8006,#8007);
#7268=AXIS2_PLACEMENT_3D('',#10043,#8012,#8013);
#7269=AXIS2_PLACEMENT_3D('',#10049,#8017,#8018);
#7270=AXIS2_PLACEMENT_3D('',#10058,#8023,#8024);
#7271=AXIS2_PLACEMENT_3D('',#10064,#8028,#8029);
#7272=AXIS2_PLACEMENT_3D('',#10073,#8034,#8035);
#7273=AXIS2_PLACEMENT_3D('',#10079,#8039,#8040);
#7274=AXIS2_PLACEMENT_3D('',#10088,#8045,#8046);
#7275=AXIS2_PLACEMENT_3D('',#10094,#8050,#8051);
#7276=AXIS2_PLACEMENT_3D('',#10103,#8056,#8057);
#7277=AXIS2_PLACEMENT_3D('',#10109,#8061,#8062);
#7278=AXIS2_PLACEMENT_3D('',#10118,#8067,#8068);
#7279=AXIS2_PLACEMENT_3D('',#10124,#8072,#8073);
#7280=AXIS2_PLACEMENT_3D('',#10241,#8080,#8081);
#7281=AXIS2_PLACEMENT_3D('',#10246,#8085,#8086);
#7282=AXIS2_PLACEMENT_3D('',#10251,#8090,#8091);
#7283=AXIS2_PLACEMENT_3D('',#10253,#8093,#8094);
#7284=AXIS2_PLACEMENT_3D('',#10254,#8095,#8096);
#7285=AXIS2_PLACEMENT_3D('',#10371,#8103,#8104);
#7286=AXIS2_PLACEMENT_3D('',#10376,#8108,#8109);
#7287=AXIS2_PLACEMENT_3D('',#10381,#8113,#8114);
#7288=AXIS2_PLACEMENT_3D('',#10383,#8116,#8117);
#7289=AXIS2_PLACEMENT_3D('',#10384,#8118,#8119);
#7290=AXIS2_PLACEMENT_3D('',#10501,#8126,#8127);
#7291=AXIS2_PLACEMENT_3D('',#10506,#8131,#8132);
#7292=AXIS2_PLACEMENT_3D('',#10511,#8136,#8137);
#7293=AXIS2_PLACEMENT_3D('',#10513,#8139,#8140);
#7294=AXIS2_PLACEMENT_3D('',#10514,#8141,#8142);
#7295=AXIS2_PLACEMENT_3D('',#10631,#8149,#8150);
#7296=AXIS2_PLACEMENT_3D('',#10636,#8154,#8155);
#7297=AXIS2_PLACEMENT_3D('',#10641,#8159,#8160);
#7298=AXIS2_PLACEMENT_3D('',#10643,#8162,#8163);
#7299=AXIS2_PLACEMENT_3D('',#10644,#8164,#8165);
#7300=AXIS2_PLACEMENT_3D('',#10761,#8172,#8173);
#7301=AXIS2_PLACEMENT_3D('',#10766,#8177,#8178);
#7302=AXIS2_PLACEMENT_3D('',#10771,#8182,#8183);
#7303=AXIS2_PLACEMENT_3D('',#10773,#8185,#8186);
#7304=AXIS2_PLACEMENT_3D('',#10774,#8187,#8188);
#7305=AXIS2_PLACEMENT_3D('',#10777,#8191,#8192);
#7306=AXIS2_PLACEMENT_3D('',#10780,#8195,#8196);
#7307=AXIS2_PLACEMENT_3D('',#10783,#8199,#8200);
#7308=AXIS2_PLACEMENT_3D('',#10784,#8201,#8202);
#7309=AXIS2_PLACEMENT_3D('',#10786,#8203,#8204);
#7310=AXIS2_PLACEMENT_3D('',#10788,#8205,#8206);
#7311=AXIS2_PLACEMENT_3D('',#10789,#8207,#8208);
#7312=AXIS2_PLACEMENT_3D('',#10791,#8209,#8210);
#7313=AXIS2_PLACEMENT_3D('',#10793,#8211,#8212);
#7314=AXIS2_PLACEMENT_3D('',#10794,#8213,#8214);
#7315=AXIS2_PLACEMENT_3D('',#10796,#8215,#8216);
#7316=AXIS2_PLACEMENT_3D('',#10798,#8217,#8218);
#7317=AXIS2_PLACEMENT_3D('',#10799,#8219,#8220);
#7318=AXIS2_PLACEMENT_3D('',#10801,#8221,#8222);
#7319=AXIS2_PLACEMENT_3D('',#10803,#8223,#8224);
#7320=AXIS2_PLACEMENT_3D('',#10812,#8229,#8230);
#7321=AXIS2_PLACEMENT_3D('',#10818,#8234,#8235);
#7322=AXIS2_PLACEMENT_3D('',#10824,#8239,#8240);
#7323=AXIS2_PLACEMENT_3D('',#10827,#8243,#8244);
#7324=AXIS2_PLACEMENT_3D('',#10828,#8245,#8246);
#7325=AXIS2_PLACEMENT_3D('',#10838,#8256,#8257);
#7326=AXIS2_PLACEMENT_3D('',#10840,#8259,#8260);
#7327=AXIS2_PLACEMENT_3D('',#10842,#8262,#8263);
#7328=AXIS2_PLACEMENT_3D('',#10844,#8265,#8266);
#7329=AXIS2_PLACEMENT_3D('',#10846,#8268,#8269);
#7330=AXIS2_PLACEMENT_3D('',#10848,#8271,#8272);
#7331=AXIS2_PLACEMENT_3D('',#10850,#8274,#8275);
#7332=AXIS2_PLACEMENT_3D('',#10852,#8277,#8278);
#7333=AXIS2_PLACEMENT_3D('',#10854,#8280,#8281);
#7334=AXIS2_PLACEMENT_3D('',#10856,#8283,#8284);
#7335=AXIS2_PLACEMENT_3D('',#10857,#8285,#8286);
#7336=AXIS2_PLACEMENT_3D('',#10858,#8287,#8288);
#7337=AXIS2_PLACEMENT_3D('',#10859,#8289,#8290);
#7338=AXIS2_PLACEMENT_3D('',#10861,#8291,#8292);
#7339=AXIS2_PLACEMENT_3D('',#10863,#8293,#8294);
#7340=AXIS2_PLACEMENT_3D('',#10864,#8295,#8296);
#7341=AXIS2_PLACEMENT_3D('',#10866,#8297,#8298);
#7342=AXIS2_PLACEMENT_3D('',#10867,#8299,#8300);
#7343=AXIS2_PLACEMENT_3D('',#10869,#8301,#8302);
#7344=AXIS2_PLACEMENT_3D('',#10870,#8303,#8304);
#7345=AXIS2_PLACEMENT_3D('',#10872,#8305,#8306);
#7346=AXIS2_PLACEMENT_3D('',#10873,#8307,#8308);
#7347=AXIS2_PLACEMENT_3D('',#10875,#8309,#8310);
#7348=AXIS2_PLACEMENT_3D('',#10876,#8311,#8312);
#7349=AXIS2_PLACEMENT_3D('',#10878,#8313,#8314);
#7350=AXIS2_PLACEMENT_3D('',#10879,#8315,#8316);
#7351=AXIS2_PLACEMENT_3D('',#10881,#8317,#8318);
#7352=AXIS2_PLACEMENT_3D('',#10882,#8319,#8320);
#7353=AXIS2_PLACEMENT_3D('',#10884,#8321,#8322);
#7354=AXIS2_PLACEMENT_3D('',#10885,#8323,#8324);
#7355=AXIS2_PLACEMENT_3D('',#10887,#8325,#8326);
#7356=AXIS2_PLACEMENT_3D('',#10888,#8327,#8328);
#7357=AXIS2_PLACEMENT_3D('',#10890,#8329,#8330);
#7358=AXIS2_PLACEMENT_3D('',#10891,#8331,#8332);
#7359=AXIS2_PLACEMENT_3D('',#10893,#8333,#8334);
#7360=AXIS2_PLACEMENT_3D('',#10894,#8335,#8336);
#7361=AXIS2_PLACEMENT_3D('',#10895,#8337,#8338);
#7362=AXIS2_PLACEMENT_3D('',#10897,#8339,#8340);
#7363=AXIS2_PLACEMENT_3D('',#10898,#8341,#8342);
#7364=AXIS2_PLACEMENT_3D('',#10899,#8343,#8344);
#7365=AXIS2_PLACEMENT_3D('',#10908,#8349,#8350);
#7366=AXIS2_PLACEMENT_3D('',#10917,#8355,#8356);
#7367=AXIS2_PLACEMENT_3D('',#10920,#8359,#8360);
#7368=AXIS2_PLACEMENT_3D('',#10922,#8362,#8363);
#7369=AXIS2_PLACEMENT_3D('',#10924,#8365,#8366);
#7370=AXIS2_PLACEMENT_3D('',#10925,#8367,#8368);
#7371=AXIS2_PLACEMENT_3D('',#10926,#8369,#8370);
#7372=AXIS2_PLACEMENT_3D('',#10935,#8375,#8376);
#7373=AXIS2_PLACEMENT_3D('',#10941,#8380,#8381);
#7374=AXIS2_PLACEMENT_3D('',#10945,#8384,#8385);
#7375=AXIS2_PLACEMENT_3D('',#10949,#8388,#8389);
#7376=AXIS2_PLACEMENT_3D('',#10951,#8391,#8392);
#7377=AXIS2_PLACEMENT_3D('',#10960,#8397,#8398);
#7378=AXIS2_PLACEMENT_3D('',#10966,#8402,#8403);
#7379=AXIS2_PLACEMENT_3D('',#10972,#8407,#8408);
#7380=AXIS2_PLACEMENT_3D('',#10981,#8413,#8414);
#7381=AXIS2_PLACEMENT_3D('',#10987,#8418,#8419);
#7382=AXIS2_PLACEMENT_3D('',#10993,#8423,#8424);
#7383=AXIS2_PLACEMENT_3D('',#11002,#8429,#8430);
#7384=AXIS2_PLACEMENT_3D('',#11008,#8434,#8435);
#7385=AXIS2_PLACEMENT_3D('',#11014,#8439,#8440);
#7386=AXIS2_PLACEMENT_3D('',#11023,#8445,#8446);
#7387=AXIS2_PLACEMENT_3D('',#11029,#8450,#8451);
#7388=AXIS2_PLACEMENT_3D('',#11035,#8455,#8456);
#7389=AXIS2_PLACEMENT_3D('',#11044,#8461,#8462);
#7390=AXIS2_PLACEMENT_3D('',#11048,#8466,#8467);
#7391=AXIS2_PLACEMENT_3D('',#11051,#8470,#8471);
#7392=AXIS2_PLACEMENT_3D('',#11054,#8474,#8475);
#7393=AXIS2_PLACEMENT_3D('',#11056,#8477,#8478);
#7394=AXIS2_PLACEMENT_3D('',#11067,#8485,#8486);
#7395=AXIS2_PLACEMENT_3D('',#11073,#8490,#8491);
#7396=AXIS2_PLACEMENT_3D('',#11081,#8497,#8498);
#7397=AXIS2_PLACEMENT_3D('',#11084,#8501,#8502);
#7398=AXIS2_PLACEMENT_3D('',#11085,#8503,#8504);
#7399=AXIS2_PLACEMENT_3D('',#11086,#8505,#8506);
#7400=AXIS2_PLACEMENT_3D('',#11087,#8507,#8508);
#7401=AXIS2_PLACEMENT_3D('',#11088,#8509,#8510);
#7402=AXIS2_PLACEMENT_3D('',#11089,#8511,#8512);
#7403=AXIS2_PLACEMENT_3D('',#11090,#8513,#8514);
#7404=AXIS2_PLACEMENT_3D('',#11099,#8519,#8520);
#7405=AXIS2_PLACEMENT_3D('',#11108,#8525,#8526);
#7406=AXIS2_PLACEMENT_3D('',#11111,#8529,#8530);
#7407=AXIS2_PLACEMENT_3D('',#11113,#8532,#8533);
#7408=AXIS2_PLACEMENT_3D('',#11115,#8535,#8536);
#7409=AXIS2_PLACEMENT_3D('',#11116,#8537,#8538);
#7410=AXIS2_PLACEMENT_3D('',#11117,#8539,#8540);
#7411=AXIS2_PLACEMENT_3D('',#11134,#8549,#8550);
#7412=AXIS2_PLACEMENT_3D('',#11151,#8559,#8560);
#7413=AXIS2_PLACEMENT_3D('',#11154,#8563,#8564);
#7414=AXIS2_PLACEMENT_3D('',#11156,#8566,#8567);
#7415=AXIS2_PLACEMENT_3D('',#11158,#8569,#8570);
#7416=AXIS2_PLACEMENT_3D('',#11160,#8572,#8573);
#7417=AXIS2_PLACEMENT_3D('',#11162,#8575,#8576);
#7418=AXIS2_PLACEMENT_3D('',#11164,#8578,#8579);
#7419=AXIS2_PLACEMENT_3D('',#11166,#8581,#8582);
#7420=AXIS2_PLACEMENT_3D('',#11167,#8583,#8584);
#7421=AXIS2_PLACEMENT_3D('',#11168,#8585,#8586);
#7422=AXIS2_PLACEMENT_3D('',#11177,#8591,#8592);
#7423=AXIS2_PLACEMENT_3D('',#11186,#8597,#8598);
#7424=AXIS2_PLACEMENT_3D('',#11189,#8601,#8602);
#7425=AXIS2_PLACEMENT_3D('',#11191,#8604,#8605);
#7426=AXIS2_PLACEMENT_3D('',#11193,#8607,#8608);
#7427=AXIS2_PLACEMENT_3D('',#11194,#8609,#8610);
#7428=AXIS2_PLACEMENT_3D('',#11195,#8611,#8612);
#7429=AXIS2_PLACEMENT_3D('',#11196,#8613,#8614);
#7430=AXIS2_PLACEMENT_3D('',#11197,#8615,#8616);
#7431=AXIS2_PLACEMENT_3D('',#11199,#8617,#8618);
#7432=AXIS2_PLACEMENT_3D('',#11200,#8619,#8620);
#7433=AXIS2_PLACEMENT_3D('',#11202,#8621,#8622);
#7434=AXIS2_PLACEMENT_3D('',#11203,#8623,#8624);
#7435=AXIS2_PLACEMENT_3D('',#11208,#8626,#8627);
#7436=AXIS2_PLACEMENT_3D('',#11211,#8629,#8630);
#7437=AXIS2_PLACEMENT_3D('',#11217,#8634,#8635);
#7438=AXIS2_PLACEMENT_3D('',#11218,#8636,#8637);
#7439=AXIS2_PLACEMENT_3D('',#11221,#8639,#8640);
#7440=AXIS2_PLACEMENT_3D('',#11225,#8643,#8644);
#7441=AXIS2_PLACEMENT_3D('',#11226,#8645,#8646);
#7442=AXIS2_PLACEMENT_3D('',#11227,#8647,#8648);
#7443=AXIS2_PLACEMENT_3D('',#11228,#8649,#8650);
#7444=AXIS2_PLACEMENT_3D('',#11233,#8652,#8653);
#7445=AXIS2_PLACEMENT_3D('',#11236,#8655,#8656);
#7446=AXIS2_PLACEMENT_3D('',#11242,#8660,#8661);
#7447=AXIS2_PLACEMENT_3D('',#11243,#8662,#8663);
#7448=AXIS2_PLACEMENT_3D('',#11246,#8665,#8666);
#7449=AXIS2_PLACEMENT_3D('',#11250,#8669,#8670);
#7450=AXIS2_PLACEMENT_3D('',#11251,#8671,#8672);
#7451=AXIS2_PLACEMENT_3D('',#11252,#8673,#8674);
#7452=AXIS2_PLACEMENT_3D('',#11253,#8675,#8676);
#7453=AXIS2_PLACEMENT_3D('',#11258,#8678,#8679);
#7454=AXIS2_PLACEMENT_3D('',#11261,#8681,#8682);
#7455=AXIS2_PLACEMENT_3D('',#11267,#8686,#8687);
#7456=AXIS2_PLACEMENT_3D('',#11268,#8688,#8689);
#7457=AXIS2_PLACEMENT_3D('',#11271,#8691,#8692);
#7458=AXIS2_PLACEMENT_3D('',#11275,#8695,#8696);
#7459=AXIS2_PLACEMENT_3D('',#11276,#8697,#8698);
#7460=AXIS2_PLACEMENT_3D('',#11277,#8699,#8700);
#7461=AXIS2_PLACEMENT_3D('',#11278,#8701,#8702);
#7462=AXIS2_PLACEMENT_3D('',#11283,#8704,#8705);
#7463=AXIS2_PLACEMENT_3D('',#11286,#8707,#8708);
#7464=AXIS2_PLACEMENT_3D('',#11292,#8712,#8713);
#7465=AXIS2_PLACEMENT_3D('',#11293,#8714,#8715);
#7466=AXIS2_PLACEMENT_3D('',#11296,#8717,#8718);
#7467=AXIS2_PLACEMENT_3D('',#11300,#8721,#8722);
#7468=AXIS2_PLACEMENT_3D('',#11301,#8723,#8724);
#7469=AXIS2_PLACEMENT_3D('',#11302,#8725,#8726);
#7470=AXIS2_PLACEMENT_3D('',#11311,#8731,#8732);
#7471=AXIS2_PLACEMENT_3D('',#11320,#8737,#8738);
#7472=AXIS2_PLACEMENT_3D('',#11323,#8741,#8742);
#7473=AXIS2_PLACEMENT_3D('',#11325,#8744,#8745);
#7474=AXIS2_PLACEMENT_3D('',#11327,#8747,#8748);
#7475=AXIS2_PLACEMENT_3D('',#11328,#8749,#8750);
#7476=AXIS2_PLACEMENT_3D('',#11329,#8751,#8752);
#7477=AXIS2_PLACEMENT_3D('',#11330,#8753,#8754);
#7478=AXIS2_PLACEMENT_3D('',#11331,#8755,#8756);
#7479=AXIS2_PLACEMENT_3D('',#11340,#8761,#8762);
#7480=AXIS2_PLACEMENT_3D('',#11341,#8763,#8764);
#7481=AXIS2_PLACEMENT_3D('',#11345,#8766,#8767);
#7482=AXIS2_PLACEMENT_3D('',#11346,#8768,#8769);
#7483=AXIS2_PLACEMENT_3D('',#11352,#8773,#8774);
#7484=AXIS2_PLACEMENT_3D('',#11357,#8777,#8778);
#7485=AXIS2_PLACEMENT_3D('',#11361,#8780,#8781);
#7486=AXIS2_PLACEMENT_3D('',#11362,#8782,#8783);
#7487=AXIS2_PLACEMENT_3D('',#11365,#8785,#8786);
#7488=AXIS2_PLACEMENT_3D('',#11369,#8788,#8789);
#7489=AXIS2_PLACEMENT_3D('',#11372,#8791,#8792);
#7490=AXIS2_PLACEMENT_3D('',#11375,#8795,#8796);
#7491=AXIS2_PLACEMENT_3D('',#11384,#8801,#8802);
#7492=AXIS2_PLACEMENT_3D('',#11385,#8803,#8804);
#7493=AXIS2_PLACEMENT_3D('',#11387,#8805,#8806);
#7494=AXIS2_PLACEMENT_3D('',#11390,#8808,#8809);
#7495=AXIS2_PLACEMENT_3D('',#11396,#8813,#8814);
#7496=AXIS2_PLACEMENT_3D('',#11400,#8816,#8817);
#7497=AXIS2_PLACEMENT_3D('',#11404,#8819,#8820);
#7498=AXIS2_PLACEMENT_3D('',#11405,#8821,#8822);
#7499=AXIS2_PLACEMENT_3D('',#11414,#8827,#8828);
#7500=AXIS2_PLACEMENT_3D('',#11415,#8829,#8830);
#7501=AXIS2_PLACEMENT_3D('',#11417,#8831,#8832);
#7502=AXIS2_PLACEMENT_3D('',#11420,#8834,#8835);
#7503=AXIS2_PLACEMENT_3D('',#11426,#8839,#8840);
#7504=AXIS2_PLACEMENT_3D('',#11430,#8842,#8843);
#7505=AXIS2_PLACEMENT_3D('',#11434,#8845,#8846);
#7506=AXIS2_PLACEMENT_3D('',#11435,#8847,#8848);
#7507=AXIS2_PLACEMENT_3D('',#11444,#8853,#8854);
#7508=AXIS2_PLACEMENT_3D('',#11445,#8855,#8856);
#7509=AXIS2_PLACEMENT_3D('',#11449,#8858,#8859);
#7510=AXIS2_PLACEMENT_3D('',#11450,#8860,#8861);
#7511=AXIS2_PLACEMENT_3D('',#11456,#8865,#8866);
#7512=AXIS2_PLACEMENT_3D('',#11459,#8868,#8869);
#7513=AXIS2_PLACEMENT_3D('',#11463,#8871,#8872);
#7514=AXIS2_PLACEMENT_3D('',#11466,#8874,#8875);
#7515=AXIS2_PLACEMENT_3D('',#11471,#8878,#8879);
#7516=AXIS2_PLACEMENT_3D('',#11475,#8881,#8882);
#7517=AXIS2_PLACEMENT_3D('',#11476,#8883,#8884);
#7518=AXIS2_PLACEMENT_3D('',#11479,#8887,#8888);
#7519=AXIS2_PLACEMENT_3D('',#11480,#8889,#8890);
#7520=AXIS2_PLACEMENT_3D('',#11483,#8891,#8892);
#7521=AXIS2_PLACEMENT_3D('',#11485,#8893,#8894);
#7522=AXIS2_PLACEMENT_3D('',#11487,#8895,#8896);
#7523=AXIS2_PLACEMENT_3D('',#11488,#8897,#8898);
#7524=AXIS2_PLACEMENT_3D('',#11489,#8899,#8900);
#7525=AXIS2_PLACEMENT_3D('',#11494,#8903,#8904);
#7526=AXIS2_PLACEMENT_3D('',#11495,#8905,#8906);
#7527=AXIS2_PLACEMENT_3D('',#11500,#8909,#8910);
#7528=AXIS2_PLACEMENT_3D('',#11501,#8911,#8912);
#7529=AXIS2_PLACEMENT_3D('',#11504,#8913,#8914);
#7530=AXIS2_PLACEMENT_3D('',#11505,#8915,#8916);
#7531=AXIS2_PLACEMENT_3D('',#11506,#8917,#8918);
#7532=AXIS2_PLACEMENT_3D('',#11507,#8919,#8920);
#7533=AXIS2_PLACEMENT_3D('',#11510,#8921,#8922);
#7534=AXIS2_PLACEMENT_3D('',#11511,#8923,#8924);
#7535=AXIS2_PLACEMENT_3D('',#11512,#8925,#8926);
#7536=AXIS2_PLACEMENT_3D('',#11513,#8927,#8928);
#7537=AXIS2_PLACEMENT_3D('',#11518,#8931,#8932);
#7538=AXIS2_PLACEMENT_3D('',#11519,#8933,#8934);
#7539=AXIS2_PLACEMENT_3D('',#11524,#8937,#8938);
#7540=AXIS2_PLACEMENT_3D('',#11525,#8939,#8940);
#7541=AXIS2_PLACEMENT_3D('',#11526,#8941,#8942);
#7542=AXIS2_PLACEMENT_3D('',#11527,#8943,#8944);
#7543=AXIS2_PLACEMENT_3D('',#11528,#8945,#8946);
#7544=AXIS2_PLACEMENT_3D('',#11531,#8947,#8948);
#7545=AXIS2_PLACEMENT_3D('',#11533,#8949,#8950);
#7546=AXIS2_PLACEMENT_3D('',#11535,#8951,#8952);
#7547=AXIS2_PLACEMENT_3D('',#11536,#8953,#8954);
#7548=AXIS2_PLACEMENT_3D('',#11537,#8955,#8956);
#7549=AXIS2_PLACEMENT_3D('',#11542,#8959,#8960);
#7550=AXIS2_PLACEMENT_3D('',#11543,#8961,#8962);
#7551=AXIS2_PLACEMENT_3D('',#11546,#8963,#8964);
#7552=AXIS2_PLACEMENT_3D('',#11547,#8965,#8966);
#7553=AXIS2_PLACEMENT_3D('',#11548,#8967,#8968);
#7554=AXIS2_PLACEMENT_3D('',#11549,#8969,#8970);
#7555=AXIS2_PLACEMENT_3D('',#11554,#8973,#8974);
#7556=AXIS2_PLACEMENT_3D('',#11555,#8975,#8976);
#7557=AXIS2_PLACEMENT_3D('',#11560,#8979,#8980);
#7558=AXIS2_PLACEMENT_3D('',#11561,#8981,#8982);
#7559=AXIS2_PLACEMENT_3D('',#11565,#8984,#8985);
#7560=AXIS2_PLACEMENT_3D('',#11568,#8987,#8988);
#7561=AXIS2_PLACEMENT_3D('',#11569,#8989,#8990);
#7562=AXIS2_PLACEMENT_3D('',#11574,#8992,#8993);
#7563=AXIS2_PLACEMENT_3D('',#11576,#8995,#8996);
#7564=AXIS2_PLACEMENT_3D('',#11577,#8997,#8998);
#7565=AXIS2_PLACEMENT_3D('',#11579,#8999,#9000);
#7566=AXIS2_PLACEMENT_3D('',#11580,#9001,#9002);
#7567=AXIS2_PLACEMENT_3D('',#11581,#9003,#9004);
#7568=AXIS2_PLACEMENT_3D('',#11582,#9005,#9006);
#7569=AXIS2_PLACEMENT_3D('',#11583,#9007,#9008);
#7570=AXIS2_PLACEMENT_3D('',#11585,#9009,#9010);
#7571=AXIS2_PLACEMENT_3D('',#11586,#9011,#9012);
#7572=AXIS2_PLACEMENT_3D('',#11587,#9013,#9014);
#7573=AXIS2_PLACEMENT_3D('',#11592,#9017,#9018);
#7574=AXIS2_PLACEMENT_3D('',#11593,#9019,#9020);
#7575=AXIS2_PLACEMENT_3D('',#11598,#9023,#9024);
#7576=AXIS2_PLACEMENT_3D('',#11599,#9025,#9026);
#7577=AXIS2_PLACEMENT_3D('',#11603,#9029,#9030);
#7578=AXIS2_PLACEMENT_3D('',#11604,#9031,#9032);
#7579=AXIS2_PLACEMENT_3D('',#11608,#9035,#9036);
#7580=AXIS2_PLACEMENT_3D('',#11609,#9037,#9038);
#7581=AXIS2_PLACEMENT_3D('',#11614,#9041,#9042);
#7582=AXIS2_PLACEMENT_3D('',#11615,#9043,#9044);
#7583=AXIS2_PLACEMENT_3D('',#11617,#9045,#9046);
#7584=AXIS2_PLACEMENT_3D('',#11618,#9047,#9048);
#7585=AXIS2_PLACEMENT_3D('',#11619,#9049,#9050);
#7586=AXIS2_PLACEMENT_3D('',#11620,#9051,#9052);
#7587=AXIS2_PLACEMENT_3D('',#11621,#9053,#9054);
#7588=AXIS2_PLACEMENT_3D('',#11623,#9055,#9056);
#7589=AXIS2_PLACEMENT_3D('',#11624,#9057,#9058);
#7590=AXIS2_PLACEMENT_3D('',#11625,#9059,#9060);
#7591=AXIS2_PLACEMENT_3D('',#11630,#9063,#9064);
#7592=AXIS2_PLACEMENT_3D('',#11631,#9065,#9066);
#7593=AXIS2_PLACEMENT_3D('',#11636,#9069,#9070);
#7594=AXIS2_PLACEMENT_3D('',#11637,#9071,#9072);
#7595=AXIS2_PLACEMENT_3D('',#11642,#9075,#9076);
#7596=AXIS2_PLACEMENT_3D('',#11643,#9077,#9078);
#7597=AXIS2_PLACEMENT_3D('',#11648,#9081,#9082);
#7598=AXIS2_PLACEMENT_3D('',#11649,#9083,#9084);
#7599=AXIS2_PLACEMENT_3D('',#11652,#9085,#9086);
#7600=AXIS2_PLACEMENT_3D('',#11653,#9087,#9088);
#7601=AXIS2_PLACEMENT_3D('',#11654,#9089,#9090);
#7602=AXIS2_PLACEMENT_3D('',#11655,#9091,#9092);
#7603=AXIS2_PLACEMENT_3D('',#11657,#9093,#9094);
#7604=AXIS2_PLACEMENT_3D('',#11658,#9095,#9096);
#7605=AXIS2_PLACEMENT_3D('',#11659,#9097,#9098);
#7606=AXIS2_PLACEMENT_3D('',#11662,#9099,#9100);
#7607=AXIS2_PLACEMENT_3D('',#11663,#9101,#9102);
#7608=AXIS2_PLACEMENT_3D('',#11664,#9103,#9104);
#7609=AXIS2_PLACEMENT_3D('',#11665,#9105,#9106);
#7610=AXIS2_PLACEMENT_3D('',#11667,#9107,#9108);
#7611=AXIS2_PLACEMENT_3D('',#11668,#9109,#9110);
#7612=AXIS2_PLACEMENT_3D('',#11670,#9111,#9112);
#7613=AXIS2_PLACEMENT_3D('',#11671,#9113,#9114);
#7614=AXIS2_PLACEMENT_3D('',#11672,#9115,#9116);
#7615=AXIS2_PLACEMENT_3D('',#11677,#9119,#9120);
#7616=AXIS2_PLACEMENT_3D('',#11678,#9121,#9122);
#7617=AXIS2_PLACEMENT_3D('',#11683,#9125,#9126);
#7618=AXIS2_PLACEMENT_3D('',#11684,#9127,#9128);
#7619=AXIS2_PLACEMENT_3D('',#11688,#9131,#9132);
#7620=AXIS2_PLACEMENT_3D('',#11689,#9133,#9134);
#7621=AXIS2_PLACEMENT_3D('',#11694,#9137,#9138);
#7622=AXIS2_PLACEMENT_3D('',#11695,#9139,#9140);
#7623=AXIS2_PLACEMENT_3D('',#11700,#9143,#9144);
#7624=AXIS2_PLACEMENT_3D('',#11701,#9145,#9146);
#7625=AXIS2_PLACEMENT_3D('',#11706,#9149,#9150);
#7626=AXIS2_PLACEMENT_3D('',#11707,#9151,#9152);
#7627=AXIS2_PLACEMENT_3D('',#11711,#9155,#9156);
#7628=AXIS2_PLACEMENT_3D('',#11715,#9159,#9160);
#7629=AXIS2_PLACEMENT_3D('',#11718,#9162,#9163);
#7630=AXIS2_PLACEMENT_3D('',#11719,#9164,#9165);
#7631=AXIS2_PLACEMENT_3D('',#11722,#9166,#9167);
#7632=AXIS2_PLACEMENT_3D('',#11723,#9168,#9169);
#7633=AXIS2_PLACEMENT_3D('',#11724,#9170,#9171);
#7634=AXIS2_PLACEMENT_3D('',#11725,#9172,#9173);
#7635=AXIS2_PLACEMENT_3D('',#11727,#9174,#9175);
#7636=AXIS2_PLACEMENT_3D('',#11728,#9176,#9177);
#7637=AXIS2_PLACEMENT_3D('',#11729,#9178,#9179);
#7638=AXIS2_PLACEMENT_3D('',#11732,#9180,#9181);
#7639=AXIS2_PLACEMENT_3D('',#11733,#9182,#9183);
#7640=AXIS2_PLACEMENT_3D('',#11734,#9184,#9185);
#7641=AXIS2_PLACEMENT_3D('',#11735,#9186,#9187);
#7642=AXIS2_PLACEMENT_3D('',#11737,#9188,#9189);
#7643=AXIS2_PLACEMENT_3D('',#11738,#9190,#9191);
#7644=AXIS2_PLACEMENT_3D('',#11739,#9192,#9193);
#7645=AXIS2_PLACEMENT_3D('',#11740,#9194,#9195);
#7646=AXIS2_PLACEMENT_3D('',#11741,#9196,#9197);
#7647=AXIS2_PLACEMENT_3D('',#11744,#9198,#9199);
#7648=AXIS2_PLACEMENT_3D('',#11745,#9200,#9201);
#7649=AXIS2_PLACEMENT_3D('',#11746,#9202,#9203);
#7650=AXIS2_PLACEMENT_3D('',#11747,#9204,#9205);
#7651=AXIS2_PLACEMENT_3D('',#11752,#9208,#9209);
#7652=AXIS2_PLACEMENT_3D('',#11753,#9210,#9211);
#7653=AXIS2_PLACEMENT_3D('',#11758,#9214,#9215);
#7654=AXIS2_PLACEMENT_3D('',#11759,#9216,#9217);
#7655=AXIS2_PLACEMENT_3D('',#11764,#9220,#9221);
#7656=AXIS2_PLACEMENT_3D('',#11765,#9222,#9223);
#7657=AXIS2_PLACEMENT_3D('',#11769,#9226,#9227);
#7658=AXIS2_PLACEMENT_3D('',#11770,#9228,#9229);
#7659=AXIS2_PLACEMENT_3D('',#11775,#9232,#9233);
#7660=AXIS2_PLACEMENT_3D('',#11776,#9234,#9235);
#7661=AXIS2_PLACEMENT_3D('',#11781,#9238,#9239);
#7662=AXIS2_PLACEMENT_3D('',#11782,#9240,#9241);
#7663=AXIS2_PLACEMENT_3D('',#11787,#9244,#9245);
#7664=AXIS2_PLACEMENT_3D('',#11788,#9246,#9247);
#7665=AXIS2_PLACEMENT_3D('',#11792,#9250,#9251);
#7666=AXIS2_PLACEMENT_3D('',#11793,#9252,#9253);
#7667=AXIS2_PLACEMENT_3D('',#11797,#9256,#9257);
#7668=AXIS2_PLACEMENT_3D('',#11798,#9258,#9259);
#7669=AXIS2_PLACEMENT_3D('',#11800,#9260,#9261);
#7670=AXIS2_PLACEMENT_3D('',#11801,#9262,#9263);
#7671=AXIS2_PLACEMENT_3D('',#11802,#9264,#9265);
#7672=AXIS2_PLACEMENT_3D('',#11805,#9266,#9267);
#7673=AXIS2_PLACEMENT_3D('',#11806,#9268,#9269);
#7674=AXIS2_PLACEMENT_3D('',#11807,#9270,#9271);
#7675=AXIS2_PLACEMENT_3D('',#11808,#9272,#9273);
#7676=AXIS2_PLACEMENT_3D('',#11809,#9274,#9275);
#7677=AXIS2_PLACEMENT_3D('',#11810,#9276,#9277);
#7678=AXIS2_PLACEMENT_3D('',#11813,#9278,#9279);
#7679=AXIS2_PLACEMENT_3D('',#11814,#9280,#9281);
#7680=AXIS2_PLACEMENT_3D('',#11815,#9282,#9283);
#7681=AXIS2_PLACEMENT_3D('',#11816,#9284,#9285);
#7682=AXIS2_PLACEMENT_3D('',#11818,#9286,#9287);
#7683=AXIS2_PLACEMENT_3D('',#11819,#9288,#9289);
#7684=AXIS2_PLACEMENT_3D('',#11820,#9290,#9291);
#7685=AXIS2_PLACEMENT_3D('',#11821,#9292,#9293);
#7686=AXIS2_PLACEMENT_3D('',#11822,#9294,#9295);
#7687=AXIS2_PLACEMENT_3D('',#11827,#9298,#9299);
#7688=AXIS2_PLACEMENT_3D('',#11828,#9300,#9301);
#7689=AXIS2_PLACEMENT_3D('',#11833,#9304,#9305);
#7690=AXIS2_PLACEMENT_3D('',#11834,#9306,#9307);
#7691=AXIS2_PLACEMENT_3D('',#11838,#9310,#9311);
#7692=AXIS2_PLACEMENT_3D('',#11839,#9312,#9313);
#7693=AXIS2_PLACEMENT_3D('',#11844,#9316,#9317);
#7694=AXIS2_PLACEMENT_3D('',#11845,#9318,#9319);
#7695=AXIS2_PLACEMENT_3D('',#11850,#9322,#9323);
#7696=AXIS2_PLACEMENT_3D('',#11851,#9324,#9325);
#7697=AXIS2_PLACEMENT_3D('',#11855,#9328,#9329);
#7698=AXIS2_PLACEMENT_3D('',#11856,#9330,#9331);
#7699=AXIS2_PLACEMENT_3D('',#11861,#9334,#9335);
#7700=AXIS2_PLACEMENT_3D('',#11862,#9336,#9337);
#7701=AXIS2_PLACEMENT_3D('',#11866,#9340,#9341);
#7702=AXIS2_PLACEMENT_3D('',#11867,#9342,#9343);
#7703=AXIS2_PLACEMENT_3D('',#11872,#9346,#9347);
#7704=AXIS2_PLACEMENT_3D('',#11873,#9348,#9349);
#7705=AXIS2_PLACEMENT_3D('',#11875,#9350,#9351);
#7706=AXIS2_PLACEMENT_3D('',#11876,#9352,#9353);
#7707=AXIS2_PLACEMENT_3D('',#11877,#9354,#9355);
#7708=AXIS2_PLACEMENT_3D('',#11878,#9356,#9357);
#7709=AXIS2_PLACEMENT_3D('',#11879,#9358,#9359);
#7710=AXIS2_PLACEMENT_3D('',#11881,#9360,#9361);
#7711=AXIS2_PLACEMENT_3D('',#11882,#9362,#9363);
#7712=AXIS2_PLACEMENT_3D('',#11883,#9364,#9365);
#7713=AXIS2_PLACEMENT_3D('',#11884,#9366,#9367);
#7714=AXIS2_PLACEMENT_3D('',#11885,#9368,#9369);
#7715=AXIS2_PLACEMENT_3D('',#11886,#9370,#9371);
#7716=AXIS2_PLACEMENT_3D('',#11887,#9372,#9373);
#7717=AXIS2_PLACEMENT_3D('',#11890,#9374,#9375);
#7718=AXIS2_PLACEMENT_3D('',#11891,#9376,#9377);
#7719=AXIS2_PLACEMENT_3D('',#11892,#9378,#9379);
#7720=AXIS2_PLACEMENT_3D('',#11893,#9380,#9381);
#7721=AXIS2_PLACEMENT_3D('',#11898,#9384,#9385);
#7722=AXIS2_PLACEMENT_3D('',#11899,#9386,#9387);
#7723=AXIS2_PLACEMENT_3D('',#11904,#9390,#9391);
#7724=AXIS2_PLACEMENT_3D('',#11905,#9392,#9393);
#7725=AXIS2_PLACEMENT_3D('',#11910,#9396,#9397);
#7726=AXIS2_PLACEMENT_3D('',#11911,#9398,#9399);
#7727=AXIS2_PLACEMENT_3D('',#11915,#9402,#9403);
#7728=AXIS2_PLACEMENT_3D('',#11916,#9404,#9405);
#7729=AXIS2_PLACEMENT_3D('',#11921,#9408,#9409);
#7730=AXIS2_PLACEMENT_3D('',#11922,#9410,#9411);
#7731=AXIS2_PLACEMENT_3D('',#11927,#9414,#9415);
#7732=AXIS2_PLACEMENT_3D('',#11928,#9416,#9417);
#7733=AXIS2_PLACEMENT_3D('',#11932,#9420,#9421);
#7734=AXIS2_PLACEMENT_3D('',#11933,#9422,#9423);
#7735=AXIS2_PLACEMENT_3D('',#11937,#9426,#9427);
#7736=AXIS2_PLACEMENT_3D('',#11938,#9428,#9429);
#7737=AXIS2_PLACEMENT_3D('',#11943,#9432,#9433);
#7738=AXIS2_PLACEMENT_3D('',#11944,#9434,#9435);
#7739=AXIS2_PLACEMENT_3D('',#11947,#9436,#9437);
#7740=AXIS2_PLACEMENT_3D('',#11948,#9438,#9439);
#7741=AXIS2_PLACEMENT_3D('',#11949,#9440,#9441);
#7742=AXIS2_PLACEMENT_3D('',#11950,#9442,#9443);
#7743=AXIS2_PLACEMENT_3D('',#11953,#9444,#9445);
#7744=AXIS2_PLACEMENT_3D('',#11954,#9446,#9447);
#7745=AXIS2_PLACEMENT_3D('',#11955,#9448,#9449);
#7746=AXIS2_PLACEMENT_3D('',#11956,#9450,#9451);
#7747=AXIS2_PLACEMENT_3D('',#11958,#9452,#9453);
#7748=AXIS2_PLACEMENT_3D('',#11959,#9454,#9455);
#7749=AXIS2_PLACEMENT_3D('',#11960,#9456,#9457);
#7750=AXIS2_PLACEMENT_3D('',#11962,#9458,#9459);
#7751=AXIS2_PLACEMENT_3D('',#11963,#9460,#9461);
#7752=AXIS2_PLACEMENT_3D('',#11964,#9462,#9463);
#7753=AXIS2_PLACEMENT_3D('',#11965,#9464,#9465);
#7754=AXIS2_PLACEMENT_3D('',#11966,#9466,#9467);
#7755=AXIS2_PLACEMENT_3D('',#11969,#9468,#9469);
#7756=AXIS2_PLACEMENT_3D('',#11970,#9470,#9471);
#7757=AXIS2_PLACEMENT_3D('',#11971,#9472,#9473);
#7758=AXIS2_PLACEMENT_3D('',#11972,#9474,#9475);
#7759=AXIS2_PLACEMENT_3D('',#11977,#9478,#9479);
#7760=AXIS2_PLACEMENT_3D('',#11978,#9480,#9481);
#7761=AXIS2_PLACEMENT_3D('',#11983,#9484,#9485);
#7762=AXIS2_PLACEMENT_3D('',#11984,#9486,#9487);
#7763=AXIS2_PLACEMENT_3D('',#11988,#9490,#9491);
#7764=AXIS2_PLACEMENT_3D('',#11989,#9492,#9493);
#7765=AXIS2_PLACEMENT_3D('',#11994,#9496,#9497);
#7766=AXIS2_PLACEMENT_3D('',#11995,#9498,#9499);
#7767=AXIS2_PLACEMENT_3D('',#12000,#9502,#9503);
#7768=AXIS2_PLACEMENT_3D('',#12001,#9504,#9505);
#7769=AXIS2_PLACEMENT_3D('',#12005,#9508,#9509);
#7770=AXIS2_PLACEMENT_3D('',#12006,#9510,#9511);
#7771=AXIS2_PLACEMENT_3D('',#12011,#9514,#9515);
#7772=AXIS2_PLACEMENT_3D('',#12012,#9516,#9517);
#7773=AXIS2_PLACEMENT_3D('',#12017,#9520,#9521);
#7774=AXIS2_PLACEMENT_3D('',#12018,#9522,#9523);
#7775=AXIS2_PLACEMENT_3D('',#12023,#9526,#9527);
#7776=AXIS2_PLACEMENT_3D('',#12024,#9528,#9529);
#7777=AXIS2_PLACEMENT_3D('',#12027,#9530,#9531);
#7778=AXIS2_PLACEMENT_3D('',#12028,#9532,#9533);
#7779=AXIS2_PLACEMENT_3D('',#12029,#9534,#9535);
#7780=AXIS2_PLACEMENT_3D('',#12030,#9536,#9537);
#7781=AXIS2_PLACEMENT_3D('',#12031,#9538,#9539);
#7782=AXIS2_PLACEMENT_3D('',#12032,#9540,#9541);
#7783=AXIS2_PLACEMENT_3D('',#12034,#9542,#9543);
#7784=AXIS2_PLACEMENT_3D('',#12035,#9544,#9545);
#7785=AXIS2_PLACEMENT_3D('',#12036,#9546,#9547);
#7786=AXIS2_PLACEMENT_3D('',#12038,#9548,#9549);
#7787=AXIS2_PLACEMENT_3D('',#12039,#9550,#9551);
#7788=AXIS2_PLACEMENT_3D('',#12040,#9552,#9553);
#7789=AXIS2_PLACEMENT_3D('',#12041,#9554,#9555);
#7790=AXIS2_PLACEMENT_3D('',#12042,#9556,#9557);
#7791=AXIS2_PLACEMENT_3D('',#12043,#9558,#9559);
#7792=AXIS2_PLACEMENT_3D('',#12045,#9560,#9561);
#7793=AXIS2_PLACEMENT_3D('',#12046,#9562,#9563);
#7794=AXIS2_PLACEMENT_3D('',#12049,#9565,#9566);
#7795=AXIS2_PLACEMENT_3D('',#12053,#9569,#9570);
#7796=AXIS2_PLACEMENT_3D('',#12054,#9571,#9572);
#7797=AXIS2_PLACEMENT_3D('',#12058,#9575,#9576);
#7798=AXIS2_PLACEMENT_3D('',#12059,#9577,#9578);
#7799=AXIS2_PLACEMENT_3D('',#12063,#9581,#9582);
#7800=AXIS2_PLACEMENT_3D('',#12064,#9583,#9584);
#7801=AXIS2_PLACEMENT_3D('',#12069,#9587,#9588);
#7802=AXIS2_PLACEMENT_3D('',#12070,#9589,#9590);
#7803=AXIS2_PLACEMENT_3D('',#12075,#9593,#9594);
#7804=AXIS2_PLACEMENT_3D('',#12076,#9595,#9596);
#7805=AXIS2_PLACEMENT_3D('',#12080,#9599,#9600);
#7806=AXIS2_PLACEMENT_3D('',#12081,#9601,#9602);
#7807=AXIS2_PLACEMENT_3D('',#12084,#9605,#9606);
#7808=AXIS2_PLACEMENT_3D('',#12085,#9607,#9608);
#7809=AXIS2_PLACEMENT_3D('',#12090,#9611,#9612);
#7810=AXIS2_PLACEMENT_3D('',#12091,#9613,#9614);
#7811=AXIS2_PLACEMENT_3D('',#12092,#9615,#9616);
#7812=AXIS2_PLACEMENT_3D('',#12093,#9617,#9618);
#7813=AXIS2_PLACEMENT_3D('',#12094,#9619,#9620);
#7814=AXIS2_PLACEMENT_3D('',#12096,#9621,#9622);
#7815=AXIS2_PLACEMENT_3D('',#12097,#9623,#9624);
#7816=AXIS2_PLACEMENT_3D('',#12098,#9625,#9626);
#7817=AXIS2_PLACEMENT_3D('',#12099,#9627,#9628);
#7818=AXIS2_PLACEMENT_3D('',#12101,#9629,#9630);
#7819=AXIS2_PLACEMENT_3D('',#12102,#9631,#9632);
#7820=AXIS2_PLACEMENT_3D('',#12103,#9633,#9634);
#7821=AXIS2_PLACEMENT_3D('',#12108,#9637,#9638);
#7822=AXIS2_PLACEMENT_3D('',#12109,#9639,#9640);
#7823=AXIS2_PLACEMENT_3D('',#12114,#9643,#9644);
#7824=AXIS2_PLACEMENT_3D('',#12115,#9645,#9646);
#7825=AXIS2_PLACEMENT_3D('',#12120,#9649,#9650);
#7826=AXIS2_PLACEMENT_3D('',#12121,#9651,#9652);
#7827=AXIS2_PLACEMENT_3D('',#12126,#9655,#9656);
#7828=AXIS2_PLACEMENT_3D('',#12127,#9657,#9658);
#7829=AXIS2_PLACEMENT_3D('',#12128,#9659,#9660);
#7830=AXIS2_PLACEMENT_3D('',#12129,#9661,#9662);
#7831=AXIS2_PLACEMENT_3D('',#12130,#9663,#9664);
#7832=AXIS2_PLACEMENT_3D('',#12133,#9665,#9666);
#7833=AXIS2_PLACEMENT_3D('',#12134,#9667,#9668);
#7834=AXIS2_PLACEMENT_3D('',#12135,#9669,#9670);
#7835=AXIS2_PLACEMENT_3D('',#12136,#9671,#9672);
#7836=AXIS2_PLACEMENT_3D('',#12140,#9674,#9675);
#7837=AXIS2_PLACEMENT_3D('',#12143,#9677,#9678);
#7838=AXIS2_PLACEMENT_3D('',#12144,#9679,#9680);
#7839=AXIS2_PLACEMENT_3D('',#12148,#9683,#9684);
#7840=AXIS2_PLACEMENT_3D('',#12149,#9685,#9686);
#7841=AXIS2_PLACEMENT_3D('',#12152,#9689,#9690);
#7842=AXIS2_PLACEMENT_3D('',#12153,#9691,#9692);
#7843=AXIS2_PLACEMENT_3D('',#12158,#9695,#9696);
#7844=AXIS2_PLACEMENT_3D('',#12159,#9697,#9698);
#7845=AXIS2_PLACEMENT_3D('',#12162,#9699,#9700);
#7846=AXIS2_PLACEMENT_3D('',#12163,#9701,#9702);
#7847=AXIS2_PLACEMENT_3D('',#12164,#9703,#9704);
#7848=AXIS2_PLACEMENT_3D('',#12165,#9705,#9706);
#7849=AXIS2_PLACEMENT_3D('',#12166,#9707,#9708);
#7850=AXIS2_PLACEMENT_3D('',#12168,#9709,#9710);
#7851=AXIS2_PLACEMENT_3D('',#12170,#9711,#9712);
#7852=AXIS2_PLACEMENT_3D('',#12171,#9713,#9714);
#7853=AXIS2_PLACEMENT_3D('',#12173,#9715,#9716);
#7854=AXIS2_PLACEMENT_3D('',#12175,#9717,#9718);
#7855=AXIS2_PLACEMENT_3D('',#12176,#9719,#9720);
#7856=AXIS2_PLACEMENT_3D('',#12178,#9721,#9722);
#7857=AXIS2_PLACEMENT_3D('',#12180,#9723,#9724);
#7858=AXIS2_PLACEMENT_3D('',#12181,#9725,#9726);
#7859=AXIS2_PLACEMENT_3D('',#12183,#9727,#9728);
#7860=AXIS2_PLACEMENT_3D('',#12185,#9729,#9730);
#7861=AXIS2_PLACEMENT_3D('',#12186,#9731,#9732);
#7862=AXIS2_PLACEMENT_3D('',#12188,#9733,#9734);
#7863=AXIS2_PLACEMENT_3D('',#12190,#9735,#9736);
#7864=AXIS2_PLACEMENT_3D('',#12191,#9737,#9738);
#7865=AXIS2_PLACEMENT_3D('',#12192,#9739,#9740);
#7866=AXIS2_PLACEMENT_3D('',#12194,#9741,#9742);
#7867=AXIS2_PLACEMENT_3D('',#12195,#9743,#9744);
#7868=AXIS2_PLACEMENT_3D('',#12196,#9745,#9746);
#7869=AXIS2_PLACEMENT_3D('',#12198,#9747,#9748);
#7870=AXIS2_PLACEMENT_3D('',#12199,#9749,#9750);
#7871=AXIS2_PLACEMENT_3D('',#12200,#9751,#9752);
#7872=AXIS2_PLACEMENT_3D('',#12202,#9753,#9754);
#7873=AXIS2_PLACEMENT_3D('',#12203,#9755,#9756);
#7874=AXIS2_PLACEMENT_3D('',#12204,#9757,#9758);
#7875=AXIS2_PLACEMENT_3D('',#12206,#9759,#9760);
#7876=AXIS2_PLACEMENT_3D('',#12207,#9761,#9762);
#7877=AXIS2_PLACEMENT_3D('',#12208,#9763,#9764);
#7878=AXIS2_PLACEMENT_3D('',#12210,#9765,#9766);
#7879=AXIS2_PLACEMENT_3D('',#12211,#9767,#9768);
#7880=AXIS2_PLACEMENT_3D('',#12212,#9769,#9770);
#7881=AXIS2_PLACEMENT_3D('',#12213,#9771,#9772);
#7882=AXIS2_PLACEMENT_3D('',#12214,#9773,#9774);
#7883=AXIS2_PLACEMENT_3D('',#12215,#9775,#9776);
#7884=AXIS2_PLACEMENT_3D('',#12216,#9777,#9778);
#7885=AXIS2_PLACEMENT_3D('',#12217,#9779,#9780);
#7886=AXIS2_PLACEMENT_3D('',#12218,#9781,#9782);
#7887=AXIS2_PLACEMENT_3D('',#12219,#9783,#9784);
#7888=AXIS2_PLACEMENT_3D('',#12220,#9785,#9786);
#7889=AXIS2_PLACEMENT_3D('',#12221,#9787,#9788);
#7890=AXIS2_PLACEMENT_3D('',#12222,#9789,#9790);
#7891=AXIS2_PLACEMENT_3D('',#12223,#9791,#9792);
#7892=AXIS2_PLACEMENT_3D('',#12224,#9793,#9794);
#7893=AXIS2_PLACEMENT_3D('',#12225,#9795,#9796);
#7894=AXIS2_PLACEMENT_3D('',#12226,#9797,#9798);
#7895=AXIS2_PLACEMENT_3D('',#12227,#9799,#9800);
#7896=AXIS2_PLACEMENT_3D('',#12228,#9801,#9802);
#7897=AXIS2_PLACEMENT_3D('',#12234,#9806,#9807);
#7898=AXIS2_PLACEMENT_3D('',#12237,#9809,#9810);
#7899=AXIS2_PLACEMENT_3D('',#12238,#9811,#9812);
#7900=AXIS2_PLACEMENT_3D('',#12242,#9815,#9816);
#7901=AXIS2_PLACEMENT_3D('',#12245,#9818,#9819);
#7902=AXIS2_PLACEMENT_3D('',#12246,#9820,#9821);
#7903=AXIS2_PLACEMENT_3D('',#12250,#9824,#9825);
#7904=AXIS2_PLACEMENT_3D('',#12253,#9827,#9828);
#7905=AXIS2_PLACEMENT_3D('',#12254,#9829,#9830);
#7906=AXIS2_PLACEMENT_3D('',#12258,#9833,#9834);
#7907=AXIS2_PLACEMENT_3D('',#12259,#9835,#9836);
#7908=AXIS2_PLACEMENT_3D('',#12260,#9837,#9838);
#7909=AXIS2_PLACEMENT_3D('',#12265,#9841,#9842);
#7910=AXIS2_PLACEMENT_3D('',#12266,#9843,#9844);
#7911=AXIS2_PLACEMENT_3D('',#12271,#9847,#9848);
#7912=AXIS2_PLACEMENT_3D('',#12272,#9849,#9850);
#7913=AXIS2_PLACEMENT_3D('',#12277,#9853,#9854);
#7914=AXIS2_PLACEMENT_3D('',#12278,#9855,#9856);
#7915=AXIS2_PLACEMENT_3D('',#12283,#9859,#9860);
#7916=AXIS2_PLACEMENT_3D('',#12284,#9861,#9862);
#7917=AXIS2_PLACEMENT_3D('',#12289,#9867,#9868);
#7918=AXIS2_PLACEMENT_3D('',#12290,#9869,#9870);
#7919=AXIS2_PLACEMENT_3D('',#12291,#9871,#9872);
#7920=AXIS2_PLACEMENT_3D('',#12292,#9873,#9874);
#7921=AXIS2_PLACEMENT_3D('',#12294,#9876,#9877);
#7922=AXIS2_PLACEMENT_3D('',#12295,#9878,#9879);
#7923=AXIS2_PLACEMENT_3D('',#12297,#9881,#9882);
#7924=AXIS2_PLACEMENT_3D('',#12298,#9883,#9884);
#7925=AXIS2_PLACEMENT_3D('',#12299,#9885,#9886);
#7926=AXIS2_PLACEMENT_3D('',#12300,#9887,#9888);
#7927=AXIS2_PLACEMENT_3D('',#12301,#9889,#9890);
#7928=AXIS2_PLACEMENT_3D('',#12302,#9891,#9892);
#7929=AXIS2_PLACEMENT_3D('',#12303,#9893,#9894);
#7930=AXIS2_PLACEMENT_3D('',#12304,#9895,#9896);
#7931=AXIS2_PLACEMENT_3D('',#12307,#9897,#9898);
#7932=AXIS2_PLACEMENT_3D('',#12309,#9899,#9900);
#7933=AXIS2_PLACEMENT_3D('',#12310,#9901,#9902);
#7934=AXIS2_PLACEMENT_3D('',#12311,#9903,#9904);
#7935=AXIS2_PLACEMENT_3D('',#12314,#9906,#9907);
#7936=AXIS2_PLACEMENT_3D('',#12317,#9909,#9910);
#7937=AXIS2_PLACEMENT_3D('',#12320,#9913,#9914);
#7938=AXIS2_PLACEMENT_3D('',#12323,#9917,#9918);
#7939=AXIS2_PLACEMENT_3D('',#12326,#9921,#9922);
#7940=AXIS2_PLACEMENT_3D('',#12327,#9923,#9924);
#7941=AXIS2_PLACEMENT_3D('',#12328,#9925,#9926);
#7942=AXIS2_PLACEMENT_3D('',#12329,#9927,#9928);
#7943=AXIS2_PLACEMENT_3D('',#12333,#9930,#9931);
#7944=AXIS2_PLACEMENT_3D('',#12336,#9933,#9934);
#7945=AXIS2_PLACEMENT_3D('',#12337,#9935,#9936);
#7946=AXIS2_PLACEMENT_3D('',#12340,#9937,#9938);
#7947=AXIS2_PLACEMENT_3D('',#12341,#9939,#9940);
#7948=AXIS2_PLACEMENT_3D('',#12342,#9941,#9942);
#7949=AXIS2_PLACEMENT_3D('',#12346,#9946,#9947);
#7950=AXIS2_PLACEMENT_3D('',#12350,#9951,#9952);
#7951=AXIS2_PLACEMENT_3D('',#12351,#9953,#9954);
#7952=AXIS2_PLACEMENT_3D('',#12352,#9955,#9956);
#7953=AXIS2_PLACEMENT_3D('',#12353,#9957,#9958);
#7954=AXIS2_PLACEMENT_3D('',#12354,#9959,#9960);
#7955=AXIS2_PLACEMENT_3D('',#12355,#9961,#9962);
#7956=AXIS2_PLACEMENT_3D('',#12356,#9963,#9964);
#7957=AXIS2_PLACEMENT_3D('',#12357,#9965,#9966);
#7958=DIRECTION('',(0.,0.,1.));
#7959=DIRECTION('',(1.,0.,0.));
#7960=DIRECTION('',(-0.707106781186548,0.,0.707106781186548));
#7961=DIRECTION('',(-0.707106781186548,0.,-0.707106781186548));
#7962=DIRECTION('',(0.707106781186546,0.,0.707106781186549));
#7963=DIRECTION('',(0.,1.,0.));
#7964=DIRECTION('',(-0.707106781186546,0.,-0.707106781186549));
#7965=DIRECTION('',(0.,-1.,0.));
#7966=DIRECTION('',(-0.707106781186535,0.,-0.70710678118656));
#7967=DIRECTION('',(0.70710678118656,0.,-0.707106781186535));
#7968=DIRECTION('',(-0.70710678118656,0.,0.707106781186535));
#7969=DIRECTION('',(0.,1.,0.));
#7970=DIRECTION('',(0.70710678118656,0.,-0.707106781186535));
#7971=DIRECTION('',(0.,-1.,0.));
#7972=DIRECTION('',(0.707106781186548,0.,0.707106781186548));
#7973=DIRECTION('',(-0.707106781186548,0.,0.707106781186548));
#7974=DIRECTION('',(0.707106781186548,0.,-0.707106781186547));
#7975=DIRECTION('',(0.,1.,0.));
#7976=DIRECTION('',(-0.707106781186548,0.,0.707106781186547));
#7977=DIRECTION('',(0.,-1.,0.));
#7978=DIRECTION('',(0.707106781186548,0.,-0.707106781186548));
#7979=DIRECTION('',(0.707106781186548,0.,0.707106781186548));
#7980=DIRECTION('',(-0.707106781186555,0.,-0.707106781186541));
#7981=DIRECTION('',(0.,1.,0.));
#7982=DIRECTION('',(0.707106781186555,0.,0.707106781186541));
#7983=DIRECTION('',(0.,-1.,0.));
#7984=DIRECTION('',(-0.707106781186547,0.,0.707106781186548));
#7985=DIRECTION('',(0.707106781186548,0.,0.707106781186547));
#7986=DIRECTION('',(0.707106781186546,0.,0.707106781186549));
#7987=DIRECTION('',(0.,1.,0.));
#7988=DIRECTION('',(0.707106781186546,0.,0.707106781186549));
#7989=DIRECTION('',(0.,1.,0.));
#7990=DIRECTION('',(0.707106781186547,0.,0.707106781186549));
#7991=DIRECTION('',(0.707106781186549,0.,-0.707106781186546));
#7992=DIRECTION('',(0.707106781186547,0.,-0.707106781186548));
#7993=DIRECTION('',(0.70710678118655,0.,-0.707106781186546));
#7994=DIRECTION('',(-7.105427357601E-16,1.,8.88178419700125E-17));
#7995=DIRECTION('',(0.707106781186547,0.,0.707106781186549));
#7996=DIRECTION('',(0.707106781186549,0.,-0.707106781186546));
#7997=DIRECTION('',(0.707106781186544,0.,-0.707106781186551));
#7998=DIRECTION('',(0.,1.,0.));
#7999=DIRECTION('',(0.707106781186547,0.,-0.707106781186548));
#8000=DIRECTION('',(-7.105427357601E-16,1.,8.88178419700125E-17));
#8001=DIRECTION('',(-0.707106781186547,0.,0.707106781186548));
#8002=DIRECTION('',(0.707106781186548,0.,0.707106781186547));
#8003=DIRECTION('',(0.707106781186546,0.,0.707106781186549));
#8004=DIRECTION('',(0.,1.,0.));
#8005=DIRECTION('',(0.707106781186546,0.,0.707106781186549));
#8006=DIRECTION('',(0.707106781186543,0.,0.707106781186552));
#8007=DIRECTION('',(0.707106781186552,0.,-0.707106781186543));
#8008=DIRECTION('',(0.707106781186547,0.,-0.707106781186548));
#8009=DIRECTION('',(0.,1.,0.));
#8010=DIRECTION('',(0.707106781186553,0.,-0.707106781186542));
#8011=DIRECTION('',(-1.4210854715202E-15,1.,1.77635683940025E-16));
#8012=DIRECTION('',(-0.70710678118655,0.,0.707106781186545));
#8013=DIRECTION('',(0.707106781186545,0.,0.70710678118655));
#8014=DIRECTION('',(0.707106781186546,0.,0.70710678118655));
#8015=DIRECTION('',(0.,1.,0.));
#8016=DIRECTION('',(0.707106781186546,0.,0.70710678118655));
#8017=DIRECTION('',(-0.707106781186545,0.,-0.707106781186551));
#8018=DIRECTION('',(0.707106781186551,0.,-0.707106781186545));
#8019=DIRECTION('',(0.,1.,0.));
#8020=DIRECTION('',(0.707106781186546,0.,-0.707106781186549));
#8021=DIRECTION('',(-1.4210854715202E-15,1.,0.));
#8022=DIRECTION('',(0.707106781186552,0.,-0.707106781186543));
#8023=DIRECTION('',(0.707106781186549,0.,-0.707106781186546));
#8024=DIRECTION('',(0.707106781186546,0.,0.707106781186549));
#8025=DIRECTION('',(0.,1.,0.));
#8026=DIRECTION('',(0.707106781186548,0.,0.707106781186548));
#8027=DIRECTION('',(0.707106781186548,0.,0.707106781186548));
#8028=DIRECTION('',(0.707106781186546,0.,-0.707106781186549));
#8029=DIRECTION('',(0.707106781186549,0.,0.707106781186546));
#8030=DIRECTION('',(-7.105427357601E-16,1.,-7.105427357601E-16));
#8031=DIRECTION('',(0.707106781186554,0.,0.707106781186541));
#8032=DIRECTION('',(0.,1.,0.));
#8033=DIRECTION('',(0.707106781186554,0.,0.707106781186541));
#8034=DIRECTION('',(-0.707106781186548,0.,-0.707106781186548));
#8035=DIRECTION('',(0.707106781186548,0.,-0.707106781186548));
#8036=DIRECTION('',(0.707106781186548,0.,-0.707106781186548));
#8037=DIRECTION('',(0.,1.,0.));
#8038=DIRECTION('',(0.707106781186548,0.,-0.707106781186548));
#8039=DIRECTION('',(-0.707106781186548,0.,-0.707106781186548));
#8040=DIRECTION('',(0.707106781186548,0.,-0.707106781186548));
#8041=DIRECTION('',(0.,1.,0.));
#8042=DIRECTION('',(0.707106781186547,0.,-0.707106781186548));
#8043=DIRECTION('',(0.,1.,3.5527136788005E-16));
#8044=DIRECTION('',(0.707106781186545,0.,-0.70710678118655));
#8045=DIRECTION('',(0.707106781186546,0.,-0.707106781186549));
#8046=DIRECTION('',(0.707106781186549,0.,0.707106781186546));
#8047=DIRECTION('',(-7.105427357601E-16,1.,0.));
#8048=DIRECTION('',(0.707106781186561,0.,0.707106781186534));
#8049=DIRECTION('',(0.707106781186558,0.,0.707106781186537));
#8050=DIRECTION('',(-0.707106781186551,0.,-0.707106781186545));
#8051=DIRECTION('',(0.707106781186545,0.,-0.707106781186551));
#8052=DIRECTION('',(0.,1.,0.));
#8053=DIRECTION('',(0.707106781186545,0.,-0.70710678118655));
#8054=DIRECTION('',(-2.8421709430404E-15,1.,0.));
#8055=DIRECTION('',(0.707106781186558,0.,-0.707106781186537));
#8056=DIRECTION('',(0.707106781186543,0.,-0.707106781186552));
#8057=DIRECTION('',(0.707106781186552,0.,0.707106781186543));
#8058=DIRECTION('',(0.,1.,0.));
#8059=DIRECTION('',(0.707106781186548,0.,0.707106781186547));
#8060=DIRECTION('',(0.707106781186548,0.,0.707106781186547));
#8061=DIRECTION('',(0.70710678118655,0.,0.707106781186546));
#8062=DIRECTION('',(0.707106781186546,0.,-0.70710678118655));
#8063=DIRECTION('',(0.707106781186546,0.,-0.707106781186549));
#8064=DIRECTION('',(0.,1.,0.));
#8065=DIRECTION('',(0.707106781186545,0.,-0.70710678118655));
#8066=DIRECTION('',(0.,1.,1.77635683940025E-16));
#8067=DIRECTION('',(-0.707106781186544,0.,0.707106781186551));
#8068=DIRECTION('',(0.707106781186551,0.,0.707106781186544));
#8069=DIRECTION('',(0.707106781186552,0.,0.707106781186543));
#8070=DIRECTION('',(0.,1.,0.));
#8071=DIRECTION('',(0.707106781186552,0.,0.707106781186543));
#8072=DIRECTION('',(0.,-9.80513062083754E-7,0.999999999999519));
#8073=DIRECTION('',(1.,0.,0.));
#8074=DIRECTION('',(1.,0.,0.));
#8075=DIRECTION('',(0.,0.99999999999952,9.80209991738386E-7));
#8076=DIRECTION('',(-1.,1.43254583822601E-15,0.));
#8077=DIRECTION('',(0.,-0.99999999999952,-9.80209991738386E-7));
#8078=DIRECTION('',(-1.,1.432545838226E-15,2.865091676452E-15));
#8079=DIRECTION('',(-1.,0.,0.));
#8080=DIRECTION('',(1.,0.,0.));
#8081=DIRECTION('',(0.,0.,-1.));
#8082=DIRECTION('',(0.,1.,0.));
#8083=DIRECTION('',(2.77194874506641E-15,1.007602213853E-10,1.));
#8084=DIRECTION('',(0.,0.,-1.));
#8085=DIRECTION('',(-1.,0.,2.79794109028517E-15));
#8086=DIRECTION('',(2.79794109028517E-15,0.,1.));
#8087=DIRECTION('',(2.30995728755534E-15,1.007602213853E-10,1.));
#8088=DIRECTION('',(0.,-1.,0.));
#8089=DIRECTION('',(0.,0.,1.));
#8090=DIRECTION('',(-2.79794108974146E-15,-1.,1.94323358111749E-10));
#8091=DIRECTION('',(0.,-1.94323358111749E-10,-1.));
#8092=DIRECTION('',(-1.,1.432545838226E-15,2.865091676452E-15));
#8093=DIRECTION('',(2.68602344667377E-15,0.,1.));
#8094=DIRECTION('',(1.,0.,-2.68602344667377E-15));
#8095=DIRECTION('',(0.,-9.80513062395756E-7,0.999999999999519));
#8096=DIRECTION('',(1.,0.,0.));
#8097=DIRECTION('',(1.,0.,0.));
#8098=DIRECTION('',(-2.55590912286276E-15,0.99999999999952,9.80209992057875E-7));
#8099=DIRECTION('',(-1.,2.86509167645203E-15,0.));
#8100=DIRECTION('',(1.27795456143138E-15,-0.99999999999952,-9.80209992057874E-7));
#8101=DIRECTION('',(-1.,1.43254583822601E-15,2.86509167645202E-15));
#8102=DIRECTION('',(-1.,0.,0.));
#8103=DIRECTION('',(1.,0.,0.));
#8104=DIRECTION('',(0.,0.,-1.));
#8105=DIRECTION('',(0.,1.,0.));
#8106=DIRECTION('',(2.77194874506641E-15,1.00760336883164E-10,1.));
#8107=DIRECTION('',(0.,0.,-1.));
#8108=DIRECTION('',(-1.,0.,2.79794109028517E-15));
#8109=DIRECTION('',(2.79794109028517E-15,0.,1.));
#8110=DIRECTION('',(2.54095301631088E-15,1.007602213853E-10,1.));
#8111=DIRECTION('',(0.,-1.,0.));
#8112=DIRECTION('',(2.86509167645202E-15,0.,1.));
#8113=DIRECTION('',(-2.79794108974147E-15,-1.,1.94323470901522E-10));
#8114=DIRECTION('',(0.,-1.94323470901522E-10,-1.));
#8115=DIRECTION('',(-1.,1.43254583822601E-15,2.86509167645202E-15));
#8116=DIRECTION('',(2.68602344667377E-15,0.,1.));
#8117=DIRECTION('',(1.,0.,-2.68602344667377E-15));
#8118=DIRECTION('',(0.,-9.80513061771754E-7,0.999999999999519));
#8119=DIRECTION('',(1.,0.,0.));
#8120=DIRECTION('',(1.,0.,0.));
#8121=DIRECTION('',(0.,0.99999999999952,9.80209991418898E-7));
#8122=DIRECTION('',(-1.,2.86509167645204E-15,0.));
#8123=DIRECTION('',(0.,-0.99999999999952,-9.80209991418897E-7));
#8124=DIRECTION('',(-1.,1.432545838226E-15,2.86509167645201E-15));
#8125=DIRECTION('',(-1.,0.,0.));
#8126=DIRECTION('',(1.,0.,0.));
#8127=DIRECTION('',(0.,0.,-1.));
#8128=DIRECTION('',(0.,1.,0.));
#8129=DIRECTION('',(3.23394020257748E-15,1.00760336883164E-10,1.));
#8130=DIRECTION('',(5.73018335290403E-15,0.,-1.));
#8131=DIRECTION('',(-1.,0.,2.79794109028517E-15));
#8132=DIRECTION('',(2.79794109028517E-15,0.,1.));
#8133=DIRECTION('',(2.54095301631088E-15,1.007602213853E-10,1.));
#8134=DIRECTION('',(2.86509167645202E-15,-1.,0.));
#8135=DIRECTION('',(8.59527502935604E-15,0.,1.));
#8136=DIRECTION('',(-2.79794108974147E-15,-1.,1.94323470901522E-10));
#8137=DIRECTION('',(0.,-1.94323470901522E-10,-1.));
#8138=DIRECTION('',(-1.,1.43254583822601E-15,2.86509167645202E-15));
#8139=DIRECTION('',(2.68602344667377E-15,0.,1.));
#8140=DIRECTION('',(1.,0.,-2.68602344667377E-15));
#8141=DIRECTION('',(0.,-9.80513062395756E-7,0.999999999999519));
#8142=DIRECTION('',(1.,0.,0.));
#8143=DIRECTION('',(1.,0.,0.));
#8144=DIRECTION('',(0.,0.99999999999952,9.80209992377363E-7));
#8145=DIRECTION('',(-1.,1.43254583822601E-15,0.));
#8146=DIRECTION('',(0.,-0.99999999999952,-9.80209992377363E-7));
#8147=DIRECTION('',(-1.,1.43254583822601E-15,2.86509167645202E-15));
#8148=DIRECTION('',(-1.,0.,0.));
#8149=DIRECTION('',(1.,0.,0.));
#8150=DIRECTION('',(0.,0.,-1.));
#8151=DIRECTION('',(2.86509167645202E-15,1.,0.));
#8152=DIRECTION('',(2.54095301631088E-15,1.007602213853E-10,1.));
#8153=DIRECTION('',(0.,0.,-1.));
#8154=DIRECTION('',(-1.,0.,2.79794109028517E-15));
#8155=DIRECTION('',(2.79794109028517E-15,0.,1.));
#8156=DIRECTION('',(2.54095301631088E-15,1.007602213853E-10,1.));
#8157=DIRECTION('',(0.,-1.,0.));
#8158=DIRECTION('',(2.86509167645202E-15,0.,1.));
#8159=DIRECTION('',(-2.79794108974147E-15,-1.,1.94323358111749E-10));
#8160=DIRECTION('',(0.,-1.94323358111749E-10,-1.));
#8161=DIRECTION('',(-1.,1.43254583822601E-15,2.86509167645202E-15));
#8162=DIRECTION('',(2.68602344667377E-15,0.,1.));
#8163=DIRECTION('',(1.,0.,-2.68602344667377E-15));
#8164=DIRECTION('',(0.,-9.80513062083755E-7,0.999999999999519));
#8165=DIRECTION('',(1.,0.,0.));
#8166=DIRECTION('',(1.,0.,0.));
#8167=DIRECTION('',(0.,0.99999999999952,9.80209992057875E-7));
#8168=DIRECTION('',(-1.,1.43254583822601E-15,0.));
#8169=DIRECTION('',(0.,-0.99999999999952,-9.80209992057874E-7));
#8170=DIRECTION('',(-1.,1.43254583822601E-15,1.43254583822601E-15));
#8171=DIRECTION('',(-1.,0.,0.));
#8172=DIRECTION('',(1.,0.,0.));
#8173=DIRECTION('',(0.,0.,-1.));
#8174=DIRECTION('',(2.86509167645202E-15,1.,0.));
#8175=DIRECTION('',(2.54095301631088E-15,1.007602213853E-10,1.));
#8176=DIRECTION('',(0.,0.,-1.));
#8177=DIRECTION('',(-1.,0.,2.79794109028517E-15));
#8178=DIRECTION('',(2.79794109028517E-15,0.,1.));
#8179=DIRECTION('',(2.65645088068864E-15,1.007602213853E-10,1.));
#8180=DIRECTION('',(0.,-1.,0.));
#8181=DIRECTION('',(4.29763751467802E-15,0.,1.));
#8182=DIRECTION('',(-2.79794108974147E-15,-1.,1.94323358111749E-10));
#8183=DIRECTION('',(0.,-1.94323358111749E-10,-1.));
#8184=DIRECTION('',(-1.,1.43254583822601E-15,1.43254583822601E-15));
#8185=DIRECTION('',(2.68602344667377E-15,0.,1.));
#8186=DIRECTION('',(1.,0.,-2.68602344667377E-15));
#8187=DIRECTION('',(-1.38777878078145E-16,0.,-1.));
#8188=DIRECTION('',(1.,0.,-1.38777878078145E-16));
#8189=DIRECTION('',(-1.,0.,0.));
#8190=DIRECTION('',(-1.,0.,0.));
#8191=DIRECTION('',(1.,0.,0.));
#8192=DIRECTION('',(0.,0.,1.));
#8193=DIRECTION('',(0.,0.,-1.));
#8194=DIRECTION('',(0.,0.,-1.));
#8195=DIRECTION('',(-1.,0.,6.93889390390723E-16));
#8196=DIRECTION('',(-6.93889390390723E-16,0.,-1.));
#8197=DIRECTION('',(8.45884209238216E-16,0.,1.));
#8198=DIRECTION('',(8.45884209238216E-16,0.,1.));
#8199=DIRECTION('',(0.,1.,0.));
#8200=DIRECTION('',(0.,0.,-1.));
#8201=DIRECTION('',(0.,1.,0.));
#8202=DIRECTION('',(0.,0.,1.));
#8203=DIRECTION('',(0.,1.,0.));
#8204=DIRECTION('',(0.,0.,1.));
#8205=DIRECTION('',(0.,1.,0.));
#8206=DIRECTION('',(0.,0.,-1.));
#8207=DIRECTION('',(0.,1.,0.));
#8208=DIRECTION('',(0.,0.,1.));
#8209=DIRECTION('',(0.,1.,0.));
#8210=DIRECTION('',(0.,0.,1.));
#8211=DIRECTION('',(0.,1.,0.));
#8212=DIRECTION('',(0.,0.,-1.));
#8213=DIRECTION('',(0.,1.,0.));
#8214=DIRECTION('',(0.,0.,1.));
#8215=DIRECTION('',(0.,1.,0.));
#8216=DIRECTION('',(0.,0.,1.));
#8217=DIRECTION('',(0.,1.,0.));
#8218=DIRECTION('',(0.,0.,-1.));
#8219=DIRECTION('',(0.,1.,0.));
#8220=DIRECTION('',(0.,0.,1.));
#8221=DIRECTION('',(0.,1.,0.));
#8222=DIRECTION('',(0.,0.,1.));
#8223=DIRECTION('',(0.,0.,-1.));
#8224=DIRECTION('',(1.,0.,0.));
#8225=DIRECTION('',(-1.,0.,0.));
#8226=DIRECTION('',(0.,-1.,0.));
#8227=DIRECTION('',(-1.,0.,0.));
#8228=DIRECTION('',(0.,-1.,0.));
#8229=DIRECTION('',(1.,0.,0.));
#8230=DIRECTION('',(0.,0.,1.));
#8231=DIRECTION('',(0.,0.,-1.));
#8232=DIRECTION('',(0.,0.,-1.));
#8233=DIRECTION('',(0.,-1.,0.));
#8234=DIRECTION('',(0.,0.,1.));
#8235=DIRECTION('',(-1.,0.,0.));
#8236=DIRECTION('',(1.,0.,0.));
#8237=DIRECTION('',(1.,0.,0.));
#8238=DIRECTION('',(0.,-1.,0.));
#8239=DIRECTION('',(-1.,0.,0.));
#8240=DIRECTION('',(0.,0.,-1.));
#8241=DIRECTION('',(0.,0.,1.));
#8242=DIRECTION('',(0.,0.,1.));
#8243=DIRECTION('',(0.,-1.,0.));
#8244=DIRECTION('',(0.,0.,-1.));
#8245=DIRECTION('',(0.,1.,0.));
#8246=DIRECTION('',(0.,0.,-1.));
#8247=DIRECTION('',(-1.,0.,0.));
#8248=DIRECTION('',(-1.,0.,-8.45884209238215E-16));
#8249=DIRECTION('',(-1.,0.,4.22942104619109E-16));
#8250=DIRECTION('',(-1.,0.,-8.45884209238215E-16));
#8251=DIRECTION('',(1.,0.,-2.11471052309553E-16));
#8252=DIRECTION('',(1.,0.,-6.34413156928661E-16));
#8253=DIRECTION('',(1.,0.,-1.05735526154777E-16));
#8254=DIRECTION('',(1.,0.,-4.22942104619108E-16));
#8255=DIRECTION('',(1.,0.,-2.11471052309553E-16));
#8256=DIRECTION('',(-1.38777878078145E-16,0.,-1.));
#8257=DIRECTION('',(1.,0.,-1.38777878078145E-16));
#8258=DIRECTION('',(-1.,0.,-4.22942104619108E-16));
#8259=DIRECTION('',(-1.38777878078145E-16,0.,-1.));
#8260=DIRECTION('',(1.,0.,-1.38777878078145E-16));
#8261=DIRECTION('',(-1.,0.,8.45884209238221E-16));
#8262=DIRECTION('',(-1.38777878078145E-16,0.,-1.));
#8263=DIRECTION('',(1.,0.,-1.38777878078145E-16));
#8264=DIRECTION('',(-1.,0.,4.22942104619109E-16));
#8265=DIRECTION('',(-1.38777878078145E-16,0.,-1.));
#8266=DIRECTION('',(1.,0.,-1.38777878078145E-16));
#8267=DIRECTION('',(-1.,0.,-8.45884209238215E-16));
#8268=DIRECTION('',(1.04083408558608E-16,0.,1.));
#8269=DIRECTION('',(-1.,0.,1.04083408558608E-16));
#8270=DIRECTION('',(1.,0.,-2.11471052309553E-16));
#8271=DIRECTION('',(1.04083408558608E-16,0.,1.));
#8272=DIRECTION('',(-1.,0.,1.04083408558608E-16));
#8273=DIRECTION('',(1.,0.,-1.05735526154777E-16));
#8274=DIRECTION('',(1.04083408558608E-16,0.,1.));
#8275=DIRECTION('',(-1.,0.,1.04083408558608E-16));
#8276=DIRECTION('',(1.,0.,-2.11471052309553E-16));
#8277=DIRECTION('',(1.04083408558608E-16,0.,1.));
#8278=DIRECTION('',(-1.,0.,1.04083408558608E-16));
#8279=DIRECTION('',(1.,0.,0.));
#8280=DIRECTION('',(1.04083408558608E-16,0.,1.));
#8281=DIRECTION('',(-1.,0.,1.04083408558608E-16));
#8282=DIRECTION('',(1.,0.,-4.22942104619108E-16));
#8283=DIRECTION('',(0.,1.,0.));
#8284=DIRECTION('',(0.,0.,-1.));
#8285=DIRECTION('',(0.,0.,1.));
#8286=DIRECTION('',(1.,0.,0.));
#8287=DIRECTION('',(0.,0.,-1.));
#8288=DIRECTION('',(-1.,0.,0.));
#8289=DIRECTION('',(0.,0.,-1.));
#8290=DIRECTION('',(-1.,0.,0.));
#8291=DIRECTION('',(0.,0.,-1.));
#8292=DIRECTION('',(-1.,0.,0.));
#8293=DIRECTION('',(0.,0.,-1.));
#8294=DIRECTION('',(-1.,0.,0.));
#8295=DIRECTION('',(0.,0.,-1.));
#8296=DIRECTION('',(-1.,0.,0.));
#8297=DIRECTION('',(0.,0.,-1.));
#8298=DIRECTION('',(-1.,0.,0.));
#8299=DIRECTION('',(0.,0.,-1.));
#8300=DIRECTION('',(-1.,0.,0.));
#8301=DIRECTION('',(0.,0.,-1.));
#8302=DIRECTION('',(-1.,0.,0.));
#8303=DIRECTION('',(0.,0.,-1.));
#8304=DIRECTION('',(-1.,0.,0.));
#8305=DIRECTION('',(0.,0.,-1.));
#8306=DIRECTION('',(-1.,0.,0.));
#8307=DIRECTION('',(0.,0.,-1.));
#8308=DIRECTION('',(-1.,0.,0.));
#8309=DIRECTION('',(0.,0.,-1.));
#8310=DIRECTION('',(-1.,0.,0.));
#8311=DIRECTION('',(0.,0.,-1.));
#8312=DIRECTION('',(-1.,0.,0.));
#8313=DIRECTION('',(0.,0.,-1.));
#8314=DIRECTION('',(-1.,0.,0.));
#8315=DIRECTION('',(0.,0.,-1.));
#8316=DIRECTION('',(-1.,0.,0.));
#8317=DIRECTION('',(0.,0.,-1.));
#8318=DIRECTION('',(-1.,0.,0.));
#8319=DIRECTION('',(0.,0.,-1.));
#8320=DIRECTION('',(-1.,0.,0.));
#8321=DIRECTION('',(0.,0.,1.));
#8322=DIRECTION('',(-1.,0.,0.));
#8323=DIRECTION('',(0.,0.,-1.));
#8324=DIRECTION('',(-1.,0.,0.));
#8325=DIRECTION('',(0.,0.,-1.));
#8326=DIRECTION('',(-1.,0.,0.));
#8327=DIRECTION('',(0.,0.,-1.));
#8328=DIRECTION('',(-1.,0.,0.));
#8329=DIRECTION('',(0.,0.,1.));
#8330=DIRECTION('',(-1.,0.,0.));
#8331=DIRECTION('',(0.,0.,-1.));
#8332=DIRECTION('',(-1.,0.,0.));
#8333=DIRECTION('',(0.,0.,-1.));
#8334=DIRECTION('',(-1.,0.,0.));
#8335=DIRECTION('',(0.,0.,1.));
#8336=DIRECTION('',(1.,0.,0.));
#8337=DIRECTION('',(0.,0.,-1.));
#8338=DIRECTION('',(-1.,0.,0.));
#8339=DIRECTION('',(0.,0.,-1.));
#8340=DIRECTION('',(-1.,0.,0.));
#8341=DIRECTION('',(-4.14241398437456E-17,1.,4.16864344293447E-18));
#8342=DIRECTION('',(0.118335485780088,7.6259252565007E-19,0.992973671758315));
#8343=DIRECTION('',(0.,1.,0.));
#8344=DIRECTION('',(0.,0.,1.));
#8345=DIRECTION('',(0.,0.,-1.));
#8346=DIRECTION('',(-1.,0.,0.));
#8347=DIRECTION('',(0.,0.,1.));
#8348=DIRECTION('',(1.,0.,0.));
#8349=DIRECTION('',(0.,-1.,0.));
#8350=DIRECTION('',(0.,0.,1.));
#8351=DIRECTION('',(0.,0.,-1.));
#8352=DIRECTION('',(1.,0.,0.));
#8353=DIRECTION('',(0.,0.,1.));
#8354=DIRECTION('',(-1.,0.,0.));
#8355=DIRECTION('',(0.,0.,1.));
#8356=DIRECTION('',(-1.,0.,0.));
#8357=DIRECTION('',(0.,1.,0.));
#8358=DIRECTION('',(0.,1.,0.));
#8359=DIRECTION('',(1.,0.,0.));
#8360=DIRECTION('',(0.,0.,1.));
#8361=DIRECTION('',(0.,1.,0.));
#8362=DIRECTION('',(0.,0.,-1.));
#8363=DIRECTION('',(1.,0.,0.));
#8364=DIRECTION('',(0.,1.,0.));
#8365=DIRECTION('',(-1.,0.,0.));
#8366=DIRECTION('',(0.,0.,-1.));
#8367=DIRECTION('',(-9.71445146547011E-17,-2.17875961482097E-16,-1.));
#8368=DIRECTION('',(-1.,-4.14241398437456E-17,9.71445146547011E-17));
#8369=DIRECTION('',(0.,0.,-1.));
#8370=DIRECTION('',(-1.,0.,0.));
#8371=DIRECTION('',(0.,1.,0.));
#8372=DIRECTION('',(1.,-8.88178419700124E-16,0.));
#8373=DIRECTION('',(1.77635683940025E-15,-1.,0.));
#8374=DIRECTION('',(-1.,4.44089209850062E-16,0.));
#8375=DIRECTION('',(-4.33680868994201E-16,-1.,0.));
#8376=DIRECTION('',(0.,0.,1.));
#8377=DIRECTION('',(-1.,4.44089209850062E-16,0.));
#8378=DIRECTION('',(0.,0.,1.));
#8379=DIRECTION('',(0.,0.,1.));
#8380=DIRECTION('',(1.,1.73472347597681E-15,0.));
#8381=DIRECTION('',(0.,0.,1.));
#8382=DIRECTION('',(1.77635683940025E-15,-1.,0.));
#8383=DIRECTION('',(0.,0.,1.));
#8384=DIRECTION('',(8.67361737988403E-16,1.,0.));
#8385=DIRECTION('',(0.,0.,-1.));
#8386=DIRECTION('',(1.,-8.88178419700124E-16,0.));
#8387=DIRECTION('',(0.,0.,1.));
#8388=DIRECTION('',(-1.,0.,0.));
#8389=DIRECTION('',(0.,0.,-1.));
#8390=DIRECTION('',(0.,1.,0.));
#8391=DIRECTION('',(0.,0.,1.));
#8392=DIRECTION('',(-1.,0.,0.));
#8393=DIRECTION('',(0.,1.,0.));
#8394=DIRECTION('',(-1.,0.,0.));
#8395=DIRECTION('',(0.,-1.,0.));
#8396=DIRECTION('',(1.,0.,0.));
#8397=DIRECTION('',(1.,0.,0.));
#8398=DIRECTION('',(0.,0.,-1.));
#8399=DIRECTION('',(0.,-1.,0.));
#8400=DIRECTION('',(0.,1.80411241501588E-16,-1.));
#8401=DIRECTION('',(0.,0.,-1.));
#8402=DIRECTION('',(-1.,0.,0.));
#8403=DIRECTION('',(0.,0.,1.));
#8404=DIRECTION('',(0.,1.,0.));
#8405=DIRECTION('',(0.,0.,-1.));
#8406=DIRECTION('',(0.,0.,-1.));
#8407=DIRECTION('',(0.,0.,1.));
#8408=DIRECTION('',(-1.,0.,0.));
#8409=DIRECTION('',(0.,1.,0.));
#8410=DIRECTION('',(-1.,0.,0.));
#8411=DIRECTION('',(0.,-1.,0.));
#8412=DIRECTION('',(1.,0.,0.));
#8413=DIRECTION('',(-1.,0.,0.));
#8414=DIRECTION('',(0.,0.,-1.));
#8415=DIRECTION('',(0.,-1.,0.));
#8416=DIRECTION('',(0.,0.,-1.));
#8417=DIRECTION('',(0.,0.,-1.));
#8418=DIRECTION('',(1.,0.,0.));
#8419=DIRECTION('',(0.,0.,1.));
#8420=DIRECTION('',(0.,1.,0.));
#8421=DIRECTION('',(0.,1.80411241501588E-16,-1.));
#8422=DIRECTION('',(0.,0.,-1.));
#8423=DIRECTION('',(0.,0.,1.));
#8424=DIRECTION('',(-1.,0.,0.));
#8425=DIRECTION('',(0.,-1.,0.));
#8426=DIRECTION('',(1.,0.,0.));
#8427=DIRECTION('',(0.,1.,0.));
#8428=DIRECTION('',(-1.,0.,0.));
#8429=DIRECTION('',(-1.,0.,0.));
#8430=DIRECTION('',(0.,0.,1.));
#8431=DIRECTION('',(0.,1.,0.));
#8432=DIRECTION('',(0.,0.,-1.));
#8433=DIRECTION('',(0.,0.,-1.));
#8434=DIRECTION('',(1.,0.,0.));
#8435=DIRECTION('',(0.,0.,-1.));
#8436=DIRECTION('',(0.,-1.,0.));
#8437=DIRECTION('',(0.,0.,-1.));
#8438=DIRECTION('',(0.,0.,-1.));
#8439=DIRECTION('',(0.,0.,1.));
#8440=DIRECTION('',(-1.,0.,0.));
#8441=DIRECTION('',(0.,-1.,0.));
#8442=DIRECTION('',(1.,0.,0.));
#8443=DIRECTION('',(0.,1.,0.));
#8444=DIRECTION('',(-1.,0.,0.));
#8445=DIRECTION('',(1.,0.,0.));
#8446=DIRECTION('',(0.,0.,1.));
#8447=DIRECTION('',(0.,1.,0.));
#8448=DIRECTION('',(0.,0.,-1.));
#8449=DIRECTION('',(0.,0.,-1.));
#8450=DIRECTION('',(-1.,0.,0.));
#8451=DIRECTION('',(0.,0.,-1.));
#8452=DIRECTION('',(0.,-1.,0.));
#8453=DIRECTION('',(0.,0.,-1.));
#8454=DIRECTION('',(0.,0.,-1.));
#8455=DIRECTION('',(0.,0.,1.));
#8456=DIRECTION('',(-1.,0.,0.));
#8457=DIRECTION('',(0.,-1.,0.));
#8458=DIRECTION('',(1.,0.,0.));
#8459=DIRECTION('',(0.,1.,0.));
#8460=DIRECTION('',(-1.,0.,0.));
#8461=DIRECTION('',(0.,-1.,0.));
#8462=DIRECTION('',(0.,0.,-1.));
#8463=DIRECTION('',(0.,0.,-1.));
#8464=DIRECTION('',(-1.,0.,0.));
#8465=DIRECTION('',(0.,0.,-1.));
#8466=DIRECTION('',(-1.,0.,0.));
#8467=DIRECTION('',(0.,0.,1.));
#8468=DIRECTION('',(0.,0.,-1.));
#8469=DIRECTION('',(0.,1.,0.));
#8470=DIRECTION('',(0.,1.,0.));
#8471=DIRECTION('',(0.,0.,1.));
#8472=DIRECTION('',(0.,6.22107729315821E-17,-1.));
#8473=DIRECTION('',(1.,-5.72734100005041E-17,0.));
#8474=DIRECTION('',(1.,0.,0.));
#8475=DIRECTION('',(0.,0.,-1.));
#8476=DIRECTION('',(0.,-1.,0.));
#8477=DIRECTION('',(0.,1.,0.));
#8478=DIRECTION('',(0.,0.,-1.));
#8479=DIRECTION('',(-1.,0.,0.));
#8480=DIRECTION('',(0.,0.,-1.));
#8481=DIRECTION('',(-1.,0.,0.));
#8482=DIRECTION('',(-1.,0.,0.));
#8483=DIRECTION('',(-1.,0.,0.));
#8484=DIRECTION('',(0.,0.,-1.));
#8485=DIRECTION('',(1.,0.,0.));
#8486=DIRECTION('',(0.,0.,1.));
#8487=DIRECTION('',(0.,1.,0.));
#8488=DIRECTION('',(0.,1.,0.));
#8489=DIRECTION('',(0.,0.,-1.));
#8490=DIRECTION('',(0.,-1.,0.));
#8491=DIRECTION('',(0.,0.,1.));
#8492=DIRECTION('',(1.,0.,0.));
#8493=DIRECTION('',(1.,0.,0.));
#8494=DIRECTION('',(1.,0.,0.));
#8495=DIRECTION('',(1.,0.,0.));
#8496=DIRECTION('',(0.,0.,-1.));
#8497=DIRECTION('',(-1.,0.,0.));
#8498=DIRECTION('',(0.,0.,-1.));
#8499=DIRECTION('',(0.,-1.,0.));
#8500=DIRECTION('',(0.,-1.,0.));
#8501=DIRECTION('',(0.,0.,1.));
#8502=DIRECTION('',(-1.,0.,0.));
#8503=DIRECTION('',(0.,0.,1.));
#8504=DIRECTION('',(-1.,0.,0.));
#8505=DIRECTION('',(0.,0.,1.));
#8506=DIRECTION('',(-1.,0.,0.));
#8507=DIRECTION('',(0.,0.,1.));
#8508=DIRECTION('',(-1.,0.,0.));
#8509=DIRECTION('',(0.,0.,-1.));
#8510=DIRECTION('',(-1.,0.,0.));
#8511=DIRECTION('',(4.14241398437456E-17,-1.,-4.16864344293447E-18));
#8512=DIRECTION('',(1.,4.14241398437456E-17,1.38777878078145E-17));
#8513=DIRECTION('',(0.,1.,0.));
#8514=DIRECTION('',(0.,0.,1.));
#8515=DIRECTION('',(0.,0.,-1.));
#8516=DIRECTION('',(-1.,0.,0.));
#8517=DIRECTION('',(0.,0.,1.));
#8518=DIRECTION('',(1.,0.,0.));
#8519=DIRECTION('',(0.,-1.,0.));
#8520=DIRECTION('',(0.,0.,1.));
#8521=DIRECTION('',(0.,0.,-1.));
#8522=DIRECTION('',(1.,0.,0.));
#8523=DIRECTION('',(0.,0.,1.));
#8524=DIRECTION('',(-1.,0.,0.));
#8525=DIRECTION('',(0.,0.,1.));
#8526=DIRECTION('',(-1.,0.,0.));
#8527=DIRECTION('',(0.,1.,0.));
#8528=DIRECTION('',(0.,1.,0.));
#8529=DIRECTION('',(1.,0.,0.));
#8530=DIRECTION('',(0.,0.,1.));
#8531=DIRECTION('',(0.,1.,0.));
#8532=DIRECTION('',(0.,0.,-1.));
#8533=DIRECTION('',(1.,0.,0.));
#8534=DIRECTION('',(0.,1.,0.));
#8535=DIRECTION('',(-1.,0.,0.));
#8536=DIRECTION('',(0.,0.,-1.));
#8537=DIRECTION('',(-1.,-4.14241398437456E-17,-1.38777878078145E-17));
#8538=DIRECTION('',(-1.38777878078145E-17,-4.16864344293447E-18,1.));
#8539=DIRECTION('',(0.,0.,1.));
#8540=DIRECTION('',(1.,0.,0.));
#8541=DIRECTION('',(0.,-1.,0.));
#8542=DIRECTION('',(1.,0.,0.));
#8543=DIRECTION('',(-6.23283101543948E-15,1.,0.));
#8544=DIRECTION('',(1.,0.,0.));
#8545=DIRECTION('',(0.,1.,0.));
#8546=DIRECTION('',(-1.,0.,0.));
#8547=DIRECTION('',(6.23283101543948E-15,1.,0.));
#8548=DIRECTION('',(-1.,0.,0.));
#8549=DIRECTION('',(0.,0.,-1.));
#8550=DIRECTION('',(1.,0.,0.));
#8551=DIRECTION('',(0.,-1.,0.));
#8552=DIRECTION('',(-1.,0.,0.));
#8553=DIRECTION('',(6.23283101543948E-15,1.,0.));
#8554=DIRECTION('',(-1.,0.,0.));
#8555=DIRECTION('',(0.,1.,0.));
#8556=DIRECTION('',(1.,0.,0.));
#8557=DIRECTION('',(-6.23283101543948E-15,1.,0.));
#8558=DIRECTION('',(1.,0.,0.));
#8559=DIRECTION('',(0.,-1.,0.));
#8560=DIRECTION('',(0.,0.,-1.));
#8561=DIRECTION('',(0.,0.,1.));
#8562=DIRECTION('',(0.,0.,1.));
#8563=DIRECTION('',(1.,6.08674903851511E-15,0.));
#8564=DIRECTION('',(0.,0.,-1.));
#8565=DIRECTION('',(0.,0.,1.));
#8566=DIRECTION('',(0.,-1.,0.));
#8567=DIRECTION('',(0.,0.,-1.));
#8568=DIRECTION('',(0.,0.,1.));
#8569=DIRECTION('',(1.,0.,0.));
#8570=DIRECTION('',(0.,0.,-1.));
#8571=DIRECTION('',(0.,0.,1.));
#8572=DIRECTION('',(0.,1.,0.));
#8573=DIRECTION('',(0.,0.,1.));
#8574=DIRECTION('',(0.,0.,1.));
#8575=DIRECTION('',(1.,-6.08674903851511E-15,0.));
#8576=DIRECTION('',(0.,0.,-1.));
#8577=DIRECTION('',(0.,0.,1.));
#8578=DIRECTION('',(0.,1.,0.));
#8579=DIRECTION('',(0.,0.,1.));
#8580=DIRECTION('',(0.,0.,1.));
#8581=DIRECTION('',(-1.,0.,0.));
#8582=DIRECTION('',(0.,0.,1.));
#8583=DIRECTION('',(4.14241398437456E-17,-1.,-4.16864344293447E-18));
#8584=DIRECTION('',(1.,4.14241398437456E-17,1.38777878078145E-17));
#8585=DIRECTION('',(0.,1.,0.));
#8586=DIRECTION('',(0.,0.,1.));
#8587=DIRECTION('',(0.,0.,-1.));
#8588=DIRECTION('',(-1.,0.,0.));
#8589=DIRECTION('',(0.,0.,1.));
#8590=DIRECTION('',(1.,0.,0.));
#8591=DIRECTION('',(0.,-1.,0.));
#8592=DIRECTION('',(0.,0.,1.));
#8593=DIRECTION('',(0.,0.,-1.));
#8594=DIRECTION('',(1.,0.,0.));
#8595=DIRECTION('',(0.,0.,1.));
#8596=DIRECTION('',(-1.,0.,0.));
#8597=DIRECTION('',(0.,0.,1.));
#8598=DIRECTION('',(-1.,0.,0.));
#8599=DIRECTION('',(0.,1.,0.));
#8600=DIRECTION('',(0.,1.,0.));
#8601=DIRECTION('',(1.,0.,0.));
#8602=DIRECTION('',(0.,0.,1.));
#8603=DIRECTION('',(0.,1.,0.));
#8604=DIRECTION('',(0.,0.,-1.));
#8605=DIRECTION('',(1.,0.,0.));
#8606=DIRECTION('',(0.,1.,0.));
#8607=DIRECTION('',(-1.,0.,0.));
#8608=DIRECTION('',(0.,0.,-1.));
#8609=DIRECTION('',(-1.,-4.14241398437456E-17,-1.38777878078145E-17));
#8610=DIRECTION('',(-1.38777878078145E-17,-4.16864344293447E-18,1.));
#8611=DIRECTION('',(-1.,-4.14241398437456E-17,-1.38777878078145E-17));
#8612=DIRECTION('',(-1.38777878078145E-17,-4.16864344293447E-18,1.));
#8613=DIRECTION('',(0.,0.,1.));
#8614=DIRECTION('',(1.,0.,0.));
#8615=DIRECTION('',(0.,0.,1.));
#8616=DIRECTION('',(1.,0.,0.));
#8617=DIRECTION('',(0.,0.,-1.));
#8618=DIRECTION('',(1.,0.,0.));
#8619=DIRECTION('',(0.,0.,1.));
#8620=DIRECTION('',(1.,0.,0.));
#8621=DIRECTION('',(0.,0.,1.));
#8622=DIRECTION('',(1.,0.,0.));
#8623=DIRECTION('',(0.,0.,1.));
#8624=DIRECTION('',(1.,0.,0.));
#8625=DIRECTION('',(7.24536218377724E-17,-1.,0.));
#8626=DIRECTION('',(0.,0.,-1.));
#8627=DIRECTION('',(1.,0.,0.));
#8628=DIRECTION('',(1.,0.,0.));
#8629=DIRECTION('',(1.,7.07554900759496E-17,0.));
#8630=DIRECTION('',(0.,0.,1.));
#8631=DIRECTION('',(7.24536218377724E-17,-1.,0.));
#8632=DIRECTION('',(0.,0.,1.));
#8633=DIRECTION('',(0.,0.,1.));
#8634=DIRECTION('',(0.,0.,1.));
#8635=DIRECTION('',(1.,0.,0.));
#8636=DIRECTION('',(0.,0.,-1.));
#8637=DIRECTION('',(1.,0.,0.));
#8638=DIRECTION('',(0.,0.,1.));
#8639=DIRECTION('',(0.,1.,0.));
#8640=DIRECTION('',(0.,0.,-1.));
#8641=DIRECTION('',(1.,0.,0.));
#8642=DIRECTION('',(0.,0.,1.));
#8643=DIRECTION('',(0.,0.,-1.));
#8644=DIRECTION('',(1.,0.,0.));
#8645=DIRECTION('',(0.,0.,1.));
#8646=DIRECTION('',(1.,0.,0.));
#8647=DIRECTION('',(0.,0.,1.));
#8648=DIRECTION('',(1.,0.,0.));
#8649=DIRECTION('',(0.,0.,1.));
#8650=DIRECTION('',(1.,0.,0.));
#8651=DIRECTION('',(-1.,-7.24536218377724E-16,0.));
#8652=DIRECTION('',(0.,0.,-1.));
#8653=DIRECTION('',(1.,0.,0.));
#8654=DIRECTION('',(0.,-1.,0.));
#8655=DIRECTION('',(0.,-1.,0.));
#8656=DIRECTION('',(0.,0.,1.));
#8657=DIRECTION('',(-1.,-7.24536218377724E-16,0.));
#8658=DIRECTION('',(0.,0.,1.));
#8659=DIRECTION('',(0.,0.,1.));
#8660=DIRECTION('',(0.,0.,1.));
#8661=DIRECTION('',(1.,0.,0.));
#8662=DIRECTION('',(0.,0.,-1.));
#8663=DIRECTION('',(1.,0.,0.));
#8664=DIRECTION('',(0.,0.,1.));
#8665=DIRECTION('',(1.,7.07554900759496E-17,0.));
#8666=DIRECTION('',(0.,0.,1.));
#8667=DIRECTION('',(0.,-1.,0.));
#8668=DIRECTION('',(0.,0.,1.));
#8669=DIRECTION('',(0.,0.,-1.));
#8670=DIRECTION('',(1.,0.,0.));
#8671=DIRECTION('',(0.,0.,1.));
#8672=DIRECTION('',(1.,0.,0.));
#8673=DIRECTION('',(0.,0.,1.));
#8674=DIRECTION('',(1.,0.,0.));
#8675=DIRECTION('',(0.,0.,-1.));
#8676=DIRECTION('',(1.,0.,0.));
#8677=DIRECTION('',(-1.,6.52082596539952E-16,0.));
#8678=DIRECTION('',(0.,0.,1.));
#8679=DIRECTION('',(1.,0.,0.));
#8680=DIRECTION('',(0.,1.,0.));
#8681=DIRECTION('',(0.,-1.,0.));
#8682=DIRECTION('',(0.,0.,1.));
#8683=DIRECTION('',(-1.,6.52082596539952E-16,0.));
#8684=DIRECTION('',(0.,0.,1.));
#8685=DIRECTION('',(0.,0.,1.));
#8686=DIRECTION('',(0.,0.,-1.));
#8687=DIRECTION('',(1.,0.,0.));
#8688=DIRECTION('',(0.,0.,1.));
#8689=DIRECTION('',(1.,0.,0.));
#8690=DIRECTION('',(0.,0.,1.));
#8691=DIRECTION('',(-1.,0.,0.));
#8692=DIRECTION('',(0.,0.,-1.));
#8693=DIRECTION('',(0.,1.,0.));
#8694=DIRECTION('',(0.,0.,1.));
#8695=DIRECTION('',(0.,0.,1.));
#8696=DIRECTION('',(1.,0.,0.));
#8697=DIRECTION('',(0.,0.,-1.));
#8698=DIRECTION('',(1.,0.,0.));
#8699=DIRECTION('',(0.,0.,1.));
#8700=DIRECTION('',(1.,0.,0.));
#8701=DIRECTION('',(0.,0.,-1.));
#8702=DIRECTION('',(1.,0.,0.));
#8703=DIRECTION('',(-7.24536218377724E-17,1.,0.));
#8704=DIRECTION('',(0.,0.,1.));
#8705=DIRECTION('',(1.,0.,0.));
#8706=DIRECTION('',(1.,0.,0.));
#8707=DIRECTION('',(-1.,-7.07554900759496E-17,0.));
#8708=DIRECTION('',(0.,0.,-1.));
#8709=DIRECTION('',(-7.24536218377724E-17,1.,0.));
#8710=DIRECTION('',(0.,0.,1.));
#8711=DIRECTION('',(0.,0.,1.));
#8712=DIRECTION('',(0.,0.,-1.));
#8713=DIRECTION('',(1.,0.,0.));
#8714=DIRECTION('',(0.,0.,1.));
#8715=DIRECTION('',(1.,0.,0.));
#8716=DIRECTION('',(0.,0.,1.));
#8717=DIRECTION('',(0.,1.,0.));
#8718=DIRECTION('',(0.,0.,-1.));
#8719=DIRECTION('',(1.,0.,0.));
#8720=DIRECTION('',(0.,0.,1.));
#8721=DIRECTION('',(0.,0.,1.));
#8722=DIRECTION('',(1.,0.,0.));
#8723=DIRECTION('',(0.,0.,-1.));
#8724=DIRECTION('',(1.,0.,0.));
#8725=DIRECTION('',(0.,0.,-1.));
#8726=DIRECTION('',(-1.,0.,0.));
#8727=DIRECTION('',(0.,1.,0.));
#8728=DIRECTION('',(1.,0.,0.));
#8729=DIRECTION('',(0.,-1.,0.));
#8730=DIRECTION('',(-1.,0.,0.));
#8731=DIRECTION('',(0.,0.,1.));
#8732=DIRECTION('',(-1.,0.,0.));
#8733=DIRECTION('',(0.,1.,0.));
#8734=DIRECTION('',(-1.,0.,0.));
#8735=DIRECTION('',(0.,-1.,0.));
#8736=DIRECTION('',(1.,0.,0.));
#8737=DIRECTION('',(0.,-1.,0.));
#8738=DIRECTION('',(0.,0.,1.));
#8739=DIRECTION('',(0.,0.,-1.));
#8740=DIRECTION('',(0.,0.,-1.));
#8741=DIRECTION('',(-1.,0.,0.));
#8742=DIRECTION('',(0.,0.,-1.));
#8743=DIRECTION('',(0.,0.,-1.));
#8744=DIRECTION('',(0.,1.,0.));
#8745=DIRECTION('',(0.,0.,-1.));
#8746=DIRECTION('',(0.,0.,-1.));
#8747=DIRECTION('',(1.,0.,0.));
#8748=DIRECTION('',(0.,0.,1.));
#8749=DIRECTION('',(-9.71445146547011E-17,-2.17875961482097E-16,-1.));
#8750=DIRECTION('',(-1.,-4.14241398437456E-17,9.71445146547011E-17));
#8751=DIRECTION('',(-9.71445146547011E-17,-2.17875961482097E-16,-1.));
#8752=DIRECTION('',(-1.,-4.14241398437456E-17,9.71445146547011E-17));
#8753=DIRECTION('',(-9.71445146547011E-17,-2.17875961482097E-16,-1.));
#8754=DIRECTION('',(-1.,-4.14241398437456E-17,9.71445146547011E-17));
#8755=DIRECTION('',(0.00830130385537691,-0.23771823978099,0.971298680545654));
#8756=DIRECTION('',(-0.999963479792448,0.,0.0085462905039404));
#8757=DIRECTION('',(0.0338978350988492,-0.970706991633078,-0.237863139578775));
#8758=DIRECTION('',(0.999390827019096,0.0348994967025054,0.));
#8759=DIRECTION('',(-0.0338978350988501,0.970706991633078,0.237863139578775));
#8760=DIRECTION('',(0.999390827019096,0.034899496702504,0.));
#8761=DIRECTION('',(0.999390827019096,0.0348994967025048,0.));
#8762=DIRECTION('',(-0.0348994967025048,0.999390827019096,0.));
#8763=DIRECTION('',(0.999390827019096,0.0348994967025045,0.));
#8764=DIRECTION('',(0.0348994967025044,-0.999390827019096,0.));
#8765=DIRECTION('',(0.999390827019096,0.0348994967025042,2.91397119324188E-15));
#8766=DIRECTION('',(-0.999390827019096,-0.0348994967025048,-5.89805981832114E-17));
#8767=DIRECTION('',(0.0348994967025048,-0.999390827019096,0.));
#8768=DIRECTION('',(0.00830130385537691,-0.23771823978099,-0.971298680545654));
#8769=DIRECTION('',(0.999963479792448,0.,0.0085462905039404));
#8770=DIRECTION('',(-0.0338978350988493,0.970706991633078,-0.237863139578774));
#8771=DIRECTION('',(0.999390827019096,0.034899496702504,0.));
#8772=DIRECTION('',(0.0338978350988453,-0.970706991633077,0.237863139578776));
#8773=DIRECTION('',(0.,0.,1.));
#8774=DIRECTION('',(-1.,0.,0.));
#8775=DIRECTION('',(-0.0348994967025044,0.999390827019096,0.));
#8776=DIRECTION('',(-0.0348994967025054,0.999390827019096,0.));
#8777=DIRECTION('',(0.,0.,1.));
#8778=DIRECTION('',(-1.,0.,0.));
#8779=DIRECTION('',(0.,-1.,0.));
#8780=DIRECTION('',(-2.41629419002933E-5,1.11385674009025E-6,0.999999999707456));
#8781=DIRECTION('',(0.720812373882353,0.693130234069352,1.66448997330226E-5));
#8782=DIRECTION('',(0.,0.,-1.));
#8783=DIRECTION('',(-1.,0.,0.));
#8784=DIRECTION('',(-0.0348994967025045,0.999390827019096,0.));
#8785=DIRECTION('',(0.,0.,1.));
#8786=DIRECTION('',(-1.,0.,0.));
#8787=DIRECTION('',(0.,-1.,0.));
#8788=DIRECTION('',(0.,0.,1.));
#8789=DIRECTION('',(-1.,0.,0.));
#8790=DIRECTION('',(-0.0348994967025054,0.999390827019096,0.));
#8791=DIRECTION('',(0.,0.,-1.));
#8792=DIRECTION('',(-1.,0.,0.));
#8793=DIRECTION('',(0.,0.,1.));
#8794=DIRECTION('',(0.,0.,-1.));
#8795=DIRECTION('',(0.00830130385537691,-0.23771823978099,-0.971298680545654));
#8796=DIRECTION('',(-0.999963479792448,0.,-0.0085462905039404));
#8797=DIRECTION('',(-0.0338978350988501,0.970706991633078,-0.237863139578775));
#8798=DIRECTION('',(0.999390827019096,0.034899496702504,0.));
#8799=DIRECTION('',(-0.0338978350988501,0.970706991633078,-0.237863139578775));
#8800=DIRECTION('',(0.999390827019096,0.0348994967025054,0.));
#8801=DIRECTION('',(0.999390827019096,0.0348994967025048,0.));
#8802=DIRECTION('',(-0.0348994967025048,0.999390827019096,0.));
#8803=DIRECTION('',(0.999390827019096,0.0348994967025044,0.));
#8804=DIRECTION('',(-0.0348994967025044,0.999390827019096,0.));
#8805=DIRECTION('',(0.999390827019096,0.0348994967025048,-5.89805981832114E-17));
#8806=DIRECTION('',(0.0348994967025048,-0.999390827019096,0.));
#8807=DIRECTION('',(0.999390827019096,0.034899496702504,0.));
#8808=DIRECTION('',(0.00830130385537691,-0.23771823978099,0.971298680545654));
#8809=DIRECTION('',(0.999963479792448,0.,-0.0085462905039404));
#8810=DIRECTION('',(0.0338978350988501,-0.970706991633078,-0.237863139578774));
#8811=DIRECTION('',(0.0338978350988501,-0.970706991633078,-0.237863139578774));
#8812=DIRECTION('',(0.999390827019096,0.034899496702504,0.));
#8813=DIRECTION('',(0.,0.,1.));
#8814=DIRECTION('',(1.,0.,0.));
#8815=DIRECTION('',(0.,0.,-1.));
#8816=DIRECTION('',(0.,0.,1.));
#8817=DIRECTION('',(-1.,0.,0.));
#8818=DIRECTION('',(0.,0.,1.));
#8819=DIRECTION('',(0.,0.,1.));
#8820=DIRECTION('',(-1.,0.,0.));
#8821=DIRECTION('',(-0.00830130385537691,-0.23771823978099,0.971298680545654));
#8822=DIRECTION('',(0.999963479792448,0.,0.0085462905039404));
#8823=DIRECTION('',(0.0338978350988501,0.970706991633078,0.237863139578775));
#8824=DIRECTION('',(-0.999390827019096,0.034899496702504,0.));
#8825=DIRECTION('',(0.0338978350988501,0.970706991633078,0.237863139578775));
#8826=DIRECTION('',(-0.999390827019096,0.0348994967025054,0.));
#8827=DIRECTION('',(-0.999390827019096,0.0348994967025048,0.));
#8828=DIRECTION('',(-0.0348994967025048,-0.999390827019096,0.));
#8829=DIRECTION('',(-0.999390827019096,0.0348994967025044,0.));
#8830=DIRECTION('',(-0.0348994967025044,-0.999390827019096,0.));
#8831=DIRECTION('',(-0.999390827019096,0.0348994967025048,5.89805981832114E-17));
#8832=DIRECTION('',(-0.0348994967025048,-0.999390827019096,0.));
#8833=DIRECTION('',(-0.999390827019096,0.034899496702504,0.));
#8834=DIRECTION('',(-0.00830130385537691,-0.23771823978099,-0.971298680545654));
#8835=DIRECTION('',(-0.999963479792448,0.,0.0085462905039404));
#8836=DIRECTION('',(-0.0338978350988501,-0.970706991633078,0.237863139578774));
#8837=DIRECTION('',(-0.0338978350988501,-0.970706991633078,0.237863139578774));
#8838=DIRECTION('',(-0.999390827019096,0.034899496702504,0.));
#8839=DIRECTION('',(0.,0.,-1.));
#8840=DIRECTION('',(-1.,0.,0.));
#8841=DIRECTION('',(0.,0.,1.));
#8842=DIRECTION('',(0.,0.,-1.));
#8843=DIRECTION('',(1.,0.,0.));
#8844=DIRECTION('',(0.,0.,-1.));
#8845=DIRECTION('',(0.,0.,-1.));
#8846=DIRECTION('',(1.,0.,0.));
#8847=DIRECTION('',(-0.00830130385537691,-0.23771823978099,-0.971298680545654));
#8848=DIRECTION('',(0.999963479792448,0.,-0.0085462905039404));
#8849=DIRECTION('',(-0.0338978350988492,-0.970706991633078,0.237863139578775));
#8850=DIRECTION('',(-0.999390827019096,0.0348994967025054,0.));
#8851=DIRECTION('',(0.0338978350988501,0.970706991633078,-0.237863139578775));
#8852=DIRECTION('',(-0.999390827019096,0.034899496702504,0.));
#8853=DIRECTION('',(-0.999390827019096,0.0348994967025048,0.));
#8854=DIRECTION('',(-0.0348994967025048,-0.999390827019096,0.));
#8855=DIRECTION('',(-0.999390827019096,0.0348994967025045,0.));
#8856=DIRECTION('',(0.0348994967025044,0.999390827019096,0.));
#8857=DIRECTION('',(-0.999390827019096,0.0348994967025042,-2.91397119324188E-15));
#8858=DIRECTION('',(0.999390827019096,-0.0348994967025048,5.89805981832114E-17));
#8859=DIRECTION('',(-0.0348994967025048,-0.999390827019096,0.));
#8860=DIRECTION('',(-0.00830130385537691,-0.23771823978099,0.971298680545654));
#8861=DIRECTION('',(-0.999963479792448,0.,-0.0085462905039404));
#8862=DIRECTION('',(0.0338978350988493,0.970706991633078,0.237863139578774));
#8863=DIRECTION('',(-0.999390827019096,0.034899496702504,0.));
#8864=DIRECTION('',(-0.0338978350988453,-0.970706991633077,-0.237863139578776));
#8865=DIRECTION('',(0.,0.,1.));
#8866=DIRECTION('',(1.,0.,0.));
#8867=DIRECTION('',(0.0348994967025045,0.999390827019096,0.));
#8868=DIRECTION('',(0.,0.,-1.));
#8869=DIRECTION('',(1.,0.,0.));
#8870=DIRECTION('',(0.,-1.,0.));
#8871=DIRECTION('',(0.,0.,-1.));
#8872=DIRECTION('',(1.,0.,0.));
#8873=DIRECTION('',(0.0348994967025054,0.999390827019096,0.));
#8874=DIRECTION('',(0.,0.,-1.));
#8875=DIRECTION('',(1.,0.,0.));
#8876=DIRECTION('',(0.0348994967025043,0.999390827019096,0.));
#8877=DIRECTION('',(0.0348994967025054,0.999390827019096,0.));
#8878=DIRECTION('',(0.,0.,-1.));
#8879=DIRECTION('',(1.,0.,0.));
#8880=DIRECTION('',(0.,-1.,0.));
#8881=DIRECTION('',(2.41629419002911E-5,1.11385674009004E-6,-0.999999999707456));
#8882=DIRECTION('',(0.720812354143571,-0.693130254596458,1.664489923321E-5));
#8883=DIRECTION('',(0.,0.,1.));
#8884=DIRECTION('',(1.,0.,0.));
#8885=DIRECTION('',(0.,0.,-1.));
#8886=DIRECTION('',(0.,0.,1.));
#8887=DIRECTION('',(0.,-1.,0.));
#8888=DIRECTION('',(0.,0.,-1.));
#8889=DIRECTION('',(1.,0.,0.));
#8890=DIRECTION('',(0.,0.,-1.));
#8891=DIRECTION('',(0.,1.,0.));
#8892=DIRECTION('',(0.,0.,-1.));
#8893=DIRECTION('',(0.,0.,-1.));
#8894=DIRECTION('',(-1.,0.,0.));
#8895=DIRECTION('',(0.,-1.,0.));
#8896=DIRECTION('',(0.,0.,-1.));
#8897=DIRECTION('',(0.,0.,-1.));
#8898=DIRECTION('',(-1.,0.,0.));
#8899=DIRECTION('',(0.,0.,-1.));
#8900=DIRECTION('',(-1.,0.,0.));
#8901=DIRECTION('',(0.,0.,1.));
#8902=DIRECTION('',(0.,0.,-1.));
#8903=DIRECTION('',(-1.,0.,0.));
#8904=DIRECTION('',(0.,0.,1.));
#8905=DIRECTION('',(1.,0.,0.));
#8906=DIRECTION('',(0.,0.,-1.));
#8907=DIRECTION('',(-1.,0.,0.));
#8908=DIRECTION('',(1.,0.,-7.71912898872021E-17));
#8909=DIRECTION('',(0.,-1.,0.));
#8910=DIRECTION('',(0.,0.,-1.));
#8911=DIRECTION('',(1.,0.,0.));
#8912=DIRECTION('',(0.,0.,-1.));
#8913=DIRECTION('',(0.,-1.,0.));
#8914=DIRECTION('',(0.,0.,-1.));
#8915=DIRECTION('',(0.,1.,0.));
#8916=DIRECTION('',(0.,0.,-1.));
#8917=DIRECTION('',(0.,-1.,0.));
#8918=DIRECTION('',(0.,0.,-1.));
#8919=DIRECTION('',(0.,0.,-1.));
#8920=DIRECTION('',(-1.,0.,0.));
#8921=DIRECTION('',(0.,1.,0.));
#8922=DIRECTION('',(0.,0.,-1.));
#8923=DIRECTION('',(0.,-1.,0.));
#8924=DIRECTION('',(0.,0.,-1.));
#8925=DIRECTION('',(1.,0.,0.));
#8926=DIRECTION('',(0.,0.,-1.));
#8927=DIRECTION('',(1.,0.,0.));
#8928=DIRECTION('',(0.,0.,-1.));
#8929=DIRECTION('',(-1.,0.,0.));
#8930=DIRECTION('',(1.,0.,0.));
#8931=DIRECTION('',(0.,0.,1.));
#8932=DIRECTION('',(1.,0.,0.));
#8933=DIRECTION('',(0.,0.,-1.));
#8934=DIRECTION('',(-1.,0.,0.));
#8935=DIRECTION('',(0.,0.,1.));
#8936=DIRECTION('',(0.,0.,-1.));
#8937=DIRECTION('',(0.,-1.,0.));
#8938=DIRECTION('',(0.,0.,-1.));
#8939=DIRECTION('',(0.,1.,0.));
#8940=DIRECTION('',(0.,0.,-1.));
#8941=DIRECTION('',(0.,-1.,0.));
#8942=DIRECTION('',(0.,0.,-1.));
#8943=DIRECTION('',(0.,-1.,0.));
#8944=DIRECTION('',(0.,0.,-1.));
#8945=DIRECTION('',(0.,0.,1.));
#8946=DIRECTION('',(1.,0.,0.));
#8947=DIRECTION('',(0.,1.,0.));
#8948=DIRECTION('',(0.,0.,-1.));
#8949=DIRECTION('',(1.,0.,0.));
#8950=DIRECTION('',(0.,0.,-1.));
#8951=DIRECTION('',(0.,-1.,0.));
#8952=DIRECTION('',(0.,0.,-1.));
#8953=DIRECTION('',(-1.,0.,0.));
#8954=DIRECTION('',(0.,0.,1.));
#8955=DIRECTION('',(1.,0.,0.));
#8956=DIRECTION('',(0.,0.,1.));
#8957=DIRECTION('',(-1.,0.,0.));
#8958=DIRECTION('',(1.,0.,0.));
#8959=DIRECTION('',(0.,0.,-1.));
#8960=DIRECTION('',(-1.,0.,0.));
#8961=DIRECTION('',(0.,1.,0.));
#8962=DIRECTION('',(0.,0.,1.));
#8963=DIRECTION('',(0.,0.,-1.));
#8964=DIRECTION('',(-1.,0.,0.));
#8965=DIRECTION('',(0.,0.,1.));
#8966=DIRECTION('',(-1.,0.,0.));
#8967=DIRECTION('',(0.,-1.,0.));
#8968=DIRECTION('',(0.,0.,-1.));
#8969=DIRECTION('',(0.,1.,-6.30373924538027E-11));
#8970=DIRECTION('',(0.,-6.30373924538027E-11,-1.));
#8971=DIRECTION('',(0.,-1.,0.));
#8972=DIRECTION('',(0.,1.,0.));
#8973=DIRECTION('',(7.82312219040244E-16,0.,-1.));
#8974=DIRECTION('',(1.,0.,7.82312219040244E-16));
#8975=DIRECTION('',(0.,0.,-1.));
#8976=DIRECTION('',(1.,0.,0.));
#8977=DIRECTION('',(4.40951587882522E-16,0.,-1.));
#8978=DIRECTION('',(-8.81903175765043E-16,0.,1.));
#8979=DIRECTION('',(1.,0.,0.));
#8980=DIRECTION('',(0.,0.,1.));
#8981=DIRECTION('',(-1.,0.,0.));
#8982=DIRECTION('',(0.,0.,-1.));
#8983=DIRECTION('',(-1.,0.,0.));
#8984=DIRECTION('',(-1.,0.,0.));
#8985=DIRECTION('',(0.,0.,1.));
#8986=DIRECTION('',(1.,0.,0.));
#8987=DIRECTION('',(0.,-1.,0.));
#8988=DIRECTION('',(0.,0.,-1.));
#8989=DIRECTION('',(0.,1.,6.3037392453803E-11));
#8990=DIRECTION('',(0.,6.3037392453803E-11,-1.));
#8991=DIRECTION('',(0.,-1.,0.));
#8992=DIRECTION('',(0.,1.,0.));
#8993=DIRECTION('',(0.,0.,1.));
#8994=DIRECTION('',(0.,1.,0.));
#8995=DIRECTION('',(0.,0.,1.));
#8996=DIRECTION('',(1.,0.,0.));
#8997=DIRECTION('',(1.,0.,0.));
#8998=DIRECTION('',(0.,0.,-1.));
#8999=DIRECTION('',(0.,0.,1.));
#9000=DIRECTION('',(1.,0.,0.));
#9001=DIRECTION('',(0.,0.,1.));
#9002=DIRECTION('',(1.,0.,0.));
#9003=DIRECTION('',(0.,-1.,0.));
#9004=DIRECTION('',(0.,0.,-1.));
#9005=DIRECTION('',(0.,0.,1.));
#9006=DIRECTION('',(1.,0.,0.));
#9007=DIRECTION('',(1.,0.,0.));
#9008=DIRECTION('',(0.,0.,-1.));
#9009=DIRECTION('',(0.,0.,1.));
#9010=DIRECTION('',(1.,0.,0.));
#9011=DIRECTION('',(-1.,0.,0.));
#9012=DIRECTION('',(0.,0.,1.));
#9013=DIRECTION('',(1.,0.,-4.2685124901004E-15));
#9014=DIRECTION('',(4.2685124901004E-15,0.,1.));
#9015=DIRECTION('',(-1.,0.,0.));
#9016=DIRECTION('',(1.,0.,0.));
#9017=DIRECTION('',(-7.82312219040244E-16,0.,1.));
#9018=DIRECTION('',(1.,0.,7.82312219040244E-16));
#9019=DIRECTION('',(0.,0.,1.));
#9020=DIRECTION('',(-1.,0.,0.));
#9021=DIRECTION('',(8.81903175765043E-16,0.,-1.));
#9022=DIRECTION('',(-8.81903175765043E-16,0.,1.));
#9023=DIRECTION('',(0.,-1.,0.));
#9024=DIRECTION('',(0.,0.,1.));
#9025=DIRECTION('',(0.,-1.,0.));
#9026=DIRECTION('',(0.,0.,-1.));
#9027=DIRECTION('',(0.,-1.,0.));
#9028=DIRECTION('',(0.,1.,0.));
#9029=DIRECTION('',(-1.,0.,0.));
#9030=DIRECTION('',(0.,0.,1.));
#9031=DIRECTION('',(1.,0.,0.));
#9032=DIRECTION('',(0.,0.,1.));
#9033=DIRECTION('',(-1.,0.,0.));
#9034=DIRECTION('',(1.,0.,0.));
#9035=DIRECTION('',(0.,0.,1.));
#9036=DIRECTION('',(1.,0.,0.));
#9037=DIRECTION('',(0.,0.,1.));
#9038=DIRECTION('',(-1.,0.,0.));
#9039=DIRECTION('',(0.,0.,-1.));
#9040=DIRECTION('',(0.,0.,1.));
#9041=DIRECTION('',(0.,0.,1.));
#9042=DIRECTION('',(1.,0.,0.));
#9043=DIRECTION('',(6.30373924538027E-11,-1.,0.));
#9044=DIRECTION('',(1.,6.30373924538027E-11,0.));
#9045=DIRECTION('',(0.,0.,1.));
#9046=DIRECTION('',(1.,0.,0.));
#9047=DIRECTION('',(0.,-1.,0.));
#9048=DIRECTION('',(0.,0.,-1.));
#9049=DIRECTION('',(0.,-1.,0.));
#9050=DIRECTION('',(0.,0.,-1.));
#9051=DIRECTION('',(0.,0.,1.));
#9052=DIRECTION('',(1.,0.,0.));
#9053=DIRECTION('',(1.,0.,0.));
#9054=DIRECTION('',(0.,0.,-1.));
#9055=DIRECTION('',(6.30373924538027E-11,-1.,0.));
#9056=DIRECTION('',(1.,6.30373924538027E-11,0.));
#9057=DIRECTION('',(0.,-1.,0.));
#9058=DIRECTION('',(0.,0.,-1.));
#9059=DIRECTION('',(0.,-1.,0.));
#9060=DIRECTION('',(0.,0.,1.));
#9061=DIRECTION('',(0.,1.,0.));
#9062=DIRECTION('',(0.,-1.,0.));
#9063=DIRECTION('',(7.98967185753468E-16,0.,-1.));
#9064=DIRECTION('',(-1.,0.,-7.98967185753468E-16));
#9065=DIRECTION('',(0.,0.,1.));
#9066=DIRECTION('',(-1.,0.,0.));
#9067=DIRECTION('',(8.53649861502072E-16,0.,-1.));
#9068=DIRECTION('',(-8.53649861502072E-16,0.,1.));
#9069=DIRECTION('',(1.,0.,-3.96642109228023E-15));
#9070=DIRECTION('',(-3.96642109228023E-15,0.,-1.));
#9071=DIRECTION('',(1.,0.,0.));
#9072=DIRECTION('',(0.,0.,1.));
#9073=DIRECTION('',(-1.,0.,3.96800719165656E-15));
#9074=DIRECTION('',(1.,0.,-3.96800719165656E-15));
#9075=DIRECTION('',(0.,-1.,0.));
#9076=DIRECTION('',(0.,0.,-1.));
#9077=DIRECTION('',(0.,-1.,0.));
#9078=DIRECTION('',(0.,0.,1.));
#9079=DIRECTION('',(0.,1.,0.));
#9080=DIRECTION('',(0.,-1.,0.));
#9081=DIRECTION('',(0.,0.,-1.));
#9082=DIRECTION('',(-1.,0.,0.));
#9083=DIRECTION('',(1.,0.,0.));
#9084=DIRECTION('',(0.,0.,-1.));
#9085=DIRECTION('',(0.,0.,-1.));
#9086=DIRECTION('',(-1.,0.,0.));
#9087=DIRECTION('',(0.,0.,1.));
#9088=DIRECTION('',(-1.,0.,0.));
#9089=DIRECTION('',(0.,0.,1.));
#9090=DIRECTION('',(1.,0.,0.));
#9091=DIRECTION('',(0.,-1.,0.));
#9092=DIRECTION('',(0.,0.,-1.));
#9093=DIRECTION('',(-1.,0.,0.));
#9094=DIRECTION('',(0.,0.,1.));
#9095=DIRECTION('',(0.,-1.,0.));
#9096=DIRECTION('',(0.,0.,-1.));
#9097=DIRECTION('',(4.2685124901004E-15,0.,1.));
#9098=DIRECTION('',(1.,0.,-4.2685124901004E-15));
#9099=DIRECTION('',(0.,1.,0.));
#9100=DIRECTION('',(0.,0.,-1.));
#9101=DIRECTION('',(0.,-1.,0.));
#9102=DIRECTION('',(0.,0.,-1.));
#9103=DIRECTION('',(-1.,0.,0.));
#9104=DIRECTION('',(0.,0.,1.));
#9105=DIRECTION('',(-0.999387639028857,-0.0349906694275329,-3.05628281092369E-6));
#9106=DIRECTION('',(0.0347573837220676,-0.992734700182961,0.115194354590161));
#9107=DIRECTION('',(1.,0.,0.));
#9108=DIRECTION('',(0.,0.,1.));
#9109=DIRECTION('',(-1.,0.,0.));
#9110=DIRECTION('',(0.,0.,1.));
#9111=DIRECTION('',(0.,0.,1.));
#9112=DIRECTION('',(1.,0.,0.));
#9113=DIRECTION('',(-1.,0.,0.));
#9114=DIRECTION('',(0.,0.,1.));
#9115=DIRECTION('',(1.,0.,0.));
#9116=DIRECTION('',(0.,0.,1.));
#9117=DIRECTION('',(-1.,0.,0.));
#9118=DIRECTION('',(1.,0.,0.));
#9119=DIRECTION('',(-7.98967185753468E-16,0.,1.));
#9120=DIRECTION('',(-1.,0.,-7.98967185753468E-16));
#9121=DIRECTION('',(0.,0.,-1.));
#9122=DIRECTION('',(1.,0.,0.));
#9123=DIRECTION('',(8.53649861502072E-16,0.,-1.));
#9124=DIRECTION('',(-8.53649861502072E-16,0.,1.));
#9125=DIRECTION('',(0.,-1.,0.));
#9126=DIRECTION('',(0.,0.,-1.));
#9127=DIRECTION('',(0.,-1.,0.));
#9128=DIRECTION('',(0.,0.,-1.));
#9129=DIRECTION('',(0.,1.,0.));
#9130=DIRECTION('',(0.,-1.,0.));
#9131=DIRECTION('',(1.,0.,6.660006177331E-16));
#9132=DIRECTION('',(6.660006177331E-16,0.,-1.));
#9133=DIRECTION('',(-1.,0.,0.));
#9134=DIRECTION('',(0.,0.,-1.));
#9135=DIRECTION('',(1.,0.,7.48740822034682E-16));
#9136=DIRECTION('',(-1.,0.,-7.48740822034682E-16));
#9137=DIRECTION('',(3.5204049856811E-15,0.,1.));
#9138=DIRECTION('',(1.,0.,-3.5204049856811E-15));
#9139=DIRECTION('',(0.,0.,1.));
#9140=DIRECTION('',(-1.,0.,0.));
#9141=DIRECTION('',(-3.96856429094268E-15,0.,-1.));
#9142=DIRECTION('',(3.96856429094268E-15,0.,1.));
#9143=DIRECTION('',(0.,-1.,0.));
#9144=DIRECTION('',(0.,0.,1.));
#9145=DIRECTION('',(0.,1.,0.));
#9146=DIRECTION('',(0.,0.,-1.));
#9147=DIRECTION('',(0.,1.,0.));
#9148=DIRECTION('',(0.,-1.,0.));
#9149=DIRECTION('',(-1.,0.,3.96642109228023E-15));
#9150=DIRECTION('',(-3.96642109228023E-15,0.,-1.));
#9151=DIRECTION('',(-1.,0.,0.));
#9152=DIRECTION('',(0.,0.,-1.));
#9153=DIRECTION('',(-1.,0.,3.96800719165656E-15));
#9154=DIRECTION('',(1.,0.,-3.96800719165656E-15));
#9155=DIRECTION('',(0.,0.,1.));
#9156=DIRECTION('',(1.,0.,0.));
#9157=DIRECTION('',(9.02955051256332E-13,-2.58413974490323E-11,-1.));
#9158=DIRECTION('',(0.,0.,1.));
#9159=DIRECTION('',(0.,0.,1.));
#9160=DIRECTION('',(1.,0.,0.));
#9161=DIRECTION('',(0.,0.,-1.));
#9162=DIRECTION('',(0.,0.,-1.));
#9163=DIRECTION('',(-1.,0.,0.));
#9164=DIRECTION('',(0.,1.,0.));
#9165=DIRECTION('',(0.,0.,1.));
#9166=DIRECTION('',(0.,0.,-1.));
#9167=DIRECTION('',(-1.,0.,0.));
#9168=DIRECTION('',(0.,0.,1.));
#9169=DIRECTION('',(-1.,0.,0.));
#9170=DIRECTION('',(0.,1.,0.));
#9171=DIRECTION('',(0.,0.,-1.));
#9172=DIRECTION('',(0.,-1.,0.));
#9173=DIRECTION('',(0.,0.,-1.));
#9174=DIRECTION('',(1.,0.,0.));
#9175=DIRECTION('',(0.,0.,-1.));
#9176=DIRECTION('',(0.,-1.,0.));
#9177=DIRECTION('',(0.,0.,-1.));
#9178=DIRECTION('',(2.1342562450502E-15,0.,1.));
#9179=DIRECTION('',(1.,0.,-2.1342562450502E-15));
#9180=DIRECTION('',(0.,-1.,0.));
#9181=DIRECTION('',(0.,0.,-1.));
#9182=DIRECTION('',(0.,1.,0.));
#9183=DIRECTION('',(0.,0.,-1.));
#9184=DIRECTION('',(0.,0.,1.));
#9185=DIRECTION('',(1.,0.,0.));
#9186=DIRECTION('',(1.,0.,0.));
#9187=DIRECTION('',(0.,0.,-1.));
#9188=DIRECTION('',(-6.30373924538027E-11,-1.,0.));
#9189=DIRECTION('',(1.,-6.30373924538027E-11,0.));
#9190=DIRECTION('',(0.,0.,1.));
#9191=DIRECTION('',(1.,0.,0.));
#9192=DIRECTION('',(-4.2685124901004E-15,4.2685124921861E-15,-1.));
#9193=DIRECTION('',(0.,1.,4.2685124921861E-15));
#9194=DIRECTION('',(0.,-1.,0.));
#9195=DIRECTION('',(0.,0.,-1.));
#9196=DIRECTION('',(1.,0.,0.));
#9197=DIRECTION('',(0.,0.,-1.));
#9198=DIRECTION('',(0.,1.,0.));
#9199=DIRECTION('',(0.,0.,-1.));
#9200=DIRECTION('',(0.,-1.,0.));
#9201=DIRECTION('',(0.,0.,-1.));
#9202=DIRECTION('',(0.,-1.,0.));
#9203=DIRECTION('',(0.,0.,-1.));
#9204=DIRECTION('',(0.,1.,-6.30373924538027E-11));
#9205=DIRECTION('',(0.,-6.30373924538027E-11,-1.));
#9206=DIRECTION('',(0.,-1.,0.));
#9207=DIRECTION('',(0.,1.,0.));
#9208=DIRECTION('',(-8.87741317503854E-17,0.,-1.));
#9209=DIRECTION('',(1.,0.,-8.87741317503854E-17));
#9210=DIRECTION('',(0.,0.,-1.));
#9211=DIRECTION('',(1.,0.,0.));
#9212=DIRECTION('',(0.,0.,-1.));
#9213=DIRECTION('',(1.89699969222682E-16,0.,1.));
#9214=DIRECTION('',(-1.,0.,-6.660006177331E-16));
#9215=DIRECTION('',(6.660006177331E-16,0.,-1.));
#9216=DIRECTION('',(1.,0.,0.));
#9217=DIRECTION('',(0.,0.,1.));
#9218=DIRECTION('',(1.,0.,7.48740822034682E-16));
#9219=DIRECTION('',(-1.,0.,-7.48740822034682E-16));
#9220=DIRECTION('',(0.,-1.,0.));
#9221=DIRECTION('',(0.,0.,1.));
#9222=DIRECTION('',(0.,1.,0.));
#9223=DIRECTION('',(0.,0.,-1.));
#9224=DIRECTION('',(0.,1.,0.));
#9225=DIRECTION('',(0.,-1.,0.));
#9226=DIRECTION('',(-1.54626015185724E-15,0.,-1.));
#9227=DIRECTION('',(-1.,0.,1.54626015185724E-15));
#9228=DIRECTION('',(2.1342562450502E-15,0.,1.));
#9229=DIRECTION('',(-1.,0.,2.1342562450502E-15));
#9230=DIRECTION('',(-1.74104270935858E-15,0.,-1.));
#9231=DIRECTION('',(1.74104270935858E-15,0.,1.));
#9232=DIRECTION('',(1.,0.,0.));
#9233=DIRECTION('',(0.,0.,-1.));
#9234=DIRECTION('',(1.,0.,0.));
#9235=DIRECTION('',(0.,0.,1.));
#9236=DIRECTION('',(-1.,0.,0.));
#9237=DIRECTION('',(1.,0.,0.));
#9238=DIRECTION('',(0.,-1.,0.));
#9239=DIRECTION('',(0.,0.,-1.));
#9240=DIRECTION('',(0.,-1.,0.));
#9241=DIRECTION('',(0.,0.,1.));
#9242=DIRECTION('',(0.,1.,0.));
#9243=DIRECTION('',(0.,-1.,0.));
#9244=DIRECTION('',(-3.5204049856811E-15,0.,-1.));
#9245=DIRECTION('',(1.,0.,-3.5204049856811E-15));
#9246=DIRECTION('',(0.,0.,-1.));
#9247=DIRECTION('',(1.,0.,0.));
#9248=DIRECTION('',(-3.96856429094268E-15,0.,-1.));
#9249=DIRECTION('',(3.96856429094268E-15,0.,1.));
#9250=DIRECTION('',(1.,0.,0.));
#9251=DIRECTION('',(0.,0.,-1.));
#9252=DIRECTION('',(1.,0.,0.));
#9253=DIRECTION('',(0.,0.,1.));
#9254=DIRECTION('',(-1.,0.,0.));
#9255=DIRECTION('',(1.,0.,0.));
#9256=DIRECTION('',(0.,0.,1.));
#9257=DIRECTION('',(1.,0.,0.));
#9258=DIRECTION('',(1.,0.,0.));
#9259=DIRECTION('',(0.,0.,-1.));
#9260=DIRECTION('',(0.,0.,1.));
#9261=DIRECTION('',(1.,0.,0.));
#9262=DIRECTION('',(0.,1.,0.));
#9263=DIRECTION('',(0.,0.,-1.));
#9264=DIRECTION('',(-1.,0.,0.));
#9265=DIRECTION('',(0.,0.,1.));
#9266=DIRECTION('',(0.,-1.,0.));
#9267=DIRECTION('',(0.,0.,-1.));
#9268=DIRECTION('',(0.,1.,0.));
#9269=DIRECTION('',(0.,0.,-1.));
#9270=DIRECTION('',(0.,0.,1.));
#9271=DIRECTION('',(1.,0.,0.));
#9272=DIRECTION('',(-2.1342562450502E-15,0.,-1.));
#9273=DIRECTION('',(-1.,0.,2.1342562450502E-15));
#9274=DIRECTION('',(0.,-1.,0.));
#9275=DIRECTION('',(0.,0.,-1.));
#9276=DIRECTION('',(1.,0.,0.));
#9277=DIRECTION('',(0.,0.,-1.));
#9278=DIRECTION('',(0.,-1.,0.));
#9279=DIRECTION('',(0.,0.,-1.));
#9280=DIRECTION('',(0.,1.,0.));
#9281=DIRECTION('',(0.,0.,-1.));
#9282=DIRECTION('',(0.,0.,1.));
#9283=DIRECTION('',(1.,0.,0.));
#9284=DIRECTION('',(0.,0.,-1.));
#9285=DIRECTION('',(-1.,0.,0.));
#9286=DIRECTION('',(0.,-1.,-6.30373924538027E-11));
#9287=DIRECTION('',(0.,6.30373924538027E-11,-1.));
#9288=DIRECTION('',(0.,0.,1.));
#9289=DIRECTION('',(1.,0.,0.));
#9290=DIRECTION('',(0.,0.,-1.));
#9291=DIRECTION('',(1.,0.,0.));
#9292=DIRECTION('',(-1.,0.,0.));
#9293=DIRECTION('',(0.,0.,1.));
#9294=DIRECTION('',(1.,0.,0.));
#9295=DIRECTION('',(0.,0.,1.));
#9296=DIRECTION('',(-1.,0.,0.));
#9297=DIRECTION('',(1.,0.,0.));
#9298=DIRECTION('',(8.87741317503854E-17,0.,1.));
#9299=DIRECTION('',(1.,0.,-8.87741317503854E-17));
#9300=DIRECTION('',(0.,0.,1.));
#9301=DIRECTION('',(-1.,0.,0.));
#9302=DIRECTION('',(-1.89699969222682E-16,0.,-1.));
#9303=DIRECTION('',(9.48499846113413E-17,0.,1.));
#9304=DIRECTION('',(0.,-1.,0.));
#9305=DIRECTION('',(0.,0.,-1.));
#9306=DIRECTION('',(0.,1.,0.));
#9307=DIRECTION('',(0.,0.,-1.));
#9308=DIRECTION('',(0.,-1.,0.));
#9309=DIRECTION('',(0.,1.,0.));
#9310=DIRECTION('',(-1.,0.,-9.51429453904428E-17));
#9311=DIRECTION('',(9.51429453904428E-17,0.,-1.));
#9312=DIRECTION('',(-1.,0.,0.));
#9313=DIRECTION('',(0.,0.,-1.));
#9314=DIRECTION('',(-1.,0.,-1.06962974576383E-16));
#9315=DIRECTION('',(1.,0.,1.06962974576383E-16));
#9316=DIRECTION('',(1.54626015185724E-15,0.,1.));
#9317=DIRECTION('',(-1.,0.,1.54626015185724E-15));
#9318=DIRECTION('',(-2.1342562450502E-15,-4.2685124921861E-15,-1.));
#9319=DIRECTION('',(0.,-1.,4.2685124921861E-15));
#9320=DIRECTION('',(-1.74104270935858E-15,0.,-1.));
#9321=DIRECTION('',(1.74104270935858E-15,0.,1.));
#9322=DIRECTION('',(0.,-1.,0.));
#9323=DIRECTION('',(0.,0.,1.));
#9324=DIRECTION('',(0.,1.,0.));
#9325=DIRECTION('',(0.,0.,-1.));
#9326=DIRECTION('',(0.,1.,0.));
#9327=DIRECTION('',(0.,-1.,0.));
#9328=DIRECTION('',(-1.,0.,3.52028897944639E-15));
#9329=DIRECTION('',(3.52028897944639E-15,0.,1.));
#9330=DIRECTION('',(1.,0.,-8.53702498020082E-15));
#9331=DIRECTION('',(8.53702498020082E-15,0.,1.));
#9332=DIRECTION('',(-1.,0.,3.42281518644426E-15));
#9333=DIRECTION('',(1.,0.,-3.31585221186788E-15));
#9334=DIRECTION('',(-3.81728766526658E-15,0.,-1.));
#9335=DIRECTION('',(-1.,0.,3.81728766526658E-15));
#9336=DIRECTION('',(-4.26851249010042E-15,0.,-1.));
#9337=DIRECTION('',(1.,0.,-4.26851249010042E-15));
#9338=DIRECTION('',(3.79399938445364E-15,0.,1.));
#9339=DIRECTION('',(-3.79399938445364E-15,0.,-1.));
#9340=DIRECTION('',(0.,-1.,0.));
#9341=DIRECTION('',(0.,0.,-1.));
#9342=DIRECTION('',(0.,-1.,0.));
#9343=DIRECTION('',(0.,0.,1.));
#9344=DIRECTION('',(0.,1.,0.));
#9345=DIRECTION('',(0.,-1.,0.));
#9346=DIRECTION('',(0.,0.,1.));
#9347=DIRECTION('',(1.,0.,0.));
#9348=DIRECTION('',(6.30373924538027E-11,-1.,0.));
#9349=DIRECTION('',(1.,6.30373924538027E-11,0.));
#9350=DIRECTION('',(0.,0.,1.));
#9351=DIRECTION('',(1.,0.,0.));
#9352=DIRECTION('',(0.,0.,1.));
#9353=DIRECTION('',(1.,0.,0.));
#9354=DIRECTION('',(1.,0.,-4.26851249010041E-15));
#9355=DIRECTION('',(-4.26851249010041E-15,0.,-1.));
#9356=DIRECTION('',(0.,0.,1.));
#9357=DIRECTION('',(1.,0.,0.));
#9358=DIRECTION('',(0.,-1.,0.));
#9359=DIRECTION('',(0.,0.,-1.));
#9360=DIRECTION('',(2.1342562450502E-15,0.,-1.));
#9361=DIRECTION('',(-1.,0.,-2.1342562450502E-15));
#9362=DIRECTION('',(0.,0.,1.));
#9363=DIRECTION('',(1.,0.,0.));
#9364=DIRECTION('',(-1.,0.,0.));
#9365=DIRECTION('',(0.,0.,1.));
#9366=DIRECTION('',(0.,0.,1.));
#9367=DIRECTION('',(1.,0.,0.));
#9368=DIRECTION('',(0.,-1.,0.));
#9369=DIRECTION('',(0.,0.,-1.));
#9370=DIRECTION('',(0.,0.,1.));
#9371=DIRECTION('',(1.,0.,0.));
#9372=DIRECTION('',(1.,0.,0.));
#9373=DIRECTION('',(0.,0.,-1.));
#9374=DIRECTION('',(0.,0.,-1.));
#9375=DIRECTION('',(1.,0.,0.));
#9376=DIRECTION('',(0.,0.,1.));
#9377=DIRECTION('',(1.,0.,0.));
#9378=DIRECTION('',(0.,-1.,0.));
#9379=DIRECTION('',(0.,0.,-1.));
#9380=DIRECTION('',(0.,-1.,0.));
#9381=DIRECTION('',(0.,0.,1.));
#9382=DIRECTION('',(0.,1.,0.));
#9383=DIRECTION('',(0.,-1.,0.));
#9384=DIRECTION('',(0.,0.,-1.));
#9385=DIRECTION('',(-1.,0.,0.));
#9386=DIRECTION('',(0.,0.,1.));
#9387=DIRECTION('',(-1.,0.,0.));
#9388=DIRECTION('',(0.,0.,-1.));
#9389=DIRECTION('',(0.,0.,1.));
#9390=DIRECTION('',(1.,0.,9.51429453904428E-17));
#9391=DIRECTION('',(9.51429453904428E-17,0.,-1.));
#9392=DIRECTION('',(1.,0.,0.));
#9393=DIRECTION('',(0.,0.,1.));
#9394=DIRECTION('',(-1.,0.,-1.06962974576383E-16));
#9395=DIRECTION('',(1.,0.,1.06962974576383E-16));
#9396=DIRECTION('',(0.,-1.,0.));
#9397=DIRECTION('',(0.,0.,1.));
#9398=DIRECTION('',(0.,-1.,0.));
#9399=DIRECTION('',(0.,0.,-1.));
#9400=DIRECTION('',(0.,-1.,0.));
#9401=DIRECTION('',(0.,1.,0.));
#9402=DIRECTION('',(2.31939022778586E-15,0.,-1.));
#9403=DIRECTION('',(1.,0.,2.31939022778586E-15));
#9404=DIRECTION('',(2.1342562450502E-15,0.,-1.));
#9405=DIRECTION('',(1.,0.,2.1342562450502E-15));
#9406=DIRECTION('',(2.61156406403788E-15,0.,-1.));
#9407=DIRECTION('',(-2.61156406403788E-15,0.,1.));
#9408=DIRECTION('',(1.,0.,-3.52028897944639E-15));
#9409=DIRECTION('',(3.52028897944639E-15,0.,1.));
#9410=DIRECTION('',(-1.,0.,4.26851249010041E-15));
#9411=DIRECTION('',(-4.26851249010041E-15,0.,-1.));
#9412=DIRECTION('',(-1.,0.,3.31585221186788E-15));
#9413=DIRECTION('',(1.,0.,-3.52977816102065E-15));
#9414=DIRECTION('',(0.,-1.,0.));
#9415=DIRECTION('',(0.,0.,-1.));
#9416=DIRECTION('',(0.,-1.,0.));
#9417=DIRECTION('',(0.,0.,-1.));
#9418=DIRECTION('',(0.,1.,0.));
#9419=DIRECTION('',(0.,-1.,0.));
#9420=DIRECTION('',(3.81728766526658E-15,0.,1.));
#9421=DIRECTION('',(-1.,0.,3.81728766526658E-15));
#9422=DIRECTION('',(4.26851249010042E-15,0.,1.));
#9423=DIRECTION('',(-1.,0.,4.26851249010042E-15));
#9424=DIRECTION('',(3.79399938445364E-15,0.,1.));
#9425=DIRECTION('',(-3.79399938445364E-15,0.,-1.));
#9426=DIRECTION('',(1.,0.,0.));
#9427=DIRECTION('',(0.,0.,-1.));
#9428=DIRECTION('',(1.,0.,0.));
#9429=DIRECTION('',(0.,0.,1.));
#9430=DIRECTION('',(-1.,0.,0.));
#9431=DIRECTION('',(1.,0.,0.));
#9432=DIRECTION('',(0.,0.,-1.));
#9433=DIRECTION('',(-1.,0.,0.));
#9434=DIRECTION('',(1.,0.,0.));
#9435=DIRECTION('',(0.,0.,-1.));
#9436=DIRECTION('',(0.,0.,-1.));
#9437=DIRECTION('',(-1.,0.,0.));
#9438=DIRECTION('',(0.,0.,1.));
#9439=DIRECTION('',(-1.,0.,0.));
#9440=DIRECTION('',(0.,-1.,0.));
#9441=DIRECTION('',(0.,0.,-1.));
#9442=DIRECTION('',(1.,0.,0.));
#9443=DIRECTION('',(0.,0.,-1.));
#9444=DIRECTION('',(0.,-1.,0.));
#9445=DIRECTION('',(0.,0.,-1.));
#9446=DIRECTION('',(0.,1.,0.));
#9447=DIRECTION('',(0.,0.,-1.));
#9448=DIRECTION('',(0.,-1.,0.));
#9449=DIRECTION('',(0.,0.,-1.));
#9450=DIRECTION('',(0.,-1.,0.));
#9451=DIRECTION('',(0.,0.,-1.));
#9452=DIRECTION('',(-2.1342562450502E-15,0.,1.));
#9453=DIRECTION('',(1.,0.,2.1342562450502E-15));
#9454=DIRECTION('',(0.,0.,1.));
#9455=DIRECTION('',(1.,0.,0.));
#9456=DIRECTION('',(0.,-1.,0.));
#9457=DIRECTION('',(0.,0.,-1.));
#9458=DIRECTION('',(1.,0.,8.53702498020082E-15));
#9459=DIRECTION('',(8.53702498020082E-15,0.,-1.));
#9460=DIRECTION('',(0.,1.,0.));
#9461=DIRECTION('',(0.,0.,-1.));
#9462=DIRECTION('',(0.,-1.,0.));
#9463=DIRECTION('',(0.,0.,-1.));
#9464=DIRECTION('',(0.,0.,1.));
#9465=DIRECTION('',(1.,0.,0.));
#9466=DIRECTION('',(0.,1.,0.));
#9467=DIRECTION('',(0.,0.,1.));
#9468=DIRECTION('',(0.,0.,-1.));
#9469=DIRECTION('',(1.,0.,0.));
#9470=DIRECTION('',(0.,0.,1.));
#9471=DIRECTION('',(1.,0.,0.));
#9472=DIRECTION('',(-1.,0.,0.));
#9473=DIRECTION('',(0.,0.,1.));
#9474=DIRECTION('',(1.,0.,0.));
#9475=DIRECTION('',(0.,0.,-1.));
#9476=DIRECTION('',(-1.,0.,0.));
#9477=DIRECTION('',(1.,0.,0.));
#9478=DIRECTION('',(0.,0.,1.));
#9479=DIRECTION('',(-1.,0.,0.));
#9480=DIRECTION('',(0.,-4.2685124921861E-15,-1.));
#9481=DIRECTION('',(0.,-1.,4.2685124921861E-15));
#9482=DIRECTION('',(0.,0.,-1.));
#9483=DIRECTION('',(0.,0.,1.));
#9484=DIRECTION('',(0.,-1.,0.));
#9485=DIRECTION('',(0.,0.,1.));
#9486=DIRECTION('',(0.,1.,0.));
#9487=DIRECTION('',(0.,0.,-1.));
#9488=DIRECTION('',(0.,1.,0.));
#9489=DIRECTION('',(0.,-1.,0.));
#9490=DIRECTION('',(-1.,0.,-9.91605273070055E-16));
#9491=DIRECTION('',(-9.91605273070055E-16,0.,1.));
#9492=DIRECTION('',(1.,0.,0.));
#9493=DIRECTION('',(0.,0.,1.));
#9494=DIRECTION('',(-1.,0.,-6.61334531942773E-16));
#9495=DIRECTION('',(1.,0.,1.32266906388555E-15));
#9496=DIRECTION('',(-2.31939022778586E-15,0.,1.));
#9497=DIRECTION('',(1.,0.,2.31939022778586E-15));
#9498=DIRECTION('',(-2.1342562450502E-15,0.,1.));
#9499=DIRECTION('',(-1.,0.,-2.1342562450502E-15));
#9500=DIRECTION('',(2.61156406403788E-15,0.,-1.));
#9501=DIRECTION('',(-2.61156406403788E-15,0.,1.));
#9502=DIRECTION('',(0.,-1.,0.));
#9503=DIRECTION('',(0.,0.,1.));
#9504=DIRECTION('',(0.,-1.,0.));
#9505=DIRECTION('',(0.,0.,-1.));
#9506=DIRECTION('',(0.,-1.,0.));
#9507=DIRECTION('',(0.,1.,0.));
#9508=DIRECTION('',(1.,0.,4.28143254256993E-15));
#9509=DIRECTION('',(-4.28143254256993E-15,0.,1.));
#9510=DIRECTION('',(1.,0.,4.26851249010041E-15));
#9511=DIRECTION('',(-4.26851249010041E-15,0.,1.));
#9512=DIRECTION('',(1.,0.,4.27851898305533E-15));
#9513=DIRECTION('',(-1.,0.,-4.27851898305533E-15));
#9514=DIRECTION('',(4.52748071926965E-15,0.,-1.));
#9515=DIRECTION('',(1.,0.,4.52748071926965E-15));
#9516=DIRECTION('',(-4.26851249010042E-15,0.,1.));
#9517=DIRECTION('',(-1.,0.,-4.26851249010042E-15));
#9518=DIRECTION('',(-4.45794927673303E-15,0.,1.));
#9519=DIRECTION('',(4.55279926134437E-15,0.,-1.));
#9520=DIRECTION('',(0.,-1.,0.));
#9521=DIRECTION('',(0.,0.,-1.));
#9522=DIRECTION('',(6.3037392453803E-11,1.,0.));
#9523=DIRECTION('',(1.,-6.3037392453803E-11,0.));
#9524=DIRECTION('',(0.,-1.,0.));
#9525=DIRECTION('',(0.,1.,0.));
#9526=DIRECTION('',(0.,-1.,0.));
#9527=DIRECTION('',(0.,0.,-1.));
#9528=DIRECTION('',(0.,0.,1.));
#9529=DIRECTION('',(1.,0.,0.));
#9530=DIRECTION('',(0.,-1.,0.));
#9531=DIRECTION('',(0.,0.,-1.));
#9532=DIRECTION('',(0.,1.,0.));
#9533=DIRECTION('',(0.,0.,-1.));
#9534=DIRECTION('',(0.,0.,1.));
#9535=DIRECTION('',(1.,0.,0.));
#9536=DIRECTION('',(-1.,0.,0.));
#9537=DIRECTION('',(0.,0.,1.));
#9538=DIRECTION('',(0.,0.,1.));
#9539=DIRECTION('',(1.,0.,0.));
#9540=DIRECTION('',(-6.30373924538027E-11,-1.,0.));
#9541=DIRECTION('',(1.,-6.30373924538027E-11,0.));
#9542=DIRECTION('',(0.,0.,1.));
#9543=DIRECTION('',(1.,0.,0.));
#9544=DIRECTION('',(0.,-1.,0.));
#9545=DIRECTION('',(0.,0.,-1.));
#9546=DIRECTION('',(0.,-1.,0.));
#9547=DIRECTION('',(0.,0.,-1.));
#9548=DIRECTION('',(-1.,0.,-8.53702498020082E-15));
#9549=DIRECTION('',(-8.53702498020082E-15,0.,1.));
#9550=DIRECTION('',(0.,1.,0.));
#9551=DIRECTION('',(0.,0.,-1.));
#9552=DIRECTION('',(0.,1.,0.));
#9553=DIRECTION('',(0.,0.,-1.));
#9554=DIRECTION('',(0.,-1.,0.));
#9555=DIRECTION('',(0.,0.,-1.));
#9556=DIRECTION('',(0.,0.,1.));
#9557=DIRECTION('',(1.,0.,0.));
#9558=DIRECTION('',(8.53702498020084E-15,0.,-1.));
#9559=DIRECTION('',(-1.,0.,-8.53702498020084E-15));
#9560=DIRECTION('',(1.,0.,0.));
#9561=DIRECTION('',(0.,0.,-1.));
#9562=DIRECTION('',(0.,0.,-1.));
#9563=DIRECTION('',(-1.,0.,0.));
#9564=DIRECTION('',(0.,2.05504475951203E-15,1.));
#9565=DIRECTION('',(0.,0.,1.));
#9566=DIRECTION('',(-1.,0.,0.));
#9567=DIRECTION('',(0.,0.,-1.));
#9568=DIRECTION('',(0.,0.,1.));
#9569=DIRECTION('',(1.,0.,9.91605273070055E-16));
#9570=DIRECTION('',(-9.91605273070055E-16,0.,1.));
#9571=DIRECTION('',(-1.,0.,0.));
#9572=DIRECTION('',(0.,0.,-1.));
#9573=DIRECTION('',(-1.,0.,-1.32266906388555E-15));
#9574=DIRECTION('',(1.,0.,1.98400359582832E-15));
#9575=DIRECTION('',(0.,-1.,0.));
#9576=DIRECTION('',(0.,0.,-1.));
#9577=DIRECTION('',(0.,-1.,0.));
#9578=DIRECTION('',(0.,0.,1.));
#9579=DIRECTION('',(0.,1.,0.));
#9580=DIRECTION('',(0.,-1.,0.));
#9581=DIRECTION('',(0.,0.,-1.));
#9582=DIRECTION('',(-1.,0.,0.));
#9583=DIRECTION('',(0.,0.,1.));
#9584=DIRECTION('',(-1.,0.,0.));
#9585=DIRECTION('',(0.,0.,-1.));
#9586=DIRECTION('',(0.,0.,1.));
#9587=DIRECTION('',(-1.,0.,-4.28143254256993E-15));
#9588=DIRECTION('',(-4.28143254256993E-15,0.,1.));
#9589=DIRECTION('',(-1.,0.,-4.26851249010041E-15));
#9590=DIRECTION('',(4.26851249010041E-15,0.,-1.));
#9591=DIRECTION('',(1.,0.,4.27851898305533E-15));
#9592=DIRECTION('',(-1.,0.,-4.27851898305533E-15));
#9593=DIRECTION('',(0.,-1.,0.));
#9594=DIRECTION('',(0.,0.,-1.));
#9595=DIRECTION('',(0.,1.,0.));
#9596=DIRECTION('',(0.,0.,-1.));
#9597=DIRECTION('',(0.,-1.,0.));
#9598=DIRECTION('',(0.,1.,0.));
#9599=DIRECTION('',(-4.52748071926965E-15,0.,1.));
#9600=DIRECTION('',(1.,0.,4.52748071926965E-15));
#9601=DIRECTION('',(4.26851249010042E-15,0.,-1.));
#9602=DIRECTION('',(1.,0.,4.26851249010042E-15));
#9603=DIRECTION('',(-4.55279926134437E-15,0.,1.));
#9604=DIRECTION('',(4.45794927673303E-15,0.,-1.));
#9605=DIRECTION('',(1.,0.,0.));
#9606=DIRECTION('',(0.,0.,-1.));
#9607=DIRECTION('',(1.,0.,0.));
#9608=DIRECTION('',(0.,0.,1.));
#9609=DIRECTION('',(-1.,0.,0.));
#9610=DIRECTION('',(1.,0.,0.));
#9611=DIRECTION('',(1.,0.,0.));
#9612=DIRECTION('',(0.,0.,-1.));
#9613=DIRECTION('',(0.999387639028971,-0.0349906694242808,3.0562827020908E-6));
#9614=DIRECTION('',(0.0347573837224257,0.992734700285134,0.115194353709535));
#9615=DIRECTION('',(-1.,0.,0.));
#9616=DIRECTION('',(0.,0.,-1.));
#9617=DIRECTION('',(0.,0.,1.));
#9618=DIRECTION('',(1.,0.,0.));
#9619=DIRECTION('',(0.,-1.,6.3037392453803E-11));
#9620=DIRECTION('',(0.,-6.3037392453803E-11,-1.));
#9621=DIRECTION('',(-1.,0.,0.));
#9622=DIRECTION('',(0.,0.,1.));
#9623=DIRECTION('',(0.,0.,1.));
#9624=DIRECTION('',(1.,0.,0.));
#9625=DIRECTION('',(0.,0.,1.));
#9626=DIRECTION('',(1.,0.,0.));
#9627=DIRECTION('',(8.5370249802008E-15,0.,-1.));
#9628=DIRECTION('',(-1.,0.,-8.5370249802008E-15));
#9629=DIRECTION('',(5.38151794064835E-25,-1.,-6.30373924538027E-11));
#9630=DIRECTION('',(0.,6.30373924538027E-11,-1.));
#9631=DIRECTION('',(0.,-1.,0.));
#9632=DIRECTION('',(0.,0.,-1.));
#9633=DIRECTION('',(0.,-1.,0.));
#9634=DIRECTION('',(0.,0.,1.));
#9635=DIRECTION('',(0.,1.,0.));
#9636=DIRECTION('',(0.,-1.,0.));
#9637=DIRECTION('',(1.,0.,3.96642109228023E-15));
#9638=DIRECTION('',(3.96642109228023E-15,0.,-1.));
#9639=DIRECTION('',(-1.,0.,0.));
#9640=DIRECTION('',(0.,0.,-1.));
#9641=DIRECTION('',(1.,0.,3.30667265971379E-15));
#9642=DIRECTION('',(-1.,0.,-3.96800719165654E-15));
#9643=DIRECTION('',(4.30271720472134E-15,0.,-1.));
#9644=DIRECTION('',(-1.,0.,-4.30271720472134E-15));
#9645=DIRECTION('',(4.2685124901004E-15,0.,-1.));
#9646=DIRECTION('',(1.,0.,4.2685124901004E-15));
#9647=DIRECTION('',(-3.52761270306017E-15,0.,1.));
#9648=DIRECTION('',(3.96856429094268E-15,0.,-1.));
#9649=DIRECTION('',(0.,-1.,0.));
#9650=DIRECTION('',(0.,0.,-1.));
#9651=DIRECTION('',(0.,-1.,0.));
#9652=DIRECTION('',(0.,0.,1.));
#9653=DIRECTION('',(0.,1.,0.));
#9654=DIRECTION('',(0.,-1.,0.));
#9655=DIRECTION('',(0.,-1.,0.));
#9656=DIRECTION('',(0.,0.,-1.));
#9657=DIRECTION('',(0.,1.,0.));
#9658=DIRECTION('',(0.,0.,-1.));
#9659=DIRECTION('',(0.,-1.,0.));
#9660=DIRECTION('',(0.,0.,-1.));
#9661=DIRECTION('',(0.,0.,1.));
#9662=DIRECTION('',(1.,0.,0.));
#9663=DIRECTION('',(1.,0.,0.));
#9664=DIRECTION('',(0.,0.,-1.));
#9665=DIRECTION('',(0.,0.,-1.));
#9666=DIRECTION('',(1.,0.,0.));
#9667=DIRECTION('',(0.,0.,1.));
#9668=DIRECTION('',(1.,0.,0.));
#9669=DIRECTION('',(-1.,0.,-3.96642109228023E-15));
#9670=DIRECTION('',(3.96642109228023E-15,0.,-1.));
#9671=DIRECTION('',(1.,0.,0.));
#9672=DIRECTION('',(0.,0.,1.));
#9673=DIRECTION('',(1.,0.,3.96800719165654E-15));
#9674=DIRECTION('',(1.,0.,0.));
#9675=DIRECTION('',(0.,0.,-1.));
#9676=DIRECTION('',(-1.,0.,-3.96800719165654E-15));
#9677=DIRECTION('',(0.,-1.,0.));
#9678=DIRECTION('',(0.,0.,1.));
#9679=DIRECTION('',(0.,1.,0.));
#9680=DIRECTION('',(0.,0.,-1.));
#9681=DIRECTION('',(0.,1.,0.));
#9682=DIRECTION('',(0.,-1.,0.));
#9683=DIRECTION('',(-4.30271720472134E-15,0.,1.));
#9684=DIRECTION('',(-1.,0.,-4.30271720472134E-15));
#9685=DIRECTION('',(-4.2685124901004E-15,0.,1.));
#9686=DIRECTION('',(-1.,0.,-4.2685124901004E-15));
#9687=DIRECTION('',(-3.96856429094269E-15,0.,1.));
#9688=DIRECTION('',(3.52761270306017E-15,0.,-1.));
#9689=DIRECTION('',(1.,0.,0.));
#9690=DIRECTION('',(0.,0.,-1.));
#9691=DIRECTION('',(1.,0.,0.));
#9692=DIRECTION('',(0.,0.,-1.));
#9693=DIRECTION('',(-1.,0.,0.));
#9694=DIRECTION('',(1.,0.,0.));
#9695=DIRECTION('',(0.,-1.,0.));
#9696=DIRECTION('',(0.,0.,-1.));
#9697=DIRECTION('',(0.,0.,1.));
#9698=DIRECTION('',(1.,0.,0.));
#9699=DIRECTION('',(0.,1.,0.));
#9700=DIRECTION('',(0.,0.,-1.));
#9701=DIRECTION('',(0.,-1.,0.));
#9702=DIRECTION('',(0.,0.,-1.));
#9703=DIRECTION('',(0.,0.,1.));
#9704=DIRECTION('',(1.,0.,0.));
#9705=DIRECTION('',(0.,1.,0.));
#9706=DIRECTION('',(0.,0.,1.));
#9707=DIRECTION('',(0.,1.,0.));
#9708=DIRECTION('',(0.,0.,1.));
#9709=DIRECTION('',(0.,-1.,0.));
#9710=DIRECTION('',(0.,0.,-1.));
#9711=DIRECTION('',(0.,1.,0.));
#9712=DIRECTION('',(0.,0.,1.));
#9713=DIRECTION('',(0.,1.,0.));
#9714=DIRECTION('',(0.,0.,1.));
#9715=DIRECTION('',(0.,-1.,0.));
#9716=DIRECTION('',(0.,0.,1.));
#9717=DIRECTION('',(0.,1.,0.));
#9718=DIRECTION('',(0.,0.,1.));
#9719=DIRECTION('',(0.,1.,0.));
#9720=DIRECTION('',(0.,0.,1.));
#9721=DIRECTION('',(0.,-1.,0.));
#9722=DIRECTION('',(0.,0.,1.));
#9723=DIRECTION('',(0.,1.,0.));
#9724=DIRECTION('',(0.,0.,1.));
#9725=DIRECTION('',(0.,1.,0.));
#9726=DIRECTION('',(0.,0.,1.));
#9727=DIRECTION('',(0.,-1.,0.));
#9728=DIRECTION('',(0.,0.,1.));
#9729=DIRECTION('',(0.,1.,0.));
#9730=DIRECTION('',(0.,0.,1.));
#9731=DIRECTION('',(0.,1.,0.));
#9732=DIRECTION('',(0.,0.,1.));
#9733=DIRECTION('',(0.,-1.,0.));
#9734=DIRECTION('',(0.,0.,1.));
#9735=DIRECTION('',(0.,1.,0.));
#9736=DIRECTION('',(0.,0.,1.));
#9737=DIRECTION('',(0.,-1.,0.));
#9738=DIRECTION('',(0.,0.,1.));
#9739=DIRECTION('',(0.,1.,0.));
#9740=DIRECTION('',(0.,0.,-1.));
#9741=DIRECTION('',(0.,1.,0.));
#9742=DIRECTION('',(0.,0.,1.));
#9743=DIRECTION('',(0.,-1.,0.));
#9744=DIRECTION('',(0.,0.,-1.));
#9745=DIRECTION('',(0.,1.,0.));
#9746=DIRECTION('',(0.,0.,-1.));
#9747=DIRECTION('',(0.,1.,0.));
#9748=DIRECTION('',(0.,0.,1.));
#9749=DIRECTION('',(0.,-1.,0.));
#9750=DIRECTION('',(0.,0.,-1.));
#9751=DIRECTION('',(0.,1.,0.));
#9752=DIRECTION('',(0.,0.,-1.));
#9753=DIRECTION('',(0.,1.,0.));
#9754=DIRECTION('',(0.,0.,1.));
#9755=DIRECTION('',(0.,-1.,0.));
#9756=DIRECTION('',(0.,0.,-1.));
#9757=DIRECTION('',(0.,1.,0.));
#9758=DIRECTION('',(0.,0.,-1.));
#9759=DIRECTION('',(0.,1.,0.));
#9760=DIRECTION('',(0.,0.,1.));
#9761=DIRECTION('',(0.,-1.,0.));
#9762=DIRECTION('',(0.,0.,-1.));
#9763=DIRECTION('',(0.,1.,0.));
#9764=DIRECTION('',(0.,0.,-1.));
#9765=DIRECTION('',(1.,0.,-3.5204049856811E-15));
#9766=DIRECTION('',(3.5204049856811E-15,0.,1.));
#9767=DIRECTION('',(-3.96642109228023E-15,0.,-1.));
#9768=DIRECTION('',(1.,0.,-3.96642109228023E-15));
#9769=DIRECTION('',(0.,0.,1.));
#9770=DIRECTION('',(-1.,0.,0.));
#9771=DIRECTION('',(1.,0.,7.82312219040244E-16));
#9772=DIRECTION('',(-7.82312219040244E-16,0.,1.));
#9773=DIRECTION('',(-1.,0.,-7.98967185753468E-16));
#9774=DIRECTION('',(7.98967185753468E-16,0.,-1.));
#9775=DIRECTION('',(6.660006177331E-16,0.,-1.));
#9776=DIRECTION('',(1.,0.,6.660006177331E-16));
#9777=DIRECTION('',(-1.,0.,1.54626015185724E-15));
#9778=DIRECTION('',(-1.54626015185724E-15,0.,-1.));
#9779=DIRECTION('',(3.52028897944639E-15,0.,1.));
#9780=DIRECTION('',(-1.,0.,3.52028897944639E-15));
#9781=DIRECTION('',(-1.,0.,3.81728766526658E-15));
#9782=DIRECTION('',(-3.81728766526658E-15,0.,-1.));
#9783=DIRECTION('',(-1.,0.,0.));
#9784=DIRECTION('',(0.,0.,-1.));
#9785=DIRECTION('',(-9.91605273070055E-16,0.,1.));
#9786=DIRECTION('',(-1.,0.,-9.91605273070055E-16));
#9787=DIRECTION('',(3.96642109228023E-15,0.,-1.));
#9788=DIRECTION('',(1.,0.,3.96642109228023E-15));
#9789=DIRECTION('',(-1.,0.,-4.30271720472134E-15));
#9790=DIRECTION('',(4.30271720472134E-15,0.,-1.));
#9791=DIRECTION('',(1.,0.,4.52748071926965E-15));
#9792=DIRECTION('',(-4.52748071926965E-15,0.,1.));
#9793=DIRECTION('',(-4.28143254256993E-15,0.,1.));
#9794=DIRECTION('',(-1.,0.,-4.28143254256993E-15));
#9795=DIRECTION('',(1.,0.,2.31939022778586E-15));
#9796=DIRECTION('',(-2.31939022778586E-15,0.,1.));
#9797=DIRECTION('',(9.51429453904428E-17,0.,-1.));
#9798=DIRECTION('',(1.,0.,9.51429453904428E-17));
#9799=DIRECTION('',(1.,0.,-8.87741317503853E-17));
#9800=DIRECTION('',(8.87741317503853E-17,0.,1.));
#9801=DIRECTION('',(-1.,0.,0.));
#9802=DIRECTION('',(0.,0.,1.));
#9803=DIRECTION('',(0.,-1.,0.));
#9804=DIRECTION('',(0.,-1.,0.));
#9805=DIRECTION('',(0.,0.,-1.));
#9806=DIRECTION('',(0.,-1.,0.));
#9807=DIRECTION('',(0.,0.,-1.));
#9808=DIRECTION('',(0.,-1.,0.));
#9809=DIRECTION('',(0.,-1.,0.));
#9810=DIRECTION('',(0.,0.,-1.));
#9811=DIRECTION('',(0.,0.,-1.));
#9812=DIRECTION('',(-1.,0.,0.));
#9813=DIRECTION('',(0.,-1.,0.));
#9814=DIRECTION('',(1.,0.,-7.71912898872021E-17));
#9815=DIRECTION('',(0.,-1.,0.));
#9816=DIRECTION('',(0.,0.,-1.));
#9817=DIRECTION('',(0.,-1.,0.));
#9818=DIRECTION('',(0.,-1.,0.));
#9819=DIRECTION('',(0.,0.,-1.));
#9820=DIRECTION('',(1.,0.,0.));
#9821=DIRECTION('',(0.,0.,-1.));
#9822=DIRECTION('',(0.,-1.,0.));
#9823=DIRECTION('',(0.,0.,1.));
#9824=DIRECTION('',(0.,-1.,0.));
#9825=DIRECTION('',(0.,0.,-1.));
#9826=DIRECTION('',(0.,-1.,0.));
#9827=DIRECTION('',(0.,-1.,0.));
#9828=DIRECTION('',(0.,0.,-1.));
#9829=DIRECTION('',(0.,0.,1.));
#9830=DIRECTION('',(1.,0.,0.));
#9831=DIRECTION('',(0.,-1.,0.));
#9832=DIRECTION('',(-1.,0.,0.));
#9833=DIRECTION('',(0.,-1.,0.));
#9834=DIRECTION('',(0.,0.,-1.));
#9835=DIRECTION('',(0.,-1.,0.));
#9836=DIRECTION('',(0.,0.,-1.));
#9837=DIRECTION('',(0.,-1.,0.));
#9838=DIRECTION('',(0.,0.,-1.));
#9839=DIRECTION('',(0.,1.,0.));
#9840=DIRECTION('',(0.,-1.,0.));
#9841=DIRECTION('',(0.,1.,0.));
#9842=DIRECTION('',(0.,0.,-1.));
#9843=DIRECTION('',(0.,-1.,0.));
#9844=DIRECTION('',(0.,0.,-1.));
#9845=DIRECTION('',(0.,1.,0.));
#9846=DIRECTION('',(0.,-1.,0.));
#9847=DIRECTION('',(0.,1.,0.));
#9848=DIRECTION('',(0.,0.,-1.));
#9849=DIRECTION('',(0.,-1.,0.));
#9850=DIRECTION('',(0.,0.,-1.));
#9851=DIRECTION('',(0.,1.,0.));
#9852=DIRECTION('',(0.,-1.,0.));
#9853=DIRECTION('',(0.,1.,0.));
#9854=DIRECTION('',(0.,0.,-1.));
#9855=DIRECTION('',(0.,-1.,0.));
#9856=DIRECTION('',(0.,0.,-1.));
#9857=DIRECTION('',(0.,1.,0.));
#9858=DIRECTION('',(0.,-1.,0.));
#9859=DIRECTION('',(0.,1.,0.));
#9860=DIRECTION('',(0.,0.,-1.));
#9861=DIRECTION('',(0.,1.,0.));
#9862=DIRECTION('',(0.,0.,-1.));
#9863=DIRECTION('',(0.,0.,1.));
#9864=DIRECTION('',(1.,0.,0.));
#9865=DIRECTION('',(0.,0.,-1.));
#9866=DIRECTION('',(-1.,0.,0.));
#9867=DIRECTION('',(0.,0.,1.));
#9868=DIRECTION('',(-1.,0.,0.));
#9869=DIRECTION('',(0.,0.,-1.));
#9870=DIRECTION('',(1.,0.,0.));
#9871=DIRECTION('',(0.,-1.,0.));
#9872=DIRECTION('',(0.,0.,-1.));
#9873=DIRECTION('',(0.,-1.,0.));
#9874=DIRECTION('',(0.,0.,-1.));
#9875=DIRECTION('',(0.,0.,-1.));
#9876=DIRECTION('',(0.,-1.,0.));
#9877=DIRECTION('',(0.,0.,-1.));
#9878=DIRECTION('',(0.,-1.,0.));
#9879=DIRECTION('',(0.,0.,-1.));
#9880=DIRECTION('',(0.,0.,1.));
#9881=DIRECTION('',(0.,-1.,0.));
#9882=DIRECTION('',(0.,0.,-1.));
#9883=DIRECTION('',(0.,1.,0.));
#9884=DIRECTION('',(0.,0.,-1.));
#9885=DIRECTION('',(0.,-1.,0.));
#9886=DIRECTION('',(0.,0.,-1.));
#9887=DIRECTION('',(0.,-1.,0.));
#9888=DIRECTION('',(0.,0.,-1.));
#9889=DIRECTION('',(-0.999390827019096,0.0348994967025044,0.));
#9890=DIRECTION('',(0.,0.,-1.));
#9891=DIRECTION('',(0.999390827019096,-0.0348994967025045,0.));
#9892=DIRECTION('',(0.,0.,-1.));
#9893=DIRECTION('',(1.,0.,0.));
#9894=DIRECTION('',(0.,0.,-1.));
#9895=DIRECTION('',(5.06510274944903E-5,2.33489732373476E-6,0.999999998714511));
#9896=DIRECTION('',(0.726979180074693,-0.686659501133969,-3.52189630516441E-5));
#9897=DIRECTION('',(-0.999387639028987,0.0349906694238128,3.05628274948095E-6));
#9898=DIRECTION('',(0.0347573836929749,0.992734699458047,-0.115194360846182));
#9899=DIRECTION('',(0.,0.,1.));
#9900=DIRECTION('',(1.,0.,0.));
#9901=DIRECTION('',(-1.,0.,0.));
#9902=DIRECTION('',(0.,0.,-1.));
#9903=DIRECTION('',(0.,0.,-1.));
#9904=DIRECTION('',(-1.,0.,0.));
#9905=DIRECTION('',(-9.02955051256333E-13,-2.58415555293985E-11,-1.));
#9906=DIRECTION('',(0.,0.,1.));
#9907=DIRECTION('',(-1.,0.,0.));
#9908=DIRECTION('',(0.,0.,1.));
#9909=DIRECTION('',(-1.,0.,0.));
#9910=DIRECTION('',(0.,0.,-1.));
#9911=DIRECTION('',(6.43032790661433E-12,1.,0.));
#9912=DIRECTION('',(0.,1.,0.));
#9913=DIRECTION('',(0.,0.,-1.));
#9914=DIRECTION('',(-1.,0.,0.));
#9915=DIRECTION('',(0.0348994967025043,0.999390827019096,0.));
#9916=DIRECTION('',(0.0348994967025054,0.999390827019096,0.));
#9917=DIRECTION('',(0.,0.,1.));
#9918=DIRECTION('',(-1.,0.,0.));
#9919=DIRECTION('',(0.034899496702505,0.999390827019096,0.));
#9920=DIRECTION('',(0.0348994967025054,0.999390827019096,0.));
#9921=DIRECTION('',(0.999390827019096,-0.0348994967025044,0.));
#9922=DIRECTION('',(0.,0.,1.));
#9923=DIRECTION('',(-0.999390827019096,0.0348994967025045,0.));
#9924=DIRECTION('',(0.,0.,1.));
#9925=DIRECTION('',(0.,0.,1.));
#9926=DIRECTION('',(1.,0.,0.));
#9927=DIRECTION('',(0.,0.,1.));
#9928=DIRECTION('',(-1.,0.,0.));
#9929=DIRECTION('',(0.,-2.21312512562835E-15,1.));
#9930=DIRECTION('',(0.,0.,-1.));
#9931=DIRECTION('',(1.,0.,0.));
#9932=DIRECTION('',(0.,0.,-1.));
#9933=DIRECTION('',(-1.,0.,0.));
#9934=DIRECTION('',(0.,0.,1.));
#9935=DIRECTION('',(-5.06510274779373E-5,2.3348973225947E-6,-0.999999998714511));
#9936=DIRECTION('',(0.72698032263603,0.68665829148102,-3.52190237367145E-5));
#9937=DIRECTION('',(0.999387639029104,0.0349906694204627,-3.05628263736047E-6));
#9938=DIRECTION('',(0.0347573837248943,-0.992734700463751,-0.115194352169482));
#9939=DIRECTION('',(1.,0.,0.));
#9940=DIRECTION('',(0.,0.,1.));
#9941=DIRECTION('',(0.,0.,1.));
#9942=DIRECTION('',(1.,0.,0.));
#9943=DIRECTION('',(-0.0348994967025043,0.999390827019096,0.));
#9944=DIRECTION('',(-0.0348994967025054,0.999390827019096,0.));
#9945=DIRECTION('',(0.,1.,0.));
#9946=DIRECTION('',(0.,0.,-1.));
#9947=DIRECTION('',(1.,0.,0.));
#9948=DIRECTION('',(-0.034899496702505,0.999390827019096,0.));
#9949=DIRECTION('',(0.,1.,0.));
#9950=DIRECTION('',(-0.0348994967025054,0.999390827019096,0.));
#9951=DIRECTION('',(-0.999390827019096,-0.0348994967025044,0.));
#9952=DIRECTION('',(0.,0.,-1.));
#9953=DIRECTION('',(0.999390827019096,0.0348994967025045,0.));
#9954=DIRECTION('',(0.,0.,-1.));
#9955=DIRECTION('',(1.,0.,0.));
#9956=DIRECTION('',(0.,0.,1.));
#9957=DIRECTION('',(0.999390827019096,0.0348994967025044,0.));
#9958=DIRECTION('',(0.,0.,1.));
#9959=DIRECTION('',(-0.999390827019096,-0.0348994967025045,0.));
#9960=DIRECTION('',(0.,0.,1.));
#9961=DIRECTION('',(1.,4.14241398437456E-17,1.38777878078145E-17));
#9962=DIRECTION('',(1.38777878078145E-17,4.16864344293447E-18,-1.));
#9963=DIRECTION('',(-1.,-4.14241398437456E-17,-1.38777878078145E-17));
#9964=DIRECTION('',(-1.38777878078145E-17,-4.16864344293447E-18,1.));
#9965=DIRECTION('',(0.,0.,1.));
#9966=DIRECTION('',(1.,0.,0.));
#9967=CARTESIAN_POINT('',(0.,0.,0.));
#9968=CARTESIAN_POINT('',(0.00715,0.004,-0.0015));
#9969=CARTESIAN_POINT('',(0.00695,0.004,-0.0017));
#9970=CARTESIAN_POINT('',(0.00695,0.004,-0.0017));
#9971=CARTESIAN_POINT('',(0.00715,0.004,-0.0015));
#9972=CARTESIAN_POINT('',(0.00695,0.0015,-0.0017));
#9973=CARTESIAN_POINT('',(0.00695,0.0015,-0.0017));
#9974=CARTESIAN_POINT('',(0.00715,0.0015,-0.0015));
#9975=CARTESIAN_POINT('',(0.00715,0.0015,-0.0015));
#9976=CARTESIAN_POINT('',(0.00715,0.004,-0.0015));
#9977=CARTESIAN_POINT('',(0.00695,0.004,-0.0038));
#9978=CARTESIAN_POINT('',(0.00715,0.004,-0.004));
#9979=CARTESIAN_POINT('',(0.00715,0.004,-0.004));
#9980=CARTESIAN_POINT('',(0.00695,0.004,-0.0038));
#9981=CARTESIAN_POINT('',(0.00715,0.0015,-0.004));
#9982=CARTESIAN_POINT('',(0.00715,0.0015,-0.004));
#9983=CARTESIAN_POINT('',(0.00695,0.0015,-0.0038));
#9984=CARTESIAN_POINT('',(0.00695,0.0015,-0.0038));
#9985=CARTESIAN_POINT('',(0.00695,0.004,-0.0038));
#9986=CARTESIAN_POINT('',(0.01945,0.004,-0.0017));
#9987=CARTESIAN_POINT('',(0.01925,0.004,-0.0015));
#9988=CARTESIAN_POINT('',(0.01925,0.004,-0.0015));
#9989=CARTESIAN_POINT('',(0.01945,0.004,-0.0017));
#9990=CARTESIAN_POINT('',(0.01925,0.0015,-0.0015));
#9991=CARTESIAN_POINT('',(0.01925,0.0015,-0.0015));
#9992=CARTESIAN_POINT('',(0.01945,0.0015,-0.0017));
#9993=CARTESIAN_POINT('',(0.01945,0.0015,-0.0017));
#9994=CARTESIAN_POINT('',(0.01945,0.004,-0.0017));
#9995=CARTESIAN_POINT('',(0.01925,0.004,-0.004));
#9996=CARTESIAN_POINT('',(0.01945,0.004,-0.0038));
#9997=CARTESIAN_POINT('',(0.01945,0.004,-0.0038));
#9998=CARTESIAN_POINT('',(0.01925,0.004,-0.004));
#9999=CARTESIAN_POINT('',(0.01945,0.0015,-0.0038));
#10000=CARTESIAN_POINT('',(0.01945,0.0015,-0.0038));
#10001=CARTESIAN_POINT('',(0.01925,0.0015,-0.004));
#10002=CARTESIAN_POINT('',(0.01925,0.0015,-0.004));
#10003=CARTESIAN_POINT('',(0.01925,0.004,-0.004));
#10004=CARTESIAN_POINT('',(0.00945,0.00105278640450004,-0.0017));
#10005=CARTESIAN_POINT('',(0.00945,0.0015,-0.0017));
#10006=CARTESIAN_POINT('',(0.00945,0.0015,-0.0017));
#10007=CARTESIAN_POINT('',(0.00965,0.0015,-0.0015));
#10008=CARTESIAN_POINT('',(0.00965,0.0015,-0.0015));
#10009=CARTESIAN_POINT('',(0.00965,0.004,-0.0015));
#10010=CARTESIAN_POINT('',(0.00945,0.004,-0.0017));
#10011=CARTESIAN_POINT('',(0.00945,0.004,-0.0017));
#10012=CARTESIAN_POINT('',(0.00945,0.0015,-0.0017));
#10013=CARTESIAN_POINT('',(0.00925,0.00105278640450004,-0.0015));
#10014=CARTESIAN_POINT('',(0.00925,0.0015,-0.0015));
#10015=CARTESIAN_POINT('',(0.00925,0.0015,-0.0015));
#10016=CARTESIAN_POINT('',(0.00925,0.004,-0.0015));
#10017=CARTESIAN_POINT('',(0.00925,0.004,-0.0015));
#10018=CARTESIAN_POINT('',(0.00925,0.0015,-0.0015));
#10019=CARTESIAN_POINT('',(0.01425,0.00105278640450004,-0.0015));
#10020=CARTESIAN_POINT('',(0.01425,0.0015,-0.0015));
#10021=CARTESIAN_POINT('',(0.01425,0.0015,-0.0015));
#10022=CARTESIAN_POINT('',(0.01445,0.0015,-0.0017));
#10023=CARTESIAN_POINT('',(0.01445,0.0015,-0.0017));
#10024=CARTESIAN_POINT('',(0.01445,0.004,-0.0017));
#10025=CARTESIAN_POINT('',(0.01425,0.004,-0.0015));
#10026=CARTESIAN_POINT('',(0.01425,0.004,-0.0015));
#10027=CARTESIAN_POINT('',(0.01425,0.0015,-0.0015));
#10028=CARTESIAN_POINT('',(0.01445,0.00105278640450004,-0.0017));
#10029=CARTESIAN_POINT('',(0.01445,0.0015,-0.0017));
#10030=CARTESIAN_POINT('',(0.01465,0.0015,-0.0015));
#10031=CARTESIAN_POINT('',(0.01465,0.0015,-0.0015));
#10032=CARTESIAN_POINT('',(0.01465,0.004,-0.0015));
#10033=CARTESIAN_POINT('',(0.01445,0.004,-0.0017));
#10034=CARTESIAN_POINT('',(0.01675,0.00105278640450004,-0.0015));
#10035=CARTESIAN_POINT('',(0.01675,0.0015,-0.0015));
#10036=CARTESIAN_POINT('',(0.01675,0.0015,-0.0015));
#10037=CARTESIAN_POINT('',(0.01695,0.0015,-0.0017));
#10038=CARTESIAN_POINT('',(0.01695,0.0015,-0.0017));
#10039=CARTESIAN_POINT('',(0.01695,0.004,-0.0017));
#10040=CARTESIAN_POINT('',(0.01675,0.004,-0.0015));
#10041=CARTESIAN_POINT('',(0.01675,0.004,-0.0015));
#10042=CARTESIAN_POINT('',(0.01675,0.0015,-0.0015));
#10043=CARTESIAN_POINT('',(0.01695,0.00105278640450004,-0.0017));
#10044=CARTESIAN_POINT('',(0.01695,0.0015,-0.0017));
#10045=CARTESIAN_POINT('',(0.01715,0.0015,-0.0015));
#10046=CARTESIAN_POINT('',(0.01715,0.0015,-0.0015));
#10047=CARTESIAN_POINT('',(0.01715,0.004,-0.0015));
#10048=CARTESIAN_POINT('',(0.01695,0.004,-0.0017));
#10049=CARTESIAN_POINT('',(0.01195,0.00105278640450004,-0.0038));
#10050=CARTESIAN_POINT('',(0.01195,0.0015,-0.0038));
#10051=CARTESIAN_POINT('',(0.01195,0.0015,-0.0038));
#10052=CARTESIAN_POINT('',(0.01195,0.004,-0.0038));
#10053=CARTESIAN_POINT('',(0.01195,0.004,-0.0038));
#10054=CARTESIAN_POINT('',(0.01215,0.004,-0.004));
#10055=CARTESIAN_POINT('',(0.01215,0.0015,-0.004));
#10056=CARTESIAN_POINT('',(0.01215,0.0015,-0.004));
#10057=CARTESIAN_POINT('',(0.01195,0.0015,-0.0038));
#10058=CARTESIAN_POINT('',(0.01175,0.00105278640450004,-0.004));
#10059=CARTESIAN_POINT('',(0.01175,0.0015,-0.004));
#10060=CARTESIAN_POINT('',(0.01175,0.0015,-0.004));
#10061=CARTESIAN_POINT('',(0.01175,0.004,-0.004));
#10062=CARTESIAN_POINT('',(0.01175,0.004,-0.004));
#10063=CARTESIAN_POINT('',(0.01175,0.0015,-0.004));
#10064=CARTESIAN_POINT('',(0.006625,0.00105278640450004,-0.006625));
#10065=CARTESIAN_POINT('',(0.00925,0.0015,-0.004));
#10066=CARTESIAN_POINT('',(0.00925,0.0015,-0.004));
#10067=CARTESIAN_POINT('',(0.00925,0.004,-0.004));
#10068=CARTESIAN_POINT('',(0.00925,0.004,-0.004));
#10069=CARTESIAN_POINT('',(0.00945,0.004,-0.0038));
#10070=CARTESIAN_POINT('',(0.00945,0.0015,-0.0038));
#10071=CARTESIAN_POINT('',(0.00945,0.0015,-0.0038));
#10072=CARTESIAN_POINT('',(0.00925,0.0015,-0.004));
#10073=CARTESIAN_POINT('',(0.002825,0.00105278640450004,0.002825));
#10074=CARTESIAN_POINT('',(0.00945,0.004,-0.0038));
#10075=CARTESIAN_POINT('',(0.00965,0.004,-0.004));
#10076=CARTESIAN_POINT('',(0.00965,0.0015,-0.004));
#10077=CARTESIAN_POINT('',(0.00965,0.0015,-0.004));
#10078=CARTESIAN_POINT('',(0.00945,0.0015,-0.0038));
#10079=CARTESIAN_POINT('',(0.005325,0.00105278640450004,0.005325));
#10080=CARTESIAN_POINT('',(0.01445,0.0015,-0.0038));
#10081=CARTESIAN_POINT('',(0.01445,0.0015,-0.0038));
#10082=CARTESIAN_POINT('',(0.01445,0.004,-0.0038));
#10083=CARTESIAN_POINT('',(0.01445,0.004,-0.0038));
#10084=CARTESIAN_POINT('',(0.01465,0.004,-0.004));
#10085=CARTESIAN_POINT('',(0.01465,0.0015,-0.004));
#10086=CARTESIAN_POINT('',(0.01465,0.0015,-0.004));
#10087=CARTESIAN_POINT('',(0.01445,0.0015,-0.0038));
#10088=CARTESIAN_POINT('',(0.009125,0.00105278640450004,-0.009125));
#10089=CARTESIAN_POINT('',(0.01425,0.0015,-0.004));
#10090=CARTESIAN_POINT('',(0.01425,0.0015,-0.004));
#10091=CARTESIAN_POINT('',(0.01425,0.004,-0.004));
#10092=CARTESIAN_POINT('',(0.01425,0.004,-0.004));
#10093=CARTESIAN_POINT('',(0.01425,0.0015,-0.004));
#10094=CARTESIAN_POINT('',(0.006575,0.00105278640450004,0.006575));
#10095=CARTESIAN_POINT('',(0.01695,0.0015,-0.0038));
#10096=CARTESIAN_POINT('',(0.01695,0.0015,-0.0038));
#10097=CARTESIAN_POINT('',(0.01695,0.004,-0.0038));
#10098=CARTESIAN_POINT('',(0.01695,0.004,-0.0038));
#10099=CARTESIAN_POINT('',(0.01715,0.004,-0.004));
#10100=CARTESIAN_POINT('',(0.01715,0.0015,-0.004));
#10101=CARTESIAN_POINT('',(0.01715,0.0015,-0.004));
#10102=CARTESIAN_POINT('',(0.01695,0.0015,-0.0038));
#10103=CARTESIAN_POINT('',(0.010375,0.00105278640450004,-0.010375));
#10104=CARTESIAN_POINT('',(0.01675,0.0015,-0.004));
#10105=CARTESIAN_POINT('',(0.01675,0.0015,-0.004));
#10106=CARTESIAN_POINT('',(0.01675,0.004,-0.004));
#10107=CARTESIAN_POINT('',(0.01675,0.004,-0.004));
#10108=CARTESIAN_POINT('',(0.01675,0.0015,-0.004));
#10109=CARTESIAN_POINT('',(0.005125,0.00105278640450004,0.005125));
#10110=CARTESIAN_POINT('',(0.01175,0.0015,-0.0015));
#10111=CARTESIAN_POINT('',(0.01175,0.0015,-0.0015));
#10112=CARTESIAN_POINT('',(0.01195,0.0015,-0.0017));
#10113=CARTESIAN_POINT('',(0.01195,0.0015,-0.0017));
#10114=CARTESIAN_POINT('',(0.01195,0.004,-0.0017));
#10115=CARTESIAN_POINT('',(0.01175,0.004,-0.0015));
#10116=CARTESIAN_POINT('',(0.01175,0.004,-0.0015));
#10117=CARTESIAN_POINT('',(0.01175,0.0015,-0.0015));
#10118=CARTESIAN_POINT('',(0.006825,0.00105278640450004,-0.006825));
#10119=CARTESIAN_POINT('',(0.01195,0.0015,-0.0017));
#10120=CARTESIAN_POINT('',(0.01215,0.0015,-0.0015));
#10121=CARTESIAN_POINT('',(0.01215,0.0015,-0.0015));
#10122=CARTESIAN_POINT('',(0.01215,0.004,-0.0015));
#10123=CARTESIAN_POINT('',(0.01195,0.004,-0.0017));
#10124=CARTESIAN_POINT('',(0.01789,0.004,-0.00244));
#10125=CARTESIAN_POINT('',(0.01789,0.004,-0.00244));
#10126=CARTESIAN_POINT('',(0.01789,0.004,-0.00244));
#10127=CARTESIAN_POINT('',(0.01851,0.004,-0.00244));
#10128=CARTESIAN_POINT('',(0.01851,0.004,-0.00244));
#10129=CARTESIAN_POINT('',(0.01851,0.00538999999922515,-0.00243999863750811));
#10130=CARTESIAN_POINT('',(0.01851,0.00538999999922515,-0.00243999863750811));
#10131=CARTESIAN_POINT('',(0.01789,0.00538999999922516,-0.00243999863750811));
#10132=CARTESIAN_POINT('',(0.01789,0.00538999999922516,-0.00243999863750811));
#10133=CARTESIAN_POINT('',(0.0185099999999998,0.00601,0.00525));
#10134=CARTESIAN_POINT('',(0.0178899999999998,0.00601,0.00525));
#10135=CARTESIAN_POINT('',(0.0185099999999998,0.00601,0.00445060840985837));
#10136=CARTESIAN_POINT('',(0.0178899999999998,0.00601,0.00445060840985837));
#10137=CARTESIAN_POINT('',(0.0185099999999999,0.00600999996542388,0.00325152523854606));
#10138=CARTESIAN_POINT('',(0.0178899999999999,0.00600999996542388,0.00325152523854606));
#10139=CARTESIAN_POINT('',(0.0185099999999997,0.00601000004994329,0.0016527317576187));
#10140=CARTESIAN_POINT('',(0.0178899999999997,0.00601000004994329,0.0016527317576187));
#10141=CARTESIAN_POINT('',(0.0185100000000001,0.00600999985305148,0.000653516265760613));
#10142=CARTESIAN_POINT('',(0.0178900000000001,0.00600999985305148,0.000653516265760613));
#10143=CARTESIAN_POINT('',(0.0185100000000004,0.00601000025451867,-0.000145924252440947));
#10144=CARTESIAN_POINT('',(0.0178900000000004,0.00601000025451867,-0.000145924252440947));
#10145=CARTESIAN_POINT('',(0.0185099999999992,0.00600999902850704,-0.00074531852717953));
#10146=CARTESIAN_POINT('',(0.0178899999999992,0.00600999902850704,-0.00074531852717953));
#10147=CARTESIAN_POINT('',(0.0185099999999998,0.00601000286429548,-0.00124540575053922));
#10148=CARTESIAN_POINT('',(0.0178899999999998,0.00601000286429548,-0.00124540575053922));
#10149=CARTESIAN_POINT('',(0.0185099999999998,0.00600999503856672,-0.00164414779959693));
#10150=CARTESIAN_POINT('',(0.0178899999999998,0.00600999503856672,-0.00164414779959693));
#10151=CARTESIAN_POINT('',(0.0185099999999998,0.00601001893786982,-0.00194683232863463));
#10152=CARTESIAN_POINT('',(0.0178899999999998,0.00601001893786982,-0.00194683232863463));
#10153=CARTESIAN_POINT('',(0.0185099999999998,0.00600994416460663,-0.00218752934936324));
#10154=CARTESIAN_POINT('',(0.0178899999999998,0.00600994416460663,-0.00218752934936324));
#10155=CARTESIAN_POINT('',(0.0185099999999998,0.00601007764719316,-0.00237866419955221));
#10156=CARTESIAN_POINT('',(0.0178899999999998,0.00601007764719316,-0.00237866419955221));
#10157=CARTESIAN_POINT('',(0.0185099999999998,0.00600986377455461,-0.00245252282168001));
#10158=CARTESIAN_POINT('',(0.0178899999999998,0.00600986377455461,-0.00245252282168001));
#10159=CARTESIAN_POINT('',(0.0185099999999998,0.00601062033558054,-0.00257995758653693));
#10160=CARTESIAN_POINT('',(0.0178899999999998,0.00601062033558054,-0.00257995758653693));
#10161=CARTESIAN_POINT('',(0.0185099999999998,0.00595614715587825,-0.00276371692001599));
#10162=CARTESIAN_POINT('',(0.0178899999999998,0.00595614715587825,-0.00276371692001599));
#10163=CARTESIAN_POINT('',(0.0185099999999998,0.00585514126823044,-0.0028969686701886));
#10164=CARTESIAN_POINT('',(0.0178899999999998,0.00585514126823044,-0.0028969686701886));
#10165=CARTESIAN_POINT('',(0.0185099999999998,0.00572209788759077,-0.00300112813766063));
#10166=CARTESIAN_POINT('',(0.0178899999999998,0.00572209788759077,-0.00300112813766063));
#10167=CARTESIAN_POINT('',(0.0185099999999998,0.00554543720609326,-0.00305882736386306));
#10168=CARTESIAN_POINT('',(0.0178899999999998,0.00554543720609326,-0.00305882736386306));
#10169=CARTESIAN_POINT('',(0.0185099999999998,0.00539886153340367,-0.00306035326616069));
#10170=CARTESIAN_POINT('',(0.0178899999999998,0.00539886153340367,-0.00306035326616069));
#10171=CARTESIAN_POINT('',(0.0185099999999998,0.00533827335318277,-0.00305979864065456));
#10172=CARTESIAN_POINT('',(0.0178899999999998,0.00533827335318277,-0.00305979864065456));
#10173=CARTESIAN_POINT('',(0.0185099999999998,0.00513885515043998,-0.00306014480836593));
#10174=CARTESIAN_POINT('',(0.0178899999999998,0.00513885515043998,-0.00306014480836593));
#10175=CARTESIAN_POINT('',(0.0185099999999998,0.00490280608492359,-0.00305995078408478));
#10176=CARTESIAN_POINT('',(0.0178899999999998,0.00490280608492359,-0.00305995078408478));
#10177=CARTESIAN_POINT('',(0.0185099999999998,0.00459860393021768,-0.00306001325043871));
#10178=CARTESIAN_POINT('',(0.0178899999999998,0.00459860393021768,-0.00306001325043871));
#10179=CARTESIAN_POINT('',(0.0185099999999998,0.00430004034984265,-0.00305999621416037));
#10180=CARTESIAN_POINT('',(0.0178899999999998,0.00430004034984265,-0.00305999621416037));
#10181=CARTESIAN_POINT('',(0.0185099999999998,0.0040999239487677,-0.00306));
#10182=CARTESIAN_POINT('',(0.0178899999999998,0.0040999239487677,-0.00306));
#10183=CARTESIAN_POINT('',(0.0185099999999998,0.004,-0.00306));
#10184=CARTESIAN_POINT('',(0.0178899999999998,0.004,-0.00306));
#10185=CARTESIAN_POINT('',(0.01851,0.00601,0.00525));
#10186=CARTESIAN_POINT('',(0.01851,0.00601,0.00525));
#10187=CARTESIAN_POINT('',(0.01789,0.00601,0.00525));
#10188=CARTESIAN_POINT('',(0.01851,0.004,-0.00306));
#10189=CARTESIAN_POINT('',(0.01851,0.004453125,-0.00306));
#10190=CARTESIAN_POINT('',(0.01851,0.00490625,-0.00306));
#10191=CARTESIAN_POINT('',(0.01851,0.005359375,-0.00306));
#10192=CARTESIAN_POINT('',(0.01851,0.00538958333333334,-0.00306));
#10193=CARTESIAN_POINT('',(0.01851,0.00540107028333028,-0.00306006763580735));
#10194=CARTESIAN_POINT('',(0.01851,0.00545,-0.00306));
#10195=CARTESIAN_POINT('',(0.01851,0.00550300594428683,-0.00305992672960157));
#10196=CARTESIAN_POINT('',(0.01851,0.0055953063186382,-0.00304573971743697));
#10197=CARTESIAN_POINT('',(0.01851,0.00566292929037616,-0.00301793929885645));
#10198=CARTESIAN_POINT('',(0.01851,0.00573055226211412,-0.00299013888027593));
#10199=CARTESIAN_POINT('',(0.01851,0.00579350767098109,-0.00294845192394785));
#10200=CARTESIAN_POINT('',(0.01851,0.00584597979746447,-0.00289597979746447));
#10201=CARTESIAN_POINT('',(0.01851,0.00589845192394785,-0.00284350767098109));
#10202=CARTESIAN_POINT('',(0.01851,0.0059401388802759,-0.00278055226211413));
#10203=CARTESIAN_POINT('',(0.01851,0.00596793929885645,-0.00271292929037616));
#10204=CARTESIAN_POINT('',(0.01851,0.00599573971743699,-0.00264530631863819));
#10205=CARTESIAN_POINT('',(0.01851,0.00600992672960156,-0.00255300594428681));
#10206=CARTESIAN_POINT('',(0.01851,0.00601,-0.0025));
#10207=CARTESIAN_POINT('',(0.01851,0.00601004518771612,-0.00246730988756981));
#10208=CARTESIAN_POINT('',(0.01851,0.00601,-0.00245963541666667));
#10209=CARTESIAN_POINT('',(0.01851,0.00601,-0.002439453125));
#10210=CARTESIAN_POINT('',(0.01851,0.00601,0.000123697916666913));
#10211=CARTESIAN_POINT('',(0.01851,0.00601,0.00268684895833312));
#10212=CARTESIAN_POINT('',(0.01851,0.00601,0.00525));
#10213=CARTESIAN_POINT('',(0.01851,0.004,-0.00306));
#10214=CARTESIAN_POINT('',(0.01851,0.004,-0.00306));
#10215=CARTESIAN_POINT('',(0.01789,0.004,-0.00306));
#10216=CARTESIAN_POINT('',(0.01789,0.004,-0.00306));
#10217=CARTESIAN_POINT('',(0.01789,0.004453125,-0.00306));
#10218=CARTESIAN_POINT('',(0.01789,0.00490625,-0.00306));
#10219=CARTESIAN_POINT('',(0.01789,0.005359375,-0.00306));
#10220=CARTESIAN_POINT('',(0.01789,0.00538958333333334,-0.00306));
#10221=CARTESIAN_POINT('',(0.01789,0.00540107028333028,-0.00306006763580735));
#10222=CARTESIAN_POINT('',(0.01789,0.00545,-0.00306));
#10223=CARTESIAN_POINT('',(0.01789,0.00550300594428683,-0.00305992672960157));
#10224=CARTESIAN_POINT('',(0.01789,0.0055953063186382,-0.00304573971743697));
#10225=CARTESIAN_POINT('',(0.01789,0.00566292929037616,-0.00301793929885645));
#10226=CARTESIAN_POINT('',(0.01789,0.00573055226211412,-0.00299013888027593));
#10227=CARTESIAN_POINT('',(0.01789,0.00579350767098109,-0.00294845192394785));
#10228=CARTESIAN_POINT('',(0.01789,0.00584597979746447,-0.00289597979746447));
#10229=CARTESIAN_POINT('',(0.01789,0.00589845192394785,-0.00284350767098109));
#10230=CARTESIAN_POINT('',(0.01789,0.0059401388802759,-0.00278055226211413));
#10231=CARTESIAN_POINT('',(0.01789,0.00596793929885645,-0.00271292929037616));
#10232=CARTESIAN_POINT('',(0.01789,0.00599573971743699,-0.00264530631863818));
#10233=CARTESIAN_POINT('',(0.01789,0.00600992672960156,-0.00255300594428681));
#10234=CARTESIAN_POINT('',(0.01789,0.00601,-0.0025));
#10235=CARTESIAN_POINT('',(0.01789,0.00601004518771612,-0.0024673098875698));
#10236=CARTESIAN_POINT('',(0.01789,0.00601,-0.00245963541666667));
#10237=CARTESIAN_POINT('',(0.01789,0.00601,-0.002439453125));
#10238=CARTESIAN_POINT('',(0.01789,0.00601,0.000123697916666913));
#10239=CARTESIAN_POINT('',(0.01789,0.00601,0.00268684895833312));
#10240=CARTESIAN_POINT('',(0.01789,0.00601,0.00525));
#10241=CARTESIAN_POINT('',(0.01851,0.004,-0.00306));
#10242=CARTESIAN_POINT('',(0.01851,0.00539,0.00525));
#10243=CARTESIAN_POINT('',(0.01851,0.00539,0.00525));
#10244=CARTESIAN_POINT('',(0.01851,0.00538999999922515,-0.00243999863750811));
#10245=CARTESIAN_POINT('',(0.01851,0.004,-0.00244));
#10246=CARTESIAN_POINT('',(0.01789,0.004,-0.00306));
#10247=CARTESIAN_POINT('',(0.01789,0.00538999999922516,-0.00243999863750811));
#10248=CARTESIAN_POINT('',(0.01789,0.00539,0.00525));
#10249=CARTESIAN_POINT('',(0.01789,0.00601,0.00525));
#10250=CARTESIAN_POINT('',(0.01789,0.004,-0.00306));
#10251=CARTESIAN_POINT('',(0.01789,0.00538999999850564,-0.00244007428148624));
#10252=CARTESIAN_POINT('',(0.01851,0.00539,0.00525));
#10253=CARTESIAN_POINT('',(0.01,0.00295,0.00525));
#10254=CARTESIAN_POINT('',(0.01539,0.004,-0.00244));
#10255=CARTESIAN_POINT('',(0.01539,0.004,-0.00244));
#10256=CARTESIAN_POINT('',(0.01539,0.004,-0.00244));
#10257=CARTESIAN_POINT('',(0.01601,0.004,-0.00244));
#10258=CARTESIAN_POINT('',(0.01601,0.004,-0.00244));
#10259=CARTESIAN_POINT('',(0.01601,0.00538999999922515,-0.00243999863750811));
#10260=CARTESIAN_POINT('',(0.01601,0.00538999999922515,-0.00243999863750811));
#10261=CARTESIAN_POINT('',(0.01539,0.00538999999922516,-0.00243999863750811));
#10262=CARTESIAN_POINT('',(0.01539,0.00538999999922516,-0.00243999863750811));
#10263=CARTESIAN_POINT('',(0.0160100000000003,0.00601,0.00525));
#10264=CARTESIAN_POINT('',(0.0153900000000003,0.00601,0.00525));
#10265=CARTESIAN_POINT('',(0.0160100000000003,0.00601,0.00445060840985864));
#10266=CARTESIAN_POINT('',(0.0153900000000003,0.00601,0.00445060840985864));
#10267=CARTESIAN_POINT('',(0.0160100000000003,0.00600999996542388,0.00325152523854587));
#10268=CARTESIAN_POINT('',(0.0153900000000003,0.00600999996542388,0.00325152523854587));
#10269=CARTESIAN_POINT('',(0.0160100000000003,0.00601000004994329,0.00165273175761853));
#10270=CARTESIAN_POINT('',(0.0153900000000003,0.00601000004994329,0.00165273175761853));
#10271=CARTESIAN_POINT('',(0.0160100000000003,0.00600999985305148,0.000653516265760818));
#10272=CARTESIAN_POINT('',(0.0153900000000003,0.00600999985305148,0.000653516265760818));
#10273=CARTESIAN_POINT('',(0.0160100000000003,0.00601000025451867,-0.000145924252440949));
#10274=CARTESIAN_POINT('',(0.0153900000000003,0.00601000025451867,-0.000145924252440949));
#10275=CARTESIAN_POINT('',(0.0160100000000002,0.00600999902850704,-0.000745318527179487));
#10276=CARTESIAN_POINT('',(0.0153900000000002,0.00600999902850704,-0.000745318527179487));
#10277=CARTESIAN_POINT('',(0.0160100000000006,0.00601000286429548,-0.00124540575053947));
#10278=CARTESIAN_POINT('',(0.0153900000000006,0.00601000286429548,-0.00124540575053947));
#10279=CARTESIAN_POINT('',(0.0160099999999998,0.00600999503856672,-0.0016441477995968));
#10280=CARTESIAN_POINT('',(0.0153899999999998,0.00600999503856672,-0.0016441477995968));
#10281=CARTESIAN_POINT('',(0.0160100000000004,0.00601001893786982,-0.00194683232863464));
#10282=CARTESIAN_POINT('',(0.0153900000000004,0.00601001893786982,-0.00194683232863464));
#10283=CARTESIAN_POINT('',(0.0160100000000003,0.00600994416460663,-0.00218752934936324));
#10284=CARTESIAN_POINT('',(0.0153900000000003,0.00600994416460663,-0.00218752934936324));
#10285=CARTESIAN_POINT('',(0.0160100000000003,0.00601007764719316,-0.00237866419955221));
#10286=CARTESIAN_POINT('',(0.0153900000000003,0.00601007764719316,-0.00237866419955221));
#10287=CARTESIAN_POINT('',(0.0160100000000003,0.00600986377455461,-0.00245252282168002));
#10288=CARTESIAN_POINT('',(0.0153900000000003,0.00600986377455461,-0.00245252282168002));
#10289=CARTESIAN_POINT('',(0.0160100000000003,0.00601062033558053,-0.0025799575865369));
#10290=CARTESIAN_POINT('',(0.0153900000000003,0.00601062033558053,-0.0025799575865369));
#10291=CARTESIAN_POINT('',(0.0160100000000003,0.00595614715587827,-0.00276371692001599));
#10292=CARTESIAN_POINT('',(0.0153900000000003,0.00595614715587827,-0.00276371692001599));
#10293=CARTESIAN_POINT('',(0.0160100000000003,0.00585514126823044,-0.0028969686701886));
#10294=CARTESIAN_POINT('',(0.0153900000000003,0.00585514126823044,-0.0028969686701886));
#10295=CARTESIAN_POINT('',(0.0160100000000003,0.00572209788759075,-0.00300112813766062));
#10296=CARTESIAN_POINT('',(0.0153900000000003,0.00572209788759075,-0.00300112813766062));
#10297=CARTESIAN_POINT('',(0.0160100000000003,0.00554543720609327,-0.00305882736386307));
#10298=CARTESIAN_POINT('',(0.0153900000000003,0.00554543720609327,-0.00305882736386307));
#10299=CARTESIAN_POINT('',(0.0160100000000003,0.00539886153340366,-0.00306035326616068));
#10300=CARTESIAN_POINT('',(0.0153900000000003,0.00539886153340366,-0.00306035326616068));
#10301=CARTESIAN_POINT('',(0.0160100000000003,0.00533827335318277,-0.00305979864065456));
#10302=CARTESIAN_POINT('',(0.0153900000000003,0.00533827335318277,-0.00305979864065456));
#10303=CARTESIAN_POINT('',(0.0160100000000003,0.00513885515043998,-0.00306014480836593));
#10304=CARTESIAN_POINT('',(0.0153900000000003,0.00513885515043998,-0.00306014480836593));
#10305=CARTESIAN_POINT('',(0.0160100000000003,0.00490280608492359,-0.00305995078408478));
#10306=CARTESIAN_POINT('',(0.0153900000000003,0.00490280608492359,-0.00305995078408478));
#10307=CARTESIAN_POINT('',(0.0160100000000003,0.00459860393021768,-0.00306001325043871));
#10308=CARTESIAN_POINT('',(0.0153900000000003,0.00459860393021768,-0.00306001325043871));
#10309=CARTESIAN_POINT('',(0.0160100000000003,0.00430004034984265,-0.00305999621416037));
#10310=CARTESIAN_POINT('',(0.0153900000000003,0.00430004034984265,-0.00305999621416037));
#10311=CARTESIAN_POINT('',(0.0160100000000003,0.0040999239487677,-0.00306));
#10312=CARTESIAN_POINT('',(0.0153900000000003,0.0040999239487677,-0.00306));
#10313=CARTESIAN_POINT('',(0.0160100000000003,0.004,-0.00306));
#10314=CARTESIAN_POINT('',(0.0153900000000003,0.004,-0.00306));
#10315=CARTESIAN_POINT('',(0.01601,0.00601,0.00525));
#10316=CARTESIAN_POINT('',(0.01601,0.00601,0.00525));
#10317=CARTESIAN_POINT('',(0.01539,0.00601,0.00525));
#10318=CARTESIAN_POINT('',(0.01601,0.004,-0.00306));
#10319=CARTESIAN_POINT('',(0.01601,0.004453125,-0.00306));
#10320=CARTESIAN_POINT('',(0.01601,0.00490625,-0.00306));
#10321=CARTESIAN_POINT('',(0.01601,0.005359375,-0.00306));
#10322=CARTESIAN_POINT('',(0.01601,0.00538958333333334,-0.00306));
#10323=CARTESIAN_POINT('',(0.01601,0.00540107028333028,-0.00306006763580735));
#10324=CARTESIAN_POINT('',(0.01601,0.00545,-0.00306));
#10325=CARTESIAN_POINT('',(0.01601,0.00550300594428683,-0.00305992672960157));
#10326=CARTESIAN_POINT('',(0.01601,0.00559530631863822,-0.00304573971743697));
#10327=CARTESIAN_POINT('',(0.01601,0.00566292929037616,-0.00301793929885645));
#10328=CARTESIAN_POINT('',(0.01601,0.0057305522621141,-0.00299013888027593));
#10329=CARTESIAN_POINT('',(0.01601,0.00579350767098109,-0.00294845192394784));
#10330=CARTESIAN_POINT('',(0.01601,0.00584597979746447,-0.00289597979746447));
#10331=CARTESIAN_POINT('',(0.01601,0.00589845192394785,-0.0028435076709811));
#10332=CARTESIAN_POINT('',(0.01601,0.00594013888027592,-0.00278055226211413));
#10333=CARTESIAN_POINT('',(0.01601,0.00596793929885645,-0.00271292929037616));
#10334=CARTESIAN_POINT('',(0.01601,0.00599573971743698,-0.00264530631863818));
#10335=CARTESIAN_POINT('',(0.01601,0.00600992672960156,-0.00255300594428679));
#10336=CARTESIAN_POINT('',(0.01601,0.00601,-0.0025));
#10337=CARTESIAN_POINT('',(0.01601,0.00601004518771612,-0.00246730988756982));
#10338=CARTESIAN_POINT('',(0.01601,0.00601,-0.00245963541666667));
#10339=CARTESIAN_POINT('',(0.01601,0.00601,-0.002439453125));
#10340=CARTESIAN_POINT('',(0.01601,0.00601,0.000123697916666914));
#10341=CARTESIAN_POINT('',(0.01601,0.00601,0.00268684895833396));
#10342=CARTESIAN_POINT('',(0.01601,0.00601,0.00525));
#10343=CARTESIAN_POINT('',(0.01601,0.004,-0.00306));
#10344=CARTESIAN_POINT('',(0.01601,0.004,-0.00306));
#10345=CARTESIAN_POINT('',(0.01539,0.004,-0.00306));
#10346=CARTESIAN_POINT('',(0.01539,0.004,-0.00306));
#10347=CARTESIAN_POINT('',(0.01539,0.004453125,-0.00306));
#10348=CARTESIAN_POINT('',(0.01539,0.00490625,-0.00306));
#10349=CARTESIAN_POINT('',(0.01539,0.005359375,-0.00306));
#10350=CARTESIAN_POINT('',(0.01539,0.00538958333333334,-0.00306));
#10351=CARTESIAN_POINT('',(0.01539,0.00540107028333028,-0.00306006763580735));
#10352=CARTESIAN_POINT('',(0.01539,0.00545,-0.00306));
#10353=CARTESIAN_POINT('',(0.01539,0.00550300594428683,-0.00305992672960157));
#10354=CARTESIAN_POINT('',(0.01539,0.00559530631863822,-0.00304573971743697));
#10355=CARTESIAN_POINT('',(0.01539,0.00566292929037616,-0.00301793929885645));
#10356=CARTESIAN_POINT('',(0.01539,0.0057305522621141,-0.00299013888027593));
#10357=CARTESIAN_POINT('',(0.01539,0.00579350767098109,-0.00294845192394784));
#10358=CARTESIAN_POINT('',(0.01539,0.00584597979746447,-0.00289597979746447));
#10359=CARTESIAN_POINT('',(0.01539,0.00589845192394785,-0.0028435076709811));
#10360=CARTESIAN_POINT('',(0.01539,0.00594013888027592,-0.00278055226211413));
#10361=CARTESIAN_POINT('',(0.01539,0.00596793929885645,-0.00271292929037616));
#10362=CARTESIAN_POINT('',(0.01539,0.00599573971743698,-0.00264530631863818));
#10363=CARTESIAN_POINT('',(0.01539,0.00600992672960156,-0.00255300594428679));
#10364=CARTESIAN_POINT('',(0.01539,0.00601,-0.0025));
#10365=CARTESIAN_POINT('',(0.01539,0.00601004518771612,-0.00246730988756982));
#10366=CARTESIAN_POINT('',(0.01539,0.00601,-0.00245963541666667));
#10367=CARTESIAN_POINT('',(0.01539,0.00601,-0.002439453125));
#10368=CARTESIAN_POINT('',(0.01539,0.00601,0.000123697916666914));
#10369=CARTESIAN_POINT('',(0.01539,0.00601,0.00268684895833396));
#10370=CARTESIAN_POINT('',(0.01539,0.00601,0.00525));
#10371=CARTESIAN_POINT('',(0.01601,0.004,-0.00306));
#10372=CARTESIAN_POINT('',(0.01601,0.00539,0.00525));
#10373=CARTESIAN_POINT('',(0.01601,0.00539,0.00525));
#10374=CARTESIAN_POINT('',(0.01601,0.00538999999922515,-0.00243999863750811));
#10375=CARTESIAN_POINT('',(0.01601,0.004,-0.00244));
#10376=CARTESIAN_POINT('',(0.01539,0.004,-0.00306));
#10377=CARTESIAN_POINT('',(0.01539,0.00538999999922516,-0.00243999863750811));
#10378=CARTESIAN_POINT('',(0.01539,0.00539,0.00525));
#10379=CARTESIAN_POINT('',(0.01539,0.00601,0.00525));
#10380=CARTESIAN_POINT('',(0.01539,0.004,-0.00306));
#10381=CARTESIAN_POINT('',(0.01539,0.00538999999850564,-0.00244007428148624));
#10382=CARTESIAN_POINT('',(0.01601,0.00539,0.00525));
#10383=CARTESIAN_POINT('',(0.0075,0.00295,0.00525));
#10384=CARTESIAN_POINT('',(0.01289,0.004,-0.00244));
#10385=CARTESIAN_POINT('',(0.01289,0.004,-0.00244));
#10386=CARTESIAN_POINT('',(0.01289,0.004,-0.00244));
#10387=CARTESIAN_POINT('',(0.01351,0.004,-0.00244));
#10388=CARTESIAN_POINT('',(0.01351,0.004,-0.00244));
#10389=CARTESIAN_POINT('',(0.01351,0.00538999999922515,-0.00243999863750811));
#10390=CARTESIAN_POINT('',(0.01351,0.00538999999922515,-0.00243999863750811));
#10391=CARTESIAN_POINT('',(0.01289,0.00538999999922516,-0.00243999863750811));
#10392=CARTESIAN_POINT('',(0.01289,0.00538999999922516,-0.00243999863750811));
#10393=CARTESIAN_POINT('',(0.0135100000000001,0.00601,0.00525));
#10394=CARTESIAN_POINT('',(0.0128900000000001,0.00601,0.00525));
#10395=CARTESIAN_POINT('',(0.0135100000000001,0.00601,0.0044506084098585));
#10396=CARTESIAN_POINT('',(0.0128900000000001,0.00601,0.0044506084098585));
#10397=CARTESIAN_POINT('',(0.0135100000000001,0.00600999996542388,0.00325152523854596));
#10398=CARTESIAN_POINT('',(0.0128900000000001,0.00600999996542388,0.00325152523854596));
#10399=CARTESIAN_POINT('',(0.0135100000000001,0.00601000004994329,0.00165273175761861));
#10400=CARTESIAN_POINT('',(0.0128900000000001,0.00601000004994329,0.00165273175761861));
#10401=CARTESIAN_POINT('',(0.0135100000000001,0.00600999985305148,0.00065351626576072));
#10402=CARTESIAN_POINT('',(0.0128900000000001,0.00600999985305148,0.00065351626576072));
#10403=CARTESIAN_POINT('',(0.0135100000000001,0.00601000025451867,-0.000145924252440953));
#10404=CARTESIAN_POINT('',(0.0128900000000001,0.00601000025451867,-0.000145924252440953));
#10405=CARTESIAN_POINT('',(0.0135100000000001,0.00600999902850704,-0.000745318527179486));
#10406=CARTESIAN_POINT('',(0.0128900000000001,0.00600999902850704,-0.000745318527179486));
#10407=CARTESIAN_POINT('',(0.0135100000000002,0.00601000286429548,-0.00124540575053947));
#10408=CARTESIAN_POINT('',(0.0128900000000002,0.00601000286429548,-0.00124540575053947));
#10409=CARTESIAN_POINT('',(0.0135099999999999,0.00600999503856672,-0.0016441477995968));
#10410=CARTESIAN_POINT('',(0.0128899999999999,0.00600999503856672,-0.0016441477995968));
#10411=CARTESIAN_POINT('',(0.0135100000000001,0.00601001893786982,-0.00194683232863465));
#10412=CARTESIAN_POINT('',(0.0128900000000001,0.00601001893786982,-0.00194683232863465));
#10413=CARTESIAN_POINT('',(0.0135100000000001,0.00600994416460663,-0.00218752934936324));
#10414=CARTESIAN_POINT('',(0.0128900000000001,0.00600994416460663,-0.00218752934936324));
#10415=CARTESIAN_POINT('',(0.0135100000000001,0.00601007764719316,-0.00237866419955222));
#10416=CARTESIAN_POINT('',(0.0128900000000001,0.00601007764719316,-0.00237866419955222));
#10417=CARTESIAN_POINT('',(0.0135100000000001,0.00600986377455461,-0.00245252282168002));
#10418=CARTESIAN_POINT('',(0.0128900000000001,0.00600986377455461,-0.00245252282168002));
#10419=CARTESIAN_POINT('',(0.0135100000000001,0.00601062033558053,-0.00257995758653691));
#10420=CARTESIAN_POINT('',(0.0128900000000001,0.00601062033558053,-0.00257995758653691));
#10421=CARTESIAN_POINT('',(0.0135100000000001,0.00595614715587827,-0.00276371692001598));
#10422=CARTESIAN_POINT('',(0.0128900000000001,0.00595614715587827,-0.00276371692001598));
#10423=CARTESIAN_POINT('',(0.0135100000000001,0.00585514126823043,-0.00289696867018861));
#10424=CARTESIAN_POINT('',(0.0128900000000001,0.00585514126823043,-0.00289696867018861));
#10425=CARTESIAN_POINT('',(0.0135100000000001,0.00572209788759076,-0.00300112813766061));
#10426=CARTESIAN_POINT('',(0.0128900000000001,0.00572209788759076,-0.00300112813766061));
#10427=CARTESIAN_POINT('',(0.0135100000000001,0.00554543720609327,-0.00305882736386308));
#10428=CARTESIAN_POINT('',(0.0128900000000001,0.00554543720609327,-0.00305882736386308));
#10429=CARTESIAN_POINT('',(0.0135100000000001,0.00539886153340366,-0.00306035326616068));
#10430=CARTESIAN_POINT('',(0.0128900000000001,0.00539886153340366,-0.00306035326616068));
#10431=CARTESIAN_POINT('',(0.0135100000000001,0.00533827335318277,-0.00305979864065456));
#10432=CARTESIAN_POINT('',(0.0128900000000001,0.00533827335318277,-0.00305979864065456));
#10433=CARTESIAN_POINT('',(0.0135100000000001,0.00513885515043998,-0.00306014480836593));
#10434=CARTESIAN_POINT('',(0.0128900000000001,0.00513885515043998,-0.00306014480836593));
#10435=CARTESIAN_POINT('',(0.0135100000000001,0.00490280608492359,-0.00305995078408478));
#10436=CARTESIAN_POINT('',(0.0128900000000001,0.00490280608492359,-0.00305995078408478));
#10437=CARTESIAN_POINT('',(0.0135100000000001,0.00459860393021768,-0.00306001325043871));
#10438=CARTESIAN_POINT('',(0.0128900000000001,0.00459860393021768,-0.00306001325043871));
#10439=CARTESIAN_POINT('',(0.0135100000000001,0.00430004034984265,-0.00305999621416037));
#10440=CARTESIAN_POINT('',(0.0128900000000001,0.00430004034984265,-0.00305999621416037));
#10441=CARTESIAN_POINT('',(0.0135100000000001,0.0040999239487677,-0.00306));
#10442=CARTESIAN_POINT('',(0.0128900000000001,0.0040999239487677,-0.00306));
#10443=CARTESIAN_POINT('',(0.0135100000000001,0.004,-0.00306));
#10444=CARTESIAN_POINT('',(0.0128900000000001,0.004,-0.00306));
#10445=CARTESIAN_POINT('',(0.01351,0.00601,0.00525));
#10446=CARTESIAN_POINT('',(0.01351,0.00601,0.00525));
#10447=CARTESIAN_POINT('',(0.01289,0.00601,0.00525));
#10448=CARTESIAN_POINT('',(0.01351,0.004,-0.00306));
#10449=CARTESIAN_POINT('',(0.01351,0.004453125,-0.00306));
#10450=CARTESIAN_POINT('',(0.01351,0.00490625,-0.00306));
#10451=CARTESIAN_POINT('',(0.01351,0.005359375,-0.00306));
#10452=CARTESIAN_POINT('',(0.01351,0.00538958333333334,-0.00306));
#10453=CARTESIAN_POINT('',(0.01351,0.00540107028333028,-0.00306006763580735));
#10454=CARTESIAN_POINT('',(0.01351,0.00545,-0.00306));
#10455=CARTESIAN_POINT('',(0.01351,0.00550300594428683,-0.00305992672960157));
#10456=CARTESIAN_POINT('',(0.01351,0.00559530631863822,-0.00304573971743698));
#10457=CARTESIAN_POINT('',(0.01351,0.00566292929037616,-0.00301793929885645));
#10458=CARTESIAN_POINT('',(0.01351,0.0057305522621141,-0.00299013888027592));
#10459=CARTESIAN_POINT('',(0.01351,0.0057935076709811,-0.00294845192394784));
#10460=CARTESIAN_POINT('',(0.01351,0.00584597979746447,-0.00289597979746447));
#10461=CARTESIAN_POINT('',(0.01351,0.00589845192394783,-0.0028435076709811));
#10462=CARTESIAN_POINT('',(0.01351,0.00594013888027592,-0.00278055226211412));
#10463=CARTESIAN_POINT('',(0.01351,0.00596793929885645,-0.00271292929037616));
#10464=CARTESIAN_POINT('',(0.01351,0.00599573971743698,-0.0026453063186382));
#10465=CARTESIAN_POINT('',(0.01351,0.00600992672960156,-0.00255300594428679));
#10466=CARTESIAN_POINT('',(0.01351,0.00601,-0.0025));
#10467=CARTESIAN_POINT('',(0.01351,0.00601004518771612,-0.00246730988756982));
#10468=CARTESIAN_POINT('',(0.01351,0.00601,-0.00245963541666667));
#10469=CARTESIAN_POINT('',(0.01351,0.00601,-0.002439453125));
#10470=CARTESIAN_POINT('',(0.01351,0.00601,0.000123697916666914));
#10471=CARTESIAN_POINT('',(0.01351,0.00601,0.00268684895833354));
#10472=CARTESIAN_POINT('',(0.01351,0.00601,0.00525));
#10473=CARTESIAN_POINT('',(0.01351,0.004,-0.00306));
#10474=CARTESIAN_POINT('',(0.01351,0.004,-0.00306));
#10475=CARTESIAN_POINT('',(0.01289,0.004,-0.00306));
#10476=CARTESIAN_POINT('',(0.01289,0.004,-0.00306));
#10477=CARTESIAN_POINT('',(0.01289,0.004453125,-0.00306));
#10478=CARTESIAN_POINT('',(0.01289,0.00490625,-0.00306));
#10479=CARTESIAN_POINT('',(0.01289,0.005359375,-0.00306));
#10480=CARTESIAN_POINT('',(0.01289,0.00538958333333334,-0.00306));
#10481=CARTESIAN_POINT('',(0.01289,0.00540107028333028,-0.00306006763580735));
#10482=CARTESIAN_POINT('',(0.01289,0.00545,-0.00306));
#10483=CARTESIAN_POINT('',(0.01289,0.00550300594428683,-0.00305992672960157));
#10484=CARTESIAN_POINT('',(0.01289,0.00559530631863822,-0.00304573971743698));
#10485=CARTESIAN_POINT('',(0.01289,0.00566292929037616,-0.00301793929885645));
#10486=CARTESIAN_POINT('',(0.01289,0.00573055226211411,-0.00299013888027592));
#10487=CARTESIAN_POINT('',(0.01289,0.0057935076709811,-0.00294845192394784));
#10488=CARTESIAN_POINT('',(0.01289,0.00584597979746447,-0.00289597979746447));
#10489=CARTESIAN_POINT('',(0.01289,0.00589845192394783,-0.0028435076709811));
#10490=CARTESIAN_POINT('',(0.01289,0.00594013888027592,-0.00278055226211412));
#10491=CARTESIAN_POINT('',(0.01289,0.00596793929885645,-0.00271292929037616));
#10492=CARTESIAN_POINT('',(0.01289,0.00599573971743698,-0.0026453063186382));
#10493=CARTESIAN_POINT('',(0.01289,0.00600992672960156,-0.00255300594428679));
#10494=CARTESIAN_POINT('',(0.01289,0.00601,-0.0025));
#10495=CARTESIAN_POINT('',(0.01289,0.00601004518771612,-0.00246730988756982));
#10496=CARTESIAN_POINT('',(0.01289,0.00601,-0.00245963541666667));
#10497=CARTESIAN_POINT('',(0.01289,0.00601,-0.002439453125));
#10498=CARTESIAN_POINT('',(0.01289,0.00601,0.000123697916666914));
#10499=CARTESIAN_POINT('',(0.01289,0.00601,0.00268684895833354));
#10500=CARTESIAN_POINT('',(0.01289,0.00601,0.00525));
#10501=CARTESIAN_POINT('',(0.01351,0.004,-0.00306));
#10502=CARTESIAN_POINT('',(0.01351,0.00539,0.00525));
#10503=CARTESIAN_POINT('',(0.01351,0.00539,0.00525));
#10504=CARTESIAN_POINT('',(0.01351,0.00538999999922515,-0.00243999863750811));
#10505=CARTESIAN_POINT('',(0.01351,0.004,-0.00244));
#10506=CARTESIAN_POINT('',(0.01289,0.004,-0.00306));
#10507=CARTESIAN_POINT('',(0.01289,0.00538999999922516,-0.00243999863750811));
#10508=CARTESIAN_POINT('',(0.01289,0.00539,0.00525));
#10509=CARTESIAN_POINT('',(0.01289,0.00601,0.00525));
#10510=CARTESIAN_POINT('',(0.01289,0.004,-0.00306));
#10511=CARTESIAN_POINT('',(0.01289,0.00538999999850564,-0.00244007428148624));
#10512=CARTESIAN_POINT('',(0.01351,0.00539,0.00525));
#10513=CARTESIAN_POINT('',(0.005,0.00295,0.00525));
#10514=CARTESIAN_POINT('',(0.01039,0.004,-0.00244));
#10515=CARTESIAN_POINT('',(0.01039,0.004,-0.00244));
#10516=CARTESIAN_POINT('',(0.01039,0.004,-0.00244));
#10517=CARTESIAN_POINT('',(0.01101,0.004,-0.00244));
#10518=CARTESIAN_POINT('',(0.01101,0.004,-0.00244));
#10519=CARTESIAN_POINT('',(0.01101,0.00538999999922515,-0.00243999863750811));
#10520=CARTESIAN_POINT('',(0.01101,0.00538999999922515,-0.00243999863750811));
#10521=CARTESIAN_POINT('',(0.01039,0.00538999999922516,-0.00243999863750811));
#10522=CARTESIAN_POINT('',(0.01039,0.00538999999922516,-0.00243999863750811));
#10523=CARTESIAN_POINT('',(0.0110100000000001,0.00601,0.00525));
#10524=CARTESIAN_POINT('',(0.0103900000000001,0.00601,0.00525));
#10525=CARTESIAN_POINT('',(0.0110100000000001,0.00601,0.0044506084098585));
#10526=CARTESIAN_POINT('',(0.0103900000000001,0.00601,0.0044506084098585));
#10527=CARTESIAN_POINT('',(0.0110100000000001,0.00600999996542388,0.00325152523854596));
#10528=CARTESIAN_POINT('',(0.0103900000000001,0.00600999996542388,0.00325152523854596));
#10529=CARTESIAN_POINT('',(0.0110100000000001,0.00601000004994329,0.00165273175761861));
#10530=CARTESIAN_POINT('',(0.0103900000000001,0.00601000004994329,0.00165273175761861));
#10531=CARTESIAN_POINT('',(0.0110100000000001,0.00600999985305148,0.000653516265760716));
#10532=CARTESIAN_POINT('',(0.0103900000000001,0.00600999985305148,0.000653516265760716));
#10533=CARTESIAN_POINT('',(0.0110100000000001,0.00601000025451867,-0.000145924252440948));
#10534=CARTESIAN_POINT('',(0.0103900000000001,0.00601000025451867,-0.000145924252440948));
#10535=CARTESIAN_POINT('',(0.0110100000000001,0.00600999902850704,-0.000745318527179506));
#10536=CARTESIAN_POINT('',(0.01039,0.00600999902850704,-0.000745318527179506));
#10537=CARTESIAN_POINT('',(0.0110100000000002,0.00601000286429548,-0.00124540575053935));
#10538=CARTESIAN_POINT('',(0.0103900000000002,0.00601000286429548,-0.00124540575053935));
#10539=CARTESIAN_POINT('',(0.0110099999999999,0.00600999503856672,-0.00164414779959686));
#10540=CARTESIAN_POINT('',(0.0103899999999999,0.00600999503856672,-0.00164414779959686));
#10541=CARTESIAN_POINT('',(0.0110100000000001,0.00601001893786982,-0.0019468323286346));
#10542=CARTESIAN_POINT('',(0.0103900000000001,0.00601001893786982,-0.0019468323286346));
#10543=CARTESIAN_POINT('',(0.0110100000000001,0.00600994416460663,-0.00218752934936324));
#10544=CARTESIAN_POINT('',(0.0103900000000001,0.00600994416460663,-0.00218752934936324));
#10545=CARTESIAN_POINT('',(0.0110100000000001,0.00601007764719316,-0.00237866419955222));
#10546=CARTESIAN_POINT('',(0.0103900000000001,0.00601007764719316,-0.00237866419955222));
#10547=CARTESIAN_POINT('',(0.0110100000000001,0.00600986377455461,-0.00245252282168001));
#10548=CARTESIAN_POINT('',(0.0103900000000001,0.00600986377455461,-0.00245252282168001));
#10549=CARTESIAN_POINT('',(0.0110100000000001,0.00601062033558053,-0.00257995758653691));
#10550=CARTESIAN_POINT('',(0.0103900000000001,0.00601062033558053,-0.00257995758653691));
#10551=CARTESIAN_POINT('',(0.0110100000000001,0.00595614715587827,-0.00276371692001599));
#10552=CARTESIAN_POINT('',(0.0103900000000001,0.00595614715587827,-0.00276371692001599));
#10553=CARTESIAN_POINT('',(0.0110100000000001,0.00585514126823042,-0.0028969686701886));
#10554=CARTESIAN_POINT('',(0.0103900000000001,0.00585514126823042,-0.0028969686701886));
#10555=CARTESIAN_POINT('',(0.0110100000000001,0.00572209788759077,-0.00300112813766062));
#10556=CARTESIAN_POINT('',(0.0103900000000001,0.00572209788759077,-0.00300112813766062));
#10557=CARTESIAN_POINT('',(0.0110100000000001,0.00554543720609326,-0.00305882736386306));
#10558=CARTESIAN_POINT('',(0.0103900000000001,0.00554543720609326,-0.00305882736386306));
#10559=CARTESIAN_POINT('',(0.0110100000000001,0.00539886153340367,-0.00306035326616068));
#10560=CARTESIAN_POINT('',(0.0103900000000001,0.00539886153340367,-0.00306035326616068));
#10561=CARTESIAN_POINT('',(0.0110100000000001,0.00533827335318277,-0.00305979864065456));
#10562=CARTESIAN_POINT('',(0.0103900000000001,0.00533827335318277,-0.00305979864065456));
#10563=CARTESIAN_POINT('',(0.0110100000000001,0.00513885515043998,-0.00306014480836593));
#10564=CARTESIAN_POINT('',(0.0103900000000001,0.00513885515043998,-0.00306014480836593));
#10565=CARTESIAN_POINT('',(0.0110100000000001,0.00490280608492359,-0.00305995078408478));
#10566=CARTESIAN_POINT('',(0.0103900000000001,0.00490280608492359,-0.00305995078408478));
#10567=CARTESIAN_POINT('',(0.0110100000000001,0.00459860393021768,-0.00306001325043871));
#10568=CARTESIAN_POINT('',(0.0103900000000001,0.00459860393021768,-0.00306001325043871));
#10569=CARTESIAN_POINT('',(0.0110100000000001,0.00430004034984265,-0.00305999621416037));
#10570=CARTESIAN_POINT('',(0.0103900000000001,0.00430004034984265,-0.00305999621416037));
#10571=CARTESIAN_POINT('',(0.0110100000000001,0.0040999239487677,-0.00306));
#10572=CARTESIAN_POINT('',(0.0103900000000001,0.0040999239487677,-0.00306));
#10573=CARTESIAN_POINT('',(0.0110100000000001,0.004,-0.00306));
#10574=CARTESIAN_POINT('',(0.0103900000000001,0.004,-0.00306));
#10575=CARTESIAN_POINT('',(0.01101,0.00601,0.00525));
#10576=CARTESIAN_POINT('',(0.01101,0.00601,0.00525));
#10577=CARTESIAN_POINT('',(0.01039,0.00601,0.00525));
#10578=CARTESIAN_POINT('',(0.01101,0.004,-0.00306));
#10579=CARTESIAN_POINT('',(0.01101,0.004453125,-0.00306));
#10580=CARTESIAN_POINT('',(0.01101,0.00490625,-0.00306));
#10581=CARTESIAN_POINT('',(0.01101,0.005359375,-0.00306));
#10582=CARTESIAN_POINT('',(0.01101,0.00538958333333334,-0.00306));
#10583=CARTESIAN_POINT('',(0.01101,0.00540107028333028,-0.00306006763580735));
#10584=CARTESIAN_POINT('',(0.01101,0.00545,-0.00306));
#10585=CARTESIAN_POINT('',(0.01101,0.00550300594428683,-0.00305992672960157));
#10586=CARTESIAN_POINT('',(0.01101,0.0055953063186382,-0.00304573971743697));
#10587=CARTESIAN_POINT('',(0.01101,0.00566292929037616,-0.00301793929885645));
#10588=CARTESIAN_POINT('',(0.01101,0.00573055226211412,-0.00299013888027593));
#10589=CARTESIAN_POINT('',(0.01101,0.0057935076709811,-0.00294845192394784));
#10590=CARTESIAN_POINT('',(0.01101,0.00584597979746447,-0.00289597979746447));
#10591=CARTESIAN_POINT('',(0.01101,0.00589845192394783,-0.0028435076709811));
#10592=CARTESIAN_POINT('',(0.01101,0.00594013888027592,-0.00278055226211413));
#10593=CARTESIAN_POINT('',(0.01101,0.00596793929885645,-0.00271292929037616));
#10594=CARTESIAN_POINT('',(0.01101,0.00599573971743698,-0.00264530631863819));
#10595=CARTESIAN_POINT('',(0.01101,0.00600992672960156,-0.0025530059442868));
#10596=CARTESIAN_POINT('',(0.01101,0.00601,-0.0025));
#10597=CARTESIAN_POINT('',(0.01101,0.00601004518771612,-0.00246730988756981));
#10598=CARTESIAN_POINT('',(0.01101,0.00601,-0.00245963541666667));
#10599=CARTESIAN_POINT('',(0.01101,0.00601,-0.002439453125));
#10600=CARTESIAN_POINT('',(0.01101,0.00601,0.000123697916666914));
#10601=CARTESIAN_POINT('',(0.01101,0.00601,0.00268684895833354));
#10602=CARTESIAN_POINT('',(0.01101,0.00601,0.00525));
#10603=CARTESIAN_POINT('',(0.01101,0.004,-0.00306));
#10604=CARTESIAN_POINT('',(0.01101,0.004,-0.00306));
#10605=CARTESIAN_POINT('',(0.01039,0.004,-0.00306));
#10606=CARTESIAN_POINT('',(0.01039,0.004,-0.00306));
#10607=CARTESIAN_POINT('',(0.01039,0.004453125,-0.00306));
#10608=CARTESIAN_POINT('',(0.01039,0.00490625,-0.00306));
#10609=CARTESIAN_POINT('',(0.01039,0.005359375,-0.00306));
#10610=CARTESIAN_POINT('',(0.01039,0.00538958333333334,-0.00306));
#10611=CARTESIAN_POINT('',(0.01039,0.00540107028333028,-0.00306006763580735));
#10612=CARTESIAN_POINT('',(0.01039,0.00545,-0.00306));
#10613=CARTESIAN_POINT('',(0.01039,0.00550300594428683,-0.00305992672960157));
#10614=CARTESIAN_POINT('',(0.01039,0.0055953063186382,-0.00304573971743697));
#10615=CARTESIAN_POINT('',(0.01039,0.00566292929037616,-0.00301793929885645));
#10616=CARTESIAN_POINT('',(0.01039,0.00573055226211412,-0.00299013888027593));
#10617=CARTESIAN_POINT('',(0.01039,0.0057935076709811,-0.00294845192394784));
#10618=CARTESIAN_POINT('',(0.01039,0.00584597979746447,-0.00289597979746447));
#10619=CARTESIAN_POINT('',(0.01039,0.00589845192394783,-0.0028435076709811));
#10620=CARTESIAN_POINT('',(0.01039,0.00594013888027592,-0.00278055226211413));
#10621=CARTESIAN_POINT('',(0.01039,0.00596793929885645,-0.00271292929037616));
#10622=CARTESIAN_POINT('',(0.01039,0.00599573971743698,-0.00264530631863819));
#10623=CARTESIAN_POINT('',(0.01039,0.00600992672960156,-0.0025530059442868));
#10624=CARTESIAN_POINT('',(0.01039,0.00601,-0.0025));
#10625=CARTESIAN_POINT('',(0.01039,0.00601004518771612,-0.00246730988756981));
#10626=CARTESIAN_POINT('',(0.01039,0.00601,-0.00245963541666667));
#10627=CARTESIAN_POINT('',(0.01039,0.00601,-0.002439453125));
#10628=CARTESIAN_POINT('',(0.01039,0.00601,0.000123697916666913));
#10629=CARTESIAN_POINT('',(0.01039,0.00601,0.00268684895833354));
#10630=CARTESIAN_POINT('',(0.01039,0.00601,0.00525));
#10631=CARTESIAN_POINT('',(0.01101,0.004,-0.00306));
#10632=CARTESIAN_POINT('',(0.01101,0.00539,0.00525));
#10633=CARTESIAN_POINT('',(0.01101,0.00539,0.00525));
#10634=CARTESIAN_POINT('',(0.01101,0.00538999999922515,-0.00243999863750811));
#10635=CARTESIAN_POINT('',(0.01101,0.004,-0.00244));
#10636=CARTESIAN_POINT('',(0.01039,0.004,-0.00306));
#10637=CARTESIAN_POINT('',(0.01039,0.00538999999922516,-0.00243999863750811));
#10638=CARTESIAN_POINT('',(0.01039,0.00539,0.00525));
#10639=CARTESIAN_POINT('',(0.01039,0.00601,0.00525));
#10640=CARTESIAN_POINT('',(0.01039,0.004,-0.00306));
#10641=CARTESIAN_POINT('',(0.01039,0.00538999999850564,-0.00244007428148624));
#10642=CARTESIAN_POINT('',(0.01101,0.00539,0.00525));
#10643=CARTESIAN_POINT('',(0.0025,0.00295,0.00525));
#10644=CARTESIAN_POINT('',(0.00789,0.004,-0.00244));
#10645=CARTESIAN_POINT('',(0.00789,0.004,-0.00244));
#10646=CARTESIAN_POINT('',(0.00789,0.004,-0.00244));
#10647=CARTESIAN_POINT('',(0.00851,0.004,-0.00244));
#10648=CARTESIAN_POINT('',(0.00851,0.004,-0.00244));
#10649=CARTESIAN_POINT('',(0.00851,0.00538999999922515,-0.00243999863750811));
#10650=CARTESIAN_POINT('',(0.00851,0.00538999999922515,-0.00243999863750811));
#10651=CARTESIAN_POINT('',(0.00789,0.00538999999922516,-0.00243999863750811));
#10652=CARTESIAN_POINT('',(0.00789,0.00538999999922516,-0.00243999863750811));
#10653=CARTESIAN_POINT('',(0.00851000000000008,0.00601,0.00525));
#10654=CARTESIAN_POINT('',(0.00789000000000008,0.00601,0.00525));
#10655=CARTESIAN_POINT('',(0.00851000000000008,0.00601,0.0044506084098585));
#10656=CARTESIAN_POINT('',(0.00789000000000008,0.00601,0.0044506084098585));
#10657=CARTESIAN_POINT('',(0.00851000000000008,0.00600999996542388,0.00325152523854597));
#10658=CARTESIAN_POINT('',(0.00789000000000008,0.00600999996542388,0.00325152523854597));
#10659=CARTESIAN_POINT('',(0.00851000000000008,0.00601000004994329,0.00165273175761862));
#10660=CARTESIAN_POINT('',(0.00789000000000009,0.00601000004994329,0.00165273175761862));
#10661=CARTESIAN_POINT('',(0.00851000000000007,0.00600999985305148,0.000653516265760718));
#10662=CARTESIAN_POINT('',(0.00789000000000008,0.00600999985305148,0.000653516265760718));
#10663=CARTESIAN_POINT('',(0.00851000000000009,0.00601000025451867,-0.000145924252440947));
#10664=CARTESIAN_POINT('',(0.00789000000000009,0.00601000025451867,-0.000145924252440947));
#10665=CARTESIAN_POINT('',(0.00851000000000003,0.00600999902850704,-0.000745318527179505));
#10666=CARTESIAN_POINT('',(0.00789000000000004,0.00600999902850704,-0.000745318527179505));
#10667=CARTESIAN_POINT('',(0.00851000000000034,0.00601000286429548,-0.00124540575053935));
#10668=CARTESIAN_POINT('',(0.00789000000000034,0.00601000286429548,-0.00124540575053935));
#10669=CARTESIAN_POINT('',(0.00850999999999995,0.00600999503856672,-0.00164414779959686));
#10670=CARTESIAN_POINT('',(0.00788999999999995,0.00600999503856672,-0.00164414779959686));
#10671=CARTESIAN_POINT('',(0.00851000000000009,0.00601001893786982,-0.00194683232863461));
#10672=CARTESIAN_POINT('',(0.0078900000000001,0.00601001893786982,-0.00194683232863461));
#10673=CARTESIAN_POINT('',(0.00851000000000007,0.00600994416460663,-0.00218752934936322));
#10674=CARTESIAN_POINT('',(0.00789000000000007,0.00600994416460663,-0.00218752934936322));
#10675=CARTESIAN_POINT('',(0.00851000000000007,0.00601007764719316,-0.00237866419955224));
#10676=CARTESIAN_POINT('',(0.00789000000000007,0.00601007764719316,-0.00237866419955224));
#10677=CARTESIAN_POINT('',(0.00851000000000007,0.00600986377455461,-0.00245252282167999));
#10678=CARTESIAN_POINT('',(0.00789000000000007,0.00600986377455461,-0.00245252282167999));
#10679=CARTESIAN_POINT('',(0.00851000000000007,0.00601062033558052,-0.00257995758653692));
#10680=CARTESIAN_POINT('',(0.00789000000000007,0.00601062033558052,-0.00257995758653692));
#10681=CARTESIAN_POINT('',(0.00851000000000007,0.00595614715587827,-0.00276371692001599));
#10682=CARTESIAN_POINT('',(0.00789000000000007,0.00595614715587827,-0.00276371692001599));
#10683=CARTESIAN_POINT('',(0.00851000000000007,0.00585514126823042,-0.0028969686701886));
#10684=CARTESIAN_POINT('',(0.00789000000000007,0.00585514126823042,-0.0028969686701886));
#10685=CARTESIAN_POINT('',(0.00851000000000007,0.00572209788759077,-0.00300112813766063));
#10686=CARTESIAN_POINT('',(0.00789000000000007,0.00572209788759077,-0.00300112813766063));
#10687=CARTESIAN_POINT('',(0.00851000000000007,0.00554543720609326,-0.00305882736386306));
#10688=CARTESIAN_POINT('',(0.00789000000000007,0.00554543720609326,-0.00305882736386306));
#10689=CARTESIAN_POINT('',(0.00851000000000007,0.00539886153340367,-0.00306035326616068));
#10690=CARTESIAN_POINT('',(0.00789000000000007,0.00539886153340367,-0.00306035326616068));
#10691=CARTESIAN_POINT('',(0.00851000000000007,0.00533827335318277,-0.00305979864065456));
#10692=CARTESIAN_POINT('',(0.00789000000000007,0.00533827335318277,-0.00305979864065456));
#10693=CARTESIAN_POINT('',(0.00851000000000007,0.00513885515043998,-0.00306014480836593));
#10694=CARTESIAN_POINT('',(0.00789000000000007,0.00513885515043998,-0.00306014480836593));
#10695=CARTESIAN_POINT('',(0.00851000000000007,0.00490280608492359,-0.00305995078408478));
#10696=CARTESIAN_POINT('',(0.00789000000000007,0.00490280608492359,-0.00305995078408478));
#10697=CARTESIAN_POINT('',(0.00851000000000007,0.00459860393021768,-0.00306001325043871));
#10698=CARTESIAN_POINT('',(0.00789000000000007,0.00459860393021768,-0.00306001325043871));
#10699=CARTESIAN_POINT('',(0.00851000000000007,0.00430004034984265,-0.00305999621416037));
#10700=CARTESIAN_POINT('',(0.00789000000000007,0.00430004034984265,-0.00305999621416037));
#10701=CARTESIAN_POINT('',(0.00851000000000007,0.0040999239487677,-0.00306));
#10702=CARTESIAN_POINT('',(0.00789000000000007,0.0040999239487677,-0.00306));
#10703=CARTESIAN_POINT('',(0.00851000000000007,0.004,-0.00306));
#10704=CARTESIAN_POINT('',(0.00789000000000007,0.004,-0.00306));
#10705=CARTESIAN_POINT('',(0.00851,0.00601,0.00525));
#10706=CARTESIAN_POINT('',(0.00851,0.00601,0.00525));
#10707=CARTESIAN_POINT('',(0.00789,0.00601,0.00525));
#10708=CARTESIAN_POINT('',(0.00851,0.004,-0.00306));
#10709=CARTESIAN_POINT('',(0.00851,0.004453125,-0.00306));
#10710=CARTESIAN_POINT('',(0.00851,0.00490625,-0.00306));
#10711=CARTESIAN_POINT('',(0.00851,0.005359375,-0.00306));
#10712=CARTESIAN_POINT('',(0.00851,0.00538958333333334,-0.00306));
#10713=CARTESIAN_POINT('',(0.00851,0.00540107028333028,-0.00306006763580735));
#10714=CARTESIAN_POINT('',(0.00851,0.00545,-0.00306));
#10715=CARTESIAN_POINT('',(0.00851,0.00550300594428683,-0.00305992672960157));
#10716=CARTESIAN_POINT('',(0.00851,0.0055953063186382,-0.00304573971743697));
#10717=CARTESIAN_POINT('',(0.00851,0.00566292929037616,-0.00301793929885645));
#10718=CARTESIAN_POINT('',(0.00851,0.00573055226211412,-0.00299013888027593));
#10719=CARTESIAN_POINT('',(0.00851,0.0057935076709811,-0.00294845192394784));
#10720=CARTESIAN_POINT('',(0.00851,0.00584597979746447,-0.00289597979746447));
#10721=CARTESIAN_POINT('',(0.00851,0.00589845192394783,-0.00284350767098109));
#10722=CARTESIAN_POINT('',(0.00851,0.00594013888027592,-0.00278055226211414));
#10723=CARTESIAN_POINT('',(0.00851,0.00596793929885645,-0.00271292929037616));
#10724=CARTESIAN_POINT('',(0.00851,0.00599573971743697,-0.00264530631863818));
#10725=CARTESIAN_POINT('',(0.00851,0.00600992672960156,-0.00255300594428681));
#10726=CARTESIAN_POINT('',(0.00851,0.00601,-0.0025));
#10727=CARTESIAN_POINT('',(0.00851,0.00601004518771612,-0.0024673098875698));
#10728=CARTESIAN_POINT('',(0.00851,0.00601,-0.00245963541666666));
#10729=CARTESIAN_POINT('',(0.00851,0.00601,-0.002439453125));
#10730=CARTESIAN_POINT('',(0.00851,0.00601,0.000123697916665821));
#10731=CARTESIAN_POINT('',(0.00851,0.00601,0.00268684895833354));
#10732=CARTESIAN_POINT('',(0.00851,0.00601,0.00525));
#10733=CARTESIAN_POINT('',(0.00851,0.004,-0.00306));
#10734=CARTESIAN_POINT('',(0.00851,0.004,-0.00306));
#10735=CARTESIAN_POINT('',(0.00789,0.004,-0.00306));
#10736=CARTESIAN_POINT('',(0.00789,0.004,-0.00306));
#10737=CARTESIAN_POINT('',(0.00789,0.004453125,-0.00306));
#10738=CARTESIAN_POINT('',(0.00789,0.00490625,-0.00306));
#10739=CARTESIAN_POINT('',(0.00789,0.005359375,-0.00306));
#10740=CARTESIAN_POINT('',(0.00789,0.00538958333333334,-0.00306));
#10741=CARTESIAN_POINT('',(0.00789,0.00540107028333028,-0.00306006763580735));
#10742=CARTESIAN_POINT('',(0.00789,0.00545,-0.00306));
#10743=CARTESIAN_POINT('',(0.00789,0.00550300594428683,-0.00305992672960157));
#10744=CARTESIAN_POINT('',(0.00789,0.0055953063186382,-0.00304573971743697));
#10745=CARTESIAN_POINT('',(0.00789,0.00566292929037616,-0.00301793929885645));
#10746=CARTESIAN_POINT('',(0.00789,0.00573055226211412,-0.00299013888027593));
#10747=CARTESIAN_POINT('',(0.00789,0.0057935076709811,-0.00294845192394784));
#10748=CARTESIAN_POINT('',(0.00789,0.00584597979746447,-0.00289597979746447));
#10749=CARTESIAN_POINT('',(0.00789,0.00589845192394783,-0.00284350767098109));
#10750=CARTESIAN_POINT('',(0.00789,0.00594013888027592,-0.00278055226211414));
#10751=CARTESIAN_POINT('',(0.00789,0.00596793929885645,-0.00271292929037616));
#10752=CARTESIAN_POINT('',(0.00789,0.00599573971743697,-0.00264530631863818));
#10753=CARTESIAN_POINT('',(0.00789,0.00600992672960156,-0.00255300594428681));
#10754=CARTESIAN_POINT('',(0.00789,0.00601,-0.0025));
#10755=CARTESIAN_POINT('',(0.00789,0.00601004518771612,-0.0024673098875698));
#10756=CARTESIAN_POINT('',(0.00789,0.00601,-0.00245963541666666));
#10757=CARTESIAN_POINT('',(0.00789,0.00601,-0.002439453125));
#10758=CARTESIAN_POINT('',(0.00789,0.00601,0.00012369791666582));
#10759=CARTESIAN_POINT('',(0.00789,0.00601,0.00268684895833353));
#10760=CARTESIAN_POINT('',(0.00789,0.00601,0.00525));
#10761=CARTESIAN_POINT('',(0.00851,0.004,-0.00306));
#10762=CARTESIAN_POINT('',(0.00851,0.00539,0.00525));
#10763=CARTESIAN_POINT('',(0.00851,0.00539,0.00525));
#10764=CARTESIAN_POINT('',(0.00851,0.00538999999922515,-0.00243999863750811));
#10765=CARTESIAN_POINT('',(0.00851,0.004,-0.00244));
#10766=CARTESIAN_POINT('',(0.00789,0.004,-0.00306));
#10767=CARTESIAN_POINT('',(0.00789,0.00538999999922516,-0.00243999863750811));
#10768=CARTESIAN_POINT('',(0.00789,0.00539,0.00525));
#10769=CARTESIAN_POINT('',(0.00789,0.00601,0.00525));
#10770=CARTESIAN_POINT('',(0.00789,0.004,-0.00306));
#10771=CARTESIAN_POINT('',(0.00789,0.00538999999850564,-0.00244007428148624));
#10772=CARTESIAN_POINT('',(0.00851,0.00539,0.00525));
#10773=CARTESIAN_POINT('',(1.42135407386487E-17,0.00295,0.00525));
#10774=CARTESIAN_POINT('',(0.00695,0.004,-0.004));
#10775=CARTESIAN_POINT('',(0.01925,0.004,-0.004));
#10776=CARTESIAN_POINT('',(0.01925,0.0015,-0.004));
#10777=CARTESIAN_POINT('',(0.01945,0.004,-0.0015));
#10778=CARTESIAN_POINT('',(0.01945,0.0015,-0.0017));
#10779=CARTESIAN_POINT('',(0.01945,0.004,-0.0017));
#10780=CARTESIAN_POINT('',(0.00695,0.004,-0.0015));
#10781=CARTESIAN_POINT('',(0.00695,0.004,-0.0038));
#10782=CARTESIAN_POINT('',(0.00695,0.0015,-0.0038));
#10783=CARTESIAN_POINT('',(0.003375,0.0015,-0.005375));
#10784=CARTESIAN_POINT('',(0.003375,0.,-0.005375));
#10785=CARTESIAN_POINT('',(0.003375,0.,-0.0038));
#10786=CARTESIAN_POINT('',(0.003375,0.0015,-0.005375));
#10787=CARTESIAN_POINT('',(0.003375,0.0015,-0.0038));
#10788=CARTESIAN_POINT('',(0.023025,0.0015,-0.005375));
#10789=CARTESIAN_POINT('',(0.023025,0.,-0.005375));
#10790=CARTESIAN_POINT('',(0.023025,0.,-0.0038));
#10791=CARTESIAN_POINT('',(0.023025,0.0015,-0.005375));
#10792=CARTESIAN_POINT('',(0.023025,0.0015,-0.0038));
#10793=CARTESIAN_POINT('',(0.023025,0.0015,-0.031225));
#10794=CARTESIAN_POINT('',(0.023025,0.,-0.031225));
#10795=CARTESIAN_POINT('',(0.023025,0.,-0.02965));
#10796=CARTESIAN_POINT('',(0.023025,0.0015,-0.031225));
#10797=CARTESIAN_POINT('',(0.023025,0.0015,-0.02965));
#10798=CARTESIAN_POINT('',(0.003375,0.0015,-0.031225));
#10799=CARTESIAN_POINT('',(0.003375,0.,-0.031225));
#10800=CARTESIAN_POINT('',(0.003375,0.,-0.02965));
#10801=CARTESIAN_POINT('',(0.003375,0.0015,-0.031225));
#10802=CARTESIAN_POINT('',(0.003375,0.0015,-0.02965));
#10803=CARTESIAN_POINT('',(0.,0.0015,-0.0343));
#10804=CARTESIAN_POINT('',(0.0264,0.,-0.0343));
#10805=CARTESIAN_POINT('',(0.0264,0.,-0.0343));
#10806=CARTESIAN_POINT('',(0.,0.,-0.0343));
#10807=CARTESIAN_POINT('',(0.,0.0015,-0.0343));
#10808=CARTESIAN_POINT('',(0.,0.0015,-0.0343));
#10809=CARTESIAN_POINT('',(0.0264,0.0015,-0.0343));
#10810=CARTESIAN_POINT('',(0.0264,0.0015,-0.0343));
#10811=CARTESIAN_POINT('',(0.0264,0.0015,-0.0343));
#10812=CARTESIAN_POINT('',(0.0264,0.0015,0.));
#10813=CARTESIAN_POINT('',(0.0264,0.,0.));
#10814=CARTESIAN_POINT('',(0.0264,0.,0.));
#10815=CARTESIAN_POINT('',(0.0264,0.0015,0.));
#10816=CARTESIAN_POINT('',(0.0264,0.0015,0.));
#10817=CARTESIAN_POINT('',(0.0264,0.0015,0.));
#10818=CARTESIAN_POINT('',(0.,0.0015,0.));
#10819=CARTESIAN_POINT('',(0.,0.,0.));
#10820=CARTESIAN_POINT('',(0.,0.,0.));
#10821=CARTESIAN_POINT('',(0.,0.0015,0.));
#10822=CARTESIAN_POINT('',(0.,0.0015,0.));
#10823=CARTESIAN_POINT('',(0.,0.0015,0.));
#10824=CARTESIAN_POINT('',(0.,0.0015,0.));
#10825=CARTESIAN_POINT('',(0.,0.,-0.0343));
#10826=CARTESIAN_POINT('',(0.,0.0015,-0.0343));
#10827=CARTESIAN_POINT('',(0.,0.,0.));
#10828=CARTESIAN_POINT('',(0.,0.0015,0.));
#10829=CARTESIAN_POINT('',(0.00925,0.0015,-0.004));
#10830=CARTESIAN_POINT('',(0.01175,0.0015,-0.004));
#10831=CARTESIAN_POINT('',(0.01425,0.0015,-0.004));
#10832=CARTESIAN_POINT('',(0.01675,0.0015,-0.004));
#10833=CARTESIAN_POINT('',(0.01715,0.0015,-0.0015));
#10834=CARTESIAN_POINT('',(0.01465,0.0015,-0.0015));
#10835=CARTESIAN_POINT('',(0.01215,0.0015,-0.0015));
#10836=CARTESIAN_POINT('',(0.00965,0.0015,-0.0015));
#10837=CARTESIAN_POINT('',(0.00715,0.0015,-0.0015));
#10838=CARTESIAN_POINT('',(0.00695,0.004,-0.004));
#10839=CARTESIAN_POINT('',(0.01675,0.004,-0.004));
#10840=CARTESIAN_POINT('',(0.00695,0.004,-0.004));
#10841=CARTESIAN_POINT('',(0.00925,0.004,-0.004));
#10842=CARTESIAN_POINT('',(0.00695,0.004,-0.004));
#10843=CARTESIAN_POINT('',(0.01425,0.004,-0.004));
#10844=CARTESIAN_POINT('',(0.00695,0.004,-0.004));
#10845=CARTESIAN_POINT('',(0.01175,0.004,-0.004));
#10846=CARTESIAN_POINT('',(0.00695,0.004,-0.0015));
#10847=CARTESIAN_POINT('',(0.00965,0.004,-0.0015));
#10848=CARTESIAN_POINT('',(0.00695,0.004,-0.0015));
#10849=CARTESIAN_POINT('',(0.00715,0.004,-0.0015));
#10850=CARTESIAN_POINT('',(0.00695,0.004,-0.0015));
#10851=CARTESIAN_POINT('',(0.01715,0.004,-0.0015));
#10852=CARTESIAN_POINT('',(0.00695,0.004,-0.0015));
#10853=CARTESIAN_POINT('',(0.01215,0.004,-0.0015));
#10854=CARTESIAN_POINT('',(0.00695,0.004,-0.0015));
#10855=CARTESIAN_POINT('',(0.01465,0.004,-0.0015));
#10856=CARTESIAN_POINT('',(0.,0.004,0.));
#10857=CARTESIAN_POINT('',(0.,0.,0.));
#10858=CARTESIAN_POINT('',(0.0552886051822846,0.0123610868283743,0.0296950192697976));
#10859=CARTESIAN_POINT('',(0.0552886051822846,0.0123610868283743,0.0296950192697976));
#10860=CARTESIAN_POINT('',(0.0437886051822846,0.0123610868283743,0.0296950192697976));
#10861=CARTESIAN_POINT('',(0.0552886051822846,0.0123610868283743,0.0313878518606448));
#10862=CARTESIAN_POINT('',(0.0447235616060092,0.0123610868283743,0.0313878518606448));
#10863=CARTESIAN_POINT('',(0.0552886051822846,0.0123610868283743,0.0337707782829121));
#10864=CARTESIAN_POINT('',(0.0552886051822846,0.0123610868283743,0.02875));
#10865=CARTESIAN_POINT('',(0.0437886051822846,0.0123610868283743,0.02875));
#10866=CARTESIAN_POINT('',(0.0602886051822846,0.0123610868283743,0.02875));
#10867=CARTESIAN_POINT('',(0.0552886051822846,0.0123610868283743,0.02875));
#10868=CARTESIAN_POINT('',(0.0502886051822846,0.0123610868283743,0.02875));
#10869=CARTESIAN_POINT('',(0.0552886051822846,0.0123610868283743,0.0337707782829121));
#10870=CARTESIAN_POINT('',(0.0552886051822846,0.0123610868283743,0.02275));
#10871=CARTESIAN_POINT('',(0.0502886051822846,0.0123610868283743,0.02275));
#10872=CARTESIAN_POINT('',(0.0552886051822846,0.0123610868283743,0.0130193991709851));
#10873=CARTESIAN_POINT('',(0.0552886051822846,0.0123610868283743,0.01475));
#10874=CARTESIAN_POINT('',(0.0417886051822845,0.0123610868283743,0.01475));
#10875=CARTESIAN_POINT('',(0.0552886051822846,0.0123610868283743,0.01442433044389));
#10876=CARTESIAN_POINT('',(0.0552886051822846,0.0123610868283743,0.01442433044389));
#10877=CARTESIAN_POINT('',(0.0417348574740682,0.0123610868283743,0.01442433044389));
#10878=CARTESIAN_POINT('',(0.0673296308521311,0.0123610868283743,0.01442433044389));
#10879=CARTESIAN_POINT('',(0.0552886051822846,0.0123610868283743,0.01442433044389));
#10880=CARTESIAN_POINT('',(0.0432475795124381,0.0123610868283743,0.01442433044389));
#10881=CARTESIAN_POINT('',(0.0552886051822846,0.0123610868283743,0.01475));
#10882=CARTESIAN_POINT('',(0.0552886051822846,0.0123610868283743,0.01475));
#10883=CARTESIAN_POINT('',(0.043317030946235,0.0123610868283743,0.01475));
#10884=CARTESIAN_POINT('',(0.0552886051822846,0.0123610868283743,0.0130193991709851));
#10885=CARTESIAN_POINT('',(0.0552886051822846,0.0123610868283743,0.0196671079243275));
#10886=CARTESIAN_POINT('',(0.046466481416453,0.0123610868283743,0.0196671079243275));
#10887=CARTESIAN_POINT('',(0.056902385075124,0.0123610868283743,0.0196671079243275));
#10888=CARTESIAN_POINT('',(0.0552886051822846,0.0123610868283743,0.0196671079243275));
#10889=CARTESIAN_POINT('',(0.0536748252894452,0.0123610868283743,0.0196671079243275));
#10890=CARTESIAN_POINT('',(0.0552886051822846,0.0123610868283743,0.0337707782829121));
#10891=CARTESIAN_POINT('',(0.0552886051822846,0.0123610868283743,0.0245842158486551));
#10892=CARTESIAN_POINT('',(0.0536748252894452,0.0123610868283743,0.0245842158486551));
#10893=CARTESIAN_POINT('',(0.0552886051822846,0.0123610868283743,0.0245842158486551));
#10894=CARTESIAN_POINT('',(0.0567886051822842,0.0123610868283743,0.03375));
#10895=CARTESIAN_POINT('',(0.0552886051822846,0.0123610868283743,0.03375));
#10896=CARTESIAN_POINT('',(0.053788605182285,0.0123610868283743,0.03375));
#10897=CARTESIAN_POINT('',(0.0552886051822846,0.0123610868283743,0.0182552883496559));
#10898=CARTESIAN_POINT('',(-0.00651683772724335,-0.00175,-0.0705873740796435));
#10899=CARTESIAN_POINT('',(-0.00254,-0.0055,0.));
#10900=CARTESIAN_POINT('',(-0.002915,-0.0055,0.0025));
#10901=CARTESIAN_POINT('',(-0.002915,-0.0055,0.0025));
#10902=CARTESIAN_POINT('',(-0.002915,-0.0055,0.0022));
#10903=CARTESIAN_POINT('',(-0.002165,-0.0055,0.0025));
#10904=CARTESIAN_POINT('',(-0.002165,-0.0055,0.0025));
#10905=CARTESIAN_POINT('',(-0.002165,-0.0055,0.0022));
#10906=CARTESIAN_POINT('',(-0.002165,-0.0055,0.0022));
#10907=CARTESIAN_POINT('',(-0.002915,-0.0055,0.0022));
#10908=CARTESIAN_POINT('',(-0.00254,-0.009,0.));
#10909=CARTESIAN_POINT('',(-0.002915,-0.009,0.0025));
#10910=CARTESIAN_POINT('',(-0.002915,-0.009,0.0025));
#10911=CARTESIAN_POINT('',(-0.002915,-0.009,0.0022));
#10912=CARTESIAN_POINT('',(-0.002915,-0.009,0.0022));
#10913=CARTESIAN_POINT('',(-0.002165,-0.009,0.0022));
#10914=CARTESIAN_POINT('',(-0.002165,-0.009,0.0022));
#10915=CARTESIAN_POINT('',(-0.002165,-0.009,0.0025));
#10916=CARTESIAN_POINT('',(-0.002165,-0.009,0.0025));
#10917=CARTESIAN_POINT('',(-0.002915,-0.009,0.0025));
#10918=CARTESIAN_POINT('',(-0.002915,-0.009,0.0025));
#10919=CARTESIAN_POINT('',(-0.002165,-0.009,0.0025));
#10920=CARTESIAN_POINT('',(-0.002165,-0.009,0.0022));
#10921=CARTESIAN_POINT('',(-0.002165,-0.009,0.0022));
#10922=CARTESIAN_POINT('',(-0.002915,-0.009,0.0022));
#10923=CARTESIAN_POINT('',(-0.002915,-0.009,0.0022));
#10924=CARTESIAN_POINT('',(-0.002915,-0.009,0.0022));
#10925=CARTESIAN_POINT('',(0.0123,0.008,-0.02515));
#10926=CARTESIAN_POINT('',(0.,0.,-0.0075));
#10927=CARTESIAN_POINT('',(0.007,0.0075,-0.0075));
#10928=CARTESIAN_POINT('',(0.007,0.0075,-0.0075));
#10929=CARTESIAN_POINT('',(0.007,0.0085,-0.0075));
#10930=CARTESIAN_POINT('',(0.007,0.0085,-0.0075));
#10931=CARTESIAN_POINT('',(0.009,0.0085,-0.0075));
#10932=CARTESIAN_POINT('',(0.009,0.0085,-0.0075));
#10933=CARTESIAN_POINT('',(0.009,0.0075,-0.0075));
#10934=CARTESIAN_POINT('',(0.009,0.0075,-0.0075));
#10935=CARTESIAN_POINT('',(0.009,0.0075,-0.0075));
#10936=CARTESIAN_POINT('',(0.009,0.0075,0.));
#10937=CARTESIAN_POINT('',(0.009,0.0075,0.));
#10938=CARTESIAN_POINT('',(0.007,0.0075,0.));
#10939=CARTESIAN_POINT('',(0.007,0.0075,-0.0075));
#10940=CARTESIAN_POINT('',(0.009,0.0075,-0.0075));
#10941=CARTESIAN_POINT('',(0.009,0.0085,-0.0075));
#10942=CARTESIAN_POINT('',(0.009,0.0085,0.));
#10943=CARTESIAN_POINT('',(0.009,0.0085,0.));
#10944=CARTESIAN_POINT('',(0.009,0.0085,-0.0075));
#10945=CARTESIAN_POINT('',(0.009,0.0085,-0.0075));
#10946=CARTESIAN_POINT('',(0.007,0.0085,0.));
#10947=CARTESIAN_POINT('',(0.007,0.0085,0.));
#10948=CARTESIAN_POINT('',(0.007,0.0085,-0.0075));
#10949=CARTESIAN_POINT('',(0.007,0.0085,-0.0075));
#10950=CARTESIAN_POINT('',(0.007,0.0075,0.));
#10951=CARTESIAN_POINT('',(0.,0.016,0.016));
#10952=CARTESIAN_POINT('',(0.0004,0.,0.016));
#10953=CARTESIAN_POINT('',(0.0004,0.,0.016));
#10954=CARTESIAN_POINT('',(0.0004,0.0004,0.016));
#10955=CARTESIAN_POINT('',(0.0017,0.,0.016));
#10956=CARTESIAN_POINT('',(0.0017,0.,0.016));
#10957=CARTESIAN_POINT('',(0.0017,0.0004,0.016));
#10958=CARTESIAN_POINT('',(0.0017,0.0004,0.016));
#10959=CARTESIAN_POINT('',(0.0004,0.0004,0.016));
#10960=CARTESIAN_POINT('',(0.0017,0.0004,0.016));
#10961=CARTESIAN_POINT('',(0.0017,0.0004,0.012));
#10962=CARTESIAN_POINT('',(0.0017,0.0004,0.012));
#10963=CARTESIAN_POINT('',(0.0017,0.,0.012));
#10964=CARTESIAN_POINT('',(0.0017,0.0004,0.016));
#10965=CARTESIAN_POINT('',(0.0017,0.,0.016));
#10966=CARTESIAN_POINT('',(0.0004,0.0004,0.016));
#10967=CARTESIAN_POINT('',(0.0004,0.,0.012));
#10968=CARTESIAN_POINT('',(0.0004,0.,0.012));
#10969=CARTESIAN_POINT('',(0.0004,0.0004,0.012));
#10970=CARTESIAN_POINT('',(0.0004,0.,0.016));
#10971=CARTESIAN_POINT('',(0.0004,0.0004,0.016));
#10972=CARTESIAN_POINT('',(0.016,0.016,0.016));
#10973=CARTESIAN_POINT('',(0.0156,0.,0.016));
#10974=CARTESIAN_POINT('',(0.0156,0.,0.016));
#10975=CARTESIAN_POINT('',(0.0156,0.0004,0.016));
#10976=CARTESIAN_POINT('',(0.0156,0.0004,0.016));
#10977=CARTESIAN_POINT('',(0.0143,0.0004,0.016));
#10978=CARTESIAN_POINT('',(0.0143,0.0004,0.016));
#10979=CARTESIAN_POINT('',(0.0143,0.,0.016));
#10980=CARTESIAN_POINT('',(0.0143,0.,0.016));
#10981=CARTESIAN_POINT('',(0.0143,0.0004,0.016));
#10982=CARTESIAN_POINT('',(0.0143,0.0004,0.012));
#10983=CARTESIAN_POINT('',(0.0143,0.0004,0.012));
#10984=CARTESIAN_POINT('',(0.0143,0.,0.012));
#10985=CARTESIAN_POINT('',(0.0143,0.,0.016));
#10986=CARTESIAN_POINT('',(0.0143,0.0004,0.016));
#10987=CARTESIAN_POINT('',(0.0156,0.0004,0.016));
#10988=CARTESIAN_POINT('',(0.0156,0.,0.012));
#10989=CARTESIAN_POINT('',(0.0156,0.,0.012));
#10990=CARTESIAN_POINT('',(0.0156,0.0004,0.012));
#10991=CARTESIAN_POINT('',(0.0156,0.0004,0.016));
#10992=CARTESIAN_POINT('',(0.0156,0.,0.016));
#10993=CARTESIAN_POINT('',(0.016,0.,0.016));
#10994=CARTESIAN_POINT('',(0.0156,0.016,0.016));
#10995=CARTESIAN_POINT('',(0.0156,0.016,0.016));
#10996=CARTESIAN_POINT('',(0.0156,0.0156,0.016));
#10997=CARTESIAN_POINT('',(0.0143,0.016,0.016));
#10998=CARTESIAN_POINT('',(0.0143,0.016,0.016));
#10999=CARTESIAN_POINT('',(0.0143,0.0156,0.016));
#11000=CARTESIAN_POINT('',(0.0143,0.0156,0.016));
#11001=CARTESIAN_POINT('',(0.0156,0.0156,0.016));
#11002=CARTESIAN_POINT('',(0.0143,0.0156,0.016));
#11003=CARTESIAN_POINT('',(0.0143,0.0156,0.012));
#11004=CARTESIAN_POINT('',(0.0143,0.0156,0.012));
#11005=CARTESIAN_POINT('',(0.0143,0.016,0.012));
#11006=CARTESIAN_POINT('',(0.0143,0.0156,0.016));
#11007=CARTESIAN_POINT('',(0.0143,0.016,0.016));
#11008=CARTESIAN_POINT('',(0.0156,0.0156,0.016));
#11009=CARTESIAN_POINT('',(0.0156,0.016,0.012));
#11010=CARTESIAN_POINT('',(0.0156,0.016,0.012));
#11011=CARTESIAN_POINT('',(0.0156,0.0156,0.012));
#11012=CARTESIAN_POINT('',(0.0156,0.016,0.016));
#11013=CARTESIAN_POINT('',(0.0156,0.0156,0.016));
#11014=CARTESIAN_POINT('',(0.,0.,0.016));
#11015=CARTESIAN_POINT('',(0.0004,0.016,0.016));
#11016=CARTESIAN_POINT('',(0.0004,0.016,0.016));
#11017=CARTESIAN_POINT('',(0.0004,0.0156,0.016));
#11018=CARTESIAN_POINT('',(0.0004,0.0156,0.016));
#11019=CARTESIAN_POINT('',(0.0017,0.0156,0.016));
#11020=CARTESIAN_POINT('',(0.0017,0.0156,0.016));
#11021=CARTESIAN_POINT('',(0.0017,0.016,0.016));
#11022=CARTESIAN_POINT('',(0.0017,0.016,0.016));
#11023=CARTESIAN_POINT('',(0.0017,0.0156,0.016));
#11024=CARTESIAN_POINT('',(0.0017,0.0156,0.012));
#11025=CARTESIAN_POINT('',(0.0017,0.0156,0.012));
#11026=CARTESIAN_POINT('',(0.0017,0.016,0.012));
#11027=CARTESIAN_POINT('',(0.0017,0.016,0.016));
#11028=CARTESIAN_POINT('',(0.0017,0.0156,0.016));
#11029=CARTESIAN_POINT('',(0.0004,0.0156,0.016));
#11030=CARTESIAN_POINT('',(0.0004,0.016,0.012));
#11031=CARTESIAN_POINT('',(0.0004,0.016,0.012));
#11032=CARTESIAN_POINT('',(0.0004,0.0156,0.012));
#11033=CARTESIAN_POINT('',(0.0004,0.0156,0.016));
#11034=CARTESIAN_POINT('',(0.0004,0.016,0.016));
#11035=CARTESIAN_POINT('',(0.,0.,0.0004));
#11036=CARTESIAN_POINT('',(0.0004,0.0156,0.0004));
#11037=CARTESIAN_POINT('',(0.0004,0.0156,0.0004));
#11038=CARTESIAN_POINT('',(0.0004,0.0004,0.0004));
#11039=CARTESIAN_POINT('',(0.0004,0.0004,0.0004));
#11040=CARTESIAN_POINT('',(0.0156,0.0004,0.0004));
#11041=CARTESIAN_POINT('',(0.0156,0.0004,0.0004));
#11042=CARTESIAN_POINT('',(0.0156,0.0156,0.0004));
#11043=CARTESIAN_POINT('',(0.0156,0.0156,0.0004));
#11044=CARTESIAN_POINT('',(0.,0.0156,0.012));
#11045=CARTESIAN_POINT('',(0.0156,0.0156,0.012));
#11046=CARTESIAN_POINT('',(0.0143,0.0156,0.012));
#11047=CARTESIAN_POINT('',(0.0004,0.0156,0.012));
#11048=CARTESIAN_POINT('',(0.0156,0.,0.012));
#11049=CARTESIAN_POINT('',(0.0156,0.0004,0.012));
#11050=CARTESIAN_POINT('',(0.0156,0.0004,0.012));
#11051=CARTESIAN_POINT('',(0.,0.0004,0.012));
#11052=CARTESIAN_POINT('',(0.0004,0.0004,0.012));
#11053=CARTESIAN_POINT('',(0.0017,0.0004,0.012));
#11054=CARTESIAN_POINT('',(0.0004,0.,0.012));
#11055=CARTESIAN_POINT('',(0.0004,0.0156,0.012));
#11056=CARTESIAN_POINT('',(0.,0.016,0.012));
#11057=CARTESIAN_POINT('',(0.016,0.016,0.));
#11058=CARTESIAN_POINT('',(0.016,0.016,0.));
#11059=CARTESIAN_POINT('',(0.,0.016,0.));
#11060=CARTESIAN_POINT('',(0.,0.016,0.012));
#11061=CARTESIAN_POINT('',(0.,0.016,0.012));
#11062=CARTESIAN_POINT('',(0.0004,0.016,0.012));
#11063=CARTESIAN_POINT('',(0.0143,0.016,0.012));
#11064=CARTESIAN_POINT('',(0.016,0.016,0.012));
#11065=CARTESIAN_POINT('',(0.016,0.016,0.012));
#11066=CARTESIAN_POINT('',(0.016,0.016,0.012));
#11067=CARTESIAN_POINT('',(0.016,0.,0.012));
#11068=CARTESIAN_POINT('',(0.016,0.,0.));
#11069=CARTESIAN_POINT('',(0.016,0.,0.));
#11070=CARTESIAN_POINT('',(0.016,0.,0.012));
#11071=CARTESIAN_POINT('',(0.016,0.,0.012));
#11072=CARTESIAN_POINT('',(0.016,0.,0.012));
#11073=CARTESIAN_POINT('',(0.,0.,0.012));
#11074=CARTESIAN_POINT('',(0.,0.,0.));
#11075=CARTESIAN_POINT('',(0.,0.,0.));
#11076=CARTESIAN_POINT('',(0.0156,0.,0.012));
#11077=CARTESIAN_POINT('',(0.0017,0.,0.012));
#11078=CARTESIAN_POINT('',(0.,0.,0.012));
#11079=CARTESIAN_POINT('',(0.,0.,0.012));
#11080=CARTESIAN_POINT('',(0.,0.,0.012));
#11081=CARTESIAN_POINT('',(0.,0.,0.012));
#11082=CARTESIAN_POINT('',(0.,0.016,0.));
#11083=CARTESIAN_POINT('',(0.,0.016,0.012));
#11084=CARTESIAN_POINT('',(0.,0.,0.012));
#11085=CARTESIAN_POINT('',(0.,0.,0.012));
#11086=CARTESIAN_POINT('',(0.,0.,0.012));
#11087=CARTESIAN_POINT('',(0.,0.,0.012));
#11088=CARTESIAN_POINT('',(0.,0.,0.));
#11089=CARTESIAN_POINT('',(0.0043,0.0135,-0.02515));
#11090=CARTESIAN_POINT('',(0.00254,-0.0055,0.));
#11091=CARTESIAN_POINT('',(0.002165,-0.0055,0.0025));
#11092=CARTESIAN_POINT('',(0.002165,-0.0055,0.0025));
#11093=CARTESIAN_POINT('',(0.002165,-0.0055,0.0022));
#11094=CARTESIAN_POINT('',(0.002915,-0.0055,0.0025));
#11095=CARTESIAN_POINT('',(0.002915,-0.0055,0.0025));
#11096=CARTESIAN_POINT('',(0.002915,-0.0055,0.0022));
#11097=CARTESIAN_POINT('',(0.002915,-0.0055,0.0022));
#11098=CARTESIAN_POINT('',(0.002165,-0.0055,0.0022));
#11099=CARTESIAN_POINT('',(0.00254,-0.009,0.));
#11100=CARTESIAN_POINT('',(0.002165,-0.009,0.0025));
#11101=CARTESIAN_POINT('',(0.002165,-0.009,0.0025));
#11102=CARTESIAN_POINT('',(0.002165,-0.009,0.0022));
#11103=CARTESIAN_POINT('',(0.002165,-0.009,0.0022));
#11104=CARTESIAN_POINT('',(0.002915,-0.009,0.0022));
#11105=CARTESIAN_POINT('',(0.002915,-0.009,0.0022));
#11106=CARTESIAN_POINT('',(0.002915,-0.009,0.0025));
#11107=CARTESIAN_POINT('',(0.002915,-0.009,0.0025));
#11108=CARTESIAN_POINT('',(0.002165,-0.009,0.0025));
#11109=CARTESIAN_POINT('',(0.002165,-0.009,0.0025));
#11110=CARTESIAN_POINT('',(0.002915,-0.009,0.0025));
#11111=CARTESIAN_POINT('',(0.002915,-0.009,0.0022));
#11112=CARTESIAN_POINT('',(0.002915,-0.009,0.0022));
#11113=CARTESIAN_POINT('',(0.002165,-0.009,0.0022));
#11114=CARTESIAN_POINT('',(0.002165,-0.009,0.0022));
#11115=CARTESIAN_POINT('',(0.002165,-0.009,0.0022));
#11116=CARTESIAN_POINT('',(0.0043,0.0075,-0.01715));
#11117=CARTESIAN_POINT('',(0.,0.,0.012));
#11118=CARTESIAN_POINT('',(0.0004,0.0156,0.012));
#11119=CARTESIAN_POINT('',(0.0004,0.0156,0.012));
#11120=CARTESIAN_POINT('',(0.0004,0.0004,0.012));
#11121=CARTESIAN_POINT('',(0.0004,0.0004,0.012));
#11122=CARTESIAN_POINT('',(0.0156,0.0004,0.012));
#11123=CARTESIAN_POINT('',(0.0156,0.0004,0.012));
#11124=CARTESIAN_POINT('',(0.0156,0.00325,0.012));
#11125=CARTESIAN_POINT('',(0.0156,0.00325,0.012));
#11126=CARTESIAN_POINT('',(0.0221,0.00325,0.012));
#11127=CARTESIAN_POINT('',(0.0221,0.00325,0.012));
#11128=CARTESIAN_POINT('',(0.0221,0.01275,0.012));
#11129=CARTESIAN_POINT('',(0.0221,0.01275,0.012));
#11130=CARTESIAN_POINT('',(0.0156,0.01275,0.012));
#11131=CARTESIAN_POINT('',(0.0156,0.01275,0.012));
#11132=CARTESIAN_POINT('',(0.0156,0.0156,0.012));
#11133=CARTESIAN_POINT('',(0.0156,0.0156,0.012));
#11134=CARTESIAN_POINT('',(0.,0.,0.0105));
#11135=CARTESIAN_POINT('',(0.0004,0.0156,0.0105));
#11136=CARTESIAN_POINT('',(0.0004,0.0156,0.0105));
#11137=CARTESIAN_POINT('',(0.0004,0.0004,0.0105));
#11138=CARTESIAN_POINT('',(0.0156,0.0156,0.0105));
#11139=CARTESIAN_POINT('',(0.0156,0.0156,0.0105));
#11140=CARTESIAN_POINT('',(0.0156,0.01275,0.0105));
#11141=CARTESIAN_POINT('',(0.0156,0.01275,0.0105));
#11142=CARTESIAN_POINT('',(0.0221,0.01275,0.0105));
#11143=CARTESIAN_POINT('',(0.0221,0.01275,0.0105));
#11144=CARTESIAN_POINT('',(0.0221,0.00325,0.0105));
#11145=CARTESIAN_POINT('',(0.0221,0.00325,0.0105));
#11146=CARTESIAN_POINT('',(0.0156,0.00325,0.0105));
#11147=CARTESIAN_POINT('',(0.0156,0.00325,0.0105));
#11148=CARTESIAN_POINT('',(0.0156,0.0004,0.0105));
#11149=CARTESIAN_POINT('',(0.0156,0.0004,0.0105));
#11150=CARTESIAN_POINT('',(0.0004,0.0004,0.0105));
#11151=CARTESIAN_POINT('',(0.0004,0.0004,0.0105));
#11152=CARTESIAN_POINT('',(0.0004,0.0004,0.0105));
#11153=CARTESIAN_POINT('',(0.0156,0.0004,0.0105));
#11154=CARTESIAN_POINT('',(0.0156,0.00325,0.0105));
#11155=CARTESIAN_POINT('',(0.0156,0.00325,0.0105));
#11156=CARTESIAN_POINT('',(0.0156,0.00325,0.0105));
#11157=CARTESIAN_POINT('',(0.0221,0.00325,0.0105));
#11158=CARTESIAN_POINT('',(0.0221,0.01275,0.0105));
#11159=CARTESIAN_POINT('',(0.0221,0.01275,0.0105));
#11160=CARTESIAN_POINT('',(0.0156,0.01275,0.0105));
#11161=CARTESIAN_POINT('',(0.0156,0.01275,0.0105));
#11162=CARTESIAN_POINT('',(0.0156,0.0156,0.0105));
#11163=CARTESIAN_POINT('',(0.0156,0.0156,0.0105));
#11164=CARTESIAN_POINT('',(0.0004,0.0156,0.0105));
#11165=CARTESIAN_POINT('',(0.0004,0.0156,0.0105));
#11166=CARTESIAN_POINT('',(0.0004,0.0156,0.0105));
#11167=CARTESIAN_POINT('',(0.0043,0.0135,-0.02515));
#11168=CARTESIAN_POINT('',(0.,-0.0055,0.));
#11169=CARTESIAN_POINT('',(-0.000375,-0.0055,0.0025));
#11170=CARTESIAN_POINT('',(-0.000375,-0.0055,0.0025));
#11171=CARTESIAN_POINT('',(-0.000375,-0.0055,0.0022));
#11172=CARTESIAN_POINT('',(0.000375,-0.0055,0.0025));
#11173=CARTESIAN_POINT('',(0.000375,-0.0055,0.0025));
#11174=CARTESIAN_POINT('',(0.000375,-0.0055,0.0022));
#11175=CARTESIAN_POINT('',(0.000375,-0.0055,0.0022));
#11176=CARTESIAN_POINT('',(-0.000375,-0.0055,0.0022));
#11177=CARTESIAN_POINT('',(0.,-0.009,0.));
#11178=CARTESIAN_POINT('',(-0.000375,-0.009,0.0025));
#11179=CARTESIAN_POINT('',(-0.000375,-0.009,0.0025));
#11180=CARTESIAN_POINT('',(-0.000375,-0.009,0.0022));
#11181=CARTESIAN_POINT('',(-0.000375,-0.009,0.0022));
#11182=CARTESIAN_POINT('',(0.000375,-0.009,0.0022));
#11183=CARTESIAN_POINT('',(0.000375,-0.009,0.0022));
#11184=CARTESIAN_POINT('',(0.000375,-0.009,0.0025));
#11185=CARTESIAN_POINT('',(0.000375,-0.009,0.0025));
#11186=CARTESIAN_POINT('',(-0.000375,-0.009,0.0025));
#11187=CARTESIAN_POINT('',(-0.000375,-0.009,0.0025));
#11188=CARTESIAN_POINT('',(0.000375,-0.009,0.0025));
#11189=CARTESIAN_POINT('',(0.000375,-0.009,0.0022));
#11190=CARTESIAN_POINT('',(0.000375,-0.009,0.0022));
#11191=CARTESIAN_POINT('',(-0.000375,-0.009,0.0022));
#11192=CARTESIAN_POINT('',(-0.000375,-0.009,0.0022));
#11193=CARTESIAN_POINT('',(-0.000375,-0.009,0.0022));
#11194=CARTESIAN_POINT('',(0.0043,0.0075,-0.01715));
#11195=CARTESIAN_POINT('',(0.0043,0.0075,-0.01715));
#11196=CARTESIAN_POINT('',(0.,0.0005,0.003));
#11197=CARTESIAN_POINT('',(0.,0.0005,0.003));
#11198=CARTESIAN_POINT('',(0.00225,0.0005,0.003));
#11199=CARTESIAN_POINT('',(0.,0.0005,0.003));
#11200=CARTESIAN_POINT('',(0.,0.0005,0.0035));
#11201=CARTESIAN_POINT('',(0.00225,0.0005,0.0035));
#11202=CARTESIAN_POINT('',(0.,0.0005,0.003));
#11203=CARTESIAN_POINT('',(0.,0.0005,0.003));
#11204=CARTESIAN_POINT('',(0.00443705983732471,0.00125,0.003));
#11205=CARTESIAN_POINT('',(0.00075,0.00493705983732471,0.003));
#11206=CARTESIAN_POINT('',(0.00075,0.00493705983732471,0.003));
#11207=CARTESIAN_POINT('',(0.00075,0.00340473750965556,0.003));
#11208=CARTESIAN_POINT('',(0.,0.0005,0.003));
#11209=CARTESIAN_POINT('',(0.00290473750965556,0.00125,0.003));
#11210=CARTESIAN_POINT('',(0.00290473750965556,0.00125,0.003));
#11211=CARTESIAN_POINT('',(0.00075,0.00493705983732471,0.003));
#11212=CARTESIAN_POINT('',(0.00075,0.00493705983732471,0.0035));
#11213=CARTESIAN_POINT('',(0.00075,0.00493705983732471,0.0035));
#11214=CARTESIAN_POINT('',(0.00075,0.00340473750965556,0.0035));
#11215=CARTESIAN_POINT('',(0.00075,0.00340473750965556,0.003));
#11216=CARTESIAN_POINT('',(0.00075,0.00493705983732471,0.003));
#11217=CARTESIAN_POINT('',(0.,0.0005,0.003));
#11218=CARTESIAN_POINT('',(0.,0.0005,0.0035));
#11219=CARTESIAN_POINT('',(0.00290473750965556,0.00125,0.0035));
#11220=CARTESIAN_POINT('',(0.00290473750965556,0.00125,0.003));
#11221=CARTESIAN_POINT('',(0.00290473750965556,0.00125,0.003));
#11222=CARTESIAN_POINT('',(0.00290473750965556,0.00125,0.0035));
#11223=CARTESIAN_POINT('',(0.00443705983732471,0.00125,0.0035));
#11224=CARTESIAN_POINT('',(0.00443705983732471,0.00125,0.003));
#11225=CARTESIAN_POINT('',(0.,0.0005,0.003));
#11226=CARTESIAN_POINT('',(0.,0.0005,0.0035));
#11227=CARTESIAN_POINT('',(0.,0.0005,0.003));
#11228=CARTESIAN_POINT('',(0.,0.0005,0.003));
#11229=CARTESIAN_POINT('',(0.00075,-0.00393705983732471,0.003));
#11230=CARTESIAN_POINT('',(0.00443705983732471,-0.00025,0.003));
#11231=CARTESIAN_POINT('',(0.00443705983732471,-0.00025,0.003));
#11232=CARTESIAN_POINT('',(0.00290473750965556,-0.00025,0.003));
#11233=CARTESIAN_POINT('',(0.,0.0005,0.003));
#11234=CARTESIAN_POINT('',(0.00075,-0.00240473750965556,0.003));
#11235=CARTESIAN_POINT('',(0.00075,-0.00240473750965556,0.003));
#11236=CARTESIAN_POINT('',(0.00290473750965556,-0.00025,0.003));
#11237=CARTESIAN_POINT('',(0.00443705983732471,-0.00025,0.0035));
#11238=CARTESIAN_POINT('',(0.00443705983732471,-0.00025,0.0035));
#11239=CARTESIAN_POINT('',(0.00290473750965556,-0.00025,0.0035));
#11240=CARTESIAN_POINT('',(0.00290473750965556,-0.00025,0.003));
#11241=CARTESIAN_POINT('',(0.00443705983732471,-0.00025,0.003));
#11242=CARTESIAN_POINT('',(0.,0.0005,0.003));
#11243=CARTESIAN_POINT('',(0.,0.0005,0.0035));
#11244=CARTESIAN_POINT('',(0.00075,-0.00240473750965556,0.0035));
#11245=CARTESIAN_POINT('',(0.00075,-0.00240473750965556,0.003));
#11246=CARTESIAN_POINT('',(0.00075,-0.00240473750965556,0.003));
#11247=CARTESIAN_POINT('',(0.00075,-0.00240473750965556,0.0035));
#11248=CARTESIAN_POINT('',(0.00075,-0.00393705983732471,0.0035));
#11249=CARTESIAN_POINT('',(0.00075,-0.00393705983732471,0.003));
#11250=CARTESIAN_POINT('',(0.,0.0005,0.003));
#11251=CARTESIAN_POINT('',(0.,0.0005,0.0035));
#11252=CARTESIAN_POINT('',(0.,0.0005,0.003));
#11253=CARTESIAN_POINT('',(0.,0.0005,0.003));
#11254=CARTESIAN_POINT('',(-0.00075,-0.00240473750965556,0.003));
#11255=CARTESIAN_POINT('',(-0.00290473750965556,-0.00025,0.003));
#11256=CARTESIAN_POINT('',(-0.00290473750965556,-0.00025,0.003));
#11257=CARTESIAN_POINT('',(-0.00443705983732471,-0.00025,0.003));
#11258=CARTESIAN_POINT('',(0.,0.0005,0.003));
#11259=CARTESIAN_POINT('',(-0.00075,-0.00393705983732471,0.003));
#11260=CARTESIAN_POINT('',(-0.00075,-0.00393705983732471,0.003));
#11261=CARTESIAN_POINT('',(-0.00443705983732471,-0.00025,0.003));
#11262=CARTESIAN_POINT('',(-0.00290473750965556,-0.00025,0.0035));
#11263=CARTESIAN_POINT('',(-0.00290473750965556,-0.00025,0.0035));
#11264=CARTESIAN_POINT('',(-0.00443705983732471,-0.00025,0.0035));
#11265=CARTESIAN_POINT('',(-0.00443705983732471,-0.00025,0.003));
#11266=CARTESIAN_POINT('',(-0.00290473750965556,-0.00025,0.003));
#11267=CARTESIAN_POINT('',(0.,0.0005,0.003));
#11268=CARTESIAN_POINT('',(0.,0.0005,0.0035));
#11269=CARTESIAN_POINT('',(-0.00075,-0.00393705983732471,0.0035));
#11270=CARTESIAN_POINT('',(-0.00075,-0.00393705983732471,0.003));
#11271=CARTESIAN_POINT('',(-0.00075,-0.00240473750965556,0.003));
#11272=CARTESIAN_POINT('',(-0.00075,-0.00393705983732471,0.0035));
#11273=CARTESIAN_POINT('',(-0.00075,-0.00240473750965556,0.0035));
#11274=CARTESIAN_POINT('',(-0.00075,-0.00240473750965556,0.003));
#11275=CARTESIAN_POINT('',(0.,0.0005,0.003));
#11276=CARTESIAN_POINT('',(0.,0.0005,0.0035));
#11277=CARTESIAN_POINT('',(0.,0.0005,0.003));
#11278=CARTESIAN_POINT('',(0.,0.0005,0.003));
#11279=CARTESIAN_POINT('',(-0.00290473750965556,0.00125,0.003));
#11280=CARTESIAN_POINT('',(-0.00075,0.00340473750965556,0.003));
#11281=CARTESIAN_POINT('',(-0.00075,0.00340473750965556,0.003));
#11282=CARTESIAN_POINT('',(-0.00075,0.00493705983732471,0.003));
#11283=CARTESIAN_POINT('',(0.,0.0005,0.003));
#11284=CARTESIAN_POINT('',(-0.00443705983732471,0.00125,0.003));
#11285=CARTESIAN_POINT('',(-0.00443705983732471,0.00125,0.003));
#11286=CARTESIAN_POINT('',(-0.00075,0.00493705983732471,0.003));
#11287=CARTESIAN_POINT('',(-0.00075,0.00340473750965556,0.0035));
#11288=CARTESIAN_POINT('',(-0.00075,0.00340473750965556,0.0035));
#11289=CARTESIAN_POINT('',(-0.00075,0.00493705983732471,0.0035));
#11290=CARTESIAN_POINT('',(-0.00075,0.00493705983732471,0.003));
#11291=CARTESIAN_POINT('',(-0.00075,0.00340473750965556,0.003));
#11292=CARTESIAN_POINT('',(0.,0.0005,0.003));
#11293=CARTESIAN_POINT('',(0.,0.0005,0.0035));
#11294=CARTESIAN_POINT('',(-0.00443705983732471,0.00125,0.0035));
#11295=CARTESIAN_POINT('',(-0.00443705983732471,0.00125,0.003));
#11296=CARTESIAN_POINT('',(-0.00443705983732471,0.00125,0.003));
#11297=CARTESIAN_POINT('',(-0.00443705983732471,0.00125,0.0035));
#11298=CARTESIAN_POINT('',(-0.00290473750965556,0.00125,0.0035));
#11299=CARTESIAN_POINT('',(-0.00290473750965556,0.00125,0.003));
#11300=CARTESIAN_POINT('',(0.,0.0005,0.003));
#11301=CARTESIAN_POINT('',(0.,0.0005,0.0035));
#11302=CARTESIAN_POINT('',(0.,0.,0.));
#11303=CARTESIAN_POINT('',(0.00475,-0.0055,0.));
#11304=CARTESIAN_POINT('',(0.00475,-0.0055,0.));
#11305=CARTESIAN_POINT('',(0.00475,0.0055,0.));
#11306=CARTESIAN_POINT('',(-0.00475,-0.0055,0.));
#11307=CARTESIAN_POINT('',(-0.00475,-0.0055,0.));
#11308=CARTESIAN_POINT('',(-0.00475,0.0055,0.));
#11309=CARTESIAN_POINT('',(-0.00475,0.0055,0.));
#11310=CARTESIAN_POINT('',(0.00475,0.0055,0.));
#11311=CARTESIAN_POINT('',(0.,0.,0.0035));
#11312=CARTESIAN_POINT('',(0.00475,-0.0055,0.0035));
#11313=CARTESIAN_POINT('',(0.00475,-0.0055,0.0035));
#11314=CARTESIAN_POINT('',(0.00475,0.0055,0.0035));
#11315=CARTESIAN_POINT('',(0.00475,0.0055,0.0035));
#11316=CARTESIAN_POINT('',(-0.00475,0.0055,0.0035));
#11317=CARTESIAN_POINT('',(-0.00475,0.0055,0.0035));
#11318=CARTESIAN_POINT('',(-0.00475,-0.0055,0.0035));
#11319=CARTESIAN_POINT('',(-0.00475,-0.0055,0.0035));
#11320=CARTESIAN_POINT('',(-0.00475,-0.0055,0.0035));
#11321=CARTESIAN_POINT('',(0.00475,-0.0055,0.0035));
#11322=CARTESIAN_POINT('',(-0.00475,-0.0055,0.0035));
#11323=CARTESIAN_POINT('',(-0.00475,-0.0055,0.0035));
#11324=CARTESIAN_POINT('',(-0.00475,0.0055,0.0035));
#11325=CARTESIAN_POINT('',(-0.00475,0.0055,0.0035));
#11326=CARTESIAN_POINT('',(0.00475,0.0055,0.0035));
#11327=CARTESIAN_POINT('',(0.00475,-0.0055,0.0035));
#11328=CARTESIAN_POINT('',(0.0123,0.008,-0.02515));
#11329=CARTESIAN_POINT('',(0.0123,0.008,-0.02515));
#11330=CARTESIAN_POINT('',(0.0123,0.008,-0.02515));
#11331=CARTESIAN_POINT('',(0.00260447273942718,0.000381490744943469,-0.00118568075078308));
#11332=CARTESIAN_POINT('',(0.00311765992101795,-0.00266940029607177,-0.00193675));
#11333=CARTESIAN_POINT('',(0.00311765992101795,-0.00266940029607177,-0.00193675));
#11334=CARTESIAN_POINT('',(0.00313624523018373,-0.00320161391668416,-0.00206716422779131));
#11335=CARTESIAN_POINT('',(0.00313624523018373,-0.00320161391668416,-0.00206716422779131));
#11336=CARTESIAN_POINT('',(0.00344085955425916,-0.00319097655008923,-0.00206716422779131));
#11337=CARTESIAN_POINT('',(0.00344085955425916,-0.00319097655008923,-0.00206716422779131));
#11338=CARTESIAN_POINT('',(0.00342227424509338,-0.00265876292947685,-0.00193675));
#11339=CARTESIAN_POINT('',(0.00311765992101795,-0.00266940029607177,-0.00193675));
#11340=CARTESIAN_POINT('',(0.00272816822477071,-0.00316068450330673,-0.00229235));
#11341=CARTESIAN_POINT('',(0.00313432065687126,-0.00314650134784683,-0.00229235));
#11342=CARTESIAN_POINT('',(0.00313624523018373,-0.00320161391668416,-0.00251753577220869));
#11343=CARTESIAN_POINT('',(0.00313624523018373,-0.00320161391668416,-0.00251753577220869));
#11344=CARTESIAN_POINT('',(0.00344085955425915,-0.00319097655008923,-0.00251753577220869));
#11345=CARTESIAN_POINT('',(0.00343893498094668,-0.00313586398125191,-0.00229235));
#11346=CARTESIAN_POINT('',(0.00264143938404637,-0.000677095453391318,-0.00313962208939317));
#11347=CARTESIAN_POINT('',(0.00313624523018373,-0.00320161391668416,-0.00251753577220869));
#11348=CARTESIAN_POINT('',(0.00311765992101795,-0.00266940029607177,-0.00264795));
#11349=CARTESIAN_POINT('',(0.00311765992101795,-0.00266940029607177,-0.00264795));
#11350=CARTESIAN_POINT('',(0.00342227424509338,-0.00265876292947685,-0.00264795));
#11351=CARTESIAN_POINT('',(0.00342227424509338,-0.00265876292947685,-0.00264795));
#11352=CARTESIAN_POINT('',(0.00274199854045102,0.00081009222609988,-0.00193675));
#11353=CARTESIAN_POINT('',(0.00311765992101795,-0.00266940029607177,-0.00193675));
#11354=CARTESIAN_POINT('',(0.00300333282032754,0.000604499516400011,-0.00193675));
#11355=CARTESIAN_POINT('',(0.00342227424509338,-0.00265876292947685,-0.00193675));
#11356=CARTESIAN_POINT('',(0.0033004581345893,0.000829594064857239,-0.00193675));
#11357=CARTESIAN_POINT('',(0.00274199854045102,0.00081009222609988,-0.00193675));
#11358=CARTESIAN_POINT('',(0.00300355,0.00130390218348005,-0.00193675));
#11359=CARTESIAN_POINT('',(0.00300355,0.00130390218348005,-0.00193675));
#11360=CARTESIAN_POINT('',(0.00300355,0.00060921080432304,-0.00193675));
#11361=CARTESIAN_POINT('',(0.00295234228539988,0.00060901341762851,-0.00193675123710917));
#11362=CARTESIAN_POINT('',(0.00274199854045102,0.00081009222609988,-0.00264795));
#11363=CARTESIAN_POINT('',(0.00311765992101795,-0.00266940029607177,-0.00264795));
#11364=CARTESIAN_POINT('',(0.00300332243280993,0.000604796975985339,-0.00264795));
#11365=CARTESIAN_POINT('',(0.00295275,0.0006096,-0.00264795));
#11366=CARTESIAN_POINT('',(0.00300355,0.0006096,-0.00264795));
#11367=CARTESIAN_POINT('',(0.00300355,0.00130390218348005,-0.00264795));
#11368=CARTESIAN_POINT('',(0.00300355,0.00130390218348005,-0.00264795));
#11369=CARTESIAN_POINT('',(0.00274199854045102,0.00081009222609988,-0.00264795));
#11370=CARTESIAN_POINT('',(0.0033004581345893,0.000829594064857239,-0.00264795));
#11371=CARTESIAN_POINT('',(0.00342227424509338,-0.00265876292947685,-0.00264795));
#11372=CARTESIAN_POINT('',(0.00274199854045102,0.00081009222609988,-0.00193675));
#11373=CARTESIAN_POINT('',(0.00300355,0.00130390218348005,-0.00264795));
#11374=CARTESIAN_POINT('',(0.0033004581345893,0.000829594064857239,-0.00193675));
#11375=CARTESIAN_POINT('',(0.00260447273942718,0.000381490744943469,0.00118568075078308));
#11376=CARTESIAN_POINT('',(0.00313624523018373,-0.00320161391668416,0.00206716422779131));
#11377=CARTESIAN_POINT('',(0.00313624523018373,-0.00320161391668416,0.00206716422779131));
#11378=CARTESIAN_POINT('',(0.00311765992101795,-0.00266940029607177,0.00193675));
#11379=CARTESIAN_POINT('',(0.00311765992101795,-0.00266940029607177,0.00193675));
#11380=CARTESIAN_POINT('',(0.00342227424509338,-0.00265876292947685,0.00193675));
#11381=CARTESIAN_POINT('',(0.00344085955425916,-0.00319097655008923,0.00206716422779131));
#11382=CARTESIAN_POINT('',(0.00344085955425916,-0.00319097655008923,0.00206716422779131));
#11383=CARTESIAN_POINT('',(0.00313624523018373,-0.00320161391668416,0.00206716422779131));
#11384=CARTESIAN_POINT('',(0.00272816822477071,-0.00316068450330673,0.00229235));
#11385=CARTESIAN_POINT('',(0.00313432065687126,-0.00314650134784683,0.00229235));
#11386=CARTESIAN_POINT('',(0.00313624523018373,-0.00320161391668416,0.00251753577220869));
#11387=CARTESIAN_POINT('',(0.00343893498094668,-0.00313586398125191,0.00229235));
#11388=CARTESIAN_POINT('',(0.00344085955425916,-0.00319097655008923,0.00251753577220869));
#11389=CARTESIAN_POINT('',(0.00313624523018373,-0.00320161391668416,0.00251753577220869));
#11390=CARTESIAN_POINT('',(0.00264143938404637,-0.000677095453391318,0.00313962208939317));
#11391=CARTESIAN_POINT('',(0.00311765992101795,-0.00266940029607177,0.00264795));
#11392=CARTESIAN_POINT('',(0.00311765992101795,-0.00266940029607177,0.00264795));
#11393=CARTESIAN_POINT('',(0.00342227424509338,-0.00265876292947685,0.00264795));
#11394=CARTESIAN_POINT('',(0.00342227424509338,-0.00265876292947685,0.00264795));
#11395=CARTESIAN_POINT('',(0.00311765992101795,-0.00266940029607177,0.00264795));
#11396=CARTESIAN_POINT('',(0.00274199854045102,0.00081009222609988,0.00193675));
#11397=CARTESIAN_POINT('',(0.00300355,0.00130390218348005,0.00264795));
#11398=CARTESIAN_POINT('',(0.00300355,0.00130390218348005,0.00264795));
#11399=CARTESIAN_POINT('',(0.00300355,0.00130390218348005,0.00193675));
#11400=CARTESIAN_POINT('',(0.00274199854045102,0.00081009222609988,0.00264795));
#11401=CARTESIAN_POINT('',(0.0033004581345893,0.000829594064857239,0.00264795));
#11402=CARTESIAN_POINT('',(0.0033004581345893,0.000829594064857239,0.00193675));
#11403=CARTESIAN_POINT('',(0.0033004581345893,0.000829594064857239,0.00193675));
#11404=CARTESIAN_POINT('',(0.00274199854045102,0.00081009222609988,0.00193675));
#11405=CARTESIAN_POINT('',(-0.00260447273942718,0.000381490744943469,-0.00118568075078308));
#11406=CARTESIAN_POINT('',(-0.00313624523018373,-0.00320161391668416,-0.00206716422779131));
#11407=CARTESIAN_POINT('',(-0.00313624523018373,-0.00320161391668416,-0.00206716422779131));
#11408=CARTESIAN_POINT('',(-0.00311765992101795,-0.00266940029607177,-0.00193675));
#11409=CARTESIAN_POINT('',(-0.00311765992101795,-0.00266940029607177,-0.00193675));
#11410=CARTESIAN_POINT('',(-0.00342227424509338,-0.00265876292947685,-0.00193675));
#11411=CARTESIAN_POINT('',(-0.00344085955425916,-0.00319097655008923,-0.00206716422779131));
#11412=CARTESIAN_POINT('',(-0.00344085955425916,-0.00319097655008923,-0.00206716422779131));
#11413=CARTESIAN_POINT('',(-0.00313624523018373,-0.00320161391668416,-0.00206716422779131));
#11414=CARTESIAN_POINT('',(-0.00272816822477071,-0.00316068450330673,-0.00229235));
#11415=CARTESIAN_POINT('',(-0.00313432065687126,-0.00314650134784683,-0.00229235));
#11416=CARTESIAN_POINT('',(-0.00313624523018373,-0.00320161391668416,-0.00251753577220869));
#11417=CARTESIAN_POINT('',(-0.00343893498094668,-0.00313586398125191,-0.00229235));
#11418=CARTESIAN_POINT('',(-0.00344085955425916,-0.00319097655008923,-0.00251753577220869));
#11419=CARTESIAN_POINT('',(-0.00313624523018373,-0.00320161391668416,-0.00251753577220869));
#11420=CARTESIAN_POINT('',(-0.00264143938404637,-0.000677095453391318,-0.00313962208939317));
#11421=CARTESIAN_POINT('',(-0.00311765992101795,-0.00266940029607177,-0.00264795));
#11422=CARTESIAN_POINT('',(-0.00311765992101795,-0.00266940029607177,-0.00264795));
#11423=CARTESIAN_POINT('',(-0.00342227424509338,-0.00265876292947685,-0.00264795));
#11424=CARTESIAN_POINT('',(-0.00342227424509338,-0.00265876292947685,-0.00264795));
#11425=CARTESIAN_POINT('',(-0.00311765992101795,-0.00266940029607177,-0.00264795));
#11426=CARTESIAN_POINT('',(-0.00274199854045102,0.00081009222609988,-0.00193675));
#11427=CARTESIAN_POINT('',(-0.00300355,0.00130390218348005,-0.00264795));
#11428=CARTESIAN_POINT('',(-0.00300355,0.00130390218348005,-0.00264795));
#11429=CARTESIAN_POINT('',(-0.00300355,0.00130390218348005,-0.00193675));
#11430=CARTESIAN_POINT('',(-0.00274199854045102,0.00081009222609988,-0.00264795));
#11431=CARTESIAN_POINT('',(-0.0033004581345893,0.000829594064857239,-0.00264795));
#11432=CARTESIAN_POINT('',(-0.0033004581345893,0.000829594064857239,-0.00193675));
#11433=CARTESIAN_POINT('',(-0.0033004581345893,0.000829594064857239,-0.00193675));
#11434=CARTESIAN_POINT('',(-0.00274199854045102,0.00081009222609988,-0.00193675));
#11435=CARTESIAN_POINT('',(-0.00260447273942718,0.000381490744943469,0.00118568075078308));
#11436=CARTESIAN_POINT('',(-0.00311765992101795,-0.00266940029607177,0.00193675));
#11437=CARTESIAN_POINT('',(-0.00311765992101795,-0.00266940029607177,0.00193675));
#11438=CARTESIAN_POINT('',(-0.00313624523018373,-0.00320161391668416,0.00206716422779131));
#11439=CARTESIAN_POINT('',(-0.00313624523018373,-0.00320161391668416,0.00206716422779131));
#11440=CARTESIAN_POINT('',(-0.00344085955425916,-0.00319097655008923,0.00206716422779131));
#11441=CARTESIAN_POINT('',(-0.00344085955425916,-0.00319097655008923,0.00206716422779131));
#11442=CARTESIAN_POINT('',(-0.00342227424509338,-0.00265876292947685,0.00193675));
#11443=CARTESIAN_POINT('',(-0.00311765992101795,-0.00266940029607177,0.00193675));
#11444=CARTESIAN_POINT('',(-0.00272816822477071,-0.00316068450330673,0.00229235));
#11445=CARTESIAN_POINT('',(-0.00313432065687126,-0.00314650134784683,0.00229235));
#11446=CARTESIAN_POINT('',(-0.00313624523018373,-0.00320161391668416,0.00251753577220869));
#11447=CARTESIAN_POINT('',(-0.00313624523018373,-0.00320161391668416,0.00251753577220869));
#11448=CARTESIAN_POINT('',(-0.00344085955425915,-0.00319097655008923,0.00251753577220869));
#11449=CARTESIAN_POINT('',(-0.00343893498094668,-0.00313586398125191,0.00229235));
#11450=CARTESIAN_POINT('',(-0.00264143938404637,-0.000677095453391318,0.00313962208939317));
#11451=CARTESIAN_POINT('',(-0.00313624523018373,-0.00320161391668416,0.00251753577220869));
#11452=CARTESIAN_POINT('',(-0.00311765992101795,-0.00266940029607177,0.00264795));
#11453=CARTESIAN_POINT('',(-0.00311765992101795,-0.00266940029607177,0.00264795));
#11454=CARTESIAN_POINT('',(-0.00342227424509338,-0.00265876292947685,0.00264795));
#11455=CARTESIAN_POINT('',(-0.00342227424509338,-0.00265876292947685,0.00264795));
#11456=CARTESIAN_POINT('',(-0.00274199854045102,0.00081009222609988,0.00264795));
#11457=CARTESIAN_POINT('',(-0.00311765992101795,-0.00266940029607177,0.00264795));
#11458=CARTESIAN_POINT('',(-0.00300332243280993,0.000604796975985339,0.00264795));
#11459=CARTESIAN_POINT('',(-0.00295275,0.0006096,0.00264795));
#11460=CARTESIAN_POINT('',(-0.00300355,0.0006096,0.00264795));
#11461=CARTESIAN_POINT('',(-0.00300355,0.00130390218348005,0.00264795));
#11462=CARTESIAN_POINT('',(-0.00300355,0.00130390218348005,0.00264795));
#11463=CARTESIAN_POINT('',(-0.00274199854045102,0.00081009222609988,0.00264795));
#11464=CARTESIAN_POINT('',(-0.0033004581345893,0.000829594064857239,0.00264795));
#11465=CARTESIAN_POINT('',(-0.00342227424509338,-0.00265876292947685,0.00264795));
#11466=CARTESIAN_POINT('',(-0.00274199854045102,0.00081009222609988,0.00193675));
#11467=CARTESIAN_POINT('',(-0.00311765992101795,-0.00266940029607177,0.00193675));
#11468=CARTESIAN_POINT('',(-0.00300333282032754,0.00060449951640001,0.00193675));
#11469=CARTESIAN_POINT('',(-0.00342227424509338,-0.00265876292947685,0.00193675));
#11470=CARTESIAN_POINT('',(-0.0033004581345893,0.000829594064857239,0.00193675));
#11471=CARTESIAN_POINT('',(-0.00274199854045102,0.00081009222609988,0.00193675));
#11472=CARTESIAN_POINT('',(-0.00300355,0.00130390218348005,0.00193675));
#11473=CARTESIAN_POINT('',(-0.00300355,0.00130390218348005,0.00193675));
#11474=CARTESIAN_POINT('',(-0.00300355,0.00060921080432304,0.00193675));
#11475=CARTESIAN_POINT('',(-0.00295234228542236,0.000609013417627691,0.00193675123710917));
#11476=CARTESIAN_POINT('',(-0.00274199854045102,0.00081009222609988,0.00193675));
#11477=CARTESIAN_POINT('',(-0.00300355,0.00130390218348005,0.00264795));
#11478=CARTESIAN_POINT('',(-0.0033004581345893,0.000829594064857239,0.00193675));
#11479=CARTESIAN_POINT('',(0.00287655,0.0036322,-0.00287655));
#11480=CARTESIAN_POINT('',(0.00287655,0.0036322,-0.00292735));
#11481=CARTESIAN_POINT('',(0.00287655,0.0036322,-0.00297815));
#11482=CARTESIAN_POINT('',(0.00287655,0.003683,-0.00292735));
#11483=CARTESIAN_POINT('',(0.00287655,0.003683,-0.00287655));
#11484=CARTESIAN_POINT('',(0.00292735,0.003683,-0.00287655));
#11485=CARTESIAN_POINT('',(0.00292735,0.0036322,-0.00287655));
#11486=CARTESIAN_POINT('',(0.00297815,0.0036322,-0.00287655));
#11487=CARTESIAN_POINT('',(0.00287655,0.0036322,-0.00287655));
#11488=CARTESIAN_POINT('',(0.00292735,0.0036322,-0.00287655));
#11489=CARTESIAN_POINT('',(0.00292735,0.0036322,0.00287655));
#11490=CARTESIAN_POINT('',(0.00292735,0.003683,0.00287655));
#11491=CARTESIAN_POINT('',(0.00297815,0.0036322,0.00287655));
#11492=CARTESIAN_POINT('',(0.00297815,0.0036322,-0.00287655));
#11493=CARTESIAN_POINT('',(0.00292735,0.003683,0.00287655));
#11494=CARTESIAN_POINT('',(-0.00287655,0.0036322,-0.00292735));
#11495=CARTESIAN_POINT('',(-0.00287655,0.0036322,-0.00292735));
#11496=CARTESIAN_POINT('',(-0.00287655,0.0036322,-0.00297815));
#11497=CARTESIAN_POINT('',(-0.00287655,0.003683,-0.00292735));
#11498=CARTESIAN_POINT('',(0.00287655,0.003683,-0.00292735));
#11499=CARTESIAN_POINT('',(-0.00287655,0.0036322,-0.00297815));
#11500=CARTESIAN_POINT('',(0.00287655,0.0036322,0.00287655));
#11501=CARTESIAN_POINT('',(0.00287655,0.0036322,0.00292735));
#11502=CARTESIAN_POINT('',(0.00287655,0.003683,0.00292735));
#11503=CARTESIAN_POINT('',(0.00287655,0.0036322,0.00297815));
#11504=CARTESIAN_POINT('',(0.00287655,0.0036322,0.00287655));
#11505=CARTESIAN_POINT('',(0.00287655,0.003683,0.00287655));
#11506=CARTESIAN_POINT('',(-0.00287655,0.0036322,-0.00287655));
#11507=CARTESIAN_POINT('',(-0.00292735,0.0036322,-0.00287655));
#11508=CARTESIAN_POINT('',(-0.00297815,0.0036322,-0.00287655));
#11509=CARTESIAN_POINT('',(-0.00292735,0.003683,-0.00287655));
#11510=CARTESIAN_POINT('',(-0.00287655,0.003683,-0.00287655));
#11511=CARTESIAN_POINT('',(-0.00287655,0.0036322,-0.00287655));
#11512=CARTESIAN_POINT('',(0.00287655,0.0036322,0.00292735));
#11513=CARTESIAN_POINT('',(-0.00287655,0.0036322,0.00292735));
#11514=CARTESIAN_POINT('',(-0.00287655,0.003683,0.00292735));
#11515=CARTESIAN_POINT('',(-0.00287655,0.0036322,0.00297815));
#11516=CARTESIAN_POINT('',(0.00287655,0.0036322,0.00297815));
#11517=CARTESIAN_POINT('',(-0.00287655,0.003683,0.00292735));
#11518=CARTESIAN_POINT('',(-0.00292735,0.0036322,0.00287655));
#11519=CARTESIAN_POINT('',(-0.00292735,0.0036322,0.00287655));
#11520=CARTESIAN_POINT('',(-0.00297815,0.0036322,0.00287655));
#11521=CARTESIAN_POINT('',(-0.00292735,0.003683,0.00287655));
#11522=CARTESIAN_POINT('',(-0.00292735,0.003683,-0.00287655));
#11523=CARTESIAN_POINT('',(-0.00297815,0.0036322,0.00287655));
#11524=CARTESIAN_POINT('',(-0.00287655,0.0036322,0.00287655));
#11525=CARTESIAN_POINT('',(-0.00287655,0.003683,0.00287655));
#11526=CARTESIAN_POINT('',(-0.00287655,0.0036322,0.00287655));
#11527=CARTESIAN_POINT('',(0.00287655,0.0006096,0.00287655));
#11528=CARTESIAN_POINT('',(0.00295275,0.0006096,0.00287655));
#11529=CARTESIAN_POINT('',(0.00295275,0.0005588,0.00287655));
#11530=CARTESIAN_POINT('',(0.00300355,0.0006096,0.00287655));
#11531=CARTESIAN_POINT('',(0.00287655,0.0006096,0.00287655));
#11532=CARTESIAN_POINT('',(0.00287655,0.0006096,0.00300355));
#11533=CARTESIAN_POINT('',(0.00287655,0.0006096,0.00295275));
#11534=CARTESIAN_POINT('',(0.00287655,0.0005588,0.00295275));
#11535=CARTESIAN_POINT('',(0.00287655,0.0005588,0.00287655));
#11536=CARTESIAN_POINT('',(-0.00300355,0.0006096,0.00295275));
#11537=CARTESIAN_POINT('',(0.0026169976776878,0.0006096,0.00295275));
#11538=CARTESIAN_POINT('',(0.0026169976776878,0.0006096,0.00300355));
#11539=CARTESIAN_POINT('',(0.0026169976776878,0.0005588,0.00295275));
#11540=CARTESIAN_POINT('',(0.00287655,0.0005588,0.00295275));
#11541=CARTESIAN_POINT('',(0.0026169976776878,0.0006096,0.00300355));
#11542=CARTESIAN_POINT('',(0.0026169976776878,0.000508000000024822,0.00295275));
#11543=CARTESIAN_POINT('',(0.0025153976776878,0.000508000000024822,0.00295275));
#11544=CARTESIAN_POINT('',(0.0025153976776878,0.000508000000024822,0.00300355));
#11545=CARTESIAN_POINT('',(0.0025661976776878,0.000508000000024822,0.00295275));
#11546=CARTESIAN_POINT('',(0.0026169976776878,0.000508000000024822,0.00295275));
#11547=CARTESIAN_POINT('',(0.0026169976776878,0.000508000000024822,0.00300355));
#11548=CARTESIAN_POINT('',(0.0025153976776878,500.,0.00295275));
#11549=CARTESIAN_POINT('',(0.0025153976776878,5.07999999967979E-5,0.00295275));
#11550=CARTESIAN_POINT('',(0.0025153976776878,5.08E-5,0.00300355));
#11551=CARTESIAN_POINT('',(0.0025661976776878,5.07999999967979E-5,0.00295275));
#11552=CARTESIAN_POINT('',(0.0025661976776878,0.000508000000024822,0.00295275));
#11553=CARTESIAN_POINT('',(0.0025153976776878,5.08E-5,0.00300355));
#11554=CARTESIAN_POINT('',(0.0026169976776878,0.000508000000024822,0.00300355));
#11555=CARTESIAN_POINT('',(0.00261699767768781,0.000508,0.00194563442982458));
#11556=CARTESIAN_POINT('',(0.00256619767768781,0.000508000000024822,0.00194563442982458));
#11557=CARTESIAN_POINT('',(0.00261699767768781,0.0005588,0.00194563442982458));
#11558=CARTESIAN_POINT('',(0.0026169976776878,0.0005588,0.00295275));
#11559=CARTESIAN_POINT('',(0.00256619767768781,0.000508000000024822,0.00194563442982458));
#11560=CARTESIAN_POINT('',(0.00256619767768781,0.000508000000024822,0.00194563442982458));
#11561=CARTESIAN_POINT('',(0.00261699767768781,0.000508000000024822,0.00194563442982458));
#11562=CARTESIAN_POINT('',(0.00261699767768781,0.000508000000024822,0.00189483442982458));
#11563=CARTESIAN_POINT('',(0.00295275,0.000508000000024822,0.00189483442982458));
#11564=CARTESIAN_POINT('',(0.00295275,0.000508000000024822,0.00189483442982458));
#11565=CARTESIAN_POINT('',(0.00295275,0.000508000000024822,0.00194563442982458));
#11566=CARTESIAN_POINT('',(0.00295275,0.0005588,0.00194563442982458));
#11567=CARTESIAN_POINT('',(0.00261699767768781,0.0005588,0.00194563442982458));
#11568=CARTESIAN_POINT('',(0.00295275,0.0033782,0.00184403442982458));
#11569=CARTESIAN_POINT('',(0.00295275,5.08E-5,0.00184403442982458));
#11570=CARTESIAN_POINT('',(0.00295275,5.07999999967979E-5,0.00189483442982458));
#11571=CARTESIAN_POINT('',(0.00300355,5.08E-5,0.00184403442982458));
#11572=CARTESIAN_POINT('',(0.00300355,0.000508000000024822,0.00184403442982458));
#11573=CARTESIAN_POINT('',(0.00300355,0.000508000000024822,0.00184403442982458));
#11574=CARTESIAN_POINT('',(0.00295275,0.000508000000024822,0.00184403442982458));
#11575=CARTESIAN_POINT('',(0.00295275,5.07999999967979E-5,0.00189483442982458));
#11576=CARTESIAN_POINT('',(0.0025153976776878,5.08E-5,0.00295275));
#11577=CARTESIAN_POINT('',(0.0025153976776878,5.08E-5,0.00295275));
#11578=CARTESIAN_POINT('',(0.0025153976776878,0.,0.00295275));
#11579=CARTESIAN_POINT('',(0.0025153976776878,5.08E-5,0.00295275));
#11580=CARTESIAN_POINT('',(0.00261699767768781,0.000508,0.00194563442982458));
#11581=CARTESIAN_POINT('',(0.00261699767768781,0.000508000000024822,0.00194563442982458));
#11582=CARTESIAN_POINT('',(0.00295275,5.08E-5,0.00184403442982458));
#11583=CARTESIAN_POINT('',(0.00295275,5.07999999967979E-5,0.00184403442982458));
#11584=CARTESIAN_POINT('',(0.00295275,0.,0.00184403442982458));
#11585=CARTESIAN_POINT('',(0.00295275,5.08E-5,0.00184403442982458));
#11586=CARTESIAN_POINT('',(-0.00300355,5.08E-5,0.00295275));
#11587=CARTESIAN_POINT('',(0.00135255,5.08E-5,0.00295275));
#11588=CARTESIAN_POINT('',(0.00135255,5.08E-5,0.00300355));
#11589=CARTESIAN_POINT('',(0.00135255,0.,0.00295275));
#11590=CARTESIAN_POINT('',(0.0025153976776878,0.,0.00295275));
#11591=CARTESIAN_POINT('',(0.00135255,5.08E-5,0.00300355));
#11592=CARTESIAN_POINT('',(0.0025153976776878,5.07999999967979E-5,0.00300355));
#11593=CARTESIAN_POINT('',(0.00251539767768781,5.07999999967979E-5,0.00194563442982458));
#11594=CARTESIAN_POINT('',(0.00251539767768781,0.,0.00194563442982458));
#11595=CARTESIAN_POINT('',(0.00256619767768781,5.07999999967979E-5,0.00194563442982458));
#11596=CARTESIAN_POINT('',(0.0025661976776878,5.07999999967979E-5,0.00295275));
#11597=CARTESIAN_POINT('',(0.00251539767768781,0.,0.00194563442982458));
#11598=CARTESIAN_POINT('',(0.00261699767768781,500.,0.00194563442982458));
#11599=CARTESIAN_POINT('',(0.00261699767768781,5.07999999967979E-5,0.00194563442982458));
#11600=CARTESIAN_POINT('',(0.00261699767768781,5.07999999967979E-5,0.00189483442982458));
#11601=CARTESIAN_POINT('',(0.00261699767768781,0.000508000000024822,0.00189483442982458));
#11602=CARTESIAN_POINT('',(0.00256619767768781,5.07999999967979E-5,0.00194563442982458));
#11603=CARTESIAN_POINT('',(0.00256619767768781,5.07999999967979E-5,0.00184403442982458));
#11604=CARTESIAN_POINT('',(0.00261699767768781,5.08E-5,0.00184403442982458));
#11605=CARTESIAN_POINT('',(0.00261699767768781,0.,0.00184403442982458));
#11606=CARTESIAN_POINT('',(0.00295275,0.,0.00184403442982458));
#11607=CARTESIAN_POINT('',(0.00261699767768781,5.07999999967979E-5,0.00189483442982458));
#11608=CARTESIAN_POINT('',(0.00295275,5.08E-5,0.00300355));
#11609=CARTESIAN_POINT('',(0.00295275,5.08E-5,-0.00184403442982458));
#11610=CARTESIAN_POINT('',(0.00295275,0.,-0.00184403442982458));
#11611=CARTESIAN_POINT('',(0.00300355,5.08E-5,-0.00184403442982458));
#11612=CARTESIAN_POINT('',(0.00300355,5.08E-5,0.00184403442982458));
#11613=CARTESIAN_POINT('',(0.00295275,0.,-0.00184403442982458));
#11614=CARTESIAN_POINT('',(0.00135255,5.08E-5,0.00295275));
#11615=CARTESIAN_POINT('',(0.00135255,5.08E-5,0.00295275));
#11616=CARTESIAN_POINT('',(0.00130175,5.07999999967979E-5,0.00295275));
#11617=CARTESIAN_POINT('',(0.00135255,5.07999999967979E-5,0.00295275));
#11618=CARTESIAN_POINT('',(0.00261699767768781,5.07999999967979E-5,0.00194563442982458));
#11619=CARTESIAN_POINT('',(0.00261699767768781,0.,0.00194563442982458));
#11620=CARTESIAN_POINT('',(0.00295275,5.08E-5,-0.00184403442982458));
#11621=CARTESIAN_POINT('',(0.00295275,5.08E-5,-0.00184403442982458));
#11622=CARTESIAN_POINT('',(0.00295275,5.07999999967979E-5,-0.00189483442982458));
#11623=CARTESIAN_POINT('',(0.00295275,5.07999999967979E-5,-0.00184403442982458));
#11624=CARTESIAN_POINT('',(0.00135255,0.0033782,0.00295275));
#11625=CARTESIAN_POINT('',(0.00135255,0.000508000000024822,0.00295275));
#11626=CARTESIAN_POINT('',(0.00135255,0.000508000000024822,0.00300355));
#11627=CARTESIAN_POINT('',(0.00130175,0.000508000000024822,0.00295275));
#11628=CARTESIAN_POINT('',(0.00130175,5.07999999967979E-5,0.00295275));
#11629=CARTESIAN_POINT('',(0.00135255,0.000508000000024822,0.00300355));
#11630=CARTESIAN_POINT('',(0.00135255,5.07999999967979E-5,0.000560941661043651));
#11631=CARTESIAN_POINT('',(0.00135255,5.08E-5,0.000611741661043651));
#11632=CARTESIAN_POINT('',(0.00130175,5.07999999967979E-5,0.000611741661043651));
#11633=CARTESIAN_POINT('',(0.00135255,0.,0.000611741661043651));
#11634=CARTESIAN_POINT('',(0.00135255,0.,0.00295275));
#11635=CARTESIAN_POINT('',(0.00130175,5.07999999967979E-5,0.000611741661043651));
#11636=CARTESIAN_POINT('',(0.0025661976776878,5.07999999967979E-5,-0.00184403442982458));
#11637=CARTESIAN_POINT('',(0.0026169976776878,5.07999999967979E-5,-0.00184403442982458));
#11638=CARTESIAN_POINT('',(0.0026169976776878,0.,-0.00184403442982458));
#11639=CARTESIAN_POINT('',(0.0026169976776878,5.07999999967979E-5,-0.00189483442982457));
#11640=CARTESIAN_POINT('',(0.00295275,5.07999999967979E-5,-0.00189483442982458));
#11641=CARTESIAN_POINT('',(0.0026169976776878,0.,-0.00184403442982458));
#11642=CARTESIAN_POINT('',(0.00295275,500.,-0.00184403442982458));
#11643=CARTESIAN_POINT('',(0.00295275,0.000508000000024822,-0.00184403442982458));
#11644=CARTESIAN_POINT('',(0.00295275,0.000508000000024822,-0.00189483442982458));
#11645=CARTESIAN_POINT('',(0.00300355,0.000508000000024822,-0.00184403442982458));
#11646=CARTESIAN_POINT('',(0.00300355,5.08E-5,-0.00184403442982458));
#11647=CARTESIAN_POINT('',(0.00295275,0.000508000000024822,-0.00189483442982458));
#11648=CARTESIAN_POINT('',(0.00125095,0.000508000000024822,0.00295275));
#11649=CARTESIAN_POINT('',(0.00125095,0.0006096,0.00295275));
#11650=CARTESIAN_POINT('',(0.00125095,0.0006096,0.00300355));
#11651=CARTESIAN_POINT('',(0.00125095,0.0005588,0.00295275));
#11652=CARTESIAN_POINT('',(0.00125095,0.000508000000024822,0.00295275));
#11653=CARTESIAN_POINT('',(0.00125095,0.000508000000024822,0.00300355));
#11654=CARTESIAN_POINT('',(0.00135255,5.08E-5,0.000611741661043651));
#11655=CARTESIAN_POINT('',(0.00135255,5.07999999967979E-5,0.000611741661043651));
#11656=CARTESIAN_POINT('',(0.00135255,5.07999999967979E-5,0.000560941661043651));
#11657=CARTESIAN_POINT('',(0.00135255,5.07999999967979E-5,0.000611741661043651));
#11658=CARTESIAN_POINT('',(0.0026169976776878,5.07999999967979E-5,-0.00194563442982457));
#11659=CARTESIAN_POINT('',(0.0025153976776878,5.08E-5,-0.00194563442982457));
#11660=CARTESIAN_POINT('',(0.0025153976776878,0.,-0.00194563442982457));
#11661=CARTESIAN_POINT('',(0.0025661976776878,5.07999999967979E-5,-0.00194563442982457));
#11662=CARTESIAN_POINT('',(0.0026169976776878,5.07999999967979E-5,-0.00194563442982457));
#11663=CARTESIAN_POINT('',(0.0026169976776878,0.,-0.00194563442982457));
#11664=CARTESIAN_POINT('',(0.00295275,0.000508000000024822,-0.00194563442982458));
#11665=CARTESIAN_POINT('',(0.00301748993216943,0.000200148504581701,-0.00191384378034634));
#11666=CARTESIAN_POINT('',(0.0030033224328093,0.000604796976003488,-0.00194563442982455));
#11667=CARTESIAN_POINT('',(0.00300355,0.000508000000024822,-0.00194563442982458));
#11668=CARTESIAN_POINT('',(0.00295275,0.000508000000024822,-0.00194563442982458));
#11669=CARTESIAN_POINT('',(0.00295275,0.0005588,-0.00194563442982458));
#11670=CARTESIAN_POINT('',(0.00295275,0.0006096,-0.00194563442982458));
#11671=CARTESIAN_POINT('',(-0.00300355,0.0006096,0.00295275));
#11672=CARTESIAN_POINT('',(-0.00125095,0.0006096,0.00295275));
#11673=CARTESIAN_POINT('',(-0.00125095,0.0006096,0.00300355));
#11674=CARTESIAN_POINT('',(-0.00125095,0.0005588,0.00295275));
#11675=CARTESIAN_POINT('',(0.00125095,0.0005588,0.00295275));
#11676=CARTESIAN_POINT('',(-0.00125095,0.0006096,0.00300355));
#11677=CARTESIAN_POINT('',(0.00125095,0.000508000000024822,0.000560941661043651));
#11678=CARTESIAN_POINT('',(0.00125095,0.000508000000024822,0.000611741661043651));
#11679=CARTESIAN_POINT('',(0.00125095,0.0005588,0.000611741661043651));
#11680=CARTESIAN_POINT('',(0.00130175,0.000508000000024822,0.000611741661043651));
#11681=CARTESIAN_POINT('',(0.00130175,0.000508000000024822,0.00295275));
#11682=CARTESIAN_POINT('',(0.00125095,0.0005588,0.000611741661043651));
#11683=CARTESIAN_POINT('',(0.00135255,500.,0.000611741661043651));
#11684=CARTESIAN_POINT('',(0.00135255,0.000508000000024822,0.000611741661043651));
#11685=CARTESIAN_POINT('',(0.00135255,0.000508000000024822,0.000560941661043651));
#11686=CARTESIAN_POINT('',(0.00135255,5.07999999967979E-5,0.000560941661043651));
#11687=CARTESIAN_POINT('',(0.00130175,0.000508000000024822,0.000611741661043651));
#11688=CARTESIAN_POINT('',(0.00244130077597841,5.07999999967979E-5,0.000611741661043652));
#11689=CARTESIAN_POINT('',(0.00239050077597841,5.08E-5,0.000611741661043652));
#11690=CARTESIAN_POINT('',(0.00239050077597841,5.07999999967979E-5,0.000560941661043651));
#11691=CARTESIAN_POINT('',(0.00239050077597841,0.,0.000611741661043652));
#11692=CARTESIAN_POINT('',(0.00135255,0.,0.000611741661043651));
#11693=CARTESIAN_POINT('',(0.00239050077597841,5.07999999967979E-5,0.000560941661043651));
#11694=CARTESIAN_POINT('',(0.0025153976776878,5.07999999967979E-5,-0.00300355));
#11695=CARTESIAN_POINT('',(0.0025153976776878,5.07999999967979E-5,-0.00295275));
#11696=CARTESIAN_POINT('',(0.0025153976776878,0.,-0.00295275));
#11697=CARTESIAN_POINT('',(0.0025661976776878,5.07999999967979E-5,-0.00295275));
#11698=CARTESIAN_POINT('',(0.0025661976776878,5.07999999967979E-5,-0.00194563442982457));
#11699=CARTESIAN_POINT('',(0.0025153976776878,0.,-0.00295275));
#11700=CARTESIAN_POINT('',(0.0026169976776878,500.,-0.00194563442982457));
#11701=CARTESIAN_POINT('',(0.0026169976776878,0.000508000000024822,-0.00194563442982457));
#11702=CARTESIAN_POINT('',(0.0025661976776878,0.000508000000024822,-0.00194563442982457));
#11703=CARTESIAN_POINT('',(0.0026169976776878,0.000508000000024822,-0.00189483442982457));
#11704=CARTESIAN_POINT('',(0.0026169976776878,5.07999999967979E-5,-0.00189483442982457));
#11705=CARTESIAN_POINT('',(0.0025661976776878,0.000508000000024822,-0.00194563442982457));
#11706=CARTESIAN_POINT('',(0.0025661976776878,0.000508000000024822,-0.00194563442982457));
#11707=CARTESIAN_POINT('',(0.0026169976776878,0.000508,-0.00194563442982457));
#11708=CARTESIAN_POINT('',(0.0026169976776878,0.0005588,-0.00194563442982457));
#11709=CARTESIAN_POINT('',(0.00295275,0.0005588,-0.00194563442982458));
#11710=CARTESIAN_POINT('',(0.0026169976776878,0.000508000000024822,-0.00189483442982457));
#11711=CARTESIAN_POINT('',(0.00295275,0.0006096,0.00300355));
#11712=CARTESIAN_POINT('',(0.0030033224328093,0.000604796976003488,-0.00194563442982455));
#11713=CARTESIAN_POINT('',(0.00295275,0.0005588,-0.00287655));
#11714=CARTESIAN_POINT('',(0.00295275,0.0005588,-0.00287655));
#11715=CARTESIAN_POINT('',(0.00295275,0.0006096,-0.00287655));
#11716=CARTESIAN_POINT('',(0.00300355,0.0006096,-0.00287655));
#11717=CARTESIAN_POINT('',(0.00300355,0.0006096,-0.00264795));
#11718=CARTESIAN_POINT('',(-0.00125095,0.000508000000024822,0.00295275));
#11719=CARTESIAN_POINT('',(-0.00135255,0.000508000000024822,0.00295275));
#11720=CARTESIAN_POINT('',(-0.00135255,0.000508000000024822,0.00300355));
#11721=CARTESIAN_POINT('',(-0.00130175,0.000508000000024822,0.00295275));
#11722=CARTESIAN_POINT('',(-0.00125095,0.000508000000024822,0.00295275));
#11723=CARTESIAN_POINT('',(-0.00125095,0.000508000000024822,0.00300355));
#11724=CARTESIAN_POINT('',(0.00135255,0.000508000000024822,0.000611741661043651));
#11725=CARTESIAN_POINT('',(0.00135255,0.0005588,0.000611741661043651));
#11726=CARTESIAN_POINT('',(0.00135255,0.0005588,0.000510141661043651));
#11727=CARTESIAN_POINT('',(0.00135255,0.000508,0.000510141661043651));
#11728=CARTESIAN_POINT('',(0.00239050077597841,5.07999999967979E-5,0.000510141661043651));
#11729=CARTESIAN_POINT('',(0.00249210077597841,5.07999999967979E-5,0.000510141661043651));
#11730=CARTESIAN_POINT('',(0.00244130077597841,5.07999999967979E-5,0.000510141661043651));
#11731=CARTESIAN_POINT('',(0.00249210077597841,0.,0.000510141661043651));
#11732=CARTESIAN_POINT('',(0.00239050077597841,0.,0.000510141661043651));
#11733=CARTESIAN_POINT('',(0.00239050077597841,5.07999999967979E-5,0.000510141661043651));
#11734=CARTESIAN_POINT('',(0.0025153976776878,5.08E-5,-0.00295275));
#11735=CARTESIAN_POINT('',(0.0025153976776878,5.08E-5,-0.00295275));
#11736=CARTESIAN_POINT('',(0.0025153976776878,5.08E-5,-0.00300355));
#11737=CARTESIAN_POINT('',(0.0025153976776878,5.08E-5,-0.00295275));
#11738=CARTESIAN_POINT('',(0.0026169976776878,0.000508,-0.00194563442982457));
#11739=CARTESIAN_POINT('',(0.0026169976776878,0.000508000000024822,-0.00194563442982457));
#11740=CARTESIAN_POINT('',(0.00287655,0.0006096,-0.00287655));
#11741=CARTESIAN_POINT('',(0.00287655,0.0006096,-0.00295275));
#11742=CARTESIAN_POINT('',(0.00287655,0.0005588,-0.00295275));
#11743=CARTESIAN_POINT('',(0.00287655,0.0006096,-0.00300355));
#11744=CARTESIAN_POINT('',(0.00287655,0.0006096,-0.00287655));
#11745=CARTESIAN_POINT('',(0.00287655,0.0005588,-0.00287655));
#11746=CARTESIAN_POINT('',(-0.00135255,500.,0.00295275));
#11747=CARTESIAN_POINT('',(-0.00135255,5.07999999967979E-5,0.00295275));
#11748=CARTESIAN_POINT('',(-0.00135255,5.08E-5,0.00300355));
#11749=CARTESIAN_POINT('',(-0.00130175,5.07999999967979E-5,0.00295275));
#11750=CARTESIAN_POINT('',(-0.00130175,0.000508000000024822,0.00295275));
#11751=CARTESIAN_POINT('',(-0.00135255,5.08E-5,0.00300355));
#11752=CARTESIAN_POINT('',(-0.00125095,0.000508000000024822,0.00056094166104365));
#11753=CARTESIAN_POINT('',(-0.00125095,0.000508,0.00061174166104365));
#11754=CARTESIAN_POINT('',(-0.00130175,0.000508000000024822,0.00061174166104365));
#11755=CARTESIAN_POINT('',(-0.00125095,0.0005588,0.00061174166104365));
#11756=CARTESIAN_POINT('',(-0.00125095,0.0005588,0.00295275));
#11757=CARTESIAN_POINT('',(-0.00130175,0.000508000000024822,0.00061174166104365));
#11758=CARTESIAN_POINT('',(0.00244130077597841,0.000508000000024822,0.000510141661043651));
#11759=CARTESIAN_POINT('',(0.00239050077597841,0.000508000000024822,0.000510141661043651));
#11760=CARTESIAN_POINT('',(0.00239050077597841,0.0005588,0.000510141661043651));
#11761=CARTESIAN_POINT('',(0.00239050077597841,0.000508000000024822,0.000560941661043651));
#11762=CARTESIAN_POINT('',(0.00135255,0.000508000000024822,0.000560941661043651));
#11763=CARTESIAN_POINT('',(0.00239050077597841,0.0005588,0.000510141661043651));
#11764=CARTESIAN_POINT('',(0.00239050077597841,500.,0.000510141661043651));
#11765=CARTESIAN_POINT('',(0.00239050077597841,0.000508000000024822,0.000510141661043651));
#11766=CARTESIAN_POINT('',(0.00244130077597841,0.000508000000024822,0.000510141661043651));
#11767=CARTESIAN_POINT('',(0.00244130077597841,5.07999999967979E-5,0.000510141661043651));
#11768=CARTESIAN_POINT('',(0.00239050077597841,0.000508000000024822,0.000560941661043651));
#11769=CARTESIAN_POINT('',(0.00249210077597841,5.07999999967979E-5,0.000560941661043651));
#11770=CARTESIAN_POINT('',(0.0024921007759784,5.08E-5,-0.000510141661043648));
#11771=CARTESIAN_POINT('',(0.0024413007759784,5.07999999967979E-5,-0.000510141661043648));
#11772=CARTESIAN_POINT('',(0.0024921007759784,0.,-0.000510141661043648));
#11773=CARTESIAN_POINT('',(0.00249210077597841,0.,0.000510141661043651));
#11774=CARTESIAN_POINT('',(0.0024413007759784,5.07999999967979E-5,-0.000510141661043648));
#11775=CARTESIAN_POINT('',(-0.00300355,5.08E-5,-0.00295275));
#11776=CARTESIAN_POINT('',(0.00135255,5.08E-5,-0.00295275));
#11777=CARTESIAN_POINT('',(0.00135255,0.,-0.00295275));
#11778=CARTESIAN_POINT('',(0.00135255,5.08E-5,-0.00300355));
#11779=CARTESIAN_POINT('',(0.0025153976776878,5.08E-5,-0.00300355));
#11780=CARTESIAN_POINT('',(0.00135255,0.,-0.00295275));
#11781=CARTESIAN_POINT('',(0.0025153976776878,0.0033782,-0.00295275));
#11782=CARTESIAN_POINT('',(0.0025153976776878,0.000508000000024822,-0.00295275));
#11783=CARTESIAN_POINT('',(0.0025153976776878,0.000508000000024822,-0.00300355));
#11784=CARTESIAN_POINT('',(0.0025661976776878,0.000508000000024822,-0.00295275));
#11785=CARTESIAN_POINT('',(0.0025661976776878,5.07999999967979E-5,-0.00295275));
#11786=CARTESIAN_POINT('',(0.0025153976776878,0.000508000000024822,-0.00300355));
#11787=CARTESIAN_POINT('',(0.0026169976776878,0.000508000000024822,-0.00300355));
#11788=CARTESIAN_POINT('',(0.0026169976776878,0.000508000000024822,-0.00295275));
#11789=CARTESIAN_POINT('',(0.0026169976776878,0.0005588,-0.00295275));
#11790=CARTESIAN_POINT('',(0.0026169976776878,0.0005588,-0.00194563442982457));
#11791=CARTESIAN_POINT('',(0.0025661976776878,0.000508000000024822,-0.00295275));
#11792=CARTESIAN_POINT('',(-0.00300355,0.0006096,-0.00295275));
#11793=CARTESIAN_POINT('',(0.0026169976776878,0.0006096,-0.00295275));
#11794=CARTESIAN_POINT('',(0.0026169976776878,0.0006096,-0.00300355));
#11795=CARTESIAN_POINT('',(0.00287655,0.0006096,-0.00300355));
#11796=CARTESIAN_POINT('',(0.0026169976776878,0.0005588,-0.00295275));
#11797=CARTESIAN_POINT('',(-0.00135255,5.08E-5,0.00295275));
#11798=CARTESIAN_POINT('',(-0.00135255,5.08E-5,0.00295275));
#11799=CARTESIAN_POINT('',(-0.00135255,0.,0.00295275));
#11800=CARTESIAN_POINT('',(-0.00135255,5.08E-5,0.00295275));
#11801=CARTESIAN_POINT('',(-0.00135255,0.000508000000024822,0.00061174166104365));
#11802=CARTESIAN_POINT('',(-0.00135255,0.000508000000024822,0.00051014166104365));
#11803=CARTESIAN_POINT('',(-0.00135255,0.000508000000024822,0.00056094166104365));
#11804=CARTESIAN_POINT('',(-0.00135255,0.0005588,0.00051014166104365));
#11805=CARTESIAN_POINT('',(-0.00135255,0.0005588,0.00061174166104365));
#11806=CARTESIAN_POINT('',(-0.00135255,0.000508000000024822,0.00061174166104365));
#11807=CARTESIAN_POINT('',(0.00239050077597841,0.000508,0.000510141661043651));
#11808=CARTESIAN_POINT('',(0.00239050077597841,0.000508,0.000510141661043651));
#11809=CARTESIAN_POINT('',(0.0023905007759784,5.07999999967979E-5,-0.000510141661043648));
#11810=CARTESIAN_POINT('',(0.0023905007759784,5.07999999967979E-5,-0.000611741661043648));
#11811=CARTESIAN_POINT('',(0.0023905007759784,5.07999999967979E-5,-0.000560941661043648));
#11812=CARTESIAN_POINT('',(0.0023905007759784,0.,-0.000611741661043648));
#11813=CARTESIAN_POINT('',(0.0023905007759784,0.,-0.000510141661043648));
#11814=CARTESIAN_POINT('',(0.0023905007759784,5.07999999967979E-5,-0.000510141661043648));
#11815=CARTESIAN_POINT('',(0.00135255,5.08E-5,-0.00295275));
#11816=CARTESIAN_POINT('',(0.00135255,5.08E-5,-0.00295275));
#11817=CARTESIAN_POINT('',(0.00130175,5.07999999967979E-5,-0.00295275));
#11818=CARTESIAN_POINT('',(0.00135255,5.07999999967979E-5,-0.00295275));
#11819=CARTESIAN_POINT('',(0.0026169976776878,0.000508000000024822,-0.00295275));
#11820=CARTESIAN_POINT('',(0.0026169976776878,0.000508000000024822,-0.00300355));
#11821=CARTESIAN_POINT('',(-0.00300355,5.08E-5,0.00295275));
#11822=CARTESIAN_POINT('',(-0.00251539767768781,5.08E-5,0.00295275));
#11823=CARTESIAN_POINT('',(-0.00251539767768781,5.08E-5,0.00300355));
#11824=CARTESIAN_POINT('',(-0.00251539767768781,0.,0.00295275));
#11825=CARTESIAN_POINT('',(-0.00135255,0.,0.00295275));
#11826=CARTESIAN_POINT('',(-0.00251539767768781,5.08E-5,0.00300355));
#11827=CARTESIAN_POINT('',(-0.00135255,5.07999999967979E-5,0.00056094166104365));
#11828=CARTESIAN_POINT('',(-0.00135255,5.07999999967979E-5,0.00061174166104365));
#11829=CARTESIAN_POINT('',(-0.00135255,0.,0.00061174166104365));
#11830=CARTESIAN_POINT('',(-0.00130175,5.07999999967979E-5,0.00061174166104365));
#11831=CARTESIAN_POINT('',(-0.00130175,5.07999999967979E-5,0.00295275));
#11832=CARTESIAN_POINT('',(-0.00135255,0.,0.00061174166104365));
#11833=CARTESIAN_POINT('',(-0.00135255,500.,0.00061174166104365));
#11834=CARTESIAN_POINT('',(-0.00135255,5.07999999967979E-5,0.00061174166104365));
#11835=CARTESIAN_POINT('',(-0.00135255,5.07999999967979E-5,0.00056094166104365));
#11836=CARTESIAN_POINT('',(-0.00135255,0.000508000000024822,0.00056094166104365));
#11837=CARTESIAN_POINT('',(-0.00130175,5.07999999967979E-5,0.00061174166104365));
#11838=CARTESIAN_POINT('',(-0.00244130077597841,0.000508000000024822,0.00051014166104365));
#11839=CARTESIAN_POINT('',(-0.00239050077597841,0.000508,0.00051014166104365));
#11840=CARTESIAN_POINT('',(-0.00239050077597841,0.000508000000024822,0.00056094166104365));
#11841=CARTESIAN_POINT('',(-0.00239050077597841,0.0005588,0.00051014166104365));
#11842=CARTESIAN_POINT('',(-0.00135255,0.0005588,0.00051014166104365));
#11843=CARTESIAN_POINT('',(-0.00239050077597841,0.000508000000024822,0.00056094166104365));
#11844=CARTESIAN_POINT('',(0.00239050077597841,0.000508000000024822,0.000560941661043652));
#11845=CARTESIAN_POINT('',(0.0023905007759784,0.000508000000024822,-0.000510141661043648));
#11846=CARTESIAN_POINT('',(0.0023905007759784,0.0005588,-0.000510141661043648));
#11847=CARTESIAN_POINT('',(0.0024413007759784,0.000508000000024822,-0.000510141661043648));
#11848=CARTESIAN_POINT('',(0.00244130077597841,0.000508000000024822,0.000510141661043651));
#11849=CARTESIAN_POINT('',(0.0023905007759784,0.0005588,-0.000510141661043648));
#11850=CARTESIAN_POINT('',(0.0023905007759784,500.,-0.000510141661043648));
#11851=CARTESIAN_POINT('',(0.0023905007759784,0.000508000000024822,-0.000510141661043648));
#11852=CARTESIAN_POINT('',(0.0023905007759784,0.000508000000024822,-0.000560941661043648));
#11853=CARTESIAN_POINT('',(0.0023905007759784,5.07999999967979E-5,-0.000560941661043648));
#11854=CARTESIAN_POINT('',(0.0024413007759784,0.000508000000024822,-0.000510141661043648));
#11855=CARTESIAN_POINT('',(0.0024413007759784,5.07999999967979E-5,-0.000611741661043648));
#11856=CARTESIAN_POINT('',(0.00135255,5.08E-5,-0.000611741661043644));
#11857=CARTESIAN_POINT('',(0.00135255,5.07999999967979E-5,-0.000560941661043644));
#11858=CARTESIAN_POINT('',(0.00135255,0.,-0.000611741661043644));
#11859=CARTESIAN_POINT('',(0.0023905007759784,0.,-0.000611741661043648));
#11860=CARTESIAN_POINT('',(0.00135255,5.07999999967979E-5,-0.000560941661043644));
#11861=CARTESIAN_POINT('',(0.00135255,5.07999999967979E-5,-0.000560941661043644));
#11862=CARTESIAN_POINT('',(0.00135255,5.07999999967979E-5,-0.000611741661043644));
#11863=CARTESIAN_POINT('',(0.00130175,5.07999999967979E-5,-0.000611741661043644));
#11864=CARTESIAN_POINT('',(0.00130175,5.07999999967979E-5,-0.00295275));
#11865=CARTESIAN_POINT('',(0.00135255,0.,-0.000611741661043644));
#11866=CARTESIAN_POINT('',(0.00135255,500.,-0.00295275));
#11867=CARTESIAN_POINT('',(0.00135255,0.000508000000024822,-0.00295275));
#11868=CARTESIAN_POINT('',(0.00130175,0.000508000000024822,-0.00295275));
#11869=CARTESIAN_POINT('',(0.00135255,0.000508000000024822,-0.00300355));
#11870=CARTESIAN_POINT('',(0.00135255,5.08E-5,-0.00300355));
#11871=CARTESIAN_POINT('',(0.00130175,0.000508000000024822,-0.00295275));
#11872=CARTESIAN_POINT('',(-0.00251539767768781,5.08E-5,0.00295275));
#11873=CARTESIAN_POINT('',(-0.00251539767768781,5.08E-5,0.00295275));
#11874=CARTESIAN_POINT('',(-0.00256619767768781,5.07999999967979E-5,0.00295275));
#11875=CARTESIAN_POINT('',(-0.00251539767768781,5.07999999967979E-5,0.00295275));
#11876=CARTESIAN_POINT('',(-0.00135255,5.08E-5,0.00061174166104365));
#11877=CARTESIAN_POINT('',(-0.00135255,5.08E-5,0.00061174166104365));
#11878=CARTESIAN_POINT('',(-0.00239050077597841,0.000508,0.00051014166104365));
#11879=CARTESIAN_POINT('',(-0.00239050077597841,0.000508000000024822,0.00051014166104365));
#11880=CARTESIAN_POINT('',(-0.00244130077597841,0.000508000000024822,0.00051014166104365));
#11881=CARTESIAN_POINT('',(-0.00239050077597841,0.000508000000024822,0.00051014166104365));
#11882=CARTESIAN_POINT('',(0.0023905007759784,0.000508,-0.000510141661043648));
#11883=CARTESIAN_POINT('',(0.0023905007759784,0.000508,-0.000510141661043648));
#11884=CARTESIAN_POINT('',(0.00135255,5.08E-5,-0.000611741661043644));
#11885=CARTESIAN_POINT('',(0.00135255,5.07999999967979E-5,-0.000611741661043644));
#11886=CARTESIAN_POINT('',(0.00125095,0.000508000000024822,-0.00295275));
#11887=CARTESIAN_POINT('',(0.00125095,0.0006096,-0.00295275));
#11888=CARTESIAN_POINT('',(0.00125095,0.0005588,-0.00295275));
#11889=CARTESIAN_POINT('',(0.00125095,0.0006096,-0.00300355));
#11890=CARTESIAN_POINT('',(0.00125095,0.000508000000024822,-0.00300355));
#11891=CARTESIAN_POINT('',(0.00125095,0.000508000000024822,-0.00295275));
#11892=CARTESIAN_POINT('',(-0.00251539767768781,0.0033782,0.00295275));
#11893=CARTESIAN_POINT('',(-0.00251539767768781,0.000508000000024822,0.00295275));
#11894=CARTESIAN_POINT('',(-0.00251539767768781,0.000508000000024822,0.00300355));
#11895=CARTESIAN_POINT('',(-0.00256619767768781,0.000508000000024822,0.00295275));
#11896=CARTESIAN_POINT('',(-0.00256619767768781,5.07999999967979E-5,0.00295275));
#11897=CARTESIAN_POINT('',(-0.00251539767768781,0.000508000000024822,0.00300355));
#11898=CARTESIAN_POINT('',(-0.00251539767768781,5.07999999967979E-5,0.00300355));
#11899=CARTESIAN_POINT('',(-0.00251539767768781,5.08E-5,0.00194563442982458));
#11900=CARTESIAN_POINT('',(-0.00256619767768781,5.07999999967979E-5,0.00194563442982458));
#11901=CARTESIAN_POINT('',(-0.00251539767768781,0.,0.00194563442982458));
#11902=CARTESIAN_POINT('',(-0.00251539767768781,0.,0.00295275));
#11903=CARTESIAN_POINT('',(-0.00256619767768781,5.07999999967979E-5,0.00194563442982458));
#11904=CARTESIAN_POINT('',(-0.00244130077597841,5.07999999967979E-5,0.00061174166104365));
#11905=CARTESIAN_POINT('',(-0.00239050077597841,5.07999999967979E-5,0.00061174166104365));
#11906=CARTESIAN_POINT('',(-0.00239050077597841,0.,0.00061174166104365));
#11907=CARTESIAN_POINT('',(-0.00239050077597841,5.07999999967979E-5,0.00056094166104365));
#11908=CARTESIAN_POINT('',(-0.00135255,5.07999999967979E-5,0.00056094166104365));
#11909=CARTESIAN_POINT('',(-0.00239050077597841,0.,0.00061174166104365));
#11910=CARTESIAN_POINT('',(-0.00239050077597841,500.,0.00051014166104365));
#11911=CARTESIAN_POINT('',(-0.00239050077597841,5.07999999967979E-5,0.00051014166104365));
#11912=CARTESIAN_POINT('',(-0.00244130077597841,5.07999999967979E-5,0.00051014166104365));
#11913=CARTESIAN_POINT('',(-0.00244130077597841,0.000508000000024822,0.00051014166104365));
#11914=CARTESIAN_POINT('',(-0.00239050077597841,5.07999999967979E-5,0.00056094166104365));
#11915=CARTESIAN_POINT('',(-0.00239050077597841,0.000508000000024822,0.00056094166104365));
#11916=CARTESIAN_POINT('',(-0.0023905007759784,0.000508,-0.00051014166104365));
#11917=CARTESIAN_POINT('',(-0.0024413007759784,0.000508000000024822,-0.00051014166104365));
#11918=CARTESIAN_POINT('',(-0.0023905007759784,0.0005588,-0.00051014166104365));
#11919=CARTESIAN_POINT('',(-0.00239050077597841,0.0005588,0.00051014166104365));
#11920=CARTESIAN_POINT('',(-0.0024413007759784,0.000508000000024822,-0.00051014166104365));
#11921=CARTESIAN_POINT('',(0.0024413007759784,0.000508000000024822,-0.000510141661043648));
#11922=CARTESIAN_POINT('',(0.00135255,0.000508000000024822,-0.000510141661043644));
#11923=CARTESIAN_POINT('',(0.00135255,0.0005588,-0.000510141661043644));
#11924=CARTESIAN_POINT('',(0.00135255,0.000508000000024822,-0.000560941661043644));
#11925=CARTESIAN_POINT('',(0.0023905007759784,0.000508000000024822,-0.000560941661043648));
#11926=CARTESIAN_POINT('',(0.00135255,0.0005588,-0.000510141661043644));
#11927=CARTESIAN_POINT('',(0.00135255,500.,-0.000611741661043644));
#11928=CARTESIAN_POINT('',(0.00135255,0.000508000000024822,-0.000611741661043644));
#11929=CARTESIAN_POINT('',(0.00130175,0.000508000000024822,-0.000611741661043644));
#11930=CARTESIAN_POINT('',(0.00130175,5.07999999967979E-5,-0.000611741661043644));
#11931=CARTESIAN_POINT('',(0.00135255,0.000508000000024822,-0.000560941661043644));
#11932=CARTESIAN_POINT('',(0.00125095,0.000508000000024822,-0.000560941661043644));
#11933=CARTESIAN_POINT('',(0.00125095,0.000508,-0.000611741661043644));
#11934=CARTESIAN_POINT('',(0.00125095,0.0005588,-0.000611741661043644));
#11935=CARTESIAN_POINT('',(0.00125095,0.0005588,-0.00295275));
#11936=CARTESIAN_POINT('',(0.00130175,0.000508000000024822,-0.000611741661043644));
#11937=CARTESIAN_POINT('',(-0.00300355,0.0006096,-0.00295275));
#11938=CARTESIAN_POINT('',(-0.00125094999999999,0.0006096,-0.00295275));
#11939=CARTESIAN_POINT('',(-0.00125094999999999,0.0005588,-0.00295275));
#11940=CARTESIAN_POINT('',(-0.00125094999999999,0.0006096,-0.00300355));
#11941=CARTESIAN_POINT('',(0.00125095,0.0006096,-0.00300355));
#11942=CARTESIAN_POINT('',(-0.00125094999999999,0.0005588,-0.00295275));
#11943=CARTESIAN_POINT('',(-0.00261699767768781,0.000508000000024822,0.00295275));
#11944=CARTESIAN_POINT('',(-0.00261699767768781,0.0006096,0.00295275));
#11945=CARTESIAN_POINT('',(-0.00261699767768781,0.0006096,0.00300355));
#11946=CARTESIAN_POINT('',(-0.00261699767768781,0.0005588,0.00295275));
#11947=CARTESIAN_POINT('',(-0.00261699767768781,0.000508000000024822,0.00295275));
#11948=CARTESIAN_POINT('',(-0.00261699767768781,0.000508000000024822,0.00300355));
#11949=CARTESIAN_POINT('',(-0.00261699767768781,5.07999999967979E-5,0.00194563442982458));
#11950=CARTESIAN_POINT('',(-0.00261699767768781,5.07999999967979E-5,0.00184403442982458));
#11951=CARTESIAN_POINT('',(-0.00261699767768781,5.07999999967979E-5,0.00189483442982458));
#11952=CARTESIAN_POINT('',(-0.00261699767768781,0.,0.00184403442982458));
#11953=CARTESIAN_POINT('',(-0.00261699767768781,0.,0.00194563442982458));
#11954=CARTESIAN_POINT('',(-0.00261699767768781,5.07999999967979E-5,0.00194563442982458));
#11955=CARTESIAN_POINT('',(-0.00239050077597841,5.07999999967979E-5,0.00051014166104365));
#11956=CARTESIAN_POINT('',(-0.00239050077597841,0.,0.00051014166104365));
#11957=CARTESIAN_POINT('',(-0.00249210077597841,0.,0.00051014166104365));
#11958=CARTESIAN_POINT('',(-0.00249210077597841,5.08E-5,0.00051014166104365));
#11959=CARTESIAN_POINT('',(-0.0023905007759784,0.000508,-0.00051014166104365));
#11960=CARTESIAN_POINT('',(-0.0023905007759784,0.000508000000024822,-0.00051014166104365));
#11961=CARTESIAN_POINT('',(-0.0023905007759784,0.000508000000024822,-0.00056094166104365));
#11962=CARTESIAN_POINT('',(-0.0023905007759784,0.000508000000024822,-0.00051014166104365));
#11963=CARTESIAN_POINT('',(0.00135255,0.000508000000024822,-0.000611741661043644));
#11964=CARTESIAN_POINT('',(0.00135255,0.0005588,-0.000611741661043644));
#11965=CARTESIAN_POINT('',(-0.00125094999999999,0.000508000000024822,-0.00295275));
#11966=CARTESIAN_POINT('',(-0.00135254999999999,0.000508000000024822,-0.00295275));
#11967=CARTESIAN_POINT('',(-0.00130174999999999,0.000508000000024822,-0.00295275));
#11968=CARTESIAN_POINT('',(-0.00135254999999999,0.000508000000024822,-0.00300355));
#11969=CARTESIAN_POINT('',(-0.00125094999999999,0.000508000000024822,-0.00300355));
#11970=CARTESIAN_POINT('',(-0.00125094999999999,0.000508000000024822,-0.00295275));
#11971=CARTESIAN_POINT('',(-0.00300355,0.0006096,0.00295275));
#11972=CARTESIAN_POINT('',(-0.00287655,0.0006096,0.00295275));
#11973=CARTESIAN_POINT('',(-0.00287655,0.0006096,0.00300355));
#11974=CARTESIAN_POINT('',(-0.00287655,0.0005588,0.00295275));
#11975=CARTESIAN_POINT('',(-0.00261699767768781,0.0005588,0.00295275));
#11976=CARTESIAN_POINT('',(-0.00287655,0.0006096,0.00300355));
#11977=CARTESIAN_POINT('',(-0.00261699767768781,0.000508000000024822,0.00300355));
#11978=CARTESIAN_POINT('',(-0.00261699767768781,0.000508000000024822,0.00194563442982458));
#11979=CARTESIAN_POINT('',(-0.00261699767768781,0.0005588,0.00194563442982458));
#11980=CARTESIAN_POINT('',(-0.00256619767768781,0.000508000000024822,0.00194563442982458));
#11981=CARTESIAN_POINT('',(-0.00256619767768781,0.000508000000024822,0.00295275));
#11982=CARTESIAN_POINT('',(-0.00261699767768781,0.0005588,0.00194563442982458));
#11983=CARTESIAN_POINT('',(-0.00261699767768781,500.,0.00194563442982458));
#11984=CARTESIAN_POINT('',(-0.00261699767768781,0.000508000000024822,0.00194563442982458));
#11985=CARTESIAN_POINT('',(-0.00261699767768781,0.000508000000024822,0.00189483442982458));
#11986=CARTESIAN_POINT('',(-0.00261699767768781,5.07999999967979E-5,0.00189483442982458));
#11987=CARTESIAN_POINT('',(-0.00256619767768781,0.000508000000024822,0.00194563442982458));
#11988=CARTESIAN_POINT('',(-0.00256619767768781,5.07999999967979E-5,0.00184403442982458));
#11989=CARTESIAN_POINT('',(-0.00295275,5.08E-5,0.00184403442982458));
#11990=CARTESIAN_POINT('',(-0.00295275,5.07999999967979E-5,0.00189483442982457));
#11991=CARTESIAN_POINT('',(-0.00295275,0.,0.00184403442982458));
#11992=CARTESIAN_POINT('',(-0.00261699767768781,0.,0.00184403442982458));
#11993=CARTESIAN_POINT('',(-0.00295275,5.07999999967979E-5,0.00189483442982457));
#11994=CARTESIAN_POINT('',(-0.00249210077597841,5.07999999967979E-5,0.00056094166104365));
#11995=CARTESIAN_POINT('',(-0.0024921007759784,5.07999999967979E-5,-0.00051014166104365));
#11996=CARTESIAN_POINT('',(-0.0024921007759784,0.,-0.00051014166104365));
#11997=CARTESIAN_POINT('',(-0.0024413007759784,5.07999999967979E-5,-0.00051014166104365));
#11998=CARTESIAN_POINT('',(-0.00244130077597841,5.07999999967979E-5,0.00051014166104365));
#11999=CARTESIAN_POINT('',(-0.0024921007759784,0.,-0.00051014166104365));
#12000=CARTESIAN_POINT('',(-0.0023905007759784,500.,-0.00051014166104365));
#12001=CARTESIAN_POINT('',(-0.0023905007759784,5.07999999967979E-5,-0.00051014166104365));
#12002=CARTESIAN_POINT('',(-0.0023905007759784,5.07999999967979E-5,-0.00056094166104365));
#12003=CARTESIAN_POINT('',(-0.0023905007759784,0.000508000000024822,-0.00056094166104365));
#12004=CARTESIAN_POINT('',(-0.0024413007759784,5.07999999967979E-5,-0.00051014166104365));
#12005=CARTESIAN_POINT('',(-0.0024413007759784,0.000508000000024822,-0.00051014166104365));
#12006=CARTESIAN_POINT('',(-0.00135255,0.000508,-0.000510141661043645));
#12007=CARTESIAN_POINT('',(-0.00135255,0.000508000000024822,-0.000560941661043645));
#12008=CARTESIAN_POINT('',(-0.00135255,0.0005588,-0.000510141661043645));
#12009=CARTESIAN_POINT('',(-0.0023905007759784,0.0005588,-0.00051014166104365));
#12010=CARTESIAN_POINT('',(-0.00135255,0.000508000000024822,-0.000560941661043645));
#12011=CARTESIAN_POINT('',(-0.00125095,0.000508000000024822,-0.000560941661043645));
#12012=CARTESIAN_POINT('',(-0.00125095,0.000508000000024822,-0.000611741661043645));
#12013=CARTESIAN_POINT('',(-0.00125095,0.0005588,-0.000611741661043645));
#12014=CARTESIAN_POINT('',(-0.00130175,0.000508000000024822,-0.000611741661043645));
#12015=CARTESIAN_POINT('',(-0.00130174999999999,0.000508000000024822,-0.00295275));
#12016=CARTESIAN_POINT('',(-0.00125095,0.0005588,-0.000611741661043645));
#12017=CARTESIAN_POINT('',(-0.00135254999999999,0.0033782,-0.00295275));
#12018=CARTESIAN_POINT('',(-0.00135254999999999,5.08E-5,-0.00295275));
#12019=CARTESIAN_POINT('',(-0.00130174999999999,5.07999999967979E-5,-0.00295275));
#12020=CARTESIAN_POINT('',(-0.00135254999999999,5.08E-5,-0.00300355));
#12021=CARTESIAN_POINT('',(-0.00135254999999999,0.000508000000024822,-0.00300355));
#12022=CARTESIAN_POINT('',(-0.00130174999999999,5.07999999967979E-5,-0.00295275));
#12023=CARTESIAN_POINT('',(-0.00287655,0.0006096,0.00287655));
#12024=CARTESIAN_POINT('',(-0.00295275,0.0006096,0.00287655));
#12025=CARTESIAN_POINT('',(-0.00300355,0.0006096,0.00287655));
#12026=CARTESIAN_POINT('',(-0.00295275,0.0005588,0.00287655));
#12027=CARTESIAN_POINT('',(-0.00287655,0.0005588,0.00287655));
#12028=CARTESIAN_POINT('',(-0.00287655,0.0006096,0.00287655));
#12029=CARTESIAN_POINT('',(-0.00261699767768781,0.000508,0.00194563442982458));
#12030=CARTESIAN_POINT('',(-0.00261699767768781,0.000508,0.00194563442982458));
#12031=CARTESIAN_POINT('',(-0.00295275,5.08E-5,0.00184403442982458));
#12032=CARTESIAN_POINT('',(-0.00295275,5.07999999967979E-5,0.00184403442982458));
#12033=CARTESIAN_POINT('',(-0.00300355,5.08E-5,0.00184403442982458));
#12034=CARTESIAN_POINT('',(-0.00295275,5.08E-5,0.00184403442982458));
#12035=CARTESIAN_POINT('',(-0.0023905007759784,5.07999999967979E-5,-0.00051014166104365));
#12036=CARTESIAN_POINT('',(-0.0023905007759784,0.,-0.00051014166104365));
#12037=CARTESIAN_POINT('',(-0.0023905007759784,0.,-0.00061174166104365));
#12038=CARTESIAN_POINT('',(-0.0023905007759784,5.08E-5,-0.00061174166104365));
#12039=CARTESIAN_POINT('',(-0.00135255,0.000508000000024822,-0.000611741661043645));
#12040=CARTESIAN_POINT('',(-0.00135255,0.000508000000024822,-0.000611741661043645));
#12041=CARTESIAN_POINT('',(-0.00135255,0.0005588,-0.000611741661043645));
#12042=CARTESIAN_POINT('',(-0.00135254999999999,5.08E-5,-0.00295275));
#12043=CARTESIAN_POINT('',(-0.00135254999999999,5.07999999967979E-5,-0.00295275));
#12044=CARTESIAN_POINT('',(-0.00135254999999999,0.,-0.00295275));
#12045=CARTESIAN_POINT('',(-0.00135254999999999,5.08E-5,-0.00295275));
#12046=CARTESIAN_POINT('',(-0.00295275,0.0006096,0.00300355));
#12047=CARTESIAN_POINT('',(-0.00300332243280993,0.000604796975985338,0.00194563442982457));
#12048=CARTESIAN_POINT('',(-0.00300332243280993,0.000604796975985338,0.00194563442982457));
#12049=CARTESIAN_POINT('',(-0.00295275,0.0006096,0.00194563442982457));
#12050=CARTESIAN_POINT('',(-0.00295275,0.0005588,0.00194563442982457));
#12051=CARTESIAN_POINT('',(-0.00295275,0.0005588,0.00287655));
#12052=CARTESIAN_POINT('',(-0.00300355,0.0006096,0.00264795));
#12053=CARTESIAN_POINT('',(-0.00256619767768781,0.000508000000024822,0.00194563442982458));
#12054=CARTESIAN_POINT('',(-0.00295275,0.000508000000024822,0.00194563442982457));
#12055=CARTESIAN_POINT('',(-0.00295275,0.000508000000024822,0.00189483442982457));
#12056=CARTESIAN_POINT('',(-0.00261699767768781,0.000508000000024822,0.00189483442982458));
#12057=CARTESIAN_POINT('',(-0.00295275,0.0005588,0.00194563442982457));
#12058=CARTESIAN_POINT('',(-0.00295275,500.,0.00184403442982458));
#12059=CARTESIAN_POINT('',(-0.00295275,0.000508000000024822,0.00184403442982458));
#12060=CARTESIAN_POINT('',(-0.00300355,0.000508000000024822,0.00184403442982458));
#12061=CARTESIAN_POINT('',(-0.00300355,5.08E-5,0.00184403442982458));
#12062=CARTESIAN_POINT('',(-0.00295275,0.000508000000024822,0.00189483442982457));
#12063=CARTESIAN_POINT('',(-0.00295275,5.08E-5,0.00300355));
#12064=CARTESIAN_POINT('',(-0.00295275,5.08E-5,-0.00184403442982458));
#12065=CARTESIAN_POINT('',(-0.00300355,5.08E-5,-0.00184403442982458));
#12066=CARTESIAN_POINT('',(-0.00295275,0.,-0.00184403442982458));
#12067=CARTESIAN_POINT('',(-0.00295275,0.,0.00184403442982458));
#12068=CARTESIAN_POINT('',(-0.00300355,5.08E-5,-0.00184403442982458));
#12069=CARTESIAN_POINT('',(-0.0024413007759784,5.07999999967979E-5,-0.00061174166104365));
#12070=CARTESIAN_POINT('',(-0.00135255,5.07999999967979E-5,-0.000611741661043645));
#12071=CARTESIAN_POINT('',(-0.00135255,0.,-0.000611741661043645));
#12072=CARTESIAN_POINT('',(-0.00135255,5.07999999967979E-5,-0.000560941661043645));
#12073=CARTESIAN_POINT('',(-0.0023905007759784,5.07999999967979E-5,-0.00056094166104365));
#12074=CARTESIAN_POINT('',(-0.00135255,0.,-0.000611741661043645));
#12075=CARTESIAN_POINT('',(-0.00135255,500.,-0.000611741661043645));
#12076=CARTESIAN_POINT('',(-0.00135255,5.07999999967979E-5,-0.000611741661043645));
#12077=CARTESIAN_POINT('',(-0.00130175,5.07999999967979E-5,-0.000611741661043645));
#12078=CARTESIAN_POINT('',(-0.00130175,0.000508000000024822,-0.000611741661043645));
#12079=CARTESIAN_POINT('',(-0.00135255,5.07999999967979E-5,-0.000560941661043645));
#12080=CARTESIAN_POINT('',(-0.00135255,5.07999999967979E-5,-0.000560941661043645));
#12081=CARTESIAN_POINT('',(-0.00135255,5.08E-5,-0.000611741661043645));
#12082=CARTESIAN_POINT('',(-0.00135254999999999,0.,-0.00295275));
#12083=CARTESIAN_POINT('',(-0.00130175,5.07999999967979E-5,-0.000611741661043645));
#12084=CARTESIAN_POINT('',(-0.00300355,5.08E-5,-0.00295275));
#12085=CARTESIAN_POINT('',(-0.00251539767768779,5.08E-5,-0.00295275));
#12086=CARTESIAN_POINT('',(-0.00251539767768779,0.,-0.00295275));
#12087=CARTESIAN_POINT('',(-0.00251539767768779,5.08E-5,-0.00300355));
#12088=CARTESIAN_POINT('',(-0.00135254999999999,5.08E-5,-0.00300355));
#12089=CARTESIAN_POINT('',(-0.00251539767768779,0.,-0.00295275));
#12090=CARTESIAN_POINT('',(-0.00295275,0.000508000000024822,0.00194563442982457));
#12091=CARTESIAN_POINT('',(-0.00301748993231243,0.000200148500460008,0.0019138437801161));
#12092=CARTESIAN_POINT('',(-0.00300355,0.000508000000024822,0.00194563442982457));
#12093=CARTESIAN_POINT('',(-0.00295275,5.08E-5,-0.00184403442982458));
#12094=CARTESIAN_POINT('',(-0.00295275,5.08E-5,-0.00184403442982458));
#12095=CARTESIAN_POINT('',(-0.00295275,5.07999999967979E-5,-0.00189483442982458));
#12096=CARTESIAN_POINT('',(-0.00295275,5.07999999967979E-5,-0.00184403442982458));
#12097=CARTESIAN_POINT('',(-0.00135255,5.08E-5,-0.000611741661043645));
#12098=CARTESIAN_POINT('',(-0.00251539767768779,5.08E-5,-0.00295275));
#12099=CARTESIAN_POINT('',(-0.00251539767768779,5.08E-5,-0.00295275));
#12100=CARTESIAN_POINT('',(-0.0025661976776878,5.07999999967979E-5,-0.00295275));
#12101=CARTESIAN_POINT('',(-0.00251539767768779,5.07999999967979E-5,-0.00295275));
#12102=CARTESIAN_POINT('',(-0.00295275,0.0033782,-0.00184403442982458));
#12103=CARTESIAN_POINT('',(-0.00295275,0.000508000000024822,-0.00184403442982458));
#12104=CARTESIAN_POINT('',(-0.00300355,0.000508000000024822,-0.00184403442982458));
#12105=CARTESIAN_POINT('',(-0.00295275,0.000508000000024822,-0.00189483442982458));
#12106=CARTESIAN_POINT('',(-0.00295275,5.07999999967979E-5,-0.00189483442982458));
#12107=CARTESIAN_POINT('',(-0.00300355,0.000508000000024822,-0.00184403442982458));
#12108=CARTESIAN_POINT('',(-0.0025661976776878,5.07999999967979E-5,-0.00184403442982458));
#12109=CARTESIAN_POINT('',(-0.0026169976776878,5.08E-5,-0.00184403442982458));
#12110=CARTESIAN_POINT('',(-0.0026169976776878,5.07999999967979E-5,-0.00189483442982458));
#12111=CARTESIAN_POINT('',(-0.0026169976776878,0.,-0.00184403442982458));
#12112=CARTESIAN_POINT('',(-0.00295275,0.,-0.00184403442982458));
#12113=CARTESIAN_POINT('',(-0.0026169976776878,5.07999999967979E-5,-0.00189483442982458));
#12114=CARTESIAN_POINT('',(-0.00251539767768779,5.07999999967979E-5,-0.00300355));
#12115=CARTESIAN_POINT('',(-0.0025153976776878,5.07999999967979E-5,-0.00194563442982458));
#12116=CARTESIAN_POINT('',(-0.0025153976776878,0.,-0.00194563442982458));
#12117=CARTESIAN_POINT('',(-0.0025661976776878,5.07999999967979E-5,-0.00194563442982458));
#12118=CARTESIAN_POINT('',(-0.0025661976776878,5.07999999967979E-5,-0.00295275));
#12119=CARTESIAN_POINT('',(-0.0025153976776878,0.,-0.00194563442982458));
#12120=CARTESIAN_POINT('',(-0.00251539767768779,500.,-0.00295275));
#12121=CARTESIAN_POINT('',(-0.00251539767768779,0.000508000000024822,-0.00295275));
#12122=CARTESIAN_POINT('',(-0.0025661976776878,0.000508000000024822,-0.00295275));
#12123=CARTESIAN_POINT('',(-0.00251539767768779,0.000508000000024822,-0.00300355));
#12124=CARTESIAN_POINT('',(-0.00251539767768779,5.08E-5,-0.00300355));
#12125=CARTESIAN_POINT('',(-0.0025661976776878,0.000508000000024822,-0.00295275));
#12126=CARTESIAN_POINT('',(-0.0026169976776878,5.07999999967979E-5,-0.00194563442982458));
#12127=CARTESIAN_POINT('',(-0.0026169976776878,5.07999999967979E-5,-0.00194563442982458));
#12128=CARTESIAN_POINT('',(-0.0026169976776878,0.,-0.00194563442982458));
#12129=CARTESIAN_POINT('',(-0.0026169976776878,0.000508000000024822,-0.00295275));
#12130=CARTESIAN_POINT('',(-0.0026169976776878,0.0006096,-0.00295275));
#12131=CARTESIAN_POINT('',(-0.0026169976776878,0.0005588,-0.00295275));
#12132=CARTESIAN_POINT('',(-0.0026169976776878,0.0006096,-0.00300355));
#12133=CARTESIAN_POINT('',(-0.0026169976776878,0.000508000000024822,-0.00300355));
#12134=CARTESIAN_POINT('',(-0.0026169976776878,0.000508000000024822,-0.00295275));
#12135=CARTESIAN_POINT('',(-0.0025661976776878,0.000508000000024822,-0.00194563442982458));
#12136=CARTESIAN_POINT('',(-0.0026169976776878,0.000508000000024822,-0.00194563442982458));
#12137=CARTESIAN_POINT('',(-0.0026169976776878,0.0005588,-0.00194563442982458));
#12138=CARTESIAN_POINT('',(-0.0026169976776878,0.000508000000024822,-0.00189483442982458));
#12139=CARTESIAN_POINT('',(-0.00295275,0.000508000000024822,-0.00189483442982458));
#12140=CARTESIAN_POINT('',(-0.00295275,0.000508000000024822,-0.00194563442982458));
#12141=CARTESIAN_POINT('',(-0.00295275,0.0005588,-0.00194563442982458));
#12142=CARTESIAN_POINT('',(-0.0026169976776878,0.0005588,-0.00194563442982458));
#12143=CARTESIAN_POINT('',(-0.0026169976776878,500.,-0.00194563442982458));
#12144=CARTESIAN_POINT('',(-0.0026169976776878,0.000508000000024822,-0.00194563442982458));
#12145=CARTESIAN_POINT('',(-0.0025661976776878,0.000508000000024822,-0.00194563442982458));
#12146=CARTESIAN_POINT('',(-0.0025661976776878,5.07999999967979E-5,-0.00194563442982458));
#12147=CARTESIAN_POINT('',(-0.0026169976776878,0.000508000000024822,-0.00189483442982458));
#12148=CARTESIAN_POINT('',(-0.0026169976776878,0.000508000000024822,-0.00300355));
#12149=CARTESIAN_POINT('',(-0.0026169976776878,0.000508,-0.00194563442982458));
#12150=CARTESIAN_POINT('',(-0.0026169976776878,0.0005588,-0.00295275));
#12151=CARTESIAN_POINT('',(-0.0025661976776878,0.000508000000024822,-0.00194563442982458));
#12152=CARTESIAN_POINT('',(-0.00300355,0.0006096,-0.00295275));
#12153=CARTESIAN_POINT('',(-0.00287655,0.0006096,-0.00295275));
#12154=CARTESIAN_POINT('',(-0.00287655,0.0005588,-0.00295275));
#12155=CARTESIAN_POINT('',(-0.00287655,0.0006096,-0.00300355));
#12156=CARTESIAN_POINT('',(-0.0026169976776878,0.0006096,-0.00300355));
#12157=CARTESIAN_POINT('',(-0.00287655,0.0005588,-0.00295275));
#12158=CARTESIAN_POINT('',(-0.00287655,0.0006096,-0.00287655));
#12159=CARTESIAN_POINT('',(-0.00295275,0.0006096,-0.00287655));
#12160=CARTESIAN_POINT('',(-0.00300355,0.0006096,-0.00287655));
#12161=CARTESIAN_POINT('',(-0.00295275,0.0005588,-0.00287655));
#12162=CARTESIAN_POINT('',(-0.00287655,0.0006096,-0.00287655));
#12163=CARTESIAN_POINT('',(-0.00287655,0.0005588,-0.00287655));
#12164=CARTESIAN_POINT('',(-0.0026169976776878,0.000508,-0.00194563442982458));
#12165=CARTESIAN_POINT('',(0.,0.004826,0.));
#12166=CARTESIAN_POINT('',(0.,0.004953,0.));
#12167=CARTESIAN_POINT('',(0.,0.004953,0.00154750814834498));
#12168=CARTESIAN_POINT('',(0.,0.00483043223608122,0.));
#12169=CARTESIAN_POINT('',(0.,0.00483043223608122,-0.00167443078337641));
#12170=CARTESIAN_POINT('',(0.00222169431108467,0.0037592,0.00221288543708435));
#12171=CARTESIAN_POINT('',(0.00222169431108467,0.0038862,0.00221288543708435));
#12172=CARTESIAN_POINT('',(0.00222169431108467,0.0038862,0.00263198543708435));
#12173=CARTESIAN_POINT('',(0.00222169431108467,0.0037592,0.00221288543708435));
#12174=CARTESIAN_POINT('',(0.00222169431108467,0.0037592,0.00275898543708435));
#12175=CARTESIAN_POINT('',(0.00222169431108467,0.0037592,-0.00221288543708435));
#12176=CARTESIAN_POINT('',(0.00222169431108467,0.0038862,-0.00221288543708435));
#12177=CARTESIAN_POINT('',(0.00222169431108467,0.0038862,-0.00179378543708435));
#12178=CARTESIAN_POINT('',(0.00222169431108467,0.0037592,-0.00221288543708435));
#12179=CARTESIAN_POINT('',(0.00222169431108467,0.0037592,-0.00166678543708435));
#12180=CARTESIAN_POINT('',(-0.00222169431108467,0.0037592,0.00221288543708435));
#12181=CARTESIAN_POINT('',(-0.00222169431108467,0.0038862,0.00221288543708435));
#12182=CARTESIAN_POINT('',(-0.00222169431108467,0.0038862,0.00263198543708435));
#12183=CARTESIAN_POINT('',(-0.00222169431108467,0.0037592,0.00221288543708435));
#12184=CARTESIAN_POINT('',(-0.00222169431108467,0.0037592,0.00275898543708435));
#12185=CARTESIAN_POINT('',(-0.00222169431108467,0.0037592,-0.00221288543708435));
#12186=CARTESIAN_POINT('',(-0.00222169431108467,0.0038862,-0.00221288543708435));
#12187=CARTESIAN_POINT('',(-0.00222169431108467,0.0038862,-0.00179378543708435));
#12188=CARTESIAN_POINT('',(-0.00222169431108467,0.0037592,-0.00221288543708435));
#12189=CARTESIAN_POINT('',(-0.00222169431108467,0.0037592,-0.00166678543708435));
#12190=CARTESIAN_POINT('',(0.,0.004953,0.));
#12191=CARTESIAN_POINT('',(0.,0.003683,0.));
#12192=CARTESIAN_POINT('',(0.,0.003683,0.));
#12193=CARTESIAN_POINT('',(0.,0.003683,-0.0017145));
#12194=CARTESIAN_POINT('',(0.00222169431108467,0.0038862,0.00221288543708435));
#12195=CARTESIAN_POINT('',(0.00222169431108467,0.0038862,0.00221288543708435));
#12196=CARTESIAN_POINT('',(0.00222169431108467,0.003683,0.00221288543708435));
#12197=CARTESIAN_POINT('',(0.00222169431108467,0.003683,0.00166678543708435));
#12198=CARTESIAN_POINT('',(-0.00222169431108467,0.0038862,0.00221288543708435));
#12199=CARTESIAN_POINT('',(-0.00222169431108467,0.0038862,0.00221288543708435));
#12200=CARTESIAN_POINT('',(-0.00222169431108467,0.003683,0.00221288543708435));
#12201=CARTESIAN_POINT('',(-0.00222169431108467,0.003683,0.00166678543708435));
#12202=CARTESIAN_POINT('',(-0.00222169431108467,0.0038862,-0.00221288543708435));
#12203=CARTESIAN_POINT('',(-0.00222169431108467,0.0038862,-0.00221288543708435));
#12204=CARTESIAN_POINT('',(-0.00222169431108467,0.003683,-0.00221288543708435));
#12205=CARTESIAN_POINT('',(-0.00222169431108467,0.003683,-0.00275898543708435));
#12206=CARTESIAN_POINT('',(0.00222169431108467,0.0038862,-0.00221288543708435));
#12207=CARTESIAN_POINT('',(0.00222169431108467,0.0038862,-0.00221288543708435));
#12208=CARTESIAN_POINT('',(0.00222169431108467,0.003683,-0.00221288543708435));
#12209=CARTESIAN_POINT('',(0.00222169431108467,0.003683,-0.00275898543708435));
#12210=CARTESIAN_POINT('',(0.0025661976776878,500.,-0.00300355));
#12211=CARTESIAN_POINT('',(0.0025661976776878,500.,-0.00189483442982457));
#12212=CARTESIAN_POINT('',(0.00256619767768781,500.,0.00189483442982458));
#12213=CARTESIAN_POINT('',(0.0025661976776878,500.,0.00300355));
#12214=CARTESIAN_POINT('',(0.00130175,500.,0.000560941661043651));
#12215=CARTESIAN_POINT('',(0.00244130077597841,500.,0.000560941661043651));
#12216=CARTESIAN_POINT('',(0.00244130077597841,500.,0.000560941661043651));
#12217=CARTESIAN_POINT('',(0.0024413007759784,500.,-0.000560941661043648));
#12218=CARTESIAN_POINT('',(0.00130175,500.,-0.000560941661043644));
#12219=CARTESIAN_POINT('',(-0.00256619767768781,500.,0.00300355));
#12220=CARTESIAN_POINT('',(-0.00256619767768781,500.,0.00189483442982458));
#12221=CARTESIAN_POINT('',(-0.0025661976776878,500.,-0.00189483442982458));
#12222=CARTESIAN_POINT('',(-0.00256619767768779,500.,-0.00300355));
#12223=CARTESIAN_POINT('',(-0.00130175,500.,-0.000560941661043645));
#12224=CARTESIAN_POINT('',(-0.0024413007759784,500.,-0.00056094166104365));
#12225=CARTESIAN_POINT('',(-0.00244130077597841,500.,0.00056094166104365));
#12226=CARTESIAN_POINT('',(-0.00244130077597841,500.,0.00056094166104365));
#12227=CARTESIAN_POINT('',(-0.00130175,500.,0.00056094166104365));
#12228=CARTESIAN_POINT('',(-0.00297815,0.003683,0.00287655));
#12229=CARTESIAN_POINT('',(-0.00297815,0.0036322,0.00287655));
#12230=CARTESIAN_POINT('',(-0.00297815,0.0033782,0.00287655));
#12231=CARTESIAN_POINT('',(-0.00297815,0.0036322,-0.00287655));
#12232=CARTESIAN_POINT('',(-0.00297815,0.0033782,-0.00287655));
#12233=CARTESIAN_POINT('',(-0.00297815,0.0033782,0.00287655));
#12234=CARTESIAN_POINT('',(-0.00287655,0.003683,-0.00287655));
#12235=CARTESIAN_POINT('',(-0.00287655,0.0036322,-0.00297815));
#12236=CARTESIAN_POINT('',(-0.00287655,0.0033782,-0.00297815));
#12237=CARTESIAN_POINT('',(-0.00287655,0.0033782,-0.00287655));
#12238=CARTESIAN_POINT('',(-0.00287655,0.003683,-0.00297815));
#12239=CARTESIAN_POINT('',(0.00287655,0.0036322,-0.00297815));
#12240=CARTESIAN_POINT('',(0.00287655,0.0033782,-0.00297815));
#12241=CARTESIAN_POINT('',(-0.00287655,0.0033782,-0.00297815));
#12242=CARTESIAN_POINT('',(0.00287655,0.003683,-0.00287655));
#12243=CARTESIAN_POINT('',(0.00297815,0.0036322,-0.00287655));
#12244=CARTESIAN_POINT('',(0.00297815,0.0033782,-0.00287655));
#12245=CARTESIAN_POINT('',(0.00287655,0.0033782,-0.00287655));
#12246=CARTESIAN_POINT('',(0.00297815,0.003683,-0.00287655));
#12247=CARTESIAN_POINT('',(0.00297815,0.0036322,0.00287655));
#12248=CARTESIAN_POINT('',(0.00297815,0.0033782,0.00287655));
#12249=CARTESIAN_POINT('',(0.00297815,0.0033782,-0.00287655));
#12250=CARTESIAN_POINT('',(0.00287655,0.003683,0.00287655));
#12251=CARTESIAN_POINT('',(0.00287655,0.0036322,0.00297815));
#12252=CARTESIAN_POINT('',(0.00287655,0.0033782,0.00297815));
#12253=CARTESIAN_POINT('',(0.00287655,0.0033782,0.00287655));
#12254=CARTESIAN_POINT('',(0.00287655,0.003683,0.00297815));
#12255=CARTESIAN_POINT('',(-0.00287655,0.0036322,0.00297815));
#12256=CARTESIAN_POINT('',(-0.00287655,0.0033782,0.00297815));
#12257=CARTESIAN_POINT('',(0.00287655,0.0033782,0.00297815));
#12258=CARTESIAN_POINT('',(-0.00287655,0.003683,0.00287655));
#12259=CARTESIAN_POINT('',(-0.00287655,0.0033782,0.00287655));
#12260=CARTESIAN_POINT('',(0.00287655,0.0033782,0.00287655));
#12261=CARTESIAN_POINT('',(0.00287655,0.0006096,0.00300355));
#12262=CARTESIAN_POINT('',(0.00287655,0.0033782,0.00300355));
#12263=CARTESIAN_POINT('',(0.00300355,0.0033782,0.00287655));
#12264=CARTESIAN_POINT('',(0.00300355,0.0033782,0.00287655));
#12265=CARTESIAN_POINT('',(0.00287655,0.0033782,0.00287655));
#12266=CARTESIAN_POINT('',(0.00287655,0.0033782,-0.00287655));
#12267=CARTESIAN_POINT('',(0.00300355,0.0006096,-0.00287655));
#12268=CARTESIAN_POINT('',(0.00300355,0.0033782,-0.00287655));
#12269=CARTESIAN_POINT('',(0.00287655,0.0033782,-0.00300355));
#12270=CARTESIAN_POINT('',(0.00287655,0.0033782,-0.00300355));
#12271=CARTESIAN_POINT('',(0.00287655,0.0033782,-0.00287655));
#12272=CARTESIAN_POINT('',(-0.00287655,0.0033782,-0.00287655));
#12273=CARTESIAN_POINT('',(-0.00287655,0.0006096,-0.00300355));
#12274=CARTESIAN_POINT('',(-0.00287655,0.0033782,-0.00300355));
#12275=CARTESIAN_POINT('',(-0.00300355,0.0033782,-0.00287655));
#12276=CARTESIAN_POINT('',(-0.00300355,0.0033782,-0.00287655));
#12277=CARTESIAN_POINT('',(-0.00287655,0.0033782,-0.00287655));
#12278=CARTESIAN_POINT('',(-0.00287655,0.0033782,0.00287655));
#12279=CARTESIAN_POINT('',(-0.00300355,0.0006096,0.00287655));
#12280=CARTESIAN_POINT('',(-0.00300355,0.0033782,0.00287655));
#12281=CARTESIAN_POINT('',(-0.00287655,0.0033782,0.00300355));
#12282=CARTESIAN_POINT('',(-0.00287655,0.0033782,0.00300355));
#12283=CARTESIAN_POINT('',(-0.00287655,0.0033782,0.00287655));
#12284=CARTESIAN_POINT('',(0.00300355,0.0033782,-0.00300355));
#12285=CARTESIAN_POINT('',(-0.00300355,0.0033782,-0.00287655));
#12286=CARTESIAN_POINT('',(-0.00287655,0.0033782,0.00300355));
#12287=CARTESIAN_POINT('',(0.00300355,0.0033782,0.00287655));
#12288=CARTESIAN_POINT('',(0.00287655,0.0033782,-0.00300355));
#12289=CARTESIAN_POINT('',(-0.00300355,0.0033782,0.00300355));
#12290=CARTESIAN_POINT('',(-0.00300355,0.0033782,-0.00300355));
#12291=CARTESIAN_POINT('',(0.00300355,0.0005588,-0.00300355));
#12292=CARTESIAN_POINT('',(0.00300355,0.0005588,-0.00300355));
#12293=CARTESIAN_POINT('',(-0.00295275,0.0005588,-0.00194563442982458));
#12294=CARTESIAN_POINT('',(0.00300355,0.0005588,-0.00300355));
#12295=CARTESIAN_POINT('',(0.00300355,0.0005588,-0.00300355));
#12296=CARTESIAN_POINT('',(0.00295275,0.0005588,0.00194563442982458));
#12297=CARTESIAN_POINT('',(0.00300355,0.0005588,-0.00300355));
#12298=CARTESIAN_POINT('',(-0.00287655,0.003683,0.00287655));
#12299=CARTESIAN_POINT('',(-0.00130175,0.,0.00300355));
#12300=CARTESIAN_POINT('',(0.00130174999999999,0.,-0.00300355));
#12301=CARTESIAN_POINT('',(-0.00341780681842254,-0.002530832567808,0.00193675));
#12302=CARTESIAN_POINT('',(-0.00299584381051387,0.000818956698262316,0.00193675));
#12303=CARTESIAN_POINT('',(-0.00295275,0.000508000000024822,-0.00194563442982458));
#12304=CARTESIAN_POINT('',(-0.00295233523418461,0.000609013748505157,-0.00193675259362041));
#12305=CARTESIAN_POINT('',(-0.00300355000000446,0.000609210804322403,-0.00193675));
#12306=CARTESIAN_POINT('',(-0.00300333282032754,0.000604499516399992,-0.00193675));
#12307=CARTESIAN_POINT('',(-0.00301748993087993,0.000200148541369058,-0.00191384378285561));
#12308=CARTESIAN_POINT('',(-0.0030033224328093,0.000604796976003492,-0.00194563442982455));
#12309=CARTESIAN_POINT('',(-0.00295275,0.0006096,-0.00194563442982458));
#12310=CARTESIAN_POINT('',(-0.00300355,0.000508000000024822,-0.00194563442982458));
#12311=CARTESIAN_POINT('',(-0.00295275,0.0006096,0.00300355));
#12312=CARTESIAN_POINT('',(-0.0030033224328093,0.000604796976003492,-0.00194563442982455));
#12313=CARTESIAN_POINT('',(-0.00300332243280993,0.000604796975985343,-0.00264795));
#12314=CARTESIAN_POINT('',(-0.00295275,0.0006096,-0.00264795));
#12315=CARTESIAN_POINT('',(-0.00300355,0.0006096,-0.00264795));
#12316=CARTESIAN_POINT('',(-0.00300355,0.0006096,-0.00287655));
#12317=CARTESIAN_POINT('',(-0.00300355,0.0033782,0.00300355));
#12318=CARTESIAN_POINT('',(-0.00300355000000446,0.000609210804322403,-0.00193675));
#12319=CARTESIAN_POINT('',(-0.00300355,0.0006096,-0.00264795));
#12320=CARTESIAN_POINT('',(-0.00274199854045102,0.00081009222609988,-0.00264795));
#12321=CARTESIAN_POINT('',(-0.00311765992101795,-0.00266940029607177,-0.00264795));
#12322=CARTESIAN_POINT('',(-0.00342227424509338,-0.00265876292947685,-0.00264795));
#12323=CARTESIAN_POINT('',(-0.00274199854045102,0.00081009222609988,-0.00193675));
#12324=CARTESIAN_POINT('',(-0.00311765992101795,-0.00266940029607177,-0.00193675));
#12325=CARTESIAN_POINT('',(-0.00342227424509338,-0.00265876292947685,-0.00193675));
#12326=CARTESIAN_POINT('',(-0.00311319249434712,-0.00254146993440293,-0.00193675));
#12327=CARTESIAN_POINT('',(-0.0033004581345893,0.000829594064857239,-0.00193675));
#12328=CARTESIAN_POINT('',(0.00295275,0.0006096,0.00300355));
#12329=CARTESIAN_POINT('',(0.00295275,0.0006096,0.00194563442982458));
#12330=CARTESIAN_POINT('',(0.00300332243280993,0.000604796975985344,0.00194563442982458));
#12331=CARTESIAN_POINT('',(0.00300332243280993,0.000604796975985344,0.00194563442982458));
#12332=CARTESIAN_POINT('',(0.00300332243280993,0.000604796975985343,0.00264795));
#12333=CARTESIAN_POINT('',(0.00295275,0.0006096,0.00264795));
#12334=CARTESIAN_POINT('',(0.00300355,0.0006096,0.00264795));
#12335=CARTESIAN_POINT('',(0.00300355,0.0006096,0.00287655));
#12336=CARTESIAN_POINT('',(0.00295275,0.000508000000024822,0.00194563442982458));
#12337=CARTESIAN_POINT('',(0.00295233523287307,0.000609013748545887,0.00193675259362047));
#12338=CARTESIAN_POINT('',(0.00300355,0.00060921080432304,0.00193675));
#12339=CARTESIAN_POINT('',(0.00300333282032754,0.000604499516399992,0.00193675));
#12340=CARTESIAN_POINT('',(0.00301748993265414,0.000200148490655973,0.00191384377941135));
#12341=CARTESIAN_POINT('',(0.00300355,0.000508000000024822,0.00194563442982458));
#12342=CARTESIAN_POINT('',(0.00274199854045102,0.00081009222609988,0.00264795));
#12343=CARTESIAN_POINT('',(0.00311765992101795,-0.00266940029607177,0.00264795));
#12344=CARTESIAN_POINT('',(0.00342227424509338,-0.00265876292947685,0.00264795));
#12345=CARTESIAN_POINT('',(0.00300355,0.0006096,0.00264795));
#12346=CARTESIAN_POINT('',(0.00274199854045102,0.00081009222609988,0.00193675));
#12347=CARTESIAN_POINT('',(0.00311765992101795,-0.00266940029607177,0.00193675));
#12348=CARTESIAN_POINT('',(0.00300355,0.00060921080432304,0.00193675));
#12349=CARTESIAN_POINT('',(0.00342227424509338,-0.00265876292947685,0.00193675));
#12350=CARTESIAN_POINT('',(0.00311319249434712,-0.00254146993440293,0.00193675));
#12351=CARTESIAN_POINT('',(0.0033004581345893,0.000829594064857239,0.00193675));
#12352=CARTESIAN_POINT('',(0.00300355,0.0033782,0.00300355));
#12353=CARTESIAN_POINT('',(0.00341780681842254,-0.002530832567808,-0.00193675));
#12354=CARTESIAN_POINT('',(0.00299584381051387,0.000818956698262316,-0.00193675));
#12355=CARTESIAN_POINT('',(0.02290355,0.003,-0.01715));
#12356=CARTESIAN_POINT('',(0.0043,0.0075,-0.01715));
#12357=CARTESIAN_POINT('',(0.,0.,0.));
#12358=MECHANICAL_DESIGN_GEOMETRIC_PRESENTATION_REPRESENTATION('',(#6694,
#559,#560,#561,#562,#563,#564,#565,#566,#567,#568,#569,#570,#571,#572,#573,
#574,#575,#576,#577,#578,#579,#580,#581,#6695,#6696,#6697,#6698,#6699,#6700,
#6701,#582,#583,#584,#585,#586,#6702,#587,#588,#589,#590,#591,#592,#593,
#594,#595,#596,#597,#598,#599,#600,#601,#602,#603,#604,#605,#606,#607,#608,
#609,#610,#611,#612,#613,#614,#615,#616,#617,#618,#619,#620,#621,#622,#623,
#624,#625,#626,#627,#628,#629,#630,#631,#632,#633,#634,#635),#12359);
#12359=(
GEOMETRIC_REPRESENTATION_CONTEXT(3)
GLOBAL_UNCERTAINTY_ASSIGNED_CONTEXT((#12370))
GLOBAL_UNIT_ASSIGNED_CONTEXT((#12383,#12382,#12381))
REPRESENTATION_CONTEXT('Joystick Module','TOP_LEVEL_ASSEMBLY_PART')
);
#12360=(
GEOMETRIC_REPRESENTATION_CONTEXT(3)
GLOBAL_UNCERTAINTY_ASSIGNED_CONTEXT((#12371))
GLOBAL_UNIT_ASSIGNED_CONTEXT((#12383,#12382,#12381))
REPRESENTATION_CONTEXT('Solid1','COMPONENT_PART')
);
#12361=(
GEOMETRIC_REPRESENTATION_CONTEXT(3)
GLOBAL_UNCERTAINTY_ASSIGNED_CONTEXT((#12372))
GLOBAL_UNIT_ASSIGNED_CONTEXT((#12383,#12382,#12381))
REPRESENTATION_CONTEXT('Thumb Joystick <1>','COMPONENT_PART')
);
#12362=(
GEOMETRIC_REPRESENTATION_CONTEXT(3)
GLOBAL_UNCERTAINTY_ASSIGNED_CONTEXT((#12373))
GLOBAL_UNIT_ASSIGNED_CONTEXT((#12383,#12382,#12381))
REPRESENTATION_CONTEXT('Solid1','COMPONENT_PART')
);
#12363=(
GEOMETRIC_REPRESENTATION_CONTEXT(3)
GLOBAL_UNCERTAINTY_ASSIGNED_CONTEXT((#12374))
GLOBAL_UNIT_ASSIGNED_CONTEXT((#12383,#12382,#12381))
REPRESENTATION_CONTEXT('Solid4','COMPONENT_PART')
);
#12364=(
GEOMETRIC_REPRESENTATION_CONTEXT(3)
GLOBAL_UNCERTAINTY_ASSIGNED_CONTEXT((#12375))
GLOBAL_UNIT_ASSIGNED_CONTEXT((#12383,#12382,#12381))
REPRESENTATION_CONTEXT('Solid2','COMPONENT_PART')
);
#12365=(
GEOMETRIC_REPRESENTATION_CONTEXT(3)
GLOBAL_UNCERTAINTY_ASSIGNED_CONTEXT((#12376))
GLOBAL_UNIT_ASSIGNED_CONTEXT((#12383,#12382,#12381))
REPRESENTATION_CONTEXT('Solid3','COMPONENT_PART')
);
#12366=(
GEOMETRIC_REPRESENTATION_CONTEXT(3)
GLOBAL_UNCERTAINTY_ASSIGNED_CONTEXT((#12377))
GLOBAL_UNIT_ASSIGNED_CONTEXT((#12383,#12382,#12381))
REPRESENTATION_CONTEXT('Solid1','COMPONENT_PART')
);
#12367=(
GEOMETRIC_REPRESENTATION_CONTEXT(3)
GLOBAL_UNCERTAINTY_ASSIGNED_CONTEXT((#12378))
GLOBAL_UNIT_ASSIGNED_CONTEXT((#12383,#12382,#12381))
REPRESENTATION_CONTEXT('Solid2','COMPONENT_PART')
);
#12368=(
GEOMETRIC_REPRESENTATION_CONTEXT(3)
GLOBAL_UNCERTAINTY_ASSIGNED_CONTEXT((#12379))
GLOBAL_UNIT_ASSIGNED_CONTEXT((#12383,#12382,#12381))
REPRESENTATION_CONTEXT('Solid1','COMPONENT_PART')
);
#12369=(
GEOMETRIC_REPRESENTATION_CONTEXT(3)
GLOBAL_UNCERTAINTY_ASSIGNED_CONTEXT((#12380))
GLOBAL_UNIT_ASSIGNED_CONTEXT((#12383,#12382,#12381))
REPRESENTATION_CONTEXT('Solid1','COMPONENT_PART')
);
#12370=UNCERTAINTY_MEASURE_WITH_UNIT(LENGTH_MEASURE(1.E-8),#12383,
'DISTANCE_ACCURACY_VALUE','Maximum Tolerance applied to model');
#12371=UNCERTAINTY_MEASURE_WITH_UNIT(LENGTH_MEASURE(2.E-5),#12383,
'DISTANCE_ACCURACY_VALUE','Maximum Tolerance applied to model');
#12372=UNCERTAINTY_MEASURE_WITH_UNIT(LENGTH_MEASURE(1.E-8),#12383,
'DISTANCE_ACCURACY_VALUE','Maximum Tolerance applied to model');
#12373=UNCERTAINTY_MEASURE_WITH_UNIT(LENGTH_MEASURE(1.E-8),#12383,
'DISTANCE_ACCURACY_VALUE','Maximum Tolerance applied to model');
#12374=UNCERTAINTY_MEASURE_WITH_UNIT(LENGTH_MEASURE(1.E-8),#12383,
'DISTANCE_ACCURACY_VALUE','Maximum Tolerance applied to model');
#12375=UNCERTAINTY_MEASURE_WITH_UNIT(LENGTH_MEASURE(1.E-8),#12383,
'DISTANCE_ACCURACY_VALUE','Maximum Tolerance applied to model');
#12376=UNCERTAINTY_MEASURE_WITH_UNIT(LENGTH_MEASURE(1.E-8),#12383,
'DISTANCE_ACCURACY_VALUE','Maximum Tolerance applied to model');
#12377=UNCERTAINTY_MEASURE_WITH_UNIT(LENGTH_MEASURE(1.E-8),#12383,
'DISTANCE_ACCURACY_VALUE','Maximum Tolerance applied to model');
#12378=UNCERTAINTY_MEASURE_WITH_UNIT(LENGTH_MEASURE(1.E-8),#12383,
'DISTANCE_ACCURACY_VALUE','Maximum Tolerance applied to model');
#12379=UNCERTAINTY_MEASURE_WITH_UNIT(LENGTH_MEASURE(1.E-8),#12383,
'DISTANCE_ACCURACY_VALUE','Maximum Tolerance applied to model');
#12380=UNCERTAINTY_MEASURE_WITH_UNIT(LENGTH_MEASURE(1.E-8),#12383,
'DISTANCE_ACCURACY_VALUE','Maximum Tolerance applied to model');
#12381=(
NAMED_UNIT(*)
SI_UNIT($,.STERADIAN.)
SOLID_ANGLE_UNIT()
);
#12382=(
NAMED_UNIT(*)
PLANE_ANGLE_UNIT()
SI_UNIT($,.RADIAN.)
);
#12383=(
LENGTH_UNIT()
NAMED_UNIT(*)
SI_UNIT($,.METRE.)
);
#12384=PRODUCT_DEFINITION_SHAPE('','',#12409);
#12385=PRODUCT_DEFINITION_SHAPE('','',#12410);
#12386=PRODUCT_DEFINITION_SHAPE(' ','NAUO PRDDFN',#101);
#12387=PRODUCT_DEFINITION_SHAPE('','',#12411);
#12388=PRODUCT_DEFINITION_SHAPE('','',#12412);
#12389=PRODUCT_DEFINITION_SHAPE(' ','NAUO PRDDFN',#102);
#12390=PRODUCT_DEFINITION_SHAPE('','',#12413);
#12391=PRODUCT_DEFINITION_SHAPE(' ','NAUO PRDDFN',#103);
#12392=PRODUCT_DEFINITION_SHAPE('','',#12414);
#12393=PRODUCT_DEFINITION_SHAPE(' ','NAUO PRDDFN',#104);
#12394=PRODUCT_DEFINITION_SHAPE('','',#12415);
#12395=PRODUCT_DEFINITION_SHAPE(' ','NAUO PRDDFN',#105);
#12396=PRODUCT_DEFINITION_SHAPE('','',#12416);
#12397=PRODUCT_DEFINITION_SHAPE(' ','NAUO PRDDFN',#106);
#12398=PRODUCT_DEFINITION_SHAPE('','',#12417);
#12399=PRODUCT_DEFINITION_SHAPE(' ','NAUO PRDDFN',#107);
#12400=PRODUCT_DEFINITION_SHAPE(' ','NAUO PRDDFN',#108);
#12401=PRODUCT_DEFINITION_SHAPE('','',#12418);
#12402=PRODUCT_DEFINITION_SHAPE(' ','NAUO PRDDFN',#109);
#12403=PRODUCT_DEFINITION_SHAPE(' ','NAUO PRDDFN',#110);
#12404=PRODUCT_DEFINITION_SHAPE(' ','NAUO PRDDFN',#111);
#12405=PRODUCT_DEFINITION_SHAPE('','',#12419);
#12406=PRODUCT_DEFINITION_SHAPE(' ','NAUO PRDDFN',#112);
#12407=PRODUCT_DEFINITION_SHAPE(' ','NAUO PRDDFN',#113);
#12408=PRODUCT_DEFINITION_SHAPE(' ','NAUO PRDDFN',#114);
#12409=PRODUCT_DEFINITION('','',#12431,#12420);
#12410=PRODUCT_DEFINITION('','',#12432,#12421);
#12411=PRODUCT_DEFINITION('','',#12433,#12422);
#12412=PRODUCT_DEFINITION('','',#12434,#12423);
#12413=PRODUCT_DEFINITION('','',#12435,#12424);
#12414=PRODUCT_DEFINITION('','',#12436,#12425);
#12415=PRODUCT_DEFINITION('','',#12437,#12426);
#12416=PRODUCT_DEFINITION('','',#12438,#12427);
#12417=PRODUCT_DEFINITION('','',#12439,#12428);
#12418=PRODUCT_DEFINITION('','',#12440,#12429);
#12419=PRODUCT_DEFINITION('','',#12441,#12430);
#12420=PRODUCT_DEFINITION_CONTEXT('',#12487,'design');
#12421=PRODUCT_DEFINITION_CONTEXT('',#12487,'design');
#12422=PRODUCT_DEFINITION_CONTEXT('',#12487,'design');
#12423=PRODUCT_DEFINITION_CONTEXT('',#12487,'design');
#12424=PRODUCT_DEFINITION_CONTEXT('',#12487,'design');
#12425=PRODUCT_DEFINITION_CONTEXT('',#12487,'design');
#12426=PRODUCT_DEFINITION_CONTEXT('',#12487,'design');
#12427=PRODUCT_DEFINITION_CONTEXT('',#12487,'design');
#12428=PRODUCT_DEFINITION_CONTEXT('',#12487,'design');
#12429=PRODUCT_DEFINITION_CONTEXT('',#12487,'design');
#12430=PRODUCT_DEFINITION_CONTEXT('',#12487,'design');
#12431=PRODUCT_DEFINITION_FORMATION_WITH_SPECIFIED_SOURCE('','',#12453,
 .NOT_KNOWN.);
#12432=PRODUCT_DEFINITION_FORMATION_WITH_SPECIFIED_SOURCE('','',#12454,
 .NOT_KNOWN.);
#12433=PRODUCT_DEFINITION_FORMATION_WITH_SPECIFIED_SOURCE('','',#12455,
 .NOT_KNOWN.);
#12434=PRODUCT_DEFINITION_FORMATION_WITH_SPECIFIED_SOURCE('','',#12456,
 .NOT_KNOWN.);
#12435=PRODUCT_DEFINITION_FORMATION_WITH_SPECIFIED_SOURCE('','',#12457,
 .NOT_KNOWN.);
#12436=PRODUCT_DEFINITION_FORMATION_WITH_SPECIFIED_SOURCE('','',#12458,
 .NOT_KNOWN.);
#12437=PRODUCT_DEFINITION_FORMATION_WITH_SPECIFIED_SOURCE('','',#12459,
 .NOT_KNOWN.);
#12438=PRODUCT_DEFINITION_FORMATION_WITH_SPECIFIED_SOURCE('','',#12460,
 .NOT_KNOWN.);
#12439=PRODUCT_DEFINITION_FORMATION_WITH_SPECIFIED_SOURCE('','',#12461,
 .NOT_KNOWN.);
#12440=PRODUCT_DEFINITION_FORMATION_WITH_SPECIFIED_SOURCE('','',#12462,
 .NOT_KNOWN.);
#12441=PRODUCT_DEFINITION_FORMATION_WITH_SPECIFIED_SOURCE('','',#12463,
 .NOT_KNOWN.);
#12442=PRODUCT_RELATED_PRODUCT_CATEGORY('','',(#12453));
#12443=PRODUCT_RELATED_PRODUCT_CATEGORY('','',(#12454));
#12444=PRODUCT_RELATED_PRODUCT_CATEGORY('','',(#12455));
#12445=PRODUCT_RELATED_PRODUCT_CATEGORY('','',(#12456));
#12446=PRODUCT_RELATED_PRODUCT_CATEGORY('','',(#12457));
#12447=PRODUCT_RELATED_PRODUCT_CATEGORY('','',(#12458));
#12448=PRODUCT_RELATED_PRODUCT_CATEGORY('','',(#12459));
#12449=PRODUCT_RELATED_PRODUCT_CATEGORY('','',(#12460));
#12450=PRODUCT_RELATED_PRODUCT_CATEGORY('','',(#12461));
#12451=PRODUCT_RELATED_PRODUCT_CATEGORY('','',(#12462));
#12452=PRODUCT_RELATED_PRODUCT_CATEGORY('','',(#12463));
#12453=PRODUCT('Joystick Module','Joystick Module','Joystick Module',(#12475));
#12454=PRODUCT('Solid1','Solid1','Solid1',(#12476));
#12455=PRODUCT('Thumb Joystick <1>','Thumb Joystick <1>',
'Thumb Joystick <1>',(#12477));
#12456=PRODUCT('Solid1','Solid1','Solid1',(#12478));
#12457=PRODUCT('Solid4','Solid4','Solid4',(#12479));
#12458=PRODUCT('Solid2','Solid2','Solid2',(#12480));
#12459=PRODUCT('Solid3','Solid3','Solid3',(#12481));
#12460=PRODUCT('Solid1','Solid1','Solid1',(#12482));
#12461=PRODUCT('Solid2','Solid2','Solid2',(#12483));
#12462=PRODUCT('Solid1','Solid1','Solid1',(#12484));
#12463=PRODUCT('Solid1','Solid1','Solid1',(#12485));
#12464=PRODUCT_CATEGORY('','');
#12465=PRODUCT_CATEGORY('','');
#12466=PRODUCT_CATEGORY('','');
#12467=PRODUCT_CATEGORY('','');
#12468=PRODUCT_CATEGORY('','');
#12469=PRODUCT_CATEGORY('','');
#12470=PRODUCT_CATEGORY('','');
#12471=PRODUCT_CATEGORY('','');
#12472=PRODUCT_CATEGORY('','');
#12473=PRODUCT_CATEGORY('','');
#12474=PRODUCT_CATEGORY('','');
#12475=PRODUCT_CONTEXT('',#12487,'mechanical');
#12476=PRODUCT_CONTEXT('',#12487,'mechanical');
#12477=PRODUCT_CONTEXT('',#12487,'mechanical');
#12478=PRODUCT_CONTEXT('',#12487,'mechanical');
#12479=PRODUCT_CONTEXT('',#12487,'mechanical');
#12480=PRODUCT_CONTEXT('',#12487,'mechanical');
#12481=PRODUCT_CONTEXT('',#12487,'mechanical');
#12482=PRODUCT_CONTEXT('',#12487,'mechanical');
#12483=PRODUCT_CONTEXT('',#12487,'mechanical');
#12484=PRODUCT_CONTEXT('',#12487,'mechanical');
#12485=PRODUCT_CONTEXT('',#12487,'mechanical');
#12486=APPLICATION_PROTOCOL_DEFINITION('international standard',
'ap242_managed_model_based_3d_engineering',2020,#12487);
#12487=APPLICATION_CONTEXT('managed model based 3d engineering');
ENDSEC;
END-ISO-10303-21;
