ISO-10303-21;
HEADER;
/* Generated by software containing ST-Developer
 * from STEP Tools, Inc. (www.steptools.com) 
 */
/* OPTION: using custom renumber hook */

FILE_DESCRIPTION(
/* description */ ('STEP AP242 Edition 2',
'CAx-IF Rec.Pracs.---Representation and Presentation of Product Manufa
cturing Information (PMI)---4.0---2014-10-13',
'CAx-IF Rec.Pracs.---3D Tessellated Geometry---0.4---2014-09-14','2;1',
'CAx-IF Rec.Pracs.---User Defined Attributes---1.5---2016-08-15'),
/* implementation_level */ '2;1');

FILE_NAME(
/* name */ 'V7 - LSM6DS3',
/* time_stamp */ '2026-06-22T13:34:41Z',
/* author */ (''),
/* organization */ (''),
/* preprocessor_version */ 'ST-DEVELOPER v20',
/* originating_system */ 'ONSHAPE BY PTC INC, 1.216',
/* authorisation */ '  ');

FILE_SCHEMA (('AP242_MANAGED_MODEL_BASED_3D_ENGINEERING_MIM_LF { 1 0 10303 442 3 1 4 }'));
ENDSEC;

DATA;
#10=SHAPE_REPRESENTATION_RELATIONSHIP('','',#1532,#11);
#11=ADVANCED_BREP_SHAPE_REPRESENTATION('',(#1530),#2456);
#12=PLANE('',#1543);
#13=PLANE('',#1544);
#14=PLANE('',#1545);
#15=PLANE('',#1546);
#16=PLANE('',#1547);
#17=PLANE('',#1548);
#18=PLANE('',#1549);
#19=PLANE('',#1550);
#20=PLANE('',#1551);
#21=PLANE('',#1552);
#22=PLANE('',#1553);
#23=PLANE('',#1554);
#24=PLANE('',#1558);
#25=PLANE('',#1562);
#26=PLANE('',#1563);
#27=PLANE('',#1564);
#28=PLANE('',#1565);
#29=PLANE('',#1566);
#30=PLANE('',#1567);
#31=PLANE('',#1568);
#32=PLANE('',#1569);
#33=PLANE('',#1570);
#34=PLANE('',#1574);
#35=PLANE('',#1575);
#36=PLANE('',#1576);
#37=PLANE('',#1580);
#38=PLANE('',#1581);
#39=PLANE('',#1582);
#40=PLANE('',#1586);
#41=PLANE('',#1590);
#42=PLANE('',#1591);
#43=PLANE('',#1592);
#44=PLANE('',#1593);
#45=PLANE('',#1594);
#46=PLANE('',#1595);
#47=PLANE('',#1596);
#48=PLANE('',#1597);
#49=PLANE('',#1598);
#50=PLANE('',#1602);
#51=PLANE('',#1603);
#52=PLANE('',#1604);
#53=PLANE('',#1605);
#54=PLANE('',#1606);
#55=PLANE('',#1607);
#56=PLANE('',#1608);
#57=PLANE('',#1612);
#58=PLANE('',#1613);
#59=PLANE('',#1614);
#60=PLANE('',#1615);
#61=PLANE('',#1616);
#62=PLANE('',#1617);
#63=PLANE('',#1618);
#64=PLANE('',#1619);
#65=PLANE('',#1620);
#66=PLANE('',#1621);
#67=PLANE('',#1622);
#68=PLANE('',#1623);
#69=PLANE('',#1624);
#70=PLANE('',#1625);
#71=PLANE('',#1626);
#72=PLANE('',#1627);
#73=PLANE('',#1629);
#74=LINE('',#2026,#265);
#75=LINE('',#2030,#266);
#76=LINE('',#2032,#267);
#77=LINE('',#2037,#268);
#78=LINE('',#2041,#269);
#79=LINE('',#2046,#270);
#80=LINE('',#2050,#271);
#81=LINE('',#2053,#272);
#82=LINE('',#2055,#273);
#83=LINE('',#2057,#274);
#84=LINE('',#2059,#275);
#85=LINE('',#2061,#276);
#86=LINE('',#2063,#277);
#87=LINE('',#2065,#278);
#88=LINE('',#2067,#279);
#89=LINE('',#2069,#280);
#90=LINE('',#2071,#281);
#91=LINE('',#2073,#282);
#92=LINE('',#2075,#283);
#93=LINE('',#2077,#284);
#94=LINE('',#2079,#285);
#95=LINE('',#2081,#286);
#96=LINE('',#2083,#287);
#97=LINE('',#2085,#288);
#98=LINE('',#2087,#289);
#99=LINE('',#2089,#290);
#100=LINE('',#2091,#291);
#101=LINE('',#2093,#292);
#102=LINE('',#2095,#293);
#103=LINE('',#2097,#294);
#104=LINE('',#2099,#295);
#105=LINE('',#2101,#296);
#106=LINE('',#2103,#297);
#107=LINE('',#2105,#298);
#108=LINE('',#2107,#299);
#109=LINE('',#2109,#300);
#110=LINE('',#2111,#301);
#111=LINE('',#2113,#302);
#112=LINE('',#2115,#303);
#113=LINE('',#2117,#304);
#114=LINE('',#2119,#305);
#115=LINE('',#2122,#306);
#116=LINE('',#2124,#307);
#117=LINE('',#2126,#308);
#118=LINE('',#2130,#309);
#119=LINE('',#2134,#310);
#120=LINE('',#2136,#311);
#121=LINE('',#2138,#312);
#122=LINE('',#2142,#313);
#123=LINE('',#2146,#314);
#124=LINE('',#2148,#315);
#125=LINE('',#2150,#316);
#126=LINE('',#2152,#317);
#127=LINE('',#2154,#318);
#128=LINE('',#2156,#319);
#129=LINE('',#2158,#320);
#130=LINE('',#2160,#321);
#131=LINE('',#2162,#322);
#132=LINE('',#2164,#323);
#133=LINE('',#2166,#324);
#134=LINE('',#2168,#325);
#135=LINE('',#2170,#326);
#136=LINE('',#2172,#327);
#137=LINE('',#2174,#328);
#138=LINE('',#2176,#329);
#139=LINE('',#2178,#330);
#140=LINE('',#2180,#331);
#141=LINE('',#2182,#332);
#142=LINE('',#2184,#333);
#143=LINE('',#2186,#334);
#144=LINE('',#2188,#335);
#145=LINE('',#2190,#336);
#146=LINE('',#2192,#337);
#147=LINE('',#2194,#338);
#148=LINE('',#2196,#339);
#149=LINE('',#2198,#340);
#150=LINE('',#2203,#341);
#151=LINE('',#2205,#342);
#152=LINE('',#2207,#343);
#153=LINE('',#2209,#344);
#154=LINE('',#2211,#345);
#155=LINE('',#2213,#346);
#156=LINE('',#2215,#347);
#157=LINE('',#2216,#348);
#158=LINE('',#2222,#349);
#159=LINE('',#2224,#350);
#160=LINE('',#2226,#351);
#161=LINE('',#2228,#352);
#162=LINE('',#2230,#353);
#163=LINE('',#2233,#354);
#164=LINE('',#2235,#355);
#165=LINE('',#2237,#356);
#166=LINE('',#2239,#357);
#167=LINE('',#2241,#358);
#168=LINE('',#2243,#359);
#169=LINE('',#2247,#360);
#170=LINE('',#2251,#361);
#171=LINE('',#2253,#362);
#172=LINE('',#2255,#363);
#173=LINE('',#2259,#364);
#174=LINE('',#2263,#365);
#175=LINE('',#2265,#366);
#176=LINE('',#2267,#367);
#177=LINE('',#2269,#368);
#178=LINE('',#2271,#369);
#179=LINE('',#2273,#370);
#180=LINE('',#2275,#371);
#181=LINE('',#2277,#372);
#182=LINE('',#2279,#373);
#183=LINE('',#2281,#374);
#184=LINE('',#2283,#375);
#185=LINE('',#2285,#376);
#186=LINE('',#2287,#377);
#187=LINE('',#2289,#378);
#188=LINE('',#2291,#379);
#189=LINE('',#2293,#380);
#190=LINE('',#2295,#381);
#191=LINE('',#2297,#382);
#192=LINE('',#2299,#383);
#193=LINE('',#2301,#384);
#194=LINE('',#2303,#385);
#195=LINE('',#2305,#386);
#196=LINE('',#2307,#387);
#197=LINE('',#2309,#388);
#198=LINE('',#2311,#389);
#199=LINE('',#2313,#390);
#200=LINE('',#2315,#391);
#201=LINE('',#2319,#392);
#202=LINE('',#2323,#393);
#203=LINE('',#2325,#394);
#204=LINE('',#2327,#395);
#205=LINE('',#2329,#396);
#206=LINE('',#2331,#397);
#207=LINE('',#2333,#398);
#208=LINE('',#2335,#399);
#209=LINE('',#2337,#400);
#210=LINE('',#2339,#401);
#211=LINE('',#2341,#402);
#212=LINE('',#2343,#403);
#213=LINE('',#2345,#404);
#214=LINE('',#2347,#405);
#215=LINE('',#2349,#406);
#216=LINE('',#2351,#407);
#217=LINE('',#2353,#408);
#218=LINE('',#2355,#409);
#219=LINE('',#2357,#410);
#220=LINE('',#2359,#411);
#221=LINE('',#2361,#412);
#222=LINE('',#2363,#413);
#223=LINE('',#2367,#414);
#224=LINE('',#2371,#415);
#225=LINE('',#2373,#416);
#226=LINE('',#2375,#417);
#227=LINE('',#2377,#418);
#228=LINE('',#2379,#419);
#229=LINE('',#2381,#420);
#230=LINE('',#2383,#421);
#231=LINE('',#2385,#422);
#232=LINE('',#2387,#423);
#233=LINE('',#2389,#424);
#234=LINE('',#2391,#425);
#235=LINE('',#2393,#426);
#236=LINE('',#2395,#427);
#237=LINE('',#2397,#428);
#238=LINE('',#2399,#429);
#239=LINE('',#2401,#430);
#240=LINE('',#2403,#431);
#241=LINE('',#2405,#432);
#242=LINE('',#2407,#433);
#243=LINE('',#2409,#434);
#244=LINE('',#2411,#435);
#245=LINE('',#2413,#436);
#246=LINE('',#2414,#437);
#247=LINE('',#2416,#438);
#248=LINE('',#2419,#439);
#249=LINE('',#2421,#440);
#250=LINE('',#2423,#441);
#251=LINE('',#2425,#442);
#252=LINE('',#2427,#443);
#253=LINE('',#2429,#444);
#254=LINE('',#2431,#445);
#255=LINE('',#2433,#446);
#256=LINE('',#2435,#447);
#257=LINE('',#2437,#448);
#258=LINE('',#2438,#449);
#259=LINE('',#2440,#450);
#260=LINE('',#2441,#451);
#261=LINE('',#2443,#452);
#262=LINE('',#2444,#453);
#263=LINE('',#2446,#454);
#264=LINE('',#2447,#455);
#265=VECTOR('',#1638,1.);
#266=VECTOR('',#1641,1.);
#267=VECTOR('',#1644,1.);
#268=VECTOR('',#1647,1.);
#269=VECTOR('',#1652,1.);
#270=VECTOR('',#1655,1.);
#271=VECTOR('',#1660,1.);
#272=VECTOR('',#1661,1.);
#273=VECTOR('',#1662,1.);
#274=VECTOR('',#1663,1.);
#275=VECTOR('',#1666,1.);
#276=VECTOR('',#1667,1.);
#277=VECTOR('',#1668,1.);
#278=VECTOR('',#1671,1.);
#279=VECTOR('',#1672,1.);
#280=VECTOR('',#1673,1.);
#281=VECTOR('',#1676,1.);
#282=VECTOR('',#1677,1.);
#283=VECTOR('',#1678,1.);
#284=VECTOR('',#1681,1.);
#285=VECTOR('',#1682,1.);
#286=VECTOR('',#1683,1.);
#287=VECTOR('',#1686,1.);
#288=VECTOR('',#1687,1.);
#289=VECTOR('',#1688,1.);
#290=VECTOR('',#1691,1.);
#291=VECTOR('',#1692,1.);
#292=VECTOR('',#1693,1.);
#293=VECTOR('',#1696,1.);
#294=VECTOR('',#1697,1.);
#295=VECTOR('',#1698,1.);
#296=VECTOR('',#1701,1.);
#297=VECTOR('',#1702,1.);
#298=VECTOR('',#1703,1.);
#299=VECTOR('',#1706,1.);
#300=VECTOR('',#1707,1.);
#301=VECTOR('',#1708,1.);
#302=VECTOR('',#1711,1.);
#303=VECTOR('',#1712,1.);
#304=VECTOR('',#1713,1.);
#305=VECTOR('',#1716,1.);
#306=VECTOR('',#1717,1.);
#307=VECTOR('',#1718,1.);
#308=VECTOR('',#1719,1.);
#309=VECTOR('',#1724,1.);
#310=VECTOR('',#1729,1.);
#311=VECTOR('',#1730,1.);
#312=VECTOR('',#1731,1.);
#313=VECTOR('',#1736,1.);
#314=VECTOR('',#1741,1.);
#315=VECTOR('',#1742,1.);
#316=VECTOR('',#1743,1.);
#317=VECTOR('',#1746,1.);
#318=VECTOR('',#1747,1.);
#319=VECTOR('',#1748,1.);
#320=VECTOR('',#1751,1.);
#321=VECTOR('',#1752,1.);
#322=VECTOR('',#1753,1.);
#323=VECTOR('',#1756,1.);
#324=VECTOR('',#1757,1.);
#325=VECTOR('',#1758,1.);
#326=VECTOR('',#1761,1.);
#327=VECTOR('',#1762,1.);
#328=VECTOR('',#1763,1.);
#329=VECTOR('',#1766,1.);
#330=VECTOR('',#1767,1.);
#331=VECTOR('',#1768,1.);
#332=VECTOR('',#1771,1.);
#333=VECTOR('',#1772,1.);
#334=VECTOR('',#1773,1.);
#335=VECTOR('',#1776,1.);
#336=VECTOR('',#1777,1.);
#337=VECTOR('',#1778,1.);
#338=VECTOR('',#1781,1.);
#339=VECTOR('',#1782,1.);
#340=VECTOR('',#1783,1.);
#341=VECTOR('',#1792,1.);
#342=VECTOR('',#1793,1.);
#343=VECTOR('',#1794,1.);
#344=VECTOR('',#1797,1.);
#345=VECTOR('',#1798,1.);
#346=VECTOR('',#1799,1.);
#347=VECTOR('',#1802,1.);
#348=VECTOR('',#1803,1.);
#349=VECTOR('',#1810,1.);
#350=VECTOR('',#1813,1.);
#351=VECTOR('',#1814,1.);
#352=VECTOR('',#1815,1.);
#353=VECTOR('',#1818,1.);
#354=VECTOR('',#1819,1.);
#355=VECTOR('',#1820,1.);
#356=VECTOR('',#1821,1.);
#357=VECTOR('',#1824,1.);
#358=VECTOR('',#1825,1.);
#359=VECTOR('',#1826,1.);
#360=VECTOR('',#1831,1.);
#361=VECTOR('',#1836,1.);
#362=VECTOR('',#1837,1.);
#363=VECTOR('',#1838,1.);
#364=VECTOR('',#1843,1.);
#365=VECTOR('',#1848,1.);
#366=VECTOR('',#1849,1.);
#367=VECTOR('',#1850,1.);
#368=VECTOR('',#1853,1.);
#369=VECTOR('',#1854,1.);
#370=VECTOR('',#1855,1.);
#371=VECTOR('',#1858,1.);
#372=VECTOR('',#1859,1.);
#373=VECTOR('',#1860,1.);
#374=VECTOR('',#1863,1.);
#375=VECTOR('',#1864,1.);
#376=VECTOR('',#1865,1.);
#377=VECTOR('',#1868,1.);
#378=VECTOR('',#1869,1.);
#379=VECTOR('',#1870,1.);
#380=VECTOR('',#1873,1.);
#381=VECTOR('',#1874,1.);
#382=VECTOR('',#1875,1.);
#383=VECTOR('',#1878,1.);
#384=VECTOR('',#1879,1.);
#385=VECTOR('',#1880,1.);
#386=VECTOR('',#1883,1.);
#387=VECTOR('',#1884,1.);
#388=VECTOR('',#1885,1.);
#389=VECTOR('',#1888,1.);
#390=VECTOR('',#1889,1.);
#391=VECTOR('',#1890,1.);
#392=VECTOR('',#1895,1.);
#393=VECTOR('',#1900,1.);
#394=VECTOR('',#1901,1.);
#395=VECTOR('',#1902,1.);
#396=VECTOR('',#1905,1.);
#397=VECTOR('',#1906,1.);
#398=VECTOR('',#1907,1.);
#399=VECTOR('',#1910,1.);
#400=VECTOR('',#1911,1.);
#401=VECTOR('',#1912,1.);
#402=VECTOR('',#1915,1.);
#403=VECTOR('',#1916,1.);
#404=VECTOR('',#1917,1.);
#405=VECTOR('',#1920,1.);
#406=VECTOR('',#1921,1.);
#407=VECTOR('',#1922,1.);
#408=VECTOR('',#1925,1.);
#409=VECTOR('',#1926,1.);
#410=VECTOR('',#1927,1.);
#411=VECTOR('',#1930,1.);
#412=VECTOR('',#1931,1.);
#413=VECTOR('',#1932,1.);
#414=VECTOR('',#1937,1.);
#415=VECTOR('',#1942,1.);
#416=VECTOR('',#1943,1.);
#417=VECTOR('',#1944,1.);
#418=VECTOR('',#1947,1.);
#419=VECTOR('',#1948,1.);
#420=VECTOR('',#1949,1.);
#421=VECTOR('',#1952,1.);
#422=VECTOR('',#1953,1.);
#423=VECTOR('',#1954,1.);
#424=VECTOR('',#1957,1.);
#425=VECTOR('',#1958,1.);
#426=VECTOR('',#1959,1.);
#427=VECTOR('',#1962,1.);
#428=VECTOR('',#1963,1.);
#429=VECTOR('',#1964,1.);
#430=VECTOR('',#1967,1.);
#431=VECTOR('',#1968,1.);
#432=VECTOR('',#1969,1.);
#433=VECTOR('',#1972,1.);
#434=VECTOR('',#1973,1.);
#435=VECTOR('',#1974,1.);
#436=VECTOR('',#1977,1.);
#437=VECTOR('',#1978,1.);
#438=VECTOR('',#1981,1.);
#439=VECTOR('',#1982,1.);
#440=VECTOR('',#1983,1.);
#441=VECTOR('',#1984,1.);
#442=VECTOR('',#1987,1.);
#443=VECTOR('',#1988,1.);
#444=VECTOR('',#1989,1.);
#445=VECTOR('',#1992,1.);
#446=VECTOR('',#1993,1.);
#447=VECTOR('',#1994,1.);
#448=VECTOR('',#1997,1.);
#449=VECTOR('',#1998,1.);
#450=VECTOR('',#2001,1.);
#451=VECTOR('',#2002,1.);
#452=VECTOR('',#2005,1.);
#453=VECTOR('',#2006,1.);
#454=VECTOR('',#2009,1.);
#455=VECTOR('',#2010,1.);
#456=ORIENTED_EDGE('',*,*,#886,.F.);
#457=ORIENTED_EDGE('',*,*,#887,.T.);
#458=ORIENTED_EDGE('',*,*,#888,.F.);
#459=ORIENTED_EDGE('',*,*,#889,.F.);
#460=ORIENTED_EDGE('',*,*,#890,.F.);
#461=ORIENTED_EDGE('',*,*,#891,.F.);
#462=ORIENTED_EDGE('',*,*,#892,.T.);
#463=ORIENTED_EDGE('',*,*,#893,.F.);
#464=ORIENTED_EDGE('',*,*,#894,.F.);
#465=ORIENTED_EDGE('',*,*,#895,.F.);
#466=ORIENTED_EDGE('',*,*,#896,.T.);
#467=ORIENTED_EDGE('',*,*,#897,.F.);
#468=ORIENTED_EDGE('',*,*,#898,.T.);
#469=ORIENTED_EDGE('',*,*,#899,.F.);
#470=ORIENTED_EDGE('',*,*,#900,.F.);
#471=ORIENTED_EDGE('',*,*,#901,.T.);
#472=ORIENTED_EDGE('',*,*,#902,.T.);
#473=ORIENTED_EDGE('',*,*,#903,.F.);
#474=ORIENTED_EDGE('',*,*,#904,.F.);
#475=ORIENTED_EDGE('',*,*,#899,.T.);
#476=ORIENTED_EDGE('',*,*,#905,.T.);
#477=ORIENTED_EDGE('',*,*,#906,.F.);
#478=ORIENTED_EDGE('',*,*,#907,.F.);
#479=ORIENTED_EDGE('',*,*,#903,.T.);
#480=ORIENTED_EDGE('',*,*,#908,.T.);
#481=ORIENTED_EDGE('',*,*,#909,.F.);
#482=ORIENTED_EDGE('',*,*,#910,.F.);
#483=ORIENTED_EDGE('',*,*,#906,.T.);
#484=ORIENTED_EDGE('',*,*,#911,.T.);
#485=ORIENTED_EDGE('',*,*,#912,.F.);
#486=ORIENTED_EDGE('',*,*,#913,.F.);
#487=ORIENTED_EDGE('',*,*,#909,.T.);
#488=ORIENTED_EDGE('',*,*,#914,.T.);
#489=ORIENTED_EDGE('',*,*,#915,.F.);
#490=ORIENTED_EDGE('',*,*,#916,.F.);
#491=ORIENTED_EDGE('',*,*,#912,.T.);
#492=ORIENTED_EDGE('',*,*,#917,.T.);
#493=ORIENTED_EDGE('',*,*,#918,.F.);
#494=ORIENTED_EDGE('',*,*,#919,.F.);
#495=ORIENTED_EDGE('',*,*,#915,.T.);
#496=ORIENTED_EDGE('',*,*,#920,.T.);
#497=ORIENTED_EDGE('',*,*,#921,.F.);
#498=ORIENTED_EDGE('',*,*,#922,.F.);
#499=ORIENTED_EDGE('',*,*,#918,.T.);
#500=ORIENTED_EDGE('',*,*,#923,.T.);
#501=ORIENTED_EDGE('',*,*,#924,.F.);
#502=ORIENTED_EDGE('',*,*,#925,.F.);
#503=ORIENTED_EDGE('',*,*,#921,.T.);
#504=ORIENTED_EDGE('',*,*,#926,.T.);
#505=ORIENTED_EDGE('',*,*,#927,.F.);
#506=ORIENTED_EDGE('',*,*,#928,.F.);
#507=ORIENTED_EDGE('',*,*,#924,.T.);
#508=ORIENTED_EDGE('',*,*,#929,.T.);
#509=ORIENTED_EDGE('',*,*,#930,.F.);
#510=ORIENTED_EDGE('',*,*,#931,.F.);
#511=ORIENTED_EDGE('',*,*,#927,.T.);
#512=ORIENTED_EDGE('',*,*,#932,.T.);
#513=ORIENTED_EDGE('',*,*,#933,.F.);
#514=ORIENTED_EDGE('',*,*,#934,.F.);
#515=ORIENTED_EDGE('',*,*,#935,.T.);
#516=ORIENTED_EDGE('',*,*,#936,.T.);
#517=ORIENTED_EDGE('',*,*,#937,.F.);
#518=ORIENTED_EDGE('',*,*,#938,.F.);
#519=ORIENTED_EDGE('',*,*,#933,.T.);
#520=ORIENTED_EDGE('',*,*,#939,.T.);
#521=ORIENTED_EDGE('',*,*,#940,.F.);
#522=ORIENTED_EDGE('',*,*,#941,.F.);
#523=ORIENTED_EDGE('',*,*,#937,.T.);
#524=ORIENTED_EDGE('',*,*,#942,.T.);
#525=ORIENTED_EDGE('',*,*,#943,.F.);
#526=ORIENTED_EDGE('',*,*,#944,.F.);
#527=ORIENTED_EDGE('',*,*,#940,.T.);
#528=ORIENTED_EDGE('',*,*,#945,.T.);
#529=ORIENTED_EDGE('',*,*,#946,.F.);
#530=ORIENTED_EDGE('',*,*,#947,.F.);
#531=ORIENTED_EDGE('',*,*,#943,.T.);
#532=ORIENTED_EDGE('',*,*,#948,.T.);
#533=ORIENTED_EDGE('',*,*,#949,.F.);
#534=ORIENTED_EDGE('',*,*,#950,.F.);
#535=ORIENTED_EDGE('',*,*,#946,.T.);
#536=ORIENTED_EDGE('',*,*,#951,.T.);
#537=ORIENTED_EDGE('',*,*,#952,.F.);
#538=ORIENTED_EDGE('',*,*,#953,.F.);
#539=ORIENTED_EDGE('',*,*,#949,.T.);
#540=ORIENTED_EDGE('',*,*,#954,.T.);
#541=ORIENTED_EDGE('',*,*,#955,.F.);
#542=ORIENTED_EDGE('',*,*,#956,.F.);
#543=ORIENTED_EDGE('',*,*,#952,.T.);
#544=ORIENTED_EDGE('',*,*,#957,.T.);
#545=ORIENTED_EDGE('',*,*,#958,.F.);
#546=ORIENTED_EDGE('',*,*,#959,.F.);
#547=ORIENTED_EDGE('',*,*,#955,.T.);
#548=ORIENTED_EDGE('',*,*,#960,.T.);
#549=ORIENTED_EDGE('',*,*,#961,.F.);
#550=ORIENTED_EDGE('',*,*,#962,.F.);
#551=ORIENTED_EDGE('',*,*,#958,.T.);
#552=ORIENTED_EDGE('',*,*,#963,.T.);
#553=ORIENTED_EDGE('',*,*,#964,.F.);
#554=ORIENTED_EDGE('',*,*,#965,.F.);
#555=ORIENTED_EDGE('',*,*,#961,.T.);
#556=ORIENTED_EDGE('',*,*,#966,.T.);
#557=ORIENTED_EDGE('',*,*,#967,.F.);
#558=ORIENTED_EDGE('',*,*,#968,.F.);
#559=ORIENTED_EDGE('',*,*,#964,.T.);
#560=ORIENTED_EDGE('',*,*,#969,.T.);
#561=ORIENTED_EDGE('',*,*,#970,.F.);
#562=ORIENTED_EDGE('',*,*,#971,.F.);
#563=ORIENTED_EDGE('',*,*,#967,.T.);
#564=ORIENTED_EDGE('',*,*,#896,.F.);
#565=ORIENTED_EDGE('',*,*,#972,.F.);
#566=ORIENTED_EDGE('',*,*,#970,.T.);
#567=ORIENTED_EDGE('',*,*,#973,.T.);
#568=ORIENTED_EDGE('',*,*,#974,.F.);
#569=ORIENTED_EDGE('',*,*,#894,.T.);
#570=ORIENTED_EDGE('',*,*,#975,.T.);
#571=ORIENTED_EDGE('',*,*,#976,.F.);
#572=ORIENTED_EDGE('',*,*,#977,.T.);
#573=ORIENTED_EDGE('',*,*,#978,.F.);
#574=ORIENTED_EDGE('',*,*,#979,.F.);
#575=ORIENTED_EDGE('',*,*,#976,.T.);
#576=ORIENTED_EDGE('',*,*,#892,.F.);
#577=ORIENTED_EDGE('',*,*,#980,.F.);
#578=ORIENTED_EDGE('',*,*,#978,.T.);
#579=ORIENTED_EDGE('',*,*,#981,.T.);
#580=ORIENTED_EDGE('',*,*,#982,.F.);
#581=ORIENTED_EDGE('',*,*,#889,.T.);
#582=ORIENTED_EDGE('',*,*,#983,.T.);
#583=ORIENTED_EDGE('',*,*,#984,.F.);
#584=ORIENTED_EDGE('',*,*,#985,.T.);
#585=ORIENTED_EDGE('',*,*,#986,.F.);
#586=ORIENTED_EDGE('',*,*,#987,.F.);
#587=ORIENTED_EDGE('',*,*,#984,.T.);
#588=ORIENTED_EDGE('',*,*,#988,.T.);
#589=ORIENTED_EDGE('',*,*,#989,.F.);
#590=ORIENTED_EDGE('',*,*,#990,.F.);
#591=ORIENTED_EDGE('',*,*,#991,.T.);
#592=ORIENTED_EDGE('',*,*,#992,.T.);
#593=ORIENTED_EDGE('',*,*,#993,.F.);
#594=ORIENTED_EDGE('',*,*,#994,.F.);
#595=ORIENTED_EDGE('',*,*,#989,.T.);
#596=ORIENTED_EDGE('',*,*,#995,.T.);
#597=ORIENTED_EDGE('',*,*,#996,.F.);
#598=ORIENTED_EDGE('',*,*,#997,.F.);
#599=ORIENTED_EDGE('',*,*,#993,.T.);
#600=ORIENTED_EDGE('',*,*,#998,.T.);
#601=ORIENTED_EDGE('',*,*,#999,.F.);
#602=ORIENTED_EDGE('',*,*,#1000,.F.);
#603=ORIENTED_EDGE('',*,*,#996,.T.);
#604=ORIENTED_EDGE('',*,*,#1001,.T.);
#605=ORIENTED_EDGE('',*,*,#1002,.F.);
#606=ORIENTED_EDGE('',*,*,#1003,.F.);
#607=ORIENTED_EDGE('',*,*,#999,.T.);
#608=ORIENTED_EDGE('',*,*,#1004,.T.);
#609=ORIENTED_EDGE('',*,*,#1005,.F.);
#610=ORIENTED_EDGE('',*,*,#1006,.F.);
#611=ORIENTED_EDGE('',*,*,#1002,.T.);
#612=ORIENTED_EDGE('',*,*,#1007,.T.);
#613=ORIENTED_EDGE('',*,*,#1008,.F.);
#614=ORIENTED_EDGE('',*,*,#1009,.F.);
#615=ORIENTED_EDGE('',*,*,#1005,.T.);
#616=ORIENTED_EDGE('',*,*,#1010,.T.);
#617=ORIENTED_EDGE('',*,*,#1011,.F.);
#618=ORIENTED_EDGE('',*,*,#1012,.F.);
#619=ORIENTED_EDGE('',*,*,#1008,.T.);
#620=ORIENTED_EDGE('',*,*,#1013,.T.);
#621=ORIENTED_EDGE('',*,*,#1014,.F.);
#622=ORIENTED_EDGE('',*,*,#1015,.F.);
#623=ORIENTED_EDGE('',*,*,#1011,.T.);
#624=ORIENTED_EDGE('',*,*,#1016,.T.);
#625=ORIENTED_EDGE('',*,*,#1017,.F.);
#626=ORIENTED_EDGE('',*,*,#1018,.F.);
#627=ORIENTED_EDGE('',*,*,#1014,.T.);
#628=ORIENTED_EDGE('',*,*,#1019,.T.);
#629=ORIENTED_EDGE('',*,*,#1020,.F.);
#630=ORIENTED_EDGE('',*,*,#1021,.F.);
#631=ORIENTED_EDGE('',*,*,#1017,.T.);
#632=ORIENTED_EDGE('',*,*,#1022,.T.);
#633=ORIENTED_EDGE('',*,*,#1023,.F.);
#634=ORIENTED_EDGE('',*,*,#1024,.F.);
#635=ORIENTED_EDGE('',*,*,#1020,.T.);
#636=ORIENTED_EDGE('',*,*,#1025,.T.);
#637=ORIENTED_EDGE('',*,*,#1026,.F.);
#638=ORIENTED_EDGE('',*,*,#1027,.F.);
#639=ORIENTED_EDGE('',*,*,#1023,.T.);
#640=ORIENTED_EDGE('',*,*,#1028,.T.);
#641=ORIENTED_EDGE('',*,*,#1029,.F.);
#642=ORIENTED_EDGE('',*,*,#1030,.F.);
#643=ORIENTED_EDGE('',*,*,#1026,.T.);
#644=ORIENTED_EDGE('',*,*,#1031,.T.);
#645=ORIENTED_EDGE('',*,*,#1032,.F.);
#646=ORIENTED_EDGE('',*,*,#1033,.F.);
#647=ORIENTED_EDGE('',*,*,#1029,.T.);
#648=ORIENTED_EDGE('',*,*,#1034,.T.);
#649=ORIENTED_EDGE('',*,*,#1035,.F.);
#650=ORIENTED_EDGE('',*,*,#1036,.F.);
#651=ORIENTED_EDGE('',*,*,#1032,.T.);
#652=ORIENTED_EDGE('',*,*,#1037,.T.);
#653=ORIENTED_EDGE('',*,*,#1038,.F.);
#654=ORIENTED_EDGE('',*,*,#1039,.F.);
#655=ORIENTED_EDGE('',*,*,#1035,.T.);
#656=ORIENTED_EDGE('',*,*,#1040,.T.);
#657=ORIENTED_EDGE('',*,*,#1041,.F.);
#658=ORIENTED_EDGE('',*,*,#1042,.F.);
#659=ORIENTED_EDGE('',*,*,#1038,.T.);
#660=ORIENTED_EDGE('',*,*,#1043,.T.);
#661=ORIENTED_EDGE('',*,*,#1044,.F.);
#662=ORIENTED_EDGE('',*,*,#1045,.F.);
#663=ORIENTED_EDGE('',*,*,#1041,.T.);
#664=ORIENTED_EDGE('',*,*,#1046,.T.);
#665=ORIENTED_EDGE('',*,*,#1047,.F.);
#666=ORIENTED_EDGE('',*,*,#1048,.F.);
#667=ORIENTED_EDGE('',*,*,#1044,.T.);
#668=ORIENTED_EDGE('',*,*,#1049,.T.);
#669=ORIENTED_EDGE('',*,*,#1050,.F.);
#670=ORIENTED_EDGE('',*,*,#1051,.F.);
#671=ORIENTED_EDGE('',*,*,#1047,.T.);
#672=ORIENTED_EDGE('',*,*,#1052,.T.);
#673=ORIENTED_EDGE('',*,*,#1053,.F.);
#674=ORIENTED_EDGE('',*,*,#1054,.F.);
#675=ORIENTED_EDGE('',*,*,#1050,.T.);
#676=ORIENTED_EDGE('',*,*,#1055,.T.);
#677=ORIENTED_EDGE('',*,*,#1056,.F.);
#678=ORIENTED_EDGE('',*,*,#1057,.F.);
#679=ORIENTED_EDGE('',*,*,#1053,.T.);
#680=ORIENTED_EDGE('',*,*,#1058,.F.);
#681=ORIENTED_EDGE('',*,*,#890,.T.);
#682=ORIENTED_EDGE('',*,*,#1059,.T.);
#683=ORIENTED_EDGE('',*,*,#1060,.F.);
#684=ORIENTED_EDGE('',*,*,#1061,.T.);
#685=ORIENTED_EDGE('',*,*,#1062,.F.);
#686=ORIENTED_EDGE('',*,*,#1063,.F.);
#687=ORIENTED_EDGE('',*,*,#1060,.T.);
#688=ORIENTED_EDGE('',*,*,#1064,.T.);
#689=ORIENTED_EDGE('',*,*,#1065,.F.);
#690=ORIENTED_EDGE('',*,*,#1066,.F.);
#691=ORIENTED_EDGE('',*,*,#1062,.T.);
#692=ORIENTED_EDGE('',*,*,#1067,.T.);
#693=ORIENTED_EDGE('',*,*,#1068,.F.);
#694=ORIENTED_EDGE('',*,*,#1069,.F.);
#695=ORIENTED_EDGE('',*,*,#1065,.T.);
#696=ORIENTED_EDGE('',*,*,#1070,.T.);
#697=ORIENTED_EDGE('',*,*,#1071,.F.);
#698=ORIENTED_EDGE('',*,*,#1072,.F.);
#699=ORIENTED_EDGE('',*,*,#1068,.T.);
#700=ORIENTED_EDGE('',*,*,#1073,.T.);
#701=ORIENTED_EDGE('',*,*,#1074,.F.);
#702=ORIENTED_EDGE('',*,*,#1075,.F.);
#703=ORIENTED_EDGE('',*,*,#1071,.T.);
#704=ORIENTED_EDGE('',*,*,#1076,.T.);
#705=ORIENTED_EDGE('',*,*,#1077,.F.);
#706=ORIENTED_EDGE('',*,*,#1078,.F.);
#707=ORIENTED_EDGE('',*,*,#1074,.T.);
#708=ORIENTED_EDGE('',*,*,#887,.F.);
#709=ORIENTED_EDGE('',*,*,#1079,.F.);
#710=ORIENTED_EDGE('',*,*,#1077,.T.);
#711=ORIENTED_EDGE('',*,*,#1080,.T.);
#712=ORIENTED_EDGE('',*,*,#1081,.F.);
#713=ORIENTED_EDGE('',*,*,#1082,.F.);
#714=ORIENTED_EDGE('',*,*,#1083,.T.);
#715=ORIENTED_EDGE('',*,*,#1084,.T.);
#716=ORIENTED_EDGE('',*,*,#1085,.T.);
#717=ORIENTED_EDGE('',*,*,#1086,.F.);
#718=ORIENTED_EDGE('',*,*,#1087,.F.);
#719=ORIENTED_EDGE('',*,*,#1082,.T.);
#720=ORIENTED_EDGE('',*,*,#1088,.T.);
#721=ORIENTED_EDGE('',*,*,#1089,.F.);
#722=ORIENTED_EDGE('',*,*,#1090,.F.);
#723=ORIENTED_EDGE('',*,*,#1086,.T.);
#724=ORIENTED_EDGE('',*,*,#1091,.T.);
#725=ORIENTED_EDGE('',*,*,#935,.F.);
#726=ORIENTED_EDGE('',*,*,#1092,.F.);
#727=ORIENTED_EDGE('',*,*,#986,.T.);
#728=ORIENTED_EDGE('',*,*,#1093,.T.);
#729=ORIENTED_EDGE('',*,*,#991,.F.);
#730=ORIENTED_EDGE('',*,*,#1094,.F.);
#731=ORIENTED_EDGE('',*,*,#1056,.T.);
#732=ORIENTED_EDGE('',*,*,#1095,.F.);
#733=ORIENTED_EDGE('',*,*,#1084,.F.);
#734=ORIENTED_EDGE('',*,*,#1096,.T.);
#735=ORIENTED_EDGE('',*,*,#1089,.T.);
#736=ORIENTED_EDGE('',*,*,#1097,.T.);
#737=ORIENTED_EDGE('',*,*,#901,.F.);
#738=ORIENTED_EDGE('',*,*,#1098,.F.);
#739=ORIENTED_EDGE('',*,*,#930,.T.);
#740=ORIENTED_EDGE('',*,*,#972,.T.);
#741=ORIENTED_EDGE('',*,*,#895,.T.);
#742=ORIENTED_EDGE('',*,*,#974,.T.);
#743=ORIENTED_EDGE('',*,*,#979,.T.);
#744=ORIENTED_EDGE('',*,*,#980,.T.);
#745=ORIENTED_EDGE('',*,*,#891,.T.);
#746=ORIENTED_EDGE('',*,*,#1058,.T.);
#747=ORIENTED_EDGE('',*,*,#1063,.T.);
#748=ORIENTED_EDGE('',*,*,#1066,.T.);
#749=ORIENTED_EDGE('',*,*,#1069,.T.);
#750=ORIENTED_EDGE('',*,*,#1072,.T.);
#751=ORIENTED_EDGE('',*,*,#1075,.T.);
#752=ORIENTED_EDGE('',*,*,#1078,.T.);
#753=ORIENTED_EDGE('',*,*,#1079,.T.);
#754=ORIENTED_EDGE('',*,*,#886,.T.);
#755=ORIENTED_EDGE('',*,*,#982,.T.);
#756=ORIENTED_EDGE('',*,*,#987,.T.);
#757=ORIENTED_EDGE('',*,*,#1092,.T.);
#758=ORIENTED_EDGE('',*,*,#934,.T.);
#759=ORIENTED_EDGE('',*,*,#938,.T.);
#760=ORIENTED_EDGE('',*,*,#941,.T.);
#761=ORIENTED_EDGE('',*,*,#944,.T.);
#762=ORIENTED_EDGE('',*,*,#947,.T.);
#763=ORIENTED_EDGE('',*,*,#950,.T.);
#764=ORIENTED_EDGE('',*,*,#953,.T.);
#765=ORIENTED_EDGE('',*,*,#956,.T.);
#766=ORIENTED_EDGE('',*,*,#959,.T.);
#767=ORIENTED_EDGE('',*,*,#962,.T.);
#768=ORIENTED_EDGE('',*,*,#965,.T.);
#769=ORIENTED_EDGE('',*,*,#968,.T.);
#770=ORIENTED_EDGE('',*,*,#971,.T.);
#771=ORIENTED_EDGE('',*,*,#1099,.F.);
#772=ORIENTED_EDGE('',*,*,#1083,.F.);
#773=ORIENTED_EDGE('',*,*,#1087,.T.);
#774=ORIENTED_EDGE('',*,*,#1090,.T.);
#775=ORIENTED_EDGE('',*,*,#1096,.F.);
#776=ORIENTED_EDGE('',*,*,#990,.T.);
#777=ORIENTED_EDGE('',*,*,#994,.T.);
#778=ORIENTED_EDGE('',*,*,#997,.T.);
#779=ORIENTED_EDGE('',*,*,#1000,.T.);
#780=ORIENTED_EDGE('',*,*,#1003,.T.);
#781=ORIENTED_EDGE('',*,*,#1006,.T.);
#782=ORIENTED_EDGE('',*,*,#1009,.T.);
#783=ORIENTED_EDGE('',*,*,#1012,.T.);
#784=ORIENTED_EDGE('',*,*,#1015,.T.);
#785=ORIENTED_EDGE('',*,*,#1018,.T.);
#786=ORIENTED_EDGE('',*,*,#1021,.T.);
#787=ORIENTED_EDGE('',*,*,#1024,.T.);
#788=ORIENTED_EDGE('',*,*,#1027,.T.);
#789=ORIENTED_EDGE('',*,*,#1030,.T.);
#790=ORIENTED_EDGE('',*,*,#1033,.T.);
#791=ORIENTED_EDGE('',*,*,#1036,.T.);
#792=ORIENTED_EDGE('',*,*,#1039,.T.);
#793=ORIENTED_EDGE('',*,*,#1042,.T.);
#794=ORIENTED_EDGE('',*,*,#1045,.T.);
#795=ORIENTED_EDGE('',*,*,#1048,.T.);
#796=ORIENTED_EDGE('',*,*,#1051,.T.);
#797=ORIENTED_EDGE('',*,*,#1054,.T.);
#798=ORIENTED_EDGE('',*,*,#1057,.T.);
#799=ORIENTED_EDGE('',*,*,#1094,.T.);
#800=ORIENTED_EDGE('',*,*,#900,.T.);
#801=ORIENTED_EDGE('',*,*,#904,.T.);
#802=ORIENTED_EDGE('',*,*,#907,.T.);
#803=ORIENTED_EDGE('',*,*,#910,.T.);
#804=ORIENTED_EDGE('',*,*,#913,.T.);
#805=ORIENTED_EDGE('',*,*,#916,.T.);
#806=ORIENTED_EDGE('',*,*,#919,.T.);
#807=ORIENTED_EDGE('',*,*,#922,.T.);
#808=ORIENTED_EDGE('',*,*,#925,.T.);
#809=ORIENTED_EDGE('',*,*,#928,.T.);
#810=ORIENTED_EDGE('',*,*,#931,.T.);
#811=ORIENTED_EDGE('',*,*,#1098,.T.);
#812=ORIENTED_EDGE('',*,*,#893,.T.);
#813=ORIENTED_EDGE('',*,*,#981,.F.);
#814=ORIENTED_EDGE('',*,*,#977,.F.);
#815=ORIENTED_EDGE('',*,*,#975,.F.);
#816=ORIENTED_EDGE('',*,*,#897,.T.);
#817=ORIENTED_EDGE('',*,*,#973,.F.);
#818=ORIENTED_EDGE('',*,*,#969,.F.);
#819=ORIENTED_EDGE('',*,*,#966,.F.);
#820=ORIENTED_EDGE('',*,*,#963,.F.);
#821=ORIENTED_EDGE('',*,*,#960,.F.);
#822=ORIENTED_EDGE('',*,*,#957,.F.);
#823=ORIENTED_EDGE('',*,*,#954,.F.);
#824=ORIENTED_EDGE('',*,*,#951,.F.);
#825=ORIENTED_EDGE('',*,*,#948,.F.);
#826=ORIENTED_EDGE('',*,*,#945,.F.);
#827=ORIENTED_EDGE('',*,*,#942,.F.);
#828=ORIENTED_EDGE('',*,*,#939,.F.);
#829=ORIENTED_EDGE('',*,*,#936,.F.);
#830=ORIENTED_EDGE('',*,*,#932,.F.);
#831=ORIENTED_EDGE('',*,*,#1091,.F.);
#832=ORIENTED_EDGE('',*,*,#985,.F.);
#833=ORIENTED_EDGE('',*,*,#983,.F.);
#834=ORIENTED_EDGE('',*,*,#888,.T.);
#835=ORIENTED_EDGE('',*,*,#1080,.F.);
#836=ORIENTED_EDGE('',*,*,#1076,.F.);
#837=ORIENTED_EDGE('',*,*,#1073,.F.);
#838=ORIENTED_EDGE('',*,*,#1070,.F.);
#839=ORIENTED_EDGE('',*,*,#1067,.F.);
#840=ORIENTED_EDGE('',*,*,#1064,.F.);
#841=ORIENTED_EDGE('',*,*,#1061,.F.);
#842=ORIENTED_EDGE('',*,*,#1059,.F.);
#843=ORIENTED_EDGE('',*,*,#1100,.F.);
#844=ORIENTED_EDGE('',*,*,#1081,.T.);
#845=ORIENTED_EDGE('',*,*,#1095,.T.);
#846=ORIENTED_EDGE('',*,*,#1088,.F.);
#847=ORIENTED_EDGE('',*,*,#1085,.F.);
#848=ORIENTED_EDGE('',*,*,#988,.F.);
#849=ORIENTED_EDGE('',*,*,#1093,.F.);
#850=ORIENTED_EDGE('',*,*,#1055,.F.);
#851=ORIENTED_EDGE('',*,*,#1052,.F.);
#852=ORIENTED_EDGE('',*,*,#1049,.F.);
#853=ORIENTED_EDGE('',*,*,#1046,.F.);
#854=ORIENTED_EDGE('',*,*,#1043,.F.);
#855=ORIENTED_EDGE('',*,*,#1040,.F.);
#856=ORIENTED_EDGE('',*,*,#1037,.F.);
#857=ORIENTED_EDGE('',*,*,#1034,.F.);
#858=ORIENTED_EDGE('',*,*,#1031,.F.);
#859=ORIENTED_EDGE('',*,*,#1028,.F.);
#860=ORIENTED_EDGE('',*,*,#1025,.F.);
#861=ORIENTED_EDGE('',*,*,#1022,.F.);
#862=ORIENTED_EDGE('',*,*,#1019,.F.);
#863=ORIENTED_EDGE('',*,*,#1016,.F.);
#864=ORIENTED_EDGE('',*,*,#1013,.F.);
#865=ORIENTED_EDGE('',*,*,#1010,.F.);
#866=ORIENTED_EDGE('',*,*,#1007,.F.);
#867=ORIENTED_EDGE('',*,*,#1004,.F.);
#868=ORIENTED_EDGE('',*,*,#1001,.F.);
#869=ORIENTED_EDGE('',*,*,#998,.F.);
#870=ORIENTED_EDGE('',*,*,#995,.F.);
#871=ORIENTED_EDGE('',*,*,#992,.F.);
#872=ORIENTED_EDGE('',*,*,#898,.F.);
#873=ORIENTED_EDGE('',*,*,#1097,.F.);
#874=ORIENTED_EDGE('',*,*,#929,.F.);
#875=ORIENTED_EDGE('',*,*,#926,.F.);
#876=ORIENTED_EDGE('',*,*,#923,.F.);
#877=ORIENTED_EDGE('',*,*,#920,.F.);
#878=ORIENTED_EDGE('',*,*,#917,.F.);
#879=ORIENTED_EDGE('',*,*,#914,.F.);
#880=ORIENTED_EDGE('',*,*,#911,.F.);
#881=ORIENTED_EDGE('',*,*,#908,.F.);
#882=ORIENTED_EDGE('',*,*,#905,.F.);
#883=ORIENTED_EDGE('',*,*,#902,.F.);
#884=ORIENTED_EDGE('',*,*,#1100,.T.);
#885=ORIENTED_EDGE('',*,*,#1099,.T.);
#886=EDGE_CURVE('',#1101,#1102,#1245,.F.);
#887=EDGE_CURVE('',#1101,#1103,#74,.F.);
#888=EDGE_CURVE('',#1104,#1103,#1246,.T.);
#889=EDGE_CURVE('',#1102,#1104,#75,.T.);
#890=EDGE_CURVE('',#1105,#1106,#76,.F.);
#891=EDGE_CURVE('',#1107,#1105,#1247,.F.);
#892=EDGE_CURVE('',#1107,#1108,#77,.F.);
#893=EDGE_CURVE('',#1106,#1108,#1248,.T.);
#894=EDGE_CURVE('',#1109,#1110,#78,.F.);
#895=EDGE_CURVE('',#1111,#1109,#1249,.F.);
#896=EDGE_CURVE('',#1111,#1112,#79,.F.);
#897=EDGE_CURVE('',#1110,#1112,#1250,.T.);
#898=EDGE_CURVE('',#1113,#1114,#80,.T.);
#899=EDGE_CURVE('',#1115,#1114,#81,.T.);
#900=EDGE_CURVE('',#1116,#1115,#82,.T.);
#901=EDGE_CURVE('',#1116,#1113,#83,.T.);
#902=EDGE_CURVE('',#1114,#1117,#84,.T.);
#903=EDGE_CURVE('',#1118,#1117,#85,.T.);
#904=EDGE_CURVE('',#1115,#1118,#86,.T.);
#905=EDGE_CURVE('',#1117,#1119,#87,.T.);
#906=EDGE_CURVE('',#1120,#1119,#88,.T.);
#907=EDGE_CURVE('',#1118,#1120,#89,.T.);
#908=EDGE_CURVE('',#1119,#1121,#90,.T.);
#909=EDGE_CURVE('',#1122,#1121,#91,.T.);
#910=EDGE_CURVE('',#1120,#1122,#92,.T.);
#911=EDGE_CURVE('',#1121,#1123,#93,.T.);
#912=EDGE_CURVE('',#1124,#1123,#94,.T.);
#913=EDGE_CURVE('',#1122,#1124,#95,.T.);
#914=EDGE_CURVE('',#1123,#1125,#96,.T.);
#915=EDGE_CURVE('',#1126,#1125,#97,.T.);
#916=EDGE_CURVE('',#1124,#1126,#98,.T.);
#917=EDGE_CURVE('',#1125,#1127,#99,.T.);
#918=EDGE_CURVE('',#1128,#1127,#100,.T.);
#919=EDGE_CURVE('',#1126,#1128,#101,.T.);
#920=EDGE_CURVE('',#1127,#1129,#102,.T.);
#921=EDGE_CURVE('',#1130,#1129,#103,.T.);
#922=EDGE_CURVE('',#1128,#1130,#104,.T.);
#923=EDGE_CURVE('',#1129,#1131,#105,.T.);
#924=EDGE_CURVE('',#1132,#1131,#106,.T.);
#925=EDGE_CURVE('',#1130,#1132,#107,.T.);
#926=EDGE_CURVE('',#1131,#1133,#108,.T.);
#927=EDGE_CURVE('',#1134,#1133,#109,.T.);
#928=EDGE_CURVE('',#1132,#1134,#110,.T.);
#929=EDGE_CURVE('',#1133,#1135,#111,.T.);
#930=EDGE_CURVE('',#1136,#1135,#112,.T.);
#931=EDGE_CURVE('',#1134,#1136,#113,.T.);
#932=EDGE_CURVE('',#1137,#1138,#114,.T.);
#933=EDGE_CURVE('',#1139,#1138,#115,.T.);
#934=EDGE_CURVE('',#1140,#1139,#116,.T.);
#935=EDGE_CURVE('',#1140,#1137,#117,.T.);
#936=EDGE_CURVE('',#1138,#1141,#1251,.T.);
#937=EDGE_CURVE('',#1142,#1141,#118,.T.);
#938=EDGE_CURVE('',#1139,#1142,#1252,.T.);
#939=EDGE_CURVE('',#1141,#1143,#119,.T.);
#940=EDGE_CURVE('',#1144,#1143,#120,.T.);
#941=EDGE_CURVE('',#1142,#1144,#121,.T.);
#942=EDGE_CURVE('',#1143,#1145,#1253,.T.);
#943=EDGE_CURVE('',#1146,#1145,#122,.T.);
#944=EDGE_CURVE('',#1144,#1146,#1254,.T.);
#945=EDGE_CURVE('',#1145,#1147,#123,.T.);
#946=EDGE_CURVE('',#1148,#1147,#124,.T.);
#947=EDGE_CURVE('',#1146,#1148,#125,.T.);
#948=EDGE_CURVE('',#1147,#1149,#126,.T.);
#949=EDGE_CURVE('',#1150,#1149,#127,.T.);
#950=EDGE_CURVE('',#1148,#1150,#128,.T.);
#951=EDGE_CURVE('',#1149,#1151,#129,.T.);
#952=EDGE_CURVE('',#1152,#1151,#130,.T.);
#953=EDGE_CURVE('',#1150,#1152,#131,.T.);
#954=EDGE_CURVE('',#1151,#1153,#132,.T.);
#955=EDGE_CURVE('',#1154,#1153,#133,.T.);
#956=EDGE_CURVE('',#1152,#1154,#134,.T.);
#957=EDGE_CURVE('',#1153,#1155,#135,.T.);
#958=EDGE_CURVE('',#1156,#1155,#136,.T.);
#959=EDGE_CURVE('',#1154,#1156,#137,.T.);
#960=EDGE_CURVE('',#1155,#1157,#138,.T.);
#961=EDGE_CURVE('',#1158,#1157,#139,.T.);
#962=EDGE_CURVE('',#1156,#1158,#140,.T.);
#963=EDGE_CURVE('',#1157,#1159,#141,.T.);
#964=EDGE_CURVE('',#1160,#1159,#142,.T.);
#965=EDGE_CURVE('',#1158,#1160,#143,.T.);
#966=EDGE_CURVE('',#1159,#1161,#144,.T.);
#967=EDGE_CURVE('',#1162,#1161,#145,.T.);
#968=EDGE_CURVE('',#1160,#1162,#146,.T.);
#969=EDGE_CURVE('',#1161,#1163,#147,.T.);
#970=EDGE_CURVE('',#1164,#1163,#148,.T.);
#971=EDGE_CURVE('',#1162,#1164,#149,.T.);
#972=EDGE_CURVE('',#1164,#1111,#1255,.T.);
#973=EDGE_CURVE('',#1163,#1112,#1256,.T.);
#974=EDGE_CURVE('',#1109,#1165,#150,.T.);
#975=EDGE_CURVE('',#1110,#1166,#151,.T.);
#976=EDGE_CURVE('',#1165,#1166,#152,.T.);
#977=EDGE_CURVE('',#1166,#1167,#153,.T.);
#978=EDGE_CURVE('',#1168,#1167,#154,.T.);
#979=EDGE_CURVE('',#1165,#1168,#155,.T.);
#980=EDGE_CURVE('',#1168,#1107,#156,.T.);
#981=EDGE_CURVE('',#1167,#1108,#157,.T.);
#982=EDGE_CURVE('',#1102,#1169,#1257,.T.);
#983=EDGE_CURVE('',#1104,#1170,#1258,.T.);
#984=EDGE_CURVE('',#1169,#1170,#158,.T.);
#985=EDGE_CURVE('',#1170,#1171,#159,.T.);
#986=EDGE_CURVE('',#1172,#1171,#160,.T.);
#987=EDGE_CURVE('',#1169,#1172,#161,.T.);
#988=EDGE_CURVE('',#1173,#1174,#162,.T.);
#989=EDGE_CURVE('',#1175,#1174,#163,.T.);
#990=EDGE_CURVE('',#1176,#1175,#164,.T.);
#991=EDGE_CURVE('',#1176,#1173,#165,.T.);
#992=EDGE_CURVE('',#1174,#1177,#166,.T.);
#993=EDGE_CURVE('',#1178,#1177,#167,.T.);
#994=EDGE_CURVE('',#1175,#1178,#168,.T.);
#995=EDGE_CURVE('',#1177,#1179,#1259,.T.);
#996=EDGE_CURVE('',#1180,#1179,#169,.T.);
#997=EDGE_CURVE('',#1178,#1180,#1260,.T.);
#998=EDGE_CURVE('',#1179,#1181,#170,.T.);
#999=EDGE_CURVE('',#1182,#1181,#171,.T.);
#1000=EDGE_CURVE('',#1180,#1182,#172,.T.);
#1001=EDGE_CURVE('',#1181,#1183,#1261,.T.);
#1002=EDGE_CURVE('',#1184,#1183,#173,.T.);
#1003=EDGE_CURVE('',#1182,#1184,#1262,.T.);
#1004=EDGE_CURVE('',#1183,#1185,#174,.T.);
#1005=EDGE_CURVE('',#1186,#1185,#175,.T.);
#1006=EDGE_CURVE('',#1184,#1186,#176,.T.);
#1007=EDGE_CURVE('',#1185,#1187,#177,.T.);
#1008=EDGE_CURVE('',#1188,#1187,#178,.T.);
#1009=EDGE_CURVE('',#1186,#1188,#179,.T.);
#1010=EDGE_CURVE('',#1187,#1189,#180,.T.);
#1011=EDGE_CURVE('',#1190,#1189,#181,.T.);
#1012=EDGE_CURVE('',#1188,#1190,#182,.T.);
#1013=EDGE_CURVE('',#1189,#1191,#183,.T.);
#1014=EDGE_CURVE('',#1192,#1191,#184,.T.);
#1015=EDGE_CURVE('',#1190,#1192,#185,.T.);
#1016=EDGE_CURVE('',#1191,#1193,#186,.T.);
#1017=EDGE_CURVE('',#1194,#1193,#187,.T.);
#1018=EDGE_CURVE('',#1192,#1194,#188,.T.);
#1019=EDGE_CURVE('',#1193,#1195,#189,.T.);
#1020=EDGE_CURVE('',#1196,#1195,#190,.T.);
#1021=EDGE_CURVE('',#1194,#1196,#191,.T.);
#1022=EDGE_CURVE('',#1195,#1197,#192,.T.);
#1023=EDGE_CURVE('',#1198,#1197,#193,.T.);
#1024=EDGE_CURVE('',#1196,#1198,#194,.T.);
#1025=EDGE_CURVE('',#1197,#1199,#195,.T.);
#1026=EDGE_CURVE('',#1200,#1199,#196,.T.);
#1027=EDGE_CURVE('',#1198,#1200,#197,.T.);
#1028=EDGE_CURVE('',#1199,#1201,#198,.T.);
#1029=EDGE_CURVE('',#1202,#1201,#199,.T.);
#1030=EDGE_CURVE('',#1200,#1202,#200,.T.);
#1031=EDGE_CURVE('',#1201,#1203,#1263,.T.);
#1032=EDGE_CURVE('',#1204,#1203,#201,.T.);
#1033=EDGE_CURVE('',#1202,#1204,#1264,.T.);
#1034=EDGE_CURVE('',#1203,#1205,#202,.T.);
#1035=EDGE_CURVE('',#1206,#1205,#203,.T.);
#1036=EDGE_CURVE('',#1204,#1206,#204,.T.);
#1037=EDGE_CURVE('',#1205,#1207,#205,.T.);
#1038=EDGE_CURVE('',#1208,#1207,#206,.T.);
#1039=EDGE_CURVE('',#1206,#1208,#207,.T.);
#1040=EDGE_CURVE('',#1207,#1209,#208,.T.);
#1041=EDGE_CURVE('',#1210,#1209,#209,.T.);
#1042=EDGE_CURVE('',#1208,#1210,#210,.T.);
#1043=EDGE_CURVE('',#1209,#1211,#211,.T.);
#1044=EDGE_CURVE('',#1212,#1211,#212,.T.);
#1045=EDGE_CURVE('',#1210,#1212,#213,.T.);
#1046=EDGE_CURVE('',#1211,#1213,#214,.T.);
#1047=EDGE_CURVE('',#1214,#1213,#215,.T.);
#1048=EDGE_CURVE('',#1212,#1214,#216,.T.);
#1049=EDGE_CURVE('',#1213,#1215,#217,.T.);
#1050=EDGE_CURVE('',#1216,#1215,#218,.T.);
#1051=EDGE_CURVE('',#1214,#1216,#219,.T.);
#1052=EDGE_CURVE('',#1215,#1217,#220,.T.);
#1053=EDGE_CURVE('',#1218,#1217,#221,.T.);
#1054=EDGE_CURVE('',#1216,#1218,#222,.T.);
#1055=EDGE_CURVE('',#1217,#1219,#1265,.T.);
#1056=EDGE_CURVE('',#1220,#1219,#223,.T.);
#1057=EDGE_CURVE('',#1218,#1220,#1266,.T.);
#1058=EDGE_CURVE('',#1105,#1221,#224,.T.);
#1059=EDGE_CURVE('',#1106,#1222,#225,.T.);
#1060=EDGE_CURVE('',#1221,#1222,#226,.T.);
#1061=EDGE_CURVE('',#1222,#1223,#227,.T.);
#1062=EDGE_CURVE('',#1224,#1223,#228,.T.);
#1063=EDGE_CURVE('',#1221,#1224,#229,.T.);
#1064=EDGE_CURVE('',#1223,#1225,#230,.T.);
#1065=EDGE_CURVE('',#1226,#1225,#231,.T.);
#1066=EDGE_CURVE('',#1224,#1226,#232,.T.);
#1067=EDGE_CURVE('',#1225,#1227,#233,.T.);
#1068=EDGE_CURVE('',#1228,#1227,#234,.T.);
#1069=EDGE_CURVE('',#1226,#1228,#235,.T.);
#1070=EDGE_CURVE('',#1227,#1229,#236,.T.);
#1071=EDGE_CURVE('',#1230,#1229,#237,.T.);
#1072=EDGE_CURVE('',#1228,#1230,#238,.T.);
#1073=EDGE_CURVE('',#1229,#1231,#239,.T.);
#1074=EDGE_CURVE('',#1232,#1231,#240,.T.);
#1075=EDGE_CURVE('',#1230,#1232,#241,.T.);
#1076=EDGE_CURVE('',#1231,#1233,#242,.T.);
#1077=EDGE_CURVE('',#1234,#1233,#243,.T.);
#1078=EDGE_CURVE('',#1232,#1234,#244,.T.);
#1079=EDGE_CURVE('',#1234,#1101,#245,.T.);
#1080=EDGE_CURVE('',#1233,#1103,#246,.T.);
#1081=EDGE_CURVE('',#1235,#1236,#247,.T.);
#1082=EDGE_CURVE('',#1237,#1235,#248,.T.);
#1083=EDGE_CURVE('',#1237,#1238,#249,.T.);
#1084=EDGE_CURVE('',#1238,#1236,#250,.T.);
#1085=EDGE_CURVE('',#1235,#1239,#251,.T.);
#1086=EDGE_CURVE('',#1240,#1239,#252,.T.);
#1087=EDGE_CURVE('',#1237,#1240,#253,.T.);
#1088=EDGE_CURVE('',#1239,#1241,#254,.T.);
#1089=EDGE_CURVE('',#1242,#1241,#255,.T.);
#1090=EDGE_CURVE('',#1240,#1242,#256,.T.);
#1091=EDGE_CURVE('',#1171,#1137,#257,.T.);
#1092=EDGE_CURVE('',#1172,#1140,#258,.T.);
#1093=EDGE_CURVE('',#1219,#1173,#259,.T.);
#1094=EDGE_CURVE('',#1220,#1176,#260,.T.);
#1095=EDGE_CURVE('',#1236,#1241,#261,.T.);
#1096=EDGE_CURVE('',#1238,#1242,#262,.T.);
#1097=EDGE_CURVE('',#1135,#1113,#263,.T.);
#1098=EDGE_CURVE('',#1136,#1116,#264,.T.);
#1099=EDGE_CURVE('',#1243,#1243,#1267,.T.);
#1100=EDGE_CURVE('',#1244,#1244,#1268,.F.);
#1101=VERTEX_POINT('',#2024);
#1102=VERTEX_POINT('',#2025);
#1103=VERTEX_POINT('',#2027);
#1104=VERTEX_POINT('',#2029);
#1105=VERTEX_POINT('',#2033);
#1106=VERTEX_POINT('',#2034);
#1107=VERTEX_POINT('',#2036);
#1108=VERTEX_POINT('',#2038);
#1109=VERTEX_POINT('',#2042);
#1110=VERTEX_POINT('',#2043);
#1111=VERTEX_POINT('',#2045);
#1112=VERTEX_POINT('',#2047);
#1113=VERTEX_POINT('',#2051);
#1114=VERTEX_POINT('',#2052);
#1115=VERTEX_POINT('',#2054);
#1116=VERTEX_POINT('',#2056);
#1117=VERTEX_POINT('',#2060);
#1118=VERTEX_POINT('',#2062);
#1119=VERTEX_POINT('',#2066);
#1120=VERTEX_POINT('',#2068);
#1121=VERTEX_POINT('',#2072);
#1122=VERTEX_POINT('',#2074);
#1123=VERTEX_POINT('',#2078);
#1124=VERTEX_POINT('',#2080);
#1125=VERTEX_POINT('',#2084);
#1126=VERTEX_POINT('',#2086);
#1127=VERTEX_POINT('',#2090);
#1128=VERTEX_POINT('',#2092);
#1129=VERTEX_POINT('',#2096);
#1130=VERTEX_POINT('',#2098);
#1131=VERTEX_POINT('',#2102);
#1132=VERTEX_POINT('',#2104);
#1133=VERTEX_POINT('',#2108);
#1134=VERTEX_POINT('',#2110);
#1135=VERTEX_POINT('',#2114);
#1136=VERTEX_POINT('',#2116);
#1137=VERTEX_POINT('',#2120);
#1138=VERTEX_POINT('',#2121);
#1139=VERTEX_POINT('',#2123);
#1140=VERTEX_POINT('',#2125);
#1141=VERTEX_POINT('',#2129);
#1142=VERTEX_POINT('',#2131);
#1143=VERTEX_POINT('',#2135);
#1144=VERTEX_POINT('',#2137);
#1145=VERTEX_POINT('',#2141);
#1146=VERTEX_POINT('',#2143);
#1147=VERTEX_POINT('',#2147);
#1148=VERTEX_POINT('',#2149);
#1149=VERTEX_POINT('',#2153);
#1150=VERTEX_POINT('',#2155);
#1151=VERTEX_POINT('',#2159);
#1152=VERTEX_POINT('',#2161);
#1153=VERTEX_POINT('',#2165);
#1154=VERTEX_POINT('',#2167);
#1155=VERTEX_POINT('',#2171);
#1156=VERTEX_POINT('',#2173);
#1157=VERTEX_POINT('',#2177);
#1158=VERTEX_POINT('',#2179);
#1159=VERTEX_POINT('',#2183);
#1160=VERTEX_POINT('',#2185);
#1161=VERTEX_POINT('',#2189);
#1162=VERTEX_POINT('',#2191);
#1163=VERTEX_POINT('',#2195);
#1164=VERTEX_POINT('',#2197);
#1165=VERTEX_POINT('',#2204);
#1166=VERTEX_POINT('',#2206);
#1167=VERTEX_POINT('',#2210);
#1168=VERTEX_POINT('',#2212);
#1169=VERTEX_POINT('',#2219);
#1170=VERTEX_POINT('',#2221);
#1171=VERTEX_POINT('',#2225);
#1172=VERTEX_POINT('',#2227);
#1173=VERTEX_POINT('',#2231);
#1174=VERTEX_POINT('',#2232);
#1175=VERTEX_POINT('',#2234);
#1176=VERTEX_POINT('',#2236);
#1177=VERTEX_POINT('',#2240);
#1178=VERTEX_POINT('',#2242);
#1179=VERTEX_POINT('',#2246);
#1180=VERTEX_POINT('',#2248);
#1181=VERTEX_POINT('',#2252);
#1182=VERTEX_POINT('',#2254);
#1183=VERTEX_POINT('',#2258);
#1184=VERTEX_POINT('',#2260);
#1185=VERTEX_POINT('',#2264);
#1186=VERTEX_POINT('',#2266);
#1187=VERTEX_POINT('',#2270);
#1188=VERTEX_POINT('',#2272);
#1189=VERTEX_POINT('',#2276);
#1190=VERTEX_POINT('',#2278);
#1191=VERTEX_POINT('',#2282);
#1192=VERTEX_POINT('',#2284);
#1193=VERTEX_POINT('',#2288);
#1194=VERTEX_POINT('',#2290);
#1195=VERTEX_POINT('',#2294);
#1196=VERTEX_POINT('',#2296);
#1197=VERTEX_POINT('',#2300);
#1198=VERTEX_POINT('',#2302);
#1199=VERTEX_POINT('',#2306);
#1200=VERTEX_POINT('',#2308);
#1201=VERTEX_POINT('',#2312);
#1202=VERTEX_POINT('',#2314);
#1203=VERTEX_POINT('',#2318);
#1204=VERTEX_POINT('',#2320);
#1205=VERTEX_POINT('',#2324);
#1206=VERTEX_POINT('',#2326);
#1207=VERTEX_POINT('',#2330);
#1208=VERTEX_POINT('',#2332);
#1209=VERTEX_POINT('',#2336);
#1210=VERTEX_POINT('',#2338);
#1211=VERTEX_POINT('',#2342);
#1212=VERTEX_POINT('',#2344);
#1213=VERTEX_POINT('',#2348);
#1214=VERTEX_POINT('',#2350);
#1215=VERTEX_POINT('',#2354);
#1216=VERTEX_POINT('',#2356);
#1217=VERTEX_POINT('',#2360);
#1218=VERTEX_POINT('',#2362);
#1219=VERTEX_POINT('',#2366);
#1220=VERTEX_POINT('',#2368);
#1221=VERTEX_POINT('',#2372);
#1222=VERTEX_POINT('',#2374);
#1223=VERTEX_POINT('',#2378);
#1224=VERTEX_POINT('',#2380);
#1225=VERTEX_POINT('',#2384);
#1226=VERTEX_POINT('',#2386);
#1227=VERTEX_POINT('',#2390);
#1228=VERTEX_POINT('',#2392);
#1229=VERTEX_POINT('',#2396);
#1230=VERTEX_POINT('',#2398);
#1231=VERTEX_POINT('',#2402);
#1232=VERTEX_POINT('',#2404);
#1233=VERTEX_POINT('',#2408);
#1234=VERTEX_POINT('',#2410);
#1235=VERTEX_POINT('',#2417);
#1236=VERTEX_POINT('',#2418);
#1237=VERTEX_POINT('',#2420);
#1238=VERTEX_POINT('',#2422);
#1239=VERTEX_POINT('',#2426);
#1240=VERTEX_POINT('',#2428);
#1241=VERTEX_POINT('',#2432);
#1242=VERTEX_POINT('',#2434);
#1243=VERTEX_POINT('',#2450);
#1244=VERTEX_POINT('',#2453);
#1245=CIRCLE('',#1535,0.0017);
#1246=CIRCLE('',#1536,0.0017);
#1247=CIRCLE('',#1538,0.0017);
#1248=CIRCLE('',#1539,0.0017);
#1249=CIRCLE('',#1541,0.0017);
#1250=CIRCLE('',#1542,0.0017);
#1251=CIRCLE('',#1556,0.00174280597869974);
#1252=CIRCLE('',#1557,0.00174280597869974);
#1253=CIRCLE('',#1560,0.00154251496873658);
#1254=CIRCLE('',#1561,0.00154251496873658);
#1255=CIRCLE('',#1572,0.00154251496873658);
#1256=CIRCLE('',#1573,0.00154251496873658);
#1257=CIRCLE('',#1578,0.00174280597869974);
#1258=CIRCLE('',#1579,0.00174280597869974);
#1259=CIRCLE('',#1584,0.00174280597869974);
#1260=CIRCLE('',#1585,0.00174280597869974);
#1261=CIRCLE('',#1588,0.00154251496873658);
#1262=CIRCLE('',#1589,0.00154251496873658);
#1263=CIRCLE('',#1600,0.00154251496873659);
#1264=CIRCLE('',#1601,0.00154251496873659);
#1265=CIRCLE('',#1610,0.00174280597869974);
#1266=CIRCLE('',#1611,0.00174280597869974);
#1267=CIRCLE('',#1628,0.0017);
#1268=CIRCLE('',#1630,0.0017);
#1269=EDGE_LOOP('',(#456,#457,#458,#459));
#1270=EDGE_LOOP('',(#460,#461,#462,#463));
#1271=EDGE_LOOP('',(#464,#465,#466,#467));
#1272=EDGE_LOOP('',(#468,#469,#470,#471));
#1273=EDGE_LOOP('',(#472,#473,#474,#475));
#1274=EDGE_LOOP('',(#476,#477,#478,#479));
#1275=EDGE_LOOP('',(#480,#481,#482,#483));
#1276=EDGE_LOOP('',(#484,#485,#486,#487));
#1277=EDGE_LOOP('',(#488,#489,#490,#491));
#1278=EDGE_LOOP('',(#492,#493,#494,#495));
#1279=EDGE_LOOP('',(#496,#497,#498,#499));
#1280=EDGE_LOOP('',(#500,#501,#502,#503));
#1281=EDGE_LOOP('',(#504,#505,#506,#507));
#1282=EDGE_LOOP('',(#508,#509,#510,#511));
#1283=EDGE_LOOP('',(#512,#513,#514,#515));
#1284=EDGE_LOOP('',(#516,#517,#518,#519));
#1285=EDGE_LOOP('',(#520,#521,#522,#523));
#1286=EDGE_LOOP('',(#524,#525,#526,#527));
#1287=EDGE_LOOP('',(#528,#529,#530,#531));
#1288=EDGE_LOOP('',(#532,#533,#534,#535));
#1289=EDGE_LOOP('',(#536,#537,#538,#539));
#1290=EDGE_LOOP('',(#540,#541,#542,#543));
#1291=EDGE_LOOP('',(#544,#545,#546,#547));
#1292=EDGE_LOOP('',(#548,#549,#550,#551));
#1293=EDGE_LOOP('',(#552,#553,#554,#555));
#1294=EDGE_LOOP('',(#556,#557,#558,#559));
#1295=EDGE_LOOP('',(#560,#561,#562,#563));
#1296=EDGE_LOOP('',(#564,#565,#566,#567));
#1297=EDGE_LOOP('',(#568,#569,#570,#571));
#1298=EDGE_LOOP('',(#572,#573,#574,#575));
#1299=EDGE_LOOP('',(#576,#577,#578,#579));
#1300=EDGE_LOOP('',(#580,#581,#582,#583));
#1301=EDGE_LOOP('',(#584,#585,#586,#587));
#1302=EDGE_LOOP('',(#588,#589,#590,#591));
#1303=EDGE_LOOP('',(#592,#593,#594,#595));
#1304=EDGE_LOOP('',(#596,#597,#598,#599));
#1305=EDGE_LOOP('',(#600,#601,#602,#603));
#1306=EDGE_LOOP('',(#604,#605,#606,#607));
#1307=EDGE_LOOP('',(#608,#609,#610,#611));
#1308=EDGE_LOOP('',(#612,#613,#614,#615));
#1309=EDGE_LOOP('',(#616,#617,#618,#619));
#1310=EDGE_LOOP('',(#620,#621,#622,#623));
#1311=EDGE_LOOP('',(#624,#625,#626,#627));
#1312=EDGE_LOOP('',(#628,#629,#630,#631));
#1313=EDGE_LOOP('',(#632,#633,#634,#635));
#1314=EDGE_LOOP('',(#636,#637,#638,#639));
#1315=EDGE_LOOP('',(#640,#641,#642,#643));
#1316=EDGE_LOOP('',(#644,#645,#646,#647));
#1317=EDGE_LOOP('',(#648,#649,#650,#651));
#1318=EDGE_LOOP('',(#652,#653,#654,#655));
#1319=EDGE_LOOP('',(#656,#657,#658,#659));
#1320=EDGE_LOOP('',(#660,#661,#662,#663));
#1321=EDGE_LOOP('',(#664,#665,#666,#667));
#1322=EDGE_LOOP('',(#668,#669,#670,#671));
#1323=EDGE_LOOP('',(#672,#673,#674,#675));
#1324=EDGE_LOOP('',(#676,#677,#678,#679));
#1325=EDGE_LOOP('',(#680,#681,#682,#683));
#1326=EDGE_LOOP('',(#684,#685,#686,#687));
#1327=EDGE_LOOP('',(#688,#689,#690,#691));
#1328=EDGE_LOOP('',(#692,#693,#694,#695));
#1329=EDGE_LOOP('',(#696,#697,#698,#699));
#1330=EDGE_LOOP('',(#700,#701,#702,#703));
#1331=EDGE_LOOP('',(#704,#705,#706,#707));
#1332=EDGE_LOOP('',(#708,#709,#710,#711));
#1333=EDGE_LOOP('',(#712,#713,#714,#715));
#1334=EDGE_LOOP('',(#716,#717,#718,#719));
#1335=EDGE_LOOP('',(#720,#721,#722,#723));
#1336=EDGE_LOOP('',(#724,#725,#726,#727));
#1337=EDGE_LOOP('',(#728,#729,#730,#731));
#1338=EDGE_LOOP('',(#732,#733,#734,#735));
#1339=EDGE_LOOP('',(#736,#737,#738,#739));
#1340=EDGE_LOOP('',(#740,#741,#742,#743,#744,#745,#746,#747,#748,#749,#750,
#751,#752,#753,#754,#755,#756,#757,#758,#759,#760,#761,#762,#763,#764,#765,
#766,#767,#768,#769,#770));
#1341=EDGE_LOOP('',(#771));
#1342=EDGE_LOOP('',(#772,#773,#774,#775));
#1343=EDGE_LOOP('',(#776,#777,#778,#779,#780,#781,#782,#783,#784,#785,#786,
#787,#788,#789,#790,#791,#792,#793,#794,#795,#796,#797,#798,#799));
#1344=EDGE_LOOP('',(#800,#801,#802,#803,#804,#805,#806,#807,#808,#809,#810,
#811));
#1345=EDGE_LOOP('',(#812,#813,#814,#815,#816,#817,#818,#819,#820,#821,#822,
#823,#824,#825,#826,#827,#828,#829,#830,#831,#832,#833,#834,#835,#836,#837,
#838,#839,#840,#841,#842));
#1346=EDGE_LOOP('',(#843));
#1347=EDGE_LOOP('',(#844,#845,#846,#847));
#1348=EDGE_LOOP('',(#848,#849,#850,#851,#852,#853,#854,#855,#856,#857,#858,
#859,#860,#861,#862,#863,#864,#865,#866,#867,#868,#869,#870,#871));
#1349=EDGE_LOOP('',(#872,#873,#874,#875,#876,#877,#878,#879,#880,#881,#882,
#883));
#1350=EDGE_LOOP('',(#884));
#1351=EDGE_LOOP('',(#885));
#1352=FACE_BOUND('',#1269,.T.);
#1353=FACE_BOUND('',#1270,.T.);
#1354=FACE_BOUND('',#1271,.T.);
#1355=FACE_BOUND('',#1272,.T.);
#1356=FACE_BOUND('',#1273,.T.);
#1357=FACE_BOUND('',#1274,.T.);
#1358=FACE_BOUND('',#1275,.T.);
#1359=FACE_BOUND('',#1276,.T.);
#1360=FACE_BOUND('',#1277,.T.);
#1361=FACE_BOUND('',#1278,.T.);
#1362=FACE_BOUND('',#1279,.T.);
#1363=FACE_BOUND('',#1280,.T.);
#1364=FACE_BOUND('',#1281,.T.);
#1365=FACE_BOUND('',#1282,.T.);
#1366=FACE_BOUND('',#1283,.T.);
#1367=FACE_BOUND('',#1284,.T.);
#1368=FACE_BOUND('',#1285,.T.);
#1369=FACE_BOUND('',#1286,.T.);
#1370=FACE_BOUND('',#1287,.T.);
#1371=FACE_BOUND('',#1288,.T.);
#1372=FACE_BOUND('',#1289,.T.);
#1373=FACE_BOUND('',#1290,.T.);
#1374=FACE_BOUND('',#1291,.T.);
#1375=FACE_BOUND('',#1292,.T.);
#1376=FACE_BOUND('',#1293,.T.);
#1377=FACE_BOUND('',#1294,.T.);
#1378=FACE_BOUND('',#1295,.T.);
#1379=FACE_BOUND('',#1296,.T.);
#1380=FACE_BOUND('',#1297,.T.);
#1381=FACE_BOUND('',#1298,.T.);
#1382=FACE_BOUND('',#1299,.T.);
#1383=FACE_BOUND('',#1300,.T.);
#1384=FACE_BOUND('',#1301,.T.);
#1385=FACE_BOUND('',#1302,.T.);
#1386=FACE_BOUND('',#1303,.T.);
#1387=FACE_BOUND('',#1304,.T.);
#1388=FACE_BOUND('',#1305,.T.);
#1389=FACE_BOUND('',#1306,.T.);
#1390=FACE_BOUND('',#1307,.T.);
#1391=FACE_BOUND('',#1308,.T.);
#1392=FACE_BOUND('',#1309,.T.);
#1393=FACE_BOUND('',#1310,.T.);
#1394=FACE_BOUND('',#1311,.T.);
#1395=FACE_BOUND('',#1312,.T.);
#1396=FACE_BOUND('',#1313,.T.);
#1397=FACE_BOUND('',#1314,.T.);
#1398=FACE_BOUND('',#1315,.T.);
#1399=FACE_BOUND('',#1316,.T.);
#1400=FACE_BOUND('',#1317,.T.);
#1401=FACE_BOUND('',#1318,.T.);
#1402=FACE_BOUND('',#1319,.T.);
#1403=FACE_BOUND('',#1320,.T.);
#1404=FACE_BOUND('',#1321,.T.);
#1405=FACE_BOUND('',#1322,.T.);
#1406=FACE_BOUND('',#1323,.T.);
#1407=FACE_BOUND('',#1324,.T.);
#1408=FACE_BOUND('',#1325,.T.);
#1409=FACE_BOUND('',#1326,.T.);
#1410=FACE_BOUND('',#1327,.T.);
#1411=FACE_BOUND('',#1328,.T.);
#1412=FACE_BOUND('',#1329,.T.);
#1413=FACE_BOUND('',#1330,.T.);
#1414=FACE_BOUND('',#1331,.T.);
#1415=FACE_BOUND('',#1332,.T.);
#1416=FACE_BOUND('',#1333,.T.);
#1417=FACE_BOUND('',#1334,.T.);
#1418=FACE_BOUND('',#1335,.T.);
#1419=FACE_BOUND('',#1336,.T.);
#1420=FACE_BOUND('',#1337,.T.);
#1421=FACE_BOUND('',#1338,.T.);
#1422=FACE_BOUND('',#1339,.T.);
#1423=FACE_BOUND('',#1340,.T.);
#1424=FACE_BOUND('',#1341,.T.);
#1425=FACE_BOUND('',#1342,.T.);
#1426=FACE_BOUND('',#1343,.T.);
#1427=FACE_BOUND('',#1344,.T.);
#1428=FACE_BOUND('',#1345,.T.);
#1429=FACE_BOUND('',#1346,.T.);
#1430=FACE_BOUND('',#1347,.T.);
#1431=FACE_BOUND('',#1348,.T.);
#1432=FACE_BOUND('',#1349,.T.);
#1433=FACE_BOUND('',#1350,.T.);
#1434=FACE_BOUND('',#1351,.T.);
#1435=CYLINDRICAL_SURFACE('',#1534,0.0017);
#1436=CYLINDRICAL_SURFACE('',#1537,0.0017);
#1437=CYLINDRICAL_SURFACE('',#1540,0.0017);
#1438=CYLINDRICAL_SURFACE('',#1555,0.00174280597869974);
#1439=CYLINDRICAL_SURFACE('',#1559,0.00154251496873658);
#1440=CYLINDRICAL_SURFACE('',#1571,0.00154251496873658);
#1441=CYLINDRICAL_SURFACE('',#1577,0.00174280597869974);
#1442=CYLINDRICAL_SURFACE('',#1583,0.00174280597869974);
#1443=CYLINDRICAL_SURFACE('',#1587,0.00154251496873658);
#1444=CYLINDRICAL_SURFACE('',#1599,0.00154251496873659);
#1445=CYLINDRICAL_SURFACE('',#1609,0.00174280597869974);
#1446=CYLINDRICAL_SURFACE('',#1631,0.0017);
#1447=ADVANCED_FACE('',(#1352),#1435,.F.);
#1448=ADVANCED_FACE('',(#1353),#1436,.F.);
#1449=ADVANCED_FACE('',(#1354),#1437,.F.);
#1450=ADVANCED_FACE('',(#1355),#12,.F.);
#1451=ADVANCED_FACE('',(#1356),#13,.F.);
#1452=ADVANCED_FACE('',(#1357),#14,.F.);
#1453=ADVANCED_FACE('',(#1358),#15,.F.);
#1454=ADVANCED_FACE('',(#1359),#16,.F.);
#1455=ADVANCED_FACE('',(#1360),#17,.F.);
#1456=ADVANCED_FACE('',(#1361),#18,.F.);
#1457=ADVANCED_FACE('',(#1362),#19,.F.);
#1458=ADVANCED_FACE('',(#1363),#20,.F.);
#1459=ADVANCED_FACE('',(#1364),#21,.F.);
#1460=ADVANCED_FACE('',(#1365),#22,.F.);
#1461=ADVANCED_FACE('',(#1366),#23,.F.);
#1462=ADVANCED_FACE('',(#1367),#1438,.F.);
#1463=ADVANCED_FACE('',(#1368),#24,.F.);
#1464=ADVANCED_FACE('',(#1369),#1439,.T.);
#1465=ADVANCED_FACE('',(#1370),#25,.F.);
#1466=ADVANCED_FACE('',(#1371),#26,.F.);
#1467=ADVANCED_FACE('',(#1372),#27,.F.);
#1468=ADVANCED_FACE('',(#1373),#28,.F.);
#1469=ADVANCED_FACE('',(#1374),#29,.F.);
#1470=ADVANCED_FACE('',(#1375),#30,.F.);
#1471=ADVANCED_FACE('',(#1376),#31,.F.);
#1472=ADVANCED_FACE('',(#1377),#32,.F.);
#1473=ADVANCED_FACE('',(#1378),#33,.F.);
#1474=ADVANCED_FACE('',(#1379),#1440,.T.);
#1475=ADVANCED_FACE('',(#1380),#34,.F.);
#1476=ADVANCED_FACE('',(#1381),#35,.F.);
#1477=ADVANCED_FACE('',(#1382),#36,.F.);
#1478=ADVANCED_FACE('',(#1383),#1441,.F.);
#1479=ADVANCED_FACE('',(#1384),#37,.F.);
#1480=ADVANCED_FACE('',(#1385),#38,.F.);
#1481=ADVANCED_FACE('',(#1386),#39,.F.);
#1482=ADVANCED_FACE('',(#1387),#1442,.F.);
#1483=ADVANCED_FACE('',(#1388),#40,.F.);
#1484=ADVANCED_FACE('',(#1389),#1443,.T.);
#1485=ADVANCED_FACE('',(#1390),#41,.F.);
#1486=ADVANCED_FACE('',(#1391),#42,.F.);
#1487=ADVANCED_FACE('',(#1392),#43,.F.);
#1488=ADVANCED_FACE('',(#1393),#44,.F.);
#1489=ADVANCED_FACE('',(#1394),#45,.F.);
#1490=ADVANCED_FACE('',(#1395),#46,.F.);
#1491=ADVANCED_FACE('',(#1396),#47,.F.);
#1492=ADVANCED_FACE('',(#1397),#48,.F.);
#1493=ADVANCED_FACE('',(#1398),#49,.F.);
#1494=ADVANCED_FACE('',(#1399),#1444,.T.);
#1495=ADVANCED_FACE('',(#1400),#50,.F.);
#1496=ADVANCED_FACE('',(#1401),#51,.F.);
#1497=ADVANCED_FACE('',(#1402),#52,.F.);
#1498=ADVANCED_FACE('',(#1403),#53,.F.);
#1499=ADVANCED_FACE('',(#1404),#54,.F.);
#1500=ADVANCED_FACE('',(#1405),#55,.F.);
#1501=ADVANCED_FACE('',(#1406),#56,.F.);
#1502=ADVANCED_FACE('',(#1407),#1445,.F.);
#1503=ADVANCED_FACE('',(#1408),#57,.F.);
#1504=ADVANCED_FACE('',(#1409),#58,.F.);
#1505=ADVANCED_FACE('',(#1410),#59,.F.);
#1506=ADVANCED_FACE('',(#1411),#60,.F.);
#1507=ADVANCED_FACE('',(#1412),#61,.F.);
#1508=ADVANCED_FACE('',(#1413),#62,.F.);
#1509=ADVANCED_FACE('',(#1414),#63,.F.);
#1510=ADVANCED_FACE('',(#1415),#64,.F.);
#1511=ADVANCED_FACE('',(#1416),#65,.T.);
#1512=ADVANCED_FACE('',(#1417),#66,.F.);
#1513=ADVANCED_FACE('',(#1418),#67,.F.);
#1514=ADVANCED_FACE('',(#1419),#68,.F.);
#1515=ADVANCED_FACE('',(#1420),#69,.F.);
#1516=ADVANCED_FACE('',(#1421),#70,.T.);
#1517=ADVANCED_FACE('',(#1422),#71,.F.);
#1518=ADVANCED_FACE('',(#1423,#1424,#1425,#1426,#1427),#72,.T.);
#1519=ADVANCED_FACE('',(#1428,#1429,#1430,#1431,#1432),#73,.F.);
#1520=ADVANCED_FACE('',(#1433,#1434),#1446,.F.);
#1521=CLOSED_SHELL('',(#1447,#1448,#1449,#1450,#1451,#1452,#1453,#1454,
#1455,#1456,#1457,#1458,#1459,#1460,#1461,#1462,#1463,#1464,#1465,#1466,
#1467,#1468,#1469,#1470,#1471,#1472,#1473,#1474,#1475,#1476,#1477,#1478,
#1479,#1480,#1481,#1482,#1483,#1484,#1485,#1486,#1487,#1488,#1489,#1490,
#1491,#1492,#1493,#1494,#1495,#1496,#1497,#1498,#1499,#1500,#1501,#1502,
#1503,#1504,#1505,#1506,#1507,#1508,#1509,#1510,#1511,#1512,#1513,#1514,
#1515,#1516,#1517,#1518,#1519,#1520));
#1522=STYLED_ITEM('',(#1523),#1530);
#1523=PRESENTATION_STYLE_ASSIGNMENT((#1524));
#1524=SURFACE_STYLE_USAGE(.BOTH.,#1525);
#1525=SURFACE_SIDE_STYLE('',(#1526));
#1526=SURFACE_STYLE_FILL_AREA(#1527);
#1527=FILL_AREA_STYLE('',(#1528));
#1528=FILL_AREA_STYLE_COLOUR('',#1529);
#1529=COLOUR_RGB('',0.768627450980392,0.886274509803922,0.952941176470588);
#1530=MANIFOLD_SOLID_BREP('LSM6DS3',#1521);
#1531=SHAPE_DEFINITION_REPRESENTATION(#2461,#1532);
#1532=SHAPE_REPRESENTATION('LSM6DS3',(#1533),#2456);
#1533=AXIS2_PLACEMENT_3D('',#2021,#1632,#1633);
#1534=AXIS2_PLACEMENT_3D('',#2022,#1634,#1635);
#1535=AXIS2_PLACEMENT_3D('',#2023,#1636,#1637);
#1536=AXIS2_PLACEMENT_3D('',#2028,#1639,#1640);
#1537=AXIS2_PLACEMENT_3D('',#2031,#1642,#1643);
#1538=AXIS2_PLACEMENT_3D('',#2035,#1645,#1646);
#1539=AXIS2_PLACEMENT_3D('',#2039,#1648,#1649);
#1540=AXIS2_PLACEMENT_3D('',#2040,#1650,#1651);
#1541=AXIS2_PLACEMENT_3D('',#2044,#1653,#1654);
#1542=AXIS2_PLACEMENT_3D('',#2048,#1656,#1657);
#1543=AXIS2_PLACEMENT_3D('',#2049,#1658,#1659);
#1544=AXIS2_PLACEMENT_3D('',#2058,#1664,#1665);
#1545=AXIS2_PLACEMENT_3D('',#2064,#1669,#1670);
#1546=AXIS2_PLACEMENT_3D('',#2070,#1674,#1675);
#1547=AXIS2_PLACEMENT_3D('',#2076,#1679,#1680);
#1548=AXIS2_PLACEMENT_3D('',#2082,#1684,#1685);
#1549=AXIS2_PLACEMENT_3D('',#2088,#1689,#1690);
#1550=AXIS2_PLACEMENT_3D('',#2094,#1694,#1695);
#1551=AXIS2_PLACEMENT_3D('',#2100,#1699,#1700);
#1552=AXIS2_PLACEMENT_3D('',#2106,#1704,#1705);
#1553=AXIS2_PLACEMENT_3D('',#2112,#1709,#1710);
#1554=AXIS2_PLACEMENT_3D('',#2118,#1714,#1715);
#1555=AXIS2_PLACEMENT_3D('',#2127,#1720,#1721);
#1556=AXIS2_PLACEMENT_3D('',#2128,#1722,#1723);
#1557=AXIS2_PLACEMENT_3D('',#2132,#1725,#1726);
#1558=AXIS2_PLACEMENT_3D('',#2133,#1727,#1728);
#1559=AXIS2_PLACEMENT_3D('',#2139,#1732,#1733);
#1560=AXIS2_PLACEMENT_3D('',#2140,#1734,#1735);
#1561=AXIS2_PLACEMENT_3D('',#2144,#1737,#1738);
#1562=AXIS2_PLACEMENT_3D('',#2145,#1739,#1740);
#1563=AXIS2_PLACEMENT_3D('',#2151,#1744,#1745);
#1564=AXIS2_PLACEMENT_3D('',#2157,#1749,#1750);
#1565=AXIS2_PLACEMENT_3D('',#2163,#1754,#1755);
#1566=AXIS2_PLACEMENT_3D('',#2169,#1759,#1760);
#1567=AXIS2_PLACEMENT_3D('',#2175,#1764,#1765);
#1568=AXIS2_PLACEMENT_3D('',#2181,#1769,#1770);
#1569=AXIS2_PLACEMENT_3D('',#2187,#1774,#1775);
#1570=AXIS2_PLACEMENT_3D('',#2193,#1779,#1780);
#1571=AXIS2_PLACEMENT_3D('',#2199,#1784,#1785);
#1572=AXIS2_PLACEMENT_3D('',#2200,#1786,#1787);
#1573=AXIS2_PLACEMENT_3D('',#2201,#1788,#1789);
#1574=AXIS2_PLACEMENT_3D('',#2202,#1790,#1791);
#1575=AXIS2_PLACEMENT_3D('',#2208,#1795,#1796);
#1576=AXIS2_PLACEMENT_3D('',#2214,#1800,#1801);
#1577=AXIS2_PLACEMENT_3D('',#2217,#1804,#1805);
#1578=AXIS2_PLACEMENT_3D('',#2218,#1806,#1807);
#1579=AXIS2_PLACEMENT_3D('',#2220,#1808,#1809);
#1580=AXIS2_PLACEMENT_3D('',#2223,#1811,#1812);
#1581=AXIS2_PLACEMENT_3D('',#2229,#1816,#1817);
#1582=AXIS2_PLACEMENT_3D('',#2238,#1822,#1823);
#1583=AXIS2_PLACEMENT_3D('',#2244,#1827,#1828);
#1584=AXIS2_PLACEMENT_3D('',#2245,#1829,#1830);
#1585=AXIS2_PLACEMENT_3D('',#2249,#1832,#1833);
#1586=AXIS2_PLACEMENT_3D('',#2250,#1834,#1835);
#1587=AXIS2_PLACEMENT_3D('',#2256,#1839,#1840);
#1588=AXIS2_PLACEMENT_3D('',#2257,#1841,#1842);
#1589=AXIS2_PLACEMENT_3D('',#2261,#1844,#1845);
#1590=AXIS2_PLACEMENT_3D('',#2262,#1846,#1847);
#1591=AXIS2_PLACEMENT_3D('',#2268,#1851,#1852);
#1592=AXIS2_PLACEMENT_3D('',#2274,#1856,#1857);
#1593=AXIS2_PLACEMENT_3D('',#2280,#1861,#1862);
#1594=AXIS2_PLACEMENT_3D('',#2286,#1866,#1867);
#1595=AXIS2_PLACEMENT_3D('',#2292,#1871,#1872);
#1596=AXIS2_PLACEMENT_3D('',#2298,#1876,#1877);
#1597=AXIS2_PLACEMENT_3D('',#2304,#1881,#1882);
#1598=AXIS2_PLACEMENT_3D('',#2310,#1886,#1887);
#1599=AXIS2_PLACEMENT_3D('',#2316,#1891,#1892);
#1600=AXIS2_PLACEMENT_3D('',#2317,#1893,#1894);
#1601=AXIS2_PLACEMENT_3D('',#2321,#1896,#1897);
#1602=AXIS2_PLACEMENT_3D('',#2322,#1898,#1899);
#1603=AXIS2_PLACEMENT_3D('',#2328,#1903,#1904);
#1604=AXIS2_PLACEMENT_3D('',#2334,#1908,#1909);
#1605=AXIS2_PLACEMENT_3D('',#2340,#1913,#1914);
#1606=AXIS2_PLACEMENT_3D('',#2346,#1918,#1919);
#1607=AXIS2_PLACEMENT_3D('',#2352,#1923,#1924);
#1608=AXIS2_PLACEMENT_3D('',#2358,#1928,#1929);
#1609=AXIS2_PLACEMENT_3D('',#2364,#1933,#1934);
#1610=AXIS2_PLACEMENT_3D('',#2365,#1935,#1936);
#1611=AXIS2_PLACEMENT_3D('',#2369,#1938,#1939);
#1612=AXIS2_PLACEMENT_3D('',#2370,#1940,#1941);
#1613=AXIS2_PLACEMENT_3D('',#2376,#1945,#1946);
#1614=AXIS2_PLACEMENT_3D('',#2382,#1950,#1951);
#1615=AXIS2_PLACEMENT_3D('',#2388,#1955,#1956);
#1616=AXIS2_PLACEMENT_3D('',#2394,#1960,#1961);
#1617=AXIS2_PLACEMENT_3D('',#2400,#1965,#1966);
#1618=AXIS2_PLACEMENT_3D('',#2406,#1970,#1971);
#1619=AXIS2_PLACEMENT_3D('',#2412,#1975,#1976);
#1620=AXIS2_PLACEMENT_3D('',#2415,#1979,#1980);
#1621=AXIS2_PLACEMENT_3D('',#2424,#1985,#1986);
#1622=AXIS2_PLACEMENT_3D('',#2430,#1990,#1991);
#1623=AXIS2_PLACEMENT_3D('',#2436,#1995,#1996);
#1624=AXIS2_PLACEMENT_3D('',#2439,#1999,#2000);
#1625=AXIS2_PLACEMENT_3D('',#2442,#2003,#2004);
#1626=AXIS2_PLACEMENT_3D('',#2445,#2007,#2008);
#1627=AXIS2_PLACEMENT_3D('',#2448,#2011,#2012);
#1628=AXIS2_PLACEMENT_3D('',#2449,#2013,#2014);
#1629=AXIS2_PLACEMENT_3D('',#2451,#2015,#2016);
#1630=AXIS2_PLACEMENT_3D('',#2452,#2017,#2018);
#1631=AXIS2_PLACEMENT_3D('',#2454,#2019,#2020);
#1632=DIRECTION('',(0.,0.,1.));
#1633=DIRECTION('',(1.,0.,0.));
#1634=DIRECTION('',(0.,0.,1.));
#1635=DIRECTION('',(-1.,0.,0.));
#1636=DIRECTION('',(0.,0.,1.));
#1637=DIRECTION('',(1.,0.,0.));
#1638=DIRECTION('',(0.,0.,1.));
#1639=DIRECTION('',(0.,0.,1.));
#1640=DIRECTION('',(1.,0.,0.));
#1641=DIRECTION('',(0.,0.,-1.));
#1642=DIRECTION('',(0.,0.,1.));
#1643=DIRECTION('',(-1.,0.,0.));
#1644=DIRECTION('',(0.,0.,1.));
#1645=DIRECTION('',(0.,0.,1.));
#1646=DIRECTION('',(1.,0.,0.));
#1647=DIRECTION('',(0.,0.,1.));
#1648=DIRECTION('',(0.,0.,1.));
#1649=DIRECTION('',(1.,0.,0.));
#1650=DIRECTION('',(0.,0.,1.));
#1651=DIRECTION('',(-1.,0.,0.));
#1652=DIRECTION('',(0.,0.,1.));
#1653=DIRECTION('',(0.,0.,1.));
#1654=DIRECTION('',(1.,0.,0.));
#1655=DIRECTION('',(0.,0.,1.));
#1656=DIRECTION('',(0.,0.,1.));
#1657=DIRECTION('',(1.,0.,0.));
#1658=DIRECTION('',(0.707106781186549,0.707106781186546,0.));
#1659=DIRECTION('',(-0.707106781186546,0.707106781186549,0.));
#1660=DIRECTION('',(0.707106781186546,-0.707106781186549,0.));
#1661=DIRECTION('',(0.,0.,-1.));
#1662=DIRECTION('',(0.707106781186546,-0.707106781186549,0.));
#1663=DIRECTION('',(0.,0.,-1.));
#1664=DIRECTION('',(-0.707106781186545,0.70710678118655,0.));
#1665=DIRECTION('',(-0.70710678118655,-0.707106781186545,0.));
#1666=DIRECTION('',(0.70710678118655,0.707106781186545,0.));
#1667=DIRECTION('',(0.,0.,-1.));
#1668=DIRECTION('',(0.70710678118655,0.707106781186545,0.));
#1669=DIRECTION('',(0.707106781186547,0.707106781186548,0.));
#1670=DIRECTION('',(-0.707106781186548,0.707106781186547,0.));
#1671=DIRECTION('',(0.707106781186548,-0.707106781186547,0.));
#1672=DIRECTION('',(0.,0.,-1.));
#1673=DIRECTION('',(0.707106781186548,-0.707106781186547,0.));
#1674=DIRECTION('',(0.707106781186547,-0.707106781186549,0.));
#1675=DIRECTION('',(0.707106781186549,0.707106781186547,0.));
#1676=DIRECTION('',(-0.707106781186549,-0.707106781186547,0.));
#1677=DIRECTION('',(0.,0.,-1.));
#1678=DIRECTION('',(-0.707106781186549,-0.707106781186547,0.));
#1679=DIRECTION('',(0.707106781186547,0.707106781186548,0.));
#1680=DIRECTION('',(-0.707106781186548,0.707106781186547,0.));
#1681=DIRECTION('',(0.707106781186548,-0.707106781186547,0.));
#1682=DIRECTION('',(0.,0.,-1.));
#1683=DIRECTION('',(0.707106781186548,-0.707106781186547,0.));
#1684=DIRECTION('',(0.707106781186546,-0.707106781186549,0.));
#1685=DIRECTION('',(0.707106781186549,0.707106781186546,0.));
#1686=DIRECTION('',(-0.707106781186549,-0.707106781186546,0.));
#1687=DIRECTION('',(0.,0.,-1.));
#1688=DIRECTION('',(-0.707106781186549,-0.707106781186546,0.));
#1689=DIRECTION('',(-0.70710678118655,-0.707106781186546,0.));
#1690=DIRECTION('',(0.707106781186546,-0.70710678118655,0.));
#1691=DIRECTION('',(-0.707106781186546,0.70710678118655,0.));
#1692=DIRECTION('',(0.,0.,-1.));
#1693=DIRECTION('',(-0.707106781186546,0.70710678118655,0.));
#1694=DIRECTION('',(0.707106781186545,-0.70710678118655,0.));
#1695=DIRECTION('',(0.70710678118655,0.707106781186545,0.));
#1696=DIRECTION('',(-0.70710678118655,-0.707106781186545,0.));
#1697=DIRECTION('',(0.,0.,-1.));
#1698=DIRECTION('',(-0.70710678118655,-0.707106781186545,0.));
#1699=DIRECTION('',(-0.707106781186547,-0.707106781186548,0.));
#1700=DIRECTION('',(0.707106781186548,-0.707106781186547,0.));
#1701=DIRECTION('',(-0.707106781186548,0.707106781186547,0.));
#1702=DIRECTION('',(0.,0.,-1.));
#1703=DIRECTION('',(-0.707106781186548,0.707106781186547,0.));
#1704=DIRECTION('',(-0.707106781186547,0.707106781186548,0.));
#1705=DIRECTION('',(-0.707106781186548,-0.707106781186547,0.));
#1706=DIRECTION('',(0.707106781186548,0.707106781186547,0.));
#1707=DIRECTION('',(0.,0.,-1.));
#1708=DIRECTION('',(0.707106781186548,0.707106781186547,0.));
#1709=DIRECTION('',(-0.707106781186547,-0.707106781186549,0.));
#1710=DIRECTION('',(0.707106781186549,-0.707106781186547,0.));
#1711=DIRECTION('',(-0.707106781186549,0.707106781186547,0.));
#1712=DIRECTION('',(0.,0.,-1.));
#1713=DIRECTION('',(-0.707106781186549,0.707106781186547,0.));
#1714=DIRECTION('',(0.,-1.,0.));
#1715=DIRECTION('',(0.,0.,-1.));
#1716=DIRECTION('',(-1.,0.,0.));
#1717=DIRECTION('',(0.,0.,-1.));
#1718=DIRECTION('',(-1.,0.,0.));
#1719=DIRECTION('',(0.,0.,-1.));
#1720=DIRECTION('',(0.,0.,-1.));
#1721=DIRECTION('',(-1.,0.,0.));
#1722=DIRECTION('',(0.,0.,-1.));
#1723=DIRECTION('',(0.7952215842258,-0.60631891936621,0.));
#1724=DIRECTION('',(0.,0.,-1.));
#1725=DIRECTION('',(0.,0.,-1.));
#1726=DIRECTION('',(0.7952215842258,-0.60631891936621,0.));
#1727=DIRECTION('',(-0.606318919366211,-0.7952215842258,0.));
#1728=DIRECTION('',(0.7952215842258,-0.606318919366211,0.));
#1729=DIRECTION('',(-0.7952215842258,0.606318919366211,0.));
#1730=DIRECTION('',(0.,0.,-1.));
#1731=DIRECTION('',(-0.7952215842258,0.606318919366211,0.));
#1732=DIRECTION('',(0.,0.,-1.));
#1733=DIRECTION('',(-1.,0.,0.));
#1734=DIRECTION('',(0.,0.,1.));
#1735=DIRECTION('',(0.7952215842258,-0.60631891936621,0.));
#1736=DIRECTION('',(0.,0.,-1.));
#1737=DIRECTION('',(0.,0.,1.));
#1738=DIRECTION('',(0.7952215842258,-0.60631891936621,0.));
#1739=DIRECTION('',(0.,-1.,0.));
#1740=DIRECTION('',(0.,0.,-1.));
#1741=DIRECTION('',(-1.,0.,0.));
#1742=DIRECTION('',(0.,0.,-1.));
#1743=DIRECTION('',(-1.,0.,0.));
#1744=DIRECTION('',(0.707106781186547,0.707106781186548,0.));
#1745=DIRECTION('',(-0.707106781186548,0.707106781186547,0.));
#1746=DIRECTION('',(0.707106781186548,-0.707106781186547,0.));
#1747=DIRECTION('',(0.,0.,-1.));
#1748=DIRECTION('',(0.707106781186548,-0.707106781186547,0.));
#1749=DIRECTION('',(0.707106781186549,-0.707106781186546,0.));
#1750=DIRECTION('',(0.707106781186546,0.707106781186549,0.));
#1751=DIRECTION('',(-0.707106781186546,-0.707106781186549,0.));
#1752=DIRECTION('',(0.,0.,-1.));
#1753=DIRECTION('',(-0.707106781186546,-0.707106781186549,0.));
#1754=DIRECTION('',(-0.707106781186548,-0.707106781186547,0.));
#1755=DIRECTION('',(0.707106781186547,-0.707106781186548,0.));
#1756=DIRECTION('',(-0.707106781186547,0.707106781186548,0.));
#1757=DIRECTION('',(0.,0.,-1.));
#1758=DIRECTION('',(-0.707106781186547,0.707106781186548,0.));
#1759=DIRECTION('',(-1.,0.,0.));
#1760=DIRECTION('',(0.,0.,1.));
#1761=DIRECTION('',(0.,1.,0.));
#1762=DIRECTION('',(0.,0.,-1.));
#1763=DIRECTION('',(0.,1.,0.));
#1764=DIRECTION('',(-0.707106781186546,0.707106781186549,0.));
#1765=DIRECTION('',(-0.707106781186549,-0.707106781186546,0.));
#1766=DIRECTION('',(0.707106781186549,0.707106781186546,0.));
#1767=DIRECTION('',(0.,0.,-1.));
#1768=DIRECTION('',(0.707106781186549,0.707106781186546,0.));
#1769=DIRECTION('',(0.707106781186552,0.707106781186543,0.));
#1770=DIRECTION('',(-0.707106781186543,0.707106781186552,0.));
#1771=DIRECTION('',(0.707106781186543,-0.707106781186552,0.));
#1772=DIRECTION('',(0.,0.,-1.));
#1773=DIRECTION('',(0.707106781186543,-0.707106781186552,0.));
#1774=DIRECTION('',(0.707106781186547,-0.707106781186548,0.));
#1775=DIRECTION('',(0.707106781186548,0.707106781186547,0.));
#1776=DIRECTION('',(-0.707106781186548,-0.707106781186547,0.));
#1777=DIRECTION('',(0.,0.,-1.));
#1778=DIRECTION('',(-0.707106781186548,-0.707106781186547,0.));
#1779=DIRECTION('',(0.,1.,0.));
#1780=DIRECTION('',(0.,0.,1.));
#1781=DIRECTION('',(1.,0.,0.));
#1782=DIRECTION('',(0.,0.,-1.));
#1783=DIRECTION('',(1.,0.,0.));
#1784=DIRECTION('',(0.,0.,-1.));
#1785=DIRECTION('',(-1.,0.,0.));
#1786=DIRECTION('',(0.,0.,1.));
#1787=DIRECTION('',(0.997917029265195,0.0645104852138665,0.));
#1788=DIRECTION('',(0.,0.,1.));
#1789=DIRECTION('',(0.997917029265195,0.0645104852138665,0.));
#1790=DIRECTION('',(0.984807753012208,-0.173648177666929,0.));
#1791=DIRECTION('',(0.173648177666929,0.984807753012208,0.));
#1792=DIRECTION('',(-0.173648177666929,-0.984807753012208,0.));
#1793=DIRECTION('',(-0.173648177666929,-0.984807753012208,0.));
#1794=DIRECTION('',(0.,0.,-1.));
#1795=DIRECTION('',(-0.173648177666931,-0.984807753012208,0.));
#1796=DIRECTION('',(0.984807753012208,-0.173648177666931,0.));
#1797=DIRECTION('',(-0.984807753012208,0.173648177666931,0.));
#1798=DIRECTION('',(0.,0.,-1.));
#1799=DIRECTION('',(-0.984807753012208,0.173648177666931,0.));
#1800=DIRECTION('',(-0.984807753012208,0.173648177666931,0.));
#1801=DIRECTION('',(-0.173648177666931,-0.984807753012208,0.));
#1802=DIRECTION('',(0.173648177666931,0.984807753012208,0.));
#1803=DIRECTION('',(0.173648177666931,0.984807753012208,0.));
#1804=DIRECTION('',(0.,0.,-1.));
#1805=DIRECTION('',(-1.,0.,0.));
#1806=DIRECTION('',(0.,0.,-1.));
#1807=DIRECTION('',(0.998368655437032,0.0570966534995993,0.));
#1808=DIRECTION('',(0.,0.,-1.));
#1809=DIRECTION('',(0.998368655437032,0.0570966534995993,0.));
#1810=DIRECTION('',(0.,0.,-1.));
#1811=DIRECTION('',(0.,1.,0.));
#1812=DIRECTION('',(0.,0.,1.));
#1813=DIRECTION('',(1.,0.,0.));
#1814=DIRECTION('',(0.,0.,-1.));
#1815=DIRECTION('',(1.,0.,0.));
#1816=DIRECTION('',(0.,-1.,0.));
#1817=DIRECTION('',(0.,0.,-1.));
#1818=DIRECTION('',(-1.,0.,0.));
#1819=DIRECTION('',(0.,0.,-1.));
#1820=DIRECTION('',(-1.,0.,0.));
#1821=DIRECTION('',(0.,0.,-1.));
#1822=DIRECTION('',(-1.,0.,0.));
#1823=DIRECTION('',(0.,0.,1.));
#1824=DIRECTION('',(0.,1.,0.));
#1825=DIRECTION('',(0.,0.,-1.));
#1826=DIRECTION('',(0.,1.,0.));
#1827=DIRECTION('',(0.,0.,-1.));
#1828=DIRECTION('',(-1.,0.,0.));
#1829=DIRECTION('',(0.,0.,-1.));
#1830=DIRECTION('',(-0.60631891936621,-0.7952215842258,0.));
#1831=DIRECTION('',(0.,0.,-1.));
#1832=DIRECTION('',(0.,0.,-1.));
#1833=DIRECTION('',(-0.60631891936621,-0.7952215842258,0.));
#1834=DIRECTION('',(-0.795221584225798,0.606318919366213,0.));
#1835=DIRECTION('',(-0.606318919366213,-0.795221584225798,0.));
#1836=DIRECTION('',(0.606318919366213,0.795221584225798,0.));
#1837=DIRECTION('',(0.,0.,-1.));
#1838=DIRECTION('',(0.606318919366213,0.795221584225798,0.));
#1839=DIRECTION('',(0.,0.,-1.));
#1840=DIRECTION('',(-1.,0.,0.));
#1841=DIRECTION('',(0.,0.,1.));
#1842=DIRECTION('',(-0.60631891936621,-0.7952215842258,0.));
#1843=DIRECTION('',(0.,0.,-1.));
#1844=DIRECTION('',(0.,0.,1.));
#1845=DIRECTION('',(-0.60631891936621,-0.7952215842258,0.));
#1846=DIRECTION('',(-1.,0.,0.));
#1847=DIRECTION('',(0.,0.,1.));
#1848=DIRECTION('',(0.,1.,0.));
#1849=DIRECTION('',(0.,0.,-1.));
#1850=DIRECTION('',(0.,1.,0.));
#1851=DIRECTION('',(0.707106781186549,-0.707106781186546,0.));
#1852=DIRECTION('',(0.707106781186546,0.707106781186549,0.));
#1853=DIRECTION('',(-0.707106781186546,-0.707106781186549,0.));
#1854=DIRECTION('',(0.,0.,-1.));
#1855=DIRECTION('',(-0.707106781186546,-0.707106781186549,0.));
#1856=DIRECTION('',(-0.707106781186546,-0.707106781186549,0.));
#1857=DIRECTION('',(0.707106781186549,-0.707106781186546,0.));
#1858=DIRECTION('',(-0.707106781186549,0.707106781186546,0.));
#1859=DIRECTION('',(0.,0.,-1.));
#1860=DIRECTION('',(-0.707106781186549,0.707106781186546,0.));
#1861=DIRECTION('',(-0.707106781186546,0.707106781186549,0.));
#1862=DIRECTION('',(-0.707106781186549,-0.707106781186546,0.));
#1863=DIRECTION('',(0.707106781186549,0.707106781186546,0.));
#1864=DIRECTION('',(0.,0.,-1.));
#1865=DIRECTION('',(0.707106781186549,0.707106781186546,0.));
#1866=DIRECTION('',(0.,1.,0.));
#1867=DIRECTION('',(0.,0.,1.));
#1868=DIRECTION('',(1.,0.,0.));
#1869=DIRECTION('',(0.,0.,-1.));
#1870=DIRECTION('',(1.,0.,0.));
#1871=DIRECTION('',(0.707106781186548,0.707106781186548,0.));
#1872=DIRECTION('',(-0.707106781186548,0.707106781186548,0.));
#1873=DIRECTION('',(0.707106781186548,-0.707106781186548,0.));
#1874=DIRECTION('',(0.,0.,-1.));
#1875=DIRECTION('',(0.707106781186548,-0.707106781186548,0.));
#1876=DIRECTION('',(0.707106781186545,-0.70710678118655,0.));
#1877=DIRECTION('',(0.70710678118655,0.707106781186545,0.));
#1878=DIRECTION('',(-0.70710678118655,-0.707106781186545,0.));
#1879=DIRECTION('',(0.,0.,-1.));
#1880=DIRECTION('',(-0.70710678118655,-0.707106781186545,0.));
#1881=DIRECTION('',(-0.70710678118655,-0.707106781186545,0.));
#1882=DIRECTION('',(0.707106781186545,-0.70710678118655,0.));
#1883=DIRECTION('',(-0.707106781186545,0.70710678118655,0.));
#1884=DIRECTION('',(0.,0.,-1.));
#1885=DIRECTION('',(-0.707106781186545,0.70710678118655,0.));
#1886=DIRECTION('',(1.,0.,0.));
#1887=DIRECTION('',(0.,0.,-1.));
#1888=DIRECTION('',(0.,-1.,0.));
#1889=DIRECTION('',(0.,0.,-1.));
#1890=DIRECTION('',(0.,-1.,0.));
#1891=DIRECTION('',(0.,0.,-1.));
#1892=DIRECTION('',(-1.,0.,0.));
#1893=DIRECTION('',(0.,0.,1.));
#1894=DIRECTION('',(0.0645104852138668,-0.997917029265195,0.));
#1895=DIRECTION('',(0.,0.,-1.));
#1896=DIRECTION('',(0.,0.,1.));
#1897=DIRECTION('',(0.0645104852138668,-0.997917029265195,0.));
#1898=DIRECTION('',(-0.173648177666929,-0.984807753012208,0.));
#1899=DIRECTION('',(0.984807753012208,-0.173648177666929,0.));
#1900=DIRECTION('',(-0.984807753012208,0.173648177666929,0.));
#1901=DIRECTION('',(0.,0.,-1.));
#1902=DIRECTION('',(-0.984807753012208,0.173648177666929,0.));
#1903=DIRECTION('',(-0.984807753012207,0.173648177666934,0.));
#1904=DIRECTION('',(-0.173648177666934,-0.984807753012207,0.));
#1905=DIRECTION('',(0.173648177666934,0.984807753012207,0.));
#1906=DIRECTION('',(0.,0.,-1.));
#1907=DIRECTION('',(0.173648177666934,0.984807753012207,0.));
#1908=DIRECTION('',(0.173648177666931,0.984807753012208,0.));
#1909=DIRECTION('',(-0.984807753012208,0.173648177666931,0.));
#1910=DIRECTION('',(0.984807753012208,-0.173648177666931,0.));
#1911=DIRECTION('',(0.,0.,-1.));
#1912=DIRECTION('',(0.984807753012208,-0.173648177666931,0.));
#1913=DIRECTION('',(0.856641342991283,0.515912404849981,0.));
#1914=DIRECTION('',(-0.515912404849981,0.856641342991283,0.));
#1915=DIRECTION('',(0.515912404849981,-0.856641342991283,0.));
#1916=DIRECTION('',(0.,0.,-1.));
#1917=DIRECTION('',(0.515912404849981,-0.856641342991283,0.));
#1918=DIRECTION('',(0.965925826289069,-0.25881904510252,0.));
#1919=DIRECTION('',(0.25881904510252,0.965925826289069,0.));
#1920=DIRECTION('',(-0.25881904510252,-0.965925826289069,0.));
#1921=DIRECTION('',(0.,0.,-1.));
#1922=DIRECTION('',(-0.25881904510252,-0.965925826289069,0.));
#1923=DIRECTION('',(-0.258819045102526,-0.965925826289067,0.));
#1924=DIRECTION('',(0.965925826289067,-0.258819045102526,0.));
#1925=DIRECTION('',(-0.965925826289067,0.258819045102526,0.));
#1926=DIRECTION('',(0.,0.,-1.));
#1927=DIRECTION('',(-0.965925826289067,0.258819045102526,0.));
#1928=DIRECTION('',(-0.965925826289069,0.258819045102519,0.));
#1929=DIRECTION('',(-0.258819045102519,-0.965925826289069,0.));
#1930=DIRECTION('',(0.258819045102519,0.965925826289069,0.));
#1931=DIRECTION('',(0.,0.,-1.));
#1932=DIRECTION('',(0.258819045102519,0.965925826289069,0.));
#1933=DIRECTION('',(0.,0.,-1.));
#1934=DIRECTION('',(-1.,0.,0.));
#1935=DIRECTION('',(0.,0.,-1.));
#1936=DIRECTION('',(0.0570966534995996,-0.998368655437032,0.));
#1937=DIRECTION('',(0.,0.,-1.));
#1938=DIRECTION('',(0.,0.,-1.));
#1939=DIRECTION('',(0.0570966534995996,-0.998368655437032,0.));
#1940=DIRECTION('',(0.,-1.,0.));
#1941=DIRECTION('',(0.,0.,-1.));
#1942=DIRECTION('',(-1.,0.,0.));
#1943=DIRECTION('',(-1.,0.,0.));
#1944=DIRECTION('',(0.,0.,-1.));
#1945=DIRECTION('',(0.707106781186545,-0.70710678118655,0.));
#1946=DIRECTION('',(0.70710678118655,0.707106781186545,0.));
#1947=DIRECTION('',(-0.70710678118655,-0.707106781186545,0.));
#1948=DIRECTION('',(0.,0.,-1.));
#1949=DIRECTION('',(-0.70710678118655,-0.707106781186545,0.));
#1950=DIRECTION('',(-0.707106781186548,-0.707106781186548,0.));
#1951=DIRECTION('',(0.707106781186548,-0.707106781186548,0.));
#1952=DIRECTION('',(-0.707106781186548,0.707106781186548,0.));
#1953=DIRECTION('',(0.,0.,-1.));
#1954=DIRECTION('',(-0.707106781186548,0.707106781186548,0.));
#1955=DIRECTION('',(-0.707106781186548,0.707106781186548,0.));
#1956=DIRECTION('',(-0.707106781186548,-0.707106781186548,0.));
#1957=DIRECTION('',(0.707106781186548,0.707106781186548,0.));
#1958=DIRECTION('',(0.,0.,-1.));
#1959=DIRECTION('',(0.707106781186548,0.707106781186548,0.));
#1960=DIRECTION('',(-0.707106781186548,-0.707106781186548,0.));
#1961=DIRECTION('',(0.707106781186548,-0.707106781186548,0.));
#1962=DIRECTION('',(-0.707106781186548,0.707106781186548,0.));
#1963=DIRECTION('',(0.,0.,-1.));
#1964=DIRECTION('',(-0.707106781186548,0.707106781186548,0.));
#1965=DIRECTION('',(-0.707106781186546,0.707106781186549,0.));
#1966=DIRECTION('',(-0.707106781186549,-0.707106781186546,0.));
#1967=DIRECTION('',(0.707106781186549,0.707106781186546,0.));
#1968=DIRECTION('',(0.,0.,-1.));
#1969=DIRECTION('',(0.707106781186549,0.707106781186546,0.));
#1970=DIRECTION('',(0.707106781186549,0.707106781186546,0.));
#1971=DIRECTION('',(-0.707106781186546,0.707106781186549,0.));
#1972=DIRECTION('',(0.707106781186546,-0.707106781186549,0.));
#1973=DIRECTION('',(0.,0.,-1.));
#1974=DIRECTION('',(0.707106781186546,-0.707106781186549,0.));
#1975=DIRECTION('',(0.,1.,0.));
#1976=DIRECTION('',(0.,0.,1.));
#1977=DIRECTION('',(1.,0.,0.));
#1978=DIRECTION('',(1.,0.,0.));
#1979=DIRECTION('',(-1.,0.,0.));
#1980=DIRECTION('',(0.,0.,1.));
#1981=DIRECTION('',(0.,1.,0.));
#1982=DIRECTION('',(0.,0.,-1.));
#1983=DIRECTION('',(0.,1.,0.));
#1984=DIRECTION('',(0.,0.,-1.));
#1985=DIRECTION('',(0.,1.,0.));
#1986=DIRECTION('',(0.,0.,1.));
#1987=DIRECTION('',(1.,0.,0.));
#1988=DIRECTION('',(0.,0.,-1.));
#1989=DIRECTION('',(1.,0.,0.));
#1990=DIRECTION('',(-1.,-1.31418445149758E-16,0.));
#1991=DIRECTION('',(1.31418445149758E-16,-1.,0.));
#1992=DIRECTION('',(-1.31418445149758E-16,1.,0.));
#1993=DIRECTION('',(0.,0.,-1.));
#1994=DIRECTION('',(-1.31418445149758E-16,1.,0.));
#1995=DIRECTION('',(1.,0.,0.));
#1996=DIRECTION('',(0.,0.,-1.));
#1997=DIRECTION('',(0.,-1.,0.));
#1998=DIRECTION('',(0.,-1.,0.));
#1999=DIRECTION('',(1.,0.,0.));
#2000=DIRECTION('',(0.,0.,-1.));
#2001=DIRECTION('',(0.,-1.,0.));
#2002=DIRECTION('',(0.,-1.,0.));
#2003=DIRECTION('',(0.,1.,0.));
#2004=DIRECTION('',(0.,0.,1.));
#2005=DIRECTION('',(1.,0.,0.));
#2006=DIRECTION('',(1.,0.,0.));
#2007=DIRECTION('',(-0.707106781186546,0.707106781186549,0.));
#2008=DIRECTION('',(-0.707106781186549,-0.707106781186546,0.));
#2009=DIRECTION('',(0.707106781186549,0.707106781186546,0.));
#2010=DIRECTION('',(0.707106781186549,0.707106781186546,0.));
#2011=DIRECTION('',(0.,0.,1.));
#2012=DIRECTION('',(1.,0.,0.));
#2013=DIRECTION('',(0.,0.,1.));
#2014=DIRECTION('',(1.,0.,0.));
#2015=DIRECTION('',(0.,0.,1.));
#2016=DIRECTION('',(1.,0.,0.));
#2017=DIRECTION('',(0.,0.,1.));
#2018=DIRECTION('',(1.,0.,0.));
#2019=DIRECTION('',(0.,0.,1.));
#2020=DIRECTION('',(1.,0.,0.));
#2021=CARTESIAN_POINT('',(0.,0.,0.));
#2022=CARTESIAN_POINT('',(0.00724550567239523,0.00718067077800632,-0.018302));
#2023=CARTESIAN_POINT('',(0.00724550567239523,0.00718067077800632,-0.0168));
#2024=CARTESIAN_POINT('',(0.00604201513503631,0.00597999991282821,-0.0168));
#2025=CARTESIAN_POINT('',(0.00762595877052116,0.0055237895390135,-0.0168));
#2026=CARTESIAN_POINT('',(0.00604201513503631,0.00597999991282821,-0.018302));
#2027=CARTESIAN_POINT('',(0.00604201513503631,0.00597999991282821,-0.0183));
#2028=CARTESIAN_POINT('',(0.00724550567239523,0.00718067077800632,-0.0183));
#2029=CARTESIAN_POINT('',(0.00762595877052116,0.0055237895390135,-0.0183));
#2030=CARTESIAN_POINT('',(0.00762595877052116,0.0055237895390135,-0.018302));
#2031=CARTESIAN_POINT('',(0.00724550567239523,0.00718067077800632,-0.018302));
#2032=CARTESIAN_POINT('',(0.00628211523235329,0.00577999991729856,-0.018302));
#2033=CARTESIAN_POINT('',(0.00628211523235329,0.00577999991729856,-0.0168));
#2034=CARTESIAN_POINT('',(0.00628211523235329,0.00577999991729856,-0.0183));
#2035=CARTESIAN_POINT('',(0.00724550567239523,0.00718067077800632,-0.0168));
#2036=CARTESIAN_POINT('',(0.00709287699015041,0.00548753626316226,-0.0168));
#2037=CARTESIAN_POINT('',(0.00709287699015041,0.00548753626316226,-0.018302));
#2038=CARTESIAN_POINT('',(0.00709287699015041,0.00548753626316226,-0.0183));
#2039=CARTESIAN_POINT('',(0.00724550567239523,0.00718067077800632,-0.0183));
#2040=CARTESIAN_POINT('',(0.00724550567239523,0.00718067077800632,-0.018302));
#2041=CARTESIAN_POINT('',(0.007294878182784,0.00548138788360118,-0.018302));
#2042=CARTESIAN_POINT('',(0.007294878182784,0.00548138788360118,-0.0168));
#2043=CARTESIAN_POINT('',(0.007294878182784,0.00548138788360118,-0.0183));
#2044=CARTESIAN_POINT('',(0.00724550567239523,0.00718067077800632,-0.0168));
#2045=CARTESIAN_POINT('',(0.00742584505027009,0.00549026322099892,-0.0168));
#2046=CARTESIAN_POINT('',(0.00742584505027009,0.00549026322099892,-0.0168));
#2047=CARTESIAN_POINT('',(0.00742584505027009,0.00549026322099892,-0.0183));
#2048=CARTESIAN_POINT('',(0.00724550567239523,0.00718067077800632,-0.0183));
#2049=CARTESIAN_POINT('',(0.0065825700462472,0.00617772109584324,-0.0168));
#2050=CARTESIAN_POINT('',(0.0065825700462472,0.00617772109584324,-0.0183));
#2051=CARTESIAN_POINT('',(0.00833999452144916,0.00442029662064128,-0.0183));
#2052=CARTESIAN_POINT('',(0.00863999451139088,0.00412029663069955,-0.0183));
#2053=CARTESIAN_POINT('',(0.00863999451139088,0.00412029663069955,-0.0168));
#2054=CARTESIAN_POINT('',(0.00863999451139088,0.00412029663069955,-0.0168));
#2055=CARTESIAN_POINT('',(0.0065825700462472,0.00617772109584324,-0.0168));
#2056=CARTESIAN_POINT('',(0.00833999452144916,0.00442029662064128,-0.0168));
#2057=CARTESIAN_POINT('',(0.00833999452144916,0.00442029662064128,-0.0168));
#2058=CARTESIAN_POINT('',(0.00571242172586825,0.00119272384517695,-0.0168));
#2059=CARTESIAN_POINT('',(0.00571242172586825,0.00119272384517695,-0.0183));
#2060=CARTESIAN_POINT('',(0.00893999451362605,0.00442029663293473,-0.0183));
#2061=CARTESIAN_POINT('',(0.00893999451362605,0.00442029663293473,-0.0168));
#2062=CARTESIAN_POINT('',(0.00893999451362605,0.00442029663293473,-0.0168));
#2063=CARTESIAN_POINT('',(0.00571242172586825,0.00119272384517695,-0.0168));
#2064=CARTESIAN_POINT('',(0.00703257004345321,0.00632772110310756,-0.0168));
#2065=CARTESIAN_POINT('',(0.00703257004345321,0.00632772110310756,-0.0183));
#2066=CARTESIAN_POINT('',(0.00908999451027328,0.00427029663628749,-0.0183));
#2067=CARTESIAN_POINT('',(0.00908999451027328,0.00427029663628749,-0.0168));
#2068=CARTESIAN_POINT('',(0.00908999451027328,0.00427029663628749,-0.0168));
#2069=CARTESIAN_POINT('',(0.00703257004345321,0.00632772110310756,-0.0168));
#2070=CARTESIAN_POINT('',(0.00601242172363308,0.0011927238496473,-0.0168));
#2071=CARTESIAN_POINT('',(0.00601242172363308,0.0011927238496473,-0.0183));
#2072=CARTESIAN_POINT('',(0.0087899945169788,0.00397029664299301,-0.0183));
#2073=CARTESIAN_POINT('',(0.0087899945169788,0.00397029664299301,-0.0168));
#2074=CARTESIAN_POINT('',(0.0087899945169788,0.00397029664299301,-0.0168));
#2075=CARTESIAN_POINT('',(0.00601242172363308,0.0011927238496473,-0.0168));
#2076=CARTESIAN_POINT('',(0.00680757004848235,0.00595272111148946,-0.0168));
#2077=CARTESIAN_POINT('',(0.00680757004848235,0.00595272111148946,-0.0183));
#2078=CARTESIAN_POINT('',(0.00908999451027328,0.00367029664969853,-0.0183));
#2079=CARTESIAN_POINT('',(0.00908999451027328,0.00367029664969853,-0.0168));
#2080=CARTESIAN_POINT('',(0.00908999451027328,0.00367029664969853,-0.0168));
#2081=CARTESIAN_POINT('',(0.00680757004848235,0.00595272111148946,-0.0168));
#2082=CARTESIAN_POINT('',(0.00616242172028031,0.00074272385970558,-0.0168));
#2083=CARTESIAN_POINT('',(0.00616242172028031,0.00074272385970558,-0.0183));
#2084=CARTESIAN_POINT('',(0.00893999451362604,0.0035202966530513,-0.0183));
#2085=CARTESIAN_POINT('',(0.00893999451362604,0.0035202966530513,-0.0168));
#2086=CARTESIAN_POINT('',(0.00893999451362604,0.0035202966530513,-0.0168));
#2087=CARTESIAN_POINT('',(0.00616242172028031,0.00074272385970558,-0.0168));
#2088=CARTESIAN_POINT('',(0.00680757004848237,0.00565272111819498,-0.0168));
#2089=CARTESIAN_POINT('',(0.00680757004848237,0.00565272111819498,-0.0183));
#2090=CARTESIAN_POINT('',(0.00863999452368433,0.00382029664299301,-0.0183));
#2091=CARTESIAN_POINT('',(0.00863999452368433,0.00382029664299301,-0.0168));
#2092=CARTESIAN_POINT('',(0.00863999452368433,0.00382029664299301,-0.0168));
#2093=CARTESIAN_POINT('',(0.00680757004848237,0.00565272111819498,-0.0168));
#2094=CARTESIAN_POINT('',(0.00578742173201498,0.00096772385132368,-0.0168));
#2095=CARTESIAN_POINT('',(0.00578742173201498,0.00096772385132368,-0.0183));
#2096=CARTESIAN_POINT('',(0.00833999452144916,0.00352029664075784,-0.0183));
#2097=CARTESIAN_POINT('',(0.00833999452144916,0.00352029664075784,-0.0168));
#2098=CARTESIAN_POINT('',(0.00833999452144916,0.00352029664075784,-0.0168));
#2099=CARTESIAN_POINT('',(0.00578742173201498,0.00096772385132368,-0.0168));
#2100=CARTESIAN_POINT('',(0.00635757005127632,0.00550272111093067,-0.0168));
#2101=CARTESIAN_POINT('',(0.00635757005127632,0.00550272111093067,-0.0183));
#2102=CARTESIAN_POINT('',(0.00818999452480192,0.00367029663740507,-0.0183));
#2103=CARTESIAN_POINT('',(0.00818999452480192,0.00367029663740507,-0.0168));
#2104=CARTESIAN_POINT('',(0.00818999452480192,0.00367029663740507,-0.0168));
#2105=CARTESIAN_POINT('',(0.00635757005127632,0.00550272111093067,-0.0168));
#2106=CARTESIAN_POINT('',(0.00548742173425017,0.00096772384685333,-0.0168));
#2107=CARTESIAN_POINT('',(0.00548742173425017,0.00096772384685333,-0.0183));
#2108=CARTESIAN_POINT('',(0.0084899945180964,0.00397029663069955,-0.0183));
#2109=CARTESIAN_POINT('',(0.0084899945180964,0.00397029663069955,-0.0168));
#2110=CARTESIAN_POINT('',(0.0084899945180964,0.00397029663069955,-0.0168));
#2111=CARTESIAN_POINT('',(0.00548742173425017,0.00096772384685333,-0.0168));
#2112=CARTESIAN_POINT('',(0.00658257004624718,0.00587772110254877,-0.0168));
#2113=CARTESIAN_POINT('',(0.00658257004624718,0.00587772110254877,-0.0183));
#2114=CARTESIAN_POINT('',(0.00818999452480192,0.00427029662399404,-0.0183));
#2115=CARTESIAN_POINT('',(0.00818999452480192,0.00427029662399404,-0.0168));
#2116=CARTESIAN_POINT('',(0.00818999452480192,0.00427029662399404,-0.0168));
#2117=CARTESIAN_POINT('',(0.00658257004624718,0.00587772110254877,-0.0168));
#2118=CARTESIAN_POINT('',(0.00386999989047647,0.00487999993741512,-0.0168));
#2119=CARTESIAN_POINT('',(0.00386999989047647,0.00487999993741512,-0.0183));
#2120=CARTESIAN_POINT('',(0.00876999978095293,0.00487999993741512,-0.0183));
#2121=CARTESIAN_POINT('',(0.00770990619631238,0.00487999993741512,-0.0183));
#2122=CARTESIAN_POINT('',(0.00770990619631238,0.00487999993741512,-0.0168));
#2123=CARTESIAN_POINT('',(0.00770990619631238,0.00487999993741512,-0.0168));
#2124=CARTESIAN_POINT('',(0.00386999989047647,0.00487999993741512,-0.0168));
#2125=CARTESIAN_POINT('',(0.00876999978095293,0.00487999993741512,-0.0168));
#2126=CARTESIAN_POINT('',(0.00876999978095293,0.00487999993741512,-0.0168));
#2127=CARTESIAN_POINT('',(0.00596999984353781,0.00498049154386193,-0.0168));
#2128=CARTESIAN_POINT('',(0.00596999984353781,0.00498049154386193,-0.0183));
#2129=CARTESIAN_POINT('',(0.00735591677491761,0.00392379530619173,-0.0183));
#2130=CARTESIAN_POINT('',(0.00735591677491761,0.00392379530619173,-0.0168));
#2131=CARTESIAN_POINT('',(0.00735591677491761,0.00392379530619173,-0.0168));
#2132=CARTESIAN_POINT('',(0.00596999984353781,0.00498049154386193,-0.0168));
#2133=CARTESIAN_POINT('',(0.00514888501433675,0.00560655284022557,-0.0168));
#2134=CARTESIAN_POINT('',(0.00514888501433675,0.00560655284022557,-0.0183));
#2135=CARTESIAN_POINT('',(0.00719664104066852,0.00404523553491136,-0.0183));
#2136=CARTESIAN_POINT('',(0.00719664104066852,0.00404523553491136,-0.0168));
#2137=CARTESIAN_POINT('',(0.00719664104066852,0.00404523553491136,-0.0168));
#2138=CARTESIAN_POINT('',(0.00514888501433675,0.00560655284022557,-0.0168));
#2139=CARTESIAN_POINT('',(0.00596999984353781,0.00498049154386193,-0.0168));
#2140=CARTESIAN_POINT('',(0.00596999984353781,0.00498049154386193,-0.0183));
#2141=CARTESIAN_POINT('',(0.00750923792317661,0.00487999993741512,-0.0183));
#2142=CARTESIAN_POINT('',(0.00750923792317661,0.00487999993741512,-0.0168));
#2143=CARTESIAN_POINT('',(0.00750923792317661,0.00487999993741512,-0.0168));
#2144=CARTESIAN_POINT('',(0.00596999984353781,0.00498049154386193,-0.0168));
#2145=CARTESIAN_POINT('',(0.00323961896158831,0.00487999993741512,-0.0168));
#2146=CARTESIAN_POINT('',(0.00323961896158831,0.00487999993741512,-0.0183));
#2147=CARTESIAN_POINT('',(0.00625498981653383,0.00487999993741512,-0.0183));
#2148=CARTESIAN_POINT('',(0.00625498981653383,0.00487999993741512,-0.0168));
#2149=CARTESIAN_POINT('',(0.00625498981653383,0.00487999993741512,-0.0168));
#2150=CARTESIAN_POINT('',(0.00323961896158831,0.00487999993741512,-0.0168));
#2151=CARTESIAN_POINT('',(0.00513374234675415,0.0060012474071948,-0.0168));
#2152=CARTESIAN_POINT('',(0.00513374234675415,0.0060012474071948,-0.0183));
#2153=CARTESIAN_POINT('',(0.00660592475888169,0.00452906499506726,-0.0183));
#2154=CARTESIAN_POINT('',(0.00660592475888169,0.00452906499506726,-0.0168));
#2155=CARTESIAN_POINT('',(0.00660592475888169,0.00452906499506726,-0.0168));
#2156=CARTESIAN_POINT('',(0.00513374234675415,0.0060012474071948,-0.0168));
#2157=CARTESIAN_POINT('',(0.00408467732039446,0.00200781755658001,-0.0168));
#2158=CARTESIAN_POINT('',(0.00408467732039446,0.00200781755658001,-0.0183));
#2159=CARTESIAN_POINT('',(0.00646450340580539,0.00438764364199096,-0.0183));
#2160=CARTESIAN_POINT('',(0.00646450340580539,0.00438764364199096,-0.0168));
#2161=CARTESIAN_POINT('',(0.00646450340580539,0.00438764364199096,-0.0168));
#2162=CARTESIAN_POINT('',(0.00408467732039446,0.00200781755658001,-0.0168));
#2163=CARTESIAN_POINT('',(0.00516778846485179,0.00568435858294457,-0.0168));
#2164=CARTESIAN_POINT('',(0.00516778846485179,0.00568435858294457,-0.0183));
#2165=CARTESIAN_POINT('',(0.00596999984353781,0.00488214720425855,-0.0183));
#2166=CARTESIAN_POINT('',(0.00596999984353781,0.00488214720425855,-0.0168));
#2167=CARTESIAN_POINT('',(0.00596999984353781,0.00488214720425855,-0.0168));
#2168=CARTESIAN_POINT('',(0.00516778846485179,0.00568435858294457,-0.0168));
#2169=CARTESIAN_POINT('',(0.00596999984353781,0.00348107360212928,-0.0168));
#2170=CARTESIAN_POINT('',(0.00596999984353781,0.00348107360212928,-0.0183));
#2171=CARTESIAN_POINT('',(0.00596999984353781,0.00507883588346529,-0.0183));
#2172=CARTESIAN_POINT('',(0.00596999984353781,0.00507883588346529,-0.0168));
#2173=CARTESIAN_POINT('',(0.00596999984353781,0.00507883588346529,-0.0168));
#2174=CARTESIAN_POINT('',(0.00596999984353781,0.00348107360212928,-0.0168));
#2175=CARTESIAN_POINT('',(0.00347029091178703,0.00257912695171452,-0.0168));
#2176=CARTESIAN_POINT('',(0.00347029091178703,0.00257912695171452,-0.0183));
#2177=CARTESIAN_POINT('',(0.00646513414372539,0.00557397018365287,-0.0183));
#2178=CARTESIAN_POINT('',(0.00646513414372539,0.00557397018365287,-0.0168));
#2179=CARTESIAN_POINT('',(0.00646513414372539,0.00557397018365287,-0.0168));
#2180=CARTESIAN_POINT('',(0.00347029091178703,0.00257912695171452,-0.0168));
#2181=CARTESIAN_POINT('',(0.00546484315370728,0.00657426117367099,-0.0168));
#2182=CARTESIAN_POINT('',(0.00546484315370728,0.00657426117367099,-0.0183));
#2183=CARTESIAN_POINT('',(0.00660655549680168,0.00543254883057658,-0.0183));
#2184=CARTESIAN_POINT('',(0.00660655549680168,0.00543254883057658,-0.0168));
#2185=CARTESIAN_POINT('',(0.00660655549680168,0.00543254883057658,-0.0168));
#2186=CARTESIAN_POINT('',(0.00546484315370728,0.00657426117367099,-0.0168));
#2187=CARTESIAN_POINT('',(0.00385927941495711,0.00268527274873202,-0.0168));
#2188=CARTESIAN_POINT('',(0.00385927941495711,0.00268527274873202,-0.0183));
#2189=CARTESIAN_POINT('',(0.00625400659916987,0.00507999993294477,-0.0183));
#2190=CARTESIAN_POINT('',(0.00625400659916987,0.00507999993294477,-0.0168));
#2191=CARTESIAN_POINT('',(0.00625400659916987,0.00507999993294477,-0.0168));
#2192=CARTESIAN_POINT('',(0.00385927941495711,0.00268527274873202,-0.0168));
#2193=CARTESIAN_POINT('',(0.00261200329958494,0.00507999993294477,-0.0168));
#2194=CARTESIAN_POINT('',(0.00261200329958494,0.00507999993294477,-0.0183));
#2195=CARTESIAN_POINT('',(0.00750930179873651,0.00507999993294477,-0.0183));
#2196=CARTESIAN_POINT('',(0.00750930179873651,0.00507999993294477,-0.0168));
#2197=CARTESIAN_POINT('',(0.00750930179873651,0.00507999993294477,-0.0168));
#2198=CARTESIAN_POINT('',(0.00261200329958494,0.00507999993294477,-0.0168));
#2199=CARTESIAN_POINT('',(0.00596999984353781,0.00498049154386193,-0.0168));
#2200=CARTESIAN_POINT('',(0.00596999984353781,0.00498049154386193,-0.0168));
#2201=CARTESIAN_POINT('',(0.00596999984353781,0.00498049154386193,-0.0183));
#2202=CARTESIAN_POINT('',(0.00689792840874768,0.00323017384680764,-0.0168));
#2203=CARTESIAN_POINT('',(0.00689792840874768,0.00323017384680764,-0.0168));
#2204=CARTESIAN_POINT('',(0.00726089544475468,0.00528866219923468,-0.0168));
#2205=CARTESIAN_POINT('',(0.00689792840874768,0.00323017384680764,-0.0183));
#2206=CARTESIAN_POINT('',(0.00726089544475468,0.00528866219923468,-0.0183));
#2207=CARTESIAN_POINT('',(0.00726089544475468,0.00528866219923468,-0.0168));
#2208=CARTESIAN_POINT('',(0.00351480504259662,0.00594919900930817,-0.0168));
#2209=CARTESIAN_POINT('',(0.00351480504259662,0.00594919900930817,-0.0183));
#2210=CARTESIAN_POINT('',(0.00706393389855467,0.0053233918339918,-0.0183));
#2211=CARTESIAN_POINT('',(0.00706393389855467,0.0053233918339918,-0.0168));
#2212=CARTESIAN_POINT('',(0.00706393389855467,0.0053233918339918,-0.0168));
#2213=CARTESIAN_POINT('',(0.00351480504259662,0.00594919900930817,-0.0168));
#2214=CARTESIAN_POINT('',(0.00666457657833539,0.00305852392430096,-0.0168));
#2215=CARTESIAN_POINT('',(0.00666457657833539,0.00305852392430096,-0.0168));
#2216=CARTESIAN_POINT('',(0.00666457657833539,0.00305852392430096,-0.0183));
#2217=CARTESIAN_POINT('',(0.00596999984353781,0.00498049154386193,-0.0168));
#2218=CARTESIAN_POINT('',(0.00596999984353781,0.00498049154386193,-0.0168));
#2219=CARTESIAN_POINT('',(0.00770996270517989,0.00507999993294477,-0.0168));
#2220=CARTESIAN_POINT('',(0.00596999984353781,0.00498049154386193,-0.0183));
#2221=CARTESIAN_POINT('',(0.00770996270517989,0.00507999993294477,-0.0183));
#2222=CARTESIAN_POINT('',(0.00770996270517989,0.00507999993294477,-0.0168));
#2223=CARTESIAN_POINT('',(0.00333998135258994,0.00507999993294477,-0.0168));
#2224=CARTESIAN_POINT('',(0.00333998135258994,0.00507999993294477,-0.0183));
#2225=CARTESIAN_POINT('',(0.00876999978095293,0.00507999993294477,-0.0183));
#2226=CARTESIAN_POINT('',(0.00876999978095293,0.00507999993294477,-0.0168));
#2227=CARTESIAN_POINT('',(0.00876999978095293,0.00507999993294477,-0.0168));
#2228=CARTESIAN_POINT('',(0.00333998135258994,0.00507999993294477,-0.0168));
#2229=CARTESIAN_POINT('',(0.00345831013657021,0.00100374928847965,-0.0168));
#2230=CARTESIAN_POINT('',(0.00345831013657021,0.00100374928847965,-0.0183));
#2231=CARTESIAN_POINT('',(0.00794662027314042,0.00100374928847965,-0.0183));
#2232=CARTESIAN_POINT('',(0.00774662027761077,0.00100374928847965,-0.0183));
#2233=CARTESIAN_POINT('',(0.00774662027761077,0.00100374928847965,-0.0168));
#2234=CARTESIAN_POINT('',(0.00774662027761077,0.00100374928847965,-0.0168));
#2235=CARTESIAN_POINT('',(0.00345831013657021,0.00100374928847965,-0.0168));
#2236=CARTESIAN_POINT('',(0.00794662027314042,0.00100374928847965,-0.0168));
#2237=CARTESIAN_POINT('',(0.00794662027314042,0.00100374928847965,-0.0168));
#2238=CARTESIAN_POINT('',(0.00774662027761077,0.00154187464423983,-0.0168));
#2239=CARTESIAN_POINT('',(0.00774662027761077,0.00154187464423983,-0.0183));
#2240=CARTESIAN_POINT('',(0.00774662027761077,0.00206384287312021,-0.0183));
#2241=CARTESIAN_POINT('',(0.00774662027761077,0.00206384287312021,-0.0168));
#2242=CARTESIAN_POINT('',(0.00774662027761077,0.00206384287312021,-0.0168));
#2243=CARTESIAN_POINT('',(0.00774662027761077,0.00154187464423983,-0.0168));
#2244=CARTESIAN_POINT('',(0.00784711188405757,0.00380374922589477,-0.0168));
#2245=CARTESIAN_POINT('',(0.00784711188405757,0.00380374922589477,-0.0183));
#2246=CARTESIAN_POINT('',(0.00679041564638737,0.00241783229451497,-0.0183));
#2247=CARTESIAN_POINT('',(0.00679041564638737,0.00241783229451497,-0.0168));
#2248=CARTESIAN_POINT('',(0.00679041564638737,0.00241783229451497,-0.0168));
#2249=CARTESIAN_POINT('',(0.00784711188405757,0.00380374922589477,-0.0168));
#2250=CARTESIAN_POINT('',(0.00527149050141098,0.00042567598613005,-0.0168));
#2251=CARTESIAN_POINT('',(0.00527149050141098,0.00042567598613005,-0.0183));
#2252=CARTESIAN_POINT('',(0.006911855875107,0.00257710802876406,-0.0183));
#2253=CARTESIAN_POINT('',(0.006911855875107,0.00257710802876406,-0.0168));
#2254=CARTESIAN_POINT('',(0.006911855875107,0.00257710802876406,-0.0168));
#2255=CARTESIAN_POINT('',(0.00527149050141098,0.00042567598613005,-0.0168));
#2256=CARTESIAN_POINT('',(0.00784711188405757,0.00380374922589477,-0.0168));
#2257=CARTESIAN_POINT('',(0.00784711188405757,0.00380374922589477,-0.0183));
#2258=CARTESIAN_POINT('',(0.00774662027761077,0.00226451114625597,-0.0183));
#2259=CARTESIAN_POINT('',(0.00774662027761077,0.00226451114625597,-0.0168));
#2260=CARTESIAN_POINT('',(0.00774662027761077,0.00226451114625597,-0.0168));
#2261=CARTESIAN_POINT('',(0.00784711188405757,0.00380374922589477,-0.0168));
#2262=CARTESIAN_POINT('',(0.00774662027761077,0.00217225557312798,-0.0168));
#2263=CARTESIAN_POINT('',(0.00774662027761077,0.00217225557312798,-0.0183));
#2264=CARTESIAN_POINT('',(0.00774662027761077,0.00351875925289875,-0.0183));
#2265=CARTESIAN_POINT('',(0.00774662027761077,0.00351875925289875,-0.0168));
#2266=CARTESIAN_POINT('',(0.00774662027761077,0.00351875925289875,-0.0168));
#2267=CARTESIAN_POINT('',(0.00774662027761077,0.00217225557312798,-0.0168));
#2268=CARTESIAN_POINT('',(0.0051927753949834,0.00096491437027137,-0.0168));
#2269=CARTESIAN_POINT('',(0.0051927753949834,0.00096491437027137,-0.0183));
#2270=CARTESIAN_POINT('',(0.0073956853352629,0.00316782431055088,-0.0183));
#2271=CARTESIAN_POINT('',(0.0073956853352629,0.00316782431055088,-0.0168));
#2272=CARTESIAN_POINT('',(0.0073956853352629,0.00316782431055088,-0.0168));
#2273=CARTESIAN_POINT('',(0.0051927753949834,0.00096491437027137,-0.0168));
#2274=CARTESIAN_POINT('',(0.00556122007908489,0.00500228956672889,-0.0168));
#2275=CARTESIAN_POINT('',(0.00556122007908489,0.00500228956672889,-0.0183));
#2276=CARTESIAN_POINT('',(0.00725426398218661,0.00330924566362718,-0.0183));
#2277=CARTESIAN_POINT('',(0.00725426398218661,0.00330924566362718,-0.0168));
#2278=CARTESIAN_POINT('',(0.00725426398218661,0.00330924566362718,-0.0168));
#2279=CARTESIAN_POINT('',(0.00556122007908489,0.00500228956672889,-0.0168));
#2280=CARTESIAN_POINT('',(0.00487588657073316,0.00093086825217374,-0.0168));
#2281=CARTESIAN_POINT('',(0.00487588657073316,0.00093086825217374,-0.0183));
#2282=CARTESIAN_POINT('',(0.0077487675444542,0.00380374922589477,-0.0183));
#2283=CARTESIAN_POINT('',(0.0077487675444542,0.00380374922589477,-0.0168));
#2284=CARTESIAN_POINT('',(0.0077487675444542,0.00380374922589477,-0.0168));
#2285=CARTESIAN_POINT('',(0.00487588657073316,0.00093086825217374,-0.0168));
#2286=CARTESIAN_POINT('',(0.0033593837722271,0.00380374922589477,-0.0168));
#2287=CARTESIAN_POINT('',(0.0033593837722271,0.00380374922589477,-0.0183));
#2288=CARTESIAN_POINT('',(0.00794545622366095,0.00380374922589477,-0.0183));
#2289=CARTESIAN_POINT('',(0.00794545622366095,0.00380374922589477,-0.0168));
#2290=CARTESIAN_POINT('',(0.00794545622366095,0.00380374922589477,-0.0168));
#2291=CARTESIAN_POINT('',(0.0033593837722271,0.00380374922589477,-0.0168));
#2292=CARTESIAN_POINT('',(0.0061325294742194,0.00561667597533632,-0.0168));
#2293=CARTESIAN_POINT('',(0.0061325294742194,0.00561667597533632,-0.0183));
#2294=CARTESIAN_POINT('',(0.00844059052384853,0.00330861492570719,-0.0183));
#2295=CARTESIAN_POINT('',(0.00844059052384853,0.00330861492570719,-0.0168));
#2296=CARTESIAN_POINT('',(0.00844059052384853,0.00330861492570719,-0.0168));
#2297=CARTESIAN_POINT('',(0.0061325294742194,0.00561667597533632,-0.0168));
#2298=CARTESIAN_POINT('',(0.00576578916145958,0.00063381356331827,-0.0168));
#2299=CARTESIAN_POINT('',(0.00576578916145958,0.00063381356331827,-0.0183));
#2300=CARTESIAN_POINT('',(0.00829916917077223,0.0031671935726309,-0.0183));
#2301=CARTESIAN_POINT('',(0.00829916917077223,0.0031671935726309,-0.0168));
#2302=CARTESIAN_POINT('',(0.00829916917077223,0.0031671935726309,-0.0168));
#2303=CARTESIAN_POINT('',(0.00576578916145958,0.00063381356331827,-0.0168));
#2304=CARTESIAN_POINT('',(0.00623867527123691,0.00522768747216623,-0.0168));
#2305=CARTESIAN_POINT('',(0.00623867527123691,0.00522768747216623,-0.0183));
#2306=CARTESIAN_POINT('',(0.00794662027314042,0.00351974247026271,-0.0183));
#2307=CARTESIAN_POINT('',(0.00794662027314042,0.00351974247026271,-0.0168));
#2308=CARTESIAN_POINT('',(0.00794662027314042,0.00351974247026271,-0.0168));
#2309=CARTESIAN_POINT('',(0.00623867527123691,0.00522768747216623,-0.0168));
#2310=CARTESIAN_POINT('',(0.00794662027314042,0.00279987123513136,-0.0168));
#2311=CARTESIAN_POINT('',(0.00794662027314042,0.00279987123513136,-0.0183));
#2312=CARTESIAN_POINT('',(0.00794662027314042,0.00226444727069606,-0.0183));
#2313=CARTESIAN_POINT('',(0.00794662027314042,0.00226444727069606,-0.0168));
#2314=CARTESIAN_POINT('',(0.00794662027314042,0.00226444727069606,-0.0168));
#2315=CARTESIAN_POINT('',(0.00794662027314042,0.00279987123513136,-0.0168));
#2316=CARTESIAN_POINT('',(0.00784711188405757,0.00380374922589477,-0.0168));
#2317=CARTESIAN_POINT('',(0.00784711188405757,0.00380374922589477,-0.0183));
#2318=CARTESIAN_POINT('',(0.00856804165395791,0.00244007305625335,-0.0183));
#2319=CARTESIAN_POINT('',(0.00856804165395791,0.00244007305625335,-0.0168));
#2320=CARTESIAN_POINT('',(0.00856804165395791,0.00244007305625335,-0.0168));
#2321=CARTESIAN_POINT('',(0.00784711188405757,0.00380374922589477,-0.0168));
#2322=CARTESIAN_POINT('',(0.00394451707099029,0.00325532518619939,-0.0168));
#2323=CARTESIAN_POINT('',(0.00394451707099029,0.00325532518619939,-0.0183));
#2324=CARTESIAN_POINT('',(0.00815528253943033,0.0025128536246779,-0.0183));
#2325=CARTESIAN_POINT('',(0.00815528253943033,0.0025128536246779,-0.0168));
#2326=CARTESIAN_POINT('',(0.00815528253943033,0.0025128536246779,-0.0168));
#2327=CARTESIAN_POINT('',(0.00394451707099029,0.00325532518619939,-0.0168));
#2328=CARTESIAN_POINT('',(0.00797978629541898,0.00151756496660516,-0.0168));
#2329=CARTESIAN_POINT('',(0.00797978629541898,0.00151756496660516,-0.0183));
#2330=CARTESIAN_POINT('',(0.00819001217418745,0.00270981517087791,-0.0183));
#2331=CARTESIAN_POINT('',(0.00819001217418745,0.00270981517087791,-0.0168));
#2332=CARTESIAN_POINT('',(0.00819001217418745,0.00270981517087791,-0.0168));
#2333=CARTESIAN_POINT('',(0.00797978629541898,0.00151756496660516,-0.0168));
#2334=CARTESIAN_POINT('',(0.00377286714848363,0.00348867701661168,-0.0168));
#2335=CARTESIAN_POINT('',(0.00377286714848363,0.00348867701661168,-0.0183));
#2336=CARTESIAN_POINT('',(0.00880729880381176,0.00260097088324455,-0.0183));
#2337=CARTESIAN_POINT('',(0.00880729880381176,0.00260097088324455,-0.0168));
#2338=CARTESIAN_POINT('',(0.00880729880381176,0.00260097088324455,-0.0168));
#2339=CARTESIAN_POINT('',(0.00377286714848363,0.00348867701661168,-0.0168));
#2340=CARTESIAN_POINT('',(0.00761324552258219,0.0045836241337185,-0.0168));
#2341=CARTESIAN_POINT('',(0.00761324552258219,0.0045836241337185,-0.0183));
#2342=CARTESIAN_POINT('',(0.00891323476557685,0.00242507062633193,-0.0183));
#2343=CARTESIAN_POINT('',(0.00891323476557685,0.00242507062633193,-0.0168));
#2344=CARTESIAN_POINT('',(0.00891323476557685,0.00242507062633193,-0.0168));
#2345=CARTESIAN_POINT('',(0.00761324552258219,0.0045836241337185,-0.0168));
#2346=CARTESIAN_POINT('',(0.00853706572158669,0.00102118864192603,-0.0168));
#2347=CARTESIAN_POINT('',(0.00853706572158669,0.00102118864192603,-0.0183));
#2348=CARTESIAN_POINT('',(0.00873838142690681,0.00177250908254227,-0.0183));
#2349=CARTESIAN_POINT('',(0.00873838142690681,0.00177250908254227,-0.0168));
#2350=CARTESIAN_POINT('',(0.00873838142690681,0.00177250908254227,-0.0168));
#2351=CARTESIAN_POINT('',(0.00853706572158669,0.00102118864192603,-0.0168));
#2352=CARTESIAN_POINT('',(0.00414293308810856,0.00300385575378224,-0.0168));
#2353=CARTESIAN_POINT('',(0.00414293308810856,0.00300385575378224,-0.0183));
#2354=CARTESIAN_POINT('',(0.00854519626596702,0.00182427289040577,-0.0183));
#2355=CARTESIAN_POINT('',(0.00854519626596702,0.00182427289040577,-0.0168));
#2356=CARTESIAN_POINT('',(0.00854519626596702,0.00182427289040577,-0.0168));
#2357=CARTESIAN_POINT('',(0.00414293308810856,0.00300385575378224,-0.0168));
#2358=CARTESIAN_POINT('',(0.00825645389131188,0.0007466716778947,-0.0168));
#2359=CARTESIAN_POINT('',(0.00825645389131188,0.0007466716778947,-0.0183));
#2360=CARTESIAN_POINT('',(0.00866293585445207,0.00226368301669423,-0.0183));
#2361=CARTESIAN_POINT('',(0.00866293585445207,0.00226368301669423,-0.0168));
#2362=CARTESIAN_POINT('',(0.00866293585445207,0.00226368301669423,-0.0168));
#2363=CARTESIAN_POINT('',(0.00825645389131188,0.0007466716778947,-0.0168));
#2364=CARTESIAN_POINT('',(0.00784711188405757,0.00380374922589477,-0.0168));
#2365=CARTESIAN_POINT('',(0.00784711188405757,0.00380374922589477,-0.0183));
#2366=CARTESIAN_POINT('',(0.00794662027314042,0.00206378636425269,-0.0183));
#2367=CARTESIAN_POINT('',(0.00794662027314042,0.00206378636425269,-0.0168));
#2368=CARTESIAN_POINT('',(0.00794662027314042,0.00206378636425269,-0.0168));
#2369=CARTESIAN_POINT('',(0.00784711188405757,0.00380374922589477,-0.0168));
#2370=CARTESIAN_POINT('',(0.00266999991729856,0.00577999991729856,-0.0168));
#2371=CARTESIAN_POINT('',(0.00266999991729856,0.00577999991729856,-0.0168));
#2372=CARTESIAN_POINT('',(0.00596999984353781,0.00577999991729856,-0.0168));
#2373=CARTESIAN_POINT('',(0.00266999991729856,0.00577999991729856,-0.0183));
#2374=CARTESIAN_POINT('',(0.00596999984353781,0.00577999991729856,-0.0183));
#2375=CARTESIAN_POINT('',(0.00596999984353781,0.00577999991729856,-0.0168));
#2376=CARTESIAN_POINT('',(0.0032949999033287,0.00310499997708947,-0.0168));
#2377=CARTESIAN_POINT('',(0.0032949999033287,0.00310499997708947,-0.0183));
#2378=CARTESIAN_POINT('',(0.00561999985136092,0.00542999992512167,-0.0183));
#2379=CARTESIAN_POINT('',(0.00561999985136092,0.00542999992512167,-0.0168));
#2380=CARTESIAN_POINT('',(0.00561999985136092,0.00542999992512167,-0.0168));
#2381=CARTESIAN_POINT('',(0.0032949999033287,0.00310499997708947,-0.0168));
#2382=CARTESIAN_POINT('',(0.0047949998698011,0.00625499990668148,-0.0168));
#2383=CARTESIAN_POINT('',(0.0047949998698011,0.00625499990668148,-0.0183));
#2384=CARTESIAN_POINT('',(0.00546999985471368,0.0055799999217689,-0.0183));
#2385=CARTESIAN_POINT('',(0.00546999985471368,0.0055799999217689,-0.0168));
#2386=CARTESIAN_POINT('',(0.00546999985471368,0.0055799999217689,-0.0168));
#2387=CARTESIAN_POINT('',(0.0047949998698011,0.00625499990668148,-0.0168));
#2388=CARTESIAN_POINT('',(0.00296999991059303,0.00307999997764826,-0.0168));
#2389=CARTESIAN_POINT('',(0.00296999991059303,0.00307999997764826,-0.0183));
#2390=CARTESIAN_POINT('',(0.00576999984800816,0.00587999991506339,-0.0183));
#2391=CARTESIAN_POINT('',(0.00576999984800816,0.00587999991506339,-0.0168));
#2392=CARTESIAN_POINT('',(0.00576999984800816,0.00587999991506339,-0.0168));
#2393=CARTESIAN_POINT('',(0.00296999991059303,0.00307999997764826,-0.0168));
#2394=CARTESIAN_POINT('',(0.00501999986477196,0.00662999989829958,-0.0168));
#2395=CARTESIAN_POINT('',(0.00501999986477196,0.00662999989829958,-0.0183));
#2396=CARTESIAN_POINT('',(0.00546999985471368,0.00617999990835786,-0.0183));
#2397=CARTESIAN_POINT('',(0.00546999985471368,0.00617999990835786,-0.0168));
#2398=CARTESIAN_POINT('',(0.00546999985471368,0.00617999990835786,-0.0168));
#2399=CARTESIAN_POINT('',(0.00501999986477196,0.00662999989829958,-0.0168));
#2400=CARTESIAN_POINT('',(0.00281999991394579,0.00352999996758998,-0.0168));
#2401=CARTESIAN_POINT('',(0.00281999991394579,0.00352999996758998,-0.0183));
#2402=CARTESIAN_POINT('',(0.00561999985136092,0.0063299999050051,-0.0183));
#2403=CARTESIAN_POINT('',(0.00561999985136092,0.0063299999050051,-0.0168));
#2404=CARTESIAN_POINT('',(0.00561999985136092,0.0063299999050051,-0.0168));
#2405=CARTESIAN_POINT('',(0.00281999991394579,0.00352999996758998,-0.0168));
#2406=CARTESIAN_POINT('',(0.00501999986477197,0.00692999989159405,-0.0168));
#2407=CARTESIAN_POINT('',(0.00501999986477197,0.00692999989159405,-0.0183));
#2408=CARTESIAN_POINT('',(0.00596999984353781,0.00597999991282821,-0.0183));
#2409=CARTESIAN_POINT('',(0.00596999984353781,0.00597999991282821,-0.0168));
#2410=CARTESIAN_POINT('',(0.00596999984353781,0.00597999991282821,-0.0168));
#2411=CARTESIAN_POINT('',(0.00501999986477197,0.00692999989159405,-0.0168));
#2412=CARTESIAN_POINT('',(0.0024699999217689,0.00597999991282821,-0.0168));
#2413=CARTESIAN_POINT('',(0.0024699999217689,0.00597999991282821,-0.0168));
#2414=CARTESIAN_POINT('',(0.0024699999217689,0.00597999991282821,-0.0183));
#2415=CARTESIAN_POINT('',(-0.00925449432760477,0.00458067077800632,-0.0168));
#2416=CARTESIAN_POINT('',(-0.00925449432760477,0.00458067077800632,-0.0183));
#2417=CARTESIAN_POINT('',(-0.00925449432760477,-0.00201932922199368,-0.0183));
#2418=CARTESIAN_POINT('',(-0.00925449432760477,0.0111806707780063,-0.0183));
#2419=CARTESIAN_POINT('',(-0.00925449432760477,-0.00201932922199368,-0.0168));
#2420=CARTESIAN_POINT('',(-0.00925449432760477,-0.00201932922199368,-0.0168));
#2421=CARTESIAN_POINT('',(-0.00925449432760477,0.00458067077800632,-0.0168));
#2422=CARTESIAN_POINT('',(-0.00925449432760477,0.0111806707780063,-0.0168));
#2423=CARTESIAN_POINT('',(-0.00925449432760477,0.0111806707780063,-0.0168));
#2424=CARTESIAN_POINT('',(-5.44943276047708E-5,-0.00201932922199368,-0.0168));
#2425=CARTESIAN_POINT('',(-5.44943276047708E-5,-0.00201932922199368,-0.0183));
#2426=CARTESIAN_POINT('',(0.00914550567239523,-0.00201932922199368,-0.0183));
#2427=CARTESIAN_POINT('',(0.00914550567239523,-0.00201932922199368,-0.0168));
#2428=CARTESIAN_POINT('',(0.00914550567239523,-0.00201932922199368,-0.0168));
#2429=CARTESIAN_POINT('',(-5.44943276047708E-5,-0.00201932922199368,-0.0168));
#2430=CARTESIAN_POINT('',(0.00914550567239523,0.00458067077800632,-0.0168));
#2431=CARTESIAN_POINT('',(0.00914550567239523,0.00458067077800632,-0.0183));
#2432=CARTESIAN_POINT('',(0.00914550567239523,0.0111806707780063,-0.0183));
#2433=CARTESIAN_POINT('',(0.00914550567239523,0.0111806707780063,-0.0168));
#2434=CARTESIAN_POINT('',(0.00914550567239523,0.0111806707780063,-0.0168));
#2435=CARTESIAN_POINT('',(0.00914550567239523,0.00458067077800632,-0.0168));
#2436=CARTESIAN_POINT('',(0.00876999978095293,0.00357999996647239,-0.0168));
#2437=CARTESIAN_POINT('',(0.00876999978095293,0.00357999996647239,-0.0183));
#2438=CARTESIAN_POINT('',(0.00876999978095293,0.00357999996647239,-0.0168));
#2439=CARTESIAN_POINT('',(0.00794662027314042,0.00207189318212635,-0.0168));
#2440=CARTESIAN_POINT('',(0.00794662027314042,0.00207189318212635,-0.0183));
#2441=CARTESIAN_POINT('',(0.00794662027314042,0.00207189318212635,-0.0168));
#2442=CARTESIAN_POINT('',(-5.44943276047708E-5,0.0111806707780063,-0.0168));
#2443=CARTESIAN_POINT('',(-5.44943276047708E-5,0.0111806707780063,-0.0183));
#2444=CARTESIAN_POINT('',(-5.44943276047708E-5,0.0111806707780063,-0.0168));
#2445=CARTESIAN_POINT('',(0.00533742173760292,0.00141772383679505,-0.0168));
#2446=CARTESIAN_POINT('',(0.00533742173760292,0.00141772383679505,-0.0183));
#2447=CARTESIAN_POINT('',(0.00533742173760292,0.00141772383679505,-0.0168));
#2448=CARTESIAN_POINT('',(-0.00103,0.00262908538900316,-0.0168));
#2449=CARTESIAN_POINT('',(-0.00735449432760477,0.00718067077800632,-0.0168));
#2450=CARTESIAN_POINT('',(-0.00565449432760477,0.00718067077800632,-0.0168));
#2451=CARTESIAN_POINT('',(-0.00103,0.00262908538900316,-0.0183));
#2452=CARTESIAN_POINT('',(-0.00735449432760477,0.00718067077800632,-0.0183));
#2453=CARTESIAN_POINT('',(-0.00565449432760477,0.00718067077800632,-0.0183));
#2454=CARTESIAN_POINT('',(-0.00735449432760477,0.00718067077800632,-0.018302));
#2455=MECHANICAL_DESIGN_GEOMETRIC_PRESENTATION_REPRESENTATION('',(#1522),
#2456);
#2456=(
GEOMETRIC_REPRESENTATION_CONTEXT(3)
GLOBAL_UNCERTAINTY_ASSIGNED_CONTEXT((#2457))
GLOBAL_UNIT_ASSIGNED_CONTEXT((#2460,#2459,#2458))
REPRESENTATION_CONTEXT('LSM6DS3','TOP_LEVEL_ASSEMBLY_PART')
);
#2457=UNCERTAINTY_MEASURE_WITH_UNIT(LENGTH_MEASURE(2.2E-7),#2460,
'DISTANCE_ACCURACY_VALUE','Maximum Tolerance applied to model');
#2458=(
NAMED_UNIT(*)
SI_UNIT($,.STERADIAN.)
SOLID_ANGLE_UNIT()
);
#2459=(
NAMED_UNIT(*)
PLANE_ANGLE_UNIT()
SI_UNIT($,.RADIAN.)
);
#2460=(
LENGTH_UNIT()
NAMED_UNIT(*)
SI_UNIT($,.METRE.)
);
#2461=PRODUCT_DEFINITION_SHAPE('','',#2462);
#2462=PRODUCT_DEFINITION('','',#2464,#2463);
#2463=PRODUCT_DEFINITION_CONTEXT('',#2470,'design');
#2464=PRODUCT_DEFINITION_FORMATION_WITH_SPECIFIED_SOURCE('','',#2466,
 .NOT_KNOWN.);
#2465=PRODUCT_RELATED_PRODUCT_CATEGORY('','',(#2466));
#2466=PRODUCT('LSM6DS3','LSM6DS3','LSM6DS3',(#2468));
#2467=PRODUCT_CATEGORY('','');
#2468=PRODUCT_CONTEXT('',#2470,'mechanical');
#2469=APPLICATION_PROTOCOL_DEFINITION('international standard',
'ap242_managed_model_based_3d_engineering',2020,#2470);
#2470=APPLICATION_CONTEXT('managed model based 3d engineering');
ENDSEC;
END-ISO-10303-21;
