ISO-10303-21;
HEADER;
/* Generated by software containing ST-Developer
 * from STEP Tools, Inc. (www.steptools.com) 
 */
/* OPTION: using custom renumber hook */

FILE_DESCRIPTION(
/* description */ ('STEP AP242 Edition 2',
'CAx-IF Rec.Pracs.---Representation and Presentation of Product Manufa
cturing Information (PMI)---4.0---2014-10-13',
'CAx-IF Rec.Pracs.---3D Tessellated Geometry---0.4---2014-09-14','2;1',
'CAx-IF Rec.Pracs.---User Defined Attributes---1.5---2016-08-15'),
/* implementation_level */ '2;1');

FILE_NAME(
/* name */ 'OLED 0.96 - OLED 0.96 - OLED 0.96',
/* time_stamp */ '2026-06-22T13:08:16Z',
/* author */ (''),
/* organization */ (''),
/* preprocessor_version */ 'ST-DEVELOPER v20',
/* originating_system */ 'ONSHAPE BY PTC INC, 1.216',
/* authorisation */ '  ');

FILE_SCHEMA (('AP242_MANAGED_MODEL_BASED_3D_ENGINEERING_MIM_LF { 1 0 10303 442 3 1 4 }'));
ENDSEC;

DATA;
#10=SHAPE_REPRESENTATION_RELATIONSHIP('','',#1686,#11);
#11=ADVANCED_BREP_SHAPE_REPRESENTATION('',(#1684),#2710);
#12=B_SPLINE_CURVE_WITH_KNOTS('',3,(#2665,#2666,#2667,#2668,#2669,#2670),
 .UNSPECIFIED.,.F.,.F.,(4,1,1,4),(0.,0.42912912040044,0.708003147168894,
1.),.UNSPECIFIED.);
#13=B_SPLINE_CURVE_WITH_KNOTS('',3,(#2671,#2672,#2673,#2674,#2675,#2676),
 .UNSPECIFIED.,.F.,.F.,(4,1,1,4),(0.,0.42912912040044,0.708003147168894,
1.),.UNSPECIFIED.);
#14=B_SPLINE_CURVE_WITH_KNOTS('',3,(#2695,#2696,#2697,#2698,#2699,#2700),
 .UNSPECIFIED.,.F.,.F.,(4,1,1,4),(0.,0.444120708173719,0.705926194390651,
1.),.UNSPECIFIED.);
#15=B_SPLINE_CURVE_WITH_KNOTS('',3,(#2701,#2702,#2703,#2704,#2705,#2706),
 .UNSPECIFIED.,.F.,.F.,(4,1,1,4),(0.,0.444120708173719,0.705926194390651,
1.),.UNSPECIFIED.);
#16=B_SPLINE_SURFACE_WITH_KNOTS('',3,1,((#2645,#2646),(#2647,#2648),(#2649,
#2650),(#2651,#2652),(#2653,#2654),(#2655,#2656),(#2657,#2658),(#2659,#2660),
(#2661,#2662),(#2663,#2664)),.SURF_OF_LINEAR_EXTRUSION.,.F.,.F.,.F.,(4,
1,1,1,1,1,1,4),(2,2),(0.,0.125,0.25,0.375,0.5,0.625,0.75,1.),(0.,1.),
 .UNSPECIFIED.);
#17=B_SPLINE_SURFACE_WITH_KNOTS('',3,1,((#2677,#2678),(#2679,#2680),(#2681,
#2682),(#2683,#2684),(#2685,#2686),(#2687,#2688),(#2689,#2690),(#2691,#2692),
(#2693,#2694)),.SURF_OF_LINEAR_EXTRUSION.,.F.,.F.,.F.,(4,1,1,1,1,1,4),(2,
2),(0.,0.25,0.375,0.5,0.625,0.75,1.),(0.,1.),.UNSPECIFIED.);
#18=CIRCLE('',#1696,0.001);
#19=CIRCLE('',#1697,0.001);
#20=CIRCLE('',#1699,0.001);
#21=CIRCLE('',#1700,0.001);
#22=CIRCLE('',#1702,0.001);
#23=CIRCLE('',#1703,0.001);
#24=CIRCLE('',#1706,0.001);
#25=CIRCLE('',#1707,0.001);
#26=CYLINDRICAL_SURFACE('',#1695,0.001);
#27=CYLINDRICAL_SURFACE('',#1698,0.001);
#28=CYLINDRICAL_SURFACE('',#1701,0.001);
#29=CYLINDRICAL_SURFACE('',#1705,0.001);
#30=ORIENTED_EDGE('',*,*,#476,.F.);
#31=ORIENTED_EDGE('',*,*,#477,.F.);
#32=ORIENTED_EDGE('',*,*,#478,.T.);
#33=ORIENTED_EDGE('',*,*,#479,.T.);
#34=ORIENTED_EDGE('',*,*,#480,.T.);
#35=ORIENTED_EDGE('',*,*,#481,.F.);
#36=ORIENTED_EDGE('',*,*,#482,.F.);
#37=ORIENTED_EDGE('',*,*,#477,.T.);
#38=ORIENTED_EDGE('',*,*,#483,.T.);
#39=ORIENTED_EDGE('',*,*,#484,.F.);
#40=ORIENTED_EDGE('',*,*,#485,.F.);
#41=ORIENTED_EDGE('',*,*,#481,.T.);
#42=ORIENTED_EDGE('',*,*,#486,.T.);
#43=ORIENTED_EDGE('',*,*,#487,.T.);
#44=ORIENTED_EDGE('',*,*,#488,.T.);
#45=ORIENTED_EDGE('',*,*,#489,.F.);
#46=ORIENTED_EDGE('',*,*,#490,.T.);
#47=ORIENTED_EDGE('',*,*,#491,.F.);
#48=ORIENTED_EDGE('',*,*,#492,.F.);
#49=ORIENTED_EDGE('',*,*,#484,.T.);
#50=ORIENTED_EDGE('',*,*,#493,.T.);
#51=ORIENTED_EDGE('',*,*,#494,.F.);
#52=ORIENTED_EDGE('',*,*,#495,.F.);
#53=ORIENTED_EDGE('',*,*,#491,.T.);
#54=ORIENTED_EDGE('',*,*,#496,.T.);
#55=ORIENTED_EDGE('',*,*,#497,.F.);
#56=ORIENTED_EDGE('',*,*,#498,.F.);
#57=ORIENTED_EDGE('',*,*,#494,.T.);
#58=ORIENTED_EDGE('',*,*,#499,.T.);
#59=ORIENTED_EDGE('',*,*,#500,.F.);
#60=ORIENTED_EDGE('',*,*,#501,.F.);
#61=ORIENTED_EDGE('',*,*,#497,.T.);
#62=ORIENTED_EDGE('',*,*,#502,.T.);
#63=ORIENTED_EDGE('',*,*,#503,.F.);
#64=ORIENTED_EDGE('',*,*,#504,.T.);
#65=ORIENTED_EDGE('',*,*,#505,.F.);
#66=ORIENTED_EDGE('',*,*,#506,.T.);
#67=ORIENTED_EDGE('',*,*,#507,.F.);
#68=ORIENTED_EDGE('',*,*,#508,.F.);
#69=ORIENTED_EDGE('',*,*,#479,.F.);
#70=ORIENTED_EDGE('',*,*,#509,.T.);
#71=ORIENTED_EDGE('',*,*,#500,.T.);
#72=ORIENTED_EDGE('',*,*,#510,.F.);
#73=ORIENTED_EDGE('',*,*,#511,.F.);
#74=ORIENTED_EDGE('',*,*,#512,.F.);
#75=ORIENTED_EDGE('',*,*,#513,.T.);
#76=ORIENTED_EDGE('',*,*,#514,.T.);
#77=ORIENTED_EDGE('',*,*,#515,.F.);
#78=ORIENTED_EDGE('',*,*,#516,.T.);
#79=ORIENTED_EDGE('',*,*,#517,.T.);
#80=ORIENTED_EDGE('',*,*,#518,.F.);
#81=ORIENTED_EDGE('',*,*,#519,.F.);
#82=ORIENTED_EDGE('',*,*,#520,.F.);
#83=ORIENTED_EDGE('',*,*,#521,.T.);
#84=ORIENTED_EDGE('',*,*,#522,.T.);
#85=ORIENTED_EDGE('',*,*,#523,.F.);
#86=ORIENTED_EDGE('',*,*,#524,.F.);
#87=ORIENTED_EDGE('',*,*,#525,.T.);
#88=ORIENTED_EDGE('',*,*,#526,.T.);
#89=ORIENTED_EDGE('',*,*,#527,.F.);
#90=ORIENTED_EDGE('',*,*,#528,.F.);
#91=ORIENTED_EDGE('',*,*,#529,.T.);
#92=ORIENTED_EDGE('',*,*,#530,.T.);
#93=ORIENTED_EDGE('',*,*,#531,.F.);
#94=ORIENTED_EDGE('',*,*,#532,.F.);
#95=ORIENTED_EDGE('',*,*,#533,.T.);
#96=ORIENTED_EDGE('',*,*,#534,.T.);
#97=ORIENTED_EDGE('',*,*,#535,.F.);
#98=ORIENTED_EDGE('',*,*,#478,.F.);
#99=ORIENTED_EDGE('',*,*,#482,.T.);
#100=ORIENTED_EDGE('',*,*,#485,.T.);
#101=ORIENTED_EDGE('',*,*,#492,.T.);
#102=ORIENTED_EDGE('',*,*,#495,.T.);
#103=ORIENTED_EDGE('',*,*,#498,.T.);
#104=ORIENTED_EDGE('',*,*,#501,.T.);
#105=ORIENTED_EDGE('',*,*,#509,.F.);
#106=ORIENTED_EDGE('',*,*,#506,.F.);
#107=ORIENTED_EDGE('',*,*,#504,.F.);
#108=ORIENTED_EDGE('',*,*,#502,.F.);
#109=ORIENTED_EDGE('',*,*,#514,.F.);
#110=ORIENTED_EDGE('',*,*,#536,.T.);
#111=ORIENTED_EDGE('',*,*,#537,.T.);
#112=ORIENTED_EDGE('',*,*,#538,.T.);
#113=ORIENTED_EDGE('',*,*,#539,.T.);
#114=ORIENTED_EDGE('',*,*,#540,.T.);
#115=ORIENTED_EDGE('',*,*,#541,.T.);
#116=ORIENTED_EDGE('',*,*,#542,.F.);
#117=ORIENTED_EDGE('',*,*,#543,.T.);
#118=ORIENTED_EDGE('',*,*,#544,.T.);
#119=ORIENTED_EDGE('',*,*,#545,.F.);
#120=ORIENTED_EDGE('',*,*,#546,.T.);
#121=ORIENTED_EDGE('',*,*,#547,.T.);
#122=ORIENTED_EDGE('',*,*,#548,.T.);
#123=ORIENTED_EDGE('',*,*,#508,.T.);
#124=ORIENTED_EDGE('',*,*,#549,.T.);
#125=ORIENTED_EDGE('',*,*,#550,.T.);
#126=ORIENTED_EDGE('',*,*,#551,.F.);
#127=ORIENTED_EDGE('',*,*,#510,.T.);
#128=ORIENTED_EDGE('',*,*,#499,.F.);
#129=ORIENTED_EDGE('',*,*,#496,.F.);
#130=ORIENTED_EDGE('',*,*,#493,.F.);
#131=ORIENTED_EDGE('',*,*,#490,.F.);
#132=ORIENTED_EDGE('',*,*,#552,.F.);
#133=ORIENTED_EDGE('',*,*,#486,.F.);
#134=ORIENTED_EDGE('',*,*,#483,.F.);
#135=ORIENTED_EDGE('',*,*,#480,.F.);
#136=ORIENTED_EDGE('',*,*,#476,.T.);
#137=ORIENTED_EDGE('',*,*,#507,.T.);
#138=ORIENTED_EDGE('',*,*,#505,.T.);
#139=ORIENTED_EDGE('',*,*,#503,.T.);
#140=ORIENTED_EDGE('',*,*,#515,.T.);
#141=ORIENTED_EDGE('',*,*,#549,.F.);
#142=ORIENTED_EDGE('',*,*,#513,.F.);
#143=ORIENTED_EDGE('',*,*,#553,.T.);
#144=ORIENTED_EDGE('',*,*,#554,.T.);
#145=ORIENTED_EDGE('',*,*,#551,.T.);
#146=ORIENTED_EDGE('',*,*,#555,.F.);
#147=ORIENTED_EDGE('',*,*,#556,.F.);
#148=ORIENTED_EDGE('',*,*,#511,.T.);
#149=ORIENTED_EDGE('',*,*,#550,.F.);
#150=ORIENTED_EDGE('',*,*,#554,.F.);
#151=ORIENTED_EDGE('',*,*,#557,.T.);
#152=ORIENTED_EDGE('',*,*,#555,.T.);
#153=ORIENTED_EDGE('',*,*,#558,.F.);
#154=ORIENTED_EDGE('',*,*,#559,.F.);
#155=ORIENTED_EDGE('',*,*,#560,.T.);
#156=ORIENTED_EDGE('',*,*,#561,.T.);
#157=ORIENTED_EDGE('',*,*,#562,.F.);
#158=ORIENTED_EDGE('',*,*,#563,.F.);
#159=ORIENTED_EDGE('',*,*,#564,.T.);
#160=ORIENTED_EDGE('',*,*,#565,.T.);
#161=ORIENTED_EDGE('',*,*,#566,.F.);
#162=ORIENTED_EDGE('',*,*,#567,.F.);
#163=ORIENTED_EDGE('',*,*,#568,.T.);
#164=ORIENTED_EDGE('',*,*,#569,.T.);
#165=ORIENTED_EDGE('',*,*,#570,.F.);
#166=ORIENTED_EDGE('',*,*,#571,.F.);
#167=ORIENTED_EDGE('',*,*,#572,.T.);
#168=ORIENTED_EDGE('',*,*,#573,.T.);
#169=ORIENTED_EDGE('',*,*,#553,.F.);
#170=ORIENTED_EDGE('',*,*,#512,.T.);
#171=ORIENTED_EDGE('',*,*,#556,.T.);
#172=ORIENTED_EDGE('',*,*,#557,.F.);
#173=ORIENTED_EDGE('',*,*,#574,.F.);
#174=ORIENTED_EDGE('',*,*,#575,.T.);
#175=ORIENTED_EDGE('',*,*,#576,.T.);
#176=ORIENTED_EDGE('',*,*,#577,.F.);
#177=ORIENTED_EDGE('',*,*,#578,.T.);
#178=ORIENTED_EDGE('',*,*,#571,.T.);
#179=ORIENTED_EDGE('',*,*,#579,.F.);
#180=ORIENTED_EDGE('',*,*,#577,.T.);
#181=ORIENTED_EDGE('',*,*,#572,.F.);
#182=ORIENTED_EDGE('',*,*,#578,.F.);
#183=ORIENTED_EDGE('',*,*,#576,.F.);
#184=ORIENTED_EDGE('',*,*,#580,.T.);
#185=ORIENTED_EDGE('',*,*,#573,.F.);
#186=ORIENTED_EDGE('',*,*,#580,.F.);
#187=ORIENTED_EDGE('',*,*,#575,.F.);
#188=ORIENTED_EDGE('',*,*,#581,.T.);
#189=ORIENTED_EDGE('',*,*,#579,.T.);
#190=ORIENTED_EDGE('',*,*,#570,.T.);
#191=ORIENTED_EDGE('',*,*,#581,.F.);
#192=ORIENTED_EDGE('',*,*,#574,.T.);
#193=ORIENTED_EDGE('',*,*,#582,.F.);
#194=ORIENTED_EDGE('',*,*,#532,.T.);
#195=ORIENTED_EDGE('',*,*,#583,.T.);
#196=ORIENTED_EDGE('',*,*,#584,.F.);
#197=ORIENTED_EDGE('',*,*,#533,.F.);
#198=ORIENTED_EDGE('',*,*,#582,.T.);
#199=ORIENTED_EDGE('',*,*,#585,.T.);
#200=ORIENTED_EDGE('',*,*,#586,.F.);
#201=ORIENTED_EDGE('',*,*,#534,.F.);
#202=ORIENTED_EDGE('',*,*,#586,.T.);
#203=ORIENTED_EDGE('',*,*,#587,.T.);
#204=ORIENTED_EDGE('',*,*,#588,.F.);
#205=ORIENTED_EDGE('',*,*,#583,.F.);
#206=ORIENTED_EDGE('',*,*,#535,.T.);
#207=ORIENTED_EDGE('',*,*,#588,.T.);
#208=ORIENTED_EDGE('',*,*,#589,.F.);
#209=ORIENTED_EDGE('',*,*,#584,.T.);
#210=ORIENTED_EDGE('',*,*,#589,.T.);
#211=ORIENTED_EDGE('',*,*,#587,.F.);
#212=ORIENTED_EDGE('',*,*,#585,.F.);
#213=ORIENTED_EDGE('',*,*,#590,.F.);
#214=ORIENTED_EDGE('',*,*,#591,.T.);
#215=ORIENTED_EDGE('',*,*,#592,.T.);
#216=ORIENTED_EDGE('',*,*,#593,.F.);
#217=ORIENTED_EDGE('',*,*,#594,.T.);
#218=ORIENTED_EDGE('',*,*,#567,.T.);
#219=ORIENTED_EDGE('',*,*,#595,.F.);
#220=ORIENTED_EDGE('',*,*,#593,.T.);
#221=ORIENTED_EDGE('',*,*,#568,.F.);
#222=ORIENTED_EDGE('',*,*,#594,.F.);
#223=ORIENTED_EDGE('',*,*,#592,.F.);
#224=ORIENTED_EDGE('',*,*,#596,.T.);
#225=ORIENTED_EDGE('',*,*,#569,.F.);
#226=ORIENTED_EDGE('',*,*,#596,.F.);
#227=ORIENTED_EDGE('',*,*,#591,.F.);
#228=ORIENTED_EDGE('',*,*,#597,.T.);
#229=ORIENTED_EDGE('',*,*,#595,.T.);
#230=ORIENTED_EDGE('',*,*,#566,.T.);
#231=ORIENTED_EDGE('',*,*,#597,.F.);
#232=ORIENTED_EDGE('',*,*,#590,.T.);
#233=ORIENTED_EDGE('',*,*,#598,.F.);
#234=ORIENTED_EDGE('',*,*,#528,.T.);
#235=ORIENTED_EDGE('',*,*,#599,.T.);
#236=ORIENTED_EDGE('',*,*,#600,.F.);
#237=ORIENTED_EDGE('',*,*,#529,.F.);
#238=ORIENTED_EDGE('',*,*,#598,.T.);
#239=ORIENTED_EDGE('',*,*,#601,.T.);
#240=ORIENTED_EDGE('',*,*,#602,.F.);
#241=ORIENTED_EDGE('',*,*,#530,.F.);
#242=ORIENTED_EDGE('',*,*,#602,.T.);
#243=ORIENTED_EDGE('',*,*,#603,.T.);
#244=ORIENTED_EDGE('',*,*,#604,.F.);
#245=ORIENTED_EDGE('',*,*,#599,.F.);
#246=ORIENTED_EDGE('',*,*,#531,.T.);
#247=ORIENTED_EDGE('',*,*,#604,.T.);
#248=ORIENTED_EDGE('',*,*,#605,.F.);
#249=ORIENTED_EDGE('',*,*,#600,.T.);
#250=ORIENTED_EDGE('',*,*,#605,.T.);
#251=ORIENTED_EDGE('',*,*,#603,.F.);
#252=ORIENTED_EDGE('',*,*,#601,.F.);
#253=ORIENTED_EDGE('',*,*,#606,.F.);
#254=ORIENTED_EDGE('',*,*,#607,.T.);
#255=ORIENTED_EDGE('',*,*,#608,.T.);
#256=ORIENTED_EDGE('',*,*,#609,.F.);
#257=ORIENTED_EDGE('',*,*,#610,.T.);
#258=ORIENTED_EDGE('',*,*,#563,.T.);
#259=ORIENTED_EDGE('',*,*,#611,.F.);
#260=ORIENTED_EDGE('',*,*,#609,.T.);
#261=ORIENTED_EDGE('',*,*,#564,.F.);
#262=ORIENTED_EDGE('',*,*,#610,.F.);
#263=ORIENTED_EDGE('',*,*,#608,.F.);
#264=ORIENTED_EDGE('',*,*,#612,.T.);
#265=ORIENTED_EDGE('',*,*,#565,.F.);
#266=ORIENTED_EDGE('',*,*,#612,.F.);
#267=ORIENTED_EDGE('',*,*,#607,.F.);
#268=ORIENTED_EDGE('',*,*,#613,.T.);
#269=ORIENTED_EDGE('',*,*,#611,.T.);
#270=ORIENTED_EDGE('',*,*,#562,.T.);
#271=ORIENTED_EDGE('',*,*,#613,.F.);
#272=ORIENTED_EDGE('',*,*,#606,.T.);
#273=ORIENTED_EDGE('',*,*,#614,.F.);
#274=ORIENTED_EDGE('',*,*,#524,.T.);
#275=ORIENTED_EDGE('',*,*,#615,.T.);
#276=ORIENTED_EDGE('',*,*,#616,.F.);
#277=ORIENTED_EDGE('',*,*,#525,.F.);
#278=ORIENTED_EDGE('',*,*,#614,.T.);
#279=ORIENTED_EDGE('',*,*,#617,.T.);
#280=ORIENTED_EDGE('',*,*,#618,.F.);
#281=ORIENTED_EDGE('',*,*,#526,.F.);
#282=ORIENTED_EDGE('',*,*,#618,.T.);
#283=ORIENTED_EDGE('',*,*,#619,.T.);
#284=ORIENTED_EDGE('',*,*,#620,.F.);
#285=ORIENTED_EDGE('',*,*,#615,.F.);
#286=ORIENTED_EDGE('',*,*,#527,.T.);
#287=ORIENTED_EDGE('',*,*,#620,.T.);
#288=ORIENTED_EDGE('',*,*,#621,.F.);
#289=ORIENTED_EDGE('',*,*,#616,.T.);
#290=ORIENTED_EDGE('',*,*,#621,.T.);
#291=ORIENTED_EDGE('',*,*,#619,.F.);
#292=ORIENTED_EDGE('',*,*,#617,.F.);
#293=ORIENTED_EDGE('',*,*,#622,.F.);
#294=ORIENTED_EDGE('',*,*,#623,.T.);
#295=ORIENTED_EDGE('',*,*,#624,.T.);
#296=ORIENTED_EDGE('',*,*,#625,.F.);
#297=ORIENTED_EDGE('',*,*,#626,.T.);
#298=ORIENTED_EDGE('',*,*,#559,.T.);
#299=ORIENTED_EDGE('',*,*,#627,.F.);
#300=ORIENTED_EDGE('',*,*,#625,.T.);
#301=ORIENTED_EDGE('',*,*,#560,.F.);
#302=ORIENTED_EDGE('',*,*,#626,.F.);
#303=ORIENTED_EDGE('',*,*,#624,.F.);
#304=ORIENTED_EDGE('',*,*,#628,.T.);
#305=ORIENTED_EDGE('',*,*,#561,.F.);
#306=ORIENTED_EDGE('',*,*,#628,.F.);
#307=ORIENTED_EDGE('',*,*,#623,.F.);
#308=ORIENTED_EDGE('',*,*,#629,.T.);
#309=ORIENTED_EDGE('',*,*,#627,.T.);
#310=ORIENTED_EDGE('',*,*,#558,.T.);
#311=ORIENTED_EDGE('',*,*,#629,.F.);
#312=ORIENTED_EDGE('',*,*,#622,.T.);
#313=ORIENTED_EDGE('',*,*,#630,.F.);
#314=ORIENTED_EDGE('',*,*,#520,.T.);
#315=ORIENTED_EDGE('',*,*,#631,.T.);
#316=ORIENTED_EDGE('',*,*,#632,.F.);
#317=ORIENTED_EDGE('',*,*,#521,.F.);
#318=ORIENTED_EDGE('',*,*,#630,.T.);
#319=ORIENTED_EDGE('',*,*,#633,.T.);
#320=ORIENTED_EDGE('',*,*,#634,.F.);
#321=ORIENTED_EDGE('',*,*,#522,.F.);
#322=ORIENTED_EDGE('',*,*,#634,.T.);
#323=ORIENTED_EDGE('',*,*,#635,.T.);
#324=ORIENTED_EDGE('',*,*,#636,.F.);
#325=ORIENTED_EDGE('',*,*,#631,.F.);
#326=ORIENTED_EDGE('',*,*,#523,.T.);
#327=ORIENTED_EDGE('',*,*,#636,.T.);
#328=ORIENTED_EDGE('',*,*,#637,.F.);
#329=ORIENTED_EDGE('',*,*,#632,.T.);
#330=ORIENTED_EDGE('',*,*,#637,.T.);
#331=ORIENTED_EDGE('',*,*,#635,.F.);
#332=ORIENTED_EDGE('',*,*,#633,.F.);
#333=ORIENTED_EDGE('',*,*,#516,.F.);
#334=ORIENTED_EDGE('',*,*,#638,.F.);
#335=ORIENTED_EDGE('',*,*,#639,.T.);
#336=ORIENTED_EDGE('',*,*,#640,.T.);
#337=ORIENTED_EDGE('',*,*,#519,.T.);
#338=ORIENTED_EDGE('',*,*,#641,.F.);
#339=ORIENTED_EDGE('',*,*,#642,.F.);
#340=ORIENTED_EDGE('',*,*,#638,.T.);
#341=ORIENTED_EDGE('',*,*,#518,.T.);
#342=ORIENTED_EDGE('',*,*,#643,.F.);
#343=ORIENTED_EDGE('',*,*,#644,.F.);
#344=ORIENTED_EDGE('',*,*,#641,.T.);
#345=ORIENTED_EDGE('',*,*,#517,.F.);
#346=ORIENTED_EDGE('',*,*,#640,.F.);
#347=ORIENTED_EDGE('',*,*,#645,.T.);
#348=ORIENTED_EDGE('',*,*,#643,.T.);
#349=ORIENTED_EDGE('',*,*,#646,.F.);
#350=ORIENTED_EDGE('',*,*,#647,.F.);
#351=ORIENTED_EDGE('',*,*,#648,.T.);
#352=ORIENTED_EDGE('',*,*,#649,.T.);
#353=ORIENTED_EDGE('',*,*,#650,.T.);
#354=ORIENTED_EDGE('',*,*,#651,.F.);
#355=ORIENTED_EDGE('',*,*,#652,.F.);
#356=ORIENTED_EDGE('',*,*,#653,.F.);
#357=ORIENTED_EDGE('',*,*,#654,.F.);
#358=ORIENTED_EDGE('',*,*,#647,.T.);
#359=ORIENTED_EDGE('',*,*,#655,.F.);
#360=ORIENTED_EDGE('',*,*,#656,.T.);
#361=ORIENTED_EDGE('',*,*,#657,.F.);
#362=ORIENTED_EDGE('',*,*,#658,.F.);
#363=ORIENTED_EDGE('',*,*,#659,.F.);
#364=ORIENTED_EDGE('',*,*,#651,.T.);
#365=ORIENTED_EDGE('',*,*,#660,.T.);
#366=ORIENTED_EDGE('',*,*,#661,.F.);
#367=ORIENTED_EDGE('',*,*,#662,.F.);
#368=ORIENTED_EDGE('',*,*,#649,.F.);
#369=ORIENTED_EDGE('',*,*,#663,.T.);
#370=ORIENTED_EDGE('',*,*,#664,.T.);
#371=ORIENTED_EDGE('',*,*,#665,.T.);
#372=ORIENTED_EDGE('',*,*,#661,.T.);
#373=ORIENTED_EDGE('',*,*,#666,.F.);
#374=ORIENTED_EDGE('',*,*,#652,.T.);
#375=ORIENTED_EDGE('',*,*,#659,.T.);
#376=ORIENTED_EDGE('',*,*,#667,.T.);
#377=ORIENTED_EDGE('',*,*,#655,.T.);
#378=ORIENTED_EDGE('',*,*,#665,.F.);
#379=ORIENTED_EDGE('',*,*,#639,.F.);
#380=ORIENTED_EDGE('',*,*,#642,.T.);
#381=ORIENTED_EDGE('',*,*,#644,.T.);
#382=ORIENTED_EDGE('',*,*,#645,.F.);
#383=ORIENTED_EDGE('',*,*,#646,.T.);
#384=ORIENTED_EDGE('',*,*,#662,.T.);
#385=ORIENTED_EDGE('',*,*,#660,.F.);
#386=ORIENTED_EDGE('',*,*,#650,.F.);
#387=ORIENTED_EDGE('',*,*,#666,.T.);
#388=ORIENTED_EDGE('',*,*,#664,.F.);
#389=ORIENTED_EDGE('',*,*,#668,.F.);
#390=ORIENTED_EDGE('',*,*,#653,.T.);
#391=ORIENTED_EDGE('',*,*,#654,.T.);
#392=ORIENTED_EDGE('',*,*,#668,.T.);
#393=ORIENTED_EDGE('',*,*,#663,.F.);
#394=ORIENTED_EDGE('',*,*,#648,.F.);
#395=ORIENTED_EDGE('',*,*,#547,.F.);
#396=ORIENTED_EDGE('',*,*,#669,.F.);
#397=ORIENTED_EDGE('',*,*,#670,.T.);
#398=ORIENTED_EDGE('',*,*,#671,.T.);
#399=ORIENTED_EDGE('',*,*,#546,.F.);
#400=ORIENTED_EDGE('',*,*,#672,.F.);
#401=ORIENTED_EDGE('',*,*,#673,.T.);
#402=ORIENTED_EDGE('',*,*,#669,.T.);
#403=ORIENTED_EDGE('',*,*,#548,.F.);
#404=ORIENTED_EDGE('',*,*,#671,.F.);
#405=ORIENTED_EDGE('',*,*,#674,.T.);
#406=ORIENTED_EDGE('',*,*,#672,.T.);
#407=ORIENTED_EDGE('',*,*,#670,.F.);
#408=ORIENTED_EDGE('',*,*,#673,.F.);
#409=ORIENTED_EDGE('',*,*,#674,.F.);
#410=ORIENTED_EDGE('',*,*,#543,.F.);
#411=ORIENTED_EDGE('',*,*,#675,.F.);
#412=ORIENTED_EDGE('',*,*,#676,.T.);
#413=ORIENTED_EDGE('',*,*,#677,.T.);
#414=ORIENTED_EDGE('',*,*,#542,.T.);
#415=ORIENTED_EDGE('',*,*,#678,.F.);
#416=ORIENTED_EDGE('',*,*,#679,.F.);
#417=ORIENTED_EDGE('',*,*,#675,.T.);
#418=ORIENTED_EDGE('',*,*,#545,.T.);
#419=ORIENTED_EDGE('',*,*,#680,.F.);
#420=ORIENTED_EDGE('',*,*,#681,.F.);
#421=ORIENTED_EDGE('',*,*,#678,.T.);
#422=ORIENTED_EDGE('',*,*,#544,.F.);
#423=ORIENTED_EDGE('',*,*,#677,.F.);
#424=ORIENTED_EDGE('',*,*,#682,.T.);
#425=ORIENTED_EDGE('',*,*,#680,.T.);
#426=ORIENTED_EDGE('',*,*,#676,.F.);
#427=ORIENTED_EDGE('',*,*,#679,.T.);
#428=ORIENTED_EDGE('',*,*,#681,.T.);
#429=ORIENTED_EDGE('',*,*,#682,.F.);
#430=ORIENTED_EDGE('',*,*,#537,.F.);
#431=ORIENTED_EDGE('',*,*,#683,.F.);
#432=ORIENTED_EDGE('',*,*,#684,.T.);
#433=ORIENTED_EDGE('',*,*,#685,.T.);
#434=ORIENTED_EDGE('',*,*,#536,.F.);
#435=ORIENTED_EDGE('',*,*,#686,.F.);
#436=ORIENTED_EDGE('',*,*,#687,.T.);
#437=ORIENTED_EDGE('',*,*,#683,.T.);
#438=ORIENTED_EDGE('',*,*,#541,.F.);
#439=ORIENTED_EDGE('',*,*,#688,.F.);
#440=ORIENTED_EDGE('',*,*,#689,.T.);
#441=ORIENTED_EDGE('',*,*,#686,.T.);
#442=ORIENTED_EDGE('',*,*,#540,.F.);
#443=ORIENTED_EDGE('',*,*,#690,.F.);
#444=ORIENTED_EDGE('',*,*,#691,.T.);
#445=ORIENTED_EDGE('',*,*,#688,.T.);
#446=ORIENTED_EDGE('',*,*,#539,.F.);
#447=ORIENTED_EDGE('',*,*,#692,.F.);
#448=ORIENTED_EDGE('',*,*,#693,.T.);
#449=ORIENTED_EDGE('',*,*,#690,.T.);
#450=ORIENTED_EDGE('',*,*,#538,.F.);
#451=ORIENTED_EDGE('',*,*,#685,.F.);
#452=ORIENTED_EDGE('',*,*,#694,.T.);
#453=ORIENTED_EDGE('',*,*,#692,.T.);
#454=ORIENTED_EDGE('',*,*,#684,.F.);
#455=ORIENTED_EDGE('',*,*,#687,.F.);
#456=ORIENTED_EDGE('',*,*,#689,.F.);
#457=ORIENTED_EDGE('',*,*,#691,.F.);
#458=ORIENTED_EDGE('',*,*,#693,.F.);
#459=ORIENTED_EDGE('',*,*,#694,.F.);
#460=ORIENTED_EDGE('',*,*,#695,.F.);
#461=ORIENTED_EDGE('',*,*,#667,.F.);
#462=ORIENTED_EDGE('',*,*,#696,.T.);
#463=ORIENTED_EDGE('',*,*,#552,.T.);
#464=ORIENTED_EDGE('',*,*,#697,.T.);
#465=ORIENTED_EDGE('',*,*,#488,.F.);
#466=ORIENTED_EDGE('',*,*,#698,.F.);
#467=ORIENTED_EDGE('',*,*,#657,.T.);
#468=ORIENTED_EDGE('',*,*,#696,.F.);
#469=ORIENTED_EDGE('',*,*,#658,.T.);
#470=ORIENTED_EDGE('',*,*,#698,.T.);
#471=ORIENTED_EDGE('',*,*,#487,.F.);
#472=ORIENTED_EDGE('',*,*,#695,.T.);
#473=ORIENTED_EDGE('',*,*,#489,.T.);
#474=ORIENTED_EDGE('',*,*,#697,.F.);
#475=ORIENTED_EDGE('',*,*,#656,.F.);
#476=EDGE_CURVE('',#699,#700,#849,.T.);
#477=EDGE_CURVE('',#701,#699,#850,.T.);
#478=EDGE_CURVE('',#701,#702,#851,.T.);
#479=EDGE_CURVE('',#702,#700,#852,.T.);
#480=EDGE_CURVE('',#699,#703,#853,.T.);
#481=EDGE_CURVE('',#704,#703,#854,.T.);
#482=EDGE_CURVE('',#701,#704,#855,.T.);
#483=EDGE_CURVE('',#703,#705,#856,.T.);
#484=EDGE_CURVE('',#706,#705,#857,.T.);
#485=EDGE_CURVE('',#704,#706,#858,.T.);
#486=EDGE_CURVE('',#705,#707,#859,.T.);
#487=EDGE_CURVE('',#707,#708,#860,.T.);
#488=EDGE_CURVE('',#708,#709,#861,.T.);
#489=EDGE_CURVE('',#710,#709,#862,.T.);
#490=EDGE_CURVE('',#710,#711,#863,.T.);
#491=EDGE_CURVE('',#712,#711,#864,.T.);
#492=EDGE_CURVE('',#706,#712,#865,.T.);
#493=EDGE_CURVE('',#711,#713,#866,.T.);
#494=EDGE_CURVE('',#714,#713,#867,.T.);
#495=EDGE_CURVE('',#712,#714,#868,.T.);
#496=EDGE_CURVE('',#713,#715,#869,.T.);
#497=EDGE_CURVE('',#716,#715,#870,.T.);
#498=EDGE_CURVE('',#714,#716,#871,.T.);
#499=EDGE_CURVE('',#715,#717,#872,.T.);
#500=EDGE_CURVE('',#718,#717,#873,.T.);
#501=EDGE_CURVE('',#716,#718,#874,.T.);
#502=EDGE_CURVE('',#719,#719,#18,.T.);
#503=EDGE_CURVE('',#720,#720,#19,.T.);
#504=EDGE_CURVE('',#721,#721,#20,.T.);
#505=EDGE_CURVE('',#722,#722,#21,.T.);
#506=EDGE_CURVE('',#723,#723,#22,.T.);
#507=EDGE_CURVE('',#724,#724,#23,.T.);
#508=EDGE_CURVE('',#700,#725,#875,.T.);
#509=EDGE_CURVE('',#702,#718,#876,.T.);
#510=EDGE_CURVE('',#726,#717,#877,.T.);
#511=EDGE_CURVE('',#727,#726,#878,.T.);
#512=EDGE_CURVE('',#728,#727,#879,.T.);
#513=EDGE_CURVE('',#728,#725,#880,.T.);
#514=EDGE_CURVE('',#729,#729,#24,.T.);
#515=EDGE_CURVE('',#730,#730,#25,.T.);
#516=EDGE_CURVE('',#731,#732,#881,.T.);
#517=EDGE_CURVE('',#732,#733,#882,.T.);
#518=EDGE_CURVE('',#734,#733,#883,.T.);
#519=EDGE_CURVE('',#731,#734,#884,.T.);
#520=EDGE_CURVE('',#735,#736,#885,.T.);
#521=EDGE_CURVE('',#735,#737,#886,.T.);
#522=EDGE_CURVE('',#737,#738,#887,.T.);
#523=EDGE_CURVE('',#736,#738,#888,.T.);
#524=EDGE_CURVE('',#739,#740,#889,.T.);
#525=EDGE_CURVE('',#739,#741,#890,.T.);
#526=EDGE_CURVE('',#741,#742,#891,.T.);
#527=EDGE_CURVE('',#740,#742,#892,.T.);
#528=EDGE_CURVE('',#743,#744,#893,.T.);
#529=EDGE_CURVE('',#743,#745,#894,.T.);
#530=EDGE_CURVE('',#745,#746,#895,.T.);
#531=EDGE_CURVE('',#744,#746,#896,.T.);
#532=EDGE_CURVE('',#747,#748,#897,.T.);
#533=EDGE_CURVE('',#747,#749,#898,.T.);
#534=EDGE_CURVE('',#749,#750,#899,.T.);
#535=EDGE_CURVE('',#748,#750,#900,.T.);
#536=EDGE_CURVE('',#751,#752,#901,.T.);
#537=EDGE_CURVE('',#752,#753,#902,.T.);
#538=EDGE_CURVE('',#753,#754,#903,.T.);
#539=EDGE_CURVE('',#754,#755,#904,.T.);
#540=EDGE_CURVE('',#755,#756,#905,.T.);
#541=EDGE_CURVE('',#756,#751,#906,.T.);
#542=EDGE_CURVE('',#757,#758,#907,.T.);
#543=EDGE_CURVE('',#757,#759,#908,.T.);
#544=EDGE_CURVE('',#759,#760,#909,.T.);
#545=EDGE_CURVE('',#758,#760,#910,.T.);
#546=EDGE_CURVE('',#761,#762,#911,.T.);
#547=EDGE_CURVE('',#762,#763,#912,.T.);
#548=EDGE_CURVE('',#763,#761,#913,.T.);
#549=EDGE_CURVE('',#725,#764,#914,.T.);
#550=EDGE_CURVE('',#764,#765,#915,.T.);
#551=EDGE_CURVE('',#726,#765,#916,.T.);
#552=EDGE_CURVE('',#707,#710,#917,.T.);
#553=EDGE_CURVE('',#728,#766,#918,.T.);
#554=EDGE_CURVE('',#766,#764,#919,.T.);
#555=EDGE_CURVE('',#767,#765,#920,.T.);
#556=EDGE_CURVE('',#727,#767,#921,.T.);
#557=EDGE_CURVE('',#766,#767,#922,.T.);
#558=EDGE_CURVE('',#768,#769,#923,.T.);
#559=EDGE_CURVE('',#770,#768,#924,.T.);
#560=EDGE_CURVE('',#770,#771,#925,.T.);
#561=EDGE_CURVE('',#771,#769,#926,.T.);
#562=EDGE_CURVE('',#772,#773,#927,.T.);
#563=EDGE_CURVE('',#774,#772,#928,.T.);
#564=EDGE_CURVE('',#774,#775,#929,.T.);
#565=EDGE_CURVE('',#775,#773,#930,.T.);
#566=EDGE_CURVE('',#776,#777,#931,.T.);
#567=EDGE_CURVE('',#778,#776,#932,.T.);
#568=EDGE_CURVE('',#778,#779,#933,.T.);
#569=EDGE_CURVE('',#779,#777,#934,.T.);
#570=EDGE_CURVE('',#780,#781,#935,.T.);
#571=EDGE_CURVE('',#782,#780,#936,.T.);
#572=EDGE_CURVE('',#782,#783,#937,.T.);
#573=EDGE_CURVE('',#783,#781,#938,.T.);
#574=EDGE_CURVE('',#784,#785,#939,.T.);
#575=EDGE_CURVE('',#784,#786,#940,.T.);
#576=EDGE_CURVE('',#786,#787,#941,.T.);
#577=EDGE_CURVE('',#785,#787,#942,.T.);
#578=EDGE_CURVE('',#787,#782,#943,.T.);
#579=EDGE_CURVE('',#785,#780,#944,.T.);
#580=EDGE_CURVE('',#786,#783,#945,.T.);
#581=EDGE_CURVE('',#784,#781,#946,.T.);
#582=EDGE_CURVE('',#747,#788,#947,.T.);
#583=EDGE_CURVE('',#748,#789,#948,.T.);
#584=EDGE_CURVE('',#788,#789,#949,.T.);
#585=EDGE_CURVE('',#788,#790,#950,.T.);
#586=EDGE_CURVE('',#749,#790,#951,.T.);
#587=EDGE_CURVE('',#790,#791,#952,.T.);
#588=EDGE_CURVE('',#750,#791,#953,.T.);
#589=EDGE_CURVE('',#789,#791,#954,.T.);
#590=EDGE_CURVE('',#792,#793,#955,.T.);
#591=EDGE_CURVE('',#792,#794,#956,.T.);
#592=EDGE_CURVE('',#794,#795,#957,.T.);
#593=EDGE_CURVE('',#793,#795,#958,.T.);
#594=EDGE_CURVE('',#795,#778,#959,.T.);
#595=EDGE_CURVE('',#793,#776,#960,.T.);
#596=EDGE_CURVE('',#794,#779,#961,.T.);
#597=EDGE_CURVE('',#792,#777,#962,.T.);
#598=EDGE_CURVE('',#743,#796,#963,.T.);
#599=EDGE_CURVE('',#744,#797,#964,.T.);
#600=EDGE_CURVE('',#796,#797,#965,.T.);
#601=EDGE_CURVE('',#796,#798,#966,.T.);
#602=EDGE_CURVE('',#745,#798,#967,.T.);
#603=EDGE_CURVE('',#798,#799,#968,.T.);
#604=EDGE_CURVE('',#746,#799,#969,.T.);
#605=EDGE_CURVE('',#797,#799,#970,.T.);
#606=EDGE_CURVE('',#800,#801,#971,.T.);
#607=EDGE_CURVE('',#800,#802,#972,.T.);
#608=EDGE_CURVE('',#802,#803,#973,.T.);
#609=EDGE_CURVE('',#801,#803,#974,.T.);
#610=EDGE_CURVE('',#803,#774,#975,.T.);
#611=EDGE_CURVE('',#801,#772,#976,.T.);
#612=EDGE_CURVE('',#802,#775,#977,.T.);
#613=EDGE_CURVE('',#800,#773,#978,.T.);
#614=EDGE_CURVE('',#739,#804,#979,.T.);
#615=EDGE_CURVE('',#740,#805,#980,.T.);
#616=EDGE_CURVE('',#804,#805,#981,.T.);
#617=EDGE_CURVE('',#804,#806,#982,.T.);
#618=EDGE_CURVE('',#741,#806,#983,.T.);
#619=EDGE_CURVE('',#806,#807,#984,.T.);
#620=EDGE_CURVE('',#742,#807,#985,.T.);
#621=EDGE_CURVE('',#805,#807,#986,.T.);
#622=EDGE_CURVE('',#808,#809,#987,.T.);
#623=EDGE_CURVE('',#808,#810,#988,.T.);
#624=EDGE_CURVE('',#810,#811,#989,.T.);
#625=EDGE_CURVE('',#809,#811,#990,.T.);
#626=EDGE_CURVE('',#811,#770,#991,.T.);
#627=EDGE_CURVE('',#809,#768,#992,.T.);
#628=EDGE_CURVE('',#810,#771,#993,.T.);
#629=EDGE_CURVE('',#808,#769,#994,.T.);
#630=EDGE_CURVE('',#735,#812,#995,.T.);
#631=EDGE_CURVE('',#736,#813,#996,.T.);
#632=EDGE_CURVE('',#812,#813,#997,.T.);
#633=EDGE_CURVE('',#812,#814,#998,.T.);
#634=EDGE_CURVE('',#737,#814,#999,.T.);
#635=EDGE_CURVE('',#814,#815,#1000,.T.);
#636=EDGE_CURVE('',#738,#815,#1001,.T.);
#637=EDGE_CURVE('',#813,#815,#1002,.T.);
#638=EDGE_CURVE('',#816,#731,#1003,.T.);
#639=EDGE_CURVE('',#816,#817,#1004,.T.);
#640=EDGE_CURVE('',#817,#732,#1005,.T.);
#641=EDGE_CURVE('',#818,#734,#1006,.T.);
#642=EDGE_CURVE('',#816,#818,#1007,.T.);
#643=EDGE_CURVE('',#819,#733,#1008,.T.);
#644=EDGE_CURVE('',#818,#819,#1009,.T.);
#645=EDGE_CURVE('',#817,#819,#1010,.T.);
#646=EDGE_CURVE('',#820,#821,#1011,.T.);
#647=EDGE_CURVE('',#822,#820,#1012,.T.);
#648=EDGE_CURVE('',#822,#823,#1013,.T.);
#649=EDGE_CURVE('',#823,#821,#1014,.T.);
#650=EDGE_CURVE('',#820,#824,#1015,.T.);
#651=EDGE_CURVE('',#825,#824,#1016,.T.);
#652=EDGE_CURVE('',#826,#825,#1017,.T.);
#653=EDGE_CURVE('',#827,#826,#1018,.T.);
#654=EDGE_CURVE('',#822,#827,#1019,.T.);
#655=EDGE_CURVE('',#828,#829,#1020,.T.);
#656=EDGE_CURVE('',#828,#830,#1021,.T.);
#657=EDGE_CURVE('',#831,#830,#1022,.T.);
#658=EDGE_CURVE('',#832,#831,#1023,.T.);
#659=EDGE_CURVE('',#825,#832,#1024,.T.);
#660=EDGE_CURVE('',#824,#833,#1025,.T.);
#661=EDGE_CURVE('',#829,#833,#1026,.T.);
#662=EDGE_CURVE('',#821,#833,#1027,.T.);
#663=EDGE_CURVE('',#823,#834,#1028,.T.);
#664=EDGE_CURVE('',#834,#835,#1029,.T.);
#665=EDGE_CURVE('',#835,#829,#1030,.T.);
#666=EDGE_CURVE('',#826,#835,#1031,.T.);
#667=EDGE_CURVE('',#832,#828,#1032,.T.);
#668=EDGE_CURVE('',#827,#834,#1033,.T.);
#669=EDGE_CURVE('',#836,#762,#1034,.T.);
#670=EDGE_CURVE('',#836,#837,#1035,.T.);
#671=EDGE_CURVE('',#837,#763,#1036,.T.);
#672=EDGE_CURVE('',#838,#761,#1037,.T.);
#673=EDGE_CURVE('',#838,#836,#1038,.T.);
#674=EDGE_CURVE('',#837,#838,#1039,.T.);
#675=EDGE_CURVE('',#839,#757,#1040,.T.);
#676=EDGE_CURVE('',#839,#840,#1041,.T.);
#677=EDGE_CURVE('',#840,#759,#1042,.T.);
#678=EDGE_CURVE('',#841,#758,#1043,.T.);
#679=EDGE_CURVE('',#839,#841,#1044,.T.);
#680=EDGE_CURVE('',#842,#760,#1045,.T.);
#681=EDGE_CURVE('',#841,#842,#1046,.T.);
#682=EDGE_CURVE('',#840,#842,#1047,.T.);
#683=EDGE_CURVE('',#843,#752,#1048,.T.);
#684=EDGE_CURVE('',#843,#844,#1049,.T.);
#685=EDGE_CURVE('',#844,#753,#1050,.T.);
#686=EDGE_CURVE('',#845,#751,#1051,.T.);
#687=EDGE_CURVE('',#845,#843,#1052,.T.);
#688=EDGE_CURVE('',#846,#756,#1053,.T.);
#689=EDGE_CURVE('',#846,#845,#1054,.T.);
#690=EDGE_CURVE('',#847,#755,#1055,.T.);
#691=EDGE_CURVE('',#847,#846,#1056,.T.);
#692=EDGE_CURVE('',#848,#754,#1057,.T.);
#693=EDGE_CURVE('',#848,#847,#1058,.T.);
#694=EDGE_CURVE('',#844,#848,#1059,.T.);
#695=EDGE_CURVE('',#828,#710,#12,.T.);
#696=EDGE_CURVE('',#832,#707,#13,.T.);
#697=EDGE_CURVE('',#830,#709,#14,.T.);
#698=EDGE_CURVE('',#831,#708,#15,.T.);
#699=VERTEX_POINT('',#2192);
#700=VERTEX_POINT('',#2193);
#701=VERTEX_POINT('',#2195);
#702=VERTEX_POINT('',#2197);
#703=VERTEX_POINT('',#2201);
#704=VERTEX_POINT('',#2203);
#705=VERTEX_POINT('',#2207);
#706=VERTEX_POINT('',#2209);
#707=VERTEX_POINT('',#2213);
#708=VERTEX_POINT('',#2215);
#709=VERTEX_POINT('',#2217);
#710=VERTEX_POINT('',#2219);
#711=VERTEX_POINT('',#2221);
#712=VERTEX_POINT('',#2223);
#713=VERTEX_POINT('',#2227);
#714=VERTEX_POINT('',#2229);
#715=VERTEX_POINT('',#2233);
#716=VERTEX_POINT('',#2235);
#717=VERTEX_POINT('',#2239);
#718=VERTEX_POINT('',#2241);
#719=VERTEX_POINT('',#2245);
#720=VERTEX_POINT('',#2247);
#721=VERTEX_POINT('',#2250);
#722=VERTEX_POINT('',#2252);
#723=VERTEX_POINT('',#2255);
#724=VERTEX_POINT('',#2257);
#725=VERTEX_POINT('',#2260);
#726=VERTEX_POINT('',#2263);
#727=VERTEX_POINT('',#2265);
#728=VERTEX_POINT('',#2267);
#729=VERTEX_POINT('',#2271);
#730=VERTEX_POINT('',#2273);
#731=VERTEX_POINT('',#2276);
#732=VERTEX_POINT('',#2277);
#733=VERTEX_POINT('',#2279);
#734=VERTEX_POINT('',#2281);
#735=VERTEX_POINT('',#2284);
#736=VERTEX_POINT('',#2285);
#737=VERTEX_POINT('',#2287);
#738=VERTEX_POINT('',#2289);
#739=VERTEX_POINT('',#2292);
#740=VERTEX_POINT('',#2293);
#741=VERTEX_POINT('',#2295);
#742=VERTEX_POINT('',#2297);
#743=VERTEX_POINT('',#2300);
#744=VERTEX_POINT('',#2301);
#745=VERTEX_POINT('',#2303);
#746=VERTEX_POINT('',#2305);
#747=VERTEX_POINT('',#2308);
#748=VERTEX_POINT('',#2309);
#749=VERTEX_POINT('',#2311);
#750=VERTEX_POINT('',#2313);
#751=VERTEX_POINT('',#2317);
#752=VERTEX_POINT('',#2318);
#753=VERTEX_POINT('',#2320);
#754=VERTEX_POINT('',#2322);
#755=VERTEX_POINT('',#2324);
#756=VERTEX_POINT('',#2326);
#757=VERTEX_POINT('',#2329);
#758=VERTEX_POINT('',#2330);
#759=VERTEX_POINT('',#2332);
#760=VERTEX_POINT('',#2334);
#761=VERTEX_POINT('',#2337);
#762=VERTEX_POINT('',#2338);
#763=VERTEX_POINT('',#2340);
#764=VERTEX_POINT('',#2343);
#765=VERTEX_POINT('',#2345);
#766=VERTEX_POINT('',#2350);
#767=VERTEX_POINT('',#2354);
#768=VERTEX_POINT('',#2360);
#769=VERTEX_POINT('',#2361);
#770=VERTEX_POINT('',#2363);
#771=VERTEX_POINT('',#2365);
#772=VERTEX_POINT('',#2368);
#773=VERTEX_POINT('',#2369);
#774=VERTEX_POINT('',#2371);
#775=VERTEX_POINT('',#2373);
#776=VERTEX_POINT('',#2376);
#777=VERTEX_POINT('',#2377);
#778=VERTEX_POINT('',#2379);
#779=VERTEX_POINT('',#2381);
#780=VERTEX_POINT('',#2384);
#781=VERTEX_POINT('',#2385);
#782=VERTEX_POINT('',#2387);
#783=VERTEX_POINT('',#2389);
#784=VERTEX_POINT('',#2393);
#785=VERTEX_POINT('',#2394);
#786=VERTEX_POINT('',#2396);
#787=VERTEX_POINT('',#2398);
#788=VERTEX_POINT('',#2410);
#789=VERTEX_POINT('',#2412);
#790=VERTEX_POINT('',#2416);
#791=VERTEX_POINT('',#2420);
#792=VERTEX_POINT('',#2427);
#793=VERTEX_POINT('',#2428);
#794=VERTEX_POINT('',#2430);
#795=VERTEX_POINT('',#2432);
#796=VERTEX_POINT('',#2444);
#797=VERTEX_POINT('',#2446);
#798=VERTEX_POINT('',#2450);
#799=VERTEX_POINT('',#2454);
#800=VERTEX_POINT('',#2461);
#801=VERTEX_POINT('',#2462);
#802=VERTEX_POINT('',#2464);
#803=VERTEX_POINT('',#2466);
#804=VERTEX_POINT('',#2478);
#805=VERTEX_POINT('',#2480);
#806=VERTEX_POINT('',#2484);
#807=VERTEX_POINT('',#2488);
#808=VERTEX_POINT('',#2495);
#809=VERTEX_POINT('',#2496);
#810=VERTEX_POINT('',#2498);
#811=VERTEX_POINT('',#2500);
#812=VERTEX_POINT('',#2512);
#813=VERTEX_POINT('',#2514);
#814=VERTEX_POINT('',#2518);
#815=VERTEX_POINT('',#2522);
#816=VERTEX_POINT('',#2529);
#817=VERTEX_POINT('',#2531);
#818=VERTEX_POINT('',#2535);
#819=VERTEX_POINT('',#2539);
#820=VERTEX_POINT('',#2545);
#821=VERTEX_POINT('',#2546);
#822=VERTEX_POINT('',#2548);
#823=VERTEX_POINT('',#2550);
#824=VERTEX_POINT('',#2554);
#825=VERTEX_POINT('',#2556);
#826=VERTEX_POINT('',#2558);
#827=VERTEX_POINT('',#2560);
#828=VERTEX_POINT('',#2564);
#829=VERTEX_POINT('',#2565);
#830=VERTEX_POINT('',#2567);
#831=VERTEX_POINT('',#2569);
#832=VERTEX_POINT('',#2571);
#833=VERTEX_POINT('',#2574);
#834=VERTEX_POINT('',#2579);
#835=VERTEX_POINT('',#2581);
#836=VERTEX_POINT('',#2592);
#837=VERTEX_POINT('',#2594);
#838=VERTEX_POINT('',#2598);
#839=VERTEX_POINT('',#2605);
#840=VERTEX_POINT('',#2607);
#841=VERTEX_POINT('',#2611);
#842=VERTEX_POINT('',#2615);
#843=VERTEX_POINT('',#2622);
#844=VERTEX_POINT('',#2624);
#845=VERTEX_POINT('',#2628);
#846=VERTEX_POINT('',#2632);
#847=VERTEX_POINT('',#2636);
#848=VERTEX_POINT('',#2640);
#849=LINE('',#2191,#1060);
#850=LINE('',#2194,#1061);
#851=LINE('',#2196,#1062);
#852=LINE('',#2198,#1063);
#853=LINE('',#2200,#1064);
#854=LINE('',#2202,#1065);
#855=LINE('',#2204,#1066);
#856=LINE('',#2206,#1067);
#857=LINE('',#2208,#1068);
#858=LINE('',#2210,#1069);
#859=LINE('',#2212,#1070);
#860=LINE('',#2214,#1071);
#861=LINE('',#2216,#1072);
#862=LINE('',#2218,#1073);
#863=LINE('',#2220,#1074);
#864=LINE('',#2222,#1075);
#865=LINE('',#2224,#1076);
#866=LINE('',#2226,#1077);
#867=LINE('',#2228,#1078);
#868=LINE('',#2230,#1079);
#869=LINE('',#2232,#1080);
#870=LINE('',#2234,#1081);
#871=LINE('',#2236,#1082);
#872=LINE('',#2238,#1083);
#873=LINE('',#2240,#1084);
#874=LINE('',#2242,#1085);
#875=LINE('',#2259,#1086);
#876=LINE('',#2261,#1087);
#877=LINE('',#2262,#1088);
#878=LINE('',#2264,#1089);
#879=LINE('',#2266,#1090);
#880=LINE('',#2268,#1091);
#881=LINE('',#2275,#1092);
#882=LINE('',#2278,#1093);
#883=LINE('',#2280,#1094);
#884=LINE('',#2282,#1095);
#885=LINE('',#2283,#1096);
#886=LINE('',#2286,#1097);
#887=LINE('',#2288,#1098);
#888=LINE('',#2290,#1099);
#889=LINE('',#2291,#1100);
#890=LINE('',#2294,#1101);
#891=LINE('',#2296,#1102);
#892=LINE('',#2298,#1103);
#893=LINE('',#2299,#1104);
#894=LINE('',#2302,#1105);
#895=LINE('',#2304,#1106);
#896=LINE('',#2306,#1107);
#897=LINE('',#2307,#1108);
#898=LINE('',#2310,#1109);
#899=LINE('',#2312,#1110);
#900=LINE('',#2314,#1111);
#901=LINE('',#2316,#1112);
#902=LINE('',#2319,#1113);
#903=LINE('',#2321,#1114);
#904=LINE('',#2323,#1115);
#905=LINE('',#2325,#1116);
#906=LINE('',#2327,#1117);
#907=LINE('',#2328,#1118);
#908=LINE('',#2331,#1119);
#909=LINE('',#2333,#1120);
#910=LINE('',#2335,#1121);
#911=LINE('',#2336,#1122);
#912=LINE('',#2339,#1123);
#913=LINE('',#2341,#1124);
#914=LINE('',#2342,#1125);
#915=LINE('',#2344,#1126);
#916=LINE('',#2346,#1127);
#917=LINE('',#2347,#1128);
#918=LINE('',#2349,#1129);
#919=LINE('',#2351,#1130);
#920=LINE('',#2353,#1131);
#921=LINE('',#2355,#1132);
#922=LINE('',#2357,#1133);
#923=LINE('',#2359,#1134);
#924=LINE('',#2362,#1135);
#925=LINE('',#2364,#1136);
#926=LINE('',#2366,#1137);
#927=LINE('',#2367,#1138);
#928=LINE('',#2370,#1139);
#929=LINE('',#2372,#1140);
#930=LINE('',#2374,#1141);
#931=LINE('',#2375,#1142);
#932=LINE('',#2378,#1143);
#933=LINE('',#2380,#1144);
#934=LINE('',#2382,#1145);
#935=LINE('',#2383,#1146);
#936=LINE('',#2386,#1147);
#937=LINE('',#2388,#1148);
#938=LINE('',#2390,#1149);
#939=LINE('',#2392,#1150);
#940=LINE('',#2395,#1151);
#941=LINE('',#2397,#1152);
#942=LINE('',#2399,#1153);
#943=LINE('',#2401,#1154);
#944=LINE('',#2402,#1155);
#945=LINE('',#2404,#1156);
#946=LINE('',#2406,#1157);
#947=LINE('',#2409,#1158);
#948=LINE('',#2411,#1159);
#949=LINE('',#2413,#1160);
#950=LINE('',#2415,#1161);
#951=LINE('',#2417,#1162);
#952=LINE('',#2419,#1163);
#953=LINE('',#2421,#1164);
#954=LINE('',#2423,#1165);
#955=LINE('',#2426,#1166);
#956=LINE('',#2429,#1167);
#957=LINE('',#2431,#1168);
#958=LINE('',#2433,#1169);
#959=LINE('',#2435,#1170);
#960=LINE('',#2436,#1171);
#961=LINE('',#2438,#1172);
#962=LINE('',#2440,#1173);
#963=LINE('',#2443,#1174);
#964=LINE('',#2445,#1175);
#965=LINE('',#2447,#1176);
#966=LINE('',#2449,#1177);
#967=LINE('',#2451,#1178);
#968=LINE('',#2453,#1179);
#969=LINE('',#2455,#1180);
#970=LINE('',#2457,#1181);
#971=LINE('',#2460,#1182);
#972=LINE('',#2463,#1183);
#973=LINE('',#2465,#1184);
#974=LINE('',#2467,#1185);
#975=LINE('',#2469,#1186);
#976=LINE('',#2470,#1187);
#977=LINE('',#2472,#1188);
#978=LINE('',#2474,#1189);
#979=LINE('',#2477,#1190);
#980=LINE('',#2479,#1191);
#981=LINE('',#2481,#1192);
#982=LINE('',#2483,#1193);
#983=LINE('',#2485,#1194);
#984=LINE('',#2487,#1195);
#985=LINE('',#2489,#1196);
#986=LINE('',#2491,#1197);
#987=LINE('',#2494,#1198);
#988=LINE('',#2497,#1199);
#989=LINE('',#2499,#1200);
#990=LINE('',#2501,#1201);
#991=LINE('',#2503,#1202);
#992=LINE('',#2504,#1203);
#993=LINE('',#2506,#1204);
#994=LINE('',#2508,#1205);
#995=LINE('',#2511,#1206);
#996=LINE('',#2513,#1207);
#997=LINE('',#2515,#1208);
#998=LINE('',#2517,#1209);
#999=LINE('',#2519,#1210);
#1000=LINE('',#2521,#1211);
#1001=LINE('',#2523,#1212);
#1002=LINE('',#2525,#1213);
#1003=LINE('',#2528,#1214);
#1004=LINE('',#2530,#1215);
#1005=LINE('',#2532,#1216);
#1006=LINE('',#2534,#1217);
#1007=LINE('',#2536,#1218);
#1008=LINE('',#2538,#1219);
#1009=LINE('',#2540,#1220);
#1010=LINE('',#2542,#1221);
#1011=LINE('',#2544,#1222);
#1012=LINE('',#2547,#1223);
#1013=LINE('',#2549,#1224);
#1014=LINE('',#2551,#1225);
#1015=LINE('',#2553,#1226);
#1016=LINE('',#2555,#1227);
#1017=LINE('',#2557,#1228);
#1018=LINE('',#2559,#1229);
#1019=LINE('',#2561,#1230);
#1020=LINE('',#2563,#1231);
#1021=LINE('',#2566,#1232);
#1022=LINE('',#2568,#1233);
#1023=LINE('',#2570,#1234);
#1024=LINE('',#2572,#1235);
#1025=LINE('',#2573,#1236);
#1026=LINE('',#2575,#1237);
#1027=LINE('',#2577,#1238);
#1028=LINE('',#2578,#1239);
#1029=LINE('',#2580,#1240);
#1030=LINE('',#2582,#1241);
#1031=LINE('',#2584,#1242);
#1032=LINE('',#2585,#1243);
#1033=LINE('',#2588,#1244);
#1034=LINE('',#2591,#1245);
#1035=LINE('',#2593,#1246);
#1036=LINE('',#2595,#1247);
#1037=LINE('',#2597,#1248);
#1038=LINE('',#2599,#1249);
#1039=LINE('',#2601,#1250);
#1040=LINE('',#2604,#1251);
#1041=LINE('',#2606,#1252);
#1042=LINE('',#2608,#1253);
#1043=LINE('',#2610,#1254);
#1044=LINE('',#2612,#1255);
#1045=LINE('',#2614,#1256);
#1046=LINE('',#2616,#1257);
#1047=LINE('',#2618,#1258);
#1048=LINE('',#2621,#1259);
#1049=LINE('',#2623,#1260);
#1050=LINE('',#2625,#1261);
#1051=LINE('',#2627,#1262);
#1052=LINE('',#2629,#1263);
#1053=LINE('',#2631,#1264);
#1054=LINE('',#2633,#1265);
#1055=LINE('',#2635,#1266);
#1056=LINE('',#2637,#1267);
#1057=LINE('',#2639,#1268);
#1058=LINE('',#2641,#1269);
#1059=LINE('',#2643,#1270);
#1060=VECTOR('',#1788,1.);
#1061=VECTOR('',#1789,1.);
#1062=VECTOR('',#1790,1.);
#1063=VECTOR('',#1791,1.);
#1064=VECTOR('',#1794,1.);
#1065=VECTOR('',#1795,1.);
#1066=VECTOR('',#1796,1.);
#1067=VECTOR('',#1799,1.);
#1068=VECTOR('',#1800,1.);
#1069=VECTOR('',#1801,1.);
#1070=VECTOR('',#1804,1.);
#1071=VECTOR('',#1805,1.);
#1072=VECTOR('',#1806,1.);
#1073=VECTOR('',#1807,1.);
#1074=VECTOR('',#1808,1.);
#1075=VECTOR('',#1809,1.);
#1076=VECTOR('',#1810,1.);
#1077=VECTOR('',#1813,1.);
#1078=VECTOR('',#1814,1.);
#1079=VECTOR('',#1815,1.);
#1080=VECTOR('',#1818,1.);
#1081=VECTOR('',#1819,1.);
#1082=VECTOR('',#1820,1.);
#1083=VECTOR('',#1823,1.);
#1084=VECTOR('',#1824,1.);
#1085=VECTOR('',#1825,1.);
#1086=VECTOR('',#1846,1.);
#1087=VECTOR('',#1847,1.);
#1088=VECTOR('',#1848,1.);
#1089=VECTOR('',#1849,1.);
#1090=VECTOR('',#1850,1.);
#1091=VECTOR('',#1851,1.);
#1092=VECTOR('',#1860,1.);
#1093=VECTOR('',#1861,1.);
#1094=VECTOR('',#1862,1.);
#1095=VECTOR('',#1863,1.);
#1096=VECTOR('',#1864,1.);
#1097=VECTOR('',#1865,1.);
#1098=VECTOR('',#1866,1.);
#1099=VECTOR('',#1867,1.);
#1100=VECTOR('',#1868,1.);
#1101=VECTOR('',#1869,1.);
#1102=VECTOR('',#1870,1.);
#1103=VECTOR('',#1871,1.);
#1104=VECTOR('',#1872,1.);
#1105=VECTOR('',#1873,1.);
#1106=VECTOR('',#1874,1.);
#1107=VECTOR('',#1875,1.);
#1108=VECTOR('',#1876,1.);
#1109=VECTOR('',#1877,1.);
#1110=VECTOR('',#1878,1.);
#1111=VECTOR('',#1879,1.);
#1112=VECTOR('',#1882,1.);
#1113=VECTOR('',#1883,1.);
#1114=VECTOR('',#1884,1.);
#1115=VECTOR('',#1885,1.);
#1116=VECTOR('',#1886,1.);
#1117=VECTOR('',#1887,1.);
#1118=VECTOR('',#1888,1.);
#1119=VECTOR('',#1889,1.);
#1120=VECTOR('',#1890,1.);
#1121=VECTOR('',#1891,1.);
#1122=VECTOR('',#1892,1.);
#1123=VECTOR('',#1893,1.);
#1124=VECTOR('',#1894,1.);
#1125=VECTOR('',#1895,1.);
#1126=VECTOR('',#1896,1.);
#1127=VECTOR('',#1897,1.);
#1128=VECTOR('',#1898,1.);
#1129=VECTOR('',#1901,1.);
#1130=VECTOR('',#1902,1.);
#1131=VECTOR('',#1905,1.);
#1132=VECTOR('',#1906,1.);
#1133=VECTOR('',#1909,1.);
#1134=VECTOR('',#1912,1.);
#1135=VECTOR('',#1913,1.);
#1136=VECTOR('',#1914,1.);
#1137=VECTOR('',#1915,1.);
#1138=VECTOR('',#1916,1.);
#1139=VECTOR('',#1917,1.);
#1140=VECTOR('',#1918,1.);
#1141=VECTOR('',#1919,1.);
#1142=VECTOR('',#1920,1.);
#1143=VECTOR('',#1921,1.);
#1144=VECTOR('',#1922,1.);
#1145=VECTOR('',#1923,1.);
#1146=VECTOR('',#1924,1.);
#1147=VECTOR('',#1925,1.);
#1148=VECTOR('',#1926,1.);
#1149=VECTOR('',#1927,1.);
#1150=VECTOR('',#1930,1.);
#1151=VECTOR('',#1931,1.);
#1152=VECTOR('',#1932,1.);
#1153=VECTOR('',#1933,1.);
#1154=VECTOR('',#1936,1.);
#1155=VECTOR('',#1937,1.);
#1156=VECTOR('',#1940,1.);
#1157=VECTOR('',#1943,1.);
#1158=VECTOR('',#1948,1.);
#1159=VECTOR('',#1949,1.);
#1160=VECTOR('',#1950,1.);
#1161=VECTOR('',#1953,1.);
#1162=VECTOR('',#1954,1.);
#1163=VECTOR('',#1957,1.);
#1164=VECTOR('',#1958,1.);
#1165=VECTOR('',#1961,1.);
#1166=VECTOR('',#1966,1.);
#1167=VECTOR('',#1967,1.);
#1168=VECTOR('',#1968,1.);
#1169=VECTOR('',#1969,1.);
#1170=VECTOR('',#1972,1.);
#1171=VECTOR('',#1973,1.);
#1172=VECTOR('',#1976,1.);
#1173=VECTOR('',#1979,1.);
#1174=VECTOR('',#1984,1.);
#1175=VECTOR('',#1985,1.);
#1176=VECTOR('',#1986,1.);
#1177=VECTOR('',#1989,1.);
#1178=VECTOR('',#1990,1.);
#1179=VECTOR('',#1993,1.);
#1180=VECTOR('',#1994,1.);
#1181=VECTOR('',#1997,1.);
#1182=VECTOR('',#2002,1.);
#1183=VECTOR('',#2003,1.);
#1184=VECTOR('',#2004,1.);
#1185=VECTOR('',#2005,1.);
#1186=VECTOR('',#2008,1.);
#1187=VECTOR('',#2009,1.);
#1188=VECTOR('',#2012,1.);
#1189=VECTOR('',#2015,1.);
#1190=VECTOR('',#2020,1.);
#1191=VECTOR('',#2021,1.);
#1192=VECTOR('',#2022,1.);
#1193=VECTOR('',#2025,1.);
#1194=VECTOR('',#2026,1.);
#1195=VECTOR('',#2029,1.);
#1196=VECTOR('',#2030,1.);
#1197=VECTOR('',#2033,1.);
#1198=VECTOR('',#2038,1.);
#1199=VECTOR('',#2039,1.);
#1200=VECTOR('',#2040,1.);
#1201=VECTOR('',#2041,1.);
#1202=VECTOR('',#2044,1.);
#1203=VECTOR('',#2045,1.);
#1204=VECTOR('',#2048,1.);
#1205=VECTOR('',#2051,1.);
#1206=VECTOR('',#2056,1.);
#1207=VECTOR('',#2057,1.);
#1208=VECTOR('',#2058,1.);
#1209=VECTOR('',#2061,1.);
#1210=VECTOR('',#2062,1.);
#1211=VECTOR('',#2065,1.);
#1212=VECTOR('',#2066,1.);
#1213=VECTOR('',#2069,1.);
#1214=VECTOR('',#2074,1.);
#1215=VECTOR('',#2075,1.);
#1216=VECTOR('',#2076,1.);
#1217=VECTOR('',#2079,1.);
#1218=VECTOR('',#2080,1.);
#1219=VECTOR('',#2083,1.);
#1220=VECTOR('',#2084,1.);
#1221=VECTOR('',#2087,1.);
#1222=VECTOR('',#2090,1.);
#1223=VECTOR('',#2091,1.);
#1224=VECTOR('',#2092,1.);
#1225=VECTOR('',#2093,1.);
#1226=VECTOR('',#2096,1.);
#1227=VECTOR('',#2097,1.);
#1228=VECTOR('',#2098,1.);
#1229=VECTOR('',#2099,1.);
#1230=VECTOR('',#2100,1.);
#1231=VECTOR('',#2103,1.);
#1232=VECTOR('',#2104,1.);
#1233=VECTOR('',#2105,1.);
#1234=VECTOR('',#2106,1.);
#1235=VECTOR('',#2107,1.);
#1236=VECTOR('',#2108,1.);
#1237=VECTOR('',#2109,1.);
#1238=VECTOR('',#2112,1.);
#1239=VECTOR('',#2113,1.);
#1240=VECTOR('',#2114,1.);
#1241=VECTOR('',#2115,1.);
#1242=VECTOR('',#2118,1.);
#1243=VECTOR('',#2119,1.);
#1244=VECTOR('',#2124,1.);
#1245=VECTOR('',#2129,1.);
#1246=VECTOR('',#2130,1.);
#1247=VECTOR('',#2131,1.);
#1248=VECTOR('',#2134,1.);
#1249=VECTOR('',#2135,1.);
#1250=VECTOR('',#2138,1.);
#1251=VECTOR('',#2143,1.);
#1252=VECTOR('',#2144,1.);
#1253=VECTOR('',#2145,1.);
#1254=VECTOR('',#2148,1.);
#1255=VECTOR('',#2149,1.);
#1256=VECTOR('',#2152,1.);
#1257=VECTOR('',#2153,1.);
#1258=VECTOR('',#2156,1.);
#1259=VECTOR('',#2161,1.);
#1260=VECTOR('',#2162,1.);
#1261=VECTOR('',#2163,1.);
#1262=VECTOR('',#2166,1.);
#1263=VECTOR('',#2167,1.);
#1264=VECTOR('',#2170,1.);
#1265=VECTOR('',#2171,1.);
#1266=VECTOR('',#2174,1.);
#1267=VECTOR('',#2175,1.);
#1268=VECTOR('',#2178,1.);
#1269=VECTOR('',#2179,1.);
#1270=VECTOR('',#2182,1.);
#1271=EDGE_LOOP('',(#30,#31,#32,#33));
#1272=EDGE_LOOP('',(#34,#35,#36,#37));
#1273=EDGE_LOOP('',(#38,#39,#40,#41));
#1274=EDGE_LOOP('',(#42,#43,#44,#45,#46,#47,#48,#49));
#1275=EDGE_LOOP('',(#50,#51,#52,#53));
#1276=EDGE_LOOP('',(#54,#55,#56,#57));
#1277=EDGE_LOOP('',(#58,#59,#60,#61));
#1278=EDGE_LOOP('',(#62));
#1279=EDGE_LOOP('',(#63));
#1280=EDGE_LOOP('',(#64));
#1281=EDGE_LOOP('',(#65));
#1282=EDGE_LOOP('',(#66));
#1283=EDGE_LOOP('',(#67));
#1284=EDGE_LOOP('',(#68,#69,#70,#71,#72,#73,#74,#75));
#1285=EDGE_LOOP('',(#76));
#1286=EDGE_LOOP('',(#77));
#1287=EDGE_LOOP('',(#78,#79,#80,#81));
#1288=EDGE_LOOP('',(#82,#83,#84,#85));
#1289=EDGE_LOOP('',(#86,#87,#88,#89));
#1290=EDGE_LOOP('',(#90,#91,#92,#93));
#1291=EDGE_LOOP('',(#94,#95,#96,#97));
#1292=EDGE_LOOP('',(#98,#99,#100,#101,#102,#103,#104,#105));
#1293=EDGE_LOOP('',(#106));
#1294=EDGE_LOOP('',(#107));
#1295=EDGE_LOOP('',(#108));
#1296=EDGE_LOOP('',(#109));
#1297=EDGE_LOOP('',(#110,#111,#112,#113,#114,#115));
#1298=EDGE_LOOP('',(#116,#117,#118,#119));
#1299=EDGE_LOOP('',(#120,#121,#122));
#1300=EDGE_LOOP('',(#123,#124,#125,#126,#127,#128,#129,#130,#131,#132,#133,
#134,#135,#136));
#1301=EDGE_LOOP('',(#137));
#1302=EDGE_LOOP('',(#138));
#1303=EDGE_LOOP('',(#139));
#1304=EDGE_LOOP('',(#140));
#1305=EDGE_LOOP('',(#141,#142,#143,#144));
#1306=EDGE_LOOP('',(#145,#146,#147,#148));
#1307=EDGE_LOOP('',(#149,#150,#151,#152));
#1308=EDGE_LOOP('',(#153,#154,#155,#156));
#1309=EDGE_LOOP('',(#157,#158,#159,#160));
#1310=EDGE_LOOP('',(#161,#162,#163,#164));
#1311=EDGE_LOOP('',(#165,#166,#167,#168));
#1312=EDGE_LOOP('',(#169,#170,#171,#172));
#1313=EDGE_LOOP('',(#173,#174,#175,#176));
#1314=EDGE_LOOP('',(#177,#178,#179,#180));
#1315=EDGE_LOOP('',(#181,#182,#183,#184));
#1316=EDGE_LOOP('',(#185,#186,#187,#188));
#1317=EDGE_LOOP('',(#189,#190,#191,#192));
#1318=EDGE_LOOP('',(#193,#194,#195,#196));
#1319=EDGE_LOOP('',(#197,#198,#199,#200));
#1320=EDGE_LOOP('',(#201,#202,#203,#204));
#1321=EDGE_LOOP('',(#205,#206,#207,#208));
#1322=EDGE_LOOP('',(#209,#210,#211,#212));
#1323=EDGE_LOOP('',(#213,#214,#215,#216));
#1324=EDGE_LOOP('',(#217,#218,#219,#220));
#1325=EDGE_LOOP('',(#221,#222,#223,#224));
#1326=EDGE_LOOP('',(#225,#226,#227,#228));
#1327=EDGE_LOOP('',(#229,#230,#231,#232));
#1328=EDGE_LOOP('',(#233,#234,#235,#236));
#1329=EDGE_LOOP('',(#237,#238,#239,#240));
#1330=EDGE_LOOP('',(#241,#242,#243,#244));
#1331=EDGE_LOOP('',(#245,#246,#247,#248));
#1332=EDGE_LOOP('',(#249,#250,#251,#252));
#1333=EDGE_LOOP('',(#253,#254,#255,#256));
#1334=EDGE_LOOP('',(#257,#258,#259,#260));
#1335=EDGE_LOOP('',(#261,#262,#263,#264));
#1336=EDGE_LOOP('',(#265,#266,#267,#268));
#1337=EDGE_LOOP('',(#269,#270,#271,#272));
#1338=EDGE_LOOP('',(#273,#274,#275,#276));
#1339=EDGE_LOOP('',(#277,#278,#279,#280));
#1340=EDGE_LOOP('',(#281,#282,#283,#284));
#1341=EDGE_LOOP('',(#285,#286,#287,#288));
#1342=EDGE_LOOP('',(#289,#290,#291,#292));
#1343=EDGE_LOOP('',(#293,#294,#295,#296));
#1344=EDGE_LOOP('',(#297,#298,#299,#300));
#1345=EDGE_LOOP('',(#301,#302,#303,#304));
#1346=EDGE_LOOP('',(#305,#306,#307,#308));
#1347=EDGE_LOOP('',(#309,#310,#311,#312));
#1348=EDGE_LOOP('',(#313,#314,#315,#316));
#1349=EDGE_LOOP('',(#317,#318,#319,#320));
#1350=EDGE_LOOP('',(#321,#322,#323,#324));
#1351=EDGE_LOOP('',(#325,#326,#327,#328));
#1352=EDGE_LOOP('',(#329,#330,#331,#332));
#1353=EDGE_LOOP('',(#333,#334,#335,#336));
#1354=EDGE_LOOP('',(#337,#338,#339,#340));
#1355=EDGE_LOOP('',(#341,#342,#343,#344));
#1356=EDGE_LOOP('',(#345,#346,#347,#348));
#1357=EDGE_LOOP('',(#349,#350,#351,#352));
#1358=EDGE_LOOP('',(#353,#354,#355,#356,#357,#358));
#1359=EDGE_LOOP('',(#359,#360,#361,#362,#363,#364,#365,#366));
#1360=EDGE_LOOP('',(#367,#368,#369,#370,#371,#372));
#1361=EDGE_LOOP('',(#373,#374,#375,#376,#377,#378));
#1362=EDGE_LOOP('',(#379,#380,#381,#382));
#1363=EDGE_LOOP('',(#383,#384,#385,#386));
#1364=EDGE_LOOP('',(#387,#388,#389,#390));
#1365=EDGE_LOOP('',(#391,#392,#393,#394));
#1366=EDGE_LOOP('',(#395,#396,#397,#398));
#1367=EDGE_LOOP('',(#399,#400,#401,#402));
#1368=EDGE_LOOP('',(#403,#404,#405,#406));
#1369=EDGE_LOOP('',(#407,#408,#409));
#1370=EDGE_LOOP('',(#410,#411,#412,#413));
#1371=EDGE_LOOP('',(#414,#415,#416,#417));
#1372=EDGE_LOOP('',(#418,#419,#420,#421));
#1373=EDGE_LOOP('',(#422,#423,#424,#425));
#1374=EDGE_LOOP('',(#426,#427,#428,#429));
#1375=EDGE_LOOP('',(#430,#431,#432,#433));
#1376=EDGE_LOOP('',(#434,#435,#436,#437));
#1377=EDGE_LOOP('',(#438,#439,#440,#441));
#1378=EDGE_LOOP('',(#442,#443,#444,#445));
#1379=EDGE_LOOP('',(#446,#447,#448,#449));
#1380=EDGE_LOOP('',(#450,#451,#452,#453));
#1381=EDGE_LOOP('',(#454,#455,#456,#457,#458,#459));
#1382=EDGE_LOOP('',(#460,#461,#462,#463));
#1383=EDGE_LOOP('',(#464,#465,#466,#467));
#1384=EDGE_LOOP('',(#468,#469,#470,#471));
#1385=EDGE_LOOP('',(#472,#473,#474,#475));
#1386=FACE_BOUND('',#1271,.T.);
#1387=FACE_BOUND('',#1272,.T.);
#1388=FACE_BOUND('',#1273,.T.);
#1389=FACE_BOUND('',#1274,.T.);
#1390=FACE_BOUND('',#1275,.T.);
#1391=FACE_BOUND('',#1276,.T.);
#1392=FACE_BOUND('',#1277,.T.);
#1393=FACE_BOUND('',#1278,.T.);
#1394=FACE_BOUND('',#1279,.T.);
#1395=FACE_BOUND('',#1280,.T.);
#1396=FACE_BOUND('',#1281,.T.);
#1397=FACE_BOUND('',#1282,.T.);
#1398=FACE_BOUND('',#1283,.T.);
#1399=FACE_BOUND('',#1284,.T.);
#1400=FACE_BOUND('',#1285,.T.);
#1401=FACE_BOUND('',#1286,.T.);
#1402=FACE_BOUND('',#1287,.T.);
#1403=FACE_BOUND('',#1288,.T.);
#1404=FACE_BOUND('',#1289,.T.);
#1405=FACE_BOUND('',#1290,.T.);
#1406=FACE_BOUND('',#1291,.T.);
#1407=FACE_BOUND('',#1292,.T.);
#1408=FACE_BOUND('',#1293,.T.);
#1409=FACE_BOUND('',#1294,.T.);
#1410=FACE_BOUND('',#1295,.T.);
#1411=FACE_BOUND('',#1296,.T.);
#1412=FACE_BOUND('',#1297,.T.);
#1413=FACE_BOUND('',#1298,.T.);
#1414=FACE_BOUND('',#1299,.T.);
#1415=FACE_BOUND('',#1300,.T.);
#1416=FACE_BOUND('',#1301,.T.);
#1417=FACE_BOUND('',#1302,.T.);
#1418=FACE_BOUND('',#1303,.T.);
#1419=FACE_BOUND('',#1304,.T.);
#1420=FACE_BOUND('',#1305,.T.);
#1421=FACE_BOUND('',#1306,.T.);
#1422=FACE_BOUND('',#1307,.T.);
#1423=FACE_BOUND('',#1308,.T.);
#1424=FACE_BOUND('',#1309,.T.);
#1425=FACE_BOUND('',#1310,.T.);
#1426=FACE_BOUND('',#1311,.T.);
#1427=FACE_BOUND('',#1312,.T.);
#1428=FACE_BOUND('',#1313,.T.);
#1429=FACE_BOUND('',#1314,.T.);
#1430=FACE_BOUND('',#1315,.T.);
#1431=FACE_BOUND('',#1316,.T.);
#1432=FACE_BOUND('',#1317,.T.);
#1433=FACE_BOUND('',#1318,.T.);
#1434=FACE_BOUND('',#1319,.T.);
#1435=FACE_BOUND('',#1320,.T.);
#1436=FACE_BOUND('',#1321,.T.);
#1437=FACE_BOUND('',#1322,.T.);
#1438=FACE_BOUND('',#1323,.T.);
#1439=FACE_BOUND('',#1324,.T.);
#1440=FACE_BOUND('',#1325,.T.);
#1441=FACE_BOUND('',#1326,.T.);
#1442=FACE_BOUND('',#1327,.T.);
#1443=FACE_BOUND('',#1328,.T.);
#1444=FACE_BOUND('',#1329,.T.);
#1445=FACE_BOUND('',#1330,.T.);
#1446=FACE_BOUND('',#1331,.T.);
#1447=FACE_BOUND('',#1332,.T.);
#1448=FACE_BOUND('',#1333,.T.);
#1449=FACE_BOUND('',#1334,.T.);
#1450=FACE_BOUND('',#1335,.T.);
#1451=FACE_BOUND('',#1336,.T.);
#1452=FACE_BOUND('',#1337,.T.);
#1453=FACE_BOUND('',#1338,.T.);
#1454=FACE_BOUND('',#1339,.T.);
#1455=FACE_BOUND('',#1340,.T.);
#1456=FACE_BOUND('',#1341,.T.);
#1457=FACE_BOUND('',#1342,.T.);
#1458=FACE_BOUND('',#1343,.T.);
#1459=FACE_BOUND('',#1344,.T.);
#1460=FACE_BOUND('',#1345,.T.);
#1461=FACE_BOUND('',#1346,.T.);
#1462=FACE_BOUND('',#1347,.T.);
#1463=FACE_BOUND('',#1348,.T.);
#1464=FACE_BOUND('',#1349,.T.);
#1465=FACE_BOUND('',#1350,.T.);
#1466=FACE_BOUND('',#1351,.T.);
#1467=FACE_BOUND('',#1352,.T.);
#1468=FACE_BOUND('',#1353,.T.);
#1469=FACE_BOUND('',#1354,.T.);
#1470=FACE_BOUND('',#1355,.T.);
#1471=FACE_BOUND('',#1356,.T.);
#1472=FACE_BOUND('',#1357,.T.);
#1473=FACE_BOUND('',#1358,.T.);
#1474=FACE_BOUND('',#1359,.T.);
#1475=FACE_BOUND('',#1360,.T.);
#1476=FACE_BOUND('',#1361,.T.);
#1477=FACE_BOUND('',#1362,.T.);
#1478=FACE_BOUND('',#1363,.T.);
#1479=FACE_BOUND('',#1364,.T.);
#1480=FACE_BOUND('',#1365,.T.);
#1481=FACE_BOUND('',#1366,.T.);
#1482=FACE_BOUND('',#1367,.T.);
#1483=FACE_BOUND('',#1368,.T.);
#1484=FACE_BOUND('',#1369,.T.);
#1485=FACE_BOUND('',#1370,.T.);
#1486=FACE_BOUND('',#1371,.T.);
#1487=FACE_BOUND('',#1372,.T.);
#1488=FACE_BOUND('',#1373,.T.);
#1489=FACE_BOUND('',#1374,.T.);
#1490=FACE_BOUND('',#1375,.T.);
#1491=FACE_BOUND('',#1376,.T.);
#1492=FACE_BOUND('',#1377,.T.);
#1493=FACE_BOUND('',#1378,.T.);
#1494=FACE_BOUND('',#1379,.T.);
#1495=FACE_BOUND('',#1380,.T.);
#1496=FACE_BOUND('',#1381,.T.);
#1497=FACE_BOUND('',#1382,.T.);
#1498=FACE_BOUND('',#1383,.T.);
#1499=FACE_BOUND('',#1384,.T.);
#1500=FACE_BOUND('',#1385,.T.);
#1501=PLANE('',#1688);
#1502=PLANE('',#1689);
#1503=PLANE('',#1690);
#1504=PLANE('',#1691);
#1505=PLANE('',#1692);
#1506=PLANE('',#1693);
#1507=PLANE('',#1694);
#1508=PLANE('',#1704);
#1509=PLANE('',#1708);
#1510=PLANE('',#1709);
#1511=PLANE('',#1710);
#1512=PLANE('',#1711);
#1513=PLANE('',#1712);
#1514=PLANE('',#1713);
#1515=PLANE('',#1714);
#1516=PLANE('',#1715);
#1517=PLANE('',#1716);
#1518=PLANE('',#1717);
#1519=PLANE('',#1718);
#1520=PLANE('',#1719);
#1521=PLANE('',#1720);
#1522=PLANE('',#1721);
#1523=PLANE('',#1722);
#1524=PLANE('',#1723);
#1525=PLANE('',#1724);
#1526=PLANE('',#1725);
#1527=PLANE('',#1726);
#1528=PLANE('',#1727);
#1529=PLANE('',#1728);
#1530=PLANE('',#1729);
#1531=PLANE('',#1730);
#1532=PLANE('',#1731);
#1533=PLANE('',#1732);
#1534=PLANE('',#1733);
#1535=PLANE('',#1734);
#1536=PLANE('',#1735);
#1537=PLANE('',#1736);
#1538=PLANE('',#1737);
#1539=PLANE('',#1738);
#1540=PLANE('',#1739);
#1541=PLANE('',#1740);
#1542=PLANE('',#1741);
#1543=PLANE('',#1742);
#1544=PLANE('',#1743);
#1545=PLANE('',#1744);
#1546=PLANE('',#1745);
#1547=PLANE('',#1746);
#1548=PLANE('',#1747);
#1549=PLANE('',#1748);
#1550=PLANE('',#1749);
#1551=PLANE('',#1750);
#1552=PLANE('',#1751);
#1553=PLANE('',#1752);
#1554=PLANE('',#1753);
#1555=PLANE('',#1754);
#1556=PLANE('',#1755);
#1557=PLANE('',#1756);
#1558=PLANE('',#1757);
#1559=PLANE('',#1758);
#1560=PLANE('',#1759);
#1561=PLANE('',#1760);
#1562=PLANE('',#1761);
#1563=PLANE('',#1762);
#1564=PLANE('',#1763);
#1565=PLANE('',#1764);
#1566=PLANE('',#1765);
#1567=PLANE('',#1766);
#1568=PLANE('',#1767);
#1569=PLANE('',#1768);
#1570=PLANE('',#1769);
#1571=PLANE('',#1770);
#1572=PLANE('',#1771);
#1573=PLANE('',#1772);
#1574=PLANE('',#1773);
#1575=PLANE('',#1774);
#1576=PLANE('',#1775);
#1577=PLANE('',#1776);
#1578=PLANE('',#1777);
#1579=PLANE('',#1778);
#1580=PLANE('',#1779);
#1581=PLANE('',#1780);
#1582=PLANE('',#1781);
#1583=PLANE('',#1782);
#1584=PLANE('',#1783);
#1585=ADVANCED_FACE('',(#1386),#1501,.T.);
#1586=ADVANCED_FACE('',(#1387),#1502,.F.);
#1587=ADVANCED_FACE('',(#1388),#1503,.F.);
#1588=ADVANCED_FACE('',(#1389),#1504,.F.);
#1589=ADVANCED_FACE('',(#1390),#1505,.F.);
#1590=ADVANCED_FACE('',(#1391),#1506,.F.);
#1591=ADVANCED_FACE('',(#1392),#1507,.F.);
#1592=ADVANCED_FACE('',(#1393,#1394),#26,.F.);
#1593=ADVANCED_FACE('',(#1395,#1396),#27,.F.);
#1594=ADVANCED_FACE('',(#1397,#1398),#28,.F.);
#1595=ADVANCED_FACE('',(#1399),#1508,.T.);
#1596=ADVANCED_FACE('',(#1400,#1401),#29,.F.);
#1597=ADVANCED_FACE('',(#1402,#1403,#1404,#1405,#1406,#1407,#1408,#1409,
#1410,#1411),#1509,.T.);
#1598=ADVANCED_FACE('',(#1412,#1413,#1414,#1415,#1416,#1417,#1418,#1419),
#1510,.F.);
#1599=ADVANCED_FACE('',(#1420),#1511,.T.);
#1600=ADVANCED_FACE('',(#1421),#1512,.F.);
#1601=ADVANCED_FACE('',(#1422),#1513,.T.);
#1602=ADVANCED_FACE('',(#1423,#1424,#1425,#1426,#1427),#1514,.T.);
#1603=ADVANCED_FACE('',(#1428),#1515,.T.);
#1604=ADVANCED_FACE('',(#1429),#1516,.T.);
#1605=ADVANCED_FACE('',(#1430),#1517,.F.);
#1606=ADVANCED_FACE('',(#1431),#1518,.F.);
#1607=ADVANCED_FACE('',(#1432),#1519,.T.);
#1608=ADVANCED_FACE('',(#1433),#1520,.T.);
#1609=ADVANCED_FACE('',(#1434),#1521,.F.);
#1610=ADVANCED_FACE('',(#1435),#1522,.F.);
#1611=ADVANCED_FACE('',(#1436),#1523,.T.);
#1612=ADVANCED_FACE('',(#1437),#1524,.F.);
#1613=ADVANCED_FACE('',(#1438),#1525,.T.);
#1614=ADVANCED_FACE('',(#1439),#1526,.T.);
#1615=ADVANCED_FACE('',(#1440),#1527,.F.);
#1616=ADVANCED_FACE('',(#1441),#1528,.F.);
#1617=ADVANCED_FACE('',(#1442),#1529,.T.);
#1618=ADVANCED_FACE('',(#1443),#1530,.T.);
#1619=ADVANCED_FACE('',(#1444),#1531,.F.);
#1620=ADVANCED_FACE('',(#1445),#1532,.F.);
#1621=ADVANCED_FACE('',(#1446),#1533,.T.);
#1622=ADVANCED_FACE('',(#1447),#1534,.F.);
#1623=ADVANCED_FACE('',(#1448),#1535,.T.);
#1624=ADVANCED_FACE('',(#1449),#1536,.T.);
#1625=ADVANCED_FACE('',(#1450),#1537,.F.);
#1626=ADVANCED_FACE('',(#1451),#1538,.F.);
#1627=ADVANCED_FACE('',(#1452),#1539,.T.);
#1628=ADVANCED_FACE('',(#1453),#1540,.T.);
#1629=ADVANCED_FACE('',(#1454),#1541,.F.);
#1630=ADVANCED_FACE('',(#1455),#1542,.F.);
#1631=ADVANCED_FACE('',(#1456),#1543,.T.);
#1632=ADVANCED_FACE('',(#1457),#1544,.F.);
#1633=ADVANCED_FACE('',(#1458),#1545,.T.);
#1634=ADVANCED_FACE('',(#1459),#1546,.T.);
#1635=ADVANCED_FACE('',(#1460),#1547,.F.);
#1636=ADVANCED_FACE('',(#1461),#1548,.F.);
#1637=ADVANCED_FACE('',(#1462),#1549,.T.);
#1638=ADVANCED_FACE('',(#1463),#1550,.T.);
#1639=ADVANCED_FACE('',(#1464),#1551,.F.);
#1640=ADVANCED_FACE('',(#1465),#1552,.F.);
#1641=ADVANCED_FACE('',(#1466),#1553,.T.);
#1642=ADVANCED_FACE('',(#1467),#1554,.F.);
#1643=ADVANCED_FACE('',(#1468),#1555,.T.);
#1644=ADVANCED_FACE('',(#1469),#1556,.F.);
#1645=ADVANCED_FACE('',(#1470),#1557,.F.);
#1646=ADVANCED_FACE('',(#1471),#1558,.T.);
#1647=ADVANCED_FACE('',(#1472),#1559,.T.);
#1648=ADVANCED_FACE('',(#1473),#1560,.F.);
#1649=ADVANCED_FACE('',(#1474),#1561,.F.);
#1650=ADVANCED_FACE('',(#1475),#1562,.T.);
#1651=ADVANCED_FACE('',(#1476),#1563,.T.);
#1652=ADVANCED_FACE('',(#1477,#1478),#1564,.F.);
#1653=ADVANCED_FACE('',(#1479),#1565,.F.);
#1654=ADVANCED_FACE('',(#1480),#1566,.T.);
#1655=ADVANCED_FACE('',(#1481),#1567,.T.);
#1656=ADVANCED_FACE('',(#1482),#1568,.T.);
#1657=ADVANCED_FACE('',(#1483),#1569,.T.);
#1658=ADVANCED_FACE('',(#1484),#1570,.T.);
#1659=ADVANCED_FACE('',(#1485),#1571,.T.);
#1660=ADVANCED_FACE('',(#1486),#1572,.F.);
#1661=ADVANCED_FACE('',(#1487),#1573,.F.);
#1662=ADVANCED_FACE('',(#1488),#1574,.T.);
#1663=ADVANCED_FACE('',(#1489),#1575,.T.);
#1664=ADVANCED_FACE('',(#1490),#1576,.T.);
#1665=ADVANCED_FACE('',(#1491),#1577,.T.);
#1666=ADVANCED_FACE('',(#1492),#1578,.T.);
#1667=ADVANCED_FACE('',(#1493),#1579,.T.);
#1668=ADVANCED_FACE('',(#1494),#1580,.T.);
#1669=ADVANCED_FACE('',(#1495),#1581,.T.);
#1670=ADVANCED_FACE('',(#1496),#1582,.T.);
#1671=ADVANCED_FACE('',(#1497),#16,.T.);
#1672=ADVANCED_FACE('',(#1498),#17,.F.);
#1673=ADVANCED_FACE('',(#1499),#1583,.T.);
#1674=ADVANCED_FACE('',(#1500),#1584,.F.);
#1675=CLOSED_SHELL('',(#1585,#1586,#1587,#1588,#1589,#1590,#1591,#1592,
#1593,#1594,#1595,#1596,#1597,#1598,#1599,#1600,#1601,#1602,#1603,#1604,
#1605,#1606,#1607,#1608,#1609,#1610,#1611,#1612,#1613,#1614,#1615,#1616,
#1617,#1618,#1619,#1620,#1621,#1622,#1623,#1624,#1625,#1626,#1627,#1628,
#1629,#1630,#1631,#1632,#1633,#1634,#1635,#1636,#1637,#1638,#1639,#1640,
#1641,#1642,#1643,#1644,#1645,#1646,#1647,#1648,#1649,#1650,#1651,#1652,
#1653,#1654,#1655,#1656,#1657,#1658,#1659,#1660,#1661,#1662,#1663,#1664,
#1665,#1666,#1667,#1668,#1669,#1670,#1671,#1672,#1673,#1674));
#1676=STYLED_ITEM('',(#1677),#1684);
#1677=PRESENTATION_STYLE_ASSIGNMENT((#1678));
#1678=SURFACE_STYLE_USAGE(.BOTH.,#1679);
#1679=SURFACE_SIDE_STYLE('',(#1680));
#1680=SURFACE_STYLE_FILL_AREA(#1681);
#1681=FILL_AREA_STYLE('',(#1682));
#1682=FILL_AREA_STYLE_COLOUR('',#1683);
#1683=COLOUR_RGB('',0.615686274509804,0.811764705882353,0.925490196078431);
#1684=MANIFOLD_SOLID_BREP('OLED 0.96',#1675);
#1685=SHAPE_DEFINITION_REPRESENTATION(#2715,#1686);
#1686=SHAPE_REPRESENTATION('OLED 0.96',(#1687),#2710);
#1687=AXIS2_PLACEMENT_3D('',#2189,#1784,#1785);
#1688=AXIS2_PLACEMENT_3D('',#2190,#1786,#1787);
#1689=AXIS2_PLACEMENT_3D('',#2199,#1792,#1793);
#1690=AXIS2_PLACEMENT_3D('',#2205,#1797,#1798);
#1691=AXIS2_PLACEMENT_3D('',#2211,#1802,#1803);
#1692=AXIS2_PLACEMENT_3D('',#2225,#1811,#1812);
#1693=AXIS2_PLACEMENT_3D('',#2231,#1816,#1817);
#1694=AXIS2_PLACEMENT_3D('',#2237,#1821,#1822);
#1695=AXIS2_PLACEMENT_3D('',#2243,#1826,#1827);
#1696=AXIS2_PLACEMENT_3D('',#2244,#1828,#1829);
#1697=AXIS2_PLACEMENT_3D('',#2246,#1830,#1831);
#1698=AXIS2_PLACEMENT_3D('',#2248,#1832,#1833);
#1699=AXIS2_PLACEMENT_3D('',#2249,#1834,#1835);
#1700=AXIS2_PLACEMENT_3D('',#2251,#1836,#1837);
#1701=AXIS2_PLACEMENT_3D('',#2253,#1838,#1839);
#1702=AXIS2_PLACEMENT_3D('',#2254,#1840,#1841);
#1703=AXIS2_PLACEMENT_3D('',#2256,#1842,#1843);
#1704=AXIS2_PLACEMENT_3D('',#2258,#1844,#1845);
#1705=AXIS2_PLACEMENT_3D('',#2269,#1852,#1853);
#1706=AXIS2_PLACEMENT_3D('',#2270,#1854,#1855);
#1707=AXIS2_PLACEMENT_3D('',#2272,#1856,#1857);
#1708=AXIS2_PLACEMENT_3D('',#2274,#1858,#1859);
#1709=AXIS2_PLACEMENT_3D('',#2315,#1880,#1881);
#1710=AXIS2_PLACEMENT_3D('',#2348,#1899,#1900);
#1711=AXIS2_PLACEMENT_3D('',#2352,#1903,#1904);
#1712=AXIS2_PLACEMENT_3D('',#2356,#1907,#1908);
#1713=AXIS2_PLACEMENT_3D('',#2358,#1910,#1911);
#1714=AXIS2_PLACEMENT_3D('',#2391,#1928,#1929);
#1715=AXIS2_PLACEMENT_3D('',#2400,#1934,#1935);
#1716=AXIS2_PLACEMENT_3D('',#2403,#1938,#1939);
#1717=AXIS2_PLACEMENT_3D('',#2405,#1941,#1942);
#1718=AXIS2_PLACEMENT_3D('',#2407,#1944,#1945);
#1719=AXIS2_PLACEMENT_3D('',#2408,#1946,#1947);
#1720=AXIS2_PLACEMENT_3D('',#2414,#1951,#1952);
#1721=AXIS2_PLACEMENT_3D('',#2418,#1955,#1956);
#1722=AXIS2_PLACEMENT_3D('',#2422,#1959,#1960);
#1723=AXIS2_PLACEMENT_3D('',#2424,#1962,#1963);
#1724=AXIS2_PLACEMENT_3D('',#2425,#1964,#1965);
#1725=AXIS2_PLACEMENT_3D('',#2434,#1970,#1971);
#1726=AXIS2_PLACEMENT_3D('',#2437,#1974,#1975);
#1727=AXIS2_PLACEMENT_3D('',#2439,#1977,#1978);
#1728=AXIS2_PLACEMENT_3D('',#2441,#1980,#1981);
#1729=AXIS2_PLACEMENT_3D('',#2442,#1982,#1983);
#1730=AXIS2_PLACEMENT_3D('',#2448,#1987,#1988);
#1731=AXIS2_PLACEMENT_3D('',#2452,#1991,#1992);
#1732=AXIS2_PLACEMENT_3D('',#2456,#1995,#1996);
#1733=AXIS2_PLACEMENT_3D('',#2458,#1998,#1999);
#1734=AXIS2_PLACEMENT_3D('',#2459,#2000,#2001);
#1735=AXIS2_PLACEMENT_3D('',#2468,#2006,#2007);
#1736=AXIS2_PLACEMENT_3D('',#2471,#2010,#2011);
#1737=AXIS2_PLACEMENT_3D('',#2473,#2013,#2014);
#1738=AXIS2_PLACEMENT_3D('',#2475,#2016,#2017);
#1739=AXIS2_PLACEMENT_3D('',#2476,#2018,#2019);
#1740=AXIS2_PLACEMENT_3D('',#2482,#2023,#2024);
#1741=AXIS2_PLACEMENT_3D('',#2486,#2027,#2028);
#1742=AXIS2_PLACEMENT_3D('',#2490,#2031,#2032);
#1743=AXIS2_PLACEMENT_3D('',#2492,#2034,#2035);
#1744=AXIS2_PLACEMENT_3D('',#2493,#2036,#2037);
#1745=AXIS2_PLACEMENT_3D('',#2502,#2042,#2043);
#1746=AXIS2_PLACEMENT_3D('',#2505,#2046,#2047);
#1747=AXIS2_PLACEMENT_3D('',#2507,#2049,#2050);
#1748=AXIS2_PLACEMENT_3D('',#2509,#2052,#2053);
#1749=AXIS2_PLACEMENT_3D('',#2510,#2054,#2055);
#1750=AXIS2_PLACEMENT_3D('',#2516,#2059,#2060);
#1751=AXIS2_PLACEMENT_3D('',#2520,#2063,#2064);
#1752=AXIS2_PLACEMENT_3D('',#2524,#2067,#2068);
#1753=AXIS2_PLACEMENT_3D('',#2526,#2070,#2071);
#1754=AXIS2_PLACEMENT_3D('',#2527,#2072,#2073);
#1755=AXIS2_PLACEMENT_3D('',#2533,#2077,#2078);
#1756=AXIS2_PLACEMENT_3D('',#2537,#2081,#2082);
#1757=AXIS2_PLACEMENT_3D('',#2541,#2085,#2086);
#1758=AXIS2_PLACEMENT_3D('',#2543,#2088,#2089);
#1759=AXIS2_PLACEMENT_3D('',#2552,#2094,#2095);
#1760=AXIS2_PLACEMENT_3D('',#2562,#2101,#2102);
#1761=AXIS2_PLACEMENT_3D('',#2576,#2110,#2111);
#1762=AXIS2_PLACEMENT_3D('',#2583,#2116,#2117);
#1763=AXIS2_PLACEMENT_3D('',#2586,#2120,#2121);
#1764=AXIS2_PLACEMENT_3D('',#2587,#2122,#2123);
#1765=AXIS2_PLACEMENT_3D('',#2589,#2125,#2126);
#1766=AXIS2_PLACEMENT_3D('',#2590,#2127,#2128);
#1767=AXIS2_PLACEMENT_3D('',#2596,#2132,#2133);
#1768=AXIS2_PLACEMENT_3D('',#2600,#2136,#2137);
#1769=AXIS2_PLACEMENT_3D('',#2602,#2139,#2140);
#1770=AXIS2_PLACEMENT_3D('',#2603,#2141,#2142);
#1771=AXIS2_PLACEMENT_3D('',#2609,#2146,#2147);
#1772=AXIS2_PLACEMENT_3D('',#2613,#2150,#2151);
#1773=AXIS2_PLACEMENT_3D('',#2617,#2154,#2155);
#1774=AXIS2_PLACEMENT_3D('',#2619,#2157,#2158);
#1775=AXIS2_PLACEMENT_3D('',#2620,#2159,#2160);
#1776=AXIS2_PLACEMENT_3D('',#2626,#2164,#2165);
#1777=AXIS2_PLACEMENT_3D('',#2630,#2168,#2169);
#1778=AXIS2_PLACEMENT_3D('',#2634,#2172,#2173);
#1779=AXIS2_PLACEMENT_3D('',#2638,#2176,#2177);
#1780=AXIS2_PLACEMENT_3D('',#2642,#2180,#2181);
#1781=AXIS2_PLACEMENT_3D('',#2644,#2183,#2184);
#1782=AXIS2_PLACEMENT_3D('',#2707,#2185,#2186);
#1783=AXIS2_PLACEMENT_3D('',#2708,#2187,#2188);
#1784=DIRECTION('',(0.,0.,1.));
#1785=DIRECTION('',(1.,0.,0.));
#1786=DIRECTION('',(-1.,0.,0.));
#1787=DIRECTION('',(0.,-1.,0.));
#1788=DIRECTION('',(0.,0.,1.));
#1789=DIRECTION('',(0.,1.,0.));
#1790=DIRECTION('',(0.,0.,1.));
#1791=DIRECTION('',(0.,1.,0.));
#1792=DIRECTION('',(0.,0.,1.));
#1793=DIRECTION('',(0.,-1.,0.));
#1794=DIRECTION('',(1.,0.,0.));
#1795=DIRECTION('',(0.,1.,0.));
#1796=DIRECTION('',(1.,0.,0.));
#1797=DIRECTION('',(-1.,0.,0.));
#1798=DIRECTION('',(0.,-1.,0.));
#1799=DIRECTION('',(0.,0.,1.));
#1800=DIRECTION('',(0.,1.,0.));
#1801=DIRECTION('',(0.,0.,1.));
#1802=DIRECTION('',(0.,0.,1.));
#1803=DIRECTION('',(0.,-1.,0.));
#1804=DIRECTION('',(1.,0.,0.));
#1805=DIRECTION('',(0.,-1.,0.));
#1806=DIRECTION('',(1.,0.,0.));
#1807=DIRECTION('',(0.,-1.,0.));
#1808=DIRECTION('',(1.,0.,0.));
#1809=DIRECTION('',(0.,1.,0.));
#1810=DIRECTION('',(1.,0.,0.));
#1811=DIRECTION('',(1.,0.,0.));
#1812=DIRECTION('',(0.,1.,0.));
#1813=DIRECTION('',(0.,0.,-1.));
#1814=DIRECTION('',(0.,1.,0.));
#1815=DIRECTION('',(0.,0.,-1.));
#1816=DIRECTION('',(0.,0.,1.));
#1817=DIRECTION('',(0.,-1.,0.));
#1818=DIRECTION('',(1.,0.,0.));
#1819=DIRECTION('',(0.,1.,0.));
#1820=DIRECTION('',(1.,0.,0.));
#1821=DIRECTION('',(-1.,0.,-1.32119076616665E-16));
#1822=DIRECTION('',(1.32119076616665E-16,0.,-1.));
#1823=DIRECTION('',(-1.32119076616665E-16,0.,1.));
#1824=DIRECTION('',(0.,1.,0.));
#1825=DIRECTION('',(-1.32119076616665E-16,0.,1.));
#1826=DIRECTION('',(0.,1.,0.));
#1827=DIRECTION('',(-1.,0.,0.));
#1828=DIRECTION('',(0.,-1.,0.));
#1829=DIRECTION('',(1.,0.,0.));
#1830=DIRECTION('',(0.,-1.,0.));
#1831=DIRECTION('',(1.,0.,0.));
#1832=DIRECTION('',(0.,1.,0.));
#1833=DIRECTION('',(-1.,0.,0.));
#1834=DIRECTION('',(0.,-1.,0.));
#1835=DIRECTION('',(1.,0.,0.));
#1836=DIRECTION('',(0.,-1.,0.));
#1837=DIRECTION('',(1.,0.,0.));
#1838=DIRECTION('',(0.,1.,0.));
#1839=DIRECTION('',(-1.,0.,0.));
#1840=DIRECTION('',(0.,-1.,0.));
#1841=DIRECTION('',(1.,0.,0.));
#1842=DIRECTION('',(0.,-1.,0.));
#1843=DIRECTION('',(1.,0.,0.));
#1844=DIRECTION('',(2.75134571923363E-16,0.,1.));
#1845=DIRECTION('',(-1.,0.,2.75134571923363E-16));
#1846=DIRECTION('',(1.,0.,-2.75134571923363E-16));
#1847=DIRECTION('',(1.,0.,-2.75134571923363E-16));
#1848=DIRECTION('',(1.,0.,-2.75134571923363E-16));
#1849=DIRECTION('',(0.,-1.,0.));
#1850=DIRECTION('',(1.,0.,-2.75134571923363E-16));
#1851=DIRECTION('',(0.,-1.,0.));
#1852=DIRECTION('',(0.,1.,0.));
#1853=DIRECTION('',(-1.,0.,0.));
#1854=DIRECTION('',(0.,-1.,0.));
#1855=DIRECTION('',(1.,0.,0.));
#1856=DIRECTION('',(0.,-1.,0.));
#1857=DIRECTION('',(1.,0.,0.));
#1858=DIRECTION('',(0.,-1.,0.));
#1859=DIRECTION('',(1.,0.,0.));
#1860=DIRECTION('',(1.,0.,0.));
#1861=DIRECTION('',(0.,0.,-1.));
#1862=DIRECTION('',(1.,0.,1.82602471155453E-16));
#1863=DIRECTION('',(1.25100250671404E-16,0.,-1.));
#1864=DIRECTION('',(1.,0.,0.));
#1865=DIRECTION('',(0.,0.,1.));
#1866=DIRECTION('',(1.,0.,0.));
#1867=DIRECTION('',(0.,0.,1.));
#1868=DIRECTION('',(1.,0.,0.));
#1869=DIRECTION('',(0.,0.,1.));
#1870=DIRECTION('',(1.,0.,0.));
#1871=DIRECTION('',(0.,0.,1.));
#1872=DIRECTION('',(1.,0.,0.));
#1873=DIRECTION('',(0.,0.,1.));
#1874=DIRECTION('',(1.,0.,0.));
#1875=DIRECTION('',(0.,0.,1.));
#1876=DIRECTION('',(1.,0.,0.));
#1877=DIRECTION('',(0.,0.,1.));
#1878=DIRECTION('',(1.,0.,0.));
#1879=DIRECTION('',(0.,0.,1.));
#1880=DIRECTION('',(0.,-1.,0.));
#1881=DIRECTION('',(1.,0.,0.));
#1882=DIRECTION('',(-1.,0.,0.));
#1883=DIRECTION('',(0.,0.,-1.));
#1884=DIRECTION('',(1.,0.,0.));
#1885=DIRECTION('',(0.,0.,1.));
#1886=DIRECTION('',(-1.,0.,0.));
#1887=DIRECTION('',(0.,0.,1.));
#1888=DIRECTION('',(0.,0.,-1.));
#1889=DIRECTION('',(-1.,0.,7.88510670898549E-17));
#1890=DIRECTION('',(0.,0.,-1.));
#1891=DIRECTION('',(-1.,0.,7.88510670898549E-17));
#1892=DIRECTION('',(-0.5,0.,-0.866025403784439));
#1893=DIRECTION('',(1.,0.,0.));
#1894=DIRECTION('',(-0.5,0.,0.866025403784438));
#1895=DIRECTION('',(0.,0.,-1.));
#1896=DIRECTION('',(1.,0.,0.));
#1897=DIRECTION('',(0.,0.,-1.));
#1898=DIRECTION('',(1.,0.,0.));
#1899=DIRECTION('',(-1.,0.,0.));
#1900=DIRECTION('',(0.,-1.,0.));
#1901=DIRECTION('',(0.,0.,-1.));
#1902=DIRECTION('',(0.,-1.,0.));
#1903=DIRECTION('',(-1.,0.,0.));
#1904=DIRECTION('',(0.,-1.,0.));
#1905=DIRECTION('',(0.,-1.,0.));
#1906=DIRECTION('',(0.,0.,-1.));
#1907=DIRECTION('',(0.,0.,-1.));
#1908=DIRECTION('',(0.,1.,0.));
#1909=DIRECTION('',(1.,0.,0.));
#1910=DIRECTION('',(0.,1.,0.));
#1911=DIRECTION('',(1.,0.,0.));
#1912=DIRECTION('',(-1.,0.,0.));
#1913=DIRECTION('',(0.,0.,-1.));
#1914=DIRECTION('',(-1.,0.,0.));
#1915=DIRECTION('',(0.,0.,-1.));
#1916=DIRECTION('',(-1.,0.,0.));
#1917=DIRECTION('',(0.,0.,-1.));
#1918=DIRECTION('',(-1.,0.,0.));
#1919=DIRECTION('',(0.,0.,-1.));
#1920=DIRECTION('',(-1.,0.,0.));
#1921=DIRECTION('',(0.,0.,-1.));
#1922=DIRECTION('',(-1.,0.,0.));
#1923=DIRECTION('',(0.,0.,-1.));
#1924=DIRECTION('',(-1.,0.,0.));
#1925=DIRECTION('',(0.,0.,-1.));
#1926=DIRECTION('',(-1.,0.,0.));
#1927=DIRECTION('',(0.,0.,-1.));
#1928=DIRECTION('',(0.,1.,0.));
#1929=DIRECTION('',(1.,0.,0.));
#1930=DIRECTION('',(1.,0.,0.));
#1931=DIRECTION('',(0.,0.,1.));
#1932=DIRECTION('',(1.,0.,0.));
#1933=DIRECTION('',(0.,0.,1.));
#1934=DIRECTION('',(1.,0.,0.));
#1935=DIRECTION('',(0.,1.,0.));
#1936=DIRECTION('',(0.,-1.,0.));
#1937=DIRECTION('',(0.,-1.,0.));
#1938=DIRECTION('',(0.,0.,-1.));
#1939=DIRECTION('',(0.,1.,0.));
#1940=DIRECTION('',(0.,-1.,0.));
#1941=DIRECTION('',(1.,0.,0.));
#1942=DIRECTION('',(0.,1.,0.));
#1943=DIRECTION('',(0.,-1.,0.));
#1944=DIRECTION('',(0.,0.,-1.));
#1945=DIRECTION('',(0.,1.,0.));
#1946=DIRECTION('',(0.,0.,-1.));
#1947=DIRECTION('',(0.,1.,0.));
#1948=DIRECTION('',(0.,-1.,0.));
#1949=DIRECTION('',(0.,-1.,0.));
#1950=DIRECTION('',(1.,0.,0.));
#1951=DIRECTION('',(1.,0.,0.));
#1952=DIRECTION('',(0.,1.,0.));
#1953=DIRECTION('',(0.,0.,1.));
#1954=DIRECTION('',(0.,-1.,0.));
#1955=DIRECTION('',(0.,0.,-1.));
#1956=DIRECTION('',(0.,1.,0.));
#1957=DIRECTION('',(1.,0.,0.));
#1958=DIRECTION('',(0.,-1.,0.));
#1959=DIRECTION('',(1.,0.,0.));
#1960=DIRECTION('',(0.,1.,0.));
#1961=DIRECTION('',(0.,0.,1.));
#1962=DIRECTION('',(0.,1.,0.));
#1963=DIRECTION('',(1.,0.,0.));
#1964=DIRECTION('',(0.,1.,0.));
#1965=DIRECTION('',(1.,0.,0.));
#1966=DIRECTION('',(1.,0.,0.));
#1967=DIRECTION('',(0.,0.,1.));
#1968=DIRECTION('',(1.,0.,0.));
#1969=DIRECTION('',(0.,0.,1.));
#1970=DIRECTION('',(1.,0.,0.));
#1971=DIRECTION('',(0.,1.,0.));
#1972=DIRECTION('',(0.,-1.,0.));
#1973=DIRECTION('',(0.,-1.,0.));
#1974=DIRECTION('',(0.,0.,-1.));
#1975=DIRECTION('',(0.,1.,0.));
#1976=DIRECTION('',(0.,-1.,0.));
#1977=DIRECTION('',(1.,0.,0.));
#1978=DIRECTION('',(0.,1.,0.));
#1979=DIRECTION('',(0.,-1.,0.));
#1980=DIRECTION('',(0.,0.,-1.));
#1981=DIRECTION('',(0.,1.,0.));
#1982=DIRECTION('',(0.,0.,-1.));
#1983=DIRECTION('',(0.,1.,0.));
#1984=DIRECTION('',(0.,-1.,0.));
#1985=DIRECTION('',(0.,-1.,0.));
#1986=DIRECTION('',(1.,0.,0.));
#1987=DIRECTION('',(1.,0.,0.));
#1988=DIRECTION('',(0.,1.,0.));
#1989=DIRECTION('',(0.,0.,1.));
#1990=DIRECTION('',(0.,-1.,0.));
#1991=DIRECTION('',(0.,0.,-1.));
#1992=DIRECTION('',(0.,1.,0.));
#1993=DIRECTION('',(1.,0.,0.));
#1994=DIRECTION('',(0.,-1.,0.));
#1995=DIRECTION('',(1.,0.,0.));
#1996=DIRECTION('',(0.,1.,0.));
#1997=DIRECTION('',(0.,0.,1.));
#1998=DIRECTION('',(0.,1.,0.));
#1999=DIRECTION('',(1.,0.,0.));
#2000=DIRECTION('',(0.,1.,0.));
#2001=DIRECTION('',(1.,0.,0.));
#2002=DIRECTION('',(1.,0.,0.));
#2003=DIRECTION('',(0.,0.,1.));
#2004=DIRECTION('',(1.,0.,0.));
#2005=DIRECTION('',(0.,0.,1.));
#2006=DIRECTION('',(1.,0.,0.));
#2007=DIRECTION('',(0.,1.,0.));
#2008=DIRECTION('',(0.,-1.,0.));
#2009=DIRECTION('',(0.,-1.,0.));
#2010=DIRECTION('',(0.,0.,-1.));
#2011=DIRECTION('',(0.,1.,0.));
#2012=DIRECTION('',(0.,-1.,0.));
#2013=DIRECTION('',(1.,0.,0.));
#2014=DIRECTION('',(0.,1.,0.));
#2015=DIRECTION('',(0.,-1.,0.));
#2016=DIRECTION('',(0.,0.,-1.));
#2017=DIRECTION('',(0.,1.,0.));
#2018=DIRECTION('',(0.,0.,-1.));
#2019=DIRECTION('',(0.,1.,0.));
#2020=DIRECTION('',(0.,-1.,0.));
#2021=DIRECTION('',(0.,-1.,0.));
#2022=DIRECTION('',(1.,0.,0.));
#2023=DIRECTION('',(1.,0.,0.));
#2024=DIRECTION('',(0.,1.,0.));
#2025=DIRECTION('',(0.,0.,1.));
#2026=DIRECTION('',(0.,-1.,0.));
#2027=DIRECTION('',(0.,0.,-1.));
#2028=DIRECTION('',(0.,1.,0.));
#2029=DIRECTION('',(1.,0.,0.));
#2030=DIRECTION('',(0.,-1.,0.));
#2031=DIRECTION('',(1.,0.,0.));
#2032=DIRECTION('',(0.,1.,0.));
#2033=DIRECTION('',(0.,0.,1.));
#2034=DIRECTION('',(0.,1.,0.));
#2035=DIRECTION('',(1.,0.,0.));
#2036=DIRECTION('',(0.,1.,0.));
#2037=DIRECTION('',(1.,0.,0.));
#2038=DIRECTION('',(1.,0.,0.));
#2039=DIRECTION('',(0.,0.,1.));
#2040=DIRECTION('',(1.,0.,0.));
#2041=DIRECTION('',(0.,0.,1.));
#2042=DIRECTION('',(1.,0.,0.));
#2043=DIRECTION('',(0.,1.,0.));
#2044=DIRECTION('',(0.,-1.,0.));
#2045=DIRECTION('',(0.,-1.,0.));
#2046=DIRECTION('',(0.,0.,-1.));
#2047=DIRECTION('',(0.,1.,0.));
#2048=DIRECTION('',(0.,-1.,0.));
#2049=DIRECTION('',(1.,0.,0.));
#2050=DIRECTION('',(0.,1.,0.));
#2051=DIRECTION('',(0.,-1.,0.));
#2052=DIRECTION('',(0.,0.,-1.));
#2053=DIRECTION('',(0.,1.,0.));
#2054=DIRECTION('',(0.,0.,-1.));
#2055=DIRECTION('',(0.,1.,0.));
#2056=DIRECTION('',(0.,-1.,0.));
#2057=DIRECTION('',(0.,-1.,0.));
#2058=DIRECTION('',(1.,0.,0.));
#2059=DIRECTION('',(1.,0.,0.));
#2060=DIRECTION('',(0.,1.,0.));
#2061=DIRECTION('',(0.,0.,1.));
#2062=DIRECTION('',(0.,-1.,0.));
#2063=DIRECTION('',(0.,0.,-1.));
#2064=DIRECTION('',(0.,1.,0.));
#2065=DIRECTION('',(1.,0.,0.));
#2066=DIRECTION('',(0.,-1.,0.));
#2067=DIRECTION('',(1.,0.,0.));
#2068=DIRECTION('',(0.,1.,0.));
#2069=DIRECTION('',(0.,0.,1.));
#2070=DIRECTION('',(0.,1.,0.));
#2071=DIRECTION('',(1.,0.,0.));
#2072=DIRECTION('',(0.,0.,1.));
#2073=DIRECTION('',(0.,-1.,0.));
#2074=DIRECTION('',(0.,1.,0.));
#2075=DIRECTION('',(1.,0.,0.));
#2076=DIRECTION('',(0.,1.,0.));
#2077=DIRECTION('',(1.,0.,1.25100250671404E-16));
#2078=DIRECTION('',(-1.25100250671404E-16,0.,1.));
#2079=DIRECTION('',(0.,1.,0.));
#2080=DIRECTION('',(1.25100250671404E-16,0.,-1.));
#2081=DIRECTION('',(-1.82602471155453E-16,0.,1.));
#2082=DIRECTION('',(-1.,0.,-1.82602471155453E-16));
#2083=DIRECTION('',(0.,1.,0.));
#2084=DIRECTION('',(1.,0.,1.82602471155453E-16));
#2085=DIRECTION('',(1.,0.,0.));
#2086=DIRECTION('',(0.,1.,0.));
#2087=DIRECTION('',(0.,0.,-1.));
#2088=DIRECTION('',(0.,0.,1.));
#2089=DIRECTION('',(0.,-1.,0.));
#2090=DIRECTION('',(1.,0.,0.));
#2091=DIRECTION('',(0.,1.,0.));
#2092=DIRECTION('',(1.,0.,0.));
#2093=DIRECTION('',(0.,1.,0.));
#2094=DIRECTION('',(1.,0.,6.10546570160776E-17));
#2095=DIRECTION('',(-6.10546570160776E-17,0.,1.));
#2096=DIRECTION('',(6.10546570160776E-17,0.,-1.));
#2097=DIRECTION('',(0.,1.,0.));
#2098=DIRECTION('',(6.10546570160776E-17,0.,-1.));
#2099=DIRECTION('',(0.,1.,0.));
#2100=DIRECTION('',(6.10546570160776E-17,0.,-1.));
#2101=DIRECTION('',(0.,0.,1.));
#2102=DIRECTION('',(0.,-1.,0.));
#2103=DIRECTION('',(1.,0.,0.));
#2104=DIRECTION('',(0.,1.,0.));
#2105=DIRECTION('',(1.,0.,0.));
#2106=DIRECTION('',(0.,1.,0.));
#2107=DIRECTION('',(1.,0.,0.));
#2108=DIRECTION('',(1.,0.,0.));
#2109=DIRECTION('',(0.,1.,0.));
#2110=DIRECTION('',(1.,0.,0.));
#2111=DIRECTION('',(0.,1.,0.));
#2112=DIRECTION('',(0.,0.,-1.));
#2113=DIRECTION('',(0.,0.,-1.));
#2114=DIRECTION('',(0.,1.,0.));
#2115=DIRECTION('',(0.,0.,-1.));
#2116=DIRECTION('',(0.,-1.,0.));
#2117=DIRECTION('',(1.,0.,0.));
#2118=DIRECTION('',(1.,0.,0.));
#2119=DIRECTION('',(1.,0.,0.));
#2120=DIRECTION('',(0.,-1.,0.));
#2121=DIRECTION('',(1.,0.,0.));
#2122=DIRECTION('',(0.,0.,1.));
#2123=DIRECTION('',(0.,-1.,0.));
#2124=DIRECTION('',(1.,0.,0.));
#2125=DIRECTION('',(0.,-1.,0.));
#2126=DIRECTION('',(1.,0.,0.));
#2127=DIRECTION('',(0.,0.,-1.));
#2128=DIRECTION('',(0.,1.,0.));
#2129=DIRECTION('',(0.,-1.,0.));
#2130=DIRECTION('',(1.,0.,0.));
#2131=DIRECTION('',(0.,-1.,0.));
#2132=DIRECTION('',(-0.866025403784439,0.,0.5));
#2133=DIRECTION('',(-0.5,0.,-0.866025403784439));
#2134=DIRECTION('',(0.,-1.,0.));
#2135=DIRECTION('',(-0.5,0.,-0.866025403784439));
#2136=DIRECTION('',(0.866025403784438,0.,0.5));
#2137=DIRECTION('',(-0.5,0.,0.866025403784438));
#2138=DIRECTION('',(-0.5,0.,0.866025403784438));
#2139=DIRECTION('',(0.,1.,0.));
#2140=DIRECTION('',(1.,0.,0.));
#2141=DIRECTION('',(7.88510670898549E-17,0.,1.));
#2142=DIRECTION('',(-1.,0.,7.88510670898549E-17));
#2143=DIRECTION('',(0.,-1.,0.));
#2144=DIRECTION('',(-1.,0.,7.88510670898549E-17));
#2145=DIRECTION('',(0.,-1.,0.));
#2146=DIRECTION('',(-1.,0.,0.));
#2147=DIRECTION('',(0.,-1.,0.));
#2148=DIRECTION('',(0.,-1.,0.));
#2149=DIRECTION('',(0.,0.,-1.));
#2150=DIRECTION('',(7.88510670898549E-17,0.,1.));
#2151=DIRECTION('',(-1.,0.,7.88510670898549E-17));
#2152=DIRECTION('',(0.,-1.,0.));
#2153=DIRECTION('',(-1.,0.,7.88510670898549E-17));
#2154=DIRECTION('',(-1.,0.,0.));
#2155=DIRECTION('',(0.,-1.,0.));
#2156=DIRECTION('',(0.,0.,-1.));
#2157=DIRECTION('',(0.,1.,0.));
#2158=DIRECTION('',(1.,0.,0.));
#2159=DIRECTION('',(-1.,0.,0.));
#2160=DIRECTION('',(0.,-1.,0.));
#2161=DIRECTION('',(0.,-1.,0.));
#2162=DIRECTION('',(0.,0.,-1.));
#2163=DIRECTION('',(0.,-1.,0.));
#2164=DIRECTION('',(0.,0.,1.));
#2165=DIRECTION('',(0.,-1.,0.));
#2166=DIRECTION('',(0.,-1.,0.));
#2167=DIRECTION('',(-1.,0.,0.));
#2168=DIRECTION('',(1.,0.,0.));
#2169=DIRECTION('',(0.,1.,0.));
#2170=DIRECTION('',(0.,-1.,0.));
#2171=DIRECTION('',(0.,0.,1.));
#2172=DIRECTION('',(0.,0.,1.));
#2173=DIRECTION('',(0.,-1.,0.));
#2174=DIRECTION('',(0.,-1.,0.));
#2175=DIRECTION('',(-1.,0.,0.));
#2176=DIRECTION('',(1.,0.,0.));
#2177=DIRECTION('',(0.,1.,0.));
#2178=DIRECTION('',(0.,-1.,0.));
#2179=DIRECTION('',(0.,0.,1.));
#2180=DIRECTION('',(0.,0.,-1.));
#2181=DIRECTION('',(0.,1.,0.));
#2182=DIRECTION('',(1.,0.,0.));
#2183=DIRECTION('',(0.,1.,0.));
#2184=DIRECTION('',(1.,0.,0.));
#2185=DIRECTION('',(-1.,0.,0.));
#2186=DIRECTION('',(0.,0.,-1.));
#2187=DIRECTION('',(-1.,0.,0.));
#2188=DIRECTION('',(0.,0.,-1.));
#2189=CARTESIAN_POINT('',(0.,0.,0.));
#2190=CARTESIAN_POINT('',(0.,-0.0016,0.01313));
#2191=CARTESIAN_POINT('',(0.,0.,0.01313));
#2192=CARTESIAN_POINT('',(0.,0.,0.));
#2193=CARTESIAN_POINT('',(-3.46944695195361E-18,0.,0.02626));
#2194=CARTESIAN_POINT('',(0.,-0.0016,0.));
#2195=CARTESIAN_POINT('',(0.,-0.0016,0.));
#2196=CARTESIAN_POINT('',(0.,-0.0016,0.01313));
#2197=CARTESIAN_POINT('',(-3.46944695195361E-18,-0.0016,0.02626));
#2198=CARTESIAN_POINT('',(-3.46944695195361E-18,-0.0016,0.02626));
#2199=CARTESIAN_POINT('',(0.002805,-0.0016,0.));
#2200=CARTESIAN_POINT('',(0.002805,0.,0.));
#2201=CARTESIAN_POINT('',(0.00561,0.,0.));
#2202=CARTESIAN_POINT('',(0.00561,-0.0016,0.));
#2203=CARTESIAN_POINT('',(0.00561,-0.0016,0.));
#2204=CARTESIAN_POINT('',(0.002805,-0.0016,0.));
#2205=CARTESIAN_POINT('',(0.00561,-0.0016,0.001385));
#2206=CARTESIAN_POINT('',(0.00561,0.,0.001385));
#2207=CARTESIAN_POINT('',(0.00561,0.,0.00277));
#2208=CARTESIAN_POINT('',(0.00561,-0.0016,0.00277));
#2209=CARTESIAN_POINT('',(0.00561,-0.0016,0.00277));
#2210=CARTESIAN_POINT('',(0.00561,-0.0016,0.001385));
#2211=CARTESIAN_POINT('',(0.01261,-0.0016,0.00277));
#2212=CARTESIAN_POINT('',(0.01261,0.,0.00277));
#2213=CARTESIAN_POINT('',(0.00837,0.,0.00277));
#2214=CARTESIAN_POINT('',(0.00837,-9.28537321253758E-5,0.00277));
#2215=CARTESIAN_POINT('',(0.00837,-0.000185707464250751,0.00277));
#2216=CARTESIAN_POINT('',(0.00837,-0.000185707464250751,0.00277));
#2217=CARTESIAN_POINT('',(0.01685,-0.000185707464250751,0.00277));
#2218=CARTESIAN_POINT('',(0.01685,-9.28537321253758E-5,0.00277));
#2219=CARTESIAN_POINT('',(0.01685,0.,0.00277));
#2220=CARTESIAN_POINT('',(0.01261,0.,0.00277));
#2221=CARTESIAN_POINT('',(0.01961,0.,0.00277));
#2222=CARTESIAN_POINT('',(0.01961,-0.0016,0.00277));
#2223=CARTESIAN_POINT('',(0.01961,-0.0016,0.00277));
#2224=CARTESIAN_POINT('',(0.01261,-0.0016,0.00277));
#2225=CARTESIAN_POINT('',(0.01961,-0.0016,0.001385));
#2226=CARTESIAN_POINT('',(0.01961,0.,0.001385));
#2227=CARTESIAN_POINT('',(0.01961,0.,0.));
#2228=CARTESIAN_POINT('',(0.01961,-0.0016,0.));
#2229=CARTESIAN_POINT('',(0.01961,-0.0016,0.));
#2230=CARTESIAN_POINT('',(0.01961,-0.0016,0.001385));
#2231=CARTESIAN_POINT('',(0.022415,-0.0016,0.));
#2232=CARTESIAN_POINT('',(0.022415,0.,0.));
#2233=CARTESIAN_POINT('',(0.02522,0.,0.));
#2234=CARTESIAN_POINT('',(0.02522,-0.0016,0.));
#2235=CARTESIAN_POINT('',(0.02522,-0.0016,0.));
#2236=CARTESIAN_POINT('',(0.022415,-0.0016,0.));
#2237=CARTESIAN_POINT('',(0.02522,-0.0016,0.01313));
#2238=CARTESIAN_POINT('',(0.02522,0.,0.01313));
#2239=CARTESIAN_POINT('',(0.02522,0.,0.02626));
#2240=CARTESIAN_POINT('',(0.02522,-0.0016,0.02626));
#2241=CARTESIAN_POINT('',(0.02522,-0.0016,0.02626));
#2242=CARTESIAN_POINT('',(0.02522,-0.0016,0.01313));
#2243=CARTESIAN_POINT('',(0.02292,-0.0016,0.02396));
#2244=CARTESIAN_POINT('',(0.02292,-0.0016,0.02396));
#2245=CARTESIAN_POINT('',(0.02392,-0.0016,0.02396));
#2246=CARTESIAN_POINT('',(0.02292,0.,0.02396));
#2247=CARTESIAN_POINT('',(0.02392,0.,0.02396));
#2248=CARTESIAN_POINT('',(0.02292,-0.0016,0.0023));
#2249=CARTESIAN_POINT('',(0.02292,-0.0016,0.0023));
#2250=CARTESIAN_POINT('',(0.02392,-0.0016,0.0023));
#2251=CARTESIAN_POINT('',(0.02292,0.,0.0023));
#2252=CARTESIAN_POINT('',(0.02392,0.,0.0023));
#2253=CARTESIAN_POINT('',(0.0023,-0.0016,0.0023));
#2254=CARTESIAN_POINT('',(0.0023,-0.0016,0.0023));
#2255=CARTESIAN_POINT('',(0.0033,-0.0016,0.0023));
#2256=CARTESIAN_POINT('',(0.0023,0.,0.0023));
#2257=CARTESIAN_POINT('',(0.0033,0.,0.0023));
#2258=CARTESIAN_POINT('',(0.01261,-0.0016,0.02626));
#2259=CARTESIAN_POINT('',(0.01261,0.,0.02626));
#2260=CARTESIAN_POINT('',(0.00753,0.,0.02626));
#2261=CARTESIAN_POINT('',(0.01261,-0.0016,0.02626));
#2262=CARTESIAN_POINT('',(0.01261,0.,0.02626));
#2263=CARTESIAN_POINT('',(0.01769,0.,0.02626));
#2264=CARTESIAN_POINT('',(0.01769,0.00275,0.02626));
#2265=CARTESIAN_POINT('',(0.01769,0.00275,0.02626));
#2266=CARTESIAN_POINT('',(0.01261,0.00275,0.02626));
#2267=CARTESIAN_POINT('',(0.00753,0.00275,0.02626));
#2268=CARTESIAN_POINT('',(0.00753,0.00275,0.02626));
#2269=CARTESIAN_POINT('',(0.0023,-0.0016,0.02396));
#2270=CARTESIAN_POINT('',(0.0023,-0.0016,0.02396));
#2271=CARTESIAN_POINT('',(0.0033,-0.0016,0.02396));
#2272=CARTESIAN_POINT('',(0.0023,0.,0.02396));
#2273=CARTESIAN_POINT('',(0.0033,0.,0.02396));
#2274=CARTESIAN_POINT('',(0.01261,-0.0016,0.01313));
#2275=CARTESIAN_POINT('',(0.01261,-0.0016,0.01856));
#2276=CARTESIAN_POINT('',(0.00311,-0.0016,0.01856));
#2277=CARTESIAN_POINT('',(0.02211,-0.0016,0.01856));
#2278=CARTESIAN_POINT('',(0.02211,-0.0016,0.01336));
#2279=CARTESIAN_POINT('',(0.02211,-0.0016,0.00816));
#2280=CARTESIAN_POINT('',(0.01261,-0.0016,0.00816));
#2281=CARTESIAN_POINT('',(0.00311,-0.0016,0.00816));
#2282=CARTESIAN_POINT('',(0.00311,-0.0016,0.01336));
#2283=CARTESIAN_POINT('',(0.01261,-0.0016,0.024665));
#2284=CARTESIAN_POINT('',(0.016095,-0.0016,0.024665));
#2285=CARTESIAN_POINT('',(0.016745,-0.0016,0.024665));
#2286=CARTESIAN_POINT('',(0.016095,-0.0016,0.01313));
#2287=CARTESIAN_POINT('',(0.016095,-0.0016,0.025315));
#2288=CARTESIAN_POINT('',(0.01261,-0.0016,0.025315));
#2289=CARTESIAN_POINT('',(0.016745,-0.0016,0.025315));
#2290=CARTESIAN_POINT('',(0.016745,-0.0016,0.01313));
#2291=CARTESIAN_POINT('',(0.01261,-0.0016,0.024665));
#2292=CARTESIAN_POINT('',(0.013555,-0.0016,0.024665));
#2293=CARTESIAN_POINT('',(0.014205,-0.0016,0.024665));
#2294=CARTESIAN_POINT('',(0.013555,-0.0016,0.01313));
#2295=CARTESIAN_POINT('',(0.013555,-0.0016,0.025315));
#2296=CARTESIAN_POINT('',(0.01261,-0.0016,0.025315));
#2297=CARTESIAN_POINT('',(0.014205,-0.0016,0.025315));
#2298=CARTESIAN_POINT('',(0.014205,-0.0016,0.01313));
#2299=CARTESIAN_POINT('',(0.01261,-0.0016,0.024665));
#2300=CARTESIAN_POINT('',(0.011015,-0.0016,0.024665));
#2301=CARTESIAN_POINT('',(0.011665,-0.0016,0.024665));
#2302=CARTESIAN_POINT('',(0.011015,-0.0016,0.01313));
#2303=CARTESIAN_POINT('',(0.011015,-0.0016,0.025315));
#2304=CARTESIAN_POINT('',(0.01261,-0.0016,0.025315));
#2305=CARTESIAN_POINT('',(0.011665,-0.0016,0.025315));
#2306=CARTESIAN_POINT('',(0.011665,-0.0016,0.01313));
#2307=CARTESIAN_POINT('',(0.01261,-0.0016,0.024665));
#2308=CARTESIAN_POINT('',(0.008475,-0.0016,0.024665));
#2309=CARTESIAN_POINT('',(0.009125,-0.0016,0.024665));
#2310=CARTESIAN_POINT('',(0.008475,-0.0016,0.01313));
#2311=CARTESIAN_POINT('',(0.008475,-0.0016,0.025315));
#2312=CARTESIAN_POINT('',(0.01261,-0.0016,0.025315));
#2313=CARTESIAN_POINT('',(0.009125,-0.0016,0.025315));
#2314=CARTESIAN_POINT('',(0.009125,-0.0016,0.01313));
#2315=CARTESIAN_POINT('',(0.01261,0.,0.01313));
#2316=CARTESIAN_POINT('',(0.00924655143171549,0.,0.02132));
#2317=CARTESIAN_POINT('',(0.0115997344255447,0.,0.02132));
#2318=CARTESIAN_POINT('',(0.00689336843788624,0.,0.02132));
#2319=CARTESIAN_POINT('',(0.00689336843788624,0.,0.02001));
#2320=CARTESIAN_POINT('',(0.00689336843788624,0.,0.0187));
#2321=CARTESIAN_POINT('',(0.0138058438897133,0.,0.0187));
#2322=CARTESIAN_POINT('',(0.0207183193415404,0.,0.0187));
#2323=CARTESIAN_POINT('',(0.0207183193415404,0.,0.0196));
#2324=CARTESIAN_POINT('',(0.0207183193415404,0.,0.0205));
#2325=CARTESIAN_POINT('',(0.0161590268835426,0.,0.0205));
#2326=CARTESIAN_POINT('',(0.0115997344255447,0.,0.0205));
#2327=CARTESIAN_POINT('',(0.0115997344255447,0.,0.02091));
#2328=CARTESIAN_POINT('',(0.02361,0.,0.01421));
#2329=CARTESIAN_POINT('',(0.02361,0.,0.01552));
#2330=CARTESIAN_POINT('',(0.02361,0.,0.0129));
#2331=CARTESIAN_POINT('',(0.01261,0.,0.01552));
#2332=CARTESIAN_POINT('',(0.00161,0.,0.01552));
#2333=CARTESIAN_POINT('',(0.00161,0.,0.01421));
#2334=CARTESIAN_POINT('',(0.00161,0.,0.0129));
#2335=CARTESIAN_POINT('',(0.01261,0.,0.0129));
#2336=CARTESIAN_POINT('',(0.01236,0.,0.0119269872981078));
#2337=CARTESIAN_POINT('',(0.01261,0.,0.01236));
#2338=CARTESIAN_POINT('',(0.01211,0.,0.0114939745962156));
#2339=CARTESIAN_POINT('',(0.01261,0.,0.0114939745962156));
#2340=CARTESIAN_POINT('',(0.01311,0.,0.0114939745962156));
#2341=CARTESIAN_POINT('',(0.01286,0.,0.0119269872981078));
#2342=CARTESIAN_POINT('',(0.00753,0.,0.02499));
#2343=CARTESIAN_POINT('',(0.00753,0.,0.02372));
#2344=CARTESIAN_POINT('',(0.01261,0.,0.02372));
#2345=CARTESIAN_POINT('',(0.01769,0.,0.02372));
#2346=CARTESIAN_POINT('',(0.01769,0.,0.02499));
#2347=CARTESIAN_POINT('',(0.00837,0.,0.00277));
#2348=CARTESIAN_POINT('',(0.00753,0.00275,0.02499));
#2349=CARTESIAN_POINT('',(0.00753,0.00275,0.02499));
#2350=CARTESIAN_POINT('',(0.00753,0.00275,0.02372));
#2351=CARTESIAN_POINT('',(0.00753,0.00275,0.02372));
#2352=CARTESIAN_POINT('',(0.01769,0.00275,0.02499));
#2353=CARTESIAN_POINT('',(0.01769,0.00275,0.02372));
#2354=CARTESIAN_POINT('',(0.01769,0.00275,0.02372));
#2355=CARTESIAN_POINT('',(0.01769,0.00275,0.02499));
#2356=CARTESIAN_POINT('',(0.01261,0.00275,0.02372));
#2357=CARTESIAN_POINT('',(0.01261,0.00275,0.02372));
#2358=CARTESIAN_POINT('',(0.01261,0.00275,0.01313));
#2359=CARTESIAN_POINT('',(0.01261,0.00275,0.024665));
#2360=CARTESIAN_POINT('',(0.016745,0.00275,0.024665));
#2361=CARTESIAN_POINT('',(0.016095,0.00275,0.024665));
#2362=CARTESIAN_POINT('',(0.016745,0.00275,0.01313));
#2363=CARTESIAN_POINT('',(0.016745,0.00275,0.025315));
#2364=CARTESIAN_POINT('',(0.01261,0.00275,0.025315));
#2365=CARTESIAN_POINT('',(0.016095,0.00275,0.025315));
#2366=CARTESIAN_POINT('',(0.016095,0.00275,0.01313));
#2367=CARTESIAN_POINT('',(0.01261,0.00275,0.024665));
#2368=CARTESIAN_POINT('',(0.014205,0.00275,0.024665));
#2369=CARTESIAN_POINT('',(0.013555,0.00275,0.024665));
#2370=CARTESIAN_POINT('',(0.014205,0.00275,0.01313));
#2371=CARTESIAN_POINT('',(0.014205,0.00275,0.025315));
#2372=CARTESIAN_POINT('',(0.01261,0.00275,0.025315));
#2373=CARTESIAN_POINT('',(0.013555,0.00275,0.025315));
#2374=CARTESIAN_POINT('',(0.013555,0.00275,0.01313));
#2375=CARTESIAN_POINT('',(0.01261,0.00275,0.024665));
#2376=CARTESIAN_POINT('',(0.011665,0.00275,0.024665));
#2377=CARTESIAN_POINT('',(0.011015,0.00275,0.024665));
#2378=CARTESIAN_POINT('',(0.011665,0.00275,0.01313));
#2379=CARTESIAN_POINT('',(0.011665,0.00275,0.025315));
#2380=CARTESIAN_POINT('',(0.01261,0.00275,0.025315));
#2381=CARTESIAN_POINT('',(0.011015,0.00275,0.025315));
#2382=CARTESIAN_POINT('',(0.011015,0.00275,0.01313));
#2383=CARTESIAN_POINT('',(0.01261,0.00275,0.024665));
#2384=CARTESIAN_POINT('',(0.009125,0.00275,0.024665));
#2385=CARTESIAN_POINT('',(0.008475,0.00275,0.024665));
#2386=CARTESIAN_POINT('',(0.009125,0.00275,0.01313));
#2387=CARTESIAN_POINT('',(0.009125,0.00275,0.025315));
#2388=CARTESIAN_POINT('',(0.01261,0.00275,0.025315));
#2389=CARTESIAN_POINT('',(0.008475,0.00275,0.025315));
#2390=CARTESIAN_POINT('',(0.008475,0.00275,0.01313));
#2391=CARTESIAN_POINT('',(0.01261,0.0085,0.02499));
#2392=CARTESIAN_POINT('',(0.0088,0.0085,0.024665));
#2393=CARTESIAN_POINT('',(0.008475,0.0085,0.024665));
#2394=CARTESIAN_POINT('',(0.009125,0.0085,0.024665));
#2395=CARTESIAN_POINT('',(0.008475,0.0085,0.02499));
#2396=CARTESIAN_POINT('',(0.008475,0.0085,0.025315));
#2397=CARTESIAN_POINT('',(0.0088,0.0085,0.025315));
#2398=CARTESIAN_POINT('',(0.009125,0.0085,0.025315));
#2399=CARTESIAN_POINT('',(0.009125,0.0085,0.02499));
#2400=CARTESIAN_POINT('',(0.009125,0.0085,0.02499));
#2401=CARTESIAN_POINT('',(0.009125,0.0085,0.025315));
#2402=CARTESIAN_POINT('',(0.009125,0.0085,0.024665));
#2403=CARTESIAN_POINT('',(0.0088,0.0085,0.025315));
#2404=CARTESIAN_POINT('',(0.008475,0.0085,0.025315));
#2405=CARTESIAN_POINT('',(0.008475,0.0085,0.02499));
#2406=CARTESIAN_POINT('',(0.008475,0.0085,0.024665));
#2407=CARTESIAN_POINT('',(0.0088,0.0085,0.024665));
#2408=CARTESIAN_POINT('',(0.0088,0.0085,0.024665));
#2409=CARTESIAN_POINT('',(0.008475,0.0085,0.024665));
#2410=CARTESIAN_POINT('',(0.008475,-0.00278,0.024665));
#2411=CARTESIAN_POINT('',(0.009125,0.0085,0.024665));
#2412=CARTESIAN_POINT('',(0.009125,-0.00278,0.024665));
#2413=CARTESIAN_POINT('',(0.0088,-0.00278,0.024665));
#2414=CARTESIAN_POINT('',(0.008475,0.0085,0.02499));
#2415=CARTESIAN_POINT('',(0.008475,-0.00278,0.02499));
#2416=CARTESIAN_POINT('',(0.008475,-0.00278,0.025315));
#2417=CARTESIAN_POINT('',(0.008475,0.0085,0.025315));
#2418=CARTESIAN_POINT('',(0.0088,0.0085,0.025315));
#2419=CARTESIAN_POINT('',(0.0088,-0.00278,0.025315));
#2420=CARTESIAN_POINT('',(0.009125,-0.00278,0.025315));
#2421=CARTESIAN_POINT('',(0.009125,0.0085,0.025315));
#2422=CARTESIAN_POINT('',(0.009125,0.0085,0.02499));
#2423=CARTESIAN_POINT('',(0.009125,-0.00278,0.02499));
#2424=CARTESIAN_POINT('',(0.01261,-0.00278,0.02499));
#2425=CARTESIAN_POINT('',(0.01261,0.0085,0.02499));
#2426=CARTESIAN_POINT('',(0.01134,0.0085,0.024665));
#2427=CARTESIAN_POINT('',(0.011015,0.0085,0.024665));
#2428=CARTESIAN_POINT('',(0.011665,0.0085,0.024665));
#2429=CARTESIAN_POINT('',(0.011015,0.0085,0.02499));
#2430=CARTESIAN_POINT('',(0.011015,0.0085,0.025315));
#2431=CARTESIAN_POINT('',(0.01134,0.0085,0.025315));
#2432=CARTESIAN_POINT('',(0.011665,0.0085,0.025315));
#2433=CARTESIAN_POINT('',(0.011665,0.0085,0.02499));
#2434=CARTESIAN_POINT('',(0.011665,0.0085,0.02499));
#2435=CARTESIAN_POINT('',(0.011665,0.0085,0.025315));
#2436=CARTESIAN_POINT('',(0.011665,0.0085,0.024665));
#2437=CARTESIAN_POINT('',(0.01134,0.0085,0.025315));
#2438=CARTESIAN_POINT('',(0.011015,0.0085,0.025315));
#2439=CARTESIAN_POINT('',(0.011015,0.0085,0.02499));
#2440=CARTESIAN_POINT('',(0.011015,0.0085,0.024665));
#2441=CARTESIAN_POINT('',(0.01134,0.0085,0.024665));
#2442=CARTESIAN_POINT('',(0.01134,0.0085,0.024665));
#2443=CARTESIAN_POINT('',(0.011015,0.0085,0.024665));
#2444=CARTESIAN_POINT('',(0.011015,-0.00278,0.024665));
#2445=CARTESIAN_POINT('',(0.011665,0.0085,0.024665));
#2446=CARTESIAN_POINT('',(0.011665,-0.00278,0.024665));
#2447=CARTESIAN_POINT('',(0.01134,-0.00278,0.024665));
#2448=CARTESIAN_POINT('',(0.011015,0.0085,0.02499));
#2449=CARTESIAN_POINT('',(0.011015,-0.00278,0.02499));
#2450=CARTESIAN_POINT('',(0.011015,-0.00278,0.025315));
#2451=CARTESIAN_POINT('',(0.011015,0.0085,0.025315));
#2452=CARTESIAN_POINT('',(0.01134,0.0085,0.025315));
#2453=CARTESIAN_POINT('',(0.01134,-0.00278,0.025315));
#2454=CARTESIAN_POINT('',(0.011665,-0.00278,0.025315));
#2455=CARTESIAN_POINT('',(0.011665,0.0085,0.025315));
#2456=CARTESIAN_POINT('',(0.011665,0.0085,0.02499));
#2457=CARTESIAN_POINT('',(0.011665,-0.00278,0.02499));
#2458=CARTESIAN_POINT('',(0.01261,-0.00278,0.02499));
#2459=CARTESIAN_POINT('',(0.01261,0.0085,0.02499));
#2460=CARTESIAN_POINT('',(0.01388,0.0085,0.024665));
#2461=CARTESIAN_POINT('',(0.013555,0.0085,0.024665));
#2462=CARTESIAN_POINT('',(0.014205,0.0085,0.024665));
#2463=CARTESIAN_POINT('',(0.013555,0.0085,0.02499));
#2464=CARTESIAN_POINT('',(0.013555,0.0085,0.025315));
#2465=CARTESIAN_POINT('',(0.01388,0.0085,0.025315));
#2466=CARTESIAN_POINT('',(0.014205,0.0085,0.025315));
#2467=CARTESIAN_POINT('',(0.014205,0.0085,0.02499));
#2468=CARTESIAN_POINT('',(0.014205,0.0085,0.02499));
#2469=CARTESIAN_POINT('',(0.014205,0.0085,0.025315));
#2470=CARTESIAN_POINT('',(0.014205,0.0085,0.024665));
#2471=CARTESIAN_POINT('',(0.01388,0.0085,0.025315));
#2472=CARTESIAN_POINT('',(0.013555,0.0085,0.025315));
#2473=CARTESIAN_POINT('',(0.013555,0.0085,0.02499));
#2474=CARTESIAN_POINT('',(0.013555,0.0085,0.024665));
#2475=CARTESIAN_POINT('',(0.01388,0.0085,0.024665));
#2476=CARTESIAN_POINT('',(0.01388,0.0085,0.024665));
#2477=CARTESIAN_POINT('',(0.013555,0.0085,0.024665));
#2478=CARTESIAN_POINT('',(0.013555,-0.00278,0.024665));
#2479=CARTESIAN_POINT('',(0.014205,0.0085,0.024665));
#2480=CARTESIAN_POINT('',(0.014205,-0.00278,0.024665));
#2481=CARTESIAN_POINT('',(0.01388,-0.00278,0.024665));
#2482=CARTESIAN_POINT('',(0.013555,0.0085,0.02499));
#2483=CARTESIAN_POINT('',(0.013555,-0.00278,0.02499));
#2484=CARTESIAN_POINT('',(0.013555,-0.00278,0.025315));
#2485=CARTESIAN_POINT('',(0.013555,0.0085,0.025315));
#2486=CARTESIAN_POINT('',(0.01388,0.0085,0.025315));
#2487=CARTESIAN_POINT('',(0.01388,-0.00278,0.025315));
#2488=CARTESIAN_POINT('',(0.014205,-0.00278,0.025315));
#2489=CARTESIAN_POINT('',(0.014205,0.0085,0.025315));
#2490=CARTESIAN_POINT('',(0.014205,0.0085,0.02499));
#2491=CARTESIAN_POINT('',(0.014205,-0.00278,0.02499));
#2492=CARTESIAN_POINT('',(0.01261,-0.00278,0.02499));
#2493=CARTESIAN_POINT('',(0.01261,0.0085,0.02499));
#2494=CARTESIAN_POINT('',(0.01642,0.0085,0.024665));
#2495=CARTESIAN_POINT('',(0.016095,0.0085,0.024665));
#2496=CARTESIAN_POINT('',(0.016745,0.0085,0.024665));
#2497=CARTESIAN_POINT('',(0.016095,0.0085,0.02499));
#2498=CARTESIAN_POINT('',(0.016095,0.0085,0.025315));
#2499=CARTESIAN_POINT('',(0.01642,0.0085,0.025315));
#2500=CARTESIAN_POINT('',(0.016745,0.0085,0.025315));
#2501=CARTESIAN_POINT('',(0.016745,0.0085,0.02499));
#2502=CARTESIAN_POINT('',(0.016745,0.0085,0.02499));
#2503=CARTESIAN_POINT('',(0.016745,0.0085,0.025315));
#2504=CARTESIAN_POINT('',(0.016745,0.0085,0.024665));
#2505=CARTESIAN_POINT('',(0.01642,0.0085,0.025315));
#2506=CARTESIAN_POINT('',(0.016095,0.0085,0.025315));
#2507=CARTESIAN_POINT('',(0.016095,0.0085,0.02499));
#2508=CARTESIAN_POINT('',(0.016095,0.0085,0.024665));
#2509=CARTESIAN_POINT('',(0.01642,0.0085,0.024665));
#2510=CARTESIAN_POINT('',(0.01642,0.0085,0.024665));
#2511=CARTESIAN_POINT('',(0.016095,0.0085,0.024665));
#2512=CARTESIAN_POINT('',(0.016095,-0.00278,0.024665));
#2513=CARTESIAN_POINT('',(0.016745,0.0085,0.024665));
#2514=CARTESIAN_POINT('',(0.016745,-0.00278,0.024665));
#2515=CARTESIAN_POINT('',(0.01642,-0.00278,0.024665));
#2516=CARTESIAN_POINT('',(0.016095,0.0085,0.02499));
#2517=CARTESIAN_POINT('',(0.016095,-0.00278,0.02499));
#2518=CARTESIAN_POINT('',(0.016095,-0.00278,0.025315));
#2519=CARTESIAN_POINT('',(0.016095,0.0085,0.025315));
#2520=CARTESIAN_POINT('',(0.01642,0.0085,0.025315));
#2521=CARTESIAN_POINT('',(0.01642,-0.00278,0.025315));
#2522=CARTESIAN_POINT('',(0.016745,-0.00278,0.025315));
#2523=CARTESIAN_POINT('',(0.016745,0.0085,0.025315));
#2524=CARTESIAN_POINT('',(0.016745,0.0085,0.02499));
#2525=CARTESIAN_POINT('',(0.016745,-0.00278,0.02499));
#2526=CARTESIAN_POINT('',(0.01261,-0.00278,0.02499));
#2527=CARTESIAN_POINT('',(0.01261,-0.00282,0.01856));
#2528=CARTESIAN_POINT('',(0.00311,-0.00282,0.01856));
#2529=CARTESIAN_POINT('',(0.00311,-0.00282,0.01856));
#2530=CARTESIAN_POINT('',(0.01261,-0.00282,0.01856));
#2531=CARTESIAN_POINT('',(0.02211,-0.00282,0.01856));
#2532=CARTESIAN_POINT('',(0.02211,-0.00282,0.01856));
#2533=CARTESIAN_POINT('',(0.00311,-0.00282,0.01336));
#2534=CARTESIAN_POINT('',(0.00311,-0.00282,0.00816));
#2535=CARTESIAN_POINT('',(0.00311,-0.00282,0.00816));
#2536=CARTESIAN_POINT('',(0.00311,-0.00282,0.01336));
#2537=CARTESIAN_POINT('',(0.01261,-0.00282,0.00816));
#2538=CARTESIAN_POINT('',(0.02211,-0.00282,0.00816));
#2539=CARTESIAN_POINT('',(0.02211,-0.00282,0.00816));
#2540=CARTESIAN_POINT('',(0.01261,-0.00282,0.00816));
#2541=CARTESIAN_POINT('',(0.02211,-0.00282,0.01336));
#2542=CARTESIAN_POINT('',(0.02211,-0.00282,0.01336));
#2543=CARTESIAN_POINT('',(0.01261,-0.00428,0.02172));
#2544=CARTESIAN_POINT('',(0.01261,-0.00282,0.02172));
#2545=CARTESIAN_POINT('',(0.000255,-0.00282,0.02172));
#2546=CARTESIAN_POINT('',(0.024965,-0.00282,0.02172));
#2547=CARTESIAN_POINT('',(0.000255,-0.00428,0.02172));
#2548=CARTESIAN_POINT('',(0.000255,-0.0045,0.02172));
#2549=CARTESIAN_POINT('',(0.01261,-0.0045,0.02172));
#2550=CARTESIAN_POINT('',(0.024965,-0.0045,0.02172));
#2551=CARTESIAN_POINT('',(0.024965,-0.00428,0.02172));
#2552=CARTESIAN_POINT('',(0.000255,-0.00428,0.013285));
#2553=CARTESIAN_POINT('',(0.000255,-0.00282,0.013285));
#2554=CARTESIAN_POINT('',(0.000255,-0.00282,0.00485));
#2555=CARTESIAN_POINT('',(0.000255,-0.00428,0.00485));
#2556=CARTESIAN_POINT('',(0.000255,-0.00428,0.00485));
#2557=CARTESIAN_POINT('',(0.000255,-0.00428,0.013285));
#2558=CARTESIAN_POINT('',(0.000255,-0.00428,0.00795));
#2559=CARTESIAN_POINT('',(0.000255,-0.0045,0.00795));
#2560=CARTESIAN_POINT('',(0.000255,-0.0045,0.00795));
#2561=CARTESIAN_POINT('',(0.000255,-0.0045,0.013285));
#2562=CARTESIAN_POINT('',(0.01261,-0.00428,0.00485));
#2563=CARTESIAN_POINT('',(0.01261,-0.00428,0.00485));
#2564=CARTESIAN_POINT('',(0.01685,-0.00428,0.00485));
#2565=CARTESIAN_POINT('',(0.024965,-0.00428,0.00485));
#2566=CARTESIAN_POINT('',(0.01685,-0.00411639968246221,0.00485));
#2567=CARTESIAN_POINT('',(0.01685,-0.00395279936492443,0.00485));
#2568=CARTESIAN_POINT('',(0.00837,-0.00395279936492443,0.00485));
#2569=CARTESIAN_POINT('',(0.00837,-0.00395279936492443,0.00485));
#2570=CARTESIAN_POINT('',(0.00837,-0.00411639968246221,0.00485));
#2571=CARTESIAN_POINT('',(0.00837,-0.00428,0.00485));
#2572=CARTESIAN_POINT('',(0.01261,-0.00428,0.00485));
#2573=CARTESIAN_POINT('',(0.01261,-0.00282,0.00485));
#2574=CARTESIAN_POINT('',(0.024965,-0.00282,0.00485));
#2575=CARTESIAN_POINT('',(0.024965,-0.00428,0.00485));
#2576=CARTESIAN_POINT('',(0.024965,-0.00428,0.013285));
#2577=CARTESIAN_POINT('',(0.024965,-0.00282,0.013285));
#2578=CARTESIAN_POINT('',(0.024965,-0.0045,0.013285));
#2579=CARTESIAN_POINT('',(0.024965,-0.0045,0.00795));
#2580=CARTESIAN_POINT('',(0.024965,-0.0045,0.00795));
#2581=CARTESIAN_POINT('',(0.024965,-0.00428,0.00795));
#2582=CARTESIAN_POINT('',(0.024965,-0.00428,0.013285));
#2583=CARTESIAN_POINT('',(0.01261,-0.00428,0.013285));
#2584=CARTESIAN_POINT('',(0.01261,-0.00428,0.00795));
#2585=CARTESIAN_POINT('',(0.00837,-0.00428,0.00485));
#2586=CARTESIAN_POINT('',(0.01261,-0.00282,0.013285));
#2587=CARTESIAN_POINT('',(0.01261,-0.0045,0.00795));
#2588=CARTESIAN_POINT('',(0.01261,-0.0045,0.00795));
#2589=CARTESIAN_POINT('',(0.01261,-0.0045,0.013285));
#2590=CARTESIAN_POINT('',(0.01261,0.0011,0.0114939745962156));
#2591=CARTESIAN_POINT('',(0.01211,0.0011,0.0114939745962156));
#2592=CARTESIAN_POINT('',(0.01211,0.0011,0.0114939745962156));
#2593=CARTESIAN_POINT('',(0.01261,0.0011,0.0114939745962156));
#2594=CARTESIAN_POINT('',(0.01311,0.0011,0.0114939745962156));
#2595=CARTESIAN_POINT('',(0.01311,0.0011,0.0114939745962156));
#2596=CARTESIAN_POINT('',(0.01236,0.0011,0.0119269872981078));
#2597=CARTESIAN_POINT('',(0.01261,0.0011,0.01236));
#2598=CARTESIAN_POINT('',(0.01261,0.0011,0.01236));
#2599=CARTESIAN_POINT('',(0.01236,0.0011,0.0119269872981078));
#2600=CARTESIAN_POINT('',(0.01286,0.0011,0.0119269872981078));
#2601=CARTESIAN_POINT('',(0.01286,0.0011,0.0119269872981078));
#2602=CARTESIAN_POINT('',(0.01261,0.0011,0.01313));
#2603=CARTESIAN_POINT('',(0.01261,0.001,0.01552));
#2604=CARTESIAN_POINT('',(0.02361,0.001,0.01552));
#2605=CARTESIAN_POINT('',(0.02361,0.001,0.01552));
#2606=CARTESIAN_POINT('',(0.01261,0.001,0.01552));
#2607=CARTESIAN_POINT('',(0.00161,0.001,0.01552));
#2608=CARTESIAN_POINT('',(0.00161,0.001,0.01552));
#2609=CARTESIAN_POINT('',(0.02361,0.001,0.01421));
#2610=CARTESIAN_POINT('',(0.02361,0.001,0.0129));
#2611=CARTESIAN_POINT('',(0.02361,0.001,0.0129));
#2612=CARTESIAN_POINT('',(0.02361,0.001,0.01421));
#2613=CARTESIAN_POINT('',(0.01261,0.001,0.0129));
#2614=CARTESIAN_POINT('',(0.00161,0.001,0.0129));
#2615=CARTESIAN_POINT('',(0.00161,0.001,0.0129));
#2616=CARTESIAN_POINT('',(0.01261,0.001,0.0129));
#2617=CARTESIAN_POINT('',(0.00161,0.001,0.01421));
#2618=CARTESIAN_POINT('',(0.00161,0.001,0.01421));
#2619=CARTESIAN_POINT('',(0.01261,0.001,0.01313));
#2620=CARTESIAN_POINT('',(0.00689336843788624,0.001,0.02001));
#2621=CARTESIAN_POINT('',(0.00689336843788624,0.001,0.02132));
#2622=CARTESIAN_POINT('',(0.00689336843788624,0.001,0.02132));
#2623=CARTESIAN_POINT('',(0.00689336843788624,0.001,0.02001));
#2624=CARTESIAN_POINT('',(0.00689336843788624,0.001,0.0187));
#2625=CARTESIAN_POINT('',(0.00689336843788624,0.001,0.0187));
#2626=CARTESIAN_POINT('',(0.00924655143171549,0.001,0.02132));
#2627=CARTESIAN_POINT('',(0.0115997344255447,0.001,0.02132));
#2628=CARTESIAN_POINT('',(0.0115997344255447,0.001,0.02132));
#2629=CARTESIAN_POINT('',(0.00924655143171549,0.001,0.02132));
#2630=CARTESIAN_POINT('',(0.0115997344255447,0.001,0.02091));
#2631=CARTESIAN_POINT('',(0.0115997344255447,0.001,0.0205));
#2632=CARTESIAN_POINT('',(0.0115997344255447,0.001,0.0205));
#2633=CARTESIAN_POINT('',(0.0115997344255447,0.001,0.02091));
#2634=CARTESIAN_POINT('',(0.0161590268835426,0.001,0.0205));
#2635=CARTESIAN_POINT('',(0.0207183193415404,0.001,0.0205));
#2636=CARTESIAN_POINT('',(0.0207183193415404,0.001,0.0205));
#2637=CARTESIAN_POINT('',(0.0161590268835426,0.001,0.0205));
#2638=CARTESIAN_POINT('',(0.0207183193415404,0.001,0.0196));
#2639=CARTESIAN_POINT('',(0.0207183193415404,0.001,0.0187));
#2640=CARTESIAN_POINT('',(0.0207183193415404,0.001,0.0187));
#2641=CARTESIAN_POINT('',(0.0207183193415404,0.001,0.0196));
#2642=CARTESIAN_POINT('',(0.0138058438897133,0.001,0.0187));
#2643=CARTESIAN_POINT('',(0.0138058438897133,0.001,0.0187));
#2644=CARTESIAN_POINT('',(0.01261,0.001,0.01313));
#2645=CARTESIAN_POINT('',(0.00837,-0.00428,0.00485));
#2646=CARTESIAN_POINT('',(0.01685,-0.00428,0.00485));
#2647=CARTESIAN_POINT('',(0.00837,-0.0042546918961056,0.00458041797726275));
#2648=CARTESIAN_POINT('',(0.01685,-0.0042546918961056,0.00458041797726275));
#2649=CARTESIAN_POINT('',(0.00837,-0.00410076945837869,0.00381914503834561));
#2650=CARTESIAN_POINT('',(0.01685,-0.00410076945837869,0.00381914503834561));
#2651=CARTESIAN_POINT('',(0.00837,-0.00361344126700121,0.00243005351012556));
#2652=CARTESIAN_POINT('',(0.01685,-0.00361344126700121,0.00243005351012556));
#2653=CARTESIAN_POINT('',(0.00837,-0.00292759362513945,0.00118875520302689));
#2654=CARTESIAN_POINT('',(0.01685,-0.00292759362513945,0.00118875520302689));
#2655=CARTESIAN_POINT('',(0.00837,-0.0020855733646317,0.000574817726327993));
#2656=CARTESIAN_POINT('',(0.01685,-0.0020855733646317,0.000574817726327993));
#2657=CARTESIAN_POINT('',(0.00837000000000001,-0.00121030771158364,0.000637466598735627));
#2658=CARTESIAN_POINT('',(0.01685,-0.00121030771158364,0.000637466598735627));
#2659=CARTESIAN_POINT('',(0.00837,-0.000272178365928082,0.00122138926773952));
#2660=CARTESIAN_POINT('',(0.01685,-0.000272178365928082,0.00122138926773952));
#2661=CARTESIAN_POINT('',(0.00837,8.02520159671944E-21,0.00203014087862482));
#2662=CARTESIAN_POINT('',(0.01685,8.02520159671944E-21,0.00203014087862482));
#2663=CARTESIAN_POINT('',(0.00837,-7.8048687831919E-37,0.00277));
#2664=CARTESIAN_POINT('',(0.01685,-7.8048687831919E-37,0.00277));
#2665=CARTESIAN_POINT('',(0.01685,-0.00428,0.00485));
#2666=CARTESIAN_POINT('',(0.01685,-0.00419311644509435,0.00392451602965594));
#2667=CARTESIAN_POINT('',(0.01685,-0.00304418493843591,0.000244694105928596));
#2668=CARTESIAN_POINT('',(0.01685,-0.000493330452427214,0.000740563855236735));
#2669=CARTESIAN_POINT('',(0.01685,9.37333443830897E-21,0.00190585386008024));
#2670=CARTESIAN_POINT('',(0.01685,-7.8048687831919E-37,0.00277));
#2671=CARTESIAN_POINT('',(0.00837,-0.00428,0.00485));
#2672=CARTESIAN_POINT('',(0.00837,-0.00419311644509435,0.00392451602965594));
#2673=CARTESIAN_POINT('',(0.00837,-0.00304418493843591,0.000244694105928596));
#2674=CARTESIAN_POINT('',(0.00837,-0.000493330452427214,0.000740563855236735));
#2675=CARTESIAN_POINT('',(0.00837,9.37333443830897E-21,0.00190585386008024));
#2676=CARTESIAN_POINT('',(0.00837,-7.8048687831919E-37,0.00277));
#2677=CARTESIAN_POINT('',(0.00837,-0.00395279936492443,0.00485));
#2678=CARTESIAN_POINT('',(0.01685,-0.00395279936492443,0.00485));
#2679=CARTESIAN_POINT('',(0.00837,-0.00391897477132379,0.00434957112979978));
#2680=CARTESIAN_POINT('',(0.01685,-0.00391897477132379,0.00434957112979978));
#2681=CARTESIAN_POINT('',(0.00837,-0.00354855588568976,0.00300143640170247));
#2682=CARTESIAN_POINT('',(0.01685,-0.00354855588568976,0.00300143640170247));
#2683=CARTESIAN_POINT('',(0.00837,-0.00271783211633273,0.00145608802219987));
#2684=CARTESIAN_POINT('',(0.01685,-0.00271783211633273,0.00145608802219987));
#2685=CARTESIAN_POINT('',(0.00837,-0.00199788592937478,0.000841862667148749));
#2686=CARTESIAN_POINT('',(0.01685,-0.00199788592937478,0.000841862667148749));
#2687=CARTESIAN_POINT('',(0.00837,-0.00127546712787116,0.000884434056210238));
#2688=CARTESIAN_POINT('',(0.01685,-0.00127546712787116,0.000884434056210238));
#2689=CARTESIAN_POINT('',(0.00837,-0.000501202248877773,0.00139130171821268));
#2690=CARTESIAN_POINT('',(0.01685,-0.000501202248877773,0.00139130171821268));
#2691=CARTESIAN_POINT('',(0.00837,-0.000244285972574207,0.00209539414175219));
#2692=CARTESIAN_POINT('',(0.01685,-0.000244285972574207,0.00209539414175219));
#2693=CARTESIAN_POINT('',(0.00837,-0.000185707464250751,0.00277));
#2694=CARTESIAN_POINT('',(0.01685,-0.000185707464250751,0.00277));
#2695=CARTESIAN_POINT('',(0.01685,-0.00395279936492443,0.00485));
#2696=CARTESIAN_POINT('',(0.01685,-0.00389271055507002,0.00396099670310441));
#2697=CARTESIAN_POINT('',(0.01685,-0.00272914792822513,0.000535717973534825));
#2698=CARTESIAN_POINT('',(0.01685,-0.000687193517108263,0.00100097683907165));
#2699=CARTESIAN_POINT('',(0.01685,-0.000254613083729142,0.00197646435191482));
#2700=CARTESIAN_POINT('',(0.01685,-0.000185707464250751,0.00277));
#2701=CARTESIAN_POINT('',(0.00837,-0.00395279936492443,0.00485));
#2702=CARTESIAN_POINT('',(0.00837,-0.00389271055507002,0.00396099670310441));
#2703=CARTESIAN_POINT('',(0.00837,-0.00272914792822513,0.000535717973534825));
#2704=CARTESIAN_POINT('',(0.00837,-0.000687193517108263,0.00100097683907165));
#2705=CARTESIAN_POINT('',(0.00837,-0.000254613083729142,0.00197646435191482));
#2706=CARTESIAN_POINT('',(0.00837,-0.000185707464250751,0.00277));
#2707=CARTESIAN_POINT('',(0.00837,-0.00214,0.0025473470529643));
#2708=CARTESIAN_POINT('',(0.01685,-0.00214,0.0025473470529643));
#2709=MECHANICAL_DESIGN_GEOMETRIC_PRESENTATION_REPRESENTATION('',(#1676),
#2710);
#2710=(
GEOMETRIC_REPRESENTATION_CONTEXT(3)
GLOBAL_UNCERTAINTY_ASSIGNED_CONTEXT((#2711))
GLOBAL_UNIT_ASSIGNED_CONTEXT((#2714,#2713,#2712))
REPRESENTATION_CONTEXT('OLED 0.96','TOP_LEVEL_ASSEMBLY_PART')
);
#2711=UNCERTAINTY_MEASURE_WITH_UNIT(LENGTH_MEASURE(2.E-5),#2714,
'DISTANCE_ACCURACY_VALUE','Maximum Tolerance applied to model');
#2712=(
NAMED_UNIT(*)
SI_UNIT($,.STERADIAN.)
SOLID_ANGLE_UNIT()
);
#2713=(
NAMED_UNIT(*)
PLANE_ANGLE_UNIT()
SI_UNIT($,.RADIAN.)
);
#2714=(
LENGTH_UNIT()
NAMED_UNIT(*)
SI_UNIT($,.METRE.)
);
#2715=PRODUCT_DEFINITION_SHAPE('','',#2716);
#2716=PRODUCT_DEFINITION('','',#2718,#2717);
#2717=PRODUCT_DEFINITION_CONTEXT('',#2724,'design');
#2718=PRODUCT_DEFINITION_FORMATION_WITH_SPECIFIED_SOURCE('','',#2720,
 .NOT_KNOWN.);
#2719=PRODUCT_RELATED_PRODUCT_CATEGORY('','',(#2720));
#2720=PRODUCT('OLED 0.96','OLED 0.96','OLED 0.96',(#2722));
#2721=PRODUCT_CATEGORY('','');
#2722=PRODUCT_CONTEXT('',#2724,'mechanical');
#2723=APPLICATION_PROTOCOL_DEFINITION('international standard',
'ap242_managed_model_based_3d_engineering',2020,#2724);
#2724=APPLICATION_CONTEXT('managed model based 3d engineering');
ENDSEC;
END-ISO-10303-21;
