ISO-10303-21;
HEADER;
/* Generated by software containing ST-Developer
 * from STEP Tools, Inc. (www.steptools.com) 
 */
/* OPTION: using custom renumber hook */

FILE_DESCRIPTION(
/* description */ ('STEP AP242 Edition 2',
'CAx-IF Rec.Pracs.---Representation and Presentation of Product Manufa
cturing Information (PMI)---4.0---2014-10-13',
'CAx-IF Rec.Pracs.---3D Tessellated Geometry---0.4---2014-09-14','2;1',
'CAx-IF Rec.Pracs.---User Defined Attributes---1.5---2016-08-15'),
/* implementation_level */ '2;1');

FILE_NAME(
/* name */ 'kontroler - potenciometar',
/* time_stamp */ '2026-06-22T12:57:52Z',
/* author */ (''),
/* organization */ (''),
/* preprocessor_version */ 'ST-DEVELOPER v20',
/* originating_system */ 'ONSHAPE BY PTC INC, 1.216',
/* authorisation */ '  ');

FILE_SCHEMA (('AP242_MANAGED_MODEL_BASED_3D_ENGINEERING_MIM_LF { 1 0 10303 442 3 1 4 }'));
ENDSEC;

DATA;
#10=SHAPE_REPRESENTATION_RELATIONSHIP('','',#6917,#11);
#11=ADVANCED_BREP_SHAPE_REPRESENTATION('',(#6915),#11670);
#12=(
BOUNDED_SURFACE()
B_SPLINE_SURFACE(1,2,((#10878,#10879,#10880,#10881,#10882,#10883,#10884,
#10885,#10886,#10887,#10888,#10889,#10890,#10891,#10892,#10893,#10894,#10895,
#10896,#10897,#10898,#10899,#10900,#10901,#10902,#10903,#10904,#10905,#10906,
#10907,#10908,#10909,#10910,#10911,#10912,#10913,#10914,#10915,#10916,#10917,
#10918,#10919,#10920,#10921,#10922,#10923,#10924,#10925,#10926,#10927,#10928,
#10929,#10930,#10931,#10932,#10933,#10934,#10935,#10936,#10937,#10938,#10939,
#10940,#10941,#10942,#10943,#10944,#10945,#10946,#10947,#10948,#10949,#10950,
#10951,#10952,#10953,#10954,#10955,#10956,#10957,#10958,#10959,#10960,#10961,
#10962,#10963,#10964,#10965,#10966,#10967,#10968,#10969,#10970,#10971,#10972,
#10973,#10974,#10975,#10976,#10977,#10978,#10979,#10980,#10981,#10982,#10983,
#10984,#10985,#10986,#10987,#10988,#10989,#10990,#10991,#10992,#10993,#10994,
#10995,#10996,#10997,#10998,#10999,#11000,#11001,#11002,#11003,#11004,#11005,
#11006,#11007,#11008,#11009,#11010,#11011,#11012,#11013,#11014),(#11015,
#11016,#11017,#11018,#11019,#11020,#11021,#11022,#11023,#11024,#11025,#11026,
#11027,#11028,#11029,#11030,#11031,#11032,#11033,#11034,#11035,#11036,#11037,
#11038,#11039,#11040,#11041,#11042,#11043,#11044,#11045,#11046,#11047,#11048,
#11049,#11050,#11051,#11052,#11053,#11054,#11055,#11056,#11057,#11058,#11059,
#11060,#11061,#11062,#11063,#11064,#11065,#11066,#11067,#11068,#11069,#11070,
#11071,#11072,#11073,#11074,#11075,#11076,#11077,#11078,#11079,#11080,#11081,
#11082,#11083,#11084,#11085,#11086,#11087,#11088,#11089,#11090,#11091,#11092,
#11093,#11094,#11095,#11096,#11097,#11098,#11099,#11100,#11101,#11102,#11103,
#11104,#11105,#11106,#11107,#11108,#11109,#11110,#11111,#11112,#11113,#11114,
#11115,#11116,#11117,#11118,#11119,#11120,#11121,#11122,#11123,#11124,#11125,
#11126,#11127,#11128,#11129,#11130,#11131,#11132,#11133,#11134,#11135,#11136,
#11137,#11138,#11139,#11140,#11141,#11142,#11143,#11144,#11145,#11146,#11147,
#11148,#11149,#11150,#11151)),.UNSPECIFIED.,.F.,.F.,.F.)
B_SPLINE_SURFACE_WITH_KNOTS((2,2),(3,2,2,2,2,2,2,2,2,2,2,2,2,2,2,2,2,2,
2,2,2,2,2,2,2,2,2,2,2,2,2,2,2,2,2,2,2,2,2,2,2,2,2,2,2,2,2,2,2,2,2,2,2,2,
2,2,2,2,2,2,2,2,2,2,2,2,2,2,3),(0.,1.),(0.0573230874632456,0.0694444444444444,
0.0833333333333333,0.0972222222222222,0.111111111111111,0.125,0.138888888888889,
0.152777777777778,0.166666666666667,0.180555555555556,0.194444444444444,
0.208333333333333,0.222222222222222,0.236111111111111,0.25,0.263888888888889,
0.277777777777778,0.291666666666667,0.305555555555556,0.319444444444444,
0.333333333333333,0.347222222222222,0.361111111111111,0.375,0.388888888888889,
0.402777777777778,0.416666666666667,0.430555555555556,0.444444444444444,
0.458333333333333,0.472222222222222,0.486111111111111,0.5,0.513888888888889,
0.527777777777778,0.541666666666667,0.555555555555556,0.569444444444444,
0.583333333333333,0.597222222222222,0.611111111111111,0.625,0.638888888888889,
0.652777777777778,0.666666666666667,0.680555555555556,0.694444444444444,
0.708333333333333,0.722222222222222,0.736111111111111,0.75,0.763888888888889,
0.777777777777778,0.791666666666667,0.805555555555556,0.819444444444444,
0.833333333333333,0.847222222222222,0.861111111111111,0.875,0.888888888888889,
0.902777777777778,0.916666666666667,0.930555555555556,0.944444444444444,
0.958333333333333,0.972222222222222,0.986111111111111,1.),
 .PIECEWISE_BEZIER_KNOTS.)
GEOMETRIC_REPRESENTATION_ITEM()
RATIONAL_B_SPLINE_SURFACE(((0.983091116206082,0.933566798079537,1.,0.923879532511287,
1.,0.923879532511287,1.,0.923879532511287,1.,0.923879532511287,1.,0.923879532511287,
1.,0.923879532511287,1.,0.923879532511287,1.,0.923879532511287,1.,0.923879532511287,
1.,0.923879532511287,1.,0.923879532511287,1.,0.923879532511287,1.,0.923879532511287,
1.,0.923879532511287,1.,0.923879532511287,1.,0.923879532511287,1.,0.923879532511287,
1.,0.923879532511287,1.,0.923879532511287,1.,0.923879532511287,1.,0.923879532511287,
1.,0.923879532511287,1.,0.923879532511287,1.,0.923879532511287,1.,0.923879532511287,
1.,0.923879532511287,1.,0.923879532511287,1.,0.923879532511287,1.,0.923879532511287,
1.,0.923879532511287,1.,0.923879532511287,1.,0.923879532511287,1.,0.923879532511287,
1.,0.923879532511287,1.,0.923879532511287,1.,0.923879532511287,1.,0.923879532511287,
1.,0.923879532511287,1.,0.923879532511287,1.,0.923879532511287,1.,0.923879532511287,
1.,0.923879532511287,1.,0.923879532511287,1.,0.923879532511287,1.,0.923879532511287,
1.,0.923879532511287,1.,0.923879532511287,1.,0.923879532511287,1.,0.923879532511287,
1.,0.923879532511287,1.,0.923879532511287,1.,0.923879532511287,1.,0.923879532511287,
1.,0.923879532511287,1.,0.923879532511287,1.,0.923879532511287,1.,0.923879532511287,
1.,0.923879532511287,1.,0.923879532511287,1.,0.923879532511287,1.,0.923879532511287,
1.,0.923879532511287,1.,0.923879532511287,1.,0.923879532511287,1.,0.923879532511287,
1.,0.923879532511287,1.,0.923879532511287,1.),(0.983091116206082,0.933566798079537,
1.,0.923879532511287,1.,0.923879532511287,1.,0.923879532511287,1.,0.923879532511287,
1.,0.923879532511287,1.,0.923879532511287,1.,0.923879532511287,1.,0.923879532511287,
1.,0.923879532511287,1.,0.923879532511287,1.,0.923879532511287,1.,0.923879532511287,
1.,0.923879532511287,1.,0.923879532511287,1.,0.923879532511287,1.,0.923879532511287,
1.,0.923879532511287,1.,0.923879532511287,1.,0.923879532511287,1.,0.923879532511287,
1.,0.923879532511287,1.,0.923879532511287,1.,0.923879532511287,1.,0.923879532511287,
1.,0.923879532511287,1.,0.923879532511287,1.,0.923879532511287,1.,0.923879532511287,
1.,0.923879532511287,1.,0.923879532511287,1.,0.923879532511287,1.,0.923879532511287,
1.,0.923879532511287,1.,0.923879532511287,1.,0.923879532511287,1.,0.923879532511287,
1.,0.923879532511287,1.,0.923879532511287,1.,0.923879532511287,1.,0.923879532511287,
1.,0.923879532511287,1.,0.923879532511287,1.,0.923879532511287,1.,0.923879532511287,
1.,0.923879532511287,1.,0.923879532511287,1.,0.923879532511287,1.,0.923879532511287,
1.,0.923879532511287,1.,0.923879532511287,1.,0.923879532511287,1.,0.923879532511287,
1.,0.923879532511287,1.,0.923879532511287,1.,0.923879532511287,1.,0.923879532511287,
1.,0.923879532511287,1.,0.923879532511287,1.,0.923879532511287,1.,0.923879532511287,
1.,0.923879532511287,1.,0.923879532511287,1.,0.923879532511287,1.,0.923879532511287,
1.,0.923879532511287,1.,0.923879532511287,1.,0.923879532511287,1.)))
REPRESENTATION_ITEM('')
SURFACE()
);
#13=(
BOUNDED_SURFACE()
B_SPLINE_SURFACE(1,2,((#11297,#11298,#11299,#11300,#11301,#11302,#11303,
#11304,#11305,#11306,#11307,#11308,#11309,#11310,#11311,#11312,#11313,#11314,
#11315,#11316,#11317,#11318,#11319,#11320,#11321,#11322,#11323,#11324,#11325,
#11326,#11327,#11328,#11329,#11330,#11331,#11332,#11333,#11334,#11335,#11336,
#11337,#11338,#11339,#11340,#11341,#11342,#11343,#11344,#11345,#11346,#11347,
#11348,#11349,#11350,#11351,#11352,#11353,#11354,#11355,#11356,#11357,#11358,
#11359,#11360,#11361,#11362,#11363,#11364,#11365,#11366,#11367,#11368,#11369,
#11370,#11371,#11372,#11373,#11374,#11375,#11376,#11377,#11378,#11379,#11380,
#11381,#11382,#11383,#11384,#11385,#11386,#11387,#11388,#11389,#11390,#11391,
#11392,#11393,#11394,#11395,#11396,#11397,#11398,#11399,#11400,#11401,#11402,
#11403,#11404,#11405,#11406,#11407,#11408,#11409,#11410,#11411,#11412,#11413,
#11414,#11415,#11416,#11417,#11418,#11419,#11420,#11421,#11422,#11423,#11424,
#11425,#11426,#11427),(#11428,#11429,#11430,#11431,#11432,#11433,#11434,
#11435,#11436,#11437,#11438,#11439,#11440,#11441,#11442,#11443,#11444,#11445,
#11446,#11447,#11448,#11449,#11450,#11451,#11452,#11453,#11454,#11455,#11456,
#11457,#11458,#11459,#11460,#11461,#11462,#11463,#11464,#11465,#11466,#11467,
#11468,#11469,#11470,#11471,#11472,#11473,#11474,#11475,#11476,#11477,#11478,
#11479,#11480,#11481,#11482,#11483,#11484,#11485,#11486,#11487,#11488,#11489,
#11490,#11491,#11492,#11493,#11494,#11495,#11496,#11497,#11498,#11499,#11500,
#11501,#11502,#11503,#11504,#11505,#11506,#11507,#11508,#11509,#11510,#11511,
#11512,#11513,#11514,#11515,#11516,#11517,#11518,#11519,#11520,#11521,#11522,
#11523,#11524,#11525,#11526,#11527,#11528,#11529,#11530,#11531,#11532,#11533,
#11534,#11535,#11536,#11537,#11538,#11539,#11540,#11541,#11542,#11543,#11544,
#11545,#11546,#11547,#11548,#11549,#11550,#11551,#11552,#11553,#11554,#11555,
#11556,#11557,#11558)),.UNSPECIFIED.,.F.,.F.,.F.)
B_SPLINE_SURFACE_WITH_KNOTS((2,2),(3,2,2,2,2,2,2,2,2,2,2,2,2,2,2,2,2,2,
2,2,2,2,2,2,2,2,2,2,2,2,2,2,2,2,2,2,2,2,2,2,2,2,2,2,2,2,2,2,2,2,2,2,2,2,
2,2,2,2,2,2,2,2,2,2,2,3),(0.,1.),(0.105777777777778,0.111111111111111,0.125,
0.138888888888889,0.152777777777778,0.166666666666667,0.180555555555556,
0.194444444444444,0.208333333333333,0.222222222222222,0.236111111111111,
0.25,0.263888888888889,0.277777777777778,0.291666666666667,0.305555555555556,
0.319444444444444,0.333333333333333,0.347222222222222,0.361111111111111,
0.375,0.388888888888889,0.402777777777778,0.416666666666667,0.430555555555556,
0.444444444444444,0.458333333333333,0.472222222222222,0.486111111111111,
0.5,0.513888888888889,0.527777777777778,0.541666666666667,0.555555555555556,
0.569444444444444,0.583333333333333,0.597222222222222,0.611111111111111,
0.625,0.638888888888889,0.652777777777778,0.666666666666667,0.680555555555556,
0.694444444444444,0.708333333333333,0.722222222222222,0.736111111111111,
0.75,0.763888888888889,0.777777777777778,0.791666666666667,0.805555555555556,
0.819444444444444,0.833333333333333,0.847222222222222,0.861111111111111,
0.875,0.888888888888889,0.902777777777778,0.916666666666667,0.930555555555556,
0.944444444444444,0.958333333333333,0.972222222222222,0.986111111111111,
1.),.PIECEWISE_BEZIER_KNOTS.)
GEOMETRIC_REPRESENTATION_ITEM()
RATIONAL_B_SPLINE_SURFACE(((0.9639883202767,0.970769740484334,1.,0.923879532511287,
1.,0.923879532511287,1.,0.923879532511287,1.,0.923879532511287,1.,0.923879532511287,
1.,0.923879532511287,1.,0.923879532511287,1.,0.923879532511287,1.,0.923879532511287,
1.,0.923879532511287,1.,0.923879532511287,1.,0.923879532511287,1.,0.923879532511287,
1.,0.923879532511287,1.,0.923879532511287,1.,0.923879532511287,1.,0.923879532511287,
1.,0.923879532511287,1.,0.923879532511287,1.,0.923879532511287,1.,0.923879532511287,
1.,0.923879532511287,1.,0.923879532511287,1.,0.923879532511287,1.,0.923879532511287,
1.,0.923879532511287,1.,0.923879532511287,1.,0.923879532511287,1.,0.923879532511287,
1.,0.923879532511287,1.,0.923879532511287,1.,0.923879532511287,1.,0.923879532511287,
1.,0.923879532511287,1.,0.923879532511287,1.,0.923879532511287,1.,0.923879532511287,
1.,0.923879532511287,1.,0.923879532511287,1.,0.923879532511287,1.,0.923879532511287,
1.,0.923879532511287,1.,0.923879532511287,1.,0.923879532511287,1.,0.923879532511287,
1.,0.923879532511287,1.,0.923879532511287,1.,0.923879532511287,1.,0.923879532511287,
1.,0.923879532511287,1.,0.923879532511287,1.,0.923879532511287,1.,0.923879532511287,
1.,0.923879532511287,1.,0.923879532511287,1.,0.923879532511287,1.,0.923879532511287,
1.,0.923879532511287,1.,0.923879532511287,1.,0.923879532511287,1.,0.923879532511287,
1.,0.923879532511287,1.,0.923879532511287,1.,0.923879532511287,1.),(0.9639883202767,
0.970769740484334,1.,0.923879532511287,1.,0.923879532511287,1.,0.923879532511287,
1.,0.923879532511287,1.,0.923879532511287,1.,0.923879532511287,1.,0.923879532511287,
1.,0.923879532511287,1.,0.923879532511287,1.,0.923879532511287,1.,0.923879532511287,
1.,0.923879532511287,1.,0.923879532511287,1.,0.923879532511287,1.,0.923879532511287,
1.,0.923879532511287,1.,0.923879532511287,1.,0.923879532511287,1.,0.923879532511287,
1.,0.923879532511287,1.,0.923879532511287,1.,0.923879532511287,1.,0.923879532511287,
1.,0.923879532511287,1.,0.923879532511287,1.,0.923879532511287,1.,0.923879532511287,
1.,0.923879532511287,1.,0.923879532511287,1.,0.923879532511287,1.,0.923879532511287,
1.,0.923879532511287,1.,0.923879532511287,1.,0.923879532511287,1.,0.923879532511287,
1.,0.923879532511287,1.,0.923879532511287,1.,0.923879532511287,1.,0.923879532511287,
1.,0.923879532511287,1.,0.923879532511287,1.,0.923879532511287,1.,0.923879532511287,
1.,0.923879532511287,1.,0.923879532511287,1.,0.923879532511287,1.,0.923879532511287,
1.,0.923879532511287,1.,0.923879532511287,1.,0.923879532511287,1.,0.923879532511287,
1.,0.923879532511287,1.,0.923879532511287,1.,0.923879532511287,1.,0.923879532511287,
1.,0.923879532511287,1.,0.923879532511287,1.,0.923879532511287,1.,0.923879532511287,
1.,0.923879532511287,1.,0.923879532511287,1.,0.923879532511287,1.,0.923879532511287,
1.,0.923879532511287,1.)))
REPRESENTATION_ITEM('')
SURFACE()
);
#14=TOROIDAL_SURFACE('',#7154,0.0073,0.0008);
#15=TOROIDAL_SURFACE('',#7265,0.00211575095657959,0.00075);
#16=TOROIDAL_SURFACE('',#7266,0.00211575095657959,0.00075);
#17=TOROIDAL_SURFACE('',#7324,0.00085,0.0004);
#18=TOROIDAL_SURFACE('',#7325,0.00123775010008008,0.0004);
#19=TOROIDAL_SURFACE('',#7326,0.00085,0.0004);
#20=TOROIDAL_SURFACE('',#7327,0.00123775010008008,0.0004);
#21=TOROIDAL_SURFACE('',#7328,0.00085,0.0004);
#22=TOROIDAL_SURFACE('',#7329,0.00123775010008008,0.0004);
#23=TOROIDAL_SURFACE('',#7336,0.0077,0.0004);
#24=TOROIDAL_SURFACE('',#7339,0.0077,0.0004);
#25=TOROIDAL_SURFACE('',#7340,0.0077,0.0004);
#26=TOROIDAL_SURFACE('',#7341,0.0077,0.0004);
#27=TOROIDAL_SURFACE('',#7342,0.0077,0.0004);
#28=(
BOUNDED_CURVE()
B_SPLINE_CURVE(2,(#10063,#10064,#10065,#10066,#10067,#10068,#10069,#10070,
#10071,#10072,#10073,#10074,#10075,#10076,#10077,#10078,#10079,#10080,#10081,
#10082,#10083,#10084,#10085,#10086,#10087,#10088,#10089,#10090,#10091,#10092,
#10093,#10094,#10095,#10096,#10097,#10098,#10099,#10100,#10101,#10102,#10103,
#10104,#10105,#10106,#10107,#10108,#10109,#10110,#10111,#10112,#10113,#10114,
#10115,#10116,#10117,#10118,#10119,#10120,#10121,#10122,#10123,#10124,#10125,
#10126,#10127,#10128,#10129,#10130,#10131,#10132,#10133,#10134,#10135,#10136,
#10137,#10138,#10139,#10140,#10141,#10142,#10143,#10144,#10145,#10146,#10147,
#10148,#10149,#10150,#10151,#10152,#10153,#10154,#10155,#10156,#10157,#10158,
#10159,#10160,#10161,#10162,#10163,#10164,#10165,#10166,#10167,#10168,#10169,
#10170,#10171,#10172,#10173,#10174,#10175,#10176,#10177,#10178,#10179,#10180,
#10181,#10182,#10183,#10184,#10185,#10186,#10187,#10188,#10189,#10190,#10191,
#10192,#10193,#10194,#10195,#10196,#10197,#10198,#10199,#10200,#10201,#10202,
#10203,#10204,#10205,#10206,#10207),.UNSPECIFIED.,.F.,.F.)
B_SPLINE_CURVE_WITH_KNOTS((3,2,2,2,2,2,2,2,2,2,2,2,2,2,2,2,2,2,2,2,2,2,
2,2,2,2,2,2,2,2,2,2,2,2,2,2,2,2,2,2,2,2,2,2,2,2,2,2,2,2,2,2,2,2,2,2,2,2,
2,2,2,2,2,2,2,2,2,2,2,2,2,2,3),(0.,0.0138888888888889,0.0277777777777778,
0.0416666666666667,0.0555555555555556,0.0694444444444444,0.0833333333333333,
0.0972222222222222,0.111111111111111,0.125,0.138888888888889,0.152777777777778,
0.166666666666667,0.180555555555556,0.194444444444444,0.208333333333333,
0.222222222222222,0.236111111111111,0.25,0.263888888888889,0.277777777777778,
0.291666666666667,0.305555555555556,0.319444444444444,0.333333333333333,
0.347222222222222,0.361111111111111,0.375,0.388888888888889,0.402777777777778,
0.416666666666667,0.430555555555556,0.444444444444444,0.458333333333333,
0.472222222222222,0.486111111111111,0.5,0.513888888888889,0.527777777777778,
0.541666666666667,0.555555555555556,0.569444444444444,0.583333333333333,
0.597222222222222,0.611111111111111,0.625,0.638888888888889,0.652777777777778,
0.666666666666667,0.680555555555556,0.694444444444444,0.708333333333333,
0.722222222222222,0.736111111111111,0.75,0.763888888888889,0.777777777777778,
0.791666666666667,0.805555555555556,0.819444444444444,0.833333333333333,
0.847222222222222,0.861111111111111,0.875,0.888888888888889,0.902777777777778,
0.916666666666667,0.930555555555556,0.944444444444444,0.958333333333333,
0.972222222222222,0.986111111111111,1.),.PIECEWISE_BEZIER_KNOTS.)
CURVE()
GEOMETRIC_REPRESENTATION_ITEM()
RATIONAL_B_SPLINE_CURVE((1.,0.923879532511287,1.,0.923879532511287,1.,0.923879532511287,
1.,0.923879532511287,1.,0.923879532511287,1.,0.923879532511287,1.,0.923879532511287,
1.,0.923879532511287,1.,0.923879532511287,1.,0.923879532511287,1.,0.923879532511287,
1.,0.923879532511287,1.,0.923879532511287,1.,0.923879532511287,1.,0.923879532511287,
1.,0.923879532511287,1.,0.923879532511287,1.,0.923879532511287,1.,0.923879532511287,
1.,0.923879532511287,1.,0.923879532511287,1.,0.923879532511287,1.,0.923879532511287,
1.,0.923879532511287,1.,0.923879532511287,1.,0.923879532511287,1.,0.923879532511287,
1.,0.923879532511287,1.,0.923879532511287,1.,0.923879532511287,1.,0.923879532511287,
1.,0.923879532511287,1.,0.923879532511287,1.,0.923879532511287,1.,0.923879532511287,
1.,0.923879532511287,1.,0.923879532511287,1.,0.923879532511287,1.,0.923879532511287,
1.,0.923879532511287,1.,0.923879532511287,1.,0.923879532511287,1.,0.923879532511287,
1.,0.923879532511287,1.,0.923879532511287,1.,0.923879532511287,1.,0.923879532511287,
1.,0.923879532511287,1.,0.923879532511287,1.,0.923879532511287,1.,0.923879532511287,
1.,0.923879532511287,1.,0.923879532511287,1.,0.923879532511287,1.,0.923879532511287,
1.,0.923879532511287,1.,0.923879532511287,1.,0.923879532511287,1.,0.923879532511287,
1.,0.923879532511287,1.,0.923879532511287,1.,0.923879532511287,1.,0.923879532511287,
1.,0.923879532511287,1.,0.923879532511287,1.,0.923879532511287,1.,0.923879532511287,
1.,0.923879532511287,1.,0.923879532511287,1.,0.923879532511287,1.,0.923879532511287,
1.,0.923879532511287,1.))
REPRESENTATION_ITEM('')
);
#29=(
BOUNDED_CURVE()
B_SPLINE_CURVE(2,(#10210,#10211,#10212,#10213,#10214,#10215,#10216,#10217,
#10218,#10219,#10220,#10221,#10222,#10223,#10224,#10225,#10226,#10227,#10228,
#10229,#10230,#10231,#10232,#10233,#10234,#10235,#10236,#10237,#10238,#10239,
#10240,#10241,#10242,#10243,#10244,#10245,#10246,#10247,#10248,#10249,#10250,
#10251,#10252,#10253,#10254,#10255,#10256,#10257,#10258,#10259,#10260,#10261,
#10262,#10263,#10264,#10265,#10266,#10267,#10268,#10269,#10270,#10271,#10272,
#10273,#10274,#10275,#10276,#10277,#10278,#10279,#10280,#10281,#10282,#10283,
#10284,#10285,#10286,#10287,#10288,#10289,#10290,#10291,#10292,#10293,#10294,
#10295,#10296,#10297,#10298,#10299,#10300,#10301,#10302,#10303,#10304,#10305,
#10306,#10307,#10308,#10309,#10310,#10311,#10312,#10313,#10314,#10315,#10316,
#10317,#10318,#10319,#10320,#10321,#10322,#10323,#10324,#10325,#10326,#10327,
#10328,#10329,#10330,#10331,#10332,#10333,#10334,#10335,#10336,#10337,#10338,
#10339,#10340,#10341,#10342,#10343,#10344,#10345,#10346,#10347,#10348,#10349,
#10350,#10351,#10352,#10353,#10354),.UNSPECIFIED.,.F.,.F.)
B_SPLINE_CURVE_WITH_KNOTS((3,2,2,2,2,2,2,2,2,2,2,2,2,2,2,2,2,2,2,2,2,2,
2,2,2,2,2,2,2,2,2,2,2,2,2,2,2,2,2,2,2,2,2,2,2,2,2,2,2,2,2,2,2,2,2,2,2,2,
2,2,2,2,2,2,2,2,2,2,2,2,2,2,3),(0.,0.0138888888888889,0.0277777777777778,
0.0416666666666667,0.0555555555555556,0.0694444444444444,0.0833333333333333,
0.0972222222222222,0.111111111111111,0.125,0.138888888888889,0.152777777777778,
0.166666666666667,0.180555555555556,0.194444444444444,0.208333333333333,
0.222222222222222,0.236111111111111,0.25,0.263888888888889,0.277777777777778,
0.291666666666667,0.305555555555556,0.319444444444444,0.333333333333333,
0.347222222222222,0.361111111111111,0.375,0.388888888888889,0.402777777777778,
0.416666666666667,0.430555555555556,0.444444444444444,0.458333333333333,
0.472222222222222,0.486111111111111,0.5,0.513888888888889,0.527777777777778,
0.541666666666667,0.555555555555556,0.569444444444444,0.583333333333333,
0.597222222222222,0.611111111111111,0.625,0.638888888888889,0.652777777777778,
0.666666666666667,0.680555555555556,0.694444444444444,0.708333333333333,
0.722222222222222,0.736111111111111,0.75,0.763888888888889,0.777777777777778,
0.791666666666667,0.805555555555556,0.819444444444444,0.833333333333333,
0.847222222222222,0.861111111111111,0.875,0.888888888888889,0.902777777777778,
0.916666666666667,0.930555555555556,0.944444444444444,0.958333333333333,
0.972222222222222,0.986111111111111,1.),.PIECEWISE_BEZIER_KNOTS.)
CURVE()
GEOMETRIC_REPRESENTATION_ITEM()
RATIONAL_B_SPLINE_CURVE((1.,0.923879532511287,1.,0.923879532511287,1.,0.923879532511287,
1.,0.923879532511287,1.,0.923879532511287,1.,0.923879532511287,1.,0.923879532511287,
1.,0.923879532511287,1.,0.923879532511287,1.,0.923879532511287,1.,0.923879532511287,
1.,0.923879532511287,1.,0.923879532511287,1.,0.923879532511287,1.,0.923879532511287,
1.,0.923879532511287,1.,0.923879532511287,1.,0.923879532511287,1.,0.923879532511287,
1.,0.923879532511287,1.,0.923879532511287,1.,0.923879532511287,1.,0.923879532511287,
1.,0.923879532511287,1.,0.923879532511287,1.,0.923879532511287,1.,0.923879532511287,
1.,0.923879532511287,1.,0.923879532511287,1.,0.923879532511287,1.,0.923879532511287,
1.,0.923879532511287,1.,0.923879532511287,1.,0.923879532511287,1.,0.923879532511287,
1.,0.923879532511287,1.,0.923879532511287,1.,0.923879532511287,1.,0.923879532511287,
1.,0.923879532511287,1.,0.923879532511287,1.,0.923879532511287,1.,0.923879532511287,
1.,0.923879532511287,1.,0.923879532511287,1.,0.923879532511287,1.,0.923879532511287,
1.,0.923879532511287,1.,0.923879532511287,1.,0.923879532511287,1.,0.923879532511287,
1.,0.923879532511287,1.,0.923879532511287,1.,0.923879532511287,1.,0.923879532511287,
1.,0.923879532511287,1.,0.923879532511287,1.,0.923879532511287,1.,0.923879532511287,
1.,0.923879532511287,1.,0.923879532511287,1.,0.923879532511287,1.,0.923879532511287,
1.,0.923879532511287,1.,0.923879532511287,1.,0.923879532511287,1.,0.923879532511287,
1.,0.923879532511287,1.,0.923879532511287,1.,0.923879532511287,1.,0.923879532511287,
1.,0.923879532511287,1.))
REPRESENTATION_ITEM('')
);
#30=(
BOUNDED_CURVE()
B_SPLINE_CURVE(2,(#10733,#10734,#10735,#10736,#10737,#10738,#10739,#10740,
#10741,#10742,#10743,#10744,#10745,#10746,#10747,#10748,#10749,#10750,#10751,
#10752,#10753,#10754,#10755,#10756,#10757,#10758,#10759,#10760,#10761,#10762,
#10763,#10764,#10765,#10766,#10767,#10768,#10769,#10770,#10771,#10772,#10773,
#10774,#10775,#10776,#10777,#10778,#10779,#10780,#10781,#10782,#10783,#10784,
#10785,#10786,#10787,#10788,#10789,#10790,#10791,#10792,#10793,#10794,#10795,
#10796,#10797,#10798,#10799,#10800,#10801,#10802,#10803,#10804,#10805,#10806,
#10807,#10808,#10809,#10810,#10811,#10812,#10813,#10814,#10815,#10816,#10817,
#10818,#10819,#10820,#10821,#10822,#10823,#10824,#10825,#10826,#10827,#10828,
#10829,#10830,#10831,#10832,#10833,#10834,#10835,#10836,#10837,#10838,#10839,
#10840,#10841,#10842,#10843,#10844,#10845,#10846,#10847,#10848,#10849,#10850,
#10851,#10852,#10853,#10854,#10855,#10856,#10857,#10858,#10859,#10860,#10861,
#10862,#10863,#10864,#10865,#10866,#10867,#10868,#10869,#10870,#10871,#10872,
#10873,#10874,#10875,#10876,#10877),.UNSPECIFIED.,.F.,.F.)
B_SPLINE_CURVE_WITH_KNOTS((3,2,2,2,2,2,2,2,2,2,2,2,2,2,2,2,2,2,2,2,2,2,
2,2,2,2,2,2,2,2,2,2,2,2,2,2,2,2,2,2,2,2,2,2,2,2,2,2,2,2,2,2,2,2,2,2,2,2,
2,2,2,2,2,2,2,2,2,2,2,2,2,2,3),(0.,0.0138888888888889,0.0277777777777778,
0.0416666666666667,0.0555555555555556,0.0694444444444444,0.0833333333333333,
0.0972222222222222,0.111111111111111,0.125,0.138888888888889,0.152777777777778,
0.166666666666667,0.180555555555556,0.194444444444444,0.208333333333333,
0.222222222222222,0.236111111111111,0.25,0.263888888888889,0.277777777777778,
0.291666666666667,0.305555555555556,0.319444444444444,0.333333333333333,
0.347222222222222,0.361111111111111,0.375,0.388888888888889,0.402777777777778,
0.416666666666667,0.430555555555556,0.444444444444444,0.458333333333333,
0.472222222222222,0.486111111111111,0.5,0.513888888888889,0.527777777777778,
0.541666666666667,0.555555555555556,0.569444444444444,0.583333333333333,
0.597222222222222,0.611111111111111,0.625,0.638888888888889,0.652777777777778,
0.666666666666667,0.680555555555556,0.694444444444444,0.708333333333333,
0.722222222222222,0.736111111111111,0.75,0.763888888888889,0.777777777777778,
0.791666666666667,0.805555555555556,0.819444444444444,0.833333333333333,
0.847222222222222,0.861111111111111,0.875,0.888888888888889,0.902777777777778,
0.916666666666667,0.930555555555556,0.944444444444444,0.958333333333333,
0.972222222222222,0.986111111111111,1.),.PIECEWISE_BEZIER_KNOTS.)
CURVE()
GEOMETRIC_REPRESENTATION_ITEM()
RATIONAL_B_SPLINE_CURVE((1.,0.923879532511287,1.,0.923879532511287,1.,0.923879532511287,
1.,0.923879532511287,1.,0.923879532511287,1.,0.923879532511287,1.,0.923879532511287,
1.,0.923879532511287,1.,0.923879532511287,1.,0.923879532511287,1.,0.923879532511287,
1.,0.923879532511287,1.,0.923879532511287,1.,0.923879532511287,1.,0.923879532511287,
1.,0.923879532511287,1.,0.923879532511287,1.,0.923879532511287,1.,0.923879532511287,
1.,0.923879532511287,1.,0.923879532511287,1.,0.923879532511287,1.,0.923879532511287,
1.,0.923879532511287,1.,0.923879532511287,1.,0.923879532511287,1.,0.923879532511287,
1.,0.923879532511287,1.,0.923879532511287,1.,0.923879532511287,1.,0.923879532511287,
1.,0.923879532511287,1.,0.923879532511287,1.,0.923879532511287,1.,0.923879532511287,
1.,0.923879532511287,1.,0.923879532511287,1.,0.923879532511287,1.,0.923879532511287,
1.,0.923879532511287,1.,0.923879532511287,1.,0.923879532511287,1.,0.923879532511287,
1.,0.923879532511287,1.,0.923879532511287,1.,0.923879532511287,1.,0.923879532511287,
1.,0.923879532511287,1.,0.923879532511287,1.,0.923879532511287,1.,0.923879532511287,
1.,0.923879532511287,1.,0.923879532511287,1.,0.923879532511287,1.,0.923879532511287,
1.,0.923879532511287,1.,0.923879532511287,1.,0.923879532511287,1.,0.923879532511287,
1.,0.923879532511287,1.,0.923879532511287,1.,0.923879532511287,1.,0.923879532511287,
1.,0.923879532511287,1.,0.923879532511287,1.,0.923879532511287,1.,0.923879532511287,
1.,0.923879532511287,1.,0.923879532511287,1.,0.923879532511287,1.,0.923879532511287,
1.,0.923879532511287,1.))
REPRESENTATION_ITEM('')
);
#31=(
BOUNDED_CURVE()
B_SPLINE_CURVE(2,(#11152,#11153,#11154,#11155,#11156,#11157,#11158,#11159,
#11160,#11161,#11162,#11163,#11164,#11165,#11166,#11167,#11168,#11169,#11170,
#11171,#11172,#11173,#11174,#11175,#11176,#11177,#11178,#11179,#11180,#11181,
#11182,#11183,#11184,#11185,#11186,#11187,#11188,#11189,#11190,#11191,#11192,
#11193,#11194,#11195,#11196,#11197,#11198,#11199,#11200,#11201,#11202,#11203,
#11204,#11205,#11206,#11207,#11208,#11209,#11210,#11211,#11212,#11213,#11214,
#11215,#11216,#11217,#11218,#11219,#11220,#11221,#11222,#11223,#11224,#11225,
#11226,#11227,#11228,#11229,#11230,#11231,#11232,#11233,#11234,#11235,#11236,
#11237,#11238,#11239,#11240,#11241,#11242,#11243,#11244,#11245,#11246,#11247,
#11248,#11249,#11250,#11251,#11252,#11253,#11254,#11255,#11256,#11257,#11258,
#11259,#11260,#11261,#11262,#11263,#11264,#11265,#11266,#11267,#11268,#11269,
#11270,#11271,#11272,#11273,#11274,#11275,#11276,#11277,#11278,#11279,#11280,
#11281,#11282,#11283,#11284,#11285,#11286,#11287,#11288,#11289,#11290,#11291,
#11292,#11293,#11294,#11295,#11296),.UNSPECIFIED.,.F.,.F.)
B_SPLINE_CURVE_WITH_KNOTS((3,2,2,2,2,2,2,2,2,2,2,2,2,2,2,2,2,2,2,2,2,2,
2,2,2,2,2,2,2,2,2,2,2,2,2,2,2,2,2,2,2,2,2,2,2,2,2,2,2,2,2,2,2,2,2,2,2,2,
2,2,2,2,2,2,2,2,2,2,2,2,2,2,3),(0.,0.0138888888888889,0.0277777777777778,
0.0416666666666667,0.0555555555555556,0.0694444444444444,0.0833333333333333,
0.0972222222222222,0.111111111111111,0.125,0.138888888888889,0.152777777777778,
0.166666666666667,0.180555555555556,0.194444444444444,0.208333333333333,
0.222222222222222,0.236111111111111,0.25,0.263888888888889,0.277777777777778,
0.291666666666667,0.305555555555556,0.319444444444444,0.333333333333333,
0.347222222222222,0.361111111111111,0.375,0.388888888888889,0.402777777777778,
0.416666666666667,0.430555555555556,0.444444444444444,0.458333333333333,
0.472222222222222,0.486111111111111,0.5,0.513888888888889,0.527777777777778,
0.541666666666667,0.555555555555556,0.569444444444444,0.583333333333333,
0.597222222222222,0.611111111111111,0.625,0.638888888888889,0.652777777777778,
0.666666666666667,0.680555555555556,0.694444444444444,0.708333333333333,
0.722222222222222,0.736111111111111,0.75,0.763888888888889,0.777777777777778,
0.791666666666667,0.805555555555556,0.819444444444444,0.833333333333333,
0.847222222222222,0.861111111111111,0.875,0.888888888888889,0.902777777777778,
0.916666666666667,0.930555555555556,0.944444444444444,0.958333333333333,
0.972222222222222,0.986111111111111,1.),.PIECEWISE_BEZIER_KNOTS.)
CURVE()
GEOMETRIC_REPRESENTATION_ITEM()
RATIONAL_B_SPLINE_CURVE((1.,0.923879532511287,1.,0.923879532511287,1.,0.923879532511287,
1.,0.923879532511287,1.,0.923879532511287,1.,0.923879532511287,1.,0.923879532511287,
1.,0.923879532511287,1.,0.923879532511287,1.,0.923879532511287,1.,0.923879532511287,
1.,0.923879532511287,1.,0.923879532511287,1.,0.923879532511287,1.,0.923879532511287,
1.,0.923879532511287,1.,0.923879532511287,1.,0.923879532511287,1.,0.923879532511287,
1.,0.923879532511287,1.,0.923879532511287,1.,0.923879532511287,1.,0.923879532511287,
1.,0.923879532511287,1.,0.923879532511287,1.,0.923879532511287,1.,0.923879532511287,
1.,0.923879532511287,1.,0.923879532511287,1.,0.923879532511287,1.,0.923879532511287,
1.,0.923879532511287,1.,0.923879532511287,1.,0.923879532511287,1.,0.923879532511287,
1.,0.923879532511287,1.,0.923879532511287,1.,0.923879532511287,1.,0.923879532511287,
1.,0.923879532511287,1.,0.923879532511287,1.,0.923879532511287,1.,0.923879532511287,
1.,0.923879532511287,1.,0.923879532511287,1.,0.923879532511287,1.,0.923879532511287,
1.,0.923879532511287,1.,0.923879532511287,1.,0.923879532511287,1.,0.923879532511287,
1.,0.923879532511287,1.,0.923879532511287,1.,0.923879532511287,1.,0.923879532511287,
1.,0.923879532511287,1.,0.923879532511287,1.,0.923879532511287,1.,0.923879532511287,
1.,0.923879532511287,1.,0.923879532511287,1.,0.923879532511287,1.,0.923879532511287,
1.,0.923879532511287,1.,0.923879532511287,1.,0.923879532511287,1.,0.923879532511287,
1.,0.923879532511287,1.,0.923879532511287,1.,0.923879532511287,1.,0.923879532511287,
1.,0.923879532511287,1.))
REPRESENTATION_ITEM('')
);
#32=B_SPLINE_CURVE_WITH_KNOTS('',3,(#8869,#8870,#8871,#8872),
 .UNSPECIFIED.,.F.,.F.,(4,4),(0.00446099646743268,0.00512592264160579),
 .UNSPECIFIED.);
#33=B_SPLINE_CURVE_WITH_KNOTS('',3,(#8877,#8878,#8879,#8880),
 .UNSPECIFIED.,.F.,.F.,(4,4),(0.00304074564786554,0.00370685538202498),
 .UNSPECIFIED.);
#34=B_SPLINE_CURVE_WITH_KNOTS('',3,(#8888,#8889,#8890,#8891),
 .UNSPECIFIED.,.F.,.F.,(4,4),(0.00443906986654775,0.00510354300499828),
 .UNSPECIFIED.);
#35=B_SPLINE_CURVE_WITH_KNOTS('',3,(#8900,#8901,#8902,#8903),
 .UNSPECIFIED.,.F.,.F.,(4,4),(0.00107845543607544,0.00174513644658692),
 .UNSPECIFIED.);
#36=B_SPLINE_CURVE_WITH_KNOTS('',3,(#8907,#8908,#8909,#8910),
 .UNSPECIFIED.,.F.,.F.,(4,4),(2.20992813077174E-7,2.26994712987818E-5),
 .UNSPECIFIED.);
#37=B_SPLINE_CURVE_WITH_KNOTS('',3,(#8916,#8917,#8918,#8919),
 .UNSPECIFIED.,.F.,.F.,(4,4),(2.35408969791306E-7,2.27138874545935E-5),
 .UNSPECIFIED.);
#38=B_SPLINE_CURVE_WITH_KNOTS('',3,(#8925,#8926,#8927,#8928),
 .UNSPECIFIED.,.F.,.F.,(4,4),(1.95981502105411E-7,0.00025341128810804),
 .UNSPECIFIED.);
#39=B_SPLINE_CURVE_WITH_KNOTS('',3,(#8931,#8932,#8933,#8934),
 .UNSPECIFIED.,.F.,.F.,(4,4),(0.,1.),.UNSPECIFIED.);
#40=B_SPLINE_CURVE_WITH_KNOTS('',3,(#8936,#8937,#8938,#8939),
 .UNSPECIFIED.,.F.,.F.,(4,4),(3.88447902909117E-7,0.000254213085851812),
 .UNSPECIFIED.);
#41=B_SPLINE_CURVE_WITH_KNOTS('',3,(#8947,#8948,#8949,#8950),
 .UNSPECIFIED.,.F.,.F.,(4,4),(2.27397429311858E-7,0.000371114755083507),
 .UNSPECIFIED.);
#42=B_SPLINE_CURVE_WITH_KNOTS('',3,(#8956,#8957,#8958,#8959),
 .UNSPECIFIED.,.F.,.F.,(4,4),(2.77869913141079E-7,0.000221579167487721),
 .UNSPECIFIED.);
#43=B_SPLINE_CURVE_WITH_KNOTS('',3,(#8965,#8966,#8967,#8968),
 .UNSPECIFIED.,.F.,.F.,(4,4),(2.78523816538314E-7,0.000371168221408117),
 .UNSPECIFIED.);
#44=B_SPLINE_CURVE_WITH_KNOTS('',3,(#8974,#8975,#8976,#8977),
 .UNSPECIFIED.,.F.,.F.,(4,4),(1.95981493794663E-7,0.000253412391494595),
 .UNSPECIFIED.);
#45=B_SPLINE_CURVE_WITH_KNOTS('',3,(#8979,#8980,#8981,#8982),
 .UNSPECIFIED.,.F.,.F.,(4,4),(0.,1.),.UNSPECIFIED.);
#46=B_SPLINE_CURVE_WITH_KNOTS('',3,(#8984,#8985,#8986,#8987),
 .UNSPECIFIED.,.F.,.F.,(4,4),(3.99030663106001E-7,0.000254223675049785),
 .UNSPECIFIED.);
#47=B_SPLINE_CURVE_WITH_KNOTS('',3,(#8993,#8994,#8995,#8996),
 .UNSPECIFIED.,.F.,.F.,(4,4),(2.33559306844988E-7,0.000371121198842755),
 .UNSPECIFIED.);
#48=B_SPLINE_CURVE_WITH_KNOTS('',3,(#8999,#9000,#9001,#9002),
 .UNSPECIFIED.,.F.,.F.,(4,4),(2.33559306846253E-7,0.000371121198826636),
 .UNSPECIFIED.);
#49=B_SPLINE_CURVE_WITH_KNOTS('',3,(#9008,#9009,#9010,#9011),
 .UNSPECIFIED.,.F.,.F.,(4,4),(1.95981493794856E-7,0.000253411252443871),
 .UNSPECIFIED.);
#50=B_SPLINE_CURVE_WITH_KNOTS('',3,(#9013,#9014,#9015,#9016),
 .UNSPECIFIED.,.F.,.F.,(4,4),(0.,1.),.UNSPECIFIED.);
#51=B_SPLINE_CURVE_WITH_KNOTS('',3,(#9018,#9019,#9020,#9021),
 .UNSPECIFIED.,.F.,.F.,(4,4),(4.75623169052498E-7,0.000254300314039252),
 .UNSPECIFIED.);
#52=B_SPLINE_CURVE_WITH_KNOTS('',3,(#9027,#9028,#9029,#9030),
 .UNSPECIFIED.,.F.,.F.,(4,4),(2.78523817533507E-7,0.00037116822143655),
 .UNSPECIFIED.);
#53=B_SPLINE_CURVE_WITH_KNOTS('',3,(#9036,#9037,#9038,#9039),
 .UNSPECIFIED.,.F.,.F.,(4,4),(2.26915347483089E-7,0.000221528108648018),
 .UNSPECIFIED.);
#54=B_SPLINE_CURVE_WITH_KNOTS('',3,(#9045,#9046,#9047,#9048),
 .UNSPECIFIED.,.F.,.F.,(4,4),(2.27397428672504E-7,0.000371114755083878),
 .UNSPECIFIED.);
#55=B_SPLINE_CURVE_WITH_KNOTS('',3,(#9054,#9055,#9056,#9057),
 .UNSPECIFIED.,.F.,.F.,(4,4),(1.95981502037682E-7,0.000253411095031974),
 .UNSPECIFIED.);
#56=B_SPLINE_CURVE_WITH_KNOTS('',3,(#9059,#9060,#9061,#9062),
 .UNSPECIFIED.,.F.,.F.,(4,4),(0.,1.),.UNSPECIFIED.);
#57=B_SPLINE_CURVE_WITH_KNOTS('',3,(#9064,#9065,#9066,#9067),
 .UNSPECIFIED.,.F.,.F.,(4,4),(4.01428995634919E-7,0.000254226074840976),
 .UNSPECIFIED.);
#58=B_SPLINE_CURVE_WITH_KNOTS('',3,(#9073,#9074,#9075,#9076),
 .UNSPECIFIED.,.F.,.F.,(4,4),(2.35015412988477E-7,0.000371122721564705),
 .UNSPECIFIED.);
#59=B_SPLINE_CURVE_WITH_KNOTS('',3,(#9082,#9083,#9084,#9085),
 .UNSPECIFIED.,.F.,.F.,(4,4),(2.50487974561849E-7,0.000221551307190802),
 .UNSPECIFIED.);
#60=B_SPLINE_CURVE_WITH_KNOTS('',3,(#9091,#9092,#9093,#9094),
 .UNSPECIFIED.,.F.,.F.,(4,4),(2.51053784869545E-7,0.000371139493806334),
 .UNSPECIFIED.);
#61=B_SPLINE_CURVE_WITH_KNOTS('',3,(#9100,#9101,#9102,#9103),
 .UNSPECIFIED.,.F.,.F.,(4,4),(1.959815017043E-7,0.000253411694898702),
 .UNSPECIFIED.);
#62=B_SPLINE_CURVE_WITH_KNOTS('',3,(#9105,#9106,#9107,#9108),
 .UNSPECIFIED.,.F.,.F.,(4,4),(0.,1.),.UNSPECIFIED.);
#63=B_SPLINE_CURVE_WITH_KNOTS('',3,(#9110,#9111,#9112,#9113),
 .UNSPECIFIED.,.F.,.F.,(4,4),(3.87687755905106E-7,0.000254212325242207),
 .UNSPECIFIED.);
#64=B_SPLINE_CURVE_WITH_KNOTS('',3,(#9119,#9120,#9121,#9122),
 .UNSPECIFIED.,.F.,.F.,(4,4),(2.26936441829612E-7,0.00037111427300921),
 .UNSPECIFIED.);
#65=B_SPLINE_CURVE_WITH_KNOTS('',3,(#9128,#9129,#9130,#9131),
 .UNSPECIFIED.,.F.,.F.,(4,4),(3.15927825670008E-7,0.000221618105534623),
 .UNSPECIFIED.);
#66=B_SPLINE_CURVE_WITH_KNOTS('',3,(#9137,#9138,#9139,#9140),
 .UNSPECIFIED.,.F.,.F.,(4,4),(3.16366347463073E-7,0.000371207797600783),
 .UNSPECIFIED.);
#67=B_SPLINE_CURVE_WITH_KNOTS('',3,(#9146,#9147,#9148,#9149),
 .UNSPECIFIED.,.F.,.F.,(4,4),(4.2434186745251E-7,0.00025424900163693),
 .UNSPECIFIED.);
#68=B_SPLINE_CURVE_WITH_KNOTS('',3,(#9155,#9156,#9157,#9158),
 .UNSPECIFIED.,.F.,.F.,(4,4),(1.95981493798663E-7,0.00025341335935773),
 .UNSPECIFIED.);
#69=B_SPLINE_CURVE_WITH_KNOTS('',3,(#9160,#9161,#9162,#9163),
 .UNSPECIFIED.,.F.,.F.,(4,4),(0.,1.),.UNSPECIFIED.);
#70=B_SPLINE_CURVE_WITH_KNOTS('',3,(#9165,#9166,#9167,#9168),
 .UNSPECIFIED.,.F.,.F.,(4,4),(2.4835300705367E-7,0.000371136669448098),
 .UNSPECIFIED.);
#71=B_SPLINE_CURVE_WITH_KNOTS('',3,(#9174,#9175,#9176,#9177),
 .UNSPECIFIED.,.F.,.F.,(4,4),(2.47894278689613E-7,0.000221548938890611),
 .UNSPECIFIED.);
#72=B_SPLINE_CURVE_WITH_KNOTS('',3,(#9183,#9184,#9185,#9186),
 .UNSPECIFIED.,.F.,.F.,(4,4),(2.48353006257414E-7,0.000371136669426449),
 .UNSPECIFIED.);
#73=B_SPLINE_CURVE_WITH_KNOTS('',3,(#9192,#9193,#9194,#9195),
 .UNSPECIFIED.,.F.,.F.,(4,4),(1.95981493794814E-7,0.000253411628896263),
 .UNSPECIFIED.);
#74=B_SPLINE_CURVE_WITH_KNOTS('',3,(#9197,#9198,#9199,#9200),
 .UNSPECIFIED.,.F.,.F.,(4,4),(0.,1.),.UNSPECIFIED.);
#75=B_SPLINE_CURVE_WITH_KNOTS('',3,(#9202,#9203,#9204,#9205),
 .UNSPECIFIED.,.F.,.F.,(4,4),(5.52782831899649E-7,0.000254377520332775),
 .UNSPECIFIED.);
#76=B_SPLINE_CURVE_WITH_KNOTS('',3,(#9211,#9212,#9213,#9214),
 .UNSPECIFIED.,.F.,.F.,(4,4),(3.16366348724475E-7,0.000371207797621826),
 .UNSPECIFIED.);
#77=B_SPLINE_CURVE_WITH_KNOTS('',3,(#9220,#9221,#9222,#9223),
 .UNSPECIFIED.,.F.,.F.,(4,4),(2.26471085042596E-7,0.000221528466332139),
 .UNSPECIFIED.);
#78=B_SPLINE_CURVE_WITH_KNOTS('',3,(#9229,#9230,#9231,#9232),
 .UNSPECIFIED.,.F.,.F.,(4,4),(2.26936441182937E-7,0.00037111427299345),
 .UNSPECIFIED.);
#79=B_SPLINE_CURVE_WITH_KNOTS('',3,(#9238,#9239,#9240,#9241),
 .UNSPECIFIED.,.F.,.F.,(4,4),(1.95981500959491E-7,0.000253411083740599),
 .UNSPECIFIED.);
#80=B_SPLINE_CURVE_WITH_KNOTS('',3,(#9243,#9244,#9245,#9246),
 .UNSPECIFIED.,.F.,.F.,(4,4),(0.,1.),.UNSPECIFIED.);
#81=B_SPLINE_CURVE_WITH_KNOTS('',3,(#9248,#9249,#9250,#9251),
 .UNSPECIFIED.,.F.,.F.,(4,4),(4.28779348814664E-7,0.000254253441813127),
 .UNSPECIFIED.);
#82=B_SPLINE_CURVE_WITH_KNOTS('',3,(#9257,#9258,#9259,#9260),
 .UNSPECIFIED.,.F.,.F.,(4,4),(2.51053785919266E-7,0.000371139493828034),
 .UNSPECIFIED.);
#83=B_SPLINE_CURVE_WITH_KNOTS('',3,(#9266,#9267,#9268,#9269),
 .UNSPECIFIED.,.F.,.F.,(4,4),(2.34502183700502E-7,0.000221535288629895),
 .UNSPECIFIED.);
#84=B_SPLINE_CURVE_WITH_KNOTS('',3,(#9275,#9276,#9277,#9278),
 .UNSPECIFIED.,.F.,.F.,(4,4),(2.35015412300713E-7,0.000371122721564825),
 .UNSPECIFIED.);
#85=B_SPLINE_CURVE_WITH_KNOTS('',3,(#9281,#9282,#9283,#9284),
 .UNSPECIFIED.,.F.,.F.,(4,4),(2.20992813031062E-7,2.26994712987378E-5),
 .UNSPECIFIED.);
#86=B_SPLINE_CURVE_WITH_KNOTS('',3,(#9290,#9291,#9292,#9293),
 .UNSPECIFIED.,.F.,.F.,(4,4),(2.35408969791225E-7,2.27138874545926E-5),
 .UNSPECIFIED.);
#87=B_SPLINE_CURVE_WITH_KNOTS('',3,(#9299,#9300,#9301,#9302),
 .UNSPECIFIED.,.F.,.F.,(4,4),(2.33559306846339E-7,0.000371121198850799),
 .UNSPECIFIED.);
#88=B_SPLINE_CURVE_WITH_KNOTS('',3,(#9308,#9309,#9310,#9311),
 .UNSPECIFIED.,.F.,.F.,(4,4),(1.95981493794635E-7,0.000253412391465959),
 .UNSPECIFIED.);
#89=B_SPLINE_CURVE_WITH_KNOTS('',3,(#9314,#9315,#9316,#9317),
 .UNSPECIFIED.,.F.,.F.,(4,4),(0.,1.),.UNSPECIFIED.);
#90=B_SPLINE_CURVE_WITH_KNOTS('',3,(#9319,#9320,#9321,#9322),
 .UNSPECIFIED.,.F.,.F.,(4,4),(3.99030671197553E-7,0.000254223675049773),
 .UNSPECIFIED.);
#91=B_SPLINE_CURVE_WITH_KNOTS('',3,(#9330,#9331,#9332,#9333),
 .UNSPECIFIED.,.F.,.F.,(4,4),(2.78523816960206E-7,0.000371168221436555),
 .UNSPECIFIED.);
#92=B_SPLINE_CURVE_WITH_KNOTS('',3,(#9336,#9337,#9338,#9339),
 .UNSPECIFIED.,.F.,.F.,(4,4),(2.77869912716445E-7,0.000221579167487071),
 .UNSPECIFIED.);
#93=B_SPLINE_CURVE_WITH_KNOTS('',3,(#9345,#9346,#9347,#9348),
 .UNSPECIFIED.,.F.,.F.,(4,4),(2.27397428665204E-7,0.000371114755091114),
 .UNSPECIFIED.);
#94=B_SPLINE_CURVE_WITH_KNOTS('',3,(#9354,#9355,#9356,#9357),
 .UNSPECIFIED.,.F.,.F.,(4,4),(1.95981502105577E-7,0.000253411288108028),
 .UNSPECIFIED.);
#95=B_SPLINE_CURVE_WITH_KNOTS('',3,(#9360,#9361,#9362,#9363),
 .UNSPECIFIED.,.F.,.F.,(4,4),(0.,1.),.UNSPECIFIED.);
#96=B_SPLINE_CURVE_WITH_KNOTS('',3,(#9365,#9366,#9367,#9368),
 .UNSPECIFIED.,.F.,.F.,(4,4),(3.88447910580687E-7,0.000254213085851797),
 .UNSPECIFIED.);
#97=B_SPLINE_CURVE_WITH_KNOTS('',3,(#9376,#9377,#9378,#9379),
 .UNSPECIFIED.,.F.,.F.,(4,4),(2.35015412582983E-7,0.000371122721564705),
 .UNSPECIFIED.);
#98=B_SPLINE_CURVE_WITH_KNOTS('',3,(#9382,#9383,#9384,#9385),
 .UNSPECIFIED.,.F.,.F.,(4,4),(2.34502183414776E-7,0.000221535288629093),
 .UNSPECIFIED.);
#99=B_SPLINE_CURVE_WITH_KNOTS('',3,(#9391,#9392,#9393,#9394),
 .UNSPECIFIED.,.F.,.F.,(4,4),(2.51053785110994E-7,0.000371139493837251),
 .UNSPECIFIED.);
#100=B_SPLINE_CURVE_WITH_KNOTS('',3,(#9400,#9401,#9402,#9403),
 .UNSPECIFIED.,.F.,.F.,(4,4),(1.95981500959588E-7,0.000253411083724766),
 .UNSPECIFIED.);
#101=B_SPLINE_CURVE_WITH_KNOTS('',3,(#9406,#9407,#9408,#9409),
 .UNSPECIFIED.,.F.,.F.,(4,4),(0.,1.),.UNSPECIFIED.);
#102=B_SPLINE_CURVE_WITH_KNOTS('',3,(#9411,#9412,#9413,#9414),
 .UNSPECIFIED.,.F.,.F.,(4,4),(4.28779358141295E-7,0.000254253441812946),
 .UNSPECIFIED.);
#103=B_SPLINE_CURVE_WITH_KNOTS('',3,(#9422,#9423,#9424,#9425),
 .UNSPECIFIED.,.F.,.F.,(4,4),(2.26936441451782E-7,0.000371114273009218),
 .UNSPECIFIED.);
#104=B_SPLINE_CURVE_WITH_KNOTS('',3,(#9428,#9429,#9430,#9431),
 .UNSPECIFIED.,.F.,.F.,(4,4),(2.2647108477401E-7,0.000221528466330883),
 .UNSPECIFIED.);
#105=B_SPLINE_CURVE_WITH_KNOTS('',3,(#9437,#9438,#9439,#9440),
 .UNSPECIFIED.,.F.,.F.,(4,4),(3.16366347460637E-7,0.000371207797637036),
 .UNSPECIFIED.);
#106=B_SPLINE_CURVE_WITH_KNOTS('',3,(#9446,#9447,#9448,#9449),
 .UNSPECIFIED.,.F.,.F.,(4,4),(1.95981493794691E-7,0.000253411628874465),
 .UNSPECIFIED.);
#107=B_SPLINE_CURVE_WITH_KNOTS('',3,(#9452,#9453,#9454,#9455),
 .UNSPECIFIED.,.F.,.F.,(4,4),(0.,1.),.UNSPECIFIED.);
#108=B_SPLINE_CURVE_WITH_KNOTS('',3,(#9457,#9458,#9459,#9460),
 .UNSPECIFIED.,.F.,.F.,(4,4),(5.52782847279955E-7,0.000254377520332769),
 .UNSPECIFIED.);
#109=B_SPLINE_CURVE_WITH_KNOTS('',3,(#9468,#9469,#9470,#9471),
 .UNSPECIFIED.,.F.,.F.,(4,4),(2.48353006618805E-7,0.000371136669448098),
 .UNSPECIFIED.);
#110=B_SPLINE_CURVE_WITH_KNOTS('',3,(#9474,#9475,#9476,#9477),
 .UNSPECIFIED.,.F.,.F.,(4,4),(2.4789427837359E-7,0.000221548938889837),
 .UNSPECIFIED.);
#111=B_SPLINE_CURVE_WITH_KNOTS('',3,(#9483,#9484,#9485,#9486),
 .UNSPECIFIED.,.F.,.F.,(4,4),(2.48353006258351E-7,0.000371136669457179),
 .UNSPECIFIED.);
#112=B_SPLINE_CURVE_WITH_KNOTS('',3,(#9492,#9493,#9494,#9495),
 .UNSPECIFIED.,.F.,.F.,(4,4),(4.24341876592306E-7,0.000254249001636919),
 .UNSPECIFIED.);
#113=B_SPLINE_CURVE_WITH_KNOTS('',3,(#9501,#9502,#9503,#9504),
 .UNSPECIFIED.,.F.,.F.,(4,4),(1.95981493794637E-7,0.000253413359336592),
 .UNSPECIFIED.);
#114=B_SPLINE_CURVE_WITH_KNOTS('',3,(#9506,#9507,#9508,#9509),
 .UNSPECIFIED.,.F.,.F.,(4,4),(0.,1.),.UNSPECIFIED.);
#115=B_SPLINE_CURVE_WITH_KNOTS('',3,(#9514,#9515,#9516,#9517),
 .UNSPECIFIED.,.F.,.F.,(4,4),(3.16366348042891E-7,0.00037120779762183),
 .UNSPECIFIED.);
#116=B_SPLINE_CURVE_WITH_KNOTS('',3,(#9520,#9521,#9522,#9523),
 .UNSPECIFIED.,.F.,.F.,(4,4),(3.15927825097495E-7,0.000221618105533976),
 .UNSPECIFIED.);
#117=B_SPLINE_CURVE_WITH_KNOTS('',3,(#9529,#9530,#9531,#9532),
 .UNSPECIFIED.,.F.,.F.,(4,4),(2.26936441182937E-7,0.00037111427301672),
 .UNSPECIFIED.);
#118=B_SPLINE_CURVE_WITH_KNOTS('',3,(#9538,#9539,#9540,#9541),
 .UNSPECIFIED.,.F.,.F.,(4,4),(1.95981493794924E-7,0.000253411694868537),
 .UNSPECIFIED.);
#119=B_SPLINE_CURVE_WITH_KNOTS('',3,(#9544,#9545,#9546,#9547),
 .UNSPECIFIED.,.F.,.F.,(4,4),(0.,1.),.UNSPECIFIED.);
#120=B_SPLINE_CURVE_WITH_KNOTS('',3,(#9549,#9550,#9551,#9552),
 .UNSPECIFIED.,.F.,.F.,(4,4),(3.87687763548005E-7,0.000254212325242207),
 .UNSPECIFIED.);
#121=B_SPLINE_CURVE_WITH_KNOTS('',3,(#9560,#9561,#9562,#9563),
 .UNSPECIFIED.,.F.,.F.,(4,4),(2.51053785239491E-7,0.000371139493827631),
 .UNSPECIFIED.);
#122=B_SPLINE_CURVE_WITH_KNOTS('',3,(#9566,#9567,#9568,#9569),
 .UNSPECIFIED.,.F.,.F.,(4,4),(2.50487974199267E-7,0.000221551307190111),
 .UNSPECIFIED.);
#123=B_SPLINE_CURVE_WITH_KNOTS('',3,(#9575,#9576,#9577,#9578),
 .UNSPECIFIED.,.F.,.F.,(4,4),(2.35015412300713E-7,0.000371122721572856),
 .UNSPECIFIED.);
#124=B_SPLINE_CURVE_WITH_KNOTS('',3,(#9584,#9585,#9586,#9587),
 .UNSPECIFIED.,.F.,.F.,(4,4),(1.95981502037443E-7,0.000253411095032362),
 .UNSPECIFIED.);
#125=B_SPLINE_CURVE_WITH_KNOTS('',3,(#9590,#9591,#9592,#9593),
 .UNSPECIFIED.,.F.,.F.,(4,4),(0.,1.),.UNSPECIFIED.);
#126=B_SPLINE_CURVE_WITH_KNOTS('',3,(#9595,#9596,#9597,#9598),
 .UNSPECIFIED.,.F.,.F.,(4,4),(4.01429003818807E-7,0.000254226074840977),
 .UNSPECIFIED.);
#127=B_SPLINE_CURVE_WITH_KNOTS('',3,(#9606,#9607,#9608,#9609),
 .UNSPECIFIED.,.F.,.F.,(4,4),(2.2739742892466E-7,0.000371114755083507),
 .UNSPECIFIED.);
#128=B_SPLINE_CURVE_WITH_KNOTS('',3,(#9612,#9613,#9614,#9615),
 .UNSPECIFIED.,.F.,.F.,(4,4),(2.26915347213196E-7,0.000221528108647017),
 .UNSPECIFIED.);
#129=B_SPLINE_CURVE_WITH_KNOTS('',3,(#9621,#9622,#9623,#9624),
 .UNSPECIFIED.,.F.,.F.,(4,4),(2.78523816538314E-7,0.000371168221447856),
 .UNSPECIFIED.);
#130=B_SPLINE_CURVE_WITH_KNOTS('',3,(#9630,#9631,#9632,#9633),
 .UNSPECIFIED.,.F.,.F.,(4,4),(1.95981493794806E-7,0.000253411252427661),
 .UNSPECIFIED.);
#131=B_SPLINE_CURVE_WITH_KNOTS('',3,(#9636,#9637,#9638,#9639),
 .UNSPECIFIED.,.F.,.F.,(4,4),(0.,1.),.UNSPECIFIED.);
#132=B_SPLINE_CURVE_WITH_KNOTS('',3,(#9641,#9642,#9643,#9644),
 .UNSPECIFIED.,.F.,.F.,(4,4),(4.75623180502606E-7,0.000254300314039263),
 .UNSPECIFIED.);
#133=B_SPLINE_CURVE_WITH_KNOTS('',3,(#9649,#9650,#9651,#9652),
 .UNSPECIFIED.,.F.,.F.,(4,4),(2.33559306844988E-7,0.000371121198842873),
 .UNSPECIFIED.);
#134=B_SPLINE_CURVE_WITH_KNOTS('',3,(#9852,#9853,#9854,#9855,#9856,#9857,
#9858),.UNSPECIFIED.,.F.,.F.,(4,1,1,1,4),(1.09637105493533E-15,0.00217221944655486,
0.00434443889310862,0.00651665833966239,0.00868887778621615),
 .UNSPECIFIED.);
#135=B_SPLINE_CURVE_WITH_KNOTS('',3,(#9863,#9864,#9865,#9866,#9867,#9868,
#9869),.UNSPECIFIED.,.F.,.F.,(4,1,1,1,4),(0.000927715857162965,0.00309945497964996,
0.00527119410213696,0.00744293322462396,0.00961467234711096),
 .UNSPECIFIED.);
#136=B_SPLINE_CURVE_WITH_KNOTS('',3,(#9982,#9983,#9984,#9985),
 .UNSPECIFIED.,.F.,.F.,(4,4),(0.,0.000627424292038621),.UNSPECIFIED.);
#137=B_SPLINE_CURVE_WITH_KNOTS('',3,(#9986,#9987,#9988,#9989,#9990),
 .UNSPECIFIED.,.F.,.F.,(4,1,4),(0.,0.000627584410130785,0.00125516882026157),
 .UNSPECIFIED.);
#138=B_SPLINE_CURVE_WITH_KNOTS('',3,(#9998,#9999,#10000,#10001,#10002),
 .UNSPECIFIED.,.F.,.F.,(4,1,4),(0.,0.000627589016633466,0.00125517803326693),
 .UNSPECIFIED.);
#139=B_SPLINE_CURVE_WITH_KNOTS('',3,(#10003,#10004,#10005,#10006),
 .UNSPECIFIED.,.F.,.F.,(4,4),(0.,0.000627420500413377),.UNSPECIFIED.);
#140=CYLINDRICAL_SURFACE('',#6946,0.0085);
#141=CYLINDRICAL_SURFACE('',#6954,0.00825);
#142=CYLINDRICAL_SURFACE('',#6956,0.0085);
#143=CYLINDRICAL_SURFACE('',#6963,0.00825);
#144=CYLINDRICAL_SURFACE('',#6967,0.00025);
#145=CYLINDRICAL_SURFACE('',#6969,0.00025);
#146=CYLINDRICAL_SURFACE('',#6971,0.00025);
#147=CYLINDRICAL_SURFACE('',#6974,0.00025);
#148=CYLINDRICAL_SURFACE('',#6977,0.00025);
#149=CYLINDRICAL_SURFACE('',#6981,0.00025);
#150=CYLINDRICAL_SURFACE('',#6984,0.00025);
#151=CYLINDRICAL_SURFACE('',#6987,0.00025);
#152=CYLINDRICAL_SURFACE('',#6990,0.00025);
#153=CYLINDRICAL_SURFACE('',#6993,0.00025);
#154=CYLINDRICAL_SURFACE('',#6996,0.00025);
#155=CYLINDRICAL_SURFACE('',#6999,0.00025);
#156=CYLINDRICAL_SURFACE('',#7002,0.00025);
#157=CYLINDRICAL_SURFACE('',#7005,0.00025);
#158=CYLINDRICAL_SURFACE('',#7008,0.00025);
#159=CYLINDRICAL_SURFACE('',#7011,0.00025);
#160=CYLINDRICAL_SURFACE('',#7014,0.00025);
#161=CYLINDRICAL_SURFACE('',#7017,0.00025);
#162=CYLINDRICAL_SURFACE('',#7019,0.00025);
#163=CYLINDRICAL_SURFACE('',#7022,0.00025);
#164=CYLINDRICAL_SURFACE('',#7025,0.00025);
#165=CYLINDRICAL_SURFACE('',#7028,0.00025);
#166=CYLINDRICAL_SURFACE('',#7031,0.00025);
#167=CYLINDRICAL_SURFACE('',#7034,0.00025);
#168=CYLINDRICAL_SURFACE('',#7037,0.00025);
#169=CYLINDRICAL_SURFACE('',#7040,0.00025);
#170=CYLINDRICAL_SURFACE('',#7043,0.00025);
#171=CYLINDRICAL_SURFACE('',#7046,0.00025);
#172=CYLINDRICAL_SURFACE('',#7049,0.00025);
#173=CYLINDRICAL_SURFACE('',#7052,0.00025);
#174=CYLINDRICAL_SURFACE('',#7055,0.00025);
#175=CYLINDRICAL_SURFACE('',#7058,0.00025);
#176=CYLINDRICAL_SURFACE('',#7061,0.00025);
#177=CYLINDRICAL_SURFACE('',#7064,0.00025);
#178=CYLINDRICAL_SURFACE('',#7067,0.002925);
#179=CYLINDRICAL_SURFACE('',#7103,0.005425);
#180=CYLINDRICAL_SURFACE('',#7105,0.005425);
#181=CYLINDRICAL_SURFACE('',#7109,0.0081);
#182=CYLINDRICAL_SURFACE('',#7130,0.00825);
#183=CYLINDRICAL_SURFACE('',#7151,0.0034);
#184=CYLINDRICAL_SURFACE('',#7160,0.00175);
#185=CYLINDRICAL_SURFACE('',#7167,0.00175);
#186=CYLINDRICAL_SURFACE('',#7174,0.00175);
#187=CYLINDRICAL_SURFACE('',#7180,0.00045);
#188=CYLINDRICAL_SURFACE('',#7182,0.00045);
#189=CYLINDRICAL_SURFACE('',#7184,0.00045);
#190=CYLINDRICAL_SURFACE('',#7268,0.0034);
#191=CYLINDRICAL_SURFACE('',#7269,0.0085);
#192=CYLINDRICAL_SURFACE('',#7278,0.0085);
#193=CYLINDRICAL_SURFACE('',#7281,0.000859154929577465);
#194=CYLINDRICAL_SURFACE('',#7289,0.000859154929577465);
#195=CYLINDRICAL_SURFACE('',#7297,0.000859154929577464);
#196=CYLINDRICAL_SURFACE('',#7305,0.000859154929577462);
#197=CYLINDRICAL_SURFACE('',#7311,0.0079);
#198=CYLINDRICAL_SURFACE('',#7312,0.0079);
#199=CYLINDRICAL_SURFACE('',#7313,0.0079);
#200=CYLINDRICAL_SURFACE('',#7314,0.0079);
#201=CYLINDRICAL_SURFACE('',#7321,0.0004);
#202=CYLINDRICAL_SURFACE('',#7322,0.0004);
#203=CYLINDRICAL_SURFACE('',#7323,0.0004);
#204=CYLINDRICAL_SURFACE('',#7330,0.0002);
#205=CYLINDRICAL_SURFACE('',#7331,0.0002);
#206=CYLINDRICAL_SURFACE('',#7332,0.0002);
#207=CYLINDRICAL_SURFACE('',#7333,0.0004);
#208=CYLINDRICAL_SURFACE('',#7334,0.0004);
#209=CYLINDRICAL_SURFACE('',#7335,0.0004);
#210=CYLINDRICAL_SURFACE('',#7337,0.0004);
#211=CYLINDRICAL_SURFACE('',#7338,0.0004);
#212=CIRCLE('',#6924,0.0079);
#213=CIRCLE('',#6925,0.005425);
#214=CIRCLE('',#6926,0.0085);
#215=CIRCLE('',#6927,0.000859154929577462);
#216=CIRCLE('',#6929,0.0079);
#217=CIRCLE('',#6930,0.005425);
#218=CIRCLE('',#6931,0.0085);
#219=CIRCLE('',#6932,0.000859154929577464);
#220=CIRCLE('',#6934,0.0079);
#221=CIRCLE('',#6935,0.000859154929577465);
#222=CIRCLE('',#6936,0.0085);
#223=CIRCLE('',#6937,0.005425);
#224=CIRCLE('',#6939,0.0079);
#225=CIRCLE('',#6940,0.000859154929577465);
#226=CIRCLE('',#6941,0.0085);
#227=CIRCLE('',#6942,0.005425);
#228=CIRCLE('',#6944,0.0081);
#229=CIRCLE('',#6945,0.00825);
#230=CIRCLE('',#6947,0.0085);
#231=CIRCLE('',#6948,0.0085);
#232=CIRCLE('',#6949,0.0085);
#233=CIRCLE('',#6950,0.0085);
#234=CIRCLE('',#6952,0.0081);
#235=CIRCLE('',#6953,0.00825);
#236=CIRCLE('',#6955,0.00825);
#237=CIRCLE('',#6957,0.0085);
#238=CIRCLE('',#6958,0.0085);
#239=CIRCLE('',#6961,0.00825);
#240=CIRCLE('',#6962,0.0081);
#241=CIRCLE('',#6964,0.00825);
#242=CIRCLE('',#6968,0.00025);
#243=CIRCLE('',#6970,0.00025);
#244=CIRCLE('',#6972,0.00025);
#245=CIRCLE('',#6975,0.00025);
#246=CIRCLE('',#6978,0.00025);
#247=CIRCLE('',#6982,0.00025);
#248=CIRCLE('',#6985,0.00025);
#249=CIRCLE('',#6988,0.00025);
#250=CIRCLE('',#6991,0.00025);
#251=CIRCLE('',#6994,0.00025);
#252=CIRCLE('',#6997,0.00025);
#253=CIRCLE('',#7000,0.00025);
#254=CIRCLE('',#7003,0.00025);
#255=CIRCLE('',#7006,0.00025);
#256=CIRCLE('',#7009,0.00025);
#257=CIRCLE('',#7012,0.00025);
#258=CIRCLE('',#7015,0.00025);
#259=CIRCLE('',#7018,0.00025);
#260=CIRCLE('',#7020,0.00025);
#261=CIRCLE('',#7023,0.00025);
#262=CIRCLE('',#7026,0.00025);
#263=CIRCLE('',#7029,0.00025);
#264=CIRCLE('',#7032,0.00025);
#265=CIRCLE('',#7035,0.00025);
#266=CIRCLE('',#7038,0.00025);
#267=CIRCLE('',#7041,0.00025);
#268=CIRCLE('',#7044,0.00025);
#269=CIRCLE('',#7047,0.00025);
#270=CIRCLE('',#7050,0.00025);
#271=CIRCLE('',#7053,0.00025);
#272=CIRCLE('',#7056,0.00025);
#273=CIRCLE('',#7059,0.00025);
#274=CIRCLE('',#7062,0.00025);
#275=CIRCLE('',#7065,0.00025);
#276=CIRCLE('',#7068,0.002925);
#277=CIRCLE('',#7069,0.002925);
#278=CIRCLE('',#7071,0.00211575095657959);
#279=CIRCLE('',#7076,0.0079);
#280=CIRCLE('',#7077,0.0085);
#281=CIRCLE('',#7078,0.0085);
#282=CIRCLE('',#7079,0.0079);
#283=CIRCLE('',#7080,0.00155);
#284=CIRCLE('',#7081,0.00155);
#285=CIRCLE('',#7082,0.00155);
#286=CIRCLE('',#7087,0.0085);
#287=CIRCLE('',#7088,0.0081);
#288=CIRCLE('',#7089,0.0081);
#289=CIRCLE('',#7090,0.0085);
#290=CIRCLE('',#7091,0.00175);
#291=CIRCLE('',#7092,0.00175);
#292=CIRCLE('',#7093,0.00175);
#293=CIRCLE('',#7095,0.0034);
#294=CIRCLE('',#7097,0.005425);
#295=CIRCLE('',#7098,0.005425);
#296=CIRCLE('',#7099,0.0034);
#297=CIRCLE('',#7100,0.0034);
#298=CIRCLE('',#7102,0.005425);
#299=CIRCLE('',#7104,0.005425);
#300=CIRCLE('',#7107,0.0079);
#301=CIRCLE('',#7108,0.0079);
#302=CIRCLE('',#7110,0.0081);
#303=CIRCLE('',#7111,0.0081);
#304=CIRCLE('',#7112,0.0081);
#305=CIRCLE('',#7113,0.0081);
#306=CIRCLE('',#7114,0.0081);
#307=CIRCLE('',#7115,0.0081);
#308=CIRCLE('',#7116,0.0081);
#309=CIRCLE('',#7118,0.0073);
#310=CIRCLE('',#7121,0.0004);
#311=CIRCLE('',#7122,0.0004);
#312=CIRCLE('',#7124,0.0004);
#313=CIRCLE('',#7125,0.0004);
#314=CIRCLE('',#7127,0.0077);
#315=CIRCLE('',#7131,0.00825);
#316=CIRCLE('',#7153,0.00211575095657959);
#317=CIRCLE('',#7161,0.00175);
#318=CIRCLE('',#7165,0.00045);
#319=CIRCLE('',#7168,0.00175);
#320=CIRCLE('',#7172,0.00045);
#321=CIRCLE('',#7175,0.00175);
#322=CIRCLE('',#7179,0.00045);
#323=CIRCLE('',#7181,0.00045);
#324=CIRCLE('',#7183,0.00045);
#325=CIRCLE('',#7185,0.00045);
#326=CIRCLE('',#7187,0.0004);
#327=CIRCLE('',#7190,0.0004);
#328=CIRCLE('',#7194,0.0004);
#329=CIRCLE('',#7197,0.0004);
#330=CIRCLE('',#7201,0.0004);
#331=CIRCLE('',#7204,0.0004);
#332=CIRCLE('',#7209,0.0004);
#333=CIRCLE('',#7212,0.0004);
#334=CIRCLE('',#7216,0.0004);
#335=CIRCLE('',#7219,0.0004);
#336=CIRCLE('',#7223,0.0004);
#337=CIRCLE('',#7226,0.0004);
#338=CIRCLE('',#7238,0.00085);
#339=CIRCLE('',#7239,0.00123775010008008);
#340=CIRCLE('',#7241,0.00085);
#341=CIRCLE('',#7242,0.00123775010008008);
#342=CIRCLE('',#7244,0.00085);
#343=CIRCLE('',#7245,0.00123775010008008);
#344=CIRCLE('',#7247,0.0002);
#345=CIRCLE('',#7250,0.0002);
#346=CIRCLE('',#7253,0.0002);
#347=CIRCLE('',#7256,0.0002);
#348=CIRCLE('',#7259,0.0002);
#349=CIRCLE('',#7262,0.0002);
#350=CIRCLE('',#7271,0.0004);
#351=CIRCLE('',#7273,0.0004);
#352=CIRCLE('',#7275,0.0004);
#353=CIRCLE('',#7277,0.0004);
#354=CIRCLE('',#7280,0.0004);
#355=CIRCLE('',#7282,0.000859154929577465);
#356=CIRCLE('',#7284,0.0004);
#357=CIRCLE('',#7286,0.0077);
#358=CIRCLE('',#7288,0.0004);
#359=CIRCLE('',#7290,0.000859154929577465);
#360=CIRCLE('',#7292,0.0004);
#361=CIRCLE('',#7294,0.0077);
#362=CIRCLE('',#7296,0.0004);
#363=CIRCLE('',#7298,0.000859154929577464);
#364=CIRCLE('',#7300,0.0004);
#365=CIRCLE('',#7302,0.0077);
#366=CIRCLE('',#7304,0.0004);
#367=CIRCLE('',#7306,0.000859154929577462);
#368=CIRCLE('',#7308,0.0004);
#369=CIRCLE('',#7310,0.0077);
#370=ORIENTED_EDGE('',*,*,#1894,.T.);
#371=ORIENTED_EDGE('',*,*,#1895,.T.);
#372=ORIENTED_EDGE('',*,*,#1896,.T.);
#373=ORIENTED_EDGE('',*,*,#1897,.F.);
#374=ORIENTED_EDGE('',*,*,#1898,.F.);
#375=ORIENTED_EDGE('',*,*,#1899,.T.);
#376=ORIENTED_EDGE('',*,*,#1900,.T.);
#377=ORIENTED_EDGE('',*,*,#1901,.F.);
#378=ORIENTED_EDGE('',*,*,#1902,.T.);
#379=ORIENTED_EDGE('',*,*,#1903,.T.);
#380=ORIENTED_EDGE('',*,*,#1904,.T.);
#381=ORIENTED_EDGE('',*,*,#1905,.F.);
#382=ORIENTED_EDGE('',*,*,#1906,.F.);
#383=ORIENTED_EDGE('',*,*,#1907,.T.);
#384=ORIENTED_EDGE('',*,*,#1908,.T.);
#385=ORIENTED_EDGE('',*,*,#1909,.T.);
#386=ORIENTED_EDGE('',*,*,#1910,.F.);
#387=ORIENTED_EDGE('',*,*,#1911,.T.);
#388=ORIENTED_EDGE('',*,*,#1912,.F.);
#389=ORIENTED_EDGE('',*,*,#1913,.F.);
#390=ORIENTED_EDGE('',*,*,#1914,.F.);
#391=ORIENTED_EDGE('',*,*,#1915,.T.);
#392=ORIENTED_EDGE('',*,*,#1916,.T.);
#393=ORIENTED_EDGE('',*,*,#1917,.F.);
#394=ORIENTED_EDGE('',*,*,#1918,.F.);
#395=ORIENTED_EDGE('',*,*,#1919,.F.);
#396=ORIENTED_EDGE('',*,*,#1920,.F.);
#397=ORIENTED_EDGE('',*,*,#1921,.T.);
#398=ORIENTED_EDGE('',*,*,#1922,.F.);
#399=ORIENTED_EDGE('',*,*,#1923,.F.);
#400=ORIENTED_EDGE('',*,*,#1924,.F.);
#401=ORIENTED_EDGE('',*,*,#1925,.T.);
#402=ORIENTED_EDGE('',*,*,#1926,.T.);
#403=ORIENTED_EDGE('',*,*,#1927,.F.);
#404=ORIENTED_EDGE('',*,*,#1928,.F.);
#405=ORIENTED_EDGE('',*,*,#1929,.F.);
#406=ORIENTED_EDGE('',*,*,#1930,.F.);
#407=ORIENTED_EDGE('',*,*,#1931,.F.);
#408=ORIENTED_EDGE('',*,*,#1932,.F.);
#409=ORIENTED_EDGE('',*,*,#1933,.F.);
#410=ORIENTED_EDGE('',*,*,#1934,.T.);
#411=ORIENTED_EDGE('',*,*,#1935,.T.);
#412=ORIENTED_EDGE('',*,*,#1936,.F.);
#413=ORIENTED_EDGE('',*,*,#1937,.F.);
#414=ORIENTED_EDGE('',*,*,#1938,.F.);
#415=ORIENTED_EDGE('',*,*,#1939,.T.);
#416=ORIENTED_EDGE('',*,*,#1940,.F.);
#417=ORIENTED_EDGE('',*,*,#1941,.F.);
#418=ORIENTED_EDGE('',*,*,#1942,.F.);
#419=ORIENTED_EDGE('',*,*,#1943,.F.);
#420=ORIENTED_EDGE('',*,*,#1944,.T.);
#421=ORIENTED_EDGE('',*,*,#1945,.T.);
#422=ORIENTED_EDGE('',*,*,#1946,.F.);
#423=ORIENTED_EDGE('',*,*,#1947,.F.);
#424=ORIENTED_EDGE('',*,*,#1948,.F.);
#425=ORIENTED_EDGE('',*,*,#1949,.T.);
#426=ORIENTED_EDGE('',*,*,#1950,.T.);
#427=ORIENTED_EDGE('',*,*,#1951,.F.);
#428=ORIENTED_EDGE('',*,*,#1952,.F.);
#429=ORIENTED_EDGE('',*,*,#1953,.F.);
#430=ORIENTED_EDGE('',*,*,#1954,.T.);
#431=ORIENTED_EDGE('',*,*,#1955,.F.);
#432=ORIENTED_EDGE('',*,*,#1925,.F.);
#433=ORIENTED_EDGE('',*,*,#1956,.F.);
#434=ORIENTED_EDGE('',*,*,#1957,.F.);
#435=ORIENTED_EDGE('',*,*,#1958,.F.);
#436=ORIENTED_EDGE('',*,*,#1959,.F.);
#437=ORIENTED_EDGE('',*,*,#1960,.T.);
#438=ORIENTED_EDGE('',*,*,#1961,.F.);
#439=ORIENTED_EDGE('',*,*,#1962,.T.);
#440=ORIENTED_EDGE('',*,*,#1945,.F.);
#441=ORIENTED_EDGE('',*,*,#1963,.T.);
#442=ORIENTED_EDGE('',*,*,#1964,.T.);
#443=ORIENTED_EDGE('',*,*,#1965,.F.);
#444=ORIENTED_EDGE('',*,*,#1966,.F.);
#445=ORIENTED_EDGE('',*,*,#1967,.F.);
#446=ORIENTED_EDGE('',*,*,#1966,.T.);
#447=ORIENTED_EDGE('',*,*,#1968,.F.);
#448=ORIENTED_EDGE('',*,*,#1969,.F.);
#449=ORIENTED_EDGE('',*,*,#1970,.F.);
#450=ORIENTED_EDGE('',*,*,#1971,.T.);
#451=ORIENTED_EDGE('',*,*,#1972,.F.);
#452=ORIENTED_EDGE('',*,*,#1915,.F.);
#453=ORIENTED_EDGE('',*,*,#1973,.F.);
#454=ORIENTED_EDGE('',*,*,#1974,.F.);
#455=ORIENTED_EDGE('',*,*,#1975,.T.);
#456=ORIENTED_EDGE('',*,*,#1935,.F.);
#457=ORIENTED_EDGE('',*,*,#1976,.T.);
#458=ORIENTED_EDGE('',*,*,#1969,.T.);
#459=ORIENTED_EDGE('',*,*,#1977,.F.);
#460=ORIENTED_EDGE('',*,*,#1971,.F.);
#461=ORIENTED_EDGE('',*,*,#1978,.F.);
#462=ORIENTED_EDGE('',*,*,#1979,.F.);
#463=ORIENTED_EDGE('',*,*,#1908,.F.);
#464=ORIENTED_EDGE('',*,*,#1980,.T.);
#465=ORIENTED_EDGE('',*,*,#1904,.F.);
#466=ORIENTED_EDGE('',*,*,#1981,.F.);
#467=ORIENTED_EDGE('',*,*,#1909,.F.);
#468=ORIENTED_EDGE('',*,*,#1979,.T.);
#469=ORIENTED_EDGE('',*,*,#1903,.F.);
#470=ORIENTED_EDGE('',*,*,#1982,.F.);
#471=ORIENTED_EDGE('',*,*,#1983,.T.);
#472=ORIENTED_EDGE('',*,*,#1984,.F.);
#473=ORIENTED_EDGE('',*,*,#1985,.T.);
#474=ORIENTED_EDGE('',*,*,#1986,.T.);
#475=ORIENTED_EDGE('',*,*,#1987,.T.);
#476=ORIENTED_EDGE('',*,*,#1988,.F.);
#477=ORIENTED_EDGE('',*,*,#1989,.T.);
#478=ORIENTED_EDGE('',*,*,#1990,.T.);
#479=ORIENTED_EDGE('',*,*,#1991,.T.);
#480=ORIENTED_EDGE('',*,*,#1992,.F.);
#481=ORIENTED_EDGE('',*,*,#1993,.T.);
#482=ORIENTED_EDGE('',*,*,#1994,.F.);
#483=ORIENTED_EDGE('',*,*,#1991,.F.);
#484=ORIENTED_EDGE('',*,*,#1995,.T.);
#485=ORIENTED_EDGE('',*,*,#1996,.T.);
#486=ORIENTED_EDGE('',*,*,#1997,.F.);
#487=ORIENTED_EDGE('',*,*,#1998,.F.);
#488=ORIENTED_EDGE('',*,*,#1999,.T.);
#489=ORIENTED_EDGE('',*,*,#1989,.F.);
#490=ORIENTED_EDGE('',*,*,#2000,.F.);
#491=ORIENTED_EDGE('',*,*,#2001,.T.);
#492=ORIENTED_EDGE('',*,*,#2002,.F.);
#493=ORIENTED_EDGE('',*,*,#2003,.F.);
#494=ORIENTED_EDGE('',*,*,#2004,.T.);
#495=ORIENTED_EDGE('',*,*,#2005,.T.);
#496=ORIENTED_EDGE('',*,*,#2006,.F.);
#497=ORIENTED_EDGE('',*,*,#2007,.F.);
#498=ORIENTED_EDGE('',*,*,#2008,.T.);
#499=ORIENTED_EDGE('',*,*,#2003,.T.);
#500=ORIENTED_EDGE('',*,*,#2009,.F.);
#501=ORIENTED_EDGE('',*,*,#2010,.F.);
#502=ORIENTED_EDGE('',*,*,#2011,.T.);
#503=ORIENTED_EDGE('',*,*,#2007,.T.);
#504=ORIENTED_EDGE('',*,*,#2010,.T.);
#505=ORIENTED_EDGE('',*,*,#2012,.T.);
#506=ORIENTED_EDGE('',*,*,#2013,.F.);
#507=ORIENTED_EDGE('',*,*,#2014,.F.);
#508=ORIENTED_EDGE('',*,*,#2015,.F.);
#509=ORIENTED_EDGE('',*,*,#2016,.T.);
#510=ORIENTED_EDGE('',*,*,#2017,.F.);
#511=ORIENTED_EDGE('',*,*,#2018,.F.);
#512=ORIENTED_EDGE('',*,*,#2019,.T.);
#513=ORIENTED_EDGE('',*,*,#2013,.T.);
#514=ORIENTED_EDGE('',*,*,#2020,.F.);
#515=ORIENTED_EDGE('',*,*,#1996,.F.);
#516=ORIENTED_EDGE('',*,*,#2021,.T.);
#517=ORIENTED_EDGE('',*,*,#2018,.T.);
#518=ORIENTED_EDGE('',*,*,#1998,.T.);
#519=ORIENTED_EDGE('',*,*,#2022,.T.);
#520=ORIENTED_EDGE('',*,*,#2023,.F.);
#521=ORIENTED_EDGE('',*,*,#2024,.F.);
#522=ORIENTED_EDGE('',*,*,#2025,.F.);
#523=ORIENTED_EDGE('',*,*,#2026,.T.);
#524=ORIENTED_EDGE('',*,*,#2027,.F.);
#525=ORIENTED_EDGE('',*,*,#2028,.F.);
#526=ORIENTED_EDGE('',*,*,#2029,.T.);
#527=ORIENTED_EDGE('',*,*,#2023,.T.);
#528=ORIENTED_EDGE('',*,*,#2030,.F.);
#529=ORIENTED_EDGE('',*,*,#2031,.F.);
#530=ORIENTED_EDGE('',*,*,#2032,.T.);
#531=ORIENTED_EDGE('',*,*,#2028,.T.);
#532=ORIENTED_EDGE('',*,*,#2033,.F.);
#533=ORIENTED_EDGE('',*,*,#2034,.F.);
#534=ORIENTED_EDGE('',*,*,#2035,.T.);
#535=ORIENTED_EDGE('',*,*,#2031,.T.);
#536=ORIENTED_EDGE('',*,*,#2034,.T.);
#537=ORIENTED_EDGE('',*,*,#2036,.T.);
#538=ORIENTED_EDGE('',*,*,#2037,.F.);
#539=ORIENTED_EDGE('',*,*,#2038,.F.);
#540=ORIENTED_EDGE('',*,*,#2039,.F.);
#541=ORIENTED_EDGE('',*,*,#2040,.T.);
#542=ORIENTED_EDGE('',*,*,#2041,.F.);
#543=ORIENTED_EDGE('',*,*,#2042,.F.);
#544=ORIENTED_EDGE('',*,*,#2043,.T.);
#545=ORIENTED_EDGE('',*,*,#2037,.T.);
#546=ORIENTED_EDGE('',*,*,#2044,.F.);
#547=ORIENTED_EDGE('',*,*,#2045,.F.);
#548=ORIENTED_EDGE('',*,*,#2046,.T.);
#549=ORIENTED_EDGE('',*,*,#2042,.T.);
#550=ORIENTED_EDGE('',*,*,#2047,.F.);
#551=ORIENTED_EDGE('',*,*,#2048,.F.);
#552=ORIENTED_EDGE('',*,*,#2049,.T.);
#553=ORIENTED_EDGE('',*,*,#2045,.T.);
#554=ORIENTED_EDGE('',*,*,#2048,.T.);
#555=ORIENTED_EDGE('',*,*,#2050,.T.);
#556=ORIENTED_EDGE('',*,*,#2051,.F.);
#557=ORIENTED_EDGE('',*,*,#2052,.F.);
#558=ORIENTED_EDGE('',*,*,#2053,.F.);
#559=ORIENTED_EDGE('',*,*,#2054,.T.);
#560=ORIENTED_EDGE('',*,*,#2055,.F.);
#561=ORIENTED_EDGE('',*,*,#2056,.F.);
#562=ORIENTED_EDGE('',*,*,#2057,.T.);
#563=ORIENTED_EDGE('',*,*,#2051,.T.);
#564=ORIENTED_EDGE('',*,*,#2058,.F.);
#565=ORIENTED_EDGE('',*,*,#2059,.F.);
#566=ORIENTED_EDGE('',*,*,#2060,.T.);
#567=ORIENTED_EDGE('',*,*,#2056,.T.);
#568=ORIENTED_EDGE('',*,*,#2061,.F.);
#569=ORIENTED_EDGE('',*,*,#2062,.F.);
#570=ORIENTED_EDGE('',*,*,#2063,.T.);
#571=ORIENTED_EDGE('',*,*,#2059,.T.);
#572=ORIENTED_EDGE('',*,*,#2062,.T.);
#573=ORIENTED_EDGE('',*,*,#2064,.T.);
#574=ORIENTED_EDGE('',*,*,#2065,.F.);
#575=ORIENTED_EDGE('',*,*,#2066,.F.);
#576=ORIENTED_EDGE('',*,*,#2067,.F.);
#577=ORIENTED_EDGE('',*,*,#2068,.F.);
#578=ORIENTED_EDGE('',*,*,#2069,.T.);
#579=ORIENTED_EDGE('',*,*,#2065,.T.);
#580=ORIENTED_EDGE('',*,*,#2070,.F.);
#581=ORIENTED_EDGE('',*,*,#2071,.T.);
#582=ORIENTED_EDGE('',*,*,#2072,.F.);
#583=ORIENTED_EDGE('',*,*,#2073,.F.);
#584=ORIENTED_EDGE('',*,*,#2074,.T.);
#585=ORIENTED_EDGE('',*,*,#2068,.T.);
#586=ORIENTED_EDGE('',*,*,#2075,.F.);
#587=ORIENTED_EDGE('',*,*,#2076,.F.);
#588=ORIENTED_EDGE('',*,*,#2077,.T.);
#589=ORIENTED_EDGE('',*,*,#2073,.T.);
#590=ORIENTED_EDGE('',*,*,#2076,.T.);
#591=ORIENTED_EDGE('',*,*,#2078,.T.);
#592=ORIENTED_EDGE('',*,*,#2079,.F.);
#593=ORIENTED_EDGE('',*,*,#2080,.F.);
#594=ORIENTED_EDGE('',*,*,#2081,.F.);
#595=ORIENTED_EDGE('',*,*,#2082,.T.);
#596=ORIENTED_EDGE('',*,*,#2083,.F.);
#597=ORIENTED_EDGE('',*,*,#2084,.F.);
#598=ORIENTED_EDGE('',*,*,#2085,.T.);
#599=ORIENTED_EDGE('',*,*,#2079,.T.);
#600=ORIENTED_EDGE('',*,*,#2086,.F.);
#601=ORIENTED_EDGE('',*,*,#2087,.F.);
#602=ORIENTED_EDGE('',*,*,#2088,.T.);
#603=ORIENTED_EDGE('',*,*,#2084,.T.);
#604=ORIENTED_EDGE('',*,*,#2089,.F.);
#605=ORIENTED_EDGE('',*,*,#2090,.F.);
#606=ORIENTED_EDGE('',*,*,#2091,.T.);
#607=ORIENTED_EDGE('',*,*,#2087,.T.);
#608=ORIENTED_EDGE('',*,*,#2090,.T.);
#609=ORIENTED_EDGE('',*,*,#2092,.T.);
#610=ORIENTED_EDGE('',*,*,#2093,.F.);
#611=ORIENTED_EDGE('',*,*,#2094,.F.);
#612=ORIENTED_EDGE('',*,*,#2095,.F.);
#613=ORIENTED_EDGE('',*,*,#2096,.T.);
#614=ORIENTED_EDGE('',*,*,#2097,.F.);
#615=ORIENTED_EDGE('',*,*,#2098,.F.);
#616=ORIENTED_EDGE('',*,*,#2099,.T.);
#617=ORIENTED_EDGE('',*,*,#2093,.T.);
#618=ORIENTED_EDGE('',*,*,#2100,.F.);
#619=ORIENTED_EDGE('',*,*,#2101,.F.);
#620=ORIENTED_EDGE('',*,*,#2102,.T.);
#621=ORIENTED_EDGE('',*,*,#2098,.T.);
#622=ORIENTED_EDGE('',*,*,#2103,.F.);
#623=ORIENTED_EDGE('',*,*,#2104,.F.);
#624=ORIENTED_EDGE('',*,*,#2105,.T.);
#625=ORIENTED_EDGE('',*,*,#2101,.T.);
#626=ORIENTED_EDGE('',*,*,#2104,.T.);
#627=ORIENTED_EDGE('',*,*,#2106,.T.);
#628=ORIENTED_EDGE('',*,*,#2005,.F.);
#629=ORIENTED_EDGE('',*,*,#2107,.F.);
#630=ORIENTED_EDGE('',*,*,#2108,.F.);
#631=ORIENTED_EDGE('',*,*,#1987,.F.);
#632=ORIENTED_EDGE('',*,*,#2109,.T.);
#633=ORIENTED_EDGE('',*,*,#2110,.T.);
#634=ORIENTED_EDGE('',*,*,#2111,.F.);
#635=ORIENTED_EDGE('',*,*,#2112,.F.);
#636=ORIENTED_EDGE('',*,*,#2113,.T.);
#637=ORIENTED_EDGE('',*,*,#1985,.F.);
#638=ORIENTED_EDGE('',*,*,#2114,.F.);
#639=ORIENTED_EDGE('',*,*,#2110,.F.);
#640=ORIENTED_EDGE('',*,*,#2115,.T.);
#641=ORIENTED_EDGE('',*,*,#2116,.T.);
#642=ORIENTED_EDGE('',*,*,#2117,.F.);
#643=ORIENTED_EDGE('',*,*,#2118,.T.);
#644=ORIENTED_EDGE('',*,*,#2119,.F.);
#645=ORIENTED_EDGE('',*,*,#2116,.F.);
#646=ORIENTED_EDGE('',*,*,#2120,.T.);
#647=ORIENTED_EDGE('',*,*,#2121,.T.);
#648=ORIENTED_EDGE('',*,*,#2122,.T.);
#649=ORIENTED_EDGE('',*,*,#2123,.T.);
#650=ORIENTED_EDGE('',*,*,#2121,.F.);
#651=ORIENTED_EDGE('',*,*,#2124,.F.);
#652=ORIENTED_EDGE('',*,*,#2125,.F.);
#653=ORIENTED_EDGE('',*,*,#2122,.F.);
#654=ORIENTED_EDGE('',*,*,#2126,.T.);
#655=ORIENTED_EDGE('',*,*,#2127,.T.);
#656=ORIENTED_EDGE('',*,*,#2128,.F.);
#657=ORIENTED_EDGE('',*,*,#2127,.F.);
#658=ORIENTED_EDGE('',*,*,#2129,.T.);
#659=ORIENTED_EDGE('',*,*,#2130,.T.);
#660=ORIENTED_EDGE('',*,*,#2131,.F.);
#661=ORIENTED_EDGE('',*,*,#2132,.T.);
#662=ORIENTED_EDGE('',*,*,#2133,.F.);
#663=ORIENTED_EDGE('',*,*,#2130,.F.);
#664=ORIENTED_EDGE('',*,*,#2134,.T.);
#665=ORIENTED_EDGE('',*,*,#2135,.T.);
#666=ORIENTED_EDGE('',*,*,#2136,.T.);
#667=ORIENTED_EDGE('',*,*,#2137,.T.);
#668=ORIENTED_EDGE('',*,*,#2135,.F.);
#669=ORIENTED_EDGE('',*,*,#2138,.F.);
#670=ORIENTED_EDGE('',*,*,#2139,.F.);
#671=ORIENTED_EDGE('',*,*,#2136,.F.);
#672=ORIENTED_EDGE('',*,*,#2140,.T.);
#673=ORIENTED_EDGE('',*,*,#2141,.T.);
#674=ORIENTED_EDGE('',*,*,#2142,.F.);
#675=ORIENTED_EDGE('',*,*,#2141,.F.);
#676=ORIENTED_EDGE('',*,*,#2143,.T.);
#677=ORIENTED_EDGE('',*,*,#2144,.T.);
#678=ORIENTED_EDGE('',*,*,#2145,.F.);
#679=ORIENTED_EDGE('',*,*,#2146,.T.);
#680=ORIENTED_EDGE('',*,*,#2147,.F.);
#681=ORIENTED_EDGE('',*,*,#2144,.F.);
#682=ORIENTED_EDGE('',*,*,#2148,.T.);
#683=ORIENTED_EDGE('',*,*,#2149,.T.);
#684=ORIENTED_EDGE('',*,*,#2150,.T.);
#685=ORIENTED_EDGE('',*,*,#2151,.T.);
#686=ORIENTED_EDGE('',*,*,#2149,.F.);
#687=ORIENTED_EDGE('',*,*,#2152,.F.);
#688=ORIENTED_EDGE('',*,*,#2153,.F.);
#689=ORIENTED_EDGE('',*,*,#2150,.F.);
#690=ORIENTED_EDGE('',*,*,#2154,.T.);
#691=ORIENTED_EDGE('',*,*,#2155,.T.);
#692=ORIENTED_EDGE('',*,*,#2156,.F.);
#693=ORIENTED_EDGE('',*,*,#2155,.F.);
#694=ORIENTED_EDGE('',*,*,#2157,.T.);
#695=ORIENTED_EDGE('',*,*,#2158,.T.);
#696=ORIENTED_EDGE('',*,*,#2159,.F.);
#697=ORIENTED_EDGE('',*,*,#2160,.T.);
#698=ORIENTED_EDGE('',*,*,#2161,.F.);
#699=ORIENTED_EDGE('',*,*,#2158,.F.);
#700=ORIENTED_EDGE('',*,*,#2162,.T.);
#701=ORIENTED_EDGE('',*,*,#2163,.T.);
#702=ORIENTED_EDGE('',*,*,#2164,.T.);
#703=ORIENTED_EDGE('',*,*,#2165,.T.);
#704=ORIENTED_EDGE('',*,*,#2163,.F.);
#705=ORIENTED_EDGE('',*,*,#2166,.F.);
#706=ORIENTED_EDGE('',*,*,#2167,.F.);
#707=ORIENTED_EDGE('',*,*,#2164,.F.);
#708=ORIENTED_EDGE('',*,*,#2168,.T.);
#709=ORIENTED_EDGE('',*,*,#2169,.T.);
#710=ORIENTED_EDGE('',*,*,#2170,.F.);
#711=ORIENTED_EDGE('',*,*,#2169,.F.);
#712=ORIENTED_EDGE('',*,*,#2171,.T.);
#713=ORIENTED_EDGE('',*,*,#2172,.T.);
#714=ORIENTED_EDGE('',*,*,#2173,.F.);
#715=ORIENTED_EDGE('',*,*,#2172,.F.);
#716=ORIENTED_EDGE('',*,*,#2174,.T.);
#717=ORIENTED_EDGE('',*,*,#2175,.T.);
#718=ORIENTED_EDGE('',*,*,#2176,.F.);
#719=ORIENTED_EDGE('',*,*,#2177,.T.);
#720=ORIENTED_EDGE('',*,*,#2178,.T.);
#721=ORIENTED_EDGE('',*,*,#2179,.T.);
#722=ORIENTED_EDGE('',*,*,#2175,.F.);
#723=ORIENTED_EDGE('',*,*,#2180,.F.);
#724=ORIENTED_EDGE('',*,*,#2181,.F.);
#725=ORIENTED_EDGE('',*,*,#2178,.F.);
#726=ORIENTED_EDGE('',*,*,#2182,.T.);
#727=ORIENTED_EDGE('',*,*,#2183,.T.);
#728=ORIENTED_EDGE('',*,*,#2184,.F.);
#729=ORIENTED_EDGE('',*,*,#2183,.F.);
#730=ORIENTED_EDGE('',*,*,#2185,.T.);
#731=ORIENTED_EDGE('',*,*,#2186,.T.);
#732=ORIENTED_EDGE('',*,*,#2187,.F.);
#733=ORIENTED_EDGE('',*,*,#2188,.T.);
#734=ORIENTED_EDGE('',*,*,#2189,.F.);
#735=ORIENTED_EDGE('',*,*,#2186,.F.);
#736=ORIENTED_EDGE('',*,*,#2190,.T.);
#737=ORIENTED_EDGE('',*,*,#2191,.T.);
#738=ORIENTED_EDGE('',*,*,#2192,.T.);
#739=ORIENTED_EDGE('',*,*,#2193,.T.);
#740=ORIENTED_EDGE('',*,*,#2191,.F.);
#741=ORIENTED_EDGE('',*,*,#2194,.F.);
#742=ORIENTED_EDGE('',*,*,#2195,.F.);
#743=ORIENTED_EDGE('',*,*,#2192,.F.);
#744=ORIENTED_EDGE('',*,*,#2196,.T.);
#745=ORIENTED_EDGE('',*,*,#2197,.T.);
#746=ORIENTED_EDGE('',*,*,#2198,.F.);
#747=ORIENTED_EDGE('',*,*,#2197,.F.);
#748=ORIENTED_EDGE('',*,*,#2199,.T.);
#749=ORIENTED_EDGE('',*,*,#2200,.T.);
#750=ORIENTED_EDGE('',*,*,#2201,.F.);
#751=ORIENTED_EDGE('',*,*,#2202,.T.);
#752=ORIENTED_EDGE('',*,*,#2203,.F.);
#753=ORIENTED_EDGE('',*,*,#2200,.F.);
#754=ORIENTED_EDGE('',*,*,#2204,.T.);
#755=ORIENTED_EDGE('',*,*,#2205,.T.);
#756=ORIENTED_EDGE('',*,*,#2206,.T.);
#757=ORIENTED_EDGE('',*,*,#2207,.T.);
#758=ORIENTED_EDGE('',*,*,#2205,.F.);
#759=ORIENTED_EDGE('',*,*,#2208,.F.);
#760=ORIENTED_EDGE('',*,*,#2209,.F.);
#761=ORIENTED_EDGE('',*,*,#2206,.F.);
#762=ORIENTED_EDGE('',*,*,#2210,.T.);
#763=ORIENTED_EDGE('',*,*,#2211,.T.);
#764=ORIENTED_EDGE('',*,*,#2212,.F.);
#765=ORIENTED_EDGE('',*,*,#2211,.F.);
#766=ORIENTED_EDGE('',*,*,#2213,.T.);
#767=ORIENTED_EDGE('',*,*,#2214,.T.);
#768=ORIENTED_EDGE('',*,*,#2215,.F.);
#769=ORIENTED_EDGE('',*,*,#2216,.F.);
#770=ORIENTED_EDGE('',*,*,#2217,.F.);
#771=ORIENTED_EDGE('',*,*,#2214,.F.);
#772=ORIENTED_EDGE('',*,*,#2218,.T.);
#773=ORIENTED_EDGE('',*,*,#2219,.T.);
#774=ORIENTED_EDGE('',*,*,#2112,.T.);
#775=ORIENTED_EDGE('',*,*,#2220,.T.);
#776=ORIENTED_EDGE('',*,*,#2219,.F.);
#777=ORIENTED_EDGE('',*,*,#2221,.F.);
#778=ORIENTED_EDGE('',*,*,#2222,.T.);
#779=ORIENTED_EDGE('',*,*,#2223,.F.);
#780=ORIENTED_EDGE('',*,*,#2224,.F.);
#781=ORIENTED_EDGE('',*,*,#1983,.F.);
#782=ORIENTED_EDGE('',*,*,#2225,.F.);
#783=ORIENTED_EDGE('',*,*,#2226,.T.);
#784=ORIENTED_EDGE('',*,*,#2227,.F.);
#785=ORIENTED_EDGE('',*,*,#2228,.F.);
#786=ORIENTED_EDGE('',*,*,#2229,.F.);
#787=ORIENTED_EDGE('',*,*,#2230,.F.);
#788=ORIENTED_EDGE('',*,*,#2231,.F.);
#789=ORIENTED_EDGE('',*,*,#2232,.F.);
#790=ORIENTED_EDGE('',*,*,#2233,.F.);
#791=ORIENTED_EDGE('',*,*,#2234,.F.);
#792=ORIENTED_EDGE('',*,*,#2235,.F.);
#793=ORIENTED_EDGE('',*,*,#2236,.F.);
#794=ORIENTED_EDGE('',*,*,#2237,.F.);
#795=ORIENTED_EDGE('',*,*,#2238,.F.);
#796=ORIENTED_EDGE('',*,*,#2239,.F.);
#797=ORIENTED_EDGE('',*,*,#2240,.T.);
#798=ORIENTED_EDGE('',*,*,#2241,.F.);
#799=ORIENTED_EDGE('',*,*,#2242,.F.);
#800=ORIENTED_EDGE('',*,*,#2243,.F.);
#801=ORIENTED_EDGE('',*,*,#2244,.F.);
#802=ORIENTED_EDGE('',*,*,#2245,.F.);
#803=ORIENTED_EDGE('',*,*,#2246,.F.);
#804=ORIENTED_EDGE('',*,*,#2247,.F.);
#805=ORIENTED_EDGE('',*,*,#2248,.F.);
#806=ORIENTED_EDGE('',*,*,#2249,.F.);
#807=ORIENTED_EDGE('',*,*,#2250,.F.);
#808=ORIENTED_EDGE('',*,*,#2251,.F.);
#809=ORIENTED_EDGE('',*,*,#2252,.F.);
#810=ORIENTED_EDGE('',*,*,#2253,.F.);
#811=ORIENTED_EDGE('',*,*,#2254,.T.);
#812=ORIENTED_EDGE('',*,*,#2255,.F.);
#813=ORIENTED_EDGE('',*,*,#2256,.F.);
#814=ORIENTED_EDGE('',*,*,#2257,.F.);
#815=ORIENTED_EDGE('',*,*,#2258,.F.);
#816=ORIENTED_EDGE('',*,*,#2259,.F.);
#817=ORIENTED_EDGE('',*,*,#2260,.F.);
#818=ORIENTED_EDGE('',*,*,#2261,.F.);
#819=ORIENTED_EDGE('',*,*,#2262,.F.);
#820=ORIENTED_EDGE('',*,*,#2263,.F.);
#821=ORIENTED_EDGE('',*,*,#2264,.F.);
#822=ORIENTED_EDGE('',*,*,#2265,.F.);
#823=ORIENTED_EDGE('',*,*,#2266,.F.);
#824=ORIENTED_EDGE('',*,*,#2267,.F.);
#825=ORIENTED_EDGE('',*,*,#2268,.F.);
#826=ORIENTED_EDGE('',*,*,#2269,.F.);
#827=ORIENTED_EDGE('',*,*,#1894,.F.);
#828=ORIENTED_EDGE('',*,*,#2270,.F.);
#829=ORIENTED_EDGE('',*,*,#2271,.T.);
#830=ORIENTED_EDGE('',*,*,#2272,.T.);
#831=ORIENTED_EDGE('',*,*,#2273,.T.);
#832=ORIENTED_EDGE('',*,*,#2274,.F.);
#833=ORIENTED_EDGE('',*,*,#2275,.F.);
#834=ORIENTED_EDGE('',*,*,#2276,.F.);
#835=ORIENTED_EDGE('',*,*,#2277,.T.);
#836=ORIENTED_EDGE('',*,*,#2278,.F.);
#837=ORIENTED_EDGE('',*,*,#2279,.F.);
#838=ORIENTED_EDGE('',*,*,#2280,.F.);
#839=ORIENTED_EDGE('',*,*,#2281,.T.);
#840=ORIENTED_EDGE('',*,*,#2282,.F.);
#841=ORIENTED_EDGE('',*,*,#2283,.F.);
#842=ORIENTED_EDGE('',*,*,#2284,.F.);
#843=ORIENTED_EDGE('',*,*,#2285,.T.);
#844=ORIENTED_EDGE('',*,*,#2286,.T.);
#845=ORIENTED_EDGE('',*,*,#2287,.T.);
#846=ORIENTED_EDGE('',*,*,#2288,.F.);
#847=ORIENTED_EDGE('',*,*,#1898,.T.);
#848=ORIENTED_EDGE('',*,*,#2289,.F.);
#849=ORIENTED_EDGE('',*,*,#2290,.F.);
#850=ORIENTED_EDGE('',*,*,#2291,.F.);
#851=ORIENTED_EDGE('',*,*,#2292,.F.);
#852=ORIENTED_EDGE('',*,*,#2293,.F.);
#853=ORIENTED_EDGE('',*,*,#2231,.T.);
#854=ORIENTED_EDGE('',*,*,#2294,.T.);
#855=ORIENTED_EDGE('',*,*,#2281,.F.);
#856=ORIENTED_EDGE('',*,*,#2295,.F.);
#857=ORIENTED_EDGE('',*,*,#2249,.T.);
#858=ORIENTED_EDGE('',*,*,#2296,.T.);
#859=ORIENTED_EDGE('',*,*,#2245,.T.);
#860=ORIENTED_EDGE('',*,*,#2297,.T.);
#861=ORIENTED_EDGE('',*,*,#2277,.F.);
#862=ORIENTED_EDGE('',*,*,#2298,.F.);
#863=ORIENTED_EDGE('',*,*,#2263,.T.);
#864=ORIENTED_EDGE('',*,*,#2299,.T.);
#865=ORIENTED_EDGE('',*,*,#2259,.T.);
#866=ORIENTED_EDGE('',*,*,#2300,.T.);
#867=ORIENTED_EDGE('',*,*,#2273,.F.);
#868=ORIENTED_EDGE('',*,*,#2301,.T.);
#869=ORIENTED_EDGE('',*,*,#2302,.T.);
#870=ORIENTED_EDGE('',*,*,#2303,.F.);
#871=ORIENTED_EDGE('',*,*,#2304,.F.);
#872=ORIENTED_EDGE('',*,*,#1896,.F.);
#873=ORIENTED_EDGE('',*,*,#2305,.T.);
#874=ORIENTED_EDGE('',*,*,#2306,.F.);
#875=ORIENTED_EDGE('',*,*,#2307,.F.);
#876=ORIENTED_EDGE('',*,*,#2308,.T.);
#877=ORIENTED_EDGE('',*,*,#2309,.T.);
#878=ORIENTED_EDGE('',*,*,#1900,.F.);
#879=ORIENTED_EDGE('',*,*,#2310,.F.);
#880=ORIENTED_EDGE('',*,*,#2311,.F.);
#881=ORIENTED_EDGE('',*,*,#2312,.F.);
#882=ORIENTED_EDGE('',*,*,#2313,.F.);
#883=ORIENTED_EDGE('',*,*,#2314,.F.);
#884=ORIENTED_EDGE('',*,*,#2315,.F.);
#885=ORIENTED_EDGE('',*,*,#2316,.F.);
#886=ORIENTED_EDGE('',*,*,#2296,.F.);
#887=ORIENTED_EDGE('',*,*,#2317,.F.);
#888=ORIENTED_EDGE('',*,*,#2318,.F.);
#889=ORIENTED_EDGE('',*,*,#2319,.F.);
#890=ORIENTED_EDGE('',*,*,#2299,.F.);
#891=ORIENTED_EDGE('',*,*,#2320,.F.);
#892=ORIENTED_EDGE('',*,*,#2321,.F.);
#893=ORIENTED_EDGE('',*,*,#2322,.F.);
#894=ORIENTED_EDGE('',*,*,#2302,.F.);
#895=ORIENTED_EDGE('',*,*,#2323,.F.);
#896=ORIENTED_EDGE('',*,*,#2324,.F.);
#897=ORIENTED_EDGE('',*,*,#2325,.T.);
#898=ORIENTED_EDGE('',*,*,#2326,.F.);
#899=ORIENTED_EDGE('',*,*,#2222,.F.);
#900=ORIENTED_EDGE('',*,*,#2327,.T.);
#901=ORIENTED_EDGE('',*,*,#2328,.T.);
#902=ORIENTED_EDGE('',*,*,#2329,.T.);
#903=ORIENTED_EDGE('',*,*,#2330,.T.);
#904=ORIENTED_EDGE('',*,*,#2331,.T.);
#905=ORIENTED_EDGE('',*,*,#2332,.T.);
#906=ORIENTED_EDGE('',*,*,#2333,.T.);
#907=ORIENTED_EDGE('',*,*,#2334,.T.);
#908=ORIENTED_EDGE('',*,*,#2335,.F.);
#909=ORIENTED_EDGE('',*,*,#2336,.F.);
#910=ORIENTED_EDGE('',*,*,#1961,.T.);
#911=ORIENTED_EDGE('',*,*,#2337,.F.);
#912=ORIENTED_EDGE('',*,*,#2338,.F.);
#913=ORIENTED_EDGE('',*,*,#2339,.F.);
#914=ORIENTED_EDGE('',*,*,#1957,.T.);
#915=ORIENTED_EDGE('',*,*,#2340,.T.);
#916=ORIENTED_EDGE('',*,*,#2341,.T.);
#917=ORIENTED_EDGE('',*,*,#2342,.T.);
#918=ORIENTED_EDGE('',*,*,#2343,.T.);
#919=ORIENTED_EDGE('',*,*,#1913,.T.);
#920=ORIENTED_EDGE('',*,*,#2344,.F.);
#921=ORIENTED_EDGE('',*,*,#2334,.F.);
#922=ORIENTED_EDGE('',*,*,#2345,.T.);
#923=ORIENTED_EDGE('',*,*,#1937,.T.);
#924=ORIENTED_EDGE('',*,*,#2346,.F.);
#925=ORIENTED_EDGE('',*,*,#2347,.F.);
#926=ORIENTED_EDGE('',*,*,#2348,.T.);
#927=ORIENTED_EDGE('',*,*,#1923,.T.);
#928=ORIENTED_EDGE('',*,*,#2349,.F.);
#929=ORIENTED_EDGE('',*,*,#2330,.F.);
#930=ORIENTED_EDGE('',*,*,#2350,.T.);
#931=ORIENTED_EDGE('',*,*,#1947,.T.);
#932=ORIENTED_EDGE('',*,*,#2351,.F.);
#933=ORIENTED_EDGE('',*,*,#2341,.F.);
#934=ORIENTED_EDGE('',*,*,#2352,.F.);
#935=ORIENTED_EDGE('',*,*,#2353,.F.);
#936=ORIENTED_EDGE('',*,*,#2354,.F.);
#937=ORIENTED_EDGE('',*,*,#1906,.T.);
#938=ORIENTED_EDGE('',*,*,#1981,.T.);
#939=ORIENTED_EDGE('',*,*,#1902,.F.);
#940=ORIENTED_EDGE('',*,*,#2355,.F.);
#941=ORIENTED_EDGE('',*,*,#2356,.F.);
#942=ORIENTED_EDGE('',*,*,#2357,.F.);
#943=ORIENTED_EDGE('',*,*,#2358,.T.);
#944=ORIENTED_EDGE('',*,*,#2359,.T.);
#945=ORIENTED_EDGE('',*,*,#1950,.F.);
#946=ORIENTED_EDGE('',*,*,#2360,.F.);
#947=ORIENTED_EDGE('',*,*,#2361,.T.);
#948=ORIENTED_EDGE('',*,*,#2362,.T.);
#949=ORIENTED_EDGE('',*,*,#1905,.T.);
#950=ORIENTED_EDGE('',*,*,#1980,.F.);
#951=ORIENTED_EDGE('',*,*,#1907,.F.);
#952=ORIENTED_EDGE('',*,*,#2363,.F.);
#953=ORIENTED_EDGE('',*,*,#2364,.T.);
#954=ORIENTED_EDGE('',*,*,#2365,.T.);
#955=ORIENTED_EDGE('',*,*,#1964,.F.);
#956=ORIENTED_EDGE('',*,*,#2366,.F.);
#957=ORIENTED_EDGE('',*,*,#2367,.T.);
#958=ORIENTED_EDGE('',*,*,#2368,.T.);
#959=ORIENTED_EDGE('',*,*,#1901,.T.);
#960=ORIENTED_EDGE('',*,*,#2309,.F.);
#961=ORIENTED_EDGE('',*,*,#2369,.F.);
#962=ORIENTED_EDGE('',*,*,#2370,.F.);
#963=ORIENTED_EDGE('',*,*,#2371,.F.);
#964=ORIENTED_EDGE('',*,*,#2305,.F.);
#965=ORIENTED_EDGE('',*,*,#1895,.F.);
#966=ORIENTED_EDGE('',*,*,#2372,.F.);
#967=ORIENTED_EDGE('',*,*,#2373,.T.);
#968=ORIENTED_EDGE('',*,*,#2374,.T.);
#969=ORIENTED_EDGE('',*,*,#2375,.T.);
#970=ORIENTED_EDGE('',*,*,#2376,.F.);
#971=ORIENTED_EDGE('',*,*,#2377,.T.);
#972=ORIENTED_EDGE('',*,*,#2378,.F.);
#973=ORIENTED_EDGE('',*,*,#2379,.T.);
#974=ORIENTED_EDGE('',*,*,#2380,.F.);
#975=ORIENTED_EDGE('',*,*,#2381,.T.);
#976=ORIENTED_EDGE('',*,*,#2382,.T.);
#977=ORIENTED_EDGE('',*,*,#2383,.T.);
#978=ORIENTED_EDGE('',*,*,#2382,.F.);
#979=ORIENTED_EDGE('',*,*,#2384,.T.);
#980=ORIENTED_EDGE('',*,*,#2385,.F.);
#981=ORIENTED_EDGE('',*,*,#2386,.T.);
#982=ORIENTED_EDGE('',*,*,#2372,.T.);
#983=ORIENTED_EDGE('',*,*,#2387,.T.);
#984=ORIENTED_EDGE('',*,*,#2378,.T.);
#985=ORIENTED_EDGE('',*,*,#2388,.T.);
#986=ORIENTED_EDGE('',*,*,#2389,.F.);
#987=ORIENTED_EDGE('',*,*,#2390,.T.);
#988=ORIENTED_EDGE('',*,*,#2380,.T.);
#989=ORIENTED_EDGE('',*,*,#2391,.T.);
#990=ORIENTED_EDGE('',*,*,#2376,.T.);
#991=ORIENTED_EDGE('',*,*,#2392,.T.);
#992=ORIENTED_EDGE('',*,*,#2374,.F.);
#993=ORIENTED_EDGE('',*,*,#2393,.T.);
#994=ORIENTED_EDGE('',*,*,#2389,.T.);
#995=ORIENTED_EDGE('',*,*,#2394,.T.);
#996=ORIENTED_EDGE('',*,*,#2385,.T.);
#997=ORIENTED_EDGE('',*,*,#2395,.T.);
#998=ORIENTED_EDGE('',*,*,#2312,.T.);
#999=ORIENTED_EDGE('',*,*,#2396,.F.);
#1000=ORIENTED_EDGE('',*,*,#2286,.F.);
#1001=ORIENTED_EDGE('',*,*,#2397,.T.);
#1002=ORIENTED_EDGE('',*,*,#2311,.T.);
#1003=ORIENTED_EDGE('',*,*,#2398,.F.);
#1004=ORIENTED_EDGE('',*,*,#2287,.F.);
#1005=ORIENTED_EDGE('',*,*,#2396,.T.);
#1006=ORIENTED_EDGE('',*,*,#1952,.T.);
#1007=ORIENTED_EDGE('',*,*,#2399,.F.);
#1008=ORIENTED_EDGE('',*,*,#2400,.F.);
#1009=ORIENTED_EDGE('',*,*,#2401,.F.);
#1010=ORIENTED_EDGE('',*,*,#2271,.F.);
#1011=ORIENTED_EDGE('',*,*,#2402,.F.);
#1012=ORIENTED_EDGE('',*,*,#2303,.T.);
#1013=ORIENTED_EDGE('',*,*,#2403,.F.);
#1014=ORIENTED_EDGE('',*,*,#2323,.T.);
#1015=ORIENTED_EDGE('',*,*,#2301,.F.);
#1016=ORIENTED_EDGE('',*,*,#2272,.F.);
#1017=ORIENTED_EDGE('',*,*,#2403,.T.);
#1018=ORIENTED_EDGE('',*,*,#2285,.F.);
#1019=ORIENTED_EDGE('',*,*,#2404,.F.);
#1020=ORIENTED_EDGE('',*,*,#2235,.T.);
#1021=ORIENTED_EDGE('',*,*,#2313,.T.);
#1022=ORIENTED_EDGE('',*,*,#2397,.F.);
#1023=ORIENTED_EDGE('',*,*,#2400,.T.);
#1024=ORIENTED_EDGE('',*,*,#2405,.F.);
#1025=ORIENTED_EDGE('',*,*,#1954,.F.);
#1026=ORIENTED_EDGE('',*,*,#2406,.F.);
#1027=ORIENTED_EDGE('',*,*,#1921,.F.);
#1028=ORIENTED_EDGE('',*,*,#2407,.F.);
#1029=ORIENTED_EDGE('',*,*,#2267,.T.);
#1030=ORIENTED_EDGE('',*,*,#2408,.T.);
#1031=ORIENTED_EDGE('',*,*,#1939,.F.);
#1032=ORIENTED_EDGE('',*,*,#2409,.F.);
#1033=ORIENTED_EDGE('',*,*,#2332,.F.);
#1034=ORIENTED_EDGE('',*,*,#2410,.T.);
#1035=ORIENTED_EDGE('',*,*,#1911,.F.);
#1036=ORIENTED_EDGE('',*,*,#2411,.T.);
#1037=ORIENTED_EDGE('',*,*,#2352,.T.);
#1038=ORIENTED_EDGE('',*,*,#2412,.T.);
#1039=ORIENTED_EDGE('',*,*,#1949,.F.);
#1040=ORIENTED_EDGE('',*,*,#2413,.F.);
#1041=ORIENTED_EDGE('',*,*,#2328,.F.);
#1042=ORIENTED_EDGE('',*,*,#2414,.T.);
#1043=ORIENTED_EDGE('',*,*,#1912,.T.);
#1044=ORIENTED_EDGE('',*,*,#2414,.F.);
#1045=ORIENTED_EDGE('',*,*,#2327,.F.);
#1046=ORIENTED_EDGE('',*,*,#2344,.T.);
#1047=ORIENTED_EDGE('',*,*,#1948,.T.);
#1048=ORIENTED_EDGE('',*,*,#2350,.F.);
#1049=ORIENTED_EDGE('',*,*,#2329,.F.);
#1050=ORIENTED_EDGE('',*,*,#2413,.T.);
#1051=ORIENTED_EDGE('',*,*,#1922,.T.);
#1052=ORIENTED_EDGE('',*,*,#2410,.F.);
#1053=ORIENTED_EDGE('',*,*,#2331,.F.);
#1054=ORIENTED_EDGE('',*,*,#2349,.T.);
#1055=ORIENTED_EDGE('',*,*,#1938,.T.);
#1056=ORIENTED_EDGE('',*,*,#2345,.F.);
#1057=ORIENTED_EDGE('',*,*,#2333,.F.);
#1058=ORIENTED_EDGE('',*,*,#2409,.T.);
#1059=ORIENTED_EDGE('',*,*,#1924,.T.);
#1060=ORIENTED_EDGE('',*,*,#2348,.F.);
#1061=ORIENTED_EDGE('',*,*,#2340,.F.);
#1062=ORIENTED_EDGE('',*,*,#1956,.T.);
#1063=ORIENTED_EDGE('',*,*,#1946,.T.);
#1064=ORIENTED_EDGE('',*,*,#1962,.F.);
#1065=ORIENTED_EDGE('',*,*,#2342,.F.);
#1066=ORIENTED_EDGE('',*,*,#2351,.T.);
#1067=ORIENTED_EDGE('',*,*,#1914,.T.);
#1068=ORIENTED_EDGE('',*,*,#2343,.F.);
#1069=ORIENTED_EDGE('',*,*,#2415,.F.);
#1070=ORIENTED_EDGE('',*,*,#1973,.T.);
#1071=ORIENTED_EDGE('',*,*,#1936,.T.);
#1072=ORIENTED_EDGE('',*,*,#1975,.F.);
#1073=ORIENTED_EDGE('',*,*,#2416,.F.);
#1074=ORIENTED_EDGE('',*,*,#2346,.T.);
#1075=ORIENTED_EDGE('',*,*,#1974,.T.);
#1076=ORIENTED_EDGE('',*,*,#2415,.T.);
#1077=ORIENTED_EDGE('',*,*,#2347,.T.);
#1078=ORIENTED_EDGE('',*,*,#2416,.T.);
#1079=ORIENTED_EDGE('',*,*,#2338,.T.);
#1080=ORIENTED_EDGE('',*,*,#2417,.F.);
#1081=ORIENTED_EDGE('',*,*,#2418,.F.);
#1082=ORIENTED_EDGE('',*,*,#2419,.T.);
#1083=ORIENTED_EDGE('',*,*,#2337,.T.);
#1084=ORIENTED_EDGE('',*,*,#1960,.F.);
#1085=ORIENTED_EDGE('',*,*,#2420,.F.);
#1086=ORIENTED_EDGE('',*,*,#2417,.T.);
#1087=ORIENTED_EDGE('',*,*,#2339,.T.);
#1088=ORIENTED_EDGE('',*,*,#2419,.F.);
#1089=ORIENTED_EDGE('',*,*,#2421,.F.);
#1090=ORIENTED_EDGE('',*,*,#1958,.T.);
#1091=ORIENTED_EDGE('',*,*,#2418,.T.);
#1092=ORIENTED_EDGE('',*,*,#2420,.T.);
#1093=ORIENTED_EDGE('',*,*,#1959,.T.);
#1094=ORIENTED_EDGE('',*,*,#2421,.T.);
#1095=ORIENTED_EDGE('',*,*,#2325,.F.);
#1096=ORIENTED_EDGE('',*,*,#2422,.T.);
#1097=ORIENTED_EDGE('',*,*,#2336,.T.);
#1098=ORIENTED_EDGE('',*,*,#2423,.F.);
#1099=ORIENTED_EDGE('',*,*,#2424,.T.);
#1100=ORIENTED_EDGE('',*,*,#2425,.F.);
#1101=ORIENTED_EDGE('',*,*,#1993,.F.);
#1102=ORIENTED_EDGE('',*,*,#2392,.F.);
#1103=ORIENTED_EDGE('',*,*,#2379,.F.);
#1104=ORIENTED_EDGE('',*,*,#2387,.F.);
#1105=ORIENTED_EDGE('',*,*,#2375,.F.);
#1106=ORIENTED_EDGE('',*,*,#2371,.T.);
#1107=ORIENTED_EDGE('',*,*,#2426,.F.);
#1108=ORIENTED_EDGE('',*,*,#2427,.F.);
#1109=ORIENTED_EDGE('',*,*,#2306,.T.);
#1110=ORIENTED_EDGE('',*,*,#2369,.T.);
#1111=ORIENTED_EDGE('',*,*,#2308,.F.);
#1112=ORIENTED_EDGE('',*,*,#2428,.F.);
#1113=ORIENTED_EDGE('',*,*,#2429,.T.);
#1114=ORIENTED_EDGE('',*,*,#2426,.T.);
#1115=ORIENTED_EDGE('',*,*,#2370,.T.);
#1116=ORIENTED_EDGE('',*,*,#2429,.F.);
#1117=ORIENTED_EDGE('',*,*,#2430,.F.);
#1118=ORIENTED_EDGE('',*,*,#2427,.T.);
#1119=ORIENTED_EDGE('',*,*,#2430,.T.);
#1120=ORIENTED_EDGE('',*,*,#2428,.T.);
#1121=ORIENTED_EDGE('',*,*,#2307,.T.);
#1122=ORIENTED_EDGE('',*,*,#2246,.T.);
#1123=ORIENTED_EDGE('',*,*,#2319,.T.);
#1124=ORIENTED_EDGE('',*,*,#2431,.F.);
#1125=ORIENTED_EDGE('',*,*,#2432,.F.);
#1126=ORIENTED_EDGE('',*,*,#2433,.T.);
#1127=ORIENTED_EDGE('',*,*,#2318,.T.);
#1128=ORIENTED_EDGE('',*,*,#2434,.F.);
#1129=ORIENTED_EDGE('',*,*,#2435,.F.);
#1130=ORIENTED_EDGE('',*,*,#2431,.T.);
#1131=ORIENTED_EDGE('',*,*,#2317,.T.);
#1132=ORIENTED_EDGE('',*,*,#2248,.T.);
#1133=ORIENTED_EDGE('',*,*,#2436,.F.);
#1134=ORIENTED_EDGE('',*,*,#2437,.F.);
#1135=ORIENTED_EDGE('',*,*,#2434,.T.);
#1136=ORIENTED_EDGE('',*,*,#2247,.T.);
#1137=ORIENTED_EDGE('',*,*,#2433,.F.);
#1138=ORIENTED_EDGE('',*,*,#2438,.F.);
#1139=ORIENTED_EDGE('',*,*,#2439,.F.);
#1140=ORIENTED_EDGE('',*,*,#2440,.F.);
#1141=ORIENTED_EDGE('',*,*,#2436,.T.);
#1142=ORIENTED_EDGE('',*,*,#2441,.F.);
#1143=ORIENTED_EDGE('',*,*,#2442,.F.);
#1144=ORIENTED_EDGE('',*,*,#2443,.F.);
#1145=ORIENTED_EDGE('',*,*,#2438,.T.);
#1146=ORIENTED_EDGE('',*,*,#2432,.T.);
#1147=ORIENTED_EDGE('',*,*,#2435,.T.);
#1148=ORIENTED_EDGE('',*,*,#2437,.T.);
#1149=ORIENTED_EDGE('',*,*,#2440,.T.);
#1150=ORIENTED_EDGE('',*,*,#2444,.F.);
#1151=ORIENTED_EDGE('',*,*,#2445,.T.);
#1152=ORIENTED_EDGE('',*,*,#2446,.F.);
#1153=ORIENTED_EDGE('',*,*,#2447,.F.);
#1154=ORIENTED_EDGE('',*,*,#2448,.F.);
#1155=ORIENTED_EDGE('',*,*,#2232,.T.);
#1156=ORIENTED_EDGE('',*,*,#2316,.T.);
#1157=ORIENTED_EDGE('',*,*,#2449,.F.);
#1158=ORIENTED_EDGE('',*,*,#2450,.F.);
#1159=ORIENTED_EDGE('',*,*,#2451,.T.);
#1160=ORIENTED_EDGE('',*,*,#2315,.T.);
#1161=ORIENTED_EDGE('',*,*,#2452,.F.);
#1162=ORIENTED_EDGE('',*,*,#2453,.F.);
#1163=ORIENTED_EDGE('',*,*,#2449,.T.);
#1164=ORIENTED_EDGE('',*,*,#2314,.T.);
#1165=ORIENTED_EDGE('',*,*,#2234,.T.);
#1166=ORIENTED_EDGE('',*,*,#2454,.F.);
#1167=ORIENTED_EDGE('',*,*,#2455,.F.);
#1168=ORIENTED_EDGE('',*,*,#2452,.T.);
#1169=ORIENTED_EDGE('',*,*,#2233,.T.);
#1170=ORIENTED_EDGE('',*,*,#2451,.F.);
#1171=ORIENTED_EDGE('',*,*,#2456,.F.);
#1172=ORIENTED_EDGE('',*,*,#2457,.F.);
#1173=ORIENTED_EDGE('',*,*,#2458,.F.);
#1174=ORIENTED_EDGE('',*,*,#2454,.T.);
#1175=ORIENTED_EDGE('',*,*,#2459,.F.);
#1176=ORIENTED_EDGE('',*,*,#2460,.F.);
#1177=ORIENTED_EDGE('',*,*,#2461,.F.);
#1178=ORIENTED_EDGE('',*,*,#2456,.T.);
#1179=ORIENTED_EDGE('',*,*,#2450,.T.);
#1180=ORIENTED_EDGE('',*,*,#2453,.T.);
#1181=ORIENTED_EDGE('',*,*,#2455,.T.);
#1182=ORIENTED_EDGE('',*,*,#2458,.T.);
#1183=ORIENTED_EDGE('',*,*,#2462,.F.);
#1184=ORIENTED_EDGE('',*,*,#2463,.T.);
#1185=ORIENTED_EDGE('',*,*,#2464,.F.);
#1186=ORIENTED_EDGE('',*,*,#2465,.F.);
#1187=ORIENTED_EDGE('',*,*,#2466,.F.);
#1188=ORIENTED_EDGE('',*,*,#2260,.T.);
#1189=ORIENTED_EDGE('',*,*,#2322,.T.);
#1190=ORIENTED_EDGE('',*,*,#2467,.F.);
#1191=ORIENTED_EDGE('',*,*,#2468,.F.);
#1192=ORIENTED_EDGE('',*,*,#2469,.T.);
#1193=ORIENTED_EDGE('',*,*,#2321,.T.);
#1194=ORIENTED_EDGE('',*,*,#2470,.F.);
#1195=ORIENTED_EDGE('',*,*,#2471,.F.);
#1196=ORIENTED_EDGE('',*,*,#2467,.T.);
#1197=ORIENTED_EDGE('',*,*,#2320,.T.);
#1198=ORIENTED_EDGE('',*,*,#2262,.T.);
#1199=ORIENTED_EDGE('',*,*,#2472,.F.);
#1200=ORIENTED_EDGE('',*,*,#2473,.F.);
#1201=ORIENTED_EDGE('',*,*,#2470,.T.);
#1202=ORIENTED_EDGE('',*,*,#2261,.T.);
#1203=ORIENTED_EDGE('',*,*,#2469,.F.);
#1204=ORIENTED_EDGE('',*,*,#2474,.F.);
#1205=ORIENTED_EDGE('',*,*,#2475,.F.);
#1206=ORIENTED_EDGE('',*,*,#2476,.F.);
#1207=ORIENTED_EDGE('',*,*,#2472,.T.);
#1208=ORIENTED_EDGE('',*,*,#2477,.F.);
#1209=ORIENTED_EDGE('',*,*,#2478,.F.);
#1210=ORIENTED_EDGE('',*,*,#2479,.F.);
#1211=ORIENTED_EDGE('',*,*,#2474,.T.);
#1212=ORIENTED_EDGE('',*,*,#2468,.T.);
#1213=ORIENTED_EDGE('',*,*,#2471,.T.);
#1214=ORIENTED_EDGE('',*,*,#2473,.T.);
#1215=ORIENTED_EDGE('',*,*,#2476,.T.);
#1216=ORIENTED_EDGE('',*,*,#2480,.F.);
#1217=ORIENTED_EDGE('',*,*,#2481,.T.);
#1218=ORIENTED_EDGE('',*,*,#2482,.F.);
#1219=ORIENTED_EDGE('',*,*,#2483,.F.);
#1220=ORIENTED_EDGE('',*,*,#2484,.F.);
#1221=ORIENTED_EDGE('',*,*,#2485,.T.);
#1222=ORIENTED_EDGE('',*,*,#2466,.T.);
#1223=ORIENTED_EDGE('',*,*,#2486,.T.);
#1224=ORIENTED_EDGE('',*,*,#2448,.T.);
#1225=ORIENTED_EDGE('',*,*,#2487,.T.);
#1226=ORIENTED_EDGE('',*,*,#2484,.T.);
#1227=ORIENTED_EDGE('',*,*,#2238,.T.);
#1228=ORIENTED_EDGE('',*,*,#2488,.T.);
#1229=ORIENTED_EDGE('',*,*,#2489,.T.);
#1230=ORIENTED_EDGE('',*,*,#2464,.T.);
#1231=ORIENTED_EDGE('',*,*,#2490,.T.);
#1232=ORIENTED_EDGE('',*,*,#2491,.T.);
#1233=ORIENTED_EDGE('',*,*,#2492,.T.);
#1234=ORIENTED_EDGE('',*,*,#2465,.T.);
#1235=ORIENTED_EDGE('',*,*,#2489,.F.);
#1236=ORIENTED_EDGE('',*,*,#2493,.T.);
#1237=ORIENTED_EDGE('',*,*,#2228,.T.);
#1238=ORIENTED_EDGE('',*,*,#2494,.T.);
#1239=ORIENTED_EDGE('',*,*,#2462,.T.);
#1240=ORIENTED_EDGE('',*,*,#2492,.F.);
#1241=ORIENTED_EDGE('',*,*,#2495,.T.);
#1242=ORIENTED_EDGE('',*,*,#2496,.T.);
#1243=ORIENTED_EDGE('',*,*,#2497,.F.);
#1244=ORIENTED_EDGE('',*,*,#2498,.F.);
#1245=ORIENTED_EDGE('',*,*,#2499,.F.);
#1246=ORIENTED_EDGE('',*,*,#2493,.F.);
#1247=ORIENTED_EDGE('',*,*,#2491,.F.);
#1248=ORIENTED_EDGE('',*,*,#2488,.F.);
#1249=ORIENTED_EDGE('',*,*,#2252,.T.);
#1250=ORIENTED_EDGE('',*,*,#2500,.T.);
#1251=ORIENTED_EDGE('',*,*,#2501,.T.);
#1252=ORIENTED_EDGE('',*,*,#2446,.T.);
#1253=ORIENTED_EDGE('',*,*,#2502,.T.);
#1254=ORIENTED_EDGE('',*,*,#2503,.T.);
#1255=ORIENTED_EDGE('',*,*,#2504,.T.);
#1256=ORIENTED_EDGE('',*,*,#2447,.T.);
#1257=ORIENTED_EDGE('',*,*,#2501,.F.);
#1258=ORIENTED_EDGE('',*,*,#2505,.T.);
#1259=ORIENTED_EDGE('',*,*,#2242,.T.);
#1260=ORIENTED_EDGE('',*,*,#2506,.T.);
#1261=ORIENTED_EDGE('',*,*,#2444,.T.);
#1262=ORIENTED_EDGE('',*,*,#2504,.F.);
#1263=ORIENTED_EDGE('',*,*,#2507,.T.);
#1264=ORIENTED_EDGE('',*,*,#2508,.T.);
#1265=ORIENTED_EDGE('',*,*,#2509,.F.);
#1266=ORIENTED_EDGE('',*,*,#2510,.F.);
#1267=ORIENTED_EDGE('',*,*,#2511,.F.);
#1268=ORIENTED_EDGE('',*,*,#2505,.F.);
#1269=ORIENTED_EDGE('',*,*,#2503,.F.);
#1270=ORIENTED_EDGE('',*,*,#2500,.F.);
#1271=ORIENTED_EDGE('',*,*,#2266,.T.);
#1272=ORIENTED_EDGE('',*,*,#2512,.T.);
#1273=ORIENTED_EDGE('',*,*,#2513,.T.);
#1274=ORIENTED_EDGE('',*,*,#2482,.T.);
#1275=ORIENTED_EDGE('',*,*,#2514,.T.);
#1276=ORIENTED_EDGE('',*,*,#2515,.T.);
#1277=ORIENTED_EDGE('',*,*,#2516,.T.);
#1278=ORIENTED_EDGE('',*,*,#2483,.T.);
#1279=ORIENTED_EDGE('',*,*,#2513,.F.);
#1280=ORIENTED_EDGE('',*,*,#2517,.T.);
#1281=ORIENTED_EDGE('',*,*,#2256,.T.);
#1282=ORIENTED_EDGE('',*,*,#2518,.T.);
#1283=ORIENTED_EDGE('',*,*,#2480,.T.);
#1284=ORIENTED_EDGE('',*,*,#2516,.F.);
#1285=ORIENTED_EDGE('',*,*,#2519,.T.);
#1286=ORIENTED_EDGE('',*,*,#2520,.T.);
#1287=ORIENTED_EDGE('',*,*,#2521,.F.);
#1288=ORIENTED_EDGE('',*,*,#2522,.F.);
#1289=ORIENTED_EDGE('',*,*,#2523,.F.);
#1290=ORIENTED_EDGE('',*,*,#2517,.F.);
#1291=ORIENTED_EDGE('',*,*,#2515,.F.);
#1292=ORIENTED_EDGE('',*,*,#2512,.F.);
#1293=ORIENTED_EDGE('',*,*,#2524,.F.);
#1294=ORIENTED_EDGE('',*,*,#2525,.T.);
#1295=ORIENTED_EDGE('',*,*,#2526,.F.);
#1296=ORIENTED_EDGE('',*,*,#2457,.T.);
#1297=ORIENTED_EDGE('',*,*,#2527,.F.);
#1298=ORIENTED_EDGE('',*,*,#2528,.T.);
#1299=ORIENTED_EDGE('',*,*,#2529,.F.);
#1300=ORIENTED_EDGE('',*,*,#2530,.T.);
#1301=ORIENTED_EDGE('',*,*,#2459,.T.);
#1302=ORIENTED_EDGE('',*,*,#2526,.T.);
#1303=ORIENTED_EDGE('',*,*,#2531,.T.);
#1304=ORIENTED_EDGE('',*,*,#2532,.F.);
#1305=ORIENTED_EDGE('',*,*,#2533,.T.);
#1306=ORIENTED_EDGE('',*,*,#2524,.T.);
#1307=ORIENTED_EDGE('',*,*,#2534,.T.);
#1308=ORIENTED_EDGE('',*,*,#2461,.T.);
#1309=ORIENTED_EDGE('',*,*,#2535,.T.);
#1310=ORIENTED_EDGE('',*,*,#2536,.F.);
#1311=ORIENTED_EDGE('',*,*,#2537,.T.);
#1312=ORIENTED_EDGE('',*,*,#2527,.T.);
#1313=ORIENTED_EDGE('',*,*,#2536,.T.);
#1314=ORIENTED_EDGE('',*,*,#2538,.T.);
#1315=ORIENTED_EDGE('',*,*,#2529,.T.);
#1316=ORIENTED_EDGE('',*,*,#2539,.T.);
#1317=ORIENTED_EDGE('',*,*,#2532,.T.);
#1318=ORIENTED_EDGE('',*,*,#2540,.T.);
#1319=ORIENTED_EDGE('',*,*,#2541,.F.);
#1320=ORIENTED_EDGE('',*,*,#2542,.T.);
#1321=ORIENTED_EDGE('',*,*,#2543,.F.);
#1322=ORIENTED_EDGE('',*,*,#2439,.T.);
#1323=ORIENTED_EDGE('',*,*,#2544,.F.);
#1324=ORIENTED_EDGE('',*,*,#2545,.T.);
#1325=ORIENTED_EDGE('',*,*,#2546,.F.);
#1326=ORIENTED_EDGE('',*,*,#2547,.T.);
#1327=ORIENTED_EDGE('',*,*,#2441,.T.);
#1328=ORIENTED_EDGE('',*,*,#2543,.T.);
#1329=ORIENTED_EDGE('',*,*,#2548,.T.);
#1330=ORIENTED_EDGE('',*,*,#2549,.F.);
#1331=ORIENTED_EDGE('',*,*,#2550,.T.);
#1332=ORIENTED_EDGE('',*,*,#2541,.T.);
#1333=ORIENTED_EDGE('',*,*,#2551,.T.);
#1334=ORIENTED_EDGE('',*,*,#2443,.T.);
#1335=ORIENTED_EDGE('',*,*,#2552,.T.);
#1336=ORIENTED_EDGE('',*,*,#2553,.F.);
#1337=ORIENTED_EDGE('',*,*,#2554,.T.);
#1338=ORIENTED_EDGE('',*,*,#2544,.T.);
#1339=ORIENTED_EDGE('',*,*,#2553,.T.);
#1340=ORIENTED_EDGE('',*,*,#2555,.T.);
#1341=ORIENTED_EDGE('',*,*,#2546,.T.);
#1342=ORIENTED_EDGE('',*,*,#2556,.T.);
#1343=ORIENTED_EDGE('',*,*,#2549,.T.);
#1344=ORIENTED_EDGE('',*,*,#2557,.T.);
#1345=ORIENTED_EDGE('',*,*,#2558,.F.);
#1346=ORIENTED_EDGE('',*,*,#2559,.T.);
#1347=ORIENTED_EDGE('',*,*,#2560,.F.);
#1348=ORIENTED_EDGE('',*,*,#2475,.T.);
#1349=ORIENTED_EDGE('',*,*,#2561,.F.);
#1350=ORIENTED_EDGE('',*,*,#2562,.T.);
#1351=ORIENTED_EDGE('',*,*,#2563,.F.);
#1352=ORIENTED_EDGE('',*,*,#2564,.T.);
#1353=ORIENTED_EDGE('',*,*,#2477,.T.);
#1354=ORIENTED_EDGE('',*,*,#2560,.T.);
#1355=ORIENTED_EDGE('',*,*,#2565,.T.);
#1356=ORIENTED_EDGE('',*,*,#2566,.F.);
#1357=ORIENTED_EDGE('',*,*,#2567,.T.);
#1358=ORIENTED_EDGE('',*,*,#2558,.T.);
#1359=ORIENTED_EDGE('',*,*,#2568,.T.);
#1360=ORIENTED_EDGE('',*,*,#2479,.T.);
#1361=ORIENTED_EDGE('',*,*,#2569,.T.);
#1362=ORIENTED_EDGE('',*,*,#2570,.F.);
#1363=ORIENTED_EDGE('',*,*,#2571,.T.);
#1364=ORIENTED_EDGE('',*,*,#2561,.T.);
#1365=ORIENTED_EDGE('',*,*,#2570,.T.);
#1366=ORIENTED_EDGE('',*,*,#2572,.T.);
#1367=ORIENTED_EDGE('',*,*,#2563,.T.);
#1368=ORIENTED_EDGE('',*,*,#2573,.T.);
#1369=ORIENTED_EDGE('',*,*,#2566,.T.);
#1370=ORIENTED_EDGE('',*,*,#2574,.T.);
#1371=ORIENTED_EDGE('',*,*,#2258,.T.);
#1372=ORIENTED_EDGE('',*,*,#2575,.T.);
#1373=ORIENTED_EDGE('',*,*,#2274,.T.);
#1374=ORIENTED_EDGE('',*,*,#2300,.F.);
#1375=ORIENTED_EDGE('',*,*,#2257,.T.);
#1376=ORIENTED_EDGE('',*,*,#2523,.T.);
#1377=ORIENTED_EDGE('',*,*,#2265,.T.);
#1378=ORIENTED_EDGE('',*,*,#2576,.T.);
#1379=ORIENTED_EDGE('',*,*,#2275,.T.);
#1380=ORIENTED_EDGE('',*,*,#2575,.F.);
#1381=ORIENTED_EDGE('',*,*,#2264,.T.);
#1382=ORIENTED_EDGE('',*,*,#2298,.T.);
#1383=ORIENTED_EDGE('',*,*,#2276,.T.);
#1384=ORIENTED_EDGE('',*,*,#2576,.F.);
#1385=ORIENTED_EDGE('',*,*,#2244,.T.);
#1386=ORIENTED_EDGE('',*,*,#2577,.T.);
#1387=ORIENTED_EDGE('',*,*,#2278,.T.);
#1388=ORIENTED_EDGE('',*,*,#2297,.F.);
#1389=ORIENTED_EDGE('',*,*,#2243,.T.);
#1390=ORIENTED_EDGE('',*,*,#2511,.T.);
#1391=ORIENTED_EDGE('',*,*,#2251,.T.);
#1392=ORIENTED_EDGE('',*,*,#2578,.T.);
#1393=ORIENTED_EDGE('',*,*,#2279,.T.);
#1394=ORIENTED_EDGE('',*,*,#2577,.F.);
#1395=ORIENTED_EDGE('',*,*,#2250,.T.);
#1396=ORIENTED_EDGE('',*,*,#2295,.T.);
#1397=ORIENTED_EDGE('',*,*,#2280,.T.);
#1398=ORIENTED_EDGE('',*,*,#2578,.F.);
#1399=ORIENTED_EDGE('',*,*,#2230,.T.);
#1400=ORIENTED_EDGE('',*,*,#2579,.T.);
#1401=ORIENTED_EDGE('',*,*,#2282,.T.);
#1402=ORIENTED_EDGE('',*,*,#2294,.F.);
#1403=ORIENTED_EDGE('',*,*,#2229,.T.);
#1404=ORIENTED_EDGE('',*,*,#2499,.T.);
#1405=ORIENTED_EDGE('',*,*,#2237,.T.);
#1406=ORIENTED_EDGE('',*,*,#2580,.T.);
#1407=ORIENTED_EDGE('',*,*,#2283,.T.);
#1408=ORIENTED_EDGE('',*,*,#2579,.F.);
#1409=ORIENTED_EDGE('',*,*,#2236,.T.);
#1410=ORIENTED_EDGE('',*,*,#2404,.T.);
#1411=ORIENTED_EDGE('',*,*,#2284,.T.);
#1412=ORIENTED_EDGE('',*,*,#2580,.F.);
#1413=ORIENTED_EDGE('',*,*,#2581,.T.);
#1414=ORIENTED_EDGE('',*,*,#2582,.T.);
#1415=ORIENTED_EDGE('',*,*,#2583,.T.);
#1416=ORIENTED_EDGE('',*,*,#2584,.T.);
#1417=ORIENTED_EDGE('',*,*,#2585,.T.);
#1418=ORIENTED_EDGE('',*,*,#2586,.T.);
#1419=ORIENTED_EDGE('',*,*,#2587,.F.);
#1420=ORIENTED_EDGE('',*,*,#2521,.T.);
#1421=ORIENTED_EDGE('',*,*,#2255,.T.);
#1422=ORIENTED_EDGE('',*,*,#2588,.T.);
#1423=ORIENTED_EDGE('',*,*,#2589,.F.);
#1424=ORIENTED_EDGE('',*,*,#2589,.T.);
#1425=ORIENTED_EDGE('',*,*,#2590,.T.);
#1426=ORIENTED_EDGE('',*,*,#2591,.F.);
#1427=ORIENTED_EDGE('',*,*,#2592,.F.);
#1428=ORIENTED_EDGE('',*,*,#2593,.F.);
#1429=ORIENTED_EDGE('',*,*,#2591,.T.);
#1430=ORIENTED_EDGE('',*,*,#2594,.T.);
#1431=ORIENTED_EDGE('',*,*,#2253,.T.);
#1432=ORIENTED_EDGE('',*,*,#2519,.F.);
#1433=ORIENTED_EDGE('',*,*,#2522,.T.);
#1434=ORIENTED_EDGE('',*,*,#2587,.T.);
#1435=ORIENTED_EDGE('',*,*,#2592,.T.);
#1436=ORIENTED_EDGE('',*,*,#2593,.T.);
#1437=ORIENTED_EDGE('',*,*,#2595,.F.);
#1438=ORIENTED_EDGE('',*,*,#2509,.T.);
#1439=ORIENTED_EDGE('',*,*,#2241,.T.);
#1440=ORIENTED_EDGE('',*,*,#2596,.T.);
#1441=ORIENTED_EDGE('',*,*,#2597,.F.);
#1442=ORIENTED_EDGE('',*,*,#2597,.T.);
#1443=ORIENTED_EDGE('',*,*,#2598,.T.);
#1444=ORIENTED_EDGE('',*,*,#2599,.F.);
#1445=ORIENTED_EDGE('',*,*,#2600,.F.);
#1446=ORIENTED_EDGE('',*,*,#2601,.F.);
#1447=ORIENTED_EDGE('',*,*,#2599,.T.);
#1448=ORIENTED_EDGE('',*,*,#2602,.T.);
#1449=ORIENTED_EDGE('',*,*,#2239,.T.);
#1450=ORIENTED_EDGE('',*,*,#2507,.F.);
#1451=ORIENTED_EDGE('',*,*,#2510,.T.);
#1452=ORIENTED_EDGE('',*,*,#2595,.T.);
#1453=ORIENTED_EDGE('',*,*,#2600,.T.);
#1454=ORIENTED_EDGE('',*,*,#2601,.T.);
#1455=ORIENTED_EDGE('',*,*,#2603,.F.);
#1456=ORIENTED_EDGE('',*,*,#2497,.T.);
#1457=ORIENTED_EDGE('',*,*,#2227,.T.);
#1458=ORIENTED_EDGE('',*,*,#2604,.T.);
#1459=ORIENTED_EDGE('',*,*,#2605,.F.);
#1460=ORIENTED_EDGE('',*,*,#2605,.T.);
#1461=ORIENTED_EDGE('',*,*,#2606,.T.);
#1462=ORIENTED_EDGE('',*,*,#2607,.F.);
#1463=ORIENTED_EDGE('',*,*,#2608,.F.);
#1464=ORIENTED_EDGE('',*,*,#2609,.F.);
#1465=ORIENTED_EDGE('',*,*,#2607,.T.);
#1466=ORIENTED_EDGE('',*,*,#2610,.T.);
#1467=ORIENTED_EDGE('',*,*,#2225,.T.);
#1468=ORIENTED_EDGE('',*,*,#2495,.F.);
#1469=ORIENTED_EDGE('',*,*,#2498,.T.);
#1470=ORIENTED_EDGE('',*,*,#2603,.T.);
#1471=ORIENTED_EDGE('',*,*,#2608,.T.);
#1472=ORIENTED_EDGE('',*,*,#2609,.T.);
#1473=ORIENTED_EDGE('',*,*,#1990,.F.);
#1474=ORIENTED_EDGE('',*,*,#1999,.F.);
#1475=ORIENTED_EDGE('',*,*,#2024,.T.);
#1476=ORIENTED_EDGE('',*,*,#2029,.F.);
#1477=ORIENTED_EDGE('',*,*,#2032,.F.);
#1478=ORIENTED_EDGE('',*,*,#2035,.F.);
#1479=ORIENTED_EDGE('',*,*,#2038,.T.);
#1480=ORIENTED_EDGE('',*,*,#2043,.F.);
#1481=ORIENTED_EDGE('',*,*,#2046,.F.);
#1482=ORIENTED_EDGE('',*,*,#2049,.F.);
#1483=ORIENTED_EDGE('',*,*,#2052,.T.);
#1484=ORIENTED_EDGE('',*,*,#2057,.F.);
#1485=ORIENTED_EDGE('',*,*,#2060,.F.);
#1486=ORIENTED_EDGE('',*,*,#2063,.F.);
#1487=ORIENTED_EDGE('',*,*,#2066,.T.);
#1488=ORIENTED_EDGE('',*,*,#2069,.F.);
#1489=ORIENTED_EDGE('',*,*,#2074,.F.);
#1490=ORIENTED_EDGE('',*,*,#2077,.F.);
#1491=ORIENTED_EDGE('',*,*,#2080,.T.);
#1492=ORIENTED_EDGE('',*,*,#2085,.F.);
#1493=ORIENTED_EDGE('',*,*,#2088,.F.);
#1494=ORIENTED_EDGE('',*,*,#2091,.F.);
#1495=ORIENTED_EDGE('',*,*,#2094,.T.);
#1496=ORIENTED_EDGE('',*,*,#2099,.F.);
#1497=ORIENTED_EDGE('',*,*,#2102,.F.);
#1498=ORIENTED_EDGE('',*,*,#2105,.F.);
#1499=ORIENTED_EDGE('',*,*,#2107,.T.);
#1500=ORIENTED_EDGE('',*,*,#2004,.F.);
#1501=ORIENTED_EDGE('',*,*,#2008,.F.);
#1502=ORIENTED_EDGE('',*,*,#2011,.F.);
#1503=ORIENTED_EDGE('',*,*,#2014,.T.);
#1504=ORIENTED_EDGE('',*,*,#2019,.F.);
#1505=ORIENTED_EDGE('',*,*,#2021,.F.);
#1506=ORIENTED_EDGE('',*,*,#1995,.F.);
#1507=ORIENTED_EDGE('',*,*,#1986,.F.);
#1508=ORIENTED_EDGE('',*,*,#2113,.F.);
#1509=ORIENTED_EDGE('',*,*,#2221,.T.);
#1510=ORIENTED_EDGE('',*,*,#2218,.F.);
#1511=ORIENTED_EDGE('',*,*,#2213,.F.);
#1512=ORIENTED_EDGE('',*,*,#2210,.F.);
#1513=ORIENTED_EDGE('',*,*,#2208,.T.);
#1514=ORIENTED_EDGE('',*,*,#2204,.F.);
#1515=ORIENTED_EDGE('',*,*,#2199,.F.);
#1516=ORIENTED_EDGE('',*,*,#2196,.F.);
#1517=ORIENTED_EDGE('',*,*,#2194,.T.);
#1518=ORIENTED_EDGE('',*,*,#2190,.F.);
#1519=ORIENTED_EDGE('',*,*,#2185,.F.);
#1520=ORIENTED_EDGE('',*,*,#2182,.F.);
#1521=ORIENTED_EDGE('',*,*,#2180,.T.);
#1522=ORIENTED_EDGE('',*,*,#2174,.F.);
#1523=ORIENTED_EDGE('',*,*,#2171,.F.);
#1524=ORIENTED_EDGE('',*,*,#2168,.F.);
#1525=ORIENTED_EDGE('',*,*,#2166,.T.);
#1526=ORIENTED_EDGE('',*,*,#2162,.F.);
#1527=ORIENTED_EDGE('',*,*,#2157,.F.);
#1528=ORIENTED_EDGE('',*,*,#2154,.F.);
#1529=ORIENTED_EDGE('',*,*,#2152,.T.);
#1530=ORIENTED_EDGE('',*,*,#2148,.F.);
#1531=ORIENTED_EDGE('',*,*,#2143,.F.);
#1532=ORIENTED_EDGE('',*,*,#2140,.F.);
#1533=ORIENTED_EDGE('',*,*,#2138,.T.);
#1534=ORIENTED_EDGE('',*,*,#2134,.F.);
#1535=ORIENTED_EDGE('',*,*,#2129,.F.);
#1536=ORIENTED_EDGE('',*,*,#2126,.F.);
#1537=ORIENTED_EDGE('',*,*,#2124,.T.);
#1538=ORIENTED_EDGE('',*,*,#2120,.F.);
#1539=ORIENTED_EDGE('',*,*,#2115,.F.);
#1540=ORIENTED_EDGE('',*,*,#2109,.F.);
#1541=ORIENTED_EDGE('',*,*,#2223,.T.);
#1542=ORIENTED_EDGE('',*,*,#1982,.T.);
#1543=ORIENTED_EDGE('',*,*,#2108,.T.);
#1544=ORIENTED_EDGE('',*,*,#2114,.T.);
#1545=ORIENTED_EDGE('',*,*,#2119,.T.);
#1546=ORIENTED_EDGE('',*,*,#2118,.F.);
#1547=ORIENTED_EDGE('',*,*,#2117,.T.);
#1548=ORIENTED_EDGE('',*,*,#2123,.F.);
#1549=ORIENTED_EDGE('',*,*,#2125,.T.);
#1550=ORIENTED_EDGE('',*,*,#2128,.T.);
#1551=ORIENTED_EDGE('',*,*,#2133,.T.);
#1552=ORIENTED_EDGE('',*,*,#2132,.F.);
#1553=ORIENTED_EDGE('',*,*,#2131,.T.);
#1554=ORIENTED_EDGE('',*,*,#2137,.F.);
#1555=ORIENTED_EDGE('',*,*,#2139,.T.);
#1556=ORIENTED_EDGE('',*,*,#2142,.T.);
#1557=ORIENTED_EDGE('',*,*,#2147,.T.);
#1558=ORIENTED_EDGE('',*,*,#2146,.F.);
#1559=ORIENTED_EDGE('',*,*,#2145,.T.);
#1560=ORIENTED_EDGE('',*,*,#2151,.F.);
#1561=ORIENTED_EDGE('',*,*,#2153,.T.);
#1562=ORIENTED_EDGE('',*,*,#2156,.T.);
#1563=ORIENTED_EDGE('',*,*,#2161,.T.);
#1564=ORIENTED_EDGE('',*,*,#2160,.F.);
#1565=ORIENTED_EDGE('',*,*,#2159,.T.);
#1566=ORIENTED_EDGE('',*,*,#2165,.F.);
#1567=ORIENTED_EDGE('',*,*,#2167,.T.);
#1568=ORIENTED_EDGE('',*,*,#2170,.T.);
#1569=ORIENTED_EDGE('',*,*,#2173,.T.);
#1570=ORIENTED_EDGE('',*,*,#2177,.F.);
#1571=ORIENTED_EDGE('',*,*,#2176,.T.);
#1572=ORIENTED_EDGE('',*,*,#2179,.F.);
#1573=ORIENTED_EDGE('',*,*,#2181,.T.);
#1574=ORIENTED_EDGE('',*,*,#2184,.T.);
#1575=ORIENTED_EDGE('',*,*,#2189,.T.);
#1576=ORIENTED_EDGE('',*,*,#2188,.F.);
#1577=ORIENTED_EDGE('',*,*,#2187,.T.);
#1578=ORIENTED_EDGE('',*,*,#2193,.F.);
#1579=ORIENTED_EDGE('',*,*,#2195,.T.);
#1580=ORIENTED_EDGE('',*,*,#2198,.T.);
#1581=ORIENTED_EDGE('',*,*,#2203,.T.);
#1582=ORIENTED_EDGE('',*,*,#2202,.F.);
#1583=ORIENTED_EDGE('',*,*,#2201,.T.);
#1584=ORIENTED_EDGE('',*,*,#2207,.F.);
#1585=ORIENTED_EDGE('',*,*,#2209,.T.);
#1586=ORIENTED_EDGE('',*,*,#2212,.T.);
#1587=ORIENTED_EDGE('',*,*,#2217,.T.);
#1588=ORIENTED_EDGE('',*,*,#2216,.T.);
#1589=ORIENTED_EDGE('',*,*,#2215,.T.);
#1590=ORIENTED_EDGE('',*,*,#2220,.F.);
#1591=ORIENTED_EDGE('',*,*,#2111,.T.);
#1592=ORIENTED_EDGE('',*,*,#1984,.T.);
#1593=ORIENTED_EDGE('',*,*,#2224,.T.);
#1594=ORIENTED_EDGE('',*,*,#2002,.T.);
#1595=ORIENTED_EDGE('',*,*,#2001,.F.);
#1596=ORIENTED_EDGE('',*,*,#2000,.T.);
#1597=ORIENTED_EDGE('',*,*,#2106,.F.);
#1598=ORIENTED_EDGE('',*,*,#2103,.T.);
#1599=ORIENTED_EDGE('',*,*,#2100,.T.);
#1600=ORIENTED_EDGE('',*,*,#2097,.T.);
#1601=ORIENTED_EDGE('',*,*,#2096,.F.);
#1602=ORIENTED_EDGE('',*,*,#2095,.T.);
#1603=ORIENTED_EDGE('',*,*,#2092,.F.);
#1604=ORIENTED_EDGE('',*,*,#2089,.T.);
#1605=ORIENTED_EDGE('',*,*,#2086,.T.);
#1606=ORIENTED_EDGE('',*,*,#2083,.T.);
#1607=ORIENTED_EDGE('',*,*,#2082,.F.);
#1608=ORIENTED_EDGE('',*,*,#2081,.T.);
#1609=ORIENTED_EDGE('',*,*,#2078,.F.);
#1610=ORIENTED_EDGE('',*,*,#2075,.T.);
#1611=ORIENTED_EDGE('',*,*,#2072,.T.);
#1612=ORIENTED_EDGE('',*,*,#2067,.T.);
#1613=ORIENTED_EDGE('',*,*,#2071,.F.);
#1614=ORIENTED_EDGE('',*,*,#2070,.T.);
#1615=ORIENTED_EDGE('',*,*,#2064,.F.);
#1616=ORIENTED_EDGE('',*,*,#2061,.T.);
#1617=ORIENTED_EDGE('',*,*,#2058,.T.);
#1618=ORIENTED_EDGE('',*,*,#2055,.T.);
#1619=ORIENTED_EDGE('',*,*,#2054,.F.);
#1620=ORIENTED_EDGE('',*,*,#2053,.T.);
#1621=ORIENTED_EDGE('',*,*,#2050,.F.);
#1622=ORIENTED_EDGE('',*,*,#2047,.T.);
#1623=ORIENTED_EDGE('',*,*,#2044,.T.);
#1624=ORIENTED_EDGE('',*,*,#2041,.T.);
#1625=ORIENTED_EDGE('',*,*,#2040,.F.);
#1626=ORIENTED_EDGE('',*,*,#2039,.T.);
#1627=ORIENTED_EDGE('',*,*,#2036,.F.);
#1628=ORIENTED_EDGE('',*,*,#2033,.T.);
#1629=ORIENTED_EDGE('',*,*,#2030,.T.);
#1630=ORIENTED_EDGE('',*,*,#2027,.T.);
#1631=ORIENTED_EDGE('',*,*,#2026,.F.);
#1632=ORIENTED_EDGE('',*,*,#2025,.T.);
#1633=ORIENTED_EDGE('',*,*,#2022,.F.);
#1634=ORIENTED_EDGE('',*,*,#1997,.T.);
#1635=ORIENTED_EDGE('',*,*,#1988,.T.);
#1636=ORIENTED_EDGE('',*,*,#2425,.T.);
#1637=ORIENTED_EDGE('',*,*,#1992,.T.);
#1638=ORIENTED_EDGE('',*,*,#1994,.T.);
#1639=ORIENTED_EDGE('',*,*,#2020,.T.);
#1640=ORIENTED_EDGE('',*,*,#2017,.T.);
#1641=ORIENTED_EDGE('',*,*,#2016,.F.);
#1642=ORIENTED_EDGE('',*,*,#2015,.T.);
#1643=ORIENTED_EDGE('',*,*,#2012,.F.);
#1644=ORIENTED_EDGE('',*,*,#2009,.T.);
#1645=ORIENTED_EDGE('',*,*,#2006,.T.);
#1646=ORIENTED_EDGE('',*,*,#2423,.T.);
#1647=ORIENTED_EDGE('',*,*,#2611,.T.);
#1648=ORIENTED_EDGE('',*,*,#2612,.T.);
#1649=ORIENTED_EDGE('',*,*,#2613,.T.);
#1650=ORIENTED_EDGE('',*,*,#2335,.T.);
#1651=ORIENTED_EDGE('',*,*,#2614,.T.);
#1652=ORIENTED_EDGE('',*,*,#2611,.F.);
#1653=ORIENTED_EDGE('',*,*,#2324,.T.);
#1654=ORIENTED_EDGE('',*,*,#2615,.T.);
#1655=ORIENTED_EDGE('',*,*,#2612,.F.);
#1656=ORIENTED_EDGE('',*,*,#2614,.F.);
#1657=ORIENTED_EDGE('',*,*,#2422,.F.);
#1658=ORIENTED_EDGE('',*,*,#2326,.T.);
#1659=ORIENTED_EDGE('',*,*,#2424,.F.);
#1660=ORIENTED_EDGE('',*,*,#2613,.F.);
#1661=ORIENTED_EDGE('',*,*,#2615,.F.);
#1662=ORIENTED_EDGE('',*,*,#2288,.T.);
#1663=ORIENTED_EDGE('',*,*,#2398,.T.);
#1664=ORIENTED_EDGE('',*,*,#2310,.T.);
#1665=ORIENTED_EDGE('',*,*,#1899,.F.);
#1666=ORIENTED_EDGE('',*,*,#1934,.F.);
#1667=ORIENTED_EDGE('',*,*,#2616,.T.);
#1668=ORIENTED_EDGE('',*,*,#2366,.T.);
#1669=ORIENTED_EDGE('',*,*,#1967,.T.);
#1670=ORIENTED_EDGE('',*,*,#1970,.T.);
#1671=ORIENTED_EDGE('',*,*,#1978,.T.);
#1672=ORIENTED_EDGE('',*,*,#1976,.F.);
#1673=ORIENTED_EDGE('',*,*,#1944,.F.);
#1674=ORIENTED_EDGE('',*,*,#2617,.T.);
#1675=ORIENTED_EDGE('',*,*,#2360,.T.);
#1676=ORIENTED_EDGE('',*,*,#1953,.T.);
#1677=ORIENTED_EDGE('',*,*,#2401,.T.);
#1678=ORIENTED_EDGE('',*,*,#2406,.T.);
#1679=ORIENTED_EDGE('',*,*,#1963,.F.);
#1680=ORIENTED_EDGE('',*,*,#1972,.T.);
#1681=ORIENTED_EDGE('',*,*,#1977,.T.);
#1682=ORIENTED_EDGE('',*,*,#1968,.T.);
#1683=ORIENTED_EDGE('',*,*,#1965,.T.);
#1684=ORIENTED_EDGE('',*,*,#2365,.F.);
#1685=ORIENTED_EDGE('',*,*,#2618,.T.);
#1686=ORIENTED_EDGE('',*,*,#1916,.F.);
#1687=ORIENTED_EDGE('',*,*,#1955,.T.);
#1688=ORIENTED_EDGE('',*,*,#2405,.T.);
#1689=ORIENTED_EDGE('',*,*,#2399,.T.);
#1690=ORIENTED_EDGE('',*,*,#1951,.T.);
#1691=ORIENTED_EDGE('',*,*,#2359,.F.);
#1692=ORIENTED_EDGE('',*,*,#2619,.T.);
#1693=ORIENTED_EDGE('',*,*,#1926,.F.);
#1694=ORIENTED_EDGE('',*,*,#2270,.T.);
#1695=ORIENTED_EDGE('',*,*,#1897,.T.);
#1696=ORIENTED_EDGE('',*,*,#2304,.T.);
#1697=ORIENTED_EDGE('',*,*,#2402,.T.);
#1698=ORIENTED_EDGE('',*,*,#2620,.F.);
#1699=ORIENTED_EDGE('',*,*,#2621,.T.);
#1700=ORIENTED_EDGE('',*,*,#1943,.T.);
#1701=ORIENTED_EDGE('',*,*,#2622,.F.);
#1702=ORIENTED_EDGE('',*,*,#1942,.T.);
#1703=ORIENTED_EDGE('',*,*,#2623,.F.);
#1704=ORIENTED_EDGE('',*,*,#2624,.F.);
#1705=ORIENTED_EDGE('',*,*,#2622,.T.);
#1706=ORIENTED_EDGE('',*,*,#2362,.F.);
#1707=ORIENTED_EDGE('',*,*,#2625,.T.);
#1708=ORIENTED_EDGE('',*,*,#2626,.F.);
#1709=ORIENTED_EDGE('',*,*,#2623,.T.);
#1710=ORIENTED_EDGE('',*,*,#1941,.T.);
#1711=ORIENTED_EDGE('',*,*,#2627,.F.);
#1712=ORIENTED_EDGE('',*,*,#2355,.T.);
#1713=ORIENTED_EDGE('',*,*,#2626,.T.);
#1714=ORIENTED_EDGE('',*,*,#2628,.T.);
#1715=ORIENTED_EDGE('',*,*,#2620,.T.);
#1716=ORIENTED_EDGE('',*,*,#2624,.T.);
#1717=ORIENTED_EDGE('',*,*,#2629,.F.);
#1718=ORIENTED_EDGE('',*,*,#2630,.T.);
#1719=ORIENTED_EDGE('',*,*,#1933,.T.);
#1720=ORIENTED_EDGE('',*,*,#2631,.F.);
#1721=ORIENTED_EDGE('',*,*,#1932,.T.);
#1722=ORIENTED_EDGE('',*,*,#2632,.F.);
#1723=ORIENTED_EDGE('',*,*,#2633,.F.);
#1724=ORIENTED_EDGE('',*,*,#2631,.T.);
#1725=ORIENTED_EDGE('',*,*,#2368,.F.);
#1726=ORIENTED_EDGE('',*,*,#2634,.T.);
#1727=ORIENTED_EDGE('',*,*,#2635,.F.);
#1728=ORIENTED_EDGE('',*,*,#2632,.T.);
#1729=ORIENTED_EDGE('',*,*,#1931,.T.);
#1730=ORIENTED_EDGE('',*,*,#2636,.F.);
#1731=ORIENTED_EDGE('',*,*,#2289,.T.);
#1732=ORIENTED_EDGE('',*,*,#2635,.T.);
#1733=ORIENTED_EDGE('',*,*,#2637,.T.);
#1734=ORIENTED_EDGE('',*,*,#2629,.T.);
#1735=ORIENTED_EDGE('',*,*,#2633,.T.);
#1736=ORIENTED_EDGE('',*,*,#2638,.F.);
#1737=ORIENTED_EDGE('',*,*,#2639,.T.);
#1738=ORIENTED_EDGE('',*,*,#2357,.T.);
#1739=ORIENTED_EDGE('',*,*,#2269,.T.);
#1740=ORIENTED_EDGE('',*,*,#2640,.T.);
#1741=ORIENTED_EDGE('',*,*,#1929,.T.);
#1742=ORIENTED_EDGE('',*,*,#2641,.F.);
#1743=ORIENTED_EDGE('',*,*,#1928,.T.);
#1744=ORIENTED_EDGE('',*,*,#2642,.F.);
#1745=ORIENTED_EDGE('',*,*,#2643,.F.);
#1746=ORIENTED_EDGE('',*,*,#2641,.T.);
#1747=ORIENTED_EDGE('',*,*,#1927,.T.);
#1748=ORIENTED_EDGE('',*,*,#2644,.T.);
#1749=ORIENTED_EDGE('',*,*,#2645,.F.);
#1750=ORIENTED_EDGE('',*,*,#2642,.T.);
#1751=ORIENTED_EDGE('',*,*,#2645,.T.);
#1752=ORIENTED_EDGE('',*,*,#2646,.T.);
#1753=ORIENTED_EDGE('',*,*,#2638,.T.);
#1754=ORIENTED_EDGE('',*,*,#2643,.T.);
#1755=ORIENTED_EDGE('',*,*,#2647,.F.);
#1756=ORIENTED_EDGE('',*,*,#2648,.T.);
#1757=ORIENTED_EDGE('',*,*,#2363,.T.);
#1758=ORIENTED_EDGE('',*,*,#2354,.T.);
#1759=ORIENTED_EDGE('',*,*,#2649,.T.);
#1760=ORIENTED_EDGE('',*,*,#1919,.T.);
#1761=ORIENTED_EDGE('',*,*,#2650,.F.);
#1762=ORIENTED_EDGE('',*,*,#1918,.T.);
#1763=ORIENTED_EDGE('',*,*,#2651,.F.);
#1764=ORIENTED_EDGE('',*,*,#2652,.F.);
#1765=ORIENTED_EDGE('',*,*,#2650,.T.);
#1766=ORIENTED_EDGE('',*,*,#1917,.T.);
#1767=ORIENTED_EDGE('',*,*,#2653,.T.);
#1768=ORIENTED_EDGE('',*,*,#2654,.F.);
#1769=ORIENTED_EDGE('',*,*,#2651,.T.);
#1770=ORIENTED_EDGE('',*,*,#2654,.T.);
#1771=ORIENTED_EDGE('',*,*,#2655,.T.);
#1772=ORIENTED_EDGE('',*,*,#2647,.T.);
#1773=ORIENTED_EDGE('',*,*,#2652,.T.);
#1774=ORIENTED_EDGE('',*,*,#1910,.T.);
#1775=ORIENTED_EDGE('',*,*,#2649,.F.);
#1776=ORIENTED_EDGE('',*,*,#2353,.T.);
#1777=ORIENTED_EDGE('',*,*,#2411,.F.);
#1778=ORIENTED_EDGE('',*,*,#2356,.T.);
#1779=ORIENTED_EDGE('',*,*,#2627,.T.);
#1780=ORIENTED_EDGE('',*,*,#1940,.T.);
#1781=ORIENTED_EDGE('',*,*,#2412,.F.);
#1782=ORIENTED_EDGE('',*,*,#2290,.T.);
#1783=ORIENTED_EDGE('',*,*,#2636,.T.);
#1784=ORIENTED_EDGE('',*,*,#1930,.T.);
#1785=ORIENTED_EDGE('',*,*,#2408,.F.);
#1786=ORIENTED_EDGE('',*,*,#2268,.T.);
#1787=ORIENTED_EDGE('',*,*,#2407,.T.);
#1788=ORIENTED_EDGE('',*,*,#1920,.T.);
#1789=ORIENTED_EDGE('',*,*,#2640,.F.);
#1790=ORIENTED_EDGE('',*,*,#2574,.F.);
#1791=ORIENTED_EDGE('',*,*,#2568,.F.);
#1792=ORIENTED_EDGE('',*,*,#2562,.F.);
#1793=ORIENTED_EDGE('',*,*,#2571,.F.);
#1794=ORIENTED_EDGE('',*,*,#2557,.F.);
#1795=ORIENTED_EDGE('',*,*,#2551,.F.);
#1796=ORIENTED_EDGE('',*,*,#2545,.F.);
#1797=ORIENTED_EDGE('',*,*,#2554,.F.);
#1798=ORIENTED_EDGE('',*,*,#2540,.F.);
#1799=ORIENTED_EDGE('',*,*,#2534,.F.);
#1800=ORIENTED_EDGE('',*,*,#2528,.F.);
#1801=ORIENTED_EDGE('',*,*,#2537,.F.);
#1802=ORIENTED_EDGE('',*,*,#2539,.F.);
#1803=ORIENTED_EDGE('',*,*,#2531,.F.);
#1804=ORIENTED_EDGE('',*,*,#2525,.F.);
#1805=ORIENTED_EDGE('',*,*,#2533,.F.);
#1806=ORIENTED_EDGE('',*,*,#2556,.F.);
#1807=ORIENTED_EDGE('',*,*,#2548,.F.);
#1808=ORIENTED_EDGE('',*,*,#2542,.F.);
#1809=ORIENTED_EDGE('',*,*,#2550,.F.);
#1810=ORIENTED_EDGE('',*,*,#2573,.F.);
#1811=ORIENTED_EDGE('',*,*,#2565,.F.);
#1812=ORIENTED_EDGE('',*,*,#2559,.F.);
#1813=ORIENTED_EDGE('',*,*,#2567,.F.);
#1814=ORIENTED_EDGE('',*,*,#2569,.F.);
#1815=ORIENTED_EDGE('',*,*,#2478,.T.);
#1816=ORIENTED_EDGE('',*,*,#2564,.F.);
#1817=ORIENTED_EDGE('',*,*,#2572,.F.);
#1818=ORIENTED_EDGE('',*,*,#2552,.F.);
#1819=ORIENTED_EDGE('',*,*,#2442,.T.);
#1820=ORIENTED_EDGE('',*,*,#2547,.F.);
#1821=ORIENTED_EDGE('',*,*,#2555,.F.);
#1822=ORIENTED_EDGE('',*,*,#2535,.F.);
#1823=ORIENTED_EDGE('',*,*,#2460,.T.);
#1824=ORIENTED_EDGE('',*,*,#2530,.F.);
#1825=ORIENTED_EDGE('',*,*,#2538,.F.);
#1826=ORIENTED_EDGE('',*,*,#2585,.F.);
#1827=ORIENTED_EDGE('',*,*,#2485,.F.);
#1828=ORIENTED_EDGE('',*,*,#2293,.T.);
#1829=ORIENTED_EDGE('',*,*,#2586,.F.);
#1830=ORIENTED_EDGE('',*,*,#2583,.F.);
#1831=ORIENTED_EDGE('',*,*,#2486,.F.);
#1832=ORIENTED_EDGE('',*,*,#2291,.T.);
#1833=ORIENTED_EDGE('',*,*,#2584,.F.);
#1834=ORIENTED_EDGE('',*,*,#2581,.F.);
#1835=ORIENTED_EDGE('',*,*,#2487,.F.);
#1836=ORIENTED_EDGE('',*,*,#2292,.T.);
#1837=ORIENTED_EDGE('',*,*,#2582,.F.);
#1838=ORIENTED_EDGE('',*,*,#2604,.F.);
#1839=ORIENTED_EDGE('',*,*,#2226,.F.);
#1840=ORIENTED_EDGE('',*,*,#2610,.F.);
#1841=ORIENTED_EDGE('',*,*,#2606,.F.);
#1842=ORIENTED_EDGE('',*,*,#2596,.F.);
#1843=ORIENTED_EDGE('',*,*,#2240,.F.);
#1844=ORIENTED_EDGE('',*,*,#2602,.F.);
#1845=ORIENTED_EDGE('',*,*,#2598,.F.);
#1846=ORIENTED_EDGE('',*,*,#2588,.F.);
#1847=ORIENTED_EDGE('',*,*,#2254,.F.);
#1848=ORIENTED_EDGE('',*,*,#2594,.F.);
#1849=ORIENTED_EDGE('',*,*,#2590,.F.);
#1850=ORIENTED_EDGE('',*,*,#2514,.F.);
#1851=ORIENTED_EDGE('',*,*,#2481,.F.);
#1852=ORIENTED_EDGE('',*,*,#2518,.F.);
#1853=ORIENTED_EDGE('',*,*,#2520,.F.);
#1854=ORIENTED_EDGE('',*,*,#2502,.F.);
#1855=ORIENTED_EDGE('',*,*,#2445,.F.);
#1856=ORIENTED_EDGE('',*,*,#2506,.F.);
#1857=ORIENTED_EDGE('',*,*,#2508,.F.);
#1858=ORIENTED_EDGE('',*,*,#2490,.F.);
#1859=ORIENTED_EDGE('',*,*,#2463,.F.);
#1860=ORIENTED_EDGE('',*,*,#2494,.F.);
#1861=ORIENTED_EDGE('',*,*,#2496,.F.);
#1862=ORIENTED_EDGE('',*,*,#2393,.F.);
#1863=ORIENTED_EDGE('',*,*,#2373,.F.);
#1864=ORIENTED_EDGE('',*,*,#2386,.F.);
#1865=ORIENTED_EDGE('',*,*,#2394,.F.);
#1866=ORIENTED_EDGE('',*,*,#2384,.F.);
#1867=ORIENTED_EDGE('',*,*,#2381,.F.);
#1868=ORIENTED_EDGE('',*,*,#2390,.F.);
#1869=ORIENTED_EDGE('',*,*,#2395,.F.);
#1870=ORIENTED_EDGE('',*,*,#2388,.F.);
#1871=ORIENTED_EDGE('',*,*,#2377,.F.);
#1872=ORIENTED_EDGE('',*,*,#2391,.F.);
#1873=ORIENTED_EDGE('',*,*,#2383,.F.);
#1874=ORIENTED_EDGE('',*,*,#2619,.F.);
#1875=ORIENTED_EDGE('',*,*,#2358,.F.);
#1876=ORIENTED_EDGE('',*,*,#2639,.F.);
#1877=ORIENTED_EDGE('',*,*,#2646,.F.);
#1878=ORIENTED_EDGE('',*,*,#2644,.F.);
#1879=ORIENTED_EDGE('',*,*,#2634,.F.);
#1880=ORIENTED_EDGE('',*,*,#2367,.F.);
#1881=ORIENTED_EDGE('',*,*,#2616,.F.);
#1882=ORIENTED_EDGE('',*,*,#2630,.F.);
#1883=ORIENTED_EDGE('',*,*,#2637,.F.);
#1884=ORIENTED_EDGE('',*,*,#2625,.F.);
#1885=ORIENTED_EDGE('',*,*,#2361,.F.);
#1886=ORIENTED_EDGE('',*,*,#2617,.F.);
#1887=ORIENTED_EDGE('',*,*,#2621,.F.);
#1888=ORIENTED_EDGE('',*,*,#2628,.F.);
#1889=ORIENTED_EDGE('',*,*,#2618,.F.);
#1890=ORIENTED_EDGE('',*,*,#2364,.F.);
#1891=ORIENTED_EDGE('',*,*,#2648,.F.);
#1892=ORIENTED_EDGE('',*,*,#2655,.F.);
#1893=ORIENTED_EDGE('',*,*,#2653,.F.);
#1894=EDGE_CURVE('',#2656,#2657,#3167,.T.);
#1895=EDGE_CURVE('',#2657,#2658,#3168,.T.);
#1896=EDGE_CURVE('',#2658,#2659,#3169,.T.);
#1897=EDGE_CURVE('',#2656,#2659,#3170,.T.);
#1898=EDGE_CURVE('',#2660,#2661,#3171,.T.);
#1899=EDGE_CURVE('',#2660,#2662,#3172,.T.);
#1900=EDGE_CURVE('',#2662,#2663,#3173,.T.);
#1901=EDGE_CURVE('',#2661,#2663,#3174,.T.);
#1902=EDGE_CURVE('',#2664,#2665,#3175,.T.);
#1903=EDGE_CURVE('',#2665,#2666,#3176,.T.);
#1904=EDGE_CURVE('',#2666,#2667,#3177,.T.);
#1905=EDGE_CURVE('',#2664,#2667,#3178,.T.);
#1906=EDGE_CURVE('',#2668,#2669,#3179,.T.);
#1907=EDGE_CURVE('',#2668,#2670,#3180,.T.);
#1908=EDGE_CURVE('',#2670,#2671,#3181,.T.);
#1909=EDGE_CURVE('',#2671,#2669,#3182,.F.);
#1910=EDGE_CURVE('',#2672,#2673,#212,.T.);
#1911=EDGE_CURVE('',#2672,#2674,#3183,.T.);
#1912=EDGE_CURVE('',#2675,#2674,#3184,.T.);
#1913=EDGE_CURVE('',#2676,#2675,#213,.T.);
#1914=EDGE_CURVE('',#2677,#2676,#3185,.T.);
#1915=EDGE_CURVE('',#2677,#2678,#214,.T.);
#1916=EDGE_CURVE('',#2678,#2679,#3186,.T.);
#1917=EDGE_CURVE('',#2680,#2679,#3187,.T.);
#1918=EDGE_CURVE('',#2681,#2680,#215,.T.);
#1919=EDGE_CURVE('',#2673,#2681,#3188,.T.);
#1920=EDGE_CURVE('',#2682,#2683,#216,.T.);
#1921=EDGE_CURVE('',#2682,#2684,#3189,.T.);
#1922=EDGE_CURVE('',#2685,#2684,#3190,.T.);
#1923=EDGE_CURVE('',#2686,#2685,#217,.T.);
#1924=EDGE_CURVE('',#2687,#2686,#3191,.T.);
#1925=EDGE_CURVE('',#2687,#2688,#218,.T.);
#1926=EDGE_CURVE('',#2688,#2689,#3192,.T.);
#1927=EDGE_CURVE('',#2690,#2689,#3193,.T.);
#1928=EDGE_CURVE('',#2691,#2690,#219,.T.);
#1929=EDGE_CURVE('',#2683,#2691,#3194,.T.);
#1930=EDGE_CURVE('',#2692,#2693,#220,.T.);
#1931=EDGE_CURVE('',#2694,#2692,#3195,.T.);
#1932=EDGE_CURVE('',#2695,#2694,#221,.T.);
#1933=EDGE_CURVE('',#2696,#2695,#3196,.T.);
#1934=EDGE_CURVE('',#2696,#2697,#3197,.T.);
#1935=EDGE_CURVE('',#2697,#2698,#222,.T.);
#1936=EDGE_CURVE('',#2699,#2698,#3198,.T.);
#1937=EDGE_CURVE('',#2700,#2699,#223,.T.);
#1938=EDGE_CURVE('',#2701,#2700,#3199,.T.);
#1939=EDGE_CURVE('',#2701,#2693,#3200,.T.);
#1940=EDGE_CURVE('',#2702,#2703,#224,.T.);
#1941=EDGE_CURVE('',#2704,#2702,#3201,.T.);
#1942=EDGE_CURVE('',#2705,#2704,#225,.T.);
#1943=EDGE_CURVE('',#2706,#2705,#3202,.T.);
#1944=EDGE_CURVE('',#2706,#2707,#3203,.T.);
#1945=EDGE_CURVE('',#2707,#2708,#226,.T.);
#1946=EDGE_CURVE('',#2709,#2708,#3204,.T.);
#1947=EDGE_CURVE('',#2710,#2709,#227,.T.);
#1948=EDGE_CURVE('',#2711,#2710,#3205,.T.);
#1949=EDGE_CURVE('',#2711,#2703,#3206,.T.);
#1950=EDGE_CURVE('',#2712,#2713,#228,.T.);
#1951=EDGE_CURVE('',#2714,#2713,#3207,.T.);
#1952=EDGE_CURVE('',#2715,#2714,#229,.T.);
#1953=EDGE_CURVE('',#2712,#2715,#3208,.T.);
#1954=EDGE_CURVE('',#2716,#2717,#230,.T.);
#1955=EDGE_CURVE('',#2688,#2717,#3209,.T.);
#1956=EDGE_CURVE('',#2718,#2687,#3210,.T.);
#1957=EDGE_CURVE('',#2719,#2718,#231,.T.);
#1958=EDGE_CURVE('',#2720,#2719,#3211,.T.);
#1959=EDGE_CURVE('',#2721,#2720,#232,.T.);
#1960=EDGE_CURVE('',#2721,#2722,#3212,.T.);
#1961=EDGE_CURVE('',#2723,#2722,#233,.T.);
#1962=EDGE_CURVE('',#2723,#2708,#3213,.T.);
#1963=EDGE_CURVE('',#2707,#2716,#3214,.T.);
#1964=EDGE_CURVE('',#2724,#2725,#234,.T.);
#1965=EDGE_CURVE('',#2726,#2725,#3215,.T.);
#1966=EDGE_CURVE('',#2727,#2726,#235,.T.);
#1967=EDGE_CURVE('',#2724,#2727,#3216,.T.);
#1968=EDGE_CURVE('',#2728,#2726,#3217,.T.);
#1969=EDGE_CURVE('',#2729,#2728,#236,.T.);
#1970=EDGE_CURVE('',#2727,#2729,#3218,.F.);
#1971=EDGE_CURVE('',#2730,#2731,#237,.T.);
#1972=EDGE_CURVE('',#2678,#2731,#3219,.T.);
#1973=EDGE_CURVE('',#2732,#2677,#3220,.T.);
#1974=EDGE_CURVE('',#2733,#2732,#238,.T.);
#1975=EDGE_CURVE('',#2733,#2698,#3221,.T.);
#1976=EDGE_CURVE('',#2697,#2730,#3222,.T.);
#1977=EDGE_CURVE('',#2731,#2728,#3223,.T.);
#1978=EDGE_CURVE('',#2729,#2730,#3224,.T.);
#1979=EDGE_CURVE('',#2671,#2666,#239,.T.);
#1980=EDGE_CURVE('',#2670,#2667,#240,.T.);
#1981=EDGE_CURVE('',#2669,#2665,#241,.T.);
#1982=EDGE_CURVE('',#2734,#2735,#32,.T.);
#1983=EDGE_CURVE('',#2734,#2736,#3225,.T.);
#1984=EDGE_CURVE('',#2737,#2736,#33,.T.);
#1985=EDGE_CURVE('',#2737,#2738,#3226,.F.);
#1986=EDGE_CURVE('',#2738,#2739,#3227,.T.);
#1987=EDGE_CURVE('',#2739,#2735,#3228,.T.);
#1988=EDGE_CURVE('',#2740,#2741,#34,.T.);
#1989=EDGE_CURVE('',#2740,#2742,#3229,.F.);
#1990=EDGE_CURVE('',#2742,#2743,#3230,.T.);
#1991=EDGE_CURVE('',#2743,#2744,#3231,.T.);
#1992=EDGE_CURVE('',#2745,#2744,#35,.T.);
#1993=EDGE_CURVE('',#2745,#2741,#3232,.T.);
#1994=EDGE_CURVE('',#2744,#2746,#36,.T.);
#1995=EDGE_CURVE('',#2743,#2747,#242,.F.);
#1996=EDGE_CURVE('',#2747,#2746,#3233,.T.);
#1997=EDGE_CURVE('',#2748,#2740,#37,.T.);
#1998=EDGE_CURVE('',#2749,#2748,#3234,.T.);
#1999=EDGE_CURVE('',#2749,#2742,#243,.F.);
#2000=EDGE_CURVE('',#2750,#2751,#38,.T.);
#2001=EDGE_CURVE('',#2750,#2752,#39,.F.);
#2002=EDGE_CURVE('',#2753,#2752,#40,.T.);
#2003=EDGE_CURVE('',#2754,#2753,#3235,.T.);
#2004=EDGE_CURVE('',#2754,#2755,#244,.T.);
#2005=EDGE_CURVE('',#2755,#2751,#3236,.T.);
#2006=EDGE_CURVE('',#2756,#2753,#41,.T.);
#2007=EDGE_CURVE('',#2757,#2756,#3237,.T.);
#2008=EDGE_CURVE('',#2757,#2754,#3238,.T.);
#2009=EDGE_CURVE('',#2758,#2756,#42,.T.);
#2010=EDGE_CURVE('',#2759,#2758,#3239,.T.);
#2011=EDGE_CURVE('',#2759,#2757,#245,.F.);
#2012=EDGE_CURVE('',#2758,#2760,#43,.T.);
#2013=EDGE_CURVE('',#2761,#2760,#3240,.T.);
#2014=EDGE_CURVE('',#2759,#2761,#3241,.T.);
#2015=EDGE_CURVE('',#2762,#2760,#44,.T.);
#2016=EDGE_CURVE('',#2762,#2763,#45,.F.);
#2017=EDGE_CURVE('',#2764,#2763,#46,.T.);
#2018=EDGE_CURVE('',#2765,#2764,#3242,.T.);
#2019=EDGE_CURVE('',#2765,#2761,#246,.T.);
#2020=EDGE_CURVE('',#2746,#2764,#47,.T.);
#2021=EDGE_CURVE('',#2747,#2765,#3243,.T.);
#2022=EDGE_CURVE('',#2748,#2766,#48,.T.);
#2023=EDGE_CURVE('',#2767,#2766,#3244,.T.);
#2024=EDGE_CURVE('',#2749,#2767,#3245,.T.);
#2025=EDGE_CURVE('',#2768,#2766,#49,.T.);
#2026=EDGE_CURVE('',#2768,#2769,#50,.F.);
#2027=EDGE_CURVE('',#2770,#2769,#51,.T.);
#2028=EDGE_CURVE('',#2771,#2770,#3246,.T.);
#2029=EDGE_CURVE('',#2771,#2767,#247,.T.);
#2030=EDGE_CURVE('',#2772,#2770,#52,.T.);
#2031=EDGE_CURVE('',#2773,#2772,#3247,.T.);
#2032=EDGE_CURVE('',#2773,#2771,#3248,.T.);
#2033=EDGE_CURVE('',#2774,#2772,#53,.T.);
#2034=EDGE_CURVE('',#2775,#2774,#3249,.T.);
#2035=EDGE_CURVE('',#2775,#2773,#248,.F.);
#2036=EDGE_CURVE('',#2774,#2776,#54,.T.);
#2037=EDGE_CURVE('',#2777,#2776,#3250,.T.);
#2038=EDGE_CURVE('',#2775,#2777,#3251,.T.);
#2039=EDGE_CURVE('',#2778,#2776,#55,.T.);
#2040=EDGE_CURVE('',#2778,#2779,#56,.F.);
#2041=EDGE_CURVE('',#2780,#2779,#57,.T.);
#2042=EDGE_CURVE('',#2781,#2780,#3252,.T.);
#2043=EDGE_CURVE('',#2781,#2777,#249,.T.);
#2044=EDGE_CURVE('',#2782,#2780,#58,.T.);
#2045=EDGE_CURVE('',#2783,#2782,#3253,.T.);
#2046=EDGE_CURVE('',#2783,#2781,#3254,.T.);
#2047=EDGE_CURVE('',#2784,#2782,#59,.T.);
#2048=EDGE_CURVE('',#2785,#2784,#3255,.T.);
#2049=EDGE_CURVE('',#2785,#2783,#250,.F.);
#2050=EDGE_CURVE('',#2784,#2786,#60,.T.);
#2051=EDGE_CURVE('',#2787,#2786,#3256,.T.);
#2052=EDGE_CURVE('',#2785,#2787,#3257,.T.);
#2053=EDGE_CURVE('',#2788,#2786,#61,.T.);
#2054=EDGE_CURVE('',#2788,#2789,#62,.F.);
#2055=EDGE_CURVE('',#2790,#2789,#63,.T.);
#2056=EDGE_CURVE('',#2791,#2790,#3258,.T.);
#2057=EDGE_CURVE('',#2791,#2787,#251,.T.);
#2058=EDGE_CURVE('',#2792,#2790,#64,.T.);
#2059=EDGE_CURVE('',#2793,#2792,#3259,.T.);
#2060=EDGE_CURVE('',#2793,#2791,#3260,.T.);
#2061=EDGE_CURVE('',#2794,#2792,#65,.T.);
#2062=EDGE_CURVE('',#2795,#2794,#3261,.T.);
#2063=EDGE_CURVE('',#2795,#2793,#252,.F.);
#2064=EDGE_CURVE('',#2794,#2796,#66,.T.);
#2065=EDGE_CURVE('',#2797,#2796,#3262,.T.);
#2066=EDGE_CURVE('',#2795,#2797,#3263,.T.);
#2067=EDGE_CURVE('',#2798,#2799,#67,.T.);
#2068=EDGE_CURVE('',#2800,#2798,#3264,.T.);
#2069=EDGE_CURVE('',#2800,#2797,#253,.T.);
#2070=EDGE_CURVE('',#2801,#2796,#68,.T.);
#2071=EDGE_CURVE('',#2801,#2799,#69,.F.);
#2072=EDGE_CURVE('',#2802,#2798,#70,.T.);
#2073=EDGE_CURVE('',#2803,#2802,#3265,.T.);
#2074=EDGE_CURVE('',#2803,#2800,#3266,.T.);
#2075=EDGE_CURVE('',#2804,#2802,#71,.T.);
#2076=EDGE_CURVE('',#2805,#2804,#3267,.T.);
#2077=EDGE_CURVE('',#2805,#2803,#254,.F.);
#2078=EDGE_CURVE('',#2804,#2806,#72,.T.);
#2079=EDGE_CURVE('',#2807,#2806,#3268,.T.);
#2080=EDGE_CURVE('',#2805,#2807,#3269,.T.);
#2081=EDGE_CURVE('',#2808,#2806,#73,.T.);
#2082=EDGE_CURVE('',#2808,#2809,#74,.F.);
#2083=EDGE_CURVE('',#2810,#2809,#75,.T.);
#2084=EDGE_CURVE('',#2811,#2810,#3270,.T.);
#2085=EDGE_CURVE('',#2811,#2807,#255,.T.);
#2086=EDGE_CURVE('',#2812,#2810,#76,.T.);
#2087=EDGE_CURVE('',#2813,#2812,#3271,.T.);
#2088=EDGE_CURVE('',#2813,#2811,#3272,.T.);
#2089=EDGE_CURVE('',#2814,#2812,#77,.T.);
#2090=EDGE_CURVE('',#2815,#2814,#3273,.T.);
#2091=EDGE_CURVE('',#2815,#2813,#256,.F.);
#2092=EDGE_CURVE('',#2814,#2816,#78,.T.);
#2093=EDGE_CURVE('',#2817,#2816,#3274,.T.);
#2094=EDGE_CURVE('',#2815,#2817,#3275,.T.);
#2095=EDGE_CURVE('',#2818,#2816,#79,.T.);
#2096=EDGE_CURVE('',#2818,#2819,#80,.F.);
#2097=EDGE_CURVE('',#2820,#2819,#81,.T.);
#2098=EDGE_CURVE('',#2821,#2820,#3276,.T.);
#2099=EDGE_CURVE('',#2821,#2817,#257,.T.);
#2100=EDGE_CURVE('',#2822,#2820,#82,.T.);
#2101=EDGE_CURVE('',#2823,#2822,#3277,.T.);
#2102=EDGE_CURVE('',#2823,#2821,#3278,.T.);
#2103=EDGE_CURVE('',#2824,#2822,#83,.T.);
#2104=EDGE_CURVE('',#2825,#2824,#3279,.T.);
#2105=EDGE_CURVE('',#2825,#2823,#258,.F.);
#2106=EDGE_CURVE('',#2824,#2751,#84,.T.);
#2107=EDGE_CURVE('',#2825,#2755,#3280,.T.);
#2108=EDGE_CURVE('',#2735,#2826,#85,.T.);
#2109=EDGE_CURVE('',#2739,#2827,#259,.F.);
#2110=EDGE_CURVE('',#2827,#2826,#3281,.T.);
#2111=EDGE_CURVE('',#2828,#2737,#86,.T.);
#2112=EDGE_CURVE('',#2829,#2828,#3282,.T.);
#2113=EDGE_CURVE('',#2829,#2738,#260,.F.);
#2114=EDGE_CURVE('',#2826,#2830,#87,.T.);
#2115=EDGE_CURVE('',#2827,#2831,#3283,.T.);
#2116=EDGE_CURVE('',#2831,#2830,#3284,.T.);
#2117=EDGE_CURVE('',#2832,#2833,#88,.T.);
#2118=EDGE_CURVE('',#2832,#2834,#89,.F.);
#2119=EDGE_CURVE('',#2830,#2834,#90,.T.);
#2120=EDGE_CURVE('',#2831,#2835,#261,.T.);
#2121=EDGE_CURVE('',#2835,#2833,#3285,.T.);
#2122=EDGE_CURVE('',#2836,#2837,#3286,.T.);
#2123=EDGE_CURVE('',#2837,#2833,#91,.T.);
#2124=EDGE_CURVE('',#2836,#2835,#3287,.T.);
#2125=EDGE_CURVE('',#2837,#2838,#92,.T.);
#2126=EDGE_CURVE('',#2836,#2839,#262,.F.);
#2127=EDGE_CURVE('',#2839,#2838,#3288,.T.);
#2128=EDGE_CURVE('',#2838,#2840,#93,.T.);
#2129=EDGE_CURVE('',#2839,#2841,#3289,.T.);
#2130=EDGE_CURVE('',#2841,#2840,#3290,.T.);
#2131=EDGE_CURVE('',#2842,#2843,#94,.T.);
#2132=EDGE_CURVE('',#2842,#2844,#95,.F.);
#2133=EDGE_CURVE('',#2840,#2844,#96,.T.);
#2134=EDGE_CURVE('',#2841,#2845,#263,.T.);
#2135=EDGE_CURVE('',#2845,#2843,#3291,.T.);
#2136=EDGE_CURVE('',#2846,#2847,#3292,.T.);
#2137=EDGE_CURVE('',#2847,#2843,#97,.T.);
#2138=EDGE_CURVE('',#2846,#2845,#3293,.T.);
#2139=EDGE_CURVE('',#2847,#2848,#98,.T.);
#2140=EDGE_CURVE('',#2846,#2849,#264,.F.);
#2141=EDGE_CURVE('',#2849,#2848,#3294,.T.);
#2142=EDGE_CURVE('',#2848,#2850,#99,.T.);
#2143=EDGE_CURVE('',#2849,#2851,#3295,.T.);
#2144=EDGE_CURVE('',#2851,#2850,#3296,.T.);
#2145=EDGE_CURVE('',#2852,#2853,#100,.T.);
#2146=EDGE_CURVE('',#2852,#2854,#101,.F.);
#2147=EDGE_CURVE('',#2850,#2854,#102,.T.);
#2148=EDGE_CURVE('',#2851,#2855,#265,.T.);
#2149=EDGE_CURVE('',#2855,#2853,#3297,.T.);
#2150=EDGE_CURVE('',#2856,#2857,#3298,.T.);
#2151=EDGE_CURVE('',#2857,#2853,#103,.T.);
#2152=EDGE_CURVE('',#2856,#2855,#3299,.T.);
#2153=EDGE_CURVE('',#2857,#2858,#104,.T.);
#2154=EDGE_CURVE('',#2856,#2859,#266,.F.);
#2155=EDGE_CURVE('',#2859,#2858,#3300,.T.);
#2156=EDGE_CURVE('',#2858,#2860,#105,.T.);
#2157=EDGE_CURVE('',#2859,#2861,#3301,.T.);
#2158=EDGE_CURVE('',#2861,#2860,#3302,.T.);
#2159=EDGE_CURVE('',#2862,#2863,#106,.T.);
#2160=EDGE_CURVE('',#2862,#2864,#107,.F.);
#2161=EDGE_CURVE('',#2860,#2864,#108,.T.);
#2162=EDGE_CURVE('',#2861,#2865,#267,.T.);
#2163=EDGE_CURVE('',#2865,#2863,#3303,.T.);
#2164=EDGE_CURVE('',#2866,#2867,#3304,.T.);
#2165=EDGE_CURVE('',#2867,#2863,#109,.T.);
#2166=EDGE_CURVE('',#2866,#2865,#3305,.T.);
#2167=EDGE_CURVE('',#2867,#2868,#110,.T.);
#2168=EDGE_CURVE('',#2866,#2869,#268,.F.);
#2169=EDGE_CURVE('',#2869,#2868,#3306,.T.);
#2170=EDGE_CURVE('',#2868,#2870,#111,.T.);
#2171=EDGE_CURVE('',#2869,#2871,#3307,.T.);
#2172=EDGE_CURVE('',#2871,#2870,#3308,.T.);
#2173=EDGE_CURVE('',#2870,#2872,#112,.T.);
#2174=EDGE_CURVE('',#2871,#2873,#269,.T.);
#2175=EDGE_CURVE('',#2873,#2874,#3309,.T.);
#2176=EDGE_CURVE('',#2875,#2874,#113,.T.);
#2177=EDGE_CURVE('',#2875,#2872,#114,.F.);
#2178=EDGE_CURVE('',#2876,#2877,#3310,.T.);
#2179=EDGE_CURVE('',#2877,#2874,#115,.T.);
#2180=EDGE_CURVE('',#2876,#2873,#3311,.T.);
#2181=EDGE_CURVE('',#2877,#2878,#116,.T.);
#2182=EDGE_CURVE('',#2876,#2879,#270,.F.);
#2183=EDGE_CURVE('',#2879,#2878,#3312,.T.);
#2184=EDGE_CURVE('',#2878,#2880,#117,.T.);
#2185=EDGE_CURVE('',#2879,#2881,#3313,.T.);
#2186=EDGE_CURVE('',#2881,#2880,#3314,.T.);
#2187=EDGE_CURVE('',#2882,#2883,#118,.T.);
#2188=EDGE_CURVE('',#2882,#2884,#119,.F.);
#2189=EDGE_CURVE('',#2880,#2884,#120,.T.);
#2190=EDGE_CURVE('',#2881,#2885,#271,.T.);
#2191=EDGE_CURVE('',#2885,#2883,#3315,.T.);
#2192=EDGE_CURVE('',#2886,#2887,#3316,.T.);
#2193=EDGE_CURVE('',#2887,#2883,#121,.T.);
#2194=EDGE_CURVE('',#2886,#2885,#3317,.T.);
#2195=EDGE_CURVE('',#2887,#2888,#122,.T.);
#2196=EDGE_CURVE('',#2886,#2889,#272,.F.);
#2197=EDGE_CURVE('',#2889,#2888,#3318,.T.);
#2198=EDGE_CURVE('',#2888,#2890,#123,.T.);
#2199=EDGE_CURVE('',#2889,#2891,#3319,.T.);
#2200=EDGE_CURVE('',#2891,#2890,#3320,.T.);
#2201=EDGE_CURVE('',#2892,#2893,#124,.T.);
#2202=EDGE_CURVE('',#2892,#2894,#125,.F.);
#2203=EDGE_CURVE('',#2890,#2894,#126,.T.);
#2204=EDGE_CURVE('',#2891,#2895,#273,.T.);
#2205=EDGE_CURVE('',#2895,#2893,#3321,.T.);
#2206=EDGE_CURVE('',#2896,#2897,#3322,.T.);
#2207=EDGE_CURVE('',#2897,#2893,#127,.T.);
#2208=EDGE_CURVE('',#2896,#2895,#3323,.T.);
#2209=EDGE_CURVE('',#2897,#2898,#128,.T.);
#2210=EDGE_CURVE('',#2896,#2899,#274,.F.);
#2211=EDGE_CURVE('',#2899,#2898,#3324,.T.);
#2212=EDGE_CURVE('',#2898,#2900,#129,.T.);
#2213=EDGE_CURVE('',#2899,#2901,#3325,.T.);
#2214=EDGE_CURVE('',#2901,#2900,#3326,.T.);
#2215=EDGE_CURVE('',#2902,#2903,#130,.T.);
#2216=EDGE_CURVE('',#2904,#2902,#131,.T.);
#2217=EDGE_CURVE('',#2900,#2904,#132,.T.);
#2218=EDGE_CURVE('',#2901,#2905,#275,.T.);
#2219=EDGE_CURVE('',#2905,#2903,#3327,.T.);
#2220=EDGE_CURVE('',#2828,#2903,#133,.T.);
#2221=EDGE_CURVE('',#2829,#2905,#3328,.T.);
#2222=EDGE_CURVE('',#2906,#2906,#276,.T.);
#2223=EDGE_CURVE('',#2907,#2907,#277,.T.);
#2224=EDGE_CURVE('',#2736,#2734,#278,.T.);
#2225=EDGE_CURVE('',#2908,#2909,#3329,.T.);
#2226=EDGE_CURVE('',#2908,#2910,#3330,.F.);
#2227=EDGE_CURVE('',#2911,#2910,#3331,.T.);
#2228=EDGE_CURVE('',#2912,#2911,#3332,.T.);
#2229=EDGE_CURVE('',#2913,#2912,#3333,.T.);
#2230=EDGE_CURVE('',#2914,#2913,#3334,.T.);
#2231=EDGE_CURVE('',#2915,#2914,#3335,.T.);
#2232=EDGE_CURVE('',#2916,#2915,#3336,.T.);
#2233=EDGE_CURVE('',#2917,#2916,#3337,.T.);
#2234=EDGE_CURVE('',#2918,#2917,#3338,.T.);
#2235=EDGE_CURVE('',#2919,#2918,#3339,.T.);
#2236=EDGE_CURVE('',#2920,#2919,#3340,.T.);
#2237=EDGE_CURVE('',#2921,#2920,#3341,.T.);
#2238=EDGE_CURVE('',#2909,#2921,#3342,.T.);
#2239=EDGE_CURVE('',#2922,#2923,#3343,.T.);
#2240=EDGE_CURVE('',#2922,#2924,#3344,.F.);
#2241=EDGE_CURVE('',#2925,#2924,#3345,.T.);
#2242=EDGE_CURVE('',#2926,#2925,#3346,.T.);
#2243=EDGE_CURVE('',#2927,#2926,#3347,.T.);
#2244=EDGE_CURVE('',#2928,#2927,#3348,.T.);
#2245=EDGE_CURVE('',#2929,#2928,#3349,.T.);
#2246=EDGE_CURVE('',#2930,#2929,#3350,.T.);
#2247=EDGE_CURVE('',#2931,#2930,#3351,.T.);
#2248=EDGE_CURVE('',#2932,#2931,#3352,.T.);
#2249=EDGE_CURVE('',#2933,#2932,#3353,.T.);
#2250=EDGE_CURVE('',#2934,#2933,#3354,.T.);
#2251=EDGE_CURVE('',#2935,#2934,#3355,.T.);
#2252=EDGE_CURVE('',#2923,#2935,#3356,.T.);
#2253=EDGE_CURVE('',#2936,#2937,#3357,.T.);
#2254=EDGE_CURVE('',#2936,#2938,#3358,.F.);
#2255=EDGE_CURVE('',#2939,#2938,#3359,.T.);
#2256=EDGE_CURVE('',#2940,#2939,#3360,.T.);
#2257=EDGE_CURVE('',#2941,#2940,#3361,.T.);
#2258=EDGE_CURVE('',#2942,#2941,#3362,.T.);
#2259=EDGE_CURVE('',#2943,#2942,#3363,.T.);
#2260=EDGE_CURVE('',#2944,#2943,#3364,.T.);
#2261=EDGE_CURVE('',#2945,#2944,#3365,.T.);
#2262=EDGE_CURVE('',#2946,#2945,#3366,.T.);
#2263=EDGE_CURVE('',#2947,#2946,#3367,.T.);
#2264=EDGE_CURVE('',#2948,#2947,#3368,.T.);
#2265=EDGE_CURVE('',#2949,#2948,#3369,.T.);
#2266=EDGE_CURVE('',#2937,#2949,#3370,.T.);
#2267=EDGE_CURVE('',#2950,#2951,#3371,.T.);
#2268=EDGE_CURVE('',#2952,#2950,#279,.T.);
#2269=EDGE_CURVE('',#2657,#2952,#3372,.T.);
#2270=EDGE_CURVE('',#2953,#2656,#280,.T.);
#2271=EDGE_CURVE('',#2953,#2954,#3373,.T.);
#2272=EDGE_CURVE('',#2954,#2955,#3374,.T.);
#2273=EDGE_CURVE('',#2955,#2956,#3375,.T.);
#2274=EDGE_CURVE('',#2957,#2956,#3376,.T.);
#2275=EDGE_CURVE('',#2958,#2957,#3377,.T.);
#2276=EDGE_CURVE('',#2959,#2958,#3378,.T.);
#2277=EDGE_CURVE('',#2959,#2960,#3379,.T.);
#2278=EDGE_CURVE('',#2961,#2960,#3380,.T.);
#2279=EDGE_CURVE('',#2962,#2961,#3381,.T.);
#2280=EDGE_CURVE('',#2963,#2962,#3382,.T.);
#2281=EDGE_CURVE('',#2963,#2964,#3383,.T.);
#2282=EDGE_CURVE('',#2965,#2964,#3384,.T.);
#2283=EDGE_CURVE('',#2966,#2965,#3385,.T.);
#2284=EDGE_CURVE('',#2967,#2966,#3386,.T.);
#2285=EDGE_CURVE('',#2967,#2968,#3387,.T.);
#2286=EDGE_CURVE('',#2968,#2969,#3388,.T.);
#2287=EDGE_CURVE('',#2969,#2970,#3389,.T.);
#2288=EDGE_CURVE('',#2660,#2970,#281,.T.);
#2289=EDGE_CURVE('',#2971,#2661,#3390,.T.);
#2290=EDGE_CURVE('',#2951,#2971,#282,.T.);
#2291=EDGE_CURVE('',#2972,#2972,#283,.T.);
#2292=EDGE_CURVE('',#2973,#2973,#284,.T.);
#2293=EDGE_CURVE('',#2974,#2974,#285,.T.);
#2294=EDGE_CURVE('',#2914,#2964,#3391,.T.);
#2295=EDGE_CURVE('',#2933,#2963,#3392,.T.);
#2296=EDGE_CURVE('',#2932,#2915,#3393,.T.);
#2297=EDGE_CURVE('',#2928,#2960,#3394,.T.);
#2298=EDGE_CURVE('',#2947,#2959,#3395,.T.);
#2299=EDGE_CURVE('',#2946,#2929,#3396,.T.);
#2300=EDGE_CURVE('',#2942,#2956,#3397,.T.);
#2301=EDGE_CURVE('',#2955,#2975,#3398,.T.);
#2302=EDGE_CURVE('',#2975,#2943,#3399,.T.);
#2303=EDGE_CURVE('',#2976,#2977,#3400,.T.);
#2304=EDGE_CURVE('',#2659,#2976,#286,.T.);
#2305=EDGE_CURVE('',#2658,#2978,#287,.T.);
#2306=EDGE_CURVE('',#2979,#2978,#3401,.T.);
#2307=EDGE_CURVE('',#2980,#2979,#3402,.T.);
#2308=EDGE_CURVE('',#2980,#2981,#3403,.T.);
#2309=EDGE_CURVE('',#2981,#2663,#288,.T.);
#2310=EDGE_CURVE('',#2982,#2662,#289,.T.);
#2311=EDGE_CURVE('',#2983,#2982,#3404,.T.);
#2312=EDGE_CURVE('',#2984,#2983,#3405,.T.);
#2313=EDGE_CURVE('',#2918,#2984,#3406,.T.);
#2314=EDGE_CURVE('',#2985,#2918,#3407,.T.);
#2315=EDGE_CURVE('',#2986,#2985,#290,.T.);
#2316=EDGE_CURVE('',#2915,#2986,#3408,.T.);
#2317=EDGE_CURVE('',#2987,#2932,#3409,.T.);
#2318=EDGE_CURVE('',#2988,#2987,#291,.T.);
#2319=EDGE_CURVE('',#2929,#2988,#3410,.T.);
#2320=EDGE_CURVE('',#2989,#2946,#3411,.T.);
#2321=EDGE_CURVE('',#2990,#2989,#292,.T.);
#2322=EDGE_CURVE('',#2943,#2990,#3412,.T.);
#2323=EDGE_CURVE('',#2977,#2975,#3413,.T.);
#2324=EDGE_CURVE('',#2991,#2992,#134,.T.);
#2325=EDGE_CURVE('',#2991,#2993,#293,.T.);
#2326=EDGE_CURVE('',#2992,#2993,#135,.F.);
#2327=EDGE_CURVE('',#2994,#2995,#3414,.T.);
#2328=EDGE_CURVE('',#2995,#2996,#3415,.T.);
#2329=EDGE_CURVE('',#2996,#2997,#3416,.T.);
#2330=EDGE_CURVE('',#2997,#2998,#294,.T.);
#2331=EDGE_CURVE('',#2998,#2999,#3417,.T.);
#2332=EDGE_CURVE('',#2999,#3000,#3418,.T.);
#2333=EDGE_CURVE('',#3000,#3001,#3419,.T.);
#2334=EDGE_CURVE('',#3001,#2994,#295,.T.);
#2335=EDGE_CURVE('',#3002,#3003,#296,.T.);
#2336=EDGE_CURVE('',#3003,#3002,#297,.T.);
#2337=EDGE_CURVE('',#3004,#2722,#3420,.T.);
#2338=EDGE_CURVE('',#3005,#3004,#3421,.T.);
#2339=EDGE_CURVE('',#2719,#3005,#3422,.T.);
#2340=EDGE_CURVE('',#2718,#3006,#3423,.T.);
#2341=EDGE_CURVE('',#3006,#3007,#298,.T.);
#2342=EDGE_CURVE('',#3007,#2723,#3424,.T.);
#2343=EDGE_CURVE('',#3008,#2676,#3425,.T.);
#2344=EDGE_CURVE('',#2994,#2675,#3426,.T.);
#2345=EDGE_CURVE('',#3001,#2700,#3427,.T.);
#2346=EDGE_CURVE('',#3009,#2699,#3428,.T.);
#2347=EDGE_CURVE('',#3008,#3009,#299,.T.);
#2348=EDGE_CURVE('',#3006,#2686,#3429,.T.);
#2349=EDGE_CURVE('',#2998,#2685,#3430,.T.);
#2350=EDGE_CURVE('',#2997,#2710,#3431,.T.);
#2351=EDGE_CURVE('',#3007,#2709,#3432,.T.);
#2352=EDGE_CURVE('',#3010,#3011,#3433,.T.);
#2353=EDGE_CURVE('',#3012,#3010,#300,.T.);
#2354=EDGE_CURVE('',#2668,#3012,#3434,.T.);
#2355=EDGE_CURVE('',#3013,#2664,#3435,.T.);
#2356=EDGE_CURVE('',#3011,#3013,#301,.T.);
#2357=EDGE_CURVE('',#3014,#2657,#3436,.T.);
#2358=EDGE_CURVE('',#3014,#3015,#302,.F.);
#2359=EDGE_CURVE('',#3015,#2713,#3437,.T.);
#2360=EDGE_CURVE('',#3016,#2712,#3438,.T.);
#2361=EDGE_CURVE('',#3016,#3017,#303,.F.);
#2362=EDGE_CURVE('',#3017,#2664,#3439,.T.);
#2363=EDGE_CURVE('',#3018,#2668,#3440,.T.);
#2364=EDGE_CURVE('',#3018,#3019,#304,.F.);
#2365=EDGE_CURVE('',#3019,#2725,#3441,.T.);
#2366=EDGE_CURVE('',#3020,#2724,#3442,.T.);
#2367=EDGE_CURVE('',#3020,#3021,#305,.F.);
#2368=EDGE_CURVE('',#3021,#2661,#3443,.T.);
#2369=EDGE_CURVE('',#3022,#2981,#3444,.T.);
#2370=EDGE_CURVE('',#3023,#3022,#306,.F.);
#2371=EDGE_CURVE('',#2978,#3023,#3445,.F.);
#2372=EDGE_CURVE('',#3024,#3025,#3446,.T.);
#2373=EDGE_CURVE('',#3024,#3026,#307,.F.);
#2374=EDGE_CURVE('',#3026,#3027,#3447,.T.);
#2375=EDGE_CURVE('',#3027,#3025,#308,.T.);
#2376=EDGE_CURVE('',#3028,#3029,#3448,.T.);
#2377=EDGE_CURVE('',#3028,#3030,#3449,.F.);
#2378=EDGE_CURVE('',#3031,#3030,#3450,.T.);
#2379=EDGE_CURVE('',#3031,#3029,#309,.F.);
#2380=EDGE_CURVE('',#3032,#3033,#3451,.T.);
#2381=EDGE_CURVE('',#3032,#3034,#3452,.F.);
#2382=EDGE_CURVE('',#3034,#3035,#3453,.T.);
#2383=EDGE_CURVE('',#3035,#3033,#3454,.T.);
#2384=EDGE_CURVE('',#3034,#3036,#310,.F.);
#2385=EDGE_CURVE('',#3037,#3036,#3455,.T.);
#2386=EDGE_CURVE('',#3037,#3024,#136,.T.);
#2387=EDGE_CURVE('',#3025,#3031,#137,.T.);
#2388=EDGE_CURVE('',#3030,#3035,#311,.T.);
#2389=EDGE_CURVE('',#3038,#3039,#3456,.T.);
#2390=EDGE_CURVE('',#3038,#3032,#312,.F.);
#2391=EDGE_CURVE('',#3033,#3028,#313,.T.);
#2392=EDGE_CURVE('',#3029,#3027,#138,.T.);
#2393=EDGE_CURVE('',#3026,#3039,#139,.T.);
#2394=EDGE_CURVE('',#3039,#3037,#314,.T.);
#2395=EDGE_CURVE('',#3036,#3038,#3457,.T.);
#2396=EDGE_CURVE('',#2969,#2983,#3458,.T.);
#2397=EDGE_CURVE('',#2968,#2984,#3459,.T.);
#2398=EDGE_CURVE('',#2970,#2982,#3460,.T.);
#2399=EDGE_CURVE('',#3040,#2714,#3461,.T.);
#2400=EDGE_CURVE('',#3041,#3040,#315,.T.);
#2401=EDGE_CURVE('',#2715,#3041,#3462,.F.);
#2402=EDGE_CURVE('',#2976,#2953,#3463,.F.);
#2403=EDGE_CURVE('',#2954,#2977,#3464,.T.);
#2404=EDGE_CURVE('',#2919,#2967,#3465,.T.);
#2405=EDGE_CURVE('',#2717,#3040,#3466,.T.);
#2406=EDGE_CURVE('',#3041,#2716,#3467,.T.);
#2407=EDGE_CURVE('',#2950,#2682,#3468,.T.);
#2408=EDGE_CURVE('',#2951,#2693,#3469,.T.);
#2409=EDGE_CURVE('',#3000,#2701,#3470,.T.);
#2410=EDGE_CURVE('',#2999,#2684,#3471,.T.);
#2411=EDGE_CURVE('',#2672,#3010,#3472,.F.);
#2412=EDGE_CURVE('',#3011,#2703,#3473,.T.);
#2413=EDGE_CURVE('',#2996,#2711,#3474,.T.);
#2414=EDGE_CURVE('',#2995,#2674,#3475,.T.);
#2415=EDGE_CURVE('',#2732,#3008,#3476,.T.);
#2416=EDGE_CURVE('',#3009,#2733,#3477,.T.);
#2417=EDGE_CURVE('',#3042,#3004,#3478,.T.);
#2418=EDGE_CURVE('',#3043,#3042,#3479,.T.);
#2419=EDGE_CURVE('',#3043,#3005,#3480,.T.);
#2420=EDGE_CURVE('',#3042,#2721,#3481,.T.);
#2421=EDGE_CURVE('',#2720,#3043,#3482,.T.);
#2422=EDGE_CURVE('',#2991,#3003,#28,.T.);
#2423=EDGE_CURVE('',#3044,#3002,#3483,.T.);
#2424=EDGE_CURVE('',#3044,#2993,#29,.F.);
#2425=EDGE_CURVE('',#2741,#2745,#316,.T.);
#2426=EDGE_CURVE('',#3045,#3023,#3484,.T.);
#2427=EDGE_CURVE('',#2979,#3045,#3485,.T.);
#2428=EDGE_CURVE('',#3046,#2980,#3486,.T.);
#2429=EDGE_CURVE('',#3046,#3022,#3487,.T.);
#2430=EDGE_CURVE('',#3045,#3046,#3488,.T.);
#2431=EDGE_CURVE('',#3047,#2988,#3489,.T.);
#2432=EDGE_CURVE('',#3048,#3047,#3490,.T.);
#2433=EDGE_CURVE('',#3048,#2930,#3491,.T.);
#2434=EDGE_CURVE('',#3049,#2987,#3492,.T.);
#2435=EDGE_CURVE('',#3047,#3049,#317,.T.);
#2436=EDGE_CURVE('',#3050,#2931,#3493,.T.);
#2437=EDGE_CURVE('',#3049,#3050,#3494,.T.);
#2438=EDGE_CURVE('',#3051,#3048,#3495,.T.);
#2439=EDGE_CURVE('',#3052,#3051,#3496,.T.);
#2440=EDGE_CURVE('',#3050,#3052,#3497,.T.);
#2441=EDGE_CURVE('',#3053,#3052,#3498,.T.);
#2442=EDGE_CURVE('',#3054,#3053,#3499,.T.);
#2443=EDGE_CURVE('',#3051,#3054,#3500,.T.);
#2444=EDGE_CURVE('',#3055,#3056,#3501,.T.);
#2445=EDGE_CURVE('',#3055,#3057,#3502,.F.);
#2446=EDGE_CURVE('',#3058,#3057,#3503,.T.);
#2447=EDGE_CURVE('',#3056,#3058,#3504,.T.);
#2448=EDGE_CURVE('',#3059,#3059,#318,.T.);
#2449=EDGE_CURVE('',#3060,#2986,#3505,.T.);
#2450=EDGE_CURVE('',#3061,#3060,#3506,.T.);
#2451=EDGE_CURVE('',#3061,#2916,#3507,.T.);
#2452=EDGE_CURVE('',#3062,#2985,#3508,.T.);
#2453=EDGE_CURVE('',#3060,#3062,#319,.T.);
#2454=EDGE_CURVE('',#3063,#2917,#3509,.T.);
#2455=EDGE_CURVE('',#3062,#3063,#3510,.T.);
#2456=EDGE_CURVE('',#3064,#3061,#3511,.T.);
#2457=EDGE_CURVE('',#3065,#3064,#3512,.T.);
#2458=EDGE_CURVE('',#3063,#3065,#3513,.T.);
#2459=EDGE_CURVE('',#3066,#3065,#3514,.T.);
#2460=EDGE_CURVE('',#3067,#3066,#3515,.T.);
#2461=EDGE_CURVE('',#3064,#3067,#3516,.T.);
#2462=EDGE_CURVE('',#3068,#3069,#3517,.T.);
#2463=EDGE_CURVE('',#3068,#3070,#3518,.F.);
#2464=EDGE_CURVE('',#3071,#3070,#3519,.T.);
#2465=EDGE_CURVE('',#3069,#3071,#3520,.T.);
#2466=EDGE_CURVE('',#3072,#3072,#320,.T.);
#2467=EDGE_CURVE('',#3073,#2990,#3521,.T.);
#2468=EDGE_CURVE('',#3074,#3073,#3522,.T.);
#2469=EDGE_CURVE('',#3074,#2944,#3523,.T.);
#2470=EDGE_CURVE('',#3075,#2989,#3524,.T.);
#2471=EDGE_CURVE('',#3073,#3075,#321,.T.);
#2472=EDGE_CURVE('',#3076,#2945,#3525,.T.);
#2473=EDGE_CURVE('',#3075,#3076,#3526,.T.);
#2474=EDGE_CURVE('',#3077,#3074,#3527,.T.);
#2475=EDGE_CURVE('',#3078,#3077,#3528,.T.);
#2476=EDGE_CURVE('',#3076,#3078,#3529,.T.);
#2477=EDGE_CURVE('',#3079,#3078,#3530,.T.);
#2478=EDGE_CURVE('',#3080,#3079,#3531,.T.);
#2479=EDGE_CURVE('',#3077,#3080,#3532,.T.);
#2480=EDGE_CURVE('',#3081,#3082,#3533,.T.);
#2481=EDGE_CURVE('',#3081,#3083,#3534,.F.);
#2482=EDGE_CURVE('',#3084,#3083,#3535,.T.);
#2483=EDGE_CURVE('',#3082,#3084,#3536,.T.);
#2484=EDGE_CURVE('',#3085,#3085,#322,.T.);
#2485=EDGE_CURVE('',#3086,#3086,#323,.T.);
#2486=EDGE_CURVE('',#3087,#3087,#324,.T.);
#2487=EDGE_CURVE('',#3088,#3088,#325,.T.);
#2488=EDGE_CURVE('',#2921,#3089,#3537,.T.);
#2489=EDGE_CURVE('',#3089,#3071,#3538,.T.);
#2490=EDGE_CURVE('',#3070,#2909,#326,.T.);
#2491=EDGE_CURVE('',#3089,#3090,#3539,.T.);
#2492=EDGE_CURVE('',#3090,#3069,#3540,.T.);
#2493=EDGE_CURVE('',#3090,#2912,#3541,.T.);
#2494=EDGE_CURVE('',#2911,#3068,#327,.T.);
#2495=EDGE_CURVE('',#3091,#2909,#3542,.T.);
#2496=EDGE_CURVE('',#2909,#2911,#3543,.T.);
#2497=EDGE_CURVE('',#3092,#2911,#3544,.T.);
#2498=EDGE_CURVE('',#3091,#3092,#3545,.T.);
#2499=EDGE_CURVE('',#2912,#2921,#3546,.T.);
#2500=EDGE_CURVE('',#2935,#3093,#3547,.T.);
#2501=EDGE_CURVE('',#3093,#3058,#3548,.T.);
#2502=EDGE_CURVE('',#3057,#2923,#328,.T.);
#2503=EDGE_CURVE('',#3093,#3094,#3549,.T.);
#2504=EDGE_CURVE('',#3094,#3056,#3550,.T.);
#2505=EDGE_CURVE('',#3094,#2926,#3551,.T.);
#2506=EDGE_CURVE('',#2925,#3055,#329,.T.);
#2507=EDGE_CURVE('',#3095,#2923,#3552,.T.);
#2508=EDGE_CURVE('',#2923,#2925,#3553,.T.);
#2509=EDGE_CURVE('',#3096,#2925,#3554,.T.);
#2510=EDGE_CURVE('',#3095,#3096,#3555,.T.);
#2511=EDGE_CURVE('',#2926,#2935,#3556,.T.);
#2512=EDGE_CURVE('',#2949,#3097,#3557,.T.);
#2513=EDGE_CURVE('',#3097,#3084,#3558,.T.);
#2514=EDGE_CURVE('',#3083,#2937,#330,.T.);
#2515=EDGE_CURVE('',#3097,#3098,#3559,.T.);
#2516=EDGE_CURVE('',#3098,#3082,#3560,.T.);
#2517=EDGE_CURVE('',#3098,#2940,#3561,.T.);
#2518=EDGE_CURVE('',#2939,#3081,#331,.T.);
#2519=EDGE_CURVE('',#3099,#2937,#3562,.T.);
#2520=EDGE_CURVE('',#2937,#2939,#3563,.T.);
#2521=EDGE_CURVE('',#3100,#2939,#3564,.T.);
#2522=EDGE_CURVE('',#3099,#3100,#3565,.T.);
#2523=EDGE_CURVE('',#2940,#2949,#3566,.T.);
#2524=EDGE_CURVE('',#3101,#3102,#3567,.T.);
#2525=EDGE_CURVE('',#3101,#3103,#3568,.F.);
#2526=EDGE_CURVE('',#3065,#3103,#3569,.T.);
#2527=EDGE_CURVE('',#3104,#3064,#3570,.T.);
#2528=EDGE_CURVE('',#3104,#3102,#3571,.F.);
#2529=EDGE_CURVE('',#3105,#3106,#3572,.T.);
#2530=EDGE_CURVE('',#3105,#3066,#332,.F.);
#2531=EDGE_CURVE('',#3103,#3106,#3573,.T.);
#2532=EDGE_CURVE('',#3107,#3108,#3574,.T.);
#2533=EDGE_CURVE('',#3107,#3101,#3575,.T.);
#2534=EDGE_CURVE('',#3102,#3108,#3576,.T.);
#2535=EDGE_CURVE('',#3067,#3109,#333,.F.);
#2536=EDGE_CURVE('',#3110,#3109,#3577,.T.);
#2537=EDGE_CURVE('',#3110,#3104,#3578,.T.);
#2538=EDGE_CURVE('',#3109,#3105,#3579,.T.);
#2539=EDGE_CURVE('',#3106,#3107,#3580,.F.);
#2540=EDGE_CURVE('',#3108,#3110,#3581,.F.);
#2541=EDGE_CURVE('',#3111,#3112,#3582,.T.);
#2542=EDGE_CURVE('',#3111,#3113,#3583,.F.);
#2543=EDGE_CURVE('',#3052,#3113,#3584,.T.);
#2544=EDGE_CURVE('',#3114,#3051,#3585,.T.);
#2545=EDGE_CURVE('',#3114,#3112,#3586,.F.);
#2546=EDGE_CURVE('',#3115,#3116,#3587,.T.);
#2547=EDGE_CURVE('',#3115,#3053,#334,.F.);
#2548=EDGE_CURVE('',#3113,#3116,#3588,.T.);
#2549=EDGE_CURVE('',#3117,#3118,#3589,.T.);
#2550=EDGE_CURVE('',#3117,#3111,#3590,.T.);
#2551=EDGE_CURVE('',#3112,#3118,#3591,.T.);
#2552=EDGE_CURVE('',#3054,#3119,#335,.F.);
#2553=EDGE_CURVE('',#3120,#3119,#3592,.T.);
#2554=EDGE_CURVE('',#3120,#3114,#3593,.T.);
#2555=EDGE_CURVE('',#3119,#3115,#3594,.T.);
#2556=EDGE_CURVE('',#3116,#3117,#3595,.F.);
#2557=EDGE_CURVE('',#3118,#3120,#3596,.F.);
#2558=EDGE_CURVE('',#3121,#3122,#3597,.T.);
#2559=EDGE_CURVE('',#3121,#3123,#3598,.F.);
#2560=EDGE_CURVE('',#3078,#3123,#3599,.T.);
#2561=EDGE_CURVE('',#3124,#3077,#3600,.T.);
#2562=EDGE_CURVE('',#3124,#3122,#3601,.F.);
#2563=EDGE_CURVE('',#3125,#3126,#3602,.T.);
#2564=EDGE_CURVE('',#3125,#3079,#336,.F.);
#2565=EDGE_CURVE('',#3123,#3126,#3603,.T.);
#2566=EDGE_CURVE('',#3127,#3128,#3604,.T.);
#2567=EDGE_CURVE('',#3127,#3121,#3605,.T.);
#2568=EDGE_CURVE('',#3122,#3128,#3606,.T.);
#2569=EDGE_CURVE('',#3080,#3129,#337,.F.);
#2570=EDGE_CURVE('',#3130,#3129,#3607,.T.);
#2571=EDGE_CURVE('',#3130,#3124,#3608,.T.);
#2572=EDGE_CURVE('',#3129,#3125,#3609,.T.);
#2573=EDGE_CURVE('',#3126,#3127,#3610,.F.);
#2574=EDGE_CURVE('',#3128,#3130,#3611,.F.);
#2575=EDGE_CURVE('',#2941,#2957,#3612,.T.);
#2576=EDGE_CURVE('',#2948,#2958,#3613,.T.);
#2577=EDGE_CURVE('',#2927,#2961,#3614,.T.);
#2578=EDGE_CURVE('',#2934,#2962,#3615,.T.);
#2579=EDGE_CURVE('',#2913,#2965,#3616,.T.);
#2580=EDGE_CURVE('',#2920,#2966,#3617,.T.);
#2581=EDGE_CURVE('',#3131,#3131,#338,.F.);
#2582=EDGE_CURVE('',#3132,#3132,#339,.T.);
#2583=EDGE_CURVE('',#3133,#3133,#340,.F.);
#2584=EDGE_CURVE('',#3134,#3134,#341,.T.);
#2585=EDGE_CURVE('',#3135,#3135,#342,.F.);
#2586=EDGE_CURVE('',#3136,#3136,#343,.T.);
#2587=EDGE_CURVE('',#3100,#3137,#3618,.T.);
#2588=EDGE_CURVE('',#2938,#3138,#344,.T.);
#2589=EDGE_CURVE('',#3137,#3138,#3619,.T.);
#2590=EDGE_CURVE('',#3138,#3139,#3620,.T.);
#2591=EDGE_CURVE('',#3140,#3139,#3621,.T.);
#2592=EDGE_CURVE('',#3137,#3140,#3622,.T.);
#2593=EDGE_CURVE('',#3140,#3099,#3623,.T.);
#2594=EDGE_CURVE('',#3139,#2936,#345,.T.);
#2595=EDGE_CURVE('',#3096,#3141,#3624,.T.);
#2596=EDGE_CURVE('',#2924,#3142,#346,.T.);
#2597=EDGE_CURVE('',#3141,#3142,#3625,.T.);
#2598=EDGE_CURVE('',#3142,#3143,#3626,.T.);
#2599=EDGE_CURVE('',#3144,#3143,#3627,.T.);
#2600=EDGE_CURVE('',#3141,#3144,#3628,.T.);
#2601=EDGE_CURVE('',#3144,#3095,#3629,.T.);
#2602=EDGE_CURVE('',#3143,#2922,#347,.T.);
#2603=EDGE_CURVE('',#3092,#3145,#3630,.T.);
#2604=EDGE_CURVE('',#2910,#3146,#348,.T.);
#2605=EDGE_CURVE('',#3145,#3146,#3631,.T.);
#2606=EDGE_CURVE('',#3146,#3147,#3632,.T.);
#2607=EDGE_CURVE('',#3148,#3147,#3633,.T.);
#2608=EDGE_CURVE('',#3145,#3148,#3634,.T.);
#2609=EDGE_CURVE('',#3148,#3091,#3635,.T.);
#2610=EDGE_CURVE('',#3147,#2908,#349,.T.);
#2611=EDGE_CURVE('',#3002,#3149,#3636,.T.);
#2612=EDGE_CURVE('',#3149,#3150,#3637,.T.);
#2613=EDGE_CURVE('',#3150,#3044,#3638,.T.);
#2614=EDGE_CURVE('',#3003,#3149,#30,.T.);
#2615=EDGE_CURVE('',#2992,#3150,#31,.T.);
#2616=EDGE_CURVE('',#2696,#3020,#350,.T.);
#2617=EDGE_CURVE('',#2706,#3016,#351,.T.);
#2618=EDGE_CURVE('',#3019,#2679,#352,.T.);
#2619=EDGE_CURVE('',#3015,#2689,#353,.T.);
#2620=EDGE_CURVE('',#3151,#3152,#3639,.T.);
#2621=EDGE_CURVE('',#3151,#2706,#354,.F.);
#2622=EDGE_CURVE('',#3152,#2705,#3640,.T.);
#2623=EDGE_CURVE('',#3153,#2704,#3641,.T.);
#2624=EDGE_CURVE('',#3152,#3153,#355,.T.);
#2625=EDGE_CURVE('',#3017,#3154,#356,.F.);
#2626=EDGE_CURVE('',#3153,#3154,#3642,.T.);
#2627=EDGE_CURVE('',#3013,#2702,#3643,.T.);
#2628=EDGE_CURVE('',#3154,#3151,#357,.T.);
#2629=EDGE_CURVE('',#3155,#3156,#3644,.T.);
#2630=EDGE_CURVE('',#3155,#2696,#358,.F.);
#2631=EDGE_CURVE('',#3156,#2695,#3645,.T.);
#2632=EDGE_CURVE('',#3157,#2694,#3646,.T.);
#2633=EDGE_CURVE('',#3156,#3157,#359,.T.);
#2634=EDGE_CURVE('',#3021,#3158,#360,.F.);
#2635=EDGE_CURVE('',#3157,#3158,#3647,.T.);
#2636=EDGE_CURVE('',#2971,#2692,#3648,.T.);
#2637=EDGE_CURVE('',#3158,#3155,#361,.T.);
#2638=EDGE_CURVE('',#3159,#3160,#3649,.T.);
#2639=EDGE_CURVE('',#3159,#3014,#362,.F.);
#2640=EDGE_CURVE('',#2952,#2683,#3650,.T.);
#2641=EDGE_CURVE('',#3160,#2691,#3651,.T.);
#2642=EDGE_CURVE('',#3161,#2690,#3652,.T.);
#2643=EDGE_CURVE('',#3160,#3161,#363,.T.);
#2644=EDGE_CURVE('',#2689,#3162,#364,.F.);
#2645=EDGE_CURVE('',#3161,#3162,#3653,.T.);
#2646=EDGE_CURVE('',#3162,#3159,#365,.T.);
#2647=EDGE_CURVE('',#3163,#3164,#3654,.T.);
#2648=EDGE_CURVE('',#3163,#3018,#366,.F.);
#2649=EDGE_CURVE('',#3012,#2673,#3655,.T.);
#2650=EDGE_CURVE('',#3164,#2681,#3656,.T.);
#2651=EDGE_CURVE('',#3165,#2680,#3657,.T.);
#2652=EDGE_CURVE('',#3164,#3165,#367,.T.);
#2653=EDGE_CURVE('',#2679,#3166,#368,.F.);
#2654=EDGE_CURVE('',#3165,#3166,#3658,.T.);
#2655=EDGE_CURVE('',#3166,#3163,#369,.T.);
#2656=VERTEX_POINT('',#8688);
#2657=VERTEX_POINT('',#8689);
#2658=VERTEX_POINT('',#8691);
#2659=VERTEX_POINT('',#8693);
#2660=VERTEX_POINT('',#8697);
#2661=VERTEX_POINT('',#8698);
#2662=VERTEX_POINT('',#8700);
#2663=VERTEX_POINT('',#8702);
#2664=VERTEX_POINT('',#8706);
#2665=VERTEX_POINT('',#8707);
#2666=VERTEX_POINT('',#8709);
#2667=VERTEX_POINT('',#8711);
#2668=VERTEX_POINT('',#8715);
#2669=VERTEX_POINT('',#8716);
#2670=VERTEX_POINT('',#8718);
#2671=VERTEX_POINT('',#8720);
#2672=VERTEX_POINT('',#8724);
#2673=VERTEX_POINT('',#8725);
#2674=VERTEX_POINT('',#8727);
#2675=VERTEX_POINT('',#8729);
#2676=VERTEX_POINT('',#8731);
#2677=VERTEX_POINT('',#8733);
#2678=VERTEX_POINT('',#8735);
#2679=VERTEX_POINT('',#8737);
#2680=VERTEX_POINT('',#8739);
#2681=VERTEX_POINT('',#8741);
#2682=VERTEX_POINT('',#8745);
#2683=VERTEX_POINT('',#8746);
#2684=VERTEX_POINT('',#8748);
#2685=VERTEX_POINT('',#8750);
#2686=VERTEX_POINT('',#8752);
#2687=VERTEX_POINT('',#8754);
#2688=VERTEX_POINT('',#8756);
#2689=VERTEX_POINT('',#8758);
#2690=VERTEX_POINT('',#8760);
#2691=VERTEX_POINT('',#8762);
#2692=VERTEX_POINT('',#8766);
#2693=VERTEX_POINT('',#8767);
#2694=VERTEX_POINT('',#8769);
#2695=VERTEX_POINT('',#8771);
#2696=VERTEX_POINT('',#8773);
#2697=VERTEX_POINT('',#8775);
#2698=VERTEX_POINT('',#8777);
#2699=VERTEX_POINT('',#8779);
#2700=VERTEX_POINT('',#8781);
#2701=VERTEX_POINT('',#8783);
#2702=VERTEX_POINT('',#8787);
#2703=VERTEX_POINT('',#8788);
#2704=VERTEX_POINT('',#8790);
#2705=VERTEX_POINT('',#8792);
#2706=VERTEX_POINT('',#8794);
#2707=VERTEX_POINT('',#8796);
#2708=VERTEX_POINT('',#8798);
#2709=VERTEX_POINT('',#8800);
#2710=VERTEX_POINT('',#8802);
#2711=VERTEX_POINT('',#8804);
#2712=VERTEX_POINT('',#8808);
#2713=VERTEX_POINT('',#8809);
#2714=VERTEX_POINT('',#8811);
#2715=VERTEX_POINT('',#8813);
#2716=VERTEX_POINT('',#8817);
#2717=VERTEX_POINT('',#8818);
#2718=VERTEX_POINT('',#8821);
#2719=VERTEX_POINT('',#8823);
#2720=VERTEX_POINT('',#8825);
#2721=VERTEX_POINT('',#8827);
#2722=VERTEX_POINT('',#8829);
#2723=VERTEX_POINT('',#8831);
#2724=VERTEX_POINT('',#8836);
#2725=VERTEX_POINT('',#8837);
#2726=VERTEX_POINT('',#8839);
#2727=VERTEX_POINT('',#8841);
#2728=VERTEX_POINT('',#8845);
#2729=VERTEX_POINT('',#8847);
#2730=VERTEX_POINT('',#8851);
#2731=VERTEX_POINT('',#8852);
#2732=VERTEX_POINT('',#8855);
#2733=VERTEX_POINT('',#8857);
#2734=VERTEX_POINT('',#8873);
#2735=VERTEX_POINT('',#8874);
#2736=VERTEX_POINT('',#8876);
#2737=VERTEX_POINT('',#8881);
#2738=VERTEX_POINT('',#8883);
#2739=VERTEX_POINT('',#8885);
#2740=VERTEX_POINT('',#8892);
#2741=VERTEX_POINT('',#8893);
#2742=VERTEX_POINT('',#8895);
#2743=VERTEX_POINT('',#8897);
#2744=VERTEX_POINT('',#8899);
#2745=VERTEX_POINT('',#8904);
#2746=VERTEX_POINT('',#8911);
#2747=VERTEX_POINT('',#8913);
#2748=VERTEX_POINT('',#8920);
#2749=VERTEX_POINT('',#8922);
#2750=VERTEX_POINT('',#8929);
#2751=VERTEX_POINT('',#8930);
#2752=VERTEX_POINT('',#8935);
#2753=VERTEX_POINT('',#8940);
#2754=VERTEX_POINT('',#8942);
#2755=VERTEX_POINT('',#8944);
#2756=VERTEX_POINT('',#8951);
#2757=VERTEX_POINT('',#8953);
#2758=VERTEX_POINT('',#8960);
#2759=VERTEX_POINT('',#8962);
#2760=VERTEX_POINT('',#8969);
#2761=VERTEX_POINT('',#8971);
#2762=VERTEX_POINT('',#8978);
#2763=VERTEX_POINT('',#8983);
#2764=VERTEX_POINT('',#8988);
#2765=VERTEX_POINT('',#8990);
#2766=VERTEX_POINT('',#9003);
#2767=VERTEX_POINT('',#9005);
#2768=VERTEX_POINT('',#9012);
#2769=VERTEX_POINT('',#9017);
#2770=VERTEX_POINT('',#9022);
#2771=VERTEX_POINT('',#9024);
#2772=VERTEX_POINT('',#9031);
#2773=VERTEX_POINT('',#9033);
#2774=VERTEX_POINT('',#9040);
#2775=VERTEX_POINT('',#9042);
#2776=VERTEX_POINT('',#9049);
#2777=VERTEX_POINT('',#9051);
#2778=VERTEX_POINT('',#9058);
#2779=VERTEX_POINT('',#9063);
#2780=VERTEX_POINT('',#9068);
#2781=VERTEX_POINT('',#9070);
#2782=VERTEX_POINT('',#9077);
#2783=VERTEX_POINT('',#9079);
#2784=VERTEX_POINT('',#9086);
#2785=VERTEX_POINT('',#9088);
#2786=VERTEX_POINT('',#9095);
#2787=VERTEX_POINT('',#9097);
#2788=VERTEX_POINT('',#9104);
#2789=VERTEX_POINT('',#9109);
#2790=VERTEX_POINT('',#9114);
#2791=VERTEX_POINT('',#9116);
#2792=VERTEX_POINT('',#9123);
#2793=VERTEX_POINT('',#9125);
#2794=VERTEX_POINT('',#9132);
#2795=VERTEX_POINT('',#9134);
#2796=VERTEX_POINT('',#9141);
#2797=VERTEX_POINT('',#9143);
#2798=VERTEX_POINT('',#9150);
#2799=VERTEX_POINT('',#9151);
#2800=VERTEX_POINT('',#9153);
#2801=VERTEX_POINT('',#9159);
#2802=VERTEX_POINT('',#9169);
#2803=VERTEX_POINT('',#9171);
#2804=VERTEX_POINT('',#9178);
#2805=VERTEX_POINT('',#9180);
#2806=VERTEX_POINT('',#9187);
#2807=VERTEX_POINT('',#9189);
#2808=VERTEX_POINT('',#9196);
#2809=VERTEX_POINT('',#9201);
#2810=VERTEX_POINT('',#9206);
#2811=VERTEX_POINT('',#9208);
#2812=VERTEX_POINT('',#9215);
#2813=VERTEX_POINT('',#9217);
#2814=VERTEX_POINT('',#9224);
#2815=VERTEX_POINT('',#9226);
#2816=VERTEX_POINT('',#9233);
#2817=VERTEX_POINT('',#9235);
#2818=VERTEX_POINT('',#9242);
#2819=VERTEX_POINT('',#9247);
#2820=VERTEX_POINT('',#9252);
#2821=VERTEX_POINT('',#9254);
#2822=VERTEX_POINT('',#9261);
#2823=VERTEX_POINT('',#9263);
#2824=VERTEX_POINT('',#9270);
#2825=VERTEX_POINT('',#9272);
#2826=VERTEX_POINT('',#9285);
#2827=VERTEX_POINT('',#9287);
#2828=VERTEX_POINT('',#9294);
#2829=VERTEX_POINT('',#9296);
#2830=VERTEX_POINT('',#9303);
#2831=VERTEX_POINT('',#9305);
#2832=VERTEX_POINT('',#9312);
#2833=VERTEX_POINT('',#9313);
#2834=VERTEX_POINT('',#9318);
#2835=VERTEX_POINT('',#9324);
#2836=VERTEX_POINT('',#9328);
#2837=VERTEX_POINT('',#9329);
#2838=VERTEX_POINT('',#9340);
#2839=VERTEX_POINT('',#9342);
#2840=VERTEX_POINT('',#9349);
#2841=VERTEX_POINT('',#9351);
#2842=VERTEX_POINT('',#9358);
#2843=VERTEX_POINT('',#9359);
#2844=VERTEX_POINT('',#9364);
#2845=VERTEX_POINT('',#9370);
#2846=VERTEX_POINT('',#9374);
#2847=VERTEX_POINT('',#9375);
#2848=VERTEX_POINT('',#9386);
#2849=VERTEX_POINT('',#9388);
#2850=VERTEX_POINT('',#9395);
#2851=VERTEX_POINT('',#9397);
#2852=VERTEX_POINT('',#9404);
#2853=VERTEX_POINT('',#9405);
#2854=VERTEX_POINT('',#9410);
#2855=VERTEX_POINT('',#9416);
#2856=VERTEX_POINT('',#9420);
#2857=VERTEX_POINT('',#9421);
#2858=VERTEX_POINT('',#9432);
#2859=VERTEX_POINT('',#9434);
#2860=VERTEX_POINT('',#9441);
#2861=VERTEX_POINT('',#9443);
#2862=VERTEX_POINT('',#9450);
#2863=VERTEX_POINT('',#9451);
#2864=VERTEX_POINT('',#9456);
#2865=VERTEX_POINT('',#9462);
#2866=VERTEX_POINT('',#9466);
#2867=VERTEX_POINT('',#9467);
#2868=VERTEX_POINT('',#9478);
#2869=VERTEX_POINT('',#9480);
#2870=VERTEX_POINT('',#9487);
#2871=VERTEX_POINT('',#9489);
#2872=VERTEX_POINT('',#9496);
#2873=VERTEX_POINT('',#9498);
#2874=VERTEX_POINT('',#9500);
#2875=VERTEX_POINT('',#9505);
#2876=VERTEX_POINT('',#9512);
#2877=VERTEX_POINT('',#9513);
#2878=VERTEX_POINT('',#9524);
#2879=VERTEX_POINT('',#9526);
#2880=VERTEX_POINT('',#9533);
#2881=VERTEX_POINT('',#9535);
#2882=VERTEX_POINT('',#9542);
#2883=VERTEX_POINT('',#9543);
#2884=VERTEX_POINT('',#9548);
#2885=VERTEX_POINT('',#9554);
#2886=VERTEX_POINT('',#9558);
#2887=VERTEX_POINT('',#9559);
#2888=VERTEX_POINT('',#9570);
#2889=VERTEX_POINT('',#9572);
#2890=VERTEX_POINT('',#9579);
#2891=VERTEX_POINT('',#9581);
#2892=VERTEX_POINT('',#9588);
#2893=VERTEX_POINT('',#9589);
#2894=VERTEX_POINT('',#9594);
#2895=VERTEX_POINT('',#9600);
#2896=VERTEX_POINT('',#9604);
#2897=VERTEX_POINT('',#9605);
#2898=VERTEX_POINT('',#9616);
#2899=VERTEX_POINT('',#9618);
#2900=VERTEX_POINT('',#9625);
#2901=VERTEX_POINT('',#9627);
#2902=VERTEX_POINT('',#9634);
#2903=VERTEX_POINT('',#9635);
#2904=VERTEX_POINT('',#9640);
#2905=VERTEX_POINT('',#9646);
#2906=VERTEX_POINT('',#9656);
#2907=VERTEX_POINT('',#9658);
#2908=VERTEX_POINT('',#9663);
#2909=VERTEX_POINT('',#9664);
#2910=VERTEX_POINT('',#9666);
#2911=VERTEX_POINT('',#9668);
#2912=VERTEX_POINT('',#9670);
#2913=VERTEX_POINT('',#9672);
#2914=VERTEX_POINT('',#9674);
#2915=VERTEX_POINT('',#9676);
#2916=VERTEX_POINT('',#9678);
#2917=VERTEX_POINT('',#9680);
#2918=VERTEX_POINT('',#9682);
#2919=VERTEX_POINT('',#9684);
#2920=VERTEX_POINT('',#9686);
#2921=VERTEX_POINT('',#9688);
#2922=VERTEX_POINT('',#9692);
#2923=VERTEX_POINT('',#9693);
#2924=VERTEX_POINT('',#9695);
#2925=VERTEX_POINT('',#9697);
#2926=VERTEX_POINT('',#9699);
#2927=VERTEX_POINT('',#9701);
#2928=VERTEX_POINT('',#9703);
#2929=VERTEX_POINT('',#9705);
#2930=VERTEX_POINT('',#9707);
#2931=VERTEX_POINT('',#9709);
#2932=VERTEX_POINT('',#9711);
#2933=VERTEX_POINT('',#9713);
#2934=VERTEX_POINT('',#9715);
#2935=VERTEX_POINT('',#9717);
#2936=VERTEX_POINT('',#9721);
#2937=VERTEX_POINT('',#9722);
#2938=VERTEX_POINT('',#9724);
#2939=VERTEX_POINT('',#9726);
#2940=VERTEX_POINT('',#9728);
#2941=VERTEX_POINT('',#9730);
#2942=VERTEX_POINT('',#9732);
#2943=VERTEX_POINT('',#9734);
#2944=VERTEX_POINT('',#9736);
#2945=VERTEX_POINT('',#9738);
#2946=VERTEX_POINT('',#9740);
#2947=VERTEX_POINT('',#9742);
#2948=VERTEX_POINT('',#9744);
#2949=VERTEX_POINT('',#9746);
#2950=VERTEX_POINT('',#9750);
#2951=VERTEX_POINT('',#9751);
#2952=VERTEX_POINT('',#9753);
#2953=VERTEX_POINT('',#9756);
#2954=VERTEX_POINT('',#9758);
#2955=VERTEX_POINT('',#9760);
#2956=VERTEX_POINT('',#9762);
#2957=VERTEX_POINT('',#9764);
#2958=VERTEX_POINT('',#9766);
#2959=VERTEX_POINT('',#9768);
#2960=VERTEX_POINT('',#9770);
#2961=VERTEX_POINT('',#9772);
#2962=VERTEX_POINT('',#9774);
#2963=VERTEX_POINT('',#9776);
#2964=VERTEX_POINT('',#9778);
#2965=VERTEX_POINT('',#9780);
#2966=VERTEX_POINT('',#9782);
#2967=VERTEX_POINT('',#9784);
#2968=VERTEX_POINT('',#9786);
#2969=VERTEX_POINT('',#9788);
#2970=VERTEX_POINT('',#9790);
#2971=VERTEX_POINT('',#9793);
#2972=VERTEX_POINT('',#9796);
#2973=VERTEX_POINT('',#9798);
#2974=VERTEX_POINT('',#9800);
#2975=VERTEX_POINT('',#9812);
#2976=VERTEX_POINT('',#9816);
#2977=VERTEX_POINT('',#9817);
#2978=VERTEX_POINT('',#9820);
#2979=VERTEX_POINT('',#9822);
#2980=VERTEX_POINT('',#9824);
#2981=VERTEX_POINT('',#9826);
#2982=VERTEX_POINT('',#9829);
#2983=VERTEX_POINT('',#9831);
#2984=VERTEX_POINT('',#9833);
#2985=VERTEX_POINT('',#9836);
#2986=VERTEX_POINT('',#9838);
#2987=VERTEX_POINT('',#9841);
#2988=VERTEX_POINT('',#9843);
#2989=VERTEX_POINT('',#9846);
#2990=VERTEX_POINT('',#9848);
#2991=VERTEX_POINT('',#9859);
#2992=VERTEX_POINT('',#9860);
#2993=VERTEX_POINT('',#9862);
#2994=VERTEX_POINT('',#9872);
#2995=VERTEX_POINT('',#9873);
#2996=VERTEX_POINT('',#9875);
#2997=VERTEX_POINT('',#9877);
#2998=VERTEX_POINT('',#9879);
#2999=VERTEX_POINT('',#9881);
#3000=VERTEX_POINT('',#9883);
#3001=VERTEX_POINT('',#9885);
#3002=VERTEX_POINT('',#9888);
#3003=VERTEX_POINT('',#9889);
#3004=VERTEX_POINT('',#9893);
#3005=VERTEX_POINT('',#9895);
#3006=VERTEX_POINT('',#9898);
#3007=VERTEX_POINT('',#9900);
#3008=VERTEX_POINT('',#9904);
#3009=VERTEX_POINT('',#9908);
#3010=VERTEX_POINT('',#9917);
#3011=VERTEX_POINT('',#9918);
#3012=VERTEX_POINT('',#9920);
#3013=VERTEX_POINT('',#9923);
#3014=VERTEX_POINT('',#9927);
#3015=VERTEX_POINT('',#9929);
#3016=VERTEX_POINT('',#9932);
#3017=VERTEX_POINT('',#9934);
#3018=VERTEX_POINT('',#9937);
#3019=VERTEX_POINT('',#9939);
#3020=VERTEX_POINT('',#9942);
#3021=VERTEX_POINT('',#9944);
#3022=VERTEX_POINT('',#9947);
#3023=VERTEX_POINT('',#9949);
#3024=VERTEX_POINT('',#9952);
#3025=VERTEX_POINT('',#9953);
#3026=VERTEX_POINT('',#9955);
#3027=VERTEX_POINT('',#9957);
#3028=VERTEX_POINT('',#9961);
#3029=VERTEX_POINT('',#9962);
#3030=VERTEX_POINT('',#9964);
#3031=VERTEX_POINT('',#9966);
#3032=VERTEX_POINT('',#9970);
#3033=VERTEX_POINT('',#9971);
#3034=VERTEX_POINT('',#9973);
#3035=VERTEX_POINT('',#9975);
#3036=VERTEX_POINT('',#9979);
#3037=VERTEX_POINT('',#9981);
#3038=VERTEX_POINT('',#9994);
#3039=VERTEX_POINT('',#9995);
#3040=VERTEX_POINT('',#10017);
#3041=VERTEX_POINT('',#10019);
#3042=VERTEX_POINT('',#10053);
#3043=VERTEX_POINT('',#10055);
#3044=VERTEX_POINT('',#10209);
#3045=VERTEX_POINT('',#10360);
#3046=VERTEX_POINT('',#10364);
#3047=VERTEX_POINT('',#10371);
#3048=VERTEX_POINT('',#10373);
#3049=VERTEX_POINT('',#10377);
#3050=VERTEX_POINT('',#10381);
#3051=VERTEX_POINT('',#10385);
#3052=VERTEX_POINT('',#10387);
#3053=VERTEX_POINT('',#10391);
#3054=VERTEX_POINT('',#10393);
#3055=VERTEX_POINT('',#10396);
#3056=VERTEX_POINT('',#10397);
#3057=VERTEX_POINT('',#10399);
#3058=VERTEX_POINT('',#10401);
#3059=VERTEX_POINT('',#10404);
#3060=VERTEX_POINT('',#10407);
#3061=VERTEX_POINT('',#10409);
#3062=VERTEX_POINT('',#10413);
#3063=VERTEX_POINT('',#10417);
#3064=VERTEX_POINT('',#10421);
#3065=VERTEX_POINT('',#10423);
#3066=VERTEX_POINT('',#10427);
#3067=VERTEX_POINT('',#10429);
#3068=VERTEX_POINT('',#10432);
#3069=VERTEX_POINT('',#10433);
#3070=VERTEX_POINT('',#10435);
#3071=VERTEX_POINT('',#10437);
#3072=VERTEX_POINT('',#10440);
#3073=VERTEX_POINT('',#10443);
#3074=VERTEX_POINT('',#10445);
#3075=VERTEX_POINT('',#10449);
#3076=VERTEX_POINT('',#10453);
#3077=VERTEX_POINT('',#10457);
#3078=VERTEX_POINT('',#10459);
#3079=VERTEX_POINT('',#10463);
#3080=VERTEX_POINT('',#10465);
#3081=VERTEX_POINT('',#10468);
#3082=VERTEX_POINT('',#10469);
#3083=VERTEX_POINT('',#10471);
#3084=VERTEX_POINT('',#10473);
#3085=VERTEX_POINT('',#10476);
#3086=VERTEX_POINT('',#10479);
#3087=VERTEX_POINT('',#10482);
#3088=VERTEX_POINT('',#10485);
#3089=VERTEX_POINT('',#10488);
#3090=VERTEX_POINT('',#10493);
#3091=VERTEX_POINT('',#10500);
#3092=VERTEX_POINT('',#10503);
#3093=VERTEX_POINT('',#10509);
#3094=VERTEX_POINT('',#10514);
#3095=VERTEX_POINT('',#10521);
#3096=VERTEX_POINT('',#10524);
#3097=VERTEX_POINT('',#10530);
#3098=VERTEX_POINT('',#10535);
#3099=VERTEX_POINT('',#10542);
#3100=VERTEX_POINT('',#10545);
#3101=VERTEX_POINT('',#10551);
#3102=VERTEX_POINT('',#10552);
#3103=VERTEX_POINT('',#10554);
#3104=VERTEX_POINT('',#10557);
#3105=VERTEX_POINT('',#10561);
#3106=VERTEX_POINT('',#10562);
#3107=VERTEX_POINT('',#10567);
#3108=VERTEX_POINT('',#10568);
#3109=VERTEX_POINT('',#10573);
#3110=VERTEX_POINT('',#10575);
#3111=VERTEX_POINT('',#10583);
#3112=VERTEX_POINT('',#10584);
#3113=VERTEX_POINT('',#10586);
#3114=VERTEX_POINT('',#10589);
#3115=VERTEX_POINT('',#10593);
#3116=VERTEX_POINT('',#10594);
#3117=VERTEX_POINT('',#10599);
#3118=VERTEX_POINT('',#10600);
#3119=VERTEX_POINT('',#10605);
#3120=VERTEX_POINT('',#10607);
#3121=VERTEX_POINT('',#10615);
#3122=VERTEX_POINT('',#10616);
#3123=VERTEX_POINT('',#10618);
#3124=VERTEX_POINT('',#10621);
#3125=VERTEX_POINT('',#10625);
#3126=VERTEX_POINT('',#10626);
#3127=VERTEX_POINT('',#10631);
#3128=VERTEX_POINT('',#10632);
#3129=VERTEX_POINT('',#10637);
#3130=VERTEX_POINT('',#10639);
#3131=VERTEX_POINT('',#10662);
#3132=VERTEX_POINT('',#10664);
#3133=VERTEX_POINT('',#10667);
#3134=VERTEX_POINT('',#10669);
#3135=VERTEX_POINT('',#10672);
#3136=VERTEX_POINT('',#10674);
#3137=VERTEX_POINT('',#10677);
#3138=VERTEX_POINT('',#10679);
#3139=VERTEX_POINT('',#10683);
#3140=VERTEX_POINT('',#10685);
#3141=VERTEX_POINT('',#10693);
#3142=VERTEX_POINT('',#10695);
#3143=VERTEX_POINT('',#10699);
#3144=VERTEX_POINT('',#10701);
#3145=VERTEX_POINT('',#10709);
#3146=VERTEX_POINT('',#10711);
#3147=VERTEX_POINT('',#10715);
#3148=VERTEX_POINT('',#10717);
#3149=VERTEX_POINT('',#10728);
#3150=VERTEX_POINT('',#10730);
#3151=VERTEX_POINT('',#11571);
#3152=VERTEX_POINT('',#11572);
#3153=VERTEX_POINT('',#11577);
#3154=VERTEX_POINT('',#11581);
#3155=VERTEX_POINT('',#11588);
#3156=VERTEX_POINT('',#11589);
#3157=VERTEX_POINT('',#11594);
#3158=VERTEX_POINT('',#11598);
#3159=VERTEX_POINT('',#11605);
#3160=VERTEX_POINT('',#11606);
#3161=VERTEX_POINT('',#11612);
#3162=VERTEX_POINT('',#11616);
#3163=VERTEX_POINT('',#11622);
#3164=VERTEX_POINT('',#11623);
#3165=VERTEX_POINT('',#11629);
#3166=VERTEX_POINT('',#11633);
#3167=LINE('',#8687,#3659);
#3168=LINE('',#8690,#3660);
#3169=LINE('',#8692,#3661);
#3170=LINE('',#8694,#3662);
#3171=LINE('',#8696,#3663);
#3172=LINE('',#8699,#3664);
#3173=LINE('',#8701,#3665);
#3174=LINE('',#8703,#3666);
#3175=LINE('',#8705,#3667);
#3176=LINE('',#8708,#3668);
#3177=LINE('',#8710,#3669);
#3178=LINE('',#8712,#3670);
#3179=LINE('',#8714,#3671);
#3180=LINE('',#8717,#3672);
#3181=LINE('',#8719,#3673);
#3182=LINE('',#8721,#3674);
#3183=LINE('',#8726,#3675);
#3184=LINE('',#8728,#3676);
#3185=LINE('',#8732,#3677);
#3186=LINE('',#8736,#3678);
#3187=LINE('',#8738,#3679);
#3188=LINE('',#8742,#3680);
#3189=LINE('',#8747,#3681);
#3190=LINE('',#8749,#3682);
#3191=LINE('',#8753,#3683);
#3192=LINE('',#8757,#3684);
#3193=LINE('',#8759,#3685);
#3194=LINE('',#8763,#3686);
#3195=LINE('',#8768,#3687);
#3196=LINE('',#8772,#3688);
#3197=LINE('',#8774,#3689);
#3198=LINE('',#8778,#3690);
#3199=LINE('',#8782,#3691);
#3200=LINE('',#8784,#3692);
#3201=LINE('',#8789,#3693);
#3202=LINE('',#8793,#3694);
#3203=LINE('',#8795,#3695);
#3204=LINE('',#8799,#3696);
#3205=LINE('',#8803,#3697);
#3206=LINE('',#8805,#3698);
#3207=LINE('',#8810,#3699);
#3208=LINE('',#8814,#3700);
#3209=LINE('',#8819,#3701);
#3210=LINE('',#8820,#3702);
#3211=LINE('',#8824,#3703);
#3212=LINE('',#8828,#3704);
#3213=LINE('',#8832,#3705);
#3214=LINE('',#8833,#3706);
#3215=LINE('',#8838,#3707);
#3216=LINE('',#8842,#3708);
#3217=LINE('',#8844,#3709);
#3218=LINE('',#8848,#3710);
#3219=LINE('',#8853,#3711);
#3220=LINE('',#8854,#3712);
#3221=LINE('',#8858,#3713);
#3222=LINE('',#8859,#3714);
#3223=LINE('',#8861,#3715);
#3224=LINE('',#8862,#3716);
#3225=LINE('',#8875,#3717);
#3226=LINE('',#8882,#3718);
#3227=LINE('',#8884,#3719);
#3228=LINE('',#8886,#3720);
#3229=LINE('',#8894,#3721);
#3230=LINE('',#8896,#3722);
#3231=LINE('',#8898,#3723);
#3232=LINE('',#8905,#3724);
#3233=LINE('',#8914,#3725);
#3234=LINE('',#8921,#3726);
#3235=LINE('',#8941,#3727);
#3236=LINE('',#8945,#3728);
#3237=LINE('',#8952,#3729);
#3238=LINE('',#8954,#3730);
#3239=LINE('',#8961,#3731);
#3240=LINE('',#8970,#3732);
#3241=LINE('',#8972,#3733);
#3242=LINE('',#8989,#3734);
#3243=LINE('',#8997,#3735);
#3244=LINE('',#9004,#3736);
#3245=LINE('',#9006,#3737);
#3246=LINE('',#9023,#3738);
#3247=LINE('',#9032,#3739);
#3248=LINE('',#9034,#3740);
#3249=LINE('',#9041,#3741);
#3250=LINE('',#9050,#3742);
#3251=LINE('',#9052,#3743);
#3252=LINE('',#9069,#3744);
#3253=LINE('',#9078,#3745);
#3254=LINE('',#9080,#3746);
#3255=LINE('',#9087,#3747);
#3256=LINE('',#9096,#3748);
#3257=LINE('',#9098,#3749);
#3258=LINE('',#9115,#3750);
#3259=LINE('',#9124,#3751);
#3260=LINE('',#9126,#3752);
#3261=LINE('',#9133,#3753);
#3262=LINE('',#9142,#3754);
#3263=LINE('',#9144,#3755);
#3264=LINE('',#9152,#3756);
#3265=LINE('',#9170,#3757);
#3266=LINE('',#9172,#3758);
#3267=LINE('',#9179,#3759);
#3268=LINE('',#9188,#3760);
#3269=LINE('',#9190,#3761);
#3270=LINE('',#9207,#3762);
#3271=LINE('',#9216,#3763);
#3272=LINE('',#9218,#3764);
#3273=LINE('',#9225,#3765);
#3274=LINE('',#9234,#3766);
#3275=LINE('',#9236,#3767);
#3276=LINE('',#9253,#3768);
#3277=LINE('',#9262,#3769);
#3278=LINE('',#9264,#3770);
#3279=LINE('',#9271,#3771);
#3280=LINE('',#9279,#3772);
#3281=LINE('',#9288,#3773);
#3282=LINE('',#9295,#3774);
#3283=LINE('',#9304,#3775);
#3284=LINE('',#9306,#3776);
#3285=LINE('',#9325,#3777);
#3286=LINE('',#9327,#3778);
#3287=LINE('',#9334,#3779);
#3288=LINE('',#9343,#3780);
#3289=LINE('',#9350,#3781);
#3290=LINE('',#9352,#3782);
#3291=LINE('',#9371,#3783);
#3292=LINE('',#9373,#3784);
#3293=LINE('',#9380,#3785);
#3294=LINE('',#9389,#3786);
#3295=LINE('',#9396,#3787);
#3296=LINE('',#9398,#3788);
#3297=LINE('',#9417,#3789);
#3298=LINE('',#9419,#3790);
#3299=LINE('',#9426,#3791);
#3300=LINE('',#9435,#3792);
#3301=LINE('',#9442,#3793);
#3302=LINE('',#9444,#3794);
#3303=LINE('',#9463,#3795);
#3304=LINE('',#9465,#3796);
#3305=LINE('',#9472,#3797);
#3306=LINE('',#9481,#3798);
#3307=LINE('',#9488,#3799);
#3308=LINE('',#9490,#3800);
#3309=LINE('',#9499,#3801);
#3310=LINE('',#9511,#3802);
#3311=LINE('',#9518,#3803);
#3312=LINE('',#9527,#3804);
#3313=LINE('',#9534,#3805);
#3314=LINE('',#9536,#3806);
#3315=LINE('',#9555,#3807);
#3316=LINE('',#9557,#3808);
#3317=LINE('',#9564,#3809);
#3318=LINE('',#9573,#3810);
#3319=LINE('',#9580,#3811);
#3320=LINE('',#9582,#3812);
#3321=LINE('',#9601,#3813);
#3322=LINE('',#9603,#3814);
#3323=LINE('',#9610,#3815);
#3324=LINE('',#9619,#3816);
#3325=LINE('',#9626,#3817);
#3326=LINE('',#9628,#3818);
#3327=LINE('',#9647,#3819);
#3328=LINE('',#9653,#3820);
#3329=LINE('',#9662,#3821);
#3330=LINE('',#9665,#3822);
#3331=LINE('',#9667,#3823);
#3332=LINE('',#9669,#3824);
#3333=LINE('',#9671,#3825);
#3334=LINE('',#9673,#3826);
#3335=LINE('',#9675,#3827);
#3336=LINE('',#9677,#3828);
#3337=LINE('',#9679,#3829);
#3338=LINE('',#9681,#3830);
#3339=LINE('',#9683,#3831);
#3340=LINE('',#9685,#3832);
#3341=LINE('',#9687,#3833);
#3342=LINE('',#9689,#3834);
#3343=LINE('',#9691,#3835);
#3344=LINE('',#9694,#3836);
#3345=LINE('',#9696,#3837);
#3346=LINE('',#9698,#3838);
#3347=LINE('',#9700,#3839);
#3348=LINE('',#9702,#3840);
#3349=LINE('',#9704,#3841);
#3350=LINE('',#9706,#3842);
#3351=LINE('',#9708,#3843);
#3352=LINE('',#9710,#3844);
#3353=LINE('',#9712,#3845);
#3354=LINE('',#9714,#3846);
#3355=LINE('',#9716,#3847);
#3356=LINE('',#9718,#3848);
#3357=LINE('',#9720,#3849);
#3358=LINE('',#9723,#3850);
#3359=LINE('',#9725,#3851);
#3360=LINE('',#9727,#3852);
#3361=LINE('',#9729,#3853);
#3362=LINE('',#9731,#3854);
#3363=LINE('',#9733,#3855);
#3364=LINE('',#9735,#3856);
#3365=LINE('',#9737,#3857);
#3366=LINE('',#9739,#3858);
#3367=LINE('',#9741,#3859);
#3368=LINE('',#9743,#3860);
#3369=LINE('',#9745,#3861);
#3370=LINE('',#9747,#3862);
#3371=LINE('',#9749,#3863);
#3372=LINE('',#9754,#3864);
#3373=LINE('',#9757,#3865);
#3374=LINE('',#9759,#3866);
#3375=LINE('',#9761,#3867);
#3376=LINE('',#9763,#3868);
#3377=LINE('',#9765,#3869);
#3378=LINE('',#9767,#3870);
#3379=LINE('',#9769,#3871);
#3380=LINE('',#9771,#3872);
#3381=LINE('',#9773,#3873);
#3382=LINE('',#9775,#3874);
#3383=LINE('',#9777,#3875);
#3384=LINE('',#9779,#3876);
#3385=LINE('',#9781,#3877);
#3386=LINE('',#9783,#3878);
#3387=LINE('',#9785,#3879);
#3388=LINE('',#9787,#3880);
#3389=LINE('',#9789,#3881);
#3390=LINE('',#9792,#3882);
#3391=LINE('',#9802,#3883);
#3392=LINE('',#9803,#3884);
#3393=LINE('',#9804,#3885);
#3394=LINE('',#9806,#3886);
#3395=LINE('',#9807,#3887);
#3396=LINE('',#9808,#3888);
#3397=LINE('',#9810,#3889);
#3398=LINE('',#9811,#3890);
#3399=LINE('',#9813,#3891);
#3400=LINE('',#9815,#3892);
#3401=LINE('',#9821,#3893);
#3402=LINE('',#9823,#3894);
#3403=LINE('',#9825,#3895);
#3404=LINE('',#9830,#3896);
#3405=LINE('',#9832,#3897);
#3406=LINE('',#9834,#3898);
#3407=LINE('',#9835,#3899);
#3408=LINE('',#9839,#3900);
#3409=LINE('',#9840,#3901);
#3410=LINE('',#9844,#3902);
#3411=LINE('',#9845,#3903);
#3412=LINE('',#9849,#3904);
#3413=LINE('',#9850,#3905);
#3414=LINE('',#9871,#3906);
#3415=LINE('',#9874,#3907);
#3416=LINE('',#9876,#3908);
#3417=LINE('',#9880,#3909);
#3418=LINE('',#9882,#3910);
#3419=LINE('',#9884,#3911);
#3420=LINE('',#9892,#3912);
#3421=LINE('',#9894,#3913);
#3422=LINE('',#9896,#3914);
#3423=LINE('',#9897,#3915);
#3424=LINE('',#9901,#3916);
#3425=LINE('',#9903,#3917);
#3426=LINE('',#9905,#3918);
#3427=LINE('',#9906,#3919);
#3428=LINE('',#9907,#3920);
#3429=LINE('',#9911,#3921);
#3430=LINE('',#9912,#3922);
#3431=LINE('',#9913,#3923);
#3432=LINE('',#9914,#3924);
#3433=LINE('',#9916,#3925);
#3434=LINE('',#9921,#3926);
#3435=LINE('',#9922,#3927);
#3436=LINE('',#9926,#3928);
#3437=LINE('',#9930,#3929);
#3438=LINE('',#9931,#3930);
#3439=LINE('',#9935,#3931);
#3440=LINE('',#9936,#3932);
#3441=LINE('',#9940,#3933);
#3442=LINE('',#9941,#3934);
#3443=LINE('',#9945,#3935);
#3444=LINE('',#9946,#3936);
#3445=LINE('',#9950,#3937);
#3446=LINE('',#9951,#3938);
#3447=LINE('',#9956,#3939);
#3448=LINE('',#9960,#3940);
#3449=LINE('',#9963,#3941);
#3450=LINE('',#9965,#3942);
#3451=LINE('',#9969,#3943);
#3452=LINE('',#9972,#3944);
#3453=LINE('',#9974,#3945);
#3454=LINE('',#9976,#3946);
#3455=LINE('',#9980,#3947);
#3456=LINE('',#9993,#3948);
#3457=LINE('',#10009,#3949);
#3458=LINE('',#10011,#3950);
#3459=LINE('',#10012,#3951);
#3460=LINE('',#10014,#3952);
#3461=LINE('',#10016,#3953);
#3462=LINE('',#10020,#3954);
#3463=LINE('',#10022,#3955);
#3464=LINE('',#10023,#3956);
#3465=LINE('',#10026,#3957);
#3466=LINE('',#10028,#3958);
#3467=LINE('',#10029,#3959);
#3468=LINE('',#10031,#3960);
#3469=LINE('',#10032,#3961);
#3470=LINE('',#10033,#3962);
#3471=LINE('',#10034,#3963);
#3472=LINE('',#10036,#3964);
#3473=LINE('',#10037,#3965);
#3474=LINE('',#10038,#3966);
#3475=LINE('',#10039,#3967);
#3476=LINE('',#10047,#3968);
#3477=LINE('',#10049,#3969);
#3478=LINE('',#10052,#3970);
#3479=LINE('',#10054,#3971);
#3480=LINE('',#10056,#3972);
#3481=LINE('',#10058,#3973);
#3482=LINE('',#10060,#3974);
#3483=LINE('',#10208,#3975);
#3484=LINE('',#10359,#3976);
#3485=LINE('',#10361,#3977);
#3486=LINE('',#10363,#3978);
#3487=LINE('',#10365,#3979);
#3488=LINE('',#10367,#3980);
#3489=LINE('',#10370,#3981);
#3490=LINE('',#10372,#3982);
#3491=LINE('',#10374,#3983);
#3492=LINE('',#10376,#3984);
#3493=LINE('',#10380,#3985);
#3494=LINE('',#10382,#3986);
#3495=LINE('',#10384,#3987);
#3496=LINE('',#10386,#3988);
#3497=LINE('',#10388,#3989);
#3498=LINE('',#10390,#3990);
#3499=LINE('',#10392,#3991);
#3500=LINE('',#10394,#3992);
#3501=LINE('',#10395,#3993);
#3502=LINE('',#10398,#3994);
#3503=LINE('',#10400,#3995);
#3504=LINE('',#10402,#3996);
#3505=LINE('',#10406,#3997);
#3506=LINE('',#10408,#3998);
#3507=LINE('',#10410,#3999);
#3508=LINE('',#10412,#4000);
#3509=LINE('',#10416,#4001);
#3510=LINE('',#10418,#4002);
#3511=LINE('',#10420,#4003);
#3512=LINE('',#10422,#4004);
#3513=LINE('',#10424,#4005);
#3514=LINE('',#10426,#4006);
#3515=LINE('',#10428,#4007);
#3516=LINE('',#10430,#4008);
#3517=LINE('',#10431,#4009);
#3518=LINE('',#10434,#4010);
#3519=LINE('',#10436,#4011);
#3520=LINE('',#10438,#4012);
#3521=LINE('',#10442,#4013);
#3522=LINE('',#10444,#4014);
#3523=LINE('',#10446,#4015);
#3524=LINE('',#10448,#4016);
#3525=LINE('',#10452,#4017);
#3526=LINE('',#10454,#4018);
#3527=LINE('',#10456,#4019);
#3528=LINE('',#10458,#4020);
#3529=LINE('',#10460,#4021);
#3530=LINE('',#10462,#4022);
#3531=LINE('',#10464,#4023);
#3532=LINE('',#10466,#4024);
#3533=LINE('',#10467,#4025);
#3534=LINE('',#10470,#4026);
#3535=LINE('',#10472,#4027);
#3536=LINE('',#10474,#4028);
#3537=LINE('',#10487,#4029);
#3538=LINE('',#10489,#4030);
#3539=LINE('',#10492,#4031);
#3540=LINE('',#10494,#4032);
#3541=LINE('',#10496,#4033);
#3542=LINE('',#10499,#4034);
#3543=LINE('',#10501,#4035);
#3544=LINE('',#10502,#4036);
#3545=LINE('',#10504,#4037);
#3546=LINE('',#10506,#4038);
#3547=LINE('',#10508,#4039);
#3548=LINE('',#10510,#4040);
#3549=LINE('',#10513,#4041);
#3550=LINE('',#10515,#4042);
#3551=LINE('',#10517,#4043);
#3552=LINE('',#10520,#4044);
#3553=LINE('',#10522,#4045);
#3554=LINE('',#10523,#4046);
#3555=LINE('',#10525,#4047);
#3556=LINE('',#10527,#4048);
#3557=LINE('',#10529,#4049);
#3558=LINE('',#10531,#4050);
#3559=LINE('',#10534,#4051);
#3560=LINE('',#10536,#4052);
#3561=LINE('',#10538,#4053);
#3562=LINE('',#10541,#4054);
#3563=LINE('',#10543,#4055);
#3564=LINE('',#10544,#4056);
#3565=LINE('',#10546,#4057);
#3566=LINE('',#10548,#4058);
#3567=LINE('',#10550,#4059);
#3568=LINE('',#10553,#4060);
#3569=LINE('',#10555,#4061);
#3570=LINE('',#10556,#4062);
#3571=LINE('',#10558,#4063);
#3572=LINE('',#10560,#4064);
#3573=LINE('',#10564,#4065);
#3574=LINE('',#10566,#4066);
#3575=LINE('',#10569,#4067);
#3576=LINE('',#10570,#4068);
#3577=LINE('',#10574,#4069);
#3578=LINE('',#10576,#4070);
#3579=LINE('',#10578,#4071);
#3580=LINE('',#10579,#4072);
#3581=LINE('',#10580,#4073);
#3582=LINE('',#10582,#4074);
#3583=LINE('',#10585,#4075);
#3584=LINE('',#10587,#4076);
#3585=LINE('',#10588,#4077);
#3586=LINE('',#10590,#4078);
#3587=LINE('',#10592,#4079);
#3588=LINE('',#10596,#4080);
#3589=LINE('',#10598,#4081);
#3590=LINE('',#10601,#4082);
#3591=LINE('',#10602,#4083);
#3592=LINE('',#10606,#4084);
#3593=LINE('',#10608,#4085);
#3594=LINE('',#10610,#4086);
#3595=LINE('',#10611,#4087);
#3596=LINE('',#10612,#4088);
#3597=LINE('',#10614,#4089);
#3598=LINE('',#10617,#4090);
#3599=LINE('',#10619,#4091);
#3600=LINE('',#10620,#4092);
#3601=LINE('',#10622,#4093);
#3602=LINE('',#10624,#4094);
#3603=LINE('',#10628,#4095);
#3604=LINE('',#10630,#4096);
#3605=LINE('',#10633,#4097);
#3606=LINE('',#10634,#4098);
#3607=LINE('',#10638,#4099);
#3608=LINE('',#10640,#4100);
#3609=LINE('',#10642,#4101);
#3610=LINE('',#10643,#4102);
#3611=LINE('',#10644,#4103);
#3612=LINE('',#10646,#4104);
#3613=LINE('',#10648,#4105);
#3614=LINE('',#10651,#4106);
#3615=LINE('',#10653,#4107);
#3616=LINE('',#10656,#4108);
#3617=LINE('',#10658,#4109);
#3618=LINE('',#10676,#4110);
#3619=LINE('',#10680,#4111);
#3620=LINE('',#10682,#4112);
#3621=LINE('',#10684,#4113);
#3622=LINE('',#10686,#4114);
#3623=LINE('',#10688,#4115);
#3624=LINE('',#10692,#4116);
#3625=LINE('',#10696,#4117);
#3626=LINE('',#10698,#4118);
#3627=LINE('',#10700,#4119);
#3628=LINE('',#10702,#4120);
#3629=LINE('',#10704,#4121);
#3630=LINE('',#10708,#4122);
#3631=LINE('',#10712,#4123);
#3632=LINE('',#10714,#4124);
#3633=LINE('',#10716,#4125);
#3634=LINE('',#10718,#4126);
#3635=LINE('',#10720,#4127);
#3636=LINE('',#10727,#4128);
#3637=LINE('',#10729,#4129);
#3638=LINE('',#10731,#4130);
#3639=LINE('',#11570,#4131);
#3640=LINE('',#11574,#4132);
#3641=LINE('',#11576,#4133);
#3642=LINE('',#11582,#4134);
#3643=LINE('',#11583,#4135);
#3644=LINE('',#11587,#4136);
#3645=LINE('',#11591,#4137);
#3646=LINE('',#11593,#4138);
#3647=LINE('',#11599,#4139);
#3648=LINE('',#11600,#4140);
#3649=LINE('',#11604,#4141);
#3650=LINE('',#11608,#4142);
#3651=LINE('',#11609,#4143);
#3652=LINE('',#11611,#4144);
#3653=LINE('',#11617,#4145);
#3654=LINE('',#11621,#4146);
#3655=LINE('',#11625,#4147);
#3656=LINE('',#11626,#4148);
#3657=LINE('',#11628,#4149);
#3658=LINE('',#11634,#4150);
#3659=VECTOR('',#7347,1.);
#3660=VECTOR('',#7348,1.);
#3661=VECTOR('',#7349,1.);
#3662=VECTOR('',#7350,1.);
#3663=VECTOR('',#7353,1.);
#3664=VECTOR('',#7354,1.);
#3665=VECTOR('',#7355,1.);
#3666=VECTOR('',#7356,1.);
#3667=VECTOR('',#7359,1.);
#3668=VECTOR('',#7360,1.);
#3669=VECTOR('',#7361,1.);
#3670=VECTOR('',#7362,1.);
#3671=VECTOR('',#7365,1.);
#3672=VECTOR('',#7366,1.);
#3673=VECTOR('',#7367,1.);
#3674=VECTOR('',#7368,1.);
#3675=VECTOR('',#7373,1.);
#3676=VECTOR('',#7374,1.);
#3677=VECTOR('',#7377,1.);
#3678=VECTOR('',#7380,1.);
#3679=VECTOR('',#7381,1.);
#3680=VECTOR('',#7384,1.);
#3681=VECTOR('',#7389,1.);
#3682=VECTOR('',#7390,1.);
#3683=VECTOR('',#7393,1.);
#3684=VECTOR('',#7396,1.);
#3685=VECTOR('',#7397,1.);
#3686=VECTOR('',#7400,1.);
#3687=VECTOR('',#7405,1.);
#3688=VECTOR('',#7408,1.);
#3689=VECTOR('',#7409,1.);
#3690=VECTOR('',#7412,1.);
#3691=VECTOR('',#7415,1.);
#3692=VECTOR('',#7416,1.);
#3693=VECTOR('',#7421,1.);
#3694=VECTOR('',#7424,1.);
#3695=VECTOR('',#7425,1.);
#3696=VECTOR('',#7428,1.);
#3697=VECTOR('',#7431,1.);
#3698=VECTOR('',#7432,1.);
#3699=VECTOR('',#7437,1.);
#3700=VECTOR('',#7440,1.);
#3701=VECTOR('',#7445,1.);
#3702=VECTOR('',#7446,1.);
#3703=VECTOR('',#7449,1.);
#3704=VECTOR('',#7452,1.);
#3705=VECTOR('',#7455,1.);
#3706=VECTOR('',#7456,1.);
#3707=VECTOR('',#7461,1.);
#3708=VECTOR('',#7464,1.);
#3709=VECTOR('',#7467,1.);
#3710=VECTOR('',#7470,1.);
#3711=VECTOR('',#7475,1.);
#3712=VECTOR('',#7476,1.);
#3713=VECTOR('',#7479,1.);
#3714=VECTOR('',#7480,1.);
#3715=VECTOR('',#7483,1.);
#3716=VECTOR('',#7484,1.);
#3717=VECTOR('',#7497,1.);
#3718=VECTOR('',#7498,1.);
#3719=VECTOR('',#7499,1.);
#3720=VECTOR('',#7500,1.);
#3721=VECTOR('',#7503,1.);
#3722=VECTOR('',#7504,1.);
#3723=VECTOR('',#7505,1.);
#3724=VECTOR('',#7506,1.);
#3725=VECTOR('',#7511,1.);
#3726=VECTOR('',#7514,1.);
#3727=VECTOR('',#7519,1.);
#3728=VECTOR('',#7522,1.);
#3729=VECTOR('',#7525,1.);
#3730=VECTOR('',#7526,1.);
#3731=VECTOR('',#7529,1.);
#3732=VECTOR('',#7534,1.);
#3733=VECTOR('',#7535,1.);
#3734=VECTOR('',#7538,1.);
#3735=VECTOR('',#7543,1.);
#3736=VECTOR('',#7546,1.);
#3737=VECTOR('',#7547,1.);
#3738=VECTOR('',#7550,1.);
#3739=VECTOR('',#7555,1.);
#3740=VECTOR('',#7556,1.);
#3741=VECTOR('',#7559,1.);
#3742=VECTOR('',#7564,1.);
#3743=VECTOR('',#7565,1.);
#3744=VECTOR('',#7568,1.);
#3745=VECTOR('',#7573,1.);
#3746=VECTOR('',#7574,1.);
#3747=VECTOR('',#7577,1.);
#3748=VECTOR('',#7582,1.);
#3749=VECTOR('',#7583,1.);
#3750=VECTOR('',#7586,1.);
#3751=VECTOR('',#7591,1.);
#3752=VECTOR('',#7592,1.);
#3753=VECTOR('',#7595,1.);
#3754=VECTOR('',#7600,1.);
#3755=VECTOR('',#7601,1.);
#3756=VECTOR('',#7604,1.);
#3757=VECTOR('',#7609,1.);
#3758=VECTOR('',#7610,1.);
#3759=VECTOR('',#7613,1.);
#3760=VECTOR('',#7618,1.);
#3761=VECTOR('',#7619,1.);
#3762=VECTOR('',#7622,1.);
#3763=VECTOR('',#7627,1.);
#3764=VECTOR('',#7628,1.);
#3765=VECTOR('',#7631,1.);
#3766=VECTOR('',#7636,1.);
#3767=VECTOR('',#7637,1.);
#3768=VECTOR('',#7640,1.);
#3769=VECTOR('',#7645,1.);
#3770=VECTOR('',#7646,1.);
#3771=VECTOR('',#7649,1.);
#3772=VECTOR('',#7654,1.);
#3773=VECTOR('',#7659,1.);
#3774=VECTOR('',#7662,1.);
#3775=VECTOR('',#7667,1.);
#3776=VECTOR('',#7668,1.);
#3777=VECTOR('',#7673,1.);
#3778=VECTOR('',#7676,1.);
#3779=VECTOR('',#7677,1.);
#3780=VECTOR('',#7682,1.);
#3781=VECTOR('',#7685,1.);
#3782=VECTOR('',#7686,1.);
#3783=VECTOR('',#7691,1.);
#3784=VECTOR('',#7694,1.);
#3785=VECTOR('',#7695,1.);
#3786=VECTOR('',#7700,1.);
#3787=VECTOR('',#7703,1.);
#3788=VECTOR('',#7704,1.);
#3789=VECTOR('',#7709,1.);
#3790=VECTOR('',#7712,1.);
#3791=VECTOR('',#7713,1.);
#3792=VECTOR('',#7718,1.);
#3793=VECTOR('',#7721,1.);
#3794=VECTOR('',#7722,1.);
#3795=VECTOR('',#7727,1.);
#3796=VECTOR('',#7730,1.);
#3797=VECTOR('',#7731,1.);
#3798=VECTOR('',#7736,1.);
#3799=VECTOR('',#7739,1.);
#3800=VECTOR('',#7740,1.);
#3801=VECTOR('',#7745,1.);
#3802=VECTOR('',#7748,1.);
#3803=VECTOR('',#7749,1.);
#3804=VECTOR('',#7754,1.);
#3805=VECTOR('',#7757,1.);
#3806=VECTOR('',#7758,1.);
#3807=VECTOR('',#7763,1.);
#3808=VECTOR('',#7766,1.);
#3809=VECTOR('',#7767,1.);
#3810=VECTOR('',#7772,1.);
#3811=VECTOR('',#7775,1.);
#3812=VECTOR('',#7776,1.);
#3813=VECTOR('',#7781,1.);
#3814=VECTOR('',#7784,1.);
#3815=VECTOR('',#7785,1.);
#3816=VECTOR('',#7790,1.);
#3817=VECTOR('',#7793,1.);
#3818=VECTOR('',#7794,1.);
#3819=VECTOR('',#7799,1.);
#3820=VECTOR('',#7802,1.);
#3821=VECTOR('',#7815,1.);
#3822=VECTOR('',#7816,1.);
#3823=VECTOR('',#7817,1.);
#3824=VECTOR('',#7818,1.);
#3825=VECTOR('',#7819,1.);
#3826=VECTOR('',#7820,1.);
#3827=VECTOR('',#7821,1.);
#3828=VECTOR('',#7822,1.);
#3829=VECTOR('',#7823,1.);
#3830=VECTOR('',#7824,1.);
#3831=VECTOR('',#7825,1.);
#3832=VECTOR('',#7826,1.);
#3833=VECTOR('',#7827,1.);
#3834=VECTOR('',#7828,1.);
#3835=VECTOR('',#7831,1.);
#3836=VECTOR('',#7832,1.);
#3837=VECTOR('',#7833,1.);
#3838=VECTOR('',#7834,1.);
#3839=VECTOR('',#7835,1.);
#3840=VECTOR('',#7836,1.);
#3841=VECTOR('',#7837,1.);
#3842=VECTOR('',#7838,1.);
#3843=VECTOR('',#7839,1.);
#3844=VECTOR('',#7840,1.);
#3845=VECTOR('',#7841,1.);
#3846=VECTOR('',#7842,1.);
#3847=VECTOR('',#7843,1.);
#3848=VECTOR('',#7844,1.);
#3849=VECTOR('',#7847,1.);
#3850=VECTOR('',#7848,1.);
#3851=VECTOR('',#7849,1.);
#3852=VECTOR('',#7850,1.);
#3853=VECTOR('',#7851,1.);
#3854=VECTOR('',#7852,1.);
#3855=VECTOR('',#7853,1.);
#3856=VECTOR('',#7854,1.);
#3857=VECTOR('',#7855,1.);
#3858=VECTOR('',#7856,1.);
#3859=VECTOR('',#7857,1.);
#3860=VECTOR('',#7858,1.);
#3861=VECTOR('',#7859,1.);
#3862=VECTOR('',#7860,1.);
#3863=VECTOR('',#7863,1.);
#3864=VECTOR('',#7866,1.);
#3865=VECTOR('',#7869,1.);
#3866=VECTOR('',#7870,1.);
#3867=VECTOR('',#7871,1.);
#3868=VECTOR('',#7872,1.);
#3869=VECTOR('',#7873,1.);
#3870=VECTOR('',#7874,1.);
#3871=VECTOR('',#7875,1.);
#3872=VECTOR('',#7876,1.);
#3873=VECTOR('',#7877,1.);
#3874=VECTOR('',#7878,1.);
#3875=VECTOR('',#7879,1.);
#3876=VECTOR('',#7880,1.);
#3877=VECTOR('',#7881,1.);
#3878=VECTOR('',#7882,1.);
#3879=VECTOR('',#7883,1.);
#3880=VECTOR('',#7884,1.);
#3881=VECTOR('',#7885,1.);
#3882=VECTOR('',#7888,1.);
#3883=VECTOR('',#7899,1.);
#3884=VECTOR('',#7900,1.);
#3885=VECTOR('',#7901,1.);
#3886=VECTOR('',#7904,1.);
#3887=VECTOR('',#7905,1.);
#3888=VECTOR('',#7906,1.);
#3889=VECTOR('',#7909,1.);
#3890=VECTOR('',#7910,1.);
#3891=VECTOR('',#7911,1.);
#3892=VECTOR('',#7914,1.);
#3893=VECTOR('',#7919,1.);
#3894=VECTOR('',#7920,1.);
#3895=VECTOR('',#7921,1.);
#3896=VECTOR('',#7926,1.);
#3897=VECTOR('',#7927,1.);
#3898=VECTOR('',#7928,1.);
#3899=VECTOR('',#7929,1.);
#3900=VECTOR('',#7932,1.);
#3901=VECTOR('',#7933,1.);
#3902=VECTOR('',#7936,1.);
#3903=VECTOR('',#7937,1.);
#3904=VECTOR('',#7940,1.);
#3905=VECTOR('',#7941,1.);
#3906=VECTOR('',#7948,1.);
#3907=VECTOR('',#7949,1.);
#3908=VECTOR('',#7950,1.);
#3909=VECTOR('',#7953,1.);
#3910=VECTOR('',#7954,1.);
#3911=VECTOR('',#7955,1.);
#3912=VECTOR('',#7964,1.);
#3913=VECTOR('',#7965,1.);
#3914=VECTOR('',#7966,1.);
#3915=VECTOR('',#7967,1.);
#3916=VECTOR('',#7970,1.);
#3917=VECTOR('',#7973,1.);
#3918=VECTOR('',#7974,1.);
#3919=VECTOR('',#7975,1.);
#3920=VECTOR('',#7976,1.);
#3921=VECTOR('',#7981,1.);
#3922=VECTOR('',#7982,1.);
#3923=VECTOR('',#7983,1.);
#3924=VECTOR('',#7984,1.);
#3925=VECTOR('',#7987,1.);
#3926=VECTOR('',#7990,1.);
#3927=VECTOR('',#7991,1.);
#3928=VECTOR('',#7996,1.);
#3929=VECTOR('',#7999,1.);
#3930=VECTOR('',#8000,1.);
#3931=VECTOR('',#8003,1.);
#3932=VECTOR('',#8004,1.);
#3933=VECTOR('',#8007,1.);
#3934=VECTOR('',#8008,1.);
#3935=VECTOR('',#8011,1.);
#3936=VECTOR('',#8012,1.);
#3937=VECTOR('',#8015,1.);
#3938=VECTOR('',#8016,1.);
#3939=VECTOR('',#8019,1.);
#3940=VECTOR('',#8024,1.);
#3941=VECTOR('',#8025,1.);
#3942=VECTOR('',#8026,1.);
#3943=VECTOR('',#8031,1.);
#3944=VECTOR('',#8032,1.);
#3945=VECTOR('',#8033,1.);
#3946=VECTOR('',#8034,1.);
#3947=VECTOR('',#8039,1.);
#3948=VECTOR('',#8044,1.);
#3949=VECTOR('',#8053,1.);
#3950=VECTOR('',#8056,1.);
#3951=VECTOR('',#8057,1.);
#3952=VECTOR('',#8060,1.);
#3953=VECTOR('',#8063,1.);
#3954=VECTOR('',#8066,1.);
#3955=VECTOR('',#8069,1.);
#3956=VECTOR('',#8070,1.);
#3957=VECTOR('',#8075,1.);
#3958=VECTOR('',#8078,1.);
#3959=VECTOR('',#8079,1.);
#3960=VECTOR('',#8082,1.);
#3961=VECTOR('',#8083,1.);
#3962=VECTOR('',#8084,1.);
#3963=VECTOR('',#8085,1.);
#3964=VECTOR('',#8088,1.);
#3965=VECTOR('',#8089,1.);
#3966=VECTOR('',#8090,1.);
#3967=VECTOR('',#8091,1.);
#3968=VECTOR('',#8106,1.);
#3969=VECTOR('',#8109,1.);
#3970=VECTOR('',#8114,1.);
#3971=VECTOR('',#8115,1.);
#3972=VECTOR('',#8116,1.);
#3973=VECTOR('',#8119,1.);
#3974=VECTOR('',#8122,1.);
#3975=VECTOR('',#8127,1.);
#3976=VECTOR('',#8136,1.);
#3977=VECTOR('',#8137,1.);
#3978=VECTOR('',#8140,1.);
#3979=VECTOR('',#8141,1.);
#3980=VECTOR('',#8144,1.);
#3981=VECTOR('',#8149,1.);
#3982=VECTOR('',#8150,1.);
#3983=VECTOR('',#8151,1.);
#3984=VECTOR('',#8154,1.);
#3985=VECTOR('',#8159,1.);
#3986=VECTOR('',#8160,1.);
#3987=VECTOR('',#8163,1.);
#3988=VECTOR('',#8164,1.);
#3989=VECTOR('',#8165,1.);
#3990=VECTOR('',#8168,1.);
#3991=VECTOR('',#8169,1.);
#3992=VECTOR('',#8170,1.);
#3993=VECTOR('',#8171,1.);
#3994=VECTOR('',#8172,1.);
#3995=VECTOR('',#8173,1.);
#3996=VECTOR('',#8174,1.);
#3997=VECTOR('',#8179,1.);
#3998=VECTOR('',#8180,1.);
#3999=VECTOR('',#8181,1.);
#4000=VECTOR('',#8184,1.);
#4001=VECTOR('',#8189,1.);
#4002=VECTOR('',#8190,1.);
#4003=VECTOR('',#8193,1.);
#4004=VECTOR('',#8194,1.);
#4005=VECTOR('',#8195,1.);
#4006=VECTOR('',#8198,1.);
#4007=VECTOR('',#8199,1.);
#4008=VECTOR('',#8200,1.);
#4009=VECTOR('',#8201,1.);
#4010=VECTOR('',#8202,1.);
#4011=VECTOR('',#8203,1.);
#4012=VECTOR('',#8204,1.);
#4013=VECTOR('',#8209,1.);
#4014=VECTOR('',#8210,1.);
#4015=VECTOR('',#8211,1.);
#4016=VECTOR('',#8214,1.);
#4017=VECTOR('',#8219,1.);
#4018=VECTOR('',#8220,1.);
#4019=VECTOR('',#8223,1.);
#4020=VECTOR('',#8224,1.);
#4021=VECTOR('',#8225,1.);
#4022=VECTOR('',#8228,1.);
#4023=VECTOR('',#8229,1.);
#4024=VECTOR('',#8230,1.);
#4025=VECTOR('',#8231,1.);
#4026=VECTOR('',#8232,1.);
#4027=VECTOR('',#8233,1.);
#4028=VECTOR('',#8234,1.);
#4029=VECTOR('',#8251,1.);
#4030=VECTOR('',#8252,1.);
#4031=VECTOR('',#8257,1.);
#4032=VECTOR('',#8258,1.);
#4033=VECTOR('',#8261,1.);
#4034=VECTOR('',#8266,1.);
#4035=VECTOR('',#8267,1.);
#4036=VECTOR('',#8268,1.);
#4037=VECTOR('',#8269,1.);
#4038=VECTOR('',#8272,1.);
#4039=VECTOR('',#8275,1.);
#4040=VECTOR('',#8276,1.);
#4041=VECTOR('',#8281,1.);
#4042=VECTOR('',#8282,1.);
#4043=VECTOR('',#8285,1.);
#4044=VECTOR('',#8290,1.);
#4045=VECTOR('',#8291,1.);
#4046=VECTOR('',#8292,1.);
#4047=VECTOR('',#8293,1.);
#4048=VECTOR('',#8296,1.);
#4049=VECTOR('',#8299,1.);
#4050=VECTOR('',#8300,1.);
#4051=VECTOR('',#8305,1.);
#4052=VECTOR('',#8306,1.);
#4053=VECTOR('',#8309,1.);
#4054=VECTOR('',#8314,1.);
#4055=VECTOR('',#8315,1.);
#4056=VECTOR('',#8316,1.);
#4057=VECTOR('',#8317,1.);
#4058=VECTOR('',#8320,1.);
#4059=VECTOR('',#8323,1.);
#4060=VECTOR('',#8324,1.);
#4061=VECTOR('',#8325,1.);
#4062=VECTOR('',#8326,1.);
#4063=VECTOR('',#8327,1.);
#4064=VECTOR('',#8330,1.);
#4065=VECTOR('',#8333,1.);
#4066=VECTOR('',#8336,1.);
#4067=VECTOR('',#8337,1.);
#4068=VECTOR('',#8338,1.);
#4069=VECTOR('',#8343,1.);
#4070=VECTOR('',#8344,1.);
#4071=VECTOR('',#8347,1.);
#4072=VECTOR('',#8348,1.);
#4073=VECTOR('',#8349,1.);
#4074=VECTOR('',#8352,1.);
#4075=VECTOR('',#8353,1.);
#4076=VECTOR('',#8354,1.);
#4077=VECTOR('',#8355,1.);
#4078=VECTOR('',#8356,1.);
#4079=VECTOR('',#8359,1.);
#4080=VECTOR('',#8362,1.);
#4081=VECTOR('',#8365,1.);
#4082=VECTOR('',#8366,1.);
#4083=VECTOR('',#8367,1.);
#4084=VECTOR('',#8372,1.);
#4085=VECTOR('',#8373,1.);
#4086=VECTOR('',#8376,1.);
#4087=VECTOR('',#8377,1.);
#4088=VECTOR('',#8378,1.);
#4089=VECTOR('',#8381,1.);
#4090=VECTOR('',#8382,1.);
#4091=VECTOR('',#8383,1.);
#4092=VECTOR('',#8384,1.);
#4093=VECTOR('',#8385,1.);
#4094=VECTOR('',#8388,1.);
#4095=VECTOR('',#8391,1.);
#4096=VECTOR('',#8394,1.);
#4097=VECTOR('',#8395,1.);
#4098=VECTOR('',#8396,1.);
#4099=VECTOR('',#8401,1.);
#4100=VECTOR('',#8402,1.);
#4101=VECTOR('',#8405,1.);
#4102=VECTOR('',#8406,1.);
#4103=VECTOR('',#8407,1.);
#4104=VECTOR('',#8410,1.);
#4105=VECTOR('',#8413,1.);
#4106=VECTOR('',#8418,1.);
#4107=VECTOR('',#8421,1.);
#4108=VECTOR('',#8426,1.);
#4109=VECTOR('',#8429,1.);
#4110=VECTOR('',#8452,1.);
#4111=VECTOR('',#8455,1.);
#4112=VECTOR('',#8458,1.);
#4113=VECTOR('',#8459,1.);
#4114=VECTOR('',#8460,1.);
#4115=VECTOR('',#8463,1.);
#4116=VECTOR('',#8470,1.);
#4117=VECTOR('',#8473,1.);
#4118=VECTOR('',#8476,1.);
#4119=VECTOR('',#8477,1.);
#4120=VECTOR('',#8478,1.);
#4121=VECTOR('',#8481,1.);
#4122=VECTOR('',#8488,1.);
#4123=VECTOR('',#8491,1.);
#4124=VECTOR('',#8494,1.);
#4125=VECTOR('',#8495,1.);
#4126=VECTOR('',#8496,1.);
#4127=VECTOR('',#8499,1.);
#4128=VECTOR('',#8512,1.);
#4129=VECTOR('',#8513,1.);
#4130=VECTOR('',#8514,1.);
#4131=VECTOR('',#8539,1.);
#4132=VECTOR('',#8542,1.);
#4133=VECTOR('',#8545,1.);
#4134=VECTOR('',#8552,1.);
#4135=VECTOR('',#8553,1.);
#4136=VECTOR('',#8560,1.);
#4137=VECTOR('',#8563,1.);
#4138=VECTOR('',#8566,1.);
#4139=VECTOR('',#8573,1.);
#4140=VECTOR('',#8574,1.);
#4141=VECTOR('',#8581,1.);
#4142=VECTOR('',#8584,1.);
#4143=VECTOR('',#8585,1.);
#4144=VECTOR('',#8588,1.);
#4145=VECTOR('',#8595,1.);
#4146=VECTOR('',#8602,1.);
#4147=VECTOR('',#8605,1.);
#4148=VECTOR('',#8606,1.);
#4149=VECTOR('',#8609,1.);
#4150=VECTOR('',#8616,1.);
#4151=EDGE_LOOP('',(#370,#371,#372,#373));
#4152=EDGE_LOOP('',(#374,#375,#376,#377));
#4153=EDGE_LOOP('',(#378,#379,#380,#381));
#4154=EDGE_LOOP('',(#382,#383,#384,#385));
#4155=EDGE_LOOP('',(#386,#387,#388,#389,#390,#391,#392,#393,#394,#395));
#4156=EDGE_LOOP('',(#396,#397,#398,#399,#400,#401,#402,#403,#404,#405));
#4157=EDGE_LOOP('',(#406,#407,#408,#409,#410,#411,#412,#413,#414,#415));
#4158=EDGE_LOOP('',(#416,#417,#418,#419,#420,#421,#422,#423,#424,#425));
#4159=EDGE_LOOP('',(#426,#427,#428,#429));
#4160=EDGE_LOOP('',(#430,#431,#432,#433,#434,#435,#436,#437,#438,#439,#440,
#441));
#4161=EDGE_LOOP('',(#442,#443,#444,#445));
#4162=EDGE_LOOP('',(#446,#447,#448,#449));
#4163=EDGE_LOOP('',(#450,#451,#452,#453,#454,#455,#456,#457));
#4164=EDGE_LOOP('',(#458,#459,#460,#461));
#4165=EDGE_LOOP('',(#462,#463,#464,#465));
#4166=EDGE_LOOP('',(#466,#467,#468,#469));
#4167=EDGE_LOOP('',(#470,#471,#472,#473,#474,#475));
#4168=EDGE_LOOP('',(#476,#477,#478,#479,#480,#481));
#4169=EDGE_LOOP('',(#482,#483,#484,#485));
#4170=EDGE_LOOP('',(#486,#487,#488,#489));
#4171=EDGE_LOOP('',(#490,#491,#492,#493,#494,#495));
#4172=EDGE_LOOP('',(#496,#497,#498,#499));
#4173=EDGE_LOOP('',(#500,#501,#502,#503));
#4174=EDGE_LOOP('',(#504,#505,#506,#507));
#4175=EDGE_LOOP('',(#508,#509,#510,#511,#512,#513));
#4176=EDGE_LOOP('',(#514,#515,#516,#517));
#4177=EDGE_LOOP('',(#518,#519,#520,#521));
#4178=EDGE_LOOP('',(#522,#523,#524,#525,#526,#527));
#4179=EDGE_LOOP('',(#528,#529,#530,#531));
#4180=EDGE_LOOP('',(#532,#533,#534,#535));
#4181=EDGE_LOOP('',(#536,#537,#538,#539));
#4182=EDGE_LOOP('',(#540,#541,#542,#543,#544,#545));
#4183=EDGE_LOOP('',(#546,#547,#548,#549));
#4184=EDGE_LOOP('',(#550,#551,#552,#553));
#4185=EDGE_LOOP('',(#554,#555,#556,#557));
#4186=EDGE_LOOP('',(#558,#559,#560,#561,#562,#563));
#4187=EDGE_LOOP('',(#564,#565,#566,#567));
#4188=EDGE_LOOP('',(#568,#569,#570,#571));
#4189=EDGE_LOOP('',(#572,#573,#574,#575));
#4190=EDGE_LOOP('',(#576,#577,#578,#579,#580,#581));
#4191=EDGE_LOOP('',(#582,#583,#584,#585));
#4192=EDGE_LOOP('',(#586,#587,#588,#589));
#4193=EDGE_LOOP('',(#590,#591,#592,#593));
#4194=EDGE_LOOP('',(#594,#595,#596,#597,#598,#599));
#4195=EDGE_LOOP('',(#600,#601,#602,#603));
#4196=EDGE_LOOP('',(#604,#605,#606,#607));
#4197=EDGE_LOOP('',(#608,#609,#610,#611));
#4198=EDGE_LOOP('',(#612,#613,#614,#615,#616,#617));
#4199=EDGE_LOOP('',(#618,#619,#620,#621));
#4200=EDGE_LOOP('',(#622,#623,#624,#625));
#4201=EDGE_LOOP('',(#626,#627,#628,#629));
#4202=EDGE_LOOP('',(#630,#631,#632,#633));
#4203=EDGE_LOOP('',(#634,#635,#636,#637));
#4204=EDGE_LOOP('',(#638,#639,#640,#641));
#4205=EDGE_LOOP('',(#642,#643,#644,#645,#646,#647));
#4206=EDGE_LOOP('',(#648,#649,#650,#651));
#4207=EDGE_LOOP('',(#652,#653,#654,#655));
#4208=EDGE_LOOP('',(#656,#657,#658,#659));
#4209=EDGE_LOOP('',(#660,#661,#662,#663,#664,#665));
#4210=EDGE_LOOP('',(#666,#667,#668,#669));
#4211=EDGE_LOOP('',(#670,#671,#672,#673));
#4212=EDGE_LOOP('',(#674,#675,#676,#677));
#4213=EDGE_LOOP('',(#678,#679,#680,#681,#682,#683));
#4214=EDGE_LOOP('',(#684,#685,#686,#687));
#4215=EDGE_LOOP('',(#688,#689,#690,#691));
#4216=EDGE_LOOP('',(#692,#693,#694,#695));
#4217=EDGE_LOOP('',(#696,#697,#698,#699,#700,#701));
#4218=EDGE_LOOP('',(#702,#703,#704,#705));
#4219=EDGE_LOOP('',(#706,#707,#708,#709));
#4220=EDGE_LOOP('',(#710,#711,#712,#713));
#4221=EDGE_LOOP('',(#714,#715,#716,#717,#718,#719));
#4222=EDGE_LOOP('',(#720,#721,#722,#723));
#4223=EDGE_LOOP('',(#724,#725,#726,#727));
#4224=EDGE_LOOP('',(#728,#729,#730,#731));
#4225=EDGE_LOOP('',(#732,#733,#734,#735,#736,#737));
#4226=EDGE_LOOP('',(#738,#739,#740,#741));
#4227=EDGE_LOOP('',(#742,#743,#744,#745));
#4228=EDGE_LOOP('',(#746,#747,#748,#749));
#4229=EDGE_LOOP('',(#750,#751,#752,#753,#754,#755));
#4230=EDGE_LOOP('',(#756,#757,#758,#759));
#4231=EDGE_LOOP('',(#760,#761,#762,#763));
#4232=EDGE_LOOP('',(#764,#765,#766,#767));
#4233=EDGE_LOOP('',(#768,#769,#770,#771,#772,#773));
#4234=EDGE_LOOP('',(#774,#775,#776,#777));
#4235=EDGE_LOOP('',(#778));
#4236=EDGE_LOOP('',(#779));
#4237=EDGE_LOOP('',(#780,#781));
#4238=EDGE_LOOP('',(#782,#783,#784,#785,#786,#787,#788,#789,#790,#791,#792,
#793,#794,#795));
#4239=EDGE_LOOP('',(#796,#797,#798,#799,#800,#801,#802,#803,#804,#805,#806,
#807,#808,#809));
#4240=EDGE_LOOP('',(#810,#811,#812,#813,#814,#815,#816,#817,#818,#819,#820,
#821,#822,#823));
#4241=EDGE_LOOP('',(#824,#825,#826,#827,#828,#829,#830,#831,#832,#833,#834,
#835,#836,#837,#838,#839,#840,#841,#842,#843,#844,#845,#846,#847,#848,#849));
#4242=EDGE_LOOP('',(#850));
#4243=EDGE_LOOP('',(#851));
#4244=EDGE_LOOP('',(#852));
#4245=EDGE_LOOP('',(#853,#854,#855,#856,#857,#858));
#4246=EDGE_LOOP('',(#859,#860,#861,#862,#863,#864));
#4247=EDGE_LOOP('',(#865,#866,#867,#868,#869));
#4248=EDGE_LOOP('',(#870,#871,#872,#873,#874,#875,#876,#877,#878,#879,#880,
#881,#882,#883,#884,#885,#886,#887,#888,#889,#890,#891,#892,#893,#894,#895));
#4249=EDGE_LOOP('',(#896,#897,#898));
#4250=EDGE_LOOP('',(#899));
#4251=EDGE_LOOP('',(#900,#901,#902,#903,#904,#905,#906,#907));
#4252=EDGE_LOOP('',(#908,#909));
#4253=EDGE_LOOP('',(#910,#911,#912,#913,#914,#915,#916,#917));
#4254=EDGE_LOOP('',(#918,#919,#920,#921,#922,#923,#924,#925));
#4255=EDGE_LOOP('',(#926,#927,#928,#929,#930,#931,#932,#933));
#4256=EDGE_LOOP('',(#934,#935,#936,#937,#938,#939,#940,#941));
#4257=EDGE_LOOP('',(#942,#943,#944,#945,#946,#947,#948,#949,#950,#951,#952,
#953,#954,#955,#956,#957,#958,#959,#960,#961,#962,#963,#964,#965));
#4258=EDGE_LOOP('',(#966,#967,#968,#969));
#4259=EDGE_LOOP('',(#970,#971,#972,#973));
#4260=EDGE_LOOP('',(#974,#975,#976,#977));
#4261=EDGE_LOOP('',(#978,#979,#980,#981,#982,#983,#984,#985));
#4262=EDGE_LOOP('',(#986,#987,#988,#989,#990,#991,#992,#993));
#4263=EDGE_LOOP('',(#994,#995,#996,#997));
#4264=EDGE_LOOP('',(#998,#999,#1000,#1001));
#4265=EDGE_LOOP('',(#1002,#1003,#1004,#1005));
#4266=EDGE_LOOP('',(#1006,#1007,#1008,#1009));
#4267=EDGE_LOOP('',(#1010,#1011,#1012,#1013));
#4268=EDGE_LOOP('',(#1014,#1015,#1016,#1017));
#4269=EDGE_LOOP('',(#1018,#1019,#1020,#1021,#1022));
#4270=EDGE_LOOP('',(#1023,#1024,#1025,#1026));
#4271=EDGE_LOOP('',(#1027,#1028,#1029,#1030,#1031,#1032,#1033,#1034));
#4272=EDGE_LOOP('',(#1035,#1036,#1037,#1038,#1039,#1040,#1041,#1042));
#4273=EDGE_LOOP('',(#1043,#1044,#1045,#1046));
#4274=EDGE_LOOP('',(#1047,#1048,#1049,#1050));
#4275=EDGE_LOOP('',(#1051,#1052,#1053,#1054));
#4276=EDGE_LOOP('',(#1055,#1056,#1057,#1058));
#4277=EDGE_LOOP('',(#1059,#1060,#1061,#1062));
#4278=EDGE_LOOP('',(#1063,#1064,#1065,#1066));
#4279=EDGE_LOOP('',(#1067,#1068,#1069,#1070));
#4280=EDGE_LOOP('',(#1071,#1072,#1073,#1074));
#4281=EDGE_LOOP('',(#1075,#1076,#1077,#1078));
#4282=EDGE_LOOP('',(#1079,#1080,#1081,#1082));
#4283=EDGE_LOOP('',(#1083,#1084,#1085,#1086));
#4284=EDGE_LOOP('',(#1087,#1088,#1089,#1090));
#4285=EDGE_LOOP('',(#1091,#1092,#1093,#1094));
#4286=EDGE_LOOP('',(#1095,#1096,#1097,#1098,#1099));
#4287=EDGE_LOOP('',(#1100,#1101));
#4288=EDGE_LOOP('',(#1102,#1103,#1104,#1105));
#4289=EDGE_LOOP('',(#1106,#1107,#1108,#1109));
#4290=EDGE_LOOP('',(#1110,#1111,#1112,#1113));
#4291=EDGE_LOOP('',(#1114,#1115,#1116,#1117));
#4292=EDGE_LOOP('',(#1118,#1119,#1120,#1121));
#4293=EDGE_LOOP('',(#1122,#1123,#1124,#1125,#1126));
#4294=EDGE_LOOP('',(#1127,#1128,#1129,#1130));
#4295=EDGE_LOOP('',(#1131,#1132,#1133,#1134,#1135));
#4296=EDGE_LOOP('',(#1136,#1137,#1138,#1139,#1140,#1141));
#4297=EDGE_LOOP('',(#1142,#1143,#1144,#1145,#1146,#1147,#1148,#1149));
#4298=EDGE_LOOP('',(#1150,#1151,#1152,#1153));
#4299=EDGE_LOOP('',(#1154));
#4300=EDGE_LOOP('',(#1155,#1156,#1157,#1158,#1159));
#4301=EDGE_LOOP('',(#1160,#1161,#1162,#1163));
#4302=EDGE_LOOP('',(#1164,#1165,#1166,#1167,#1168));
#4303=EDGE_LOOP('',(#1169,#1170,#1171,#1172,#1173,#1174));
#4304=EDGE_LOOP('',(#1175,#1176,#1177,#1178,#1179,#1180,#1181,#1182));
#4305=EDGE_LOOP('',(#1183,#1184,#1185,#1186));
#4306=EDGE_LOOP('',(#1187));
#4307=EDGE_LOOP('',(#1188,#1189,#1190,#1191,#1192));
#4308=EDGE_LOOP('',(#1193,#1194,#1195,#1196));
#4309=EDGE_LOOP('',(#1197,#1198,#1199,#1200,#1201));
#4310=EDGE_LOOP('',(#1202,#1203,#1204,#1205,#1206,#1207));
#4311=EDGE_LOOP('',(#1208,#1209,#1210,#1211,#1212,#1213,#1214,#1215));
#4312=EDGE_LOOP('',(#1216,#1217,#1218,#1219));
#4313=EDGE_LOOP('',(#1220));
#4314=EDGE_LOOP('',(#1221));
#4315=EDGE_LOOP('',(#1222));
#4316=EDGE_LOOP('',(#1223));
#4317=EDGE_LOOP('',(#1224));
#4318=EDGE_LOOP('',(#1225));
#4319=EDGE_LOOP('',(#1226));
#4320=EDGE_LOOP('',(#1227,#1228,#1229,#1230,#1231));
#4321=EDGE_LOOP('',(#1232,#1233,#1234,#1235));
#4322=EDGE_LOOP('',(#1236,#1237,#1238,#1239,#1240));
#4323=EDGE_LOOP('',(#1241,#1242,#1243,#1244));
#4324=EDGE_LOOP('',(#1245,#1246,#1247,#1248));
#4325=EDGE_LOOP('',(#1249,#1250,#1251,#1252,#1253));
#4326=EDGE_LOOP('',(#1254,#1255,#1256,#1257));
#4327=EDGE_LOOP('',(#1258,#1259,#1260,#1261,#1262));
#4328=EDGE_LOOP('',(#1263,#1264,#1265,#1266));
#4329=EDGE_LOOP('',(#1267,#1268,#1269,#1270));
#4330=EDGE_LOOP('',(#1271,#1272,#1273,#1274,#1275));
#4331=EDGE_LOOP('',(#1276,#1277,#1278,#1279));
#4332=EDGE_LOOP('',(#1280,#1281,#1282,#1283,#1284));
#4333=EDGE_LOOP('',(#1285,#1286,#1287,#1288));
#4334=EDGE_LOOP('',(#1289,#1290,#1291,#1292));
#4335=EDGE_LOOP('',(#1293,#1294,#1295,#1296,#1297,#1298));
#4336=EDGE_LOOP('',(#1299,#1300,#1301,#1302,#1303));
#4337=EDGE_LOOP('',(#1304,#1305,#1306,#1307));
#4338=EDGE_LOOP('',(#1308,#1309,#1310,#1311,#1312));
#4339=EDGE_LOOP('',(#1313,#1314,#1315,#1316,#1317,#1318));
#4340=EDGE_LOOP('',(#1319,#1320,#1321,#1322,#1323,#1324));
#4341=EDGE_LOOP('',(#1325,#1326,#1327,#1328,#1329));
#4342=EDGE_LOOP('',(#1330,#1331,#1332,#1333));
#4343=EDGE_LOOP('',(#1334,#1335,#1336,#1337,#1338));
#4344=EDGE_LOOP('',(#1339,#1340,#1341,#1342,#1343,#1344));
#4345=EDGE_LOOP('',(#1345,#1346,#1347,#1348,#1349,#1350));
#4346=EDGE_LOOP('',(#1351,#1352,#1353,#1354,#1355));
#4347=EDGE_LOOP('',(#1356,#1357,#1358,#1359));
#4348=EDGE_LOOP('',(#1360,#1361,#1362,#1363,#1364));
#4349=EDGE_LOOP('',(#1365,#1366,#1367,#1368,#1369,#1370));
#4350=EDGE_LOOP('',(#1371,#1372,#1373,#1374));
#4351=EDGE_LOOP('',(#1375,#1376,#1377,#1378,#1379,#1380));
#4352=EDGE_LOOP('',(#1381,#1382,#1383,#1384));
#4353=EDGE_LOOP('',(#1385,#1386,#1387,#1388));
#4354=EDGE_LOOP('',(#1389,#1390,#1391,#1392,#1393,#1394));
#4355=EDGE_LOOP('',(#1395,#1396,#1397,#1398));
#4356=EDGE_LOOP('',(#1399,#1400,#1401,#1402));
#4357=EDGE_LOOP('',(#1403,#1404,#1405,#1406,#1407,#1408));
#4358=EDGE_LOOP('',(#1409,#1410,#1411,#1412));
#4359=EDGE_LOOP('',(#1413));
#4360=EDGE_LOOP('',(#1414));
#4361=EDGE_LOOP('',(#1415));
#4362=EDGE_LOOP('',(#1416));
#4363=EDGE_LOOP('',(#1417));
#4364=EDGE_LOOP('',(#1418));
#4365=EDGE_LOOP('',(#1419,#1420,#1421,#1422,#1423));
#4366=EDGE_LOOP('',(#1424,#1425,#1426,#1427));
#4367=EDGE_LOOP('',(#1428,#1429,#1430,#1431,#1432));
#4368=EDGE_LOOP('',(#1433,#1434,#1435,#1436));
#4369=EDGE_LOOP('',(#1437,#1438,#1439,#1440,#1441));
#4370=EDGE_LOOP('',(#1442,#1443,#1444,#1445));
#4371=EDGE_LOOP('',(#1446,#1447,#1448,#1449,#1450));
#4372=EDGE_LOOP('',(#1451,#1452,#1453,#1454));
#4373=EDGE_LOOP('',(#1455,#1456,#1457,#1458,#1459));
#4374=EDGE_LOOP('',(#1460,#1461,#1462,#1463));
#4375=EDGE_LOOP('',(#1464,#1465,#1466,#1467,#1468));
#4376=EDGE_LOOP('',(#1469,#1470,#1471,#1472));
#4377=EDGE_LOOP('',(#1473,#1474,#1475,#1476,#1477,#1478,#1479,#1480,#1481,
#1482,#1483,#1484,#1485,#1486,#1487,#1488,#1489,#1490,#1491,#1492,#1493,
#1494,#1495,#1496,#1497,#1498,#1499,#1500,#1501,#1502,#1503,#1504,#1505,
#1506));
#4378=EDGE_LOOP('',(#1507,#1508,#1509,#1510,#1511,#1512,#1513,#1514,#1515,
#1516,#1517,#1518,#1519,#1520,#1521,#1522,#1523,#1524,#1525,#1526,#1527,
#1528,#1529,#1530,#1531,#1532,#1533,#1534,#1535,#1536,#1537,#1538,#1539,
#1540));
#4379=EDGE_LOOP('',(#1541));
#4380=EDGE_LOOP('',(#1542,#1543,#1544,#1545,#1546,#1547,#1548,#1549,#1550,
#1551,#1552,#1553,#1554,#1555,#1556,#1557,#1558,#1559,#1560,#1561,#1562,
#1563,#1564,#1565,#1566,#1567,#1568,#1569,#1570,#1571,#1572,#1573,#1574,
#1575,#1576,#1577,#1578,#1579,#1580,#1581,#1582,#1583,#1584,#1585,#1586,
#1587,#1588,#1589,#1590,#1591,#1592,#1593));
#4381=EDGE_LOOP('',(#1594,#1595,#1596,#1597,#1598,#1599,#1600,#1601,#1602,
#1603,#1604,#1605,#1606,#1607,#1608,#1609,#1610,#1611,#1612,#1613,#1614,
#1615,#1616,#1617,#1618,#1619,#1620,#1621,#1622,#1623,#1624,#1625,#1626,
#1627,#1628,#1629,#1630,#1631,#1632,#1633,#1634,#1635,#1636,#1637,#1638,
#1639,#1640,#1641,#1642,#1643,#1644,#1645));
#4382=EDGE_LOOP('',(#1646,#1647,#1648,#1649));
#4383=EDGE_LOOP('',(#1650,#1651,#1652));
#4384=EDGE_LOOP('',(#1653,#1654,#1655,#1656,#1657));
#4385=EDGE_LOOP('',(#1658,#1659,#1660,#1661));
#4386=EDGE_LOOP('',(#1662,#1663,#1664,#1665));
#4387=EDGE_LOOP('',(#1666,#1667,#1668,#1669,#1670,#1671,#1672));
#4388=EDGE_LOOP('',(#1673,#1674,#1675,#1676,#1677,#1678,#1679));
#4389=EDGE_LOOP('',(#1680,#1681,#1682,#1683,#1684,#1685,#1686));
#4390=EDGE_LOOP('',(#1687,#1688,#1689,#1690,#1691,#1692,#1693));
#4391=EDGE_LOOP('',(#1694,#1695,#1696,#1697));
#4392=EDGE_LOOP('',(#1698,#1699,#1700,#1701));
#4393=EDGE_LOOP('',(#1702,#1703,#1704,#1705));
#4394=EDGE_LOOP('',(#1706,#1707,#1708,#1709,#1710,#1711,#1712));
#4395=EDGE_LOOP('',(#1713,#1714,#1715,#1716));
#4396=EDGE_LOOP('',(#1717,#1718,#1719,#1720));
#4397=EDGE_LOOP('',(#1721,#1722,#1723,#1724));
#4398=EDGE_LOOP('',(#1725,#1726,#1727,#1728,#1729,#1730,#1731));
#4399=EDGE_LOOP('',(#1732,#1733,#1734,#1735));
#4400=EDGE_LOOP('',(#1736,#1737,#1738,#1739,#1740,#1741,#1742));
#4401=EDGE_LOOP('',(#1743,#1744,#1745,#1746));
#4402=EDGE_LOOP('',(#1747,#1748,#1749,#1750));
#4403=EDGE_LOOP('',(#1751,#1752,#1753,#1754));
#4404=EDGE_LOOP('',(#1755,#1756,#1757,#1758,#1759,#1760,#1761));
#4405=EDGE_LOOP('',(#1762,#1763,#1764,#1765));
#4406=EDGE_LOOP('',(#1766,#1767,#1768,#1769));
#4407=EDGE_LOOP('',(#1770,#1771,#1772,#1773));
#4408=EDGE_LOOP('',(#1774,#1775,#1776,#1777));
#4409=EDGE_LOOP('',(#1778,#1779,#1780,#1781));
#4410=EDGE_LOOP('',(#1782,#1783,#1784,#1785));
#4411=EDGE_LOOP('',(#1786,#1787,#1788,#1789));
#4412=EDGE_LOOP('',(#1790,#1791,#1792,#1793));
#4413=EDGE_LOOP('',(#1794,#1795,#1796,#1797));
#4414=EDGE_LOOP('',(#1798,#1799,#1800,#1801));
#4415=EDGE_LOOP('',(#1802,#1803,#1804,#1805));
#4416=EDGE_LOOP('',(#1806,#1807,#1808,#1809));
#4417=EDGE_LOOP('',(#1810,#1811,#1812,#1813));
#4418=EDGE_LOOP('',(#1814,#1815,#1816,#1817));
#4419=EDGE_LOOP('',(#1818,#1819,#1820,#1821));
#4420=EDGE_LOOP('',(#1822,#1823,#1824,#1825));
#4421=EDGE_LOOP('',(#1826));
#4422=EDGE_LOOP('',(#1827));
#4423=EDGE_LOOP('',(#1828));
#4424=EDGE_LOOP('',(#1829));
#4425=EDGE_LOOP('',(#1830));
#4426=EDGE_LOOP('',(#1831));
#4427=EDGE_LOOP('',(#1832));
#4428=EDGE_LOOP('',(#1833));
#4429=EDGE_LOOP('',(#1834));
#4430=EDGE_LOOP('',(#1835));
#4431=EDGE_LOOP('',(#1836));
#4432=EDGE_LOOP('',(#1837));
#4433=EDGE_LOOP('',(#1838,#1839,#1840,#1841));
#4434=EDGE_LOOP('',(#1842,#1843,#1844,#1845));
#4435=EDGE_LOOP('',(#1846,#1847,#1848,#1849));
#4436=EDGE_LOOP('',(#1850,#1851,#1852,#1853));
#4437=EDGE_LOOP('',(#1854,#1855,#1856,#1857));
#4438=EDGE_LOOP('',(#1858,#1859,#1860,#1861));
#4439=EDGE_LOOP('',(#1862,#1863,#1864,#1865));
#4440=EDGE_LOOP('',(#1866,#1867,#1868,#1869));
#4441=EDGE_LOOP('',(#1870,#1871,#1872,#1873));
#4442=EDGE_LOOP('',(#1874,#1875,#1876,#1877,#1878));
#4443=EDGE_LOOP('',(#1879,#1880,#1881,#1882,#1883));
#4444=EDGE_LOOP('',(#1884,#1885,#1886,#1887,#1888));
#4445=EDGE_LOOP('',(#1889,#1890,#1891,#1892,#1893));
#4446=FACE_BOUND('',#4151,.T.);
#4447=FACE_BOUND('',#4152,.T.);
#4448=FACE_BOUND('',#4153,.T.);
#4449=FACE_BOUND('',#4154,.T.);
#4450=FACE_BOUND('',#4155,.T.);
#4451=FACE_BOUND('',#4156,.T.);
#4452=FACE_BOUND('',#4157,.T.);
#4453=FACE_BOUND('',#4158,.T.);
#4454=FACE_BOUND('',#4159,.T.);
#4455=FACE_BOUND('',#4160,.T.);
#4456=FACE_BOUND('',#4161,.T.);
#4457=FACE_BOUND('',#4162,.T.);
#4458=FACE_BOUND('',#4163,.T.);
#4459=FACE_BOUND('',#4164,.T.);
#4460=FACE_BOUND('',#4165,.T.);
#4461=FACE_BOUND('',#4166,.T.);
#4462=FACE_BOUND('',#4167,.T.);
#4463=FACE_BOUND('',#4168,.T.);
#4464=FACE_BOUND('',#4169,.T.);
#4465=FACE_BOUND('',#4170,.T.);
#4466=FACE_BOUND('',#4171,.T.);
#4467=FACE_BOUND('',#4172,.T.);
#4468=FACE_BOUND('',#4173,.T.);
#4469=FACE_BOUND('',#4174,.T.);
#4470=FACE_BOUND('',#4175,.T.);
#4471=FACE_BOUND('',#4176,.T.);
#4472=FACE_BOUND('',#4177,.T.);
#4473=FACE_BOUND('',#4178,.T.);
#4474=FACE_BOUND('',#4179,.T.);
#4475=FACE_BOUND('',#4180,.T.);
#4476=FACE_BOUND('',#4181,.T.);
#4477=FACE_BOUND('',#4182,.T.);
#4478=FACE_BOUND('',#4183,.T.);
#4479=FACE_BOUND('',#4184,.T.);
#4480=FACE_BOUND('',#4185,.T.);
#4481=FACE_BOUND('',#4186,.T.);
#4482=FACE_BOUND('',#4187,.T.);
#4483=FACE_BOUND('',#4188,.T.);
#4484=FACE_BOUND('',#4189,.T.);
#4485=FACE_BOUND('',#4190,.T.);
#4486=FACE_BOUND('',#4191,.T.);
#4487=FACE_BOUND('',#4192,.T.);
#4488=FACE_BOUND('',#4193,.T.);
#4489=FACE_BOUND('',#4194,.T.);
#4490=FACE_BOUND('',#4195,.T.);
#4491=FACE_BOUND('',#4196,.T.);
#4492=FACE_BOUND('',#4197,.T.);
#4493=FACE_BOUND('',#4198,.T.);
#4494=FACE_BOUND('',#4199,.T.);
#4495=FACE_BOUND('',#4200,.T.);
#4496=FACE_BOUND('',#4201,.T.);
#4497=FACE_BOUND('',#4202,.T.);
#4498=FACE_BOUND('',#4203,.T.);
#4499=FACE_BOUND('',#4204,.T.);
#4500=FACE_BOUND('',#4205,.T.);
#4501=FACE_BOUND('',#4206,.T.);
#4502=FACE_BOUND('',#4207,.T.);
#4503=FACE_BOUND('',#4208,.T.);
#4504=FACE_BOUND('',#4209,.T.);
#4505=FACE_BOUND('',#4210,.T.);
#4506=FACE_BOUND('',#4211,.T.);
#4507=FACE_BOUND('',#4212,.T.);
#4508=FACE_BOUND('',#4213,.T.);
#4509=FACE_BOUND('',#4214,.T.);
#4510=FACE_BOUND('',#4215,.T.);
#4511=FACE_BOUND('',#4216,.T.);
#4512=FACE_BOUND('',#4217,.T.);
#4513=FACE_BOUND('',#4218,.T.);
#4514=FACE_BOUND('',#4219,.T.);
#4515=FACE_BOUND('',#4220,.T.);
#4516=FACE_BOUND('',#4221,.T.);
#4517=FACE_BOUND('',#4222,.T.);
#4518=FACE_BOUND('',#4223,.T.);
#4519=FACE_BOUND('',#4224,.T.);
#4520=FACE_BOUND('',#4225,.T.);
#4521=FACE_BOUND('',#4226,.T.);
#4522=FACE_BOUND('',#4227,.T.);
#4523=FACE_BOUND('',#4228,.T.);
#4524=FACE_BOUND('',#4229,.T.);
#4525=FACE_BOUND('',#4230,.T.);
#4526=FACE_BOUND('',#4231,.T.);
#4527=FACE_BOUND('',#4232,.T.);
#4528=FACE_BOUND('',#4233,.T.);
#4529=FACE_BOUND('',#4234,.T.);
#4530=FACE_BOUND('',#4235,.T.);
#4531=FACE_BOUND('',#4236,.T.);
#4532=FACE_BOUND('',#4237,.T.);
#4533=FACE_BOUND('',#4238,.T.);
#4534=FACE_BOUND('',#4239,.T.);
#4535=FACE_BOUND('',#4240,.T.);
#4536=FACE_BOUND('',#4241,.T.);
#4537=FACE_BOUND('',#4242,.T.);
#4538=FACE_BOUND('',#4243,.T.);
#4539=FACE_BOUND('',#4244,.T.);
#4540=FACE_BOUND('',#4245,.T.);
#4541=FACE_BOUND('',#4246,.T.);
#4542=FACE_BOUND('',#4247,.T.);
#4543=FACE_BOUND('',#4248,.T.);
#4544=FACE_BOUND('',#4249,.T.);
#4545=FACE_BOUND('',#4250,.T.);
#4546=FACE_BOUND('',#4251,.T.);
#4547=FACE_BOUND('',#4252,.T.);
#4548=FACE_BOUND('',#4253,.T.);
#4549=FACE_BOUND('',#4254,.T.);
#4550=FACE_BOUND('',#4255,.T.);
#4551=FACE_BOUND('',#4256,.T.);
#4552=FACE_BOUND('',#4257,.T.);
#4553=FACE_BOUND('',#4258,.T.);
#4554=FACE_BOUND('',#4259,.T.);
#4555=FACE_BOUND('',#4260,.T.);
#4556=FACE_BOUND('',#4261,.T.);
#4557=FACE_BOUND('',#4262,.T.);
#4558=FACE_BOUND('',#4263,.T.);
#4559=FACE_BOUND('',#4264,.T.);
#4560=FACE_BOUND('',#4265,.T.);
#4561=FACE_BOUND('',#4266,.T.);
#4562=FACE_BOUND('',#4267,.T.);
#4563=FACE_BOUND('',#4268,.T.);
#4564=FACE_BOUND('',#4269,.T.);
#4565=FACE_BOUND('',#4270,.T.);
#4566=FACE_BOUND('',#4271,.T.);
#4567=FACE_BOUND('',#4272,.T.);
#4568=FACE_BOUND('',#4273,.T.);
#4569=FACE_BOUND('',#4274,.T.);
#4570=FACE_BOUND('',#4275,.T.);
#4571=FACE_BOUND('',#4276,.T.);
#4572=FACE_BOUND('',#4277,.T.);
#4573=FACE_BOUND('',#4278,.T.);
#4574=FACE_BOUND('',#4279,.T.);
#4575=FACE_BOUND('',#4280,.T.);
#4576=FACE_BOUND('',#4281,.T.);
#4577=FACE_BOUND('',#4282,.T.);
#4578=FACE_BOUND('',#4283,.T.);
#4579=FACE_BOUND('',#4284,.T.);
#4580=FACE_BOUND('',#4285,.T.);
#4581=FACE_BOUND('',#4286,.T.);
#4582=FACE_BOUND('',#4287,.T.);
#4583=FACE_BOUND('',#4288,.T.);
#4584=FACE_BOUND('',#4289,.T.);
#4585=FACE_BOUND('',#4290,.T.);
#4586=FACE_BOUND('',#4291,.T.);
#4587=FACE_BOUND('',#4292,.T.);
#4588=FACE_BOUND('',#4293,.T.);
#4589=FACE_BOUND('',#4294,.T.);
#4590=FACE_BOUND('',#4295,.T.);
#4591=FACE_BOUND('',#4296,.T.);
#4592=FACE_BOUND('',#4297,.T.);
#4593=FACE_BOUND('',#4298,.T.);
#4594=FACE_BOUND('',#4299,.T.);
#4595=FACE_BOUND('',#4300,.T.);
#4596=FACE_BOUND('',#4301,.T.);
#4597=FACE_BOUND('',#4302,.T.);
#4598=FACE_BOUND('',#4303,.T.);
#4599=FACE_BOUND('',#4304,.T.);
#4600=FACE_BOUND('',#4305,.T.);
#4601=FACE_BOUND('',#4306,.T.);
#4602=FACE_BOUND('',#4307,.T.);
#4603=FACE_BOUND('',#4308,.T.);
#4604=FACE_BOUND('',#4309,.T.);
#4605=FACE_BOUND('',#4310,.T.);
#4606=FACE_BOUND('',#4311,.T.);
#4607=FACE_BOUND('',#4312,.T.);
#4608=FACE_BOUND('',#4313,.T.);
#4609=FACE_BOUND('',#4314,.T.);
#4610=FACE_BOUND('',#4315,.T.);
#4611=FACE_BOUND('',#4316,.T.);
#4612=FACE_BOUND('',#4317,.T.);
#4613=FACE_BOUND('',#4318,.T.);
#4614=FACE_BOUND('',#4319,.T.);
#4615=FACE_BOUND('',#4320,.T.);
#4616=FACE_BOUND('',#4321,.T.);
#4617=FACE_BOUND('',#4322,.T.);
#4618=FACE_BOUND('',#4323,.T.);
#4619=FACE_BOUND('',#4324,.T.);
#4620=FACE_BOUND('',#4325,.T.);
#4621=FACE_BOUND('',#4326,.T.);
#4622=FACE_BOUND('',#4327,.T.);
#4623=FACE_BOUND('',#4328,.T.);
#4624=FACE_BOUND('',#4329,.T.);
#4625=FACE_BOUND('',#4330,.T.);
#4626=FACE_BOUND('',#4331,.T.);
#4627=FACE_BOUND('',#4332,.T.);
#4628=FACE_BOUND('',#4333,.T.);
#4629=FACE_BOUND('',#4334,.T.);
#4630=FACE_BOUND('',#4335,.T.);
#4631=FACE_BOUND('',#4336,.T.);
#4632=FACE_BOUND('',#4337,.T.);
#4633=FACE_BOUND('',#4338,.T.);
#4634=FACE_BOUND('',#4339,.T.);
#4635=FACE_BOUND('',#4340,.T.);
#4636=FACE_BOUND('',#4341,.T.);
#4637=FACE_BOUND('',#4342,.T.);
#4638=FACE_BOUND('',#4343,.T.);
#4639=FACE_BOUND('',#4344,.T.);
#4640=FACE_BOUND('',#4345,.T.);
#4641=FACE_BOUND('',#4346,.T.);
#4642=FACE_BOUND('',#4347,.T.);
#4643=FACE_BOUND('',#4348,.T.);
#4644=FACE_BOUND('',#4349,.T.);
#4645=FACE_BOUND('',#4350,.T.);
#4646=FACE_BOUND('',#4351,.T.);
#4647=FACE_BOUND('',#4352,.T.);
#4648=FACE_BOUND('',#4353,.T.);
#4649=FACE_BOUND('',#4354,.T.);
#4650=FACE_BOUND('',#4355,.T.);
#4651=FACE_BOUND('',#4356,.T.);
#4652=FACE_BOUND('',#4357,.T.);
#4653=FACE_BOUND('',#4358,.T.);
#4654=FACE_BOUND('',#4359,.T.);
#4655=FACE_BOUND('',#4360,.T.);
#4656=FACE_BOUND('',#4361,.T.);
#4657=FACE_BOUND('',#4362,.T.);
#4658=FACE_BOUND('',#4363,.T.);
#4659=FACE_BOUND('',#4364,.T.);
#4660=FACE_BOUND('',#4365,.T.);
#4661=FACE_BOUND('',#4366,.T.);
#4662=FACE_BOUND('',#4367,.T.);
#4663=FACE_BOUND('',#4368,.T.);
#4664=FACE_BOUND('',#4369,.T.);
#4665=FACE_BOUND('',#4370,.T.);
#4666=FACE_BOUND('',#4371,.T.);
#4667=FACE_BOUND('',#4372,.T.);
#4668=FACE_BOUND('',#4373,.T.);
#4669=FACE_BOUND('',#4374,.T.);
#4670=FACE_BOUND('',#4375,.T.);
#4671=FACE_BOUND('',#4376,.T.);
#4672=FACE_BOUND('',#4377,.T.);
#4673=FACE_BOUND('',#4378,.T.);
#4674=FACE_BOUND('',#4379,.T.);
#4675=FACE_BOUND('',#4380,.T.);
#4676=FACE_BOUND('',#4381,.T.);
#4677=FACE_BOUND('',#4382,.T.);
#4678=FACE_BOUND('',#4383,.T.);
#4679=FACE_BOUND('',#4384,.T.);
#4680=FACE_BOUND('',#4385,.T.);
#4681=FACE_BOUND('',#4386,.T.);
#4682=FACE_BOUND('',#4387,.T.);
#4683=FACE_BOUND('',#4388,.T.);
#4684=FACE_BOUND('',#4389,.T.);
#4685=FACE_BOUND('',#4390,.T.);
#4686=FACE_BOUND('',#4391,.T.);
#4687=FACE_BOUND('',#4392,.T.);
#4688=FACE_BOUND('',#4393,.T.);
#4689=FACE_BOUND('',#4394,.T.);
#4690=FACE_BOUND('',#4395,.T.);
#4691=FACE_BOUND('',#4396,.T.);
#4692=FACE_BOUND('',#4397,.T.);
#4693=FACE_BOUND('',#4398,.T.);
#4694=FACE_BOUND('',#4399,.T.);
#4695=FACE_BOUND('',#4400,.T.);
#4696=FACE_BOUND('',#4401,.T.);
#4697=FACE_BOUND('',#4402,.T.);
#4698=FACE_BOUND('',#4403,.T.);
#4699=FACE_BOUND('',#4404,.T.);
#4700=FACE_BOUND('',#4405,.T.);
#4701=FACE_BOUND('',#4406,.T.);
#4702=FACE_BOUND('',#4407,.T.);
#4703=FACE_BOUND('',#4408,.T.);
#4704=FACE_BOUND('',#4409,.T.);
#4705=FACE_BOUND('',#4410,.T.);
#4706=FACE_BOUND('',#4411,.T.);
#4707=FACE_BOUND('',#4412,.T.);
#4708=FACE_BOUND('',#4413,.T.);
#4709=FACE_BOUND('',#4414,.T.);
#4710=FACE_BOUND('',#4415,.T.);
#4711=FACE_BOUND('',#4416,.T.);
#4712=FACE_BOUND('',#4417,.T.);
#4713=FACE_BOUND('',#4418,.T.);
#4714=FACE_BOUND('',#4419,.T.);
#4715=FACE_BOUND('',#4420,.T.);
#4716=FACE_BOUND('',#4421,.T.);
#4717=FACE_BOUND('',#4422,.T.);
#4718=FACE_BOUND('',#4423,.T.);
#4719=FACE_BOUND('',#4424,.T.);
#4720=FACE_BOUND('',#4425,.T.);
#4721=FACE_BOUND('',#4426,.T.);
#4722=FACE_BOUND('',#4427,.T.);
#4723=FACE_BOUND('',#4428,.T.);
#4724=FACE_BOUND('',#4429,.T.);
#4725=FACE_BOUND('',#4430,.T.);
#4726=FACE_BOUND('',#4431,.T.);
#4727=FACE_BOUND('',#4432,.T.);
#4728=FACE_BOUND('',#4433,.T.);
#4729=FACE_BOUND('',#4434,.T.);
#4730=FACE_BOUND('',#4435,.T.);
#4731=FACE_BOUND('',#4436,.T.);
#4732=FACE_BOUND('',#4437,.T.);
#4733=FACE_BOUND('',#4438,.T.);
#4734=FACE_BOUND('',#4439,.T.);
#4735=FACE_BOUND('',#4440,.T.);
#4736=FACE_BOUND('',#4441,.T.);
#4737=FACE_BOUND('',#4442,.T.);
#4738=FACE_BOUND('',#4443,.T.);
#4739=FACE_BOUND('',#4444,.T.);
#4740=FACE_BOUND('',#4445,.T.);
#4741=PLANE('',#6919);
#4742=PLANE('',#6920);
#4743=PLANE('',#6921);
#4744=PLANE('',#6922);
#4745=PLANE('',#6923);
#4746=PLANE('',#6928);
#4747=PLANE('',#6933);
#4748=PLANE('',#6938);
#4749=PLANE('',#6943);
#4750=PLANE('',#6951);
#4751=PLANE('',#6959);
#4752=PLANE('',#6960);
#4753=PLANE('',#6965);
#4754=PLANE('',#6966);
#4755=PLANE('',#6973);
#4756=PLANE('',#6976);
#4757=PLANE('',#6979);
#4758=PLANE('',#6980);
#4759=PLANE('',#6983);
#4760=PLANE('',#6986);
#4761=PLANE('',#6989);
#4762=PLANE('',#6992);
#4763=PLANE('',#6995);
#4764=PLANE('',#6998);
#4765=PLANE('',#7001);
#4766=PLANE('',#7004);
#4767=PLANE('',#7007);
#4768=PLANE('',#7010);
#4769=PLANE('',#7013);
#4770=PLANE('',#7016);
#4771=PLANE('',#7021);
#4772=PLANE('',#7024);
#4773=PLANE('',#7027);
#4774=PLANE('',#7030);
#4775=PLANE('',#7033);
#4776=PLANE('',#7036);
#4777=PLANE('',#7039);
#4778=PLANE('',#7042);
#4779=PLANE('',#7045);
#4780=PLANE('',#7048);
#4781=PLANE('',#7051);
#4782=PLANE('',#7054);
#4783=PLANE('',#7057);
#4784=PLANE('',#7060);
#4785=PLANE('',#7063);
#4786=PLANE('',#7066);
#4787=PLANE('',#7070);
#4788=PLANE('',#7072);
#4789=PLANE('',#7073);
#4790=PLANE('',#7074);
#4791=PLANE('',#7075);
#4792=PLANE('',#7083);
#4793=PLANE('',#7084);
#4794=PLANE('',#7085);
#4795=PLANE('',#7086);
#4796=PLANE('',#7094);
#4797=PLANE('',#7096);
#4798=PLANE('',#7101);
#4799=PLANE('',#7106);
#4800=PLANE('',#7117);
#4801=PLANE('',#7119);
#4802=PLANE('',#7120);
#4803=PLANE('',#7123);
#4804=PLANE('',#7126);
#4805=PLANE('',#7128);
#4806=PLANE('',#7129);
#4807=PLANE('',#7132);
#4808=PLANE('',#7133);
#4809=PLANE('',#7134);
#4810=PLANE('',#7135);
#4811=PLANE('',#7136);
#4812=PLANE('',#7137);
#4813=PLANE('',#7138);
#4814=PLANE('',#7139);
#4815=PLANE('',#7140);
#4816=PLANE('',#7141);
#4817=PLANE('',#7142);
#4818=PLANE('',#7143);
#4819=PLANE('',#7144);
#4820=PLANE('',#7145);
#4821=PLANE('',#7146);
#4822=PLANE('',#7147);
#4823=PLANE('',#7148);
#4824=PLANE('',#7149);
#4825=PLANE('',#7150);
#4826=PLANE('',#7152);
#4827=PLANE('',#7155);
#4828=PLANE('',#7156);
#4829=PLANE('',#7157);
#4830=PLANE('',#7158);
#4831=PLANE('',#7159);
#4832=PLANE('',#7162);
#4833=PLANE('',#7163);
#4834=PLANE('',#7164);
#4835=PLANE('',#7166);
#4836=PLANE('',#7169);
#4837=PLANE('',#7170);
#4838=PLANE('',#7171);
#4839=PLANE('',#7173);
#4840=PLANE('',#7176);
#4841=PLANE('',#7177);
#4842=PLANE('',#7178);
#4843=PLANE('',#7186);
#4844=PLANE('',#7188);
#4845=PLANE('',#7189);
#4846=PLANE('',#7191);
#4847=PLANE('',#7192);
#4848=PLANE('',#7193);
#4849=PLANE('',#7195);
#4850=PLANE('',#7196);
#4851=PLANE('',#7198);
#4852=PLANE('',#7199);
#4853=PLANE('',#7200);
#4854=PLANE('',#7202);
#4855=PLANE('',#7203);
#4856=PLANE('',#7205);
#4857=PLANE('',#7206);
#4858=PLANE('',#7207);
#4859=PLANE('',#7208);
#4860=PLANE('',#7210);
#4861=PLANE('',#7211);
#4862=PLANE('',#7213);
#4863=PLANE('',#7214);
#4864=PLANE('',#7215);
#4865=PLANE('',#7217);
#4866=PLANE('',#7218);
#4867=PLANE('',#7220);
#4868=PLANE('',#7221);
#4869=PLANE('',#7222);
#4870=PLANE('',#7224);
#4871=PLANE('',#7225);
#4872=PLANE('',#7227);
#4873=PLANE('',#7228);
#4874=PLANE('',#7229);
#4875=PLANE('',#7230);
#4876=PLANE('',#7231);
#4877=PLANE('',#7232);
#4878=PLANE('',#7233);
#4879=PLANE('',#7234);
#4880=PLANE('',#7235);
#4881=PLANE('',#7236);
#4882=PLANE('',#7237);
#4883=PLANE('',#7240);
#4884=PLANE('',#7243);
#4885=PLANE('',#7246);
#4886=PLANE('',#7248);
#4887=PLANE('',#7249);
#4888=PLANE('',#7251);
#4889=PLANE('',#7252);
#4890=PLANE('',#7254);
#4891=PLANE('',#7255);
#4892=PLANE('',#7257);
#4893=PLANE('',#7258);
#4894=PLANE('',#7260);
#4895=PLANE('',#7261);
#4896=PLANE('',#7263);
#4897=PLANE('',#7264);
#4898=PLANE('',#7267);
#4899=PLANE('',#7270);
#4900=PLANE('',#7272);
#4901=PLANE('',#7274);
#4902=PLANE('',#7276);
#4903=PLANE('',#7279);
#4904=PLANE('',#7283);
#4905=PLANE('',#7285);
#4906=PLANE('',#7287);
#4907=PLANE('',#7291);
#4908=PLANE('',#7293);
#4909=PLANE('',#7295);
#4910=PLANE('',#7299);
#4911=PLANE('',#7301);
#4912=PLANE('',#7303);
#4913=PLANE('',#7307);
#4914=PLANE('',#7309);
#4915=PLANE('',#7315);
#4916=PLANE('',#7316);
#4917=PLANE('',#7317);
#4918=PLANE('',#7318);
#4919=PLANE('',#7319);
#4920=PLANE('',#7320);
#4921=STYLED_ITEM('',(#5167),#6646);
#4922=STYLED_ITEM('',(#5168),#6647);
#4923=STYLED_ITEM('',(#5169),#6648);
#4924=STYLED_ITEM('',(#5170),#6649);
#4925=STYLED_ITEM('',(#5171),#6650);
#4926=STYLED_ITEM('',(#5172),#6651);
#4927=STYLED_ITEM('',(#5173),#6652);
#4928=STYLED_ITEM('',(#5174),#6653);
#4929=STYLED_ITEM('',(#5175),#6655);
#4930=STYLED_ITEM('',(#5176),#6656);
#4931=STYLED_ITEM('',(#5177),#6657);
#4932=STYLED_ITEM('',(#5178),#6658);
#4933=STYLED_ITEM('',(#5179),#6660);
#4934=STYLED_ITEM('',(#5180),#6661);
#4935=STYLED_ITEM('',(#5181),#6662);
#4936=STYLED_ITEM('',(#5182),#6663);
#4937=STYLED_ITEM('',(#5183),#6664);
#4938=STYLED_ITEM('',(#5184),#6665);
#4939=STYLED_ITEM('',(#5185),#6666);
#4940=STYLED_ITEM('',(#5186),#6667);
#4941=STYLED_ITEM('',(#5187),#6668);
#4942=STYLED_ITEM('',(#5188),#6669);
#4943=STYLED_ITEM('',(#5189),#6670);
#4944=STYLED_ITEM('',(#5190),#6671);
#4945=STYLED_ITEM('',(#5191),#6672);
#4946=STYLED_ITEM('',(#5192),#6673);
#4947=STYLED_ITEM('',(#5193),#6674);
#4948=STYLED_ITEM('',(#5194),#6675);
#4949=STYLED_ITEM('',(#5195),#6676);
#4950=STYLED_ITEM('',(#5196),#6677);
#4951=STYLED_ITEM('',(#5197),#6678);
#4952=STYLED_ITEM('',(#5198),#6679);
#4953=STYLED_ITEM('',(#5199),#6680);
#4954=STYLED_ITEM('',(#5200),#6681);
#4955=STYLED_ITEM('',(#5201),#6682);
#4956=STYLED_ITEM('',(#5202),#6683);
#4957=STYLED_ITEM('',(#5203),#6684);
#4958=STYLED_ITEM('',(#5204),#6685);
#4959=STYLED_ITEM('',(#5205),#6686);
#4960=STYLED_ITEM('',(#5206),#6687);
#4961=STYLED_ITEM('',(#5207),#6688);
#4962=STYLED_ITEM('',(#5208),#6689);
#4963=STYLED_ITEM('',(#5209),#6690);
#4964=STYLED_ITEM('',(#5210),#6691);
#4965=STYLED_ITEM('',(#5211),#6692);
#4966=STYLED_ITEM('',(#5212),#6693);
#4967=STYLED_ITEM('',(#5213),#6694);
#4968=STYLED_ITEM('',(#5214),#6695);
#4969=STYLED_ITEM('',(#5215),#6696);
#4970=STYLED_ITEM('',(#5216),#6697);
#4971=STYLED_ITEM('',(#5217),#6698);
#4972=STYLED_ITEM('',(#5218),#6699);
#4973=STYLED_ITEM('',(#5219),#6700);
#4974=STYLED_ITEM('',(#5220),#6701);
#4975=STYLED_ITEM('',(#5221),#6702);
#4976=STYLED_ITEM('',(#5222),#6703);
#4977=STYLED_ITEM('',(#5223),#6704);
#4978=STYLED_ITEM('',(#5224),#6705);
#4979=STYLED_ITEM('',(#5225),#6706);
#4980=STYLED_ITEM('',(#5226),#6707);
#4981=STYLED_ITEM('',(#5227),#6708);
#4982=STYLED_ITEM('',(#5228),#6709);
#4983=STYLED_ITEM('',(#5229),#6710);
#4984=STYLED_ITEM('',(#5230),#6711);
#4985=STYLED_ITEM('',(#5231),#6712);
#4986=STYLED_ITEM('',(#5232),#6713);
#4987=STYLED_ITEM('',(#5233),#6714);
#4988=STYLED_ITEM('',(#5234),#6715);
#4989=STYLED_ITEM('',(#5235),#6716);
#4990=STYLED_ITEM('',(#5236),#6717);
#4991=STYLED_ITEM('',(#5237),#6718);
#4992=STYLED_ITEM('',(#5238),#6719);
#4993=STYLED_ITEM('',(#5239),#6720);
#4994=STYLED_ITEM('',(#5240),#6721);
#4995=STYLED_ITEM('',(#5241),#6722);
#4996=STYLED_ITEM('',(#5242),#6723);
#4997=STYLED_ITEM('',(#5243),#6724);
#4998=STYLED_ITEM('',(#5244),#6725);
#4999=STYLED_ITEM('',(#5245),#6726);
#5000=STYLED_ITEM('',(#5246),#6727);
#5001=STYLED_ITEM('',(#5247),#6728);
#5002=STYLED_ITEM('',(#5248),#6729);
#5003=STYLED_ITEM('',(#5249),#6730);
#5004=STYLED_ITEM('',(#5250),#6731);
#5005=STYLED_ITEM('',(#5251),#6732);
#5006=STYLED_ITEM('',(#5252),#6733);
#5007=STYLED_ITEM('',(#5253),#6734);
#5008=STYLED_ITEM('',(#5254),#6735);
#5009=STYLED_ITEM('',(#5255),#6736);
#5010=STYLED_ITEM('',(#5256),#6737);
#5011=STYLED_ITEM('',(#5257),#6738);
#5012=STYLED_ITEM('',(#5258),#6739);
#5013=STYLED_ITEM('',(#5259),#6740);
#5014=STYLED_ITEM('',(#5260),#6741);
#5015=STYLED_ITEM('',(#5261),#6742);
#5016=STYLED_ITEM('',(#5262),#6743);
#5017=STYLED_ITEM('',(#5263),#6744);
#5018=STYLED_ITEM('',(#5264),#6745);
#5019=STYLED_ITEM('',(#5265),#6746);
#5020=STYLED_ITEM('',(#5266),#6747);
#5021=STYLED_ITEM('',(#5267),#6748);
#5022=STYLED_ITEM('',(#5268),#6749);
#5023=STYLED_ITEM('',(#5269),#6750);
#5024=STYLED_ITEM('',(#5270),#6751);
#5025=STYLED_ITEM('',(#5271),#6752);
#5026=STYLED_ITEM('',(#5272),#6753);
#5027=STYLED_ITEM('',(#5273),#6754);
#5028=STYLED_ITEM('',(#5274),#6755);
#5029=STYLED_ITEM('',(#5275),#6756);
#5030=STYLED_ITEM('',(#5276),#6757);
#5031=STYLED_ITEM('',(#5277),#6759);
#5032=STYLED_ITEM('',(#5278),#6760);
#5033=STYLED_ITEM('',(#5279),#6761);
#5034=STYLED_ITEM('',(#5280),#6762);
#5035=STYLED_ITEM('',(#5281),#6763);
#5036=STYLED_ITEM('',(#5282),#6764);
#5037=STYLED_ITEM('',(#5283),#6765);
#5038=STYLED_ITEM('',(#5284),#6766);
#5039=STYLED_ITEM('',(#5285),#6767);
#5040=STYLED_ITEM('',(#5286),#6768);
#5041=STYLED_ITEM('',(#5287),#6769);
#5042=STYLED_ITEM('',(#5288),#6770);
#5043=STYLED_ITEM('',(#5289),#6771);
#5044=STYLED_ITEM('',(#5290),#6772);
#5045=STYLED_ITEM('',(#5291),#6773);
#5046=STYLED_ITEM('',(#5292),#6774);
#5047=STYLED_ITEM('',(#5293),#6775);
#5048=STYLED_ITEM('',(#5294),#6776);
#5049=STYLED_ITEM('',(#5295),#6781);
#5050=STYLED_ITEM('',(#5296),#6782);
#5051=STYLED_ITEM('',(#5297),#6783);
#5052=STYLED_ITEM('',(#5298),#6784);
#5053=STYLED_ITEM('',(#5299),#6785);
#5054=STYLED_ITEM('',(#5300),#6786);
#5055=STYLED_ITEM('',(#5301),#6787);
#5056=STYLED_ITEM('',(#5302),#6788);
#5057=STYLED_ITEM('',(#5303),#6789);
#5058=STYLED_ITEM('',(#5304),#6790);
#5059=STYLED_ITEM('',(#5305),#6791);
#5060=STYLED_ITEM('',(#5306),#6792);
#5061=STYLED_ITEM('',(#5307),#6793);
#5062=STYLED_ITEM('',(#5308),#6794);
#5063=STYLED_ITEM('',(#5309),#6795);
#5064=STYLED_ITEM('',(#5310),#6796);
#5065=STYLED_ITEM('',(#5311),#6797);
#5066=STYLED_ITEM('',(#5312),#6798);
#5067=STYLED_ITEM('',(#5313),#6799);
#5068=STYLED_ITEM('',(#5314),#6802);
#5069=STYLED_ITEM('',(#5315),#6804);
#5070=STYLED_ITEM('',(#5316),#6807);
#5071=STYLED_ITEM('',(#5317),#6809);
#5072=STYLED_ITEM('',(#5318),#6812);
#5073=STYLED_ITEM('',(#5319),#6814);
#5074=STYLED_ITEM('',(#5320),#6815);
#5075=STYLED_ITEM('',(#5321),#6816);
#5076=STYLED_ITEM('',(#5322),#6817);
#5077=STYLED_ITEM('',(#5323),#6818);
#5078=STYLED_ITEM('',(#5324),#6819);
#5079=STYLED_ITEM('',(#5325),#6820);
#5080=STYLED_ITEM('',(#5326),#6821);
#5081=STYLED_ITEM('',(#5327),#6822);
#5082=STYLED_ITEM('',(#5328),#6823);
#5083=STYLED_ITEM('',(#5329),#6824);
#5084=STYLED_ITEM('',(#5330),#6825);
#5085=STYLED_ITEM('',(#5331),#6826);
#5086=STYLED_ITEM('',(#5332),#6827);
#5087=STYLED_ITEM('',(#5333),#6828);
#5088=STYLED_ITEM('',(#5334),#6829);
#5089=STYLED_ITEM('',(#5335),#6830);
#5090=STYLED_ITEM('',(#5336),#6831);
#5091=STYLED_ITEM('',(#5337),#6832);
#5092=STYLED_ITEM('',(#5338),#6833);
#5093=STYLED_ITEM('',(#5339),#6834);
#5094=STYLED_ITEM('',(#5340),#6835);
#5095=STYLED_ITEM('',(#5341),#6836);
#5096=STYLED_ITEM('',(#5342),#6837);
#5097=STYLED_ITEM('',(#5343),#6838);
#5098=STYLED_ITEM('',(#5344),#6839);
#5099=STYLED_ITEM('',(#5345),#6840);
#5100=STYLED_ITEM('',(#5346),#6841);
#5101=STYLED_ITEM('',(#5347),#6842);
#5102=STYLED_ITEM('',(#5348),#6843);
#5103=STYLED_ITEM('',(#5349),#6844);
#5104=STYLED_ITEM('',(#5350),#6845);
#5105=STYLED_ITEM('',(#5351),#6846);
#5106=STYLED_ITEM('',(#5352),#6847);
#5107=STYLED_ITEM('',(#5353),#6848);
#5108=STYLED_ITEM('',(#5354),#6849);
#5109=STYLED_ITEM('',(#5355),#6850);
#5110=STYLED_ITEM('',(#5356),#6851);
#5111=STYLED_ITEM('',(#5357),#6852);
#5112=STYLED_ITEM('',(#5358),#6853);
#5113=STYLED_ITEM('',(#5359),#6854);
#5114=STYLED_ITEM('',(#5360),#6855);
#5115=STYLED_ITEM('',(#5361),#6858);
#5116=STYLED_ITEM('',(#5362),#6859);
#5117=STYLED_ITEM('',(#5363),#6860);
#5118=STYLED_ITEM('',(#5364),#6861);
#5119=STYLED_ITEM('',(#5365),#6862);
#5120=STYLED_ITEM('',(#5366),#6863);
#5121=STYLED_ITEM('',(#5367),#6864);
#5122=STYLED_ITEM('',(#5368),#6865);
#5123=STYLED_ITEM('',(#5369),#6867);
#5124=STYLED_ITEM('',(#5370),#6868);
#5125=STYLED_ITEM('',(#5371),#6869);
#5126=STYLED_ITEM('',(#5372),#6871);
#5127=STYLED_ITEM('',(#5373),#6872);
#5128=STYLED_ITEM('',(#5374),#6873);
#5129=STYLED_ITEM('',(#5375),#6874);
#5130=STYLED_ITEM('',(#5376),#6875);
#5131=STYLED_ITEM('',(#5377),#6877);
#5132=STYLED_ITEM('',(#5378),#6878);
#5133=STYLED_ITEM('',(#5379),#6879);
#5134=STYLED_ITEM('',(#5380),#6881);
#5135=STYLED_ITEM('',(#5381),#6882);
#5136=STYLED_ITEM('',(#5382),#6883);
#5137=STYLED_ITEM('',(#5383),#6884);
#5138=STYLED_ITEM('',(#5384),#6885);
#5139=STYLED_ITEM('',(#5385),#6886);
#5140=STYLED_ITEM('',(#5386),#6887);
#5141=STYLED_ITEM('',(#5387),#6888);
#5142=STYLED_ITEM('',(#5388),#6889);
#5143=STYLED_ITEM('',(#5389),#6890);
#5144=STYLED_ITEM('',(#5390),#6891);
#5145=STYLED_ITEM('',(#5391),#6892);
#5146=STYLED_ITEM('',(#5392),#6893);
#5147=STYLED_ITEM('',(#5393),#6894);
#5148=STYLED_ITEM('',(#5394),#6895);
#5149=STYLED_ITEM('',(#5395),#6896);
#5150=STYLED_ITEM('',(#5396),#6897);
#5151=STYLED_ITEM('',(#5397),#6898);
#5152=STYLED_ITEM('',(#5398),#6899);
#5153=STYLED_ITEM('',(#5399),#6900);
#5154=STYLED_ITEM('',(#5400),#6901);
#5155=STYLED_ITEM('',(#5401),#6902);
#5156=STYLED_ITEM('',(#5402),#6903);
#5157=STYLED_ITEM('',(#5403),#6904);
#5158=STYLED_ITEM('',(#5404),#6905);
#5159=STYLED_ITEM('',(#5405),#6906);
#5160=STYLED_ITEM('',(#5406),#6907);
#5161=STYLED_ITEM('',(#5407),#6908);
#5162=STYLED_ITEM('',(#5408),#6909);
#5163=STYLED_ITEM('',(#5409),#6910);
#5164=STYLED_ITEM('',(#5410),#6911);
#5165=STYLED_ITEM('',(#5411),#6912);
#5166=STYLED_ITEM('',(#5412),#6913);
#5167=PRESENTATION_STYLE_ASSIGNMENT((#5413));
#5168=PRESENTATION_STYLE_ASSIGNMENT((#5414));
#5169=PRESENTATION_STYLE_ASSIGNMENT((#5415));
#5170=PRESENTATION_STYLE_ASSIGNMENT((#5416));
#5171=PRESENTATION_STYLE_ASSIGNMENT((#5417));
#5172=PRESENTATION_STYLE_ASSIGNMENT((#5418));
#5173=PRESENTATION_STYLE_ASSIGNMENT((#5419));
#5174=PRESENTATION_STYLE_ASSIGNMENT((#5420));
#5175=PRESENTATION_STYLE_ASSIGNMENT((#5421));
#5176=PRESENTATION_STYLE_ASSIGNMENT((#5422));
#5177=PRESENTATION_STYLE_ASSIGNMENT((#5423));
#5178=PRESENTATION_STYLE_ASSIGNMENT((#5424));
#5179=PRESENTATION_STYLE_ASSIGNMENT((#5425));
#5180=PRESENTATION_STYLE_ASSIGNMENT((#5426));
#5181=PRESENTATION_STYLE_ASSIGNMENT((#5427));
#5182=PRESENTATION_STYLE_ASSIGNMENT((#5428));
#5183=PRESENTATION_STYLE_ASSIGNMENT((#5429));
#5184=PRESENTATION_STYLE_ASSIGNMENT((#5430));
#5185=PRESENTATION_STYLE_ASSIGNMENT((#5431));
#5186=PRESENTATION_STYLE_ASSIGNMENT((#5432));
#5187=PRESENTATION_STYLE_ASSIGNMENT((#5433));
#5188=PRESENTATION_STYLE_ASSIGNMENT((#5434));
#5189=PRESENTATION_STYLE_ASSIGNMENT((#5435));
#5190=PRESENTATION_STYLE_ASSIGNMENT((#5436));
#5191=PRESENTATION_STYLE_ASSIGNMENT((#5437));
#5192=PRESENTATION_STYLE_ASSIGNMENT((#5438));
#5193=PRESENTATION_STYLE_ASSIGNMENT((#5439));
#5194=PRESENTATION_STYLE_ASSIGNMENT((#5440));
#5195=PRESENTATION_STYLE_ASSIGNMENT((#5441));
#5196=PRESENTATION_STYLE_ASSIGNMENT((#5442));
#5197=PRESENTATION_STYLE_ASSIGNMENT((#5443));
#5198=PRESENTATION_STYLE_ASSIGNMENT((#5444));
#5199=PRESENTATION_STYLE_ASSIGNMENT((#5445));
#5200=PRESENTATION_STYLE_ASSIGNMENT((#5446));
#5201=PRESENTATION_STYLE_ASSIGNMENT((#5447));
#5202=PRESENTATION_STYLE_ASSIGNMENT((#5448));
#5203=PRESENTATION_STYLE_ASSIGNMENT((#5449));
#5204=PRESENTATION_STYLE_ASSIGNMENT((#5450));
#5205=PRESENTATION_STYLE_ASSIGNMENT((#5451));
#5206=PRESENTATION_STYLE_ASSIGNMENT((#5452));
#5207=PRESENTATION_STYLE_ASSIGNMENT((#5453));
#5208=PRESENTATION_STYLE_ASSIGNMENT((#5454));
#5209=PRESENTATION_STYLE_ASSIGNMENT((#5455));
#5210=PRESENTATION_STYLE_ASSIGNMENT((#5456));
#5211=PRESENTATION_STYLE_ASSIGNMENT((#5457));
#5212=PRESENTATION_STYLE_ASSIGNMENT((#5458));
#5213=PRESENTATION_STYLE_ASSIGNMENT((#5459));
#5214=PRESENTATION_STYLE_ASSIGNMENT((#5460));
#5215=PRESENTATION_STYLE_ASSIGNMENT((#5461));
#5216=PRESENTATION_STYLE_ASSIGNMENT((#5462));
#5217=PRESENTATION_STYLE_ASSIGNMENT((#5463));
#5218=PRESENTATION_STYLE_ASSIGNMENT((#5464));
#5219=PRESENTATION_STYLE_ASSIGNMENT((#5465));
#5220=PRESENTATION_STYLE_ASSIGNMENT((#5466));
#5221=PRESENTATION_STYLE_ASSIGNMENT((#5467));
#5222=PRESENTATION_STYLE_ASSIGNMENT((#5468));
#5223=PRESENTATION_STYLE_ASSIGNMENT((#5469));
#5224=PRESENTATION_STYLE_ASSIGNMENT((#5470));
#5225=PRESENTATION_STYLE_ASSIGNMENT((#5471));
#5226=PRESENTATION_STYLE_ASSIGNMENT((#5472));
#5227=PRESENTATION_STYLE_ASSIGNMENT((#5473));
#5228=PRESENTATION_STYLE_ASSIGNMENT((#5474));
#5229=PRESENTATION_STYLE_ASSIGNMENT((#5475));
#5230=PRESENTATION_STYLE_ASSIGNMENT((#5476));
#5231=PRESENTATION_STYLE_ASSIGNMENT((#5477));
#5232=PRESENTATION_STYLE_ASSIGNMENT((#5478));
#5233=PRESENTATION_STYLE_ASSIGNMENT((#5479));
#5234=PRESENTATION_STYLE_ASSIGNMENT((#5480));
#5235=PRESENTATION_STYLE_ASSIGNMENT((#5481));
#5236=PRESENTATION_STYLE_ASSIGNMENT((#5482));
#5237=PRESENTATION_STYLE_ASSIGNMENT((#5483));
#5238=PRESENTATION_STYLE_ASSIGNMENT((#5484));
#5239=PRESENTATION_STYLE_ASSIGNMENT((#5485));
#5240=PRESENTATION_STYLE_ASSIGNMENT((#5486));
#5241=PRESENTATION_STYLE_ASSIGNMENT((#5487));
#5242=PRESENTATION_STYLE_ASSIGNMENT((#5488));
#5243=PRESENTATION_STYLE_ASSIGNMENT((#5489));
#5244=PRESENTATION_STYLE_ASSIGNMENT((#5490));
#5245=PRESENTATION_STYLE_ASSIGNMENT((#5491));
#5246=PRESENTATION_STYLE_ASSIGNMENT((#5492));
#5247=PRESENTATION_STYLE_ASSIGNMENT((#5493));
#5248=PRESENTATION_STYLE_ASSIGNMENT((#5494));
#5249=PRESENTATION_STYLE_ASSIGNMENT((#5495));
#5250=PRESENTATION_STYLE_ASSIGNMENT((#5496));
#5251=PRESENTATION_STYLE_ASSIGNMENT((#5497));
#5252=PRESENTATION_STYLE_ASSIGNMENT((#5498));
#5253=PRESENTATION_STYLE_ASSIGNMENT((#5499));
#5254=PRESENTATION_STYLE_ASSIGNMENT((#5500));
#5255=PRESENTATION_STYLE_ASSIGNMENT((#5501));
#5256=PRESENTATION_STYLE_ASSIGNMENT((#5502));
#5257=PRESENTATION_STYLE_ASSIGNMENT((#5503));
#5258=PRESENTATION_STYLE_ASSIGNMENT((#5504));
#5259=PRESENTATION_STYLE_ASSIGNMENT((#5505));
#5260=PRESENTATION_STYLE_ASSIGNMENT((#5506));
#5261=PRESENTATION_STYLE_ASSIGNMENT((#5507));
#5262=PRESENTATION_STYLE_ASSIGNMENT((#5508));
#5263=PRESENTATION_STYLE_ASSIGNMENT((#5509));
#5264=PRESENTATION_STYLE_ASSIGNMENT((#5510));
#5265=PRESENTATION_STYLE_ASSIGNMENT((#5511));
#5266=PRESENTATION_STYLE_ASSIGNMENT((#5512));
#5267=PRESENTATION_STYLE_ASSIGNMENT((#5513));
#5268=PRESENTATION_STYLE_ASSIGNMENT((#5514));
#5269=PRESENTATION_STYLE_ASSIGNMENT((#5515));
#5270=PRESENTATION_STYLE_ASSIGNMENT((#5516));
#5271=PRESENTATION_STYLE_ASSIGNMENT((#5517));
#5272=PRESENTATION_STYLE_ASSIGNMENT((#5518));
#5273=PRESENTATION_STYLE_ASSIGNMENT((#5519));
#5274=PRESENTATION_STYLE_ASSIGNMENT((#5520));
#5275=PRESENTATION_STYLE_ASSIGNMENT((#5521));
#5276=PRESENTATION_STYLE_ASSIGNMENT((#5522));
#5277=PRESENTATION_STYLE_ASSIGNMENT((#5523));
#5278=PRESENTATION_STYLE_ASSIGNMENT((#5524));
#5279=PRESENTATION_STYLE_ASSIGNMENT((#5525));
#5280=PRESENTATION_STYLE_ASSIGNMENT((#5526));
#5281=PRESENTATION_STYLE_ASSIGNMENT((#5527));
#5282=PRESENTATION_STYLE_ASSIGNMENT((#5528));
#5283=PRESENTATION_STYLE_ASSIGNMENT((#5529));
#5284=PRESENTATION_STYLE_ASSIGNMENT((#5530));
#5285=PRESENTATION_STYLE_ASSIGNMENT((#5531));
#5286=PRESENTATION_STYLE_ASSIGNMENT((#5532));
#5287=PRESENTATION_STYLE_ASSIGNMENT((#5533));
#5288=PRESENTATION_STYLE_ASSIGNMENT((#5534));
#5289=PRESENTATION_STYLE_ASSIGNMENT((#5535));
#5290=PRESENTATION_STYLE_ASSIGNMENT((#5536));
#5291=PRESENTATION_STYLE_ASSIGNMENT((#5537));
#5292=PRESENTATION_STYLE_ASSIGNMENT((#5538));
#5293=PRESENTATION_STYLE_ASSIGNMENT((#5539));
#5294=PRESENTATION_STYLE_ASSIGNMENT((#5540));
#5295=PRESENTATION_STYLE_ASSIGNMENT((#5541));
#5296=PRESENTATION_STYLE_ASSIGNMENT((#5542));
#5297=PRESENTATION_STYLE_ASSIGNMENT((#5543));
#5298=PRESENTATION_STYLE_ASSIGNMENT((#5544));
#5299=PRESENTATION_STYLE_ASSIGNMENT((#5545));
#5300=PRESENTATION_STYLE_ASSIGNMENT((#5546));
#5301=PRESENTATION_STYLE_ASSIGNMENT((#5547));
#5302=PRESENTATION_STYLE_ASSIGNMENT((#5548));
#5303=PRESENTATION_STYLE_ASSIGNMENT((#5549));
#5304=PRESENTATION_STYLE_ASSIGNMENT((#5550));
#5305=PRESENTATION_STYLE_ASSIGNMENT((#5551));
#5306=PRESENTATION_STYLE_ASSIGNMENT((#5552));
#5307=PRESENTATION_STYLE_ASSIGNMENT((#5553));
#5308=PRESENTATION_STYLE_ASSIGNMENT((#5554));
#5309=PRESENTATION_STYLE_ASSIGNMENT((#5555));
#5310=PRESENTATION_STYLE_ASSIGNMENT((#5556));
#5311=PRESENTATION_STYLE_ASSIGNMENT((#5557));
#5312=PRESENTATION_STYLE_ASSIGNMENT((#5558));
#5313=PRESENTATION_STYLE_ASSIGNMENT((#5559));
#5314=PRESENTATION_STYLE_ASSIGNMENT((#5560));
#5315=PRESENTATION_STYLE_ASSIGNMENT((#5561));
#5316=PRESENTATION_STYLE_ASSIGNMENT((#5562));
#5317=PRESENTATION_STYLE_ASSIGNMENT((#5563));
#5318=PRESENTATION_STYLE_ASSIGNMENT((#5564));
#5319=PRESENTATION_STYLE_ASSIGNMENT((#5565));
#5320=PRESENTATION_STYLE_ASSIGNMENT((#5566));
#5321=PRESENTATION_STYLE_ASSIGNMENT((#5567));
#5322=PRESENTATION_STYLE_ASSIGNMENT((#5568));
#5323=PRESENTATION_STYLE_ASSIGNMENT((#5569));
#5324=PRESENTATION_STYLE_ASSIGNMENT((#5570));
#5325=PRESENTATION_STYLE_ASSIGNMENT((#5571));
#5326=PRESENTATION_STYLE_ASSIGNMENT((#5572));
#5327=PRESENTATION_STYLE_ASSIGNMENT((#5573));
#5328=PRESENTATION_STYLE_ASSIGNMENT((#5574));
#5329=PRESENTATION_STYLE_ASSIGNMENT((#5575));
#5330=PRESENTATION_STYLE_ASSIGNMENT((#5576));
#5331=PRESENTATION_STYLE_ASSIGNMENT((#5577));
#5332=PRESENTATION_STYLE_ASSIGNMENT((#5578));
#5333=PRESENTATION_STYLE_ASSIGNMENT((#5579));
#5334=PRESENTATION_STYLE_ASSIGNMENT((#5580));
#5335=PRESENTATION_STYLE_ASSIGNMENT((#5581));
#5336=PRESENTATION_STYLE_ASSIGNMENT((#5582));
#5337=PRESENTATION_STYLE_ASSIGNMENT((#5583));
#5338=PRESENTATION_STYLE_ASSIGNMENT((#5584));
#5339=PRESENTATION_STYLE_ASSIGNMENT((#5585));
#5340=PRESENTATION_STYLE_ASSIGNMENT((#5586));
#5341=PRESENTATION_STYLE_ASSIGNMENT((#5587));
#5342=PRESENTATION_STYLE_ASSIGNMENT((#5588));
#5343=PRESENTATION_STYLE_ASSIGNMENT((#5589));
#5344=PRESENTATION_STYLE_ASSIGNMENT((#5590));
#5345=PRESENTATION_STYLE_ASSIGNMENT((#5591));
#5346=PRESENTATION_STYLE_ASSIGNMENT((#5592));
#5347=PRESENTATION_STYLE_ASSIGNMENT((#5593));
#5348=PRESENTATION_STYLE_ASSIGNMENT((#5594));
#5349=PRESENTATION_STYLE_ASSIGNMENT((#5595));
#5350=PRESENTATION_STYLE_ASSIGNMENT((#5596));
#5351=PRESENTATION_STYLE_ASSIGNMENT((#5597));
#5352=PRESENTATION_STYLE_ASSIGNMENT((#5598));
#5353=PRESENTATION_STYLE_ASSIGNMENT((#5599));
#5354=PRESENTATION_STYLE_ASSIGNMENT((#5600));
#5355=PRESENTATION_STYLE_ASSIGNMENT((#5601));
#5356=PRESENTATION_STYLE_ASSIGNMENT((#5602));
#5357=PRESENTATION_STYLE_ASSIGNMENT((#5603));
#5358=PRESENTATION_STYLE_ASSIGNMENT((#5604));
#5359=PRESENTATION_STYLE_ASSIGNMENT((#5605));
#5360=PRESENTATION_STYLE_ASSIGNMENT((#5606));
#5361=PRESENTATION_STYLE_ASSIGNMENT((#5607));
#5362=PRESENTATION_STYLE_ASSIGNMENT((#5608));
#5363=PRESENTATION_STYLE_ASSIGNMENT((#5609));
#5364=PRESENTATION_STYLE_ASSIGNMENT((#5610));
#5365=PRESENTATION_STYLE_ASSIGNMENT((#5611));
#5366=PRESENTATION_STYLE_ASSIGNMENT((#5612));
#5367=PRESENTATION_STYLE_ASSIGNMENT((#5613));
#5368=PRESENTATION_STYLE_ASSIGNMENT((#5614));
#5369=PRESENTATION_STYLE_ASSIGNMENT((#5615));
#5370=PRESENTATION_STYLE_ASSIGNMENT((#5616));
#5371=PRESENTATION_STYLE_ASSIGNMENT((#5617));
#5372=PRESENTATION_STYLE_ASSIGNMENT((#5618));
#5373=PRESENTATION_STYLE_ASSIGNMENT((#5619));
#5374=PRESENTATION_STYLE_ASSIGNMENT((#5620));
#5375=PRESENTATION_STYLE_ASSIGNMENT((#5621));
#5376=PRESENTATION_STYLE_ASSIGNMENT((#5622));
#5377=PRESENTATION_STYLE_ASSIGNMENT((#5623));
#5378=PRESENTATION_STYLE_ASSIGNMENT((#5624));
#5379=PRESENTATION_STYLE_ASSIGNMENT((#5625));
#5380=PRESENTATION_STYLE_ASSIGNMENT((#5626));
#5381=PRESENTATION_STYLE_ASSIGNMENT((#5627));
#5382=PRESENTATION_STYLE_ASSIGNMENT((#5628));
#5383=PRESENTATION_STYLE_ASSIGNMENT((#5629));
#5384=PRESENTATION_STYLE_ASSIGNMENT((#5630));
#5385=PRESENTATION_STYLE_ASSIGNMENT((#5631));
#5386=PRESENTATION_STYLE_ASSIGNMENT((#5632));
#5387=PRESENTATION_STYLE_ASSIGNMENT((#5633));
#5388=PRESENTATION_STYLE_ASSIGNMENT((#5634));
#5389=PRESENTATION_STYLE_ASSIGNMENT((#5635));
#5390=PRESENTATION_STYLE_ASSIGNMENT((#5636));
#5391=PRESENTATION_STYLE_ASSIGNMENT((#5637));
#5392=PRESENTATION_STYLE_ASSIGNMENT((#5638));
#5393=PRESENTATION_STYLE_ASSIGNMENT((#5639));
#5394=PRESENTATION_STYLE_ASSIGNMENT((#5640));
#5395=PRESENTATION_STYLE_ASSIGNMENT((#5641));
#5396=PRESENTATION_STYLE_ASSIGNMENT((#5642));
#5397=PRESENTATION_STYLE_ASSIGNMENT((#5643));
#5398=PRESENTATION_STYLE_ASSIGNMENT((#5644));
#5399=PRESENTATION_STYLE_ASSIGNMENT((#5645));
#5400=PRESENTATION_STYLE_ASSIGNMENT((#5646));
#5401=PRESENTATION_STYLE_ASSIGNMENT((#5647));
#5402=PRESENTATION_STYLE_ASSIGNMENT((#5648));
#5403=PRESENTATION_STYLE_ASSIGNMENT((#5649));
#5404=PRESENTATION_STYLE_ASSIGNMENT((#5650));
#5405=PRESENTATION_STYLE_ASSIGNMENT((#5651));
#5406=PRESENTATION_STYLE_ASSIGNMENT((#5652));
#5407=PRESENTATION_STYLE_ASSIGNMENT((#5653));
#5408=PRESENTATION_STYLE_ASSIGNMENT((#5654));
#5409=PRESENTATION_STYLE_ASSIGNMENT((#5655));
#5410=PRESENTATION_STYLE_ASSIGNMENT((#5656));
#5411=PRESENTATION_STYLE_ASSIGNMENT((#5657));
#5412=PRESENTATION_STYLE_ASSIGNMENT((#5658));
#5413=SURFACE_STYLE_USAGE(.BOTH.,#5659);
#5414=SURFACE_STYLE_USAGE(.BOTH.,#5660);
#5415=SURFACE_STYLE_USAGE(.BOTH.,#5661);
#5416=SURFACE_STYLE_USAGE(.BOTH.,#5662);
#5417=SURFACE_STYLE_USAGE(.BOTH.,#5663);
#5418=SURFACE_STYLE_USAGE(.BOTH.,#5664);
#5419=SURFACE_STYLE_USAGE(.BOTH.,#5665);
#5420=SURFACE_STYLE_USAGE(.BOTH.,#5666);
#5421=SURFACE_STYLE_USAGE(.BOTH.,#5667);
#5422=SURFACE_STYLE_USAGE(.BOTH.,#5668);
#5423=SURFACE_STYLE_USAGE(.BOTH.,#5669);
#5424=SURFACE_STYLE_USAGE(.BOTH.,#5670);
#5425=SURFACE_STYLE_USAGE(.BOTH.,#5671);
#5426=SURFACE_STYLE_USAGE(.BOTH.,#5672);
#5427=SURFACE_STYLE_USAGE(.BOTH.,#5673);
#5428=SURFACE_STYLE_USAGE(.BOTH.,#5674);
#5429=SURFACE_STYLE_USAGE(.BOTH.,#5675);
#5430=SURFACE_STYLE_USAGE(.BOTH.,#5676);
#5431=SURFACE_STYLE_USAGE(.BOTH.,#5677);
#5432=SURFACE_STYLE_USAGE(.BOTH.,#5678);
#5433=SURFACE_STYLE_USAGE(.BOTH.,#5679);
#5434=SURFACE_STYLE_USAGE(.BOTH.,#5680);
#5435=SURFACE_STYLE_USAGE(.BOTH.,#5681);
#5436=SURFACE_STYLE_USAGE(.BOTH.,#5682);
#5437=SURFACE_STYLE_USAGE(.BOTH.,#5683);
#5438=SURFACE_STYLE_USAGE(.BOTH.,#5684);
#5439=SURFACE_STYLE_USAGE(.BOTH.,#5685);
#5440=SURFACE_STYLE_USAGE(.BOTH.,#5686);
#5441=SURFACE_STYLE_USAGE(.BOTH.,#5687);
#5442=SURFACE_STYLE_USAGE(.BOTH.,#5688);
#5443=SURFACE_STYLE_USAGE(.BOTH.,#5689);
#5444=SURFACE_STYLE_USAGE(.BOTH.,#5690);
#5445=SURFACE_STYLE_USAGE(.BOTH.,#5691);
#5446=SURFACE_STYLE_USAGE(.BOTH.,#5692);
#5447=SURFACE_STYLE_USAGE(.BOTH.,#5693);
#5448=SURFACE_STYLE_USAGE(.BOTH.,#5694);
#5449=SURFACE_STYLE_USAGE(.BOTH.,#5695);
#5450=SURFACE_STYLE_USAGE(.BOTH.,#5696);
#5451=SURFACE_STYLE_USAGE(.BOTH.,#5697);
#5452=SURFACE_STYLE_USAGE(.BOTH.,#5698);
#5453=SURFACE_STYLE_USAGE(.BOTH.,#5699);
#5454=SURFACE_STYLE_USAGE(.BOTH.,#5700);
#5455=SURFACE_STYLE_USAGE(.BOTH.,#5701);
#5456=SURFACE_STYLE_USAGE(.BOTH.,#5702);
#5457=SURFACE_STYLE_USAGE(.BOTH.,#5703);
#5458=SURFACE_STYLE_USAGE(.BOTH.,#5704);
#5459=SURFACE_STYLE_USAGE(.BOTH.,#5705);
#5460=SURFACE_STYLE_USAGE(.BOTH.,#5706);
#5461=SURFACE_STYLE_USAGE(.BOTH.,#5707);
#5462=SURFACE_STYLE_USAGE(.BOTH.,#5708);
#5463=SURFACE_STYLE_USAGE(.BOTH.,#5709);
#5464=SURFACE_STYLE_USAGE(.BOTH.,#5710);
#5465=SURFACE_STYLE_USAGE(.BOTH.,#5711);
#5466=SURFACE_STYLE_USAGE(.BOTH.,#5712);
#5467=SURFACE_STYLE_USAGE(.BOTH.,#5713);
#5468=SURFACE_STYLE_USAGE(.BOTH.,#5714);
#5469=SURFACE_STYLE_USAGE(.BOTH.,#5715);
#5470=SURFACE_STYLE_USAGE(.BOTH.,#5716);
#5471=SURFACE_STYLE_USAGE(.BOTH.,#5717);
#5472=SURFACE_STYLE_USAGE(.BOTH.,#5718);
#5473=SURFACE_STYLE_USAGE(.BOTH.,#5719);
#5474=SURFACE_STYLE_USAGE(.BOTH.,#5720);
#5475=SURFACE_STYLE_USAGE(.BOTH.,#5721);
#5476=SURFACE_STYLE_USAGE(.BOTH.,#5722);
#5477=SURFACE_STYLE_USAGE(.BOTH.,#5723);
#5478=SURFACE_STYLE_USAGE(.BOTH.,#5724);
#5479=SURFACE_STYLE_USAGE(.BOTH.,#5725);
#5480=SURFACE_STYLE_USAGE(.BOTH.,#5726);
#5481=SURFACE_STYLE_USAGE(.BOTH.,#5727);
#5482=SURFACE_STYLE_USAGE(.BOTH.,#5728);
#5483=SURFACE_STYLE_USAGE(.BOTH.,#5729);
#5484=SURFACE_STYLE_USAGE(.BOTH.,#5730);
#5485=SURFACE_STYLE_USAGE(.BOTH.,#5731);
#5486=SURFACE_STYLE_USAGE(.BOTH.,#5732);
#5487=SURFACE_STYLE_USAGE(.BOTH.,#5733);
#5488=SURFACE_STYLE_USAGE(.BOTH.,#5734);
#5489=SURFACE_STYLE_USAGE(.BOTH.,#5735);
#5490=SURFACE_STYLE_USAGE(.BOTH.,#5736);
#5491=SURFACE_STYLE_USAGE(.BOTH.,#5737);
#5492=SURFACE_STYLE_USAGE(.BOTH.,#5738);
#5493=SURFACE_STYLE_USAGE(.BOTH.,#5739);
#5494=SURFACE_STYLE_USAGE(.BOTH.,#5740);
#5495=SURFACE_STYLE_USAGE(.BOTH.,#5741);
#5496=SURFACE_STYLE_USAGE(.BOTH.,#5742);
#5497=SURFACE_STYLE_USAGE(.BOTH.,#5743);
#5498=SURFACE_STYLE_USAGE(.BOTH.,#5744);
#5499=SURFACE_STYLE_USAGE(.BOTH.,#5745);
#5500=SURFACE_STYLE_USAGE(.BOTH.,#5746);
#5501=SURFACE_STYLE_USAGE(.BOTH.,#5747);
#5502=SURFACE_STYLE_USAGE(.BOTH.,#5748);
#5503=SURFACE_STYLE_USAGE(.BOTH.,#5749);
#5504=SURFACE_STYLE_USAGE(.BOTH.,#5750);
#5505=SURFACE_STYLE_USAGE(.BOTH.,#5751);
#5506=SURFACE_STYLE_USAGE(.BOTH.,#5752);
#5507=SURFACE_STYLE_USAGE(.BOTH.,#5753);
#5508=SURFACE_STYLE_USAGE(.BOTH.,#5754);
#5509=SURFACE_STYLE_USAGE(.BOTH.,#5755);
#5510=SURFACE_STYLE_USAGE(.BOTH.,#5756);
#5511=SURFACE_STYLE_USAGE(.BOTH.,#5757);
#5512=SURFACE_STYLE_USAGE(.BOTH.,#5758);
#5513=SURFACE_STYLE_USAGE(.BOTH.,#5759);
#5514=SURFACE_STYLE_USAGE(.BOTH.,#5760);
#5515=SURFACE_STYLE_USAGE(.BOTH.,#5761);
#5516=SURFACE_STYLE_USAGE(.BOTH.,#5762);
#5517=SURFACE_STYLE_USAGE(.BOTH.,#5763);
#5518=SURFACE_STYLE_USAGE(.BOTH.,#5764);
#5519=SURFACE_STYLE_USAGE(.BOTH.,#5765);
#5520=SURFACE_STYLE_USAGE(.BOTH.,#5766);
#5521=SURFACE_STYLE_USAGE(.BOTH.,#5767);
#5522=SURFACE_STYLE_USAGE(.BOTH.,#5768);
#5523=SURFACE_STYLE_USAGE(.BOTH.,#5769);
#5524=SURFACE_STYLE_USAGE(.BOTH.,#5770);
#5525=SURFACE_STYLE_USAGE(.BOTH.,#5771);
#5526=SURFACE_STYLE_USAGE(.BOTH.,#5772);
#5527=SURFACE_STYLE_USAGE(.BOTH.,#5773);
#5528=SURFACE_STYLE_USAGE(.BOTH.,#5774);
#5529=SURFACE_STYLE_USAGE(.BOTH.,#5775);
#5530=SURFACE_STYLE_USAGE(.BOTH.,#5776);
#5531=SURFACE_STYLE_USAGE(.BOTH.,#5777);
#5532=SURFACE_STYLE_USAGE(.BOTH.,#5778);
#5533=SURFACE_STYLE_USAGE(.BOTH.,#5779);
#5534=SURFACE_STYLE_USAGE(.BOTH.,#5780);
#5535=SURFACE_STYLE_USAGE(.BOTH.,#5781);
#5536=SURFACE_STYLE_USAGE(.BOTH.,#5782);
#5537=SURFACE_STYLE_USAGE(.BOTH.,#5783);
#5538=SURFACE_STYLE_USAGE(.BOTH.,#5784);
#5539=SURFACE_STYLE_USAGE(.BOTH.,#5785);
#5540=SURFACE_STYLE_USAGE(.BOTH.,#5786);
#5541=SURFACE_STYLE_USAGE(.BOTH.,#5787);
#5542=SURFACE_STYLE_USAGE(.BOTH.,#5788);
#5543=SURFACE_STYLE_USAGE(.BOTH.,#5789);
#5544=SURFACE_STYLE_USAGE(.BOTH.,#5790);
#5545=SURFACE_STYLE_USAGE(.BOTH.,#5791);
#5546=SURFACE_STYLE_USAGE(.BOTH.,#5792);
#5547=SURFACE_STYLE_USAGE(.BOTH.,#5793);
#5548=SURFACE_STYLE_USAGE(.BOTH.,#5794);
#5549=SURFACE_STYLE_USAGE(.BOTH.,#5795);
#5550=SURFACE_STYLE_USAGE(.BOTH.,#5796);
#5551=SURFACE_STYLE_USAGE(.BOTH.,#5797);
#5552=SURFACE_STYLE_USAGE(.BOTH.,#5798);
#5553=SURFACE_STYLE_USAGE(.BOTH.,#5799);
#5554=SURFACE_STYLE_USAGE(.BOTH.,#5800);
#5555=SURFACE_STYLE_USAGE(.BOTH.,#5801);
#5556=SURFACE_STYLE_USAGE(.BOTH.,#5802);
#5557=SURFACE_STYLE_USAGE(.BOTH.,#5803);
#5558=SURFACE_STYLE_USAGE(.BOTH.,#5804);
#5559=SURFACE_STYLE_USAGE(.BOTH.,#5805);
#5560=SURFACE_STYLE_USAGE(.BOTH.,#5806);
#5561=SURFACE_STYLE_USAGE(.BOTH.,#5807);
#5562=SURFACE_STYLE_USAGE(.BOTH.,#5808);
#5563=SURFACE_STYLE_USAGE(.BOTH.,#5809);
#5564=SURFACE_STYLE_USAGE(.BOTH.,#5810);
#5565=SURFACE_STYLE_USAGE(.BOTH.,#5811);
#5566=SURFACE_STYLE_USAGE(.BOTH.,#5812);
#5567=SURFACE_STYLE_USAGE(.BOTH.,#5813);
#5568=SURFACE_STYLE_USAGE(.BOTH.,#5814);
#5569=SURFACE_STYLE_USAGE(.BOTH.,#5815);
#5570=SURFACE_STYLE_USAGE(.BOTH.,#5816);
#5571=SURFACE_STYLE_USAGE(.BOTH.,#5817);
#5572=SURFACE_STYLE_USAGE(.BOTH.,#5818);
#5573=SURFACE_STYLE_USAGE(.BOTH.,#5819);
#5574=SURFACE_STYLE_USAGE(.BOTH.,#5820);
#5575=SURFACE_STYLE_USAGE(.BOTH.,#5821);
#5576=SURFACE_STYLE_USAGE(.BOTH.,#5822);
#5577=SURFACE_STYLE_USAGE(.BOTH.,#5823);
#5578=SURFACE_STYLE_USAGE(.BOTH.,#5824);
#5579=SURFACE_STYLE_USAGE(.BOTH.,#5825);
#5580=SURFACE_STYLE_USAGE(.BOTH.,#5826);
#5581=SURFACE_STYLE_USAGE(.BOTH.,#5827);
#5582=SURFACE_STYLE_USAGE(.BOTH.,#5828);
#5583=SURFACE_STYLE_USAGE(.BOTH.,#5829);
#5584=SURFACE_STYLE_USAGE(.BOTH.,#5830);
#5585=SURFACE_STYLE_USAGE(.BOTH.,#5831);
#5586=SURFACE_STYLE_USAGE(.BOTH.,#5832);
#5587=SURFACE_STYLE_USAGE(.BOTH.,#5833);
#5588=SURFACE_STYLE_USAGE(.BOTH.,#5834);
#5589=SURFACE_STYLE_USAGE(.BOTH.,#5835);
#5590=SURFACE_STYLE_USAGE(.BOTH.,#5836);
#5591=SURFACE_STYLE_USAGE(.BOTH.,#5837);
#5592=SURFACE_STYLE_USAGE(.BOTH.,#5838);
#5593=SURFACE_STYLE_USAGE(.BOTH.,#5839);
#5594=SURFACE_STYLE_USAGE(.BOTH.,#5840);
#5595=SURFACE_STYLE_USAGE(.BOTH.,#5841);
#5596=SURFACE_STYLE_USAGE(.BOTH.,#5842);
#5597=SURFACE_STYLE_USAGE(.BOTH.,#5843);
#5598=SURFACE_STYLE_USAGE(.BOTH.,#5844);
#5599=SURFACE_STYLE_USAGE(.BOTH.,#5845);
#5600=SURFACE_STYLE_USAGE(.BOTH.,#5846);
#5601=SURFACE_STYLE_USAGE(.BOTH.,#5847);
#5602=SURFACE_STYLE_USAGE(.BOTH.,#5848);
#5603=SURFACE_STYLE_USAGE(.BOTH.,#5849);
#5604=SURFACE_STYLE_USAGE(.BOTH.,#5850);
#5605=SURFACE_STYLE_USAGE(.BOTH.,#5851);
#5606=SURFACE_STYLE_USAGE(.BOTH.,#5852);
#5607=SURFACE_STYLE_USAGE(.BOTH.,#5853);
#5608=SURFACE_STYLE_USAGE(.BOTH.,#5854);
#5609=SURFACE_STYLE_USAGE(.BOTH.,#5855);
#5610=SURFACE_STYLE_USAGE(.BOTH.,#5856);
#5611=SURFACE_STYLE_USAGE(.BOTH.,#5857);
#5612=SURFACE_STYLE_USAGE(.BOTH.,#5858);
#5613=SURFACE_STYLE_USAGE(.BOTH.,#5859);
#5614=SURFACE_STYLE_USAGE(.BOTH.,#5860);
#5615=SURFACE_STYLE_USAGE(.BOTH.,#5861);
#5616=SURFACE_STYLE_USAGE(.BOTH.,#5862);
#5617=SURFACE_STYLE_USAGE(.BOTH.,#5863);
#5618=SURFACE_STYLE_USAGE(.BOTH.,#5864);
#5619=SURFACE_STYLE_USAGE(.BOTH.,#5865);
#5620=SURFACE_STYLE_USAGE(.BOTH.,#5866);
#5621=SURFACE_STYLE_USAGE(.BOTH.,#5867);
#5622=SURFACE_STYLE_USAGE(.BOTH.,#5868);
#5623=SURFACE_STYLE_USAGE(.BOTH.,#5869);
#5624=SURFACE_STYLE_USAGE(.BOTH.,#5870);
#5625=SURFACE_STYLE_USAGE(.BOTH.,#5871);
#5626=SURFACE_STYLE_USAGE(.BOTH.,#5872);
#5627=SURFACE_STYLE_USAGE(.BOTH.,#5873);
#5628=SURFACE_STYLE_USAGE(.BOTH.,#5874);
#5629=SURFACE_STYLE_USAGE(.BOTH.,#5875);
#5630=SURFACE_STYLE_USAGE(.BOTH.,#5876);
#5631=SURFACE_STYLE_USAGE(.BOTH.,#5877);
#5632=SURFACE_STYLE_USAGE(.BOTH.,#5878);
#5633=SURFACE_STYLE_USAGE(.BOTH.,#5879);
#5634=SURFACE_STYLE_USAGE(.BOTH.,#5880);
#5635=SURFACE_STYLE_USAGE(.BOTH.,#5881);
#5636=SURFACE_STYLE_USAGE(.BOTH.,#5882);
#5637=SURFACE_STYLE_USAGE(.BOTH.,#5883);
#5638=SURFACE_STYLE_USAGE(.BOTH.,#5884);
#5639=SURFACE_STYLE_USAGE(.BOTH.,#5885);
#5640=SURFACE_STYLE_USAGE(.BOTH.,#5886);
#5641=SURFACE_STYLE_USAGE(.BOTH.,#5887);
#5642=SURFACE_STYLE_USAGE(.BOTH.,#5888);
#5643=SURFACE_STYLE_USAGE(.BOTH.,#5889);
#5644=SURFACE_STYLE_USAGE(.BOTH.,#5890);
#5645=SURFACE_STYLE_USAGE(.BOTH.,#5891);
#5646=SURFACE_STYLE_USAGE(.BOTH.,#5892);
#5647=SURFACE_STYLE_USAGE(.BOTH.,#5893);
#5648=SURFACE_STYLE_USAGE(.BOTH.,#5894);
#5649=SURFACE_STYLE_USAGE(.BOTH.,#5895);
#5650=SURFACE_STYLE_USAGE(.BOTH.,#5896);
#5651=SURFACE_STYLE_USAGE(.BOTH.,#5897);
#5652=SURFACE_STYLE_USAGE(.BOTH.,#5898);
#5653=SURFACE_STYLE_USAGE(.BOTH.,#5899);
#5654=SURFACE_STYLE_USAGE(.BOTH.,#5900);
#5655=SURFACE_STYLE_USAGE(.BOTH.,#5901);
#5656=SURFACE_STYLE_USAGE(.BOTH.,#5902);
#5657=SURFACE_STYLE_USAGE(.BOTH.,#5903);
#5658=SURFACE_STYLE_USAGE(.BOTH.,#5904);
#5659=SURFACE_SIDE_STYLE('',(#5905));
#5660=SURFACE_SIDE_STYLE('',(#5906));
#5661=SURFACE_SIDE_STYLE('',(#5907));
#5662=SURFACE_SIDE_STYLE('',(#5908));
#5663=SURFACE_SIDE_STYLE('',(#5909));
#5664=SURFACE_SIDE_STYLE('',(#5910));
#5665=SURFACE_SIDE_STYLE('',(#5911));
#5666=SURFACE_SIDE_STYLE('',(#5912));
#5667=SURFACE_SIDE_STYLE('',(#5913));
#5668=SURFACE_SIDE_STYLE('',(#5914));
#5669=SURFACE_SIDE_STYLE('',(#5915));
#5670=SURFACE_SIDE_STYLE('',(#5916));
#5671=SURFACE_SIDE_STYLE('',(#5917));
#5672=SURFACE_SIDE_STYLE('',(#5918));
#5673=SURFACE_SIDE_STYLE('',(#5919));
#5674=SURFACE_SIDE_STYLE('',(#5920));
#5675=SURFACE_SIDE_STYLE('',(#5921));
#5676=SURFACE_SIDE_STYLE('',(#5922));
#5677=SURFACE_SIDE_STYLE('',(#5923));
#5678=SURFACE_SIDE_STYLE('',(#5924));
#5679=SURFACE_SIDE_STYLE('',(#5925));
#5680=SURFACE_SIDE_STYLE('',(#5926));
#5681=SURFACE_SIDE_STYLE('',(#5927));
#5682=SURFACE_SIDE_STYLE('',(#5928));
#5683=SURFACE_SIDE_STYLE('',(#5929));
#5684=SURFACE_SIDE_STYLE('',(#5930));
#5685=SURFACE_SIDE_STYLE('',(#5931));
#5686=SURFACE_SIDE_STYLE('',(#5932));
#5687=SURFACE_SIDE_STYLE('',(#5933));
#5688=SURFACE_SIDE_STYLE('',(#5934));
#5689=SURFACE_SIDE_STYLE('',(#5935));
#5690=SURFACE_SIDE_STYLE('',(#5936));
#5691=SURFACE_SIDE_STYLE('',(#5937));
#5692=SURFACE_SIDE_STYLE('',(#5938));
#5693=SURFACE_SIDE_STYLE('',(#5939));
#5694=SURFACE_SIDE_STYLE('',(#5940));
#5695=SURFACE_SIDE_STYLE('',(#5941));
#5696=SURFACE_SIDE_STYLE('',(#5942));
#5697=SURFACE_SIDE_STYLE('',(#5943));
#5698=SURFACE_SIDE_STYLE('',(#5944));
#5699=SURFACE_SIDE_STYLE('',(#5945));
#5700=SURFACE_SIDE_STYLE('',(#5946));
#5701=SURFACE_SIDE_STYLE('',(#5947));
#5702=SURFACE_SIDE_STYLE('',(#5948));
#5703=SURFACE_SIDE_STYLE('',(#5949));
#5704=SURFACE_SIDE_STYLE('',(#5950));
#5705=SURFACE_SIDE_STYLE('',(#5951));
#5706=SURFACE_SIDE_STYLE('',(#5952));
#5707=SURFACE_SIDE_STYLE('',(#5953));
#5708=SURFACE_SIDE_STYLE('',(#5954));
#5709=SURFACE_SIDE_STYLE('',(#5955));
#5710=SURFACE_SIDE_STYLE('',(#5956));
#5711=SURFACE_SIDE_STYLE('',(#5957));
#5712=SURFACE_SIDE_STYLE('',(#5958));
#5713=SURFACE_SIDE_STYLE('',(#5959));
#5714=SURFACE_SIDE_STYLE('',(#5960));
#5715=SURFACE_SIDE_STYLE('',(#5961));
#5716=SURFACE_SIDE_STYLE('',(#5962));
#5717=SURFACE_SIDE_STYLE('',(#5963));
#5718=SURFACE_SIDE_STYLE('',(#5964));
#5719=SURFACE_SIDE_STYLE('',(#5965));
#5720=SURFACE_SIDE_STYLE('',(#5966));
#5721=SURFACE_SIDE_STYLE('',(#5967));
#5722=SURFACE_SIDE_STYLE('',(#5968));
#5723=SURFACE_SIDE_STYLE('',(#5969));
#5724=SURFACE_SIDE_STYLE('',(#5970));
#5725=SURFACE_SIDE_STYLE('',(#5971));
#5726=SURFACE_SIDE_STYLE('',(#5972));
#5727=SURFACE_SIDE_STYLE('',(#5973));
#5728=SURFACE_SIDE_STYLE('',(#5974));
#5729=SURFACE_SIDE_STYLE('',(#5975));
#5730=SURFACE_SIDE_STYLE('',(#5976));
#5731=SURFACE_SIDE_STYLE('',(#5977));
#5732=SURFACE_SIDE_STYLE('',(#5978));
#5733=SURFACE_SIDE_STYLE('',(#5979));
#5734=SURFACE_SIDE_STYLE('',(#5980));
#5735=SURFACE_SIDE_STYLE('',(#5981));
#5736=SURFACE_SIDE_STYLE('',(#5982));
#5737=SURFACE_SIDE_STYLE('',(#5983));
#5738=SURFACE_SIDE_STYLE('',(#5984));
#5739=SURFACE_SIDE_STYLE('',(#5985));
#5740=SURFACE_SIDE_STYLE('',(#5986));
#5741=SURFACE_SIDE_STYLE('',(#5987));
#5742=SURFACE_SIDE_STYLE('',(#5988));
#5743=SURFACE_SIDE_STYLE('',(#5989));
#5744=SURFACE_SIDE_STYLE('',(#5990));
#5745=SURFACE_SIDE_STYLE('',(#5991));
#5746=SURFACE_SIDE_STYLE('',(#5992));
#5747=SURFACE_SIDE_STYLE('',(#5993));
#5748=SURFACE_SIDE_STYLE('',(#5994));
#5749=SURFACE_SIDE_STYLE('',(#5995));
#5750=SURFACE_SIDE_STYLE('',(#5996));
#5751=SURFACE_SIDE_STYLE('',(#5997));
#5752=SURFACE_SIDE_STYLE('',(#5998));
#5753=SURFACE_SIDE_STYLE('',(#5999));
#5754=SURFACE_SIDE_STYLE('',(#6000));
#5755=SURFACE_SIDE_STYLE('',(#6001));
#5756=SURFACE_SIDE_STYLE('',(#6002));
#5757=SURFACE_SIDE_STYLE('',(#6003));
#5758=SURFACE_SIDE_STYLE('',(#6004));
#5759=SURFACE_SIDE_STYLE('',(#6005));
#5760=SURFACE_SIDE_STYLE('',(#6006));
#5761=SURFACE_SIDE_STYLE('',(#6007));
#5762=SURFACE_SIDE_STYLE('',(#6008));
#5763=SURFACE_SIDE_STYLE('',(#6009));
#5764=SURFACE_SIDE_STYLE('',(#6010));
#5765=SURFACE_SIDE_STYLE('',(#6011));
#5766=SURFACE_SIDE_STYLE('',(#6012));
#5767=SURFACE_SIDE_STYLE('',(#6013));
#5768=SURFACE_SIDE_STYLE('',(#6014));
#5769=SURFACE_SIDE_STYLE('',(#6015));
#5770=SURFACE_SIDE_STYLE('',(#6016));
#5771=SURFACE_SIDE_STYLE('',(#6017));
#5772=SURFACE_SIDE_STYLE('',(#6018));
#5773=SURFACE_SIDE_STYLE('',(#6019));
#5774=SURFACE_SIDE_STYLE('',(#6020));
#5775=SURFACE_SIDE_STYLE('',(#6021));
#5776=SURFACE_SIDE_STYLE('',(#6022));
#5777=SURFACE_SIDE_STYLE('',(#6023));
#5778=SURFACE_SIDE_STYLE('',(#6024));
#5779=SURFACE_SIDE_STYLE('',(#6025));
#5780=SURFACE_SIDE_STYLE('',(#6026));
#5781=SURFACE_SIDE_STYLE('',(#6027));
#5782=SURFACE_SIDE_STYLE('',(#6028));
#5783=SURFACE_SIDE_STYLE('',(#6029));
#5784=SURFACE_SIDE_STYLE('',(#6030));
#5785=SURFACE_SIDE_STYLE('',(#6031));
#5786=SURFACE_SIDE_STYLE('',(#6032));
#5787=SURFACE_SIDE_STYLE('',(#6033));
#5788=SURFACE_SIDE_STYLE('',(#6034));
#5789=SURFACE_SIDE_STYLE('',(#6035));
#5790=SURFACE_SIDE_STYLE('',(#6036));
#5791=SURFACE_SIDE_STYLE('',(#6037));
#5792=SURFACE_SIDE_STYLE('',(#6038));
#5793=SURFACE_SIDE_STYLE('',(#6039));
#5794=SURFACE_SIDE_STYLE('',(#6040));
#5795=SURFACE_SIDE_STYLE('',(#6041));
#5796=SURFACE_SIDE_STYLE('',(#6042));
#5797=SURFACE_SIDE_STYLE('',(#6043));
#5798=SURFACE_SIDE_STYLE('',(#6044));
#5799=SURFACE_SIDE_STYLE('',(#6045));
#5800=SURFACE_SIDE_STYLE('',(#6046));
#5801=SURFACE_SIDE_STYLE('',(#6047));
#5802=SURFACE_SIDE_STYLE('',(#6048));
#5803=SURFACE_SIDE_STYLE('',(#6049));
#5804=SURFACE_SIDE_STYLE('',(#6050));
#5805=SURFACE_SIDE_STYLE('',(#6051));
#5806=SURFACE_SIDE_STYLE('',(#6052));
#5807=SURFACE_SIDE_STYLE('',(#6053));
#5808=SURFACE_SIDE_STYLE('',(#6054));
#5809=SURFACE_SIDE_STYLE('',(#6055));
#5810=SURFACE_SIDE_STYLE('',(#6056));
#5811=SURFACE_SIDE_STYLE('',(#6057));
#5812=SURFACE_SIDE_STYLE('',(#6058));
#5813=SURFACE_SIDE_STYLE('',(#6059));
#5814=SURFACE_SIDE_STYLE('',(#6060));
#5815=SURFACE_SIDE_STYLE('',(#6061));
#5816=SURFACE_SIDE_STYLE('',(#6062));
#5817=SURFACE_SIDE_STYLE('',(#6063));
#5818=SURFACE_SIDE_STYLE('',(#6064));
#5819=SURFACE_SIDE_STYLE('',(#6065));
#5820=SURFACE_SIDE_STYLE('',(#6066));
#5821=SURFACE_SIDE_STYLE('',(#6067));
#5822=SURFACE_SIDE_STYLE('',(#6068));
#5823=SURFACE_SIDE_STYLE('',(#6069));
#5824=SURFACE_SIDE_STYLE('',(#6070));
#5825=SURFACE_SIDE_STYLE('',(#6071));
#5826=SURFACE_SIDE_STYLE('',(#6072));
#5827=SURFACE_SIDE_STYLE('',(#6073));
#5828=SURFACE_SIDE_STYLE('',(#6074));
#5829=SURFACE_SIDE_STYLE('',(#6075));
#5830=SURFACE_SIDE_STYLE('',(#6076));
#5831=SURFACE_SIDE_STYLE('',(#6077));
#5832=SURFACE_SIDE_STYLE('',(#6078));
#5833=SURFACE_SIDE_STYLE('',(#6079));
#5834=SURFACE_SIDE_STYLE('',(#6080));
#5835=SURFACE_SIDE_STYLE('',(#6081));
#5836=SURFACE_SIDE_STYLE('',(#6082));
#5837=SURFACE_SIDE_STYLE('',(#6083));
#5838=SURFACE_SIDE_STYLE('',(#6084));
#5839=SURFACE_SIDE_STYLE('',(#6085));
#5840=SURFACE_SIDE_STYLE('',(#6086));
#5841=SURFACE_SIDE_STYLE('',(#6087));
#5842=SURFACE_SIDE_STYLE('',(#6088));
#5843=SURFACE_SIDE_STYLE('',(#6089));
#5844=SURFACE_SIDE_STYLE('',(#6090));
#5845=SURFACE_SIDE_STYLE('',(#6091));
#5846=SURFACE_SIDE_STYLE('',(#6092));
#5847=SURFACE_SIDE_STYLE('',(#6093));
#5848=SURFACE_SIDE_STYLE('',(#6094));
#5849=SURFACE_SIDE_STYLE('',(#6095));
#5850=SURFACE_SIDE_STYLE('',(#6096));
#5851=SURFACE_SIDE_STYLE('',(#6097));
#5852=SURFACE_SIDE_STYLE('',(#6098));
#5853=SURFACE_SIDE_STYLE('',(#6099));
#5854=SURFACE_SIDE_STYLE('',(#6100));
#5855=SURFACE_SIDE_STYLE('',(#6101));
#5856=SURFACE_SIDE_STYLE('',(#6102));
#5857=SURFACE_SIDE_STYLE('',(#6103));
#5858=SURFACE_SIDE_STYLE('',(#6104));
#5859=SURFACE_SIDE_STYLE('',(#6105));
#5860=SURFACE_SIDE_STYLE('',(#6106));
#5861=SURFACE_SIDE_STYLE('',(#6107));
#5862=SURFACE_SIDE_STYLE('',(#6108));
#5863=SURFACE_SIDE_STYLE('',(#6109));
#5864=SURFACE_SIDE_STYLE('',(#6110));
#5865=SURFACE_SIDE_STYLE('',(#6111));
#5866=SURFACE_SIDE_STYLE('',(#6112));
#5867=SURFACE_SIDE_STYLE('',(#6113));
#5868=SURFACE_SIDE_STYLE('',(#6114));
#5869=SURFACE_SIDE_STYLE('',(#6115));
#5870=SURFACE_SIDE_STYLE('',(#6116));
#5871=SURFACE_SIDE_STYLE('',(#6117));
#5872=SURFACE_SIDE_STYLE('',(#6118));
#5873=SURFACE_SIDE_STYLE('',(#6119));
#5874=SURFACE_SIDE_STYLE('',(#6120));
#5875=SURFACE_SIDE_STYLE('',(#6121));
#5876=SURFACE_SIDE_STYLE('',(#6122));
#5877=SURFACE_SIDE_STYLE('',(#6123));
#5878=SURFACE_SIDE_STYLE('',(#6124));
#5879=SURFACE_SIDE_STYLE('',(#6125));
#5880=SURFACE_SIDE_STYLE('',(#6126));
#5881=SURFACE_SIDE_STYLE('',(#6127));
#5882=SURFACE_SIDE_STYLE('',(#6128));
#5883=SURFACE_SIDE_STYLE('',(#6129));
#5884=SURFACE_SIDE_STYLE('',(#6130));
#5885=SURFACE_SIDE_STYLE('',(#6131));
#5886=SURFACE_SIDE_STYLE('',(#6132));
#5887=SURFACE_SIDE_STYLE('',(#6133));
#5888=SURFACE_SIDE_STYLE('',(#6134));
#5889=SURFACE_SIDE_STYLE('',(#6135));
#5890=SURFACE_SIDE_STYLE('',(#6136));
#5891=SURFACE_SIDE_STYLE('',(#6137));
#5892=SURFACE_SIDE_STYLE('',(#6138));
#5893=SURFACE_SIDE_STYLE('',(#6139));
#5894=SURFACE_SIDE_STYLE('',(#6140));
#5895=SURFACE_SIDE_STYLE('',(#6141));
#5896=SURFACE_SIDE_STYLE('',(#6142));
#5897=SURFACE_SIDE_STYLE('',(#6143));
#5898=SURFACE_SIDE_STYLE('',(#6144));
#5899=SURFACE_SIDE_STYLE('',(#6145));
#5900=SURFACE_SIDE_STYLE('',(#6146));
#5901=SURFACE_SIDE_STYLE('',(#6147));
#5902=SURFACE_SIDE_STYLE('',(#6148));
#5903=SURFACE_SIDE_STYLE('',(#6149));
#5904=SURFACE_SIDE_STYLE('',(#6150));
#5905=SURFACE_STYLE_FILL_AREA(#6151);
#5906=SURFACE_STYLE_FILL_AREA(#6152);
#5907=SURFACE_STYLE_FILL_AREA(#6153);
#5908=SURFACE_STYLE_FILL_AREA(#6154);
#5909=SURFACE_STYLE_FILL_AREA(#6155);
#5910=SURFACE_STYLE_FILL_AREA(#6156);
#5911=SURFACE_STYLE_FILL_AREA(#6157);
#5912=SURFACE_STYLE_FILL_AREA(#6158);
#5913=SURFACE_STYLE_FILL_AREA(#6159);
#5914=SURFACE_STYLE_FILL_AREA(#6160);
#5915=SURFACE_STYLE_FILL_AREA(#6161);
#5916=SURFACE_STYLE_FILL_AREA(#6162);
#5917=SURFACE_STYLE_FILL_AREA(#6163);
#5918=SURFACE_STYLE_FILL_AREA(#6164);
#5919=SURFACE_STYLE_FILL_AREA(#6165);
#5920=SURFACE_STYLE_FILL_AREA(#6166);
#5921=SURFACE_STYLE_FILL_AREA(#6167);
#5922=SURFACE_STYLE_FILL_AREA(#6168);
#5923=SURFACE_STYLE_FILL_AREA(#6169);
#5924=SURFACE_STYLE_FILL_AREA(#6170);
#5925=SURFACE_STYLE_FILL_AREA(#6171);
#5926=SURFACE_STYLE_FILL_AREA(#6172);
#5927=SURFACE_STYLE_FILL_AREA(#6173);
#5928=SURFACE_STYLE_FILL_AREA(#6174);
#5929=SURFACE_STYLE_FILL_AREA(#6175);
#5930=SURFACE_STYLE_FILL_AREA(#6176);
#5931=SURFACE_STYLE_FILL_AREA(#6177);
#5932=SURFACE_STYLE_FILL_AREA(#6178);
#5933=SURFACE_STYLE_FILL_AREA(#6179);
#5934=SURFACE_STYLE_FILL_AREA(#6180);
#5935=SURFACE_STYLE_FILL_AREA(#6181);
#5936=SURFACE_STYLE_FILL_AREA(#6182);
#5937=SURFACE_STYLE_FILL_AREA(#6183);
#5938=SURFACE_STYLE_FILL_AREA(#6184);
#5939=SURFACE_STYLE_FILL_AREA(#6185);
#5940=SURFACE_STYLE_FILL_AREA(#6186);
#5941=SURFACE_STYLE_FILL_AREA(#6187);
#5942=SURFACE_STYLE_FILL_AREA(#6188);
#5943=SURFACE_STYLE_FILL_AREA(#6189);
#5944=SURFACE_STYLE_FILL_AREA(#6190);
#5945=SURFACE_STYLE_FILL_AREA(#6191);
#5946=SURFACE_STYLE_FILL_AREA(#6192);
#5947=SURFACE_STYLE_FILL_AREA(#6193);
#5948=SURFACE_STYLE_FILL_AREA(#6194);
#5949=SURFACE_STYLE_FILL_AREA(#6195);
#5950=SURFACE_STYLE_FILL_AREA(#6196);
#5951=SURFACE_STYLE_FILL_AREA(#6197);
#5952=SURFACE_STYLE_FILL_AREA(#6198);
#5953=SURFACE_STYLE_FILL_AREA(#6199);
#5954=SURFACE_STYLE_FILL_AREA(#6200);
#5955=SURFACE_STYLE_FILL_AREA(#6201);
#5956=SURFACE_STYLE_FILL_AREA(#6202);
#5957=SURFACE_STYLE_FILL_AREA(#6203);
#5958=SURFACE_STYLE_FILL_AREA(#6204);
#5959=SURFACE_STYLE_FILL_AREA(#6205);
#5960=SURFACE_STYLE_FILL_AREA(#6206);
#5961=SURFACE_STYLE_FILL_AREA(#6207);
#5962=SURFACE_STYLE_FILL_AREA(#6208);
#5963=SURFACE_STYLE_FILL_AREA(#6209);
#5964=SURFACE_STYLE_FILL_AREA(#6210);
#5965=SURFACE_STYLE_FILL_AREA(#6211);
#5966=SURFACE_STYLE_FILL_AREA(#6212);
#5967=SURFACE_STYLE_FILL_AREA(#6213);
#5968=SURFACE_STYLE_FILL_AREA(#6214);
#5969=SURFACE_STYLE_FILL_AREA(#6215);
#5970=SURFACE_STYLE_FILL_AREA(#6216);
#5971=SURFACE_STYLE_FILL_AREA(#6217);
#5972=SURFACE_STYLE_FILL_AREA(#6218);
#5973=SURFACE_STYLE_FILL_AREA(#6219);
#5974=SURFACE_STYLE_FILL_AREA(#6220);
#5975=SURFACE_STYLE_FILL_AREA(#6221);
#5976=SURFACE_STYLE_FILL_AREA(#6222);
#5977=SURFACE_STYLE_FILL_AREA(#6223);
#5978=SURFACE_STYLE_FILL_AREA(#6224);
#5979=SURFACE_STYLE_FILL_AREA(#6225);
#5980=SURFACE_STYLE_FILL_AREA(#6226);
#5981=SURFACE_STYLE_FILL_AREA(#6227);
#5982=SURFACE_STYLE_FILL_AREA(#6228);
#5983=SURFACE_STYLE_FILL_AREA(#6229);
#5984=SURFACE_STYLE_FILL_AREA(#6230);
#5985=SURFACE_STYLE_FILL_AREA(#6231);
#5986=SURFACE_STYLE_FILL_AREA(#6232);
#5987=SURFACE_STYLE_FILL_AREA(#6233);
#5988=SURFACE_STYLE_FILL_AREA(#6234);
#5989=SURFACE_STYLE_FILL_AREA(#6235);
#5990=SURFACE_STYLE_FILL_AREA(#6236);
#5991=SURFACE_STYLE_FILL_AREA(#6237);
#5992=SURFACE_STYLE_FILL_AREA(#6238);
#5993=SURFACE_STYLE_FILL_AREA(#6239);
#5994=SURFACE_STYLE_FILL_AREA(#6240);
#5995=SURFACE_STYLE_FILL_AREA(#6241);
#5996=SURFACE_STYLE_FILL_AREA(#6242);
#5997=SURFACE_STYLE_FILL_AREA(#6243);
#5998=SURFACE_STYLE_FILL_AREA(#6244);
#5999=SURFACE_STYLE_FILL_AREA(#6245);
#6000=SURFACE_STYLE_FILL_AREA(#6246);
#6001=SURFACE_STYLE_FILL_AREA(#6247);
#6002=SURFACE_STYLE_FILL_AREA(#6248);
#6003=SURFACE_STYLE_FILL_AREA(#6249);
#6004=SURFACE_STYLE_FILL_AREA(#6250);
#6005=SURFACE_STYLE_FILL_AREA(#6251);
#6006=SURFACE_STYLE_FILL_AREA(#6252);
#6007=SURFACE_STYLE_FILL_AREA(#6253);
#6008=SURFACE_STYLE_FILL_AREA(#6254);
#6009=SURFACE_STYLE_FILL_AREA(#6255);
#6010=SURFACE_STYLE_FILL_AREA(#6256);
#6011=SURFACE_STYLE_FILL_AREA(#6257);
#6012=SURFACE_STYLE_FILL_AREA(#6258);
#6013=SURFACE_STYLE_FILL_AREA(#6259);
#6014=SURFACE_STYLE_FILL_AREA(#6260);
#6015=SURFACE_STYLE_FILL_AREA(#6261);
#6016=SURFACE_STYLE_FILL_AREA(#6262);
#6017=SURFACE_STYLE_FILL_AREA(#6263);
#6018=SURFACE_STYLE_FILL_AREA(#6264);
#6019=SURFACE_STYLE_FILL_AREA(#6265);
#6020=SURFACE_STYLE_FILL_AREA(#6266);
#6021=SURFACE_STYLE_FILL_AREA(#6267);
#6022=SURFACE_STYLE_FILL_AREA(#6268);
#6023=SURFACE_STYLE_FILL_AREA(#6269);
#6024=SURFACE_STYLE_FILL_AREA(#6270);
#6025=SURFACE_STYLE_FILL_AREA(#6271);
#6026=SURFACE_STYLE_FILL_AREA(#6272);
#6027=SURFACE_STYLE_FILL_AREA(#6273);
#6028=SURFACE_STYLE_FILL_AREA(#6274);
#6029=SURFACE_STYLE_FILL_AREA(#6275);
#6030=SURFACE_STYLE_FILL_AREA(#6276);
#6031=SURFACE_STYLE_FILL_AREA(#6277);
#6032=SURFACE_STYLE_FILL_AREA(#6278);
#6033=SURFACE_STYLE_FILL_AREA(#6279);
#6034=SURFACE_STYLE_FILL_AREA(#6280);
#6035=SURFACE_STYLE_FILL_AREA(#6281);
#6036=SURFACE_STYLE_FILL_AREA(#6282);
#6037=SURFACE_STYLE_FILL_AREA(#6283);
#6038=SURFACE_STYLE_FILL_AREA(#6284);
#6039=SURFACE_STYLE_FILL_AREA(#6285);
#6040=SURFACE_STYLE_FILL_AREA(#6286);
#6041=SURFACE_STYLE_FILL_AREA(#6287);
#6042=SURFACE_STYLE_FILL_AREA(#6288);
#6043=SURFACE_STYLE_FILL_AREA(#6289);
#6044=SURFACE_STYLE_FILL_AREA(#6290);
#6045=SURFACE_STYLE_FILL_AREA(#6291);
#6046=SURFACE_STYLE_FILL_AREA(#6292);
#6047=SURFACE_STYLE_FILL_AREA(#6293);
#6048=SURFACE_STYLE_FILL_AREA(#6294);
#6049=SURFACE_STYLE_FILL_AREA(#6295);
#6050=SURFACE_STYLE_FILL_AREA(#6296);
#6051=SURFACE_STYLE_FILL_AREA(#6297);
#6052=SURFACE_STYLE_FILL_AREA(#6298);
#6053=SURFACE_STYLE_FILL_AREA(#6299);
#6054=SURFACE_STYLE_FILL_AREA(#6300);
#6055=SURFACE_STYLE_FILL_AREA(#6301);
#6056=SURFACE_STYLE_FILL_AREA(#6302);
#6057=SURFACE_STYLE_FILL_AREA(#6303);
#6058=SURFACE_STYLE_FILL_AREA(#6304);
#6059=SURFACE_STYLE_FILL_AREA(#6305);
#6060=SURFACE_STYLE_FILL_AREA(#6306);
#6061=SURFACE_STYLE_FILL_AREA(#6307);
#6062=SURFACE_STYLE_FILL_AREA(#6308);
#6063=SURFACE_STYLE_FILL_AREA(#6309);
#6064=SURFACE_STYLE_FILL_AREA(#6310);
#6065=SURFACE_STYLE_FILL_AREA(#6311);
#6066=SURFACE_STYLE_FILL_AREA(#6312);
#6067=SURFACE_STYLE_FILL_AREA(#6313);
#6068=SURFACE_STYLE_FILL_AREA(#6314);
#6069=SURFACE_STYLE_FILL_AREA(#6315);
#6070=SURFACE_STYLE_FILL_AREA(#6316);
#6071=SURFACE_STYLE_FILL_AREA(#6317);
#6072=SURFACE_STYLE_FILL_AREA(#6318);
#6073=SURFACE_STYLE_FILL_AREA(#6319);
#6074=SURFACE_STYLE_FILL_AREA(#6320);
#6075=SURFACE_STYLE_FILL_AREA(#6321);
#6076=SURFACE_STYLE_FILL_AREA(#6322);
#6077=SURFACE_STYLE_FILL_AREA(#6323);
#6078=SURFACE_STYLE_FILL_AREA(#6324);
#6079=SURFACE_STYLE_FILL_AREA(#6325);
#6080=SURFACE_STYLE_FILL_AREA(#6326);
#6081=SURFACE_STYLE_FILL_AREA(#6327);
#6082=SURFACE_STYLE_FILL_AREA(#6328);
#6083=SURFACE_STYLE_FILL_AREA(#6329);
#6084=SURFACE_STYLE_FILL_AREA(#6330);
#6085=SURFACE_STYLE_FILL_AREA(#6331);
#6086=SURFACE_STYLE_FILL_AREA(#6332);
#6087=SURFACE_STYLE_FILL_AREA(#6333);
#6088=SURFACE_STYLE_FILL_AREA(#6334);
#6089=SURFACE_STYLE_FILL_AREA(#6335);
#6090=SURFACE_STYLE_FILL_AREA(#6336);
#6091=SURFACE_STYLE_FILL_AREA(#6337);
#6092=SURFACE_STYLE_FILL_AREA(#6338);
#6093=SURFACE_STYLE_FILL_AREA(#6339);
#6094=SURFACE_STYLE_FILL_AREA(#6340);
#6095=SURFACE_STYLE_FILL_AREA(#6341);
#6096=SURFACE_STYLE_FILL_AREA(#6342);
#6097=SURFACE_STYLE_FILL_AREA(#6343);
#6098=SURFACE_STYLE_FILL_AREA(#6344);
#6099=SURFACE_STYLE_FILL_AREA(#6345);
#6100=SURFACE_STYLE_FILL_AREA(#6346);
#6101=SURFACE_STYLE_FILL_AREA(#6347);
#6102=SURFACE_STYLE_FILL_AREA(#6348);
#6103=SURFACE_STYLE_FILL_AREA(#6349);
#6104=SURFACE_STYLE_FILL_AREA(#6350);
#6105=SURFACE_STYLE_FILL_AREA(#6351);
#6106=SURFACE_STYLE_FILL_AREA(#6352);
#6107=SURFACE_STYLE_FILL_AREA(#6353);
#6108=SURFACE_STYLE_FILL_AREA(#6354);
#6109=SURFACE_STYLE_FILL_AREA(#6355);
#6110=SURFACE_STYLE_FILL_AREA(#6356);
#6111=SURFACE_STYLE_FILL_AREA(#6357);
#6112=SURFACE_STYLE_FILL_AREA(#6358);
#6113=SURFACE_STYLE_FILL_AREA(#6359);
#6114=SURFACE_STYLE_FILL_AREA(#6360);
#6115=SURFACE_STYLE_FILL_AREA(#6361);
#6116=SURFACE_STYLE_FILL_AREA(#6362);
#6117=SURFACE_STYLE_FILL_AREA(#6363);
#6118=SURFACE_STYLE_FILL_AREA(#6364);
#6119=SURFACE_STYLE_FILL_AREA(#6365);
#6120=SURFACE_STYLE_FILL_AREA(#6366);
#6121=SURFACE_STYLE_FILL_AREA(#6367);
#6122=SURFACE_STYLE_FILL_AREA(#6368);
#6123=SURFACE_STYLE_FILL_AREA(#6369);
#6124=SURFACE_STYLE_FILL_AREA(#6370);
#6125=SURFACE_STYLE_FILL_AREA(#6371);
#6126=SURFACE_STYLE_FILL_AREA(#6372);
#6127=SURFACE_STYLE_FILL_AREA(#6373);
#6128=SURFACE_STYLE_FILL_AREA(#6374);
#6129=SURFACE_STYLE_FILL_AREA(#6375);
#6130=SURFACE_STYLE_FILL_AREA(#6376);
#6131=SURFACE_STYLE_FILL_AREA(#6377);
#6132=SURFACE_STYLE_FILL_AREA(#6378);
#6133=SURFACE_STYLE_FILL_AREA(#6379);
#6134=SURFACE_STYLE_FILL_AREA(#6380);
#6135=SURFACE_STYLE_FILL_AREA(#6381);
#6136=SURFACE_STYLE_FILL_AREA(#6382);
#6137=SURFACE_STYLE_FILL_AREA(#6383);
#6138=SURFACE_STYLE_FILL_AREA(#6384);
#6139=SURFACE_STYLE_FILL_AREA(#6385);
#6140=SURFACE_STYLE_FILL_AREA(#6386);
#6141=SURFACE_STYLE_FILL_AREA(#6387);
#6142=SURFACE_STYLE_FILL_AREA(#6388);
#6143=SURFACE_STYLE_FILL_AREA(#6389);
#6144=SURFACE_STYLE_FILL_AREA(#6390);
#6145=SURFACE_STYLE_FILL_AREA(#6391);
#6146=SURFACE_STYLE_FILL_AREA(#6392);
#6147=SURFACE_STYLE_FILL_AREA(#6393);
#6148=SURFACE_STYLE_FILL_AREA(#6394);
#6149=SURFACE_STYLE_FILL_AREA(#6395);
#6150=SURFACE_STYLE_FILL_AREA(#6396);
#6151=FILL_AREA_STYLE('',(#6397));
#6152=FILL_AREA_STYLE('',(#6398));
#6153=FILL_AREA_STYLE('',(#6399));
#6154=FILL_AREA_STYLE('',(#6400));
#6155=FILL_AREA_STYLE('',(#6401));
#6156=FILL_AREA_STYLE('',(#6402));
#6157=FILL_AREA_STYLE('',(#6403));
#6158=FILL_AREA_STYLE('',(#6404));
#6159=FILL_AREA_STYLE('',(#6405));
#6160=FILL_AREA_STYLE('',(#6406));
#6161=FILL_AREA_STYLE('',(#6407));
#6162=FILL_AREA_STYLE('',(#6408));
#6163=FILL_AREA_STYLE('',(#6409));
#6164=FILL_AREA_STYLE('',(#6410));
#6165=FILL_AREA_STYLE('',(#6411));
#6166=FILL_AREA_STYLE('',(#6412));
#6167=FILL_AREA_STYLE('',(#6413));
#6168=FILL_AREA_STYLE('',(#6414));
#6169=FILL_AREA_STYLE('',(#6415));
#6170=FILL_AREA_STYLE('',(#6416));
#6171=FILL_AREA_STYLE('',(#6417));
#6172=FILL_AREA_STYLE('',(#6418));
#6173=FILL_AREA_STYLE('',(#6419));
#6174=FILL_AREA_STYLE('',(#6420));
#6175=FILL_AREA_STYLE('',(#6421));
#6176=FILL_AREA_STYLE('',(#6422));
#6177=FILL_AREA_STYLE('',(#6423));
#6178=FILL_AREA_STYLE('',(#6424));
#6179=FILL_AREA_STYLE('',(#6425));
#6180=FILL_AREA_STYLE('',(#6426));
#6181=FILL_AREA_STYLE('',(#6427));
#6182=FILL_AREA_STYLE('',(#6428));
#6183=FILL_AREA_STYLE('',(#6429));
#6184=FILL_AREA_STYLE('',(#6430));
#6185=FILL_AREA_STYLE('',(#6431));
#6186=FILL_AREA_STYLE('',(#6432));
#6187=FILL_AREA_STYLE('',(#6433));
#6188=FILL_AREA_STYLE('',(#6434));
#6189=FILL_AREA_STYLE('',(#6435));
#6190=FILL_AREA_STYLE('',(#6436));
#6191=FILL_AREA_STYLE('',(#6437));
#6192=FILL_AREA_STYLE('',(#6438));
#6193=FILL_AREA_STYLE('',(#6439));
#6194=FILL_AREA_STYLE('',(#6440));
#6195=FILL_AREA_STYLE('',(#6441));
#6196=FILL_AREA_STYLE('',(#6442));
#6197=FILL_AREA_STYLE('',(#6443));
#6198=FILL_AREA_STYLE('',(#6444));
#6199=FILL_AREA_STYLE('',(#6445));
#6200=FILL_AREA_STYLE('',(#6446));
#6201=FILL_AREA_STYLE('',(#6447));
#6202=FILL_AREA_STYLE('',(#6448));
#6203=FILL_AREA_STYLE('',(#6449));
#6204=FILL_AREA_STYLE('',(#6450));
#6205=FILL_AREA_STYLE('',(#6451));
#6206=FILL_AREA_STYLE('',(#6452));
#6207=FILL_AREA_STYLE('',(#6453));
#6208=FILL_AREA_STYLE('',(#6454));
#6209=FILL_AREA_STYLE('',(#6455));
#6210=FILL_AREA_STYLE('',(#6456));
#6211=FILL_AREA_STYLE('',(#6457));
#6212=FILL_AREA_STYLE('',(#6458));
#6213=FILL_AREA_STYLE('',(#6459));
#6214=FILL_AREA_STYLE('',(#6460));
#6215=FILL_AREA_STYLE('',(#6461));
#6216=FILL_AREA_STYLE('',(#6462));
#6217=FILL_AREA_STYLE('',(#6463));
#6218=FILL_AREA_STYLE('',(#6464));
#6219=FILL_AREA_STYLE('',(#6465));
#6220=FILL_AREA_STYLE('',(#6466));
#6221=FILL_AREA_STYLE('',(#6467));
#6222=FILL_AREA_STYLE('',(#6468));
#6223=FILL_AREA_STYLE('',(#6469));
#6224=FILL_AREA_STYLE('',(#6470));
#6225=FILL_AREA_STYLE('',(#6471));
#6226=FILL_AREA_STYLE('',(#6472));
#6227=FILL_AREA_STYLE('',(#6473));
#6228=FILL_AREA_STYLE('',(#6474));
#6229=FILL_AREA_STYLE('',(#6475));
#6230=FILL_AREA_STYLE('',(#6476));
#6231=FILL_AREA_STYLE('',(#6477));
#6232=FILL_AREA_STYLE('',(#6478));
#6233=FILL_AREA_STYLE('',(#6479));
#6234=FILL_AREA_STYLE('',(#6480));
#6235=FILL_AREA_STYLE('',(#6481));
#6236=FILL_AREA_STYLE('',(#6482));
#6237=FILL_AREA_STYLE('',(#6483));
#6238=FILL_AREA_STYLE('',(#6484));
#6239=FILL_AREA_STYLE('',(#6485));
#6240=FILL_AREA_STYLE('',(#6486));
#6241=FILL_AREA_STYLE('',(#6487));
#6242=FILL_AREA_STYLE('',(#6488));
#6243=FILL_AREA_STYLE('',(#6489));
#6244=FILL_AREA_STYLE('',(#6490));
#6245=FILL_AREA_STYLE('',(#6491));
#6246=FILL_AREA_STYLE('',(#6492));
#6247=FILL_AREA_STYLE('',(#6493));
#6248=FILL_AREA_STYLE('',(#6494));
#6249=FILL_AREA_STYLE('',(#6495));
#6250=FILL_AREA_STYLE('',(#6496));
#6251=FILL_AREA_STYLE('',(#6497));
#6252=FILL_AREA_STYLE('',(#6498));
#6253=FILL_AREA_STYLE('',(#6499));
#6254=FILL_AREA_STYLE('',(#6500));
#6255=FILL_AREA_STYLE('',(#6501));
#6256=FILL_AREA_STYLE('',(#6502));
#6257=FILL_AREA_STYLE('',(#6503));
#6258=FILL_AREA_STYLE('',(#6504));
#6259=FILL_AREA_STYLE('',(#6505));
#6260=FILL_AREA_STYLE('',(#6506));
#6261=FILL_AREA_STYLE('',(#6507));
#6262=FILL_AREA_STYLE('',(#6508));
#6263=FILL_AREA_STYLE('',(#6509));
#6264=FILL_AREA_STYLE('',(#6510));
#6265=FILL_AREA_STYLE('',(#6511));
#6266=FILL_AREA_STYLE('',(#6512));
#6267=FILL_AREA_STYLE('',(#6513));
#6268=FILL_AREA_STYLE('',(#6514));
#6269=FILL_AREA_STYLE('',(#6515));
#6270=FILL_AREA_STYLE('',(#6516));
#6271=FILL_AREA_STYLE('',(#6517));
#6272=FILL_AREA_STYLE('',(#6518));
#6273=FILL_AREA_STYLE('',(#6519));
#6274=FILL_AREA_STYLE('',(#6520));
#6275=FILL_AREA_STYLE('',(#6521));
#6276=FILL_AREA_STYLE('',(#6522));
#6277=FILL_AREA_STYLE('',(#6523));
#6278=FILL_AREA_STYLE('',(#6524));
#6279=FILL_AREA_STYLE('',(#6525));
#6280=FILL_AREA_STYLE('',(#6526));
#6281=FILL_AREA_STYLE('',(#6527));
#6282=FILL_AREA_STYLE('',(#6528));
#6283=FILL_AREA_STYLE('',(#6529));
#6284=FILL_AREA_STYLE('',(#6530));
#6285=FILL_AREA_STYLE('',(#6531));
#6286=FILL_AREA_STYLE('',(#6532));
#6287=FILL_AREA_STYLE('',(#6533));
#6288=FILL_AREA_STYLE('',(#6534));
#6289=FILL_AREA_STYLE('',(#6535));
#6290=FILL_AREA_STYLE('',(#6536));
#6291=FILL_AREA_STYLE('',(#6537));
#6292=FILL_AREA_STYLE('',(#6538));
#6293=FILL_AREA_STYLE('',(#6539));
#6294=FILL_AREA_STYLE('',(#6540));
#6295=FILL_AREA_STYLE('',(#6541));
#6296=FILL_AREA_STYLE('',(#6542));
#6297=FILL_AREA_STYLE('',(#6543));
#6298=FILL_AREA_STYLE('',(#6544));
#6299=FILL_AREA_STYLE('',(#6545));
#6300=FILL_AREA_STYLE('',(#6546));
#6301=FILL_AREA_STYLE('',(#6547));
#6302=FILL_AREA_STYLE('',(#6548));
#6303=FILL_AREA_STYLE('',(#6549));
#6304=FILL_AREA_STYLE('',(#6550));
#6305=FILL_AREA_STYLE('',(#6551));
#6306=FILL_AREA_STYLE('',(#6552));
#6307=FILL_AREA_STYLE('',(#6553));
#6308=FILL_AREA_STYLE('',(#6554));
#6309=FILL_AREA_STYLE('',(#6555));
#6310=FILL_AREA_STYLE('',(#6556));
#6311=FILL_AREA_STYLE('',(#6557));
#6312=FILL_AREA_STYLE('',(#6558));
#6313=FILL_AREA_STYLE('',(#6559));
#6314=FILL_AREA_STYLE('',(#6560));
#6315=FILL_AREA_STYLE('',(#6561));
#6316=FILL_AREA_STYLE('',(#6562));
#6317=FILL_AREA_STYLE('',(#6563));
#6318=FILL_AREA_STYLE('',(#6564));
#6319=FILL_AREA_STYLE('',(#6565));
#6320=FILL_AREA_STYLE('',(#6566));
#6321=FILL_AREA_STYLE('',(#6567));
#6322=FILL_AREA_STYLE('',(#6568));
#6323=FILL_AREA_STYLE('',(#6569));
#6324=FILL_AREA_STYLE('',(#6570));
#6325=FILL_AREA_STYLE('',(#6571));
#6326=FILL_AREA_STYLE('',(#6572));
#6327=FILL_AREA_STYLE('',(#6573));
#6328=FILL_AREA_STYLE('',(#6574));
#6329=FILL_AREA_STYLE('',(#6575));
#6330=FILL_AREA_STYLE('',(#6576));
#6331=FILL_AREA_STYLE('',(#6577));
#6332=FILL_AREA_STYLE('',(#6578));
#6333=FILL_AREA_STYLE('',(#6579));
#6334=FILL_AREA_STYLE('',(#6580));
#6335=FILL_AREA_STYLE('',(#6581));
#6336=FILL_AREA_STYLE('',(#6582));
#6337=FILL_AREA_STYLE('',(#6583));
#6338=FILL_AREA_STYLE('',(#6584));
#6339=FILL_AREA_STYLE('',(#6585));
#6340=FILL_AREA_STYLE('',(#6586));
#6341=FILL_AREA_STYLE('',(#6587));
#6342=FILL_AREA_STYLE('',(#6588));
#6343=FILL_AREA_STYLE('',(#6589));
#6344=FILL_AREA_STYLE('',(#6590));
#6345=FILL_AREA_STYLE('',(#6591));
#6346=FILL_AREA_STYLE('',(#6592));
#6347=FILL_AREA_STYLE('',(#6593));
#6348=FILL_AREA_STYLE('',(#6594));
#6349=FILL_AREA_STYLE('',(#6595));
#6350=FILL_AREA_STYLE('',(#6596));
#6351=FILL_AREA_STYLE('',(#6597));
#6352=FILL_AREA_STYLE('',(#6598));
#6353=FILL_AREA_STYLE('',(#6599));
#6354=FILL_AREA_STYLE('',(#6600));
#6355=FILL_AREA_STYLE('',(#6601));
#6356=FILL_AREA_STYLE('',(#6602));
#6357=FILL_AREA_STYLE('',(#6603));
#6358=FILL_AREA_STYLE('',(#6604));
#6359=FILL_AREA_STYLE('',(#6605));
#6360=FILL_AREA_STYLE('',(#6606));
#6361=FILL_AREA_STYLE('',(#6607));
#6362=FILL_AREA_STYLE('',(#6608));
#6363=FILL_AREA_STYLE('',(#6609));
#6364=FILL_AREA_STYLE('',(#6610));
#6365=FILL_AREA_STYLE('',(#6611));
#6366=FILL_AREA_STYLE('',(#6612));
#6367=FILL_AREA_STYLE('',(#6613));
#6368=FILL_AREA_STYLE('',(#6614));
#6369=FILL_AREA_STYLE('',(#6615));
#6370=FILL_AREA_STYLE('',(#6616));
#6371=FILL_AREA_STYLE('',(#6617));
#6372=FILL_AREA_STYLE('',(#6618));
#6373=FILL_AREA_STYLE('',(#6619));
#6374=FILL_AREA_STYLE('',(#6620));
#6375=FILL_AREA_STYLE('',(#6621));
#6376=FILL_AREA_STYLE('',(#6622));
#6377=FILL_AREA_STYLE('',(#6623));
#6378=FILL_AREA_STYLE('',(#6624));
#6379=FILL_AREA_STYLE('',(#6625));
#6380=FILL_AREA_STYLE('',(#6626));
#6381=FILL_AREA_STYLE('',(#6627));
#6382=FILL_AREA_STYLE('',(#6628));
#6383=FILL_AREA_STYLE('',(#6629));
#6384=FILL_AREA_STYLE('',(#6630));
#6385=FILL_AREA_STYLE('',(#6631));
#6386=FILL_AREA_STYLE('',(#6632));
#6387=FILL_AREA_STYLE('',(#6633));
#6388=FILL_AREA_STYLE('',(#6634));
#6389=FILL_AREA_STYLE('',(#6635));
#6390=FILL_AREA_STYLE('',(#6636));
#6391=FILL_AREA_STYLE('',(#6637));
#6392=FILL_AREA_STYLE('',(#6638));
#6393=FILL_AREA_STYLE('',(#6639));
#6394=FILL_AREA_STYLE('',(#6640));
#6395=FILL_AREA_STYLE('',(#6641));
#6396=FILL_AREA_STYLE('',(#6642));
#6397=FILL_AREA_STYLE_COLOUR('',#6643);
#6398=FILL_AREA_STYLE_COLOUR('',#6643);
#6399=FILL_AREA_STYLE_COLOUR('',#6643);
#6400=FILL_AREA_STYLE_COLOUR('',#6643);
#6401=FILL_AREA_STYLE_COLOUR('',#6644);
#6402=FILL_AREA_STYLE_COLOUR('',#6644);
#6403=FILL_AREA_STYLE_COLOUR('',#6644);
#6404=FILL_AREA_STYLE_COLOUR('',#6644);
#6405=FILL_AREA_STYLE_COLOUR('',#6644);
#6406=FILL_AREA_STYLE_COLOUR('',#6643);
#6407=FILL_AREA_STYLE_COLOUR('',#6643);
#6408=FILL_AREA_STYLE_COLOUR('',#6644);
#6409=FILL_AREA_STYLE_COLOUR('',#6643);
#6410=FILL_AREA_STYLE_COLOUR('',#6643);
#6411=FILL_AREA_STYLE_COLOUR('',#6644);
#6412=FILL_AREA_STYLE_COLOUR('',#6644);
#6413=FILL_AREA_STYLE_COLOUR('',#6644);
#6414=FILL_AREA_STYLE_COLOUR('',#6644);
#6415=FILL_AREA_STYLE_COLOUR('',#6644);
#6416=FILL_AREA_STYLE_COLOUR('',#6644);
#6417=FILL_AREA_STYLE_COLOUR('',#6644);
#6418=FILL_AREA_STYLE_COLOUR('',#6644);
#6419=FILL_AREA_STYLE_COLOUR('',#6644);
#6420=FILL_AREA_STYLE_COLOUR('',#6644);
#6421=FILL_AREA_STYLE_COLOUR('',#6644);
#6422=FILL_AREA_STYLE_COLOUR('',#6644);
#6423=FILL_AREA_STYLE_COLOUR('',#6644);
#6424=FILL_AREA_STYLE_COLOUR('',#6644);
#6425=FILL_AREA_STYLE_COLOUR('',#6644);
#6426=FILL_AREA_STYLE_COLOUR('',#6644);
#6427=FILL_AREA_STYLE_COLOUR('',#6644);
#6428=FILL_AREA_STYLE_COLOUR('',#6644);
#6429=FILL_AREA_STYLE_COLOUR('',#6644);
#6430=FILL_AREA_STYLE_COLOUR('',#6644);
#6431=FILL_AREA_STYLE_COLOUR('',#6644);
#6432=FILL_AREA_STYLE_COLOUR('',#6644);
#6433=FILL_AREA_STYLE_COLOUR('',#6644);
#6434=FILL_AREA_STYLE_COLOUR('',#6644);
#6435=FILL_AREA_STYLE_COLOUR('',#6644);
#6436=FILL_AREA_STYLE_COLOUR('',#6644);
#6437=FILL_AREA_STYLE_COLOUR('',#6644);
#6438=FILL_AREA_STYLE_COLOUR('',#6644);
#6439=FILL_AREA_STYLE_COLOUR('',#6644);
#6440=FILL_AREA_STYLE_COLOUR('',#6644);
#6441=FILL_AREA_STYLE_COLOUR('',#6644);
#6442=FILL_AREA_STYLE_COLOUR('',#6644);
#6443=FILL_AREA_STYLE_COLOUR('',#6644);
#6444=FILL_AREA_STYLE_COLOUR('',#6644);
#6445=FILL_AREA_STYLE_COLOUR('',#6644);
#6446=FILL_AREA_STYLE_COLOUR('',#6644);
#6447=FILL_AREA_STYLE_COLOUR('',#6644);
#6448=FILL_AREA_STYLE_COLOUR('',#6644);
#6449=FILL_AREA_STYLE_COLOUR('',#6644);
#6450=FILL_AREA_STYLE_COLOUR('',#6644);
#6451=FILL_AREA_STYLE_COLOUR('',#6644);
#6452=FILL_AREA_STYLE_COLOUR('',#6644);
#6453=FILL_AREA_STYLE_COLOUR('',#6644);
#6454=FILL_AREA_STYLE_COLOUR('',#6644);
#6455=FILL_AREA_STYLE_COLOUR('',#6644);
#6456=FILL_AREA_STYLE_COLOUR('',#6644);
#6457=FILL_AREA_STYLE_COLOUR('',#6644);
#6458=FILL_AREA_STYLE_COLOUR('',#6644);
#6459=FILL_AREA_STYLE_COLOUR('',#6644);
#6460=FILL_AREA_STYLE_COLOUR('',#6644);
#6461=FILL_AREA_STYLE_COLOUR('',#6644);
#6462=FILL_AREA_STYLE_COLOUR('',#6644);
#6463=FILL_AREA_STYLE_COLOUR('',#6644);
#6464=FILL_AREA_STYLE_COLOUR('',#6644);
#6465=FILL_AREA_STYLE_COLOUR('',#6644);
#6466=FILL_AREA_STYLE_COLOUR('',#6644);
#6467=FILL_AREA_STYLE_COLOUR('',#6644);
#6468=FILL_AREA_STYLE_COLOUR('',#6644);
#6469=FILL_AREA_STYLE_COLOUR('',#6644);
#6470=FILL_AREA_STYLE_COLOUR('',#6644);
#6471=FILL_AREA_STYLE_COLOUR('',#6644);
#6472=FILL_AREA_STYLE_COLOUR('',#6644);
#6473=FILL_AREA_STYLE_COLOUR('',#6644);
#6474=FILL_AREA_STYLE_COLOUR('',#6644);
#6475=FILL_AREA_STYLE_COLOUR('',#6644);
#6476=FILL_AREA_STYLE_COLOUR('',#6644);
#6477=FILL_AREA_STYLE_COLOUR('',#6644);
#6478=FILL_AREA_STYLE_COLOUR('',#6644);
#6479=FILL_AREA_STYLE_COLOUR('',#6644);
#6480=FILL_AREA_STYLE_COLOUR('',#6644);
#6481=FILL_AREA_STYLE_COLOUR('',#6644);
#6482=FILL_AREA_STYLE_COLOUR('',#6644);
#6483=FILL_AREA_STYLE_COLOUR('',#6644);
#6484=FILL_AREA_STYLE_COLOUR('',#6643);
#6485=FILL_AREA_STYLE_COLOUR('',#6643);
#6486=FILL_AREA_STYLE_COLOUR('',#6643);
#6487=FILL_AREA_STYLE_COLOUR('',#6643);
#6488=FILL_AREA_STYLE_COLOUR('',#6643);
#6489=FILL_AREA_STYLE_COLOUR('',#6644);
#6490=FILL_AREA_STYLE_COLOUR('',#6644);
#6491=FILL_AREA_STYLE_COLOUR('',#6644);
#6492=FILL_AREA_STYLE_COLOUR('',#6644);
#6493=FILL_AREA_STYLE_COLOUR('',#6644);
#6494=FILL_AREA_STYLE_COLOUR('',#6643);
#6495=FILL_AREA_STYLE_COLOUR('',#6645);
#6496=FILL_AREA_STYLE_COLOUR('',#6645);
#6497=FILL_AREA_STYLE_COLOUR('',#6645);
#6498=FILL_AREA_STYLE_COLOUR('',#6645);
#6499=FILL_AREA_STYLE_COLOUR('',#6645);
#6500=FILL_AREA_STYLE_COLOUR('',#6645);
#6501=FILL_AREA_STYLE_COLOUR('',#6643);
#6502=FILL_AREA_STYLE_COLOUR('',#6643);
#6503=FILL_AREA_STYLE_COLOUR('',#6643);
#6504=FILL_AREA_STYLE_COLOUR('',#6643);
#6505=FILL_AREA_STYLE_COLOUR('',#6643);
#6506=FILL_AREA_STYLE_COLOUR('',#6643);
#6507=FILL_AREA_STYLE_COLOUR('',#6644);
#6508=FILL_AREA_STYLE_COLOUR('',#6644);
#6509=FILL_AREA_STYLE_COLOUR('',#6644);
#6510=FILL_AREA_STYLE_COLOUR('',#6644);
#6511=FILL_AREA_STYLE_COLOUR('',#6644);
#6512=FILL_AREA_STYLE_COLOUR('',#6644);
#6513=FILL_AREA_STYLE_COLOUR('',#6644);
#6514=FILL_AREA_STYLE_COLOUR('',#6644);
#6515=FILL_AREA_STYLE_COLOUR('',#6644);
#6516=FILL_AREA_STYLE_COLOUR('',#6644);
#6517=FILL_AREA_STYLE_COLOUR('',#6644);
#6518=FILL_AREA_STYLE_COLOUR('',#6644);
#6519=FILL_AREA_STYLE_COLOUR('',#6644);
#6520=FILL_AREA_STYLE_COLOUR('',#6644);
#6521=FILL_AREA_STYLE_COLOUR('',#6644);
#6522=FILL_AREA_STYLE_COLOUR('',#6644);
#6523=FILL_AREA_STYLE_COLOUR('',#6644);
#6524=FILL_AREA_STYLE_COLOUR('',#6645);
#6525=FILL_AREA_STYLE_COLOUR('',#6644);
#6526=FILL_AREA_STYLE_COLOUR('',#6644);
#6527=FILL_AREA_STYLE_COLOUR('',#6644);
#6528=FILL_AREA_STYLE_COLOUR('',#6644);
#6529=FILL_AREA_STYLE_COLOUR('',#6644);
#6530=FILL_AREA_STYLE_COLOUR('',#6644);
#6531=FILL_AREA_STYLE_COLOUR('',#6644);
#6532=FILL_AREA_STYLE_COLOUR('',#6644);
#6533=FILL_AREA_STYLE_COLOUR('',#6644);
#6534=FILL_AREA_STYLE_COLOUR('',#6644);
#6535=FILL_AREA_STYLE_COLOUR('',#6644);
#6536=FILL_AREA_STYLE_COLOUR('',#6644);
#6537=FILL_AREA_STYLE_COLOUR('',#6644);
#6538=FILL_AREA_STYLE_COLOUR('',#6644);
#6539=FILL_AREA_STYLE_COLOUR('',#6644);
#6540=FILL_AREA_STYLE_COLOUR('',#6644);
#6541=FILL_AREA_STYLE_COLOUR('',#6644);
#6542=FILL_AREA_STYLE_COLOUR('',#6644);
#6543=FILL_AREA_STYLE_COLOUR('',#6644);
#6544=FILL_AREA_STYLE_COLOUR('',#6644);
#6545=FILL_AREA_STYLE_COLOUR('',#6644);
#6546=FILL_AREA_STYLE_COLOUR('',#6644);
#6547=FILL_AREA_STYLE_COLOUR('',#6644);
#6548=FILL_AREA_STYLE_COLOUR('',#6644);
#6549=FILL_AREA_STYLE_COLOUR('',#6644);
#6550=FILL_AREA_STYLE_COLOUR('',#6644);
#6551=FILL_AREA_STYLE_COLOUR('',#6644);
#6552=FILL_AREA_STYLE_COLOUR('',#6644);
#6553=FILL_AREA_STYLE_COLOUR('',#6644);
#6554=FILL_AREA_STYLE_COLOUR('',#6644);
#6555=FILL_AREA_STYLE_COLOUR('',#6644);
#6556=FILL_AREA_STYLE_COLOUR('',#6644);
#6557=FILL_AREA_STYLE_COLOUR('',#6644);
#6558=FILL_AREA_STYLE_COLOUR('',#6644);
#6559=FILL_AREA_STYLE_COLOUR('',#6644);
#6560=FILL_AREA_STYLE_COLOUR('',#6644);
#6561=FILL_AREA_STYLE_COLOUR('',#6644);
#6562=FILL_AREA_STYLE_COLOUR('',#6644);
#6563=FILL_AREA_STYLE_COLOUR('',#6644);
#6564=FILL_AREA_STYLE_COLOUR('',#6643);
#6565=FILL_AREA_STYLE_COLOUR('',#6643);
#6566=FILL_AREA_STYLE_COLOUR('',#6643);
#6567=FILL_AREA_STYLE_COLOUR('',#6643);
#6568=FILL_AREA_STYLE_COLOUR('',#6643);
#6569=FILL_AREA_STYLE_COLOUR('',#6643);
#6570=FILL_AREA_STYLE_COLOUR('',#6643);
#6571=FILL_AREA_STYLE_COLOUR('',#6643);
#6572=FILL_AREA_STYLE_COLOUR('',#6643);
#6573=FILL_AREA_STYLE_COLOUR('',#6644);
#6574=FILL_AREA_STYLE_COLOUR('',#6644);
#6575=FILL_AREA_STYLE_COLOUR('',#6644);
#6576=FILL_AREA_STYLE_COLOUR('',#6644);
#6577=FILL_AREA_STYLE_COLOUR('',#6644);
#6578=FILL_AREA_STYLE_COLOUR('',#6644);
#6579=FILL_AREA_STYLE_COLOUR('',#6644);
#6580=FILL_AREA_STYLE_COLOUR('',#6644);
#6581=FILL_AREA_STYLE_COLOUR('',#6644);
#6582=FILL_AREA_STYLE_COLOUR('',#6644);
#6583=FILL_AREA_STYLE_COLOUR('',#6644);
#6584=FILL_AREA_STYLE_COLOUR('',#6644);
#6585=FILL_AREA_STYLE_COLOUR('',#6644);
#6586=FILL_AREA_STYLE_COLOUR('',#6644);
#6587=FILL_AREA_STYLE_COLOUR('',#6644);
#6588=FILL_AREA_STYLE_COLOUR('',#6644);
#6589=FILL_AREA_STYLE_COLOUR('',#6644);
#6590=FILL_AREA_STYLE_COLOUR('',#6644);
#6591=FILL_AREA_STYLE_COLOUR('',#6644);
#6592=FILL_AREA_STYLE_COLOUR('',#6644);
#6593=FILL_AREA_STYLE_COLOUR('',#6643);
#6594=FILL_AREA_STYLE_COLOUR('',#6644);
#6595=FILL_AREA_STYLE_COLOUR('',#6644);
#6596=FILL_AREA_STYLE_COLOUR('',#6644);
#6597=FILL_AREA_STYLE_COLOUR('',#6644);
#6598=FILL_AREA_STYLE_COLOUR('',#6643);
#6599=FILL_AREA_STYLE_COLOUR('',#6645);
#6600=FILL_AREA_STYLE_COLOUR('',#6645);
#6601=FILL_AREA_STYLE_COLOUR('',#6645);
#6602=FILL_AREA_STYLE_COLOUR('',#6645);
#6603=FILL_AREA_STYLE_COLOUR('',#6645);
#6604=FILL_AREA_STYLE_COLOUR('',#6645);
#6605=FILL_AREA_STYLE_COLOUR('',#6645);
#6606=FILL_AREA_STYLE_COLOUR('',#6645);
#6607=FILL_AREA_STYLE_COLOUR('',#6645);
#6608=FILL_AREA_STYLE_COLOUR('',#6645);
#6609=FILL_AREA_STYLE_COLOUR('',#6645);
#6610=FILL_AREA_STYLE_COLOUR('',#6645);
#6611=FILL_AREA_STYLE_COLOUR('',#6644);
#6612=FILL_AREA_STYLE_COLOUR('',#6644);
#6613=FILL_AREA_STYLE_COLOUR('',#6644);
#6614=FILL_AREA_STYLE_COLOUR('',#6644);
#6615=FILL_AREA_STYLE_COLOUR('',#6644);
#6616=FILL_AREA_STYLE_COLOUR('',#6644);
#6617=FILL_AREA_STYLE_COLOUR('',#6644);
#6618=FILL_AREA_STYLE_COLOUR('',#6644);
#6619=FILL_AREA_STYLE_COLOUR('',#6644);
#6620=FILL_AREA_STYLE_COLOUR('',#6644);
#6621=FILL_AREA_STYLE_COLOUR('',#6644);
#6622=FILL_AREA_STYLE_COLOUR('',#6644);
#6623=FILL_AREA_STYLE_COLOUR('',#6644);
#6624=FILL_AREA_STYLE_COLOUR('',#6644);
#6625=FILL_AREA_STYLE_COLOUR('',#6644);
#6626=FILL_AREA_STYLE_COLOUR('',#6644);
#6627=FILL_AREA_STYLE_COLOUR('',#6644);
#6628=FILL_AREA_STYLE_COLOUR('',#6644);
#6629=FILL_AREA_STYLE_COLOUR('',#6644);
#6630=FILL_AREA_STYLE_COLOUR('',#6644);
#6631=FILL_AREA_STYLE_COLOUR('',#6644);
#6632=FILL_AREA_STYLE_COLOUR('',#6644);
#6633=FILL_AREA_STYLE_COLOUR('',#6644);
#6634=FILL_AREA_STYLE_COLOUR('',#6644);
#6635=FILL_AREA_STYLE_COLOUR('',#6644);
#6636=FILL_AREA_STYLE_COLOUR('',#6645);
#6637=FILL_AREA_STYLE_COLOUR('',#6645);
#6638=FILL_AREA_STYLE_COLOUR('',#6645);
#6639=FILL_AREA_STYLE_COLOUR('',#6645);
#6640=FILL_AREA_STYLE_COLOUR('',#6645);
#6641=FILL_AREA_STYLE_COLOUR('',#6645);
#6642=FILL_AREA_STYLE_COLOUR('',#6645);
#6643=COLOUR_RGB('',0.83921568627451,0.447058823529412,0.388235294117647);
#6644=COLOUR_RGB('',0.776470588235294,0.756862745098039,0.737254901960784);
#6645=COLOUR_RGB('',1.,0.870588235294118,0.529411764705882);
#6646=ADVANCED_FACE('',(#4446),#4741,.F.);
#6647=ADVANCED_FACE('',(#4447),#4742,.F.);
#6648=ADVANCED_FACE('',(#4448),#4743,.F.);
#6649=ADVANCED_FACE('',(#4449),#4744,.F.);
#6650=ADVANCED_FACE('',(#4450),#4745,.T.);
#6651=ADVANCED_FACE('',(#4451),#4746,.T.);
#6652=ADVANCED_FACE('',(#4452),#4747,.T.);
#6653=ADVANCED_FACE('',(#4453),#4748,.T.);
#6654=ADVANCED_FACE('',(#4454),#4749,.F.);
#6655=ADVANCED_FACE('',(#4455),#140,.T.);
#6656=ADVANCED_FACE('',(#4456),#4750,.F.);
#6657=ADVANCED_FACE('',(#4457),#141,.T.);
#6658=ADVANCED_FACE('',(#4458),#142,.T.);
#6659=ADVANCED_FACE('',(#4459),#4751,.F.);
#6660=ADVANCED_FACE('',(#4460),#4752,.F.);
#6661=ADVANCED_FACE('',(#4461),#143,.T.);
#6662=ADVANCED_FACE('',(#4462),#4753,.F.);
#6663=ADVANCED_FACE('',(#4463),#4754,.F.);
#6664=ADVANCED_FACE('',(#4464),#144,.F.);
#6665=ADVANCED_FACE('',(#4465),#145,.F.);
#6666=ADVANCED_FACE('',(#4466),#146,.T.);
#6667=ADVANCED_FACE('',(#4467),#4755,.F.);
#6668=ADVANCED_FACE('',(#4468),#147,.F.);
#6669=ADVANCED_FACE('',(#4469),#4756,.T.);
#6670=ADVANCED_FACE('',(#4470),#148,.T.);
#6671=ADVANCED_FACE('',(#4471),#4757,.F.);
#6672=ADVANCED_FACE('',(#4472),#4758,.T.);
#6673=ADVANCED_FACE('',(#4473),#149,.T.);
#6674=ADVANCED_FACE('',(#4474),#4759,.F.);
#6675=ADVANCED_FACE('',(#4475),#150,.F.);
#6676=ADVANCED_FACE('',(#4476),#4760,.T.);
#6677=ADVANCED_FACE('',(#4477),#151,.T.);
#6678=ADVANCED_FACE('',(#4478),#4761,.F.);
#6679=ADVANCED_FACE('',(#4479),#152,.F.);
#6680=ADVANCED_FACE('',(#4480),#4762,.T.);
#6681=ADVANCED_FACE('',(#4481),#153,.T.);
#6682=ADVANCED_FACE('',(#4482),#4763,.F.);
#6683=ADVANCED_FACE('',(#4483),#154,.F.);
#6684=ADVANCED_FACE('',(#4484),#4764,.T.);
#6685=ADVANCED_FACE('',(#4485),#155,.T.);
#6686=ADVANCED_FACE('',(#4486),#4765,.F.);
#6687=ADVANCED_FACE('',(#4487),#156,.F.);
#6688=ADVANCED_FACE('',(#4488),#4766,.T.);
#6689=ADVANCED_FACE('',(#4489),#157,.T.);
#6690=ADVANCED_FACE('',(#4490),#4767,.F.);
#6691=ADVANCED_FACE('',(#4491),#158,.F.);
#6692=ADVANCED_FACE('',(#4492),#4768,.T.);
#6693=ADVANCED_FACE('',(#4493),#159,.T.);
#6694=ADVANCED_FACE('',(#4494),#4769,.F.);
#6695=ADVANCED_FACE('',(#4495),#160,.F.);
#6696=ADVANCED_FACE('',(#4496),#4770,.T.);
#6697=ADVANCED_FACE('',(#4497),#161,.F.);
#6698=ADVANCED_FACE('',(#4498),#162,.F.);
#6699=ADVANCED_FACE('',(#4499),#4771,.F.);
#6700=ADVANCED_FACE('',(#4500),#163,.T.);
#6701=ADVANCED_FACE('',(#4501),#4772,.T.);
#6702=ADVANCED_FACE('',(#4502),#164,.F.);
#6703=ADVANCED_FACE('',(#4503),#4773,.F.);
#6704=ADVANCED_FACE('',(#4504),#165,.T.);
#6705=ADVANCED_FACE('',(#4505),#4774,.T.);
#6706=ADVANCED_FACE('',(#4506),#166,.F.);
#6707=ADVANCED_FACE('',(#4507),#4775,.F.);
#6708=ADVANCED_FACE('',(#4508),#167,.T.);
#6709=ADVANCED_FACE('',(#4509),#4776,.T.);
#6710=ADVANCED_FACE('',(#4510),#168,.F.);
#6711=ADVANCED_FACE('',(#4511),#4777,.F.);
#6712=ADVANCED_FACE('',(#4512),#169,.T.);
#6713=ADVANCED_FACE('',(#4513),#4778,.T.);
#6714=ADVANCED_FACE('',(#4514),#170,.F.);
#6715=ADVANCED_FACE('',(#4515),#4779,.F.);
#6716=ADVANCED_FACE('',(#4516),#171,.T.);
#6717=ADVANCED_FACE('',(#4517),#4780,.T.);
#6718=ADVANCED_FACE('',(#4518),#172,.F.);
#6719=ADVANCED_FACE('',(#4519),#4781,.F.);
#6720=ADVANCED_FACE('',(#4520),#173,.T.);
#6721=ADVANCED_FACE('',(#4521),#4782,.T.);
#6722=ADVANCED_FACE('',(#4522),#174,.F.);
#6723=ADVANCED_FACE('',(#4523),#4783,.F.);
#6724=ADVANCED_FACE('',(#4524),#175,.T.);
#6725=ADVANCED_FACE('',(#4525),#4784,.T.);
#6726=ADVANCED_FACE('',(#4526),#176,.F.);
#6727=ADVANCED_FACE('',(#4527),#4785,.F.);
#6728=ADVANCED_FACE('',(#4528),#177,.T.);
#6729=ADVANCED_FACE('',(#4529),#4786,.T.);
#6730=ADVANCED_FACE('',(#4530,#4531),#178,.T.);
#6731=ADVANCED_FACE('',(#4532),#4787,.T.);
#6732=ADVANCED_FACE('',(#4533),#4788,.F.);
#6733=ADVANCED_FACE('',(#4534),#4789,.F.);
#6734=ADVANCED_FACE('',(#4535),#4790,.F.);
#6735=ADVANCED_FACE('',(#4536,#4537,#4538,#4539),#4791,.T.);
#6736=ADVANCED_FACE('',(#4540),#4792,.F.);
#6737=ADVANCED_FACE('',(#4541),#4793,.F.);
#6738=ADVANCED_FACE('',(#4542),#4794,.F.);
#6739=ADVANCED_FACE('',(#4543),#4795,.F.);
#6740=ADVANCED_FACE('',(#4544,#4545),#4796,.T.);
#6741=ADVANCED_FACE('',(#4546,#4547),#4797,.T.);
#6742=ADVANCED_FACE('',(#4548),#4798,.T.);
#6743=ADVANCED_FACE('',(#4549),#179,.T.);
#6744=ADVANCED_FACE('',(#4550),#180,.T.);
#6745=ADVANCED_FACE('',(#4551),#4799,.T.);
#6746=ADVANCED_FACE('',(#4552,#4553),#181,.T.);
#6747=ADVANCED_FACE('',(#4554),#4800,.F.);
#6748=ADVANCED_FACE('',(#4555),#4801,.F.);
#6749=ADVANCED_FACE('',(#4556),#4802,.F.);
#6750=ADVANCED_FACE('',(#4557),#4803,.F.);
#6751=ADVANCED_FACE('',(#4558),#4804,.T.);
#6752=ADVANCED_FACE('',(#4559),#4805,.F.);
#6753=ADVANCED_FACE('',(#4560),#4806,.F.);
#6754=ADVANCED_FACE('',(#4561),#182,.T.);
#6755=ADVANCED_FACE('',(#4562),#4807,.F.);
#6756=ADVANCED_FACE('',(#4563),#4808,.F.);
#6757=ADVANCED_FACE('',(#4564),#4809,.F.);
#6758=ADVANCED_FACE('',(#4565),#4810,.F.);
#6759=ADVANCED_FACE('',(#4566),#4811,.F.);
#6760=ADVANCED_FACE('',(#4567),#4812,.F.);
#6761=ADVANCED_FACE('',(#4568),#4813,.F.);
#6762=ADVANCED_FACE('',(#4569),#4814,.F.);
#6763=ADVANCED_FACE('',(#4570),#4815,.F.);
#6764=ADVANCED_FACE('',(#4571),#4816,.F.);
#6765=ADVANCED_FACE('',(#4572),#4817,.F.);
#6766=ADVANCED_FACE('',(#4573),#4818,.F.);
#6767=ADVANCED_FACE('',(#4574),#4819,.F.);
#6768=ADVANCED_FACE('',(#4575),#4820,.F.);
#6769=ADVANCED_FACE('',(#4576),#4821,.T.);
#6770=ADVANCED_FACE('',(#4577),#4822,.F.);
#6771=ADVANCED_FACE('',(#4578),#4823,.F.);
#6772=ADVANCED_FACE('',(#4579),#4824,.F.);
#6773=ADVANCED_FACE('',(#4580),#4825,.T.);
#6774=ADVANCED_FACE('',(#4581),#183,.T.);
#6775=ADVANCED_FACE('',(#4582),#4826,.T.);
#6776=ADVANCED_FACE('',(#4583),#14,.T.);
#6777=ADVANCED_FACE('',(#4584),#4827,.F.);
#6778=ADVANCED_FACE('',(#4585),#4828,.F.);
#6779=ADVANCED_FACE('',(#4586),#4829,.F.);
#6780=ADVANCED_FACE('',(#4587),#4830,.T.);
#6781=ADVANCED_FACE('',(#4588),#4831,.F.);
#6782=ADVANCED_FACE('',(#4589),#184,.T.);
#6783=ADVANCED_FACE('',(#4590),#4832,.F.);
#6784=ADVANCED_FACE('',(#4591),#4833,.F.);
#6785=ADVANCED_FACE('',(#4592,#4593,#4594),#4834,.T.);
#6786=ADVANCED_FACE('',(#4595),#4835,.F.);
#6787=ADVANCED_FACE('',(#4596),#185,.T.);
#6788=ADVANCED_FACE('',(#4597),#4836,.F.);
#6789=ADVANCED_FACE('',(#4598),#4837,.F.);
#6790=ADVANCED_FACE('',(#4599,#4600,#4601),#4838,.T.);
#6791=ADVANCED_FACE('',(#4602),#4839,.F.);
#6792=ADVANCED_FACE('',(#4603),#186,.T.);
#6793=ADVANCED_FACE('',(#4604),#4840,.F.);
#6794=ADVANCED_FACE('',(#4605),#4841,.F.);
#6795=ADVANCED_FACE('',(#4606,#4607,#4608),#4842,.T.);
#6796=ADVANCED_FACE('',(#4609,#4610),#187,.F.);
#6797=ADVANCED_FACE('',(#4611,#4612),#188,.F.);
#6798=ADVANCED_FACE('',(#4613,#4614),#189,.F.);
#6799=ADVANCED_FACE('',(#4615),#4843,.F.);
#6800=ADVANCED_FACE('',(#4616),#4844,.F.);
#6801=ADVANCED_FACE('',(#4617),#4845,.F.);
#6802=ADVANCED_FACE('',(#4618),#4846,.F.);
#6803=ADVANCED_FACE('',(#4619),#4847,.T.);
#6804=ADVANCED_FACE('',(#4620),#4848,.F.);
#6805=ADVANCED_FACE('',(#4621),#4849,.F.);
#6806=ADVANCED_FACE('',(#4622),#4850,.F.);
#6807=ADVANCED_FACE('',(#4623),#4851,.F.);
#6808=ADVANCED_FACE('',(#4624),#4852,.T.);
#6809=ADVANCED_FACE('',(#4625),#4853,.F.);
#6810=ADVANCED_FACE('',(#4626),#4854,.F.);
#6811=ADVANCED_FACE('',(#4627),#4855,.F.);
#6812=ADVANCED_FACE('',(#4628),#4856,.F.);
#6813=ADVANCED_FACE('',(#4629),#4857,.T.);
#6814=ADVANCED_FACE('',(#4630),#4858,.F.);
#6815=ADVANCED_FACE('',(#4631),#4859,.F.);
#6816=ADVANCED_FACE('',(#4632),#4860,.F.);
#6817=ADVANCED_FACE('',(#4633),#4861,.F.);
#6818=ADVANCED_FACE('',(#4634),#4862,.T.);
#6819=ADVANCED_FACE('',(#4635),#4863,.F.);
#6820=ADVANCED_FACE('',(#4636),#4864,.F.);
#6821=ADVANCED_FACE('',(#4637),#4865,.F.);
#6822=ADVANCED_FACE('',(#4638),#4866,.F.);
#6823=ADVANCED_FACE('',(#4639),#4867,.T.);
#6824=ADVANCED_FACE('',(#4640),#4868,.F.);
#6825=ADVANCED_FACE('',(#4641),#4869,.F.);
#6826=ADVANCED_FACE('',(#4642),#4870,.F.);
#6827=ADVANCED_FACE('',(#4643),#4871,.F.);
#6828=ADVANCED_FACE('',(#4644),#4872,.T.);
#6829=ADVANCED_FACE('',(#4645),#4873,.F.);
#6830=ADVANCED_FACE('',(#4646),#4874,.F.);
#6831=ADVANCED_FACE('',(#4647),#4875,.F.);
#6832=ADVANCED_FACE('',(#4648),#4876,.F.);
#6833=ADVANCED_FACE('',(#4649),#4877,.F.);
#6834=ADVANCED_FACE('',(#4650),#4878,.F.);
#6835=ADVANCED_FACE('',(#4651),#4879,.F.);
#6836=ADVANCED_FACE('',(#4652),#4880,.F.);
#6837=ADVANCED_FACE('',(#4653),#4881,.F.);
#6838=ADVANCED_FACE('',(#4654,#4655),#4882,.T.);
#6839=ADVANCED_FACE('',(#4656,#4657),#4883,.T.);
#6840=ADVANCED_FACE('',(#4658,#4659),#4884,.T.);
#6841=ADVANCED_FACE('',(#4660),#4885,.F.);
#6842=ADVANCED_FACE('',(#4661),#4886,.F.);
#6843=ADVANCED_FACE('',(#4662),#4887,.F.);
#6844=ADVANCED_FACE('',(#4663),#4888,.T.);
#6845=ADVANCED_FACE('',(#4664),#4889,.F.);
#6846=ADVANCED_FACE('',(#4665),#4890,.F.);
#6847=ADVANCED_FACE('',(#4666),#4891,.F.);
#6848=ADVANCED_FACE('',(#4667),#4892,.T.);
#6849=ADVANCED_FACE('',(#4668),#4893,.F.);
#6850=ADVANCED_FACE('',(#4669),#4894,.F.);
#6851=ADVANCED_FACE('',(#4670),#4895,.F.);
#6852=ADVANCED_FACE('',(#4671),#4896,.T.);
#6853=ADVANCED_FACE('',(#4672,#4673,#4674),#4897,.T.);
#6854=ADVANCED_FACE('',(#4675),#15,.T.);
#6855=ADVANCED_FACE('',(#4676),#16,.T.);
#6856=ADVANCED_FACE('',(#4677),#4898,.T.);
#6857=ADVANCED_FACE('',(#4678),#190,.F.);
#6858=ADVANCED_FACE('',(#4679),#12,.F.);
#6859=ADVANCED_FACE('',(#4680),#13,.F.);
#6860=ADVANCED_FACE('',(#4681),#191,.F.);
#6861=ADVANCED_FACE('',(#4682),#4899,.F.);
#6862=ADVANCED_FACE('',(#4683),#4900,.F.);
#6863=ADVANCED_FACE('',(#4684),#4901,.F.);
#6864=ADVANCED_FACE('',(#4685),#4902,.F.);
#6865=ADVANCED_FACE('',(#4686),#192,.F.);
#6866=ADVANCED_FACE('',(#4687),#4903,.F.);
#6867=ADVANCED_FACE('',(#4688),#193,.T.);
#6868=ADVANCED_FACE('',(#4689),#4904,.F.);
#6869=ADVANCED_FACE('',(#4690),#4905,.T.);
#6870=ADVANCED_FACE('',(#4691),#4906,.F.);
#6871=ADVANCED_FACE('',(#4692),#194,.T.);
#6872=ADVANCED_FACE('',(#4693),#4907,.F.);
#6873=ADVANCED_FACE('',(#4694),#4908,.T.);
#6874=ADVANCED_FACE('',(#4695),#4909,.F.);
#6875=ADVANCED_FACE('',(#4696),#195,.T.);
#6876=ADVANCED_FACE('',(#4697),#4910,.F.);
#6877=ADVANCED_FACE('',(#4698),#4911,.T.);
#6878=ADVANCED_FACE('',(#4699),#4912,.F.);
#6879=ADVANCED_FACE('',(#4700),#196,.T.);
#6880=ADVANCED_FACE('',(#4701),#4913,.F.);
#6881=ADVANCED_FACE('',(#4702),#4914,.T.);
#6882=ADVANCED_FACE('',(#4703),#197,.T.);
#6883=ADVANCED_FACE('',(#4704),#198,.T.);
#6884=ADVANCED_FACE('',(#4705),#199,.T.);
#6885=ADVANCED_FACE('',(#4706),#200,.T.);
#6886=ADVANCED_FACE('',(#4707),#4915,.F.);
#6887=ADVANCED_FACE('',(#4708),#4916,.F.);
#6888=ADVANCED_FACE('',(#4709),#4917,.F.);
#6889=ADVANCED_FACE('',(#4710),#4918,.F.);
#6890=ADVANCED_FACE('',(#4711),#4919,.F.);
#6891=ADVANCED_FACE('',(#4712),#4920,.F.);
#6892=ADVANCED_FACE('',(#4713),#201,.T.);
#6893=ADVANCED_FACE('',(#4714),#202,.T.);
#6894=ADVANCED_FACE('',(#4715),#203,.T.);
#6895=ADVANCED_FACE('',(#4716,#4717),#17,.T.);
#6896=ADVANCED_FACE('',(#4718,#4719),#18,.T.);
#6897=ADVANCED_FACE('',(#4720,#4721),#19,.T.);
#6898=ADVANCED_FACE('',(#4722,#4723),#20,.T.);
#6899=ADVANCED_FACE('',(#4724,#4725),#21,.T.);
#6900=ADVANCED_FACE('',(#4726,#4727),#22,.T.);
#6901=ADVANCED_FACE('',(#4728),#204,.F.);
#6902=ADVANCED_FACE('',(#4729),#205,.F.);
#6903=ADVANCED_FACE('',(#4730),#206,.F.);
#6904=ADVANCED_FACE('',(#4731),#207,.T.);
#6905=ADVANCED_FACE('',(#4732),#208,.T.);
#6906=ADVANCED_FACE('',(#4733),#209,.T.);
#6907=ADVANCED_FACE('',(#4734),#23,.T.);
#6908=ADVANCED_FACE('',(#4735),#210,.F.);
#6909=ADVANCED_FACE('',(#4736),#211,.T.);
#6910=ADVANCED_FACE('',(#4737),#24,.T.);
#6911=ADVANCED_FACE('',(#4738),#25,.T.);
#6912=ADVANCED_FACE('',(#4739),#26,.T.);
#6913=ADVANCED_FACE('',(#4740),#27,.T.);
#6914=CLOSED_SHELL('',(#6646,#6647,#6648,#6649,#6650,#6651,#6652,#6653,
#6654,#6655,#6656,#6657,#6658,#6659,#6660,#6661,#6662,#6663,#6664,#6665,
#6666,#6667,#6668,#6669,#6670,#6671,#6672,#6673,#6674,#6675,#6676,#6677,
#6678,#6679,#6680,#6681,#6682,#6683,#6684,#6685,#6686,#6687,#6688,#6689,
#6690,#6691,#6692,#6693,#6694,#6695,#6696,#6697,#6698,#6699,#6700,#6701,
#6702,#6703,#6704,#6705,#6706,#6707,#6708,#6709,#6710,#6711,#6712,#6713,
#6714,#6715,#6716,#6717,#6718,#6719,#6720,#6721,#6722,#6723,#6724,#6725,
#6726,#6727,#6728,#6729,#6730,#6731,#6732,#6733,#6734,#6735,#6736,#6737,
#6738,#6739,#6740,#6741,#6742,#6743,#6744,#6745,#6746,#6747,#6748,#6749,
#6750,#6751,#6752,#6753,#6754,#6755,#6756,#6757,#6758,#6759,#6760,#6761,
#6762,#6763,#6764,#6765,#6766,#6767,#6768,#6769,#6770,#6771,#6772,#6773,
#6774,#6775,#6776,#6777,#6778,#6779,#6780,#6781,#6782,#6783,#6784,#6785,
#6786,#6787,#6788,#6789,#6790,#6791,#6792,#6793,#6794,#6795,#6796,#6797,
#6798,#6799,#6800,#6801,#6802,#6803,#6804,#6805,#6806,#6807,#6808,#6809,
#6810,#6811,#6812,#6813,#6814,#6815,#6816,#6817,#6818,#6819,#6820,#6821,
#6822,#6823,#6824,#6825,#6826,#6827,#6828,#6829,#6830,#6831,#6832,#6833,
#6834,#6835,#6836,#6837,#6838,#6839,#6840,#6841,#6842,#6843,#6844,#6845,
#6846,#6847,#6848,#6849,#6850,#6851,#6852,#6853,#6854,#6855,#6856,#6857,
#6858,#6859,#6860,#6861,#6862,#6863,#6864,#6865,#6866,#6867,#6868,#6869,
#6870,#6871,#6872,#6873,#6874,#6875,#6876,#6877,#6878,#6879,#6880,#6881,
#6882,#6883,#6884,#6885,#6886,#6887,#6888,#6889,#6890,#6891,#6892,#6893,
#6894,#6895,#6896,#6897,#6898,#6899,#6900,#6901,#6902,#6903,#6904,#6905,
#6906,#6907,#6908,#6909,#6910,#6911,#6912,#6913));
#6915=MANIFOLD_SOLID_BREP('',#6914);
#6916=SHAPE_DEFINITION_REPRESENTATION(#11675,#6917);
#6917=SHAPE_REPRESENTATION('id2',(#6918),#11670);
#6918=AXIS2_PLACEMENT_3D('',#8685,#7343,#7344);
#6919=AXIS2_PLACEMENT_3D('',#8686,#7345,#7346);
#6920=AXIS2_PLACEMENT_3D('',#8695,#7351,#7352);
#6921=AXIS2_PLACEMENT_3D('',#8704,#7357,#7358);
#6922=AXIS2_PLACEMENT_3D('',#8713,#7363,#7364);
#6923=AXIS2_PLACEMENT_3D('',#8722,#7369,#7370);
#6924=AXIS2_PLACEMENT_3D('',#8723,#7371,#7372);
#6925=AXIS2_PLACEMENT_3D('',#8730,#7375,#7376);
#6926=AXIS2_PLACEMENT_3D('',#8734,#7378,#7379);
#6927=AXIS2_PLACEMENT_3D('',#8740,#7382,#7383);
#6928=AXIS2_PLACEMENT_3D('',#8743,#7385,#7386);
#6929=AXIS2_PLACEMENT_3D('',#8744,#7387,#7388);
#6930=AXIS2_PLACEMENT_3D('',#8751,#7391,#7392);
#6931=AXIS2_PLACEMENT_3D('',#8755,#7394,#7395);
#6932=AXIS2_PLACEMENT_3D('',#8761,#7398,#7399);
#6933=AXIS2_PLACEMENT_3D('',#8764,#7401,#7402);
#6934=AXIS2_PLACEMENT_3D('',#8765,#7403,#7404);
#6935=AXIS2_PLACEMENT_3D('',#8770,#7406,#7407);
#6936=AXIS2_PLACEMENT_3D('',#8776,#7410,#7411);
#6937=AXIS2_PLACEMENT_3D('',#8780,#7413,#7414);
#6938=AXIS2_PLACEMENT_3D('',#8785,#7417,#7418);
#6939=AXIS2_PLACEMENT_3D('',#8786,#7419,#7420);
#6940=AXIS2_PLACEMENT_3D('',#8791,#7422,#7423);
#6941=AXIS2_PLACEMENT_3D('',#8797,#7426,#7427);
#6942=AXIS2_PLACEMENT_3D('',#8801,#7429,#7430);
#6943=AXIS2_PLACEMENT_3D('',#8806,#7433,#7434);
#6944=AXIS2_PLACEMENT_3D('',#8807,#7435,#7436);
#6945=AXIS2_PLACEMENT_3D('',#8812,#7438,#7439);
#6946=AXIS2_PLACEMENT_3D('',#8815,#7441,#7442);
#6947=AXIS2_PLACEMENT_3D('',#8816,#7443,#7444);
#6948=AXIS2_PLACEMENT_3D('',#8822,#7447,#7448);
#6949=AXIS2_PLACEMENT_3D('',#8826,#7450,#7451);
#6950=AXIS2_PLACEMENT_3D('',#8830,#7453,#7454);
#6951=AXIS2_PLACEMENT_3D('',#8834,#7457,#7458);
#6952=AXIS2_PLACEMENT_3D('',#8835,#7459,#7460);
#6953=AXIS2_PLACEMENT_3D('',#8840,#7462,#7463);
#6954=AXIS2_PLACEMENT_3D('',#8843,#7465,#7466);
#6955=AXIS2_PLACEMENT_3D('',#8846,#7468,#7469);
#6956=AXIS2_PLACEMENT_3D('',#8849,#7471,#7472);
#6957=AXIS2_PLACEMENT_3D('',#8850,#7473,#7474);
#6958=AXIS2_PLACEMENT_3D('',#8856,#7477,#7478);
#6959=AXIS2_PLACEMENT_3D('',#8860,#7481,#7482);
#6960=AXIS2_PLACEMENT_3D('',#8863,#7485,#7486);
#6961=AXIS2_PLACEMENT_3D('',#8864,#7487,#7488);
#6962=AXIS2_PLACEMENT_3D('',#8865,#7489,#7490);
#6963=AXIS2_PLACEMENT_3D('',#8866,#7491,#7492);
#6964=AXIS2_PLACEMENT_3D('',#8867,#7493,#7494);
#6965=AXIS2_PLACEMENT_3D('',#8868,#7495,#7496);
#6966=AXIS2_PLACEMENT_3D('',#8887,#7501,#7502);
#6967=AXIS2_PLACEMENT_3D('',#8906,#7507,#7508);
#6968=AXIS2_PLACEMENT_3D('',#8912,#7509,#7510);
#6969=AXIS2_PLACEMENT_3D('',#8915,#7512,#7513);
#6970=AXIS2_PLACEMENT_3D('',#8923,#7515,#7516);
#6971=AXIS2_PLACEMENT_3D('',#8924,#7517,#7518);
#6972=AXIS2_PLACEMENT_3D('',#8943,#7520,#7521);
#6973=AXIS2_PLACEMENT_3D('',#8946,#7523,#7524);
#6974=AXIS2_PLACEMENT_3D('',#8955,#7527,#7528);
#6975=AXIS2_PLACEMENT_3D('',#8963,#7530,#7531);
#6976=AXIS2_PLACEMENT_3D('',#8964,#7532,#7533);
#6977=AXIS2_PLACEMENT_3D('',#8973,#7536,#7537);
#6978=AXIS2_PLACEMENT_3D('',#8991,#7539,#7540);
#6979=AXIS2_PLACEMENT_3D('',#8992,#7541,#7542);
#6980=AXIS2_PLACEMENT_3D('',#8998,#7544,#7545);
#6981=AXIS2_PLACEMENT_3D('',#9007,#7548,#7549);
#6982=AXIS2_PLACEMENT_3D('',#9025,#7551,#7552);
#6983=AXIS2_PLACEMENT_3D('',#9026,#7553,#7554);
#6984=AXIS2_PLACEMENT_3D('',#9035,#7557,#7558);
#6985=AXIS2_PLACEMENT_3D('',#9043,#7560,#7561);
#6986=AXIS2_PLACEMENT_3D('',#9044,#7562,#7563);
#6987=AXIS2_PLACEMENT_3D('',#9053,#7566,#7567);
#6988=AXIS2_PLACEMENT_3D('',#9071,#7569,#7570);
#6989=AXIS2_PLACEMENT_3D('',#9072,#7571,#7572);
#6990=AXIS2_PLACEMENT_3D('',#9081,#7575,#7576);
#6991=AXIS2_PLACEMENT_3D('',#9089,#7578,#7579);
#6992=AXIS2_PLACEMENT_3D('',#9090,#7580,#7581);
#6993=AXIS2_PLACEMENT_3D('',#9099,#7584,#7585);
#6994=AXIS2_PLACEMENT_3D('',#9117,#7587,#7588);
#6995=AXIS2_PLACEMENT_3D('',#9118,#7589,#7590);
#6996=AXIS2_PLACEMENT_3D('',#9127,#7593,#7594);
#6997=AXIS2_PLACEMENT_3D('',#9135,#7596,#7597);
#6998=AXIS2_PLACEMENT_3D('',#9136,#7598,#7599);
#6999=AXIS2_PLACEMENT_3D('',#9145,#7602,#7603);
#7000=AXIS2_PLACEMENT_3D('',#9154,#7605,#7606);
#7001=AXIS2_PLACEMENT_3D('',#9164,#7607,#7608);
#7002=AXIS2_PLACEMENT_3D('',#9173,#7611,#7612);
#7003=AXIS2_PLACEMENT_3D('',#9181,#7614,#7615);
#7004=AXIS2_PLACEMENT_3D('',#9182,#7616,#7617);
#7005=AXIS2_PLACEMENT_3D('',#9191,#7620,#7621);
#7006=AXIS2_PLACEMENT_3D('',#9209,#7623,#7624);
#7007=AXIS2_PLACEMENT_3D('',#9210,#7625,#7626);
#7008=AXIS2_PLACEMENT_3D('',#9219,#7629,#7630);
#7009=AXIS2_PLACEMENT_3D('',#9227,#7632,#7633);
#7010=AXIS2_PLACEMENT_3D('',#9228,#7634,#7635);
#7011=AXIS2_PLACEMENT_3D('',#9237,#7638,#7639);
#7012=AXIS2_PLACEMENT_3D('',#9255,#7641,#7642);
#7013=AXIS2_PLACEMENT_3D('',#9256,#7643,#7644);
#7014=AXIS2_PLACEMENT_3D('',#9265,#7647,#7648);
#7015=AXIS2_PLACEMENT_3D('',#9273,#7650,#7651);
#7016=AXIS2_PLACEMENT_3D('',#9274,#7652,#7653);
#7017=AXIS2_PLACEMENT_3D('',#9280,#7655,#7656);
#7018=AXIS2_PLACEMENT_3D('',#9286,#7657,#7658);
#7019=AXIS2_PLACEMENT_3D('',#9289,#7660,#7661);
#7020=AXIS2_PLACEMENT_3D('',#9297,#7663,#7664);
#7021=AXIS2_PLACEMENT_3D('',#9298,#7665,#7666);
#7022=AXIS2_PLACEMENT_3D('',#9307,#7669,#7670);
#7023=AXIS2_PLACEMENT_3D('',#9323,#7671,#7672);
#7024=AXIS2_PLACEMENT_3D('',#9326,#7674,#7675);
#7025=AXIS2_PLACEMENT_3D('',#9335,#7678,#7679);
#7026=AXIS2_PLACEMENT_3D('',#9341,#7680,#7681);
#7027=AXIS2_PLACEMENT_3D('',#9344,#7683,#7684);
#7028=AXIS2_PLACEMENT_3D('',#9353,#7687,#7688);
#7029=AXIS2_PLACEMENT_3D('',#9369,#7689,#7690);
#7030=AXIS2_PLACEMENT_3D('',#9372,#7692,#7693);
#7031=AXIS2_PLACEMENT_3D('',#9381,#7696,#7697);
#7032=AXIS2_PLACEMENT_3D('',#9387,#7698,#7699);
#7033=AXIS2_PLACEMENT_3D('',#9390,#7701,#7702);
#7034=AXIS2_PLACEMENT_3D('',#9399,#7705,#7706);
#7035=AXIS2_PLACEMENT_3D('',#9415,#7707,#7708);
#7036=AXIS2_PLACEMENT_3D('',#9418,#7710,#7711);
#7037=AXIS2_PLACEMENT_3D('',#9427,#7714,#7715);
#7038=AXIS2_PLACEMENT_3D('',#9433,#7716,#7717);
#7039=AXIS2_PLACEMENT_3D('',#9436,#7719,#7720);
#7040=AXIS2_PLACEMENT_3D('',#9445,#7723,#7724);
#7041=AXIS2_PLACEMENT_3D('',#9461,#7725,#7726);
#7042=AXIS2_PLACEMENT_3D('',#9464,#7728,#7729);
#7043=AXIS2_PLACEMENT_3D('',#9473,#7732,#7733);
#7044=AXIS2_PLACEMENT_3D('',#9479,#7734,#7735);
#7045=AXIS2_PLACEMENT_3D('',#9482,#7737,#7738);
#7046=AXIS2_PLACEMENT_3D('',#9491,#7741,#7742);
#7047=AXIS2_PLACEMENT_3D('',#9497,#7743,#7744);
#7048=AXIS2_PLACEMENT_3D('',#9510,#7746,#7747);
#7049=AXIS2_PLACEMENT_3D('',#9519,#7750,#7751);
#7050=AXIS2_PLACEMENT_3D('',#9525,#7752,#7753);
#7051=AXIS2_PLACEMENT_3D('',#9528,#7755,#7756);
#7052=AXIS2_PLACEMENT_3D('',#9537,#7759,#7760);
#7053=AXIS2_PLACEMENT_3D('',#9553,#7761,#7762);
#7054=AXIS2_PLACEMENT_3D('',#9556,#7764,#7765);
#7055=AXIS2_PLACEMENT_3D('',#9565,#7768,#7769);
#7056=AXIS2_PLACEMENT_3D('',#9571,#7770,#7771);
#7057=AXIS2_PLACEMENT_3D('',#9574,#7773,#7774);
#7058=AXIS2_PLACEMENT_3D('',#9583,#7777,#7778);
#7059=AXIS2_PLACEMENT_3D('',#9599,#7779,#7780);
#7060=AXIS2_PLACEMENT_3D('',#9602,#7782,#7783);
#7061=AXIS2_PLACEMENT_3D('',#9611,#7786,#7787);
#7062=AXIS2_PLACEMENT_3D('',#9617,#7788,#7789);
#7063=AXIS2_PLACEMENT_3D('',#9620,#7791,#7792);
#7064=AXIS2_PLACEMENT_3D('',#9629,#7795,#7796);
#7065=AXIS2_PLACEMENT_3D('',#9645,#7797,#7798);
#7066=AXIS2_PLACEMENT_3D('',#9648,#7800,#7801);
#7067=AXIS2_PLACEMENT_3D('',#9654,#7803,#7804);
#7068=AXIS2_PLACEMENT_3D('',#9655,#7805,#7806);
#7069=AXIS2_PLACEMENT_3D('',#9657,#7807,#7808);
#7070=AXIS2_PLACEMENT_3D('',#9659,#7809,#7810);
#7071=AXIS2_PLACEMENT_3D('',#9660,#7811,#7812);
#7072=AXIS2_PLACEMENT_3D('',#9661,#7813,#7814);
#7073=AXIS2_PLACEMENT_3D('',#9690,#7829,#7830);
#7074=AXIS2_PLACEMENT_3D('',#9719,#7845,#7846);
#7075=AXIS2_PLACEMENT_3D('',#9748,#7861,#7862);
#7076=AXIS2_PLACEMENT_3D('',#9752,#7864,#7865);
#7077=AXIS2_PLACEMENT_3D('',#9755,#7867,#7868);
#7078=AXIS2_PLACEMENT_3D('',#9791,#7886,#7887);
#7079=AXIS2_PLACEMENT_3D('',#9794,#7889,#7890);
#7080=AXIS2_PLACEMENT_3D('',#9795,#7891,#7892);
#7081=AXIS2_PLACEMENT_3D('',#9797,#7893,#7894);
#7082=AXIS2_PLACEMENT_3D('',#9799,#7895,#7896);
#7083=AXIS2_PLACEMENT_3D('',#9801,#7897,#7898);
#7084=AXIS2_PLACEMENT_3D('',#9805,#7902,#7903);
#7085=AXIS2_PLACEMENT_3D('',#9809,#7907,#7908);
#7086=AXIS2_PLACEMENT_3D('',#9814,#7912,#7913);
#7087=AXIS2_PLACEMENT_3D('',#9818,#7915,#7916);
#7088=AXIS2_PLACEMENT_3D('',#9819,#7917,#7918);
#7089=AXIS2_PLACEMENT_3D('',#9827,#7922,#7923);
#7090=AXIS2_PLACEMENT_3D('',#9828,#7924,#7925);
#7091=AXIS2_PLACEMENT_3D('',#9837,#7930,#7931);
#7092=AXIS2_PLACEMENT_3D('',#9842,#7934,#7935);
#7093=AXIS2_PLACEMENT_3D('',#9847,#7938,#7939);
#7094=AXIS2_PLACEMENT_3D('',#9851,#7942,#7943);
#7095=AXIS2_PLACEMENT_3D('',#9861,#7944,#7945);
#7096=AXIS2_PLACEMENT_3D('',#9870,#7946,#7947);
#7097=AXIS2_PLACEMENT_3D('',#9878,#7951,#7952);
#7098=AXIS2_PLACEMENT_3D('',#9886,#7956,#7957);
#7099=AXIS2_PLACEMENT_3D('',#9887,#7958,#7959);
#7100=AXIS2_PLACEMENT_3D('',#9890,#7960,#7961);
#7101=AXIS2_PLACEMENT_3D('',#9891,#7962,#7963);
#7102=AXIS2_PLACEMENT_3D('',#9899,#7968,#7969);
#7103=AXIS2_PLACEMENT_3D('',#9902,#7971,#7972);
#7104=AXIS2_PLACEMENT_3D('',#9909,#7977,#7978);
#7105=AXIS2_PLACEMENT_3D('',#9910,#7979,#7980);
#7106=AXIS2_PLACEMENT_3D('',#9915,#7985,#7986);
#7107=AXIS2_PLACEMENT_3D('',#9919,#7988,#7989);
#7108=AXIS2_PLACEMENT_3D('',#9924,#7992,#7993);
#7109=AXIS2_PLACEMENT_3D('',#9925,#7994,#7995);
#7110=AXIS2_PLACEMENT_3D('',#9928,#7997,#7998);
#7111=AXIS2_PLACEMENT_3D('',#9933,#8001,#8002);
#7112=AXIS2_PLACEMENT_3D('',#9938,#8005,#8006);
#7113=AXIS2_PLACEMENT_3D('',#9943,#8009,#8010);
#7114=AXIS2_PLACEMENT_3D('',#9948,#8013,#8014);
#7115=AXIS2_PLACEMENT_3D('',#9954,#8017,#8018);
#7116=AXIS2_PLACEMENT_3D('',#9958,#8020,#8021);
#7117=AXIS2_PLACEMENT_3D('',#9959,#8022,#8023);
#7118=AXIS2_PLACEMENT_3D('',#9967,#8027,#8028);
#7119=AXIS2_PLACEMENT_3D('',#9968,#8029,#8030);
#7120=AXIS2_PLACEMENT_3D('',#9977,#8035,#8036);
#7121=AXIS2_PLACEMENT_3D('',#9978,#8037,#8038);
#7122=AXIS2_PLACEMENT_3D('',#9991,#8040,#8041);
#7123=AXIS2_PLACEMENT_3D('',#9992,#8042,#8043);
#7124=AXIS2_PLACEMENT_3D('',#9996,#8045,#8046);
#7125=AXIS2_PLACEMENT_3D('',#9997,#8047,#8048);
#7126=AXIS2_PLACEMENT_3D('',#10007,#8049,#8050);
#7127=AXIS2_PLACEMENT_3D('',#10008,#8051,#8052);
#7128=AXIS2_PLACEMENT_3D('',#10010,#8054,#8055);
#7129=AXIS2_PLACEMENT_3D('',#10013,#8058,#8059);
#7130=AXIS2_PLACEMENT_3D('',#10015,#8061,#8062);
#7131=AXIS2_PLACEMENT_3D('',#10018,#8064,#8065);
#7132=AXIS2_PLACEMENT_3D('',#10021,#8067,#8068);
#7133=AXIS2_PLACEMENT_3D('',#10024,#8071,#8072);
#7134=AXIS2_PLACEMENT_3D('',#10025,#8073,#8074);
#7135=AXIS2_PLACEMENT_3D('',#10027,#8076,#8077);
#7136=AXIS2_PLACEMENT_3D('',#10030,#8080,#8081);
#7137=AXIS2_PLACEMENT_3D('',#10035,#8086,#8087);
#7138=AXIS2_PLACEMENT_3D('',#10040,#8092,#8093);
#7139=AXIS2_PLACEMENT_3D('',#10041,#8094,#8095);
#7140=AXIS2_PLACEMENT_3D('',#10042,#8096,#8097);
#7141=AXIS2_PLACEMENT_3D('',#10043,#8098,#8099);
#7142=AXIS2_PLACEMENT_3D('',#10044,#8100,#8101);
#7143=AXIS2_PLACEMENT_3D('',#10045,#8102,#8103);
#7144=AXIS2_PLACEMENT_3D('',#10046,#8104,#8105);
#7145=AXIS2_PLACEMENT_3D('',#10048,#8107,#8108);
#7146=AXIS2_PLACEMENT_3D('',#10050,#8110,#8111);
#7147=AXIS2_PLACEMENT_3D('',#10051,#8112,#8113);
#7148=AXIS2_PLACEMENT_3D('',#10057,#8117,#8118);
#7149=AXIS2_PLACEMENT_3D('',#10059,#8120,#8121);
#7150=AXIS2_PLACEMENT_3D('',#10061,#8123,#8124);
#7151=AXIS2_PLACEMENT_3D('',#10062,#8125,#8126);
#7152=AXIS2_PLACEMENT_3D('',#10355,#8128,#8129);
#7153=AXIS2_PLACEMENT_3D('',#10356,#8130,#8131);
#7154=AXIS2_PLACEMENT_3D('',#10357,#8132,#8133);
#7155=AXIS2_PLACEMENT_3D('',#10358,#8134,#8135);
#7156=AXIS2_PLACEMENT_3D('',#10362,#8138,#8139);
#7157=AXIS2_PLACEMENT_3D('',#10366,#8142,#8143);
#7158=AXIS2_PLACEMENT_3D('',#10368,#8145,#8146);
#7159=AXIS2_PLACEMENT_3D('',#10369,#8147,#8148);
#7160=AXIS2_PLACEMENT_3D('',#10375,#8152,#8153);
#7161=AXIS2_PLACEMENT_3D('',#10378,#8155,#8156);
#7162=AXIS2_PLACEMENT_3D('',#10379,#8157,#8158);
#7163=AXIS2_PLACEMENT_3D('',#10383,#8161,#8162);
#7164=AXIS2_PLACEMENT_3D('',#10389,#8166,#8167);
#7165=AXIS2_PLACEMENT_3D('',#10403,#8175,#8176);
#7166=AXIS2_PLACEMENT_3D('',#10405,#8177,#8178);
#7167=AXIS2_PLACEMENT_3D('',#10411,#8182,#8183);
#7168=AXIS2_PLACEMENT_3D('',#10414,#8185,#8186);
#7169=AXIS2_PLACEMENT_3D('',#10415,#8187,#8188);
#7170=AXIS2_PLACEMENT_3D('',#10419,#8191,#8192);
#7171=AXIS2_PLACEMENT_3D('',#10425,#8196,#8197);
#7172=AXIS2_PLACEMENT_3D('',#10439,#8205,#8206);
#7173=AXIS2_PLACEMENT_3D('',#10441,#8207,#8208);
#7174=AXIS2_PLACEMENT_3D('',#10447,#8212,#8213);
#7175=AXIS2_PLACEMENT_3D('',#10450,#8215,#8216);
#7176=AXIS2_PLACEMENT_3D('',#10451,#8217,#8218);
#7177=AXIS2_PLACEMENT_3D('',#10455,#8221,#8222);
#7178=AXIS2_PLACEMENT_3D('',#10461,#8226,#8227);
#7179=AXIS2_PLACEMENT_3D('',#10475,#8235,#8236);
#7180=AXIS2_PLACEMENT_3D('',#10477,#8237,#8238);
#7181=AXIS2_PLACEMENT_3D('',#10478,#8239,#8240);
#7182=AXIS2_PLACEMENT_3D('',#10480,#8241,#8242);
#7183=AXIS2_PLACEMENT_3D('',#10481,#8243,#8244);
#7184=AXIS2_PLACEMENT_3D('',#10483,#8245,#8246);
#7185=AXIS2_PLACEMENT_3D('',#10484,#8247,#8248);
#7186=AXIS2_PLACEMENT_3D('',#10486,#8249,#8250);
#7187=AXIS2_PLACEMENT_3D('',#10490,#8253,#8254);
#7188=AXIS2_PLACEMENT_3D('',#10491,#8255,#8256);
#7189=AXIS2_PLACEMENT_3D('',#10495,#8259,#8260);
#7190=AXIS2_PLACEMENT_3D('',#10497,#8262,#8263);
#7191=AXIS2_PLACEMENT_3D('',#10498,#8264,#8265);
#7192=AXIS2_PLACEMENT_3D('',#10505,#8270,#8271);
#7193=AXIS2_PLACEMENT_3D('',#10507,#8273,#8274);
#7194=AXIS2_PLACEMENT_3D('',#10511,#8277,#8278);
#7195=AXIS2_PLACEMENT_3D('',#10512,#8279,#8280);
#7196=AXIS2_PLACEMENT_3D('',#10516,#8283,#8284);
#7197=AXIS2_PLACEMENT_3D('',#10518,#8286,#8287);
#7198=AXIS2_PLACEMENT_3D('',#10519,#8288,#8289);
#7199=AXIS2_PLACEMENT_3D('',#10526,#8294,#8295);
#7200=AXIS2_PLACEMENT_3D('',#10528,#8297,#8298);
#7201=AXIS2_PLACEMENT_3D('',#10532,#8301,#8302);
#7202=AXIS2_PLACEMENT_3D('',#10533,#8303,#8304);
#7203=AXIS2_PLACEMENT_3D('',#10537,#8307,#8308);
#7204=AXIS2_PLACEMENT_3D('',#10539,#8310,#8311);
#7205=AXIS2_PLACEMENT_3D('',#10540,#8312,#8313);
#7206=AXIS2_PLACEMENT_3D('',#10547,#8318,#8319);
#7207=AXIS2_PLACEMENT_3D('',#10549,#8321,#8322);
#7208=AXIS2_PLACEMENT_3D('',#10559,#8328,#8329);
#7209=AXIS2_PLACEMENT_3D('',#10563,#8331,#8332);
#7210=AXIS2_PLACEMENT_3D('',#10565,#8334,#8335);
#7211=AXIS2_PLACEMENT_3D('',#10571,#8339,#8340);
#7212=AXIS2_PLACEMENT_3D('',#10572,#8341,#8342);
#7213=AXIS2_PLACEMENT_3D('',#10577,#8345,#8346);
#7214=AXIS2_PLACEMENT_3D('',#10581,#8350,#8351);
#7215=AXIS2_PLACEMENT_3D('',#10591,#8357,#8358);
#7216=AXIS2_PLACEMENT_3D('',#10595,#8360,#8361);
#7217=AXIS2_PLACEMENT_3D('',#10597,#8363,#8364);
#7218=AXIS2_PLACEMENT_3D('',#10603,#8368,#8369);
#7219=AXIS2_PLACEMENT_3D('',#10604,#8370,#8371);
#7220=AXIS2_PLACEMENT_3D('',#10609,#8374,#8375);
#7221=AXIS2_PLACEMENT_3D('',#10613,#8379,#8380);
#7222=AXIS2_PLACEMENT_3D('',#10623,#8386,#8387);
#7223=AXIS2_PLACEMENT_3D('',#10627,#8389,#8390);
#7224=AXIS2_PLACEMENT_3D('',#10629,#8392,#8393);
#7225=AXIS2_PLACEMENT_3D('',#10635,#8397,#8398);
#7226=AXIS2_PLACEMENT_3D('',#10636,#8399,#8400);
#7227=AXIS2_PLACEMENT_3D('',#10641,#8403,#8404);
#7228=AXIS2_PLACEMENT_3D('',#10645,#8408,#8409);
#7229=AXIS2_PLACEMENT_3D('',#10647,#8411,#8412);
#7230=AXIS2_PLACEMENT_3D('',#10649,#8414,#8415);
#7231=AXIS2_PLACEMENT_3D('',#10650,#8416,#8417);
#7232=AXIS2_PLACEMENT_3D('',#10652,#8419,#8420);
#7233=AXIS2_PLACEMENT_3D('',#10654,#8422,#8423);
#7234=AXIS2_PLACEMENT_3D('',#10655,#8424,#8425);
#7235=AXIS2_PLACEMENT_3D('',#10657,#8427,#8428);
#7236=AXIS2_PLACEMENT_3D('',#10659,#8430,#8431);
#7237=AXIS2_PLACEMENT_3D('',#10660,#8432,#8433);
#7238=AXIS2_PLACEMENT_3D('',#10661,#8434,#8435);
#7239=AXIS2_PLACEMENT_3D('',#10663,#8436,#8437);
#7240=AXIS2_PLACEMENT_3D('',#10665,#8438,#8439);
#7241=AXIS2_PLACEMENT_3D('',#10666,#8440,#8441);
#7242=AXIS2_PLACEMENT_3D('',#10668,#8442,#8443);
#7243=AXIS2_PLACEMENT_3D('',#10670,#8444,#8445);
#7244=AXIS2_PLACEMENT_3D('',#10671,#8446,#8447);
#7245=AXIS2_PLACEMENT_3D('',#10673,#8448,#8449);
#7246=AXIS2_PLACEMENT_3D('',#10675,#8450,#8451);
#7247=AXIS2_PLACEMENT_3D('',#10678,#8453,#8454);
#7248=AXIS2_PLACEMENT_3D('',#10681,#8456,#8457);
#7249=AXIS2_PLACEMENT_3D('',#10687,#8461,#8462);
#7250=AXIS2_PLACEMENT_3D('',#10689,#8464,#8465);
#7251=AXIS2_PLACEMENT_3D('',#10690,#8466,#8467);
#7252=AXIS2_PLACEMENT_3D('',#10691,#8468,#8469);
#7253=AXIS2_PLACEMENT_3D('',#10694,#8471,#8472);
#7254=AXIS2_PLACEMENT_3D('',#10697,#8474,#8475);
#7255=AXIS2_PLACEMENT_3D('',#10703,#8479,#8480);
#7256=AXIS2_PLACEMENT_3D('',#10705,#8482,#8483);
#7257=AXIS2_PLACEMENT_3D('',#10706,#8484,#8485);
#7258=AXIS2_PLACEMENT_3D('',#10707,#8486,#8487);
#7259=AXIS2_PLACEMENT_3D('',#10710,#8489,#8490);
#7260=AXIS2_PLACEMENT_3D('',#10713,#8492,#8493);
#7261=AXIS2_PLACEMENT_3D('',#10719,#8497,#8498);
#7262=AXIS2_PLACEMENT_3D('',#10721,#8500,#8501);
#7263=AXIS2_PLACEMENT_3D('',#10722,#8502,#8503);
#7264=AXIS2_PLACEMENT_3D('',#10723,#8504,#8505);
#7265=AXIS2_PLACEMENT_3D('',#10724,#8506,#8507);
#7266=AXIS2_PLACEMENT_3D('',#10725,#8508,#8509);
#7267=AXIS2_PLACEMENT_3D('',#10726,#8510,#8511);
#7268=AXIS2_PLACEMENT_3D('',#10732,#8515,#8516);
#7269=AXIS2_PLACEMENT_3D('',#11559,#8517,#8518);
#7270=AXIS2_PLACEMENT_3D('',#11560,#8519,#8520);
#7271=AXIS2_PLACEMENT_3D('',#11561,#8521,#8522);
#7272=AXIS2_PLACEMENT_3D('',#11562,#8523,#8524);
#7273=AXIS2_PLACEMENT_3D('',#11563,#8525,#8526);
#7274=AXIS2_PLACEMENT_3D('',#11564,#8527,#8528);
#7275=AXIS2_PLACEMENT_3D('',#11565,#8529,#8530);
#7276=AXIS2_PLACEMENT_3D('',#11566,#8531,#8532);
#7277=AXIS2_PLACEMENT_3D('',#11567,#8533,#8534);
#7278=AXIS2_PLACEMENT_3D('',#11568,#8535,#8536);
#7279=AXIS2_PLACEMENT_3D('',#11569,#8537,#8538);
#7280=AXIS2_PLACEMENT_3D('',#11573,#8540,#8541);
#7281=AXIS2_PLACEMENT_3D('',#11575,#8543,#8544);
#7282=AXIS2_PLACEMENT_3D('',#11578,#8546,#8547);
#7283=AXIS2_PLACEMENT_3D('',#11579,#8548,#8549);
#7284=AXIS2_PLACEMENT_3D('',#11580,#8550,#8551);
#7285=AXIS2_PLACEMENT_3D('',#11584,#8554,#8555);
#7286=AXIS2_PLACEMENT_3D('',#11585,#8556,#8557);
#7287=AXIS2_PLACEMENT_3D('',#11586,#8558,#8559);
#7288=AXIS2_PLACEMENT_3D('',#11590,#8561,#8562);
#7289=AXIS2_PLACEMENT_3D('',#11592,#8564,#8565);
#7290=AXIS2_PLACEMENT_3D('',#11595,#8567,#8568);
#7291=AXIS2_PLACEMENT_3D('',#11596,#8569,#8570);
#7292=AXIS2_PLACEMENT_3D('',#11597,#8571,#8572);
#7293=AXIS2_PLACEMENT_3D('',#11601,#8575,#8576);
#7294=AXIS2_PLACEMENT_3D('',#11602,#8577,#8578);
#7295=AXIS2_PLACEMENT_3D('',#11603,#8579,#8580);
#7296=AXIS2_PLACEMENT_3D('',#11607,#8582,#8583);
#7297=AXIS2_PLACEMENT_3D('',#11610,#8586,#8587);
#7298=AXIS2_PLACEMENT_3D('',#11613,#8589,#8590);
#7299=AXIS2_PLACEMENT_3D('',#11614,#8591,#8592);
#7300=AXIS2_PLACEMENT_3D('',#11615,#8593,#8594);
#7301=AXIS2_PLACEMENT_3D('',#11618,#8596,#8597);
#7302=AXIS2_PLACEMENT_3D('',#11619,#8598,#8599);
#7303=AXIS2_PLACEMENT_3D('',#11620,#8600,#8601);
#7304=AXIS2_PLACEMENT_3D('',#11624,#8603,#8604);
#7305=AXIS2_PLACEMENT_3D('',#11627,#8607,#8608);
#7306=AXIS2_PLACEMENT_3D('',#11630,#8610,#8611);
#7307=AXIS2_PLACEMENT_3D('',#11631,#8612,#8613);
#7308=AXIS2_PLACEMENT_3D('',#11632,#8614,#8615);
#7309=AXIS2_PLACEMENT_3D('',#11635,#8617,#8618);
#7310=AXIS2_PLACEMENT_3D('',#11636,#8619,#8620);
#7311=AXIS2_PLACEMENT_3D('',#11637,#8621,#8622);
#7312=AXIS2_PLACEMENT_3D('',#11638,#8623,#8624);
#7313=AXIS2_PLACEMENT_3D('',#11639,#8625,#8626);
#7314=AXIS2_PLACEMENT_3D('',#11640,#8627,#8628);
#7315=AXIS2_PLACEMENT_3D('',#11641,#8629,#8630);
#7316=AXIS2_PLACEMENT_3D('',#11642,#8631,#8632);
#7317=AXIS2_PLACEMENT_3D('',#11643,#8633,#8634);
#7318=AXIS2_PLACEMENT_3D('',#11644,#8635,#8636);
#7319=AXIS2_PLACEMENT_3D('',#11645,#8637,#8638);
#7320=AXIS2_PLACEMENT_3D('',#11646,#8639,#8640);
#7321=AXIS2_PLACEMENT_3D('',#11647,#8641,#8642);
#7322=AXIS2_PLACEMENT_3D('',#11648,#8643,#8644);
#7323=AXIS2_PLACEMENT_3D('',#11649,#8645,#8646);
#7324=AXIS2_PLACEMENT_3D('',#11650,#8647,#8648);
#7325=AXIS2_PLACEMENT_3D('',#11651,#8649,#8650);
#7326=AXIS2_PLACEMENT_3D('',#11652,#8651,#8652);
#7327=AXIS2_PLACEMENT_3D('',#11653,#8653,#8654);
#7328=AXIS2_PLACEMENT_3D('',#11654,#8655,#8656);
#7329=AXIS2_PLACEMENT_3D('',#11655,#8657,#8658);
#7330=AXIS2_PLACEMENT_3D('',#11656,#8659,#8660);
#7331=AXIS2_PLACEMENT_3D('',#11657,#8661,#8662);
#7332=AXIS2_PLACEMENT_3D('',#11658,#8663,#8664);
#7333=AXIS2_PLACEMENT_3D('',#11659,#8665,#8666);
#7334=AXIS2_PLACEMENT_3D('',#11660,#8667,#8668);
#7335=AXIS2_PLACEMENT_3D('',#11661,#8669,#8670);
#7336=AXIS2_PLACEMENT_3D('',#11662,#8671,#8672);
#7337=AXIS2_PLACEMENT_3D('',#11663,#8673,#8674);
#7338=AXIS2_PLACEMENT_3D('',#11664,#8675,#8676);
#7339=AXIS2_PLACEMENT_3D('',#11665,#8677,#8678);
#7340=AXIS2_PLACEMENT_3D('',#11666,#8679,#8680);
#7341=AXIS2_PLACEMENT_3D('',#11667,#8681,#8682);
#7342=AXIS2_PLACEMENT_3D('',#11668,#8683,#8684);
#7343=DIRECTION('',(0.,0.,1.));
#7344=DIRECTION('',(1.,0.,0.));
#7345=DIRECTION('',(0.586679855508453,-0.809818959484514,0.));
#7346=DIRECTION('',(0.809818959484514,0.586679855508453,0.));
#7347=DIRECTION('',(0.809818959484515,0.586679855508452,0.));
#7348=DIRECTION('',(0.,0.,-1.));
#7349=DIRECTION('',(-0.809818959484514,-0.586679855508453,0.));
#7350=DIRECTION('',(0.,0.,-1.));
#7351=DIRECTION('',(-0.586679855508449,-0.809818959484517,0.));
#7352=DIRECTION('',(0.809818959484517,-0.586679855508449,0.));
#7353=DIRECTION('',(-0.809818959484517,0.586679855508449,0.));
#7354=DIRECTION('',(0.,0.,-1.));
#7355=DIRECTION('',(-0.809818959484517,0.586679855508448,0.));
#7356=DIRECTION('',(0.,0.,-1.));
#7357=DIRECTION('',(0.586679855508449,0.809818959484517,0.));
#7358=DIRECTION('',(-0.809818959484517,0.586679855508449,0.));
#7359=DIRECTION('',(-0.809818959484515,0.586679855508451,0.));
#7360=DIRECTION('',(0.,0.,-1.));
#7361=DIRECTION('',(0.809818959484517,-0.586679855508449,0.));
#7362=DIRECTION('',(0.,0.,-1.));
#7363=DIRECTION('',(-0.586679855508447,0.809818959484518,0.));
#7364=DIRECTION('',(-0.809818959484518,-0.586679855508447,0.));
#7365=DIRECTION('',(0.809818959484518,0.586679855508447,0.));
#7366=DIRECTION('',(0.,0.,-1.));
#7367=DIRECTION('',(0.809818959484518,0.586679855508447,0.));
#7368=DIRECTION('',(0.,0.,-1.));
#7369=DIRECTION('',(0.,0.,1.));
#7370=DIRECTION('',(1.,0.,0.));
#7371=DIRECTION('',(0.,0.,-1.));
#7372=DIRECTION('',(1.,0.,0.));
#7373=DIRECTION('',(-1.,0.,0.));
#7374=DIRECTION('',(0.,1.,0.));
#7375=DIRECTION('',(0.,0.,1.));
#7376=DIRECTION('',(1.,0.,0.));
#7377=DIRECTION('',(-0.93272510664583,-0.360588235294118,0.));
#7378=DIRECTION('',(0.,0.,1.));
#7379=DIRECTION('',(1.,0.,0.));
#7380=DIRECTION('',(-0.928884163258107,-0.370370370370371,0.));
#7381=DIRECTION('',(0.928884163258108,0.370370370370371,0.));
#7382=DIRECTION('',(0.,0.,1.));
#7383=DIRECTION('',(1.,0.,0.));
#7384=DIRECTION('',(-0.809818959484515,-0.586679855508452,0.));
#7385=DIRECTION('',(0.,0.,1.));
#7386=DIRECTION('',(1.,0.,0.));
#7387=DIRECTION('',(0.,0.,-1.));
#7388=DIRECTION('',(1.,0.,0.));
#7389=DIRECTION('',(1.,0.,0.));
#7390=DIRECTION('',(0.,-1.,0.));
#7391=DIRECTION('',(0.,0.,1.));
#7392=DIRECTION('',(1.,0.,0.));
#7393=DIRECTION('',(0.93272510664583,0.360588235294118,0.));
#7394=DIRECTION('',(0.,0.,1.));
#7395=DIRECTION('',(1.,0.,0.));
#7396=DIRECTION('',(0.928884163258108,0.370370370370369,0.));
#7397=DIRECTION('',(-0.928884163258108,-0.370370370370371,0.));
#7398=DIRECTION('',(0.,0.,1.));
#7399=DIRECTION('',(1.,0.,0.));
#7400=DIRECTION('',(0.809818959484515,0.586679855508451,0.));
#7401=DIRECTION('',(0.,0.,1.));
#7402=DIRECTION('',(1.,0.,0.));
#7403=DIRECTION('',(0.,0.,-1.));
#7404=DIRECTION('',(1.,0.,0.));
#7405=DIRECTION('',(0.809818959484514,-0.586679855508452,0.));
#7406=DIRECTION('',(0.,0.,1.));
#7407=DIRECTION('',(1.,0.,0.));
#7408=DIRECTION('',(-0.928884163258108,0.370370370370371,0.));
#7409=DIRECTION('',(0.928884163258107,-0.370370370370371,0.));
#7410=DIRECTION('',(0.,0.,1.));
#7411=DIRECTION('',(1.,0.,0.));
#7412=DIRECTION('',(0.93272510664583,-0.360588235294118,0.));
#7413=DIRECTION('',(0.,0.,1.));
#7414=DIRECTION('',(1.,0.,0.));
#7415=DIRECTION('',(0.,1.,0.));
#7416=DIRECTION('',(1.,0.,0.));
#7417=DIRECTION('',(0.,0.,1.));
#7418=DIRECTION('',(1.,0.,0.));
#7419=DIRECTION('',(0.,0.,-1.));
#7420=DIRECTION('',(1.,0.,0.));
#7421=DIRECTION('',(-0.809818959484515,0.586679855508452,0.));
#7422=DIRECTION('',(0.,0.,1.));
#7423=DIRECTION('',(1.,0.,0.));
#7424=DIRECTION('',(0.928884163258108,-0.37037037037037,0.));
#7425=DIRECTION('',(-0.928884163258107,0.370370370370372,0.));
#7426=DIRECTION('',(0.,0.,1.));
#7427=DIRECTION('',(1.,0.,0.));
#7428=DIRECTION('',(-0.93272510664583,0.360588235294118,0.));
#7429=DIRECTION('',(0.,0.,1.));
#7430=DIRECTION('',(1.,0.,0.));
#7431=DIRECTION('',(0.,-1.,0.));
#7432=DIRECTION('',(-1.,0.,0.));
#7433=DIRECTION('',(0.,0.,1.));
#7434=DIRECTION('',(1.,0.,0.));
#7435=DIRECTION('',(0.,0.,1.));
#7436=DIRECTION('',(1.,0.,0.));
#7437=DIRECTION('',(0.928884163258108,0.370370370370369,0.));
#7438=DIRECTION('',(0.,0.,1.));
#7439=DIRECTION('',(1.,0.,0.));
#7440=DIRECTION('',(-0.928884163258107,0.370370370370372,0.));
#7441=DIRECTION('',(0.,0.,-1.));
#7442=DIRECTION('',(-1.,0.,0.));
#7443=DIRECTION('',(0.,0.,1.));
#7444=DIRECTION('',(1.,0.,0.));
#7445=DIRECTION('',(0.,0.,-1.));
#7446=DIRECTION('',(0.,0.,-1.));
#7447=DIRECTION('',(0.,0.,1.));
#7448=DIRECTION('',(1.,0.,0.));
#7449=DIRECTION('',(0.,0.,-1.));
#7450=DIRECTION('',(0.,0.,1.));
#7451=DIRECTION('',(1.,0.,0.));
#7452=DIRECTION('',(0.,0.,-1.));
#7453=DIRECTION('',(0.,0.,1.));
#7454=DIRECTION('',(1.,0.,0.));
#7455=DIRECTION('',(0.,0.,-1.));
#7456=DIRECTION('',(0.,0.,-1.));
#7457=DIRECTION('',(0.,0.,1.));
#7458=DIRECTION('',(1.,0.,0.));
#7459=DIRECTION('',(0.,0.,1.));
#7460=DIRECTION('',(1.,0.,0.));
#7461=DIRECTION('',(-0.928884163258108,-0.370370370370371,0.));
#7462=DIRECTION('',(0.,0.,1.));
#7463=DIRECTION('',(1.,0.,0.));
#7464=DIRECTION('',(0.928884163258108,-0.370370370370371,0.));
#7465=DIRECTION('',(0.,0.,-1.));
#7466=DIRECTION('',(-1.,0.,0.));
#7467=DIRECTION('',(0.,0.,-1.));
#7468=DIRECTION('',(0.,0.,1.));
#7469=DIRECTION('',(1.,0.,0.));
#7470=DIRECTION('',(0.,0.,-1.));
#7471=DIRECTION('',(0.,0.,-1.));
#7472=DIRECTION('',(-1.,0.,0.));
#7473=DIRECTION('',(0.,0.,1.));
#7474=DIRECTION('',(1.,0.,0.));
#7475=DIRECTION('',(0.,0.,-1.));
#7476=DIRECTION('',(0.,0.,-1.));
#7477=DIRECTION('',(0.,0.,1.));
#7478=DIRECTION('',(1.,0.,0.));
#7479=DIRECTION('',(0.,0.,-1.));
#7480=DIRECTION('',(0.,0.,-1.));
#7481=DIRECTION('',(0.,0.,1.));
#7482=DIRECTION('',(1.,0.,0.));
#7483=DIRECTION('',(-0.928884163258107,-0.370370370370371,0.));
#7484=DIRECTION('',(0.928884163258107,-0.370370370370371,0.));
#7485=DIRECTION('',(0.,0.,1.));
#7486=DIRECTION('',(1.,0.,0.));
#7487=DIRECTION('',(0.,0.,1.));
#7488=DIRECTION('',(1.,0.,0.));
#7489=DIRECTION('',(0.,0.,1.));
#7490=DIRECTION('',(1.,0.,0.));
#7491=DIRECTION('',(0.,0.,-1.));
#7492=DIRECTION('',(-1.,0.,0.));
#7493=DIRECTION('',(0.,0.,1.));
#7494=DIRECTION('',(1.,0.,0.));
#7495=DIRECTION('',(0.,-1.,0.));
#7496=DIRECTION('',(0.,0.,-1.));
#7497=DIRECTION('',(1.,0.,0.));
#7498=DIRECTION('',(0.,0.,1.));
#7499=DIRECTION('',(-1.,0.,0.));
#7500=DIRECTION('',(0.,0.,1.));
#7501=DIRECTION('',(0.,1.,0.));
#7502=DIRECTION('',(0.,0.,1.));
#7503=DIRECTION('',(0.,0.,1.));
#7504=DIRECTION('',(1.,0.,0.));
#7505=DIRECTION('',(0.,0.,1.));
#7506=DIRECTION('',(-1.,0.,0.));
#7507=DIRECTION('',(0.,0.,1.));
#7508=DIRECTION('',(1.,0.,0.));
#7509=DIRECTION('',(0.,0.,1.));
#7510=DIRECTION('',(1.,0.,0.));
#7511=DIRECTION('',(0.,0.,1.));
#7512=DIRECTION('',(0.,0.,1.));
#7513=DIRECTION('',(1.,0.,0.));
#7514=DIRECTION('',(0.,0.,1.));
#7515=DIRECTION('',(0.,0.,1.));
#7516=DIRECTION('',(1.,0.,0.));
#7517=DIRECTION('',(0.,0.,1.));
#7518=DIRECTION('',(1.,0.,0.));
#7519=DIRECTION('',(0.,0.,1.));
#7520=DIRECTION('',(0.,0.,1.));
#7521=DIRECTION('',(1.,0.,0.));
#7522=DIRECTION('',(0.,0.,1.));
#7523=DIRECTION('',(-0.995116956309835,-0.0987028027193255,0.));
#7524=DIRECTION('',(0.0987028027193255,-0.995116956309835,0.));
#7525=DIRECTION('',(0.,0.,1.));
#7526=DIRECTION('',(-0.0987028027193255,0.995116956309835,0.));
#7527=DIRECTION('',(0.,0.,1.));
#7528=DIRECTION('',(1.,0.,0.));
#7529=DIRECTION('',(0.,0.,1.));
#7530=DIRECTION('',(0.,0.,1.));
#7531=DIRECTION('',(1.,0.,0.));
#7532=DIRECTION('',(0.583037612734578,0.812445162541303,0.));
#7533=DIRECTION('',(-0.812445162541303,0.583037612734578,0.));
#7534=DIRECTION('',(0.,0.,1.));
#7535=DIRECTION('',(0.812445162541303,-0.583037612734578,0.));
#7536=DIRECTION('',(0.,0.,1.));
#7537=DIRECTION('',(1.,0.,0.));
#7538=DIRECTION('',(0.,0.,1.));
#7539=DIRECTION('',(0.,0.,1.));
#7540=DIRECTION('',(1.,0.,0.));
#7541=DIRECTION('',(-0.968862407395994,0.247599748656654,0.));
#7542=DIRECTION('',(-0.247599748656654,-0.968862407395994,0.));
#7543=DIRECTION('',(0.247599748656654,0.968862407395994,0.));
#7544=DIRECTION('',(-0.968862407395994,-0.247599748656654,0.));
#7545=DIRECTION('',(0.247599748656654,-0.968862407395995,0.));
#7546=DIRECTION('',(0.,0.,1.));
#7547=DIRECTION('',(-0.247599748656654,0.968862407395994,0.));
#7548=DIRECTION('',(0.,0.,1.));
#7549=DIRECTION('',(1.,0.,0.));
#7550=DIRECTION('',(0.,0.,1.));
#7551=DIRECTION('',(0.,0.,1.));
#7552=DIRECTION('',(1.,0.,0.));
#7553=DIRECTION('',(0.583037612734577,-0.812445162541304,0.));
#7554=DIRECTION('',(0.812445162541304,0.583037612734577,0.));
#7555=DIRECTION('',(0.,0.,1.));
#7556=DIRECTION('',(-0.812445162541304,-0.583037612734577,0.));
#7557=DIRECTION('',(0.,0.,1.));
#7558=DIRECTION('',(1.,0.,0.));
#7559=DIRECTION('',(0.,0.,1.));
#7560=DIRECTION('',(0.,0.,1.));
#7561=DIRECTION('',(1.,0.,0.));
#7562=DIRECTION('',(-0.995116956309835,0.0987028027193254,0.));
#7563=DIRECTION('',(-0.0987028027193254,-0.995116956309835,0.));
#7564=DIRECTION('',(0.,0.,1.));
#7565=DIRECTION('',(0.0987028027193254,0.995116956309835,0.));
#7566=DIRECTION('',(0.,0.,1.));
#7567=DIRECTION('',(1.,0.,0.));
#7568=DIRECTION('',(0.,0.,1.));
#7569=DIRECTION('',(0.,0.,1.));
#7570=DIRECTION('',(1.,0.,0.));
#7571=DIRECTION('',(0.270003531390692,-0.962859331905007,0.));
#7572=DIRECTION('',(0.962859331905007,0.270003531390692,0.));
#7573=DIRECTION('',(0.,0.,1.));
#7574=DIRECTION('',(-0.962859331905007,-0.270003531390692,0.));
#7575=DIRECTION('',(0.,0.,1.));
#7576=DIRECTION('',(1.,0.,0.));
#7577=DIRECTION('',(0.,0.,1.));
#7578=DIRECTION('',(0.,0.,1.));
#7579=DIRECTION('',(1.,0.,0.));
#7580=DIRECTION('',(-0.901345713930575,0.433100339389132,0.));
#7581=DIRECTION('',(-0.433100339389132,-0.901345713930575,0.));
#7582=DIRECTION('',(0.,0.,1.));
#7583=DIRECTION('',(0.433100339389132,0.901345713930575,0.));
#7584=DIRECTION('',(0.,0.,1.));
#7585=DIRECTION('',(1.,0.,0.));
#7586=DIRECTION('',(0.,0.,1.));
#7587=DIRECTION('',(0.,0.,1.));
#7588=DIRECTION('',(1.,0.,0.));
#7589=DIRECTION('',(-0.0755969606666379,-0.997138455550666,0.));
#7590=DIRECTION('',(0.997138455550666,-0.0755969606666379,0.));
#7591=DIRECTION('',(0.,0.,1.));
#7592=DIRECTION('',(-0.997138455550666,0.0755969606666379,0.));
#7593=DIRECTION('',(0.,0.,1.));
#7594=DIRECTION('',(1.,0.,0.));
#7595=DIRECTION('',(0.,0.,1.));
#7596=DIRECTION('',(0.,0.,1.));
#7597=DIRECTION('',(1.,0.,0.));
#7598=DIRECTION('',(-0.698858876005301,0.715259583248352,0.));
#7599=DIRECTION('',(-0.715259583248352,-0.698858876005302,0.));
#7600=DIRECTION('',(0.,0.,1.));
#7601=DIRECTION('',(0.715259583248352,0.698858876005302,0.));
#7602=DIRECTION('',(0.,0.,1.));
#7603=DIRECTION('',(1.,0.,0.));
#7604=DIRECTION('',(0.,0.,1.));
#7605=DIRECTION('',(0.,0.,1.));
#7606=DIRECTION('',(1.,0.,0.));
#7607=DIRECTION('',(-0.412079343575257,-0.911147965260629,0.));
#7608=DIRECTION('',(0.911147965260629,-0.412079343575257,0.));
#7609=DIRECTION('',(0.,0.,1.));
#7610=DIRECTION('',(-0.911147965260629,0.412079343575257,0.));
#7611=DIRECTION('',(0.,0.,1.));
#7612=DIRECTION('',(1.,0.,0.));
#7613=DIRECTION('',(0.,0.,1.));
#7614=DIRECTION('',(0.,0.,1.));
#7615=DIRECTION('',(1.,0.,0.));
#7616=DIRECTION('',(-0.412079343575257,0.911147965260629,0.));
#7617=DIRECTION('',(-0.91114796526063,-0.412079343575257,0.));
#7618=DIRECTION('',(0.,0.,1.));
#7619=DIRECTION('',(0.911147965260629,0.412079343575257,0.));
#7620=DIRECTION('',(0.,0.,1.));
#7621=DIRECTION('',(1.,0.,0.));
#7622=DIRECTION('',(0.,0.,1.));
#7623=DIRECTION('',(0.,0.,1.));
#7624=DIRECTION('',(1.,0.,0.));
#7625=DIRECTION('',(-0.698858876005302,-0.715259583248352,0.));
#7626=DIRECTION('',(0.715259583248352,-0.698858876005302,0.));
#7627=DIRECTION('',(0.,0.,1.));
#7628=DIRECTION('',(-0.715259583248352,0.698858876005302,0.));
#7629=DIRECTION('',(0.,0.,1.));
#7630=DIRECTION('',(1.,0.,0.));
#7631=DIRECTION('',(0.,0.,1.));
#7632=DIRECTION('',(0.,0.,1.));
#7633=DIRECTION('',(1.,0.,0.));
#7634=DIRECTION('',(-0.0755969606666378,0.997138455550666,0.));
#7635=DIRECTION('',(-0.997138455550666,-0.0755969606666378,0.));
#7636=DIRECTION('',(0.,0.,1.));
#7637=DIRECTION('',(0.997138455550666,0.0755969606666378,0.));
#7638=DIRECTION('',(0.,0.,1.));
#7639=DIRECTION('',(1.,0.,0.));
#7640=DIRECTION('',(0.,0.,1.));
#7641=DIRECTION('',(0.,0.,1.));
#7642=DIRECTION('',(1.,0.,0.));
#7643=DIRECTION('',(-0.901345713930576,-0.433100339389131,0.));
#7644=DIRECTION('',(0.433100339389131,-0.901345713930576,0.));
#7645=DIRECTION('',(0.,0.,1.));
#7646=DIRECTION('',(-0.433100339389131,0.901345713930576,0.));
#7647=DIRECTION('',(0.,0.,1.));
#7648=DIRECTION('',(1.,0.,0.));
#7649=DIRECTION('',(0.,0.,1.));
#7650=DIRECTION('',(0.,0.,1.));
#7651=DIRECTION('',(1.,0.,0.));
#7652=DIRECTION('',(0.270003531390691,0.962859331905007,0.));
#7653=DIRECTION('',(-0.962859331905007,0.270003531390691,0.));
#7654=DIRECTION('',(0.962859331905007,-0.270003531390691,0.));
#7655=DIRECTION('',(0.,0.,1.));
#7656=DIRECTION('',(1.,0.,0.));
#7657=DIRECTION('',(0.,0.,1.));
#7658=DIRECTION('',(1.,0.,0.));
#7659=DIRECTION('',(0.,0.,1.));
#7660=DIRECTION('',(0.,0.,1.));
#7661=DIRECTION('',(1.,0.,0.));
#7662=DIRECTION('',(0.,0.,1.));
#7663=DIRECTION('',(0.,0.,1.));
#7664=DIRECTION('',(1.,0.,0.));
#7665=DIRECTION('',(0.968862407395994,-0.247599748656654,0.));
#7666=DIRECTION('',(0.247599748656654,0.968862407395994,0.));
#7667=DIRECTION('',(-0.247599748656654,-0.968862407395994,0.));
#7668=DIRECTION('',(0.,0.,1.));
#7669=DIRECTION('',(0.,0.,1.));
#7670=DIRECTION('',(1.,0.,0.));
#7671=DIRECTION('',(0.,0.,1.));
#7672=DIRECTION('',(1.,0.,0.));
#7673=DIRECTION('',(0.,0.,1.));
#7674=DIRECTION('',(-0.583037612734578,-0.812445162541303,0.));
#7675=DIRECTION('',(0.812445162541303,-0.583037612734578,0.));
#7676=DIRECTION('',(0.,0.,1.));
#7677=DIRECTION('',(-0.812445162541303,0.583037612734578,0.));
#7678=DIRECTION('',(0.,0.,1.));
#7679=DIRECTION('',(1.,0.,0.));
#7680=DIRECTION('',(0.,0.,1.));
#7681=DIRECTION('',(1.,0.,0.));
#7682=DIRECTION('',(0.,0.,1.));
#7683=DIRECTION('',(0.995116956309835,0.0987028027193255,0.));
#7684=DIRECTION('',(-0.0987028027193255,0.995116956309835,0.));
#7685=DIRECTION('',(0.0987028027193255,-0.995116956309835,0.));
#7686=DIRECTION('',(0.,0.,1.));
#7687=DIRECTION('',(0.,0.,1.));
#7688=DIRECTION('',(1.,0.,0.));
#7689=DIRECTION('',(0.,0.,1.));
#7690=DIRECTION('',(1.,0.,0.));
#7691=DIRECTION('',(0.,0.,1.));
#7692=DIRECTION('',(-0.27000353139069,-0.962859331905007,0.));
#7693=DIRECTION('',(0.962859331905007,-0.27000353139069,0.));
#7694=DIRECTION('',(0.,0.,1.));
#7695=DIRECTION('',(-0.962859331905007,0.27000353139069,0.));
#7696=DIRECTION('',(0.,0.,1.));
#7697=DIRECTION('',(1.,0.,0.));
#7698=DIRECTION('',(0.,0.,1.));
#7699=DIRECTION('',(1.,0.,0.));
#7700=DIRECTION('',(0.,0.,1.));
#7701=DIRECTION('',(0.901345713930576,0.433100339389131,0.));
#7702=DIRECTION('',(-0.433100339389131,0.901345713930576,0.));
#7703=DIRECTION('',(0.433100339389131,-0.901345713930576,0.));
#7704=DIRECTION('',(0.,0.,1.));
#7705=DIRECTION('',(0.,0.,1.));
#7706=DIRECTION('',(1.,0.,0.));
#7707=DIRECTION('',(0.,0.,1.));
#7708=DIRECTION('',(1.,0.,0.));
#7709=DIRECTION('',(0.,0.,1.));
#7710=DIRECTION('',(0.0755969606666394,-0.997138455550665,0.));
#7711=DIRECTION('',(0.997138455550666,0.0755969606666394,0.));
#7712=DIRECTION('',(0.,0.,1.));
#7713=DIRECTION('',(-0.997138455550665,-0.0755969606666394,0.));
#7714=DIRECTION('',(0.,0.,1.));
#7715=DIRECTION('',(1.,0.,0.));
#7716=DIRECTION('',(0.,0.,1.));
#7717=DIRECTION('',(1.,0.,0.));
#7718=DIRECTION('',(0.,0.,1.));
#7719=DIRECTION('',(0.698858876005302,0.715259583248352,0.));
#7720=DIRECTION('',(-0.715259583248352,0.698858876005302,0.));
#7721=DIRECTION('',(0.715259583248352,-0.698858876005302,0.));
#7722=DIRECTION('',(0.,0.,1.));
#7723=DIRECTION('',(0.,0.,1.));
#7724=DIRECTION('',(1.,0.,0.));
#7725=DIRECTION('',(0.,0.,1.));
#7726=DIRECTION('',(1.,0.,0.));
#7727=DIRECTION('',(0.,0.,1.));
#7728=DIRECTION('',(0.412079343575257,-0.911147965260629,0.));
#7729=DIRECTION('',(0.911147965260629,0.412079343575257,0.));
#7730=DIRECTION('',(0.,0.,1.));
#7731=DIRECTION('',(-0.911147965260629,-0.412079343575257,0.));
#7732=DIRECTION('',(0.,0.,1.));
#7733=DIRECTION('',(1.,0.,0.));
#7734=DIRECTION('',(0.,0.,1.));
#7735=DIRECTION('',(1.,0.,0.));
#7736=DIRECTION('',(0.,0.,1.));
#7737=DIRECTION('',(0.412079343575256,0.91114796526063,0.));
#7738=DIRECTION('',(-0.91114796526063,0.412079343575256,0.));
#7739=DIRECTION('',(0.91114796526063,-0.412079343575256,0.));
#7740=DIRECTION('',(0.,0.,1.));
#7741=DIRECTION('',(0.,0.,1.));
#7742=DIRECTION('',(1.,0.,0.));
#7743=DIRECTION('',(0.,0.,1.));
#7744=DIRECTION('',(1.,0.,0.));
#7745=DIRECTION('',(0.,0.,1.));
#7746=DIRECTION('',(0.698858876005301,-0.715259583248353,0.));
#7747=DIRECTION('',(0.715259583248353,0.698858876005301,0.));
#7748=DIRECTION('',(0.,0.,1.));
#7749=DIRECTION('',(-0.715259583248353,-0.698858876005301,0.));
#7750=DIRECTION('',(0.,0.,1.));
#7751=DIRECTION('',(1.,0.,0.));
#7752=DIRECTION('',(0.,0.,1.));
#7753=DIRECTION('',(1.,0.,0.));
#7754=DIRECTION('',(0.,0.,1.));
#7755=DIRECTION('',(0.0755969606666394,0.997138455550665,0.));
#7756=DIRECTION('',(-0.997138455550666,0.0755969606666394,0.));
#7757=DIRECTION('',(0.997138455550665,-0.0755969606666394,0.));
#7758=DIRECTION('',(0.,0.,1.));
#7759=DIRECTION('',(0.,0.,1.));
#7760=DIRECTION('',(1.,0.,0.));
#7761=DIRECTION('',(0.,0.,1.));
#7762=DIRECTION('',(1.,0.,0.));
#7763=DIRECTION('',(0.,0.,1.));
#7764=DIRECTION('',(0.901345713930576,-0.433100339389132,0.));
#7765=DIRECTION('',(0.433100339389132,0.901345713930576,0.));
#7766=DIRECTION('',(0.,0.,1.));
#7767=DIRECTION('',(-0.433100339389132,-0.901345713930576,0.));
#7768=DIRECTION('',(0.,0.,1.));
#7769=DIRECTION('',(1.,0.,0.));
#7770=DIRECTION('',(0.,0.,1.));
#7771=DIRECTION('',(1.,0.,0.));
#7772=DIRECTION('',(0.,0.,1.));
#7773=DIRECTION('',(-0.27000353139069,0.962859331905007,0.));
#7774=DIRECTION('',(-0.962859331905007,-0.27000353139069,0.));
#7775=DIRECTION('',(0.962859331905007,0.27000353139069,0.));
#7776=DIRECTION('',(0.,0.,1.));
#7777=DIRECTION('',(0.,0.,1.));
#7778=DIRECTION('',(1.,0.,0.));
#7779=DIRECTION('',(0.,0.,1.));
#7780=DIRECTION('',(1.,0.,0.));
#7781=DIRECTION('',(0.,0.,1.));
#7782=DIRECTION('',(0.995116956309835,-0.0987028027193252,0.));
#7783=DIRECTION('',(0.0987028027193252,0.995116956309835,0.));
#7784=DIRECTION('',(0.,0.,1.));
#7785=DIRECTION('',(-0.0987028027193252,-0.995116956309835,0.));
#7786=DIRECTION('',(0.,0.,1.));
#7787=DIRECTION('',(1.,0.,0.));
#7788=DIRECTION('',(0.,0.,1.));
#7789=DIRECTION('',(1.,0.,0.));
#7790=DIRECTION('',(0.,0.,1.));
#7791=DIRECTION('',(-0.583037612734577,0.812445162541304,0.));
#7792=DIRECTION('',(-0.812445162541304,-0.583037612734577,0.));
#7793=DIRECTION('',(0.812445162541304,0.583037612734577,0.));
#7794=DIRECTION('',(0.,0.,1.));
#7795=DIRECTION('',(0.,0.,1.));
#7796=DIRECTION('',(1.,0.,0.));
#7797=DIRECTION('',(0.,0.,1.));
#7798=DIRECTION('',(1.,0.,0.));
#7799=DIRECTION('',(0.,0.,1.));
#7800=DIRECTION('',(0.968862407395994,0.247599748656654,0.));
#7801=DIRECTION('',(-0.247599748656654,0.968862407395995,0.));
#7802=DIRECTION('',(0.247599748656654,-0.968862407395994,0.));
#7803=DIRECTION('',(0.,0.,-1.));
#7804=DIRECTION('',(-1.,0.,0.));
#7805=DIRECTION('',(0.,0.,1.));
#7806=DIRECTION('',(1.,0.,0.));
#7807=DIRECTION('',(0.,0.,1.));
#7808=DIRECTION('',(1.,0.,0.));
#7809=DIRECTION('',(0.,0.,1.));
#7810=DIRECTION('',(1.,0.,0.));
#7811=DIRECTION('',(0.,0.,-1.));
#7812=DIRECTION('',(-1.,0.,0.));
#7813=DIRECTION('',(0.,0.,-1.));
#7814=DIRECTION('',(-1.,0.,0.));
#7815=DIRECTION('',(0.,1.,0.));
#7816=DIRECTION('',(1.,0.,0.));
#7817=DIRECTION('',(0.,-1.,0.));
#7818=DIRECTION('',(0.,-1.,0.));
#7819=DIRECTION('',(1.,0.,0.));
#7820=DIRECTION('',(0.,1.,0.));
#7821=DIRECTION('',(1.,0.,0.));
#7822=DIRECTION('',(1.0450141421547E-16,1.,0.));
#7823=DIRECTION('',(-1.,0.,0.));
#7824=DIRECTION('',(-4.18005656861881E-16,-1.,0.));
#7825=DIRECTION('',(1.,0.,0.));
#7826=DIRECTION('',(0.,-1.,0.));
#7827=DIRECTION('',(1.,0.,0.));
#7828=DIRECTION('',(0.,1.,0.));
#7829=DIRECTION('',(0.,0.,-1.));
#7830=DIRECTION('',(-1.,0.,0.));
#7831=DIRECTION('',(0.,1.,0.));
#7832=DIRECTION('',(1.,0.,0.));
#7833=DIRECTION('',(0.,-1.,0.));
#7834=DIRECTION('',(-2.16840434497101E-16,-1.,0.));
#7835=DIRECTION('',(1.,0.,0.));
#7836=DIRECTION('',(0.,1.,0.));
#7837=DIRECTION('',(1.,0.,0.));
#7838=DIRECTION('',(1.0450141421547E-16,1.,0.));
#7839=DIRECTION('',(-1.,0.,0.));
#7840=DIRECTION('',(-5.22507071077351E-17,-1.,0.));
#7841=DIRECTION('',(1.,0.,0.));
#7842=DIRECTION('',(0.,-1.,0.));
#7843=DIRECTION('',(1.,0.,0.));
#7844=DIRECTION('',(-3.25260651745651E-16,1.,0.));
#7845=DIRECTION('',(0.,0.,-1.));
#7846=DIRECTION('',(-1.,0.,0.));
#7847=DIRECTION('',(0.,1.,0.));
#7848=DIRECTION('',(1.,0.,0.));
#7849=DIRECTION('',(0.,-1.,0.));
#7850=DIRECTION('',(0.,-1.,0.));
#7851=DIRECTION('',(1.,0.,0.));
#7852=DIRECTION('',(0.,1.,0.));
#7853=DIRECTION('',(1.,0.,0.));
#7854=DIRECTION('',(0.,1.,0.));
#7855=DIRECTION('',(-1.,0.,0.));
#7856=DIRECTION('',(-1.0450141421547E-16,-1.,0.));
#7857=DIRECTION('',(1.,0.,0.));
#7858=DIRECTION('',(0.,-1.,0.));
#7859=DIRECTION('',(1.,0.,0.));
#7860=DIRECTION('',(0.,1.,0.));
#7861=DIRECTION('',(0.,0.,1.));
#7862=DIRECTION('',(1.,0.,0.));
#7863=DIRECTION('',(1.,0.,0.));
#7864=DIRECTION('',(0.,0.,1.));
#7865=DIRECTION('',(1.,0.,0.));
#7866=DIRECTION('',(0.809818959484515,0.586679855508452,0.));
#7867=DIRECTION('',(0.,0.,1.));
#7868=DIRECTION('',(1.,0.,0.));
#7869=DIRECTION('',(-0.58233058545882,-0.812952082990866,0.));
#7870=DIRECTION('',(0.,-1.,0.));
#7871=DIRECTION('',(1.,0.,0.));
#7872=DIRECTION('',(0.,-1.,0.));
#7873=DIRECTION('',(-1.,0.,0.));
#7874=DIRECTION('',(0.,1.,0.));
#7875=DIRECTION('',(1.,0.,0.));
#7876=DIRECTION('',(0.,-1.,0.));
#7877=DIRECTION('',(-1.,0.,0.));
#7878=DIRECTION('',(0.,1.,0.));
#7879=DIRECTION('',(1.,0.,0.));
#7880=DIRECTION('',(0.,-1.,0.));
#7881=DIRECTION('',(-1.,0.,0.));
#7882=DIRECTION('',(0.,1.,0.));
#7883=DIRECTION('',(1.,0.,0.));
#7884=DIRECTION('',(-2.79794109028517E-16,1.,0.));
#7885=DIRECTION('',(-0.582330585458815,0.81295208299087,0.));
#7886=DIRECTION('',(0.,0.,1.));
#7887=DIRECTION('',(1.,0.,0.));
#7888=DIRECTION('',(0.809818959484515,-0.586679855508452,0.));
#7889=DIRECTION('',(0.,0.,1.));
#7890=DIRECTION('',(1.,0.,0.));
#7891=DIRECTION('',(0.,0.,1.));
#7892=DIRECTION('',(1.,0.,0.));
#7893=DIRECTION('',(0.,0.,1.));
#7894=DIRECTION('',(1.,0.,0.));
#7895=DIRECTION('',(0.,0.,1.));
#7896=DIRECTION('',(1.,0.,0.));
#7897=DIRECTION('',(0.,1.,0.));
#7898=DIRECTION('',(0.,0.,1.));
#7899=DIRECTION('',(0.,0.,1.));
#7900=DIRECTION('',(0.,0.,1.));
#7901=DIRECTION('',(1.,0.,0.));
#7902=DIRECTION('',(0.,1.,0.));
#7903=DIRECTION('',(0.,0.,1.));
#7904=DIRECTION('',(0.,0.,1.));
#7905=DIRECTION('',(0.,0.,1.));
#7906=DIRECTION('',(1.,0.,0.));
#7907=DIRECTION('',(0.,1.,0.));
#7908=DIRECTION('',(0.,0.,1.));
#7909=DIRECTION('',(0.,0.,1.));
#7910=DIRECTION('',(0.,0.,-1.));
#7911=DIRECTION('',(1.,0.,0.));
#7912=DIRECTION('',(0.,0.,1.));
#7913=DIRECTION('',(1.,0.,0.));
#7914=DIRECTION('',(-0.58233058545882,-0.812952082990866,0.));
#7915=DIRECTION('',(0.,0.,-1.));
#7916=DIRECTION('',(-1.,0.,0.));
#7917=DIRECTION('',(0.,0.,1.));
#7918=DIRECTION('',(1.,0.,0.));
#7919=DIRECTION('',(0.,-1.,0.));
#7920=DIRECTION('',(-1.,0.,-3.06161699786838E-16));
#7921=DIRECTION('',(0.,-1.,0.));
#7922=DIRECTION('',(0.,0.,1.));
#7923=DIRECTION('',(1.,0.,0.));
#7924=DIRECTION('',(0.,0.,-1.));
#7925=DIRECTION('',(-1.,0.,0.));
#7926=DIRECTION('',(-0.582330585458815,0.81295208299087,0.));
#7927=DIRECTION('',(-2.79794109028517E-16,1.,0.));
#7928=DIRECTION('',(1.,0.,0.));
#7929=DIRECTION('',(-4.18005656861881E-16,-1.,0.));
#7930=DIRECTION('',(0.,0.,-1.));
#7931=DIRECTION('',(-1.,0.,0.));
#7932=DIRECTION('',(1.0450141421547E-16,1.,0.));
#7933=DIRECTION('',(-5.22507071077351E-17,-1.,0.));
#7934=DIRECTION('',(0.,0.,-1.));
#7935=DIRECTION('',(-1.,0.,0.));
#7936=DIRECTION('',(1.0450141421547E-16,1.,0.));
#7937=DIRECTION('',(-1.0450141421547E-16,-1.,0.));
#7938=DIRECTION('',(0.,0.,-1.));
#7939=DIRECTION('',(-1.,0.,0.));
#7940=DIRECTION('',(0.,1.,0.));
#7941=DIRECTION('',(0.,-1.,0.));
#7942=DIRECTION('',(0.,0.,1.));
#7943=DIRECTION('',(1.,0.,0.));
#7944=DIRECTION('',(0.,0.,1.));
#7945=DIRECTION('',(1.,0.,0.));
#7946=DIRECTION('',(0.,0.,1.));
#7947=DIRECTION('',(1.,0.,0.));
#7948=DIRECTION('',(0.,1.,0.));
#7949=DIRECTION('',(-1.,0.,0.));
#7950=DIRECTION('',(0.,-1.,0.));
#7951=DIRECTION('',(0.,0.,1.));
#7952=DIRECTION('',(1.,0.,0.));
#7953=DIRECTION('',(0.,-1.,0.));
#7954=DIRECTION('',(1.,0.,0.));
#7955=DIRECTION('',(0.,1.,0.));
#7956=DIRECTION('',(0.,0.,1.));
#7957=DIRECTION('',(1.,0.,0.));
#7958=DIRECTION('',(0.,0.,1.));
#7959=DIRECTION('',(1.,0.,0.));
#7960=DIRECTION('',(0.,0.,1.));
#7961=DIRECTION('',(1.,0.,0.));
#7962=DIRECTION('',(0.,0.,1.));
#7963=DIRECTION('',(1.,0.,0.));
#7964=DIRECTION('',(-1.,0.,0.));
#7965=DIRECTION('',(0.,1.,0.));
#7966=DIRECTION('',(1.,0.,0.));
#7967=DIRECTION('',(0.93272510664583,0.360588235294118,0.));
#7968=DIRECTION('',(0.,0.,-1.));
#7969=DIRECTION('',(1.,0.,0.));
#7970=DIRECTION('',(-0.93272510664583,0.360588235294118,0.));
#7971=DIRECTION('',(0.,0.,-1.));
#7972=DIRECTION('',(-1.,0.,0.));
#7973=DIRECTION('',(0.,0.,-1.));
#7974=DIRECTION('',(0.,0.,-1.));
#7975=DIRECTION('',(0.,0.,-1.));
#7976=DIRECTION('',(0.,0.,-1.));
#7977=DIRECTION('',(0.,0.,-1.));
#7978=DIRECTION('',(1.,0.,0.));
#7979=DIRECTION('',(0.,0.,-1.));
#7980=DIRECTION('',(-1.,0.,0.));
#7981=DIRECTION('',(0.,0.,-1.));
#7982=DIRECTION('',(0.,0.,-1.));
#7983=DIRECTION('',(0.,0.,-1.));
#7984=DIRECTION('',(0.,0.,-1.));
#7985=DIRECTION('',(0.,0.,1.));
#7986=DIRECTION('',(1.,0.,0.));
#7987=DIRECTION('',(-1.,0.,0.));
#7988=DIRECTION('',(0.,0.,1.));
#7989=DIRECTION('',(1.,0.,0.));
#7990=DIRECTION('',(-0.809818959484516,-0.586679855508451,0.));
#7991=DIRECTION('',(-0.809818959484515,0.586679855508451,0.));
#7992=DIRECTION('',(0.,0.,1.));
#7993=DIRECTION('',(1.,0.,0.));
#7994=DIRECTION('',(0.,0.,1.));
#7995=DIRECTION('',(1.,0.,0.));
#7996=DIRECTION('',(0.,0.,-1.));
#7997=DIRECTION('',(0.,0.,1.));
#7998=DIRECTION('',(1.,0.,0.));
#7999=DIRECTION('',(0.,0.,-1.));
#8000=DIRECTION('',(0.,0.,-1.));
#8001=DIRECTION('',(0.,0.,1.));
#8002=DIRECTION('',(1.,0.,0.));
#8003=DIRECTION('',(0.,0.,-1.));
#8004=DIRECTION('',(0.,0.,-1.));
#8005=DIRECTION('',(0.,0.,1.));
#8006=DIRECTION('',(1.,0.,0.));
#8007=DIRECTION('',(0.,0.,-1.));
#8008=DIRECTION('',(0.,0.,-1.));
#8009=DIRECTION('',(0.,0.,1.));
#8010=DIRECTION('',(1.,0.,0.));
#8011=DIRECTION('',(0.,0.,-1.));
#8012=DIRECTION('',(0.,0.,1.));
#8013=DIRECTION('',(3.07030703712709E-16,0.,-1.));
#8014=DIRECTION('',(-1.,0.,-3.07030703712709E-16));
#8015=DIRECTION('',(0.,0.,1.));
#8016=DIRECTION('',(0.,0.,-1.));
#8017=DIRECTION('',(0.,0.,-1.));
#8018=DIRECTION('',(-1.,0.,0.));
#8019=DIRECTION('',(0.,0.,-1.));
#8020=DIRECTION('',(0.,0.,1.));
#8021=DIRECTION('',(1.,0.,0.));
#8022=DIRECTION('',(0.,0.,1.));
#8023=DIRECTION('',(1.,0.,0.));
#8024=DIRECTION('',(-1.,0.,0.));
#8025=DIRECTION('',(0.,-1.,0.));
#8026=DIRECTION('',(1.,0.,0.));
#8027=DIRECTION('',(0.,0.,1.));
#8028=DIRECTION('',(1.,0.,0.));
#8029=DIRECTION('',(1.,0.,0.));
#8030=DIRECTION('',(0.,0.,-1.));
#8031=DIRECTION('',(0.,0.,-1.));
#8032=DIRECTION('',(0.,-1.,0.));
#8033=DIRECTION('',(0.,0.,-1.));
#8034=DIRECTION('',(0.,-1.,0.));
#8035=DIRECTION('',(0.,1.,0.));
#8036=DIRECTION('',(0.,0.,1.));
#8037=DIRECTION('',(0.,1.,0.));
#8038=DIRECTION('',(0.,0.,1.));
#8039=DIRECTION('',(1.,0.,0.));
#8040=DIRECTION('',(0.,1.,0.));
#8041=DIRECTION('',(0.,0.,1.));
#8042=DIRECTION('',(0.,-1.,0.));
#8043=DIRECTION('',(0.,0.,-1.));
#8044=DIRECTION('',(-1.,0.,0.));
#8045=DIRECTION('',(0.,-1.,0.));
#8046=DIRECTION('',(0.,0.,-1.));
#8047=DIRECTION('',(0.,-1.,0.));
#8048=DIRECTION('',(0.,0.,-1.));
#8049=DIRECTION('',(0.,0.,-1.));
#8050=DIRECTION('',(-1.,0.,0.));
#8051=DIRECTION('',(0.,0.,-1.));
#8052=DIRECTION('',(-1.,0.,0.));
#8053=DIRECTION('',(0.,-1.,0.));
#8054=DIRECTION('',(-1.,-2.79794109028517E-16,0.));
#8055=DIRECTION('',(2.79794109028517E-16,-1.,0.));
#8056=DIRECTION('',(0.,0.,-1.));
#8057=DIRECTION('',(0.,0.,-1.));
#8058=DIRECTION('',(-0.81295208299087,-0.582330585458815,0.));
#8059=DIRECTION('',(0.582330585458815,-0.81295208299087,0.));
#8060=DIRECTION('',(0.,0.,-1.));
#8061=DIRECTION('',(0.,0.,-1.));
#8062=DIRECTION('',(-1.,0.,0.));
#8063=DIRECTION('',(0.,0.,-1.));
#8064=DIRECTION('',(0.,0.,1.));
#8065=DIRECTION('',(1.,0.,0.));
#8066=DIRECTION('',(0.,0.,-1.));
#8067=DIRECTION('',(0.812952082990866,-0.58233058545882,0.));
#8068=DIRECTION('',(0.58233058545882,0.812952082990866,0.));
#8069=DIRECTION('',(0.,0.,-1.));
#8070=DIRECTION('',(0.,0.,-1.));
#8071=DIRECTION('',(1.,0.,0.));
#8072=DIRECTION('',(0.,0.,-1.));
#8073=DIRECTION('',(0.,1.,0.));
#8074=DIRECTION('',(0.,0.,1.));
#8075=DIRECTION('',(0.,0.,1.));
#8076=DIRECTION('',(0.,0.,1.));
#8077=DIRECTION('',(1.,0.,0.));
#8078=DIRECTION('',(0.928884163258108,0.370370370370369,0.));
#8079=DIRECTION('',(-0.928884163258107,0.370370370370372,0.));
#8080=DIRECTION('',(0.,1.,0.));
#8081=DIRECTION('',(0.,0.,1.));
#8082=DIRECTION('',(0.,0.,1.));
#8083=DIRECTION('',(0.,0.,1.));
#8084=DIRECTION('',(0.,0.,-1.));
#8085=DIRECTION('',(0.,0.,-1.));
#8086=DIRECTION('',(0.,-1.,0.));
#8087=DIRECTION('',(0.,0.,-1.));
#8088=DIRECTION('',(0.,0.,1.));
#8089=DIRECTION('',(0.,0.,1.));
#8090=DIRECTION('',(0.,0.,-1.));
#8091=DIRECTION('',(0.,0.,-1.));
#8092=DIRECTION('',(-1.,0.,0.));
#8093=DIRECTION('',(0.,0.,1.));
#8094=DIRECTION('',(1.,0.,0.));
#8095=DIRECTION('',(0.,0.,-1.));
#8096=DIRECTION('',(1.,0.,0.));
#8097=DIRECTION('',(0.,0.,-1.));
#8098=DIRECTION('',(-1.,0.,0.));
#8099=DIRECTION('',(0.,0.,1.));
#8100=DIRECTION('',(-0.360588235294118,0.93272510664583,0.));
#8101=DIRECTION('',(-0.93272510664583,-0.360588235294118,0.));
#8102=DIRECTION('',(-0.360588235294118,-0.93272510664583,0.));
#8103=DIRECTION('',(0.93272510664583,-0.360588235294118,0.));
#8104=DIRECTION('',(0.360588235294118,-0.93272510664583,0.));
#8105=DIRECTION('',(0.93272510664583,0.360588235294118,0.));
#8106=DIRECTION('',(-0.93272510664583,-0.360588235294118,0.));
#8107=DIRECTION('',(0.360588235294118,0.93272510664583,0.));
#8108=DIRECTION('',(-0.93272510664583,0.360588235294118,0.));
#8109=DIRECTION('',(0.93272510664583,-0.360588235294118,0.));
#8110=DIRECTION('',(0.,0.,1.));
#8111=DIRECTION('',(1.,0.,0.));
#8112=DIRECTION('',(-1.,0.,0.));
#8113=DIRECTION('',(0.,0.,1.));
#8114=DIRECTION('',(0.,0.,-1.));
#8115=DIRECTION('',(0.,1.,0.));
#8116=DIRECTION('',(0.,0.,-1.));
#8117=DIRECTION('',(0.,-1.,0.));
#8118=DIRECTION('',(0.,0.,-1.));
#8119=DIRECTION('',(-1.,0.,0.));
#8120=DIRECTION('',(0.,1.,0.));
#8121=DIRECTION('',(0.,0.,1.));
#8122=DIRECTION('',(1.,0.,0.));
#8123=DIRECTION('',(0.,0.,1.));
#8124=DIRECTION('',(1.,0.,0.));
#8125=DIRECTION('',(0.,0.,-1.));
#8126=DIRECTION('',(-1.,0.,0.));
#8127=DIRECTION('',(0.,0.,-1.));
#8128=DIRECTION('',(0.,0.,1.));
#8129=DIRECTION('',(1.,0.,0.));
#8130=DIRECTION('',(0.,0.,-1.));
#8131=DIRECTION('',(-1.,0.,0.));
#8132=DIRECTION('',(0.,0.,1.));
#8133=DIRECTION('',(1.,0.,0.));
#8134=DIRECTION('',(-1.,0.,-7.2280144832367E-16));
#8135=DIRECTION('',(-7.2280144832367E-16,0.,1.));
#8136=DIRECTION('',(0.,-1.,0.));
#8137=DIRECTION('',(7.2280144832367E-16,0.,-1.));
#8138=DIRECTION('',(1.,0.,0.));
#8139=DIRECTION('',(0.,0.,-1.));
#8140=DIRECTION('',(0.,0.,1.));
#8141=DIRECTION('',(0.,-1.,0.));
#8142=DIRECTION('',(3.07030703712709E-16,0.,-1.));
#8143=DIRECTION('',(-1.,0.,-3.07030703712709E-16));
#8144=DIRECTION('',(1.,0.,3.07030703712709E-16));
#8145=DIRECTION('',(0.,-1.,0.));
#8146=DIRECTION('',(0.,0.,-1.));
#8147=DIRECTION('',(1.,-1.0450141421547E-16,0.));
#8148=DIRECTION('',(1.0450141421547E-16,1.,0.));
#8149=DIRECTION('',(0.,0.,1.));
#8150=DIRECTION('',(1.0450141421547E-16,1.,0.));
#8151=DIRECTION('',(0.,0.,1.));
#8152=DIRECTION('',(0.,0.,1.));
#8153=DIRECTION('',(1.,0.,0.));
#8154=DIRECTION('',(0.,0.,1.));
#8155=DIRECTION('',(0.,0.,-1.));
#8156=DIRECTION('',(-1.,0.,0.));
#8157=DIRECTION('',(-1.,5.22507071077351E-17,0.));
#8158=DIRECTION('',(-5.22507071077351E-17,-1.,0.));
#8159=DIRECTION('',(0.,0.,1.));
#8160=DIRECTION('',(-5.22507071077351E-17,-1.,0.));
#8161=DIRECTION('',(0.,1.,0.));
#8162=DIRECTION('',(0.,0.,1.));
#8163=DIRECTION('',(-1.,0.,0.));
#8164=DIRECTION('',(-1.,0.,0.));
#8165=DIRECTION('',(-1.,0.,0.));
#8166=DIRECTION('',(0.,0.,-1.));
#8167=DIRECTION('',(-1.,0.,0.));
#8168=DIRECTION('',(-1.17848062226685E-16,-1.,0.));
#8169=DIRECTION('',(1.,0.,0.));
#8170=DIRECTION('',(1.41417674672022E-16,1.,0.));
#8171=DIRECTION('',(2.16840434497101E-16,1.,0.));
#8172=DIRECTION('',(-1.,0.,0.));
#8173=DIRECTION('',(3.25260651745651E-16,-1.,0.));
#8174=DIRECTION('',(1.,0.,0.));
#8175=DIRECTION('',(0.,0.,-1.));
#8176=DIRECTION('',(-1.,0.,0.));
#8177=DIRECTION('',(1.,-1.0450141421547E-16,0.));
#8178=DIRECTION('',(1.0450141421547E-16,1.,0.));
#8179=DIRECTION('',(0.,0.,1.));
#8180=DIRECTION('',(1.0450141421547E-16,1.,0.));
#8181=DIRECTION('',(0.,0.,1.));
#8182=DIRECTION('',(0.,0.,1.));
#8183=DIRECTION('',(1.,0.,0.));
#8184=DIRECTION('',(0.,0.,1.));
#8185=DIRECTION('',(0.,0.,-1.));
#8186=DIRECTION('',(-1.,0.,0.));
#8187=DIRECTION('',(-1.,4.18005656861881E-16,0.));
#8188=DIRECTION('',(-4.18005656861881E-16,-1.,0.));
#8189=DIRECTION('',(0.,0.,1.));
#8190=DIRECTION('',(-4.18005656861881E-16,-1.,0.));
#8191=DIRECTION('',(0.,1.,0.));
#8192=DIRECTION('',(0.,0.,1.));
#8193=DIRECTION('',(-1.,0.,0.));
#8194=DIRECTION('',(-1.,0.,0.));
#8195=DIRECTION('',(-1.,0.,0.));
#8196=DIRECTION('',(0.,0.,-1.));
#8197=DIRECTION('',(-1.,0.,0.));
#8198=DIRECTION('',(-1.88556899562696E-16,-1.,0.));
#8199=DIRECTION('',(1.,0.,0.));
#8200=DIRECTION('',(1.88556899562696E-16,1.,0.));
#8201=DIRECTION('',(0.,1.,0.));
#8202=DIRECTION('',(-1.,0.,0.));
#8203=DIRECTION('',(0.,-1.,0.));
#8204=DIRECTION('',(1.,0.,0.));
#8205=DIRECTION('',(0.,0.,-1.));
#8206=DIRECTION('',(-1.,0.,0.));
#8207=DIRECTION('',(1.,0.,0.));
#8208=DIRECTION('',(0.,0.,-1.));
#8209=DIRECTION('',(0.,0.,1.));
#8210=DIRECTION('',(0.,1.,0.));
#8211=DIRECTION('',(0.,0.,1.));
#8212=DIRECTION('',(0.,0.,1.));
#8213=DIRECTION('',(1.,0.,0.));
#8214=DIRECTION('',(0.,0.,1.));
#8215=DIRECTION('',(0.,0.,-1.));
#8216=DIRECTION('',(-1.,0.,0.));
#8217=DIRECTION('',(-1.,1.0450141421547E-16,0.));
#8218=DIRECTION('',(-1.0450141421547E-16,-1.,0.));
#8219=DIRECTION('',(0.,0.,1.));
#8220=DIRECTION('',(-1.0450141421547E-16,-1.,0.));
#8221=DIRECTION('',(0.,1.,0.));
#8222=DIRECTION('',(0.,0.,1.));
#8223=DIRECTION('',(-1.,0.,0.));
#8224=DIRECTION('',(-1.,0.,0.));
#8225=DIRECTION('',(-1.,0.,0.));
#8226=DIRECTION('',(0.,0.,-1.));
#8227=DIRECTION('',(-1.,0.,0.));
#8228=DIRECTION('',(-1.88556899562696E-16,-1.,0.));
#8229=DIRECTION('',(1.,0.,0.));
#8230=DIRECTION('',(1.88556899562696E-16,1.,0.));
#8231=DIRECTION('',(0.,1.,0.));
#8232=DIRECTION('',(-1.,0.,0.));
#8233=DIRECTION('',(0.,-1.,0.));
#8234=DIRECTION('',(1.,0.,0.));
#8235=DIRECTION('',(0.,0.,-1.));
#8236=DIRECTION('',(-1.,0.,0.));
#8237=DIRECTION('',(0.,0.,-1.));
#8238=DIRECTION('',(-1.,0.,0.));
#8239=DIRECTION('',(0.,0.,1.));
#8240=DIRECTION('',(1.,0.,0.));
#8241=DIRECTION('',(0.,0.,-1.));
#8242=DIRECTION('',(-1.,0.,0.));
#8243=DIRECTION('',(0.,0.,1.));
#8244=DIRECTION('',(1.,0.,0.));
#8245=DIRECTION('',(0.,0.,-1.));
#8246=DIRECTION('',(-1.,0.,0.));
#8247=DIRECTION('',(0.,0.,1.));
#8248=DIRECTION('',(1.,0.,0.));
#8249=DIRECTION('',(1.,0.,0.));
#8250=DIRECTION('',(0.,0.,-1.));
#8251=DIRECTION('',(0.,1.,0.));
#8252=DIRECTION('',(0.,0.,-1.));
#8253=DIRECTION('',(1.,0.,0.));
#8254=DIRECTION('',(0.,0.,-1.));
#8255=DIRECTION('',(0.,1.,0.));
#8256=DIRECTION('',(0.,0.,1.));
#8257=DIRECTION('',(-1.,0.,0.));
#8258=DIRECTION('',(0.,0.,-1.));
#8259=DIRECTION('',(-1.,0.,0.));
#8260=DIRECTION('',(0.,0.,1.));
#8261=DIRECTION('',(0.,-1.,0.));
#8262=DIRECTION('',(-1.,0.,0.));
#8263=DIRECTION('',(0.,0.,1.));
#8264=DIRECTION('',(0.,-1.,0.));
#8265=DIRECTION('',(0.,0.,-1.));
#8266=DIRECTION('',(0.,0.,-1.));
#8267=DIRECTION('',(-1.,0.,0.));
#8268=DIRECTION('',(0.,0.,-1.));
#8269=DIRECTION('',(-1.,0.,0.));
#8270=DIRECTION('',(0.,0.,-1.));
#8271=DIRECTION('',(-1.,0.,0.));
#8272=DIRECTION('',(1.,0.,0.));
#8273=DIRECTION('',(1.,3.25260651745651E-16,0.));
#8274=DIRECTION('',(-3.25260651745651E-16,1.,0.));
#8275=DIRECTION('',(-3.25260651745651E-16,1.,0.));
#8276=DIRECTION('',(0.,0.,-1.));
#8277=DIRECTION('',(1.,3.25260651745651E-16,0.));
#8278=DIRECTION('',(-3.25260651745651E-16,1.,0.));
#8279=DIRECTION('',(0.,1.,0.));
#8280=DIRECTION('',(0.,0.,1.));
#8281=DIRECTION('',(-1.,0.,0.));
#8282=DIRECTION('',(0.,0.,-1.));
#8283=DIRECTION('',(-1.,2.16840434497101E-16,0.));
#8284=DIRECTION('',(-2.16840434497101E-16,-1.,0.));
#8285=DIRECTION('',(-2.16840434497101E-16,-1.,0.));
#8286=DIRECTION('',(-1.,2.16840434497101E-16,0.));
#8287=DIRECTION('',(-2.16840434497101E-16,-1.,0.));
#8288=DIRECTION('',(0.,-1.,0.));
#8289=DIRECTION('',(0.,0.,-1.));
#8290=DIRECTION('',(0.,0.,-1.));
#8291=DIRECTION('',(-1.,0.,0.));
#8292=DIRECTION('',(0.,0.,-1.));
#8293=DIRECTION('',(-1.,0.,0.));
#8294=DIRECTION('',(0.,0.,-1.));
#8295=DIRECTION('',(-1.,0.,0.));
#8296=DIRECTION('',(1.,0.,0.));
#8297=DIRECTION('',(1.,0.,0.));
#8298=DIRECTION('',(0.,0.,-1.));
#8299=DIRECTION('',(0.,1.,0.));
#8300=DIRECTION('',(0.,0.,-1.));
#8301=DIRECTION('',(1.,0.,0.));
#8302=DIRECTION('',(0.,0.,-1.));
#8303=DIRECTION('',(0.,1.,0.));
#8304=DIRECTION('',(0.,0.,1.));
#8305=DIRECTION('',(-1.,0.,0.));
#8306=DIRECTION('',(0.,0.,-1.));
#8307=DIRECTION('',(-1.,0.,0.));
#8308=DIRECTION('',(0.,0.,1.));
#8309=DIRECTION('',(0.,-1.,0.));
#8310=DIRECTION('',(-1.,0.,0.));
#8311=DIRECTION('',(0.,0.,1.));
#8312=DIRECTION('',(0.,-1.,0.));
#8313=DIRECTION('',(0.,0.,-1.));
#8314=DIRECTION('',(0.,0.,-1.));
#8315=DIRECTION('',(-1.,0.,0.));
#8316=DIRECTION('',(0.,0.,-1.));
#8317=DIRECTION('',(-1.,0.,0.));
#8318=DIRECTION('',(0.,0.,-1.));
#8319=DIRECTION('',(-1.,0.,0.));
#8320=DIRECTION('',(1.,0.,0.));
#8321=DIRECTION('',(0.,0.,-1.));
#8322=DIRECTION('',(-1.,0.,0.));
#8323=DIRECTION('',(-1.,0.,0.));
#8324=DIRECTION('',(-0.258819045102519,-0.965925826289069,0.));
#8325=DIRECTION('',(-1.88556899562696E-16,-1.,0.));
#8326=DIRECTION('',(1.88556899562696E-16,1.,0.));
#8327=DIRECTION('',(-0.258819045102518,0.965925826289069,0.));
#8328=DIRECTION('',(-1.,1.88556899562696E-16,0.));
#8329=DIRECTION('',(-1.88556899562696E-16,-1.,0.));
#8330=DIRECTION('',(-1.88556899562696E-16,-1.,0.));
#8331=DIRECTION('',(-1.,1.88556899562696E-16,0.));
#8332=DIRECTION('',(-1.88556899562696E-16,-1.,0.));
#8333=DIRECTION('',(0.,0.,-1.));
#8334=DIRECTION('',(0.,1.,0.));
#8335=DIRECTION('',(0.,0.,1.));
#8336=DIRECTION('',(-1.,0.,0.));
#8337=DIRECTION('',(0.,0.,1.));
#8338=DIRECTION('',(0.,0.,-1.));
#8339=DIRECTION('',(1.,-1.88556899562696E-16,0.));
#8340=DIRECTION('',(1.88556899562696E-16,1.,0.));
#8341=DIRECTION('',(1.,-1.88556899562696E-16,0.));
#8342=DIRECTION('',(1.88556899562696E-16,1.,0.));
#8343=DIRECTION('',(1.88556899562696E-16,1.,0.));
#8344=DIRECTION('',(0.,0.,1.));
#8345=DIRECTION('',(0.,0.,-1.));
#8346=DIRECTION('',(-1.,0.,0.));
#8347=DIRECTION('',(1.,0.,0.));
#8348=DIRECTION('',(0.258819045102519,0.965925826289069,0.));
#8349=DIRECTION('',(0.258819045102518,-0.965925826289069,0.));
#8350=DIRECTION('',(0.,0.,-1.));
#8351=DIRECTION('',(-1.,0.,0.));
#8352=DIRECTION('',(-1.,0.,0.));
#8353=DIRECTION('',(-0.258819045102518,-0.965925826289069,0.));
#8354=DIRECTION('',(-1.17848062226685E-16,-1.,0.));
#8355=DIRECTION('',(1.41417674672022E-16,1.,0.));
#8356=DIRECTION('',(-0.258819045102518,0.965925826289069,0.));
#8357=DIRECTION('',(-1.,1.17848062226685E-16,0.));
#8358=DIRECTION('',(-1.17848062226685E-16,-1.,0.));
#8359=DIRECTION('',(-1.17848062226685E-16,-1.,0.));
#8360=DIRECTION('',(-1.,1.17848062226685E-16,0.));
#8361=DIRECTION('',(-1.17848062226685E-16,-1.,0.));
#8362=DIRECTION('',(0.,0.,-1.));
#8363=DIRECTION('',(0.,1.,0.));
#8364=DIRECTION('',(0.,0.,1.));
#8365=DIRECTION('',(-1.,0.,0.));
#8366=DIRECTION('',(0.,0.,1.));
#8367=DIRECTION('',(0.,0.,-1.));
#8368=DIRECTION('',(1.,-1.41417674672022E-16,0.));
#8369=DIRECTION('',(1.41417674672022E-16,1.,0.));
#8370=DIRECTION('',(1.,-1.41417674672022E-16,0.));
#8371=DIRECTION('',(1.41417674672022E-16,1.,0.));
#8372=DIRECTION('',(1.41417674672022E-16,1.,0.));
#8373=DIRECTION('',(0.,0.,1.));
#8374=DIRECTION('',(0.,0.,-1.));
#8375=DIRECTION('',(-1.,0.,0.));
#8376=DIRECTION('',(1.,0.,0.));
#8377=DIRECTION('',(0.258819045102518,0.965925826289069,0.));
#8378=DIRECTION('',(0.258819045102518,-0.965925826289069,0.));
#8379=DIRECTION('',(0.,0.,-1.));
#8380=DIRECTION('',(-1.,0.,0.));
#8381=DIRECTION('',(-1.,0.,0.));
#8382=DIRECTION('',(-0.258819045102519,-0.965925826289069,0.));
#8383=DIRECTION('',(-1.88556899562696E-16,-1.,0.));
#8384=DIRECTION('',(1.88556899562696E-16,1.,0.));
#8385=DIRECTION('',(-0.258819045102518,0.965925826289069,0.));
#8386=DIRECTION('',(-1.,1.88556899562696E-16,0.));
#8387=DIRECTION('',(-1.88556899562696E-16,-1.,0.));
#8388=DIRECTION('',(-1.88556899562696E-16,-1.,0.));
#8389=DIRECTION('',(-1.,1.88556899562696E-16,0.));
#8390=DIRECTION('',(-1.88556899562696E-16,-1.,0.));
#8391=DIRECTION('',(0.,0.,-1.));
#8392=DIRECTION('',(0.,1.,0.));
#8393=DIRECTION('',(0.,0.,1.));
#8394=DIRECTION('',(-1.,0.,0.));
#8395=DIRECTION('',(0.,0.,1.));
#8396=DIRECTION('',(0.,0.,-1.));
#8397=DIRECTION('',(1.,-1.88556899562696E-16,0.));
#8398=DIRECTION('',(1.88556899562696E-16,1.,0.));
#8399=DIRECTION('',(1.,-1.88556899562696E-16,0.));
#8400=DIRECTION('',(1.88556899562696E-16,1.,0.));
#8401=DIRECTION('',(1.88556899562696E-16,1.,0.));
#8402=DIRECTION('',(0.,0.,1.));
#8403=DIRECTION('',(0.,0.,-1.));
#8404=DIRECTION('',(-1.,0.,0.));
#8405=DIRECTION('',(1.,0.,0.));
#8406=DIRECTION('',(0.258819045102519,0.965925826289069,0.));
#8407=DIRECTION('',(0.258819045102518,-0.965925826289069,0.));
#8408=DIRECTION('',(-1.,0.,0.));
#8409=DIRECTION('',(0.,0.,1.));
#8410=DIRECTION('',(0.,0.,1.));
#8411=DIRECTION('',(0.,1.,0.));
#8412=DIRECTION('',(0.,0.,1.));
#8413=DIRECTION('',(0.,0.,1.));
#8414=DIRECTION('',(1.,0.,0.));
#8415=DIRECTION('',(0.,0.,-1.));
#8416=DIRECTION('',(-1.,0.,0.));
#8417=DIRECTION('',(0.,0.,1.));
#8418=DIRECTION('',(0.,0.,1.));
#8419=DIRECTION('',(0.,1.,0.));
#8420=DIRECTION('',(0.,0.,1.));
#8421=DIRECTION('',(0.,0.,1.));
#8422=DIRECTION('',(1.,0.,0.));
#8423=DIRECTION('',(0.,0.,-1.));
#8424=DIRECTION('',(-1.,0.,0.));
#8425=DIRECTION('',(0.,0.,1.));
#8426=DIRECTION('',(0.,0.,1.));
#8427=DIRECTION('',(0.,1.,0.));
#8428=DIRECTION('',(0.,0.,1.));
#8429=DIRECTION('',(0.,0.,1.));
#8430=DIRECTION('',(1.,0.,0.));
#8431=DIRECTION('',(0.,0.,-1.));
#8432=DIRECTION('',(0.,0.,1.));
#8433=DIRECTION('',(1.,0.,0.));
#8434=DIRECTION('',(0.,0.,1.));
#8435=DIRECTION('',(1.,0.,0.));
#8436=DIRECTION('',(0.,0.,1.));
#8437=DIRECTION('',(1.,0.,0.));
#8438=DIRECTION('',(0.,0.,1.));
#8439=DIRECTION('',(1.,0.,0.));
#8440=DIRECTION('',(0.,0.,1.));
#8441=DIRECTION('',(1.,0.,0.));
#8442=DIRECTION('',(0.,0.,1.));
#8443=DIRECTION('',(1.,0.,0.));
#8444=DIRECTION('',(0.,0.,1.));
#8445=DIRECTION('',(1.,0.,0.));
#8446=DIRECTION('',(0.,0.,1.));
#8447=DIRECTION('',(1.,0.,0.));
#8448=DIRECTION('',(0.,0.,1.));
#8449=DIRECTION('',(1.,0.,0.));
#8450=DIRECTION('',(1.,0.,0.));
#8451=DIRECTION('',(0.,0.,-1.));
#8452=DIRECTION('',(0.,-1.,0.));
#8453=DIRECTION('',(1.,0.,0.));
#8454=DIRECTION('',(0.,0.,-1.));
#8455=DIRECTION('',(0.,0.,-1.));
#8456=DIRECTION('',(0.,1.,0.));
#8457=DIRECTION('',(0.,0.,1.));
#8458=DIRECTION('',(1.,0.,0.));
#8459=DIRECTION('',(0.,0.,-1.));
#8460=DIRECTION('',(1.,0.,0.));
#8461=DIRECTION('',(-1.,0.,0.));
#8462=DIRECTION('',(0.,0.,1.));
#8463=DIRECTION('',(0.,1.,0.));
#8464=DIRECTION('',(-1.,0.,0.));
#8465=DIRECTION('',(0.,0.,1.));
#8466=DIRECTION('',(0.,0.,1.));
#8467=DIRECTION('',(1.,0.,0.));
#8468=DIRECTION('',(1.,0.,0.));
#8469=DIRECTION('',(0.,0.,-1.));
#8470=DIRECTION('',(0.,-1.,0.));
#8471=DIRECTION('',(1.,0.,0.));
#8472=DIRECTION('',(0.,0.,-1.));
#8473=DIRECTION('',(0.,0.,-1.));
#8474=DIRECTION('',(0.,1.,0.));
#8475=DIRECTION('',(0.,0.,1.));
#8476=DIRECTION('',(1.,0.,0.));
#8477=DIRECTION('',(0.,0.,-1.));
#8478=DIRECTION('',(1.,0.,0.));
#8479=DIRECTION('',(-1.,0.,0.));
#8480=DIRECTION('',(0.,0.,1.));
#8481=DIRECTION('',(0.,1.,0.));
#8482=DIRECTION('',(-1.,0.,0.));
#8483=DIRECTION('',(0.,0.,1.));
#8484=DIRECTION('',(0.,0.,1.));
#8485=DIRECTION('',(1.,0.,0.));
#8486=DIRECTION('',(1.,0.,0.));
#8487=DIRECTION('',(0.,0.,-1.));
#8488=DIRECTION('',(0.,-1.,0.));
#8489=DIRECTION('',(1.,0.,0.));
#8490=DIRECTION('',(0.,0.,-1.));
#8491=DIRECTION('',(0.,0.,-1.));
#8492=DIRECTION('',(0.,1.,0.));
#8493=DIRECTION('',(0.,0.,1.));
#8494=DIRECTION('',(1.,0.,0.));
#8495=DIRECTION('',(0.,0.,-1.));
#8496=DIRECTION('',(1.,0.,0.));
#8497=DIRECTION('',(-1.,0.,0.));
#8498=DIRECTION('',(0.,0.,1.));
#8499=DIRECTION('',(0.,1.,0.));
#8500=DIRECTION('',(-1.,0.,0.));
#8501=DIRECTION('',(0.,0.,1.));
#8502=DIRECTION('',(0.,0.,1.));
#8503=DIRECTION('',(1.,0.,0.));
#8504=DIRECTION('',(0.,0.,1.));
#8505=DIRECTION('',(1.,0.,0.));
#8506=DIRECTION('',(0.,0.,-1.));
#8507=DIRECTION('',(-1.,0.,0.));
#8508=DIRECTION('',(0.,0.,-1.));
#8509=DIRECTION('',(-1.,0.,0.));
#8510=DIRECTION('',(-2.44929359829471E-16,-1.,0.));
#8511=DIRECTION('',(1.,-2.44929359829471E-16,0.));
#8512=DIRECTION('',(0.,0.,-1.));
#8513=DIRECTION('',(0.776114000116265,-1.90093105203167E-16,0.630592625094466));
#8514=DIRECTION('',(-0.776114000116265,1.90093105203167E-16,0.630592625094466));
#8515=DIRECTION('',(0.,0.,-1.));
#8516=DIRECTION('',(-1.,0.,0.));
#8517=DIRECTION('',(0.,0.,-1.));
#8518=DIRECTION('',(-1.,0.,0.));
#8519=DIRECTION('',(0.370370370370371,0.928884163258107,0.));
#8520=DIRECTION('',(-0.928884163258108,0.370370370370371,0.));
#8521=DIRECTION('',(0.370370370370371,0.928884163258108,0.));
#8522=DIRECTION('',(-0.928884163258107,0.370370370370371,0.));
#8523=DIRECTION('',(-0.370370370370372,-0.928884163258107,0.));
#8524=DIRECTION('',(0.928884163258107,-0.370370370370372,0.));
#8525=DIRECTION('',(-0.370370370370372,-0.928884163258107,0.));
#8526=DIRECTION('',(0.928884163258107,-0.370370370370372,0.));
#8527=DIRECTION('',(0.370370370370371,-0.928884163258107,0.));
#8528=DIRECTION('',(0.928884163258108,0.370370370370371,0.));
#8529=DIRECTION('',(0.370370370370371,-0.928884163258108,0.));
#8530=DIRECTION('',(0.928884163258107,0.370370370370371,0.));
#8531=DIRECTION('',(-0.370370370370369,0.928884163258108,0.));
#8532=DIRECTION('',(-0.928884163258108,-0.370370370370369,0.));
#8533=DIRECTION('',(-0.370370370370369,0.928884163258108,0.));
#8534=DIRECTION('',(-0.928884163258108,-0.370370370370369,0.));
#8535=DIRECTION('',(0.,0.,-1.));
#8536=DIRECTION('',(-1.,0.,0.));
#8537=DIRECTION('',(0.37037037037037,0.928884163258108,0.));
#8538=DIRECTION('',(-0.928884163258108,0.37037037037037,0.));
#8539=DIRECTION('',(0.928884163258108,-0.37037037037037,0.));
#8540=DIRECTION('',(0.37037037037037,0.928884163258108,0.));
#8541=DIRECTION('',(-0.928884163258108,0.37037037037037,0.));
#8542=DIRECTION('',(0.,0.,-1.));
#8543=DIRECTION('',(0.,0.,-1.));
#8544=DIRECTION('',(-1.,0.,0.));
#8545=DIRECTION('',(0.,0.,-1.));
#8546=DIRECTION('',(0.,0.,1.));
#8547=DIRECTION('',(1.,0.,0.));
#8548=DIRECTION('',(-0.586679855508452,-0.809818959484514,0.));
#8549=DIRECTION('',(0.809818959484515,-0.586679855508452,0.));
#8550=DIRECTION('',(-0.586679855508452,-0.809818959484515,0.));
#8551=DIRECTION('',(0.809818959484514,-0.586679855508452,0.));
#8552=DIRECTION('',(-0.809818959484515,0.586679855508452,0.));
#8553=DIRECTION('',(0.,0.,1.));
#8554=DIRECTION('',(0.,0.,1.));
#8555=DIRECTION('',(1.,0.,0.));
#8556=DIRECTION('',(0.,0.,1.));
#8557=DIRECTION('',(1.,0.,0.));
#8558=DIRECTION('',(-0.370370370370371,-0.928884163258108,0.));
#8559=DIRECTION('',(0.928884163258108,-0.370370370370371,0.));
#8560=DIRECTION('',(-0.928884163258108,0.370370370370371,0.));
#8561=DIRECTION('',(-0.370370370370371,-0.928884163258108,0.));
#8562=DIRECTION('',(0.928884163258108,-0.370370370370371,0.));
#8563=DIRECTION('',(0.,0.,-1.));
#8564=DIRECTION('',(0.,0.,-1.));
#8565=DIRECTION('',(-1.,0.,0.));
#8566=DIRECTION('',(0.,0.,-1.));
#8567=DIRECTION('',(0.,0.,1.));
#8568=DIRECTION('',(1.,0.,0.));
#8569=DIRECTION('',(0.586679855508452,0.809818959484514,0.));
#8570=DIRECTION('',(-0.809818959484514,0.586679855508452,0.));
#8571=DIRECTION('',(0.586679855508452,0.809818959484514,0.));
#8572=DIRECTION('',(-0.809818959484514,0.586679855508452,0.));
#8573=DIRECTION('',(0.809818959484514,-0.586679855508452,0.));
#8574=DIRECTION('',(0.,0.,1.));
#8575=DIRECTION('',(0.,0.,1.));
#8576=DIRECTION('',(1.,0.,0.));
#8577=DIRECTION('',(0.,0.,1.));
#8578=DIRECTION('',(1.,0.,0.));
#8579=DIRECTION('',(-0.586679855508451,0.809818959484515,0.));
#8580=DIRECTION('',(-0.809818959484515,-0.586679855508451,0.));
#8581=DIRECTION('',(0.809818959484515,0.586679855508451,0.));
#8582=DIRECTION('',(-0.586679855508451,0.809818959484515,0.));
#8583=DIRECTION('',(-0.809818959484515,-0.586679855508451,0.));
#8584=DIRECTION('',(0.,0.,1.));
#8585=DIRECTION('',(0.,0.,-1.));
#8586=DIRECTION('',(0.,0.,-1.));
#8587=DIRECTION('',(-1.,0.,0.));
#8588=DIRECTION('',(0.,0.,-1.));
#8589=DIRECTION('',(0.,0.,1.));
#8590=DIRECTION('',(1.,0.,0.));
#8591=DIRECTION('',(0.370370370370371,-0.928884163258108,0.));
#8592=DIRECTION('',(0.928884163258108,0.370370370370371,0.));
#8593=DIRECTION('',(0.370370370370371,-0.928884163258108,0.));
#8594=DIRECTION('',(0.928884163258108,0.370370370370371,0.));
#8595=DIRECTION('',(-0.928884163258108,-0.370370370370371,0.));
#8596=DIRECTION('',(0.,0.,1.));
#8597=DIRECTION('',(1.,0.,0.));
#8598=DIRECTION('',(0.,0.,1.));
#8599=DIRECTION('',(1.,0.,0.));
#8600=DIRECTION('',(0.586679855508452,-0.809818959484515,0.));
#8601=DIRECTION('',(0.809818959484515,0.586679855508452,0.));
#8602=DIRECTION('',(-0.809818959484515,-0.586679855508452,0.));
#8603=DIRECTION('',(0.586679855508452,-0.809818959484515,0.));
#8604=DIRECTION('',(0.809818959484515,0.586679855508452,0.));
#8605=DIRECTION('',(0.,0.,1.));
#8606=DIRECTION('',(0.,0.,-1.));
#8607=DIRECTION('',(0.,0.,-1.));
#8608=DIRECTION('',(-1.,0.,0.));
#8609=DIRECTION('',(0.,0.,-1.));
#8610=DIRECTION('',(0.,0.,1.));
#8611=DIRECTION('',(1.,0.,0.));
#8612=DIRECTION('',(-0.370370370370371,0.928884163258108,0.));
#8613=DIRECTION('',(-0.928884163258108,-0.370370370370371,0.));
#8614=DIRECTION('',(-0.370370370370371,0.928884163258108,0.));
#8615=DIRECTION('',(-0.928884163258108,-0.370370370370371,0.));
#8616=DIRECTION('',(0.928884163258108,0.370370370370371,0.));
#8617=DIRECTION('',(0.,0.,1.));
#8618=DIRECTION('',(1.,0.,0.));
#8619=DIRECTION('',(0.,0.,1.));
#8620=DIRECTION('',(1.,0.,0.));
#8621=DIRECTION('',(0.,0.,1.));
#8622=DIRECTION('',(1.,0.,0.));
#8623=DIRECTION('',(0.,0.,1.));
#8624=DIRECTION('',(1.,0.,0.));
#8625=DIRECTION('',(0.,0.,1.));
#8626=DIRECTION('',(1.,0.,0.));
#8627=DIRECTION('',(0.,0.,1.));
#8628=DIRECTION('',(1.,0.,0.));
#8629=DIRECTION('',(0.965925826289069,0.258819045102518,0.));
#8630=DIRECTION('',(0.,0.,1.));
#8631=DIRECTION('',(0.965925826289069,0.258819045102518,0.));
#8632=DIRECTION('',(0.,0.,1.));
#8633=DIRECTION('',(0.965925826289069,0.258819045102518,0.));
#8634=DIRECTION('',(0.,0.,1.));
#8635=DIRECTION('',(-0.965925826289069,0.258819045102519,0.));
#8636=DIRECTION('',(0.,0.,1.));
#8637=DIRECTION('',(-0.965925826289069,0.258819045102518,0.));
#8638=DIRECTION('',(0.,0.,1.));
#8639=DIRECTION('',(-0.965925826289069,0.258819045102519,0.));
#8640=DIRECTION('',(0.,0.,1.));
#8641=DIRECTION('',(-1.,0.,0.));
#8642=DIRECTION('',(0.,0.,1.));
#8643=DIRECTION('',(-1.,0.,0.));
#8644=DIRECTION('',(0.,0.,1.));
#8645=DIRECTION('',(-1.,0.,0.));
#8646=DIRECTION('',(0.,0.,1.));
#8647=DIRECTION('',(0.,0.,1.));
#8648=DIRECTION('',(1.,0.,0.));
#8649=DIRECTION('',(0.,0.,-1.));
#8650=DIRECTION('',(-1.,0.,0.));
#8651=DIRECTION('',(0.,0.,1.));
#8652=DIRECTION('',(1.,0.,0.));
#8653=DIRECTION('',(0.,0.,-1.));
#8654=DIRECTION('',(-1.,0.,0.));
#8655=DIRECTION('',(0.,0.,1.));
#8656=DIRECTION('',(1.,0.,0.));
#8657=DIRECTION('',(0.,0.,-1.));
#8658=DIRECTION('',(-1.,0.,0.));
#8659=DIRECTION('',(-1.,0.,0.));
#8660=DIRECTION('',(0.,0.,1.));
#8661=DIRECTION('',(-1.,0.,0.));
#8662=DIRECTION('',(0.,0.,1.));
#8663=DIRECTION('',(-1.,0.,0.));
#8664=DIRECTION('',(0.,0.,1.));
#8665=DIRECTION('',(1.,0.,0.));
#8666=DIRECTION('',(0.,0.,-1.));
#8667=DIRECTION('',(1.,0.,0.));
#8668=DIRECTION('',(0.,0.,-1.));
#8669=DIRECTION('',(1.,0.,0.));
#8670=DIRECTION('',(0.,0.,-1.));
#8671=DIRECTION('',(0.,0.,-1.));
#8672=DIRECTION('',(-1.,0.,0.));
#8673=DIRECTION('',(0.,-1.,0.));
#8674=DIRECTION('',(0.,0.,-1.));
#8675=DIRECTION('',(0.,-1.,0.));
#8676=DIRECTION('',(0.,0.,-1.));
#8677=DIRECTION('',(0.,0.,1.));
#8678=DIRECTION('',(1.,0.,0.));
#8679=DIRECTION('',(0.,0.,1.));
#8680=DIRECTION('',(1.,0.,0.));
#8681=DIRECTION('',(0.,0.,1.));
#8682=DIRECTION('',(1.,0.,0.));
#8683=DIRECTION('',(0.,0.,1.));
#8684=DIRECTION('',(1.,0.,0.));
#8685=CARTESIAN_POINT('',(0.,0.,0.));
#8686=CARTESIAN_POINT('',(-0.00655953357182457,-0.00475210682961845,0.0227476120975553));
#8687=CARTESIAN_POINT('',(-0.00688346115561838,-0.00498677877182184,0.0012));
#8688=CARTESIAN_POINT('',(-0.00688346115561838,-0.00498677877182184,0.0012));
#8689=CARTESIAN_POINT('',(-0.00655953357182457,-0.00475210682961845,0.0012));
#8690=CARTESIAN_POINT('',(-0.00655953357182457,-0.00475210682961845,0.0227476120975553));
#8691=CARTESIAN_POINT('',(-0.00655953357182457,-0.00475210682961845,0.));
#8692=CARTESIAN_POINT('',(-0.00655953357182457,-0.00475210682961845,0.));
#8693=CARTESIAN_POINT('',(-0.00688346115561838,-0.00498677877182183,0.));
#8694=CARTESIAN_POINT('',(-0.00688346115561838,-0.00498677877182183,0.0227476120975553));
#8695=CARTESIAN_POINT('',(0.00655953357182457,-0.00475210682961846,0.0227476120975553));
#8696=CARTESIAN_POINT('',(0.00655953357182457,-0.00475210682961846,0.0012));
#8697=CARTESIAN_POINT('',(0.00688346115561837,-0.00498677877182184,0.0012));
#8698=CARTESIAN_POINT('',(0.00655953357182457,-0.00475210682961846,0.0012));
#8699=CARTESIAN_POINT('',(0.00688346115561837,-0.00498677877182184,0.0227476120975553));
#8700=CARTESIAN_POINT('',(0.00688346115561837,-0.00498677877182184,0.));
#8701=CARTESIAN_POINT('',(0.00655953357182457,-0.00475210682961846,0.));
#8702=CARTESIAN_POINT('',(0.00655953357182457,-0.00475210682961846,0.));
#8703=CARTESIAN_POINT('',(0.00655953357182457,-0.00475210682961846,0.0227476120975553));
#8704=CARTESIAN_POINT('',(-0.00655953357182456,0.00475210682961846,0.0227476120975553));
#8705=CARTESIAN_POINT('',(-0.00688346115561837,0.00498677877182185,0.0012));
#8706=CARTESIAN_POINT('',(-0.00655953357182457,0.00475210682961846,0.0012));
#8707=CARTESIAN_POINT('',(-0.00668100641574724,0.00484010880794473,0.0012));
#8708=CARTESIAN_POINT('',(-0.00668100641574724,0.00484010880794473,0.0012));
#8709=CARTESIAN_POINT('',(-0.00668100641574724,0.00484010880794473,0.));
#8710=CARTESIAN_POINT('',(-0.00655953357182456,0.00475210682961846,0.));
#8711=CARTESIAN_POINT('',(-0.00655953357182456,0.00475210682961846,0.));
#8712=CARTESIAN_POINT('',(-0.00655953357182456,0.00475210682961846,0.0227476120975553));
#8713=CARTESIAN_POINT('',(0.00655953357182457,0.00475210682961846,0.0227476120975553));
#8714=CARTESIAN_POINT('',(0.00655953357182457,0.00475210682961846,0.0012));
#8715=CARTESIAN_POINT('',(0.00655953357182457,0.00475210682961846,0.0012));
#8716=CARTESIAN_POINT('',(0.00668100641574725,0.00484010880794473,0.0012));
#8717=CARTESIAN_POINT('',(0.00655953357182457,0.00475210682961846,0.0227476120975553));
#8718=CARTESIAN_POINT('',(0.00655953357182457,0.00475210682961846,0.));
#8719=CARTESIAN_POINT('',(0.00655953357182457,0.00475210682961846,0.));
#8720=CARTESIAN_POINT('',(0.00668100641574725,0.00484010880794473,0.));
#8721=CARTESIAN_POINT('',(0.00668100641574725,0.00484010880794473,0.0012));
#8722=CARTESIAN_POINT('',(-1.73472347597681E-18,8.67361737988404E-19,0.0019));
#8723=CARTESIAN_POINT('',(0.,0.,0.0019));
#8724=CARTESIAN_POINT('',(0.00574276719012707,0.005425,0.0019));
#8725=CARTESIAN_POINT('',(0.00639756977992766,0.00463477085851677,0.0019));
#8726=CARTESIAN_POINT('',(-0.00654365150355671,0.005425,0.0019));
#8727=CARTESIAN_POINT('',(0.00245,0.005425,0.0019));
#8728=CARTESIAN_POINT('',(0.00245,0.00484026084007877,0.0019));
#8729=CARTESIAN_POINT('',(0.00245,0.00484026084007877,0.0019));
#8730=CARTESIAN_POINT('',(0.,0.,0.0019));
#8731=CARTESIAN_POINT('',(0.00506003370355362,0.00195619117647059,0.0019));
#8732=CARTESIAN_POINT('',(0.00506003370355362,0.00195619117647059,0.0019));
#8733=CARTESIAN_POINT('',(0.00792816340648955,0.003065,0.0019));
#8734=CARTESIAN_POINT('',(-1.73472347597681E-18,8.67361737988404E-19,0.0019));
#8735=CARTESIAN_POINT('',(0.00789551538769391,0.00314814814814815,0.0019));
#8736=CARTESIAN_POINT('',(0.00752396172239067,0.003,0.0019));
#8737=CARTESIAN_POINT('',(0.00739816770636416,0.00294984264115054,0.0019));
#8738=CARTESIAN_POINT('',(0.00641479696971595,0.00255774705124804,0.0019));
#8739=CARTESIAN_POINT('',(0.00641479696971595,0.00255774705124804,0.0019));
#8740=CARTESIAN_POINT('',(0.00609659144024282,0.00335580245911768,0.0019));
#8741=CARTESIAN_POINT('',(0.00559254255029894,0.00405156241022409,0.0019));
#8742=CARTESIAN_POINT('',(0.00559254255029894,0.00405156241022409,0.0019));
#8743=CARTESIAN_POINT('',(-1.73472347597681E-18,8.67361737988404E-19,0.0019));
#8744=CARTESIAN_POINT('',(0.,0.,0.0019));
#8745=CARTESIAN_POINT('',(-0.00574276719012707,-0.005425,0.0019));
#8746=CARTESIAN_POINT('',(-0.00639756977992767,-0.00463477085851676,0.0019));
#8747=CARTESIAN_POINT('',(-0.00654365150355671,-0.005425,0.0019));
#8748=CARTESIAN_POINT('',(-0.00245,-0.005425,0.0019));
#8749=CARTESIAN_POINT('',(-0.00245,-0.005425,0.0019));
#8750=CARTESIAN_POINT('',(-0.00245,-0.00484026084007877,0.0019));
#8751=CARTESIAN_POINT('',(0.,0.,0.0019));
#8752=CARTESIAN_POINT('',(-0.00506003370355363,-0.00195619117647059,0.0019));
#8753=CARTESIAN_POINT('',(-0.00792816340648955,-0.003065,0.0019));
#8754=CARTESIAN_POINT('',(-0.00792816340648955,-0.003065,0.0019));
#8755=CARTESIAN_POINT('',(-1.73472347597681E-18,8.67361737988404E-19,0.0019));
#8756=CARTESIAN_POINT('',(-0.00789551538769392,-0.00314814814814814,0.0019));
#8757=CARTESIAN_POINT('',(-0.00752396172239067,-0.003,0.0019));
#8758=CARTESIAN_POINT('',(-0.00739816770636416,-0.00294984264115054,0.0019));
#8759=CARTESIAN_POINT('',(-0.00752396172239067,-0.003,0.0019));
#8760=CARTESIAN_POINT('',(-0.00641479696971596,-0.00255774705124804,0.0019));
#8761=CARTESIAN_POINT('',(-0.00609659144024282,-0.00335580245911768,0.0019));
#8762=CARTESIAN_POINT('',(-0.00559254255029894,-0.00405156241022409,0.0019));
#8763=CARTESIAN_POINT('',(-0.00655953357182457,-0.00475210682961845,0.0019));
#8764=CARTESIAN_POINT('',(-1.73472347597681E-18,8.67361737988404E-19,0.0019));
#8765=CARTESIAN_POINT('',(0.,0.,0.0019));
#8766=CARTESIAN_POINT('',(0.00639756977992767,-0.00463477085851677,0.0019));
#8767=CARTESIAN_POINT('',(0.00574276719012707,-0.005425,0.0019));
#8768=CARTESIAN_POINT('',(0.00559254255029894,-0.0040515624102241,0.0019));
#8769=CARTESIAN_POINT('',(0.00559254255029894,-0.0040515624102241,0.0019));
#8770=CARTESIAN_POINT('',(0.00609659144024282,-0.00335580245911768,0.0019));
#8771=CARTESIAN_POINT('',(0.00641479696971595,-0.00255774705124804,0.0019));
#8772=CARTESIAN_POINT('',(0.00641479696971595,-0.00255774705124804,0.0019));
#8773=CARTESIAN_POINT('',(0.00739816770636416,-0.00294984264115054,0.0019));
#8774=CARTESIAN_POINT('',(0.00752396172239067,-0.003,0.0019));
#8775=CARTESIAN_POINT('',(0.00789551538769391,-0.00314814814814815,0.0019));
#8776=CARTESIAN_POINT('',(-1.73472347597681E-18,8.67361737988404E-19,0.0019));
#8777=CARTESIAN_POINT('',(0.00792816340648955,-0.003065,0.0019));
#8778=CARTESIAN_POINT('',(0.00506003370355363,-0.00195619117647059,0.0019));
#8779=CARTESIAN_POINT('',(0.00506003370355362,-0.00195619117647059,0.0019));
#8780=CARTESIAN_POINT('',(0.,0.,0.0019));
#8781=CARTESIAN_POINT('',(0.00245,-0.00484026084007877,0.0019));
#8782=CARTESIAN_POINT('',(0.00245,-0.005425,0.0019));
#8783=CARTESIAN_POINT('',(0.00245,-0.005425,0.0019));
#8784=CARTESIAN_POINT('',(-0.00654365150355671,-0.005425,0.0019));
#8785=CARTESIAN_POINT('',(-1.73472347597681E-18,8.67361737988404E-19,0.0019));
#8786=CARTESIAN_POINT('',(0.,0.,0.0019));
#8787=CARTESIAN_POINT('',(-0.00639756977992766,0.00463477085851677,0.0019));
#8788=CARTESIAN_POINT('',(-0.00574276719012707,0.005425,0.0019));
#8789=CARTESIAN_POINT('',(-0.00655953357182457,0.00475210682961846,0.0019));
#8790=CARTESIAN_POINT('',(-0.00559254255029894,0.0040515624102241,0.0019));
#8791=CARTESIAN_POINT('',(-0.00609659144024282,0.00335580245911769,0.0019));
#8792=CARTESIAN_POINT('',(-0.00641479696971595,0.00255774705124804,0.0019));
#8793=CARTESIAN_POINT('',(-0.00752396172239067,0.003,0.0019));
#8794=CARTESIAN_POINT('',(-0.00739816770636416,0.00294984264115054,0.0019));
#8795=CARTESIAN_POINT('',(-0.00752396172239067,0.003,0.0019));
#8796=CARTESIAN_POINT('',(-0.00789551538769392,0.00314814814814815,0.0019));
#8797=CARTESIAN_POINT('',(-1.73472347597681E-18,8.67361737988404E-19,0.0019));
#8798=CARTESIAN_POINT('',(-0.00792816340648955,0.003065,0.0019));
#8799=CARTESIAN_POINT('',(-0.00792816340648955,0.003065,0.0019));
#8800=CARTESIAN_POINT('',(-0.00506003370355363,0.00195619117647059,0.0019));
#8801=CARTESIAN_POINT('',(0.,0.,0.0019));
#8802=CARTESIAN_POINT('',(-0.00245,0.00484026084007876,0.0019));
#8803=CARTESIAN_POINT('',(-0.00245,0.00484026084007876,0.0019));
#8804=CARTESIAN_POINT('',(-0.00245,0.005425,0.0019));
#8805=CARTESIAN_POINT('',(-0.00654365150355671,0.005425,0.0019));
#8806=CARTESIAN_POINT('',(0.,0.,0.));
#8807=CARTESIAN_POINT('',(0.,0.,0.));
#8808=CARTESIAN_POINT('',(-0.00752396172239067,0.003,0.));
#8809=CARTESIAN_POINT('',(-0.00752396172239067,-0.003,0.));
#8810=CARTESIAN_POINT('',(-0.00752396172239067,-0.003,0.));
#8811=CARTESIAN_POINT('',(-0.00766329434687939,-0.00305555555555555,0.));
#8812=CARTESIAN_POINT('',(0.,0.,0.));
#8813=CARTESIAN_POINT('',(-0.00766329434687939,0.00305555555555556,0.));
#8814=CARTESIAN_POINT('',(-0.00752396172239067,0.003,0.));
#8815=CARTESIAN_POINT('',(-1.73472347597681E-18,8.67361737988404E-19,0.0019));
#8816=CARTESIAN_POINT('',(-1.73472347597681E-18,8.67361737988404E-19,0.0012));
#8817=CARTESIAN_POINT('',(-0.00789551538769392,0.00314814814814815,0.0012));
#8818=CARTESIAN_POINT('',(-0.00789551538769392,-0.00314814814814814,0.0012));
#8819=CARTESIAN_POINT('',(-0.00789551538769392,-0.00314814814814814,0.0227476120975553));
#8820=CARTESIAN_POINT('',(-0.00792816340648955,-0.003065,0.00255));
#8821=CARTESIAN_POINT('',(-0.00792816340648955,-0.003065,0.00255));
#8822=CARTESIAN_POINT('',(0.,0.,0.00255));
#8823=CARTESIAN_POINT('',(-0.00839844628487913,-0.00131,0.00255));
#8824=CARTESIAN_POINT('',(-0.00839844628487913,-0.00131,0.00505));
#8825=CARTESIAN_POINT('',(-0.00839844628487913,-0.00131,0.00505));
#8826=CARTESIAN_POINT('',(0.,0.,0.00505));
#8827=CARTESIAN_POINT('',(-0.00839844628487913,0.00131,0.00505));
#8828=CARTESIAN_POINT('',(-0.00839844628487913,0.00131,0.00505));
#8829=CARTESIAN_POINT('',(-0.00839844628487913,0.00131,0.00255));
#8830=CARTESIAN_POINT('',(0.,0.,0.00255));
#8831=CARTESIAN_POINT('',(-0.00792816340648955,0.003065,0.00255));
#8832=CARTESIAN_POINT('',(-0.00792816340648955,0.003065,0.00255));
#8833=CARTESIAN_POINT('',(-0.00789551538769392,0.00314814814814815,0.0227476120975553));
#8834=CARTESIAN_POINT('',(0.,0.,0.));
#8835=CARTESIAN_POINT('',(0.,0.,0.));
#8836=CARTESIAN_POINT('',(0.00752396172239067,-0.003,0.));
#8837=CARTESIAN_POINT('',(0.00752396172239067,0.003,0.));
#8838=CARTESIAN_POINT('',(0.00752396172239067,0.003,0.));
#8839=CARTESIAN_POINT('',(0.00766329434687939,0.00305555555555556,0.));
#8840=CARTESIAN_POINT('',(0.,0.,0.));
#8841=CARTESIAN_POINT('',(0.00766329434687939,-0.00305555555555556,0.));
#8842=CARTESIAN_POINT('',(0.00752396172239067,-0.003,0.));
#8843=CARTESIAN_POINT('',(0.,0.,0.0012));
#8844=CARTESIAN_POINT('',(0.00766329434687939,0.00305555555555556,0.0012));
#8845=CARTESIAN_POINT('',(0.00766329434687939,0.00305555555555556,0.0012));
#8846=CARTESIAN_POINT('',(0.,0.,0.0012));
#8847=CARTESIAN_POINT('',(0.00766329434687939,-0.00305555555555556,0.0012));
#8848=CARTESIAN_POINT('',(0.00766329434687939,-0.00305555555555556,0.0012));
#8849=CARTESIAN_POINT('',(-1.73472347597681E-18,8.67361737988404E-19,0.0019));
#8850=CARTESIAN_POINT('',(-1.73472347597681E-18,8.67361737988404E-19,0.0012));
#8851=CARTESIAN_POINT('',(0.00789551538769391,-0.00314814814814815,0.0012));
#8852=CARTESIAN_POINT('',(0.00789551538769391,0.00314814814814815,0.0012));
#8853=CARTESIAN_POINT('',(0.00789551538769391,0.00314814814814815,0.0227476120975553));
#8854=CARTESIAN_POINT('',(0.00792816340648955,0.003065,0.00255));
#8855=CARTESIAN_POINT('',(0.00792816340648955,0.003065,0.00255));
#8856=CARTESIAN_POINT('',(0.,0.,0.00255));
#8857=CARTESIAN_POINT('',(0.00792816340648955,-0.003065,0.00255));
#8858=CARTESIAN_POINT('',(0.00792816340648955,-0.003065,0.00255));
#8859=CARTESIAN_POINT('',(0.00789551538769391,-0.00314814814814815,0.0227476120975553));
#8860=CARTESIAN_POINT('',(-1.73472347597681E-18,8.67361737988404E-19,0.0012));
#8861=CARTESIAN_POINT('',(0.00752396172239067,0.003,0.0012));
#8862=CARTESIAN_POINT('',(0.00752396172239067,-0.003,0.0012));
#8863=CARTESIAN_POINT('',(0.,0.,0.));
#8864=CARTESIAN_POINT('',(0.,0.,0.));
#8865=CARTESIAN_POINT('',(0.,0.,0.));
#8866=CARTESIAN_POINT('',(0.,0.,0.0012));
#8867=CARTESIAN_POINT('',(0.,0.,0.0012));
#8868=CARTESIAN_POINT('',(-0.002925,-0.00055,0.00324747952544471));
#8869=CARTESIAN_POINT('',(-0.0020430129980662,-0.00055,0.0227));
#8870=CARTESIAN_POINT('',(-0.00226451049130242,-0.00055,0.0227));
#8871=CARTESIAN_POINT('',(-0.00248915880255325,-0.00055,0.0226004848985546));
#8872=CARTESIAN_POINT('',(-0.00263353642952144,-0.00055,0.0224320055162514));
#8873=CARTESIAN_POINT('',(-0.0020430129980662,-0.00055,0.0227));
#8874=CARTESIAN_POINT('',(-0.0026335364295214,-0.000549999999999977,0.0224320055162514));
#8875=CARTESIAN_POINT('',(0.,-0.00055,0.0227));
#8876=CARTESIAN_POINT('',(0.0020430129980662,-0.00055,0.0227));
#8877=CARTESIAN_POINT('',(0.00263353642952163,-0.00055,0.0224320055162511));
#8878=CARTESIAN_POINT('',(0.00248707646697229,-0.00055,0.0226029148499245));
#8879=CARTESIAN_POINT('',(0.00226522301192927,-0.00055,0.0227));
#8880=CARTESIAN_POINT('',(0.0020430129980662,-0.00055,0.0227));
#8881=CARTESIAN_POINT('',(0.00263353642952154,-0.000550000000000774,0.022432005516251));
#8882=CARTESIAN_POINT('',(0.0026335364295214,-0.00055,0.000670676578627315));
#8883=CARTESIAN_POINT('',(0.0026335364295214,-0.00055,0.0104));
#8884=CARTESIAN_POINT('',(-0.002925,-0.00055,0.0104));
#8885=CARTESIAN_POINT('',(-0.00263353642952141,-0.00055,0.0104));
#8886=CARTESIAN_POINT('',(-0.00263353642952141,-0.00055,0.000670676578627315));
#8887=CARTESIAN_POINT('',(-0.002925,0.00055,0.00324747952544471));
#8888=CARTESIAN_POINT('',(-0.00263353642952164,0.00055,0.0224320055162511));
#8889=CARTESIAN_POINT('',(-0.00248848135007504,0.00055,0.0226012754419198));
#8890=CARTESIAN_POINT('',(-0.00226561259168091,0.00055,0.0227));
#8891=CARTESIAN_POINT('',(-0.0020430129980662,0.00055,0.0227));
#8892=CARTESIAN_POINT('',(-0.00263353642952154,0.000550000000000774,0.022432005516251));
#8893=CARTESIAN_POINT('',(-0.0020430129980662,0.00055,0.0227));
#8894=CARTESIAN_POINT('',(-0.00263353642952141,0.00055,0.000670676578627315));
#8895=CARTESIAN_POINT('',(-0.00263353642952141,0.00055,0.0104));
#8896=CARTESIAN_POINT('',(-0.002925,0.00055,0.0104));
#8897=CARTESIAN_POINT('',(0.0026335364295214,0.00055,0.0104));
#8898=CARTESIAN_POINT('',(0.0026335364295214,0.00055,0.000670676578627315));
#8899=CARTESIAN_POINT('',(0.0026335364295214,0.000549999999999977,0.0224320055162514));
#8900=CARTESIAN_POINT('',(0.0020430129980662,0.00055,0.0227));
#8901=CARTESIAN_POINT('',(0.00226623053759585,0.00055,0.0227));
#8902=CARTESIAN_POINT('',(0.00248869888495852,0.00055,0.0226010215927357));
#8903=CARTESIAN_POINT('',(0.00263353642952144,0.00055,0.0224320055162514));
#8904=CARTESIAN_POINT('',(0.0020430129980662,0.00055,0.0227));
#8905=CARTESIAN_POINT('',(0.,0.00055,0.0227));
#8906=CARTESIAN_POINT('',(0.00287995125509271,0.000507813109398053,0.000670676578627315));
#8907=CARTESIAN_POINT('',(0.00263353642952056,0.000550000000000739,0.0224320055162526));
#8908=CARTESIAN_POINT('',(0.00263469700605924,0.000556778960508559,0.0224289991096918));
#8909=CARTESIAN_POINT('',(0.00263610829642114,0.000563345169146257,0.0224256770948299));
#8910=CARTESIAN_POINT('',(0.00263773565324255,0.000569713046562315,0.0224220534154342));
#8911=CARTESIAN_POINT('',(0.00263773565324352,0.000569713046561469,0.0224220534154329));
#8912=CARTESIAN_POINT('',(0.00287995125509271,0.000507813109398053,0.0104));
#8913=CARTESIAN_POINT('',(0.00263773565324372,0.000569713046562217,0.0104));
#8914=CARTESIAN_POINT('',(0.00263773565324372,0.000569713046562217,0.000670676578627315));
#8915=CARTESIAN_POINT('',(-0.00287995125509272,0.000507813109398052,0.000670676578627315));
#8916=CARTESIAN_POINT('',(-0.00263773565324256,0.000569713046562309,0.0224220534154342));
#8917=CARTESIAN_POINT('',(-0.00263610829642124,0.000563345169146609,0.0224256770948297));
#8918=CARTESIAN_POINT('',(-0.00263469700605938,0.000556778960509191,0.0224289991096915));
#8919=CARTESIAN_POINT('',(-0.00263353642952071,0.00055000000000155,0.0224320055162522));
#8920=CARTESIAN_POINT('',(-0.00263773565324353,0.000569713046561468,0.0224220534154329));
#8921=CARTESIAN_POINT('',(-0.00263773565324372,0.000569713046562216,0.000670676578627315));
#8922=CARTESIAN_POINT('',(-0.00263773565324372,0.000569713046562216,0.0104));
#8923=CARTESIAN_POINT('',(-0.00287995125509272,0.000507813109398052,0.0104));
#8924=CARTESIAN_POINT('',(0.00200803870079236,0.00168494453322458,0.000670676578627315));
#8925=CARTESIAN_POINT('',(0.00215949489677639,0.00188384405735184,0.0219420433915616));
#8926=CARTESIAN_POINT('',(0.0021631066872738,0.00188109378405767,0.022028170296987));
#8927=CARTESIAN_POINT('',(0.00211774808332055,0.00191382332371817,0.0221019758936325));
#8928=CARTESIAN_POINT('',(0.00207553958364875,0.00192565936621103,0.0221748287766102));
#8929=CARTESIAN_POINT('',(0.00215949489677638,0.00188384405735183,0.0219420433915616));
#8930=CARTESIAN_POINT('',(0.00207553958364004,0.00192565936620083,0.0221748287766084));
#8931=CARTESIAN_POINT('',(0.00223021658665241,0.00179956122936768,0.0219420433915613));
#8932=CARTESIAN_POINT('',(0.00221326382344525,0.00183242318766517,0.0219420433915613));
#8933=CARTESIAN_POINT('',(0.00218891379164952,0.00186144242553754,0.0219420433915613));
#8934=CARTESIAN_POINT('',(0.00215949489677634,0.00188384405735187,0.0219420433915613));
#8935=CARTESIAN_POINT('',(0.00223021658665244,0.0017995612293677,0.0219420433915616));
#8936=CARTESIAN_POINT('',(0.00225681793987307,0.00170962023390625,0.022174828776609));
#8937=CARTESIAN_POINT('',(0.00225249804306671,0.0017531732277709,0.022102092082411));
#8938=CARTESIAN_POINT('',(0.00222815056060767,0.00180356610225367,0.022027537845061));
#8939=CARTESIAN_POINT('',(0.00223021658664371,0.00179956122938455,0.0219420433915627));
#8940=CARTESIAN_POINT('',(0.00225681793986985,0.00170962023390423,0.0221748287766083));
#8941=CARTESIAN_POINT('',(0.00225681793986983,0.00170962023390441,0.000670676578627315));
#8942=CARTESIAN_POINT('',(0.00225681793986983,0.00170962023390441,0.0104));
#8943=CARTESIAN_POINT('',(0.00200803870079236,0.00168494453322458,0.0104));
#8944=CARTESIAN_POINT('',(0.00207553958364004,0.00192565936620083,0.0104));
#8945=CARTESIAN_POINT('',(0.00207553958364004,0.00192565936620083,0.000670676578627315));
#8946=CARTESIAN_POINT('',(0.00240275179333591,0.000238322073337578,0.000670676578627315));
#8947=CARTESIAN_POINT('',(0.00228380739109682,0.0014375138720025,0.0224220534154394));
#8948=CARTESIAN_POINT('',(0.00227302319851543,0.00154623958801249,0.0223618147519989));
#8949=CARTESIAN_POINT('',(0.00226319525751583,0.00164532442111623,0.0222822074998149));
#8950=CARTESIAN_POINT('',(0.00225681793986984,0.00170962023390426,0.0221748287766083));
#8951=CARTESIAN_POINT('',(0.00228380739109732,0.00143751387199747,0.0224220534154326));
#8952=CARTESIAN_POINT('',(0.0022838073910973,0.00143751387199762,0.000670676578627315));
#8953=CARTESIAN_POINT('',(0.0022838073910973,0.00143751387199762,0.0104));
#8954=CARTESIAN_POINT('',(0.00240275179333591,0.000238322073337578,0.0104));
#8955=CARTESIAN_POINT('',(0.00253258663017476,0.00146218957267745,0.000670676578627315));
#8956=CARTESIAN_POINT('',(0.00238682722699023,0.00125907828204276,0.0224220534154331));
#8957=CARTESIAN_POINT('',(0.00233374075788033,0.00129717489415356,0.0224580786618992));
#8958=CARTESIAN_POINT('',(0.00229025876318202,0.00137247144551782,0.0224580896816151));
#8959=CARTESIAN_POINT('',(0.00228380739106336,0.00143751387200759,0.0224220534154724));
#8960=CARTESIAN_POINT('',(0.00238682722699023,0.00125907828204276,0.0224220534154331));
#8961=CARTESIAN_POINT('',(0.00238682722699112,0.00125907828204212,0.000670676578627315));
#8962=CARTESIAN_POINT('',(0.00238682722699112,0.00125907828204212,0.0104));
#8963=CARTESIAN_POINT('',(0.00253258663017476,0.00146218957267745,0.0104));
#8964=CARTESIAN_POINT('',(0.00140776886646088,0.00196168305534873,0.000670676578627315));
#8965=CARTESIAN_POINT('',(0.00238682722699023,0.00125907828204276,0.0224220534154331));
#8966=CARTESIAN_POINT('',(0.00247559408074921,0.00119537624171833,0.022361814943402));
#8967=CARTESIAN_POINT('',(0.00255649115259775,0.0011373218180816,0.0222822059089847));
#8968=CARTESIAN_POINT('',(0.00260898352330773,0.00109965155070035,0.0221748287766332));
#8969=CARTESIAN_POINT('',(0.00260898352330773,0.00109965155070035,0.0221748287766332));
#8970=CARTESIAN_POINT('',(0.00260898352332003,0.00109965155069153,0.000670676578627315));
#8971=CARTESIAN_POINT('',(0.00260898352332003,0.00109965155069153,0.0104));
#8972=CARTESIAN_POINT('',(0.00140776886646088,0.00196168305534873,0.0104));
#8973=CARTESIAN_POINT('',(0.00246322412013638,0.0008965402600562,0.000670676578627315));
#8974=CARTESIAN_POINT('',(0.00267357403362428,0.00103164360529841,0.0219420433915617));
#8975=CARTESIAN_POINT('',(0.00267602736832674,0.00102782387203055,0.0220281706722894));
#8976=CARTESIAN_POINT('',(0.00264459814385719,0.00107409331699015,0.022101976364504));
#8977=CARTESIAN_POINT('',(0.00260898352330773,0.00109965155070035,0.0221748287766332));
#8978=CARTESIAN_POINT('',(0.00267357403362428,0.00103164360529839,0.0219420433915616));
#8979=CARTESIAN_POINT('',(0.00271120425882326,0.000928255411275084,0.0219420433915613));
#8980=CARTESIAN_POINT('',(0.00270651332402244,0.00096493373749369,0.0219420433915613));
#8981=CARTESIAN_POINT('',(0.00269355694272439,0.00100053110254795,0.0219420433915613));
#8982=CARTESIAN_POINT('',(0.00267357403362425,0.00103164360529844,0.0219420433915613));
#8983=CARTESIAN_POINT('',(0.00271120425882329,0.000928255411275088,0.0219420433915616));
#8984=CARTESIAN_POINT('',(0.00270543972198927,0.000834640322892707,0.0221748287766091));
#8985=CARTESIAN_POINT('',(0.00271627633960906,0.00087704420856862,0.0221020921390113));
#8986=CARTESIAN_POINT('',(0.0027106325766233,0.00093272538306133,0.02202753784055));
#8987=CARTESIAN_POINT('',(0.00271120425882085,0.0009282554112939,0.0219420433915626));
#8988=CARTESIAN_POINT('',(0.00270543972198533,0.000834640322891848,0.0221748287766084));
#8989=CARTESIAN_POINT('',(0.00270543972198538,0.000834640322892035,0.000670676578627315));
#8990=CARTESIAN_POINT('',(0.00270543972198538,0.000834640322892035,0.0104));
#8991=CARTESIAN_POINT('',(0.00246322412013638,0.0008965402600562,0.0104));
#8992=CARTESIAN_POINT('',(0.00233935907945846,-0.000597840019047032,0.000670676578627315));
#8993=CARTESIAN_POINT('',(0.00263773565324485,0.000569713046566652,0.0224220534154401));
#8994=CARTESIAN_POINT('',(0.00266478820164986,0.000675570170073719,0.0223618147751088));
#8995=CARTESIAN_POINT('',(0.00268944200576723,0.000772040962706686,0.0222822073081534));
#8996=CARTESIAN_POINT('',(0.00270543972198534,0.000834640322891834,0.0221748287766084));
#8997=CARTESIAN_POINT('',(0.00233935907945846,-0.000597840019047032,0.0104));
#8998=CARTESIAN_POINT('',(-0.00233935907945846,-0.000597840019047033,0.000670676578627315));
#8999=CARTESIAN_POINT('',(-0.00263773565324485,0.000569713046566652,0.0224220534154401));
#9000=CARTESIAN_POINT('',(-0.00266478820164868,0.000675570170069118,0.0223618147751114));
#9001=CARTESIAN_POINT('',(-0.00268944200576505,0.000772040962698153,0.0222822073081603));
#9002=CARTESIAN_POINT('',(-0.00270543972198325,0.000834640322883672,0.0221748287766224));
#9003=CARTESIAN_POINT('',(-0.00270543972198325,0.000834640322883687,0.0221748287766224));
#9004=CARTESIAN_POINT('',(-0.00270543972198539,0.000834640322892034,0.000670676578627315));
#9005=CARTESIAN_POINT('',(-0.00270543972198539,0.000834640322892034,0.0104));
#9006=CARTESIAN_POINT('',(-0.00233935907945846,-0.000597840019047033,0.0104));
#9007=CARTESIAN_POINT('',(-0.00246322412013639,0.000896540260056198,0.000670676578627315));
#9008=CARTESIAN_POINT('',(-0.00271120425882325,0.000928255411275234,0.0219420433915617));
#9009=CARTESIAN_POINT('',(-0.00271062834761295,0.000932758449612189,0.0220281702848605));
#9010=CARTESIAN_POINT('',(-0.00271629366062321,0.000877111985980902,0.0221019758784205));
#9011=CARTESIAN_POINT('',(-0.00270543972199633,0.00083464032288627,0.0221748287766242));
#9012=CARTESIAN_POINT('',(-0.00271120425882323,0.000928255411275275,0.0219420433915616));
#9013=CARTESIAN_POINT('',(-0.00267357403362417,0.00103164360529858,0.0219420433915613));
#9014=CARTESIAN_POINT('',(-0.00269355694272434,0.00100053110254809,0.0219420433915613));
#9015=CARTESIAN_POINT('',(-0.00270651332402241,0.000964933737493838,0.0219420433915613));
#9016=CARTESIAN_POINT('',(-0.00271120425882325,0.000928255411275231,0.0219420433915613));
#9017=CARTESIAN_POINT('',(-0.0026735740336242,0.0010316436052986,0.0219420433915616));
#9018=CARTESIAN_POINT('',(-0.00260898352332487,0.0010996515506943,0.0221748287766095));
#9019=CARTESIAN_POINT('',(-0.00264454134618355,0.00107413407688829,0.0221020925484671));
#9020=CARTESIAN_POINT('',(-0.00267600934120501,0.00102785193945853,0.0220275378080241));
#9021=CARTESIAN_POINT('',(-0.00267357403363444,0.0010316436052826,0.0219420433915627));
#9022=CARTESIAN_POINT('',(-0.00260898352331981,0.00109965155069169,0.0221748287766085));
#9023=CARTESIAN_POINT('',(-0.00260898352332003,0.00109965155069153,0.000670676578627315));
#9024=CARTESIAN_POINT('',(-0.00260898352332003,0.00109965155069152,0.0104));
#9025=CARTESIAN_POINT('',(-0.00246322412013639,0.000896540260056198,0.0104));
#9026=CARTESIAN_POINT('',(-0.00140776886646088,0.00196168305534873,0.000670676578627315));
#9027=CARTESIAN_POINT('',(-0.00238682722699095,0.00125907828204225,0.0224220534154326));
#9028=CARTESIAN_POINT('',(-0.00247559408075643,0.00119537624171315,0.022361814943397));
#9029=CARTESIAN_POINT('',(-0.00255649115261051,0.00113732181807244,0.0222822059089724));
#9030=CARTESIAN_POINT('',(-0.00260898352331981,0.00109965155069169,0.0221748287766085));
#9031=CARTESIAN_POINT('',(-0.00238682722699094,0.00125907828204225,0.0224220534154326));
#9032=CARTESIAN_POINT('',(-0.00238682722699112,0.00125907828204212,0.000670676578627315));
#9033=CARTESIAN_POINT('',(-0.00238682722699112,0.00125907828204212,0.0104));
#9034=CARTESIAN_POINT('',(-0.00140776886646088,0.00196168305534873,0.0104));
#9035=CARTESIAN_POINT('',(-0.00253258663017477,0.00146218957267744,0.000670676578627315));
#9036=CARTESIAN_POINT('',(-0.00228380739109738,0.00143751387199689,0.0224220534154329));
#9037=CARTESIAN_POINT('',(-0.00229025705160654,0.00137248870190959,0.0224580801207957));
#9038=CARTESIAN_POINT('',(-0.00233372655164876,0.00129718508901653,0.0224580883024538));
#9039=CARTESIAN_POINT('',(-0.00238682722699095,0.00125907828204224,0.0224220534154326));
#9040=CARTESIAN_POINT('',(-0.00228380739109738,0.00143751387199689,0.0224220534154329));
#9041=CARTESIAN_POINT('',(-0.00228380739109731,0.00143751387199761,0.000670676578627315));
#9042=CARTESIAN_POINT('',(-0.00228380739109731,0.00143751387199761,0.0104));
#9043=CARTESIAN_POINT('',(-0.00253258663017477,0.00146218957267744,0.0104));
#9044=CARTESIAN_POINT('',(-0.00240275179333591,0.000238322073337578,0.000670676578627315));
#9045=CARTESIAN_POINT('',(-0.00228380739109688,0.00143751387200193,0.0224220534154397));
#9046=CARTESIAN_POINT('',(-0.00227302319851545,0.00154623958801226,0.0223618147519991));
#9047=CARTESIAN_POINT('',(-0.00226319525751582,0.00164532442111632,0.0222822074998149));
#9048=CARTESIAN_POINT('',(-0.00225681793986982,0.00170962023390444,0.022174828776608));
#9049=CARTESIAN_POINT('',(-0.00225681793986983,0.00170962023390443,0.022174828776608));
#9050=CARTESIAN_POINT('',(-0.00225681793986983,0.00170962023390441,0.000670676578627315));
#9051=CARTESIAN_POINT('',(-0.00225681793986983,0.00170962023390441,0.0104));
#9052=CARTESIAN_POINT('',(-0.00240275179333591,0.000238322073337578,0.0104));
#9053=CARTESIAN_POINT('',(-0.00200803870079237,0.00168494453322458,0.000670676578627315));
#9054=CARTESIAN_POINT('',(-0.00223021658665234,0.00179956122936783,0.0219420433915617));
#9055=CARTESIAN_POINT('',(-0.00222813527861433,0.00180359572552125,0.0220281702313155));
#9056=CARTESIAN_POINT('',(-0.00225249113762569,0.00175324284817238,0.0221019758112439));
#9057=CARTESIAN_POINT('',(-0.00225681793988064,0.00170962023391096,0.0221748287766098));
#9058=CARTESIAN_POINT('',(-0.00223021658665232,0.00179956122936785,0.0219420433915616));
#9059=CARTESIAN_POINT('',(-0.00215949489677622,0.00188384405735197,0.0219420433915613));
#9060=CARTESIAN_POINT('',(-0.00218891379164942,0.00186144242553766,0.0219420433915613));
#9061=CARTESIAN_POINT('',(-0.00221326382344517,0.0018324231876653,0.0219420433915613));
#9062=CARTESIAN_POINT('',(-0.00223021658665235,0.00179956122936781,0.0219420433915613));
#9063=CARTESIAN_POINT('',(-0.00215949489677624,0.00188384405735199,0.0219420433915616));
#9064=CARTESIAN_POINT('',(-0.0020755395836426,0.0019256593662039,0.0221748287766091));
#9065=CARTESIAN_POINT('',(-0.00211768072723594,0.00191384221159958,0.0221020921518375));
#9066=CARTESIAN_POINT('',(-0.00216308016475445,0.00188111398018345,0.0220275378395276));
#9067=CARTESIAN_POINT('',(-0.0021594948967913,0.00188384405734048,0.0219420433915626));
#9068=CARTESIAN_POINT('',(-0.00207553958363985,0.00192565936620089,0.0221748287766084));
#9069=CARTESIAN_POINT('',(-0.00207553958364004,0.00192565936620083,0.000670676578627315));
#9070=CARTESIAN_POINT('',(-0.00207553958364004,0.00192565936620083,0.0104));
#9071=CARTESIAN_POINT('',(-0.00200803870079237,0.00168494453322458,0.0104));
#9072=CARTESIAN_POINT('',(-0.000651934895835523,0.00232486440090832,0.000670676578627315));
#9073=CARTESIAN_POINT('',(-0.00181225379781722,0.00199948956089448,0.0224220534154399));
#9074=CARTESIAN_POINT('',(-0.00191745502061402,0.00196998919597039,0.0223618147805679));
#9075=CARTESIAN_POINT('',(-0.00201332811559184,0.0019431046102873,0.0222822072628591));
#9076=CARTESIAN_POINT('',(-0.00207553958363984,0.00192565936620089,0.0221748287766084));
#9077=CARTESIAN_POINT('',(-0.00181225379781202,0.00199948956089593,0.0224220534154326));
#9078=CARTESIAN_POINT('',(-0.00181225379781217,0.00199948956089589,0.000670676578627315));
#9079=CARTESIAN_POINT('',(-0.00181225379781217,0.00199948956089589,0.0104));
#9080=CARTESIAN_POINT('',(-0.000651934895835523,0.00232486440090832,0.0104));
#9081=CARTESIAN_POINT('',(-0.00187975468065984,0.00224020439387214,0.000670676578627315));
#9082=CARTESIAN_POINT('',(-0.00165441825217758,0.00213192930902406,0.022422053415433));
#9083=CARTESIAN_POINT('',(-0.00168271828407045,0.00207303276674362,0.0224580793767431));
#9084=CARTESIAN_POINT('',(-0.00174932021812663,0.00201713729837571,0.0224580894312866));
#9085=CARTESIAN_POINT('',(-0.00181225379781636,0.00199948956085837,0.0224220534154751));
#9086=CARTESIAN_POINT('',(-0.00165441825217758,0.00213192930902406,0.022422053415433));
#9087=CARTESIAN_POINT('',(-0.00165441825217719,0.00213192930902486,0.000670676578627315));
#9088=CARTESIAN_POINT('',(-0.00165441825217719,0.00213192930902486,0.0104));
#9089=CARTESIAN_POINT('',(-0.00187975468065984,0.00224020439387214,0.0104));
#9090=CARTESIAN_POINT('',(-0.00217633718009728,0.00104573900641848,0.000670676578627315));
#9091=CARTESIAN_POINT('',(-0.00165441825217491,0.00213192930902962,0.0224220534154413));
#9092=CARTESIAN_POINT('',(-0.00160709811066045,0.00223040950601309,0.0223618148406634));
#9093=CARTESIAN_POINT('',(-0.00156397359677961,0.00232015798279022,0.0222822067639015));
#9094=CARTESIAN_POINT('',(-0.0015359906071254,0.00237839471339025,0.0221748287766269));
#9095=CARTESIAN_POINT('',(-0.0015359906071254,0.00237839471339024,0.0221748287766269));
#9096=CARTESIAN_POINT('',(-0.00153599060712048,0.00237839471340047,0.000670676578627315));
#9097=CARTESIAN_POINT('',(-0.00153599060712048,0.00237839471340047,0.0104));
#9098=CARTESIAN_POINT('',(-0.00217633718009728,0.00104573900641848,0.0104));
#9099=CARTESIAN_POINT('',(-0.00131065417863784,0.00227011962855319,0.000670676578627315));
#9100=CARTESIAN_POINT('',(-0.00148023187963983,0.00245381340450349,0.0219420433915616));
#9101=CARTESIAN_POINT('',(-0.00147689620298008,0.00245689274878895,0.0220281704353502));
#9102=CARTESIAN_POINT('',(-0.0015170049969,0.00241790656976316,0.0221019760672231));
#9103=CARTESIAN_POINT('',(-0.0015359906071254,0.00237839471339025,0.0221748287766269));
#9104=CARTESIAN_POINT('',(-0.00148023187963981,0.0024538134045035,0.0219420433915616));
#9105=CARTESIAN_POINT('',(-0.00138494880462672,0.00250882511351148,0.0219420433915613));
#9106=CARTESIAN_POINT('',(-0.00142025533237459,0.00249783632004302,0.0219420433915613));
#9107=CARTESIAN_POINT('',(-0.00145306204146527,0.00247889535771831,0.0219420433915613));
#9108=CARTESIAN_POINT('',(-0.00148023187963985,0.00245381340450347,0.0219420433915613));
#9109=CARTESIAN_POINT('',(-0.00138494880462672,0.00250882511351151,0.0219420433915616));
#9110=CARTESIAN_POINT('',(-0.00129175493847242,0.00251940424244437,0.022174828776609));
#9111=CARTESIAN_POINT('',(-0.00133539640914478,0.00252271287277872,0.0221020920783452));
#9112=CARTESIAN_POINT('',(-0.00138925159616864,0.00250748591391807,0.0220275378453853));
#9113=CARTESIAN_POINT('',(-0.00138494880464481,0.00250882511350585,0.0219420433915627));
#9114=CARTESIAN_POINT('',(-0.001291754938471,0.00251940424244084,0.0221748287766083));
#9115=CARTESIAN_POINT('',(-0.00129175493847118,0.00251940424244086,0.000670676578627315));
#9116=CARTESIAN_POINT('',(-0.00129175493847118,0.00251940424244086,0.0104));
#9117=CARTESIAN_POINT('',(-0.00131065417863784,0.00227011962855319,0.0104));
#9118=CARTESIAN_POINT('',(0.000182532044761936,0.00240763278837407,0.000670676578627315));
#9119=CARTESIAN_POINT('',(-0.00101909581460441,0.0024987328893829,0.0224220534154394));
#9120=CARTESIAN_POINT('',(-0.00112804240119982,0.00250699255560655,0.0223618147502695));
#9121=CARTESIAN_POINT('',(-0.00122732850536084,0.00251451982292758,0.0222822075141529));
#9122=CARTESIAN_POINT('',(-0.00129175493847102,0.00251940424244085,0.0221748287766083));
#9123=CARTESIAN_POINT('',(-0.00101909581459939,0.00249873288938252,0.0224220534154326));
#9124=CARTESIAN_POINT('',(-0.00101909581459954,0.00249873288938253,0.000670676578627315));
#9125=CARTESIAN_POINT('',(-0.00101909581459954,0.00249873288938253,0.0104));
#9126=CARTESIAN_POINT('',(0.000182532044761936,0.00240763278837407,0.0104));
#9127=CARTESIAN_POINT('',(-0.00100019657443288,0.00274801750327019,0.000670676578627315));
#9128=CARTESIAN_POINT('',(-0.000825481855432566,0.00256920260745711,0.0224220534154333));
#9129=CARTESIAN_POINT('',(-0.000872216821452193,0.0025235392614675,0.0224580777048709));
#9130=CARTESIAN_POINT('',(-0.000953921083772828,0.00249379173846057,0.0224580897789004));
#9131=CARTESIAN_POINT('',(-0.00101909581461522,0.00249873288935089,0.0224220534154724));
#9132=CARTESIAN_POINT('',(-0.000825481855432565,0.00256920260745712,0.0224220534154333));
#9133=CARTESIAN_POINT('',(-0.000825481855431554,0.00256920260745811,0.000670676578627315));
#9134=CARTESIAN_POINT('',(-0.000825481855431554,0.00256920260745811,0.0104));
#9135=CARTESIAN_POINT('',(-0.00100019657443288,0.00274801750327019,0.0104));
#9136=CARTESIAN_POINT('',(-0.00168742418362293,0.00172702438186129,0.000670676578627315));
#9137=CARTESIAN_POINT('',(-0.000825481855432573,0.00256920260745711,0.0224220534154333));
#9138=CARTESIAN_POINT('',(-0.000747333572999771,0.00264555897107926,0.0223618150845811));
#9139=CARTESIAN_POINT('',(-0.00067611280709848,0.00271514666423531,0.0222822047306209));
#9140=CARTESIAN_POINT('',(-0.000629900138353454,0.00276029968908495,0.0221748287766269));
#9141=CARTESIAN_POINT('',(-0.000629900138353449,0.00276029968908495,0.0221748287766269));
#9142=CARTESIAN_POINT('',(-0.000629900138345345,0.00276029968909287,0.000670676578627315));
#9143=CARTESIAN_POINT('',(-0.000629900138345345,0.00276029968909287,0.0104));
#9144=CARTESIAN_POINT('',(-0.00168742418362293,0.00172702438186129,0.0104));
#9145=CARTESIAN_POINT('',(-0.00045518541934402,0.00258148479328078,0.000670676578627315));
#9146=CARTESIAN_POINT('',(-0.000352165583450182,0.00280927178460039,0.0221748287766092));
#9147=CARTESIAN_POINT('',(-0.00039204342571564,0.00282730709356245,0.0221020922743589));
#9148=CARTESIAN_POINT('',(-0.000447858780847593,0.00283141804003151,0.0220275378297769));
#9149=CARTESIAN_POINT('',(-0.00044335744699071,0.00283120483466715,0.0219420433915627));
#9150=CARTESIAN_POINT('',(-0.000352165583450001,0.00280927178459585,0.0221748287766084));
#9151=CARTESIAN_POINT('',(-0.000443357446971756,0.00283120483466628,0.0219420433915616));
#9152=CARTESIAN_POINT('',(-0.000352165583450201,0.00280927178459594,0.000670676578627315));
#9153=CARTESIAN_POINT('',(-0.000352165583450202,0.00280927178459594,0.0104));
#9154=CARTESIAN_POINT('',(-0.00045518541934402,0.00258148479328078,0.0104));
#9155=CARTESIAN_POINT('',(-0.000551709362046879,0.00281209946862711,0.0219420433915616));
#9156=CARTESIAN_POINT('',(-0.000547521626003316,0.00281385224864129,0.0220281710014916));
#9157=CARTESIAN_POINT('',(-0.000598545955469334,0.00279093492910638,0.0221019767775818));
#9158=CARTESIAN_POINT('',(-0.000629900138353438,0.00276029968908496,0.0221748287766269));
#9159=CARTESIAN_POINT('',(-0.000551709362046848,0.00281209946862712,0.0219420433915616));
#9160=CARTESIAN_POINT('',(-0.000443357446971913,0.00283120483466626,0.0219420433915616));
#9161=CARTESIAN_POINT('',(-0.000480293119279157,0.00283295429021324,0.0219420433915616));
#9162=CARTESIAN_POINT('',(-0.000517599532372886,0.00282637616303137,0.0219420433915616));
#9163=CARTESIAN_POINT('',(-0.000551709362046851,0.00281209946862713,0.0219420433915616));
#9164=CARTESIAN_POINT('',(0.000994982926875034,0.00220000512868631,0.000670676578627315));
#9165=CARTESIAN_POINT('',(-0.000103019835899155,0.00269659215404216,0.0224220534154407));
#9166=CARTESIAN_POINT('',(-0.000202571034493845,0.00274161556860611,0.0223618148305457));
#9167=CARTESIAN_POINT('',(-0.000293295474794969,0.0027826469589301,0.0222822068479246));
#9168=CARTESIAN_POINT('',(-0.000352165583450006,0.00280927178459585,0.0221748287766084));
#9169=CARTESIAN_POINT('',(-0.000103019835893656,0.00269659215403966,0.0224220534154326));
#9170=CARTESIAN_POINT('',(-0.000103019835893816,0.00269659215403974,0.000670676578627315));
#9171=CARTESIAN_POINT('',(-0.000103019835893816,0.00269659215403974,0.0104));
#9172=CARTESIAN_POINT('',(0.000994982926875034,0.00220000512868631,0.0104));
#9173=CARTESIAN_POINT('',(-9.80124976035215E-19,0.00292437914535489,0.000670676578627315));
#9174=CARTESIAN_POINT('',(0.000103019835893017,0.00269659215403937,0.022422053415433));
#9175=CARTESIAN_POINT('',(4.34826012823017E-5,0.00266966561137907,0.0224580794885706));
#9176=CARTESIAN_POINT('',(-4.34667285928768E-5,0.00266965843268666,0.0224580890932272));
#9177=CARTESIAN_POINT('',(-0.000103019835924398,0.00269659215401057,0.0224220534154801));
#9178=CARTESIAN_POINT('',(0.000103019835893018,0.00269659215403938,0.022422053415433));
#9179=CARTESIAN_POINT('',(0.000103019835893814,0.00269659215403974,0.000670676578627315));
#9180=CARTESIAN_POINT('',(0.000103019835893814,0.00269659215403974,0.0104));
#9181=CARTESIAN_POINT('',(-9.80124976035215E-19,0.00292437914535489,0.0104));
#9182=CARTESIAN_POINT('',(-0.000994982926875034,0.00220000512868631,0.000670676578627315));
#9183=CARTESIAN_POINT('',(0.000103019835898513,0.00269659215404186,0.0224220534154411));
#9184=CARTESIAN_POINT('',(0.000202571034487659,0.00274161556860331,0.0223618148305495));
#9185=CARTESIAN_POINT('',(0.000293295474784064,0.00278264695892517,0.0222822068479341));
#9186=CARTESIAN_POINT('',(0.000352165583439696,0.00280927178459119,0.0221748287766272));
#9187=CARTESIAN_POINT('',(0.00035216558343969,0.00280927178459118,0.0221748287766272));
#9188=CARTESIAN_POINT('',(0.000352165583450199,0.00280927178459594,0.000670676578627315));
#9189=CARTESIAN_POINT('',(0.000352165583450199,0.00280927178459594,0.0104));
#9190=CARTESIAN_POINT('',(-0.000994982926875034,0.00220000512868631,0.0104));
#9191=CARTESIAN_POINT('',(0.000455185419344013,0.00258148479328078,0.000670676578627315));
#9192=CARTESIAN_POINT('',(0.000443357446971939,0.00283120483466626,0.0219420433915617));
#9193=CARTESIAN_POINT('',(0.000447892086712039,0.0028314196175618,0.0220281704129044));
#9194=CARTESIAN_POINT('',(0.000392107151804248,0.00282733591457072,0.0221019760390613));
#9195=CARTESIAN_POINT('',(0.000352165583439693,0.00280927178459119,0.0221748287766272));
#9196=CARTESIAN_POINT('',(0.00044335744697196,0.00283120483466625,0.0219420433915616));
#9197=CARTESIAN_POINT('',(0.000551709362047038,0.00281209946862704,0.0219420433915613));
#9198=CARTESIAN_POINT('',(0.000517599532373021,0.00282637616303134,0.0219420433915613));
#9199=CARTESIAN_POINT('',(0.00048029311927922,0.00283295429021325,0.0219420433915613));
#9200=CARTESIAN_POINT('',(0.000443357446971907,0.00283120483466626,0.0219420433915613));
#9201=CARTESIAN_POINT('',(0.000551709362047052,0.00281209946862708,0.0219420433915616));
#9202=CARTESIAN_POINT('',(0.000629900138347795,0.00276029968909996,0.0221748287766101));
#9203=CARTESIAN_POINT('',(0.000598595958548506,0.00279088607259011,0.0221020929606218));
#9204=CARTESIAN_POINT('',(0.00054755241498971,0.00281383936188793,0.0220275377754812));
#9205=CARTESIAN_POINT('',(0.000551709362029445,0.00281209946863441,0.0219420433915627));
#9206=CARTESIAN_POINT('',(0.000629900138345595,0.00276029968909262,0.0221748287766086));
#9207=CARTESIAN_POINT('',(0.00062990013834534,0.00276029968909287,0.000670676578627315));
#9208=CARTESIAN_POINT('',(0.000629900138345339,0.00276029968909287,0.0104));
#9209=CARTESIAN_POINT('',(0.000455185419344013,0.00258148479328078,0.0104));
#9210=CARTESIAN_POINT('',(0.00168742418362293,0.00172702438186128,0.000670676578627315));
#9211=CARTESIAN_POINT('',(0.000825481855431765,0.00256920260745789,0.0224220534154327));
#9212=CARTESIAN_POINT('',(0.000747333572994861,0.00264555897108404,0.0223618150845772));
#9213=CARTESIAN_POINT('',(0.000676112807090088,0.0027151466642435,0.0222822047306116));
#9214=CARTESIAN_POINT('',(0.000629900138345577,0.00276029968909263,0.0221748287766086));
#9215=CARTESIAN_POINT('',(0.000825481855431752,0.00256920260745791,0.0224220534154327));
#9216=CARTESIAN_POINT('',(0.000825481855431549,0.00256920260745811,0.000670676578627315));
#9217=CARTESIAN_POINT('',(0.000825481855431549,0.00256920260745811,0.0104));
#9218=CARTESIAN_POINT('',(0.00168742418362293,0.00172702438186128,0.0104));
#9219=CARTESIAN_POINT('',(0.00100019657443288,0.00274801750327019,0.000670676578627315));
#9220=CARTESIAN_POINT('',(0.00101909581459881,0.00249873288938247,0.0224220534154329));
#9221=CARTESIAN_POINT('',(0.000953938291749082,0.00249379304310095,0.0224580802642301));
#9222=CARTESIAN_POINT('',(0.000872229344564183,0.00252352702550665,0.0224580873579481));
#9223=CARTESIAN_POINT('',(0.000825481855431761,0.0025692026074579,0.0224220534154327));
#9224=CARTESIAN_POINT('',(0.00101909581459881,0.00249873288938247,0.0224220534154329));
#9225=CARTESIAN_POINT('',(0.00101909581459954,0.00249873288938253,0.000670676578627315));
#9226=CARTESIAN_POINT('',(0.00101909581459954,0.00249873288938253,0.0104));
#9227=CARTESIAN_POINT('',(0.00100019657443288,0.00274801750327019,0.0104));
#9228=CARTESIAN_POINT('',(-0.000182532044761936,0.00240763278837407,0.000670676578627315));
#9229=CARTESIAN_POINT('',(0.00101909581460384,0.00249873288938286,0.0224220534154397));
#9230=CARTESIAN_POINT('',(0.00112804240119486,0.00250699255560618,0.0223618147502724));
#9231=CARTESIAN_POINT('',(0.00122732850535215,0.00251451982292692,0.0222822075141598));
#9232=CARTESIAN_POINT('',(0.00129175493846281,0.00251940424244022,0.022174828776622));
#9233=CARTESIAN_POINT('',(0.0012917549384628,0.00251940424244022,0.022174828776622));
#9234=CARTESIAN_POINT('',(0.00129175493847117,0.00251940424244086,0.000670676578627315));
#9235=CARTESIAN_POINT('',(0.00129175493847117,0.00251940424244086,0.0104));
#9236=CARTESIAN_POINT('',(-0.000182532044761936,0.00240763278837407,0.0104));
#9237=CARTESIAN_POINT('',(0.00131065417863783,0.00227011962855319,0.000670676578627315));
#9238=CARTESIAN_POINT('',(0.00138494880462691,0.00250882511351142,0.0219420433915617));
#9239=CARTESIAN_POINT('',(0.00138928342287298,0.00250747600818418,0.0220281702274755));
#9240=CARTESIAN_POINT('',(0.00133546617142337,0.00252271816173829,0.0221019758064289));
#9241=CARTESIAN_POINT('',(0.00129175493846734,0.00251940424245196,0.0221748287766238));
#9242=CARTESIAN_POINT('',(0.00138494880462691,0.00250882511351141,0.0219420433915616));
#9243=CARTESIAN_POINT('',(0.00148023187963995,0.00245381340450337,0.0219420433915613));
#9244=CARTESIAN_POINT('',(0.00145306204146539,0.00247889535771822,0.0219420433915613));
#9245=CARTESIAN_POINT('',(0.00142025533237473,0.00249783632004296,0.0219420433915613));
#9246=CARTESIAN_POINT('',(0.00138494880462686,0.00250882511351143,0.0219420433915613));
#9247=CARTESIAN_POINT('',(0.00148023187963998,0.00245381340450339,0.0219420433915616));
#9248=CARTESIAN_POINT('',(0.00153599060712341,0.00237839471340395,0.0221748287766093));
#9249=CARTESIAN_POINT('',(0.00151703528697283,0.00241784353165625,0.0221020922980839));
#9250=CARTESIAN_POINT('',(0.00147692070367791,0.00245687013086368,0.0220275378278901));
#9251=CARTESIAN_POINT('',(0.00148023187962599,0.00245381340451626,0.0219420433915627));
#9252=CARTESIAN_POINT('',(0.00153599060712058,0.00237839471340027,0.0221748287766084));
#9253=CARTESIAN_POINT('',(0.00153599060712048,0.00237839471340047,0.000670676578627315));
#9254=CARTESIAN_POINT('',(0.00153599060712048,0.00237839471340047,0.0104));
#9255=CARTESIAN_POINT('',(0.00131065417863783,0.00227011962855319,0.0104));
#9256=CARTESIAN_POINT('',(0.00217633718009727,0.00104573900641848,0.000670676578627315));
#9257=CARTESIAN_POINT('',(0.00165441825217459,0.00213192930903026,0.0224220534154409));
#9258=CARTESIAN_POINT('',(0.00160709811065746,0.00223040950601929,0.0223618148406595));
#9259=CARTESIAN_POINT('',(0.00156397359677448,0.00232015798280089,0.0222822067638922));
#9260=CARTESIAN_POINT('',(0.00153599060712057,0.00237839471340028,0.0221748287766084));
#9261=CARTESIAN_POINT('',(0.00165441825217727,0.0021319293090247,0.0224220534154326));
#9262=CARTESIAN_POINT('',(0.00165441825217719,0.00213192930902486,0.000670676578627315));
#9263=CARTESIAN_POINT('',(0.00165441825217719,0.00213192930902486,0.0104));
#9264=CARTESIAN_POINT('',(0.00217633718009727,0.00104573900641848,0.0104));
#9265=CARTESIAN_POINT('',(0.00187975468065983,0.00224020439387214,0.000670676578627315));
#9266=CARTESIAN_POINT('',(0.00181225379781142,0.00199948956089609,0.0224220534154329));
#9267=CARTESIAN_POINT('',(0.00174933697774775,0.00201713259870895,0.0224580798346167));
#9268=CARTESIAN_POINT('',(0.00168272584243656,0.00207301703666799,0.0224580889985492));
#9269=CARTESIAN_POINT('',(0.00165441825217726,0.0021319293090247,0.0224220534154326));
#9270=CARTESIAN_POINT('',(0.00181225379781141,0.0019994895608961,0.0224220534154329));
#9271=CARTESIAN_POINT('',(0.00181225379781216,0.00199948956089589,0.000670676578627315));
#9272=CARTESIAN_POINT('',(0.00181225379781216,0.00199948956089589,0.0104));
#9273=CARTESIAN_POINT('',(0.00187975468065983,0.00224020439387214,0.0104));
#9274=CARTESIAN_POINT('',(0.000651934895835521,0.00232486440090832,0.000670676578627315));
#9275=CARTESIAN_POINT('',(0.00181225379781663,0.00199948956089464,0.0224220534154402));
#9276=CARTESIAN_POINT('',(0.00191745502061371,0.00196998919597048,0.0223618147805682));
#9277=CARTESIAN_POINT('',(0.00201332811559178,0.00194310461028732,0.0222822072628592));
#9278=CARTESIAN_POINT('',(0.0020755395836399,0.00192565936620088,0.0221748287766083));
#9279=CARTESIAN_POINT('',(0.000651934895835521,0.00232486440090832,0.0104));
#9280=CARTESIAN_POINT('',(-0.00287995125509272,-0.000507813109398053,0.000670676578627315));
#9281=CARTESIAN_POINT('',(-0.00263353642952057,-0.000550000000000733,0.0224320055162525));
#9282=CARTESIAN_POINT('',(-0.00263469700605925,-0.000556778960508552,0.0224289991096918));
#9283=CARTESIAN_POINT('',(-0.00263610829642114,-0.000563345169146251,0.0224256770948299));
#9284=CARTESIAN_POINT('',(-0.00263773565324256,-0.00056971304656231,0.0224220534154342));
#9285=CARTESIAN_POINT('',(-0.00263773565324353,-0.00056971304656147,0.0224220534154329));
#9286=CARTESIAN_POINT('',(-0.00287995125509272,-0.000507813109398053,0.0104));
#9287=CARTESIAN_POINT('',(-0.00263773565324372,-0.000569713046562218,0.0104));
#9288=CARTESIAN_POINT('',(-0.00263773565324372,-0.000569713046562218,0.000670676578627315));
#9289=CARTESIAN_POINT('',(0.00287995125509271,-0.000507813109398053,0.000670676578627315));
#9290=CARTESIAN_POINT('',(0.00263773565324255,-0.000569713046562315,0.0224220534154342));
#9291=CARTESIAN_POINT('',(0.00263610829642123,-0.000563345169146614,0.0224256770948297));
#9292=CARTESIAN_POINT('',(0.00263469700605938,-0.000556778960509197,0.0224289991096915));
#9293=CARTESIAN_POINT('',(0.0026335364295207,-0.000550000000001557,0.0224320055162522));
#9294=CARTESIAN_POINT('',(0.00263773565324352,-0.000569713046561469,0.0224220534154329));
#9295=CARTESIAN_POINT('',(0.00263773565324372,-0.000569713046562217,0.000670676578627315));
#9296=CARTESIAN_POINT('',(0.00263773565324372,-0.000569713046562217,0.0104));
#9297=CARTESIAN_POINT('',(0.00287995125509271,-0.000507813109398053,0.0104));
#9298=CARTESIAN_POINT('',(-0.00233935907945846,0.000597840019047033,0.000670676578627315));
#9299=CARTESIAN_POINT('',(-0.00263773565324485,-0.000569713046566653,0.0224220534154401));
#9300=CARTESIAN_POINT('',(-0.00266478820165044,-0.000675570170076015,0.0223618147751075));
#9301=CARTESIAN_POINT('',(-0.00268944200576832,-0.000772040962710945,0.02228220730815));
#9302=CARTESIAN_POINT('',(-0.00270543972198638,-0.000834640322895907,0.0221748287766014));
#9303=CARTESIAN_POINT('',(-0.00270543972198637,-0.000834640322895906,0.0221748287766014));
#9304=CARTESIAN_POINT('',(-0.00233935907945846,0.000597840019047033,0.0104));
#9305=CARTESIAN_POINT('',(-0.00270543972198538,-0.000834640322892037,0.0104));
#9306=CARTESIAN_POINT('',(-0.00270543972198538,-0.000834640322892036,0.000670676578627315));
#9307=CARTESIAN_POINT('',(-0.00246322412013638,-0.000896540260056202,0.000670676578627315));
#9308=CARTESIAN_POINT('',(-0.00267357403362427,-0.00103164360529841,0.0219420433915617));
#9309=CARTESIAN_POINT('',(-0.00267602736832646,-0.00102782387203099,0.0220281706722796));
#9310=CARTESIAN_POINT('',(-0.00264459814386279,-0.00107409331698292,0.0221019763644872));
#9311=CARTESIAN_POINT('',(-0.0026089835233198,-0.00109965155069169,0.0221748287766085));
#9312=CARTESIAN_POINT('',(-0.00267357403362427,-0.0010316436052984,0.0219420433915616));
#9313=CARTESIAN_POINT('',(-0.00260898352331981,-0.00109965155069169,0.0221748287766085));
#9314=CARTESIAN_POINT('',(-0.00271120425882326,-0.000928255411275072,0.0219420433915613));
#9315=CARTESIAN_POINT('',(-0.00270651332402244,-0.000964933737493683,0.0219420433915613));
#9316=CARTESIAN_POINT('',(-0.00269355694272439,-0.00100053110254795,0.0219420433915613));
#9317=CARTESIAN_POINT('',(-0.00267357403362425,-0.00103164360529845,0.0219420433915613));
#9318=CARTESIAN_POINT('',(-0.0027112042588233,-0.000928255411275076,0.0219420433915616));
#9319=CARTESIAN_POINT('',(-0.00270543972199031,-0.000834640322896763,0.0221748287766021));
#9320=CARTESIAN_POINT('',(-0.00271627633960896,-0.000877044208571201,0.0221020921390065));
#9321=CARTESIAN_POINT('',(-0.00271063257662332,-0.00093272538306118,0.0220275378405473));
#9322=CARTESIAN_POINT('',(-0.00271120425882085,-0.0009282554112939,0.0219420433915627));
#9323=CARTESIAN_POINT('',(-0.00246322412013638,-0.000896540260056202,0.0104));
#9324=CARTESIAN_POINT('',(-0.00260898352332003,-0.00109965155069153,0.0104));
#9325=CARTESIAN_POINT('',(-0.00260898352332003,-0.00109965155069153,0.000670676578627315));
#9326=CARTESIAN_POINT('',(-0.00140776886646088,-0.00196168305534873,0.000670676578627315));
#9327=CARTESIAN_POINT('',(-0.00238682722699112,-0.00125907828204212,0.000670676578627315));
#9328=CARTESIAN_POINT('',(-0.00238682722699112,-0.00125907828204212,0.0104));
#9329=CARTESIAN_POINT('',(-0.00238682722699054,-0.00125907828204254,0.0224220534154329));
#9330=CARTESIAN_POINT('',(-0.00238682722699054,-0.00125907828204254,0.0224220534154329));
#9331=CARTESIAN_POINT('',(-0.00247559408075619,-0.00119537624171332,0.0223618149433972));
#9332=CARTESIAN_POINT('',(-0.00255649115261043,-0.0011373218180725,0.0222822059089725));
#9333=CARTESIAN_POINT('',(-0.00260898352331981,-0.00109965155069169,0.0221748287766085));
#9334=CARTESIAN_POINT('',(-0.00140776886646088,-0.00196168305534873,0.0104));
#9335=CARTESIAN_POINT('',(-0.00253258663017476,-0.00146218957267745,0.000670676578627315));
#9336=CARTESIAN_POINT('',(-0.00238682722699054,-0.00125907828204254,0.0224220534154329));
#9337=CARTESIAN_POINT('',(-0.00233374075788066,-0.0012971748941532,0.0224580786618991));
#9338=CARTESIAN_POINT('',(-0.00229025876318222,-0.00137247144551727,0.0224580896816152));
#9339=CARTESIAN_POINT('',(-0.00228380739106342,-0.00143751387200702,0.0224220534154727));
#9340=CARTESIAN_POINT('',(-0.00228380739109738,-0.00143751387199689,0.0224220534154329));
#9341=CARTESIAN_POINT('',(-0.00253258663017476,-0.00146218957267745,0.0104));
#9342=CARTESIAN_POINT('',(-0.00228380739109731,-0.00143751387199762,0.0104));
#9343=CARTESIAN_POINT('',(-0.00228380739109731,-0.00143751387199762,0.000670676578627315));
#9344=CARTESIAN_POINT('',(-0.00240275179333591,-0.000238322073337578,0.000670676578627315));
#9345=CARTESIAN_POINT('',(-0.00228380739109688,-0.00143751387200193,0.0224220534154397));
#9346=CARTESIAN_POINT('',(-0.00227302319851524,-0.00154623958801439,0.0223618147519979));
#9347=CARTESIAN_POINT('',(-0.00226319525751543,-0.00164532442112026,0.0222822074998119));
#9348=CARTESIAN_POINT('',(-0.00225681793986945,-0.00170962023390821,0.0221748287766017));
#9349=CARTESIAN_POINT('',(-0.00225681793986945,-0.00170962023390818,0.0221748287766017));
#9350=CARTESIAN_POINT('',(-0.00240275179333591,-0.000238322073337578,0.0104));
#9351=CARTESIAN_POINT('',(-0.00225681793986983,-0.00170962023390441,0.0104));
#9352=CARTESIAN_POINT('',(-0.00225681793986983,-0.00170962023390441,0.000670676578627315));
#9353=CARTESIAN_POINT('',(-0.00200803870079237,-0.00168494453322458,0.000670676578627315));
#9354=CARTESIAN_POINT('',(-0.00215949489677637,-0.00188384405735186,0.0219420433915616));
#9355=CARTESIAN_POINT('',(-0.00216310668727378,-0.00188109378405769,0.022028170296987));
#9356=CARTESIAN_POINT('',(-0.00211774808332055,-0.00191382332371817,0.0221019758936325));
#9357=CARTESIAN_POINT('',(-0.00207553958364876,-0.00192565936621103,0.0221748287766102));
#9358=CARTESIAN_POINT('',(-0.00215949489677637,-0.00188384405735184,0.0219420433915616));
#9359=CARTESIAN_POINT('',(-0.00207553958363985,-0.00192565936620089,0.0221748287766084));
#9360=CARTESIAN_POINT('',(-0.00223021658665242,-0.00179956122936767,0.0219420433915613));
#9361=CARTESIAN_POINT('',(-0.00221326382344527,-0.00183242318766517,0.0219420433915613));
#9362=CARTESIAN_POINT('',(-0.00218891379164953,-0.00186144242553754,0.0219420433915613));
#9363=CARTESIAN_POINT('',(-0.00215949489677635,-0.00188384405735187,0.0219420433915613));
#9364=CARTESIAN_POINT('',(-0.00223021658665245,-0.00179956122936769,0.0219420433915616));
#9365=CARTESIAN_POINT('',(-0.00225681793987269,-0.00170962023391019,0.0221748287766024));
#9366=CARTESIAN_POINT('',(-0.0022524980430658,-0.00175317322777315,0.0221020920824065));
#9367=CARTESIAN_POINT('',(-0.00222815056060777,-0.00180356610225351,0.0220275378450584));
#9368=CARTESIAN_POINT('',(-0.00223021658664373,-0.00179956122938451,0.0219420433915627));
#9369=CARTESIAN_POINT('',(-0.00200803870079237,-0.00168494453322458,0.0104));
#9370=CARTESIAN_POINT('',(-0.00207553958364004,-0.00192565936620083,0.0104));
#9371=CARTESIAN_POINT('',(-0.00207553958364004,-0.00192565936620083,0.000670676578627315));
#9372=CARTESIAN_POINT('',(-0.000651934895835519,-0.00232486440090832,0.000670676578627315));
#9373=CARTESIAN_POINT('',(-0.00181225379781217,-0.00199948956089589,0.000670676578627315));
#9374=CARTESIAN_POINT('',(-0.00181225379781217,-0.00199948956089589,0.0104));
#9375=CARTESIAN_POINT('',(-0.00181225379781168,-0.00199948956089603,0.0224220534154328));
#9376=CARTESIAN_POINT('',(-0.00181225379781687,-0.00199948956089457,0.0224220534154401));
#9377=CARTESIAN_POINT('',(-0.00191745502061382,-0.00196998919597045,0.0223618147805681));
#9378=CARTESIAN_POINT('',(-0.00201332811559177,-0.00194310461028732,0.0222822072628592));
#9379=CARTESIAN_POINT('',(-0.00207553958363984,-0.00192565936620089,0.0221748287766084));
#9380=CARTESIAN_POINT('',(-0.000651934895835519,-0.00232486440090832,0.0104));
#9381=CARTESIAN_POINT('',(-0.00187975468065984,-0.00224020439387214,0.000670676578627315));
#9382=CARTESIAN_POINT('',(-0.00181225379781167,-0.00199948956089603,0.0224220534154328));
#9383=CARTESIAN_POINT('',(-0.00174933697774816,-0.00201713259870877,0.0224580798346166));
#9384=CARTESIAN_POINT('',(-0.00168272584243701,-0.0020730170366675,0.0224580889985492));
#9385=CARTESIAN_POINT('',(-0.00165441825217758,-0.00213192930902406,0.022422053415433));
#9386=CARTESIAN_POINT('',(-0.00165441825217758,-0.00213192930902406,0.022422053415433));
#9387=CARTESIAN_POINT('',(-0.00187975468065984,-0.00224020439387214,0.0104));
#9388=CARTESIAN_POINT('',(-0.00165441825217719,-0.00213192930902486,0.0104));
#9389=CARTESIAN_POINT('',(-0.00165441825217719,-0.00213192930902486,0.000670676578627315));
#9390=CARTESIAN_POINT('',(-0.00217633718009728,-0.00104573900641848,0.000670676578627315));
#9391=CARTESIAN_POINT('',(-0.00165441825217491,-0.00213192930902962,0.0224220534154413));
#9392=CARTESIAN_POINT('',(-0.00160709811065648,-0.00223040950602136,0.0223618148406583));
#9393=CARTESIAN_POINT('',(-0.00156397359677237,-0.00232015798280529,0.0222822067638885));
#9394=CARTESIAN_POINT('',(-0.0015359906071185,-0.00237839471340462,0.0221748287766004));
#9395=CARTESIAN_POINT('',(-0.00153599060711849,-0.00237839471340462,0.0221748287766004));
#9396=CARTESIAN_POINT('',(-0.00217633718009728,-0.00104573900641848,0.0104));
#9397=CARTESIAN_POINT('',(-0.00153599060712048,-0.00237839471340047,0.0104));
#9398=CARTESIAN_POINT('',(-0.00153599060712048,-0.00237839471340047,0.000670676578627315));
#9399=CARTESIAN_POINT('',(-0.00131065417863784,-0.00227011962855319,0.000670676578627315));
#9400=CARTESIAN_POINT('',(-0.00138494880462689,-0.00250882511351143,0.0219420433915617));
#9401=CARTESIAN_POINT('',(-0.0013892834228727,-0.00250747600818427,0.0220281702274701));
#9402=CARTESIAN_POINT('',(-0.00133546617142831,-0.00252271816173722,0.0221019758064196));
#9403=CARTESIAN_POINT('',(-0.00129175493847554,-0.00251940424245258,0.0221748287766101));
#9404=CARTESIAN_POINT('',(-0.0013849488046269,-0.00250882511351141,0.0219420433915616));
#9405=CARTESIAN_POINT('',(-0.001291754938471,-0.00251940424244085,0.0221748287766083));
#9406=CARTESIAN_POINT('',(-0.00148023187963997,-0.00245381340450336,0.0219420433915613));
#9407=CARTESIAN_POINT('',(-0.00145306204146541,-0.00247889535771822,0.0219420433915613));
#9408=CARTESIAN_POINT('',(-0.00142025533237474,-0.00249783632004296,0.0219420433915613));
#9409=CARTESIAN_POINT('',(-0.00138494880462686,-0.00250882511351143,0.0219420433915613));
#9410=CARTESIAN_POINT('',(-0.00148023187963999,-0.00245381340450339,0.0219420433915616));
#9411=CARTESIAN_POINT('',(-0.00153599060712133,-0.00237839471340829,0.0221748287766012));
#9412=CARTESIAN_POINT('',(-0.00151703528697086,-0.00241784353165844,0.0221020922980785));
#9413=CARTESIAN_POINT('',(-0.00147692070367804,-0.00245687013086357,0.0220275378278875));
#9414=CARTESIAN_POINT('',(-0.00148023187962602,-0.00245381340451624,0.0219420433915627));
#9415=CARTESIAN_POINT('',(-0.00131065417863784,-0.00227011962855319,0.0104));
#9416=CARTESIAN_POINT('',(-0.00129175493847118,-0.00251940424244086,0.0104));
#9417=CARTESIAN_POINT('',(-0.00129175493847118,-0.00251940424244086,0.000670676578627315));
#9418=CARTESIAN_POINT('',(0.00018253204476194,-0.00240763278837407,0.000670676578627315));
#9419=CARTESIAN_POINT('',(-0.00101909581459954,-0.00249873288938253,0.000670676578627315));
#9420=CARTESIAN_POINT('',(-0.00101909581459954,-0.00249873288938253,0.0104));
#9421=CARTESIAN_POINT('',(-0.00101909581459907,-0.00249873288938249,0.0224220534154328));
#9422=CARTESIAN_POINT('',(-0.00101909581460407,-0.00249873288938288,0.0224220534154396));
#9423=CARTESIAN_POINT('',(-0.00112804240119962,-0.00250699255560654,0.0223618147502697));
#9424=CARTESIAN_POINT('',(-0.00122732850536078,-0.00251451982292758,0.022282207514153));
#9425=CARTESIAN_POINT('',(-0.00129175493847102,-0.00251940424244085,0.0221748287766083));
#9426=CARTESIAN_POINT('',(0.00018253204476194,-0.00240763278837407,0.0104));
#9427=CARTESIAN_POINT('',(-0.00100019657443288,-0.0027480175032702,0.000670676578627315));
#9428=CARTESIAN_POINT('',(-0.00101909581459905,-0.0024987328893825,0.0224220534154328));
#9429=CARTESIAN_POINT('',(-0.000953938291749645,-0.00249379304310093,0.0224580802642298));
#9430=CARTESIAN_POINT('',(-0.000872229344565079,-0.0025235270255062,0.0224580873579482));
#9431=CARTESIAN_POINT('',(-0.000825481855432573,-0.00256920260745712,0.0224220534154333));
#9432=CARTESIAN_POINT('',(-0.000825481855432563,-0.00256920260745712,0.0224220534154333));
#9433=CARTESIAN_POINT('',(-0.00100019657443288,-0.0027480175032702,0.0104));
#9434=CARTESIAN_POINT('',(-0.000825481855431552,-0.00256920260745811,0.0104));
#9435=CARTESIAN_POINT('',(-0.000825481855431552,-0.00256920260745811,0.000670676578627315));
#9436=CARTESIAN_POINT('',(-0.00168742418362293,-0.00172702438186129,0.000670676578627315));
#9437=CARTESIAN_POINT('',(-0.000825481855432573,-0.00256920260745711,0.0224220534154333));
#9438=CARTESIAN_POINT('',(-0.000747333572992132,-0.00264555897108672,0.0223618150845752));
#9439=CARTESIAN_POINT('',(-0.000676112807084312,-0.00271514666424915,0.0222822047306055));
#9440=CARTESIAN_POINT('',(-0.000629900138339903,-0.00276029968909819,0.0221748287765954));
#9441=CARTESIAN_POINT('',(-0.000629900138339904,-0.00276029968909818,0.0221748287765954));
#9442=CARTESIAN_POINT('',(-0.00168742418362293,-0.00172702438186129,0.0104));
#9443=CARTESIAN_POINT('',(-0.000629900138345342,-0.00276029968909287,0.0104));
#9444=CARTESIAN_POINT('',(-0.000629900138345344,-0.00276029968909287,0.000670676578627315));
#9445=CARTESIAN_POINT('',(-0.000455185419344015,-0.00258148479328078,0.000670676578627315));
#9446=CARTESIAN_POINT('',(-0.000443357446971938,-0.00283120483466626,0.0219420433915617));
#9447=CARTESIAN_POINT('',(-0.000447892086711648,-0.00283141961756178,0.022028170412897));
#9448=CARTESIAN_POINT('',(-0.000392107151811145,-0.00282733591457166,0.0221019760390485));
#9449=CARTESIAN_POINT('',(-0.000352165583449999,-0.00280927178459585,0.0221748287766084));
#9450=CARTESIAN_POINT('',(-0.000443357446971955,-0.00283120483466625,0.0219420433915616));
#9451=CARTESIAN_POINT('',(-0.000352165583450001,-0.00280927178459585,0.0221748287766084));
#9452=CARTESIAN_POINT('',(-0.000551709362047046,-0.00281209946862704,0.0219420433915613));
#9453=CARTESIAN_POINT('',(-0.000517599532373027,-0.00282637616303134,0.0219420433915613));
#9454=CARTESIAN_POINT('',(-0.000480293119279223,-0.00283295429021325,0.0219420433915613));
#9455=CARTESIAN_POINT('',(-0.000443357446971907,-0.00283120483466626,0.0219420433915613));
#9456=CARTESIAN_POINT('',(-0.00055170936204706,-0.00281209946862707,0.0219420433915616));
#9457=CARTESIAN_POINT('',(-0.000629900138342107,-0.00276029968910552,0.0221748287765969));
#9458=CARTESIAN_POINT('',(-0.000598595958544168,-0.0027908860725924,0.0221020929606127));
#9459=CARTESIAN_POINT('',(-0.000547552414989969,-0.00281383936188782,0.022027537775476));
#9460=CARTESIAN_POINT('',(-0.000551709362029447,-0.00281209946863441,0.0219420433915627));
#9461=CARTESIAN_POINT('',(-0.000455185419344015,-0.00258148479328078,0.0104));
#9462=CARTESIAN_POINT('',(-0.000352165583450201,-0.00280927178459594,0.0104));
#9463=CARTESIAN_POINT('',(-0.000352165583450201,-0.00280927178459594,0.000670676578627315));
#9464=CARTESIAN_POINT('',(0.000994982926875034,-0.00220000512868631,0.000670676578627315));
#9465=CARTESIAN_POINT('',(-0.000103019835893815,-0.00269659215403974,0.000670676578627315));
#9466=CARTESIAN_POINT('',(-0.000103019835893815,-0.00269659215403974,0.0104));
#9467=CARTESIAN_POINT('',(-0.000103019835893298,-0.0026965921540395,0.0224220534154328));
#9468=CARTESIAN_POINT('',(-0.000103019835898804,-0.002696592154042,0.0224220534154409));
#9469=CARTESIAN_POINT('',(-0.00020257103449364,-0.00274161556860601,0.0223618148305459));
#9470=CARTESIAN_POINT('',(-0.000293295474794899,-0.00278264695893007,0.0222822068479248));
#9471=CARTESIAN_POINT('',(-0.000352165583450006,-0.00280927178459585,0.0221748287766084));
#9472=CARTESIAN_POINT('',(0.000994982926875034,-0.00220000512868631,0.0104));
#9473=CARTESIAN_POINT('',(-4.51909265352908E-19,-0.00292437914535489,0.000670676578627315));
#9474=CARTESIAN_POINT('',(-0.000103019835893304,-0.0026965921540395,0.0224220534154328));
#9475=CARTESIAN_POINT('',(-4.34826012827867E-5,-0.0026696656113792,0.0224580794885704));
#9476=CARTESIAN_POINT('',(4.34667285922268E-5,-0.00266965843268656,0.0224580890932273));
#9477=CARTESIAN_POINT('',(0.000103019835923759,-0.00269659215401029,0.0224220534154805));
#9478=CARTESIAN_POINT('',(0.00010301983589302,-0.00269659215403938,0.022422053415433));
#9479=CARTESIAN_POINT('',(-4.51909265352908E-19,-0.00292437914535489,0.0104));
#9480=CARTESIAN_POINT('',(0.000103019835893815,-0.00269659215403974,0.0104));
#9481=CARTESIAN_POINT('',(0.000103019835893815,-0.00269659215403974,0.000670676578627315));
#9482=CARTESIAN_POINT('',(-0.000994982926875033,-0.00220000512868631,0.000670676578627315));
#9483=CARTESIAN_POINT('',(0.000103019835898515,-0.00269659215404186,0.0224220534154411));
#9484=CARTESIAN_POINT('',(0.00020257103449591,-0.00274161556860704,0.0223618148305446));
#9485=CARTESIAN_POINT('',(0.000293295474799365,-0.00278264695893208,0.022282206847921));
#9486=CARTESIAN_POINT('',(0.000352165583454333,-0.00280927178459781,0.0221748287766005));
#9487=CARTESIAN_POINT('',(0.000352165583454311,-0.0028092717845978,0.0221748287766005));
#9488=CARTESIAN_POINT('',(-0.000994982926875033,-0.00220000512868631,0.0104));
#9489=CARTESIAN_POINT('',(0.000352165583450201,-0.00280927178459594,0.0104));
#9490=CARTESIAN_POINT('',(0.0003521655834502,-0.00280927178459594,0.000670676578627315));
#9491=CARTESIAN_POINT('',(0.000455185419344016,-0.00258148479328078,0.000670676578627315));
#9492=CARTESIAN_POINT('',(0.000352165583454486,-0.00280927178460234,0.0221748287766014));
#9493=CARTESIAN_POINT('',(0.000392043425718527,-0.00282730709356285,0.0221020922743536));
#9494=CARTESIAN_POINT('',(0.000447858780847424,-0.0028314180400315,0.0220275378297738));
#9495=CARTESIAN_POINT('',(0.000443357446990709,-0.00283120483466715,0.0219420433915627));
#9496=CARTESIAN_POINT('',(0.000443357446971747,-0.00283120483466628,0.0219420433915616));
#9497=CARTESIAN_POINT('',(0.000455185419344016,-0.00258148479328078,0.0104));
#9498=CARTESIAN_POINT('',(0.000629900138345342,-0.00276029968909287,0.0104));
#9499=CARTESIAN_POINT('',(0.000629900138345342,-0.00276029968909287,0.000670676578627315));
#9500=CARTESIAN_POINT('',(0.000629900138345596,-0.00276029968909262,0.0221748287766086));
#9501=CARTESIAN_POINT('',(0.000551709362046872,-0.00281209946862712,0.0219420433915616));
#9502=CARTESIAN_POINT('',(0.00054752162600366,-0.00281385224864115,0.0220281710014844));
#9503=CARTESIAN_POINT('',(0.000598545955463355,-0.00279093492910953,0.0221019767775694));
#9504=CARTESIAN_POINT('',(0.000629900138345583,-0.00276029968909263,0.0221748287766086));
#9505=CARTESIAN_POINT('',(0.000551709362046849,-0.00281209946862712,0.0219420433915616));
#9506=CARTESIAN_POINT('',(0.000443357446971911,-0.00283120483466626,0.0219420433915616));
#9507=CARTESIAN_POINT('',(0.000480293119279155,-0.00283295429021324,0.0219420433915616));
#9508=CARTESIAN_POINT('',(0.000517599532372886,-0.00282637616303137,0.0219420433915616));
#9509=CARTESIAN_POINT('',(0.000551709362046851,-0.00281209946862712,0.0219420433915616));
#9510=CARTESIAN_POINT('',(0.00168742418362293,-0.00172702438186129,0.000670676578627315));
#9511=CARTESIAN_POINT('',(0.000825481855431551,-0.00256920260745811,0.000670676578627315));
#9512=CARTESIAN_POINT('',(0.000825481855431551,-0.00256920260745811,0.0104));
#9513=CARTESIAN_POINT('',(0.000825481855432207,-0.00256920260745747,0.022422053415433));
#9514=CARTESIAN_POINT('',(0.000825481855432206,-0.00256920260745747,0.022422053415433));
#9515=CARTESIAN_POINT('',(0.000747333572995121,-0.0026455589710838,0.0223618150845774));
#9516=CARTESIAN_POINT('',(0.000676112807090181,-0.00271514666424342,0.0222822047306118));
#9517=CARTESIAN_POINT('',(0.000629900138345585,-0.00276029968909263,0.0221748287766086));
#9518=CARTESIAN_POINT('',(0.00168742418362293,-0.00172702438186129,0.0104));
#9519=CARTESIAN_POINT('',(0.00100019657443288,-0.0027480175032702,0.000670676578627315));
#9520=CARTESIAN_POINT('',(0.000825481855432209,-0.00256920260745747,0.022422053415433));
#9521=CARTESIAN_POINT('',(0.00087221682145169,-0.00252353926146782,0.0224580777048707));
#9522=CARTESIAN_POINT('',(0.000953921083772199,-0.00249379173846068,0.0224580897789005));
#9523=CARTESIAN_POINT('',(0.00101909581461465,-0.00249873288935085,0.0224220534154727));
#9524=CARTESIAN_POINT('',(0.00101909581459881,-0.00249873288938247,0.0224220534154329));
#9525=CARTESIAN_POINT('',(0.00100019657443288,-0.0027480175032702,0.0104));
#9526=CARTESIAN_POINT('',(0.00101909581459954,-0.00249873288938253,0.0104));
#9527=CARTESIAN_POINT('',(0.00101909581459954,-0.00249873288938253,0.000670676578627315));
#9528=CARTESIAN_POINT('',(-0.00018253204476194,-0.00240763278837407,0.000670676578627315));
#9529=CARTESIAN_POINT('',(0.00101909581460384,-0.00249873288938286,0.0224220534154397));
#9530=CARTESIAN_POINT('',(0.00112804240120169,-0.0025069925556067,0.0223618147502686));
#9531=CARTESIAN_POINT('',(0.00122732850536482,-0.00251451982292788,0.0222822075141499));
#9532=CARTESIAN_POINT('',(0.00129175493847493,-0.00251940424244115,0.0221748287766018));
#9533=CARTESIAN_POINT('',(0.00129175493847494,-0.00251940424244114,0.0221748287766018));
#9534=CARTESIAN_POINT('',(-0.00018253204476194,-0.00240763278837407,0.0104));
#9535=CARTESIAN_POINT('',(0.00129175493847118,-0.00251940424244086,0.0104));
#9536=CARTESIAN_POINT('',(0.00129175493847118,-0.00251940424244086,0.000670676578627315));
#9537=CARTESIAN_POINT('',(0.00131065417863784,-0.00227011962855319,0.000670676578627315));
#9538=CARTESIAN_POINT('',(0.00148023187963983,-0.00245381340450349,0.0219420433915617));
#9539=CARTESIAN_POINT('',(0.00147689620298034,-0.00245689274878871,0.0220281704353438));
#9540=CARTESIAN_POINT('',(0.00151700499689541,-0.00241790656976822,0.0221019760672106));
#9541=CARTESIAN_POINT('',(0.00153599060712058,-0.00237839471340027,0.0221748287766084));
#9542=CARTESIAN_POINT('',(0.00148023187963981,-0.0024538134045035,0.0219420433915616));
#9543=CARTESIAN_POINT('',(0.00153599060712058,-0.00237839471340027,0.0221748287766084));
#9544=CARTESIAN_POINT('',(0.00138494880462671,-0.00250882511351148,0.0219420433915613));
#9545=CARTESIAN_POINT('',(0.00142025533237459,-0.00249783632004303,0.0219420433915613));
#9546=CARTESIAN_POINT('',(0.00145306204146527,-0.00247889535771831,0.0219420433915613));
#9547=CARTESIAN_POINT('',(0.00148023187963985,-0.00245381340450347,0.0219420433915613));
#9548=CARTESIAN_POINT('',(0.00138494880462672,-0.00250882511351151,0.0219420433915616));
#9549=CARTESIAN_POINT('',(0.00129175493847637,-0.00251940424244467,0.0221748287766024));
#9550=CARTESIAN_POINT('',(0.00133539640914716,-0.00252271287277821,0.0221020920783407));
#9551=CARTESIAN_POINT('',(0.00138925159616851,-0.00250748591391811,0.0220275378453827));
#9552=CARTESIAN_POINT('',(0.00138494880464481,-0.00250882511350585,0.0219420433915627));
#9553=CARTESIAN_POINT('',(0.00131065417863784,-0.00227011962855319,0.0104));
#9554=CARTESIAN_POINT('',(0.00153599060712048,-0.00237839471340047,0.0104));
#9555=CARTESIAN_POINT('',(0.00153599060712048,-0.00237839471340047,0.000670676578627315));
#9556=CARTESIAN_POINT('',(0.00217633718009728,-0.00104573900641848,0.000670676578627315));
#9557=CARTESIAN_POINT('',(0.00165441825217719,-0.00213192930902486,0.000670676578627315));
#9558=CARTESIAN_POINT('',(0.00165441825217719,-0.00213192930902486,0.0104));
#9559=CARTESIAN_POINT('',(0.00165441825217744,-0.00213192930902434,0.0224220534154328));
#9560=CARTESIAN_POINT('',(0.00165441825217477,-0.00213192930902991,0.0224220534154411));
#9561=CARTESIAN_POINT('',(0.00160709811065765,-0.00223040950601892,0.0223618148406597));
#9562=CARTESIAN_POINT('',(0.00156397359677454,-0.00232015798280076,0.0222822067638924));
#9563=CARTESIAN_POINT('',(0.00153599060712058,-0.00237839471340028,0.0221748287766084));
#9564=CARTESIAN_POINT('',(0.00217633718009728,-0.00104573900641848,0.0104));
#9565=CARTESIAN_POINT('',(0.00187975468065984,-0.00224020439387214,0.000670676578627315));
#9566=CARTESIAN_POINT('',(0.00165441825217744,-0.00213192930902435,0.0224220534154328));
#9567=CARTESIAN_POINT('',(0.00168271828407018,-0.00207303276674399,0.0224580793767429));
#9568=CARTESIAN_POINT('',(0.00174932021812611,-0.00201713729837602,0.0224580894312866));
#9569=CARTESIAN_POINT('',(0.00181225379781577,-0.00199948956085853,0.0224220534154754));
#9570=CARTESIAN_POINT('',(0.00181225379781141,-0.0019994895608961,0.0224220534154329));
#9571=CARTESIAN_POINT('',(0.00187975468065984,-0.00224020439387214,0.0104));
#9572=CARTESIAN_POINT('',(0.00181225379781216,-0.00199948956089589,0.0104));
#9573=CARTESIAN_POINT('',(0.00181225379781216,-0.00199948956089589,0.000670676578627315));
#9574=CARTESIAN_POINT('',(0.000651934895835517,-0.00232486440090832,0.000670676578627315));
#9575=CARTESIAN_POINT('',(0.00181225379781663,-0.00199948956089464,0.0224220534154402));
#9576=CARTESIAN_POINT('',(0.00191745502061599,-0.00196998919596984,0.0223618147805669));
#9577=CARTESIAN_POINT('',(0.00201332811559601,-0.00194310461028613,0.0222822072628558));
#9578=CARTESIAN_POINT('',(0.00207553958364394,-0.00192565936619974,0.0221748287766013));
#9579=CARTESIAN_POINT('',(0.00207553958364393,-0.00192565936619974,0.0221748287766013));
#9580=CARTESIAN_POINT('',(0.000651934895835517,-0.00232486440090832,0.0104));
#9581=CARTESIAN_POINT('',(0.00207553958364004,-0.00192565936620083,0.0104));
#9582=CARTESIAN_POINT('',(0.00207553958364004,-0.00192565936620083,0.000670676578627315));
#9583=CARTESIAN_POINT('',(0.00200803870079237,-0.00168494453322458,0.000670676578627315));
#9584=CARTESIAN_POINT('',(0.00223021658665234,-0.00179956122936783,0.0219420433915617));
#9585=CARTESIAN_POINT('',(0.00222813527861433,-0.00180359572552125,0.0220281702313157));
#9586=CARTESIAN_POINT('',(0.00225249113762574,-0.00175324284817227,0.0221019758112441));
#9587=CARTESIAN_POINT('',(0.00225681793988066,-0.00170962023391077,0.0221748287766101));
#9588=CARTESIAN_POINT('',(0.00223021658665231,-0.00179956122936786,0.0219420433915616));
#9589=CARTESIAN_POINT('',(0.00225681793986985,-0.00170962023390423,0.0221748287766083));
#9590=CARTESIAN_POINT('',(0.00215949489677622,-0.00188384405735197,0.0219420433915613));
#9591=CARTESIAN_POINT('',(0.00218891379164942,-0.00186144242553766,0.0219420433915613));
#9592=CARTESIAN_POINT('',(0.00221326382344517,-0.0018324231876653,0.0219420433915613));
#9593=CARTESIAN_POINT('',(0.00223021658665235,-0.00179956122936781,0.0219420433915613));
#9594=CARTESIAN_POINT('',(0.00215949489677624,-0.00188384405735199,0.0219420433915616));
#9595=CARTESIAN_POINT('',(0.00207553958364668,-0.00192565936620276,0.022174828776602));
#9596=CARTESIAN_POINT('',(0.00211768072723816,-0.0019138422115982,0.0221020921518327));
#9597=CARTESIAN_POINT('',(0.00216308016475433,-0.00188111398018353,0.0220275378395249));
#9598=CARTESIAN_POINT('',(0.0021594948967913,-0.00188384405734048,0.0219420433915626));
#9599=CARTESIAN_POINT('',(0.00200803870079237,-0.00168494453322458,0.0104));
#9600=CARTESIAN_POINT('',(0.00225681793986983,-0.00170962023390441,0.0104));
#9601=CARTESIAN_POINT('',(0.00225681793986983,-0.00170962023390441,0.000670676578627315));
#9602=CARTESIAN_POINT('',(0.00240275179333591,-0.000238322073337577,0.000670676578627315));
#9603=CARTESIAN_POINT('',(0.0022838073910973,-0.00143751387199762,0.000670676578627315));
#9604=CARTESIAN_POINT('',(0.0022838073910973,-0.00143751387199762,0.0104));
#9605=CARTESIAN_POINT('',(0.00228380739109735,-0.00143751387199714,0.0224220534154328));
#9606=CARTESIAN_POINT('',(0.00228380739109685,-0.00143751387200216,0.0224220534154396));
#9607=CARTESIAN_POINT('',(0.00227302319851545,-0.00154623958801229,0.022361814751999));
#9608=CARTESIAN_POINT('',(0.00226319525751584,-0.00164532442111617,0.022282207499815));
#9609=CARTESIAN_POINT('',(0.00225681793986984,-0.00170962023390425,0.0221748287766083));
#9610=CARTESIAN_POINT('',(0.00240275179333591,-0.000238322073337577,0.0104));
#9611=CARTESIAN_POINT('',(0.00253258663017476,-0.00146218957267745,0.000670676578627315));
#9612=CARTESIAN_POINT('',(0.00228380739109735,-0.00143751387199713,0.0224220534154328));
#9613=CARTESIAN_POINT('',(0.00229025705160643,-0.00137248870191006,0.0224580801207955));
#9614=CARTESIAN_POINT('',(0.00233372655164828,-0.00129718508901716,0.0224580883024539));
#9615=CARTESIAN_POINT('',(0.00238682722699023,-0.00125907828204276,0.0224220534154331));
#9616=CARTESIAN_POINT('',(0.00238682722699023,-0.00125907828204276,0.0224220534154331));
#9617=CARTESIAN_POINT('',(0.00253258663017476,-0.00146218957267745,0.0104));
#9618=CARTESIAN_POINT('',(0.00238682722699112,-0.00125907828204212,0.0104));
#9619=CARTESIAN_POINT('',(0.00238682722699112,-0.00125907828204212,0.000670676578627315));
#9620=CARTESIAN_POINT('',(0.00140776886646088,-0.00196168305534873,0.000670676578627315));
#9621=CARTESIAN_POINT('',(0.00238682722699023,-0.00125907828204276,0.0224220534154331));
#9622=CARTESIAN_POINT('',(0.00247559408075872,-0.00119537624171151,0.0223618149433956));
#9623=CARTESIAN_POINT('',(0.00255649115261539,-0.00113732181806894,0.0222822059089679));
#9624=CARTESIAN_POINT('',(0.00260898352332461,-0.00109965155068825,0.0221748287765987));
#9625=CARTESIAN_POINT('',(0.00260898352332462,-0.00109965155068823,0.0221748287765987));
#9626=CARTESIAN_POINT('',(0.00140776886646088,-0.00196168305534873,0.0104));
#9627=CARTESIAN_POINT('',(0.00260898352332003,-0.00109965155069153,0.0104));
#9628=CARTESIAN_POINT('',(0.00260898352332003,-0.00109965155069153,0.000670676578627315));
#9629=CARTESIAN_POINT('',(0.00246322412013638,-0.000896540260056199,0.000670676578627315));
#9630=CARTESIAN_POINT('',(0.00271120425882323,-0.000928255411275283,0.0219420433915617));
#9631=CARTESIAN_POINT('',(0.00271062834761297,-0.000932758449611949,0.022028170284855));
#9632=CARTESIAN_POINT('',(0.002716293660623,-0.000877111985986097,0.0221019758784109));
#9633=CARTESIAN_POINT('',(0.00270543972199841,-0.000834640322894443,0.0221748287766102));
#9634=CARTESIAN_POINT('',(0.00271120425882323,-0.000928255411275286,0.0219420433915616));
#9635=CARTESIAN_POINT('',(0.00270543972198538,-0.000834640322892035,0.0221748287766084));
#9636=CARTESIAN_POINT('',(0.00267357403362417,-0.00103164360529857,0.0219420433915613));
#9637=CARTESIAN_POINT('',(0.00269355694272433,-0.00100053110254809,0.0219420433915613));
#9638=CARTESIAN_POINT('',(0.0027065133240224,-0.000964933737493836,0.0219420433915613));
#9639=CARTESIAN_POINT('',(0.00271120425882324,-0.000928255411275233,0.0219420433915613));
#9640=CARTESIAN_POINT('',(0.0026735740336242,-0.00103164360529859,0.0219420433915616));
#9641=CARTESIAN_POINT('',(0.00260898352332968,-0.00109965155069084,0.0221748287765997));
#9642=CARTESIAN_POINT('',(0.0026445413461858,-0.00107413407688539,0.0221020925484604));
#9643=CARTESIAN_POINT('',(0.00267600934120492,-0.00102785193945866,0.0220275378080202));
#9644=CARTESIAN_POINT('',(0.00267357403363445,-0.00103164360528256,0.0219420433915627));
#9645=CARTESIAN_POINT('',(0.00246322412013638,-0.000896540260056199,0.0104));
#9646=CARTESIAN_POINT('',(0.00270543972198538,-0.000834640322892035,0.0104));
#9647=CARTESIAN_POINT('',(0.00270543972198538,-0.000834640322892035,0.000670676578627315));
#9648=CARTESIAN_POINT('',(0.00233935907945846,0.000597840019047032,0.000670676578627315));
#9649=CARTESIAN_POINT('',(0.00263773565324485,-0.000569713046566652,0.0224220534154401));
#9650=CARTESIAN_POINT('',(0.00266478820164986,-0.000675570170073753,0.0223618147751088));
#9651=CARTESIAN_POINT('',(0.00268944200576725,-0.000772040962706749,0.0222822073081534));
#9652=CARTESIAN_POINT('',(0.00270543972198535,-0.000834640322891893,0.0221748287766083));
#9653=CARTESIAN_POINT('',(0.00233935907945846,0.000597840019047032,0.0104));
#9654=CARTESIAN_POINT('',(0.,0.,0.0227));
#9655=CARTESIAN_POINT('',(0.,0.,0.0092));
#9656=CARTESIAN_POINT('',(0.002925,0.,0.0092));
#9657=CARTESIAN_POINT('',(0.,0.,0.0104));
#9658=CARTESIAN_POINT('',(0.002925,0.,0.0104));
#9659=CARTESIAN_POINT('',(0.,0.,0.0227));
#9660=CARTESIAN_POINT('',(0.,0.,0.0227));
#9661=CARTESIAN_POINT('',(0.0049,-0.0086,0.));
#9662=CARTESIAN_POINT('',(0.00555,-0.01135,0.));
#9663=CARTESIAN_POINT('',(0.00555,-0.01195,0.));
#9664=CARTESIAN_POINT('',(0.00555,-0.01135,0.));
#9665=CARTESIAN_POINT('',(0.00425,-0.01195,0.));
#9666=CARTESIAN_POINT('',(0.00425,-0.01195,0.));
#9667=CARTESIAN_POINT('',(0.00425,-0.01135,0.));
#9668=CARTESIAN_POINT('',(0.00425,-0.01135,0.));
#9669=CARTESIAN_POINT('',(0.00425,-0.01035,0.));
#9670=CARTESIAN_POINT('',(0.00425,-0.01075,0.));
#9671=CARTESIAN_POINT('',(0.00415,-0.01075,0.));
#9672=CARTESIAN_POINT('',(0.00415,-0.01075,0.));
#9673=CARTESIAN_POINT('',(0.00415,-0.01175,0.));
#9674=CARTESIAN_POINT('',(0.00415,-0.01175,0.));
#9675=CARTESIAN_POINT('',(-0.0075,-0.01175,0.));
#9676=CARTESIAN_POINT('',(0.00315,-0.01175,0.));
#9677=CARTESIAN_POINT('',(0.00315,-0.0086,0.));
#9678=CARTESIAN_POINT('',(0.00315,-0.01275,0.));
#9679=CARTESIAN_POINT('',(0.00665,-0.01275,0.));
#9680=CARTESIAN_POINT('',(0.00665,-0.01275,0.));
#9681=CARTESIAN_POINT('',(0.00665,-0.0086,0.));
#9682=CARTESIAN_POINT('',(0.00665,-0.01175,0.));
#9683=CARTESIAN_POINT('',(-0.0075,-0.01175,0.));
#9684=CARTESIAN_POINT('',(0.00565,-0.01175,0.));
#9685=CARTESIAN_POINT('',(0.00565,-0.01175,0.));
#9686=CARTESIAN_POINT('',(0.00565,-0.01075,0.));
#9687=CARTESIAN_POINT('',(0.00415,-0.01075,0.));
#9688=CARTESIAN_POINT('',(0.00555,-0.01075,0.));
#9689=CARTESIAN_POINT('',(0.00555,-0.01035,0.));
#9690=CARTESIAN_POINT('',(4.33680868994202E-19,-0.0086,0.));
#9691=CARTESIAN_POINT('',(0.00065,-0.01135,0.));
#9692=CARTESIAN_POINT('',(0.00065,-0.01195,0.));
#9693=CARTESIAN_POINT('',(0.00065,-0.01135,0.));
#9694=CARTESIAN_POINT('',(-0.00065,-0.01195,0.));
#9695=CARTESIAN_POINT('',(-0.00065,-0.01195,0.));
#9696=CARTESIAN_POINT('',(-0.00065,-0.01135,0.));
#9697=CARTESIAN_POINT('',(-0.00065,-0.01135,0.));
#9698=CARTESIAN_POINT('',(-0.00065,-0.01035,0.));
#9699=CARTESIAN_POINT('',(-0.00065,-0.01075,0.));
#9700=CARTESIAN_POINT('',(-0.00075,-0.01075,0.));
#9701=CARTESIAN_POINT('',(-0.00075,-0.01075,0.));
#9702=CARTESIAN_POINT('',(-0.00075,-0.01175,0.));
#9703=CARTESIAN_POINT('',(-0.00075,-0.01175,0.));
#9704=CARTESIAN_POINT('',(-0.0075,-0.01175,0.));
#9705=CARTESIAN_POINT('',(-0.00175,-0.01175,0.));
#9706=CARTESIAN_POINT('',(-0.00175,-0.0086,0.));
#9707=CARTESIAN_POINT('',(-0.00175,-0.01275,0.));
#9708=CARTESIAN_POINT('',(0.00175,-0.01275,0.));
#9709=CARTESIAN_POINT('',(0.00175,-0.01275,0.));
#9710=CARTESIAN_POINT('',(0.00175,-0.0086,0.));
#9711=CARTESIAN_POINT('',(0.00175,-0.01175,0.));
#9712=CARTESIAN_POINT('',(-0.0075,-0.01175,0.));
#9713=CARTESIAN_POINT('',(0.00075,-0.01175,0.));
#9714=CARTESIAN_POINT('',(0.00075,-0.01175,0.));
#9715=CARTESIAN_POINT('',(0.00075,-0.01075,0.));
#9716=CARTESIAN_POINT('',(-0.00075,-0.01075,0.));
#9717=CARTESIAN_POINT('',(0.00065,-0.01075,0.));
#9718=CARTESIAN_POINT('',(0.00065,-0.01035,0.));
#9719=CARTESIAN_POINT('',(-0.0049,-0.0086,0.));
#9720=CARTESIAN_POINT('',(-0.00425,-0.01135,0.));
#9721=CARTESIAN_POINT('',(-0.00425,-0.01195,0.));
#9722=CARTESIAN_POINT('',(-0.00425,-0.01135,0.));
#9723=CARTESIAN_POINT('',(-0.00555,-0.01195,0.));
#9724=CARTESIAN_POINT('',(-0.00555,-0.01195,0.));
#9725=CARTESIAN_POINT('',(-0.00555,-0.01135,0.));
#9726=CARTESIAN_POINT('',(-0.00555,-0.01135,0.));
#9727=CARTESIAN_POINT('',(-0.00555,-0.01035,0.));
#9728=CARTESIAN_POINT('',(-0.00555,-0.01075,0.));
#9729=CARTESIAN_POINT('',(-0.00565,-0.01075,0.));
#9730=CARTESIAN_POINT('',(-0.00565,-0.01075,0.));
#9731=CARTESIAN_POINT('',(-0.00565,-0.01075,0.));
#9732=CARTESIAN_POINT('',(-0.00565,-0.01175,0.));
#9733=CARTESIAN_POINT('',(-0.0075,-0.01175,0.));
#9734=CARTESIAN_POINT('',(-0.00665,-0.01175,0.));
#9735=CARTESIAN_POINT('',(-0.00665,-0.0086,0.));
#9736=CARTESIAN_POINT('',(-0.00665,-0.01275,0.));
#9737=CARTESIAN_POINT('',(-0.00315,-0.01275,0.));
#9738=CARTESIAN_POINT('',(-0.00315,-0.01275,0.));
#9739=CARTESIAN_POINT('',(-0.00315,-0.0086,0.));
#9740=CARTESIAN_POINT('',(-0.00315,-0.01175,0.));
#9741=CARTESIAN_POINT('',(-0.0075,-0.01175,0.));
#9742=CARTESIAN_POINT('',(-0.00415,-0.01175,0.));
#9743=CARTESIAN_POINT('',(-0.00415,-0.01075,0.));
#9744=CARTESIAN_POINT('',(-0.00415,-0.01075,0.));
#9745=CARTESIAN_POINT('',(-0.00565,-0.01075,0.));
#9746=CARTESIAN_POINT('',(-0.00425,-0.01075,0.));
#9747=CARTESIAN_POINT('',(-0.00425,-0.01035,0.));
#9748=CARTESIAN_POINT('',(0.,0.,0.0012));
#9749=CARTESIAN_POINT('',(-0.00654365150355671,-0.005425,0.0012));
#9750=CARTESIAN_POINT('',(-0.00574276719012707,-0.005425,0.0012));
#9751=CARTESIAN_POINT('',(0.00574276719012707,-0.005425,0.0012));
#9752=CARTESIAN_POINT('',(0.,0.,0.0012));
#9753=CARTESIAN_POINT('',(-0.00639756977992767,-0.00463477085851676,0.0012));
#9754=CARTESIAN_POINT('',(-0.00688346115561838,-0.00498677877182184,0.0012));
#9755=CARTESIAN_POINT('',(-1.73472347597681E-18,8.67361737988404E-19,0.0012));
#9756=CARTESIAN_POINT('',(-0.00698939702518026,-0.00483718195072309,0.0012));
#9757=CARTESIAN_POINT('',(-0.0075,-0.00555,0.0012));
#9758=CARTESIAN_POINT('',(-0.0075,-0.00555,0.0012));
#9759=CARTESIAN_POINT('',(-0.0075,-0.00555,0.0012));
#9760=CARTESIAN_POINT('',(-0.0075,-0.01175,0.0012));
#9761=CARTESIAN_POINT('',(-0.0075,-0.01175,0.0012));
#9762=CARTESIAN_POINT('',(-0.00565,-0.01175,0.0012));
#9763=CARTESIAN_POINT('',(-0.00565,-0.01075,0.0012));
#9764=CARTESIAN_POINT('',(-0.00565,-0.01075,0.0012));
#9765=CARTESIAN_POINT('',(-0.00565,-0.01075,0.0012));
#9766=CARTESIAN_POINT('',(-0.00415,-0.01075,0.0012));
#9767=CARTESIAN_POINT('',(-0.00415,-0.01075,0.0012));
#9768=CARTESIAN_POINT('',(-0.00415,-0.01175,0.0012));
#9769=CARTESIAN_POINT('',(-0.0075,-0.01175,0.0012));
#9770=CARTESIAN_POINT('',(-0.00075,-0.01175,0.0012));
#9771=CARTESIAN_POINT('',(-0.00075,-0.01175,0.0012));
#9772=CARTESIAN_POINT('',(-0.00075,-0.01075,0.0012));
#9773=CARTESIAN_POINT('',(-0.00075,-0.01075,0.0012));
#9774=CARTESIAN_POINT('',(0.00075,-0.01075,0.0012));
#9775=CARTESIAN_POINT('',(0.00075,-0.01175,0.0012));
#9776=CARTESIAN_POINT('',(0.00075,-0.01175,0.0012));
#9777=CARTESIAN_POINT('',(-0.0075,-0.01175,0.0012));
#9778=CARTESIAN_POINT('',(0.00415,-0.01175,0.0012));
#9779=CARTESIAN_POINT('',(0.00415,-0.01175,0.0012));
#9780=CARTESIAN_POINT('',(0.00415,-0.01075,0.0012));
#9781=CARTESIAN_POINT('',(0.00415,-0.01075,0.0012));
#9782=CARTESIAN_POINT('',(0.00565,-0.01075,0.0012));
#9783=CARTESIAN_POINT('',(0.00565,-0.01175,0.0012));
#9784=CARTESIAN_POINT('',(0.00565,-0.01175,0.0012));
#9785=CARTESIAN_POINT('',(-0.0075,-0.01175,0.0012));
#9786=CARTESIAN_POINT('',(0.0075,-0.01175,0.0012));
#9787=CARTESIAN_POINT('',(0.0075,-0.00555,0.0012));
#9788=CARTESIAN_POINT('',(0.0075,-0.00555,0.0012));
#9789=CARTESIAN_POINT('',(0.0075,-0.00555,0.0012));
#9790=CARTESIAN_POINT('',(0.00698939702518027,-0.00483718195072309,0.0012));
#9791=CARTESIAN_POINT('',(-1.73472347597681E-18,8.67361737988404E-19,0.0012));
#9792=CARTESIAN_POINT('',(0.00639756977992767,-0.00463477085851677,0.0012));
#9793=CARTESIAN_POINT('',(0.00639756977992767,-0.00463477085851677,0.0012));
#9794=CARTESIAN_POINT('',(0.,0.,0.0012));
#9795=CARTESIAN_POINT('',(4.33680868994202E-19,-0.0086,0.0012));
#9796=CARTESIAN_POINT('',(0.00155,-0.0086,0.0012));
#9797=CARTESIAN_POINT('',(-0.0049,-0.0086,0.0012));
#9798=CARTESIAN_POINT('',(-0.00335,-0.0086,0.0012));
#9799=CARTESIAN_POINT('',(0.0049,-0.0086,0.0012));
#9800=CARTESIAN_POINT('',(0.00645,-0.0086,0.0012));
#9801=CARTESIAN_POINT('',(-0.0075,-0.01175,0.0012));
#9802=CARTESIAN_POINT('',(0.00415,-0.01175,-0.00180277563773199));
#9803=CARTESIAN_POINT('',(0.00075,-0.01175,-0.00180277563773199));
#9804=CARTESIAN_POINT('',(-0.0075,-0.01175,0.));
#9805=CARTESIAN_POINT('',(-0.0075,-0.01175,0.0012));
#9806=CARTESIAN_POINT('',(-0.00075,-0.01175,-0.00180277563773199));
#9807=CARTESIAN_POINT('',(-0.00415,-0.01175,-0.00180277563773199));
#9808=CARTESIAN_POINT('',(-0.0075,-0.01175,0.));
#9809=CARTESIAN_POINT('',(-0.0075,-0.01175,0.0012));
#9810=CARTESIAN_POINT('',(-0.00565,-0.01175,-0.00180277563773199));
#9811=CARTESIAN_POINT('',(-0.0075,-0.01175,0.0012));
#9812=CARTESIAN_POINT('',(-0.0075,-0.01175,0.));
#9813=CARTESIAN_POINT('',(-0.0075,-0.01175,0.));
#9814=CARTESIAN_POINT('',(0.,0.,0.));
#9815=CARTESIAN_POINT('',(-0.0075,-0.00555,0.));
#9816=CARTESIAN_POINT('',(-0.00698939702518027,-0.00483718195072309,0.));
#9817=CARTESIAN_POINT('',(-0.0075,-0.00555,0.));
#9818=CARTESIAN_POINT('',(0.,0.,0.));
#9819=CARTESIAN_POINT('',(0.,0.,0.));
#9820=CARTESIAN_POINT('',(-0.00565,-0.00580409338312195,-2.15531259485646E-18));
#9821=CARTESIAN_POINT('',(-0.00565,-0.0051,-2.15531259485646E-18));
#9822=CARTESIAN_POINT('',(-0.00565,-0.0051,-2.15531259485646E-18));
#9823=CARTESIAN_POINT('',(-0.00565,-0.0051,-2.15531259485646E-18));
#9824=CARTESIAN_POINT('',(0.00565,-0.0051,1.30431461273482E-18));
#9825=CARTESIAN_POINT('',(0.00565,-0.0051,1.30431461273482E-18));
#9826=CARTESIAN_POINT('',(0.00565,-0.00580409338312195,1.30431461273482E-18));
#9827=CARTESIAN_POINT('',(0.,0.,0.));
#9828=CARTESIAN_POINT('',(0.,0.,0.));
#9829=CARTESIAN_POINT('',(0.00698939702518027,-0.00483718195072309,0.));
#9830=CARTESIAN_POINT('',(0.0075,-0.00555,0.));
#9831=CARTESIAN_POINT('',(0.0075,-0.00555,0.));
#9832=CARTESIAN_POINT('',(0.0075,-0.00555,0.));
#9833=CARTESIAN_POINT('',(0.0075,-0.01175,0.));
#9834=CARTESIAN_POINT('',(-0.0075,-0.01175,0.));
#9835=CARTESIAN_POINT('',(0.00665,-0.0086,0.));
#9836=CARTESIAN_POINT('',(0.00665,-0.0086,0.));
#9837=CARTESIAN_POINT('',(0.0049,-0.0086,0.));
#9838=CARTESIAN_POINT('',(0.00315,-0.0086,0.));
#9839=CARTESIAN_POINT('',(0.00315,-0.0086,0.));
#9840=CARTESIAN_POINT('',(0.00175,-0.0086,0.));
#9841=CARTESIAN_POINT('',(0.00175,-0.0086,0.));
#9842=CARTESIAN_POINT('',(4.33680868994202E-19,-0.0086,0.));
#9843=CARTESIAN_POINT('',(-0.00175,-0.0086,0.));
#9844=CARTESIAN_POINT('',(-0.00175,1.82877474877073E-19,0.));
#9845=CARTESIAN_POINT('',(-0.00315,-0.0086,0.));
#9846=CARTESIAN_POINT('',(-0.00315,-0.0086,0.));
#9847=CARTESIAN_POINT('',(-0.0049,-0.0086,0.));
#9848=CARTESIAN_POINT('',(-0.00665,-0.0086,0.));
#9849=CARTESIAN_POINT('',(-0.00665,-0.0086,0.));
#9850=CARTESIAN_POINT('',(-0.0075,-0.00555,0.));
#9851=CARTESIAN_POINT('',(0.,0.,0.0092));
#9852=CARTESIAN_POINT('',(0.00310697342004464,-0.00138083893598641,0.0092));
#9853=CARTESIAN_POINT('',(0.00277960724782644,-0.00203743591982288,0.0092));
#9854=CARTESIAN_POINT('',(0.00170466359428235,-0.00311582239829497,0.0092));
#9855=CARTESIAN_POINT('',(-0.000583775892991502,-0.00341626042873632,0.00919999999999999));
#9856=CARTESIAN_POINT('',(-0.00255663960387216,-0.00219476524582828,0.0092));
#9857=CARTESIAN_POINT('',(-0.00303406515079527,-0.00073373286811148,0.0092));
#9858=CARTESIAN_POINT('',(-0.003,7.34788079488412E-19,0.0092));
#9859=CARTESIAN_POINT('',(0.0031069734200451,-0.00138083893598539,0.0092));
#9860=CARTESIAN_POINT('',(-0.003,7.34788079488412E-19,0.0092));
#9861=CARTESIAN_POINT('',(0.,0.,0.0092));
#9862=CARTESIAN_POINT('',(0.0031069734200451,0.0013808389359854,0.0092));
#9863=CARTESIAN_POINT('',(0.0031069734200451,0.00138083893598539,0.00919999999999994));
#9864=CARTESIAN_POINT('',(0.00278193910225811,0.00203275892899004,0.00919999999999994));
#9865=CARTESIAN_POINT('',(0.0017051073743323,0.00311708387205196,0.00920000000000003));
#9866=CARTESIAN_POINT('',(-0.000581784264552899,0.00341539360110161,0.0092));
#9867=CARTESIAN_POINT('',(-0.00255385234767026,0.00219937979528852,0.0092));
#9868=CARTESIAN_POINT('',(-0.00303405331856262,0.000733478012407256,0.0092));
#9869=CARTESIAN_POINT('',(-0.003,7.34788079488412E-19,0.0092));
#9870=CARTESIAN_POINT('',(0.,0.,0.0029));
#9871=CARTESIAN_POINT('',(0.00245,0.00484026084007877,0.0029));
#9872=CARTESIAN_POINT('',(0.00245,0.00484026084007877,0.0029));
#9873=CARTESIAN_POINT('',(0.00245,0.005425,0.0029));
#9874=CARTESIAN_POINT('',(-0.00245,0.005425,0.0029));
#9875=CARTESIAN_POINT('',(-0.00245,0.005425,0.0029));
#9876=CARTESIAN_POINT('',(-0.00245,0.00484026084007876,0.0029));
#9877=CARTESIAN_POINT('',(-0.00245,0.00484026084007876,0.0029));
#9878=CARTESIAN_POINT('',(0.,0.,0.0029));
#9879=CARTESIAN_POINT('',(-0.00245,-0.00484026084007877,0.0029));
#9880=CARTESIAN_POINT('',(-0.00245,-0.005425,0.0029));
#9881=CARTESIAN_POINT('',(-0.00245,-0.005425,0.0029));
#9882=CARTESIAN_POINT('',(-0.00245,-0.005425,0.0029));
#9883=CARTESIAN_POINT('',(0.00245,-0.005425,0.0029));
#9884=CARTESIAN_POINT('',(0.00245,-0.005425,0.0029));
#9885=CARTESIAN_POINT('',(0.00245,-0.00484026084007877,0.0029));
#9886=CARTESIAN_POINT('',(0.,0.,0.0029));
#9887=CARTESIAN_POINT('',(0.,0.,0.0029));
#9888=CARTESIAN_POINT('',(-0.0034,8.327598234202E-19,0.0029));
#9889=CARTESIAN_POINT('',(-0.00332305577640417,-0.000719235918810266,0.0029));
#9890=CARTESIAN_POINT('',(0.,0.,0.0029));
#9891=CARTESIAN_POINT('',(0.,0.,0.00255));
#9892=CARTESIAN_POINT('',(-0.00839844628487913,0.00131,0.00255));
#9893=CARTESIAN_POINT('',(-0.0072,0.00131,0.00255));
#9894=CARTESIAN_POINT('',(-0.0072,0.00131,0.00255));
#9895=CARTESIAN_POINT('',(-0.0072,-0.00131,0.00255));
#9896=CARTESIAN_POINT('',(-0.00839844628487913,-0.00131,0.00255));
#9897=CARTESIAN_POINT('',(-0.00792816340648955,-0.003065,0.00255));
#9898=CARTESIAN_POINT('',(-0.00506003370355363,-0.00195619117647059,0.00255));
#9899=CARTESIAN_POINT('',(0.,0.,0.00255));
#9900=CARTESIAN_POINT('',(-0.00506003370355363,0.00195619117647059,0.00255));
#9901=CARTESIAN_POINT('',(-0.00792816340648955,0.003065,0.00255));
#9902=CARTESIAN_POINT('',(0.,0.,0.0029));
#9903=CARTESIAN_POINT('',(0.00506003370355362,0.00195619117647059,0.00255));
#9904=CARTESIAN_POINT('',(0.00506003370355362,0.00195619117647059,0.00255));
#9905=CARTESIAN_POINT('',(0.00245,0.00484026084007877,0.0029));
#9906=CARTESIAN_POINT('',(0.00245,-0.00484026084007877,0.0029));
#9907=CARTESIAN_POINT('',(0.00506003370355362,-0.00195619117647059,0.00255));
#9908=CARTESIAN_POINT('',(0.00506003370355362,-0.00195619117647059,0.00255));
#9909=CARTESIAN_POINT('',(0.,0.,0.00255));
#9910=CARTESIAN_POINT('',(0.,0.,0.0029));
#9911=CARTESIAN_POINT('',(-0.00506003370355363,-0.00195619117647059,0.00255));
#9912=CARTESIAN_POINT('',(-0.00245,-0.00484026084007877,0.0029));
#9913=CARTESIAN_POINT('',(-0.00245,0.00484026084007876,0.0029));
#9914=CARTESIAN_POINT('',(-0.00506003370355363,0.00195619117647059,0.00255));
#9915=CARTESIAN_POINT('',(0.,0.,0.0012));
#9916=CARTESIAN_POINT('',(-0.00654365150355671,0.005425,0.0012));
#9917=CARTESIAN_POINT('',(0.00574276719012707,0.005425,0.0012));
#9918=CARTESIAN_POINT('',(-0.00574276719012707,0.005425,0.0012));
#9919=CARTESIAN_POINT('',(0.,0.,0.0012));
#9920=CARTESIAN_POINT('',(0.00639756977992767,0.00463477085851677,0.0012));
#9921=CARTESIAN_POINT('',(0.00639756977992767,0.00463477085851677,0.0012));
#9922=CARTESIAN_POINT('',(-0.00688346115561837,0.00498677877182185,0.0012));
#9923=CARTESIAN_POINT('',(-0.00639756977992766,0.00463477085851677,0.0012));
#9924=CARTESIAN_POINT('',(0.,0.,0.0012));
#9925=CARTESIAN_POINT('',(0.,0.,-0.006));
#9926=CARTESIAN_POINT('',(-0.00655953357182457,-0.00475210682961845,0.0227476120975553));
#9927=CARTESIAN_POINT('',(-0.00655953357182457,-0.00475210682961845,0.0016));
#9928=CARTESIAN_POINT('',(0.,0.,0.0016));
#9929=CARTESIAN_POINT('',(-0.00752396172239067,-0.003,0.0016));
#9930=CARTESIAN_POINT('',(-0.00752396172239067,-0.003,0.0227476120975553));
#9931=CARTESIAN_POINT('',(-0.00752396172239067,0.003,0.0227476120975553));
#9932=CARTESIAN_POINT('',(-0.00752396172239067,0.003,0.0016));
#9933=CARTESIAN_POINT('',(0.,0.,0.0016));
#9934=CARTESIAN_POINT('',(-0.00655953357182456,0.00475210682961846,0.0016));
#9935=CARTESIAN_POINT('',(-0.00655953357182456,0.00475210682961846,0.0227476120975553));
#9936=CARTESIAN_POINT('',(0.00655953357182457,0.00475210682961846,0.0227476120975553));
#9937=CARTESIAN_POINT('',(0.00655953357182457,0.00475210682961846,0.0016));
#9938=CARTESIAN_POINT('',(0.,0.,0.0016));
#9939=CARTESIAN_POINT('',(0.00752396172239067,0.003,0.0016));
#9940=CARTESIAN_POINT('',(0.00752396172239067,0.003,0.0227476120975553));
#9941=CARTESIAN_POINT('',(0.00752396172239067,-0.003,0.0227476120975553));
#9942=CARTESIAN_POINT('',(0.00752396172239067,-0.003,0.0016));
#9943=CARTESIAN_POINT('',(0.,0.,0.0016));
#9944=CARTESIAN_POINT('',(0.00655953357182457,-0.00475210682961846,0.0016));
#9945=CARTESIAN_POINT('',(0.00655953357182457,-0.00475210682961846,0.0227476120975553));
#9946=CARTESIAN_POINT('',(0.00565,-0.00580409338312195,-0.006));
#9947=CARTESIAN_POINT('',(0.00565,-0.00580409338312195,-0.0024));
#9948=CARTESIAN_POINT('',(0.,0.,-0.0024));
#9949=CARTESIAN_POINT('',(-0.00565,-0.00580409338312195,-0.0024));
#9950=CARTESIAN_POINT('',(-0.00565,-0.00580409338312195,-0.006));
#9951=CARTESIAN_POINT('',(-0.00803803458564343,0.001,-0.003));
#9952=CARTESIAN_POINT('',(-0.00803803458564343,0.001,-0.0026));
#9953=CARTESIAN_POINT('',(-0.00803803458564343,0.001,-0.0052));
#9954=CARTESIAN_POINT('',(0.,0.,-0.0026));
#9955=CARTESIAN_POINT('',(-0.00803803458564343,-0.001,-0.0026));
#9956=CARTESIAN_POINT('',(-0.00803803458564343,-0.001,-0.003));
#9957=CARTESIAN_POINT('',(-0.00803803458564343,-0.001,-0.0052));
#9958=CARTESIAN_POINT('',(0.,0.,-0.0052));
#9959=CARTESIAN_POINT('',(0.,0.,-0.006));
#9960=CARTESIAN_POINT('',(-0.0063,-0.001,-0.006));
#9961=CARTESIAN_POINT('',(-0.0059,-0.001,-0.006));
#9962=CARTESIAN_POINT('',(-0.00723118247591637,-0.001,-0.006));
#9963=CARTESIAN_POINT('',(-0.0059,0.,-0.006));
#9964=CARTESIAN_POINT('',(-0.0059,0.001,-0.006));
#9965=CARTESIAN_POINT('',(-0.0063,0.001,-0.006));
#9966=CARTESIAN_POINT('',(-0.00723118247591637,0.001,-0.006));
#9967=CARTESIAN_POINT('',(0.,0.,-0.006));
#9968=CARTESIAN_POINT('',(-0.0063,0.001,-0.003));
#9969=CARTESIAN_POINT('',(-0.0063,-0.001,-0.003));
#9970=CARTESIAN_POINT('',(-0.0063,-0.001,-0.0034));
#9971=CARTESIAN_POINT('',(-0.0063,-0.001,-0.0056));
#9972=CARTESIAN_POINT('',(-0.0063,0.001,-0.0034));
#9973=CARTESIAN_POINT('',(-0.0063,0.001,-0.0034));
#9974=CARTESIAN_POINT('',(-0.0063,0.001,-0.003));
#9975=CARTESIAN_POINT('',(-0.0063,0.001,-0.0056));
#9976=CARTESIAN_POINT('',(-0.0063,0.001,-0.0056));
#9977=CARTESIAN_POINT('',(-0.0063,0.001,-0.003));
#9978=CARTESIAN_POINT('',(-0.0067,0.001,-0.0034));
#9979=CARTESIAN_POINT('',(-0.0067,0.001,-0.003));
#9980=CARTESIAN_POINT('',(-0.0063,0.001,-0.003));
#9981=CARTESIAN_POINT('',(-0.00763478879865056,0.001,-0.003));
#9982=CARTESIAN_POINT('',(-0.00763478879865056,0.001,-0.003));
#9983=CARTESIAN_POINT('',(-0.00784692972272524,0.001,-0.003));
#9984=CARTESIAN_POINT('',(-0.00803803458564462,0.001,-0.00281219086416409));
#9985=CARTESIAN_POINT('',(-0.00803803458564477,0.001,-0.00260000000000029));
#9986=CARTESIAN_POINT('',(-0.00803803458564343,0.001,-0.0052));
#9987=CARTESIAN_POINT('',(-0.00803803458564343,0.001,-0.00541221555450803));
#9988=CARTESIAN_POINT('',(-0.00786084559966751,0.001,-0.00582742319984394));
#9989=CARTESIAN_POINT('',(-0.00744334713841586,0.001,-0.006));
#9990=CARTESIAN_POINT('',(-0.00723118247591637,0.001,-0.006));
#9991=CARTESIAN_POINT('',(-0.0059,0.001,-0.0056));
#9992=CARTESIAN_POINT('',(-0.0063,-0.001,-0.003));
#9993=CARTESIAN_POINT('',(-0.0063,-0.001,-0.003));
#9994=CARTESIAN_POINT('',(-0.0067,-0.001,-0.003));
#9995=CARTESIAN_POINT('',(-0.00763478879865056,-0.001,-0.003));
#9996=CARTESIAN_POINT('',(-0.0067,-0.001,-0.0034));
#9997=CARTESIAN_POINT('',(-0.0059,-0.001,-0.0056));
#9998=CARTESIAN_POINT('',(-0.00723118247591637,-0.001,-0.006));
#9999=CARTESIAN_POINT('',(-0.00744337602088107,-0.001,-0.006));
#10000=CARTESIAN_POINT('',(-0.00786000523542358,-0.001,-0.00582822270924129));
#10001=CARTESIAN_POINT('',(-0.00803803458564343,-0.001,-0.00541224754404847));
#10002=CARTESIAN_POINT('',(-0.00803803458564343,-0.001,-0.0052));
#10003=CARTESIAN_POINT('',(-0.00803803458564343,-0.001,-0.0026));
#10004=CARTESIAN_POINT('',(-0.00803803458564343,-0.001,-0.00281216050106172));
#10005=CARTESIAN_POINT('',(-0.00784690131795953,-0.001,-0.003));
#10006=CARTESIAN_POINT('',(-0.00763478879865056,-0.001,-0.003));
#10007=CARTESIAN_POINT('',(0.,0.,-0.003));
#10008=CARTESIAN_POINT('',(0.,0.,-0.003));
#10009=CARTESIAN_POINT('',(-0.0067,0.,-0.003));
#10010=CARTESIAN_POINT('',(0.0075,-0.00555,0.0012));
#10011=CARTESIAN_POINT('',(0.0075,-0.00555,0.0012));
#10012=CARTESIAN_POINT('',(0.0075,-0.01175,0.0012));
#10013=CARTESIAN_POINT('',(0.0075,-0.00555,0.0012));
#10014=CARTESIAN_POINT('',(0.00698939702518027,-0.00483718195072309,0.0227476120975553));
#10015=CARTESIAN_POINT('',(0.,0.,0.0012));
#10016=CARTESIAN_POINT('',(-0.00766329434687939,-0.00305555555555555,0.0012));
#10017=CARTESIAN_POINT('',(-0.00766329434687939,-0.00305555555555555,0.0012));
#10018=CARTESIAN_POINT('',(0.,0.,0.0012));
#10019=CARTESIAN_POINT('',(-0.00766329434687939,0.00305555555555556,0.0012));
#10020=CARTESIAN_POINT('',(-0.00766329434687939,0.00305555555555556,0.0012));
#10021=CARTESIAN_POINT('',(-0.0075,-0.00555,0.0012));
#10022=CARTESIAN_POINT('',(-0.00698939702518026,-0.00483718195072309,0.0227476120975553));
#10023=CARTESIAN_POINT('',(-0.0075,-0.00555,0.0012));
#10024=CARTESIAN_POINT('',(-0.0075,-0.00555,0.0012));
#10025=CARTESIAN_POINT('',(-0.0075,-0.01175,0.0012));
#10026=CARTESIAN_POINT('',(0.00565,-0.01175,-0.00180277563773199));
#10027=CARTESIAN_POINT('',(-1.73472347597681E-18,8.67361737988404E-19,0.0012));
#10028=CARTESIAN_POINT('',(-0.00752396172239067,-0.003,0.0012));
#10029=CARTESIAN_POINT('',(-0.00752396172239067,0.003,0.0012));
#10030=CARTESIAN_POINT('',(-0.00654365150355671,-0.005425,0.0019));
#10031=CARTESIAN_POINT('',(-0.00574276719012707,-0.005425,-0.0130992358620942));
#10032=CARTESIAN_POINT('',(0.00574276719012707,-0.005425,-0.0130992358620942));
#10033=CARTESIAN_POINT('',(0.00245,-0.005425,0.0029));
#10034=CARTESIAN_POINT('',(-0.00245,-0.005425,0.0029));
#10035=CARTESIAN_POINT('',(-0.00654365150355671,0.005425,0.0019));
#10036=CARTESIAN_POINT('',(0.00574276719012707,0.005425,-0.0130992358620942));
#10037=CARTESIAN_POINT('',(-0.00574276719012707,0.005425,-0.0130992358620942));
#10038=CARTESIAN_POINT('',(-0.00245,0.005425,0.0029));
#10039=CARTESIAN_POINT('',(0.00245,0.005425,0.0029));
#10040=CARTESIAN_POINT('',(0.00245,0.00484026084007877,0.0029));
#10041=CARTESIAN_POINT('',(-0.00245,0.00484026084007876,0.0029));
#10042=CARTESIAN_POINT('',(-0.00245,-0.005425,0.0029));
#10043=CARTESIAN_POINT('',(0.00245,-0.005425,0.0029));
#10044=CARTESIAN_POINT('',(-0.00792816340648955,-0.003065,0.00255));
#10045=CARTESIAN_POINT('',(-0.00792816340648955,0.003065,0.00255));
#10046=CARTESIAN_POINT('',(0.00506003370355362,0.00195619117647059,0.00255));
#10047=CARTESIAN_POINT('',(0.00506003370355362,0.00195619117647059,0.00255));
#10048=CARTESIAN_POINT('',(0.00506003370355363,-0.00195619117647059,0.00255));
#10049=CARTESIAN_POINT('',(0.00506003370355363,-0.00195619117647059,0.00255));
#10050=CARTESIAN_POINT('',(0.,0.,0.00255));
#10051=CARTESIAN_POINT('',(-0.0072,0.00131,0.00505));
#10052=CARTESIAN_POINT('',(-0.0072,0.00131,0.00505));
#10053=CARTESIAN_POINT('',(-0.0072,0.00131,0.00505));
#10054=CARTESIAN_POINT('',(-0.0072,0.00131,0.00505));
#10055=CARTESIAN_POINT('',(-0.0072,-0.00131,0.00505));
#10056=CARTESIAN_POINT('',(-0.0072,-0.00131,0.00505));
#10057=CARTESIAN_POINT('',(-0.00839844628487913,0.00131,0.00505));
#10058=CARTESIAN_POINT('',(-0.00839844628487913,0.00131,0.00505));
#10059=CARTESIAN_POINT('',(-0.00839844628487913,-0.00131,0.00505));
#10060=CARTESIAN_POINT('',(-0.00839844628487913,-0.00131,0.00505));
#10061=CARTESIAN_POINT('',(0.,0.,0.00505));
#10062=CARTESIAN_POINT('',(0.,0.,0.0092));
#10063=CARTESIAN_POINT('',(-0.0034,8.327598234202E-19,0.009625));
#10064=CARTESIAN_POINT('',(-0.00339999999999999,0.00140832611206853,0.009578125));
#10065=CARTESIAN_POINT('',(-0.00240416305603426,0.00240416305603426,0.00953125));
#10066=CARTESIAN_POINT('',(-0.00140832611206853,0.00339999999999999,0.00948437499999999));
#10067=CARTESIAN_POINT('',(6.2456986756515E-19,0.0034,0.0094375));
#10068=CARTESIAN_POINT('',(0.00140832611206853,0.00339999999999999,0.00939062499999999));
#10069=CARTESIAN_POINT('',(0.00240416305603426,0.00240416305603426,0.00934375));
#10070=CARTESIAN_POINT('',(0.0034,0.00140832611206852,0.009296875));
#10071=CARTESIAN_POINT('',(0.0034,-4.163799117101E-19,0.00925));
#10072=CARTESIAN_POINT('',(0.00339999999999999,-0.00140832611206853,0.00920312499999999));
#10073=CARTESIAN_POINT('',(0.00240416305603426,-0.00240416305603426,0.00915625));
#10074=CARTESIAN_POINT('',(0.00140832611206852,-0.00339999999999999,0.00910937499999999));
#10075=CARTESIAN_POINT('',(-2.0818995585505E-19,-0.0034,0.0090625));
#10076=CARTESIAN_POINT('',(-0.00140832611206853,-0.00339999999999999,0.009015625));
#10077=CARTESIAN_POINT('',(-0.00240416305603426,-0.00240416305603426,0.00896875));
#10078=CARTESIAN_POINT('',(-0.00339999999999999,-0.00140832611206853,0.008921875));
#10079=CARTESIAN_POINT('',(-0.0034,8.327598234202E-19,0.008875));
#10080=CARTESIAN_POINT('',(-0.00339999999999999,0.00140832611206853,0.00882812499999999));
#10081=CARTESIAN_POINT('',(-0.00240416305603426,0.00240416305603426,0.00878125));
#10082=CARTESIAN_POINT('',(-0.00140832611206853,0.00339999999999999,0.008734375));
#10083=CARTESIAN_POINT('',(6.2456986756515E-19,0.0034,0.0086875));
#10084=CARTESIAN_POINT('',(0.00140832611206853,0.00339999999999999,0.008640625));
#10085=CARTESIAN_POINT('',(0.00240416305603426,0.00240416305603426,0.00859375));
#10086=CARTESIAN_POINT('',(0.0034,0.00140832611206852,0.00854687499999999));
#10087=CARTESIAN_POINT('',(0.0034,-4.163799117101E-19,0.0085));
#10088=CARTESIAN_POINT('',(0.00339999999999999,-0.00140832611206853,0.008453125));
#10089=CARTESIAN_POINT('',(0.00240416305603426,-0.00240416305603426,0.00840625));
#10090=CARTESIAN_POINT('',(0.00140832611206852,-0.00339999999999999,0.008359375));
#10091=CARTESIAN_POINT('',(-2.0818995585505E-19,-0.0034,0.0083125));
#10092=CARTESIAN_POINT('',(-0.00140832611206853,-0.00339999999999999,0.00826562499999999));
#10093=CARTESIAN_POINT('',(-0.00240416305603426,-0.00240416305603426,0.00821875));
#10094=CARTESIAN_POINT('',(-0.00339999999999999,-0.00140832611206853,0.008171875));
#10095=CARTESIAN_POINT('',(-0.0034,8.327598234202E-19,0.008125));
#10096=CARTESIAN_POINT('',(-0.00339999999999999,0.00140832611206853,0.008078125));
#10097=CARTESIAN_POINT('',(-0.00240416305603426,0.00240416305603426,0.00803125));
#10098=CARTESIAN_POINT('',(-0.00140832611206853,0.00339999999999999,0.00798437499999999));
#10099=CARTESIAN_POINT('',(6.2456986756515E-19,0.0034,0.0079375));
#10100=CARTESIAN_POINT('',(0.00140832611206853,0.00339999999999999,0.007890625));
#10101=CARTESIAN_POINT('',(0.00240416305603426,0.00240416305603426,0.00784375));
#10102=CARTESIAN_POINT('',(0.0034,0.00140832611206852,0.007796875));
#10103=CARTESIAN_POINT('',(0.0034,-4.163799117101E-19,0.00775));
#10104=CARTESIAN_POINT('',(0.00339999999999999,-0.00140832611206853,0.00770312499999999));
#10105=CARTESIAN_POINT('',(0.00240416305603426,-0.00240416305603426,0.00765625));
#10106=CARTESIAN_POINT('',(0.00140832611206852,-0.00339999999999999,0.007609375));
#10107=CARTESIAN_POINT('',(-2.0818995585505E-19,-0.0034,0.0075625));
#10108=CARTESIAN_POINT('',(-0.00140832611206853,-0.00339999999999999,0.007515625));
#10109=CARTESIAN_POINT('',(-0.00240416305603426,-0.00240416305603426,0.00746875));
#10110=CARTESIAN_POINT('',(-0.00339999999999999,-0.00140832611206853,0.007421875));
#10111=CARTESIAN_POINT('',(-0.0034,8.327598234202E-19,0.007375));
#10112=CARTESIAN_POINT('',(-0.00339999999999999,0.00140832611206853,0.00732812499999999));
#10113=CARTESIAN_POINT('',(-0.00240416305603426,0.00240416305603426,0.00728125));
#10114=CARTESIAN_POINT('',(-0.00140832611206853,0.00339999999999999,0.007234375));
#10115=CARTESIAN_POINT('',(6.2456986756515E-19,0.0034,0.0071875));
#10116=CARTESIAN_POINT('',(0.00140832611206853,0.00339999999999999,0.007140625));
#10117=CARTESIAN_POINT('',(0.00240416305603426,0.00240416305603426,0.00709375));
#10118=CARTESIAN_POINT('',(0.0034,0.00140832611206852,0.00704687499999999));
#10119=CARTESIAN_POINT('',(0.0034,-4.163799117101E-19,0.007));
#10120=CARTESIAN_POINT('',(0.00339999999999999,-0.00140832611206853,0.006953125));
#10121=CARTESIAN_POINT('',(0.00240416305603426,-0.00240416305603426,0.00690625));
#10122=CARTESIAN_POINT('',(0.00140832611206852,-0.00339999999999999,0.006859375));
#10123=CARTESIAN_POINT('',(-2.0818995585505E-19,-0.0034,0.0068125));
#10124=CARTESIAN_POINT('',(-0.00140832611206853,-0.00339999999999999,0.00676562499999999));
#10125=CARTESIAN_POINT('',(-0.00240416305603426,-0.00240416305603426,0.00671875));
#10126=CARTESIAN_POINT('',(-0.00339999999999999,-0.00140832611206853,0.006671875));
#10127=CARTESIAN_POINT('',(-0.0034,8.327598234202E-19,0.006625));
#10128=CARTESIAN_POINT('',(-0.00339999999999999,0.00140832611206853,0.006578125));
#10129=CARTESIAN_POINT('',(-0.00240416305603426,0.00240416305603426,0.00653125));
#10130=CARTESIAN_POINT('',(-0.00140832611206853,0.00339999999999999,0.00648437499999999));
#10131=CARTESIAN_POINT('',(6.2456986756515E-19,0.0034,0.0064375));
#10132=CARTESIAN_POINT('',(0.00140832611206853,0.00339999999999999,0.006390625));
#10133=CARTESIAN_POINT('',(0.00240416305603426,0.00240416305603426,0.00634375));
#10134=CARTESIAN_POINT('',(0.0034,0.00140832611206852,0.006296875));
#10135=CARTESIAN_POINT('',(0.0034,-4.163799117101E-19,0.00625));
#10136=CARTESIAN_POINT('',(0.00339999999999999,-0.00140832611206853,0.00620312499999999));
#10137=CARTESIAN_POINT('',(0.00240416305603426,-0.00240416305603426,0.00615625));
#10138=CARTESIAN_POINT('',(0.00140832611206852,-0.00339999999999999,0.006109375));
#10139=CARTESIAN_POINT('',(-2.0818995585505E-19,-0.0034,0.0060625));
#10140=CARTESIAN_POINT('',(-0.00140832611206853,-0.00339999999999999,0.006015625));
#10141=CARTESIAN_POINT('',(-0.00240416305603426,-0.00240416305603426,0.00596875));
#10142=CARTESIAN_POINT('',(-0.00339999999999999,-0.00140832611206853,0.005921875));
#10143=CARTESIAN_POINT('',(-0.0034,8.327598234202E-19,0.005875));
#10144=CARTESIAN_POINT('',(-0.00339999999999999,0.00140832611206853,0.00582812499999999));
#10145=CARTESIAN_POINT('',(-0.00240416305603426,0.00240416305603426,0.00578125));
#10146=CARTESIAN_POINT('',(-0.00140832611206853,0.00339999999999999,0.005734375));
#10147=CARTESIAN_POINT('',(6.2456986756515E-19,0.0034,0.0056875));
#10148=CARTESIAN_POINT('',(0.00140832611206853,0.00339999999999999,0.005640625));
#10149=CARTESIAN_POINT('',(0.00240416305603426,0.00240416305603426,0.00559375));
#10150=CARTESIAN_POINT('',(0.0034,0.00140832611206852,0.005546875));
#10151=CARTESIAN_POINT('',(0.0034,-4.163799117101E-19,0.0055));
#10152=CARTESIAN_POINT('',(0.00339999999999999,-0.00140832611206853,0.005453125));
#10153=CARTESIAN_POINT('',(0.00240416305603426,-0.00240416305603426,0.00540625));
#10154=CARTESIAN_POINT('',(0.00140832611206852,-0.00339999999999999,0.005359375));
#10155=CARTESIAN_POINT('',(-2.0818995585505E-19,-0.0034,0.0053125));
#10156=CARTESIAN_POINT('',(-0.00140832611206853,-0.00339999999999999,0.00526562499999999));
#10157=CARTESIAN_POINT('',(-0.00240416305603426,-0.00240416305603426,0.00521875));
#10158=CARTESIAN_POINT('',(-0.00339999999999999,-0.00140832611206853,0.005171875));
#10159=CARTESIAN_POINT('',(-0.0034,8.327598234202E-19,0.005125));
#10160=CARTESIAN_POINT('',(-0.00339999999999999,0.00140832611206853,0.005078125));
#10161=CARTESIAN_POINT('',(-0.00240416305603426,0.00240416305603426,0.00503125));
#10162=CARTESIAN_POINT('',(-0.00140832611206853,0.00339999999999999,0.00498437499999999));
#10163=CARTESIAN_POINT('',(6.2456986756515E-19,0.0034,0.0049375));
#10164=CARTESIAN_POINT('',(0.00140832611206853,0.00339999999999999,0.004890625));
#10165=CARTESIAN_POINT('',(0.00240416305603426,0.00240416305603426,0.00484375));
#10166=CARTESIAN_POINT('',(0.0034,0.00140832611206852,0.004796875));
#10167=CARTESIAN_POINT('',(0.0034,-4.163799117101E-19,0.00475));
#10168=CARTESIAN_POINT('',(0.00339999999999999,-0.00140832611206853,0.00470312499999999));
#10169=CARTESIAN_POINT('',(0.00240416305603426,-0.00240416305603426,0.00465625));
#10170=CARTESIAN_POINT('',(0.00140832611206852,-0.00339999999999999,0.004609375));
#10171=CARTESIAN_POINT('',(-2.0818995585505E-19,-0.0034,0.0045625));
#10172=CARTESIAN_POINT('',(-0.00140832611206853,-0.00339999999999999,0.004515625));
#10173=CARTESIAN_POINT('',(-0.00240416305603426,-0.00240416305603426,0.00446875));
#10174=CARTESIAN_POINT('',(-0.00339999999999999,-0.00140832611206853,0.00442187499999999));
#10175=CARTESIAN_POINT('',(-0.0034,8.327598234202E-19,0.004375));
#10176=CARTESIAN_POINT('',(-0.00339999999999999,0.00140832611206853,0.004328125));
#10177=CARTESIAN_POINT('',(-0.00240416305603426,0.00240416305603426,0.00428125));
#10178=CARTESIAN_POINT('',(-0.00140832611206853,0.00339999999999999,0.004234375));
#10179=CARTESIAN_POINT('',(6.2456986756515E-19,0.0034,0.0041875));
#10180=CARTESIAN_POINT('',(0.00140832611206853,0.00339999999999999,0.004140625));
#10181=CARTESIAN_POINT('',(0.00240416305603426,0.00240416305603426,0.00409375));
#10182=CARTESIAN_POINT('',(0.0034,0.00140832611206852,0.00404687499999999));
#10183=CARTESIAN_POINT('',(0.0034,-4.163799117101E-19,0.004));
#10184=CARTESIAN_POINT('',(0.00339999999999999,-0.00140832611206853,0.003953125));
#10185=CARTESIAN_POINT('',(0.00240416305603426,-0.00240416305603426,0.00390625));
#10186=CARTESIAN_POINT('',(0.00140832611206852,-0.00339999999999999,0.003859375));
#10187=CARTESIAN_POINT('',(-2.0818995585505E-19,-0.0034,0.0038125));
#10188=CARTESIAN_POINT('',(-0.00140832611206853,-0.00339999999999999,0.003765625));
#10189=CARTESIAN_POINT('',(-0.00240416305603426,-0.00240416305603426,0.00371875));
#10190=CARTESIAN_POINT('',(-0.00339999999999999,-0.00140832611206853,0.003671875));
#10191=CARTESIAN_POINT('',(-0.0034,8.327598234202E-19,0.003625));
#10192=CARTESIAN_POINT('',(-0.00339999999999999,0.00140832611206853,0.003578125));
#10193=CARTESIAN_POINT('',(-0.00240416305603426,0.00240416305603426,0.00353125));
#10194=CARTESIAN_POINT('',(-0.00140832611206853,0.00339999999999999,0.00348437499999999));
#10195=CARTESIAN_POINT('',(6.2456986756515E-19,0.0034,0.0034375));
#10196=CARTESIAN_POINT('',(0.00140832611206853,0.00339999999999999,0.003390625));
#10197=CARTESIAN_POINT('',(0.00240416305603426,0.00240416305603426,0.00334375));
#10198=CARTESIAN_POINT('',(0.0034,0.00140832611206852,0.003296875));
#10199=CARTESIAN_POINT('',(0.0034,-4.163799117101E-19,0.00325));
#10200=CARTESIAN_POINT('',(0.00339999999999999,-0.00140832611206853,0.00320312499999999));
#10201=CARTESIAN_POINT('',(0.00240416305603426,-0.00240416305603426,0.00315625));
#10202=CARTESIAN_POINT('',(0.00140832611206852,-0.00339999999999999,0.003109375));
#10203=CARTESIAN_POINT('',(-2.0818995585505E-19,-0.0034,0.0030625));
#10204=CARTESIAN_POINT('',(-0.00140832611206853,-0.00339999999999999,0.003015625));
#10205=CARTESIAN_POINT('',(-0.00240416305603426,-0.00240416305603426,0.00296875));
#10206=CARTESIAN_POINT('',(-0.00339999999999999,-0.00140832611206853,0.00292187499999999));
#10207=CARTESIAN_POINT('',(-0.0034,8.327598234202E-19,0.002875));
#10208=CARTESIAN_POINT('',(-0.0034,8.327598234202E-19,0.0032));
#10209=CARTESIAN_POINT('',(-0.0034,8.327598234202E-19,0.003525));
#10210=CARTESIAN_POINT('',(-0.0034,8.327598234202E-19,0.010275));
#10211=CARTESIAN_POINT('',(-0.00339999999999999,0.00140832611206853,0.010228125));
#10212=CARTESIAN_POINT('',(-0.00240416305603426,0.00240416305603426,0.01018125));
#10213=CARTESIAN_POINT('',(-0.00140832611206853,0.00339999999999999,0.010134375));
#10214=CARTESIAN_POINT('',(6.2456986756515E-19,0.0034,0.0100875));
#10215=CARTESIAN_POINT('',(0.00140832611206853,0.00339999999999999,0.010040625));
#10216=CARTESIAN_POINT('',(0.00240416305603426,0.00240416305603426,0.00999375));
#10217=CARTESIAN_POINT('',(0.0034,0.00140832611206852,0.009946875));
#10218=CARTESIAN_POINT('',(0.0034,-4.163799117101E-19,0.0099));
#10219=CARTESIAN_POINT('',(0.00339999999999999,-0.00140832611206853,0.009853125));
#10220=CARTESIAN_POINT('',(0.00240416305603426,-0.00240416305603426,0.00980625));
#10221=CARTESIAN_POINT('',(0.00140832611206852,-0.00339999999999999,0.009759375));
#10222=CARTESIAN_POINT('',(-2.0818995585505E-19,-0.0034,0.0097125));
#10223=CARTESIAN_POINT('',(-0.00140832611206853,-0.00339999999999999,0.009665625));
#10224=CARTESIAN_POINT('',(-0.00240416305603426,-0.00240416305603426,0.00961875));
#10225=CARTESIAN_POINT('',(-0.00339999999999999,-0.00140832611206853,0.00957187499999999));
#10226=CARTESIAN_POINT('',(-0.0034,8.327598234202E-19,0.009525));
#10227=CARTESIAN_POINT('',(-0.00339999999999999,0.00140832611206853,0.009478125));
#10228=CARTESIAN_POINT('',(-0.00240416305603426,0.00240416305603426,0.00943125));
#10229=CARTESIAN_POINT('',(-0.00140832611206853,0.00339999999999999,0.009384375));
#10230=CARTESIAN_POINT('',(6.2456986756515E-19,0.0034,0.0093375));
#10231=CARTESIAN_POINT('',(0.00140832611206853,0.00339999999999999,0.009290625));
#10232=CARTESIAN_POINT('',(0.00240416305603426,0.00240416305603426,0.00924375));
#10233=CARTESIAN_POINT('',(0.0034,0.00140832611206852,0.009196875));
#10234=CARTESIAN_POINT('',(0.0034,-4.163799117101E-19,0.00915));
#10235=CARTESIAN_POINT('',(0.00339999999999999,-0.00140832611206853,0.009103125));
#10236=CARTESIAN_POINT('',(0.00240416305603426,-0.00240416305603426,0.00905625));
#10237=CARTESIAN_POINT('',(0.00140832611206852,-0.00339999999999999,0.00900937499999999));
#10238=CARTESIAN_POINT('',(-2.0818995585505E-19,-0.0034,0.0089625));
#10239=CARTESIAN_POINT('',(-0.00140832611206853,-0.00339999999999999,0.008915625));
#10240=CARTESIAN_POINT('',(-0.00240416305603426,-0.00240416305603426,0.00886875));
#10241=CARTESIAN_POINT('',(-0.00339999999999999,-0.00140832611206853,0.008821875));
#10242=CARTESIAN_POINT('',(-0.0034,8.327598234202E-19,0.008775));
#10243=CARTESIAN_POINT('',(-0.00339999999999999,0.00140832611206853,0.00872812499999999));
#10244=CARTESIAN_POINT('',(-0.00240416305603426,0.00240416305603426,0.00868125));
#10245=CARTESIAN_POINT('',(-0.00140832611206853,0.00339999999999999,0.008634375));
#10246=CARTESIAN_POINT('',(6.2456986756515E-19,0.0034,0.0085875));
#10247=CARTESIAN_POINT('',(0.00140832611206853,0.00339999999999999,0.008540625));
#10248=CARTESIAN_POINT('',(0.00240416305603426,0.00240416305603426,0.00849375));
#10249=CARTESIAN_POINT('',(0.0034,0.00140832611206852,0.00844687499999999));
#10250=CARTESIAN_POINT('',(0.0034,-4.163799117101E-19,0.0084));
#10251=CARTESIAN_POINT('',(0.00339999999999999,-0.00140832611206853,0.008353125));
#10252=CARTESIAN_POINT('',(0.00240416305603426,-0.00240416305603426,0.00830625));
#10253=CARTESIAN_POINT('',(0.00140832611206852,-0.00339999999999999,0.008259375));
#10254=CARTESIAN_POINT('',(-2.0818995585505E-19,-0.0034,0.0082125));
#10255=CARTESIAN_POINT('',(-0.00140832611206853,-0.00339999999999999,0.008165625));
#10256=CARTESIAN_POINT('',(-0.00240416305603426,-0.00240416305603426,0.00811875));
#10257=CARTESIAN_POINT('',(-0.00339999999999999,-0.00140832611206853,0.008071875));
#10258=CARTESIAN_POINT('',(-0.0034,8.327598234202E-19,0.008025));
#10259=CARTESIAN_POINT('',(-0.00339999999999999,0.00140832611206853,0.007978125));
#10260=CARTESIAN_POINT('',(-0.00240416305603426,0.00240416305603426,0.00793125));
#10261=CARTESIAN_POINT('',(-0.00140832611206853,0.00339999999999999,0.007884375));
#10262=CARTESIAN_POINT('',(6.2456986756515E-19,0.0034,0.0078375));
#10263=CARTESIAN_POINT('',(0.00140832611206853,0.00339999999999999,0.00779062499999999));
#10264=CARTESIAN_POINT('',(0.00240416305603426,0.00240416305603426,0.00774375));
#10265=CARTESIAN_POINT('',(0.0034,0.00140832611206852,0.007696875));
#10266=CARTESIAN_POINT('',(0.0034,-4.163799117101E-19,0.00765));
#10267=CARTESIAN_POINT('',(0.00339999999999999,-0.00140832611206853,0.007603125));
#10268=CARTESIAN_POINT('',(0.00240416305603426,-0.00240416305603426,0.00755625));
#10269=CARTESIAN_POINT('',(0.00140832611206852,-0.00339999999999999,0.00750937499999999));
#10270=CARTESIAN_POINT('',(-2.0818995585505E-19,-0.0034,0.0074625));
#10271=CARTESIAN_POINT('',(-0.00140832611206853,-0.00339999999999999,0.007415625));
#10272=CARTESIAN_POINT('',(-0.00240416305603426,-0.00240416305603426,0.00736875));
#10273=CARTESIAN_POINT('',(-0.00339999999999999,-0.00140832611206853,0.007321875));
#10274=CARTESIAN_POINT('',(-0.0034,8.327598234202E-19,0.007275));
#10275=CARTESIAN_POINT('',(-0.00339999999999999,0.00140832611206853,0.00722812499999999));
#10276=CARTESIAN_POINT('',(-0.00240416305603426,0.00240416305603426,0.00718125));
#10277=CARTESIAN_POINT('',(-0.00140832611206853,0.00339999999999999,0.007134375));
#10278=CARTESIAN_POINT('',(6.2456986756515E-19,0.0034,0.0070875));
#10279=CARTESIAN_POINT('',(0.00140832611206853,0.00339999999999999,0.007040625));
#10280=CARTESIAN_POINT('',(0.00240416305603426,0.00240416305603426,0.00699375));
#10281=CARTESIAN_POINT('',(0.0034,0.00140832611206852,0.00694687499999999));
#10282=CARTESIAN_POINT('',(0.0034,-4.163799117101E-19,0.0069));
#10283=CARTESIAN_POINT('',(0.00339999999999999,-0.00140832611206853,0.006853125));
#10284=CARTESIAN_POINT('',(0.00240416305603426,-0.00240416305603426,0.00680625));
#10285=CARTESIAN_POINT('',(0.00140832611206852,-0.00339999999999999,0.006759375));
#10286=CARTESIAN_POINT('',(-2.0818995585505E-19,-0.0034,0.0067125));
#10287=CARTESIAN_POINT('',(-0.00140832611206853,-0.00339999999999999,0.006665625));
#10288=CARTESIAN_POINT('',(-0.00240416305603426,-0.00240416305603426,0.00661875));
#10289=CARTESIAN_POINT('',(-0.00339999999999999,-0.00140832611206853,0.006571875));
#10290=CARTESIAN_POINT('',(-0.0034,8.327598234202E-19,0.006525));
#10291=CARTESIAN_POINT('',(-0.00339999999999999,0.00140832611206853,0.006478125));
#10292=CARTESIAN_POINT('',(-0.00240416305603426,0.00240416305603426,0.00643125));
#10293=CARTESIAN_POINT('',(-0.00140832611206853,0.00339999999999999,0.006384375));
#10294=CARTESIAN_POINT('',(6.2456986756515E-19,0.0034,0.0063375));
#10295=CARTESIAN_POINT('',(0.00140832611206853,0.00339999999999999,0.006290625));
#10296=CARTESIAN_POINT('',(0.00240416305603426,0.00240416305603426,0.00624375));
#10297=CARTESIAN_POINT('',(0.0034,0.00140832611206852,0.006196875));
#10298=CARTESIAN_POINT('',(0.0034,-4.163799117101E-19,0.00615));
#10299=CARTESIAN_POINT('',(0.00339999999999999,-0.00140832611206853,0.006103125));
#10300=CARTESIAN_POINT('',(0.00240416305603426,-0.00240416305603426,0.00605625));
#10301=CARTESIAN_POINT('',(0.00140832611206852,-0.00339999999999999,0.00600937499999999));
#10302=CARTESIAN_POINT('',(-2.0818995585505E-19,-0.0034,0.0059625));
#10303=CARTESIAN_POINT('',(-0.00140832611206853,-0.00339999999999999,0.005915625));
#10304=CARTESIAN_POINT('',(-0.00240416305603426,-0.00240416305603426,0.00586875));
#10305=CARTESIAN_POINT('',(-0.00339999999999999,-0.00140832611206853,0.005821875));
#10306=CARTESIAN_POINT('',(-0.0034,8.327598234202E-19,0.005775));
#10307=CARTESIAN_POINT('',(-0.00339999999999999,0.00140832611206853,0.00572812499999999));
#10308=CARTESIAN_POINT('',(-0.00240416305603426,0.00240416305603426,0.00568125));
#10309=CARTESIAN_POINT('',(-0.00140832611206853,0.00339999999999999,0.005634375));
#10310=CARTESIAN_POINT('',(6.2456986756515E-19,0.0034,0.0055875));
#10311=CARTESIAN_POINT('',(0.00140832611206853,0.00339999999999999,0.005540625));
#10312=CARTESIAN_POINT('',(0.00240416305603426,0.00240416305603426,0.00549375));
#10313=CARTESIAN_POINT('',(0.0034,0.00140832611206852,0.005446875));
#10314=CARTESIAN_POINT('',(0.0034,-4.163799117101E-19,0.0054));
#10315=CARTESIAN_POINT('',(0.00339999999999999,-0.00140832611206853,0.005353125));
#10316=CARTESIAN_POINT('',(0.00240416305603426,-0.00240416305603426,0.00530625));
#10317=CARTESIAN_POINT('',(0.00140832611206852,-0.00339999999999999,0.005259375));
#10318=CARTESIAN_POINT('',(-2.0818995585505E-19,-0.0034,0.0052125));
#10319=CARTESIAN_POINT('',(-0.00140832611206853,-0.00339999999999999,0.005165625));
#10320=CARTESIAN_POINT('',(-0.00240416305603426,-0.00240416305603426,0.00511875));
#10321=CARTESIAN_POINT('',(-0.00339999999999999,-0.00140832611206853,0.005071875));
#10322=CARTESIAN_POINT('',(-0.0034,8.327598234202E-19,0.005025));
#10323=CARTESIAN_POINT('',(-0.00339999999999999,0.00140832611206853,0.004978125));
#10324=CARTESIAN_POINT('',(-0.00240416305603426,0.00240416305603426,0.00493125));
#10325=CARTESIAN_POINT('',(-0.00140832611206853,0.00339999999999999,0.004884375));
#10326=CARTESIAN_POINT('',(6.2456986756515E-19,0.0034,0.0048375));
#10327=CARTESIAN_POINT('',(0.00140832611206853,0.00339999999999999,0.004790625));
#10328=CARTESIAN_POINT('',(0.00240416305603426,0.00240416305603426,0.00474375));
#10329=CARTESIAN_POINT('',(0.0034,0.00140832611206852,0.004696875));
#10330=CARTESIAN_POINT('',(0.0034,-4.163799117101E-19,0.00465));
#10331=CARTESIAN_POINT('',(0.00339999999999999,-0.00140832611206853,0.004603125));
#10332=CARTESIAN_POINT('',(0.00240416305603426,-0.00240416305603426,0.00455625));
#10333=CARTESIAN_POINT('',(0.00140832611206852,-0.00339999999999999,0.004509375));
#10334=CARTESIAN_POINT('',(-2.0818995585505E-19,-0.0034,0.0044625));
#10335=CARTESIAN_POINT('',(-0.00140832611206853,-0.00339999999999999,0.004415625));
#10336=CARTESIAN_POINT('',(-0.00240416305603426,-0.00240416305603426,0.00436875));
#10337=CARTESIAN_POINT('',(-0.00339999999999999,-0.00140832611206853,0.004321875));
#10338=CARTESIAN_POINT('',(-0.0034,8.327598234202E-19,0.004275));
#10339=CARTESIAN_POINT('',(-0.00339999999999999,0.00140832611206853,0.00422812499999999));
#10340=CARTESIAN_POINT('',(-0.00240416305603426,0.00240416305603426,0.00418125));
#10341=CARTESIAN_POINT('',(-0.00140832611206853,0.00339999999999999,0.004134375));
#10342=CARTESIAN_POINT('',(6.2456986756515E-19,0.0034,0.0040875));
#10343=CARTESIAN_POINT('',(0.00140832611206853,0.00339999999999999,0.004040625));
#10344=CARTESIAN_POINT('',(0.00240416305603426,0.00240416305603426,0.00399375));
#10345=CARTESIAN_POINT('',(0.0034,0.00140832611206852,0.00394687500000001));
#10346=CARTESIAN_POINT('',(0.0034,-4.163799117101E-19,0.0039));
#10347=CARTESIAN_POINT('',(0.00339999999999999,-0.00140832611206853,0.003853125));
#10348=CARTESIAN_POINT('',(0.00240416305603426,-0.00240416305603426,0.00380625));
#10349=CARTESIAN_POINT('',(0.00140832611206852,-0.00339999999999999,0.003759375));
#10350=CARTESIAN_POINT('',(-2.0818995585505E-19,-0.0034,0.0037125));
#10351=CARTESIAN_POINT('',(-0.00140832611206853,-0.00339999999999999,0.003665625));
#10352=CARTESIAN_POINT('',(-0.00240416305603426,-0.00240416305603426,0.00361875));
#10353=CARTESIAN_POINT('',(-0.00339999999999999,-0.00140832611206853,0.003571875));
#10354=CARTESIAN_POINT('',(-0.0034,8.327598234202E-19,0.003525));
#10355=CARTESIAN_POINT('',(0.,0.,0.0227));
#10356=CARTESIAN_POINT('',(0.,0.,0.0227));
#10357=CARTESIAN_POINT('',(0.,0.,-0.0052));
#10358=CARTESIAN_POINT('',(-0.00565,-0.0051,-2.15531259485646E-18));
#10359=CARTESIAN_POINT('',(-0.00565,-0.0051,-0.0024));
#10360=CARTESIAN_POINT('',(-0.00565,-0.0051,-0.0024));
#10361=CARTESIAN_POINT('',(-0.00565,-0.0051,-2.15531259485646E-18));
#10362=CARTESIAN_POINT('',(0.00565,-0.0051,1.30431461273482E-18));
#10363=CARTESIAN_POINT('',(0.00565,-0.0051,1.30431461273482E-18));
#10364=CARTESIAN_POINT('',(0.00565,-0.0051,-0.0024));
#10365=CARTESIAN_POINT('',(0.00565,-0.0051,-0.0024));
#10366=CARTESIAN_POINT('',(-0.00565,-0.0051,-0.0024));
#10367=CARTESIAN_POINT('',(-0.00565,-0.0051,-0.0024));
#10368=CARTESIAN_POINT('',(0.,-0.0051,0.));
#10369=CARTESIAN_POINT('',(-0.00175,-0.0086,-0.0004));
#10370=CARTESIAN_POINT('',(-0.00175,-0.0086,-0.0004));
#10371=CARTESIAN_POINT('',(-0.00175,-0.0086,-0.0004));
#10372=CARTESIAN_POINT('',(-0.00175,-0.0086,-0.0004));
#10373=CARTESIAN_POINT('',(-0.00175,-0.01275,-0.0004));
#10374=CARTESIAN_POINT('',(-0.00175,-0.01275,-0.0004));
#10375=CARTESIAN_POINT('',(4.33680868994202E-19,-0.0086,-0.0004));
#10376=CARTESIAN_POINT('',(0.00175,-0.0086,-0.0004));
#10377=CARTESIAN_POINT('',(0.00175,-0.0086,-0.0004));
#10378=CARTESIAN_POINT('',(4.33680868994202E-19,-0.0086,-0.0004));
#10379=CARTESIAN_POINT('',(0.00175,-0.0086,-0.0004));
#10380=CARTESIAN_POINT('',(0.00175,-0.01275,-0.0004));
#10381=CARTESIAN_POINT('',(0.00175,-0.01275,-0.0004));
#10382=CARTESIAN_POINT('',(0.00175,-0.0086,-0.0004));
#10383=CARTESIAN_POINT('',(0.00175,-0.01275,-0.0004));
#10384=CARTESIAN_POINT('',(0.00175,-0.01275,-0.0004));
#10385=CARTESIAN_POINT('',(-0.0005,-0.01275,-0.0004));
#10386=CARTESIAN_POINT('',(0.00175,-0.01275,-0.0004));
#10387=CARTESIAN_POINT('',(0.0005,-0.01275,-0.0004));
#10388=CARTESIAN_POINT('',(0.00175,-0.01275,-0.0004));
#10389=CARTESIAN_POINT('',(4.33680868994202E-19,-0.0086,-0.0004));
#10390=CARTESIAN_POINT('',(0.0005,-0.01215,-0.0004));
#10391=CARTESIAN_POINT('',(0.0005,-0.01215,-0.0004));
#10392=CARTESIAN_POINT('',(0.0005,-0.01215,-0.0004));
#10393=CARTESIAN_POINT('',(-0.0005,-0.01215,-0.0004));
#10394=CARTESIAN_POINT('',(-0.0005,-0.01215,-0.0004));
#10395=CARTESIAN_POINT('',(-0.00065,-0.01035,-0.0004));
#10396=CARTESIAN_POINT('',(-0.00065,-0.01175,-0.0004));
#10397=CARTESIAN_POINT('',(-0.00065,-0.01035,-0.0004));
#10398=CARTESIAN_POINT('',(0.00065,-0.01175,-0.0004));
#10399=CARTESIAN_POINT('',(0.00065,-0.01175,-0.0004));
#10400=CARTESIAN_POINT('',(0.00065,-0.01035,-0.0004));
#10401=CARTESIAN_POINT('',(0.00065,-0.01035,-0.0004));
#10402=CARTESIAN_POINT('',(0.00065,-0.01035,-0.0004));
#10403=CARTESIAN_POINT('',(4.33680868994202E-19,-0.0086,-0.0004));
#10404=CARTESIAN_POINT('',(-0.00045,-0.0086,-0.0004));
#10405=CARTESIAN_POINT('',(0.00315,-0.0086,-0.0004));
#10406=CARTESIAN_POINT('',(0.00315,-0.0086,-0.0004));
#10407=CARTESIAN_POINT('',(0.00315,-0.0086,-0.0004));
#10408=CARTESIAN_POINT('',(0.00315,-0.0086,-0.0004));
#10409=CARTESIAN_POINT('',(0.00315,-0.01275,-0.0004));
#10410=CARTESIAN_POINT('',(0.00315,-0.01275,-0.0004));
#10411=CARTESIAN_POINT('',(0.0049,-0.0086,-0.0004));
#10412=CARTESIAN_POINT('',(0.00665,-0.0086,-0.0004));
#10413=CARTESIAN_POINT('',(0.00665,-0.0086,-0.0004));
#10414=CARTESIAN_POINT('',(0.0049,-0.0086,-0.0004));
#10415=CARTESIAN_POINT('',(0.00665,-0.0086,-0.0004));
#10416=CARTESIAN_POINT('',(0.00665,-0.01275,-0.0004));
#10417=CARTESIAN_POINT('',(0.00665,-0.01275,-0.0004));
#10418=CARTESIAN_POINT('',(0.00665,-0.0086,-0.0004));
#10419=CARTESIAN_POINT('',(0.00665,-0.01275,-0.0004));
#10420=CARTESIAN_POINT('',(0.00665,-0.01275,-0.0004));
#10421=CARTESIAN_POINT('',(0.0044,-0.01275,-0.0004));
#10422=CARTESIAN_POINT('',(0.00665,-0.01275,-0.0004));
#10423=CARTESIAN_POINT('',(0.0054,-0.01275,-0.0004));
#10424=CARTESIAN_POINT('',(0.00665,-0.01275,-0.0004));
#10425=CARTESIAN_POINT('',(0.0049,-0.0086,-0.0004));
#10426=CARTESIAN_POINT('',(0.0054,-0.01215,-0.0004));
#10427=CARTESIAN_POINT('',(0.0054,-0.01215,-0.0004));
#10428=CARTESIAN_POINT('',(0.0054,-0.01215,-0.0004));
#10429=CARTESIAN_POINT('',(0.0044,-0.01215,-0.0004));
#10430=CARTESIAN_POINT('',(0.0044,-0.01215,-0.0004));
#10431=CARTESIAN_POINT('',(0.00425,-0.01035,-0.0004));
#10432=CARTESIAN_POINT('',(0.00425,-0.01175,-0.0004));
#10433=CARTESIAN_POINT('',(0.00425,-0.01035,-0.0004));
#10434=CARTESIAN_POINT('',(0.00555,-0.01175,-0.0004));
#10435=CARTESIAN_POINT('',(0.00555,-0.01175,-0.0004));
#10436=CARTESIAN_POINT('',(0.00555,-0.01035,-0.0004));
#10437=CARTESIAN_POINT('',(0.00555,-0.01035,-0.0004));
#10438=CARTESIAN_POINT('',(0.00555,-0.01035,-0.0004));
#10439=CARTESIAN_POINT('',(0.0049,-0.0086,-0.0004));
#10440=CARTESIAN_POINT('',(0.00445,-0.0086,-0.0004));
#10441=CARTESIAN_POINT('',(-0.00665,-0.0086,-0.0004));
#10442=CARTESIAN_POINT('',(-0.00665,-0.0086,-0.0004));
#10443=CARTESIAN_POINT('',(-0.00665,-0.0086,-0.0004));
#10444=CARTESIAN_POINT('',(-0.00665,-0.0086,-0.0004));
#10445=CARTESIAN_POINT('',(-0.00665,-0.01275,-0.0004));
#10446=CARTESIAN_POINT('',(-0.00665,-0.01275,-0.0004));
#10447=CARTESIAN_POINT('',(-0.0049,-0.0086,-0.0004));
#10448=CARTESIAN_POINT('',(-0.00315,-0.0086,-0.0004));
#10449=CARTESIAN_POINT('',(-0.00315,-0.0086,-0.0004));
#10450=CARTESIAN_POINT('',(-0.0049,-0.0086,-0.0004));
#10451=CARTESIAN_POINT('',(-0.00315,-0.0086,-0.0004));
#10452=CARTESIAN_POINT('',(-0.00315,-0.01275,-0.0004));
#10453=CARTESIAN_POINT('',(-0.00315,-0.01275,-0.0004));
#10454=CARTESIAN_POINT('',(-0.00315,-0.0086,-0.0004));
#10455=CARTESIAN_POINT('',(-0.00315,-0.01275,-0.0004));
#10456=CARTESIAN_POINT('',(-0.00315,-0.01275,-0.0004));
#10457=CARTESIAN_POINT('',(-0.0054,-0.01275,-0.0004));
#10458=CARTESIAN_POINT('',(-0.00315,-0.01275,-0.0004));
#10459=CARTESIAN_POINT('',(-0.0044,-0.01275,-0.0004));
#10460=CARTESIAN_POINT('',(-0.00315,-0.01275,-0.0004));
#10461=CARTESIAN_POINT('',(-0.0049,-0.0086,-0.0004));
#10462=CARTESIAN_POINT('',(-0.0044,-0.01215,-0.0004));
#10463=CARTESIAN_POINT('',(-0.0044,-0.01215,-0.0004));
#10464=CARTESIAN_POINT('',(-0.0044,-0.01215,-0.0004));
#10465=CARTESIAN_POINT('',(-0.0054,-0.01215,-0.0004));
#10466=CARTESIAN_POINT('',(-0.0054,-0.01215,-0.0004));
#10467=CARTESIAN_POINT('',(-0.00555,-0.01035,-0.0004));
#10468=CARTESIAN_POINT('',(-0.00555,-0.01175,-0.0004));
#10469=CARTESIAN_POINT('',(-0.00555,-0.01035,-0.0004));
#10470=CARTESIAN_POINT('',(-0.00425,-0.01175,-0.0004));
#10471=CARTESIAN_POINT('',(-0.00425,-0.01175,-0.0004));
#10472=CARTESIAN_POINT('',(-0.00425,-0.01035,-0.0004));
#10473=CARTESIAN_POINT('',(-0.00425,-0.01035,-0.0004));
#10474=CARTESIAN_POINT('',(-0.00425,-0.01035,-0.0004));
#10475=CARTESIAN_POINT('',(-0.0049,-0.0086,-0.0004));
#10476=CARTESIAN_POINT('',(-0.00535,-0.0086,-0.0004));
#10477=CARTESIAN_POINT('',(0.0049,-0.0086,0.022701));
#10478=CARTESIAN_POINT('',(0.0049,-0.0086,0.00095));
#10479=CARTESIAN_POINT('',(0.00535,-0.0086,0.00095));
#10480=CARTESIAN_POINT('',(4.33680868994202E-19,-0.0086,0.022701));
#10481=CARTESIAN_POINT('',(4.33680868994202E-19,-0.0086,0.00095));
#10482=CARTESIAN_POINT('',(0.00045,-0.0086,0.00095));
#10483=CARTESIAN_POINT('',(-0.0049,-0.0086,0.022701));
#10484=CARTESIAN_POINT('',(-0.0049,-0.0086,0.00095));
#10485=CARTESIAN_POINT('',(-0.00445,-0.0086,0.00095));
#10486=CARTESIAN_POINT('',(0.00555,-0.01035,0.00164012194668567));
#10487=CARTESIAN_POINT('',(0.00555,-0.01035,0.));
#10488=CARTESIAN_POINT('',(0.00555,-0.01035,0.));
#10489=CARTESIAN_POINT('',(0.00555,-0.01035,0.00164012194668567));
#10490=CARTESIAN_POINT('',(0.00555,-0.01175,0.));
#10491=CARTESIAN_POINT('',(0.00555,-0.01035,0.00164012194668567));
#10492=CARTESIAN_POINT('',(0.00555,-0.01035,0.));
#10493=CARTESIAN_POINT('',(0.00425,-0.01035,0.));
#10494=CARTESIAN_POINT('',(0.00425,-0.01035,0.00164012194668567));
#10495=CARTESIAN_POINT('',(0.00425,-0.01035,0.00164012194668567));
#10496=CARTESIAN_POINT('',(0.00425,-0.01035,0.));
#10497=CARTESIAN_POINT('',(0.00425,-0.01175,0.));
#10498=CARTESIAN_POINT('',(0.00555,-0.01135,0.00164012194668567));
#10499=CARTESIAN_POINT('',(0.00555,-0.01135,0.00256014705087354));
#10500=CARTESIAN_POINT('',(0.00555,-0.01135,0.0012));
#10501=CARTESIAN_POINT('',(0.00425,-0.01135,0.));
#10502=CARTESIAN_POINT('',(0.00425,-0.01135,0.00256014705087354));
#10503=CARTESIAN_POINT('',(0.00425,-0.01135,0.0012));
#10504=CARTESIAN_POINT('',(0.00425,-0.01135,0.0012));
#10505=CARTESIAN_POINT('',(0.0049,-0.0086,0.));
#10506=CARTESIAN_POINT('',(0.00415,-0.01075,0.));
#10507=CARTESIAN_POINT('',(0.00065,-0.01035,0.00164012194668567));
#10508=CARTESIAN_POINT('',(0.00065,-0.01035,0.));
#10509=CARTESIAN_POINT('',(0.00065,-0.01035,0.));
#10510=CARTESIAN_POINT('',(0.00065,-0.01035,0.00164012194668567));
#10511=CARTESIAN_POINT('',(0.00065,-0.01175,0.));
#10512=CARTESIAN_POINT('',(0.00065,-0.01035,0.00164012194668567));
#10513=CARTESIAN_POINT('',(0.00065,-0.01035,0.));
#10514=CARTESIAN_POINT('',(-0.00065,-0.01035,0.));
#10515=CARTESIAN_POINT('',(-0.00065,-0.01035,0.00164012194668567));
#10516=CARTESIAN_POINT('',(-0.00065,-0.01035,0.00164012194668567));
#10517=CARTESIAN_POINT('',(-0.00065,-0.01035,0.));
#10518=CARTESIAN_POINT('',(-0.00065,-0.01175,0.));
#10519=CARTESIAN_POINT('',(0.00065,-0.01135,0.00164012194668567));
#10520=CARTESIAN_POINT('',(0.00065,-0.01135,0.00256014705087354));
#10521=CARTESIAN_POINT('',(0.00065,-0.01135,0.0012));
#10522=CARTESIAN_POINT('',(-0.00065,-0.01135,0.));
#10523=CARTESIAN_POINT('',(-0.00065,-0.01135,0.00256014705087354));
#10524=CARTESIAN_POINT('',(-0.00065,-0.01135,0.0012));
#10525=CARTESIAN_POINT('',(-0.00065,-0.01135,0.0012));
#10526=CARTESIAN_POINT('',(0.0049,-0.0086,0.));
#10527=CARTESIAN_POINT('',(-0.00075,-0.01075,0.));
#10528=CARTESIAN_POINT('',(-0.00425,-0.01035,0.00164012194668567));
#10529=CARTESIAN_POINT('',(-0.00425,-0.01035,0.));
#10530=CARTESIAN_POINT('',(-0.00425,-0.01035,0.));
#10531=CARTESIAN_POINT('',(-0.00425,-0.01035,0.00164012194668567));
#10532=CARTESIAN_POINT('',(-0.00425,-0.01175,0.));
#10533=CARTESIAN_POINT('',(-0.00425,-0.01035,0.00164012194668567));
#10534=CARTESIAN_POINT('',(-0.00425,-0.01035,0.));
#10535=CARTESIAN_POINT('',(-0.00555,-0.01035,0.));
#10536=CARTESIAN_POINT('',(-0.00555,-0.01035,0.00164012194668567));
#10537=CARTESIAN_POINT('',(-0.00555,-0.01035,0.00164012194668567));
#10538=CARTESIAN_POINT('',(-0.00555,-0.01035,0.));
#10539=CARTESIAN_POINT('',(-0.00555,-0.01175,0.));
#10540=CARTESIAN_POINT('',(-0.00425,-0.01135,0.00164012194668567));
#10541=CARTESIAN_POINT('',(-0.00425,-0.01135,0.00256014705087354));
#10542=CARTESIAN_POINT('',(-0.00425,-0.01135,0.0012));
#10543=CARTESIAN_POINT('',(-0.00555,-0.01135,0.));
#10544=CARTESIAN_POINT('',(-0.00555,-0.01135,0.00256014705087354));
#10545=CARTESIAN_POINT('',(-0.00555,-0.01135,0.0012));
#10546=CARTESIAN_POINT('',(-0.00555,-0.01135,0.0012));
#10547=CARTESIAN_POINT('',(0.0049,-0.0086,0.));
#10548=CARTESIAN_POINT('',(-0.00565,-0.01075,0.));
#10549=CARTESIAN_POINT('',(0.,0.,-0.0004));
#10550=CARTESIAN_POINT('',(0.0054,-0.01675,-0.0004));
#10551=CARTESIAN_POINT('',(0.00515,-0.01675,-0.0004));
#10552=CARTESIAN_POINT('',(0.00465,-0.01675,-0.0004));
#10553=CARTESIAN_POINT('',(0.00515,-0.01675,-0.0004));
#10554=CARTESIAN_POINT('',(0.0054,-0.0158169872981078,-0.0004));
#10555=CARTESIAN_POINT('',(0.0054,-0.01215,-0.0004));
#10556=CARTESIAN_POINT('',(0.0044,-0.01215,-0.0004));
#10557=CARTESIAN_POINT('',(0.0044,-0.0158169872981078,-0.0004));
#10558=CARTESIAN_POINT('',(0.0044,-0.0158169872981078,-0.0004));
#10559=CARTESIAN_POINT('',(0.0054,-0.01215,-0.0008));
#10560=CARTESIAN_POINT('',(0.0054,-0.01215,-0.0008));
#10561=CARTESIAN_POINT('',(0.0054,-0.01255,-0.0008));
#10562=CARTESIAN_POINT('',(0.0054,-0.0158169872981078,-0.0008));
#10563=CARTESIAN_POINT('',(0.0054,-0.01255,-0.0004));
#10564=CARTESIAN_POINT('',(0.0054,-0.0158169872981078,-0.0008));
#10565=CARTESIAN_POINT('',(0.0054,-0.01675,-0.0008));
#10566=CARTESIAN_POINT('',(0.0054,-0.01675,-0.0008));
#10567=CARTESIAN_POINT('',(0.00515,-0.01675,-0.0008));
#10568=CARTESIAN_POINT('',(0.00465,-0.01675,-0.0008));
#10569=CARTESIAN_POINT('',(0.00515,-0.01675,-0.0008));
#10570=CARTESIAN_POINT('',(0.00465,-0.01675,-0.0008));
#10571=CARTESIAN_POINT('',(0.0044,-0.01215,-0.0008));
#10572=CARTESIAN_POINT('',(0.0044,-0.01255,-0.0004));
#10573=CARTESIAN_POINT('',(0.0044,-0.01255,-0.0008));
#10574=CARTESIAN_POINT('',(0.0044,-0.01215,-0.0008));
#10575=CARTESIAN_POINT('',(0.0044,-0.0158169872981078,-0.0008));
#10576=CARTESIAN_POINT('',(0.0044,-0.0158169872981078,-0.0008));
#10577=CARTESIAN_POINT('',(0.,0.,-0.0008));
#10578=CARTESIAN_POINT('',(0.0054,-0.01255,-0.0008));
#10579=CARTESIAN_POINT('',(0.0089925154147449,-0.0024095372433053,-0.0008));
#10580=CARTESIAN_POINT('',(0.00015100906379886,4.04627566946841E-5,-0.0008));
#10581=CARTESIAN_POINT('',(0.,0.,-0.0004));
#10582=CARTESIAN_POINT('',(0.0005,-0.01675,-0.0004));
#10583=CARTESIAN_POINT('',(0.000249999999999997,-0.01675,-0.0004));
#10584=CARTESIAN_POINT('',(-0.00025,-0.01675,-0.0004));
#10585=CARTESIAN_POINT('',(0.000249999999999997,-0.01675,-0.0004));
#10586=CARTESIAN_POINT('',(0.0005,-0.0158169872981078,-0.0004));
#10587=CARTESIAN_POINT('',(0.0005,-0.01215,-0.0004));
#10588=CARTESIAN_POINT('',(-0.0005,-0.01215,-0.0004));
#10589=CARTESIAN_POINT('',(-0.0005,-0.0158169872981078,-0.0004));
#10590=CARTESIAN_POINT('',(-0.0005,-0.0158169872981078,-0.0004));
#10591=CARTESIAN_POINT('',(0.0005,-0.01215,-0.0008));
#10592=CARTESIAN_POINT('',(0.0005,-0.01215,-0.0008));
#10593=CARTESIAN_POINT('',(0.0005,-0.01255,-0.0008));
#10594=CARTESIAN_POINT('',(0.0005,-0.0158169872981078,-0.0008));
#10595=CARTESIAN_POINT('',(0.0005,-0.01255,-0.0004));
#10596=CARTESIAN_POINT('',(0.0005,-0.0158169872981078,-0.0008));
#10597=CARTESIAN_POINT('',(0.0005,-0.01675,-0.0008));
#10598=CARTESIAN_POINT('',(0.0005,-0.01675,-0.0008));
#10599=CARTESIAN_POINT('',(0.000249999999999997,-0.01675,-0.0008));
#10600=CARTESIAN_POINT('',(-0.00025,-0.01675,-0.0008));
#10601=CARTESIAN_POINT('',(0.000249999999999997,-0.01675,-0.0008));
#10602=CARTESIAN_POINT('',(-0.00025,-0.01675,-0.0008));
#10603=CARTESIAN_POINT('',(-0.0005,-0.01215,-0.0008));
#10604=CARTESIAN_POINT('',(-0.0005,-0.01255,-0.0004));
#10605=CARTESIAN_POINT('',(-0.0005,-0.01255,-0.0008));
#10606=CARTESIAN_POINT('',(-0.0005,-0.01215,-0.0008));
#10607=CARTESIAN_POINT('',(-0.0005,-0.0158169872981078,-0.0008));
#10608=CARTESIAN_POINT('',(-0.0005,-0.0158169872981078,-0.0008));
#10609=CARTESIAN_POINT('',(0.,0.,-0.0008));
#10610=CARTESIAN_POINT('',(0.0005,-0.01255,-0.0008));
#10611=CARTESIAN_POINT('',(0.00442075317547302,-0.0011845372433053,-0.0008));
#10612=CARTESIAN_POINT('',(-0.00442075317547302,-0.00118453724330531,-0.0008));
#10613=CARTESIAN_POINT('',(0.,0.,-0.0004));
#10614=CARTESIAN_POINT('',(-0.0044,-0.01675,-0.0004));
#10615=CARTESIAN_POINT('',(-0.00465,-0.01675,-0.0004));
#10616=CARTESIAN_POINT('',(-0.00515,-0.01675,-0.0004));
#10617=CARTESIAN_POINT('',(-0.00465,-0.01675,-0.0004));
#10618=CARTESIAN_POINT('',(-0.0044,-0.0158169872981078,-0.0004));
#10619=CARTESIAN_POINT('',(-0.0044,-0.01215,-0.0004));
#10620=CARTESIAN_POINT('',(-0.0054,-0.01215,-0.0004));
#10621=CARTESIAN_POINT('',(-0.0054,-0.0158169872981078,-0.0004));
#10622=CARTESIAN_POINT('',(-0.0054,-0.0158169872981078,-0.0004));
#10623=CARTESIAN_POINT('',(-0.0044,-0.01215,-0.0008));
#10624=CARTESIAN_POINT('',(-0.0044,-0.01215,-0.0008));
#10625=CARTESIAN_POINT('',(-0.0044,-0.01255,-0.0008));
#10626=CARTESIAN_POINT('',(-0.0044,-0.0158169872981078,-0.0008));
#10627=CARTESIAN_POINT('',(-0.0044,-0.01255,-0.0004));
#10628=CARTESIAN_POINT('',(-0.0044,-0.0158169872981078,-0.0008));
#10629=CARTESIAN_POINT('',(-0.0044,-0.01675,-0.0008));
#10630=CARTESIAN_POINT('',(-0.0044,-0.01675,-0.0008));
#10631=CARTESIAN_POINT('',(-0.00465,-0.01675,-0.0008));
#10632=CARTESIAN_POINT('',(-0.00515,-0.01675,-0.0008));
#10633=CARTESIAN_POINT('',(-0.00465,-0.01675,-0.0008));
#10634=CARTESIAN_POINT('',(-0.00515,-0.01675,-0.0008));
#10635=CARTESIAN_POINT('',(-0.0054,-0.01215,-0.0008));
#10636=CARTESIAN_POINT('',(-0.0054,-0.01255,-0.0004));
#10637=CARTESIAN_POINT('',(-0.0054,-0.01255,-0.0008));
#10638=CARTESIAN_POINT('',(-0.0054,-0.01215,-0.0008));
#10639=CARTESIAN_POINT('',(-0.0054,-0.0158169872981078,-0.0008));
#10640=CARTESIAN_POINT('',(-0.0054,-0.0158169872981078,-0.0008));
#10641=CARTESIAN_POINT('',(0.,0.,-0.0008));
#10642=CARTESIAN_POINT('',(-0.0044,-0.01255,-0.0008));
#10643=CARTESIAN_POINT('',(-0.00015100906379886,4.04627566946839E-5,-0.0008));
#10644=CARTESIAN_POINT('',(-0.0089925154147449,-0.00240953724330529,-0.0008));
#10645=CARTESIAN_POINT('',(-0.00565,-0.01075,-0.00180277563773199));
#10646=CARTESIAN_POINT('',(-0.00565,-0.01075,-0.00180277563773199));
#10647=CARTESIAN_POINT('',(-0.00565,-0.01075,-0.00180277563773199));
#10648=CARTESIAN_POINT('',(-0.00415,-0.01075,-0.00180277563773199));
#10649=CARTESIAN_POINT('',(-0.00415,-0.01075,-0.00180277563773199));
#10650=CARTESIAN_POINT('',(-0.00075,-0.01175,-0.00180277563773199));
#10651=CARTESIAN_POINT('',(-0.00075,-0.01075,-0.00180277563773199));
#10652=CARTESIAN_POINT('',(-0.00075,-0.01075,-0.00180277563773199));
#10653=CARTESIAN_POINT('',(0.00075,-0.01075,-0.00180277563773199));
#10654=CARTESIAN_POINT('',(0.00075,-0.01175,-0.00180277563773199));
#10655=CARTESIAN_POINT('',(0.00415,-0.01175,-0.00180277563773199));
#10656=CARTESIAN_POINT('',(0.00415,-0.01075,-0.00180277563773199));
#10657=CARTESIAN_POINT('',(0.00415,-0.01075,-0.00180277563773199));
#10658=CARTESIAN_POINT('',(0.00565,-0.01075,-0.00180277563773199));
#10659=CARTESIAN_POINT('',(0.00565,-0.01175,-0.00180277563773199));
#10660=CARTESIAN_POINT('',(-0.0049,-0.0086,0.00135));
#10661=CARTESIAN_POINT('',(-0.0049,-0.0086,0.00135));
#10662=CARTESIAN_POINT('',(-0.00405,-0.0086,0.00135));
#10663=CARTESIAN_POINT('',(-0.0049,-0.0086,0.00135));
#10664=CARTESIAN_POINT('',(-0.00366224989991992,-0.0086,0.00135));
#10665=CARTESIAN_POINT('',(4.33680868994202E-19,-0.0086,0.00135));
#10666=CARTESIAN_POINT('',(4.33680868994202E-19,-0.0086,0.00135));
#10667=CARTESIAN_POINT('',(0.00085,-0.0086,0.00135));
#10668=CARTESIAN_POINT('',(4.33680868994202E-19,-0.0086,0.00135));
#10669=CARTESIAN_POINT('',(0.00123775010008008,-0.0086,0.00135));
#10670=CARTESIAN_POINT('',(0.0049,-0.0086,0.00135));
#10671=CARTESIAN_POINT('',(0.0049,-0.0086,0.00135));
#10672=CARTESIAN_POINT('',(0.00575,-0.0086,0.00135));
#10673=CARTESIAN_POINT('',(0.0049,-0.0086,0.00135));
#10674=CARTESIAN_POINT('',(0.00613775010008008,-0.0086,0.00135));
#10675=CARTESIAN_POINT('',(-0.00555,-0.01135,0.00256014705087354));
#10676=CARTESIAN_POINT('',(-0.00555,-0.01135,0.0012));
#10677=CARTESIAN_POINT('',(-0.00555,-0.01175,0.0012));
#10678=CARTESIAN_POINT('',(-0.00555,-0.01195,0.0002));
#10679=CARTESIAN_POINT('',(-0.00555,-0.01175,0.0002));
#10680=CARTESIAN_POINT('',(-0.00555,-0.01175,0.00256014705087354));
#10681=CARTESIAN_POINT('',(-0.00555,-0.01175,0.00256014705087354));
#10682=CARTESIAN_POINT('',(-0.00425,-0.01175,0.0002));
#10683=CARTESIAN_POINT('',(-0.00425,-0.01175,0.0002));
#10684=CARTESIAN_POINT('',(-0.00425,-0.01175,0.00256014705087354));
#10685=CARTESIAN_POINT('',(-0.00425,-0.01175,0.0012));
#10686=CARTESIAN_POINT('',(-0.00555,-0.01175,0.0012));
#10687=CARTESIAN_POINT('',(-0.00425,-0.01135,0.00256014705087354));
#10688=CARTESIAN_POINT('',(-0.00425,-0.01135,0.0012));
#10689=CARTESIAN_POINT('',(-0.00425,-0.01195,0.0002));
#10690=CARTESIAN_POINT('',(0.,0.,0.0012));
#10691=CARTESIAN_POINT('',(-0.00065,-0.01135,0.00256014705087354));
#10692=CARTESIAN_POINT('',(-0.00065,-0.01135,0.0012));
#10693=CARTESIAN_POINT('',(-0.00065,-0.01175,0.0012));
#10694=CARTESIAN_POINT('',(-0.00065,-0.01195,0.0002));
#10695=CARTESIAN_POINT('',(-0.00065,-0.01175,0.0002));
#10696=CARTESIAN_POINT('',(-0.00065,-0.01175,0.00256014705087354));
#10697=CARTESIAN_POINT('',(-0.00065,-0.01175,0.00256014705087354));
#10698=CARTESIAN_POINT('',(0.00065,-0.01175,0.0002));
#10699=CARTESIAN_POINT('',(0.00065,-0.01175,0.0002));
#10700=CARTESIAN_POINT('',(0.00065,-0.01175,0.00256014705087354));
#10701=CARTESIAN_POINT('',(0.00065,-0.01175,0.0012));
#10702=CARTESIAN_POINT('',(-0.00065,-0.01175,0.0012));
#10703=CARTESIAN_POINT('',(0.00065,-0.01135,0.00256014705087354));
#10704=CARTESIAN_POINT('',(0.00065,-0.01135,0.0012));
#10705=CARTESIAN_POINT('',(0.00065,-0.01195,0.0002));
#10706=CARTESIAN_POINT('',(0.,0.,0.0012));
#10707=CARTESIAN_POINT('',(0.00425,-0.01135,0.00256014705087354));
#10708=CARTESIAN_POINT('',(0.00425,-0.01135,0.0012));
#10709=CARTESIAN_POINT('',(0.00425,-0.01175,0.0012));
#10710=CARTESIAN_POINT('',(0.00425,-0.01195,0.0002));
#10711=CARTESIAN_POINT('',(0.00425,-0.01175,0.0002));
#10712=CARTESIAN_POINT('',(0.00425,-0.01175,0.00256014705087354));
#10713=CARTESIAN_POINT('',(0.00425,-0.01175,0.00256014705087354));
#10714=CARTESIAN_POINT('',(0.00555,-0.01175,0.0002));
#10715=CARTESIAN_POINT('',(0.00555,-0.01175,0.0002));
#10716=CARTESIAN_POINT('',(0.00555,-0.01175,0.00256014705087354));
#10717=CARTESIAN_POINT('',(0.00555,-0.01175,0.0012));
#10718=CARTESIAN_POINT('',(0.00425,-0.01175,0.0012));
#10719=CARTESIAN_POINT('',(0.00555,-0.01135,0.00256014705087354));
#10720=CARTESIAN_POINT('',(0.00555,-0.01135,0.0012));
#10721=CARTESIAN_POINT('',(0.00555,-0.01195,0.0002));
#10722=CARTESIAN_POINT('',(0.,0.,0.0012));
#10723=CARTESIAN_POINT('',(0.,0.,0.0104));
#10724=CARTESIAN_POINT('',(0.,0.,0.02195));
#10725=CARTESIAN_POINT('',(0.,0.,0.02195));
#10726=CARTESIAN_POINT('',(-0.0034,8.327598234202E-19,0.0032));
#10727=CARTESIAN_POINT('',(-0.0034,8.327598234202E-19,0.0032));
#10728=CARTESIAN_POINT('',(-0.0034,8.327598234202E-19,0.002875));
#10729=CARTESIAN_POINT('',(-0.0032,7.83773951454306E-19,0.0030375));
#10730=CARTESIAN_POINT('',(-0.003,7.34788079488412E-19,0.0032));
#10731=CARTESIAN_POINT('',(-0.0032,7.83773951454306E-19,0.0033625));
#10732=CARTESIAN_POINT('',(1.3010426069826E-18,-4.33680868994202E-19,0.00840535553248728));
#10733=CARTESIAN_POINT('',(-0.0034,8.327598234202E-19,0.009625));
#10734=CARTESIAN_POINT('',(-0.00339999999999999,0.00140832611206853,0.009578125));
#10735=CARTESIAN_POINT('',(-0.00240416305603426,0.00240416305603426,0.00953125));
#10736=CARTESIAN_POINT('',(-0.00140832611206853,0.00339999999999999,0.00948437499999999));
#10737=CARTESIAN_POINT('',(6.2456986756515E-19,0.0034,0.0094375));
#10738=CARTESIAN_POINT('',(0.00140832611206853,0.00339999999999999,0.00939062499999999));
#10739=CARTESIAN_POINT('',(0.00240416305603426,0.00240416305603426,0.00934375));
#10740=CARTESIAN_POINT('',(0.0034,0.00140832611206852,0.009296875));
#10741=CARTESIAN_POINT('',(0.0034,-4.163799117101E-19,0.00925));
#10742=CARTESIAN_POINT('',(0.00339999999999999,-0.00140832611206853,0.00920312499999999));
#10743=CARTESIAN_POINT('',(0.00240416305603426,-0.00240416305603426,0.00915625));
#10744=CARTESIAN_POINT('',(0.00140832611206852,-0.00339999999999999,0.00910937499999999));
#10745=CARTESIAN_POINT('',(-2.0818995585505E-19,-0.0034,0.0090625));
#10746=CARTESIAN_POINT('',(-0.00140832611206853,-0.00339999999999999,0.009015625));
#10747=CARTESIAN_POINT('',(-0.00240416305603426,-0.00240416305603426,0.00896875));
#10748=CARTESIAN_POINT('',(-0.00339999999999999,-0.00140832611206853,0.008921875));
#10749=CARTESIAN_POINT('',(-0.0034,8.327598234202E-19,0.008875));
#10750=CARTESIAN_POINT('',(-0.00339999999999999,0.00140832611206853,0.00882812499999999));
#10751=CARTESIAN_POINT('',(-0.00240416305603426,0.00240416305603426,0.00878125));
#10752=CARTESIAN_POINT('',(-0.00140832611206853,0.00339999999999999,0.008734375));
#10753=CARTESIAN_POINT('',(6.2456986756515E-19,0.0034,0.0086875));
#10754=CARTESIAN_POINT('',(0.00140832611206853,0.00339999999999999,0.008640625));
#10755=CARTESIAN_POINT('',(0.00240416305603426,0.00240416305603426,0.00859375));
#10756=CARTESIAN_POINT('',(0.0034,0.00140832611206852,0.00854687499999999));
#10757=CARTESIAN_POINT('',(0.0034,-4.163799117101E-19,0.0085));
#10758=CARTESIAN_POINT('',(0.00339999999999999,-0.00140832611206853,0.008453125));
#10759=CARTESIAN_POINT('',(0.00240416305603426,-0.00240416305603426,0.00840625));
#10760=CARTESIAN_POINT('',(0.00140832611206852,-0.00339999999999999,0.008359375));
#10761=CARTESIAN_POINT('',(-2.0818995585505E-19,-0.0034,0.0083125));
#10762=CARTESIAN_POINT('',(-0.00140832611206853,-0.00339999999999999,0.00826562499999999));
#10763=CARTESIAN_POINT('',(-0.00240416305603426,-0.00240416305603426,0.00821875));
#10764=CARTESIAN_POINT('',(-0.00339999999999999,-0.00140832611206853,0.008171875));
#10765=CARTESIAN_POINT('',(-0.0034,8.327598234202E-19,0.008125));
#10766=CARTESIAN_POINT('',(-0.00339999999999999,0.00140832611206853,0.008078125));
#10767=CARTESIAN_POINT('',(-0.00240416305603426,0.00240416305603426,0.00803125));
#10768=CARTESIAN_POINT('',(-0.00140832611206853,0.00339999999999999,0.00798437499999999));
#10769=CARTESIAN_POINT('',(6.2456986756515E-19,0.0034,0.0079375));
#10770=CARTESIAN_POINT('',(0.00140832611206853,0.00339999999999999,0.007890625));
#10771=CARTESIAN_POINT('',(0.00240416305603426,0.00240416305603426,0.00784375));
#10772=CARTESIAN_POINT('',(0.0034,0.00140832611206852,0.007796875));
#10773=CARTESIAN_POINT('',(0.0034,-4.163799117101E-19,0.00775));
#10774=CARTESIAN_POINT('',(0.00339999999999999,-0.00140832611206853,0.00770312499999999));
#10775=CARTESIAN_POINT('',(0.00240416305603426,-0.00240416305603426,0.00765625));
#10776=CARTESIAN_POINT('',(0.00140832611206852,-0.00339999999999999,0.007609375));
#10777=CARTESIAN_POINT('',(-2.0818995585505E-19,-0.0034,0.0075625));
#10778=CARTESIAN_POINT('',(-0.00140832611206853,-0.00339999999999999,0.007515625));
#10779=CARTESIAN_POINT('',(-0.00240416305603426,-0.00240416305603426,0.00746875));
#10780=CARTESIAN_POINT('',(-0.00339999999999999,-0.00140832611206853,0.007421875));
#10781=CARTESIAN_POINT('',(-0.0034,8.327598234202E-19,0.007375));
#10782=CARTESIAN_POINT('',(-0.00339999999999999,0.00140832611206853,0.00732812499999999));
#10783=CARTESIAN_POINT('',(-0.00240416305603426,0.00240416305603426,0.00728125));
#10784=CARTESIAN_POINT('',(-0.00140832611206853,0.00339999999999999,0.007234375));
#10785=CARTESIAN_POINT('',(6.2456986756515E-19,0.0034,0.0071875));
#10786=CARTESIAN_POINT('',(0.00140832611206853,0.00339999999999999,0.007140625));
#10787=CARTESIAN_POINT('',(0.00240416305603426,0.00240416305603426,0.00709375));
#10788=CARTESIAN_POINT('',(0.0034,0.00140832611206852,0.00704687499999999));
#10789=CARTESIAN_POINT('',(0.0034,-4.163799117101E-19,0.007));
#10790=CARTESIAN_POINT('',(0.00339999999999999,-0.00140832611206853,0.006953125));
#10791=CARTESIAN_POINT('',(0.00240416305603426,-0.00240416305603426,0.00690625));
#10792=CARTESIAN_POINT('',(0.00140832611206852,-0.00339999999999999,0.006859375));
#10793=CARTESIAN_POINT('',(-2.0818995585505E-19,-0.0034,0.0068125));
#10794=CARTESIAN_POINT('',(-0.00140832611206853,-0.00339999999999999,0.00676562499999999));
#10795=CARTESIAN_POINT('',(-0.00240416305603426,-0.00240416305603426,0.00671875));
#10796=CARTESIAN_POINT('',(-0.00339999999999999,-0.00140832611206853,0.006671875));
#10797=CARTESIAN_POINT('',(-0.0034,8.327598234202E-19,0.006625));
#10798=CARTESIAN_POINT('',(-0.00339999999999999,0.00140832611206853,0.006578125));
#10799=CARTESIAN_POINT('',(-0.00240416305603426,0.00240416305603426,0.00653125));
#10800=CARTESIAN_POINT('',(-0.00140832611206853,0.00339999999999999,0.00648437499999999));
#10801=CARTESIAN_POINT('',(6.2456986756515E-19,0.0034,0.0064375));
#10802=CARTESIAN_POINT('',(0.00140832611206853,0.00339999999999999,0.006390625));
#10803=CARTESIAN_POINT('',(0.00240416305603426,0.00240416305603426,0.00634375));
#10804=CARTESIAN_POINT('',(0.0034,0.00140832611206852,0.006296875));
#10805=CARTESIAN_POINT('',(0.0034,-4.163799117101E-19,0.00625));
#10806=CARTESIAN_POINT('',(0.00339999999999999,-0.00140832611206853,0.00620312499999999));
#10807=CARTESIAN_POINT('',(0.00240416305603426,-0.00240416305603426,0.00615625));
#10808=CARTESIAN_POINT('',(0.00140832611206852,-0.00339999999999999,0.006109375));
#10809=CARTESIAN_POINT('',(-2.0818995585505E-19,-0.0034,0.0060625));
#10810=CARTESIAN_POINT('',(-0.00140832611206853,-0.00339999999999999,0.006015625));
#10811=CARTESIAN_POINT('',(-0.00240416305603426,-0.00240416305603426,0.00596875));
#10812=CARTESIAN_POINT('',(-0.00339999999999999,-0.00140832611206853,0.005921875));
#10813=CARTESIAN_POINT('',(-0.0034,8.327598234202E-19,0.005875));
#10814=CARTESIAN_POINT('',(-0.00339999999999999,0.00140832611206853,0.00582812499999999));
#10815=CARTESIAN_POINT('',(-0.00240416305603426,0.00240416305603426,0.00578125));
#10816=CARTESIAN_POINT('',(-0.00140832611206853,0.00339999999999999,0.005734375));
#10817=CARTESIAN_POINT('',(6.2456986756515E-19,0.0034,0.0056875));
#10818=CARTESIAN_POINT('',(0.00140832611206853,0.00339999999999999,0.005640625));
#10819=CARTESIAN_POINT('',(0.00240416305603426,0.00240416305603426,0.00559375));
#10820=CARTESIAN_POINT('',(0.0034,0.00140832611206852,0.005546875));
#10821=CARTESIAN_POINT('',(0.0034,-4.163799117101E-19,0.0055));
#10822=CARTESIAN_POINT('',(0.00339999999999999,-0.00140832611206853,0.005453125));
#10823=CARTESIAN_POINT('',(0.00240416305603426,-0.00240416305603426,0.00540625));
#10824=CARTESIAN_POINT('',(0.00140832611206852,-0.00339999999999999,0.005359375));
#10825=CARTESIAN_POINT('',(-2.0818995585505E-19,-0.0034,0.0053125));
#10826=CARTESIAN_POINT('',(-0.00140832611206853,-0.00339999999999999,0.00526562499999999));
#10827=CARTESIAN_POINT('',(-0.00240416305603426,-0.00240416305603426,0.00521875));
#10828=CARTESIAN_POINT('',(-0.00339999999999999,-0.00140832611206853,0.005171875));
#10829=CARTESIAN_POINT('',(-0.0034,8.327598234202E-19,0.005125));
#10830=CARTESIAN_POINT('',(-0.00339999999999999,0.00140832611206853,0.005078125));
#10831=CARTESIAN_POINT('',(-0.00240416305603426,0.00240416305603426,0.00503125));
#10832=CARTESIAN_POINT('',(-0.00140832611206853,0.00339999999999999,0.00498437499999999));
#10833=CARTESIAN_POINT('',(6.2456986756515E-19,0.0034,0.0049375));
#10834=CARTESIAN_POINT('',(0.00140832611206853,0.00339999999999999,0.004890625));
#10835=CARTESIAN_POINT('',(0.00240416305603426,0.00240416305603426,0.00484375));
#10836=CARTESIAN_POINT('',(0.0034,0.00140832611206852,0.004796875));
#10837=CARTESIAN_POINT('',(0.0034,-4.163799117101E-19,0.00475));
#10838=CARTESIAN_POINT('',(0.00339999999999999,-0.00140832611206853,0.00470312499999999));
#10839=CARTESIAN_POINT('',(0.00240416305603426,-0.00240416305603426,0.00465625));
#10840=CARTESIAN_POINT('',(0.00140832611206852,-0.00339999999999999,0.004609375));
#10841=CARTESIAN_POINT('',(-2.0818995585505E-19,-0.0034,0.0045625));
#10842=CARTESIAN_POINT('',(-0.00140832611206853,-0.00339999999999999,0.004515625));
#10843=CARTESIAN_POINT('',(-0.00240416305603426,-0.00240416305603426,0.00446875));
#10844=CARTESIAN_POINT('',(-0.00339999999999999,-0.00140832611206853,0.00442187499999999));
#10845=CARTESIAN_POINT('',(-0.0034,8.327598234202E-19,0.004375));
#10846=CARTESIAN_POINT('',(-0.00339999999999999,0.00140832611206853,0.004328125));
#10847=CARTESIAN_POINT('',(-0.00240416305603426,0.00240416305603426,0.00428125));
#10848=CARTESIAN_POINT('',(-0.00140832611206853,0.00339999999999999,0.004234375));
#10849=CARTESIAN_POINT('',(6.2456986756515E-19,0.0034,0.0041875));
#10850=CARTESIAN_POINT('',(0.00140832611206853,0.00339999999999999,0.004140625));
#10851=CARTESIAN_POINT('',(0.00240416305603426,0.00240416305603426,0.00409375));
#10852=CARTESIAN_POINT('',(0.0034,0.00140832611206852,0.00404687499999999));
#10853=CARTESIAN_POINT('',(0.0034,-4.163799117101E-19,0.004));
#10854=CARTESIAN_POINT('',(0.00339999999999999,-0.00140832611206853,0.003953125));
#10855=CARTESIAN_POINT('',(0.00240416305603426,-0.00240416305603426,0.00390625));
#10856=CARTESIAN_POINT('',(0.00140832611206852,-0.00339999999999999,0.003859375));
#10857=CARTESIAN_POINT('',(-2.0818995585505E-19,-0.0034,0.0038125));
#10858=CARTESIAN_POINT('',(-0.00140832611206853,-0.00339999999999999,0.003765625));
#10859=CARTESIAN_POINT('',(-0.00240416305603426,-0.00240416305603426,0.00371875));
#10860=CARTESIAN_POINT('',(-0.00339999999999999,-0.00140832611206853,0.003671875));
#10861=CARTESIAN_POINT('',(-0.0034,8.327598234202E-19,0.003625));
#10862=CARTESIAN_POINT('',(-0.00339999999999999,0.00140832611206853,0.003578125));
#10863=CARTESIAN_POINT('',(-0.00240416305603426,0.00240416305603426,0.00353125));
#10864=CARTESIAN_POINT('',(-0.00140832611206853,0.00339999999999999,0.00348437499999999));
#10865=CARTESIAN_POINT('',(6.2456986756515E-19,0.0034,0.0034375));
#10866=CARTESIAN_POINT('',(0.00140832611206853,0.00339999999999999,0.003390625));
#10867=CARTESIAN_POINT('',(0.00240416305603426,0.00240416305603426,0.00334375));
#10868=CARTESIAN_POINT('',(0.0034,0.00140832611206852,0.003296875));
#10869=CARTESIAN_POINT('',(0.0034,-4.163799117101E-19,0.00325));
#10870=CARTESIAN_POINT('',(0.00339999999999999,-0.00140832611206853,0.00320312499999999));
#10871=CARTESIAN_POINT('',(0.00240416305603426,-0.00240416305603426,0.00315625));
#10872=CARTESIAN_POINT('',(0.00140832611206852,-0.00339999999999999,0.003109375));
#10873=CARTESIAN_POINT('',(-2.0818995585505E-19,-0.0034,0.0030625));
#10874=CARTESIAN_POINT('',(-0.00140832611206853,-0.00339999999999999,0.003015625));
#10875=CARTESIAN_POINT('',(-0.00240416305603426,-0.00240416305603426,0.00296875));
#10876=CARTESIAN_POINT('',(-0.00339999999999999,-0.00140832611206853,0.00292187499999999));
#10877=CARTESIAN_POINT('',(-0.0034,8.327598234202E-19,0.002875));
#10878=CARTESIAN_POINT('',(0.00298552440853573,-0.000294353539196257,0.00956367018909493));
#10879=CARTESIAN_POINT('',(0.002880219827926,-0.00136242085919329,0.00952173507675002));
#10880=CARTESIAN_POINT('',(0.00212132034355964,-0.00212132034355964,0.00948125));
#10881=CARTESIAN_POINT('',(0.00124264068711929,-0.003,0.009434375));
#10882=CARTESIAN_POINT('',(-1.83697019872103E-19,-0.003,0.0093875));
#10883=CARTESIAN_POINT('',(-0.00124264068711929,-0.003,0.009340625));
#10884=CARTESIAN_POINT('',(-0.00212132034355964,-0.00212132034355964,0.00929375));
#10885=CARTESIAN_POINT('',(-0.003,-0.00124264068711929,0.009246875));
#10886=CARTESIAN_POINT('',(-0.003,7.34788079488412E-19,0.0092));
#10887=CARTESIAN_POINT('',(-0.003,0.00124264068711929,0.009153125));
#10888=CARTESIAN_POINT('',(-0.00212132034355964,0.00212132034355964,0.00910625));
#10889=CARTESIAN_POINT('',(-0.00124264068711929,0.003,0.009059375));
#10890=CARTESIAN_POINT('',(5.51091059616309E-19,0.003,0.0090125));
#10891=CARTESIAN_POINT('',(0.00124264068711929,0.003,0.00896562499999999));
#10892=CARTESIAN_POINT('',(0.00212132034355964,0.00212132034355964,0.00891875));
#10893=CARTESIAN_POINT('',(0.003,0.00124264068711929,0.00887187499999999));
#10894=CARTESIAN_POINT('',(0.003,-3.67394039744206E-19,0.008825));
#10895=CARTESIAN_POINT('',(0.003,-0.00124264068711929,0.008778125));
#10896=CARTESIAN_POINT('',(0.00212132034355964,-0.00212132034355964,0.00873125));
#10897=CARTESIAN_POINT('',(0.00124264068711929,-0.003,0.008684375));
#10898=CARTESIAN_POINT('',(-1.83697019872103E-19,-0.003,0.0086375));
#10899=CARTESIAN_POINT('',(-0.00124264068711929,-0.003,0.00859062499999999));
#10900=CARTESIAN_POINT('',(-0.00212132034355964,-0.00212132034355964,0.00854375));
#10901=CARTESIAN_POINT('',(-0.003,-0.00124264068711929,0.008496875));
#10902=CARTESIAN_POINT('',(-0.003,7.34788079488412E-19,0.00845));
#10903=CARTESIAN_POINT('',(-0.003,0.00124264068711929,0.008403125));
#10904=CARTESIAN_POINT('',(-0.00212132034355964,0.00212132034355964,0.00835625));
#10905=CARTESIAN_POINT('',(-0.00124264068711929,0.003,0.00830937499999999));
#10906=CARTESIAN_POINT('',(5.51091059616309E-19,0.003,0.0082625));
#10907=CARTESIAN_POINT('',(0.00124264068711929,0.003,0.008215625));
#10908=CARTESIAN_POINT('',(0.00212132034355964,0.00212132034355964,0.00816875));
#10909=CARTESIAN_POINT('',(0.003,0.00124264068711929,0.008121875));
#10910=CARTESIAN_POINT('',(0.003,-3.67394039744206E-19,0.008075));
#10911=CARTESIAN_POINT('',(0.003,-0.00124264068711929,0.00802812499999999));
#10912=CARTESIAN_POINT('',(0.00212132034355964,-0.00212132034355964,0.00798125));
#10913=CARTESIAN_POINT('',(0.00124264068711929,-0.003,0.007934375));
#10914=CARTESIAN_POINT('',(-1.83697019872103E-19,-0.003,0.0078875));
#10915=CARTESIAN_POINT('',(-0.00124264068711929,-0.003,0.007840625));
#10916=CARTESIAN_POINT('',(-0.00212132034355964,-0.00212132034355964,0.00779375));
#10917=CARTESIAN_POINT('',(-0.003,-0.00124264068711929,0.00774687499999999));
#10918=CARTESIAN_POINT('',(-0.003,7.34788079488412E-19,0.0077));
#10919=CARTESIAN_POINT('',(-0.003,0.00124264068711929,0.007653125));
#10920=CARTESIAN_POINT('',(-0.00212132034355964,0.00212132034355964,0.00760625));
#10921=CARTESIAN_POINT('',(-0.00124264068711929,0.003,0.007559375));
#10922=CARTESIAN_POINT('',(5.51091059616309E-19,0.003,0.0075125));
#10923=CARTESIAN_POINT('',(0.00124264068711929,0.003,0.00746562499999999));
#10924=CARTESIAN_POINT('',(0.00212132034355964,0.00212132034355964,0.00741875));
#10925=CARTESIAN_POINT('',(0.003,0.00124264068711929,0.007371875));
#10926=CARTESIAN_POINT('',(0.003,-3.67394039744206E-19,0.007325));
#10927=CARTESIAN_POINT('',(0.003,-0.00124264068711929,0.007278125));
#10928=CARTESIAN_POINT('',(0.00212132034355964,-0.00212132034355964,0.00723125));
#10929=CARTESIAN_POINT('',(0.00124264068711929,-0.003,0.007184375));
#10930=CARTESIAN_POINT('',(-1.83697019872103E-19,-0.003,0.0071375));
#10931=CARTESIAN_POINT('',(-0.00124264068711929,-0.003,0.007090625));
#10932=CARTESIAN_POINT('',(-0.00212132034355964,-0.00212132034355964,0.00704375));
#10933=CARTESIAN_POINT('',(-0.003,-0.00124264068711929,0.006996875));
#10934=CARTESIAN_POINT('',(-0.003,7.34788079488412E-19,0.00695));
#10935=CARTESIAN_POINT('',(-0.003,0.00124264068711929,0.006903125));
#10936=CARTESIAN_POINT('',(-0.00212132034355964,0.00212132034355964,0.00685625));
#10937=CARTESIAN_POINT('',(-0.00124264068711929,0.003,0.006809375));
#10938=CARTESIAN_POINT('',(5.51091059616309E-19,0.003,0.0067625));
#10939=CARTESIAN_POINT('',(0.00124264068711929,0.003,0.006715625));
#10940=CARTESIAN_POINT('',(0.00212132034355964,0.00212132034355964,0.00666875));
#10941=CARTESIAN_POINT('',(0.003,0.00124264068711929,0.006621875));
#10942=CARTESIAN_POINT('',(0.003,-3.67394039744206E-19,0.006575));
#10943=CARTESIAN_POINT('',(0.003,-0.00124264068711929,0.00652812499999999));
#10944=CARTESIAN_POINT('',(0.00212132034355964,-0.00212132034355964,0.00648125));
#10945=CARTESIAN_POINT('',(0.00124264068711929,-0.003,0.006434375));
#10946=CARTESIAN_POINT('',(-1.83697019872103E-19,-0.003,0.0063875));
#10947=CARTESIAN_POINT('',(-0.00124264068711929,-0.003,0.006340625));
#10948=CARTESIAN_POINT('',(-0.00212132034355964,-0.00212132034355964,0.00629375));
#10949=CARTESIAN_POINT('',(-0.003,-0.00124264068711929,0.00624687499999999));
#10950=CARTESIAN_POINT('',(-0.003,7.34788079488412E-19,0.0062));
#10951=CARTESIAN_POINT('',(-0.003,0.00124264068711929,0.006153125));
#10952=CARTESIAN_POINT('',(-0.00212132034355964,0.00212132034355964,0.00610625));
#10953=CARTESIAN_POINT('',(-0.00124264068711929,0.003,0.006059375));
#10954=CARTESIAN_POINT('',(5.51091059616309E-19,0.003,0.0060125));
#10955=CARTESIAN_POINT('',(0.00124264068711929,0.003,0.00596562499999999));
#10956=CARTESIAN_POINT('',(0.00212132034355964,0.00212132034355964,0.00591875));
#10957=CARTESIAN_POINT('',(0.003,0.00124264068711929,0.005871875));
#10958=CARTESIAN_POINT('',(0.003,-3.67394039744206E-19,0.005825));
#10959=CARTESIAN_POINT('',(0.003,-0.00124264068711929,0.005778125));
#10960=CARTESIAN_POINT('',(0.00212132034355964,-0.00212132034355964,0.00573125));
#10961=CARTESIAN_POINT('',(0.00124264068711929,-0.003,0.005684375));
#10962=CARTESIAN_POINT('',(-1.83697019872103E-19,-0.003,0.0056375));
#10963=CARTESIAN_POINT('',(-0.00124264068711929,-0.003,0.005590625));
#10964=CARTESIAN_POINT('',(-0.00212132034355964,-0.00212132034355964,0.00554375));
#10965=CARTESIAN_POINT('',(-0.003,-0.00124264068711929,0.005496875));
#10966=CARTESIAN_POINT('',(-0.003,7.34788079488412E-19,0.00545));
#10967=CARTESIAN_POINT('',(-0.003,0.00124264068711929,0.005403125));
#10968=CARTESIAN_POINT('',(-0.00212132034355964,0.00212132034355964,0.00535625));
#10969=CARTESIAN_POINT('',(-0.00124264068711929,0.003,0.005309375));
#10970=CARTESIAN_POINT('',(5.51091059616309E-19,0.003,0.0052625));
#10971=CARTESIAN_POINT('',(0.00124264068711929,0.003,0.005215625));
#10972=CARTESIAN_POINT('',(0.00212132034355964,0.00212132034355964,0.00516875));
#10973=CARTESIAN_POINT('',(0.003,0.00124264068711929,0.005121875));
#10974=CARTESIAN_POINT('',(0.003,-3.67394039744206E-19,0.005075));
#10975=CARTESIAN_POINT('',(0.003,-0.00124264068711929,0.00502812499999999));
#10976=CARTESIAN_POINT('',(0.00212132034355964,-0.00212132034355964,0.00498125));
#10977=CARTESIAN_POINT('',(0.00124264068711929,-0.003,0.004934375));
#10978=CARTESIAN_POINT('',(-1.83697019872103E-19,-0.003,0.0048875));
#10979=CARTESIAN_POINT('',(-0.00124264068711929,-0.003,0.004840625));
#10980=CARTESIAN_POINT('',(-0.00212132034355964,-0.00212132034355964,0.00479375));
#10981=CARTESIAN_POINT('',(-0.003,-0.00124264068711929,0.004746875));
#10982=CARTESIAN_POINT('',(-0.003,7.34788079488412E-19,0.0047));
#10983=CARTESIAN_POINT('',(-0.003,0.00124264068711929,0.004653125));
#10984=CARTESIAN_POINT('',(-0.00212132034355964,0.00212132034355964,0.00460625));
#10985=CARTESIAN_POINT('',(-0.00124264068711929,0.003,0.004559375));
#10986=CARTESIAN_POINT('',(5.51091059616309E-19,0.003,0.0045125));
#10987=CARTESIAN_POINT('',(0.00124264068711929,0.003,0.00446562499999999));
#10988=CARTESIAN_POINT('',(0.00212132034355964,0.00212132034355964,0.00441875));
#10989=CARTESIAN_POINT('',(0.003,0.00124264068711929,0.004371875));
#10990=CARTESIAN_POINT('',(0.003,-3.67394039744206E-19,0.004325));
#10991=CARTESIAN_POINT('',(0.003,-0.00124264068711929,0.004278125));
#10992=CARTESIAN_POINT('',(0.00212132034355964,-0.00212132034355964,0.00423125));
#10993=CARTESIAN_POINT('',(0.00124264068711929,-0.003,0.00418437499999999));
#10994=CARTESIAN_POINT('',(-1.83697019872103E-19,-0.003,0.0041375));
#10995=CARTESIAN_POINT('',(-0.00124264068711929,-0.003,0.004090625));
#10996=CARTESIAN_POINT('',(-0.00212132034355964,-0.00212132034355964,0.00404375));
#10997=CARTESIAN_POINT('',(-0.003,-0.00124264068711929,0.003996875));
#10998=CARTESIAN_POINT('',(-0.003,7.34788079488412E-19,0.00395));
#10999=CARTESIAN_POINT('',(-0.003,0.00124264068711929,0.003903125));
#11000=CARTESIAN_POINT('',(-0.00212132034355964,0.00212132034355964,0.00385625));
#11001=CARTESIAN_POINT('',(-0.00124264068711929,0.003,0.003809375));
#11002=CARTESIAN_POINT('',(5.51091059616309E-19,0.003,0.0037625));
#11003=CARTESIAN_POINT('',(0.00124264068711929,0.003,0.003715625));
#11004=CARTESIAN_POINT('',(0.00212132034355964,0.00212132034355964,0.00366875));
#11005=CARTESIAN_POINT('',(0.003,0.00124264068711929,0.003621875));
#11006=CARTESIAN_POINT('',(0.003,-3.67394039744206E-19,0.003575));
#11007=CARTESIAN_POINT('',(0.003,-0.00124264068711929,0.003528125));
#11008=CARTESIAN_POINT('',(0.00212132034355964,-0.00212132034355964,0.00348125));
#11009=CARTESIAN_POINT('',(0.00124264068711929,-0.003,0.003434375));
#11010=CARTESIAN_POINT('',(-1.83697019872103E-19,-0.003,0.0033875));
#11011=CARTESIAN_POINT('',(-0.00124264068711929,-0.003,0.003340625));
#11012=CARTESIAN_POINT('',(-0.00212132034355964,-0.00212132034355964,0.00329375));
#11013=CARTESIAN_POINT('',(-0.003,-0.00124264068711929,0.00324687499999999));
#11014=CARTESIAN_POINT('',(-0.003,7.34788079488412E-19,0.0032));
#11015=CARTESIAN_POINT('',(0.00338359432967383,-0.000333600677755759,0.00923867018909493));
#11016=CARTESIAN_POINT('',(0.00326424913831612,-0.0015440769737524,0.00919673507675002));
#11017=CARTESIAN_POINT('',(0.00240416305603426,-0.00240416305603426,0.00915625));
#11018=CARTESIAN_POINT('',(0.00140832611206852,-0.00339999999999999,0.00910937499999999));
#11019=CARTESIAN_POINT('',(-2.0818995585505E-19,-0.0034,0.0090625));
#11020=CARTESIAN_POINT('',(-0.00140832611206853,-0.00339999999999999,0.009015625));
#11021=CARTESIAN_POINT('',(-0.00240416305603426,-0.00240416305603426,0.00896875));
#11022=CARTESIAN_POINT('',(-0.00339999999999999,-0.00140832611206853,0.008921875));
#11023=CARTESIAN_POINT('',(-0.0034,8.327598234202E-19,0.008875));
#11024=CARTESIAN_POINT('',(-0.00339999999999999,0.00140832611206853,0.00882812499999999));
#11025=CARTESIAN_POINT('',(-0.00240416305603426,0.00240416305603426,0.00878125));
#11026=CARTESIAN_POINT('',(-0.00140832611206853,0.00339999999999999,0.008734375));
#11027=CARTESIAN_POINT('',(6.2456986756515E-19,0.0034,0.0086875));
#11028=CARTESIAN_POINT('',(0.00140832611206853,0.00339999999999999,0.008640625));
#11029=CARTESIAN_POINT('',(0.00240416305603426,0.00240416305603426,0.00859375));
#11030=CARTESIAN_POINT('',(0.0034,0.00140832611206852,0.00854687499999999));
#11031=CARTESIAN_POINT('',(0.0034,-4.163799117101E-19,0.0085));
#11032=CARTESIAN_POINT('',(0.00339999999999999,-0.00140832611206853,0.008453125));
#11033=CARTESIAN_POINT('',(0.00240416305603426,-0.00240416305603426,0.00840625));
#11034=CARTESIAN_POINT('',(0.00140832611206852,-0.00339999999999999,0.008359375));
#11035=CARTESIAN_POINT('',(-2.0818995585505E-19,-0.0034,0.0083125));
#11036=CARTESIAN_POINT('',(-0.00140832611206853,-0.00339999999999999,0.00826562499999999));
#11037=CARTESIAN_POINT('',(-0.00240416305603426,-0.00240416305603426,0.00821875));
#11038=CARTESIAN_POINT('',(-0.00339999999999999,-0.00140832611206853,0.008171875));
#11039=CARTESIAN_POINT('',(-0.0034,8.327598234202E-19,0.008125));
#11040=CARTESIAN_POINT('',(-0.00339999999999999,0.00140832611206853,0.008078125));
#11041=CARTESIAN_POINT('',(-0.00240416305603426,0.00240416305603426,0.00803125));
#11042=CARTESIAN_POINT('',(-0.00140832611206853,0.00339999999999999,0.00798437499999999));
#11043=CARTESIAN_POINT('',(6.2456986756515E-19,0.0034,0.0079375));
#11044=CARTESIAN_POINT('',(0.00140832611206853,0.00339999999999999,0.007890625));
#11045=CARTESIAN_POINT('',(0.00240416305603426,0.00240416305603426,0.00784375));
#11046=CARTESIAN_POINT('',(0.0034,0.00140832611206852,0.007796875));
#11047=CARTESIAN_POINT('',(0.0034,-4.163799117101E-19,0.00775));
#11048=CARTESIAN_POINT('',(0.00339999999999999,-0.00140832611206853,0.00770312499999999));
#11049=CARTESIAN_POINT('',(0.00240416305603426,-0.00240416305603426,0.00765625));
#11050=CARTESIAN_POINT('',(0.00140832611206852,-0.00339999999999999,0.007609375));
#11051=CARTESIAN_POINT('',(-2.0818995585505E-19,-0.0034,0.0075625));
#11052=CARTESIAN_POINT('',(-0.00140832611206853,-0.00339999999999999,0.007515625));
#11053=CARTESIAN_POINT('',(-0.00240416305603426,-0.00240416305603426,0.00746875));
#11054=CARTESIAN_POINT('',(-0.00339999999999999,-0.00140832611206853,0.007421875));
#11055=CARTESIAN_POINT('',(-0.0034,8.327598234202E-19,0.007375));
#11056=CARTESIAN_POINT('',(-0.00339999999999999,0.00140832611206853,0.00732812499999999));
#11057=CARTESIAN_POINT('',(-0.00240416305603426,0.00240416305603426,0.00728125));
#11058=CARTESIAN_POINT('',(-0.00140832611206853,0.00339999999999999,0.007234375));
#11059=CARTESIAN_POINT('',(6.2456986756515E-19,0.0034,0.0071875));
#11060=CARTESIAN_POINT('',(0.00140832611206853,0.00339999999999999,0.007140625));
#11061=CARTESIAN_POINT('',(0.00240416305603426,0.00240416305603426,0.00709375));
#11062=CARTESIAN_POINT('',(0.0034,0.00140832611206852,0.00704687499999999));
#11063=CARTESIAN_POINT('',(0.0034,-4.163799117101E-19,0.007));
#11064=CARTESIAN_POINT('',(0.00339999999999999,-0.00140832611206853,0.006953125));
#11065=CARTESIAN_POINT('',(0.00240416305603426,-0.00240416305603426,0.00690625));
#11066=CARTESIAN_POINT('',(0.00140832611206852,-0.00339999999999999,0.006859375));
#11067=CARTESIAN_POINT('',(-2.0818995585505E-19,-0.0034,0.0068125));
#11068=CARTESIAN_POINT('',(-0.00140832611206853,-0.00339999999999999,0.00676562499999999));
#11069=CARTESIAN_POINT('',(-0.00240416305603426,-0.00240416305603426,0.00671875));
#11070=CARTESIAN_POINT('',(-0.00339999999999999,-0.00140832611206853,0.006671875));
#11071=CARTESIAN_POINT('',(-0.0034,8.327598234202E-19,0.006625));
#11072=CARTESIAN_POINT('',(-0.00339999999999999,0.00140832611206853,0.006578125));
#11073=CARTESIAN_POINT('',(-0.00240416305603426,0.00240416305603426,0.00653125));
#11074=CARTESIAN_POINT('',(-0.00140832611206853,0.00339999999999999,0.00648437499999999));
#11075=CARTESIAN_POINT('',(6.2456986756515E-19,0.0034,0.0064375));
#11076=CARTESIAN_POINT('',(0.00140832611206853,0.00339999999999999,0.006390625));
#11077=CARTESIAN_POINT('',(0.00240416305603426,0.00240416305603426,0.00634375));
#11078=CARTESIAN_POINT('',(0.0034,0.00140832611206852,0.006296875));
#11079=CARTESIAN_POINT('',(0.0034,-4.163799117101E-19,0.00625));
#11080=CARTESIAN_POINT('',(0.00339999999999999,-0.00140832611206853,0.00620312499999999));
#11081=CARTESIAN_POINT('',(0.00240416305603426,-0.00240416305603426,0.00615625));
#11082=CARTESIAN_POINT('',(0.00140832611206852,-0.00339999999999999,0.006109375));
#11083=CARTESIAN_POINT('',(-2.0818995585505E-19,-0.0034,0.0060625));
#11084=CARTESIAN_POINT('',(-0.00140832611206853,-0.00339999999999999,0.006015625));
#11085=CARTESIAN_POINT('',(-0.00240416305603426,-0.00240416305603426,0.00596875));
#11086=CARTESIAN_POINT('',(-0.00339999999999999,-0.00140832611206853,0.005921875));
#11087=CARTESIAN_POINT('',(-0.0034,8.327598234202E-19,0.005875));
#11088=CARTESIAN_POINT('',(-0.00339999999999999,0.00140832611206853,0.00582812499999999));
#11089=CARTESIAN_POINT('',(-0.00240416305603426,0.00240416305603426,0.00578125));
#11090=CARTESIAN_POINT('',(-0.00140832611206853,0.00339999999999999,0.005734375));
#11091=CARTESIAN_POINT('',(6.2456986756515E-19,0.0034,0.0056875));
#11092=CARTESIAN_POINT('',(0.00140832611206853,0.00339999999999999,0.005640625));
#11093=CARTESIAN_POINT('',(0.00240416305603426,0.00240416305603426,0.00559375));
#11094=CARTESIAN_POINT('',(0.0034,0.00140832611206852,0.005546875));
#11095=CARTESIAN_POINT('',(0.0034,-4.163799117101E-19,0.0055));
#11096=CARTESIAN_POINT('',(0.00339999999999999,-0.00140832611206853,0.005453125));
#11097=CARTESIAN_POINT('',(0.00240416305603426,-0.00240416305603426,0.00540625));
#11098=CARTESIAN_POINT('',(0.00140832611206852,-0.00339999999999999,0.005359375));
#11099=CARTESIAN_POINT('',(-2.0818995585505E-19,-0.0034,0.0053125));
#11100=CARTESIAN_POINT('',(-0.00140832611206853,-0.00339999999999999,0.00526562499999999));
#11101=CARTESIAN_POINT('',(-0.00240416305603426,-0.00240416305603426,0.00521875));
#11102=CARTESIAN_POINT('',(-0.00339999999999999,-0.00140832611206853,0.005171875));
#11103=CARTESIAN_POINT('',(-0.0034,8.327598234202E-19,0.005125));
#11104=CARTESIAN_POINT('',(-0.00339999999999999,0.00140832611206853,0.005078125));
#11105=CARTESIAN_POINT('',(-0.00240416305603426,0.00240416305603426,0.00503125));
#11106=CARTESIAN_POINT('',(-0.00140832611206853,0.00339999999999999,0.00498437499999999));
#11107=CARTESIAN_POINT('',(6.2456986756515E-19,0.0034,0.0049375));
#11108=CARTESIAN_POINT('',(0.00140832611206853,0.00339999999999999,0.004890625));
#11109=CARTESIAN_POINT('',(0.00240416305603426,0.00240416305603426,0.00484375));
#11110=CARTESIAN_POINT('',(0.0034,0.00140832611206852,0.004796875));
#11111=CARTESIAN_POINT('',(0.0034,-4.163799117101E-19,0.00475));
#11112=CARTESIAN_POINT('',(0.00339999999999999,-0.00140832611206853,0.00470312499999999));
#11113=CARTESIAN_POINT('',(0.00240416305603426,-0.00240416305603426,0.00465625));
#11114=CARTESIAN_POINT('',(0.00140832611206852,-0.00339999999999999,0.004609375));
#11115=CARTESIAN_POINT('',(-2.0818995585505E-19,-0.0034,0.0045625));
#11116=CARTESIAN_POINT('',(-0.00140832611206853,-0.00339999999999999,0.004515625));
#11117=CARTESIAN_POINT('',(-0.00240416305603426,-0.00240416305603426,0.00446875));
#11118=CARTESIAN_POINT('',(-0.00339999999999999,-0.00140832611206853,0.00442187499999999));
#11119=CARTESIAN_POINT('',(-0.0034,8.327598234202E-19,0.004375));
#11120=CARTESIAN_POINT('',(-0.00339999999999999,0.00140832611206853,0.004328125));
#11121=CARTESIAN_POINT('',(-0.00240416305603426,0.00240416305603426,0.00428125));
#11122=CARTESIAN_POINT('',(-0.00140832611206853,0.00339999999999999,0.004234375));
#11123=CARTESIAN_POINT('',(6.2456986756515E-19,0.0034,0.0041875));
#11124=CARTESIAN_POINT('',(0.00140832611206853,0.00339999999999999,0.004140625));
#11125=CARTESIAN_POINT('',(0.00240416305603426,0.00240416305603426,0.00409375));
#11126=CARTESIAN_POINT('',(0.0034,0.00140832611206852,0.00404687499999999));
#11127=CARTESIAN_POINT('',(0.0034,-4.163799117101E-19,0.004));
#11128=CARTESIAN_POINT('',(0.00339999999999999,-0.00140832611206853,0.003953125));
#11129=CARTESIAN_POINT('',(0.00240416305603426,-0.00240416305603426,0.00390625));
#11130=CARTESIAN_POINT('',(0.00140832611206852,-0.00339999999999999,0.003859375));
#11131=CARTESIAN_POINT('',(-2.0818995585505E-19,-0.0034,0.0038125));
#11132=CARTESIAN_POINT('',(-0.00140832611206853,-0.00339999999999999,0.003765625));
#11133=CARTESIAN_POINT('',(-0.00240416305603426,-0.00240416305603426,0.00371875));
#11134=CARTESIAN_POINT('',(-0.00339999999999999,-0.00140832611206853,0.003671875));
#11135=CARTESIAN_POINT('',(-0.0034,8.327598234202E-19,0.003625));
#11136=CARTESIAN_POINT('',(-0.00339999999999999,0.00140832611206853,0.003578125));
#11137=CARTESIAN_POINT('',(-0.00240416305603426,0.00240416305603426,0.00353125));
#11138=CARTESIAN_POINT('',(-0.00140832611206853,0.00339999999999999,0.00348437499999999));
#11139=CARTESIAN_POINT('',(6.2456986756515E-19,0.0034,0.0034375));
#11140=CARTESIAN_POINT('',(0.00140832611206853,0.00339999999999999,0.003390625));
#11141=CARTESIAN_POINT('',(0.00240416305603426,0.00240416305603426,0.00334375));
#11142=CARTESIAN_POINT('',(0.0034,0.00140832611206852,0.003296875));
#11143=CARTESIAN_POINT('',(0.0034,-4.163799117101E-19,0.00325));
#11144=CARTESIAN_POINT('',(0.00339999999999999,-0.00140832611206853,0.00320312499999999));
#11145=CARTESIAN_POINT('',(0.00240416305603426,-0.00240416305603426,0.00315625));
#11146=CARTESIAN_POINT('',(0.00140832611206852,-0.00339999999999999,0.003109375));
#11147=CARTESIAN_POINT('',(-2.0818995585505E-19,-0.0034,0.0030625));
#11148=CARTESIAN_POINT('',(-0.00140832611206853,-0.00339999999999999,0.003015625));
#11149=CARTESIAN_POINT('',(-0.00240416305603426,-0.00240416305603426,0.00296875));
#11150=CARTESIAN_POINT('',(-0.00339999999999999,-0.00140832611206853,0.00292187499999999));
#11151=CARTESIAN_POINT('',(-0.0034,8.327598234202E-19,0.002875));
#11152=CARTESIAN_POINT('',(-0.003,7.34788079488412E-19,0.00995));
#11153=CARTESIAN_POINT('',(-0.003,0.00124264068711929,0.009903125));
#11154=CARTESIAN_POINT('',(-0.00212132034355964,0.00212132034355964,0.00985625));
#11155=CARTESIAN_POINT('',(-0.00124264068711929,0.003,0.00980937499999999));
#11156=CARTESIAN_POINT('',(5.51091059616309E-19,0.003,0.0097625));
#11157=CARTESIAN_POINT('',(0.00124264068711929,0.003,0.009715625));
#11158=CARTESIAN_POINT('',(0.00212132034355964,0.00212132034355964,0.00966875));
#11159=CARTESIAN_POINT('',(0.003,0.00124264068711929,0.009621875));
#11160=CARTESIAN_POINT('',(0.003,-3.67394039744206E-19,0.009575));
#11161=CARTESIAN_POINT('',(0.003,-0.00124264068711929,0.00952812499999999));
#11162=CARTESIAN_POINT('',(0.00212132034355964,-0.00212132034355964,0.00948125));
#11163=CARTESIAN_POINT('',(0.00124264068711929,-0.003,0.009434375));
#11164=CARTESIAN_POINT('',(-1.83697019872103E-19,-0.003,0.0093875));
#11165=CARTESIAN_POINT('',(-0.00124264068711929,-0.003,0.009340625));
#11166=CARTESIAN_POINT('',(-0.00212132034355964,-0.00212132034355964,0.00929375));
#11167=CARTESIAN_POINT('',(-0.003,-0.00124264068711929,0.009246875));
#11168=CARTESIAN_POINT('',(-0.003,7.34788079488412E-19,0.0092));
#11169=CARTESIAN_POINT('',(-0.003,0.00124264068711929,0.009153125));
#11170=CARTESIAN_POINT('',(-0.00212132034355964,0.00212132034355964,0.00910625));
#11171=CARTESIAN_POINT('',(-0.00124264068711929,0.003,0.009059375));
#11172=CARTESIAN_POINT('',(5.51091059616309E-19,0.003,0.0090125));
#11173=CARTESIAN_POINT('',(0.00124264068711929,0.003,0.00896562499999999));
#11174=CARTESIAN_POINT('',(0.00212132034355964,0.00212132034355964,0.00891875));
#11175=CARTESIAN_POINT('',(0.003,0.00124264068711929,0.00887187499999999));
#11176=CARTESIAN_POINT('',(0.003,-3.67394039744206E-19,0.008825));
#11177=CARTESIAN_POINT('',(0.003,-0.00124264068711929,0.008778125));
#11178=CARTESIAN_POINT('',(0.00212132034355964,-0.00212132034355964,0.00873125));
#11179=CARTESIAN_POINT('',(0.00124264068711929,-0.003,0.008684375));
#11180=CARTESIAN_POINT('',(-1.83697019872103E-19,-0.003,0.0086375));
#11181=CARTESIAN_POINT('',(-0.00124264068711929,-0.003,0.00859062499999999));
#11182=CARTESIAN_POINT('',(-0.00212132034355964,-0.00212132034355964,0.00854375));
#11183=CARTESIAN_POINT('',(-0.003,-0.00124264068711929,0.008496875));
#11184=CARTESIAN_POINT('',(-0.003,7.34788079488412E-19,0.00845));
#11185=CARTESIAN_POINT('',(-0.003,0.00124264068711929,0.008403125));
#11186=CARTESIAN_POINT('',(-0.00212132034355964,0.00212132034355964,0.00835625));
#11187=CARTESIAN_POINT('',(-0.00124264068711929,0.003,0.00830937499999999));
#11188=CARTESIAN_POINT('',(5.51091059616309E-19,0.003,0.0082625));
#11189=CARTESIAN_POINT('',(0.00124264068711929,0.003,0.008215625));
#11190=CARTESIAN_POINT('',(0.00212132034355964,0.00212132034355964,0.00816875));
#11191=CARTESIAN_POINT('',(0.003,0.00124264068711929,0.008121875));
#11192=CARTESIAN_POINT('',(0.003,-3.67394039744206E-19,0.008075));
#11193=CARTESIAN_POINT('',(0.003,-0.00124264068711929,0.00802812499999999));
#11194=CARTESIAN_POINT('',(0.00212132034355964,-0.00212132034355964,0.00798125));
#11195=CARTESIAN_POINT('',(0.00124264068711929,-0.003,0.007934375));
#11196=CARTESIAN_POINT('',(-1.83697019872103E-19,-0.003,0.0078875));
#11197=CARTESIAN_POINT('',(-0.00124264068711929,-0.003,0.007840625));
#11198=CARTESIAN_POINT('',(-0.00212132034355964,-0.00212132034355964,0.00779375));
#11199=CARTESIAN_POINT('',(-0.003,-0.00124264068711929,0.00774687499999999));
#11200=CARTESIAN_POINT('',(-0.003,7.34788079488412E-19,0.0077));
#11201=CARTESIAN_POINT('',(-0.003,0.00124264068711929,0.007653125));
#11202=CARTESIAN_POINT('',(-0.00212132034355964,0.00212132034355964,0.00760625));
#11203=CARTESIAN_POINT('',(-0.00124264068711929,0.003,0.007559375));
#11204=CARTESIAN_POINT('',(5.51091059616309E-19,0.003,0.0075125));
#11205=CARTESIAN_POINT('',(0.00124264068711929,0.003,0.00746562499999999));
#11206=CARTESIAN_POINT('',(0.00212132034355964,0.00212132034355964,0.00741875));
#11207=CARTESIAN_POINT('',(0.003,0.00124264068711929,0.007371875));
#11208=CARTESIAN_POINT('',(0.003,-3.67394039744206E-19,0.007325));
#11209=CARTESIAN_POINT('',(0.003,-0.00124264068711929,0.007278125));
#11210=CARTESIAN_POINT('',(0.00212132034355964,-0.00212132034355964,0.00723125));
#11211=CARTESIAN_POINT('',(0.00124264068711929,-0.003,0.007184375));
#11212=CARTESIAN_POINT('',(-1.83697019872103E-19,-0.003,0.0071375));
#11213=CARTESIAN_POINT('',(-0.00124264068711929,-0.003,0.007090625));
#11214=CARTESIAN_POINT('',(-0.00212132034355964,-0.00212132034355964,0.00704375));
#11215=CARTESIAN_POINT('',(-0.003,-0.00124264068711929,0.006996875));
#11216=CARTESIAN_POINT('',(-0.003,7.34788079488412E-19,0.00695));
#11217=CARTESIAN_POINT('',(-0.003,0.00124264068711929,0.006903125));
#11218=CARTESIAN_POINT('',(-0.00212132034355964,0.00212132034355964,0.00685625));
#11219=CARTESIAN_POINT('',(-0.00124264068711929,0.003,0.006809375));
#11220=CARTESIAN_POINT('',(5.51091059616309E-19,0.003,0.0067625));
#11221=CARTESIAN_POINT('',(0.00124264068711929,0.003,0.006715625));
#11222=CARTESIAN_POINT('',(0.00212132034355964,0.00212132034355964,0.00666875));
#11223=CARTESIAN_POINT('',(0.003,0.00124264068711929,0.006621875));
#11224=CARTESIAN_POINT('',(0.003,-3.67394039744206E-19,0.006575));
#11225=CARTESIAN_POINT('',(0.003,-0.00124264068711929,0.00652812499999999));
#11226=CARTESIAN_POINT('',(0.00212132034355964,-0.00212132034355964,0.00648125));
#11227=CARTESIAN_POINT('',(0.00124264068711929,-0.003,0.006434375));
#11228=CARTESIAN_POINT('',(-1.83697019872103E-19,-0.003,0.0063875));
#11229=CARTESIAN_POINT('',(-0.00124264068711929,-0.003,0.006340625));
#11230=CARTESIAN_POINT('',(-0.00212132034355964,-0.00212132034355964,0.00629375));
#11231=CARTESIAN_POINT('',(-0.003,-0.00124264068711929,0.00624687499999999));
#11232=CARTESIAN_POINT('',(-0.003,7.34788079488412E-19,0.0062));
#11233=CARTESIAN_POINT('',(-0.003,0.00124264068711929,0.006153125));
#11234=CARTESIAN_POINT('',(-0.00212132034355964,0.00212132034355964,0.00610625));
#11235=CARTESIAN_POINT('',(-0.00124264068711929,0.003,0.006059375));
#11236=CARTESIAN_POINT('',(5.51091059616309E-19,0.003,0.0060125));
#11237=CARTESIAN_POINT('',(0.00124264068711929,0.003,0.00596562499999999));
#11238=CARTESIAN_POINT('',(0.00212132034355964,0.00212132034355964,0.00591875));
#11239=CARTESIAN_POINT('',(0.003,0.00124264068711929,0.005871875));
#11240=CARTESIAN_POINT('',(0.003,-3.67394039744206E-19,0.005825));
#11241=CARTESIAN_POINT('',(0.003,-0.00124264068711929,0.005778125));
#11242=CARTESIAN_POINT('',(0.00212132034355964,-0.00212132034355964,0.00573125));
#11243=CARTESIAN_POINT('',(0.00124264068711929,-0.003,0.005684375));
#11244=CARTESIAN_POINT('',(-1.83697019872103E-19,-0.003,0.0056375));
#11245=CARTESIAN_POINT('',(-0.00124264068711929,-0.003,0.005590625));
#11246=CARTESIAN_POINT('',(-0.00212132034355964,-0.00212132034355964,0.00554375));
#11247=CARTESIAN_POINT('',(-0.003,-0.00124264068711929,0.005496875));
#11248=CARTESIAN_POINT('',(-0.003,7.34788079488412E-19,0.00545));
#11249=CARTESIAN_POINT('',(-0.003,0.00124264068711929,0.005403125));
#11250=CARTESIAN_POINT('',(-0.00212132034355964,0.00212132034355964,0.00535625));
#11251=CARTESIAN_POINT('',(-0.00124264068711929,0.003,0.005309375));
#11252=CARTESIAN_POINT('',(5.51091059616309E-19,0.003,0.0052625));
#11253=CARTESIAN_POINT('',(0.00124264068711929,0.003,0.005215625));
#11254=CARTESIAN_POINT('',(0.00212132034355964,0.00212132034355964,0.00516875));
#11255=CARTESIAN_POINT('',(0.003,0.00124264068711929,0.005121875));
#11256=CARTESIAN_POINT('',(0.003,-3.67394039744206E-19,0.005075));
#11257=CARTESIAN_POINT('',(0.003,-0.00124264068711929,0.00502812499999999));
#11258=CARTESIAN_POINT('',(0.00212132034355964,-0.00212132034355964,0.00498125));
#11259=CARTESIAN_POINT('',(0.00124264068711929,-0.003,0.004934375));
#11260=CARTESIAN_POINT('',(-1.83697019872103E-19,-0.003,0.0048875));
#11261=CARTESIAN_POINT('',(-0.00124264068711929,-0.003,0.004840625));
#11262=CARTESIAN_POINT('',(-0.00212132034355964,-0.00212132034355964,0.00479375));
#11263=CARTESIAN_POINT('',(-0.003,-0.00124264068711929,0.004746875));
#11264=CARTESIAN_POINT('',(-0.003,7.34788079488412E-19,0.0047));
#11265=CARTESIAN_POINT('',(-0.003,0.00124264068711929,0.004653125));
#11266=CARTESIAN_POINT('',(-0.00212132034355964,0.00212132034355964,0.00460625));
#11267=CARTESIAN_POINT('',(-0.00124264068711929,0.003,0.004559375));
#11268=CARTESIAN_POINT('',(5.51091059616309E-19,0.003,0.0045125));
#11269=CARTESIAN_POINT('',(0.00124264068711929,0.003,0.00446562499999999));
#11270=CARTESIAN_POINT('',(0.00212132034355964,0.00212132034355964,0.00441875));
#11271=CARTESIAN_POINT('',(0.003,0.00124264068711929,0.004371875));
#11272=CARTESIAN_POINT('',(0.003,-3.67394039744206E-19,0.004325));
#11273=CARTESIAN_POINT('',(0.003,-0.00124264068711929,0.004278125));
#11274=CARTESIAN_POINT('',(0.00212132034355964,-0.00212132034355964,0.00423125));
#11275=CARTESIAN_POINT('',(0.00124264068711929,-0.003,0.00418437499999999));
#11276=CARTESIAN_POINT('',(-1.83697019872103E-19,-0.003,0.0041375));
#11277=CARTESIAN_POINT('',(-0.00124264068711929,-0.003,0.004090625));
#11278=CARTESIAN_POINT('',(-0.00212132034355964,-0.00212132034355964,0.00404375));
#11279=CARTESIAN_POINT('',(-0.003,-0.00124264068711929,0.003996875));
#11280=CARTESIAN_POINT('',(-0.003,7.34788079488412E-19,0.00395));
#11281=CARTESIAN_POINT('',(-0.003,0.00124264068711929,0.003903125));
#11282=CARTESIAN_POINT('',(-0.00212132034355964,0.00212132034355964,0.00385625));
#11283=CARTESIAN_POINT('',(-0.00124264068711929,0.003,0.003809375));
#11284=CARTESIAN_POINT('',(5.51091059616309E-19,0.003,0.0037625));
#11285=CARTESIAN_POINT('',(0.00124264068711929,0.003,0.003715625));
#11286=CARTESIAN_POINT('',(0.00212132034355964,0.00212132034355964,0.00366875));
#11287=CARTESIAN_POINT('',(0.003,0.00124264068711929,0.003621875));
#11288=CARTESIAN_POINT('',(0.003,-3.67394039744206E-19,0.003575));
#11289=CARTESIAN_POINT('',(0.003,-0.00124264068711929,0.003528125));
#11290=CARTESIAN_POINT('',(0.00212132034355964,-0.00212132034355964,0.00348125));
#11291=CARTESIAN_POINT('',(0.00124264068711929,-0.003,0.003434375));
#11292=CARTESIAN_POINT('',(-1.83697019872103E-19,-0.003,0.0033875));
#11293=CARTESIAN_POINT('',(-0.00124264068711929,-0.003,0.003340625));
#11294=CARTESIAN_POINT('',(-0.00212132034355964,-0.00212132034355964,0.00329375));
#11295=CARTESIAN_POINT('',(-0.003,-0.00124264068711929,0.00324687499999999));
#11296=CARTESIAN_POINT('',(-0.003,7.34788079488412E-19,0.0032));
#11297=CARTESIAN_POINT('',(-0.00324767229091814,-0.00100629254732532,0.00956059374298552));
#11298=CARTESIAN_POINT('',(-0.0034,-0.000514675590368721,0.00954213056236889));
#11299=CARTESIAN_POINT('',(-0.0034,8.327598234202E-19,0.009525));
#11300=CARTESIAN_POINT('',(-0.00339999999999999,0.00140832611206853,0.009478125));
#11301=CARTESIAN_POINT('',(-0.00240416305603426,0.00240416305603426,0.00943125));
#11302=CARTESIAN_POINT('',(-0.00140832611206853,0.00339999999999999,0.009384375));
#11303=CARTESIAN_POINT('',(6.2456986756515E-19,0.0034,0.0093375));
#11304=CARTESIAN_POINT('',(0.00140832611206853,0.00339999999999999,0.009290625));
#11305=CARTESIAN_POINT('',(0.00240416305603426,0.00240416305603426,0.00924375));
#11306=CARTESIAN_POINT('',(0.0034,0.00140832611206852,0.009196875));
#11307=CARTESIAN_POINT('',(0.0034,-4.163799117101E-19,0.00915));
#11308=CARTESIAN_POINT('',(0.00339999999999999,-0.00140832611206853,0.009103125));
#11309=CARTESIAN_POINT('',(0.00240416305603426,-0.00240416305603426,0.00905625));
#11310=CARTESIAN_POINT('',(0.00140832611206852,-0.00339999999999999,0.00900937499999999));
#11311=CARTESIAN_POINT('',(-2.0818995585505E-19,-0.0034,0.0089625));
#11312=CARTESIAN_POINT('',(-0.00140832611206853,-0.00339999999999999,0.008915625));
#11313=CARTESIAN_POINT('',(-0.00240416305603426,-0.00240416305603426,0.00886875));
#11314=CARTESIAN_POINT('',(-0.00339999999999999,-0.00140832611206853,0.008821875));
#11315=CARTESIAN_POINT('',(-0.0034,8.327598234202E-19,0.008775));
#11316=CARTESIAN_POINT('',(-0.00339999999999999,0.00140832611206853,0.00872812499999999));
#11317=CARTESIAN_POINT('',(-0.00240416305603426,0.00240416305603426,0.00868125));
#11318=CARTESIAN_POINT('',(-0.00140832611206853,0.00339999999999999,0.008634375));
#11319=CARTESIAN_POINT('',(6.2456986756515E-19,0.0034,0.0085875));
#11320=CARTESIAN_POINT('',(0.00140832611206853,0.00339999999999999,0.008540625));
#11321=CARTESIAN_POINT('',(0.00240416305603426,0.00240416305603426,0.00849375));
#11322=CARTESIAN_POINT('',(0.0034,0.00140832611206852,0.00844687499999999));
#11323=CARTESIAN_POINT('',(0.0034,-4.163799117101E-19,0.0084));
#11324=CARTESIAN_POINT('',(0.00339999999999999,-0.00140832611206853,0.008353125));
#11325=CARTESIAN_POINT('',(0.00240416305603426,-0.00240416305603426,0.00830625));
#11326=CARTESIAN_POINT('',(0.00140832611206852,-0.00339999999999999,0.008259375));
#11327=CARTESIAN_POINT('',(-2.0818995585505E-19,-0.0034,0.0082125));
#11328=CARTESIAN_POINT('',(-0.00140832611206853,-0.00339999999999999,0.008165625));
#11329=CARTESIAN_POINT('',(-0.00240416305603426,-0.00240416305603426,0.00811875));
#11330=CARTESIAN_POINT('',(-0.00339999999999999,-0.00140832611206853,0.008071875));
#11331=CARTESIAN_POINT('',(-0.0034,8.327598234202E-19,0.008025));
#11332=CARTESIAN_POINT('',(-0.00339999999999999,0.00140832611206853,0.007978125));
#11333=CARTESIAN_POINT('',(-0.00240416305603426,0.00240416305603426,0.00793125));
#11334=CARTESIAN_POINT('',(-0.00140832611206853,0.00339999999999999,0.007884375));
#11335=CARTESIAN_POINT('',(6.2456986756515E-19,0.0034,0.0078375));
#11336=CARTESIAN_POINT('',(0.00140832611206853,0.00339999999999999,0.00779062499999999));
#11337=CARTESIAN_POINT('',(0.00240416305603426,0.00240416305603426,0.00774375));
#11338=CARTESIAN_POINT('',(0.0034,0.00140832611206852,0.007696875));
#11339=CARTESIAN_POINT('',(0.0034,-4.163799117101E-19,0.00765));
#11340=CARTESIAN_POINT('',(0.00339999999999999,-0.00140832611206853,0.007603125));
#11341=CARTESIAN_POINT('',(0.00240416305603426,-0.00240416305603426,0.00755625));
#11342=CARTESIAN_POINT('',(0.00140832611206852,-0.00339999999999999,0.00750937499999999));
#11343=CARTESIAN_POINT('',(-2.0818995585505E-19,-0.0034,0.0074625));
#11344=CARTESIAN_POINT('',(-0.00140832611206853,-0.00339999999999999,0.007415625));
#11345=CARTESIAN_POINT('',(-0.00240416305603426,-0.00240416305603426,0.00736875));
#11346=CARTESIAN_POINT('',(-0.00339999999999999,-0.00140832611206853,0.007321875));
#11347=CARTESIAN_POINT('',(-0.0034,8.327598234202E-19,0.007275));
#11348=CARTESIAN_POINT('',(-0.00339999999999999,0.00140832611206853,0.00722812499999999));
#11349=CARTESIAN_POINT('',(-0.00240416305603426,0.00240416305603426,0.00718125));
#11350=CARTESIAN_POINT('',(-0.00140832611206853,0.00339999999999999,0.007134375));
#11351=CARTESIAN_POINT('',(6.2456986756515E-19,0.0034,0.0070875));
#11352=CARTESIAN_POINT('',(0.00140832611206853,0.00339999999999999,0.007040625));
#11353=CARTESIAN_POINT('',(0.00240416305603426,0.00240416305603426,0.00699375));
#11354=CARTESIAN_POINT('',(0.0034,0.00140832611206852,0.00694687499999999));
#11355=CARTESIAN_POINT('',(0.0034,-4.163799117101E-19,0.0069));
#11356=CARTESIAN_POINT('',(0.00339999999999999,-0.00140832611206853,0.006853125));
#11357=CARTESIAN_POINT('',(0.00240416305603426,-0.00240416305603426,0.00680625));
#11358=CARTESIAN_POINT('',(0.00140832611206852,-0.00339999999999999,0.006759375));
#11359=CARTESIAN_POINT('',(-2.0818995585505E-19,-0.0034,0.0067125));
#11360=CARTESIAN_POINT('',(-0.00140832611206853,-0.00339999999999999,0.006665625));
#11361=CARTESIAN_POINT('',(-0.00240416305603426,-0.00240416305603426,0.00661875));
#11362=CARTESIAN_POINT('',(-0.00339999999999999,-0.00140832611206853,0.006571875));
#11363=CARTESIAN_POINT('',(-0.0034,8.327598234202E-19,0.006525));
#11364=CARTESIAN_POINT('',(-0.00339999999999999,0.00140832611206853,0.006478125));
#11365=CARTESIAN_POINT('',(-0.00240416305603426,0.00240416305603426,0.00643125));
#11366=CARTESIAN_POINT('',(-0.00140832611206853,0.00339999999999999,0.006384375));
#11367=CARTESIAN_POINT('',(6.2456986756515E-19,0.0034,0.0063375));
#11368=CARTESIAN_POINT('',(0.00140832611206853,0.00339999999999999,0.006290625));
#11369=CARTESIAN_POINT('',(0.00240416305603426,0.00240416305603426,0.00624375));
#11370=CARTESIAN_POINT('',(0.0034,0.00140832611206852,0.006196875));
#11371=CARTESIAN_POINT('',(0.0034,-4.163799117101E-19,0.00615));
#11372=CARTESIAN_POINT('',(0.00339999999999999,-0.00140832611206853,0.006103125));
#11373=CARTESIAN_POINT('',(0.00240416305603426,-0.00240416305603426,0.00605625));
#11374=CARTESIAN_POINT('',(0.00140832611206852,-0.00339999999999999,0.00600937499999999));
#11375=CARTESIAN_POINT('',(-2.0818995585505E-19,-0.0034,0.0059625));
#11376=CARTESIAN_POINT('',(-0.00140832611206853,-0.00339999999999999,0.005915625));
#11377=CARTESIAN_POINT('',(-0.00240416305603426,-0.00240416305603426,0.00586875));
#11378=CARTESIAN_POINT('',(-0.00339999999999999,-0.00140832611206853,0.005821875));
#11379=CARTESIAN_POINT('',(-0.0034,8.327598234202E-19,0.005775));
#11380=CARTESIAN_POINT('',(-0.00339999999999999,0.00140832611206853,0.00572812499999999));
#11381=CARTESIAN_POINT('',(-0.00240416305603426,0.00240416305603426,0.00568125));
#11382=CARTESIAN_POINT('',(-0.00140832611206853,0.00339999999999999,0.005634375));
#11383=CARTESIAN_POINT('',(6.2456986756515E-19,0.0034,0.0055875));
#11384=CARTESIAN_POINT('',(0.00140832611206853,0.00339999999999999,0.005540625));
#11385=CARTESIAN_POINT('',(0.00240416305603426,0.00240416305603426,0.00549375));
#11386=CARTESIAN_POINT('',(0.0034,0.00140832611206852,0.005446875));
#11387=CARTESIAN_POINT('',(0.0034,-4.163799117101E-19,0.0054));
#11388=CARTESIAN_POINT('',(0.00339999999999999,-0.00140832611206853,0.005353125));
#11389=CARTESIAN_POINT('',(0.00240416305603426,-0.00240416305603426,0.00530625));
#11390=CARTESIAN_POINT('',(0.00140832611206852,-0.00339999999999999,0.005259375));
#11391=CARTESIAN_POINT('',(-2.0818995585505E-19,-0.0034,0.0052125));
#11392=CARTESIAN_POINT('',(-0.00140832611206853,-0.00339999999999999,0.005165625));
#11393=CARTESIAN_POINT('',(-0.00240416305603426,-0.00240416305603426,0.00511875));
#11394=CARTESIAN_POINT('',(-0.00339999999999999,-0.00140832611206853,0.005071875));
#11395=CARTESIAN_POINT('',(-0.0034,8.327598234202E-19,0.005025));
#11396=CARTESIAN_POINT('',(-0.00339999999999999,0.00140832611206853,0.004978125));
#11397=CARTESIAN_POINT('',(-0.00240416305603426,0.00240416305603426,0.00493125));
#11398=CARTESIAN_POINT('',(-0.00140832611206853,0.00339999999999999,0.004884375));
#11399=CARTESIAN_POINT('',(6.2456986756515E-19,0.0034,0.0048375));
#11400=CARTESIAN_POINT('',(0.00140832611206853,0.00339999999999999,0.004790625));
#11401=CARTESIAN_POINT('',(0.00240416305603426,0.00240416305603426,0.00474375));
#11402=CARTESIAN_POINT('',(0.0034,0.00140832611206852,0.004696875));
#11403=CARTESIAN_POINT('',(0.0034,-4.163799117101E-19,0.00465));
#11404=CARTESIAN_POINT('',(0.00339999999999999,-0.00140832611206853,0.004603125));
#11405=CARTESIAN_POINT('',(0.00240416305603426,-0.00240416305603426,0.00455625));
#11406=CARTESIAN_POINT('',(0.00140832611206852,-0.00339999999999999,0.004509375));
#11407=CARTESIAN_POINT('',(-2.0818995585505E-19,-0.0034,0.0044625));
#11408=CARTESIAN_POINT('',(-0.00140832611206853,-0.00339999999999999,0.004415625));
#11409=CARTESIAN_POINT('',(-0.00240416305603426,-0.00240416305603426,0.00436875));
#11410=CARTESIAN_POINT('',(-0.00339999999999999,-0.00140832611206853,0.004321875));
#11411=CARTESIAN_POINT('',(-0.0034,8.327598234202E-19,0.004275));
#11412=CARTESIAN_POINT('',(-0.00339999999999999,0.00140832611206853,0.00422812499999999));
#11413=CARTESIAN_POINT('',(-0.00240416305603426,0.00240416305603426,0.00418125));
#11414=CARTESIAN_POINT('',(-0.00140832611206853,0.00339999999999999,0.004134375));
#11415=CARTESIAN_POINT('',(6.2456986756515E-19,0.0034,0.0040875));
#11416=CARTESIAN_POINT('',(0.00140832611206853,0.00339999999999999,0.004040625));
#11417=CARTESIAN_POINT('',(0.00240416305603426,0.00240416305603426,0.00399375));
#11418=CARTESIAN_POINT('',(0.0034,0.00140832611206852,0.00394687500000001));
#11419=CARTESIAN_POINT('',(0.0034,-4.163799117101E-19,0.0039));
#11420=CARTESIAN_POINT('',(0.00339999999999999,-0.00140832611206853,0.003853125));
#11421=CARTESIAN_POINT('',(0.00240416305603426,-0.00240416305603426,0.00380625));
#11422=CARTESIAN_POINT('',(0.00140832611206852,-0.00339999999999999,0.003759375));
#11423=CARTESIAN_POINT('',(-2.0818995585505E-19,-0.0034,0.0037125));
#11424=CARTESIAN_POINT('',(-0.00140832611206853,-0.00339999999999999,0.003665625));
#11425=CARTESIAN_POINT('',(-0.00240416305603426,-0.00240416305603426,0.00361875));
#11426=CARTESIAN_POINT('',(-0.00339999999999999,-0.00140832611206853,0.003571875));
#11427=CARTESIAN_POINT('',(-0.0034,8.327598234202E-19,0.003525));
#11428=CARTESIAN_POINT('',(-0.00286559319786895,-0.000887905188816456,0.00923559374298552));
#11429=CARTESIAN_POINT('',(-0.003,-0.000454125520913576,0.0092171305623689));
#11430=CARTESIAN_POINT('',(-0.003,7.34788079488412E-19,0.0092));
#11431=CARTESIAN_POINT('',(-0.003,0.00124264068711929,0.009153125));
#11432=CARTESIAN_POINT('',(-0.00212132034355964,0.00212132034355964,0.00910625));
#11433=CARTESIAN_POINT('',(-0.00124264068711929,0.003,0.009059375));
#11434=CARTESIAN_POINT('',(5.51091059616309E-19,0.003,0.0090125));
#11435=CARTESIAN_POINT('',(0.00124264068711929,0.003,0.00896562499999999));
#11436=CARTESIAN_POINT('',(0.00212132034355964,0.00212132034355964,0.00891875));
#11437=CARTESIAN_POINT('',(0.003,0.00124264068711929,0.00887187499999999));
#11438=CARTESIAN_POINT('',(0.003,-3.67394039744206E-19,0.008825));
#11439=CARTESIAN_POINT('',(0.003,-0.00124264068711929,0.008778125));
#11440=CARTESIAN_POINT('',(0.00212132034355964,-0.00212132034355964,0.00873125));
#11441=CARTESIAN_POINT('',(0.00124264068711929,-0.003,0.008684375));
#11442=CARTESIAN_POINT('',(-1.83697019872103E-19,-0.003,0.0086375));
#11443=CARTESIAN_POINT('',(-0.00124264068711929,-0.003,0.00859062499999999));
#11444=CARTESIAN_POINT('',(-0.00212132034355964,-0.00212132034355964,0.00854375));
#11445=CARTESIAN_POINT('',(-0.003,-0.00124264068711929,0.008496875));
#11446=CARTESIAN_POINT('',(-0.003,7.34788079488412E-19,0.00845));
#11447=CARTESIAN_POINT('',(-0.003,0.00124264068711929,0.008403125));
#11448=CARTESIAN_POINT('',(-0.00212132034355964,0.00212132034355964,0.00835625));
#11449=CARTESIAN_POINT('',(-0.00124264068711929,0.003,0.00830937499999999));
#11450=CARTESIAN_POINT('',(5.51091059616309E-19,0.003,0.0082625));
#11451=CARTESIAN_POINT('',(0.00124264068711929,0.003,0.008215625));
#11452=CARTESIAN_POINT('',(0.00212132034355964,0.00212132034355964,0.00816875));
#11453=CARTESIAN_POINT('',(0.003,0.00124264068711929,0.008121875));
#11454=CARTESIAN_POINT('',(0.003,-3.67394039744206E-19,0.008075));
#11455=CARTESIAN_POINT('',(0.003,-0.00124264068711929,0.00802812499999999));
#11456=CARTESIAN_POINT('',(0.00212132034355964,-0.00212132034355964,0.00798125));
#11457=CARTESIAN_POINT('',(0.00124264068711929,-0.003,0.007934375));
#11458=CARTESIAN_POINT('',(-1.83697019872103E-19,-0.003,0.0078875));
#11459=CARTESIAN_POINT('',(-0.00124264068711929,-0.003,0.007840625));
#11460=CARTESIAN_POINT('',(-0.00212132034355964,-0.00212132034355964,0.00779375));
#11461=CARTESIAN_POINT('',(-0.003,-0.00124264068711929,0.00774687499999999));
#11462=CARTESIAN_POINT('',(-0.003,7.34788079488412E-19,0.0077));
#11463=CARTESIAN_POINT('',(-0.003,0.00124264068711929,0.007653125));
#11464=CARTESIAN_POINT('',(-0.00212132034355964,0.00212132034355964,0.00760625));
#11465=CARTESIAN_POINT('',(-0.00124264068711929,0.003,0.007559375));
#11466=CARTESIAN_POINT('',(5.51091059616309E-19,0.003,0.0075125));
#11467=CARTESIAN_POINT('',(0.00124264068711929,0.003,0.00746562499999999));
#11468=CARTESIAN_POINT('',(0.00212132034355964,0.00212132034355964,0.00741875));
#11469=CARTESIAN_POINT('',(0.003,0.00124264068711929,0.007371875));
#11470=CARTESIAN_POINT('',(0.003,-3.67394039744206E-19,0.007325));
#11471=CARTESIAN_POINT('',(0.003,-0.00124264068711929,0.007278125));
#11472=CARTESIAN_POINT('',(0.00212132034355964,-0.00212132034355964,0.00723125));
#11473=CARTESIAN_POINT('',(0.00124264068711929,-0.003,0.007184375));
#11474=CARTESIAN_POINT('',(-1.83697019872103E-19,-0.003,0.0071375));
#11475=CARTESIAN_POINT('',(-0.00124264068711929,-0.003,0.007090625));
#11476=CARTESIAN_POINT('',(-0.00212132034355964,-0.00212132034355964,0.00704375));
#11477=CARTESIAN_POINT('',(-0.003,-0.00124264068711929,0.006996875));
#11478=CARTESIAN_POINT('',(-0.003,7.34788079488412E-19,0.00695));
#11479=CARTESIAN_POINT('',(-0.003,0.00124264068711929,0.006903125));
#11480=CARTESIAN_POINT('',(-0.00212132034355964,0.00212132034355964,0.00685625));
#11481=CARTESIAN_POINT('',(-0.00124264068711929,0.003,0.006809375));
#11482=CARTESIAN_POINT('',(5.51091059616309E-19,0.003,0.0067625));
#11483=CARTESIAN_POINT('',(0.00124264068711929,0.003,0.006715625));
#11484=CARTESIAN_POINT('',(0.00212132034355964,0.00212132034355964,0.00666875));
#11485=CARTESIAN_POINT('',(0.003,0.00124264068711929,0.006621875));
#11486=CARTESIAN_POINT('',(0.003,-3.67394039744206E-19,0.006575));
#11487=CARTESIAN_POINT('',(0.003,-0.00124264068711929,0.00652812499999999));
#11488=CARTESIAN_POINT('',(0.00212132034355964,-0.00212132034355964,0.00648125));
#11489=CARTESIAN_POINT('',(0.00124264068711929,-0.003,0.006434375));
#11490=CARTESIAN_POINT('',(-1.83697019872103E-19,-0.003,0.0063875));
#11491=CARTESIAN_POINT('',(-0.00124264068711929,-0.003,0.006340625));
#11492=CARTESIAN_POINT('',(-0.00212132034355964,-0.00212132034355964,0.00629375));
#11493=CARTESIAN_POINT('',(-0.003,-0.00124264068711929,0.00624687499999999));
#11494=CARTESIAN_POINT('',(-0.003,7.34788079488412E-19,0.0062));
#11495=CARTESIAN_POINT('',(-0.003,0.00124264068711929,0.006153125));
#11496=CARTESIAN_POINT('',(-0.00212132034355964,0.00212132034355964,0.00610625));
#11497=CARTESIAN_POINT('',(-0.00124264068711929,0.003,0.006059375));
#11498=CARTESIAN_POINT('',(5.51091059616309E-19,0.003,0.0060125));
#11499=CARTESIAN_POINT('',(0.00124264068711929,0.003,0.00596562499999999));
#11500=CARTESIAN_POINT('',(0.00212132034355964,0.00212132034355964,0.00591875));
#11501=CARTESIAN_POINT('',(0.003,0.00124264068711929,0.005871875));
#11502=CARTESIAN_POINT('',(0.003,-3.67394039744206E-19,0.005825));
#11503=CARTESIAN_POINT('',(0.003,-0.00124264068711929,0.005778125));
#11504=CARTESIAN_POINT('',(0.00212132034355964,-0.00212132034355964,0.00573125));
#11505=CARTESIAN_POINT('',(0.00124264068711929,-0.003,0.005684375));
#11506=CARTESIAN_POINT('',(-1.83697019872103E-19,-0.003,0.0056375));
#11507=CARTESIAN_POINT('',(-0.00124264068711929,-0.003,0.005590625));
#11508=CARTESIAN_POINT('',(-0.00212132034355964,-0.00212132034355964,0.00554375));
#11509=CARTESIAN_POINT('',(-0.003,-0.00124264068711929,0.005496875));
#11510=CARTESIAN_POINT('',(-0.003,7.34788079488412E-19,0.00545));
#11511=CARTESIAN_POINT('',(-0.003,0.00124264068711929,0.005403125));
#11512=CARTESIAN_POINT('',(-0.00212132034355964,0.00212132034355964,0.00535625));
#11513=CARTESIAN_POINT('',(-0.00124264068711929,0.003,0.005309375));
#11514=CARTESIAN_POINT('',(5.51091059616309E-19,0.003,0.0052625));
#11515=CARTESIAN_POINT('',(0.00124264068711929,0.003,0.005215625));
#11516=CARTESIAN_POINT('',(0.00212132034355964,0.00212132034355964,0.00516875));
#11517=CARTESIAN_POINT('',(0.003,0.00124264068711929,0.005121875));
#11518=CARTESIAN_POINT('',(0.003,-3.67394039744206E-19,0.005075));
#11519=CARTESIAN_POINT('',(0.003,-0.00124264068711929,0.00502812499999999));
#11520=CARTESIAN_POINT('',(0.00212132034355964,-0.00212132034355964,0.00498125));
#11521=CARTESIAN_POINT('',(0.00124264068711929,-0.003,0.004934375));
#11522=CARTESIAN_POINT('',(-1.83697019872103E-19,-0.003,0.0048875));
#11523=CARTESIAN_POINT('',(-0.00124264068711929,-0.003,0.004840625));
#11524=CARTESIAN_POINT('',(-0.00212132034355964,-0.00212132034355964,0.00479375));
#11525=CARTESIAN_POINT('',(-0.003,-0.00124264068711929,0.004746875));
#11526=CARTESIAN_POINT('',(-0.003,7.34788079488412E-19,0.0047));
#11527=CARTESIAN_POINT('',(-0.003,0.00124264068711929,0.004653125));
#11528=CARTESIAN_POINT('',(-0.00212132034355964,0.00212132034355964,0.00460625));
#11529=CARTESIAN_POINT('',(-0.00124264068711929,0.003,0.004559375));
#11530=CARTESIAN_POINT('',(5.51091059616309E-19,0.003,0.0045125));
#11531=CARTESIAN_POINT('',(0.00124264068711929,0.003,0.00446562499999999));
#11532=CARTESIAN_POINT('',(0.00212132034355964,0.00212132034355964,0.00441875));
#11533=CARTESIAN_POINT('',(0.003,0.00124264068711929,0.004371875));
#11534=CARTESIAN_POINT('',(0.003,-3.67394039744206E-19,0.004325));
#11535=CARTESIAN_POINT('',(0.003,-0.00124264068711929,0.004278125));
#11536=CARTESIAN_POINT('',(0.00212132034355964,-0.00212132034355964,0.00423125));
#11537=CARTESIAN_POINT('',(0.00124264068711929,-0.003,0.00418437499999999));
#11538=CARTESIAN_POINT('',(-1.83697019872103E-19,-0.003,0.0041375));
#11539=CARTESIAN_POINT('',(-0.00124264068711929,-0.003,0.004090625));
#11540=CARTESIAN_POINT('',(-0.00212132034355964,-0.00212132034355964,0.00404375));
#11541=CARTESIAN_POINT('',(-0.003,-0.00124264068711929,0.003996875));
#11542=CARTESIAN_POINT('',(-0.003,7.34788079488412E-19,0.00395));
#11543=CARTESIAN_POINT('',(-0.003,0.00124264068711929,0.003903125));
#11544=CARTESIAN_POINT('',(-0.00212132034355964,0.00212132034355964,0.00385625));
#11545=CARTESIAN_POINT('',(-0.00124264068711929,0.003,0.003809375));
#11546=CARTESIAN_POINT('',(5.51091059616309E-19,0.003,0.0037625));
#11547=CARTESIAN_POINT('',(0.00124264068711929,0.003,0.003715625));
#11548=CARTESIAN_POINT('',(0.00212132034355964,0.00212132034355964,0.00366875));
#11549=CARTESIAN_POINT('',(0.003,0.00124264068711929,0.003621875));
#11550=CARTESIAN_POINT('',(0.003,-3.67394039744206E-19,0.003575));
#11551=CARTESIAN_POINT('',(0.003,-0.00124264068711929,0.003528125));
#11552=CARTESIAN_POINT('',(0.00212132034355964,-0.00212132034355964,0.00348125));
#11553=CARTESIAN_POINT('',(0.00124264068711929,-0.003,0.003434375));
#11554=CARTESIAN_POINT('',(-1.83697019872103E-19,-0.003,0.0033875));
#11555=CARTESIAN_POINT('',(-0.00124264068711929,-0.003,0.003340625));
#11556=CARTESIAN_POINT('',(-0.00212132034355964,-0.00212132034355964,0.00329375));
#11557=CARTESIAN_POINT('',(-0.003,-0.00124264068711929,0.00324687499999999));
#11558=CARTESIAN_POINT('',(-0.003,7.34788079488412E-19,0.0032));
#11559=CARTESIAN_POINT('',(0.,0.,0.0227476120975553));
#11560=CARTESIAN_POINT('',(0.00752396172239067,-0.003,0.0227476120975553));
#11561=CARTESIAN_POINT('',(0.00715240805708743,-0.00285185185185185,0.0016));
#11562=CARTESIAN_POINT('',(-0.00752396172239067,0.003,0.0227476120975553));
#11563=CARTESIAN_POINT('',(-0.00715240805708742,0.00285185185185186,0.0016));
#11564=CARTESIAN_POINT('',(0.00752396172239067,0.003,0.0227476120975553));
#11565=CARTESIAN_POINT('',(0.00715240805708743,0.00285185185185185,0.0016));
#11566=CARTESIAN_POINT('',(-0.00752396172239067,-0.003,0.0227476120975553));
#11567=CARTESIAN_POINT('',(-0.00715240805708743,-0.00285185185185184,0.0016));
#11568=CARTESIAN_POINT('',(0.,0.,0.0227476120975553));
#11569=CARTESIAN_POINT('',(-0.00752396172239067,0.003,0.002));
#11570=CARTESIAN_POINT('',(-0.00752396172239067,0.003,0.002));
#11571=CARTESIAN_POINT('',(-0.00715240805708743,0.00285185185185186,0.002));
#11572=CARTESIAN_POINT('',(-0.00641479696971595,0.00255774705124804,0.002));
#11573=CARTESIAN_POINT('',(-0.00715240805708743,0.00285185185185185,0.0016));
#11574=CARTESIAN_POINT('',(-0.00641479696971595,0.00255774705124804,0.002));
#11575=CARTESIAN_POINT('',(-0.00609659144024282,0.00335580245911769,0.002));
#11576=CARTESIAN_POINT('',(-0.00559254255029894,0.0040515624102241,0.002));
#11577=CARTESIAN_POINT('',(-0.00559254255029894,0.0040515624102241,0.002));
#11578=CARTESIAN_POINT('',(-0.00609659144024282,0.00335580245911769,0.002));
#11579=CARTESIAN_POINT('',(-0.00655953357182457,0.00475210682961846,0.002));
#11580=CARTESIAN_POINT('',(-0.00623560598803076,0.00451743488741508,0.0016));
#11581=CARTESIAN_POINT('',(-0.00623560598803076,0.00451743488741508,0.002));
#11582=CARTESIAN_POINT('',(-0.00655953357182457,0.00475210682961846,0.002));
#11583=CARTESIAN_POINT('',(-0.00639756977992766,0.00463477085851677,-0.0130992358620942));
#11584=CARTESIAN_POINT('',(0.,0.,0.002));
#11585=CARTESIAN_POINT('',(0.,0.,0.002));
#11586=CARTESIAN_POINT('',(0.00641479696971595,-0.00255774705124804,0.002));
#11587=CARTESIAN_POINT('',(0.00641479696971595,-0.00255774705124804,0.002));
#11588=CARTESIAN_POINT('',(0.00715240805708743,-0.00285185185185185,0.002));
#11589=CARTESIAN_POINT('',(0.00641479696971595,-0.00255774705124804,0.002));
#11590=CARTESIAN_POINT('',(0.00715240805708743,-0.00285185185185185,0.0016));
#11591=CARTESIAN_POINT('',(0.00641479696971595,-0.00255774705124804,0.002));
#11592=CARTESIAN_POINT('',(0.00609659144024282,-0.00335580245911768,0.002));
#11593=CARTESIAN_POINT('',(0.00559254255029894,-0.0040515624102241,0.002));
#11594=CARTESIAN_POINT('',(0.00559254255029894,-0.0040515624102241,0.002));
#11595=CARTESIAN_POINT('',(0.00609659144024282,-0.00335580245911768,0.002));
#11596=CARTESIAN_POINT('',(0.00559254255029894,-0.0040515624102241,0.002));
#11597=CARTESIAN_POINT('',(0.00623560598803076,-0.00451743488741508,0.0016));
#11598=CARTESIAN_POINT('',(0.00623560598803076,-0.00451743488741508,0.002));
#11599=CARTESIAN_POINT('',(0.00559254255029894,-0.0040515624102241,0.002));
#11600=CARTESIAN_POINT('',(0.00639756977992767,-0.00463477085851677,-0.0130992358620942));
#11601=CARTESIAN_POINT('',(0.,0.,0.002));
#11602=CARTESIAN_POINT('',(0.,0.,0.002));
#11603=CARTESIAN_POINT('',(-0.00655953357182457,-0.00475210682961845,0.002));
#11604=CARTESIAN_POINT('',(-0.00655953357182457,-0.00475210682961845,0.002));
#11605=CARTESIAN_POINT('',(-0.00623560598803077,-0.00451743488741507,0.002));
#11606=CARTESIAN_POINT('',(-0.00559254255029894,-0.00405156241022409,0.002));
#11607=CARTESIAN_POINT('',(-0.00623560598803076,-0.00451743488741508,0.0016));
#11608=CARTESIAN_POINT('',(-0.00639756977992767,-0.00463477085851676,-0.0130992358620942));
#11609=CARTESIAN_POINT('',(-0.00559254255029894,-0.00405156241022409,0.002));
#11610=CARTESIAN_POINT('',(-0.00609659144024282,-0.00335580245911768,0.002));
#11611=CARTESIAN_POINT('',(-0.00641479696971596,-0.00255774705124804,0.002));
#11612=CARTESIAN_POINT('',(-0.00641479696971596,-0.00255774705124804,0.002));
#11613=CARTESIAN_POINT('',(-0.00609659144024282,-0.00335580245911768,0.002));
#11614=CARTESIAN_POINT('',(-0.00752396172239067,-0.003,0.002));
#11615=CARTESIAN_POINT('',(-0.00715240805708743,-0.00285185185185185,0.0016));
#11616=CARTESIAN_POINT('',(-0.00715240805708743,-0.00285185185185185,0.002));
#11617=CARTESIAN_POINT('',(-0.00752396172239067,-0.003,0.002));
#11618=CARTESIAN_POINT('',(0.,0.,0.002));
#11619=CARTESIAN_POINT('',(0.,0.,0.002));
#11620=CARTESIAN_POINT('',(0.00559254255029894,0.00405156241022409,0.002));
#11621=CARTESIAN_POINT('',(0.00559254255029894,0.00405156241022409,0.002));
#11622=CARTESIAN_POINT('',(0.00623560598803076,0.00451743488741508,0.002));
#11623=CARTESIAN_POINT('',(0.00559254255029894,0.00405156241022409,0.002));
#11624=CARTESIAN_POINT('',(0.00623560598803076,0.00451743488741508,0.0016));
#11625=CARTESIAN_POINT('',(0.00639756977992767,0.00463477085851677,-0.0130992358620942));
#11626=CARTESIAN_POINT('',(0.00559254255029894,0.00405156241022409,0.002));
#11627=CARTESIAN_POINT('',(0.00609659144024282,0.00335580245911768,0.002));
#11628=CARTESIAN_POINT('',(0.00641479696971595,0.00255774705124804,0.002));
#11629=CARTESIAN_POINT('',(0.00641479696971595,0.00255774705124804,0.002));
#11630=CARTESIAN_POINT('',(0.00609659144024282,0.00335580245911768,0.002));
#11631=CARTESIAN_POINT('',(0.00641479696971595,0.00255774705124804,0.002));
#11632=CARTESIAN_POINT('',(0.00715240805708743,0.00285185185185185,0.0016));
#11633=CARTESIAN_POINT('',(0.00715240805708743,0.00285185185185186,0.002));
#11634=CARTESIAN_POINT('',(0.00641479696971595,0.00255774705124804,0.002));
#11635=CARTESIAN_POINT('',(0.,0.,0.002));
#11636=CARTESIAN_POINT('',(0.,0.,0.002));
#11637=CARTESIAN_POINT('',(0.,0.,-0.0130992358620942));
#11638=CARTESIAN_POINT('',(0.,0.,-0.0130992358620942));
#11639=CARTESIAN_POINT('',(0.,0.,-0.0130992358620942));
#11640=CARTESIAN_POINT('',(0.,0.,-0.0130992358620942));
#11641=CARTESIAN_POINT('',(-0.0054,-0.0158169872981078,-0.0008));
#11642=CARTESIAN_POINT('',(-0.0005,-0.0158169872981078,-0.0008));
#11643=CARTESIAN_POINT('',(0.0044,-0.0158169872981078,-0.0008));
#11644=CARTESIAN_POINT('',(0.00515,-0.01675,-0.0008));
#11645=CARTESIAN_POINT('',(0.000249999999999997,-0.01675,-0.0008));
#11646=CARTESIAN_POINT('',(-0.00465,-0.01675,-0.0008));
#11647=CARTESIAN_POINT('',(0.,-0.01255,-0.0004));
#11648=CARTESIAN_POINT('',(0.,-0.01255,-0.0004));
#11649=CARTESIAN_POINT('',(0.,-0.01255,-0.0004));
#11650=CARTESIAN_POINT('',(0.0049,-0.0086,0.00095));
#11651=CARTESIAN_POINT('',(0.0049,-0.0086,0.00095));
#11652=CARTESIAN_POINT('',(4.33680868994202E-19,-0.0086,0.00095));
#11653=CARTESIAN_POINT('',(4.33680868994202E-19,-0.0086,0.00095));
#11654=CARTESIAN_POINT('',(-0.0049,-0.0086,0.00095));
#11655=CARTESIAN_POINT('',(-0.0049,-0.0086,0.00095));
#11656=CARTESIAN_POINT('',(0.00425,-0.01195,0.0002));
#11657=CARTESIAN_POINT('',(-0.00065,-0.01195,0.0002));
#11658=CARTESIAN_POINT('',(-0.00555,-0.01195,0.0002));
#11659=CARTESIAN_POINT('',(-0.00425,-0.01175,0.));
#11660=CARTESIAN_POINT('',(0.00065,-0.01175,0.));
#11661=CARTESIAN_POINT('',(0.00555,-0.01175,0.));
#11662=CARTESIAN_POINT('',(0.,0.,-0.0026));
#11663=CARTESIAN_POINT('',(-0.0067,0.,-0.0034));
#11664=CARTESIAN_POINT('',(-0.0059,0.001,-0.0056));
#11665=CARTESIAN_POINT('',(0.,0.,0.0016));
#11666=CARTESIAN_POINT('',(0.,0.,0.0016));
#11667=CARTESIAN_POINT('',(0.,0.,0.0016));
#11668=CARTESIAN_POINT('',(0.,0.,0.0016));
#11669=MECHANICAL_DESIGN_GEOMETRIC_PRESENTATION_REPRESENTATION('',(#4921,
#4922,#4923,#4924,#4925,#4926,#4927,#4928,#4929,#4930,#4931,#4932,#4933,
#4934,#4935,#4936,#4937,#4938,#4939,#4940,#4941,#4942,#4943,#4944,#4945,
#4946,#4947,#4948,#4949,#4950,#4951,#4952,#4953,#4954,#4955,#4956,#4957,
#4958,#4959,#4960,#4961,#4962,#4963,#4964,#4965,#4966,#4967,#4968,#4969,
#4970,#4971,#4972,#4973,#4974,#4975,#4976,#4977,#4978,#4979,#4980,#4981,
#4982,#4983,#4984,#4985,#4986,#4987,#4988,#4989,#4990,#4991,#4992,#4993,
#4994,#4995,#4996,#4997,#4998,#4999,#5000,#5001,#5002,#5003,#5004,#5005,
#5006,#5007,#5008,#5009,#5010,#5011,#5012,#5013,#5014,#5015,#5016,#5017,
#5018,#5019,#5020,#5021,#5022,#5023,#5024,#5025,#5026,#5027,#5028,#5029,
#5030,#5031,#5032,#5033,#5034,#5035,#5036,#5037,#5038,#5039,#5040,#5041,
#5042,#5043,#5044,#5045,#5046,#5047,#5048,#5049,#5050,#5051,#5052,#5053,
#5054,#5055,#5056,#5057,#5058,#5059,#5060,#5061,#5062,#5063,#5064,#5065,
#5066,#5067,#5068,#5069,#5070,#5071,#5072,#5073,#5074,#5075,#5076,#5077,
#5078,#5079,#5080,#5081,#5082,#5083,#5084,#5085,#5086,#5087,#5088,#5089,
#5090,#5091,#5092,#5093,#5094,#5095,#5096,#5097,#5098,#5099,#5100,#5101,
#5102,#5103,#5104,#5105,#5106,#5107,#5108,#5109,#5110,#5111,#5112,#5113,
#5114,#5115,#5116,#5117,#5118,#5119,#5120,#5121,#5122,#5123,#5124,#5125,
#5126,#5127,#5128,#5129,#5130,#5131,#5132,#5133,#5134,#5135,#5136,#5137,
#5138,#5139,#5140,#5141,#5142,#5143,#5144,#5145,#5146,#5147,#5148,#5149,
#5150,#5151,#5152,#5153,#5154,#5155,#5156,#5157,#5158,#5159,#5160,#5161,
#5162,#5163,#5164,#5165,#5166),#11670);
#11670=(
GEOMETRIC_REPRESENTATION_CONTEXT(3)
GLOBAL_UNCERTAINTY_ASSIGNED_CONTEXT((#11671))
GLOBAL_UNIT_ASSIGNED_CONTEXT((#11674,#11673,#11672))
REPRESENTATION_CONTEXT('id2','TOP_LEVEL_ASSEMBLY_PART')
);
#11671=UNCERTAINTY_MEASURE_WITH_UNIT(LENGTH_MEASURE(2.E-5),#11674,
'DISTANCE_ACCURACY_VALUE','Maximum Tolerance applied to model');
#11672=(
NAMED_UNIT(*)
SI_UNIT($,.STERADIAN.)
SOLID_ANGLE_UNIT()
);
#11673=(
NAMED_UNIT(*)
PLANE_ANGLE_UNIT()
SI_UNIT($,.RADIAN.)
);
#11674=(
LENGTH_UNIT()
NAMED_UNIT(*)
SI_UNIT($,.METRE.)
);
#11675=PRODUCT_DEFINITION_SHAPE('','',#11676);
#11676=PRODUCT_DEFINITION('','',#11678,#11677);
#11677=PRODUCT_DEFINITION_CONTEXT('',#11684,'design');
#11678=PRODUCT_DEFINITION_FORMATION_WITH_SPECIFIED_SOURCE('','',#11680,
 .NOT_KNOWN.);
#11679=PRODUCT_RELATED_PRODUCT_CATEGORY('','',(#11680));
#11680=PRODUCT('id2','id2','id2',(#11682));
#11681=PRODUCT_CATEGORY('','');
#11682=PRODUCT_CONTEXT('',#11684,'mechanical');
#11683=APPLICATION_PROTOCOL_DEFINITION('international standard',
'ap242_managed_model_based_3d_engineering',2020,#11684);
#11684=APPLICATION_CONTEXT('managed model based 3d engineering');
ENDSEC;
END-ISO-10303-21;
