ISO-10303-21;
HEADER;
/* Generated by software containing ST-Developer
 * from STEP Tools, Inc. (www.steptools.com) 
 */
/* OPTION: using custom renumber hook */

FILE_DESCRIPTION(
/* description */ ('STEP AP242 Edition 2',
'CAx-IF Rec.Pracs.---Representation and Presentation of Product Manufa
cturing Information (PMI)---4.0---2014-10-13',
'CAx-IF Rec.Pracs.---3D Tessellated Geometry---0.4---2014-09-14','2;1',
'CAx-IF Rec.Pracs.---User Defined Attributes---1.5---2016-08-15'),
/* implementation_level */ '2;1');

FILE_NAME(
/* name */ 'plot bot angle servo v20 parts - rocker switch KCD11 v1',
/* time_stamp */ '2026-06-22T13:03:15Z',
/* author */ (''),
/* organization */ (''),
/* preprocessor_version */ 'ST-DEVELOPER v20',
/* originating_system */ 'ONSHAPE BY PTC INC, 1.216',
/* authorisation */ '  ');

FILE_SCHEMA (('AP242_MANAGED_MODEL_BASED_3D_ENGINEERING_MIM_LF { 1 0 10303 442 3 1 4 }'));
ENDSEC;

DATA;
#10=SHAPE_REPRESENTATION_RELATIONSHIP('','',#2333,#11);
#11=ADVANCED_BREP_SHAPE_REPRESENTATION('',(#2331),#4769);
#12=(
BOUNDED_SURFACE()
B_SPLINE_SURFACE(3,3,((#3395,#3396,#3397,#3398),(#3399,#3400,#3401,#3402),
(#3403,#3404,#3405,#3406),(#3407,#3408,#3409,#3410)),.UNSPECIFIED.,.F.,
 .F.,.F.)
B_SPLINE_SURFACE_WITH_KNOTS((4,4),(4,4),(0.,0.503000122784114),(0.250000000054502,
0.5),.PIECEWISE_BEZIER_KNOTS.)
GEOMETRIC_REPRESENTATION_ITEM()
RATIONAL_B_SPLINE_SURFACE(((0.499999999999999,0.500000000072669,0.666666666739336,
1.),(0.332333292405295,0.332333292453596,0.443111056588695,0.66466658481059),
(0.249002959317535,0.249002959353725,0.332003945792903,0.49800591863507),
(0.25000900073672,0.250009000773056,0.333345334351962,0.500018001473439)))
REPRESENTATION_ITEM('')
SURFACE()
);
#13=(
BOUNDED_SURFACE()
B_SPLINE_SURFACE(3,3,((#3429,#3430,#3431,#3432,#3433,#3434,#3435),(#3436,
#3437,#3438,#3439,#3440,#3441,#3442),(#3443,#3444,#3445,#3446,#3447,#3448,
#3449),(#3450,#3451,#3452,#3453,#3454,#3455,#3456)),.UNSPECIFIED.,.F.,.F.,
 .F.)
B_SPLINE_SURFACE_WITH_KNOTS((4,4),(4,3,4),(0.,0.503000123027284),(0.499817442588546,
0.5,0.749999999965665),.PIECEWISE_BEZIER_KNOTS.)
GEOMETRIC_REPRESENTATION_ITEM()
RATIONAL_B_SPLINE_SURFACE(((0.999270036971851,0.999513269108678,0.999756590118061,
1.,0.666666666712446,0.50000000004578,0.499999999999999),(0.664181402615638,
0.6643430708893,0.664504798233579,0.664666584648477,0.443111056462747,0.332333292354667,
0.332333292324239),(0.497642392565645,0.497763523609348,0.49788469891211,
0.49800591847393,0.332003945672085,0.249002959259764,0.249002959236965),
(0.499653006821871,0.499774627268822,0.499896292153651,0.500018001476357,
0.333345334340462,0.25000900076107,0.250009000738179)))
REPRESENTATION_ITEM('')
SURFACE()
);
#14=(
BOUNDED_SURFACE()
B_SPLINE_SURFACE(3,3,((#3471,#3472,#3473,#3474,#3475,#3476,#3477),(#3478,
#3479,#3480,#3481,#3482,#3483,#3484),(#3485,#3486,#3487,#3488,#3489,#3490,
#3491),(#3492,#3493,#3494,#3495,#3496,#3497,#3498)),.UNSPECIFIED.,.F.,.F.,
 .F.)
B_SPLINE_SURFACE_WITH_KNOTS((4,4),(4,3,4),(0.496999877172394,1.),(0.498500393108132,
0.5,0.749999999945862),.PIECEWISE_BEZIER_KNOTS.)
GEOMETRIC_REPRESENTATION_ITEM()
RATIONAL_B_SPLINE_SURFACE(((0.497027675316865,0.498021452166838,0.499018227552537,
0.500018001473961,0.333345334352067,0.250009000773074,0.25000900073698),
(0.495027625583984,0.496017403455183,0.497010167795939,0.498005918606249,
0.332003945773447,0.249002959339073,0.249002959303125),(0.660691588144752,
0.662012601114204,0.663337599993152,0.664666584781596,0.443111056569042,
0.332333292438776,0.332333292390798),(0.994019562999169,0.996007045143899,
0.998000524144176,1.,0.66666666673885,0.500000000072184,0.499999999999999)))
REPRESENTATION_ITEM('')
SURFACE()
);
#15=(
BOUNDED_SURFACE()
B_SPLINE_SURFACE(3,3,((#3520,#3521,#3522,#3523,#3524,#3525,#3526),(#3527,
#3528,#3529,#3530,#3531,#3532,#3533),(#3534,#3535,#3536,#3537,#3538,#3539,
#3540),(#3541,#3542,#3543,#3544,#3545,#3546,#3547)),.UNSPECIFIED.,.F.,.F.,
 .F.)
B_SPLINE_SURFACE_WITH_KNOTS((4,4),(4,3,4),(0.496999876992562,1.),(0.250000000054505,
0.5,0.501500479054741),.PIECEWISE_BEZIER_KNOTS.)
GEOMETRIC_REPRESENTATION_ITEM()
RATIONAL_B_SPLINE_SURFACE(((0.25000900073806,0.250009000774398,0.333345334353751,
0.500018001476119,0.499017646091841,0.498020292732166,0.497025941397094),
(0.249002959243541,0.249002959279732,0.332003945694246,0.498005918487081,
0.497009588553979,0.496016248565268,0.49502589852095),(0.332333292330854,
0.332333292379157,0.443111056489442,0.664666584661708,0.66333682694348,
0.662011059772459,0.660689283148647),(0.5,0.500000000072673,0.666666666739339,
1.,0.997999361260345,0.99600472635374,0.994016095280185)))
REPRESENTATION_ITEM('')
SURFACE()
);
#16=(
BOUNDED_SURFACE()
B_SPLINE_SURFACE(3,2,((#3904,#3905,#3906),(#3907,#3908,#3909),(#3910,#3911,
#3912),(#3913,#3914,#3915),(#3916,#3917,#3918),(#3919,#3920,#3921),(#3922,
#3923,#3924),(#3925,#3926,#3927),(#3928,#3929,#3930),(#3931,#3932,#3933),
(#3934,#3935,#3936),(#3937,#3938,#3939),(#3940,#3941,#3942),(#3943,#3944,
#3945),(#3946,#3947,#3948),(#3949,#3950,#3951)),.UNSPECIFIED.,.F.,.F.,.F.)
B_SPLINE_SURFACE_WITH_KNOTS((4,2,2,2,2,2,2,4),(3,3),(0.,0.25,0.5,0.5625,
0.59375,0.625,0.75,1.),(0.,1.),.UNSPECIFIED.)
GEOMETRIC_REPRESENTATION_ITEM()
RATIONAL_B_SPLINE_SURFACE(((1.,0.687700250762485,1.),(1.,0.692564096922175,
1.),(1.,0.696702279768025,1.),(1.,0.703368135994391,1.),(1.,0.705896996261909,
1.),(1.,0.707936427523588,1.),(1.,0.708288120598744,1.),(1.,0.708728800295701,
1.),(1.,0.708861214928706,1.),(1.,0.709096633581116,1.),(1.,0.709199569945937,
1.),(1.,0.709638456946731,1.),(1.,0.709748782004091,1.),(1.,0.709353608750157,
1.),(1.,0.708122742965163,1.),(1.,0.705899342562045,1.)))
REPRESENTATION_ITEM('')
SURFACE()
);
#17=(
BOUNDED_SURFACE()
B_SPLINE_SURFACE(3,2,((#3965,#3966,#3967),(#3968,#3969,#3970),(#3971,#3972,
#3973),(#3974,#3975,#3976),(#3977,#3978,#3979),(#3980,#3981,#3982),(#3983,
#3984,#3985),(#3986,#3987,#3988),(#3989,#3990,#3991),(#3992,#3993,#3994),
(#3995,#3996,#3997),(#3998,#3999,#4000),(#4001,#4002,#4003),(#4004,#4005,
#4006)),.UNSPECIFIED.,.F.,.F.,.F.)
B_SPLINE_SURFACE_WITH_KNOTS((4,2,2,2,2,2,4),(3,3),(0.,0.25,0.5,0.625,0.75,
0.875,1.),(0.,1.),.UNSPECIFIED.)
GEOMETRIC_REPRESENTATION_ITEM()
RATIONAL_B_SPLINE_SURFACE(((1.,0.705899342562044,1.),(1.,0.704894846795294,
1.),(1.,0.703873046907714,1.),(1.,0.701833104874381,1.),(1.,0.700864659742394,
1.),(1.,0.699548823226173,1.),(1.,0.699140148138674,1.),(1.,0.698402537413841,
1.),(1.,0.698071155235062,1.),(1.,0.697492853568498,1.),(1.,0.697249670575644,
1.),(1.,0.696869919109452,1.),(1.,0.696731363947312,1.),(1.,0.69664730960904,
1.)))
REPRESENTATION_ITEM('')
SURFACE()
);
#18=(
BOUNDED_SURFACE()
B_SPLINE_SURFACE(3,2,((#4162,#4163,#4164),(#4165,#4166,#4167),(#4168,#4169,
#4170),(#4171,#4172,#4173),(#4174,#4175,#4176),(#4177,#4178,#4179),(#4180,
#4181,#4182),(#4183,#4184,#4185),(#4186,#4187,#4188),(#4189,#4190,#4191),
(#4192,#4193,#4194),(#4195,#4196,#4197),(#4198,#4199,#4200),(#4201,#4202,
#4203)),.UNSPECIFIED.,.F.,.F.,.F.)
B_SPLINE_SURFACE_WITH_KNOTS((4,2,2,2,2,2,4),(3,3),(0.,0.25,0.5,0.625,0.75,
0.875,1.),(0.,1.),.UNSPECIFIED.)
GEOMETRIC_REPRESENTATION_ITEM()
RATIONAL_B_SPLINE_SURFACE(((1.,0.69664730960904,1.),(1.,0.696816740914164,
1.),(1.,0.697198316637752,1.),(1.,0.6983563427587,1.),(1.,0.699103590177119,
1.),(1.,0.700418621859476,1.),(1.,0.700883456582886,1.),(1.,0.70184118081361,
1.),(1.,0.702336432532451,1.),(1.,0.703353407985724,1.),(1.,0.703869742998177,
1.),(1.,0.704889734644793,1.),(1.,0.705396880954059,1.),(1.,0.705899342562044,
1.)))
REPRESENTATION_ITEM('')
SURFACE()
);
#19=(
BOUNDED_SURFACE()
B_SPLINE_SURFACE(3,2,((#4210,#4211,#4212),(#4213,#4214,#4215),(#4216,#4217,
#4218),(#4219,#4220,#4221),(#4222,#4223,#4224),(#4225,#4226,#4227),(#4228,
#4229,#4230),(#4231,#4232,#4233),(#4234,#4235,#4236),(#4237,#4238,#4239),
(#4240,#4241,#4242),(#4243,#4244,#4245),(#4246,#4247,#4248),(#4249,#4250,
#4251),(#4252,#4253,#4254),(#4255,#4256,#4257)),.UNSPECIFIED.,.F.,.F.,.F.)
B_SPLINE_SURFACE_WITH_KNOTS((4,2,2,2,2,2,2,4),(3,3),(0.,0.25,0.5,0.5625,
0.59375,0.625,0.75,1.),(0.,1.00025942227718),.UNSPECIFIED.)
GEOMETRIC_REPRESENTATION_ITEM()
RATIONAL_B_SPLINE_SURFACE(((1.,0.687619233250376,1.00016207705971),(1.,
0.692484341199802,1.00015955282495),(1.,0.696623597583195,1.00015740519431),
(1.,0.703291183080334,1.00015394575389),(1.,0.705820699391371,1.00015263332812),
(1.,0.707860659726432,1.00015157490581),(1.,0.70821244403892,1.00015139238444),
(1.,0.708653238057692,1.00015116368086),(1.,0.708785687042049,1.00015109496043),
(1.,0.709021166767422,1.00015097278305),(1.,0.709124129836214,1.00015091936123),
(1.,0.709563130693848,1.00015069158802),(1.,0.709673484372405,1.00015063433162),
(1.,0.70927820860101,1.0001508394183),(1.,0.708047023502845,1.00015147821198),
(1.,0.705823046299772,1.00015263211045)))
REPRESENTATION_ITEM('')
SURFACE()
);
#20=(
BOUNDED_SURFACE()
B_SPLINE_SURFACE(3,2,((#4369,#4370,#4371),(#4372,#4373,#4374),(#4375,#4376,
#4377),(#4378,#4379,#4380),(#4381,#4382,#4383),(#4384,#4385,#4386),(#4387,
#4388,#4389),(#4390,#4391,#4392),(#4393,#4394,#4395),(#4396,#4397,#4398),
(#4399,#4400,#4401),(#4402,#4403,#4404),(#4405,#4406,#4407),(#4408,#4409,
#4410),(#4411,#4412,#4413),(#4414,#4415,#4416)),.UNSPECIFIED.,.F.,.F.,.F.)
B_SPLINE_SURFACE_WITH_KNOTS((4,2,2,2,2,2,2,4),(3,3),(0.,0.125,0.25,0.375,
0.5,0.625,0.75,1.),(0.,1.),.UNSPECIFIED.)
GEOMETRIC_REPRESENTATION_ITEM()
RATIONAL_B_SPLINE_SURFACE(((1.,0.665203044729802,1.),(1.,0.664224281046627,
1.),(1.,0.663511124863932,1.),(1.,0.662601946192392,1.),(1.,0.662406208487135,
1.),(1.,0.662552803922759,1.),(1.,0.662889548521887,1.),(1.,0.664064858818563,
1.),(1.,0.664916526209486,1.),(1.,0.667066987515558,1.),(1.,0.668359598367089,
1.),(1.,0.671356045648525,1.),(1.,0.673077135085418,1.),(1.,0.678645237349874,
1.),(1.,0.682968308330644,1.),(1.,0.687700250762532,1.)))
REPRESENTATION_ITEM('')
SURFACE()
);
#21=B_SPLINE_CURVE_WITH_KNOTS('',3,(#3299,#3300,#3301,#3302),
 .UNSPECIFIED.,.F.,.F.,(4,4),(2.64622819028037E-8,0.999999973535017),
 .UNSPECIFIED.);
#22=B_SPLINE_CURVE_WITH_KNOTS('',3,(#3313,#3314,#3315,#3316,#3317),
 .UNSPECIFIED.,.F.,.F.,(4,1,4),(0.,0.5,1.),.UNSPECIFIED.);
#23=B_SPLINE_CURVE_WITH_KNOTS('',3,(#3340,#3341,#3342,#3343),
 .UNSPECIFIED.,.F.,.F.,(4,4),(2.64695349535945E-8,0.999999973540149),
 .UNSPECIFIED.);
#24=B_SPLINE_CURVE_WITH_KNOTS('',3,(#3354,#3355,#3356,#3357,#3358),
 .UNSPECIFIED.,.F.,.F.,(4,1,4),(0.,0.5,1.),.UNSPECIFIED.);
#25=B_SPLINE_CURVE_WITH_KNOTS('',3,(#3375,#3376,#3377,#3378,#3379),
 .UNSPECIFIED.,.F.,.F.,(4,1,4),(0.,0.5,1.),.UNSPECIFIED.);
#26=B_SPLINE_CURVE_WITH_KNOTS('',3,(#3381,#3382,#3383,#3384),
 .UNSPECIFIED.,.F.,.F.,(4,4),(2.64867310941136E-8,0.999999973537546),
 .UNSPECIFIED.);
#27=B_SPLINE_CURVE_WITH_KNOTS('',3,(#3387,#3388,#3389,#3390),
 .UNSPECIFIED.,.F.,.F.,(4,4),(0.,1.),.UNSPECIFIED.);
#28=B_SPLINE_CURVE_WITH_KNOTS('',3,(#3391,#3392,#3393,#3394),
 .UNSPECIFIED.,.F.,.F.,(4,4),(0.,1.),.UNSPECIFIED.);
#29=B_SPLINE_CURVE_WITH_KNOTS('',3,(#3411,#3412,#3413,#3414,#3415),
 .UNSPECIFIED.,.F.,.F.,(4,1,4),(0.,0.5,1.),.UNSPECIFIED.);
#30=B_SPLINE_CURVE_WITH_KNOTS('',3,(#3457,#3458,#3459,#3460),
 .UNSPECIFIED.,.F.,.F.,(4,4),(0.,1.),.UNSPECIFIED.);
#31=B_SPLINE_CURVE_WITH_KNOTS('',3,(#3462,#3463,#3464,#3465),
 .UNSPECIFIED.,.F.,.F.,(4,4),(0.,0.999999973533275),.UNSPECIFIED.);
#32=B_SPLINE_CURVE_WITH_KNOTS('',3,(#3467,#3468,#3469,#3470),
 .UNSPECIFIED.,.F.,.F.,(4,4),(0.,1.),.UNSPECIFIED.);
#33=B_SPLINE_CURVE_WITH_KNOTS('',3,(#3499,#3500,#3501,#3502,#3503),
 .UNSPECIFIED.,.F.,.F.,(4,1,4),(0.,0.5,1.),.UNSPECIFIED.);
#34=B_SPLINE_CURVE_WITH_KNOTS('',3,(#3515,#3516,#3517,#3518,#3519),
 .UNSPECIFIED.,.F.,.F.,(4,1,4),(0.,0.5,1.),.UNSPECIFIED.);
#35=B_SPLINE_CURVE_WITH_KNOTS('',3,(#3549,#3550,#3551,#3552),
 .UNSPECIFIED.,.F.,.F.,(4,4),(0.,1.),.UNSPECIFIED.);
#36=B_SPLINE_CURVE_WITH_KNOTS('',3,(#3557,#3558,#3559,#3560),
 .UNSPECIFIED.,.F.,.F.,(4,4),(0.,1.),.UNSPECIFIED.);
#37=B_SPLINE_CURVE_WITH_KNOTS('',3,(#3574,#3575,#3576,#3577),
 .UNSPECIFIED.,.F.,.F.,(4,4),(0.,1.),.UNSPECIFIED.);
#38=B_SPLINE_CURVE_WITH_KNOTS('',3,(#3588,#3589,#3590,#3591),
 .UNSPECIFIED.,.F.,.F.,(4,4),(0.,1.),.UNSPECIFIED.);
#39=B_SPLINE_CURVE_WITH_KNOTS('',3,(#3592,#3593,#3594,#3595),
 .UNSPECIFIED.,.F.,.F.,(4,4),(0.,1.),.UNSPECIFIED.);
#40=B_SPLINE_CURVE_WITH_KNOTS('',3,(#3604,#3605,#3606,#3607),
 .UNSPECIFIED.,.F.,.F.,(4,4),(0.,1.),.UNSPECIFIED.);
#41=B_SPLINE_CURVE_WITH_KNOTS('',3,(#3609,#3610,#3611,#3612),
 .UNSPECIFIED.,.F.,.F.,(4,4),(0.,1.),.UNSPECIFIED.);
#42=B_SPLINE_CURVE_WITH_KNOTS('',3,(#3616,#3617,#3618,#3619),
 .UNSPECIFIED.,.F.,.F.,(4,4),(0.,1.),.UNSPECIFIED.);
#43=B_SPLINE_CURVE_WITH_KNOTS('',3,(#3627,#3628,#3629,#3630),
 .UNSPECIFIED.,.F.,.F.,(4,4),(0.,1.),.UNSPECIFIED.);
#44=B_SPLINE_CURVE_WITH_KNOTS('',3,(#3639,#3640,#3641,#3642),
 .UNSPECIFIED.,.F.,.F.,(4,4),(0.,1.),.UNSPECIFIED.);
#45=B_SPLINE_CURVE_WITH_KNOTS('',3,(#3644,#3645,#3646,#3647),
 .UNSPECIFIED.,.F.,.F.,(4,4),(0.,1.),.UNSPECIFIED.);
#46=B_SPLINE_CURVE_WITH_KNOTS('',3,(#3676,#3677,#3678,#3679),
 .UNSPECIFIED.,.F.,.F.,(4,4),(0.,1.),.UNSPECIFIED.);
#47=B_SPLINE_CURVE_WITH_KNOTS('',3,(#3690,#3691,#3692,#3693),
 .UNSPECIFIED.,.F.,.F.,(4,4),(0.,1.),.UNSPECIFIED.);
#48=B_SPLINE_CURVE_WITH_KNOTS('',3,(#3716,#3717,#3718,#3719),
 .UNSPECIFIED.,.F.,.F.,(4,4),(0.,1.),.UNSPECIFIED.);
#49=B_SPLINE_CURVE_WITH_KNOTS('',3,(#3723,#3724,#3725,#3726),
 .UNSPECIFIED.,.F.,.F.,(4,4),(6.64865515413352E-7,0.999999335667127),
 .UNSPECIFIED.);
#50=B_SPLINE_CURVE_WITH_KNOTS('',3,(#3730,#3731,#3732,#3733,#3734,#3735,
#3736,#3737,#3738,#3739,#3740,#3741,#3742,#3743,#3744,#3745,#3746,#3747,
#3748,#3749,#3750,#3751),.UNSPECIFIED.,.F.,.F.,(4,3,3,3,3,3,3,4),(-0.0703225572739686,
-0.0655709989807474,-0.0649091630621424,-0.0594025570715594,-0.0515024589571745,
-0.0358317497943882,-0.0347151094934109,-1.00025473740627E-6),
 .UNSPECIFIED.);
#51=B_SPLINE_CURVE_WITH_KNOTS('',3,(#3755,#3756,#3757,#3758),
 .UNSPECIFIED.,.F.,.F.,(4,4),(0.,0.999995105161742),.UNSPECIFIED.);
#52=B_SPLINE_CURVE_WITH_KNOTS('',3,(#3760,#3761,#3762,#3763),
 .UNSPECIFIED.,.F.,.F.,(4,4),(9.69041325289116E-6,1.),.UNSPECIFIED.);
#53=B_SPLINE_CURVE_WITH_KNOTS('',3,(#3765,#3766,#3767,#3768,#3769),
 .UNSPECIFIED.,.F.,.F.,(4,1,4),(0.,0.5,1.),.UNSPECIFIED.);
#54=B_SPLINE_CURVE_WITH_KNOTS('',3,(#3772,#3773,#3774,#3775),
 .UNSPECIFIED.,.F.,.F.,(4,4),(0.,1.),.UNSPECIFIED.);
#55=B_SPLINE_CURVE_WITH_KNOTS('',3,(#3776,#3777,#3778,#3779),
 .UNSPECIFIED.,.F.,.F.,(4,4),(0.,1.),.UNSPECIFIED.);
#56=B_SPLINE_CURVE_WITH_KNOTS('',3,(#3788,#3789,#3790,#3791),
 .UNSPECIFIED.,.F.,.F.,(4,4),(0.,1.),.UNSPECIFIED.);
#57=B_SPLINE_CURVE_WITH_KNOTS('',3,(#3814,#3815,#3816,#3817),
 .UNSPECIFIED.,.F.,.F.,(4,4),(0.,1.),.UNSPECIFIED.);
#58=B_SPLINE_CURVE_WITH_KNOTS('',3,(#3819,#3820,#3821,#3822),
 .UNSPECIFIED.,.F.,.F.,(4,4),(0.,1.),.UNSPECIFIED.);
#59=B_SPLINE_CURVE_WITH_KNOTS('',3,(#3824,#3825,#3826,#3827),
 .UNSPECIFIED.,.F.,.F.,(4,4),(0.,1.),.UNSPECIFIED.);
#60=B_SPLINE_CURVE_WITH_KNOTS('',3,(#3829,#3830,#3831,#3832),
 .UNSPECIFIED.,.F.,.F.,(4,4),(0.,0.999999394270475),.UNSPECIFIED.);
#61=B_SPLINE_CURVE_WITH_KNOTS('',3,(#3834,#3835,#3836,#3837),
 .UNSPECIFIED.,.F.,.F.,(4,4),(0.,1.),.UNSPECIFIED.);
#62=B_SPLINE_CURVE_WITH_KNOTS('',3,(#3839,#3840,#3841,#3842,#3843,#3844,
#3845,#3846,#3847),.UNSPECIFIED.,.F.,.F.,(4,1,1,1,1,1,4),(0.,0.25,0.5,0.75,
0.875,0.9375,1.),.UNSPECIFIED.);
#63=B_SPLINE_CURVE_WITH_KNOTS('',3,(#3851,#3852,#3853,#3854),
 .UNSPECIFIED.,.F.,.F.,(4,4),(0.,0.999997955364806),.UNSPECIFIED.);
#64=B_SPLINE_CURVE_WITH_KNOTS('',3,(#3856,#3857,#3858,#3859,#3860),
 .UNSPECIFIED.,.F.,.F.,(4,1,4),(0.,0.5,1.),.UNSPECIFIED.);
#65=B_SPLINE_CURVE_WITH_KNOTS('',3,(#3870,#3871,#3872,#3873),
 .UNSPECIFIED.,.F.,.F.,(4,4),(4.52880472703911E-8,0.999999954664232),
 .UNSPECIFIED.);
#66=B_SPLINE_CURVE_WITH_KNOTS('',3,(#3900,#3901,#3902,#3903),
 .UNSPECIFIED.,.F.,.F.,(4,4),(0.,1.),.UNSPECIFIED.);
#67=B_SPLINE_CURVE_WITH_KNOTS('',3,(#3956,#3957,#3958,#3959,#3960,#3961,
#3962,#3963,#3964),.UNSPECIFIED.,.F.,.F.,(4,1,1,1,1,1,4),(0.,0.125,0.25,
0.375,0.5,0.75,1.),.UNSPECIFIED.);
#68=B_SPLINE_CURVE_WITH_KNOTS('',3,(#4009,#4010,#4011,#4012),
 .UNSPECIFIED.,.F.,.F.,(4,4),(0.,1.),.UNSPECIFIED.);
#69=B_SPLINE_CURVE_WITH_KNOTS('',3,(#4040,#4041,#4042,#4043),
 .UNSPECIFIED.,.F.,.F.,(4,4),(0.,1.),.UNSPECIFIED.);
#70=B_SPLINE_CURVE_WITH_KNOTS('',3,(#4044,#4045,#4046,#4047,#4048,#4049,
#4050,#4051,#4052,#4053,#4054,#4055,#4056,#4057,#4058,#4059,#4060,#4061,
#4062,#4063,#4064,#4065,#4066,#4067,#4068,#4069,#4070,#4071,#4072,#4073,
#4074,#4075,#4076,#4077,#4078,#4079,#4080),.UNSPECIFIED.,.F.,.F.,(4,3,3,
3,3,3,3,3,3,3,3,3,4),(-0.0448414076260267,-0.0390632270686051,-0.0333953762565471,
-0.027960483559255,-0.0230177645771399,-0.022743171433269,-0.0181871869326664,
-0.0138399896655693,-0.012521484856572,-0.00860760367265878,-0.00571291464607909,
-0.0021927602024774,-9.98522833761204E-7),.UNSPECIFIED.);
#71=B_SPLINE_CURVE_WITH_KNOTS('',3,(#4091,#4092,#4093,#4094,#4095,#4096,
#4097,#4098,#4099,#4100,#4101,#4102,#4103,#4104,#4105,#4106,#4107,#4108,
#4109,#4110,#4111,#4112,#4113,#4114,#4115,#4116,#4117,#4118,#4119,#4120,
#4121,#4122,#4123,#4124),.UNSPECIFIED.,.F.,.F.,(4,3,3,3,3,3,3,3,3,3,3,4),
(-0.0448192414265345,-0.0413007647439689,-0.0391105322727959,-0.035198556411231,
-0.032305879429348,-0.027978035831876,-0.0234285458308604,-0.0220890432820927,
-0.0171335782753054,-0.0114413167003945,-0.00577580723614094,0.),
 .UNSPECIFIED.);
#72=B_SPLINE_CURVE_WITH_KNOTS('',3,(#4128,#4129,#4130,#4131),
 .UNSPECIFIED.,.F.,.F.,(4,4),(0.,1.),.UNSPECIFIED.);
#73=B_SPLINE_CURVE_WITH_KNOTS('',3,(#4158,#4159,#4160,#4161),
 .UNSPECIFIED.,.F.,.F.,(4,4),(0.,1.),.UNSPECIFIED.);
#74=B_SPLINE_CURVE_WITH_KNOTS('',3,(#4206,#4207,#4208,#4209),
 .UNSPECIFIED.,.F.,.F.,(4,4),(0.,1.),.UNSPECIFIED.);
#75=B_SPLINE_CURVE_WITH_KNOTS('',3,(#4260,#4261,#4262,#4263,#4264,#4265,
#4266,#4267),.UNSPECIFIED.,.F.,.F.,(4,1,1,1,1,4),(0.,0.25,0.375,0.5,0.75,
1.),.UNSPECIFIED.);
#76=B_SPLINE_CURVE_WITH_KNOTS('',3,(#4292,#4293,#4294,#4295,#4296,#4297,
#4298,#4299,#4300,#4301,#4302,#4303,#4304,#4305,#4306,#4307,#4308,#4309,
#4310,#4311,#4312,#4313,#4314,#4315,#4316,#4317,#4318,#4319,#4320,#4321,
#4322,#4323,#4324,#4325,#4326,#4327,#4328,#4329,#4330,#4331,#4332,#4333,
#4334,#4335,#4336,#4337,#4338,#4339,#4340,#4341,#4342,#4343),
 .UNSPECIFIED.,.F.,.F.,(4,3,3,3,3,3,3,3,3,3,3,3,3,3,3,3,3,4),(-0.01,0.,
0.0984226856718952,0.131451899460022,0.236858938251584,0.264587606651338,
0.368337559024952,0.397360825682993,0.501522963051707,0.52777912225727,
0.616695577548546,0.654180283051602,0.752721013009029,0.775391042721919,
0.859702372554812,0.89074471786436,0.981594289453101,1.),
 .PIECEWISE_BEZIER_KNOTS.);
#77=B_SPLINE_CURVE_WITH_KNOTS('',3,(#4345,#4346,#4347,#4348),
 .UNSPECIFIED.,.F.,.F.,(4,4),(0.,1.),.UNSPECIFIED.);
#78=B_SPLINE_CURVE_WITH_KNOTS('',3,(#4350,#4351,#4352,#4353),
 .UNSPECIFIED.,.F.,.F.,(4,4),(0.,0.999991916043593),.UNSPECIFIED.);
#79=B_SPLINE_CURVE_WITH_KNOTS('',3,(#4355,#4356,#4357,#4358),
 .UNSPECIFIED.,.F.,.F.,(4,4),(5.7736240802121E-5,0.999999954785995),
 .UNSPECIFIED.);
#80=B_SPLINE_CURVE_WITH_KNOTS('',3,(#4360,#4361,#4362,#4363),
 .UNSPECIFIED.,.F.,.F.,(4,4),(0.,1.),.UNSPECIFIED.);
#81=B_SPLINE_CURVE_WITH_KNOTS('',3,(#4365,#4366,#4367,#4368),
 .UNSPECIFIED.,.F.,.F.,(4,4),(0.,1.),.UNSPECIFIED.);
#82=B_SPLINE_CURVE_WITH_KNOTS('',3,(#4417,#4418,#4419,#4420),
 .UNSPECIFIED.,.F.,.F.,(4,4),(0.,1.),.UNSPECIFIED.);
#83=B_SPLINE_CURVE_WITH_KNOTS('',3,(#4430,#4431,#4432,#4433,#4434,#4435,
#4436,#4437,#4438),.UNSPECIFIED.,.F.,.F.,(4,1,1,1,1,1,4),(0.,0.125,0.25,
0.5,0.625,0.75,1.),.UNSPECIFIED.);
#84=B_SPLINE_CURVE_WITH_KNOTS('',3,(#4441,#4442,#4443,#4444,#4445,#4446,
#4447,#4448,#4449,#4450,#4451),.UNSPECIFIED.,.F.,.F.,(4,1,1,1,1,1,1,1,4),
(0.,0.125,0.25,0.375,0.5,0.75,0.875,0.9375,1.),.UNSPECIFIED.);
#85=B_SPLINE_CURVE_WITH_KNOTS('',3,(#4453,#4454,#4455,#4456,#4457,#4458,
#4459,#4460,#4461,#4462,#4463),.UNSPECIFIED.,.F.,.F.,(4,1,1,1,1,1,1,1,4),
(0.,0.0625,0.125,0.25,0.5,0.625,0.75,0.875,1.),.UNSPECIFIED.);
#86=B_SPLINE_CURVE_WITH_KNOTS('',3,(#4465,#4466,#4467,#4468,#4469,#4470,
#4471,#4472,#4473,#4474),.UNSPECIFIED.,.F.,.F.,(4,1,1,1,1,1,1,4),(0.,0.125,
0.25,0.375,0.5,0.75,0.875,1.),.UNSPECIFIED.);
#87=B_SPLINE_CURVE_WITH_KNOTS('',3,(#4475,#4476,#4477,#4478),
 .UNSPECIFIED.,.F.,.F.,(4,4),(0.,1.),.UNSPECIFIED.);
#88=B_SPLINE_CURVE_WITH_KNOTS('',3,(#4519,#4520,#4521,#4522,#4523,#4524,
#4525,#4526,#4527,#4528,#4529,#4530,#4531,#4532,#4533,#4534),
 .UNSPECIFIED.,.F.,.F.,(4,1,1,1,1,1,1,1,1,1,1,1,1,4),(0.,0.0625,0.125,0.1875,
0.25,0.3125,0.375,0.4375,0.5,0.625,0.75,0.875,0.9375,1.),.UNSPECIFIED.);
#89=B_SPLINE_CURVE_WITH_KNOTS('',3,(#4549,#4550,#4551,#4552,#4553,#4554,
#4555,#4556,#4557,#4558),.UNSPECIFIED.,.F.,.F.,(4,1,1,1,1,1,1,4),(0.,0.125,
0.25,0.375,0.5,0.75,0.875,1.),.UNSPECIFIED.);
#90=B_SPLINE_CURVE_WITH_KNOTS('',3,(#4571,#4572,#4573,#4574,#4575,#4576,
#4577,#4578,#4579,#4580,#4581,#4582,#4583,#4584,#4585),.UNSPECIFIED.,.F.,
 .F.,(4,1,1,1,1,1,1,1,1,1,1,1,4),(0.,0.125,0.25,0.375,0.4375,0.5,0.5625,
0.625,0.6875,0.75,0.875,0.9375,1.),.UNSPECIFIED.);
#91=B_SPLINE_CURVE_WITH_KNOTS('',3,(#4596,#4597,#4598,#4599,#4600,#4601,
#4602,#4603,#4604,#4605,#4606,#4607,#4608,#4609,#4610,#4611,#4612),
 .UNSPECIFIED.,.F.,.F.,(4,1,1,1,1,1,1,1,1,1,1,1,1,1,4),(0.,0.0625,0.125,
0.25,0.375,0.4375,0.5,0.5625,0.625,0.6875,0.75,0.8125,0.875,0.9375,1.),
 .UNSPECIFIED.);
#92=B_SPLINE_CURVE_WITH_KNOTS('',3,(#4630,#4631,#4632,#4633,#4634,#4635,
#4636,#4637,#4638),.UNSPECIFIED.,.F.,.F.,(4,1,1,1,1,1,4),(0.,0.125,0.25,
0.5,0.75,0.875,1.),.UNSPECIFIED.);
#93=B_SPLINE_CURVE_WITH_KNOTS('',3,(#4641,#4642,#4643,#4644,#4645,#4646,
#4647,#4648,#4649),.UNSPECIFIED.,.F.,.F.,(4,1,1,1,1,1,4),(0.,0.125,0.25,
0.5,0.75,0.875,1.),.UNSPECIFIED.);
#94=B_SPLINE_CURVE_WITH_KNOTS('',3,(#4651,#4652,#4653,#4654,#4655,#4656,
#4657,#4658,#4659),.UNSPECIFIED.,.F.,.F.,(4,1,1,1,1,1,4),(0.,0.125,0.25,
0.5,0.75,0.875,1.),.UNSPECIFIED.);
#95=B_SPLINE_CURVE_WITH_KNOTS('',3,(#4661,#4662,#4663,#4664,#4665,#4666,
#4667,#4668,#4669,#4670),.UNSPECIFIED.,.F.,.F.,(4,1,1,1,1,1,1,4),(0.,0.125,
0.25,0.375,0.5,0.75,0.875,1.),.UNSPECIFIED.);
#96=B_SPLINE_CURVE_WITH_KNOTS('',3,(#4686,#4687,#4688,#4689,#4690,#4691,
#4692,#4693,#4694,#4695,#4696,#4697),.UNSPECIFIED.,.F.,.F.,(4,1,1,1,1,1,
1,1,1,4),(0.,0.125,0.25,0.375,0.5,0.5625,0.625,0.75,0.875,1.),
 .UNSPECIFIED.);
#97=B_SPLINE_CURVE_WITH_KNOTS('',3,(#4712,#4713,#4714,#4715,#4716,#4717,
#4718,#4719,#4720),.UNSPECIFIED.,.F.,.F.,(4,1,1,1,1,1,4),(0.,0.125,0.25,
0.5,0.75,0.875,1.),.UNSPECIFIED.);
#98=B_SPLINE_CURVE_WITH_KNOTS('',3,(#4733,#4734,#4735,#4736,#4737,#4738,
#4739,#4740,#4741,#4742,#4743,#4744),.UNSPECIFIED.,.F.,.F.,(4,1,1,1,1,1,
1,1,1,4),(0.,0.0625,0.125,0.25,0.375,0.5,0.625,0.75,0.875,1.),
 .UNSPECIFIED.);
#99=B_SPLINE_CURVE_WITH_KNOTS('',3,(#4757,#4758,#4759,#4760,#4761,#4762,
#4763,#4764,#4765),.UNSPECIFIED.,.F.,.F.,(4,1,1,1,1,1,4),(0.,0.25,0.375,
0.5,0.75,0.875,1.),.UNSPECIFIED.);
#100=CYLINDRICAL_SURFACE('',#2349,0.000691836399164319);
#101=CYLINDRICAL_SURFACE('',#2369,0.000691836399183638);
#102=CYLINDRICAL_SURFACE('',#2407,0.000570102284208654);
#103=CYLINDRICAL_SURFACE('',#2409,0.000570102284205891);
#104=CYLINDRICAL_SURFACE('',#2419,0.0423067981383166);
#105=CYLINDRICAL_SURFACE('',#2421,0.0200893579915264);
#106=CYLINDRICAL_SURFACE('',#2424,0.0200438899404046);
#107=CYLINDRICAL_SURFACE('',#2426,0.0422981622875315);
#108=CYLINDRICAL_SURFACE('',#2429,0.0201005536276049);
#109=CYLINDRICAL_SURFACE('',#2432,0.020074992784993);
#110=CYLINDRICAL_SURFACE('',#2444,0.0198597934239787);
#111=CYLINDRICAL_SURFACE('',#2446,0.000466339904880488);
#112=CYLINDRICAL_SURFACE('',#2447,0.0419829838184429);
#113=CYLINDRICAL_SURFACE('',#2448,0.0198470217634316);
#114=CYLINDRICAL_SURFACE('',#2451,0.0198721333550875);
#115=CYLINDRICAL_SURFACE('',#2453,0.041978646835861);
#116=CYLINDRICAL_SURFACE('',#2454,0.000481145359694317);
#117=CYLINDRICAL_SURFACE('',#2455,0.0198156202556456);
#118=CYLINDRICAL_SURFACE('',#2469,0.000288702771026695);
#119=CYLINDRICAL_SURFACE('',#2470,0.0190171679512652);
#120=CYLINDRICAL_SURFACE('',#2479,0.0189401591456323);
#121=CYLINDRICAL_SURFACE('',#2480,0.0190714434742375);
#122=CYLINDRICAL_SURFACE('',#2481,0.0189360660589002);
#123=B_SPLINE_SURFACE_WITH_KNOTS('',3,1,((#3000,#3001),(#3002,#3003),(#3004,
#3005),(#3006,#3007),(#3008,#3009),(#3010,#3011),(#3012,#3013)),
 .SURF_OF_LINEAR_EXTRUSION.,.F.,.F.,.F.,(4,1,1,1,4),(2,2),(0.889925258812992,
0.944962629409424,1.00000000000586,1.05503737060229,1.11007474119872),(0.,
1.),.UNSPECIFIED.);
#124=B_SPLINE_SURFACE_WITH_KNOTS('',3,1,((#3021,#3022),(#3023,#3024),(#3025,
#3026),(#3027,#3028),(#3029,#3030)),.SURF_OF_LINEAR_EXTRUSION.,.F.,.F.,
 .F.,(4,1,4),(2,2),(0.880513259430967,0.999999999991094,1.11948674055122),
(0.,1.),.UNSPECIFIED.);
#125=B_SPLINE_SURFACE_WITH_KNOTS('',3,1,((#3100,#3101),(#3102,#3103),(#3104,
#3105),(#3106,#3107),(#3108,#3109),(#3110,#3111),(#3112,#3113)),
 .SURF_OF_LINEAR_EXTRUSION.,.F.,.F.,.F.,(4,1,1,1,4),(2,2),(0.889925258828668,
0.944962629412491,0.999999999996315,1.05503737058014,1.11007474116396),
(0.,1.),.UNSPECIFIED.);
#126=B_SPLINE_SURFACE_WITH_KNOTS('',3,1,((#3121,#3122),(#3123,#3124),(#3125,
#3126),(#3127,#3128),(#3129,#3130)),.SURF_OF_LINEAR_EXTRUSION.,.F.,.F.,
 .F.,(4,1,4),(2,2),(0.880513259454813,0.999999999992267,1.11948674052972),
(0.,1.),.UNSPECIFIED.);
#127=B_SPLINE_SURFACE_WITH_KNOTS('',3,1,((#3303,#3304),(#3305,#3306),(#3307,
#3308),(#3309,#3310),(#3311,#3312)),.SURF_OF_LINEAR_EXTRUSION.,.F.,.F.,
 .F.,(4,1,4),(2,2),(0.249999999990385,0.374999999945911,0.499999999901437),
(0.,1.),.UNSPECIFIED.);
#128=B_SPLINE_SURFACE_WITH_KNOTS('',3,1,((#3324,#3325),(#3326,#3327),(#3328,
#3329),(#3330,#3331),(#3332,#3333)),.SURF_OF_LINEAR_EXTRUSION.,.F.,.F.,
 .F.,(4,1,4),(2,2),(0.499999999803422,0.624999999882474,0.749999999961527),
(0.,1.),.UNSPECIFIED.);
#129=B_SPLINE_SURFACE_WITH_KNOTS('',3,1,((#3344,#3345),(#3346,#3347),(#3348,
#3349),(#3350,#3351),(#3352,#3353)),.SURF_OF_LINEAR_EXTRUSION.,.F.,.F.,
 .F.,(4,1,4),(2,2),(0.748499938586196,0.874249969293098,1.),(0.,1.),
 .UNSPECIFIED.);
#130=B_SPLINE_SURFACE_WITH_KNOTS('',3,1,((#3365,#3366),(#3367,#3368),(#3369,
#3370),(#3371,#3372),(#3373,#3374)),.SURF_OF_LINEAR_EXTRUSION.,.F.,.F.,
 .F.,(4,1,4),(2,2),(0.,0.124999999999992,0.249999999999985),(0.,1.),
 .UNSPECIFIED.);
#131=B_SPLINE_SURFACE_WITH_KNOTS('',3,1,((#3416,#3417),(#3418,#3419),(#3420,
#3421),(#3422,#3423),(#3424,#3425)),.SURF_OF_LINEAR_EXTRUSION.,.F.,.F.,
 .F.,(4,1,4),(2,2),(0.,0.124999999999948,0.249999999999896),(0.,1.),
 .UNSPECIFIED.);
#132=B_SPLINE_SURFACE_WITH_KNOTS('',3,1,((#3504,#3505),(#3506,#3507),(#3508,
#3509),(#3510,#3511),(#3512,#3513)),.SURF_OF_LINEAR_EXTRUSION.,.F.,.F.,
 .F.,(4,1,4),(2,2),(0.500000000062909,0.625000000031455,0.75),(0.,1.),
 .UNSPECIFIED.);
#133=B_SPLINE_SURFACE_WITH_KNOTS('',3,1,((#3596,#3597),(#3598,#3599),(#3600,
#3601),(#3602,#3603)),.SURF_OF_LINEAR_EXTRUSION.,.F.,.F.,.F.,(4,4),(2,2),
(0.266855742875388,0.466518220366181),(0.,1.),.PIECEWISE_BEZIER_KNOTS.);
#134=B_SPLINE_SURFACE_WITH_KNOTS('',3,1,((#3631,#3632),(#3633,#3634),(#3635,
#3636),(#3637,#3638)),.SURF_OF_LINEAR_EXTRUSION.,.F.,.F.,.F.,(4,4),(2,2),
(0.76685573031306,0.966518191882407),(0.,1.),.PIECEWISE_BEZIER_KNOTS.);
#135=B_SPLINE_SURFACE_WITH_KNOTS('',3,1,((#3652,#3653),(#3654,#3655),(#3656,
#3657),(#3658,#3659),(#3660,#3661)),.SURF_OF_LINEAR_EXTRUSION.,.F.,.F.,
 .F.,(4,1,4),(2,2),(0.765377082600692,0.866809458314684,0.968241834028677),
(0.,1.),.UNSPECIFIED.);
#136=B_SPLINE_SURFACE_WITH_KNOTS('',3,1,((#3680,#3681),(#3682,#3683),(#3684,
#3685),(#3686,#3687),(#3688,#3689)),.SURF_OF_LINEAR_EXTRUSION.,.F.,.F.,
 .F.,(4,1,4),(2,2),(0.265376429958231,0.366809120176085,0.46824181039394),
(0.,1.),.UNSPECIFIED.);
#137=B_SPLINE_SURFACE_WITH_KNOTS('',3,1,((#3780,#3781),(#3782,#3783),(#3784,
#3785),(#3786,#3787)),.SURF_OF_LINEAR_EXTRUSION.,.F.,.F.,.F.,(4,4),(2,2),
(0.265376428409474,0.468241810458503),(0.,1.),.PIECEWISE_BEZIER_KNOTS.);
#138=B_SPLINE_SURFACE_WITH_KNOTS('',3,1,((#3806,#3807),(#3808,#3809),(#3810,
#3811),(#3812,#3813)),.SURF_OF_LINEAR_EXTRUSION.,.F.,.F.,.F.,(4,4),(2,2),
(0.030540951548806,0.23462357256013),(0.,1.),.PIECEWISE_BEZIER_KNOTS.);
#139=B_SPLINE_SURFACE_WITH_KNOTS('',3,3,((#3876,#3877,#3878,#3879,#3880,
#3881),(#3882,#3883,#3884,#3885,#3886,#3887),(#3888,#3889,#3890,#3891,#3892,
#3893),(#3894,#3895,#3896,#3897,#3898,#3899)),.UNSPECIFIED.,.F.,.F.,.F.,
(4,4),(4,2,4),(1.9860617808936E-7,0.999966614121658),(0.,0.503001344424623,
1.00600268884925),.UNSPECIFIED.);
#140=B_SPLINE_SURFACE_WITH_KNOTS('',3,3,((#4013,#4014,#4015,#4016,#4017,
#4018),(#4019,#4020,#4021,#4022,#4023,#4024),(#4025,#4026,#4027,#4028,#4029,
#4030),(#4031,#4032,#4033,#4034,#4035,#4036)),.UNSPECIFIED.,.F.,.F.,.F.,
(4,4),(4,2,4),(0.,1.),(0.,0.503019395132362,1.00603879026472),
 .UNSPECIFIED.);
#141=B_SPLINE_SURFACE_WITH_KNOTS('',3,1,((#4081,#4082),(#4083,#4084),(#4085,
#4086),(#4087,#4088),(#4089,#4090)),.SURF_OF_LINEAR_EXTRUSION.,.F.,.F.,
 .F.,(4,1,4),(2,2),(0.989640887914704,1.11982044395735,1.25),(0.,1.),
 .UNSPECIFIED.);
#142=B_SPLINE_SURFACE_WITH_KNOTS('',3,3,((#4132,#4133,#4134,#4135,#4136,
#4137),(#4138,#4139,#4140,#4141,#4142,#4143),(#4144,#4145,#4146,#4147,#4148,
#4149),(#4150,#4151,#4152,#4153,#4154,#4155)),.UNSPECIFIED.,.F.,.F.,.F.,
(4,4),(4,2,4),(-0.00596409432528103,0.999972432024839),(-0.00600024905441559,
0.500019269629581,1.00603878831358),.UNSPECIFIED.);
#143=B_SPLINE_SURFACE_WITH_KNOTS('',3,3,((#4268,#4269,#4270,#4271,#4272,
#4273),(#4274,#4275,#4276,#4277,#4278,#4279),(#4280,#4281,#4282,#4283,#4284,
#4285),(#4286,#4287,#4288,#4289,#4290,#4291)),.UNSPECIFIED.,.F.,.F.,.F.,
(4,4),(4,2,4),(7.51780917603202E-6,0.999999955422678),(0.,0.503001344455826,
1.00600268891165),.UNSPECIFIED.);
#144=B_SPLINE_SURFACE_WITH_KNOTS('',3,3,((#4479,#4480,#4481,#4482,#4483,
#4484),(#4485,#4486,#4487,#4488,#4489,#4490),(#4491,#4492,#4493,#4494,#4495,
#4496),(#4497,#4498,#4499,#4500,#4501,#4502)),.UNSPECIFIED.,.F.,.F.,.F.,
(4,4),(4,2,4),(-0.00600001056398568,1.),(-0.00600004039005362,0.496999979804973,
1.),.UNSPECIFIED.);
#145=B_SPLINE_SURFACE_WITH_KNOTS('',3,1,((#4503,#4504),(#4505,#4506),(#4507,
#4508),(#4509,#4510),(#4511,#4512),(#4513,#4514)),
 .SURF_OF_LINEAR_EXTRUSION.,.F.,.F.,.F.,(4,1,1,4),(2,2),(2.6989594087837E-14,
0.249999999971644,0.499999999943261,0.999999999886496),(0.,1.),
 .UNSPECIFIED.);
#146=B_SPLINE_SURFACE_WITH_KNOTS('',3,1,((#4535,#4536),(#4537,#4538),(#4539,
#4540),(#4541,#4542),(#4543,#4544),(#4545,#4546)),
 .SURF_OF_LINEAR_EXTRUSION.,.F.,.F.,.F.,(4,1,1,4),(2,2),(-0.00600478887754377,
0.499997770694926,0.752999050481161,1.0060003302674),(0.,1.),
 .UNSPECIFIED.);
#147=B_SPLINE_SURFACE_WITH_KNOTS('',3,1,((#4559,#4560),(#4561,#4562),(#4563,
#4564),(#4565,#4566),(#4567,#4568)),.SURF_OF_LINEAR_EXTRUSION.,.F.,.F.,
 .F.,(4,1,4),(2,2),(-0.00600041983778735,0.500002113515812,1.00600464686941),
(0.,1.),.UNSPECIFIED.);
#148=B_SPLINE_SURFACE_WITH_KNOTS('',3,1,((#4586,#4587),(#4588,#4589),(#4590,
#4591),(#4592,#4593),(#4594,#4595)),.SURF_OF_LINEAR_EXTRUSION.,.F.,.F.,
 .F.,(4,1,4),(2,2),(7.76621955080392E-10,0.500000000616149,1.00000000045568),
(0.,1.),.UNSPECIFIED.);
#149=B_SPLINE_SURFACE_WITH_KNOTS('',3,1,((#4672,#4673),(#4674,#4675),(#4676,
#4677),(#4678,#4679),(#4680,#4681),(#4682,#4683)),
 .SURF_OF_LINEAR_EXTRUSION.,.F.,.F.,.F.,(4,1,1,4),(2,2),(-0.00600009473450764,
0.246999948950704,0.499999992635916,1.00600008000634),(0.,1.),
 .UNSPECIFIED.);
#150=B_SPLINE_SURFACE_WITH_KNOTS('',3,1,((#4700,#4701),(#4702,#4703),(#4704,
#4705),(#4706,#4707),(#4708,#4709)),.SURF_OF_LINEAR_EXTRUSION.,.F.,.F.,
 .F.,(4,1,4),(2,2),(-0.00599999986117434,0.497000000522003,1.00000000090518),
(0.,1.),.UNSPECIFIED.);
#151=B_SPLINE_SURFACE_WITH_KNOTS('',3,1,((#4721,#4722),(#4723,#4724),(#4725,
#4726),(#4727,#4728),(#4729,#4730)),.SURF_OF_LINEAR_EXTRUSION.,.F.,.F.,
 .F.,(4,1,4),(2,2),(1.64666457129237E-13,0.503000000042973,1.00600000008578),
(0.,1.),.UNSPECIFIED.);
#152=B_SPLINE_SURFACE_WITH_KNOTS('',3,1,((#4745,#4746),(#4747,#4748),(#4749,
#4750),(#4751,#4752),(#4753,#4754),(#4755,#4756)),
 .SURF_OF_LINEAR_EXTRUSION.,.F.,.F.,.F.,(4,1,1,4),(2,2),(-0.00600007802791956,
0.500000008926591,0.753000052403846,1.0060000958811),(0.,1.),
 .UNSPECIFIED.);
#153=ELLIPSE('',#2337,0.000827880744083747,0.000750154101192175);
#154=ELLIPSE('',#2338,0.0015755082119833,0.00142758960772448);
#155=ELLIPSE('',#2339,0.00157550821200256,0.00142758960773433);
#156=ELLIPSE('',#2343,0.000827880744066689,0.000750154101183533);
#157=ELLIPSE('',#2344,0.000827880744085873,0.000750154101193542);
#158=ELLIPSE('',#2345,0.00157550821200209,0.00142758960773374);
#159=ELLIPSE('',#2346,0.00157550821200115,0.00142758960773285);
#160=ELLIPSE('',#2358,0.000827880744072807,0.000750154101186639);
#161=ELLIPSE('',#2359,0.000827880744077837,0.000750154101189227);
#162=ELLIPSE('',#2360,0.00157550821200834,0.00142758960773717);
#163=ELLIPSE('',#2364,0.000827880744078314,0.000750154101189748);
#164=ELLIPSE('',#2365,0.0015755082119922,0.00142758960772885);
#165=ELLIPSE('',#2366,0.00157550821200522,0.00142758960773491);
#166=ELLIPSE('',#2386,0.000574765714285671,0.000511544186046457);
#167=ELLIPSE('',#2387,0.000574765714286048,0.000511544186046795);
#168=ELLIPSE('',#2388,0.000574765714285771,0.000511544186046575);
#169=ELLIPSE('',#2389,0.000574765714285768,0.000511544186046581);
#170=ELLIPSE('',#2404,0.000574765714285785,0.000511544186046582);
#171=ELLIPSE('',#2408,0.000564547445255553,0.000511544186046574);
#172=ELLIPSE('',#2414,0.000670559999999931,0.00059680155038754);
#173=ELLIPSE('',#2428,0.000670559999999654,0.000596801550387299);
#174=ELLIPSE('',#2440,0.000383177142857233,0.000341029457364412);
#175=ELLIPSE('',#2445,0.0536608349133734,0.0198597934239787);
#176=ELLIPSE('',#2456,0.0535414797396856,0.0198156202556456);
#177=ELLIPSE('',#2461,0.000283388506368135,0.00025611417108675);
#178=ELLIPSE('',#2462,0.000282277027587816,0.000256382855884258);
#179=ELLIPSE('',#2463,0.000286933923823877,0.000282273358044758);
#180=ELLIPSE('',#2464,0.000236205062231823,0.000190489904387998);
#181=ELLIPSE('',#2465,0.000236205224727268,0.00019049004255386);
#182=ELLIPSE('',#2466,0.000286933885330949,0.000282273322378553);
#183=ELLIPSE('',#2467,0.00028227702758784,0.000256382855884276);
#184=ELLIPSE('',#2468,0.000283388506368135,0.000256114171086755);
#185=CIRCLE('',#2336,0.000691836399164319);
#186=CIRCLE('',#2342,0.000691836399164319);
#187=CIRCLE('',#2357,0.000691836399183638);
#188=CIRCLE('',#2363,0.000691836399183638);
#189=CIRCLE('',#2411,0.0423067981383166);
#190=CIRCLE('',#2412,0.020074992784993);
#191=CIRCLE('',#2413,0.0201005536276049);
#192=CIRCLE('',#2415,0.0422981622875315);
#193=CIRCLE('',#2416,0.0422981622875315);
#194=CIRCLE('',#2417,0.0200438899404046);
#195=CIRCLE('',#2418,0.0200893579915264);
#196=CIRCLE('',#2420,0.0423067981383166);
#197=CIRCLE('',#2422,0.0200893579915264);
#198=CIRCLE('',#2425,0.0200438899404046);
#199=CIRCLE('',#2427,0.0422981622875315);
#200=CIRCLE('',#2430,0.0201005536276049);
#201=CIRCLE('',#2433,0.020074992784993);
#202=CIRCLE('',#2435,0.000466339904880488);
#203=CIRCLE('',#2436,0.0198597934239787);
#204=CIRCLE('',#2437,0.0198156202556456);
#205=CIRCLE('',#2438,0.000481145359694317);
#206=CIRCLE('',#2439,0.041978646835861);
#207=CIRCLE('',#2441,0.0198597079340132);
#208=CIRCLE('',#2442,0.0198597079343215);
#209=CIRCLE('',#2443,0.0419829838184429);
#210=CIRCLE('',#2449,0.0198525751406276);
#211=CIRCLE('',#2452,0.0198525709770435);
#212=CIRCLE('',#2459,0.297143752541022);
#213=CIRCLE('',#2460,0.297143784633111);
#214=CIRCLE('',#2471,0.0190171679512652);
#215=CIRCLE('',#2472,0.0190171679512652);
#216=CIRCLE('',#2474,0.0190714434742375);
#217=CIRCLE('',#2477,0.0190714434742375);
#218=ORIENTED_EDGE('',*,*,#850,.T.);
#219=ORIENTED_EDGE('',*,*,#851,.T.);
#220=ORIENTED_EDGE('',*,*,#852,.T.);
#221=ORIENTED_EDGE('',*,*,#853,.T.);
#222=ORIENTED_EDGE('',*,*,#854,.F.);
#223=ORIENTED_EDGE('',*,*,#855,.T.);
#224=ORIENTED_EDGE('',*,*,#856,.T.);
#225=ORIENTED_EDGE('',*,*,#857,.T.);
#226=ORIENTED_EDGE('',*,*,#858,.T.);
#227=ORIENTED_EDGE('',*,*,#855,.F.);
#228=ORIENTED_EDGE('',*,*,#859,.T.);
#229=ORIENTED_EDGE('',*,*,#860,.T.);
#230=ORIENTED_EDGE('',*,*,#861,.F.);
#231=ORIENTED_EDGE('',*,*,#862,.F.);
#232=ORIENTED_EDGE('',*,*,#863,.F.);
#233=ORIENTED_EDGE('',*,*,#864,.F.);
#234=ORIENTED_EDGE('',*,*,#865,.F.);
#235=ORIENTED_EDGE('',*,*,#866,.F.);
#236=ORIENTED_EDGE('',*,*,#860,.F.);
#237=ORIENTED_EDGE('',*,*,#867,.T.);
#238=ORIENTED_EDGE('',*,*,#868,.T.);
#239=ORIENTED_EDGE('',*,*,#869,.F.);
#240=ORIENTED_EDGE('',*,*,#870,.F.);
#241=ORIENTED_EDGE('',*,*,#868,.F.);
#242=ORIENTED_EDGE('',*,*,#871,.T.);
#243=ORIENTED_EDGE('',*,*,#858,.F.);
#244=ORIENTED_EDGE('',*,*,#872,.F.);
#245=ORIENTED_EDGE('',*,*,#869,.T.);
#246=ORIENTED_EDGE('',*,*,#872,.T.);
#247=ORIENTED_EDGE('',*,*,#857,.F.);
#248=ORIENTED_EDGE('',*,*,#856,.F.);
#249=ORIENTED_EDGE('',*,*,#861,.T.);
#250=ORIENTED_EDGE('',*,*,#870,.T.);
#251=ORIENTED_EDGE('',*,*,#862,.T.);
#252=ORIENTED_EDGE('',*,*,#873,.F.);
#253=ORIENTED_EDGE('',*,*,#852,.F.);
#254=ORIENTED_EDGE('',*,*,#874,.T.);
#255=ORIENTED_EDGE('',*,*,#863,.T.);
#256=ORIENTED_EDGE('',*,*,#874,.F.);
#257=ORIENTED_EDGE('',*,*,#851,.F.);
#258=ORIENTED_EDGE('',*,*,#875,.T.);
#259=ORIENTED_EDGE('',*,*,#864,.T.);
#260=ORIENTED_EDGE('',*,*,#875,.F.);
#261=ORIENTED_EDGE('',*,*,#850,.F.);
#262=ORIENTED_EDGE('',*,*,#876,.T.);
#263=ORIENTED_EDGE('',*,*,#853,.F.);
#264=ORIENTED_EDGE('',*,*,#873,.T.);
#265=ORIENTED_EDGE('',*,*,#866,.T.);
#266=ORIENTED_EDGE('',*,*,#865,.T.);
#267=ORIENTED_EDGE('',*,*,#876,.F.);
#268=ORIENTED_EDGE('',*,*,#859,.F.);
#269=ORIENTED_EDGE('',*,*,#854,.T.);
#270=ORIENTED_EDGE('',*,*,#871,.F.);
#271=ORIENTED_EDGE('',*,*,#867,.F.);
#272=ORIENTED_EDGE('',*,*,#877,.T.);
#273=ORIENTED_EDGE('',*,*,#878,.T.);
#274=ORIENTED_EDGE('',*,*,#879,.T.);
#275=ORIENTED_EDGE('',*,*,#880,.T.);
#276=ORIENTED_EDGE('',*,*,#881,.T.);
#277=ORIENTED_EDGE('',*,*,#882,.F.);
#278=ORIENTED_EDGE('',*,*,#880,.F.);
#279=ORIENTED_EDGE('',*,*,#883,.T.);
#280=ORIENTED_EDGE('',*,*,#884,.T.);
#281=ORIENTED_EDGE('',*,*,#883,.F.);
#282=ORIENTED_EDGE('',*,*,#879,.F.);
#283=ORIENTED_EDGE('',*,*,#885,.T.);
#284=ORIENTED_EDGE('',*,*,#886,.T.);
#285=ORIENTED_EDGE('',*,*,#885,.F.);
#286=ORIENTED_EDGE('',*,*,#878,.F.);
#287=ORIENTED_EDGE('',*,*,#887,.T.);
#288=ORIENTED_EDGE('',*,*,#888,.T.);
#289=ORIENTED_EDGE('',*,*,#887,.F.);
#290=ORIENTED_EDGE('',*,*,#877,.F.);
#291=ORIENTED_EDGE('',*,*,#882,.T.);
#292=ORIENTED_EDGE('',*,*,#889,.T.);
#293=ORIENTED_EDGE('',*,*,#890,.T.);
#294=ORIENTED_EDGE('',*,*,#891,.T.);
#295=ORIENTED_EDGE('',*,*,#892,.T.);
#296=ORIENTED_EDGE('',*,*,#893,.T.);
#297=ORIENTED_EDGE('',*,*,#894,.F.);
#298=ORIENTED_EDGE('',*,*,#895,.T.);
#299=ORIENTED_EDGE('',*,*,#896,.T.);
#300=ORIENTED_EDGE('',*,*,#897,.T.);
#301=ORIENTED_EDGE('',*,*,#895,.F.);
#302=ORIENTED_EDGE('',*,*,#898,.T.);
#303=ORIENTED_EDGE('',*,*,#899,.T.);
#304=ORIENTED_EDGE('',*,*,#900,.F.);
#305=ORIENTED_EDGE('',*,*,#901,.F.);
#306=ORIENTED_EDGE('',*,*,#902,.F.);
#307=ORIENTED_EDGE('',*,*,#903,.F.);
#308=ORIENTED_EDGE('',*,*,#904,.F.);
#309=ORIENTED_EDGE('',*,*,#899,.F.);
#310=ORIENTED_EDGE('',*,*,#905,.T.);
#311=ORIENTED_EDGE('',*,*,#906,.T.);
#312=ORIENTED_EDGE('',*,*,#907,.F.);
#313=ORIENTED_EDGE('',*,*,#908,.F.);
#314=ORIENTED_EDGE('',*,*,#906,.F.);
#315=ORIENTED_EDGE('',*,*,#909,.T.);
#316=ORIENTED_EDGE('',*,*,#897,.F.);
#317=ORIENTED_EDGE('',*,*,#910,.F.);
#318=ORIENTED_EDGE('',*,*,#907,.T.);
#319=ORIENTED_EDGE('',*,*,#910,.T.);
#320=ORIENTED_EDGE('',*,*,#896,.F.);
#321=ORIENTED_EDGE('',*,*,#900,.T.);
#322=ORIENTED_EDGE('',*,*,#908,.T.);
#323=ORIENTED_EDGE('',*,*,#901,.T.);
#324=ORIENTED_EDGE('',*,*,#911,.F.);
#325=ORIENTED_EDGE('',*,*,#891,.F.);
#326=ORIENTED_EDGE('',*,*,#912,.T.);
#327=ORIENTED_EDGE('',*,*,#902,.T.);
#328=ORIENTED_EDGE('',*,*,#912,.F.);
#329=ORIENTED_EDGE('',*,*,#890,.F.);
#330=ORIENTED_EDGE('',*,*,#913,.T.);
#331=ORIENTED_EDGE('',*,*,#903,.T.);
#332=ORIENTED_EDGE('',*,*,#913,.F.);
#333=ORIENTED_EDGE('',*,*,#889,.F.);
#334=ORIENTED_EDGE('',*,*,#914,.T.);
#335=ORIENTED_EDGE('',*,*,#892,.F.);
#336=ORIENTED_EDGE('',*,*,#911,.T.);
#337=ORIENTED_EDGE('',*,*,#904,.T.);
#338=ORIENTED_EDGE('',*,*,#914,.F.);
#339=ORIENTED_EDGE('',*,*,#893,.F.);
#340=ORIENTED_EDGE('',*,*,#898,.F.);
#341=ORIENTED_EDGE('',*,*,#894,.T.);
#342=ORIENTED_EDGE('',*,*,#909,.F.);
#343=ORIENTED_EDGE('',*,*,#905,.F.);
#344=ORIENTED_EDGE('',*,*,#915,.T.);
#345=ORIENTED_EDGE('',*,*,#916,.T.);
#346=ORIENTED_EDGE('',*,*,#917,.T.);
#347=ORIENTED_EDGE('',*,*,#918,.T.);
#348=ORIENTED_EDGE('',*,*,#919,.T.);
#349=ORIENTED_EDGE('',*,*,#920,.F.);
#350=ORIENTED_EDGE('',*,*,#918,.F.);
#351=ORIENTED_EDGE('',*,*,#921,.T.);
#352=ORIENTED_EDGE('',*,*,#922,.T.);
#353=ORIENTED_EDGE('',*,*,#921,.F.);
#354=ORIENTED_EDGE('',*,*,#917,.F.);
#355=ORIENTED_EDGE('',*,*,#923,.T.);
#356=ORIENTED_EDGE('',*,*,#924,.T.);
#357=ORIENTED_EDGE('',*,*,#923,.F.);
#358=ORIENTED_EDGE('',*,*,#916,.F.);
#359=ORIENTED_EDGE('',*,*,#925,.T.);
#360=ORIENTED_EDGE('',*,*,#926,.T.);
#361=ORIENTED_EDGE('',*,*,#925,.F.);
#362=ORIENTED_EDGE('',*,*,#915,.F.);
#363=ORIENTED_EDGE('',*,*,#920,.T.);
#364=ORIENTED_EDGE('',*,*,#927,.T.);
#365=ORIENTED_EDGE('',*,*,#928,.T.);
#366=ORIENTED_EDGE('',*,*,#929,.T.);
#367=ORIENTED_EDGE('',*,*,#930,.T.);
#368=ORIENTED_EDGE('',*,*,#931,.T.);
#369=ORIENTED_EDGE('',*,*,#932,.F.);
#370=ORIENTED_EDGE('',*,*,#930,.F.);
#371=ORIENTED_EDGE('',*,*,#933,.T.);
#372=ORIENTED_EDGE('',*,*,#934,.T.);
#373=ORIENTED_EDGE('',*,*,#933,.F.);
#374=ORIENTED_EDGE('',*,*,#929,.F.);
#375=ORIENTED_EDGE('',*,*,#935,.T.);
#376=ORIENTED_EDGE('',*,*,#936,.T.);
#377=ORIENTED_EDGE('',*,*,#935,.F.);
#378=ORIENTED_EDGE('',*,*,#928,.F.);
#379=ORIENTED_EDGE('',*,*,#937,.T.);
#380=ORIENTED_EDGE('',*,*,#938,.T.);
#381=ORIENTED_EDGE('',*,*,#937,.F.);
#382=ORIENTED_EDGE('',*,*,#927,.F.);
#383=ORIENTED_EDGE('',*,*,#932,.T.);
#384=ORIENTED_EDGE('',*,*,#939,.F.);
#385=ORIENTED_EDGE('',*,*,#940,.T.);
#386=ORIENTED_EDGE('',*,*,#941,.F.);
#387=ORIENTED_EDGE('',*,*,#942,.F.);
#388=ORIENTED_EDGE('',*,*,#943,.T.);
#389=ORIENTED_EDGE('',*,*,#944,.T.);
#390=ORIENTED_EDGE('',*,*,#945,.T.);
#391=ORIENTED_EDGE('',*,*,#946,.T.);
#392=ORIENTED_EDGE('',*,*,#947,.T.);
#393=ORIENTED_EDGE('',*,*,#939,.T.);
#394=ORIENTED_EDGE('',*,*,#948,.T.);
#395=ORIENTED_EDGE('',*,*,#949,.T.);
#396=ORIENTED_EDGE('',*,*,#950,.F.);
#397=ORIENTED_EDGE('',*,*,#951,.T.);
#398=ORIENTED_EDGE('',*,*,#949,.F.);
#399=ORIENTED_EDGE('',*,*,#952,.F.);
#400=ORIENTED_EDGE('',*,*,#953,.T.);
#401=ORIENTED_EDGE('',*,*,#954,.T.);
#402=ORIENTED_EDGE('',*,*,#955,.T.);
#403=ORIENTED_EDGE('',*,*,#956,.T.);
#404=ORIENTED_EDGE('',*,*,#957,.T.);
#405=ORIENTED_EDGE('',*,*,#950,.T.);
#406=ORIENTED_EDGE('',*,*,#958,.T.);
#407=ORIENTED_EDGE('',*,*,#941,.T.);
#408=ORIENTED_EDGE('',*,*,#959,.F.);
#409=ORIENTED_EDGE('',*,*,#960,.F.);
#410=ORIENTED_EDGE('',*,*,#961,.F.);
#411=ORIENTED_EDGE('',*,*,#962,.F.);
#412=ORIENTED_EDGE('',*,*,#958,.F.);
#413=ORIENTED_EDGE('',*,*,#952,.T.);
#414=ORIENTED_EDGE('',*,*,#948,.F.);
#415=ORIENTED_EDGE('',*,*,#942,.T.);
#416=ORIENTED_EDGE('',*,*,#963,.F.);
#417=ORIENTED_EDGE('',*,*,#964,.F.);
#418=ORIENTED_EDGE('',*,*,#965,.F.);
#419=ORIENTED_EDGE('',*,*,#966,.F.);
#420=ORIENTED_EDGE('',*,*,#967,.F.);
#421=ORIENTED_EDGE('',*,*,#968,.F.);
#422=ORIENTED_EDGE('',*,*,#969,.F.);
#423=ORIENTED_EDGE('',*,*,#970,.F.);
#424=ORIENTED_EDGE('',*,*,#971,.F.);
#425=ORIENTED_EDGE('',*,*,#972,.F.);
#426=ORIENTED_EDGE('',*,*,#973,.F.);
#427=ORIENTED_EDGE('',*,*,#974,.F.);
#428=ORIENTED_EDGE('',*,*,#975,.T.);
#429=ORIENTED_EDGE('',*,*,#976,.T.);
#430=ORIENTED_EDGE('',*,*,#944,.F.);
#431=ORIENTED_EDGE('',*,*,#977,.T.);
#432=ORIENTED_EDGE('',*,*,#978,.T.);
#433=ORIENTED_EDGE('',*,*,#964,.T.);
#434=ORIENTED_EDGE('',*,*,#979,.T.);
#435=ORIENTED_EDGE('',*,*,#980,.T.);
#436=ORIENTED_EDGE('',*,*,#977,.F.);
#437=ORIENTED_EDGE('',*,*,#943,.F.);
#438=ORIENTED_EDGE('',*,*,#981,.F.);
#439=ORIENTED_EDGE('',*,*,#982,.F.);
#440=ORIENTED_EDGE('',*,*,#966,.T.);
#441=ORIENTED_EDGE('',*,*,#983,.F.);
#442=ORIENTED_EDGE('',*,*,#979,.F.);
#443=ORIENTED_EDGE('',*,*,#946,.F.);
#444=ORIENTED_EDGE('',*,*,#984,.F.);
#445=ORIENTED_EDGE('',*,*,#981,.T.);
#446=ORIENTED_EDGE('',*,*,#945,.F.);
#447=ORIENTED_EDGE('',*,*,#976,.F.);
#448=ORIENTED_EDGE('',*,*,#985,.T.);
#449=ORIENTED_EDGE('',*,*,#986,.T.);
#450=ORIENTED_EDGE('',*,*,#954,.F.);
#451=ORIENTED_EDGE('',*,*,#987,.T.);
#452=ORIENTED_EDGE('',*,*,#988,.T.);
#453=ORIENTED_EDGE('',*,*,#960,.T.);
#454=ORIENTED_EDGE('',*,*,#989,.T.);
#455=ORIENTED_EDGE('',*,*,#990,.T.);
#456=ORIENTED_EDGE('',*,*,#987,.F.);
#457=ORIENTED_EDGE('',*,*,#953,.F.);
#458=ORIENTED_EDGE('',*,*,#991,.F.);
#459=ORIENTED_EDGE('',*,*,#992,.F.);
#460=ORIENTED_EDGE('',*,*,#962,.T.);
#461=ORIENTED_EDGE('',*,*,#993,.F.);
#462=ORIENTED_EDGE('',*,*,#989,.F.);
#463=ORIENTED_EDGE('',*,*,#956,.F.);
#464=ORIENTED_EDGE('',*,*,#994,.F.);
#465=ORIENTED_EDGE('',*,*,#991,.T.);
#466=ORIENTED_EDGE('',*,*,#955,.F.);
#467=ORIENTED_EDGE('',*,*,#986,.F.);
#468=ORIENTED_EDGE('',*,*,#963,.T.);
#469=ORIENTED_EDGE('',*,*,#982,.T.);
#470=ORIENTED_EDGE('',*,*,#984,.T.);
#471=ORIENTED_EDGE('',*,*,#975,.F.);
#472=ORIENTED_EDGE('',*,*,#983,.T.);
#473=ORIENTED_EDGE('',*,*,#965,.T.);
#474=ORIENTED_EDGE('',*,*,#978,.F.);
#475=ORIENTED_EDGE('',*,*,#980,.F.);
#476=ORIENTED_EDGE('',*,*,#959,.T.);
#477=ORIENTED_EDGE('',*,*,#992,.T.);
#478=ORIENTED_EDGE('',*,*,#994,.T.);
#479=ORIENTED_EDGE('',*,*,#985,.F.);
#480=ORIENTED_EDGE('',*,*,#993,.T.);
#481=ORIENTED_EDGE('',*,*,#961,.T.);
#482=ORIENTED_EDGE('',*,*,#988,.F.);
#483=ORIENTED_EDGE('',*,*,#990,.F.);
#484=ORIENTED_EDGE('',*,*,#995,.F.);
#485=ORIENTED_EDGE('',*,*,#974,.T.);
#486=ORIENTED_EDGE('',*,*,#996,.F.);
#487=ORIENTED_EDGE('',*,*,#997,.F.);
#488=ORIENTED_EDGE('',*,*,#995,.T.);
#489=ORIENTED_EDGE('',*,*,#998,.F.);
#490=ORIENTED_EDGE('',*,*,#999,.F.);
#491=ORIENTED_EDGE('',*,*,#967,.T.);
#492=ORIENTED_EDGE('',*,*,#1000,.T.);
#493=ORIENTED_EDGE('',*,*,#1001,.T.);
#494=ORIENTED_EDGE('',*,*,#968,.T.);
#495=ORIENTED_EDGE('',*,*,#999,.T.);
#496=ORIENTED_EDGE('',*,*,#1001,.F.);
#497=ORIENTED_EDGE('',*,*,#1002,.F.);
#498=ORIENTED_EDGE('',*,*,#1003,.F.);
#499=ORIENTED_EDGE('',*,*,#969,.T.);
#500=ORIENTED_EDGE('',*,*,#1004,.F.);
#501=ORIENTED_EDGE('',*,*,#970,.T.);
#502=ORIENTED_EDGE('',*,*,#1003,.T.);
#503=ORIENTED_EDGE('',*,*,#1005,.F.);
#504=ORIENTED_EDGE('',*,*,#1004,.T.);
#505=ORIENTED_EDGE('',*,*,#1006,.F.);
#506=ORIENTED_EDGE('',*,*,#1007,.F.);
#507=ORIENTED_EDGE('',*,*,#971,.T.);
#508=ORIENTED_EDGE('',*,*,#972,.T.);
#509=ORIENTED_EDGE('',*,*,#1007,.T.);
#510=ORIENTED_EDGE('',*,*,#1008,.T.);
#511=ORIENTED_EDGE('',*,*,#1009,.T.);
#512=ORIENTED_EDGE('',*,*,#1009,.F.);
#513=ORIENTED_EDGE('',*,*,#1010,.F.);
#514=ORIENTED_EDGE('',*,*,#996,.T.);
#515=ORIENTED_EDGE('',*,*,#973,.T.);
#516=ORIENTED_EDGE('',*,*,#1011,.F.);
#517=ORIENTED_EDGE('',*,*,#1012,.F.);
#518=ORIENTED_EDGE('',*,*,#997,.T.);
#519=ORIENTED_EDGE('',*,*,#1013,.F.);
#520=ORIENTED_EDGE('',*,*,#998,.T.);
#521=ORIENTED_EDGE('',*,*,#1012,.T.);
#522=ORIENTED_EDGE('',*,*,#1014,.F.);
#523=ORIENTED_EDGE('',*,*,#1000,.F.);
#524=ORIENTED_EDGE('',*,*,#1014,.T.);
#525=ORIENTED_EDGE('',*,*,#1015,.F.);
#526=ORIENTED_EDGE('',*,*,#1016,.F.);
#527=ORIENTED_EDGE('',*,*,#1002,.T.);
#528=ORIENTED_EDGE('',*,*,#1016,.T.);
#529=ORIENTED_EDGE('',*,*,#1017,.F.);
#530=ORIENTED_EDGE('',*,*,#1005,.T.);
#531=ORIENTED_EDGE('',*,*,#1017,.T.);
#532=ORIENTED_EDGE('',*,*,#1018,.F.);
#533=ORIENTED_EDGE('',*,*,#1019,.F.);
#534=ORIENTED_EDGE('',*,*,#1019,.T.);
#535=ORIENTED_EDGE('',*,*,#1020,.F.);
#536=ORIENTED_EDGE('',*,*,#1006,.T.);
#537=ORIENTED_EDGE('',*,*,#1021,.F.);
#538=ORIENTED_EDGE('',*,*,#1022,.F.);
#539=ORIENTED_EDGE('',*,*,#1008,.F.);
#540=ORIENTED_EDGE('',*,*,#1020,.T.);
#541=ORIENTED_EDGE('',*,*,#1022,.T.);
#542=ORIENTED_EDGE('',*,*,#1013,.T.);
#543=ORIENTED_EDGE('',*,*,#1010,.T.);
#544=ORIENTED_EDGE('',*,*,#1023,.T.);
#545=ORIENTED_EDGE('',*,*,#1024,.T.);
#546=ORIENTED_EDGE('',*,*,#1025,.T.);
#547=ORIENTED_EDGE('',*,*,#1026,.T.);
#548=ORIENTED_EDGE('',*,*,#1027,.T.);
#549=ORIENTED_EDGE('',*,*,#1028,.T.);
#550=ORIENTED_EDGE('',*,*,#1029,.T.);
#551=ORIENTED_EDGE('',*,*,#1030,.T.);
#552=ORIENTED_EDGE('',*,*,#1031,.T.);
#553=ORIENTED_EDGE('',*,*,#1032,.T.);
#554=ORIENTED_EDGE('',*,*,#1033,.T.);
#555=ORIENTED_EDGE('',*,*,#1034,.T.);
#556=ORIENTED_EDGE('',*,*,#1035,.T.);
#557=ORIENTED_EDGE('',*,*,#1021,.T.);
#558=ORIENTED_EDGE('',*,*,#1018,.T.);
#559=ORIENTED_EDGE('',*,*,#1015,.T.);
#560=ORIENTED_EDGE('',*,*,#1011,.T.);
#561=ORIENTED_EDGE('',*,*,#1036,.T.);
#562=ORIENTED_EDGE('',*,*,#1037,.T.);
#563=ORIENTED_EDGE('',*,*,#1024,.F.);
#564=ORIENTED_EDGE('',*,*,#1038,.T.);
#565=ORIENTED_EDGE('',*,*,#1039,.T.);
#566=ORIENTED_EDGE('',*,*,#1038,.F.);
#567=ORIENTED_EDGE('',*,*,#1023,.F.);
#568=ORIENTED_EDGE('',*,*,#1040,.T.);
#569=ORIENTED_EDGE('',*,*,#1041,.T.);
#570=ORIENTED_EDGE('',*,*,#1040,.F.);
#571=ORIENTED_EDGE('',*,*,#1035,.F.);
#572=ORIENTED_EDGE('',*,*,#1042,.T.);
#573=ORIENTED_EDGE('',*,*,#1043,.F.);
#574=ORIENTED_EDGE('',*,*,#1044,.F.);
#575=ORIENTED_EDGE('',*,*,#1042,.F.);
#576=ORIENTED_EDGE('',*,*,#1034,.F.);
#577=ORIENTED_EDGE('',*,*,#1045,.T.);
#578=ORIENTED_EDGE('',*,*,#1043,.T.);
#579=ORIENTED_EDGE('',*,*,#1033,.F.);
#580=ORIENTED_EDGE('',*,*,#1046,.T.);
#581=ORIENTED_EDGE('',*,*,#1047,.T.);
#582=ORIENTED_EDGE('',*,*,#1046,.F.);
#583=ORIENTED_EDGE('',*,*,#1032,.F.);
#584=ORIENTED_EDGE('',*,*,#1048,.T.);
#585=ORIENTED_EDGE('',*,*,#1030,.F.);
#586=ORIENTED_EDGE('',*,*,#1049,.T.);
#587=ORIENTED_EDGE('',*,*,#1050,.T.);
#588=ORIENTED_EDGE('',*,*,#1048,.F.);
#589=ORIENTED_EDGE('',*,*,#1031,.F.);
#590=ORIENTED_EDGE('',*,*,#1051,.T.);
#591=ORIENTED_EDGE('',*,*,#1049,.F.);
#592=ORIENTED_EDGE('',*,*,#1029,.F.);
#593=ORIENTED_EDGE('',*,*,#1052,.T.);
#594=ORIENTED_EDGE('',*,*,#1053,.T.);
#595=ORIENTED_EDGE('',*,*,#1052,.F.);
#596=ORIENTED_EDGE('',*,*,#1028,.F.);
#597=ORIENTED_EDGE('',*,*,#1054,.T.);
#598=ORIENTED_EDGE('',*,*,#1055,.F.);
#599=ORIENTED_EDGE('',*,*,#1056,.F.);
#600=ORIENTED_EDGE('',*,*,#1054,.F.);
#601=ORIENTED_EDGE('',*,*,#1027,.F.);
#602=ORIENTED_EDGE('',*,*,#1057,.T.);
#603=ORIENTED_EDGE('',*,*,#1055,.T.);
#604=ORIENTED_EDGE('',*,*,#1026,.F.);
#605=ORIENTED_EDGE('',*,*,#1058,.T.);
#606=ORIENTED_EDGE('',*,*,#1059,.T.);
#607=ORIENTED_EDGE('',*,*,#1058,.F.);
#608=ORIENTED_EDGE('',*,*,#1025,.F.);
#609=ORIENTED_EDGE('',*,*,#1037,.F.);
#610=ORIENTED_EDGE('',*,*,#1060,.T.);
#611=ORIENTED_EDGE('',*,*,#1061,.T.);
#612=ORIENTED_EDGE('',*,*,#1062,.T.);
#613=ORIENTED_EDGE('',*,*,#1063,.T.);
#614=ORIENTED_EDGE('',*,*,#1064,.T.);
#615=ORIENTED_EDGE('',*,*,#1065,.T.);
#616=ORIENTED_EDGE('',*,*,#1066,.T.);
#617=ORIENTED_EDGE('',*,*,#1067,.T.);
#618=ORIENTED_EDGE('',*,*,#1068,.T.);
#619=ORIENTED_EDGE('',*,*,#1069,.T.);
#620=ORIENTED_EDGE('',*,*,#1070,.T.);
#621=ORIENTED_EDGE('',*,*,#1071,.T.);
#622=ORIENTED_EDGE('',*,*,#1056,.T.);
#623=ORIENTED_EDGE('',*,*,#1057,.F.);
#624=ORIENTED_EDGE('',*,*,#1059,.F.);
#625=ORIENTED_EDGE('',*,*,#1036,.F.);
#626=ORIENTED_EDGE('',*,*,#1039,.F.);
#627=ORIENTED_EDGE('',*,*,#1041,.F.);
#628=ORIENTED_EDGE('',*,*,#1044,.T.);
#629=ORIENTED_EDGE('',*,*,#1045,.F.);
#630=ORIENTED_EDGE('',*,*,#1047,.F.);
#631=ORIENTED_EDGE('',*,*,#1050,.F.);
#632=ORIENTED_EDGE('',*,*,#1051,.F.);
#633=ORIENTED_EDGE('',*,*,#1053,.F.);
#634=ORIENTED_EDGE('',*,*,#1072,.F.);
#635=ORIENTED_EDGE('',*,*,#1061,.F.);
#636=ORIENTED_EDGE('',*,*,#1073,.F.);
#637=ORIENTED_EDGE('',*,*,#1074,.F.);
#638=ORIENTED_EDGE('',*,*,#1075,.F.);
#639=ORIENTED_EDGE('',*,*,#1060,.F.);
#640=ORIENTED_EDGE('',*,*,#1076,.T.);
#641=ORIENTED_EDGE('',*,*,#1077,.T.);
#642=ORIENTED_EDGE('',*,*,#1073,.T.);
#643=ORIENTED_EDGE('',*,*,#1078,.F.);
#644=ORIENTED_EDGE('',*,*,#1079,.F.);
#645=ORIENTED_EDGE('',*,*,#1076,.F.);
#646=ORIENTED_EDGE('',*,*,#1071,.F.);
#647=ORIENTED_EDGE('',*,*,#1080,.F.);
#648=ORIENTED_EDGE('',*,*,#1081,.F.);
#649=ORIENTED_EDGE('',*,*,#1080,.T.);
#650=ORIENTED_EDGE('',*,*,#1070,.F.);
#651=ORIENTED_EDGE('',*,*,#1082,.F.);
#652=ORIENTED_EDGE('',*,*,#1083,.F.);
#653=ORIENTED_EDGE('',*,*,#1082,.T.);
#654=ORIENTED_EDGE('',*,*,#1069,.F.);
#655=ORIENTED_EDGE('',*,*,#1084,.F.);
#656=ORIENTED_EDGE('',*,*,#1084,.T.);
#657=ORIENTED_EDGE('',*,*,#1068,.F.);
#658=ORIENTED_EDGE('',*,*,#1085,.T.);
#659=ORIENTED_EDGE('',*,*,#1086,.T.);
#660=ORIENTED_EDGE('',*,*,#1087,.F.);
#661=ORIENTED_EDGE('',*,*,#1085,.F.);
#662=ORIENTED_EDGE('',*,*,#1067,.F.);
#663=ORIENTED_EDGE('',*,*,#1088,.F.);
#664=ORIENTED_EDGE('',*,*,#1089,.F.);
#665=ORIENTED_EDGE('',*,*,#1088,.T.);
#666=ORIENTED_EDGE('',*,*,#1066,.F.);
#667=ORIENTED_EDGE('',*,*,#1090,.F.);
#668=ORIENTED_EDGE('',*,*,#1091,.F.);
#669=ORIENTED_EDGE('',*,*,#1090,.T.);
#670=ORIENTED_EDGE('',*,*,#1065,.F.);
#671=ORIENTED_EDGE('',*,*,#1092,.F.);
#672=ORIENTED_EDGE('',*,*,#1093,.F.);
#673=ORIENTED_EDGE('',*,*,#1094,.F.);
#674=ORIENTED_EDGE('',*,*,#1064,.F.);
#675=ORIENTED_EDGE('',*,*,#1095,.T.);
#676=ORIENTED_EDGE('',*,*,#1096,.T.);
#677=ORIENTED_EDGE('',*,*,#1092,.T.);
#678=ORIENTED_EDGE('',*,*,#1097,.F.);
#679=ORIENTED_EDGE('',*,*,#1095,.F.);
#680=ORIENTED_EDGE('',*,*,#1063,.F.);
#681=ORIENTED_EDGE('',*,*,#1098,.F.);
#682=ORIENTED_EDGE('',*,*,#1099,.F.);
#683=ORIENTED_EDGE('',*,*,#1062,.F.);
#684=ORIENTED_EDGE('',*,*,#1072,.T.);
#685=ORIENTED_EDGE('',*,*,#1100,.T.);
#686=ORIENTED_EDGE('',*,*,#1098,.T.);
#687=ORIENTED_EDGE('',*,*,#1100,.F.);
#688=ORIENTED_EDGE('',*,*,#1075,.T.);
#689=ORIENTED_EDGE('',*,*,#1101,.T.);
#690=ORIENTED_EDGE('',*,*,#1102,.T.);
#691=ORIENTED_EDGE('',*,*,#1103,.T.);
#692=ORIENTED_EDGE('',*,*,#1099,.T.);
#693=ORIENTED_EDGE('',*,*,#1074,.T.);
#694=ORIENTED_EDGE('',*,*,#1077,.F.);
#695=ORIENTED_EDGE('',*,*,#1079,.T.);
#696=ORIENTED_EDGE('',*,*,#1104,.T.);
#697=ORIENTED_EDGE('',*,*,#1101,.F.);
#698=ORIENTED_EDGE('',*,*,#1105,.T.);
#699=ORIENTED_EDGE('',*,*,#1078,.T.);
#700=ORIENTED_EDGE('',*,*,#1106,.T.);
#701=ORIENTED_EDGE('',*,*,#1107,.T.);
#702=ORIENTED_EDGE('',*,*,#1106,.F.);
#703=ORIENTED_EDGE('',*,*,#1081,.T.);
#704=ORIENTED_EDGE('',*,*,#1108,.T.);
#705=ORIENTED_EDGE('',*,*,#1109,.T.);
#706=ORIENTED_EDGE('',*,*,#1110,.T.);
#707=ORIENTED_EDGE('',*,*,#1111,.T.);
#708=ORIENTED_EDGE('',*,*,#1108,.F.);
#709=ORIENTED_EDGE('',*,*,#1083,.T.);
#710=ORIENTED_EDGE('',*,*,#1112,.T.);
#711=ORIENTED_EDGE('',*,*,#1112,.F.);
#712=ORIENTED_EDGE('',*,*,#1086,.F.);
#713=ORIENTED_EDGE('',*,*,#1113,.F.);
#714=ORIENTED_EDGE('',*,*,#1114,.F.);
#715=ORIENTED_EDGE('',*,*,#1115,.F.);
#716=ORIENTED_EDGE('',*,*,#1110,.F.);
#717=ORIENTED_EDGE('',*,*,#1116,.T.);
#718=ORIENTED_EDGE('',*,*,#1117,.T.);
#719=ORIENTED_EDGE('',*,*,#1114,.T.);
#720=ORIENTED_EDGE('',*,*,#1113,.T.);
#721=ORIENTED_EDGE('',*,*,#1087,.T.);
#722=ORIENTED_EDGE('',*,*,#1118,.T.);
#723=ORIENTED_EDGE('',*,*,#1119,.T.);
#724=ORIENTED_EDGE('',*,*,#1116,.F.);
#725=ORIENTED_EDGE('',*,*,#1089,.T.);
#726=ORIENTED_EDGE('',*,*,#1120,.T.);
#727=ORIENTED_EDGE('',*,*,#1121,.T.);
#728=ORIENTED_EDGE('',*,*,#1118,.F.);
#729=ORIENTED_EDGE('',*,*,#1091,.T.);
#730=ORIENTED_EDGE('',*,*,#1094,.T.);
#731=ORIENTED_EDGE('',*,*,#1096,.F.);
#732=ORIENTED_EDGE('',*,*,#1097,.T.);
#733=ORIENTED_EDGE('',*,*,#1103,.F.);
#734=ORIENTED_EDGE('',*,*,#1122,.T.);
#735=ORIENTED_EDGE('',*,*,#1093,.T.);
#736=ORIENTED_EDGE('',*,*,#1123,.F.);
#737=ORIENTED_EDGE('',*,*,#1124,.F.);
#738=ORIENTED_EDGE('',*,*,#1125,.F.);
#739=ORIENTED_EDGE('',*,*,#1126,.F.);
#740=ORIENTED_EDGE('',*,*,#1127,.F.);
#741=ORIENTED_EDGE('',*,*,#1102,.F.);
#742=ORIENTED_EDGE('',*,*,#1123,.T.);
#743=ORIENTED_EDGE('',*,*,#1104,.F.);
#744=ORIENTED_EDGE('',*,*,#1105,.F.);
#745=ORIENTED_EDGE('',*,*,#1128,.T.);
#746=ORIENTED_EDGE('',*,*,#1124,.T.);
#747=ORIENTED_EDGE('',*,*,#1129,.T.);
#748=ORIENTED_EDGE('',*,*,#1130,.T.);
#749=ORIENTED_EDGE('',*,*,#1131,.T.);
#750=ORIENTED_EDGE('',*,*,#1132,.T.);
#751=ORIENTED_EDGE('',*,*,#1133,.T.);
#752=ORIENTED_EDGE('',*,*,#1134,.T.);
#753=ORIENTED_EDGE('',*,*,#1135,.T.);
#754=ORIENTED_EDGE('',*,*,#1136,.T.);
#755=ORIENTED_EDGE('',*,*,#1117,.F.);
#756=ORIENTED_EDGE('',*,*,#1119,.F.);
#757=ORIENTED_EDGE('',*,*,#1121,.F.);
#758=ORIENTED_EDGE('',*,*,#1137,.T.);
#759=ORIENTED_EDGE('',*,*,#1125,.T.);
#760=ORIENTED_EDGE('',*,*,#1128,.F.);
#761=ORIENTED_EDGE('',*,*,#1107,.F.);
#762=ORIENTED_EDGE('',*,*,#1109,.F.);
#763=ORIENTED_EDGE('',*,*,#1111,.F.);
#764=ORIENTED_EDGE('',*,*,#1115,.T.);
#765=ORIENTED_EDGE('',*,*,#1126,.T.);
#766=ORIENTED_EDGE('',*,*,#1137,.F.);
#767=ORIENTED_EDGE('',*,*,#1120,.F.);
#768=ORIENTED_EDGE('',*,*,#1122,.F.);
#769=ORIENTED_EDGE('',*,*,#1127,.T.);
#770=ORIENTED_EDGE('',*,*,#1138,.T.);
#771=ORIENTED_EDGE('',*,*,#1134,.F.);
#772=ORIENTED_EDGE('',*,*,#1139,.T.);
#773=ORIENTED_EDGE('',*,*,#1140,.T.);
#774=ORIENTED_EDGE('',*,*,#1139,.F.);
#775=ORIENTED_EDGE('',*,*,#1133,.F.);
#776=ORIENTED_EDGE('',*,*,#1141,.T.);
#777=ORIENTED_EDGE('',*,*,#1142,.T.);
#778=ORIENTED_EDGE('',*,*,#1141,.F.);
#779=ORIENTED_EDGE('',*,*,#1136,.F.);
#780=ORIENTED_EDGE('',*,*,#1143,.T.);
#781=ORIENTED_EDGE('',*,*,#1144,.T.);
#782=ORIENTED_EDGE('',*,*,#1143,.F.);
#783=ORIENTED_EDGE('',*,*,#1135,.F.);
#784=ORIENTED_EDGE('',*,*,#1138,.F.);
#785=ORIENTED_EDGE('',*,*,#1145,.T.);
#786=ORIENTED_EDGE('',*,*,#1146,.T.);
#787=ORIENTED_EDGE('',*,*,#1130,.F.);
#788=ORIENTED_EDGE('',*,*,#1147,.T.);
#789=ORIENTED_EDGE('',*,*,#1148,.T.);
#790=ORIENTED_EDGE('',*,*,#1147,.F.);
#791=ORIENTED_EDGE('',*,*,#1129,.F.);
#792=ORIENTED_EDGE('',*,*,#1149,.T.);
#793=ORIENTED_EDGE('',*,*,#1150,.T.);
#794=ORIENTED_EDGE('',*,*,#1149,.F.);
#795=ORIENTED_EDGE('',*,*,#1132,.F.);
#796=ORIENTED_EDGE('',*,*,#1151,.T.);
#797=ORIENTED_EDGE('',*,*,#1152,.T.);
#798=ORIENTED_EDGE('',*,*,#1151,.F.);
#799=ORIENTED_EDGE('',*,*,#1131,.F.);
#800=ORIENTED_EDGE('',*,*,#1146,.F.);
#801=ORIENTED_EDGE('',*,*,#1153,.T.);
#802=ORIENTED_EDGE('',*,*,#1154,.T.);
#803=ORIENTED_EDGE('',*,*,#1155,.T.);
#804=ORIENTED_EDGE('',*,*,#1156,.T.);
#805=ORIENTED_EDGE('',*,*,#1157,.T.);
#806=ORIENTED_EDGE('',*,*,#1144,.F.);
#807=ORIENTED_EDGE('',*,*,#1145,.F.);
#808=ORIENTED_EDGE('',*,*,#1140,.F.);
#809=ORIENTED_EDGE('',*,*,#1142,.F.);
#810=ORIENTED_EDGE('',*,*,#1152,.F.);
#811=ORIENTED_EDGE('',*,*,#1153,.F.);
#812=ORIENTED_EDGE('',*,*,#1148,.F.);
#813=ORIENTED_EDGE('',*,*,#1150,.F.);
#814=ORIENTED_EDGE('',*,*,#1158,.T.);
#815=ORIENTED_EDGE('',*,*,#1159,.T.);
#816=ORIENTED_EDGE('',*,*,#1160,.T.);
#817=ORIENTED_EDGE('',*,*,#1155,.F.);
#818=ORIENTED_EDGE('',*,*,#1161,.T.);
#819=ORIENTED_EDGE('',*,*,#1162,.T.);
#820=ORIENTED_EDGE('',*,*,#1158,.F.);
#821=ORIENTED_EDGE('',*,*,#1154,.F.);
#822=ORIENTED_EDGE('',*,*,#1163,.T.);
#823=ORIENTED_EDGE('',*,*,#1164,.T.);
#824=ORIENTED_EDGE('',*,*,#1161,.F.);
#825=ORIENTED_EDGE('',*,*,#1157,.F.);
#826=ORIENTED_EDGE('',*,*,#1160,.F.);
#827=ORIENTED_EDGE('',*,*,#1165,.T.);
#828=ORIENTED_EDGE('',*,*,#1163,.F.);
#829=ORIENTED_EDGE('',*,*,#1156,.F.);
#830=ORIENTED_EDGE('',*,*,#1159,.F.);
#831=ORIENTED_EDGE('',*,*,#1162,.F.);
#832=ORIENTED_EDGE('',*,*,#1164,.F.);
#833=ORIENTED_EDGE('',*,*,#1165,.F.);
#834=ORIENTED_EDGE('',*,*,#926,.F.);
#835=ORIENTED_EDGE('',*,*,#919,.F.);
#836=ORIENTED_EDGE('',*,*,#922,.F.);
#837=ORIENTED_EDGE('',*,*,#924,.F.);
#838=ORIENTED_EDGE('',*,*,#888,.F.);
#839=ORIENTED_EDGE('',*,*,#881,.F.);
#840=ORIENTED_EDGE('',*,*,#884,.F.);
#841=ORIENTED_EDGE('',*,*,#886,.F.);
#842=ORIENTED_EDGE('',*,*,#938,.F.);
#843=ORIENTED_EDGE('',*,*,#931,.F.);
#844=ORIENTED_EDGE('',*,*,#934,.F.);
#845=ORIENTED_EDGE('',*,*,#936,.F.);
#846=ORIENTED_EDGE('',*,*,#947,.F.);
#847=ORIENTED_EDGE('',*,*,#951,.F.);
#848=ORIENTED_EDGE('',*,*,#957,.F.);
#849=ORIENTED_EDGE('',*,*,#940,.F.);
#850=EDGE_CURVE('',#1166,#1167,#1373,.T.);
#851=EDGE_CURVE('',#1167,#1168,#185,.F.);
#852=EDGE_CURVE('',#1168,#1169,#1374,.T.);
#853=EDGE_CURVE('',#1169,#1166,#153,.T.);
#854=EDGE_CURVE('',#1170,#1171,#1375,.T.);
#855=EDGE_CURVE('',#1170,#1172,#1376,.T.);
#856=EDGE_CURVE('',#1172,#1173,#154,.T.);
#857=EDGE_CURVE('',#1173,#1174,#155,.T.);
#858=EDGE_CURVE('',#1174,#1171,#1377,.T.);
#859=EDGE_CURVE('',#1170,#1175,#1378,.T.);
#860=EDGE_CURVE('',#1175,#1176,#1379,.T.);
#861=EDGE_CURVE('',#1172,#1176,#1380,.T.);
#862=EDGE_CURVE('',#1177,#1178,#1381,.T.);
#863=EDGE_CURVE('',#1179,#1177,#186,.F.);
#864=EDGE_CURVE('',#1180,#1179,#1382,.T.);
#865=EDGE_CURVE('',#1181,#1180,#156,.T.);
#866=EDGE_CURVE('',#1178,#1181,#157,.T.);
#867=EDGE_CURVE('',#1175,#1182,#1383,.T.);
#868=EDGE_CURVE('',#1182,#1183,#1384,.T.);
#869=EDGE_CURVE('',#1184,#1183,#158,.T.);
#870=EDGE_CURVE('',#1176,#1184,#159,.T.);
#871=EDGE_CURVE('',#1182,#1171,#1385,.T.);
#872=EDGE_CURVE('',#1183,#1174,#1386,.T.);
#873=EDGE_CURVE('',#1169,#1178,#1387,.T.);
#874=EDGE_CURVE('',#1168,#1177,#1388,.F.);
#875=EDGE_CURVE('',#1167,#1179,#1389,.F.);
#876=EDGE_CURVE('',#1166,#1180,#1390,.T.);
#877=EDGE_CURVE('',#1185,#1186,#1391,.T.);
#878=EDGE_CURVE('',#1186,#1187,#1392,.T.);
#879=EDGE_CURVE('',#1187,#1188,#1393,.T.);
#880=EDGE_CURVE('',#1188,#1185,#1394,.T.);
#881=EDGE_CURVE('',#1189,#1190,#1395,.T.);
#882=EDGE_CURVE('',#1185,#1190,#1396,.T.);
#883=EDGE_CURVE('',#1188,#1189,#1397,.T.);
#884=EDGE_CURVE('',#1191,#1189,#1398,.T.);
#885=EDGE_CURVE('',#1187,#1191,#1399,.T.);
#886=EDGE_CURVE('',#1192,#1191,#1400,.T.);
#887=EDGE_CURVE('',#1186,#1192,#1401,.T.);
#888=EDGE_CURVE('',#1190,#1192,#1402,.T.);
#889=EDGE_CURVE('',#1193,#1194,#1403,.T.);
#890=EDGE_CURVE('',#1194,#1195,#187,.F.);
#891=EDGE_CURVE('',#1195,#1196,#1404,.T.);
#892=EDGE_CURVE('',#1196,#1197,#160,.T.);
#893=EDGE_CURVE('',#1197,#1193,#161,.T.);
#894=EDGE_CURVE('',#1198,#1199,#1405,.T.);
#895=EDGE_CURVE('',#1198,#1200,#1406,.T.);
#896=EDGE_CURVE('',#1200,#1201,#162,.T.);
#897=EDGE_CURVE('',#1201,#1199,#1407,.T.);
#898=EDGE_CURVE('',#1198,#1202,#1408,.T.);
#899=EDGE_CURVE('',#1202,#1203,#1409,.T.);
#900=EDGE_CURVE('',#1200,#1203,#1410,.T.);
#901=EDGE_CURVE('',#1204,#1205,#1411,.T.);
#902=EDGE_CURVE('',#1206,#1204,#188,.F.);
#903=EDGE_CURVE('',#1207,#1206,#1412,.T.);
#904=EDGE_CURVE('',#1205,#1207,#163,.T.);
#905=EDGE_CURVE('',#1202,#1208,#1413,.T.);
#906=EDGE_CURVE('',#1208,#1209,#1414,.T.);
#907=EDGE_CURVE('',#1210,#1209,#164,.T.);
#908=EDGE_CURVE('',#1203,#1210,#165,.T.);
#909=EDGE_CURVE('',#1208,#1199,#1415,.T.);
#910=EDGE_CURVE('',#1209,#1201,#1416,.T.);
#911=EDGE_CURVE('',#1196,#1205,#1417,.T.);
#912=EDGE_CURVE('',#1195,#1204,#1418,.F.);
#913=EDGE_CURVE('',#1194,#1206,#1419,.F.);
#914=EDGE_CURVE('',#1193,#1207,#1420,.T.);
#915=EDGE_CURVE('',#1211,#1212,#1421,.T.);
#916=EDGE_CURVE('',#1212,#1213,#1422,.T.);
#917=EDGE_CURVE('',#1213,#1214,#1423,.T.);
#918=EDGE_CURVE('',#1214,#1211,#1424,.T.);
#919=EDGE_CURVE('',#1215,#1216,#1425,.T.);
#920=EDGE_CURVE('',#1211,#1216,#1426,.T.);
#921=EDGE_CURVE('',#1214,#1215,#1427,.T.);
#922=EDGE_CURVE('',#1217,#1215,#1428,.T.);
#923=EDGE_CURVE('',#1213,#1217,#1429,.T.);
#924=EDGE_CURVE('',#1218,#1217,#1430,.T.);
#925=EDGE_CURVE('',#1212,#1218,#1431,.T.);
#926=EDGE_CURVE('',#1216,#1218,#1432,.T.);
#927=EDGE_CURVE('',#1219,#1220,#1433,.T.);
#928=EDGE_CURVE('',#1220,#1221,#1434,.T.);
#929=EDGE_CURVE('',#1221,#1222,#1435,.T.);
#930=EDGE_CURVE('',#1222,#1219,#1436,.T.);
#931=EDGE_CURVE('',#1223,#1224,#1437,.T.);
#932=EDGE_CURVE('',#1219,#1224,#1438,.T.);
#933=EDGE_CURVE('',#1222,#1223,#1439,.T.);
#934=EDGE_CURVE('',#1225,#1223,#1440,.T.);
#935=EDGE_CURVE('',#1221,#1225,#1441,.T.);
#936=EDGE_CURVE('',#1226,#1225,#1442,.T.);
#937=EDGE_CURVE('',#1220,#1226,#1443,.T.);
#938=EDGE_CURVE('',#1224,#1226,#1444,.T.);
#939=EDGE_CURVE('',#1227,#1228,#1445,.T.);
#940=EDGE_CURVE('',#1227,#1229,#1446,.T.);
#941=EDGE_CURVE('',#1230,#1229,#1447,.T.);
#942=EDGE_CURVE('',#1228,#1230,#1448,.T.);
#943=EDGE_CURVE('',#1231,#1232,#1449,.T.);
#944=EDGE_CURVE('',#1232,#1233,#1450,.T.);
#945=EDGE_CURVE('',#1233,#1234,#1451,.T.);
#946=EDGE_CURVE('',#1234,#1231,#1452,.T.);
#947=EDGE_CURVE('',#1235,#1227,#1453,.T.);
#948=EDGE_CURVE('',#1228,#1236,#1454,.T.);
#949=EDGE_CURVE('',#1236,#1235,#1455,.T.);
#950=EDGE_CURVE('',#1237,#1238,#1456,.T.);
#951=EDGE_CURVE('',#1237,#1235,#1457,.T.);
#952=EDGE_CURVE('',#1238,#1236,#1458,.T.);
#953=EDGE_CURVE('',#1239,#1240,#1459,.T.);
#954=EDGE_CURVE('',#1240,#1241,#1460,.T.);
#955=EDGE_CURVE('',#1241,#1242,#1461,.T.);
#956=EDGE_CURVE('',#1242,#1239,#1462,.T.);
#957=EDGE_CURVE('',#1229,#1237,#1463,.T.);
#958=EDGE_CURVE('',#1238,#1230,#1464,.T.);
#959=EDGE_CURVE('',#1243,#1244,#1465,.T.);
#960=EDGE_CURVE('',#1245,#1243,#1466,.T.);
#961=EDGE_CURVE('',#1246,#1245,#1467,.T.);
#962=EDGE_CURVE('',#1244,#1246,#1468,.T.);
#963=EDGE_CURVE('',#1247,#1248,#1469,.T.);
#964=EDGE_CURVE('',#1249,#1247,#1470,.T.);
#965=EDGE_CURVE('',#1250,#1249,#1471,.T.);
#966=EDGE_CURVE('',#1248,#1250,#1472,.T.);
#967=EDGE_CURVE('',#1251,#1252,#166,.T.);
#968=EDGE_CURVE('',#1253,#1251,#1473,.T.);
#969=EDGE_CURVE('',#1254,#1253,#167,.T.);
#970=EDGE_CURVE('',#1255,#1254,#1474,.T.);
#971=EDGE_CURVE('',#1256,#1255,#168,.T.);
#972=EDGE_CURVE('',#1257,#1256,#1475,.T.);
#973=EDGE_CURVE('',#1258,#1257,#169,.T.);
#974=EDGE_CURVE('',#1252,#1258,#1476,.T.);
#975=EDGE_CURVE('',#1247,#1259,#1477,.T.);
#976=EDGE_CURVE('',#1259,#1233,#1478,.T.);
#977=EDGE_CURVE('',#1232,#1260,#1479,.T.);
#978=EDGE_CURVE('',#1260,#1249,#1480,.T.);
#979=EDGE_CURVE('',#1231,#1261,#1481,.T.);
#980=EDGE_CURVE('',#1261,#1260,#1482,.T.);
#981=EDGE_CURVE('',#1262,#1234,#1483,.T.);
#982=EDGE_CURVE('',#1248,#1262,#1484,.T.);
#983=EDGE_CURVE('',#1261,#1250,#1485,.T.);
#984=EDGE_CURVE('',#1262,#1259,#1486,.T.);
#985=EDGE_CURVE('',#1243,#1263,#1487,.T.);
#986=EDGE_CURVE('',#1263,#1241,#1488,.T.);
#987=EDGE_CURVE('',#1240,#1264,#1489,.T.);
#988=EDGE_CURVE('',#1264,#1245,#1490,.T.);
#989=EDGE_CURVE('',#1239,#1265,#1491,.T.);
#990=EDGE_CURVE('',#1265,#1264,#1492,.T.);
#991=EDGE_CURVE('',#1266,#1242,#1493,.T.);
#992=EDGE_CURVE('',#1244,#1266,#1494,.T.);
#993=EDGE_CURVE('',#1265,#1246,#1495,.T.);
#994=EDGE_CURVE('',#1266,#1263,#1496,.T.);
#995=EDGE_CURVE('',#1252,#1267,#1497,.T.);
#996=EDGE_CURVE('',#1268,#1258,#1498,.T.);
#997=EDGE_CURVE('',#1267,#1268,#21,.F.);
#998=EDGE_CURVE('',#1269,#1267,#22,.F.);
#999=EDGE_CURVE('',#1251,#1269,#1499,.T.);
#1000=EDGE_CURVE('',#1269,#1270,#1500,.T.);
#1001=EDGE_CURVE('',#1270,#1253,#1501,.T.);
#1002=EDGE_CURVE('',#1271,#1270,#170,.T.);
#1003=EDGE_CURVE('',#1254,#1271,#1502,.T.);
#1004=EDGE_CURVE('',#1255,#1272,#1503,.T.);
#1005=EDGE_CURVE('',#1272,#1271,#23,.F.);
#1006=EDGE_CURVE('',#1273,#1272,#24,.F.);
#1007=EDGE_CURVE('',#1256,#1273,#1504,.T.);
#1008=EDGE_CURVE('',#1273,#1274,#1505,.T.);
#1009=EDGE_CURVE('',#1274,#1257,#1506,.T.);
#1010=EDGE_CURVE('',#1268,#1274,#25,.F.);
#1011=EDGE_CURVE('',#1275,#1276,#26,.T.);
#1012=EDGE_CURVE('',#1267,#1275,#27,.F.);
#1013=EDGE_CURVE('',#1276,#1268,#28,.F.);
#1014=EDGE_CURVE('',#1269,#1275,#29,.T.);
#1015=EDGE_CURVE('',#1277,#1275,#1507,.T.);
#1016=EDGE_CURVE('',#1270,#1277,#171,.T.);
#1017=EDGE_CURVE('',#1271,#1277,#30,.T.);
#1018=EDGE_CURVE('',#1278,#1277,#31,.T.);
#1019=EDGE_CURVE('',#1272,#1278,#32,.F.);
#1020=EDGE_CURVE('',#1273,#1278,#33,.T.);
#1021=EDGE_CURVE('',#1276,#1278,#1508,.T.);
#1022=EDGE_CURVE('',#1274,#1276,#34,.F.);
#1023=EDGE_CURVE('',#1279,#1280,#35,.T.);
#1024=EDGE_CURVE('',#1280,#1281,#189,.F.);
#1025=EDGE_CURVE('',#1281,#1282,#36,.T.);
#1026=EDGE_CURVE('',#1282,#1283,#190,.F.);
#1027=EDGE_CURVE('',#1283,#1284,#1509,.T.);
#1028=EDGE_CURVE('',#1284,#1285,#191,.F.);
#1029=EDGE_CURVE('',#1285,#1286,#172,.T.);
#1030=EDGE_CURVE('',#1286,#1287,#192,.F.);
#1031=EDGE_CURVE('',#1287,#1288,#193,.F.);
#1032=EDGE_CURVE('',#1288,#1289,#37,.T.);
#1033=EDGE_CURVE('',#1289,#1290,#194,.F.);
#1034=EDGE_CURVE('',#1290,#1291,#1510,.T.);
#1035=EDGE_CURVE('',#1291,#1279,#195,.F.);
#1036=EDGE_CURVE('',#1292,#1293,#196,.F.);
#1037=EDGE_CURVE('',#1293,#1281,#38,.T.);
#1038=EDGE_CURVE('',#1280,#1292,#39,.T.);
#1039=EDGE_CURVE('',#1294,#1292,#40,.F.);
#1040=EDGE_CURVE('',#1279,#1294,#41,.F.);
#1041=EDGE_CURVE('',#1295,#1294,#197,.F.);
#1042=EDGE_CURVE('',#1291,#1295,#42,.F.);
#1043=EDGE_CURVE('',#1296,#1290,#1511,.T.);
#1044=EDGE_CURVE('',#1295,#1296,#1512,.T.);
#1045=EDGE_CURVE('',#1297,#1296,#198,.F.);
#1046=EDGE_CURVE('',#1289,#1297,#43,.T.);
#1047=EDGE_CURVE('',#1298,#1297,#44,.F.);
#1048=EDGE_CURVE('',#1288,#1298,#45,.F.);
#1049=EDGE_CURVE('',#1286,#1299,#1513,.T.);
#1050=EDGE_CURVE('',#1299,#1298,#199,.F.);
#1051=EDGE_CURVE('',#1300,#1299,#173,.T.);
#1052=EDGE_CURVE('',#1285,#1300,#1514,.T.);
#1053=EDGE_CURVE('',#1301,#1300,#200,.F.);
#1054=EDGE_CURVE('',#1284,#1301,#1515,.F.);
#1055=EDGE_CURVE('',#1302,#1283,#1516,.T.);
#1056=EDGE_CURVE('',#1301,#1302,#1517,.T.);
#1057=EDGE_CURVE('',#1303,#1302,#201,.F.);
#1058=EDGE_CURVE('',#1282,#1303,#46,.T.);
#1059=EDGE_CURVE('',#1293,#1303,#47,.F.);
#1060=EDGE_CURVE('',#1304,#1305,#202,.F.);
#1061=EDGE_CURVE('',#1305,#1306,#203,.T.);
#1062=EDGE_CURVE('',#1306,#1307,#1518,.T.);
#1063=EDGE_CURVE('',#1307,#1308,#204,.T.);
#1064=EDGE_CURVE('',#1308,#1309,#205,.F.);
#1065=EDGE_CURVE('',#1309,#1310,#206,.T.);
#1066=EDGE_CURVE('',#1310,#1311,#174,.T.);
#1067=EDGE_CURVE('',#1311,#1312,#207,.T.);
#1068=EDGE_CURVE('',#1312,#1313,#1519,.T.);
#1069=EDGE_CURVE('',#1313,#1314,#208,.T.);
#1070=EDGE_CURVE('',#1314,#1315,#48,.T.);
#1071=EDGE_CURVE('',#1315,#1304,#209,.T.);
#1072=EDGE_CURVE('',#1306,#1316,#49,.T.);
#1073=EDGE_CURVE('',#1317,#1305,#1520,.T.);
#1074=EDGE_CURVE('',#1318,#1317,#50,.T.);
#1075=EDGE_CURVE('',#1316,#1318,#175,.T.);
#1076=EDGE_CURVE('',#1304,#1319,#51,.T.);
#1077=EDGE_CURVE('',#1319,#1317,#52,.T.);
#1078=EDGE_CURVE('',#1320,#1321,#53,.F.);
#1079=EDGE_CURVE('',#1319,#1320,#54,.F.);
#1080=EDGE_CURVE('',#1321,#1315,#55,.F.);
#1081=EDGE_CURVE('',#1321,#1322,#56,.F.);
#1082=EDGE_CURVE('',#1322,#1314,#1521,.T.);
#1083=EDGE_CURVE('',#1322,#1323,#210,.T.);
#1084=EDGE_CURVE('',#1323,#1313,#1522,.T.);
#1085=EDGE_CURVE('',#1312,#1324,#1523,.T.);
#1086=EDGE_CURVE('',#1324,#1323,#1524,.T.);
#1087=EDGE_CURVE('',#1324,#1325,#211,.T.);
#1088=EDGE_CURVE('',#1325,#1311,#1525,.T.);
#1089=EDGE_CURVE('',#1325,#1326,#57,.F.);
#1090=EDGE_CURVE('',#1326,#1310,#58,.T.);
#1091=EDGE_CURVE('',#1326,#1327,#59,.F.);
#1092=EDGE_CURVE('',#1328,#1309,#60,.F.);
#1093=EDGE_CURVE('',#1329,#1328,#61,.F.);
#1094=EDGE_CURVE('',#1327,#1329,#62,.F.);
#1095=EDGE_CURVE('',#1308,#1330,#1526,.F.);
#1096=EDGE_CURVE('',#1330,#1328,#63,.T.);
#1097=EDGE_CURVE('',#1330,#1331,#64,.F.);
#1098=EDGE_CURVE('',#1332,#1307,#1527,.T.);
#1099=EDGE_CURVE('',#1331,#1332,#176,.T.);
#1100=EDGE_CURVE('',#1316,#1332,#1528,.T.);
#1101=EDGE_CURVE('',#1318,#1333,#212,.T.);
#1102=EDGE_CURVE('',#1333,#1334,#65,.T.);
#1103=EDGE_CURVE('',#1334,#1331,#213,.T.);
#1104=EDGE_CURVE('',#1320,#1333,#66,.T.);
#1105=EDGE_CURVE('',#1335,#1320,#177,.T.);
#1106=EDGE_CURVE('',#1321,#1336,#178,.T.);
#1107=EDGE_CURVE('',#1336,#1335,#67,.F.);
#1108=EDGE_CURVE('',#1322,#1337,#179,.T.);
#1109=EDGE_CURVE('',#1337,#1336,#68,.F.);
#1110=EDGE_CURVE('',#1338,#1339,#180,.T.);
#1111=EDGE_CURVE('',#1339,#1337,#69,.F.);
#1112=EDGE_CURVE('',#1323,#1338,#70,.T.);
#1113=EDGE_CURVE('',#1340,#1324,#71,.T.);
#1114=EDGE_CURVE('',#1341,#1340,#181,.T.);
#1115=EDGE_CURVE('',#1339,#1341,#72,.T.);
#1116=EDGE_CURVE('',#1325,#1342,#182,.T.);
#1117=EDGE_CURVE('',#1342,#1341,#73,.F.);
#1118=EDGE_CURVE('',#1326,#1343,#183,.T.);
#1119=EDGE_CURVE('',#1343,#1342,#74,.F.);
#1120=EDGE_CURVE('',#1329,#1344,#184,.T.);
#1121=EDGE_CURVE('',#1344,#1343,#75,.F.);
#1122=EDGE_CURVE('',#1334,#1329,#76,.T.);
#1123=EDGE_CURVE('',#1345,#1333,#77,.F.);
#1124=EDGE_CURVE('',#1346,#1345,#78,.F.);
#1125=EDGE_CURVE('',#1347,#1346,#79,.F.);
#1126=EDGE_CURVE('',#1348,#1347,#80,.F.);
#1127=EDGE_CURVE('',#1334,#1348,#81,.F.);
#1128=EDGE_CURVE('',#1335,#1346,#82,.F.);
#1129=EDGE_CURVE('',#1349,#1350,#1529,.T.);
#1130=EDGE_CURVE('',#1350,#1351,#214,.F.);
#1131=EDGE_CURVE('',#1351,#1352,#1530,.F.);
#1132=EDGE_CURVE('',#1352,#1349,#215,.T.);
#1133=EDGE_CURVE('',#1353,#1354,#83,.T.);
#1134=EDGE_CURVE('',#1354,#1355,#84,.T.);
#1135=EDGE_CURVE('',#1355,#1356,#85,.T.);
#1136=EDGE_CURVE('',#1356,#1353,#86,.T.);
#1137=EDGE_CURVE('',#1344,#1347,#87,.T.);
#1138=EDGE_CURVE('',#1357,#1355,#1531,.T.);
#1139=EDGE_CURVE('',#1354,#1358,#1532,.T.);
#1140=EDGE_CURVE('',#1358,#1357,#88,.F.);
#1141=EDGE_CURVE('',#1353,#1359,#1533,.T.);
#1142=EDGE_CURVE('',#1359,#1358,#89,.F.);
#1143=EDGE_CURVE('',#1356,#1360,#1534,.T.);
#1144=EDGE_CURVE('',#1360,#1359,#90,.F.);
#1145=EDGE_CURVE('',#1357,#1360,#91,.F.);
#1146=EDGE_CURVE('',#1361,#1351,#1535,.T.);
#1147=EDGE_CURVE('',#1350,#1362,#1536,.T.);
#1148=EDGE_CURVE('',#1362,#1361,#216,.F.);
#1149=EDGE_CURVE('',#1349,#1363,#1537,.T.);
#1150=EDGE_CURVE('',#1363,#1362,#1538,.T.);
#1151=EDGE_CURVE('',#1352,#1364,#1539,.T.);
#1152=EDGE_CURVE('',#1364,#1363,#217,.T.);
#1153=EDGE_CURVE('',#1361,#1364,#1540,.T.);
#1154=EDGE_CURVE('',#1365,#1366,#92,.T.);
#1155=EDGE_CURVE('',#1366,#1367,#93,.T.);
#1156=EDGE_CURVE('',#1367,#1368,#94,.T.);
#1157=EDGE_CURVE('',#1368,#1365,#95,.T.);
#1158=EDGE_CURVE('',#1366,#1369,#1541,.T.);
#1159=EDGE_CURVE('',#1369,#1370,#96,.F.);
#1160=EDGE_CURVE('',#1370,#1367,#1542,.T.);
#1161=EDGE_CURVE('',#1365,#1371,#1543,.T.);
#1162=EDGE_CURVE('',#1371,#1369,#97,.F.);
#1163=EDGE_CURVE('',#1368,#1372,#1544,.T.);
#1164=EDGE_CURVE('',#1372,#1371,#98,.F.);
#1165=EDGE_CURVE('',#1370,#1372,#99,.F.);
#1166=VERTEX_POINT('',#2956);
#1167=VERTEX_POINT('',#2957);
#1168=VERTEX_POINT('',#2959);
#1169=VERTEX_POINT('',#2961);
#1170=VERTEX_POINT('',#2964);
#1171=VERTEX_POINT('',#2965);
#1172=VERTEX_POINT('',#2967);
#1173=VERTEX_POINT('',#2969);
#1174=VERTEX_POINT('',#2971);
#1175=VERTEX_POINT('',#2975);
#1176=VERTEX_POINT('',#2977);
#1177=VERTEX_POINT('',#2981);
#1178=VERTEX_POINT('',#2982);
#1179=VERTEX_POINT('',#2984);
#1180=VERTEX_POINT('',#2986);
#1181=VERTEX_POINT('',#2988);
#1182=VERTEX_POINT('',#2991);
#1183=VERTEX_POINT('',#2993);
#1184=VERTEX_POINT('',#2995);
#1185=VERTEX_POINT('',#3033);
#1186=VERTEX_POINT('',#3034);
#1187=VERTEX_POINT('',#3036);
#1188=VERTEX_POINT('',#3038);
#1189=VERTEX_POINT('',#3042);
#1190=VERTEX_POINT('',#3043);
#1191=VERTEX_POINT('',#3048);
#1192=VERTEX_POINT('',#3052);
#1193=VERTEX_POINT('',#3058);
#1194=VERTEX_POINT('',#3059);
#1195=VERTEX_POINT('',#3061);
#1196=VERTEX_POINT('',#3063);
#1197=VERTEX_POINT('',#3065);
#1198=VERTEX_POINT('',#3068);
#1199=VERTEX_POINT('',#3069);
#1200=VERTEX_POINT('',#3071);
#1201=VERTEX_POINT('',#3073);
#1202=VERTEX_POINT('',#3077);
#1203=VERTEX_POINT('',#3079);
#1204=VERTEX_POINT('',#3083);
#1205=VERTEX_POINT('',#3084);
#1206=VERTEX_POINT('',#3086);
#1207=VERTEX_POINT('',#3088);
#1208=VERTEX_POINT('',#3091);
#1209=VERTEX_POINT('',#3093);
#1210=VERTEX_POINT('',#3095);
#1211=VERTEX_POINT('',#3133);
#1212=VERTEX_POINT('',#3134);
#1213=VERTEX_POINT('',#3136);
#1214=VERTEX_POINT('',#3138);
#1215=VERTEX_POINT('',#3142);
#1216=VERTEX_POINT('',#3143);
#1217=VERTEX_POINT('',#3148);
#1218=VERTEX_POINT('',#3152);
#1219=VERTEX_POINT('',#3158);
#1220=VERTEX_POINT('',#3159);
#1221=VERTEX_POINT('',#3161);
#1222=VERTEX_POINT('',#3163);
#1223=VERTEX_POINT('',#3167);
#1224=VERTEX_POINT('',#3168);
#1225=VERTEX_POINT('',#3173);
#1226=VERTEX_POINT('',#3177);
#1227=VERTEX_POINT('',#3183);
#1228=VERTEX_POINT('',#3184);
#1229=VERTEX_POINT('',#3186);
#1230=VERTEX_POINT('',#3188);
#1231=VERTEX_POINT('',#3192);
#1232=VERTEX_POINT('',#3193);
#1233=VERTEX_POINT('',#3195);
#1234=VERTEX_POINT('',#3197);
#1235=VERTEX_POINT('',#3200);
#1236=VERTEX_POINT('',#3202);
#1237=VERTEX_POINT('',#3206);
#1238=VERTEX_POINT('',#3207);
#1239=VERTEX_POINT('',#3212);
#1240=VERTEX_POINT('',#3213);
#1241=VERTEX_POINT('',#3215);
#1242=VERTEX_POINT('',#3217);
#1243=VERTEX_POINT('',#3223);
#1244=VERTEX_POINT('',#3224);
#1245=VERTEX_POINT('',#3226);
#1246=VERTEX_POINT('',#3228);
#1247=VERTEX_POINT('',#3231);
#1248=VERTEX_POINT('',#3232);
#1249=VERTEX_POINT('',#3234);
#1250=VERTEX_POINT('',#3236);
#1251=VERTEX_POINT('',#3239);
#1252=VERTEX_POINT('',#3240);
#1253=VERTEX_POINT('',#3242);
#1254=VERTEX_POINT('',#3244);
#1255=VERTEX_POINT('',#3246);
#1256=VERTEX_POINT('',#3248);
#1257=VERTEX_POINT('',#3250);
#1258=VERTEX_POINT('',#3252);
#1259=VERTEX_POINT('',#3256);
#1260=VERTEX_POINT('',#3259);
#1261=VERTEX_POINT('',#3263);
#1262=VERTEX_POINT('',#3267);
#1263=VERTEX_POINT('',#3274);
#1264=VERTEX_POINT('',#3277);
#1265=VERTEX_POINT('',#3281);
#1266=VERTEX_POINT('',#3285);
#1267=VERTEX_POINT('',#3296);
#1268=VERTEX_POINT('',#3298);
#1269=VERTEX_POINT('',#3318);
#1270=VERTEX_POINT('',#3322);
#1271=VERTEX_POINT('',#3335);
#1272=VERTEX_POINT('',#3339);
#1273=VERTEX_POINT('',#3359);
#1274=VERTEX_POINT('',#3363);
#1275=VERTEX_POINT('',#3385);
#1276=VERTEX_POINT('',#3386);
#1277=VERTEX_POINT('',#3427);
#1278=VERTEX_POINT('',#3466);
#1279=VERTEX_POINT('',#3553);
#1280=VERTEX_POINT('',#3554);
#1281=VERTEX_POINT('',#3556);
#1282=VERTEX_POINT('',#3561);
#1283=VERTEX_POINT('',#3563);
#1284=VERTEX_POINT('',#3565);
#1285=VERTEX_POINT('',#3567);
#1286=VERTEX_POINT('',#3569);
#1287=VERTEX_POINT('',#3571);
#1288=VERTEX_POINT('',#3573);
#1289=VERTEX_POINT('',#3578);
#1290=VERTEX_POINT('',#3580);
#1291=VERTEX_POINT('',#3582);
#1292=VERTEX_POINT('',#3586);
#1293=VERTEX_POINT('',#3587);
#1294=VERTEX_POINT('',#3608);
#1295=VERTEX_POINT('',#3615);
#1296=VERTEX_POINT('',#3622);
#1297=VERTEX_POINT('',#3626);
#1298=VERTEX_POINT('',#3643);
#1299=VERTEX_POINT('',#3650);
#1300=VERTEX_POINT('',#3663);
#1301=VERTEX_POINT('',#3667);
#1302=VERTEX_POINT('',#3671);
#1303=VERTEX_POINT('',#3675);
#1304=VERTEX_POINT('',#3696);
#1305=VERTEX_POINT('',#3697);
#1306=VERTEX_POINT('',#3699);
#1307=VERTEX_POINT('',#3701);
#1308=VERTEX_POINT('',#3703);
#1309=VERTEX_POINT('',#3705);
#1310=VERTEX_POINT('',#3707);
#1311=VERTEX_POINT('',#3709);
#1312=VERTEX_POINT('',#3711);
#1313=VERTEX_POINT('',#3713);
#1314=VERTEX_POINT('',#3715);
#1315=VERTEX_POINT('',#3720);
#1316=VERTEX_POINT('',#3727);
#1317=VERTEX_POINT('',#3729);
#1318=VERTEX_POINT('',#3752);
#1319=VERTEX_POINT('',#3759);
#1320=VERTEX_POINT('',#3770);
#1321=VERTEX_POINT('',#3771);
#1322=VERTEX_POINT('',#3792);
#1323=VERTEX_POINT('',#3796);
#1324=VERTEX_POINT('',#3800);
#1325=VERTEX_POINT('',#3804);
#1326=VERTEX_POINT('',#3818);
#1327=VERTEX_POINT('',#3828);
#1328=VERTEX_POINT('',#3833);
#1329=VERTEX_POINT('',#3838);
#1330=VERTEX_POINT('',#3850);
#1331=VERTEX_POINT('',#3861);
#1332=VERTEX_POINT('',#3863);
#1333=VERTEX_POINT('',#3869);
#1334=VERTEX_POINT('',#3874);
#1335=VERTEX_POINT('',#3953);
#1336=VERTEX_POINT('',#3955);
#1337=VERTEX_POINT('',#4008);
#1338=VERTEX_POINT('',#4038);
#1339=VERTEX_POINT('',#4039);
#1340=VERTEX_POINT('',#4125);
#1341=VERTEX_POINT('',#4127);
#1342=VERTEX_POINT('',#4157);
#1343=VERTEX_POINT('',#4205);
#1344=VERTEX_POINT('',#4259);
#1345=VERTEX_POINT('',#4349);
#1346=VERTEX_POINT('',#4354);
#1347=VERTEX_POINT('',#4359);
#1348=VERTEX_POINT('',#4364);
#1349=VERTEX_POINT('',#4423);
#1350=VERTEX_POINT('',#4424);
#1351=VERTEX_POINT('',#4426);
#1352=VERTEX_POINT('',#4428);
#1353=VERTEX_POINT('',#4439);
#1354=VERTEX_POINT('',#4440);
#1355=VERTEX_POINT('',#4452);
#1356=VERTEX_POINT('',#4464);
#1357=VERTEX_POINT('',#4516);
#1358=VERTEX_POINT('',#4518);
#1359=VERTEX_POINT('',#4548);
#1360=VERTEX_POINT('',#4570);
#1361=VERTEX_POINT('',#4615);
#1362=VERTEX_POINT('',#4617);
#1363=VERTEX_POINT('',#4621);
#1364=VERTEX_POINT('',#4625);
#1365=VERTEX_POINT('',#4639);
#1366=VERTEX_POINT('',#4640);
#1367=VERTEX_POINT('',#4650);
#1368=VERTEX_POINT('',#4660);
#1369=VERTEX_POINT('',#4685);
#1370=VERTEX_POINT('',#4698);
#1371=VERTEX_POINT('',#4711);
#1372=VERTEX_POINT('',#4732);
#1373=LINE('',#2955,#1545);
#1374=LINE('',#2960,#1546);
#1375=LINE('',#2963,#1547);
#1376=LINE('',#2966,#1548);
#1377=LINE('',#2972,#1549);
#1378=LINE('',#2974,#1550);
#1379=LINE('',#2976,#1551);
#1380=LINE('',#2978,#1552);
#1381=LINE('',#2980,#1553);
#1382=LINE('',#2985,#1554);
#1383=LINE('',#2990,#1555);
#1384=LINE('',#2992,#1556);
#1385=LINE('',#2998,#1557);
#1386=LINE('',#2999,#1558);
#1387=LINE('',#3015,#1559);
#1388=LINE('',#3016,#1560);
#1389=LINE('',#3018,#1561);
#1390=LINE('',#3020,#1562);
#1391=LINE('',#3032,#1563);
#1392=LINE('',#3035,#1564);
#1393=LINE('',#3037,#1565);
#1394=LINE('',#3039,#1566);
#1395=LINE('',#3041,#1567);
#1396=LINE('',#3044,#1568);
#1397=LINE('',#3045,#1569);
#1398=LINE('',#3047,#1570);
#1399=LINE('',#3049,#1571);
#1400=LINE('',#3051,#1572);
#1401=LINE('',#3053,#1573);
#1402=LINE('',#3055,#1574);
#1403=LINE('',#3057,#1575);
#1404=LINE('',#3062,#1576);
#1405=LINE('',#3067,#1577);
#1406=LINE('',#3070,#1578);
#1407=LINE('',#3074,#1579);
#1408=LINE('',#3076,#1580);
#1409=LINE('',#3078,#1581);
#1410=LINE('',#3080,#1582);
#1411=LINE('',#3082,#1583);
#1412=LINE('',#3087,#1584);
#1413=LINE('',#3090,#1585);
#1414=LINE('',#3092,#1586);
#1415=LINE('',#3098,#1587);
#1416=LINE('',#3099,#1588);
#1417=LINE('',#3115,#1589);
#1418=LINE('',#3116,#1590);
#1419=LINE('',#3118,#1591);
#1420=LINE('',#3120,#1592);
#1421=LINE('',#3132,#1593);
#1422=LINE('',#3135,#1594);
#1423=LINE('',#3137,#1595);
#1424=LINE('',#3139,#1596);
#1425=LINE('',#3141,#1597);
#1426=LINE('',#3144,#1598);
#1427=LINE('',#3145,#1599);
#1428=LINE('',#3147,#1600);
#1429=LINE('',#3149,#1601);
#1430=LINE('',#3151,#1602);
#1431=LINE('',#3153,#1603);
#1432=LINE('',#3155,#1604);
#1433=LINE('',#3157,#1605);
#1434=LINE('',#3160,#1606);
#1435=LINE('',#3162,#1607);
#1436=LINE('',#3164,#1608);
#1437=LINE('',#3166,#1609);
#1438=LINE('',#3169,#1610);
#1439=LINE('',#3170,#1611);
#1440=LINE('',#3172,#1612);
#1441=LINE('',#3174,#1613);
#1442=LINE('',#3176,#1614);
#1443=LINE('',#3178,#1615);
#1444=LINE('',#3180,#1616);
#1445=LINE('',#3182,#1617);
#1446=LINE('',#3185,#1618);
#1447=LINE('',#3187,#1619);
#1448=LINE('',#3189,#1620);
#1449=LINE('',#3191,#1621);
#1450=LINE('',#3194,#1622);
#1451=LINE('',#3196,#1623);
#1452=LINE('',#3198,#1624);
#1453=LINE('',#3199,#1625);
#1454=LINE('',#3201,#1626);
#1455=LINE('',#3203,#1627);
#1456=LINE('',#3205,#1628);
#1457=LINE('',#3208,#1629);
#1458=LINE('',#3209,#1630);
#1459=LINE('',#3211,#1631);
#1460=LINE('',#3214,#1632);
#1461=LINE('',#3216,#1633);
#1462=LINE('',#3218,#1634);
#1463=LINE('',#3219,#1635);
#1464=LINE('',#3220,#1636);
#1465=LINE('',#3222,#1637);
#1466=LINE('',#3225,#1638);
#1467=LINE('',#3227,#1639);
#1468=LINE('',#3229,#1640);
#1469=LINE('',#3230,#1641);
#1470=LINE('',#3233,#1642);
#1471=LINE('',#3235,#1643);
#1472=LINE('',#3237,#1644);
#1473=LINE('',#3241,#1645);
#1474=LINE('',#3245,#1646);
#1475=LINE('',#3249,#1647);
#1476=LINE('',#3253,#1648);
#1477=LINE('',#3255,#1649);
#1478=LINE('',#3257,#1650);
#1479=LINE('',#3258,#1651);
#1480=LINE('',#3260,#1652);
#1481=LINE('',#3262,#1653);
#1482=LINE('',#3264,#1654);
#1483=LINE('',#3266,#1655);
#1484=LINE('',#3268,#1656);
#1485=LINE('',#3269,#1657);
#1486=LINE('',#3271,#1658);
#1487=LINE('',#3273,#1659);
#1488=LINE('',#3275,#1660);
#1489=LINE('',#3276,#1661);
#1490=LINE('',#3278,#1662);
#1491=LINE('',#3280,#1663);
#1492=LINE('',#3282,#1664);
#1493=LINE('',#3284,#1665);
#1494=LINE('',#3286,#1666);
#1495=LINE('',#3287,#1667);
#1496=LINE('',#3289,#1668);
#1497=LINE('',#3295,#1669);
#1498=LINE('',#3297,#1670);
#1499=LINE('',#3319,#1671);
#1500=LINE('',#3321,#1672);
#1501=LINE('',#3323,#1673);
#1502=LINE('',#3336,#1674);
#1503=LINE('',#3338,#1675);
#1504=LINE('',#3360,#1676);
#1505=LINE('',#3362,#1677);
#1506=LINE('',#3364,#1678);
#1507=LINE('',#3426,#1679);
#1508=LINE('',#3514,#1680);
#1509=LINE('',#3564,#1681);
#1510=LINE('',#3581,#1682);
#1511=LINE('',#3621,#1683);
#1512=LINE('',#3623,#1684);
#1513=LINE('',#3649,#1685);
#1514=LINE('',#3664,#1686);
#1515=LINE('',#3668,#1687);
#1516=LINE('',#3670,#1688);
#1517=LINE('',#3672,#1689);
#1518=LINE('',#3700,#1690);
#1519=LINE('',#3712,#1691);
#1520=LINE('',#3728,#1692);
#1521=LINE('',#3793,#1693);
#1522=LINE('',#3797,#1694);
#1523=LINE('',#3799,#1695);
#1524=LINE('',#3801,#1696);
#1525=LINE('',#3805,#1697);
#1526=LINE('',#3849,#1698);
#1527=LINE('',#3862,#1699);
#1528=LINE('',#3866,#1700);
#1529=LINE('',#4422,#1701);
#1530=LINE('',#4427,#1702);
#1531=LINE('',#4515,#1703);
#1532=LINE('',#4517,#1704);
#1533=LINE('',#4547,#1705);
#1534=LINE('',#4569,#1706);
#1535=LINE('',#4614,#1707);
#1536=LINE('',#4616,#1708);
#1537=LINE('',#4620,#1709);
#1538=LINE('',#4622,#1710);
#1539=LINE('',#4624,#1711);
#1540=LINE('',#4628,#1712);
#1541=LINE('',#4684,#1713);
#1542=LINE('',#4699,#1714);
#1543=LINE('',#4710,#1715);
#1544=LINE('',#4731,#1716);
#1545=VECTOR('',#2487,1.);
#1546=VECTOR('',#2490,1.);
#1547=VECTOR('',#2493,1.);
#1548=VECTOR('',#2494,1.);
#1549=VECTOR('',#2499,1.);
#1550=VECTOR('',#2502,1.);
#1551=VECTOR('',#2503,1.);
#1552=VECTOR('',#2504,1.);
#1553=VECTOR('',#2507,1.);
#1554=VECTOR('',#2510,1.);
#1555=VECTOR('',#2515,1.);
#1556=VECTOR('',#2516,1.);
#1557=VECTOR('',#2523,1.);
#1558=VECTOR('',#2524,1.);
#1559=VECTOR('',#2527,1.);
#1560=VECTOR('',#2528,1.);
#1561=VECTOR('',#2531,1.);
#1562=VECTOR('',#2534,1.);
#1563=VECTOR('',#2537,1.);
#1564=VECTOR('',#2538,1.);
#1565=VECTOR('',#2539,1.);
#1566=VECTOR('',#2540,1.);
#1567=VECTOR('',#2543,1.);
#1568=VECTOR('',#2544,1.);
#1569=VECTOR('',#2545,1.);
#1570=VECTOR('',#2548,1.);
#1571=VECTOR('',#2549,1.);
#1572=VECTOR('',#2552,1.);
#1573=VECTOR('',#2553,1.);
#1574=VECTOR('',#2556,1.);
#1575=VECTOR('',#2559,1.);
#1576=VECTOR('',#2562,1.);
#1577=VECTOR('',#2567,1.);
#1578=VECTOR('',#2568,1.);
#1579=VECTOR('',#2571,1.);
#1580=VECTOR('',#2574,1.);
#1581=VECTOR('',#2575,1.);
#1582=VECTOR('',#2576,1.);
#1583=VECTOR('',#2579,1.);
#1584=VECTOR('',#2582,1.);
#1585=VECTOR('',#2585,1.);
#1586=VECTOR('',#2586,1.);
#1587=VECTOR('',#2593,1.);
#1588=VECTOR('',#2594,1.);
#1589=VECTOR('',#2597,1.);
#1590=VECTOR('',#2598,1.);
#1591=VECTOR('',#2601,1.);
#1592=VECTOR('',#2604,1.);
#1593=VECTOR('',#2607,1.);
#1594=VECTOR('',#2608,1.);
#1595=VECTOR('',#2609,1.);
#1596=VECTOR('',#2610,1.);
#1597=VECTOR('',#2613,1.);
#1598=VECTOR('',#2614,1.);
#1599=VECTOR('',#2615,1.);
#1600=VECTOR('',#2618,1.);
#1601=VECTOR('',#2619,1.);
#1602=VECTOR('',#2622,1.);
#1603=VECTOR('',#2623,1.);
#1604=VECTOR('',#2626,1.);
#1605=VECTOR('',#2629,1.);
#1606=VECTOR('',#2630,1.);
#1607=VECTOR('',#2631,1.);
#1608=VECTOR('',#2632,1.);
#1609=VECTOR('',#2635,1.);
#1610=VECTOR('',#2636,1.);
#1611=VECTOR('',#2637,1.);
#1612=VECTOR('',#2640,1.);
#1613=VECTOR('',#2641,1.);
#1614=VECTOR('',#2644,1.);
#1615=VECTOR('',#2645,1.);
#1616=VECTOR('',#2648,1.);
#1617=VECTOR('',#2651,1.);
#1618=VECTOR('',#2652,1.);
#1619=VECTOR('',#2653,1.);
#1620=VECTOR('',#2654,1.);
#1621=VECTOR('',#2657,1.);
#1622=VECTOR('',#2658,1.);
#1623=VECTOR('',#2659,1.);
#1624=VECTOR('',#2660,1.);
#1625=VECTOR('',#2661,1.);
#1626=VECTOR('',#2662,1.);
#1627=VECTOR('',#2663,1.);
#1628=VECTOR('',#2666,1.);
#1629=VECTOR('',#2667,1.);
#1630=VECTOR('',#2668,1.);
#1631=VECTOR('',#2671,1.);
#1632=VECTOR('',#2672,1.);
#1633=VECTOR('',#2673,1.);
#1634=VECTOR('',#2674,1.);
#1635=VECTOR('',#2675,1.);
#1636=VECTOR('',#2676,1.);
#1637=VECTOR('',#2679,1.);
#1638=VECTOR('',#2680,1.);
#1639=VECTOR('',#2681,1.);
#1640=VECTOR('',#2682,1.);
#1641=VECTOR('',#2683,1.);
#1642=VECTOR('',#2684,1.);
#1643=VECTOR('',#2685,1.);
#1644=VECTOR('',#2686,1.);
#1645=VECTOR('',#2689,1.);
#1646=VECTOR('',#2692,1.);
#1647=VECTOR('',#2695,1.);
#1648=VECTOR('',#2698,1.);
#1649=VECTOR('',#2701,1.);
#1650=VECTOR('',#2702,1.);
#1651=VECTOR('',#2703,1.);
#1652=VECTOR('',#2704,1.);
#1653=VECTOR('',#2707,1.);
#1654=VECTOR('',#2708,1.);
#1655=VECTOR('',#2711,1.);
#1656=VECTOR('',#2712,1.);
#1657=VECTOR('',#2713,1.);
#1658=VECTOR('',#2716,1.);
#1659=VECTOR('',#2719,1.);
#1660=VECTOR('',#2720,1.);
#1661=VECTOR('',#2721,1.);
#1662=VECTOR('',#2722,1.);
#1663=VECTOR('',#2725,1.);
#1664=VECTOR('',#2726,1.);
#1665=VECTOR('',#2729,1.);
#1666=VECTOR('',#2730,1.);
#1667=VECTOR('',#2731,1.);
#1668=VECTOR('',#2734,1.);
#1669=VECTOR('',#2745,1.);
#1670=VECTOR('',#2746,1.);
#1671=VECTOR('',#2747,1.);
#1672=VECTOR('',#2750,1.);
#1673=VECTOR('',#2751,1.);
#1674=VECTOR('',#2754,1.);
#1675=VECTOR('',#2757,1.);
#1676=VECTOR('',#2758,1.);
#1677=VECTOR('',#2761,1.);
#1678=VECTOR('',#2762,1.);
#1679=VECTOR('',#2765,1.);
#1680=VECTOR('',#2770,1.);
#1681=VECTOR('',#2777,1.);
#1682=VECTOR('',#2788,1.);
#1683=VECTOR('',#2801,1.);
#1684=VECTOR('',#2802,1.);
#1685=VECTOR('',#2809,1.);
#1686=VECTOR('',#2814,1.);
#1687=VECTOR('',#2819,1.);
#1688=VECTOR('',#2822,1.);
#1689=VECTOR('',#2823,1.);
#1690=VECTOR('',#2834,1.);
#1691=VECTOR('',#2845,1.);
#1692=VECTOR('',#2852,1.);
#1693=VECTOR('',#2859,1.);
#1694=VECTOR('',#2864,1.);
#1695=VECTOR('',#2867,1.);
#1696=VECTOR('',#2868,1.);
#1697=VECTOR('',#2873,1.);
#1698=VECTOR('',#2878,1.);
#1699=VECTOR('',#2881,1.);
#1700=VECTOR('',#2886,1.);
#1701=VECTOR('',#2913,1.);
#1702=VECTOR('',#2916,1.);
#1703=VECTOR('',#2919,1.);
#1704=VECTOR('',#2920,1.);
#1705=VECTOR('',#2921,1.);
#1706=VECTOR('',#2922,1.);
#1707=VECTOR('',#2925,1.);
#1708=VECTOR('',#2926,1.);
#1709=VECTOR('',#2931,1.);
#1710=VECTOR('',#2932,1.);
#1711=VECTOR('',#2935,1.);
#1712=VECTOR('',#2940,1.);
#1713=VECTOR('',#2945,1.);
#1714=VECTOR('',#2946,1.);
#1715=VECTOR('',#2947,1.);
#1716=VECTOR('',#2948,1.);
#1717=EDGE_LOOP('',(#218,#219,#220,#221));
#1718=EDGE_LOOP('',(#222,#223,#224,#225,#226));
#1719=EDGE_LOOP('',(#227,#228,#229,#230));
#1720=EDGE_LOOP('',(#231,#232,#233,#234,#235));
#1721=EDGE_LOOP('',(#236,#237,#238,#239,#240));
#1722=EDGE_LOOP('',(#241,#242,#243,#244));
#1723=EDGE_LOOP('',(#245,#246,#247,#248,#249,#250));
#1724=EDGE_LOOP('',(#251,#252,#253,#254));
#1725=EDGE_LOOP('',(#255,#256,#257,#258));
#1726=EDGE_LOOP('',(#259,#260,#261,#262));
#1727=EDGE_LOOP('',(#263,#264,#265,#266,#267));
#1728=EDGE_LOOP('',(#268,#269,#270,#271));
#1729=EDGE_LOOP('',(#272,#273,#274,#275));
#1730=EDGE_LOOP('',(#276,#277,#278,#279));
#1731=EDGE_LOOP('',(#280,#281,#282,#283));
#1732=EDGE_LOOP('',(#284,#285,#286,#287));
#1733=EDGE_LOOP('',(#288,#289,#290,#291));
#1734=EDGE_LOOP('',(#292,#293,#294,#295,#296));
#1735=EDGE_LOOP('',(#297,#298,#299,#300));
#1736=EDGE_LOOP('',(#301,#302,#303,#304));
#1737=EDGE_LOOP('',(#305,#306,#307,#308));
#1738=EDGE_LOOP('',(#309,#310,#311,#312,#313));
#1739=EDGE_LOOP('',(#314,#315,#316,#317));
#1740=EDGE_LOOP('',(#318,#319,#320,#321,#322));
#1741=EDGE_LOOP('',(#323,#324,#325,#326));
#1742=EDGE_LOOP('',(#327,#328,#329,#330));
#1743=EDGE_LOOP('',(#331,#332,#333,#334));
#1744=EDGE_LOOP('',(#335,#336,#337,#338,#339));
#1745=EDGE_LOOP('',(#340,#341,#342,#343));
#1746=EDGE_LOOP('',(#344,#345,#346,#347));
#1747=EDGE_LOOP('',(#348,#349,#350,#351));
#1748=EDGE_LOOP('',(#352,#353,#354,#355));
#1749=EDGE_LOOP('',(#356,#357,#358,#359));
#1750=EDGE_LOOP('',(#360,#361,#362,#363));
#1751=EDGE_LOOP('',(#364,#365,#366,#367));
#1752=EDGE_LOOP('',(#368,#369,#370,#371));
#1753=EDGE_LOOP('',(#372,#373,#374,#375));
#1754=EDGE_LOOP('',(#376,#377,#378,#379));
#1755=EDGE_LOOP('',(#380,#381,#382,#383));
#1756=EDGE_LOOP('',(#384,#385,#386,#387));
#1757=EDGE_LOOP('',(#388,#389,#390,#391));
#1758=EDGE_LOOP('',(#392,#393,#394,#395));
#1759=EDGE_LOOP('',(#396,#397,#398,#399));
#1760=EDGE_LOOP('',(#400,#401,#402,#403));
#1761=EDGE_LOOP('',(#404,#405,#406,#407));
#1762=EDGE_LOOP('',(#408,#409,#410,#411));
#1763=EDGE_LOOP('',(#412,#413,#414,#415));
#1764=EDGE_LOOP('',(#416,#417,#418,#419));
#1765=EDGE_LOOP('',(#420,#421,#422,#423,#424,#425,#426,#427));
#1766=EDGE_LOOP('',(#428,#429,#430,#431,#432,#433));
#1767=EDGE_LOOP('',(#434,#435,#436,#437));
#1768=EDGE_LOOP('',(#438,#439,#440,#441,#442,#443));
#1769=EDGE_LOOP('',(#444,#445,#446,#447));
#1770=EDGE_LOOP('',(#448,#449,#450,#451,#452,#453));
#1771=EDGE_LOOP('',(#454,#455,#456,#457));
#1772=EDGE_LOOP('',(#458,#459,#460,#461,#462,#463));
#1773=EDGE_LOOP('',(#464,#465,#466,#467));
#1774=EDGE_LOOP('',(#468,#469,#470,#471));
#1775=EDGE_LOOP('',(#472,#473,#474,#475));
#1776=EDGE_LOOP('',(#476,#477,#478,#479));
#1777=EDGE_LOOP('',(#480,#481,#482,#483));
#1778=EDGE_LOOP('',(#484,#485,#486,#487));
#1779=EDGE_LOOP('',(#488,#489,#490,#491));
#1780=EDGE_LOOP('',(#492,#493,#494,#495));
#1781=EDGE_LOOP('',(#496,#497,#498,#499));
#1782=EDGE_LOOP('',(#500,#501,#502,#503));
#1783=EDGE_LOOP('',(#504,#505,#506,#507));
#1784=EDGE_LOOP('',(#508,#509,#510,#511));
#1785=EDGE_LOOP('',(#512,#513,#514,#515));
#1786=EDGE_LOOP('',(#516,#517,#518,#519));
#1787=EDGE_LOOP('',(#520,#521,#522));
#1788=EDGE_LOOP('',(#523,#524,#525,#526));
#1789=EDGE_LOOP('',(#527,#528,#529));
#1790=EDGE_LOOP('',(#530,#531,#532,#533));
#1791=EDGE_LOOP('',(#534,#535,#536));
#1792=EDGE_LOOP('',(#537,#538,#539,#540));
#1793=EDGE_LOOP('',(#541,#542,#543));
#1794=EDGE_LOOP('',(#544,#545,#546,#547,#548,#549,#550,#551,#552,#553,#554,
#555,#556));
#1795=EDGE_LOOP('',(#557,#558,#559,#560));
#1796=EDGE_LOOP('',(#561,#562,#563,#564));
#1797=EDGE_LOOP('',(#565,#566,#567,#568));
#1798=EDGE_LOOP('',(#569,#570,#571,#572));
#1799=EDGE_LOOP('',(#573,#574,#575,#576));
#1800=EDGE_LOOP('',(#577,#578,#579,#580));
#1801=EDGE_LOOP('',(#581,#582,#583,#584));
#1802=EDGE_LOOP('',(#585,#586,#587,#588,#589));
#1803=EDGE_LOOP('',(#590,#591,#592,#593));
#1804=EDGE_LOOP('',(#594,#595,#596,#597));
#1805=EDGE_LOOP('',(#598,#599,#600,#601));
#1806=EDGE_LOOP('',(#602,#603,#604,#605));
#1807=EDGE_LOOP('',(#606,#607,#608,#609));
#1808=EDGE_LOOP('',(#610,#611,#612,#613,#614,#615,#616,#617,#618,#619,#620,
#621));
#1809=EDGE_LOOP('',(#622,#623,#624,#625,#626,#627,#628,#629,#630,#631,#632,
#633));
#1810=EDGE_LOOP('',(#634,#635,#636,#637,#638));
#1811=EDGE_LOOP('',(#639,#640,#641,#642));
#1812=EDGE_LOOP('',(#643,#644,#645,#646,#647));
#1813=EDGE_LOOP('',(#648,#649,#650,#651));
#1814=EDGE_LOOP('',(#652,#653,#654,#655));
#1815=EDGE_LOOP('',(#656,#657,#658,#659));
#1816=EDGE_LOOP('',(#660,#661,#662,#663));
#1817=EDGE_LOOP('',(#664,#665,#666,#667));
#1818=EDGE_LOOP('',(#668,#669,#670,#671,#672,#673));
#1819=EDGE_LOOP('',(#674,#675,#676,#677));
#1820=EDGE_LOOP('',(#678,#679,#680,#681,#682));
#1821=EDGE_LOOP('',(#683,#684,#685,#686));
#1822=EDGE_LOOP('',(#687,#688,#689,#690,#691,#692));
#1823=EDGE_LOOP('',(#693,#694,#695,#696,#697));
#1824=EDGE_LOOP('',(#698,#699,#700,#701));
#1825=EDGE_LOOP('',(#702,#703,#704,#705));
#1826=EDGE_LOOP('',(#706,#707,#708,#709,#710));
#1827=EDGE_LOOP('',(#711,#712,#713,#714,#715,#716));
#1828=EDGE_LOOP('',(#717,#718,#719,#720,#721));
#1829=EDGE_LOOP('',(#722,#723,#724,#725));
#1830=EDGE_LOOP('',(#726,#727,#728,#729,#730));
#1831=EDGE_LOOP('',(#731,#732,#733,#734,#735));
#1832=EDGE_LOOP('',(#736,#737,#738,#739,#740,#741));
#1833=EDGE_LOOP('',(#742,#743,#744,#745,#746));
#1834=EDGE_LOOP('',(#747,#748,#749,#750));
#1835=EDGE_LOOP('',(#751,#752,#753,#754));
#1836=EDGE_LOOP('',(#755,#756,#757,#758,#759,#760,#761,#762,#763,#764));
#1837=EDGE_LOOP('',(#765,#766,#767,#768,#769));
#1838=EDGE_LOOP('',(#770,#771,#772,#773));
#1839=EDGE_LOOP('',(#774,#775,#776,#777));
#1840=EDGE_LOOP('',(#778,#779,#780,#781));
#1841=EDGE_LOOP('',(#782,#783,#784,#785));
#1842=EDGE_LOOP('',(#786,#787,#788,#789));
#1843=EDGE_LOOP('',(#790,#791,#792,#793));
#1844=EDGE_LOOP('',(#794,#795,#796,#797));
#1845=EDGE_LOOP('',(#798,#799,#800,#801));
#1846=EDGE_LOOP('',(#802,#803,#804,#805));
#1847=EDGE_LOOP('',(#806,#807,#808,#809));
#1848=EDGE_LOOP('',(#810,#811,#812,#813));
#1849=EDGE_LOOP('',(#814,#815,#816,#817));
#1850=EDGE_LOOP('',(#818,#819,#820,#821));
#1851=EDGE_LOOP('',(#822,#823,#824,#825));
#1852=EDGE_LOOP('',(#826,#827,#828,#829));
#1853=EDGE_LOOP('',(#830,#831,#832,#833));
#1854=EDGE_LOOP('',(#834,#835,#836,#837));
#1855=EDGE_LOOP('',(#838,#839,#840,#841));
#1856=EDGE_LOOP('',(#842,#843,#844,#845));
#1857=EDGE_LOOP('',(#846,#847,#848,#849));
#1858=FACE_BOUND('',#1717,.T.);
#1859=FACE_BOUND('',#1718,.T.);
#1860=FACE_BOUND('',#1719,.T.);
#1861=FACE_BOUND('',#1720,.T.);
#1862=FACE_BOUND('',#1721,.T.);
#1863=FACE_BOUND('',#1722,.T.);
#1864=FACE_BOUND('',#1723,.T.);
#1865=FACE_BOUND('',#1724,.T.);
#1866=FACE_BOUND('',#1725,.T.);
#1867=FACE_BOUND('',#1726,.T.);
#1868=FACE_BOUND('',#1727,.T.);
#1869=FACE_BOUND('',#1728,.T.);
#1870=FACE_BOUND('',#1729,.T.);
#1871=FACE_BOUND('',#1730,.T.);
#1872=FACE_BOUND('',#1731,.T.);
#1873=FACE_BOUND('',#1732,.T.);
#1874=FACE_BOUND('',#1733,.T.);
#1875=FACE_BOUND('',#1734,.T.);
#1876=FACE_BOUND('',#1735,.T.);
#1877=FACE_BOUND('',#1736,.T.);
#1878=FACE_BOUND('',#1737,.T.);
#1879=FACE_BOUND('',#1738,.T.);
#1880=FACE_BOUND('',#1739,.T.);
#1881=FACE_BOUND('',#1740,.T.);
#1882=FACE_BOUND('',#1741,.T.);
#1883=FACE_BOUND('',#1742,.T.);
#1884=FACE_BOUND('',#1743,.T.);
#1885=FACE_BOUND('',#1744,.T.);
#1886=FACE_BOUND('',#1745,.T.);
#1887=FACE_BOUND('',#1746,.T.);
#1888=FACE_BOUND('',#1747,.T.);
#1889=FACE_BOUND('',#1748,.T.);
#1890=FACE_BOUND('',#1749,.T.);
#1891=FACE_BOUND('',#1750,.T.);
#1892=FACE_BOUND('',#1751,.T.);
#1893=FACE_BOUND('',#1752,.T.);
#1894=FACE_BOUND('',#1753,.T.);
#1895=FACE_BOUND('',#1754,.T.);
#1896=FACE_BOUND('',#1755,.T.);
#1897=FACE_BOUND('',#1756,.T.);
#1898=FACE_BOUND('',#1757,.T.);
#1899=FACE_BOUND('',#1758,.T.);
#1900=FACE_BOUND('',#1759,.T.);
#1901=FACE_BOUND('',#1760,.T.);
#1902=FACE_BOUND('',#1761,.T.);
#1903=FACE_BOUND('',#1762,.T.);
#1904=FACE_BOUND('',#1763,.T.);
#1905=FACE_BOUND('',#1764,.T.);
#1906=FACE_BOUND('',#1765,.T.);
#1907=FACE_BOUND('',#1766,.T.);
#1908=FACE_BOUND('',#1767,.T.);
#1909=FACE_BOUND('',#1768,.T.);
#1910=FACE_BOUND('',#1769,.T.);
#1911=FACE_BOUND('',#1770,.T.);
#1912=FACE_BOUND('',#1771,.T.);
#1913=FACE_BOUND('',#1772,.T.);
#1914=FACE_BOUND('',#1773,.T.);
#1915=FACE_BOUND('',#1774,.T.);
#1916=FACE_BOUND('',#1775,.T.);
#1917=FACE_BOUND('',#1776,.T.);
#1918=FACE_BOUND('',#1777,.T.);
#1919=FACE_BOUND('',#1778,.T.);
#1920=FACE_BOUND('',#1779,.T.);
#1921=FACE_BOUND('',#1780,.T.);
#1922=FACE_BOUND('',#1781,.T.);
#1923=FACE_BOUND('',#1782,.T.);
#1924=FACE_BOUND('',#1783,.T.);
#1925=FACE_BOUND('',#1784,.T.);
#1926=FACE_BOUND('',#1785,.T.);
#1927=FACE_BOUND('',#1786,.T.);
#1928=FACE_BOUND('',#1787,.T.);
#1929=FACE_BOUND('',#1788,.T.);
#1930=FACE_BOUND('',#1789,.T.);
#1931=FACE_BOUND('',#1790,.T.);
#1932=FACE_BOUND('',#1791,.T.);
#1933=FACE_BOUND('',#1792,.T.);
#1934=FACE_BOUND('',#1793,.T.);
#1935=FACE_BOUND('',#1794,.T.);
#1936=FACE_BOUND('',#1795,.T.);
#1937=FACE_BOUND('',#1796,.T.);
#1938=FACE_BOUND('',#1797,.T.);
#1939=FACE_BOUND('',#1798,.T.);
#1940=FACE_BOUND('',#1799,.T.);
#1941=FACE_BOUND('',#1800,.T.);
#1942=FACE_BOUND('',#1801,.T.);
#1943=FACE_BOUND('',#1802,.T.);
#1944=FACE_BOUND('',#1803,.T.);
#1945=FACE_BOUND('',#1804,.T.);
#1946=FACE_BOUND('',#1805,.T.);
#1947=FACE_BOUND('',#1806,.T.);
#1948=FACE_BOUND('',#1807,.T.);
#1949=FACE_BOUND('',#1808,.T.);
#1950=FACE_BOUND('',#1809,.T.);
#1951=FACE_BOUND('',#1810,.T.);
#1952=FACE_BOUND('',#1811,.T.);
#1953=FACE_BOUND('',#1812,.T.);
#1954=FACE_BOUND('',#1813,.T.);
#1955=FACE_BOUND('',#1814,.T.);
#1956=FACE_BOUND('',#1815,.T.);
#1957=FACE_BOUND('',#1816,.T.);
#1958=FACE_BOUND('',#1817,.T.);
#1959=FACE_BOUND('',#1818,.T.);
#1960=FACE_BOUND('',#1819,.T.);
#1961=FACE_BOUND('',#1820,.T.);
#1962=FACE_BOUND('',#1821,.T.);
#1963=FACE_BOUND('',#1822,.T.);
#1964=FACE_BOUND('',#1823,.T.);
#1965=FACE_BOUND('',#1824,.T.);
#1966=FACE_BOUND('',#1825,.T.);
#1967=FACE_BOUND('',#1826,.T.);
#1968=FACE_BOUND('',#1827,.T.);
#1969=FACE_BOUND('',#1828,.T.);
#1970=FACE_BOUND('',#1829,.T.);
#1971=FACE_BOUND('',#1830,.T.);
#1972=FACE_BOUND('',#1831,.T.);
#1973=FACE_BOUND('',#1832,.T.);
#1974=FACE_BOUND('',#1833,.T.);
#1975=FACE_BOUND('',#1834,.T.);
#1976=FACE_BOUND('',#1835,.T.);
#1977=FACE_BOUND('',#1836,.T.);
#1978=FACE_BOUND('',#1837,.T.);
#1979=FACE_BOUND('',#1838,.T.);
#1980=FACE_BOUND('',#1839,.T.);
#1981=FACE_BOUND('',#1840,.T.);
#1982=FACE_BOUND('',#1841,.T.);
#1983=FACE_BOUND('',#1842,.T.);
#1984=FACE_BOUND('',#1843,.T.);
#1985=FACE_BOUND('',#1844,.T.);
#1986=FACE_BOUND('',#1845,.T.);
#1987=FACE_BOUND('',#1846,.T.);
#1988=FACE_BOUND('',#1847,.T.);
#1989=FACE_BOUND('',#1848,.T.);
#1990=FACE_BOUND('',#1849,.T.);
#1991=FACE_BOUND('',#1850,.T.);
#1992=FACE_BOUND('',#1851,.T.);
#1993=FACE_BOUND('',#1852,.T.);
#1994=FACE_BOUND('',#1853,.T.);
#1995=FACE_BOUND('',#1854,.T.);
#1996=FACE_BOUND('',#1855,.T.);
#1997=FACE_BOUND('',#1856,.T.);
#1998=FACE_BOUND('',#1857,.T.);
#1999=PLANE('',#2335);
#2000=PLANE('',#2340);
#2001=PLANE('',#2341);
#2002=PLANE('',#2347);
#2003=PLANE('',#2348);
#2004=PLANE('',#2350);
#2005=PLANE('',#2351);
#2006=PLANE('',#2352);
#2007=PLANE('',#2353);
#2008=PLANE('',#2354);
#2009=PLANE('',#2355);
#2010=PLANE('',#2356);
#2011=PLANE('',#2361);
#2012=PLANE('',#2362);
#2013=PLANE('',#2367);
#2014=PLANE('',#2368);
#2015=PLANE('',#2370);
#2016=PLANE('',#2371);
#2017=PLANE('',#2372);
#2018=PLANE('',#2373);
#2019=PLANE('',#2374);
#2020=PLANE('',#2375);
#2021=PLANE('',#2376);
#2022=PLANE('',#2377);
#2023=PLANE('',#2378);
#2024=PLANE('',#2379);
#2025=PLANE('',#2380);
#2026=PLANE('',#2381);
#2027=PLANE('',#2382);
#2028=PLANE('',#2383);
#2029=PLANE('',#2384);
#2030=PLANE('',#2385);
#2031=PLANE('',#2390);
#2032=PLANE('',#2391);
#2033=PLANE('',#2392);
#2034=PLANE('',#2393);
#2035=PLANE('',#2394);
#2036=PLANE('',#2395);
#2037=PLANE('',#2396);
#2038=PLANE('',#2397);
#2039=PLANE('',#2398);
#2040=PLANE('',#2399);
#2041=PLANE('',#2400);
#2042=PLANE('',#2401);
#2043=PLANE('',#2402);
#2044=PLANE('',#2403);
#2045=PLANE('',#2405);
#2046=PLANE('',#2406);
#2047=PLANE('',#2410);
#2048=PLANE('',#2423);
#2049=PLANE('',#2431);
#2050=PLANE('',#2434);
#2051=PLANE('',#2450);
#2052=PLANE('',#2457);
#2053=PLANE('',#2458);
#2054=PLANE('',#2473);
#2055=PLANE('',#2475);
#2056=PLANE('',#2476);
#2057=PLANE('',#2478);
#2058=PLANE('',#2482);
#2059=OVER_RIDING_STYLED_ITEM('',(#2204),#2079,#2202);
#2060=OVER_RIDING_STYLED_ITEM('',(#2205),#2080,#2202);
#2061=OVER_RIDING_STYLED_ITEM('',(#2206),#2081,#2202);
#2062=OVER_RIDING_STYLED_ITEM('',(#2207),#2082,#2202);
#2063=OVER_RIDING_STYLED_ITEM('',(#2208),#2083,#2202);
#2064=OVER_RIDING_STYLED_ITEM('',(#2209),#2084,#2202);
#2065=OVER_RIDING_STYLED_ITEM('',(#2210),#2085,#2202);
#2066=OVER_RIDING_STYLED_ITEM('',(#2211),#2086,#2202);
#2067=OVER_RIDING_STYLED_ITEM('',(#2212),#2087,#2202);
#2068=OVER_RIDING_STYLED_ITEM('',(#2213),#2093,#2202);
#2069=OVER_RIDING_STYLED_ITEM('',(#2214),#2094,#2202);
#2070=OVER_RIDING_STYLED_ITEM('',(#2215),#2095,#2202);
#2071=OVER_RIDING_STYLED_ITEM('',(#2216),#2096,#2202);
#2072=OVER_RIDING_STYLED_ITEM('',(#2217),#2097,#2202);
#2073=OVER_RIDING_STYLED_ITEM('',(#2218),#2098,#2202);
#2074=OVER_RIDING_STYLED_ITEM('',(#2219),#2099,#2202);
#2075=OVER_RIDING_STYLED_ITEM('',(#2220),#2100,#2202);
#2076=OVER_RIDING_STYLED_ITEM('',(#2221),#2101,#2202);
#2077=OVER_RIDING_STYLED_ITEM('',(#2222),#2193,#2202);
#2078=OVER_RIDING_STYLED_ITEM('',(#2223),#2194,#2202);
#2079=ADVANCED_FACE('',(#1858,#1859),#1999,.T.);
#2080=ADVANCED_FACE('',(#1860),#2000,.F.);
#2081=ADVANCED_FACE('',(#1861,#1862),#2001,.F.);
#2082=ADVANCED_FACE('',(#1863),#2002,.F.);
#2083=ADVANCED_FACE('',(#1864),#123,.T.);
#2084=ADVANCED_FACE('',(#1865),#2003,.T.);
#2085=ADVANCED_FACE('',(#1866),#100,.F.);
#2086=ADVANCED_FACE('',(#1867),#2004,.T.);
#2087=ADVANCED_FACE('',(#1868),#124,.F.);
#2088=ADVANCED_FACE('',(#1869,#1870),#2005,.T.);
#2089=ADVANCED_FACE('',(#1871),#2006,.F.);
#2090=ADVANCED_FACE('',(#1872),#2007,.F.);
#2091=ADVANCED_FACE('',(#1873),#2008,.F.);
#2092=ADVANCED_FACE('',(#1874),#2009,.F.);
#2093=ADVANCED_FACE('',(#1875,#1876),#2010,.T.);
#2094=ADVANCED_FACE('',(#1877),#2011,.F.);
#2095=ADVANCED_FACE('',(#1878,#1879),#2012,.F.);
#2096=ADVANCED_FACE('',(#1880),#2013,.F.);
#2097=ADVANCED_FACE('',(#1881),#125,.T.);
#2098=ADVANCED_FACE('',(#1882),#2014,.T.);
#2099=ADVANCED_FACE('',(#1883),#101,.F.);
#2100=ADVANCED_FACE('',(#1884),#2015,.T.);
#2101=ADVANCED_FACE('',(#1885),#126,.F.);
#2102=ADVANCED_FACE('',(#1886,#1887),#2016,.T.);
#2103=ADVANCED_FACE('',(#1888),#2017,.F.);
#2104=ADVANCED_FACE('',(#1889),#2018,.F.);
#2105=ADVANCED_FACE('',(#1890),#2019,.F.);
#2106=ADVANCED_FACE('',(#1891),#2020,.F.);
#2107=ADVANCED_FACE('',(#1892),#2021,.T.);
#2108=ADVANCED_FACE('',(#1893),#2022,.F.);
#2109=ADVANCED_FACE('',(#1894),#2023,.F.);
#2110=ADVANCED_FACE('',(#1895),#2024,.F.);
#2111=ADVANCED_FACE('',(#1896),#2025,.F.);
#2112=ADVANCED_FACE('',(#1897),#2026,.F.);
#2113=ADVANCED_FACE('',(#1898,#1899),#2027,.T.);
#2114=ADVANCED_FACE('',(#1900),#2028,.F.);
#2115=ADVANCED_FACE('',(#1901,#1902),#2029,.T.);
#2116=ADVANCED_FACE('',(#1903,#1904,#1905,#1906),#2030,.F.);
#2117=ADVANCED_FACE('',(#1907),#2031,.T.);
#2118=ADVANCED_FACE('',(#1908),#2032,.T.);
#2119=ADVANCED_FACE('',(#1909),#2033,.F.);
#2120=ADVANCED_FACE('',(#1910),#2034,.F.);
#2121=ADVANCED_FACE('',(#1911),#2035,.T.);
#2122=ADVANCED_FACE('',(#1912),#2036,.T.);
#2123=ADVANCED_FACE('',(#1913),#2037,.F.);
#2124=ADVANCED_FACE('',(#1914),#2038,.F.);
#2125=ADVANCED_FACE('',(#1915),#2039,.F.);
#2126=ADVANCED_FACE('',(#1916),#2040,.T.);
#2127=ADVANCED_FACE('',(#1917),#2041,.F.);
#2128=ADVANCED_FACE('',(#1918),#2042,.T.);
#2129=ADVANCED_FACE('',(#1919),#2043,.F.);
#2130=ADVANCED_FACE('',(#1920),#127,.T.);
#2131=ADVANCED_FACE('',(#1921),#2044,.T.);
#2132=ADVANCED_FACE('',(#1922),#128,.T.);
#2133=ADVANCED_FACE('',(#1923),#2045,.F.);
#2134=ADVANCED_FACE('',(#1924),#129,.T.);
#2135=ADVANCED_FACE('',(#1925),#2046,.T.);
#2136=ADVANCED_FACE('',(#1926),#130,.T.);
#2137=ADVANCED_FACE('',(#1927),#102,.T.);
#2138=ADVANCED_FACE('',(#1928),#12,.T.);
#2139=ADVANCED_FACE('',(#1929),#131,.T.);
#2140=ADVANCED_FACE('',(#1930),#13,.T.);
#2141=ADVANCED_FACE('',(#1931),#103,.T.);
#2142=ADVANCED_FACE('',(#1932),#14,.T.);
#2143=ADVANCED_FACE('',(#1933),#132,.T.);
#2144=ADVANCED_FACE('',(#1934),#15,.T.);
#2145=ADVANCED_FACE('',(#1935,#1936),#2047,.T.);
#2146=ADVANCED_FACE('',(#1937),#104,.F.);
#2147=ADVANCED_FACE('',(#1938),#133,.F.);
#2148=ADVANCED_FACE('',(#1939),#105,.F.);
#2149=ADVANCED_FACE('',(#1940),#2048,.F.);
#2150=ADVANCED_FACE('',(#1941),#106,.F.);
#2151=ADVANCED_FACE('',(#1942),#134,.F.);
#2152=ADVANCED_FACE('',(#1943),#107,.F.);
#2153=ADVANCED_FACE('',(#1944),#135,.F.);
#2154=ADVANCED_FACE('',(#1945),#108,.F.);
#2155=ADVANCED_FACE('',(#1946),#2049,.F.);
#2156=ADVANCED_FACE('',(#1947),#109,.F.);
#2157=ADVANCED_FACE('',(#1948),#136,.F.);
#2158=ADVANCED_FACE('',(#1949,#1950),#2050,.T.);
#2159=ADVANCED_FACE('',(#1951),#110,.T.);
#2160=ADVANCED_FACE('',(#1952),#111,.T.);
#2161=ADVANCED_FACE('',(#1953),#112,.T.);
#2162=ADVANCED_FACE('',(#1954),#137,.T.);
#2163=ADVANCED_FACE('',(#1955),#113,.T.);
#2164=ADVANCED_FACE('',(#1956),#2051,.T.);
#2165=ADVANCED_FACE('',(#1957),#114,.T.);
#2166=ADVANCED_FACE('',(#1958),#138,.T.);
#2167=ADVANCED_FACE('',(#1959),#115,.T.);
#2168=ADVANCED_FACE('',(#1960),#116,.T.);
#2169=ADVANCED_FACE('',(#1961),#117,.T.);
#2170=ADVANCED_FACE('',(#1962),#2052,.T.);
#2171=ADVANCED_FACE('',(#1963),#2053,.T.);
#2172=ADVANCED_FACE('',(#1964),#139,.T.);
#2173=ADVANCED_FACE('',(#1965),#16,.T.);
#2174=ADVANCED_FACE('',(#1966),#17,.T.);
#2175=ADVANCED_FACE('',(#1967),#140,.T.);
#2176=ADVANCED_FACE('',(#1968),#141,.T.);
#2177=ADVANCED_FACE('',(#1969),#142,.T.);
#2178=ADVANCED_FACE('',(#1970),#18,.T.);
#2179=ADVANCED_FACE('',(#1971),#19,.T.);
#2180=ADVANCED_FACE('',(#1972),#143,.T.);
#2181=ADVANCED_FACE('',(#1973),#118,.T.);
#2182=ADVANCED_FACE('',(#1974),#20,.T.);
#2183=ADVANCED_FACE('',(#1975,#1976,#1977),#119,.F.);
#2184=ADVANCED_FACE('',(#1978),#144,.T.);
#2185=ADVANCED_FACE('',(#1979),#145,.T.);
#2186=ADVANCED_FACE('',(#1980),#146,.T.);
#2187=ADVANCED_FACE('',(#1981),#147,.T.);
#2188=ADVANCED_FACE('',(#1982),#148,.T.);
#2189=ADVANCED_FACE('',(#1983),#2054,.T.);
#2190=ADVANCED_FACE('',(#1984),#2055,.T.);
#2191=ADVANCED_FACE('',(#1985),#2056,.T.);
#2192=ADVANCED_FACE('',(#1986),#2057,.T.);
#2193=ADVANCED_FACE('',(#1987,#1988),#120,.F.);
#2194=ADVANCED_FACE('',(#1989),#121,.F.);
#2195=ADVANCED_FACE('',(#1990),#149,.T.);
#2196=ADVANCED_FACE('',(#1991),#150,.T.);
#2197=ADVANCED_FACE('',(#1992),#151,.T.);
#2198=ADVANCED_FACE('',(#1993),#152,.T.);
#2199=ADVANCED_FACE('',(#1994),#122,.F.);
#2200=ADVANCED_FACE('',(#1995,#1996,#1997,#1998),#2058,.F.);
#2201=CLOSED_SHELL('',(#2079,#2080,#2081,#2082,#2083,#2084,#2085,#2086,
#2087,#2088,#2089,#2090,#2091,#2092,#2093,#2094,#2095,#2096,#2097,#2098,
#2099,#2100,#2101,#2102,#2103,#2104,#2105,#2106,#2107,#2108,#2109,#2110,
#2111,#2112,#2113,#2114,#2115,#2116,#2117,#2118,#2119,#2120,#2121,#2122,
#2123,#2124,#2125,#2126,#2127,#2128,#2129,#2130,#2131,#2132,#2133,#2134,
#2135,#2136,#2137,#2138,#2139,#2140,#2141,#2142,#2143,#2144,#2145,#2146,
#2147,#2148,#2149,#2150,#2151,#2152,#2153,#2154,#2155,#2156,#2157,#2158,
#2159,#2160,#2161,#2162,#2163,#2164,#2165,#2166,#2167,#2168,#2169,#2170,
#2171,#2172,#2173,#2174,#2175,#2176,#2177,#2178,#2179,#2180,#2181,#2182,
#2183,#2184,#2185,#2186,#2187,#2188,#2189,#2190,#2191,#2192,#2193,#2194,
#2195,#2196,#2197,#2198,#2199,#2200));
#2202=STYLED_ITEM('',(#2203),#2331);
#2203=PRESENTATION_STYLE_ASSIGNMENT((#2224));
#2204=PRESENTATION_STYLE_ASSIGNMENT((#2225));
#2205=PRESENTATION_STYLE_ASSIGNMENT((#2226));
#2206=PRESENTATION_STYLE_ASSIGNMENT((#2227));
#2207=PRESENTATION_STYLE_ASSIGNMENT((#2228));
#2208=PRESENTATION_STYLE_ASSIGNMENT((#2229));
#2209=PRESENTATION_STYLE_ASSIGNMENT((#2230));
#2210=PRESENTATION_STYLE_ASSIGNMENT((#2231));
#2211=PRESENTATION_STYLE_ASSIGNMENT((#2232));
#2212=PRESENTATION_STYLE_ASSIGNMENT((#2233));
#2213=PRESENTATION_STYLE_ASSIGNMENT((#2234));
#2214=PRESENTATION_STYLE_ASSIGNMENT((#2235));
#2215=PRESENTATION_STYLE_ASSIGNMENT((#2236));
#2216=PRESENTATION_STYLE_ASSIGNMENT((#2237));
#2217=PRESENTATION_STYLE_ASSIGNMENT((#2238));
#2218=PRESENTATION_STYLE_ASSIGNMENT((#2239));
#2219=PRESENTATION_STYLE_ASSIGNMENT((#2240));
#2220=PRESENTATION_STYLE_ASSIGNMENT((#2241));
#2221=PRESENTATION_STYLE_ASSIGNMENT((#2242));
#2222=PRESENTATION_STYLE_ASSIGNMENT((#2243));
#2223=PRESENTATION_STYLE_ASSIGNMENT((#2244));
#2224=SURFACE_STYLE_USAGE(.BOTH.,#2245);
#2225=SURFACE_STYLE_USAGE(.BOTH.,#2246);
#2226=SURFACE_STYLE_USAGE(.BOTH.,#2247);
#2227=SURFACE_STYLE_USAGE(.BOTH.,#2248);
#2228=SURFACE_STYLE_USAGE(.BOTH.,#2249);
#2229=SURFACE_STYLE_USAGE(.BOTH.,#2250);
#2230=SURFACE_STYLE_USAGE(.BOTH.,#2251);
#2231=SURFACE_STYLE_USAGE(.BOTH.,#2252);
#2232=SURFACE_STYLE_USAGE(.BOTH.,#2253);
#2233=SURFACE_STYLE_USAGE(.BOTH.,#2254);
#2234=SURFACE_STYLE_USAGE(.BOTH.,#2255);
#2235=SURFACE_STYLE_USAGE(.BOTH.,#2256);
#2236=SURFACE_STYLE_USAGE(.BOTH.,#2257);
#2237=SURFACE_STYLE_USAGE(.BOTH.,#2258);
#2238=SURFACE_STYLE_USAGE(.BOTH.,#2259);
#2239=SURFACE_STYLE_USAGE(.BOTH.,#2260);
#2240=SURFACE_STYLE_USAGE(.BOTH.,#2261);
#2241=SURFACE_STYLE_USAGE(.BOTH.,#2262);
#2242=SURFACE_STYLE_USAGE(.BOTH.,#2263);
#2243=SURFACE_STYLE_USAGE(.BOTH.,#2264);
#2244=SURFACE_STYLE_USAGE(.BOTH.,#2265);
#2245=SURFACE_SIDE_STYLE('',(#2266));
#2246=SURFACE_SIDE_STYLE('',(#2267));
#2247=SURFACE_SIDE_STYLE('',(#2268));
#2248=SURFACE_SIDE_STYLE('',(#2269));
#2249=SURFACE_SIDE_STYLE('',(#2270));
#2250=SURFACE_SIDE_STYLE('',(#2271));
#2251=SURFACE_SIDE_STYLE('',(#2272));
#2252=SURFACE_SIDE_STYLE('',(#2273));
#2253=SURFACE_SIDE_STYLE('',(#2274));
#2254=SURFACE_SIDE_STYLE('',(#2275));
#2255=SURFACE_SIDE_STYLE('',(#2276));
#2256=SURFACE_SIDE_STYLE('',(#2277));
#2257=SURFACE_SIDE_STYLE('',(#2278));
#2258=SURFACE_SIDE_STYLE('',(#2279));
#2259=SURFACE_SIDE_STYLE('',(#2280));
#2260=SURFACE_SIDE_STYLE('',(#2281));
#2261=SURFACE_SIDE_STYLE('',(#2282));
#2262=SURFACE_SIDE_STYLE('',(#2283));
#2263=SURFACE_SIDE_STYLE('',(#2284));
#2264=SURFACE_SIDE_STYLE('',(#2285));
#2265=SURFACE_SIDE_STYLE('',(#2286));
#2266=SURFACE_STYLE_FILL_AREA(#2287);
#2267=SURFACE_STYLE_FILL_AREA(#2288);
#2268=SURFACE_STYLE_FILL_AREA(#2289);
#2269=SURFACE_STYLE_FILL_AREA(#2290);
#2270=SURFACE_STYLE_FILL_AREA(#2291);
#2271=SURFACE_STYLE_FILL_AREA(#2292);
#2272=SURFACE_STYLE_FILL_AREA(#2293);
#2273=SURFACE_STYLE_FILL_AREA(#2294);
#2274=SURFACE_STYLE_FILL_AREA(#2295);
#2275=SURFACE_STYLE_FILL_AREA(#2296);
#2276=SURFACE_STYLE_FILL_AREA(#2297);
#2277=SURFACE_STYLE_FILL_AREA(#2298);
#2278=SURFACE_STYLE_FILL_AREA(#2299);
#2279=SURFACE_STYLE_FILL_AREA(#2300);
#2280=SURFACE_STYLE_FILL_AREA(#2301);
#2281=SURFACE_STYLE_FILL_AREA(#2302);
#2282=SURFACE_STYLE_FILL_AREA(#2303);
#2283=SURFACE_STYLE_FILL_AREA(#2304);
#2284=SURFACE_STYLE_FILL_AREA(#2305);
#2285=SURFACE_STYLE_FILL_AREA(#2306);
#2286=SURFACE_STYLE_FILL_AREA(#2307);
#2287=FILL_AREA_STYLE('',(#2308));
#2288=FILL_AREA_STYLE('',(#2309));
#2289=FILL_AREA_STYLE('',(#2310));
#2290=FILL_AREA_STYLE('',(#2311));
#2291=FILL_AREA_STYLE('',(#2312));
#2292=FILL_AREA_STYLE('',(#2313));
#2293=FILL_AREA_STYLE('',(#2314));
#2294=FILL_AREA_STYLE('',(#2315));
#2295=FILL_AREA_STYLE('',(#2316));
#2296=FILL_AREA_STYLE('',(#2317));
#2297=FILL_AREA_STYLE('',(#2318));
#2298=FILL_AREA_STYLE('',(#2319));
#2299=FILL_AREA_STYLE('',(#2320));
#2300=FILL_AREA_STYLE('',(#2321));
#2301=FILL_AREA_STYLE('',(#2322));
#2302=FILL_AREA_STYLE('',(#2323));
#2303=FILL_AREA_STYLE('',(#2324));
#2304=FILL_AREA_STYLE('',(#2325));
#2305=FILL_AREA_STYLE('',(#2326));
#2306=FILL_AREA_STYLE('',(#2327));
#2307=FILL_AREA_STYLE('',(#2328));
#2308=FILL_AREA_STYLE_COLOUR('',#2329);
#2309=FILL_AREA_STYLE_COLOUR('',#2330);
#2310=FILL_AREA_STYLE_COLOUR('',#2330);
#2311=FILL_AREA_STYLE_COLOUR('',#2330);
#2312=FILL_AREA_STYLE_COLOUR('',#2330);
#2313=FILL_AREA_STYLE_COLOUR('',#2330);
#2314=FILL_AREA_STYLE_COLOUR('',#2330);
#2315=FILL_AREA_STYLE_COLOUR('',#2330);
#2316=FILL_AREA_STYLE_COLOUR('',#2330);
#2317=FILL_AREA_STYLE_COLOUR('',#2330);
#2318=FILL_AREA_STYLE_COLOUR('',#2330);
#2319=FILL_AREA_STYLE_COLOUR('',#2330);
#2320=FILL_AREA_STYLE_COLOUR('',#2330);
#2321=FILL_AREA_STYLE_COLOUR('',#2330);
#2322=FILL_AREA_STYLE_COLOUR('',#2330);
#2323=FILL_AREA_STYLE_COLOUR('',#2330);
#2324=FILL_AREA_STYLE_COLOUR('',#2330);
#2325=FILL_AREA_STYLE_COLOUR('',#2330);
#2326=FILL_AREA_STYLE_COLOUR('',#2330);
#2327=FILL_AREA_STYLE_COLOUR('',#2330);
#2328=FILL_AREA_STYLE_COLOUR('',#2330);
#2329=COLOUR_RGB('',0.250980392156863,0.250980392156863,0.250980392156863);
#2330=COLOUR_RGB('',0.949019607843137,0.949019607843137,0.949019607843137);
#2331=MANIFOLD_SOLID_BREP('rocker switch KCD11 v1',#2201);
#2332=SHAPE_DEFINITION_REPRESENTATION(#4774,#2333);
#2333=SHAPE_REPRESENTATION('rocker switch KCD11 v1',(#2334),#4769);
#2334=AXIS2_PLACEMENT_3D('',#2953,#2483,#2484);
#2335=AXIS2_PLACEMENT_3D('',#2954,#2485,#2486);
#2336=AXIS2_PLACEMENT_3D('',#2958,#2488,#2489);
#2337=AXIS2_PLACEMENT_3D('',#2962,#2491,#2492);
#2338=AXIS2_PLACEMENT_3D('',#2968,#2495,#2496);
#2339=AXIS2_PLACEMENT_3D('',#2970,#2497,#2498);
#2340=AXIS2_PLACEMENT_3D('',#2973,#2500,#2501);
#2341=AXIS2_PLACEMENT_3D('',#2979,#2505,#2506);
#2342=AXIS2_PLACEMENT_3D('',#2983,#2508,#2509);
#2343=AXIS2_PLACEMENT_3D('',#2987,#2511,#2512);
#2344=AXIS2_PLACEMENT_3D('',#2989,#2513,#2514);
#2345=AXIS2_PLACEMENT_3D('',#2994,#2517,#2518);
#2346=AXIS2_PLACEMENT_3D('',#2996,#2519,#2520);
#2347=AXIS2_PLACEMENT_3D('',#2997,#2521,#2522);
#2348=AXIS2_PLACEMENT_3D('',#3014,#2525,#2526);
#2349=AXIS2_PLACEMENT_3D('',#3017,#2529,#2530);
#2350=AXIS2_PLACEMENT_3D('',#3019,#2532,#2533);
#2351=AXIS2_PLACEMENT_3D('',#3031,#2535,#2536);
#2352=AXIS2_PLACEMENT_3D('',#3040,#2541,#2542);
#2353=AXIS2_PLACEMENT_3D('',#3046,#2546,#2547);
#2354=AXIS2_PLACEMENT_3D('',#3050,#2550,#2551);
#2355=AXIS2_PLACEMENT_3D('',#3054,#2554,#2555);
#2356=AXIS2_PLACEMENT_3D('',#3056,#2557,#2558);
#2357=AXIS2_PLACEMENT_3D('',#3060,#2560,#2561);
#2358=AXIS2_PLACEMENT_3D('',#3064,#2563,#2564);
#2359=AXIS2_PLACEMENT_3D('',#3066,#2565,#2566);
#2360=AXIS2_PLACEMENT_3D('',#3072,#2569,#2570);
#2361=AXIS2_PLACEMENT_3D('',#3075,#2572,#2573);
#2362=AXIS2_PLACEMENT_3D('',#3081,#2577,#2578);
#2363=AXIS2_PLACEMENT_3D('',#3085,#2580,#2581);
#2364=AXIS2_PLACEMENT_3D('',#3089,#2583,#2584);
#2365=AXIS2_PLACEMENT_3D('',#3094,#2587,#2588);
#2366=AXIS2_PLACEMENT_3D('',#3096,#2589,#2590);
#2367=AXIS2_PLACEMENT_3D('',#3097,#2591,#2592);
#2368=AXIS2_PLACEMENT_3D('',#3114,#2595,#2596);
#2369=AXIS2_PLACEMENT_3D('',#3117,#2599,#2600);
#2370=AXIS2_PLACEMENT_3D('',#3119,#2602,#2603);
#2371=AXIS2_PLACEMENT_3D('',#3131,#2605,#2606);
#2372=AXIS2_PLACEMENT_3D('',#3140,#2611,#2612);
#2373=AXIS2_PLACEMENT_3D('',#3146,#2616,#2617);
#2374=AXIS2_PLACEMENT_3D('',#3150,#2620,#2621);
#2375=AXIS2_PLACEMENT_3D('',#3154,#2624,#2625);
#2376=AXIS2_PLACEMENT_3D('',#3156,#2627,#2628);
#2377=AXIS2_PLACEMENT_3D('',#3165,#2633,#2634);
#2378=AXIS2_PLACEMENT_3D('',#3171,#2638,#2639);
#2379=AXIS2_PLACEMENT_3D('',#3175,#2642,#2643);
#2380=AXIS2_PLACEMENT_3D('',#3179,#2646,#2647);
#2381=AXIS2_PLACEMENT_3D('',#3181,#2649,#2650);
#2382=AXIS2_PLACEMENT_3D('',#3190,#2655,#2656);
#2383=AXIS2_PLACEMENT_3D('',#3204,#2664,#2665);
#2384=AXIS2_PLACEMENT_3D('',#3210,#2669,#2670);
#2385=AXIS2_PLACEMENT_3D('',#3221,#2677,#2678);
#2386=AXIS2_PLACEMENT_3D('',#3238,#2687,#2688);
#2387=AXIS2_PLACEMENT_3D('',#3243,#2690,#2691);
#2388=AXIS2_PLACEMENT_3D('',#3247,#2693,#2694);
#2389=AXIS2_PLACEMENT_3D('',#3251,#2696,#2697);
#2390=AXIS2_PLACEMENT_3D('',#3254,#2699,#2700);
#2391=AXIS2_PLACEMENT_3D('',#3261,#2705,#2706);
#2392=AXIS2_PLACEMENT_3D('',#3265,#2709,#2710);
#2393=AXIS2_PLACEMENT_3D('',#3270,#2714,#2715);
#2394=AXIS2_PLACEMENT_3D('',#3272,#2717,#2718);
#2395=AXIS2_PLACEMENT_3D('',#3279,#2723,#2724);
#2396=AXIS2_PLACEMENT_3D('',#3283,#2727,#2728);
#2397=AXIS2_PLACEMENT_3D('',#3288,#2732,#2733);
#2398=AXIS2_PLACEMENT_3D('',#3290,#2735,#2736);
#2399=AXIS2_PLACEMENT_3D('',#3291,#2737,#2738);
#2400=AXIS2_PLACEMENT_3D('',#3292,#2739,#2740);
#2401=AXIS2_PLACEMENT_3D('',#3293,#2741,#2742);
#2402=AXIS2_PLACEMENT_3D('',#3294,#2743,#2744);
#2403=AXIS2_PLACEMENT_3D('',#3320,#2748,#2749);
#2404=AXIS2_PLACEMENT_3D('',#3334,#2752,#2753);
#2405=AXIS2_PLACEMENT_3D('',#3337,#2755,#2756);
#2406=AXIS2_PLACEMENT_3D('',#3361,#2759,#2760);
#2407=AXIS2_PLACEMENT_3D('',#3380,#2763,#2764);
#2408=AXIS2_PLACEMENT_3D('',#3428,#2766,#2767);
#2409=AXIS2_PLACEMENT_3D('',#3461,#2768,#2769);
#2410=AXIS2_PLACEMENT_3D('',#3548,#2771,#2772);
#2411=AXIS2_PLACEMENT_3D('',#3555,#2773,#2774);
#2412=AXIS2_PLACEMENT_3D('',#3562,#2775,#2776);
#2413=AXIS2_PLACEMENT_3D('',#3566,#2778,#2779);
#2414=AXIS2_PLACEMENT_3D('',#3568,#2780,#2781);
#2415=AXIS2_PLACEMENT_3D('',#3570,#2782,#2783);
#2416=AXIS2_PLACEMENT_3D('',#3572,#2784,#2785);
#2417=AXIS2_PLACEMENT_3D('',#3579,#2786,#2787);
#2418=AXIS2_PLACEMENT_3D('',#3583,#2789,#2790);
#2419=AXIS2_PLACEMENT_3D('',#3584,#2791,#2792);
#2420=AXIS2_PLACEMENT_3D('',#3585,#2793,#2794);
#2421=AXIS2_PLACEMENT_3D('',#3613,#2795,#2796);
#2422=AXIS2_PLACEMENT_3D('',#3614,#2797,#2798);
#2423=AXIS2_PLACEMENT_3D('',#3620,#2799,#2800);
#2424=AXIS2_PLACEMENT_3D('',#3624,#2803,#2804);
#2425=AXIS2_PLACEMENT_3D('',#3625,#2805,#2806);
#2426=AXIS2_PLACEMENT_3D('',#3648,#2807,#2808);
#2427=AXIS2_PLACEMENT_3D('',#3651,#2810,#2811);
#2428=AXIS2_PLACEMENT_3D('',#3662,#2812,#2813);
#2429=AXIS2_PLACEMENT_3D('',#3665,#2815,#2816);
#2430=AXIS2_PLACEMENT_3D('',#3666,#2817,#2818);
#2431=AXIS2_PLACEMENT_3D('',#3669,#2820,#2821);
#2432=AXIS2_PLACEMENT_3D('',#3673,#2824,#2825);
#2433=AXIS2_PLACEMENT_3D('',#3674,#2826,#2827);
#2434=AXIS2_PLACEMENT_3D('',#3694,#2828,#2829);
#2435=AXIS2_PLACEMENT_3D('',#3695,#2830,#2831);
#2436=AXIS2_PLACEMENT_3D('',#3698,#2832,#2833);
#2437=AXIS2_PLACEMENT_3D('',#3702,#2835,#2836);
#2438=AXIS2_PLACEMENT_3D('',#3704,#2837,#2838);
#2439=AXIS2_PLACEMENT_3D('',#3706,#2839,#2840);
#2440=AXIS2_PLACEMENT_3D('',#3708,#2841,#2842);
#2441=AXIS2_PLACEMENT_3D('',#3710,#2843,#2844);
#2442=AXIS2_PLACEMENT_3D('',#3714,#2846,#2847);
#2443=AXIS2_PLACEMENT_3D('',#3721,#2848,#2849);
#2444=AXIS2_PLACEMENT_3D('',#3722,#2850,#2851);
#2445=AXIS2_PLACEMENT_3D('',#3753,#2853,#2854);
#2446=AXIS2_PLACEMENT_3D('',#3754,#2855,#2856);
#2447=AXIS2_PLACEMENT_3D('',#3764,#2857,#2858);
#2448=AXIS2_PLACEMENT_3D('',#3794,#2860,#2861);
#2449=AXIS2_PLACEMENT_3D('',#3795,#2862,#2863);
#2450=AXIS2_PLACEMENT_3D('',#3798,#2865,#2866);
#2451=AXIS2_PLACEMENT_3D('',#3802,#2869,#2870);
#2452=AXIS2_PLACEMENT_3D('',#3803,#2871,#2872);
#2453=AXIS2_PLACEMENT_3D('',#3823,#2874,#2875);
#2454=AXIS2_PLACEMENT_3D('',#3848,#2876,#2877);
#2455=AXIS2_PLACEMENT_3D('',#3855,#2879,#2880);
#2456=AXIS2_PLACEMENT_3D('',#3864,#2882,#2883);
#2457=AXIS2_PLACEMENT_3D('',#3865,#2884,#2885);
#2458=AXIS2_PLACEMENT_3D('',#3867,#2887,#2888);
#2459=AXIS2_PLACEMENT_3D('',#3868,#2889,#2890);
#2460=AXIS2_PLACEMENT_3D('',#3875,#2891,#2892);
#2461=AXIS2_PLACEMENT_3D('',#3952,#2893,#2894);
#2462=AXIS2_PLACEMENT_3D('',#3954,#2895,#2896);
#2463=AXIS2_PLACEMENT_3D('',#4007,#2897,#2898);
#2464=AXIS2_PLACEMENT_3D('',#4037,#2899,#2900);
#2465=AXIS2_PLACEMENT_3D('',#4126,#2901,#2902);
#2466=AXIS2_PLACEMENT_3D('',#4156,#2903,#2904);
#2467=AXIS2_PLACEMENT_3D('',#4204,#2905,#2906);
#2468=AXIS2_PLACEMENT_3D('',#4258,#2907,#2908);
#2469=AXIS2_PLACEMENT_3D('',#4344,#2909,#2910);
#2470=AXIS2_PLACEMENT_3D('',#4421,#2911,#2912);
#2471=AXIS2_PLACEMENT_3D('',#4425,#2914,#2915);
#2472=AXIS2_PLACEMENT_3D('',#4429,#2917,#2918);
#2473=AXIS2_PLACEMENT_3D('',#4613,#2923,#2924);
#2474=AXIS2_PLACEMENT_3D('',#4618,#2927,#2928);
#2475=AXIS2_PLACEMENT_3D('',#4619,#2929,#2930);
#2476=AXIS2_PLACEMENT_3D('',#4623,#2933,#2934);
#2477=AXIS2_PLACEMENT_3D('',#4626,#2936,#2937);
#2478=AXIS2_PLACEMENT_3D('',#4627,#2938,#2939);
#2479=AXIS2_PLACEMENT_3D('',#4629,#2941,#2942);
#2480=AXIS2_PLACEMENT_3D('',#4671,#2943,#2944);
#2481=AXIS2_PLACEMENT_3D('',#4766,#2949,#2950);
#2482=AXIS2_PLACEMENT_3D('',#4767,#2951,#2952);
#2483=DIRECTION('',(0.,0.,1.));
#2484=DIRECTION('',(1.,0.,0.));
#2485=DIRECTION('',(0.,-1.,0.));
#2486=DIRECTION('',(0.,0.,-1.));
#2487=DIRECTION('',(0.,0.,1.));
#2488=DIRECTION('',(0.,-1.,0.));
#2489=DIRECTION('',(0.,0.,-1.));
#2490=DIRECTION('',(0.,0.,-1.));
#2491=DIRECTION('',(0.,1.,0.));
#2492=DIRECTION('',(-4.82144926075619E-14,0.,1.));
#2493=DIRECTION('',(1.,0.,0.));
#2494=DIRECTION('',(0.,0.,-1.));
#2495=DIRECTION('',(0.,-1.,0.));
#2496=DIRECTION('',(2.18183787253623E-11,0.,-1.));
#2497=DIRECTION('',(0.,-1.,0.));
#2498=DIRECTION('',(-2.4263027351015E-12,0.,-1.));
#2499=DIRECTION('',(0.,0.,1.));
#2500=DIRECTION('',(1.,0.,0.));
#2501=DIRECTION('',(0.,0.,-1.));
#2502=DIRECTION('',(0.,1.,0.));
#2503=DIRECTION('',(0.,0.,-1.));
#2504=DIRECTION('',(0.,1.,0.));
#2505=DIRECTION('',(0.,-1.,0.));
#2506=DIRECTION('',(0.,0.,-1.));
#2507=DIRECTION('',(0.,0.,-1.));
#2508=DIRECTION('',(0.,-1.,0.));
#2509=DIRECTION('',(0.,0.,-1.));
#2510=DIRECTION('',(0.,0.,1.));
#2511=DIRECTION('',(9.77994790271902E-15,1.,2.82208004897586E-14));
#2512=DIRECTION('',(-3.31516448332871E-11,-2.82208004894343E-14,1.));
#2513=DIRECTION('',(0.,1.,0.));
#2514=DIRECTION('',(-8.32071963224297E-12,0.,1.));
#2515=DIRECTION('',(1.,0.,0.));
#2516=DIRECTION('',(0.,0.,-1.));
#2517=DIRECTION('',(0.,-1.,0.));
#2518=DIRECTION('',(-5.71348607053609E-12,0.,-1.));
#2519=DIRECTION('',(-1.15979610219665E-15,-1.,-8.49630731236084E-15));
#2520=DIRECTION('',(1.11750904392051E-11,8.49630731234788E-15,-1.));
#2521=DIRECTION('',(-1.,0.,0.));
#2522=DIRECTION('',(0.,0.,1.));
#2523=DIRECTION('',(0.,-1.,0.));
#2524=DIRECTION('',(0.,-1.,0.));
#2525=DIRECTION('',(-1.,0.,0.));
#2526=DIRECTION('',(0.,0.,1.));
#2527=DIRECTION('',(0.,1.,0.));
#2528=DIRECTION('',(0.,-1.,0.));
#2529=DIRECTION('',(0.,-1.,0.));
#2530=DIRECTION('',(-4.66859314710601E-11,0.,1.));
#2531=DIRECTION('',(0.,-1.,0.));
#2532=DIRECTION('',(1.,0.,0.));
#2533=DIRECTION('',(0.,0.,-1.));
#2534=DIRECTION('',(0.,1.,0.));
#2535=DIRECTION('',(0.,0.,-1.));
#2536=DIRECTION('',(-1.,0.,0.));
#2537=DIRECTION('',(0.,1.,0.));
#2538=DIRECTION('',(1.,-1.35525271560688E-16,0.));
#2539=DIRECTION('',(0.,-1.,0.));
#2540=DIRECTION('',(-1.,-1.35525271560688E-16,0.));
#2541=DIRECTION('',(-1.35525271560688E-16,1.,0.));
#2542=DIRECTION('',(-1.,-1.35525271560688E-16,0.));
#2543=DIRECTION('',(-1.,-1.35525271560688E-16,0.));
#2544=DIRECTION('',(0.,0.,1.));
#2545=DIRECTION('',(0.,0.,1.));
#2546=DIRECTION('',(-1.,0.,0.));
#2547=DIRECTION('',(0.,0.,1.));
#2548=DIRECTION('',(0.,-1.,0.));
#2549=DIRECTION('',(0.,0.,1.));
#2550=DIRECTION('',(-1.35525271560688E-16,-1.,0.));
#2551=DIRECTION('',(1.,-1.35525271560688E-16,0.));
#2552=DIRECTION('',(1.,-1.35525271560688E-16,0.));
#2553=DIRECTION('',(0.,0.,1.));
#2554=DIRECTION('',(1.,0.,0.));
#2555=DIRECTION('',(0.,0.,-1.));
#2556=DIRECTION('',(0.,1.,0.));
#2557=DIRECTION('',(0.,-1.,0.));
#2558=DIRECTION('',(0.,0.,-1.));
#2559=DIRECTION('',(0.,0.,1.));
#2560=DIRECTION('',(9.41286680286723E-17,-1.,5.86670461007173E-15));
#2561=DIRECTION('',(0.,-5.86670461007173E-15,-1.));
#2562=DIRECTION('',(0.,0.,-1.));
#2563=DIRECTION('',(0.,1.,0.));
#2564=DIRECTION('',(2.01654586609714E-11,0.,1.));
#2565=DIRECTION('',(0.,1.,0.));
#2566=DIRECTION('',(-9.98933481917303E-12,0.,1.));
#2567=DIRECTION('',(1.,0.,0.));
#2568=DIRECTION('',(0.,0.,-1.));
#2569=DIRECTION('',(0.,-1.,0.));
#2570=DIRECTION('',(-2.65110081853923E-12,0.,-1.));
#2571=DIRECTION('',(0.,0.,1.));
#2572=DIRECTION('',(1.,0.,0.));
#2573=DIRECTION('',(0.,0.,-1.));
#2574=DIRECTION('',(0.,1.,0.));
#2575=DIRECTION('',(0.,0.,-1.));
#2576=DIRECTION('',(0.,1.,0.));
#2577=DIRECTION('',(0.,-1.,0.));
#2578=DIRECTION('',(0.,0.,-1.));
#2579=DIRECTION('',(0.,0.,-1.));
#2580=DIRECTION('',(9.41286680286723E-17,-1.,5.86670461007173E-15));
#2581=DIRECTION('',(0.,-5.86670461007173E-15,-1.));
#2582=DIRECTION('',(0.,0.,1.));
#2583=DIRECTION('',(0.,1.,0.));
#2584=DIRECTION('',(5.42316847566455E-12,0.,1.));
#2585=DIRECTION('',(1.,0.,0.));
#2586=DIRECTION('',(0.,0.,-1.));
#2587=DIRECTION('',(0.,-1.,0.));
#2588=DIRECTION('',(-1.46523308478897E-11,0.,-1.));
#2589=DIRECTION('',(0.,-1.,0.));
#2590=DIRECTION('',(7.48347780960083E-12,0.,-1.));
#2591=DIRECTION('',(-1.,0.,0.));
#2592=DIRECTION('',(0.,0.,1.));
#2593=DIRECTION('',(0.,-1.,0.));
#2594=DIRECTION('',(0.,-1.,0.));
#2595=DIRECTION('',(-1.,0.,0.));
#2596=DIRECTION('',(0.,0.,1.));
#2597=DIRECTION('',(0.,1.,0.));
#2598=DIRECTION('',(9.41286680286723E-17,-1.,5.86670461007173E-15));
#2599=DIRECTION('',(9.41286680286723E-17,-1.,5.86670461007173E-15));
#2600=DIRECTION('',(-9.76384767532711E-11,5.86670461006236E-15,1.));
#2601=DIRECTION('',(9.41286680286723E-17,-1.,5.86670461007173E-15));
#2602=DIRECTION('',(1.,0.,0.));
#2603=DIRECTION('',(0.,0.,-1.));
#2604=DIRECTION('',(0.,1.,0.));
#2605=DIRECTION('',(0.,0.,-1.));
#2606=DIRECTION('',(-1.,0.,0.));
#2607=DIRECTION('',(0.,1.,0.));
#2608=DIRECTION('',(1.,1.35525271560688E-16,0.));
#2609=DIRECTION('',(0.,-1.,0.));
#2610=DIRECTION('',(-1.,1.35525271560688E-16,0.));
#2611=DIRECTION('',(1.35525271560688E-16,1.,0.));
#2612=DIRECTION('',(-1.,1.35525271560688E-16,0.));
#2613=DIRECTION('',(-1.,1.35525271560688E-16,0.));
#2614=DIRECTION('',(0.,0.,1.));
#2615=DIRECTION('',(0.,0.,1.));
#2616=DIRECTION('',(-1.,0.,0.));
#2617=DIRECTION('',(0.,0.,1.));
#2618=DIRECTION('',(0.,-1.,0.));
#2619=DIRECTION('',(0.,0.,1.));
#2620=DIRECTION('',(1.35525271560688E-16,-1.,0.));
#2621=DIRECTION('',(1.,1.35525271560688E-16,0.));
#2622=DIRECTION('',(1.,1.35525271560688E-16,0.));
#2623=DIRECTION('',(0.,0.,1.));
#2624=DIRECTION('',(1.,0.,0.));
#2625=DIRECTION('',(0.,0.,-1.));
#2626=DIRECTION('',(0.,1.,0.));
#2627=DIRECTION('',(0.,0.,-1.));
#2628=DIRECTION('',(-1.,0.,0.));
#2629=DIRECTION('',(0.,1.,0.));
#2630=DIRECTION('',(1.,-2.71050543121376E-16,0.));
#2631=DIRECTION('',(0.,-1.,0.));
#2632=DIRECTION('',(-1.,0.,0.));
#2633=DIRECTION('',(0.,1.,0.));
#2634=DIRECTION('',(0.,0.,1.));
#2635=DIRECTION('',(-1.,0.,0.));
#2636=DIRECTION('',(0.,0.,1.));
#2637=DIRECTION('',(0.,0.,1.));
#2638=DIRECTION('',(-1.,0.,0.));
#2639=DIRECTION('',(0.,0.,1.));
#2640=DIRECTION('',(0.,-1.,0.));
#2641=DIRECTION('',(0.,0.,1.));
#2642=DIRECTION('',(-2.71050543121376E-16,-1.,0.));
#2643=DIRECTION('',(1.,-2.71050543121376E-16,0.));
#2644=DIRECTION('',(1.,-2.71050543121376E-16,0.));
#2645=DIRECTION('',(0.,0.,1.));
#2646=DIRECTION('',(1.,0.,0.));
#2647=DIRECTION('',(0.,0.,-1.));
#2648=DIRECTION('',(0.,1.,0.));
#2649=DIRECTION('',(-1.,0.,0.));
#2650=DIRECTION('',(0.,-1.,0.));
#2651=DIRECTION('',(0.,0.,1.));
#2652=DIRECTION('',(0.,1.,0.));
#2653=DIRECTION('',(0.,0.,-1.));
#2654=DIRECTION('',(0.,1.,0.));
#2655=DIRECTION('',(0.,-1.,0.));
#2656=DIRECTION('',(1.,0.,0.));
#2657=DIRECTION('',(1.,0.,0.));
#2658=DIRECTION('',(0.,0.,-1.));
#2659=DIRECTION('',(-1.,0.,0.));
#2660=DIRECTION('',(0.,0.,1.));
#2661=DIRECTION('',(1.,0.,0.));
#2662=DIRECTION('',(-1.,0.,0.));
#2663=DIRECTION('',(0.,0.,-1.));
#2664=DIRECTION('',(1.,0.,0.));
#2665=DIRECTION('',(0.,0.,-1.));
#2666=DIRECTION('',(0.,0.,1.));
#2667=DIRECTION('',(0.,-1.,0.));
#2668=DIRECTION('',(0.,-1.,0.));
#2669=DIRECTION('',(0.,1.,0.));
#2670=DIRECTION('',(0.,0.,1.));
#2671=DIRECTION('',(1.,0.,0.));
#2672=DIRECTION('',(0.,0.,1.));
#2673=DIRECTION('',(-1.,0.,0.));
#2674=DIRECTION('',(0.,0.,-1.));
#2675=DIRECTION('',(-1.,0.,0.));
#2676=DIRECTION('',(1.,0.,0.));
#2677=DIRECTION('',(0.,0.,1.));
#2678=DIRECTION('',(1.,0.,0.));
#2679=DIRECTION('',(-1.,0.,0.));
#2680=DIRECTION('',(0.,-1.,0.));
#2681=DIRECTION('',(1.,0.,0.));
#2682=DIRECTION('',(0.,1.,0.));
#2683=DIRECTION('',(-1.,0.,0.));
#2684=DIRECTION('',(0.,-1.,0.));
#2685=DIRECTION('',(1.,0.,0.));
#2686=DIRECTION('',(0.,1.,0.));
#2687=DIRECTION('',(0.,0.,1.));
#2688=DIRECTION('',(2.73038816363835E-13,-1.,0.));
#2689=DIRECTION('',(0.,1.,0.));
#2690=DIRECTION('',(0.,0.,1.));
#2691=DIRECTION('',(2.10549520453575E-12,-1.,0.));
#2692=DIRECTION('',(1.,0.,0.));
#2693=DIRECTION('',(0.,0.,1.));
#2694=DIRECTION('',(-4.05335974644447E-13,-1.,0.));
#2695=DIRECTION('',(0.,-1.,0.));
#2696=DIRECTION('',(0.,0.,1.));
#2697=DIRECTION('',(4.20348418197213E-13,-1.,0.));
#2698=DIRECTION('',(-1.,0.,0.));
#2699=DIRECTION('',(1.,0.,0.));
#2700=DIRECTION('',(0.,0.,-1.));
#2701=DIRECTION('',(0.,-0.185874055629369,-0.982573577623523));
#2702=DIRECTION('',(0.,0.250715342969889,-0.968060853872054));
#2703=DIRECTION('',(0.,-0.250715342969889,0.968060853872054));
#2704=DIRECTION('',(0.,0.185874055629369,0.982573577623523));
#2705=DIRECTION('',(0.,0.968060853872054,0.250715342969889));
#2706=DIRECTION('',(0.,-0.250715342969889,0.968060853872054));
#2707=DIRECTION('',(0.,-0.250715342969889,0.968060853872054));
#2708=DIRECTION('',(1.,0.,0.));
#2709=DIRECTION('',(1.,0.,0.));
#2710=DIRECTION('',(0.,0.,-1.));
#2711=DIRECTION('',(0.,0.250715342969889,-0.968060853872054));
#2712=DIRECTION('',(0.,-0.185874055629369,-0.982573577623523));
#2713=DIRECTION('',(0.,0.185874055629369,0.982573577623523));
#2714=DIRECTION('',(0.,0.968060853872054,0.250715342969889));
#2715=DIRECTION('',(0.,-0.250715342969889,0.968060853872054));
#2716=DIRECTION('',(1.,0.,0.));
#2717=DIRECTION('',(1.,0.,0.));
#2718=DIRECTION('',(0.,0.,-1.));
#2719=DIRECTION('',(0.,0.185874055749172,-0.98257357760086));
#2720=DIRECTION('',(0.,-0.250715342943103,-0.968060853878992));
#2721=DIRECTION('',(0.,0.250715342943103,0.968060853878992));
#2722=DIRECTION('',(0.,-0.185874055749173,0.98257357760086));
#2723=DIRECTION('',(0.,0.968060853878992,-0.250715342943103));
#2724=DIRECTION('',(0.,0.250715342943103,0.968060853878992));
#2725=DIRECTION('',(0.,0.250715342943103,0.968060853878992));
#2726=DIRECTION('',(1.,0.,0.));
#2727=DIRECTION('',(1.,0.,0.));
#2728=DIRECTION('',(0.,0.,-1.));
#2729=DIRECTION('',(0.,-0.250715342943103,-0.968060853878992));
#2730=DIRECTION('',(0.,0.185874055749172,-0.98257357760086));
#2731=DIRECTION('',(0.,-0.185874055749173,0.98257357760086));
#2732=DIRECTION('',(0.,0.968060853878992,-0.250715342943103));
#2733=DIRECTION('',(0.,0.250715342943103,0.968060853878992));
#2734=DIRECTION('',(1.,0.,0.));
#2735=DIRECTION('',(0.,0.982573577623523,-0.185874055629369));
#2736=DIRECTION('',(0.,0.185874055629369,0.982573577623523));
#2737=DIRECTION('',(0.,0.982573577623523,-0.185874055629369));
#2738=DIRECTION('',(0.,0.185874055629369,0.982573577623523));
#2739=DIRECTION('',(0.,0.98257357760086,0.185874055749172));
#2740=DIRECTION('',(0.,-0.185874055749172,0.98257357760086));
#2741=DIRECTION('',(0.,0.98257357760086,0.185874055749172));
#2742=DIRECTION('',(0.,-0.185874055749172,0.98257357760086));
#2743=DIRECTION('',(0.,-1.,0.));
#2744=DIRECTION('',(1.,0.,0.));
#2745=DIRECTION('',(0.,0.,1.));
#2746=DIRECTION('',(0.,0.,-1.));
#2747=DIRECTION('',(0.,0.,1.));
#2748=DIRECTION('',(1.,0.,0.));
#2749=DIRECTION('',(0.,0.,-1.));
#2750=DIRECTION('',(0.,-1.,0.));
#2751=DIRECTION('',(0.,0.,-1.));
#2752=DIRECTION('',(4.1255296787099E-10,6.10823809308896E-11,1.));
#2753=DIRECTION('',(5.27791453170447E-13,-1.,6.10823809306718E-11));
#2754=DIRECTION('',(0.,0.,1.));
#2755=DIRECTION('',(0.,1.,0.));
#2756=DIRECTION('',(0.,0.,1.));
#2757=DIRECTION('',(0.,0.,1.));
#2758=DIRECTION('',(0.,0.,1.));
#2759=DIRECTION('',(-1.,0.,0.));
#2760=DIRECTION('',(0.,-1.,0.));
#2761=DIRECTION('',(0.,1.,0.));
#2762=DIRECTION('',(0.,0.,-1.));
#2763=DIRECTION('',(-1.,9.30799732821384E-17,0.));
#2764=DIRECTION('',(5.5430745241295E-17,0.595517416329074,0.803342397019319));
#2765=DIRECTION('',(0.,1.,0.));
#2766=DIRECTION('',(0.,-1.,0.));
#2767=DIRECTION('',(-5.66918581998097E-13,0.,-1.));
#2768=DIRECTION('',(1.,0.,0.));
#2769=DIRECTION('',(0.,-0.595517416521874,0.803342396876396));
#2770=DIRECTION('',(0.,-1.,0.));
#2771=DIRECTION('',(0.,0.,1.));
#2772=DIRECTION('',(1.,0.,0.));
#2773=DIRECTION('',(0.,0.,1.));
#2774=DIRECTION('',(1.,0.,0.));
#2775=DIRECTION('',(0.,0.,1.));
#2776=DIRECTION('',(1.,0.,0.));
#2777=DIRECTION('',(1.,0.,0.));
#2778=DIRECTION('',(0.,0.,1.));
#2779=DIRECTION('',(1.,0.,0.));
#2780=DIRECTION('',(0.,0.,-1.));
#2781=DIRECTION('',(-3.04430716834341E-13,1.,0.));
#2782=DIRECTION('',(0.,0.,1.));
#2783=DIRECTION('',(1.,0.,0.));
#2784=DIRECTION('',(0.,0.,1.));
#2785=DIRECTION('',(1.,0.,0.));
#2786=DIRECTION('',(0.,0.,1.));
#2787=DIRECTION('',(1.,0.,0.));
#2788=DIRECTION('',(-1.,0.,0.));
#2789=DIRECTION('',(0.,0.,1.));
#2790=DIRECTION('',(1.,0.,0.));
#2791=DIRECTION('',(0.,0.,1.));
#2792=DIRECTION('',(1.,0.,0.));
#2793=DIRECTION('',(0.,0.,1.));
#2794=DIRECTION('',(1.,0.,0.));
#2795=DIRECTION('',(0.,0.,1.));
#2796=DIRECTION('',(1.,0.,0.));
#2797=DIRECTION('',(0.,0.,1.));
#2798=DIRECTION('',(1.,0.,0.));
#2799=DIRECTION('',(0.,-1.,0.));
#2800=DIRECTION('',(1.,0.,0.));
#2801=DIRECTION('',(0.,0.,1.));
#2802=DIRECTION('',(1.,0.,0.));
#2803=DIRECTION('',(0.,0.,1.));
#2804=DIRECTION('',(1.,0.,0.));
#2805=DIRECTION('',(0.,0.,1.));
#2806=DIRECTION('',(1.,0.,0.));
#2807=DIRECTION('',(0.,0.,1.));
#2808=DIRECTION('',(1.,0.,0.));
#2809=DIRECTION('',(0.,0.,-1.));
#2810=DIRECTION('',(0.,0.,1.));
#2811=DIRECTION('',(1.,0.,0.));
#2812=DIRECTION('',(2.4122937939649E-15,2.17414274507229E-15,-1.));
#2813=DIRECTION('',(-1.70287359884589E-12,1.,2.17414274506818E-15));
#2814=DIRECTION('',(0.,0.,-1.));
#2815=DIRECTION('',(0.,0.,1.));
#2816=DIRECTION('',(1.,0.,0.));
#2817=DIRECTION('',(0.,0.,1.));
#2818=DIRECTION('',(1.,0.,0.));
#2819=DIRECTION('',(0.,0.,1.));
#2820=DIRECTION('',(0.,1.,0.));
#2821=DIRECTION('',(-1.,0.,0.));
#2822=DIRECTION('',(0.,0.,1.));
#2823=DIRECTION('',(-1.,0.,0.));
#2824=DIRECTION('',(0.,0.,1.));
#2825=DIRECTION('',(1.,0.,0.));
#2826=DIRECTION('',(0.,0.,1.));
#2827=DIRECTION('',(1.,0.,0.));
#2828=DIRECTION('',(0.,0.,1.));
#2829=DIRECTION('',(1.,0.,0.));
#2830=DIRECTION('',(0.,0.,1.));
#2831=DIRECTION('',(1.,0.,0.));
#2832=DIRECTION('',(0.,0.,-1.));
#2833=DIRECTION('',(-1.,0.,0.));
#2834=DIRECTION('',(-1.,0.,0.));
#2835=DIRECTION('',(0.,0.,-1.));
#2836=DIRECTION('',(-1.,0.,0.));
#2837=DIRECTION('',(0.,0.,1.));
#2838=DIRECTION('',(1.,0.,0.));
#2839=DIRECTION('',(0.,0.,-1.));
#2840=DIRECTION('',(-1.,0.,0.));
#2841=DIRECTION('',(0.,0.,-1.));
#2842=DIRECTION('',(-7.88885369486606E-13,1.,0.));
#2843=DIRECTION('',(0.,0.,-1.));
#2844=DIRECTION('',(-0.0822364207539623,0.996612849155367,0.));
#2845=DIRECTION('',(1.,0.,0.));
#2846=DIRECTION('',(0.,0.,-1.));
#2847=DIRECTION('',(0.137441362435244,0.990509904994364,0.));
#2848=DIRECTION('',(0.,0.,-1.));
#2849=DIRECTION('',(-1.,0.,0.));
#2850=DIRECTION('',(0.,0.,-1.));
#2851=DIRECTION('',(-1.,0.,0.));
#2852=DIRECTION('',(0.,0.,-1.));
#2853=DIRECTION('',(0.,-0.928992527031782,0.370098479757892));
#2854=DIRECTION('',(0.,-0.370098479757892,-0.928992527031782));
#2855=DIRECTION('',(0.,0.,1.));
#2856=DIRECTION('',(1.,0.,0.));
#2857=DIRECTION('',(0.,0.,-1.));
#2858=DIRECTION('',(-1.,0.,0.));
#2859=DIRECTION('',(0.,0.,-1.));
#2860=DIRECTION('',(0.,0.,-1.));
#2861=DIRECTION('',(-1.,0.,0.));
#2862=DIRECTION('',(0.00133255950698772,-0.0197419743372789,0.999804220202349));
#2863=DIRECTION('',(0.0822732615911014,0.996417735489838,0.0195654498661616));
#2864=DIRECTION('',(0.,0.,-1.));
#2865=DIRECTION('',(0.,1.,0.));
#2866=DIRECTION('',(0.,0.,1.));
#2867=DIRECTION('',(0.,0.,1.));
#2868=DIRECTION('',(1.,0.,0.));
#2869=DIRECTION('',(0.,0.,-1.));
#2870=DIRECTION('',(-1.,0.,0.));
#2871=DIRECTION('',(-0.00133255938027283,-0.0197419756712118,0.999804220176178));
#2872=DIRECTION('',(-0.137498036147617,0.990312598611438,0.0193712954396523));
#2873=DIRECTION('',(0.,0.,-1.));
#2874=DIRECTION('',(0.,0.,-1.));
#2875=DIRECTION('',(-1.,0.,0.));
#2876=DIRECTION('',(0.,0.,1.));
#2877=DIRECTION('',(1.,0.,0.));
#2878=DIRECTION('',(0.,0.,-1.));
#2879=DIRECTION('',(0.,0.,-1.));
#2880=DIRECTION('',(-1.,0.,0.));
#2881=DIRECTION('',(0.,0.,-1.));
#2882=DIRECTION('',(0.,-0.928992527031782,0.370098479757892));
#2883=DIRECTION('',(0.,-0.370098479757892,-0.928992527031782));
#2884=DIRECTION('',(0.,-1.,0.));
#2885=DIRECTION('',(0.,0.,-1.));
#2886=DIRECTION('',(-1.,0.,0.));
#2887=DIRECTION('',(0.,-0.928992527031782,0.370098479757892));
#2888=DIRECTION('',(0.,-0.370098479757892,-0.928992527031782));
#2889=DIRECTION('',(-1.39757220645729E-8,-0.928992526744859,0.370098480478105));
#2890=DIRECTION('',(0.999256563807221,-0.0142683519133705,-0.0358152735834949));
#2891=DIRECTION('',(-6.25012963783943E-8,-0.928992527958174,0.370098477432532));
#2892=DIRECTION('',(-0.998982034805603,-0.0166950106197576,-0.0419066910655509));
#2893=DIRECTION('',(0.115340645667343,0.875902531074103,-0.468498977069343));
#2894=DIRECTION('',(-0.00754482373170511,0.472405652993845,0.88134895169525));
#2895=DIRECTION('',(0.151304874024856,-0.9881599416886,-0.0254315697176708));
#2896=DIRECTION('',(0.000638843446391073,0.025825517991361,-0.999666261559091));
#2897=DIRECTION('',(0.994010147886671,-0.109238216944498,-0.0032920900816205));
#2898=DIRECTION('',(0.109229185359975,0.994012622654321,-0.00280910474617245));
#2899=DIRECTION('',(0.999390879783352,-0.0330331548071569,0.0112552249797025));
#2900=DIRECTION('',(0.032836387477661,0.999312035888336,0.0172402606165381));
#2901=DIRECTION('',(-0.999391073235877,-0.0330263283135432,0.0112580804122316));
#2902=DIRECTION('',(0.0328295104452371,-0.99931225756451,-0.0172405082654001));
#2903=DIRECTION('',(0.994010010835955,0.109239425640776,0.00329336356618199));
#2904=DIRECTION('',(0.109230376752029,-0.994012480512696,0.0028130729828194));
#2905=DIRECTION('',(0.15130487402485,0.988159941688601,0.0254315697176739));
#2906=DIRECTION('',(0.000638843446029039,-0.0258255179913087,0.999666261559093));
#2907=DIRECTION('',(-0.115340645667356,0.875902531074113,-0.46849897706932));
#2908=DIRECTION('',(0.00754482373147827,0.472405652993801,0.881348951695276));
#2909=DIRECTION('',(-1.,0.,0.));
#2910=DIRECTION('',(0.,0.,1.));
#2911=DIRECTION('',(-1.,0.,0.));
#2912=DIRECTION('',(0.,-0.194770488371328,-0.980848845062069));
#2913=DIRECTION('',(-1.,0.,0.));
#2914=DIRECTION('',(-1.,0.,0.));
#2915=DIRECTION('',(0.,0.,1.));
#2916=DIRECTION('',(-1.,0.,0.));
#2917=DIRECTION('',(-1.,0.,0.));
#2918=DIRECTION('',(0.,0.,1.));
#2919=DIRECTION('',(0.,0.347469123403117,0.937691424873593));
#2920=DIRECTION('',(0.,-0.347469123403082,-0.937691424873606));
#2921=DIRECTION('',(0.,-0.347469124792127,-0.937691424358884));
#2922=DIRECTION('',(0.,-0.347469123033862,-0.937691425010424));
#2923=DIRECTION('',(1.,0.,0.));
#2924=DIRECTION('',(0.,0.,-1.));
#2925=DIRECTION('',(0.,0.,1.));
#2926=DIRECTION('',(0.,0.,-1.));
#2927=DIRECTION('',(-1.,0.,0.));
#2928=DIRECTION('',(0.,0.,1.));
#2929=DIRECTION('',(0.,1.,0.));
#2930=DIRECTION('',(0.,0.,1.));
#2931=DIRECTION('',(0.,0.,-1.));
#2932=DIRECTION('',(-1.,0.,0.));
#2933=DIRECTION('',(-1.,0.,0.));
#2934=DIRECTION('',(0.,0.,1.));
#2935=DIRECTION('',(0.,0.,-1.));
#2936=DIRECTION('',(-1.,0.,0.));
#2937=DIRECTION('',(0.,0.,1.));
#2938=DIRECTION('',(0.,-1.,0.));
#2939=DIRECTION('',(0.,0.,-1.));
#2940=DIRECTION('',(1.,0.,0.));
#2941=DIRECTION('',(-1.,0.,0.));
#2942=DIRECTION('',(0.,0.,1.));
#2943=DIRECTION('',(-1.,0.,0.));
#2944=DIRECTION('',(0.,0.,1.));
#2945=DIRECTION('',(0.,0.34746912066052,0.937691425889885));
#2946=DIRECTION('',(0.,-0.347469125697883,-0.937691424023249));
#2947=DIRECTION('',(0.,0.347469127434045,0.9376914233799));
#2948=DIRECTION('',(0.,0.347469122375592,0.937691425254351));
#2949=DIRECTION('',(-1.,0.,0.));
#2950=DIRECTION('',(0.,0.,1.));
#2951=DIRECTION('',(0.,0.,1.));
#2952=DIRECTION('',(1.,0.,0.));
#2953=CARTESIAN_POINT('',(0.,0.,0.));
#2954=CARTESIAN_POINT('',(-0.000746517426162791,-0.00550628571428571,-0.01015));
#2955=CARTESIAN_POINT('',(-0.000428833545778295,-0.00550628571428571,-0.01015));
#2956=CARTESIAN_POINT('',(-0.000428833545241083,-0.00550628571429916,-0.0164189025872031));
#2957=CARTESIAN_POINT('',(-0.000428833545778295,-0.00550628571428571,-0.0153590226491936));
#2958=CARTESIAN_POINT('',(-3.71459956449776E-16,-0.00550628571428571,-0.0159019217127627));
#2959=CARTESIAN_POINT('',(0.000428833545778295,-0.00550628571428571,-0.0153590226491942));
#2960=CARTESIAN_POINT('',(0.000428833545778295,-0.00550628571428571,-0.01015));
#2961=CARTESIAN_POINT('',(0.000428833545169555,-0.00550628571437241,-0.0164189025872527));
#2962=CARTESIAN_POINT('',(-1.26287869051112E-17,-0.00550628571428571,-0.0157396345562192));
#2963=CARTESIAN_POINT('',(-0.0032,-0.00550628571428571,-0.01215));
#2964=CARTESIAN_POINT('',(-0.000746517426162791,-0.00550628571428571,-0.01215));
#2965=CARTESIAN_POINT('',(0.000746517426162791,-0.00550628571428571,-0.01215));
#2966=CARTESIAN_POINT('',(-0.000746517426162791,-0.00550628571428571,-0.01015));
#2967=CARTESIAN_POINT('',(-0.000746517426123053,-0.00550628571429916,-0.0166400524600898));
#2968=CARTESIAN_POINT('',(-6.25846596769009E-15,-0.00550628571428571,-0.015297119525243));
#2969=CARTESIAN_POINT('',(-6.99317217444179E-20,-0.00550628571438252,-0.0168726277369685));
#2970=CARTESIAN_POINT('',(6.45230482873076E-16,-0.00550628571428571,-0.0152971195252237));
#2971=CARTESIAN_POINT('',(0.000746517426104834,-0.00550628571429916,-0.0166400524601144));
#2972=CARTESIAN_POINT('',(0.000746517426162791,-0.00550628571428571,-0.01015));
#2973=CARTESIAN_POINT('',(-0.000746517426162791,-0.000226285714285714,-0.01015));
#2974=CARTESIAN_POINT('',(-0.000746517426162791,-0.000226285714285714,-0.01215));
#2975=CARTESIAN_POINT('',(-0.000746517426162791,-0.00505371428571429,-0.01215));
#2976=CARTESIAN_POINT('',(-0.000746517426162791,-0.00505371428571429,-0.01015));
#2977=CARTESIAN_POINT('',(-0.000746517426162791,-0.00505371428568026,-0.0166400524599614));
#2978=CARTESIAN_POINT('',(-0.000746517426162791,-0.00528,-0.016640052459781));
#2979=CARTESIAN_POINT('',(-0.000746517426162791,-0.00505371428571429,-0.01015));
#2980=CARTESIAN_POINT('',(0.000428833545778295,-0.00505371428571429,-0.0164189025868832));
#2981=CARTESIAN_POINT('',(0.000428833545778295,-0.00505371428571429,-0.0153590226491942));
#2982=CARTESIAN_POINT('',(0.000428833545169549,-0.0050537142858127,-0.0164189025872527));
#2983=CARTESIAN_POINT('',(-3.71459956449776E-16,-0.00505371428564623,-0.0159019217127627));
#2984=CARTESIAN_POINT('',(-0.000428833545778295,-0.00505371428571429,-0.0153590226491936));
#2985=CARTESIAN_POINT('',(-0.000428833545778295,-0.00505371428571429,-0.0153584298941642));
#2986=CARTESIAN_POINT('',(-0.00042883354527768,-0.00505371428568026,-0.0164189025872413));
#2987=CARTESIAN_POINT('',(-5.02739113789405E-15,-0.00505371428564625,-0.0157396345562362));
#2988=CARTESIAN_POINT('',(-2.11429572545917E-19,-0.00505371428567345,-0.0165675153004926));
#2989=CARTESIAN_POINT('',(-1.25011112572793E-15,-0.00505371428564623,-0.015739634556217));
#2990=CARTESIAN_POINT('',(-0.000746517426162791,-0.00505371428571429,-0.01215));
#2991=CARTESIAN_POINT('',(0.000746517426162791,-0.00505371428571429,-0.01215));
#2992=CARTESIAN_POINT('',(0.000746517426162791,-0.00505371428571429,-0.01015));
#2993=CARTESIAN_POINT('',(0.000746517426162791,-0.00505371428568026,-0.0166400524599615));
#2994=CARTESIAN_POINT('',(1.6561707010559E-15,-0.00505371428564623,-0.0152971195252242));
#2995=CARTESIAN_POINT('',(-6.99317217444179E-20,-0.00505371428567345,-0.0168726277369685));
#2996=CARTESIAN_POINT('',(-3.15858450505857E-15,-0.00505371428564624,-0.0152971195252251));
#2997=CARTESIAN_POINT('',(0.000746517426162791,-0.000226285714285714,-0.012140052459781));
#2998=CARTESIAN_POINT('',(0.000746517426162791,-0.000226285714285714,-0.01215));
#2999=CARTESIAN_POINT('',(0.000746517426162791,-0.00528,-0.016640052459781));
#3000=CARTESIAN_POINT('',(-0.000746517426578783,-0.00505371428566324,-0.0166400524598604));
#3001=CARTESIAN_POINT('',(-0.000746517426578783,-0.00550628571433411,-0.0166400524598604));
#3002=CARTESIAN_POINT('',(-0.000610526169369602,-0.00505371428566324,-0.0167321252281543));
#3003=CARTESIAN_POINT('',(-0.000610526169369602,-0.00550628571433411,-0.0167321252281543));
#3004=CARTESIAN_POINT('',(-0.000334634767882381,-0.00505371428566325,-0.0168479158872477));
#3005=CARTESIAN_POINT('',(-0.000334634767882381,-0.00550628571433412,-0.0168479158872477));
#3006=CARTESIAN_POINT('',(-2.94156429107623E-14,-0.00505371428566324,-0.0168849836622204));
#3007=CARTESIAN_POINT('',(-2.94156429107623E-14,-0.00550628571433411,-0.0168849836622204));
#3008=CARTESIAN_POINT('',(0.000334634768000045,-0.00505371428566324,-0.0168479158872284));
#3009=CARTESIAN_POINT('',(0.000334634768000045,-0.00550628571433411,-0.0168479158872284));
#3010=CARTESIAN_POINT('',(0.00061052616945694,-0.00505371428566324,-0.0167321252281099));
#3011=CARTESIAN_POINT('',(0.00061052616945694,-0.00550628571433411,-0.0167321252281099));
#3012=CARTESIAN_POINT('',(0.000746517426665599,-0.00505371428566324,-0.0166400524598016));
#3013=CARTESIAN_POINT('',(0.000746517426665599,-0.00550628571433411,-0.0166400524598016));
#3014=CARTESIAN_POINT('',(0.000428833545778295,-0.000226285714285714,-0.0164189025868832));
#3015=CARTESIAN_POINT('',(0.00042883354562355,4525.709232,-0.0164189025869485));
#3016=CARTESIAN_POINT('',(0.000428833545778295,-0.00550628571429916,-0.0153590226491942));
#3017=CARTESIAN_POINT('',(-3.71459956449776E-16,-0.00528000000003978,-0.0159019217127627));
#3018=CARTESIAN_POINT('',(-0.000428833545778295,-0.0055062857143993,-0.0153590226491936));
#3019=CARTESIAN_POINT('',(-0.000428833545778295,-0.000226285714285714,-0.0153584298941642));
#3020=CARTESIAN_POINT('',(-0.000428833545778295,-0.00528,-0.0164189025868832));
#3021=CARTESIAN_POINT('',(-0.000428833545717738,-0.00505371428572946,-0.0164189025868761));
#3022=CARTESIAN_POINT('',(-0.000428833545717738,-0.00550628571432906,-0.0164189025868761));
#3023=CARTESIAN_POINT('',(-0.000274719898115788,-0.00505371428572946,-0.0165374039270496));
#3024=CARTESIAN_POINT('',(-0.000274719898115788,-0.00550628571432906,-0.0165374039270496));
#3025=CARTESIAN_POINT('',(3.59649376252547E-14,-0.00505371428572946,-0.0165976266735427));
#3026=CARTESIAN_POINT('',(3.59649376252547E-14,-0.00550628571432906,-0.0165976266735427));
#3027=CARTESIAN_POINT('',(0.000274719898043857,-0.00505371428572946,-0.0165374039270766));
#3028=CARTESIAN_POINT('',(0.000274719898043857,-0.00550628571432906,-0.0165374039270766));
#3029=CARTESIAN_POINT('',(0.000428833545648821,-0.00505371428572946,-0.0164189025869291));
#3030=CARTESIAN_POINT('',(0.000428833545648821,-0.00550628571432906,-0.0164189025869291));
#3031=CARTESIAN_POINT('',(-0.0032,0.00653000000001166,-0.01215));
#3032=CARTESIAN_POINT('',(-0.0032,0.00653000000001166,-0.01215));
#3033=CARTESIAN_POINT('',(-0.0032,-0.00653000000001166,-0.01215));
#3034=CARTESIAN_POINT('',(-0.0032,-0.00403000000001166,-0.01215));
#3035=CARTESIAN_POINT('',(-0.0032,-0.00403000000001166,-0.01215));
#3036=CARTESIAN_POINT('',(0.0032,-0.00403000000001166,-0.01215));
#3037=CARTESIAN_POINT('',(0.0032,0.00653000000001166,-0.01215));
#3038=CARTESIAN_POINT('',(0.0032,-0.00653000000001166,-0.01215));
#3039=CARTESIAN_POINT('',(-0.0032,-0.00653000000001166,-0.01215));
#3040=CARTESIAN_POINT('',(0.0032,-0.00653000000001166,-0.01215));
#3041=CARTESIAN_POINT('',(0.0032,-0.00653000000001166,-0.01015));
#3042=CARTESIAN_POINT('',(0.0032,-0.00653000000001166,-0.01015));
#3043=CARTESIAN_POINT('',(-0.0032,-0.00653000000001166,-0.01015));
#3044=CARTESIAN_POINT('',(-0.0032,-0.00653000000001166,-0.01215));
#3045=CARTESIAN_POINT('',(0.0032,-0.00653000000001166,-0.01215));
#3046=CARTESIAN_POINT('',(0.0032,0.00653000000001166,-0.01215));
#3047=CARTESIAN_POINT('',(0.0032,0.00653000000001166,-0.01015));
#3048=CARTESIAN_POINT('',(0.0032,-0.00403000000001166,-0.01015));
#3049=CARTESIAN_POINT('',(0.0032,-0.00403000000001166,-0.01215));
#3050=CARTESIAN_POINT('',(-0.0032,-0.00403000000001166,-0.01215));
#3051=CARTESIAN_POINT('',(-0.0032,-0.00403000000001166,-0.01015));
#3052=CARTESIAN_POINT('',(-0.0032,-0.00403000000001166,-0.01015));
#3053=CARTESIAN_POINT('',(-0.0032,-0.00403000000001166,-0.01215));
#3054=CARTESIAN_POINT('',(-0.0032,0.00403000000001166,-0.01215));
#3055=CARTESIAN_POINT('',(-0.0032,0.00403000000001166,-0.01015));
#3056=CARTESIAN_POINT('',(-0.000746517426162791,-0.000226285714285714,-0.01015));
#3057=CARTESIAN_POINT('',(-0.000428833544777065,-0.000226285714285714,-0.0157679817518248));
#3058=CARTESIAN_POINT('',(-0.000428833545266627,-0.000226285714228637,-0.0164189025874273));
#3059=CARTESIAN_POINT('',(-0.00042883354527768,-0.000226285714285714,-0.0153590226487934));
#3060=CARTESIAN_POINT('',(-7.76418500562685E-16,-0.000226285714285717,-0.0159019217127828));
#3061=CARTESIAN_POINT('',(0.00042883354527768,-0.000226285714285714,-0.0153590226487947));
#3062=CARTESIAN_POINT('',(0.000428833544777065,-0.000226285714285714,-0.0157679817518248));
#3063=CARTESIAN_POINT('',(0.000428833545200308,-0.000226285714171561,-0.0164189025874649));
#3064=CARTESIAN_POINT('',(3.05373781817053E-15,-0.000226285714285714,-0.0157396345562301));
#3065=CARTESIAN_POINT('',(-2.11429572545917E-19,-0.00022628571414873,-0.0165675153004926));
#3066=CARTESIAN_POINT('',(-1.50813064537988E-15,-0.000226285714285714,-0.0157396345562251));
#3067=CARTESIAN_POINT('',(-0.0032,-0.000226285714285714,-0.01215));
#3068=CARTESIAN_POINT('',(-0.000746517426162791,-0.000226285714285714,-0.01215));
#3069=CARTESIAN_POINT('',(0.000746517426162791,-0.000226285714285714,-0.01215));
#3070=CARTESIAN_POINT('',(-0.000746517426162791,-0.000226285714285714,-0.0111450262298905));
#3071=CARTESIAN_POINT('',(-0.00074651742607268,-0.000226285714228637,-0.0166400524602657));
#3072=CARTESIAN_POINT('',(7.95752352900081E-16,-0.000226285714285714,-0.015297119525218));
#3073=CARTESIAN_POINT('',(0.000746517426018048,-0.000226285714228637,-0.0166400524603027));
#3074=CARTESIAN_POINT('',(0.000746517426162791,-0.000226285714285714,-0.0111450262298905));
#3075=CARTESIAN_POINT('',(-0.000746517426162791,-0.000226285714285714,-0.01015));
#3076=CARTESIAN_POINT('',(-0.000746517426162791,-0.000226285714285714,-0.01215));
#3077=CARTESIAN_POINT('',(-0.000746517426162791,0.000226285714285714,-0.01215));
#3078=CARTESIAN_POINT('',(-0.000746517426162791,0.000226285714285714,-0.0112679817518248));
#3079=CARTESIAN_POINT('',(-0.00074651742607268,0.000226285714228637,-0.0166400524605991));
#3080=CARTESIAN_POINT('',(-0.000746517426162791,0.,-0.016640052459781));
#3081=CARTESIAN_POINT('',(-0.000746517426162791,0.000226285714285714,-0.01015));
#3082=CARTESIAN_POINT('',(0.000428833544777065,0.000226285714285714,-0.0157679817518248));
#3083=CARTESIAN_POINT('',(0.00042883354527768,0.000226285714285714,-0.0153590226487947));
#3084=CARTESIAN_POINT('',(0.000428833545200308,0.000226285714171561,-0.0164189025874649));
#3085=CARTESIAN_POINT('',(-7.76461100508445E-16,0.000226285714285711,-0.0159019217127828));
#3086=CARTESIAN_POINT('',(-0.00042883354527768,0.000226285714285714,-0.0153590226487934));
#3087=CARTESIAN_POINT('',(-0.000428833544777065,0.000226285714285714,-0.0157679817518248));
#3088=CARTESIAN_POINT('',(-0.000428833545266627,0.000226285714228637,-0.0164189025874273));
#3089=CARTESIAN_POINT('',(8.21842593978772E-16,0.000226285714285714,-0.0157396345562246));
#3090=CARTESIAN_POINT('',(-0.000746517426162791,0.000226285714285714,-0.01215));
#3091=CARTESIAN_POINT('',(0.000746517426162791,0.000226285714285714,-0.01215));
#3092=CARTESIAN_POINT('',(0.000746517426162791,0.000226285714285714,-0.0111450262298905));
#3093=CARTESIAN_POINT('',(0.000746517426018048,0.000226285714228637,-0.0166400524603027));
#3094=CARTESIAN_POINT('',(4.20877532766746E-15,0.000226285714285714,-0.0152971195252341));
#3095=CARTESIAN_POINT('',(-6.99317217444179E-20,0.00022628571414873,-0.0168726277369685));
#3096=CARTESIAN_POINT('',(-2.08194572692832E-15,0.000226285714285714,-0.0152971195252211));
#3097=CARTESIAN_POINT('',(0.000746517426162791,-0.000226285714285714,-0.012140052459781));
#3098=CARTESIAN_POINT('',(0.000746517426162791,-0.000226285714285714,-0.01215));
#3099=CARTESIAN_POINT('',(0.000746517426162791,0.,-0.016640052459781));
#3100=CARTESIAN_POINT('',(-0.000746517426462579,0.000226285714217222,-0.016640052459939));
#3101=CARTESIAN_POINT('',(-0.000746517426462579,-0.000226285714257175,-0.016640052459939));
#3102=CARTESIAN_POINT('',(-0.000610526169283855,0.000226285714217222,-0.0167321252281926));
#3103=CARTESIAN_POINT('',(-0.000610526169283855,-0.000226285714257175,-0.0167321252281926));
#3104=CARTESIAN_POINT('',(-0.0003346347678966,0.000226285714217222,-0.0168479158872428));
#3105=CARTESIAN_POINT('',(-0.0003346347678966,-0.000226285714257176,-0.0168479158872428));
#3106=CARTESIAN_POINT('',(1.85113937149681E-14,0.000226285714217222,-0.016884983662215));
#3107=CARTESIAN_POINT('',(1.85113937149681E-14,-0.000226285714257175,-0.016884983662215));
#3108=CARTESIAN_POINT('',(0.000334634767822555,0.000226285714217222,-0.016847915887255));
#3109=CARTESIAN_POINT('',(0.000334634767822555,-0.000226285714257176,-0.016847915887255));
#3110=CARTESIAN_POINT('',(0.000610526169228894,0.000226285714217222,-0.0167321252282206));
#3111=CARTESIAN_POINT('',(0.000610526169228894,-0.000226285714257175,-0.0167321252282206));
#3112=CARTESIAN_POINT('',(0.000746517426407947,0.000226285714217222,-0.016640052459976));
#3113=CARTESIAN_POINT('',(0.000746517426407947,-0.000226285714257175,-0.016640052459976));
#3114=CARTESIAN_POINT('',(0.000428833545778295,-0.000226285714285714,-0.0164189025868832));
#3115=CARTESIAN_POINT('',(0.00042883354562355,4525.714512,-0.0164189025869485));
#3116=CARTESIAN_POINT('',(0.000428833545778295,-0.000226285714228637,-0.0153590226491901));
#3117=CARTESIAN_POINT('',(-7.76439800535567E-16,2.41792862721937E-14,-0.0159019217127828));
#3118=CARTESIAN_POINT('',(-0.000428833545778295,-0.000226285714171561,-0.0153590226491889));
#3119=CARTESIAN_POINT('',(-0.000428833545778295,-0.000226285714285714,-0.0153584298941642));
#3120=CARTESIAN_POINT('',(-0.000428833545778295,0.,-0.0164189025868832));
#3121=CARTESIAN_POINT('',(-0.000428833545625472,0.000226285714228638,-0.016418902586947));
#3122=CARTESIAN_POINT('',(-0.000428833545625472,-0.000226285714217222,-0.016418902586947));
#3123=CARTESIAN_POINT('',(-0.00027471989804873,0.000226285714228637,-0.0165374039270633));
#3124=CARTESIAN_POINT('',(-0.00027471989804873,-0.000226285714217222,-0.0165374039270633));
#3125=CARTESIAN_POINT('',(3.12328017181701E-14,0.000226285714228638,-0.0165976266735308));
#3126=CARTESIAN_POINT('',(3.12328017181701E-14,-0.000226285714217222,-0.0165976266735308));
#3127=CARTESIAN_POINT('',(0.000274719897986263,0.000226285714228638,-0.0165374039270867));
#3128=CARTESIAN_POINT('',(0.000274719897986263,-0.000226285714217222,-0.0165374039270867));
#3129=CARTESIAN_POINT('',(0.000428833545565623,0.000226285714228638,-0.016418902586993));
#3130=CARTESIAN_POINT('',(0.000428833545565623,-0.000226285714217222,-0.016418902586993));
#3131=CARTESIAN_POINT('',(-0.0032,0.00653000000001166,-0.01215));
#3132=CARTESIAN_POINT('',(-0.0032,0.00653000000001166,-0.01215));
#3133=CARTESIAN_POINT('',(-0.0032,-0.00125,-0.01215));
#3134=CARTESIAN_POINT('',(-0.0032,0.00125,-0.01215));
#3135=CARTESIAN_POINT('',(-0.0032,0.00125,-0.01215));
#3136=CARTESIAN_POINT('',(0.0032,0.00125,-0.01215));
#3137=CARTESIAN_POINT('',(0.0032,0.00653000000001166,-0.01215));
#3138=CARTESIAN_POINT('',(0.0032,-0.00125,-0.01215));
#3139=CARTESIAN_POINT('',(-0.0032,-0.00125,-0.01215));
#3140=CARTESIAN_POINT('',(0.0032,-0.00125,-0.01215));
#3141=CARTESIAN_POINT('',(0.0032,-0.00125,-0.01015));
#3142=CARTESIAN_POINT('',(0.0032,-0.00125,-0.01015));
#3143=CARTESIAN_POINT('',(-0.0032,-0.00125,-0.01015));
#3144=CARTESIAN_POINT('',(-0.0032,-0.00125,-0.01215));
#3145=CARTESIAN_POINT('',(0.0032,-0.00125,-0.01215));
#3146=CARTESIAN_POINT('',(0.0032,0.00653000000001166,-0.01215));
#3147=CARTESIAN_POINT('',(0.0032,0.00653000000001166,-0.01015));
#3148=CARTESIAN_POINT('',(0.0032,0.00125,-0.01015));
#3149=CARTESIAN_POINT('',(0.0032,0.00125,-0.01215));
#3150=CARTESIAN_POINT('',(-0.0032,0.00125,-0.01215));
#3151=CARTESIAN_POINT('',(-0.0032,0.00125,-0.01015));
#3152=CARTESIAN_POINT('',(-0.0032,0.00125,-0.01015));
#3153=CARTESIAN_POINT('',(-0.0032,0.00125,-0.01215));
#3154=CARTESIAN_POINT('',(-0.0032,0.00403000000001166,-0.01215));
#3155=CARTESIAN_POINT('',(-0.0032,0.00403000000001166,-0.01015));
#3156=CARTESIAN_POINT('',(-0.0032,0.00653000000001166,-0.01215));
#3157=CARTESIAN_POINT('',(-0.0032,0.00403000000001166,-0.01215));
#3158=CARTESIAN_POINT('',(-0.0032,0.00403000000001166,-0.01215));
#3159=CARTESIAN_POINT('',(-0.0032,0.00653000000001166,-0.01215));
#3160=CARTESIAN_POINT('',(-0.0032,0.00653000000001166,-0.01215));
#3161=CARTESIAN_POINT('',(0.0032,0.00653000000001166,-0.01215));
#3162=CARTESIAN_POINT('',(0.0032,0.00653000000001166,-0.01215));
#3163=CARTESIAN_POINT('',(0.0032,0.00403000000001166,-0.01215));
#3164=CARTESIAN_POINT('',(0.0032,0.00403000000001166,-0.01215));
#3165=CARTESIAN_POINT('',(0.0032,0.00403000000001166,-0.01215));
#3166=CARTESIAN_POINT('',(0.0032,0.00403000000001166,-0.01015));
#3167=CARTESIAN_POINT('',(0.0032,0.00403000000001166,-0.01015));
#3168=CARTESIAN_POINT('',(-0.0032,0.00403000000001166,-0.01015));
#3169=CARTESIAN_POINT('',(-0.0032,0.00403000000001166,-0.01215));
#3170=CARTESIAN_POINT('',(0.0032,0.00403000000001166,-0.01215));
#3171=CARTESIAN_POINT('',(0.0032,0.00653000000001166,-0.01215));
#3172=CARTESIAN_POINT('',(0.0032,0.00653000000001166,-0.01015));
#3173=CARTESIAN_POINT('',(0.0032,0.00653000000001166,-0.01015));
#3174=CARTESIAN_POINT('',(0.0032,0.00653000000001166,-0.01215));
#3175=CARTESIAN_POINT('',(-0.0032,0.00653000000001166,-0.01215));
#3176=CARTESIAN_POINT('',(-0.0032,0.00653000000001166,-0.01015));
#3177=CARTESIAN_POINT('',(-0.0032,0.00653000000001166,-0.01015));
#3178=CARTESIAN_POINT('',(-0.0032,0.00653000000001166,-0.01215));
#3179=CARTESIAN_POINT('',(-0.0032,0.00403000000001166,-0.01215));
#3180=CARTESIAN_POINT('',(-0.0032,0.00403000000001166,-0.01015));
#3181=CARTESIAN_POINT('',(0.00433,0.0066,-0.01015));
#3182=CARTESIAN_POINT('',(0.00433,-0.0066,-0.00581587591240876));
#3183=CARTESIAN_POINT('',(0.00433,-0.0066,-0.01015));
#3184=CARTESIAN_POINT('',(0.00433,-0.0066,-0.00148175182481752));
#3185=CARTESIAN_POINT('',(0.00433,0.,-0.01015));
#3186=CARTESIAN_POINT('',(0.00433,0.0066,-0.01015));
#3187=CARTESIAN_POINT('',(0.00433,0.0066,-0.00581587591240876));
#3188=CARTESIAN_POINT('',(0.00433,0.0066,-0.00148175182481752));
#3189=CARTESIAN_POINT('',(0.00433,0.,-0.00148175182481752));
#3190=CARTESIAN_POINT('',(-0.00433,-0.0066,-0.01015));
#3191=CARTESIAN_POINT('',(-0.00433,-0.0066,-0.0082331391455678));
#3192=CARTESIAN_POINT('',(-0.00201395349105737,-0.00659999999993768,-0.0082331391468467));
#3193=CARTESIAN_POINT('',(0.00201395349105737,-0.00659999999993768,-0.0082331391468467));
#3194=CARTESIAN_POINT('',(0.00201395348837209,-0.0066,-0.01015));
#3195=CARTESIAN_POINT('',(0.00201395349105737,-0.00660000000009142,-0.0100975417646241));
#3196=CARTESIAN_POINT('',(0.,-0.0066,-0.0100975417644091));
#3197=CARTESIAN_POINT('',(-0.00201395349105737,-0.00660000000009142,-0.0100975417646241));
#3198=CARTESIAN_POINT('',(-0.00201395348837209,-0.0066,-0.01015));
#3199=CARTESIAN_POINT('',(0.,-0.0066,-0.01015));
#3200=CARTESIAN_POINT('',(-0.00433,-0.0066,-0.01015));
#3201=CARTESIAN_POINT('',(0.,-0.0066,-0.00148175182481752));
#3202=CARTESIAN_POINT('',(-0.00433,-0.0066,-0.00148175182481752));
#3203=CARTESIAN_POINT('',(-0.00433,-0.0066,-0.00581587591240876));
#3204=CARTESIAN_POINT('',(-0.00433,-0.0066,-0.00148175182481752));
#3205=CARTESIAN_POINT('',(-0.00433,0.0066,-0.00581587591240876));
#3206=CARTESIAN_POINT('',(-0.00433,0.0066,-0.01015));
#3207=CARTESIAN_POINT('',(-0.00433,0.0066,-0.00148175182481752));
#3208=CARTESIAN_POINT('',(-0.00433,0.,-0.01015));
#3209=CARTESIAN_POINT('',(-0.00433,0.,-0.00148175182481752));
#3210=CARTESIAN_POINT('',(-0.00433,0.0066,-0.01015));
#3211=CARTESIAN_POINT('',(-0.00433,0.0066,-0.0100975417664036));
#3212=CARTESIAN_POINT('',(-0.00201395349105737,0.00660000000009142,-0.0100975417646241));
#3213=CARTESIAN_POINT('',(0.00201395349105737,0.00660000000009142,-0.0100975417646241));
#3214=CARTESIAN_POINT('',(0.0020139534924,0.0066,-0.00581587591240876));
#3215=CARTESIAN_POINT('',(0.00201395349016227,0.00659999999995702,-0.00823313914652556));
#3216=CARTESIAN_POINT('',(0.,0.0066,-0.00823313914702591));
#3217=CARTESIAN_POINT('',(-0.00201395349016227,0.00659999999995702,-0.00823313914652556));
#3218=CARTESIAN_POINT('',(-0.0020139534924,0.0066,-0.00581587591240876));
#3219=CARTESIAN_POINT('',(0.,0.0066,-0.01015));
#3220=CARTESIAN_POINT('',(0.,0.0066,-0.00148175182481752));
#3221=CARTESIAN_POINT('',(-0.00503488372093023,-0.00792,-0.00148175182481752));
#3222=CARTESIAN_POINT('',(0.,0.00688442068566799,-0.00148175182481752));
#3223=CARTESIAN_POINT('',(0.00201395348837209,0.00688442068554157,-0.00148175182480317));
#3224=CARTESIAN_POINT('',(-0.00201395348837209,0.00688442068554157,-0.00148175182480317));
#3225=CARTESIAN_POINT('',(0.00201395348837209,0.,-0.00148175182481752));
#3226=CARTESIAN_POINT('',(0.00201395348837209,0.00725430622922903,-0.00148175182474003));
#3227=CARTESIAN_POINT('',(0.,0.00725430622752,-0.00148175182481752));
#3228=CARTESIAN_POINT('',(-0.00201395348837209,0.00725430622922903,-0.00148175182474003));
#3229=CARTESIAN_POINT('',(-0.00201395348837209,0.,-0.00148175182481752));
#3230=CARTESIAN_POINT('',(0.,-0.00725430623075935,-0.00148175182481752));
#3231=CARTESIAN_POINT('',(0.00201395348837209,-0.00725430622907561,-0.00148175182471295));
#3232=CARTESIAN_POINT('',(-0.00201395348837209,-0.00725430622907561,-0.00148175182471295));
#3233=CARTESIAN_POINT('',(0.00201395348837209,0.0066,-0.00148175182481752));
#3234=CARTESIAN_POINT('',(0.00201395348837209,-0.00688442068554157,-0.00148175182480317));
#3235=CARTESIAN_POINT('',(0.,-0.00688442068512,-0.00148175182481752));
#3236=CARTESIAN_POINT('',(-0.00201395348837209,-0.00688442068554157,-0.00148175182480317));
#3237=CARTESIAN_POINT('',(-0.00201395348837209,0.0066,-0.00148175182481752));
#3238=CARTESIAN_POINT('',(0.00472333953488377,0.00734523428571433,-0.00148175182481752));
#3239=CARTESIAN_POINT('',(0.00523488372093023,0.00734523428682735,-0.00148175182474926));
#3240=CARTESIAN_POINT('',(0.00472333953490995,0.00792,-0.00148175182489299));
#3241=CARTESIAN_POINT('',(0.00523488372093023,0.,-0.00148175182481752));
#3242=CARTESIAN_POINT('',(0.00523488372093023,-0.00734523428700418,-0.00148175182483429));
#3243=CARTESIAN_POINT('',(0.00472333953488344,-0.00734523428571395,-0.00148175182481752));
#3244=CARTESIAN_POINT('',(0.00472333953498211,-0.00792,-0.00148175182496845));
#3245=CARTESIAN_POINT('',(0.,-0.00792,-0.00148175182481752));
#3246=CARTESIAN_POINT('',(-0.00472333953483452,-0.00792,-0.00148175182489299));
#3247=CARTESIAN_POINT('',(-0.00472333953488365,-0.00734523428571423,-0.00148175182481752));
#3248=CARTESIAN_POINT('',(-0.00523488372093023,-0.00734523428722286,-0.00148175182474926));
#3249=CARTESIAN_POINT('',(-0.00523488372093023,0.,-0.00148175182481752));
#3250=CARTESIAN_POINT('',(-0.00523488372093023,0.00734523428697143,-0.00148175182483429));
#3251=CARTESIAN_POINT('',(-0.00472333953488365,0.00734523428571423,-0.00148175182481752));
#3252=CARTESIAN_POINT('',(-0.00472333953485749,0.00792,-0.00148175182489299));
#3253=CARTESIAN_POINT('',(0.,0.00792,-0.00148175182481752));
#3254=CARTESIAN_POINT('',(0.00201395348837209,0.0066,-0.00148175182481752));
#3255=CARTESIAN_POINT('',(0.00201395348837209,-0.00677565152498211,0.0010485285045668));
#3256=CARTESIAN_POINT('',(0.00201395348837209,-0.00791999999998491,-0.00500076423405446));
#3257=CARTESIAN_POINT('',(0.00201395348837209,-0.00786139061958088,-0.00522706648608876));
#3258=CARTESIAN_POINT('',(0.00201395348837209,-0.00740888573090545,-0.00510987352460701));
#3259=CARTESIAN_POINT('',(0.00201395348837209,-0.00750242866181237,-0.00474868601833657));
#3260=CARTESIAN_POINT('',(0.00201395348837209,-0.0064185452166542,0.000980974481813329));
#3261=CARTESIAN_POINT('',(0.,-0.00705121433072704,-0.00649091258253138));
#3262=CARTESIAN_POINT('',(-0.00201395348837209,-0.00705121433072704,-0.00649091258253138));
#3263=CARTESIAN_POINT('',(-0.00201395348837209,-0.00750242866187489,-0.00474868601809519));
#3264=CARTESIAN_POINT('',(0.,-0.00750242866185028,-0.00474868601796515));
#3265=CARTESIAN_POINT('',(-0.00201395348837209,0.0066,-0.00148175182481752));
#3266=CARTESIAN_POINT('',(-0.00201395348837209,-0.0066,-0.0100975417661131));
#3267=CARTESIAN_POINT('',(-0.00201395348837209,-0.00792000000004587,-0.00500076423381911));
#3268=CARTESIAN_POINT('',(-0.00201395348837209,-0.0075871531153077,-0.00324125802940392));
#3269=CARTESIAN_POINT('',(-0.00201395348837209,-0.00750242866182857,-0.00474868601785036));
#3270=CARTESIAN_POINT('',(-0.00201395348837209,-0.0066,-0.0100975417661131));
#3271=CARTESIAN_POINT('',(0.,-0.00791999999987158,-0.00500076423407245));
#3272=CARTESIAN_POINT('',(0.00201395348837209,0.0066,-0.00148175182481752));
#3273=CARTESIAN_POINT('',(0.00201395348837209,0.00687459418858302,-0.00142980667111035));
#3274=CARTESIAN_POINT('',(0.00201395348837209,0.00750242866182857,-0.00474868601785036));
#3275=CARTESIAN_POINT('',(0.00201395348837209,0.00750242866182857,-0.00474868601785036));
#3276=CARTESIAN_POINT('',(0.00201395348837209,0.00869111863768969,-0.00202332472726712));
#3277=CARTESIAN_POINT('',(0.00201395348837209,0.00792000000004587,-0.00500076423381911));
#3278=CARTESIAN_POINT('',(0.00201395348837209,0.00792,-0.00500076423357664));
#3279=CARTESIAN_POINT('',(0.,0.0072600000000457,-0.0075491529996684));
#3280=CARTESIAN_POINT('',(-0.00201395348837209,0.0072600000000457,-0.0075491529996684));
#3281=CARTESIAN_POINT('',(-0.00201395348837209,0.00791999999998491,-0.00500076423405447));
#3282=CARTESIAN_POINT('',(0.,0.00791999999996824,-0.00500076423340873));
#3283=CARTESIAN_POINT('',(-0.00201395348837209,0.0066,-0.00148175182481752));
#3284=CARTESIAN_POINT('',(-0.00201395348837209,0.00750242866182857,-0.00474868601785036));
#3285=CARTESIAN_POINT('',(-0.00201395348837209,0.00750242866182857,-0.00474868601785036));
#3286=CARTESIAN_POINT('',(-0.00201395348837209,0.00719342467391683,-0.00311521892167967));
#3287=CARTESIAN_POINT('',(-0.00201395348837209,0.00792,-0.00500076423357664));
#3288=CARTESIAN_POINT('',(-0.00201395348837209,0.0066,-0.00823313914576642));
#3289=CARTESIAN_POINT('',(0.,0.00750242866194779,-0.00474868601739005));
#3290=CARTESIAN_POINT('',(0.,-0.0075871531153077,-0.00324125802940392));
#3291=CARTESIAN_POINT('',(-0.00201395348837209,-0.00750242866182857,-0.00474868601785036));
#3292=CARTESIAN_POINT('',(0.,0.00719342467391683,-0.00311521892167967));
#3293=CARTESIAN_POINT('',(-0.00201395348837209,0.00792,-0.00500076423357664));
#3294=CARTESIAN_POINT('',(-0.00452333953488372,0.00792,-0.00148175182481752));
#3295=CARTESIAN_POINT('',(0.00472333953488372,0.00792,-0.0010231496350365));
#3296=CARTESIAN_POINT('',(0.00472333928492998,0.00792039044689785,-0.000564543205564935));
#3297=CARTESIAN_POINT('',(-0.00472333953488372,0.00792,-0.0010231496350365));
#3298=CARTESIAN_POINT('',(-0.00472333928486441,0.00792039044689786,-0.000564543205564935));
#3299=CARTESIAN_POINT('',(-0.0047233392848644,0.00792,-0.000564547445255475));
#3300=CARTESIAN_POINT('',(-0.00157444642826628,0.00792,-0.000564547445255475));
#3301=CARTESIAN_POINT('',(0.00157444642833185,0.00792,-0.000564547445255475));
#3302=CARTESIAN_POINT('',(0.00472333928492998,0.00792,-0.000564547445255475));
#3303=CARTESIAN_POINT('',(0.00472333953484437,0.00792000000000001,-0.000564547445009319));
#3304=CARTESIAN_POINT('',(0.00472333953484437,0.00792000000000001,-0.00148175182482113));
#3305=CARTESIAN_POINT('',(0.00489385426346588,0.00792000000001474,-0.000564547445009319));
#3306=CARTESIAN_POINT('',(0.00489385426346588,0.00792000000001474,-0.00148175182482113));
#3307=CARTESIAN_POINT('',(0.00520078077504811,0.00769967314305298,-0.000564547445009319));
#3308=CARTESIAN_POINT('',(0.00520078077504811,0.00769967314305298,-0.00148175182482113));
#3309=CARTESIAN_POINT('',(0.00523488372089662,0.00744102857165886,-0.000564547445009319));
#3310=CARTESIAN_POINT('',(0.00523488372089662,0.00744102857165886,-0.00148175182482113));
#3311=CARTESIAN_POINT('',(0.00523488372093023,0.00734523428594089,-0.000564547445009319));
#3312=CARTESIAN_POINT('',(0.00523488372093023,0.00734523428594089,-0.00148175182482113));
#3313=CARTESIAN_POINT('',(0.00472333928514416,0.00791999999999993,-0.000564547445009319));
#3314=CARTESIAN_POINT('',(0.00489385405544956,0.00792000009353488,-0.000564547445050344));
#3315=CARTESIAN_POINT('',(0.00520078075937695,0.00769967326398489,-0.000564547445132395));
#3316=CARTESIAN_POINT('',(0.00523488372093023,0.00744102859481231,-0.000564547445214446));
#3317=CARTESIAN_POINT('',(0.00523488372093023,0.00734523428571429,-0.000564547445255471));
#3318=CARTESIAN_POINT('',(0.00523488372093022,0.00734523428571428,-0.000564547445255471));
#3319=CARTESIAN_POINT('',(0.00523488372093023,0.00734523428547851,4445.25490990511));
#3320=CARTESIAN_POINT('',(0.00523488372093023,-0.00734523428571429,-0.000564547445255475));
#3321=CARTESIAN_POINT('',(0.00523488372093023,0.,-0.000564547445255475));
#3322=CARTESIAN_POINT('',(0.00523488372093023,-0.00734523428572474,-0.000564547445222883));
#3323=CARTESIAN_POINT('',(0.00523488372093023,-0.00734523428571429,-0.0010231496350365));
#3324=CARTESIAN_POINT('',(0.00523488372093023,-0.00734523428526234,-0.000564547445132393));
#3325=CARTESIAN_POINT('',(0.00523488372093023,-0.00734523428526234,-0.00148175182489298));
#3326=CARTESIAN_POINT('',(0.00523488372099727,-0.00744102857111254,-0.000564547445132392));
#3327=CARTESIAN_POINT('',(0.00523488372099727,-0.00744102857111254,-0.00148175182489298));
#3328=CARTESIAN_POINT('',(0.00520078077548936,-0.00769967314235295,-0.000564547445132393));
#3329=CARTESIAN_POINT('',(0.00520078077548936,-0.00769967314235295,-0.00148175182489298));
#3330=CARTESIAN_POINT('',(0.00489385426383117,-0.00791999999994103,-0.000564547445132393));
#3331=CARTESIAN_POINT('',(0.00489385426383117,-0.00791999999994103,-0.00148175182489298));
#3332=CARTESIAN_POINT('',(0.00472333953504117,-0.00792,-0.000564547445132393));
#3333=CARTESIAN_POINT('',(0.00472333953504117,-0.00792,-0.00148175182489298));
#3334=CARTESIAN_POINT('',(0.00472333953488364,-0.0073452342857142,-0.000564547445044427));
#3335=CARTESIAN_POINT('',(0.00472333928483452,-0.00792039044689805,-0.000564543205564934));
#3336=CARTESIAN_POINT('',(0.00472333953508051,-0.00792,4445.25490990511));
#3337=CARTESIAN_POINT('',(-0.00452333953488372,-0.00792,-0.00148175182481752));
#3338=CARTESIAN_POINT('',(-0.00472333953488372,-0.00792,-0.0010231496350365));
#3339=CARTESIAN_POINT('',(-0.00472333928484144,-0.00792039044689806,-0.000564543205564934));
#3340=CARTESIAN_POINT('',(0.00472333928483452,-0.00792,-0.000564547445255475));
#3341=CARTESIAN_POINT('',(0.00157444642827587,-0.00792,-0.000564547445255475));
#3342=CARTESIAN_POINT('',(-0.00157444642828278,-0.00792,-0.000564547445255475));
#3343=CARTESIAN_POINT('',(-0.00472333928484144,-0.00792,-0.000564547445255475));
#3344=CARTESIAN_POINT('',(-0.00471720097433044,-0.00791995861496983,-0.000564543205564934));
#3345=CARTESIAN_POINT('',(-0.00471720097433044,-0.00791995861496983,-0.00148175182494015));
#3346=CARTESIAN_POINT('',(-0.00488872030677842,-0.00792227140092593,-0.000564543205564934));
#3347=CARTESIAN_POINT('',(-0.00488872030677842,-0.00792227140092593,-0.00148175182494015));
#3348=CARTESIAN_POINT('',(-0.00520038816296986,-0.0077026617422321,-0.000564543205564934));
#3349=CARTESIAN_POINT('',(-0.00520038816296986,-0.0077026617422321,-0.00148175182494015));
#3350=CARTESIAN_POINT('',(-0.00523488372093023,-0.00744160336067523,-0.000564543205564934));
#3351=CARTESIAN_POINT('',(-0.00523488372093023,-0.00744160336067523,-0.00148175182494015));
#3352=CARTESIAN_POINT('',(-0.00523488372093023,-0.00734523428571429,-0.000564543205564934));
#3353=CARTESIAN_POINT('',(-0.00523488372093023,-0.00734523428571429,-0.00148175182494015));
#3354=CARTESIAN_POINT('',(-0.00472333928505569,-0.00791999999999994,-0.000564547445009319));
#3355=CARTESIAN_POINT('',(-0.00489385405537584,-0.00792000009356801,-0.000564547445050346));
#3356=CARTESIAN_POINT('',(-0.00520078075937135,-0.0076996732640278,-0.000564547445132398));
#3357=CARTESIAN_POINT('',(-0.00523488372093023,-0.00744102859482059,-0.000564547445214451));
#3358=CARTESIAN_POINT('',(-0.00523488372093023,-0.00734523428571429,-0.000564547445255478));
#3359=CARTESIAN_POINT('',(-0.00523488372093023,-0.00734523428571428,-0.000564547445157014));
#3360=CARTESIAN_POINT('',(-0.00523488372093023,-0.00734523428571429,4445.25490990511));
#3361=CARTESIAN_POINT('',(-0.00523488372093023,0.00734523428571429,-0.00148175182481752));
#3362=CARTESIAN_POINT('',(-0.00523488372093023,0.,-0.000564547445255475));
#3363=CARTESIAN_POINT('',(-0.00523488372093023,0.0073452342856658,-0.000564547445251831));
#3364=CARTESIAN_POINT('',(-0.00523488372093023,0.00734523428571429,-0.0010231496350365));
#3365=CARTESIAN_POINT('',(-0.00523488372093023,0.00734523428571429,-0.000564547445255483));
#3366=CARTESIAN_POINT('',(-0.00523488372093023,0.00734523428571429,-0.00148175182485525));
#3367=CARTESIAN_POINT('',(-0.00523488372093023,0.00744102857142857,-0.000564547445255483));
#3368=CARTESIAN_POINT('',(-0.00523488372093023,0.00744102857142857,-0.00148175182485525));
#3369=CARTESIAN_POINT('',(-0.0052007807751938,0.00769967314285711,-0.000564547445255483));
#3370=CARTESIAN_POINT('',(-0.0052007807751938,0.00769967314285711,-0.00148175182485525));
#3371=CARTESIAN_POINT('',(-0.00489385426356594,0.00791999999999998,-0.000564547445255483));
#3372=CARTESIAN_POINT('',(-0.00489385426356594,0.00791999999999998,-0.00148175182485525));
#3373=CARTESIAN_POINT('',(-0.00472333953488378,0.00792000000000001,-0.000564547445255484));
#3374=CARTESIAN_POINT('',(-0.00472333953488378,0.00792000000000001,-0.00148175182485525));
#3375=CARTESIAN_POINT('',(-0.00523488372093023,0.00734523428571429,-0.000564547445255483));
#3376=CARTESIAN_POINT('',(-0.00523488372093023,0.00744102859481844,-0.000564547445214456));
#3377=CARTESIAN_POINT('',(-0.0052007807593728,0.00769967326401667,-0.000564547445132402));
#3378=CARTESIAN_POINT('',(-0.00489385405539496,0.00792000009355942,-0.000564547445050347));
#3379=CARTESIAN_POINT('',(-0.00472333928507864,0.00791999999999994,-0.000564547445009319));
#3380=CARTESIAN_POINT('',(4.23299279289819E-13,0.0073507122165096,-0.000570729090041242));
#3381=CARTESIAN_POINT('',(0.00472333928554634,0.00734523428571429,0.));
#3382=CARTESIAN_POINT('',(0.00157444642874217,0.00734523428571429,0.));
#3383=CARTESIAN_POINT('',(-0.001574446428062,0.00734523428571429,0.));
#3384=CARTESIAN_POINT('',(-0.00472333928486618,0.00734523428571429,0.));
#3385=CARTESIAN_POINT('',(0.00472333928554634,0.0073452374198106,-3.26532043278176E-7));
#3386=CARTESIAN_POINT('',(-0.00472333928486618,0.00734523741971364,-3.2653204329041E-7));
#3387=CARTESIAN_POINT('',(0.00472333953491139,0.00734524055401163,-6.53064085551192E-7));
#3388=CARTESIAN_POINT('',(0.00472333953491139,0.00764349217442405,2.20959305501518E-6));
#3389=CARTESIAN_POINT('',(0.00472333953491139,0.00791754235276472,-0.000266291190006669));
#3390=CARTESIAN_POINT('',(0.00472333953491139,0.00792078089379436,-0.00056453896575116));
#3391=CARTESIAN_POINT('',(-0.00472333953491139,0.00792078089379562,-0.000564538965867098));
#3392=CARTESIAN_POINT('',(-0.00472333953491139,0.00791754235282988,-0.000266291190420364));
#3393=CARTESIAN_POINT('',(-0.00472333953491139,0.00764349217514191,2.20959253281937E-6));
#3394=CARTESIAN_POINT('',(-0.00472333953491139,0.00734524055502283,-6.53064075845523E-7));
#3395=CARTESIAN_POINT('',(0.00523488372093022,0.00734523428571428,-0.000564547445255471));
#3396=CARTESIAN_POINT('',(0.00523488372093022,0.00734523428571428,-0.000564547445255472));
#3397=CARTESIAN_POINT('',(0.00523488372093022,0.00734523428571428,-0.000564547445255471));
#3398=CARTESIAN_POINT('',(0.00523488372093022,0.00734523428571428,-0.000564547445255471));
#3399=CARTESIAN_POINT('',(0.00523488372093022,0.00763521147775279,-0.000564547445131284));
#3400=CARTESIAN_POINT('',(0.00523488372093022,0.0076352114776685,-0.000374666155161786));
#3401=CARTESIAN_POINT('',(0.00523488372093022,0.00749022288168612,-0.000279725510197734));
#3402=CARTESIAN_POINT('',(0.00523488372093022,0.00734523428571428,-0.000279725510197734));
#3403=CARTESIAN_POINT('',(0.00506162561118923,0.00792460287541639,-0.000564547445007346));
#3404=CARTESIAN_POINT('',(0.00506162561118923,0.00792460287524799,-0.00018516845175937));
#3405=CARTESIAN_POINT('',(0.00506162561118923,0.0076349185804706,4.52104482326385E-6));
#3406=CARTESIAN_POINT('',(0.00506162561118923,0.00734523428571428,4.52104482326385E-6));
#3407=CARTESIAN_POINT('',(0.00471720097441943,0.007919958614971,-0.000564547445009336));
#3408=CARTESIAN_POINT('',(0.00471720097441943,0.00791995861480394,-0.000188209581162351));
#3409=CARTESIAN_POINT('',(0.00471720097441943,0.00763259645024867,-4.06492798806054E-8));
#3410=CARTESIAN_POINT('',(0.00471720097441943,0.00734523428571429,-4.06492798806406E-8));
#3411=CARTESIAN_POINT('',(0.00523488372093023,0.00734523428571428,-0.000564547445255475));
#3412=CARTESIAN_POINT('',(0.00523488372093023,0.00734523428572092,-0.00037636496350365));
#3413=CARTESIAN_POINT('',(0.00503879178294573,0.00734523428573421,-3.7636496350365E-5));
#3414=CARTESIAN_POINT('',(0.0048085968992248,0.00734523428574751,-8.03259273775757E-20));
#3415=CARTESIAN_POINT('',(0.00472333953488372,0.00734523428575416,-8.03259273775757E-20));
#3416=CARTESIAN_POINT('',(0.00472333953488372,-0.00734523428552036,-8.03259273775757E-20));
#3417=CARTESIAN_POINT('',(0.00472333953488372,0.00734523428571427,-8.03259273775757E-20));
#3418=CARTESIAN_POINT('',(0.00480859689922477,-0.00734523428552036,-8.03259273775757E-20));
#3419=CARTESIAN_POINT('',(0.00480859689922477,0.00734523428571427,-8.03259273775757E-20));
#3420=CARTESIAN_POINT('',(0.00503879178294555,-0.00734523428552036,-3.76364963503352E-5));
#3421=CARTESIAN_POINT('',(0.00503879178294555,0.00734523428571428,-3.76364963503352E-5));
#3422=CARTESIAN_POINT('',(0.00523488372093009,-0.00734523428552036,-0.000376364963503258));
#3423=CARTESIAN_POINT('',(0.00523488372093009,0.00734523428571427,-0.000376364963503258));
#3424=CARTESIAN_POINT('',(0.00523488372093023,-0.00734523428552036,-0.000564547445255005));
#3425=CARTESIAN_POINT('',(0.00523488372093023,0.00734523428571427,-0.000564547445255005));
#3426=CARTESIAN_POINT('',(0.00472333953488372,-4525.72163094857,-8.03259273775757E-20));
#3427=CARTESIAN_POINT('',(0.00472333928482584,-0.00734523741983138,-3.26532042971025E-7));
#3428=CARTESIAN_POINT('',(0.00472333953488365,-0.00734523428552036,-0.000564547445255554));
#3429=CARTESIAN_POINT('',(0.00523488372093022,-0.00734523428571429,-0.000564547445255466));
#3430=CARTESIAN_POINT('',(0.00523488372093022,-0.00734523428571429,-0.000564547445255466));
#3431=CARTESIAN_POINT('',(0.00523488372093022,-0.00734523428571429,-0.000564547445255466));
#3432=CARTESIAN_POINT('',(0.00523488372093022,-0.00734523428571429,-0.000564547445255466));
#3433=CARTESIAN_POINT('',(0.00523488372093022,-0.00734523428571429,-0.000564547445255467));
#3434=CARTESIAN_POINT('',(0.00523488372093022,-0.00734523428571429,-0.000564547445255467));
#3435=CARTESIAN_POINT('',(0.00523488372093022,-0.00734523428571429,-0.000564547445255467));
#3436=CARTESIAN_POINT('',(0.00523488372093022,-0.00734502245845887,-0.000279725585984599));
#3437=CARTESIAN_POINT('',(0.00523488372093022,-0.00734509307612597,-0.000279725535315746));
#3438=CARTESIAN_POINT('',(0.00523488372093022,-0.00734516368521529,-0.000279725509990566));
#3439=CARTESIAN_POINT('',(0.00523488372093022,-0.00734523428571428,-0.000279725509990566));
#3440=CARTESIAN_POINT('',(0.00523488372093022,-0.00749022288180913,-0.000279725509990567));
#3441=CARTESIAN_POINT('',(0.00523488372093022,-0.00763521147791062,-0.000374666155044096));
#3442=CARTESIAN_POINT('',(0.00523488372093022,-0.00763521147796371,-0.000564547445177232));
#3443=CARTESIAN_POINT('',(0.00506162561096565,-0.00734481105912409,4.52089335552765E-6));
#3444=CARTESIAN_POINT('',(0.00506162561096565,-0.00734495215180074,4.52099459087556E-6));
#3445=CARTESIAN_POINT('',(0.00506162561096565,-0.00734509322733917,4.52104519007501E-6));
#3446=CARTESIAN_POINT('',(0.00506162561096565,-0.00734523428571428,4.52104519007501E-6));
#3447=CARTESIAN_POINT('',(0.00506162561096565,-0.00763491858069239,4.52104519007488E-6));
#3448=CARTESIAN_POINT('',(0.00506162561096565,-0.00792460287568376,-0.000185168451555634));
#3449=CARTESIAN_POINT('',(0.00506162561096565,-0.00792460287578984,-0.000564547445099155));
#3450=CARTESIAN_POINT('',(0.00471720097392192,-0.00734481445173928,-4.07999038949429E-8));
#3451=CARTESIAN_POINT('',(0.00471720097392192,-0.00734495441340675,-4.06994800569546E-8));
#3452=CARTESIAN_POINT('',(0.00471720097392192,-0.00734509435807339,-4.06492864643801E-8));
#3453=CARTESIAN_POINT('',(0.00471720097392192,-0.00734523428571429,-4.064928646438E-8));
#3454=CARTESIAN_POINT('',(0.00471720097392192,-0.00763259645028009,-4.06492864644853E-8));
#3455=CARTESIAN_POINT('',(0.00471720097392192,-0.00791995861485905,-0.000188209581207217));
#3456=CARTESIAN_POINT('',(0.00471720097392192,-0.0079199586149643,-0.000564547445100408));
#3457=CARTESIAN_POINT('',(0.00472333953468693,-0.00792078089379368,-0.000564538965651456));
#3458=CARTESIAN_POINT('',(0.00472333953468693,-0.00791754235271677,-0.000266291190304003));
#3459=CARTESIAN_POINT('',(0.00472333953468693,-0.00764349217512273,2.20959249157631E-6));
#3460=CARTESIAN_POINT('',(0.00472333953468693,-0.00734524055510134,-6.53064076737713E-7));
#3461=CARTESIAN_POINT('',(-1.3837944685249E-14,-0.00735071221651275,-0.000570729090040094));
#3462=CARTESIAN_POINT('',(-0.00472333913012335,-0.00734523428595006,0.));
#3463=CARTESIAN_POINT('',(-0.00157444632514029,-0.00734523428595006,0.));
#3464=CARTESIAN_POINT('',(0.00157444647984278,-0.00734523428595006,0.));
#3465=CARTESIAN_POINT('',(0.00472333928482584,-0.00734523428595006,0.));
#3466=CARTESIAN_POINT('',(-0.00472333933251663,-0.00734523786883154,-3.26528081105082E-7));
#3467=CARTESIAN_POINT('',(-0.0047233395349114,-0.0073452414514223,-6.53055474441103E-7));
#3468=CARTESIAN_POINT('',(-0.0047233395349114,-0.00764349277720381,2.20912929098031E-6));
#3469=CARTESIAN_POINT('',(-0.0047233395349114,-0.00791754235601386,-0.00026629148913971));
#3470=CARTESIAN_POINT('',(-0.0047233395349114,-0.00792078089379476,-0.000564538965751164));
#3471=CARTESIAN_POINT('',(-0.00471720097433044,-0.00734177650402476,-5.08661796907976E-8));
#3472=CARTESIAN_POINT('',(-0.00471720097433044,-0.00734293023745216,-4.40481181536742E-8));
#3473=CARTESIAN_POINT('',(-0.00471720097433044,-0.00734408283599827,-4.0649281039737E-8));
#3474=CARTESIAN_POINT('',(-0.00471720097433044,-0.00734523428571428,-4.0649281039737E-8));
#3475=CARTESIAN_POINT('',(-0.00471720097433044,-0.00763259645024871,-4.0649281039711E-8));
#3476=CARTESIAN_POINT('',(-0.00471720097433044,-0.00791995861480389,-0.000188209581163856));
#3477=CARTESIAN_POINT('',(-0.00471720097433044,-0.00791995861496984,-0.000564547445010987));
#3478=CARTESIAN_POINT('',(-0.00506162561114926,-0.00734174856221311,4.5107454290225E-6));
#3479=CARTESIAN_POINT('',(-0.00506162561114926,-0.0073429116187861,4.51761858628528E-6));
#3480=CARTESIAN_POINT('',(-0.00506162561114926,-0.007344073531307,4.52104488888867E-6));
#3481=CARTESIAN_POINT('',(-0.00506162561114926,-0.00734523428571428,4.52104488888867E-6));
#3482=CARTESIAN_POINT('',(-0.00506162561114926,-0.00763491858050466,4.52104488888875E-6));
#3483=CARTESIAN_POINT('',(-0.00506162561114926,-0.00792460287531593,-0.000185168451716359));
#3484=CARTESIAN_POINT('',(-0.00506162561114926,-0.00792460287548321,-0.000564547445009012));
#3485=CARTESIAN_POINT('',(-0.00523488372093024,-0.00734348966177181,-0.000279730665097455));
#3486=CARTESIAN_POINT('',(-0.00523488372093024,-0.00734407177803634,-0.00027972722504413));
#3487=CARTESIAN_POINT('',(-0.00523488372093024,-0.00734465332169645,-0.000279725510160676));
#3488=CARTESIAN_POINT('',(-0.00523488372093024,-0.00734523428571428,-0.000279725510160676));
#3489=CARTESIAN_POINT('',(-0.00523488372093024,-0.00749022288170531,-0.000279725510160676));
#3490=CARTESIAN_POINT('',(-0.00523488372093025,-0.0076352114777068,-0.000374666155137451));
#3491=CARTESIAN_POINT('',(-0.00523488372093024,-0.00763521147779053,-0.000564547445132121));
#3492=CARTESIAN_POINT('',(-0.00523488372093024,-0.00734523428571428,-0.000564547445255478));
#3493=CARTESIAN_POINT('',(-0.00523488372093024,-0.00734523428571428,-0.000564547445255478));
#3494=CARTESIAN_POINT('',(-0.00523488372093024,-0.00734523428571428,-0.000564547445255478));
#3495=CARTESIAN_POINT('',(-0.00523488372093024,-0.00734523428571428,-0.000564547445255478));
#3496=CARTESIAN_POINT('',(-0.00523488372093024,-0.00734523428571428,-0.000564547445255478));
#3497=CARTESIAN_POINT('',(-0.00523488372093024,-0.00734523428571428,-0.000564547445255478));
#3498=CARTESIAN_POINT('',(-0.00523488372093025,-0.00734523428571428,-0.000564547445255479));
#3499=CARTESIAN_POINT('',(-0.00523488372093023,-0.00734523428571428,-0.000564547445255475));
#3500=CARTESIAN_POINT('',(-0.00523488372093023,-0.00734523458517689,-0.000376364889005965));
#3501=CARTESIAN_POINT('',(-0.00503879159123616,-0.00734523518410212,-3.76363376703552E-5));
#3502=CARTESIAN_POINT('',(-0.00480859676421803,-0.00734523578302736,3.72488347860087E-11));
#3503=CARTESIAN_POINT('',(-0.00472333933237356,-0.00734523608248997,-4.4398886695187E-17));
#3504=CARTESIAN_POINT('',(-0.00472333953501245,0.00734523428552037,-1.60669728759623E-19));
#3505=CARTESIAN_POINT('',(-0.00472333953501245,-0.00734523428571428,-1.60669728759623E-19));
#3506=CARTESIAN_POINT('',(-0.00480859689935353,0.00734523428552037,-2.36770640440737E-14));
#3507=CARTESIAN_POINT('',(-0.00480859689935353,-0.00734523428571428,-2.36770640440737E-14));
#3508=CARTESIAN_POINT('',(-0.00503879178304614,0.00734523428552037,-3.76364964512286E-5));
#3509=CARTESIAN_POINT('',(-0.00503879178304614,-0.00734523428571428,-3.76364964512286E-5));
#3510=CARTESIAN_POINT('',(-0.00523488372093023,0.00734523428552037,-0.000376364963551003));
#3511=CARTESIAN_POINT('',(-0.00523488372093023,-0.00734523428571428,-0.000376364963551003));
#3512=CARTESIAN_POINT('',(-0.00523488372093023,0.00734523428552037,-0.000564547445255474));
#3513=CARTESIAN_POINT('',(-0.00523488372093023,-0.00734523428571428,-0.000564547445255474));
#3514=CARTESIAN_POINT('',(-0.00472333953498864,4525.72163094857,-1.60651854755151E-19));
#3515=CARTESIAN_POINT('',(-0.00472333928468992,0.00734523428552037,-6.76845049109036E-17));
#3516=CARTESIAN_POINT('',(-0.00480859673242896,0.00734523428552037,4.60195496993196E-11));
#3517=CARTESIAN_POINT('',(-0.00503879154609576,0.00734523428552037,-3.76363003071382E-5));
#3518=CARTESIAN_POINT('',(-0.0052348837209303,0.00734523428552036,-0.000376364871464708));
#3519=CARTESIAN_POINT('',(-0.00523488372093023,0.00734523428552036,-0.000564547445255692));
#3520=CARTESIAN_POINT('',(-0.00471720097396251,0.00791995861496487,-0.000564547445009337));
#3521=CARTESIAN_POINT('',(-0.00471720097396251,0.0079199586147978,-0.000188209581166375));
#3522=CARTESIAN_POINT('',(-0.00471720097396251,0.00763259645024561,-4.06492859178417E-8));
#3523=CARTESIAN_POINT('',(-0.00471720097396251,0.00734523428571428,-4.06492859178674E-8));
#3524=CARTESIAN_POINT('',(-0.00471720097396251,0.00734408216497919,-4.06492859178686E-8));
#3525=CARTESIAN_POINT('',(-0.00471720097396251,0.00734292889407731,-4.40520855922745E-8));
#3526=CARTESIAN_POINT('',(-0.00471720097396252,0.00734177448698192,-5.08781078895718E-8));
#3527=CARTESIAN_POINT('',(-0.00506162561098391,0.00792460287575938,-0.000564547445007348));
#3528=CARTESIAN_POINT('',(-0.00506162561098391,0.00792460287559098,-0.00018516845153478));
#3529=CARTESIAN_POINT('',(-0.00506162561098391,0.0076349185806421,4.52104516014796E-6));
#3530=CARTESIAN_POINT('',(-0.00506162561098391,0.00734523428571428,4.521045160148E-6));
#3531=CARTESIAN_POINT('',(-0.00506162561098391,0.00734407285486495,4.521045160148E-6));
#3532=CARTESIAN_POINT('',(-0.00506162561098391,0.00734291026455451,4.51761486296163E-6));
#3533=CARTESIAN_POINT('',(-0.00506162561098391,0.00734174652886915,4.51073368060563E-6));
#3534=CARTESIAN_POINT('',(-0.00523488372093023,0.00763521147794651,-0.00056454744513129));
#3535=CARTESIAN_POINT('',(-0.00523488372093023,0.00763521147786222,-0.000374666155034949));
#3536=CARTESIAN_POINT('',(-0.00523488372093024,0.00749022288178298,-0.000279725510007478));
#3537=CARTESIAN_POINT('',(-0.00523488372093024,0.00734523428571429,-0.000279725510007478));
#3538=CARTESIAN_POINT('',(-0.00523488372093024,0.00734465298313343,-0.000279725510007478));
#3539=CARTESIAN_POINT('',(-0.00523488372093024,0.00734407110023586,-0.000279727226890242));
#3540=CARTESIAN_POINT('',(-0.00523488372093024,0.00734348864407179,-0.000279730670960171));
#3541=CARTESIAN_POINT('',(-0.00523488372093024,0.00734523428571428,-0.000564547445255483));
#3542=CARTESIAN_POINT('',(-0.00523488372093024,0.00734523428571428,-0.000564547445255483));
#3543=CARTESIAN_POINT('',(-0.00523488372093024,0.00734523428571429,-0.000564547445255483));
#3544=CARTESIAN_POINT('',(-0.00523488372093024,0.00734523428571429,-0.000564547445255483));
#3545=CARTESIAN_POINT('',(-0.00523488372093024,0.00734523428571429,-0.000564547445255483));
#3546=CARTESIAN_POINT('',(-0.00523488372093024,0.00734523428571429,-0.000564547445255483));
#3547=CARTESIAN_POINT('',(-0.00523488372093024,0.00734523428571429,-0.000564547445255483));
#3548=CARTESIAN_POINT('',(-0.00452333953488372,-0.00734523428571429,0.));
#3549=CARTESIAN_POINT('',(-0.003018302983057,-0.00562437705755842,0.));
#3550=CARTESIAN_POINT('',(-0.00313114027814599,-0.00560720283801269,0.));
#3551=CARTESIAN_POINT('',(-0.0032211456613972,-0.00550503310208439,0.));
#3552=CARTESIAN_POINT('',(-0.0032371199275513,-0.00538063447020472,0.));
#3553=CARTESIAN_POINT('',(-0.00301830298307335,-0.00562437705766584,0.));
#3554=CARTESIAN_POINT('',(-0.00323711992751669,-0.00538063447020028,0.));
#3555=CARTESIAN_POINT('',(0.0387259616663605,1.3288568606086E-7,0.));
#3556=CARTESIAN_POINT('',(-0.00327369884460257,0.00508764439514124,0.));
#3557=CARTESIAN_POINT('',(-0.00327369884454814,0.00508764439513463,0.));
#3558=CARTESIAN_POINT('',(-0.00323821410399996,0.00538021541529383,0.));
#3559=CARTESIAN_POINT('',(-0.00301764616599219,0.005626236048283,0.));
#3560=CARTESIAN_POINT('',(-0.00275549963827966,0.00566260605087719,0.));
#3561=CARTESIAN_POINT('',(-0.00275549963831039,0.00566260605109869,0.));
#3562=CARTESIAN_POINT('',(4.19719419056082E-6,-0.0142218055036914,0.));
#3563=CARTESIAN_POINT('',(-0.00163715183326914,0.00578597485973911,0.));
#3564=CARTESIAN_POINT('',(0.,0.00578597486233536,0.));
#3565=CARTESIAN_POINT('',(0.00163727672501937,0.00578597485714286,0.));
#3566=CARTESIAN_POINT('',(-7.00278656842832E-6,-0.014247212633219,0.));
#3567=CARTESIAN_POINT('',(0.00275550261146242,0.0056626048181937,0.));
#3568=CARTESIAN_POINT('',(0.00268236289509463,0.00499710032523435,0.));
#3569=CARTESIAN_POINT('',(0.00327370191718706,0.00508764475349759,0.));
#3570=CARTESIAN_POINT('',(-0.0387173222040061,-3.96569041724061E-7,0.));
#3571=CARTESIAN_POINT('',(0.00358084008166633,2.88580130522161E-13,0.));
#3572=CARTESIAN_POINT('',(-0.0387173222040061,-3.96569041724061E-7,0.));
#3573=CARTESIAN_POINT('',(0.00323711992606301,-0.00538063448165781,0.));
#3574=CARTESIAN_POINT('',(0.00323711992608031,-0.00538063448166003,0.));
#3575=CARTESIAN_POINT('',(0.0032208591872476,-0.00550726396612238,0.));
#3576=CARTESIAN_POINT('',(0.003129152395877,-0.00560750540282572,0.));
#3577=CARTESIAN_POINT('',(0.00301830297830063,-0.00562437705828236,0.));
#3578=CARTESIAN_POINT('',(0.00301830297844879,-0.00562437705925583,0.));
#3579=CARTESIAN_POINT('',(-1.41661466215967E-6,0.0141908248630043,0.));
#3580=CARTESIAN_POINT('',(0.000619137617271632,-0.00584345404351706,0.));
#3581=CARTESIAN_POINT('',(0.,-0.00584345142345435,0.));
#3582=CARTESIAN_POINT('',(-0.000619138832316671,-0.0058434928277921,0.));
#3583=CARTESIAN_POINT('',(5.57834064233379E-6,0.0142361079822849,0.));
#3584=CARTESIAN_POINT('',(0.0387259616663605,1.3288568606086E-7,-0.000301091971050483));
#3585=CARTESIAN_POINT('',(0.0387259616663605,1.3288568606086E-7,-0.000376364963564154));
#3586=CARTESIAN_POINT('',(-0.00323711992674009,-0.00538063447270616,-0.000376364963527851));
#3587=CARTESIAN_POINT('',(-0.00327369884377459,0.00508764440196796,-0.000376364963768403));
#3588=CARTESIAN_POINT('',(-0.00327382687461635,0.00508765991062603,-0.000376364963813103));
#3589=CARTESIAN_POINT('',(-0.00327382687461635,0.00508765991062603,-0.000250909975875402));
#3590=CARTESIAN_POINT('',(-0.00327382687461635,0.00508765991062603,-0.000125454987937701));
#3591=CARTESIAN_POINT('',(-0.00327382687461635,0.00508765991062603,0.));
#3592=CARTESIAN_POINT('',(-0.00323726405020674,-0.00538065294694983,0.));
#3593=CARTESIAN_POINT('',(-0.00323726405020674,-0.00538065294694983,-0.000125454987937701));
#3594=CARTESIAN_POINT('',(-0.00323726405020674,-0.00538065294694983,-0.000250909975875402));
#3595=CARTESIAN_POINT('',(-0.00323726405020674,-0.00538065294694983,-0.000376364963813103));
#3596=CARTESIAN_POINT('',(-0.00301830298178005,-0.00562437705775278,-6.04344106760623E-20));
#3597=CARTESIAN_POINT('',(-0.00301830298178005,-0.00562437705775278,-0.000376364963564154));
#3598=CARTESIAN_POINT('',(-0.0031526413503946,-0.00560393030256604,-5.60953438488161E-20));
#3599=CARTESIAN_POINT('',(-0.0031526413503946,-0.00560393030256604,-0.000376364963564154));
#3600=CARTESIAN_POINT('',(-0.00322600776951748,-0.00546716979323527,-2.70729887663132E-20));
#3601=CARTESIAN_POINT('',(-0.00322600776951748,-0.00546716979323527,-0.000376364963564154));
#3602=CARTESIAN_POINT('',(-0.00323711993137993,-0.00538063444038948,-8.70906375777465E-21));
#3603=CARTESIAN_POINT('',(-0.00323711993137993,-0.00538063444038948,-0.000376364963564154));
#3604=CARTESIAN_POINT('',(-0.00323711992722215,-0.00538063447276806,-0.00037636496350365));
#3605=CARTESIAN_POINT('',(-0.00322085919180806,-0.0055072639586161,-0.00037636496350365));
#3606=CARTESIAN_POINT('',(-0.00312915240215881,-0.0056075053988848,-0.00037636496350365));
#3607=CARTESIAN_POINT('',(-0.00301830298426528,-0.00562437705737452,-0.00037636496350365));
#3608=CARTESIAN_POINT('',(-0.00301830298428163,-0.00562437705748194,-0.000376364963768403));
#3609=CARTESIAN_POINT('',(-0.0030183014092118,-0.00562436672931577,-0.000376364963813103));
#3610=CARTESIAN_POINT('',(-0.0030183014092118,-0.00562436672931577,-0.000250909975875402));
#3611=CARTESIAN_POINT('',(-0.0030183014092118,-0.00562436672931577,-0.000125454987937701));
#3612=CARTESIAN_POINT('',(-0.0030183014092118,-0.00562436672931577,0.));
#3613=CARTESIAN_POINT('',(5.57834064233379E-6,0.0142361079822849,-0.000301091971050483));
#3614=CARTESIAN_POINT('',(5.57834064233379E-6,0.0142361079822849,-0.000376364963564155));
#3615=CARTESIAN_POINT('',(-0.000619138832856261,-0.00584349282906318,-0.000376364963657285));
#3616=CARTESIAN_POINT('',(-0.000619137545001758,-0.00584345142857143,-0.000376364963813103));
#3617=CARTESIAN_POINT('',(-0.000619137545001758,-0.00584345142857143,-0.000250909975875402));
#3618=CARTESIAN_POINT('',(-0.000619137545001758,-0.00584345142857143,-0.000125454987937701));
#3619=CARTESIAN_POINT('',(-0.000619137545001758,-0.00584345142857143,0.));
#3620=CARTESIAN_POINT('',(-0.000619137537182946,-0.00584345142857143,-0.00037636496350365));
#3621=CARTESIAN_POINT('',(0.000619137537182946,-0.00584345142857143,-0.000188182481751825));
#3622=CARTESIAN_POINT('',(0.000619137616037773,-0.00584345404614441,-0.000376364963533902));
#3623=CARTESIAN_POINT('',(0.,-0.00584345142857143,-0.00037636496350365));
#3624=CARTESIAN_POINT('',(-1.41661466215967E-6,0.0141908248630043,-0.000301091971050483));
#3625=CARTESIAN_POINT('',(-1.41661466215967E-6,0.0141908248630043,-0.000376364963564155));
#3626=CARTESIAN_POINT('',(0.00301830297529332,-0.00562437705895991,-0.000376364963768403));
#3627=CARTESIAN_POINT('',(0.00301829015822236,-0.00562429297537467,0.));
#3628=CARTESIAN_POINT('',(0.00301829015822236,-0.00562429297537467,-0.000125454987937701));
#3629=CARTESIAN_POINT('',(0.00301829015822236,-0.00562429297537467,-0.000250909975875402));
#3630=CARTESIAN_POINT('',(0.00301829015822236,-0.00562429297537467,-0.000376364963813103));
#3631=CARTESIAN_POINT('',(0.00301830295642322,-0.00562437706161218,-0.000376364963564154));
#3632=CARTESIAN_POINT('',(0.00301830295642322,-0.00562437706161218,-1.0842021724855E-19));
#3633=CARTESIAN_POINT('',(0.0031526413170521,-0.00560393032301872,-0.000376364963564154));
#3634=CARTESIAN_POINT('',(0.0031526413170521,-0.00560393032301872,-1.62630325872826E-19));
#3635=CARTESIAN_POINT('',(0.0032260077543667,-0.00546716983150277,-0.000376364963564154));
#3636=CARTESIAN_POINT('',(0.0032260077543667,-0.00546716983150277,-5.42101086242752E-20));
#3637=CARTESIAN_POINT('',(0.00323711992662416,-0.00538063447742479,-0.000376364963564154));
#3638=CARTESIAN_POINT('',(0.00323711992662416,-0.00538063447742479,0.));
#3639=CARTESIAN_POINT('',(0.00301830297526062,-0.00562437705874507,-0.00037636496350365));
#3640=CARTESIAN_POINT('',(0.00313114027096507,-0.00560720284307709,-0.00037636496350365));
#3641=CARTESIAN_POINT('',(0.00322114565707625,-0.00550503311002034,-0.00037636496350365));
#3642=CARTESIAN_POINT('',(0.00323711992648422,-0.00538063447851465,-0.00037636496350365));
#3643=CARTESIAN_POINT('',(0.00323711992646691,-0.00538063447851243,-0.000376364963768403));
#3644=CARTESIAN_POINT('',(0.00323726482767425,-0.00538065305953647,-0.000376364963813103));
#3645=CARTESIAN_POINT('',(0.00323726482767425,-0.00538065305953647,-0.000250909975875402));
#3646=CARTESIAN_POINT('',(0.00323726482767425,-0.00538065305953647,-0.000125454987937701));
#3647=CARTESIAN_POINT('',(0.00323726482767425,-0.00538065305953647,0.));
#3648=CARTESIAN_POINT('',(-0.0387173222040061,-3.96569041724061E-7,-0.000301091971050483));
#3649=CARTESIAN_POINT('',(0.00327369884647244,0.00508764437995196,-4445.25585081752));
#3650=CARTESIAN_POINT('',(0.00327370191718464,0.00508764475202935,-0.000376364963688629));
#3651=CARTESIAN_POINT('',(-0.0387173222040061,-3.96569041724061E-7,-0.000376364963564154));
#3652=CARTESIAN_POINT('',(0.00275550272093351,0.00566260562318307,-1.30417303085462E-20));
#3653=CARTESIAN_POINT('',(0.00275550272093351,0.00566260562318307,-0.000376364963626391));
#3654=CARTESIAN_POINT('',(0.00291510871265463,0.00564046106614907,-1.08039386824253E-20));
#3655=CARTESIAN_POINT('',(0.00291510871265463,0.00564046106614907,-0.000376364963626391));
#3656=CARTESIAN_POINT('',(0.00319203099357764,0.00543963723593591,9.49007238705104E-21));
#3657=CARTESIAN_POINT('',(0.00319203099357764,0.00543963723593591,-0.000376364963626391));
#3658=CARTESIAN_POINT('',(0.0032613287437417,0.00518963574044778,3.47536733821953E-20));
#3659=CARTESIAN_POINT('',(0.0032613287437417,0.00518963574044778,-0.000376364963626391));
#3660=CARTESIAN_POINT('',(0.00327369885471907,0.00508764431127548,4.50602948146093E-20));
#3661=CARTESIAN_POINT('',(0.00327369885471907,0.00508764431127548,-0.000376364963626391));
#3662=CARTESIAN_POINT('',(0.00268236289509487,0.00499710032523462,-0.000376364963564156));
#3663=CARTESIAN_POINT('',(0.00275550261146241,0.00566260481819367,-0.000376364963564154));
#3664=CARTESIAN_POINT('',(0.00275549963270131,0.00566260605165112,-4445.25585081752));
#3665=CARTESIAN_POINT('',(-7.00278656842832E-6,-0.014247212633219,-0.000301091971050483));
#3666=CARTESIAN_POINT('',(-7.00278656842832E-6,-0.014247212633219,-0.000376364963564154));
#3667=CARTESIAN_POINT('',(0.00163727672501937,0.00578597485714286,-0.000376364963533902));
#3668=CARTESIAN_POINT('',(0.00163727672501937,0.00578597485714286,0.));
#3669=CARTESIAN_POINT('',(0.00163715183267752,0.00578597485714286,-0.00037636496350365));
#3670=CARTESIAN_POINT('',(-0.00163715183267752,0.00578597485714286,-0.000188182481751825));
#3671=CARTESIAN_POINT('',(-0.0016371518674449,0.00578597527565347,-0.000376364963533902));
#3672=CARTESIAN_POINT('',(0.,0.00578597485714286,-0.00037636496350365));
#3673=CARTESIAN_POINT('',(4.19719419056082E-6,-0.0142218055036914,-0.000301091971050483));
#3674=CARTESIAN_POINT('',(4.19719419056082E-6,-0.0142218055036914,-0.000376364963564154));
#3675=CARTESIAN_POINT('',(-0.00275549963660678,0.0056626060513351,-0.000376364963768403));
#3676=CARTESIAN_POINT('',(-0.00275549822252687,0.00566259583314724,0.));
#3677=CARTESIAN_POINT('',(-0.00275549822252687,0.00566259583314724,-0.000125454987937701));
#3678=CARTESIAN_POINT('',(-0.00275549822252687,0.00566259583314724,-0.000250909975875402));
#3679=CARTESIAN_POINT('',(-0.00275549822252687,0.00566259583314724,-0.000376364963813103));
#3680=CARTESIAN_POINT('',(-0.00275549964009182,0.00566260605062577,-0.000376364963564154));
#3681=CARTESIAN_POINT('',(-0.00275549964009182,0.00566260605062577,-5.42101086242752E-20));
#3682=CARTESIAN_POINT('',(-0.00291510628026633,0.00564046235063527,-0.000376364963564154));
#3683=CARTESIAN_POINT('',(-0.00291510628026633,0.00564046235063527,-5.42101086242752E-20));
#3684=CARTESIAN_POINT('',(-0.00319203053827621,0.00543963867993555,-0.000376364963564154));
#3685=CARTESIAN_POINT('',(-0.00319203053827621,0.00543963867993555,-1.0842021724855E-19));
#3686=CARTESIAN_POINT('',(-0.00326132868584044,0.00518963613604253,-0.000376364963564154));
#3687=CARTESIAN_POINT('',(-0.00326132868584044,0.00518963613604253,1.0842021724855E-19));
#3688=CARTESIAN_POINT('',(-0.003273698846072,0.00508764438257048,-0.000376364963564154));
#3689=CARTESIAN_POINT('',(-0.003273698846072,0.00508764438257048,1.0842021724855E-19));
#3690=CARTESIAN_POINT('',(-0.00275549963657604,0.00566260605111353,-0.00037636496350365));
#3691=CARTESIAN_POINT('',(-0.00301631514780926,0.00562642071355214,-0.00037636496350365));
#3692=CARTESIAN_POINT('',(-0.00323803301205486,0.00538170849240084,-0.00037636496350365));
#3693=CARTESIAN_POINT('',(-0.00327369884372015,0.00508764440196137,-0.00037636496350365));
#3694=CARTESIAN_POINT('',(-0.00362377901395349,-0.00584345142857143,-0.00037636496350365));
#3695=CARTESIAN_POINT('',(0.00253855778288559,-0.00514349685701075,-0.00037636496350365));
#3696=CARTESIAN_POINT('',(0.00300187322344267,-0.00519786125211048,-0.00037636496350233));
#3697=CARTESIAN_POINT('',(0.00295995418266689,-0.0053432353755048,-0.000376364963505891));
#3698=CARTESIAN_POINT('',(-5.40421494500025E-6,0.0142939344240324,-0.00037636496350365));
#3699=CARTESIAN_POINT('',(0.000615606619679773,-0.00555610786453916,-0.000376364713581017));
#3700=CARTESIAN_POINT('',(0.,-0.00555606856991502,-0.00037636496350365));
#3701=CARTESIAN_POINT('',(-0.000615605473023499,-0.00555607106237493,-0.000376364963581013));
#3702=CARTESIAN_POINT('',(1.38450248649479E-6,0.0142499389014444,-0.00037636496350365));
#3703=CARTESIAN_POINT('',(-0.00296021538542318,-0.00534311426083453,-0.00037636496350365));
#3704=CARTESIAN_POINT('',(-0.00252430420108392,-0.00513944222906943,-0.00037636496350365));
#3705=CARTESIAN_POINT('',(-0.00300197213341904,-0.00519787297625353,-0.000376364963504771));
#3706=CARTESIAN_POINT('',(0.0386535813413552,-3.08143759725557E-7,-0.000376364963503651));
#3707=CARTESIAN_POINT('',(-0.00302026915287343,0.00504883978615815,-0.000376364963340016));
#3708=CARTESIAN_POINT('',(-0.0026823628950945,0.0049971003252342,-0.00037636496350365));
#3709=CARTESIAN_POINT('',(-0.00272415531652895,0.00537738931199164,-0.000376364963340016));
#3710=CARTESIAN_POINT('',(5.38999677062335E-6,-0.0142938481072077,-0.00037636496350365));
#3711=CARTESIAN_POINT('',(-0.00162780130287273,0.00549859199956378,-0.000376364963505331));
#3712=CARTESIAN_POINT('',(0.,0.00549859199848645,-0.00037636496350365));
#3713=CARTESIAN_POINT('',(0.00162780130431031,0.00549859199948969,-0.000376364963340016));
#3714=CARTESIAN_POINT('',(-5.38999680454844E-6,-0.0142938481075143,-0.00037636496350365));
#3715=CARTESIAN_POINT('',(0.00272415531840399,0.0053773893116186,-0.000376364963340016));
#3716=CARTESIAN_POINT('',(0.00272415531838862,0.00537738931150783,-0.00037636496350365));
#3717=CARTESIAN_POINT('',(0.00287290563782571,0.00535675181014847,-0.00037636496350365));
#3718=CARTESIAN_POINT('',(0.00299985012726142,0.00521719425466237,-0.00037636496350365));
#3719=CARTESIAN_POINT('',(0.00302026915139833,0.00504883979809277,-0.00037636496350365));
#3720=CARTESIAN_POINT('',(0.00302026915145276,0.00504883979809938,-0.000376364963340016));
#3721=CARTESIAN_POINT('',(-0.0386579201001687,1.77708800869637E-7,-0.00037636496350365));
#3722=CARTESIAN_POINT('',(-5.40421494500025E-6,0.0142939344240324,0.000280834829689176));
#3723=CARTESIAN_POINT('',(0.000615605390430976,-0.00555606857142857,-0.000376364713581017));
#3724=CARTESIAN_POINT('',(0.000615605390430976,-0.00555606857142857,-0.000250909892397884));
#3725=CARTESIAN_POINT('',(0.000615605390430976,-0.00555606857142857,-0.000125455071214751));
#3726=CARTESIAN_POINT('',(0.000615605390430976,-0.00555606857142857,-2.50031617765603E-10));
#3727=CARTESIAN_POINT('',(0.000615606619743386,-0.00555610786529824,-2.50031617773075E-10));
#3728=CARTESIAN_POINT('',(0.00295995418370698,-0.00534323537540571,0.));
#3729=CARTESIAN_POINT('',(0.00295995418386792,-0.00534323537526212,-1.72082449626016E-12));
#3730=CARTESIAN_POINT('',(0.00267874927284716,-0.00538363562268799,0.000432827826510514));
#3731=CARTESIAN_POINT('',(0.00269066465216538,-0.00538201045626714,0.00043690719207885));
#3732=CARTESIAN_POINT('',(0.00270295964995637,-0.00538032245477201,0.000439319851903893));
#3733=CARTESIAN_POINT('',(0.00271553274770546,-0.00537858367837792,0.000439618368793582));
#3734=CARTESIAN_POINT('',(0.00271728403163907,-0.00537834148737424,0.000439659948668586));
#3735=CARTESIAN_POINT('',(0.002719035390313,-0.00537809904817819,0.000439660374762372));
#3736=CARTESIAN_POINT('',(0.00272078661796595,-0.00537785638927512,0.000439619176211991));
#3737=CARTESIAN_POINT('',(0.00273535717905753,-0.00537583741911691,0.000439276396109011));
#3738=CARTESIAN_POINT('',(0.00274938326805698,-0.00537387741259102,0.000436065379665317));
#3739=CARTESIAN_POINT('',(0.00276280903968233,-0.00537198788998804,0.000430342693885923));
#3740=CARTESIAN_POINT('',(0.0027820704346837,-0.0053692770706597,0.000422132595104146));
#3741=CARTESIAN_POINT('',(0.0027990866599552,-0.00536685383364592,0.000409188626729988));
#3742=CARTESIAN_POINT('',(0.00281386436632243,-0.00536473498820611,0.000394236307445226));
#3743=CARTESIAN_POINT('',(0.00284317756411071,-0.00536053202639888,0.000364576745826115));
#3744=CARTESIAN_POINT('',(0.00286532338595418,-0.00535729454737306,0.000325368372682748));
#3745=CARTESIAN_POINT('',(0.00288103720160666,-0.00535498678804214,0.000291447378990154));
#3746=CARTESIAN_POINT('',(0.00288215691352636,-0.00535482234512848,0.000289030286807989));
#3747=CARTESIAN_POINT('',(0.00288324396349771,-0.00535466260160113,0.00028664004125561));
#3748=CARTESIAN_POINT('',(0.00288429861601848,-0.00535450753508977,0.000284282010133408));
#3749=CARTESIAN_POINT('',(0.00291708564939231,-0.00534968682800091,0.00021097554797844));
#3750=CARTESIAN_POINT('',(0.00294283573786449,-0.00534581951166136,0.000114410325275976));
#3751=CARTESIAN_POINT('',(0.00295995418399412,-0.00534323537518862,-1.70028235935149E-12));
#3752=CARTESIAN_POINT('',(0.00267874934697781,-0.0053836350018023,0.000432829385011404));
#3753=CARTESIAN_POINT('',(-5.40421494500025E-6,0.0142939344240324,0.0498259394537502));
#3754=CARTESIAN_POINT('',(0.00253855778288559,-0.00514349685701075,-0.000286037372262774));
#3755=CARTESIAN_POINT('',(0.00300172018667814,-0.00519784292031851,-0.000376364963504397));
#3756=CARTESIAN_POINT('',(0.00300172018667814,-0.00519784292031851,-0.000250910589512865));
#3757=CARTESIAN_POINT('',(0.00300172018667814,-0.00519784292031851,-0.000125456215521333));
#3758=CARTESIAN_POINT('',(0.00300172018667814,-0.00519784292031851,-1.84152980142521E-9));
#3759=CARTESIAN_POINT('',(0.00300187313326421,-0.00519786200416777,-1.84152980127565E-9));
#3760=CARTESIAN_POINT('',(0.00300172004596308,-0.00519784411954423,-5.25935249669728E-11));
#3761=CARTESIAN_POINT('',(0.00299688034469842,-0.0052390893798548,-1.81142161564351E-6));
#3762=CARTESIAN_POINT('',(0.00298161991688211,-0.00529753257454332,-5.9237915527981E-7));
#3763=CARTESIAN_POINT('',(0.00295995661032021,-0.00534323652538105,-3.74232003892694E-13));
#3764=CARTESIAN_POINT('',(-0.0386579201001687,1.77708800869637E-7,0.00161705568148187));
#3765=CARTESIAN_POINT('',(0.00302039308453932,0.00504885480057767,-3.74940318394151E-5));
#3766=CARTESIAN_POINT('',(0.00321749058101503,0.00342175704076723,-7.75825563314018E-5));
#3767=CARTESIAN_POINT('',(0.0034159899816199,0.000136787978853066,0.000253479007164073));
#3768=CARTESIAN_POINT('',(0.00324896103236723,-0.00291207754041807,0.00136303700785727));
#3769=CARTESIAN_POINT('',(0.00309883077012069,-0.00435237178043243,0.00210054935680657));
#3770=CARTESIAN_POINT('',(0.00309882115753646,-0.00435237077568317,0.00210054936365508));
#3771=CARTESIAN_POINT('',(0.00302026915198112,0.00504883979510503,-3.74940317907812E-5));
#3772=CARTESIAN_POINT('',(0.00309883077048138,-0.00435237177697204,0.00210054936336367));
#3773=CARTESIAN_POINT('',(0.00306942028260341,-0.0046345251262491,0.00140036624247185));
#3774=CARTESIAN_POINT('',(0.00303714990137014,-0.00491638037137269,0.000700183121580029));
#3775=CARTESIAN_POINT('',(0.00300202625667985,-0.00519787960563302,6.88209905730375E-13));
#3776=CARTESIAN_POINT('',(0.0030203930825039,0.00504885481738071,-0.000376364964722595));
#3777=CARTESIAN_POINT('',(0.0030203930825039,0.00504885481738071,-0.000263407988010535));
#3778=CARTESIAN_POINT('',(0.0030203930825039,0.00504885481738071,-0.000150451011298475));
#3779=CARTESIAN_POINT('',(0.0030203930825039,0.00504885481738071,-3.7494034586415E-5));
#3780=CARTESIAN_POINT('',(0.00272415531662956,0.00537738931175189,-3.32337617510724E-5));
#3781=CARTESIAN_POINT('',(0.00272415531662956,0.00537738931175189,-0.00037636496350365));
#3782=CARTESIAN_POINT('',(0.00290656290726756,0.00535208222835778,-3.32337617510724E-5));
#3783=CARTESIAN_POINT('',(0.00290656290726756,0.00535208222835778,-0.00037636496350365));
#3784=CARTESIAN_POINT('',(0.00300613182675214,0.00516540179132783,-3.32337617510724E-5));
#3785=CARTESIAN_POINT('',(0.00300613182675214,0.00516540179132783,-0.00037636496350365));
#3786=CARTESIAN_POINT('',(0.00302026915280946,0.00504883978645797,-3.32337617510723E-5));
#3787=CARTESIAN_POINT('',(0.00302026915280946,0.00504883978645797,-0.00037636496350365));
#3788=CARTESIAN_POINT('',(0.00272415531662956,0.00537738931175189,-3.52802709051097E-5));
#3789=CARTESIAN_POINT('',(0.00290656290638078,0.00535208222848081,-3.60181912165452E-5));
#3790=CARTESIAN_POINT('',(0.00300613182609491,0.00516540179284566,-3.67561115279806E-5));
#3791=CARTESIAN_POINT('',(0.00302026915260328,0.00504883978815797,-3.74940318394161E-5));
#3792=CARTESIAN_POINT('',(0.00272415531744151,0.00537738931169716,-3.5280269679421E-5));
#3793=CARTESIAN_POINT('',(0.00272415531672297,0.00537738931173893,4445.25544121879));
#3794=CARTESIAN_POINT('',(-4.18873353489365E-6,-0.0142812171279206,-9.87579078770479E-5));
#3795=CARTESIAN_POINT('',(-5.53474884002092E-6,-0.014282865969295,-0.000419850342713781));
#3796=CARTESIAN_POINT('',(0.00162780132938877,0.00549859199869417,-3.14348441152879E-5));
#3797=CARTESIAN_POINT('',(0.00162780130585557,0.00549859199989723,4445.25544509641));
#3798=CARTESIAN_POINT('',(-0.00162780130441705,0.005498592,-0.00037636496350365));
#3799=CARTESIAN_POINT('',(-0.00162780130441705,0.005498592,-0.000203908969173358));
#3800=CARTESIAN_POINT('',(-0.00162780132838806,0.00549859199874603,-3.14348438958719E-5));
#3801=CARTESIAN_POINT('',(0.,0.005498592,-3.14529748430657E-5));
#3802=CARTESIAN_POINT('',(6.95081409581326E-6,-0.0143061770552171,-9.87579072260733E-5));
#3803=CARTESIAN_POINT('',(5.53429113113846E-6,-0.0142828618296062,-0.000419850287385329));
#3804=CARTESIAN_POINT('',(-0.00272415531610593,0.00537738931199353,-3.52802703506401E-5));
#3805=CARTESIAN_POINT('',(-0.00272415531534527,0.00537738931226877,4445.25544509641));
#3806=CARTESIAN_POINT('',(-0.00302051788476512,0.00504674587026117,-3.32337617510726E-5));
#3807=CARTESIAN_POINT('',(-0.00302051788476512,0.00504674587026117,-0.00037636496350365));
#3808=CARTESIAN_POINT('',(-0.0030069370093607,0.00516352861645375,-3.32337617510725E-5));
#3809=CARTESIAN_POINT('',(-0.0030069370093607,0.00516352861645375,-0.00037636496350365));
#3810=CARTESIAN_POINT('',(-0.00290765739242183,0.00535193038197947,-3.32337617510725E-5));
#3811=CARTESIAN_POINT('',(-0.00290765739242183,0.00535193038197947,-0.00037636496350365));
#3812=CARTESIAN_POINT('',(-0.00272415531401409,0.00537738931211476,-3.32337617510725E-5));
#3813=CARTESIAN_POINT('',(-0.00272415531401409,0.00537738931211476,-0.00037636496350365));
#3814=CARTESIAN_POINT('',(-0.00302026915260327,0.00504883978815797,-3.7494031839416E-5));
#3815=CARTESIAN_POINT('',(-0.0030061318260949,0.00516540179284566,-3.67561115279804E-5));
#3816=CARTESIAN_POINT('',(-0.00290656290638078,0.0053520822284808,-3.6018191216545E-5));
#3817=CARTESIAN_POINT('',(-0.00272415531662956,0.00537738931175189,-3.52802709051094E-5));
#3818=CARTESIAN_POINT('',(-0.00302026915563477,0.00504883976498068,-3.74940305620844E-5));
#3819=CARTESIAN_POINT('',(-0.00302030557566974,0.00504884420064034,-3.74940309484351E-5));
#3820=CARTESIAN_POINT('',(-0.00302030557566974,0.00504884420064034,-0.000150451008266825));
#3821=CARTESIAN_POINT('',(-0.00302030557566974,0.00504884420064034,-0.000263407985585215));
#3822=CARTESIAN_POINT('',(-0.00302030557566974,0.00504884420064034,-0.000376364962903605));
#3823=CARTESIAN_POINT('',(0.0386535813413552,-3.08143759725557E-7,0.00161705833184479));
#3824=CARTESIAN_POINT('',(-0.00332506549338048,-7.69503387523632E-10,0.000493820745986115));
#3825=CARTESIAN_POINT('',(-0.00332505343275322,0.00164714046552745,0.000100356000357008));
#3826=CARTESIAN_POINT('',(-0.0032254838325213,0.00335537666082807,-7.9217893133542E-5));
#3827=CARTESIAN_POINT('',(-0.00302030558447949,0.00504884412792771,-3.74940336427551E-5));
#3828=CARTESIAN_POINT('',(-0.00332503720930231,-7.69710487993792E-10,0.000493820745986114));
#3829=CARTESIAN_POINT('',(-0.00300205458374709,-0.00519788314035868,-0.00037636496350589));
#3830=CARTESIAN_POINT('',(-0.00300205458374709,-0.00519788314035868,-0.000250910051157964));
#3831=CARTESIAN_POINT('',(-0.00300205458374709,-0.00519788314035868,-0.000125455138810038));
#3832=CARTESIAN_POINT('',(-0.00300205458374709,-0.00519788314035868,-2.26462111650033E-10));
#3833=CARTESIAN_POINT('',(-0.00300197212529041,-0.00519787304293307,-2.2646211433316E-10));
#3834=CARTESIAN_POINT('',(-0.00300205458377302,-0.00519788314015082,1.44991982829745E-12));
#3835=CARTESIAN_POINT('',(-0.00303717865078284,-0.00491638352762251,0.000700183697950288));
#3836=CARTESIAN_POINT('',(-0.00306944915139681,-0.00463452786262993,0.00140036739445066));
#3837=CARTESIAN_POINT('',(-0.00309885945430223,-0.00435237406410879,0.00210055109095102));
#3838=CARTESIAN_POINT('',(-0.00309882124395137,-0.00435236994703704,0.00210055103692717));
#3839=CARTESIAN_POINT('',(-0.00309885956259998,-0.00435237302513186,0.00210055265000142));
#3840=CARTESIAN_POINT('',(-0.0031348492500954,-0.00400709846207652,0.00192375249185565));
#3841=CARTESIAN_POINT('',(-0.00319915263678287,-0.00330696711864772,0.00159139690040142));
#3842=CARTESIAN_POINT('',(-0.00327063036292288,-0.00222943790835984,0.00115670917582092));
#3843=CARTESIAN_POINT('',(-0.00330754408548417,-0.00130687947587151,0.000847395403948914));
#3844=CARTESIAN_POINT('',(-0.00332065378070238,-0.000660061815285452,0.000661847049761973));
#3845=CARTESIAN_POINT('',(-0.00332443212828177,-0.000277623299907916,0.000561619780589976));
#3846=CARTESIAN_POINT('',(-0.00332506626420422,-0.000105095279881019,0.000518930061401761));
#3847=CARTESIAN_POINT('',(-0.00332506549337665,-2.48158795190938E-10,0.000493824344855635));
#3848=CARTESIAN_POINT('',(-0.00252430420108392,-0.00513944222906943,-0.000286037372262774));
#3849=CARTESIAN_POINT('',(-0.00296021538542318,-0.00534311426083453,-0.000376364963510373));
#3850=CARTESIAN_POINT('',(-0.00295995418373754,-0.00534323537520293,-2.28291734165175E-13));
#3851=CARTESIAN_POINT('',(-0.00296012205083666,-0.0053433139019234,-1.20965553112445E-12));
#3852=CARTESIAN_POINT('',(-0.00298154577066621,-0.00529751627158509,-1.20965553112445E-12));
#3853=CARTESIAN_POINT('',(-0.0029955622570917,-0.00524958908055968,-2.27301923341934E-6));
#3854=CARTESIAN_POINT('',(-0.00300188966436977,-0.00519786296522894,-1.38152789989215E-11));
#3855=CARTESIAN_POINT('',(1.38450248649479E-6,0.0142499389014444,0.000281514292046732));
#3856=CARTESIAN_POINT('',(-0.00267874395234364,-0.00538359663298153,0.000432827827301785));
#3857=CARTESIAN_POINT('',(-0.002769678291038,-0.00537118339705524,0.000463960711594528));
#3858=CARTESIAN_POINT('',(-0.00291000469982074,-0.00535075904931948,0.000283725004001192));
#3859=CARTESIAN_POINT('',(-0.00294246134419942,-0.00534579763242909,0.00011683514107285));
#3860=CARTESIAN_POINT('',(-0.00295994212092519,-0.00534315556434708,-2.4209654463439E-13));
#3861=CARTESIAN_POINT('',(-0.00267874927425347,-0.00538363562202732,0.000432827828454226));
#3862=CARTESIAN_POINT('',(-0.000615605395555546,-0.00555606857131901,4445.25591940983));
#3863=CARTESIAN_POINT('',(-0.000615605394252847,-0.00555606857137585,4.06761382336322E-14));
#3864=CARTESIAN_POINT('',(1.38450248649479E-6,0.0142499389014444,0.0497155053019161));
#3865=CARTESIAN_POINT('',(-0.000615605391710078,-0.00555606857142857,0.));
#3866=CARTESIAN_POINT('',(0.,-0.00555606857142857,0.));
#3867=CARTESIAN_POINT('',(-0.00279344773803876,-0.00466254799673143,0.00224284611270438));
#3868=CARTESIAN_POINT('',(-0.294162521269302,-0.000422796366102059,0.0128851309033227));
#3869=CARTESIAN_POINT('',(0.0027603236016294,-0.00466279160272935,0.00224294596775978));
#3870=CARTESIAN_POINT('',(0.0027603236016294,-0.00466254799673143,0.00224284611270438));
#3871=CARTESIAN_POINT('',(0.000920107867090652,-0.00466254799673143,0.00224284611270438));
#3872=CARTESIAN_POINT('',(-0.000920107867448098,-0.00466254799673143,0.00224284611270438));
#3873=CARTESIAN_POINT('',(-0.00276032360198685,-0.00466254799673143,0.00224284611270438));
#3874=CARTESIAN_POINT('',(-0.00276032360198685,-0.00466279160281139,0.00224294596782734));
#3875=CARTESIAN_POINT('',(0.294162553330714,-0.000422816977082157,0.0128851406252936));
#3876=CARTESIAN_POINT('',(0.00299872694085186,-0.00522337996678642,-6.3385262162407E-5));
#3877=CARTESIAN_POINT('',(0.00298892834212232,-0.00530141863328576,-3.27943042866722E-5));
#3878=CARTESIAN_POINT('',(0.00294939794975094,-0.00538609418035383,2.15892549379557E-6));
#3879=CARTESIAN_POINT('',(0.00281959813872425,-0.00550159438541113,5.44591833440587E-5));
#3880=CARTESIAN_POINT('',(0.00273366629791732,-0.00552821145724568,6.99247695577623E-5));
#3881=CARTESIAN_POINT('',(0.00265834484218892,-0.00552662604049728,7.39043595218351E-5));
#3882=CARTESIAN_POINT('',(0.00303544010218238,-0.00493098650502294,0.000663036848922656));
#3883=CARTESIAN_POINT('',(0.00302614752029655,-0.00500945049959514,0.000693726369448614));
#3884=CARTESIAN_POINT('',(0.00298687126676175,-0.00509494348137278,0.000728840796143395));
#3885=CARTESIAN_POINT('',(0.00285674074696938,-0.00521174702811785,0.000781210654178181));
#3886=CARTESIAN_POINT('',(0.00277031813862876,-0.00523873373724848,0.000796549311330873));
#3887=CARTESIAN_POINT('',(0.00269467008273141,-0.00523723196077643,0.000800318954244368));
#3888=CARTESIAN_POINT('',(0.00306907043540424,-0.00463810436910689,0.00139067302363828));
#3889=CARTESIAN_POINT('',(0.00306029222377528,-0.00471698512718776,0.00142146270007936));
#3890=CARTESIAN_POINT('',(0.00302128180418853,-0.0048032966088888,0.00145674113106456));
#3891=CARTESIAN_POINT('',(0.00289083004973764,-0.00492141191249336,0.00150918130451639));
#3892=CARTESIAN_POINT('',(0.00280391651449695,-0.0049487714603611,0.0015243901515029));
#3893=CARTESIAN_POINT('',(0.00272794416933615,-0.00494735424731939,0.00152794752961928));
#3894=CARTESIAN_POINT('',(0.00309960850273972,-0.00434481574602567,0.00211931907196745));
#3895=CARTESIAN_POINT('',(0.00309135274499164,-0.00442410432109469,0.00215021055471419));
#3896=CARTESIAN_POINT('',(0.00305261999278229,-0.00451123499374255,0.00218565590752462));
#3897=CARTESIAN_POINT('',(0.00292185662660849,-0.00463067034568153,0.00223816711797566));
#3898=CARTESIAN_POINT('',(0.00283445203429304,-0.00465840595442745,0.00225324314514096));
#3899=CARTESIAN_POINT('',(0.00275815776274608,-0.00465707424684548,0.00225658589395557));
#3900=CARTESIAN_POINT('',(0.00309882115826263,-0.0043523707698647,0.00210054937768032));
#3901=CARTESIAN_POINT('',(0.00307675586693999,-0.00456391367529577,0.00218945208369107));
#3902=CARTESIAN_POINT('',(0.00291395735980127,-0.00466456091123597,0.00223779344986892));
#3903=CARTESIAN_POINT('',(0.00276032385187819,-0.00466254799377038,0.00224284611858056));
#3904=CARTESIAN_POINT('',(0.00309882115721085,-0.00435237077842286,0.00210054935680657));
#3905=CARTESIAN_POINT('',(0.00311336082661705,-0.00421297701565714,0.00236473854512409));
#3906=CARTESIAN_POINT('',(0.00284478772567442,-0.00418526073126857,0.00235043620605475));
#3907=CARTESIAN_POINT('',(0.00317421933308682,-0.00362951835236571,0.00173040521643066));
#3908=CARTESIAN_POINT('',(0.00318449001185736,-0.00350774793901714,0.00199935253582482));
#3909=CARTESIAN_POINT('',(0.00291960635488217,-0.00347879978537143,0.00198588359917883));
#3910=CARTESIAN_POINT('',(0.00323244497869302,-0.00288888650612571,0.00140834758566058));
#3911=CARTESIAN_POINT('',(0.00323993265368217,-0.00277809900569143,0.0016778560229854));
#3912=CARTESIAN_POINT('',(0.00297738453493178,-0.00275496167382857,0.00166869065522263));
#3913=CARTESIAN_POINT('',(0.00330946317405581,-0.00137286259817143,0.000857665207843066));
#3914=CARTESIAN_POINT('',(0.00331200265863721,-0.00128662262633143,0.00113050905593066));
#3915=CARTESIAN_POINT('',(0.00305381078035814,-0.00127331434258286,0.00112632674176277));
#3916=CARTESIAN_POINT('',(0.00332827826196589,-0.000597459225942857,0.000629039102770073));
#3917=CARTESIAN_POINT('',(0.00332916284605736,-0.000521669080868571,0.000902510775773722));
#3918=CARTESIAN_POINT('',(0.00307248125902326,-0.000515493616251429,0.000901154203824817));
#3919=CARTESIAN_POINT('',(0.0033236565293907,0.000394131979748571,0.000402869119886861));
#3920=CARTESIAN_POINT('',(0.00332305785486357,0.000456374250514286,0.000677781624656934));
#3921=CARTESIAN_POINT('',(0.00306789504788837,0.00045361277808,0.000678400685751825));
#3922=CARTESIAN_POINT('',(0.00332132288293953,0.000593571283611429,0.000360627412952555));
#3923=CARTESIAN_POINT('',(0.00332047200034574,0.000652795037211429,0.000635893065116789));
#3924=CARTESIAN_POINT('',(0.00306557933770698,0.000648529699337143,0.000636797070791971));
#3925=CARTESIAN_POINT('',(0.00331563443438915,0.000894436148571429,0.00030181228370438));
#3926=CARTESIAN_POINT('',(0.00331446574389302,0.000949143084685714,0.000577607784390511));
#3927=CARTESIAN_POINT('',(0.00305993460940155,0.000942572307977143,0.000578870388083942));
#3928=CARTESIAN_POINT('',(0.00331337358027287,0.00099500881392,0.00028296530510219));
#3929=CARTESIAN_POINT('',(0.00331210993992558,0.00104819285773714,0.000558939997740876));
#3930=CARTESIAN_POINT('',(0.00305769113234729,0.00104086443949714,0.000560308106609489));
#3931=CARTESIAN_POINT('',(0.00330810959725891,0.00119672766726857,0.000246799279259124));
#3932=CARTESIAN_POINT('',(0.00330667727957985,0.00124685588544,0.000523134009437956));
#3933=CARTESIAN_POINT('',(0.00305246760764496,0.00123800921979429,0.000524688395255474));
#3934=CARTESIAN_POINT('',(0.00330510652945116,0.00129784257881143,0.000229487514828467));
#3935=CARTESIAN_POINT('',(0.00330360054202481,0.00134644648059429,0.000506001029478102));
#3936=CARTESIAN_POINT('',(0.0030494876204155,0.00133683130189714,0.000507638138536496));
#3937=CARTESIAN_POINT('',(0.0032882695406155,0.00180314308944,0.000147040422854015));
#3938=CARTESIAN_POINT('',(0.00328645634539535,0.00184393912258286,0.000424479559715329));
#3939=CARTESIAN_POINT('',(0.00303278003816124,0.00183067387913143,0.000426436470824818));
#3940=CARTESIAN_POINT('',(0.00326893941095349,0.00220784156585143,9.39831226313868E-5));
#3941=CARTESIAN_POINT('',(0.00326703733929457,0.00224285131789714,0.000372090862959854));
#3942=CARTESIAN_POINT('',(0.00301359847717674,0.00222619562201143,0.000374180640532847));
#3943=CARTESIAN_POINT('',(0.00319316235672093,0.00342323475270857,-2.7218383729927E-5));
#3944=CARTESIAN_POINT('',(0.00319153254337829,0.00344036582358857,0.000252995694229927));
#3945=CARTESIAN_POINT('',(0.00293840383278295,0.00341402917906286,0.000254809972649635));
#3946=CARTESIAN_POINT('',(0.0031189490360031,0.00423522590756571,-5.75402581313869E-5));
#3947=CARTESIAN_POINT('',(0.00311791208357519,0.00424260492102857,0.000224196632478102));
#3948=CARTESIAN_POINT('',(0.00286476089524496,0.00420760811252571,0.000224946134408759));
#3949=CARTESIAN_POINT('',(0.0030202691529969,0.00504883978820571,-3.74940318394161E-5));
#3950=CARTESIAN_POINT('',(0.00302113687559845,0.00504168542818286,0.000245655719507299));
#3951=CARTESIAN_POINT('',(0.00276683945973798,0.00500277283364571,0.000244689545452555));
#3952=CARTESIAN_POINT('',(0.00284478772576849,-0.00431891913414845,0.00210054935656088));
#3953=CARTESIAN_POINT('',(0.00284478772559345,-0.00418526073203313,0.00235043620644928));
#3954=CARTESIAN_POINT('',(0.00276683946001928,0.0050100351917555,-3.74940320220664E-5));
#3955=CARTESIAN_POINT('',(0.00276683945965407,0.00500277283432706,0.000244689545469473));
#3956=CARTESIAN_POINT('',(0.00284478772567442,-0.00418545943917888,0.00235005045188116));
#3957=CARTESIAN_POINT('',(0.0028831697127008,-0.00382291025733402,0.00216329578986585));
#3958=CARTESIAN_POINT('',(0.0029502015594645,-0.00309156616978781,0.00181710019202673));
#3959=CARTESIAN_POINT('',(0.00301991910806279,-0.00203062313290167,0.00139072972406179));
#3960=CARTESIAN_POINT('',(0.00306370795415411,-0.000870160756290699,0.00100669566751025));
#3961=CARTESIAN_POINT('',(0.00307796783624646,0.000624090986797037,0.000614378891073957));
#3962=CARTESIAN_POINT('',(0.00301193405474155,0.00263084387589201,0.000281323742307524));
#3963=CARTESIAN_POINT('',(0.00286407619942949,0.00421316931705109,0.000225037569921769));
#3964=CARTESIAN_POINT('',(0.00276683945973798,0.00500276601139636,0.000244959936300481));
#3965=CARTESIAN_POINT('',(0.0030202691529969,0.00504883978820571,-3.74940318394161E-5));
#3966=CARTESIAN_POINT('',(0.00302113687559845,0.00504168542818286,0.000245655719507299));
#3967=CARTESIAN_POINT('',(0.00276683945973798,0.00500277283364571,0.000244689545452555));
#3968=CARTESIAN_POINT('',(0.00301518870357829,0.00509072800292571,-3.72340169927007E-5));
#3969=CARTESIAN_POINT('',(0.00301676091113798,0.00508367025257143,0.000246719268364964));
#3970=CARTESIAN_POINT('',(0.00276556924584651,0.00501308674038857,0.000244945632916058));
#3971=CARTESIAN_POINT('',(0.0030042362095814,0.00513056977714286,-3.69782214343066E-5));
#3972=CARTESIAN_POINT('',(0.00300647149790077,0.00512382318699428,0.000247796030744526));
#3973=CARTESIAN_POINT('',(0.00276283126533798,0.00502289670582857,0.000245197563324818));
#3974=CARTESIAN_POINT('',(0.00297065024436279,0.00520611072205714,-3.6480157229927E-5));
#3975=CARTESIAN_POINT('',(0.00297392357331628,0.00520047242804571,0.000249944307879562));
#3976=CARTESIAN_POINT('',(0.00275443469045426,0.00504149662066286,0.000245688104675183));
#3977=CARTESIAN_POINT('',(0.00294879668602791,0.00523996783577143,-3.62500559890511E-5));
#3978=CARTESIAN_POINT('',(0.00295238897822171,0.00523508078544,0.000250963018927007));
#3979=CARTESIAN_POINT('',(0.00274897137370853,0.00504983309725714,0.000245914729726277));
#3980=CARTESIAN_POINT('',(0.00290876663623876,0.00528442847629714,-3.59423694817518E-5));
#3981=CARTESIAN_POINT('',(0.00291245974828682,0.00528077602724572,0.000252347598948905));
#3982=CARTESIAN_POINT('',(0.00273896381527597,0.00506078030304,0.000246217768718978));
#3983=CARTESIAN_POINT('',(0.00289438004743721,0.00529795024025143,-3.58477285109489E-5));
#3984=CARTESIAN_POINT('',(0.00289802864977054,0.00529472732674286,0.000252777923386861));
#3985=CARTESIAN_POINT('',(0.00273536718099845,0.00506410969378286,0.00024631097979927));
#3986=CARTESIAN_POINT('',(0.00286407071674109,0.00532202525712,-3.5677977540146E-5));
#3987=CARTESIAN_POINT('',(0.00286749296077209,0.00531963206694857,0.000253555025167883));
#3988=CARTESIAN_POINT('',(0.00272778985285581,0.00507003753620571,0.000246478167339416));
#3989=CARTESIAN_POINT('',(0.00284807611564341,0.00533265945846857,-3.56023015109489E-5));
#3990=CARTESIAN_POINT('',(0.00285131799268527,0.00533066344724571,0.00025390421109854));
#3991=CARTESIAN_POINT('',(0.00272379120929457,0.00507265594477714,0.000246552699456204));
#3992=CARTESIAN_POINT('',(0.00281435777728992,0.00535103919202286,-3.54708175218978E-5));
#3993=CARTESIAN_POINT('',(0.00281710921033643,0.00534976846272,0.000254513920857664));
#3994=CARTESIAN_POINT('',(0.00271536160691628,0.00507718142749714,0.00024668219789781));
#3995=CARTESIAN_POINT('',(0.0027967996830093,0.00535866540075429,-3.54158593467153E-5));
#3996=CARTESIAN_POINT('',(0.00279924606319225,0.00535771348313143,0.000254770352087591));
#3997=CARTESIAN_POINT('',(0.00271097209190543,0.0050790591984,0.000246736325551095));
#3998=CARTESIAN_POINT('',(0.00276109691304031,0.00537051177243429,-3.53302415036496E-5));
#3999=CARTESIAN_POINT('',(0.00276284708158605,0.00537007132841143,0.000255170991109489));
#4000=CARTESIAN_POINT('',(0.00270204640042016,0.00508197605821714,0.000246820649824818));
#4001=CARTESIAN_POINT('',(0.00274283665924651,0.00537479747753143,-3.5299111379562E-5));
#4002=CARTESIAN_POINT('',(0.00274419878393333,0.00537454859266286,0.000255317276317518));
#4003=CARTESIAN_POINT('',(0.00269748132706977,0.00508303125188571,0.000246851310233577));
#4004=CARTESIAN_POINT('',(0.00272415531664496,0.00537738931186286,-3.52802709051095E-5));
#4005=CARTESIAN_POINT('',(0.00272510359000155,0.00537725774934857,0.000255405879890511));
#4006=CARTESIAN_POINT('',(0.00269281100048217,0.00508366946811428,0.000246869866211679));
#4007=CARTESIAN_POINT('',(0.00269281100069084,0.00509217257170286,-3.52802706492007E-5));
#4008=CARTESIAN_POINT('',(0.00269281100203015,0.005083669467904,0.000246869866210498));
#4009=CARTESIAN_POINT('',(0.00276683945965407,0.0050027660120776,0.000244959936317669));
#4010=CARTESIAN_POINT('',(0.00276161963549189,0.00504514960729986,0.000246029319611332));
#4011=CARTESIAN_POINT('',(0.00273126262435625,0.00507840603858718,0.000247018274949005));
#4012=CARTESIAN_POINT('',(0.00269281100202994,0.0050836605218908,0.000247173227640146));
#4013=CARTESIAN_POINT('',(0.00160254432513178,0.00520219708875429,0.000250684809649635));
#4014=CARTESIAN_POINT('',(0.00160704898469793,0.00527132306592778,0.000253124824986001));
#4015=CARTESIAN_POINT('',(0.00161237121781666,0.0053540617487116,0.000226853391497814));
#4016=CARTESIAN_POINT('',(0.00161971576672447,0.00547101979818151,0.000114597083853343));
#4017=CARTESIAN_POINT('',(0.00162135347651372,0.00549912288267904,3.42620258576968E-5));
#4018=CARTESIAN_POINT('',(0.00162119212794071,0.00549913613943395,-3.38602573165257E-5));
#4019=CARTESIAN_POINT('',(0.00196527765306667,0.00517284407828571,0.000249648704317518));
#4020=CARTESIAN_POINT('',(0.00197079819076998,0.00524183661129218,0.000251977439037524));
#4021=CARTESIAN_POINT('',(0.0019773188507692,0.00532434107466396,0.000225627181972132));
#4022=CARTESIAN_POINT('',(0.00198632342647889,0.00544094506343297,0.000113404465779946));
#4023=CARTESIAN_POINT('',(0.00198833712774281,0.00546896754637772,3.31590428349162E-5));
#4024=CARTESIAN_POINT('',(0.0019881466181729,0.00546898621588414,-3.49103487936892E-5));
#4025=CARTESIAN_POINT('',(0.00232869436375504,0.00513342361940571,0.000248316456806569));
#4026=CARTESIAN_POINT('',(0.00233522887179854,0.00520223700903429,0.000250496311691116));
#4027=CARTESIAN_POINT('',(0.00234294385405474,0.00528442752273568,0.000224040864065706));
#4028=CARTESIAN_POINT('',(0.00235360915298541,0.00540055648954636,0.000111863425102765));
#4029=CARTESIAN_POINT('',(0.0023560049542674,0.00542847026675248,3.17380249294547E-5));
#4030=CARTESIAN_POINT('',(0.00235579273058801,0.00542849549118429,-3.62604757665515E-5));
#4031=CARTESIAN_POINT('',(0.00269281100048217,0.00508366946811428,0.000246869866211679));
#4032=CARTESIAN_POINT('',(0.00270035513299204,0.00515225699639677,0.000248864033271601));
#4033=CARTESIAN_POINT('',(0.00270925624032586,0.00523405358342201,0.000222278399415864));
#4034=CARTESIAN_POINT('',(0.00272158138826342,0.00534958485485645,0.000110158755195298));
#4035=CARTESIAN_POINT('',(0.00272436887184282,0.00537735968342442,3.01834880589645E-5));
#4036=CARTESIAN_POINT('',(0.00272414733804933,0.00537739041880538,-3.77260501051714E-5));
#4037=CARTESIAN_POINT('',(0.00162081985477613,0.00520937395289357,6.03276851869195E-5));
#4038=CARTESIAN_POINT('',(0.0016187341933304,0.0052112091499402,0.000250820745894776));
#4039=CARTESIAN_POINT('',(0.00161839672074115,0.00520090791127623,0.000250639344144959));
#4040=CARTESIAN_POINT('',(0.00269281100203052,0.00508366052189499,0.000247173227640271));
#4041=CARTESIAN_POINT('',(0.00233576377601428,0.00513245642833112,0.000248612200148528));
#4042=CARTESIAN_POINT('',(0.00197762568223628,0.00517153299106147,0.000249945152821723));
#4043=CARTESIAN_POINT('',(0.00161839672069652,0.0052008953216087,0.000250992335174612));
#4044=CARTESIAN_POINT('',(0.00162780132629271,0.00549859199866618,-3.14257789916512E-5));
#4045=CARTESIAN_POINT('',(0.00162782421683578,0.00549859011029627,-1.21742843168948E-5));
#4046=CARTESIAN_POINT('',(0.00162778161523448,0.00549658313232879,7.01914616598428E-6));
#4047=CARTESIAN_POINT('',(0.00162767431764524,0.00549260688488812,2.58554185692535E-5));
#4048=CARTESIAN_POINT('',(0.00162756906881783,0.00548870656071832,4.43320273868663E-5));
#4049=CARTESIAN_POINT('',(0.00162740218081254,0.0054829340588609,6.23581889610923E-5));
#4050=CARTESIAN_POINT('',(0.00162717647379511,0.00547538723054435,7.96677268044012E-5));
#4051=CARTESIAN_POINT('',(0.00162696004371227,0.00546815058944962,9.62658137932048E-5));
#4052=CARTESIAN_POINT('',(0.00162669118764607,0.0054593438344739,0.000112069072753132));
#4053=CARTESIAN_POINT('',(0.00162637455830819,0.00544910778524849,0.000126904652688254));
#4054=CARTESIAN_POINT('',(0.0016260866023308,0.00543979869349153,0.00014039675025856));
#4055=CARTESIAN_POINT('',(0.00162575913382012,0.00542930448343357,0.000153088106068467));
#4056=CARTESIAN_POINT('',(0.00162539565247742,0.00541775218922382,0.000164816670717223));
#4057=CARTESIAN_POINT('',(0.00162537545924269,0.00541711040060556,0.000165468252053659));
#4058=CARTESIAN_POINT('',(0.00162535515485915,0.005416465358386,0.000166116854917147));
#4059=CARTESIAN_POINT('',(0.00162533473992686,0.00541581708901728,0.000166762449290026));
#4060=CARTESIAN_POINT('',(0.00162499602019866,0.00540506115697005,0.000177473998438878));
#4061=CARTESIAN_POINT('',(0.00162462938556272,0.0053935012114146,0.000187276112610993));
#4062=CARTESIAN_POINT('',(0.00162423872456184,0.00538123557384478,0.000196117292594249));
#4063=CARTESIAN_POINT('',(0.00162386596639394,0.00536953203400269,0.000204553307566653));
#4064=CARTESIAN_POINT('',(0.00162347133351679,0.00535718410291997,0.000212112618450501));
#4065=CARTESIAN_POINT('',(0.00162305820399701,0.00534431191043111,0.000218719837209865));
#4066=CARTESIAN_POINT('',(0.00162293290182527,0.00534040777481082,0.000220723806473983));
#4067=CARTESIAN_POINT('',(0.00162280589813123,0.00533645575607195,0.000222640081671497));
#4068=CARTESIAN_POINT('',(0.00162267728716574,0.00533246017480044,0.000224466420683741));
#4069=CARTESIAN_POINT('',(0.00162229551530233,0.00532059959586996,0.000229887769052507));
#4070=CARTESIAN_POINT('',(0.00162190137705244,0.00530840343517953,0.000234495779991307));
#4071=CARTESIAN_POINT('',(0.00162149767045075,0.00529594075077122,0.000238272838559157));
#4072=CARTESIAN_POINT('',(0.00162119909085291,0.00528672340509738,0.000241066334190564));
#4073=CARTESIAN_POINT('',(0.00162089527735182,0.00527736107967488,0.000243404174985442));
#4074=CARTESIAN_POINT('',(0.00162058736192011,0.00526789952984178,0.000245274164341314));
#4075=CARTESIAN_POINT('',(0.00162021291414171,0.00525639359038421,0.000247548208730924));
#4076=CARTESIAN_POINT('',(0.00161983429920646,0.00524477278598785,0.00024912526321283));
#4077=CARTESIAN_POINT('',(0.00161945187952015,0.00523308703017984,0.000250001604059334));
#4078=CARTESIAN_POINT('',(0.00161921377269062,0.00522581110175453,0.000250547242131881));
#4079=CARTESIAN_POINT('',(0.00161897419086976,0.00521851107407785,0.00025082074680754));
#4080=CARTESIAN_POINT('',(0.00161873322153376,0.00521120918201042,0.000250820747784669));
#4081=CARTESIAN_POINT('',(0.00164737770094476,0.00519905452350202,0.000250568169615714));
#4082=CARTESIAN_POINT('',(-0.00164734258749972,0.00519905452350202,0.000250568169615714));
#4083=CARTESIAN_POINT('',(0.00164737770094476,0.00525099954248199,0.000252728015615546));
#4084=CARTESIAN_POINT('',(-0.00164734258749972,0.00525099954248199,0.000252728015615546));
#4085=CARTESIAN_POINT('',(0.00164737770094476,0.00537718258190886,0.000239988711332453));
#4086=CARTESIAN_POINT('',(-0.00164734258749973,0.00537718258190886,0.000239988711332453));
#4087=CARTESIAN_POINT('',(0.00164737770094476,0.005498592,6.65370728747611E-5));
#4088=CARTESIAN_POINT('',(-0.00164734258749973,0.005498592,6.65370728747611E-5));
#4089=CARTESIAN_POINT('',(0.00164737770094476,0.005498592,-3.14529748430636E-5));
#4090=CARTESIAN_POINT('',(-0.00164734258749973,0.005498592,-3.14529748430636E-5));
#4091=CARTESIAN_POINT('',(-0.00161873322122926,0.00521120917278254,0.000250820747784671));
#4092=CARTESIAN_POINT('',(-0.00161912023662796,0.0052229365762942,0.000250820746585197));
#4093=CARTESIAN_POINT('',(-0.00161950367284913,0.00523465656452221,0.00025011497988078));
#4094=CARTESIAN_POINT('',(-0.00161988316776139,0.00524628664777711,0.000248710163023041));
#4095=CARTESIAN_POINT('',(-0.00162011940126652,0.00525352631092836,0.000247835672220496));
#4096=CARTESIAN_POINT('',(-0.00162035410751669,0.00526073215140873,0.000246690601580792));
#4097=CARTESIAN_POINT('',(-0.00162058719915989,0.00526789452858134,0.000245275152749632));
#4098=CARTESIAN_POINT('',(-0.00162100352431885,0.00528068725582808,0.000242747018529335));
#4099=CARTESIAN_POINT('',(-0.00162141235131851,0.00529329659547992,0.000239363767894976));
#4100=CARTESIAN_POINT('',(-0.00162181088222648,0.00530561639561361,0.000235154999061287));
#4101=CARTESIAN_POINT('',(-0.00162210557248655,0.00531472616610536,0.000232042861062968));
#4102=CARTESIAN_POINT('',(-0.00162239463311538,0.00532367892620975,0.000228479795935143));
#4103=CARTESIAN_POINT('',(-0.00162267693288916,0.00533244916843399,0.000224471451302614));
#4104=CARTESIAN_POINT('',(-0.00162309929227327,0.00534557066001295,0.000218474415075272));
#4105=CARTESIAN_POINT('',(-0.00162350431976411,0.00535821832720166,0.000211507825258699));
#4106=CARTESIAN_POINT('',(-0.0016238886774008,0.00537025808059522,0.000203649867875403));
#4107=CARTESIAN_POINT('',(-0.00162429271954917,0.0053829144385354,0.000195389472660429));
#4108=CARTESIAN_POINT('',(-0.00162467392045494,0.00539490058007923,0.000186146400470992));
#4109=CARTESIAN_POINT('',(-0.00162502840259214,0.00540611043762215,0.000175985192604197));
#4110=CARTESIAN_POINT('',(-0.00162513277247232,0.00540941094663453,0.00017299343664186));
#4111=CARTESIAN_POINT('',(-0.00162523482614162,0.0054126443709839,0.000169921802157413));
#4112=CARTESIAN_POINT('',(-0.00162533446463149,0.00541580834711916,0.000166771154738729));
#4113=CARTESIAN_POINT('',(-0.00162570307538953,0.00542751341855411,0.000155115392645274));
#4114=CARTESIAN_POINT('',(-0.00162603565006004,0.00543816239560915,0.000142481051811599));
#4115=CARTESIAN_POINT('',(-0.00162632865663239,0.00544762466651898,0.000129033199575187));
#4116=CARTESIAN_POINT('',(-0.00162666522848804,0.00545849382229703,0.000113585871737021));
#4117=CARTESIAN_POINT('',(-0.00162694959126291,0.00546780114419191,9.70661403476523E-5));
#4118=CARTESIAN_POINT('',(-0.00162717639163573,0.00547538448343878,7.96740274025574E-5));
#4119=CARTESIAN_POINT('',(-0.0016274021261073,0.00548293218301449,6.23636527479381E-5));
#4120=CARTESIAN_POINT('',(-0.00162756903515412,0.00548870536467718,4.43365294644706E-5));
#4121=CARTESIAN_POINT('',(-0.00162767429793277,0.005492606154386,2.58588789936373E-5));
#4122=CARTESIAN_POINT('',(-0.00162778160999754,0.00549658288579365,7.02150029544743E-6));
#4123=CARTESIAN_POINT('',(-0.00162782421823988,0.00549859011018029,-1.21731019067008E-5));
#4124=CARTESIAN_POINT('',(-0.00162780132629272,0.00549859199866618,-3.14257789916512E-5));
#4125=CARTESIAN_POINT('',(-0.00161873401732291,0.0052112091465107,0.000250820746236773));
#4126=CARTESIAN_POINT('',(-0.00162082006093737,0.00520937395777478,6.03275537335413E-5));
#4127=CARTESIAN_POINT('',(-0.0016183964496467,0.00520090792616973,0.000250639344674128));
#4128=CARTESIAN_POINT('',(0.00161839672091446,0.00520089532315458,0.000250992335229745));
#4129=CARTESIAN_POINT('',(0.000539465664132875,0.00520089532315458,0.000250992335229745));
#4130=CARTESIAN_POINT('',(-0.000539465392648708,0.00520089532315458,0.000250992335229745));
#4131=CARTESIAN_POINT('',(-0.00161839644943029,0.00520089532315458,0.000250992335229745));
#4132=CARTESIAN_POINT('',(-0.0026990552621849,0.00508032496566319,0.00024677274024243));
#4133=CARTESIAN_POINT('',(-0.00270666256186638,0.00514931750048704,0.000248775458779551));
#4134=CARTESIAN_POINT('',(-0.00271562997455519,0.00523148310248783,0.000223289645612737));
#4135=CARTESIAN_POINT('',(-0.00272812403719154,0.00534826991647875,0.000111086391265162));
#4136=CARTESIAN_POINT('',(-0.00273096106556884,0.00537644501450311,3.05606932718057E-5));
#4137=CARTESIAN_POINT('',(-0.00273073804292407,0.00537647603238852,-3.77522717857419E-5));
#4138=CARTESIAN_POINT('',(-0.00233281338174404,0.00513036635326537,0.000248221234200875));
#4139=CARTESIAN_POINT('',(-0.00233939900591643,0.00519958744535328,0.00025041185696286));
#4140=CARTESIAN_POINT('',(-0.00234716719734937,0.00528214758823098,0.000225061763199342));
#4141=CARTESIAN_POINT('',(-0.00235797304450777,0.00539954186406708,0.000112803004736146));
#4142=CARTESIAN_POINT('',(-0.00236041029003289,0.00542785905021963,3.21249924353448E-5));
#4143=CARTESIAN_POINT('',(-0.00236019668862925,0.0054278844913763,-3.62779970254014E-5));
#4144=CARTESIAN_POINT('',(-0.00196726329296723,0.00517019794122475,0.000249559140690821));
#4145=CARTESIAN_POINT('',(-0.00197282290760616,0.00523960115113325,0.000251901088604515));
#4146=CARTESIAN_POINT('',(-0.00197938372888661,0.00532247713831523,0.000226661084792932));
#4147=CARTESIAN_POINT('',(-0.00198850029884662,0.00544035643545758,0.000114358692668714));
#4148=CARTESIAN_POINT('',(-0.0019905472620934,0.00546878534941075,3.35583665061097E-5));
#4149=CARTESIAN_POINT('',(-0.00199035544011338,0.00546880416298872,-3.49166853854952E-5));
#4150=CARTESIAN_POINT('',(-0.00160241312058019,0.00519972096119946,0.000250597407378546));
#4151=CARTESIAN_POINT('',(-0.00160694473149192,0.00526925921052287,0.000253051966270156));
#4152=CARTESIAN_POINT('',(-0.00161229391928741,0.00535236976636745,0.000227894093482627));
#4153=CARTESIAN_POINT('',(-0.00161972180073151,0.00547060894321471,0.000115559499020152));
#4154=CARTESIAN_POINT('',(-0.00162138478984014,0.00549912030962162,3.4668232392545E-5));
#4155=CARTESIAN_POINT('',(-0.00162122247652098,0.00549913364589319,-3.38603433711848E-5));
#4156=CARTESIAN_POINT('',(-0.0026928106580782,0.00509217264818339,-3.52802338815377E-5));
#4157=CARTESIAN_POINT('',(-0.00269281100019187,0.00508366946865844,0.000246869866224788));
#4158=CARTESIAN_POINT('',(-0.0016183964501926,0.00520089534371712,0.000250992335963093));
#4159=CARTESIAN_POINT('',(-0.00197762550195034,0.00517153301279405,0.000249945153562599));
#4160=CARTESIAN_POINT('',(-0.00233576368526075,0.00513245644278053,0.000248612200575286));
#4161=CARTESIAN_POINT('',(-0.00269281100012384,0.00508366052214895,0.000247173227647758));
#4162=CARTESIAN_POINT('',(-0.00272415531664496,0.00537738931186286,-3.52802709051095E-5));
#4163=CARTESIAN_POINT('',(-0.00272510359000155,0.00537725774934857,0.000255405879890511));
#4164=CARTESIAN_POINT('',(-0.00269281100048217,0.00508366946811428,0.000246869866211679));
#4165=CARTESIAN_POINT('',(-0.00276150874236124,0.00537220692774857,-3.53179429635037E-5));
#4166=CARTESIAN_POINT('',(-0.00276328079385426,0.00537184125380572,0.000255228732755474));
#4167=CARTESIAN_POINT('',(-0.00270214927987752,0.00508239334717714,0.000246832763145985));
#4168=CARTESIAN_POINT('',(-0.0027971124707969,0.00536039763977143,-3.54038578978102E-5));
#4169=CARTESIAN_POINT('',(-0.0027995907144093,0.00535950893355428,0.000254824837583942));
#4170=CARTESIAN_POINT('',(-0.00271105030915969,0.00507948576507429,0.000246748146226277));
#4171=CARTESIAN_POINT('',(-0.00286477572197054,0.00532359813216,-3.56671355620438E-5));
#4172=CARTESIAN_POINT('',(-0.00286824005494419,0.00532125565488,0.000253603912605839));
#4173=CARTESIAN_POINT('',(-0.00272796608184186,0.00507042476612571,0.000246488844843066));
#4174=CARTESIAN_POINT('',(-0.00289517956011938,0.00529946592836571,-3.5838279379562E-5));
#4175=CARTESIAN_POINT('',(-0.00289887203105891,0.00529627068281143,0.000252817255007299));
#4176=CARTESIAN_POINT('',(-0.00273556709206357,0.00506448292944,0.000246320287423358));
#4177=CARTESIAN_POINT('',(-0.00293524833084961,0.00525504215053714,-3.61457480693431E-5));
#4178=CARTESIAN_POINT('',(-0.0029388919238093,0.00525055410905143,0.000251431784452555));
#4179=CARTESIAN_POINT('',(-0.00274558423892868,0.00505354469664,0.000246017462543796));
#4180=CARTESIAN_POINT('',(-0.00294745805343721,0.00523905070957714,-3.62553569562044E-5));
#4181=CARTESIAN_POINT('',(-0.0029510082049969,0.00523415853010286,0.00025094253000365));
#4182=CARTESIAN_POINT('',(-0.00274863668216279,0.00504960724224,0.000245909510255474));
#4183=CARTESIAN_POINT('',(-0.00296925873475194,0.0052053019128,-3.64837423284672E-5));
#4184=CARTESIAN_POINT('',(-0.00297250324940155,0.00519967635490286,0.000249934367547445));
#4185=CARTESIAN_POINT('',(-0.00275408685786202,0.00504129749753143,0.000245684573660584));
#4186=CARTESIAN_POINT('',(-0.00297892093171318,0.00518746660306286,-3.66030648394161E-5));
#4187=CARTESIAN_POINT('',(-0.00298195561590543,0.00518151374852572,0.00024941307540146));
#4188=CARTESIAN_POINT('',(-0.00275650242254264,0.00503690603177143,0.000245567054441606));
#4189=CARTESIAN_POINT('',(-0.00299569671448837,0.00514981782857143,-3.68513323576642E-5));
#4190=CARTESIAN_POINT('',(-0.00299821441413488,0.00514331107638857,0.000248342097781022));
#4191=CARTESIAN_POINT('',(-0.00276069633164961,0.00502763599611429,0.00024532253649635));
#4192=CARTESIAN_POINT('',(-0.00300269986113488,0.00513019500198857,-3.69789882408759E-5));
#4193=CARTESIAN_POINT('',(-0.00300491661369767,0.00512346855654857,0.000247798127423358));
#4194=CARTESIAN_POINT('',(-0.0027624471345907,0.00502280440388571,0.000245196809113139));
#4195=CARTESIAN_POINT('',(-0.00301368628353488,0.00509024410073143,-3.72348971532847E-5));
#4196=CARTESIAN_POINT('',(-0.00301525377710078,0.00508321148845714,0.000246722547481752));
#4197=CARTESIAN_POINT('',(-0.0027651937442186,0.00501296755117714,0.000244944766091241));
#4198=CARTESIAN_POINT('',(-0.00301772830966822,0.00506978899529143,-3.73639925583942E-5));
#4199=CARTESIAN_POINT('',(-0.00301894984630387,0.00506266890925714,0.00024618726759854));
#4200=CARTESIAN_POINT('',(-0.00276620420644496,0.00500793101952,0.000244817619930657));
#4201=CARTESIAN_POINT('',(-0.0030202691529969,0.00504883978820571,-3.74940318394161E-5));
#4202=CARTESIAN_POINT('',(-0.00302113687559845,0.00504168542818286,0.000245655719507299));
#4203=CARTESIAN_POINT('',(-0.00276683945973798,0.00500277283364571,0.000244689545452555));
#4204=CARTESIAN_POINT('',(-0.00276683946001926,0.0050100351917555,-3.74940320220911E-5));
#4205=CARTESIAN_POINT('',(-0.00276683945839469,0.00500277285028054,0.000244689545865587));
#4206=CARTESIAN_POINT('',(-0.00269281100048217,0.00508366052210218,0.000247173227646381));
#4207=CARTESIAN_POINT('',(-0.00273118229144662,0.00507841696412376,0.000247018597138818));
#4208=CARTESIAN_POINT('',(-0.00276160872813051,0.00504523837114336,0.000246031559327059));
#4209=CARTESIAN_POINT('',(-0.00276683945363116,0.0050027660609818,0.000244959937551571));
#4210=CARTESIAN_POINT('',(-0.00284478772567442,-0.00418526073126857,0.00235043620605475));
#4211=CARTESIAN_POINT('',(-0.00311346215281921,-0.00421298747234779,0.00236474394105427));
#4212=CARTESIAN_POINT('',(-0.00309881595171965,-0.00435242050904206,0.00210045509922628));
#4213=CARTESIAN_POINT('',(-0.00291960635488217,-0.00347879978537143,0.00198588359917883));
#4214=CARTESIAN_POINT('',(-0.00318458924402391,-0.00350775878373303,0.00199935758163165));
#4215=CARTESIAN_POINT('',(-0.00317421562499066,-0.00362956210273455,0.00173030858229481));
#4216=CARTESIAN_POINT('',(-0.00297738453493178,-0.00275496167382857,0.00166869065522263));
#4217=CARTESIAN_POINT('',(-0.00324003042646947,-0.00277810762202217,0.00167785943616374));
#4218=CARTESIAN_POINT('',(-0.00323244225460796,-0.00288892654868491,0.00140825017128227));
#4219=CARTESIAN_POINT('',(-0.00305381078035814,-0.00127331434258286,0.00112632674176277));
#4220=CARTESIAN_POINT('',(-0.00331209789760312,-0.00128662753534402,0.00113051059865648));
#4221=CARTESIAN_POINT('',(-0.00330946222999907,-0.0013728940670975,0.000857565644133757));
#4222=CARTESIAN_POINT('',(-0.00307248125902326,-0.000515493616251429,0.000901154203824817));
#4223=CARTESIAN_POINT('',(-0.00332925718860338,-0.000521671350642035,0.000902511274377668));
#4224=CARTESIAN_POINT('',(-0.00332827792073917,-0.000597486981593446,0.00062893895116392));
#4225=CARTESIAN_POINT('',(-0.00306789504788837,0.00045361277808,0.000678400685751825));
#4226=CARTESIAN_POINT('',(-0.00332315136891259,0.00045637526256017,0.000677781397778613));
#4227=CARTESIAN_POINT('',(-0.00332365673210281,0.00039410911914201,0.000402768149712474));
#4228=CARTESIAN_POINT('',(-0.00306557933770698,0.000648529699337143,0.000636797070791971));
#4229=CARTESIAN_POINT('',(-0.00332056536898891,0.000652796599629138,0.000635892733974329));
#4230=CARTESIAN_POINT('',(-0.00332132317845646,0.000593549520736581,0.000360526262840205));
#4231=CARTESIAN_POINT('',(-0.00305993460940155,0.000942572307977143,0.000578870388083942));
#4232=CARTESIAN_POINT('',(-0.00331455892211189,0.000949145490101741,0.000577607322179224));
#4233=CARTESIAN_POINT('',(-0.00331563484698065,0.000894416032794162,0.00030171087582693));
#4234=CARTESIAN_POINT('',(-0.00305769113234729,0.00104086443949714,0.000560308106609489));
#4235=CARTESIAN_POINT('',(-0.00331220305961976,0.00104819554000765,0.000558939497000067));
#4236=CARTESIAN_POINT('',(-0.00331337402787114,0.000994989254392345,0.000282863812375078));
#4237=CARTESIAN_POINT('',(-0.00305246760764496,0.00123800921979429,0.000524688395255474));
#4238=CARTESIAN_POINT('',(-0.00330677029182697,0.00124685912232806,0.000523133440706969));
#4239=CARTESIAN_POINT('',(-0.00330811010707929,0.00119670922532739,0.000246697620367494));
#4240=CARTESIAN_POINT('',(-0.0030494876204155,0.00133683130189714,0.000507638138536496));
#4241=CARTESIAN_POINT('',(-0.00330369350537214,0.00134644999816117,0.000506000430566653));
#4242=CARTESIAN_POINT('',(-0.0033051070664604,0.00129782469499236,0.000229385775395479));
#4243=CARTESIAN_POINT('',(-0.00303278003816124,0.00183067387913143,0.000426436470824818));
#4244=CARTESIAN_POINT('',(-0.00328654909159712,0.00184394397246797,0.000424478844252089));
#4245=CARTESIAN_POINT('',(-0.00328827019110031,0.00180312806888454,0.000146938279664992));
#4246=CARTESIAN_POINT('',(-0.00301359847717674,0.00222619562201143,0.000374180640532847));
#4247=CARTESIAN_POINT('',(-0.00326712998427594,0.00224285740641341,0.00037209009903832));
#4248=CARTESIAN_POINT('',(-0.00326894009428438,0.0022078286733678,9.38807173681387E-5));
#4249=CARTESIAN_POINT('',(-0.00293840383278295,0.00341402917906286,0.000254809972649635));
#4250=CARTESIAN_POINT('',(-0.00319162512655048,0.00344037545635638,0.000252995030647945));
#4251=CARTESIAN_POINT('',(-0.00319316293948685,0.00342322844641237,-2.73215071310203E-5));
#4252=CARTESIAN_POINT('',(-0.00286476089524496,0.00420760811252571,0.000224946134408759));
#4253=CARTESIAN_POINT('',(-0.00311800483597095,0.00424261774355512,0.000224196357867107));
#4254=CARTESIAN_POINT('',(-0.00311894939992213,0.00423522319432363,-5.76437620142456E-5));
#4255=CARTESIAN_POINT('',(-0.00276683945973798,0.00500277283364572,0.000244689545452555));
#4256=CARTESIAN_POINT('',(-0.00302123034153874,0.00504169973034251,0.000245656074620489));
#4257=CARTESIAN_POINT('',(-0.00302026881810461,0.00504884240568455,-3.75977280954486E-5));
#4258=CARTESIAN_POINT('',(-0.00284478772576848,-0.00431891913414845,0.00210054935656086));
#4259=CARTESIAN_POINT('',(-0.00284478772574582,-0.00418526073097337,0.00235043620579014));
#4260=CARTESIAN_POINT('',(-0.00276683945973798,0.00500276601139643,0.000244959936300481));
#4261=CARTESIAN_POINT('',(-0.0028640739137488,0.00421318787758619,0.000225038038223852));
#4262=CARTESIAN_POINT('',(-0.0029746967226633,0.00302393546264457,0.000268320729868254));
#4263=CARTESIAN_POINT('',(-0.00305199968171781,0.00143107821296465,0.000479361484024033));
#4264=CARTESIAN_POINT('',(-0.00308180356189269,-0.000116718140393472,0.000783771977973667));
#4265=CARTESIAN_POINT('',(-0.00303487946644139,-0.00203365771191295,0.00135339347594459));
#4266=CARTESIAN_POINT('',(-0.00292173403041373,-0.00345863881339803,0.00197565396414741));
#4267=CARTESIAN_POINT('',(-0.00284478772567442,-0.00418545943917893,0.00235005045188119));
#4268=CARTESIAN_POINT('',(-0.00309960888762079,-0.00434481204925611,0.00211932825677072));
#4269=CARTESIAN_POINT('',(-0.00309135313647603,-0.00442410062947187,0.00215021974053773));
#4270=CARTESIAN_POINT('',(-0.00305262038782038,-0.00451123131245314,0.00218566509526462));
#4271=CARTESIAN_POINT('',(-0.00292185701788587,-0.0046306666810353,0.00223817630661623));
#4272=CARTESIAN_POINT('',(-0.00283445241949181,-0.00465840229451097,0.00225325233229835));
#4273=CARTESIAN_POINT('',(-0.00275815814398084,-0.00465707058800758,0.00225659507867271));
#4274=CARTESIAN_POINT('',(-0.00306907071726721,-0.00463810191498468,0.00139067912040347));
#4275=CARTESIAN_POINT('',(-0.00306029250990607,-0.00471698267654425,0.00142146879752794));
#4276=CARTESIAN_POINT('',(-0.00302128209249977,-0.00480329416508983,0.00145674722977718));
#4277=CARTESIAN_POINT('',(-0.00289083033529562,-0.00492140947966239,0.00150918740382161));
#4278=CARTESIAN_POINT('',(-0.00280391679593275,-0.0049487690306389,0.00152439624983192));
#4279=CARTESIAN_POINT('',(-0.00272794444806028,-0.00494735181830881,0.00152795362632778));
#4280=CARTESIAN_POINT('',(-0.00303544025477393,-0.00493098529111205,0.000663039864921045));
#4281=CARTESIAN_POINT('',(-0.00302614767500888,-0.00500944928745544,0.000693729385880023));
#4282=CARTESIAN_POINT('',(-0.00298687142253794,-0.00509494227263569,0.000728843813261922));
#4283=CARTESIAN_POINT('',(-0.0028567409013556,-0.00521174582480544,0.000781213671586742));
#4284=CARTESIAN_POINT('',(-0.00277031829095563,-0.00523873253546856,0.000796552328192574));
#4285=CARTESIAN_POINT('',(-0.00269467023367475,-0.00523723075935266,0.000800321970212154));
#4286=CARTESIAN_POINT('',(-0.0029987269379842,-0.00522337998876005,-6.33853163128521E-5));
#4287=CARTESIAN_POINT('',(-0.00298892833920168,-0.00530141865516034,-3.27943585189775E-5));
#4288=CARTESIAN_POINT('',(-0.0029493979468102,-0.00538609420208256,2.15887126912119E-6));
#4289=CARTESIAN_POINT('',(-0.00281959813585115,-0.00550159440688788,5.44591294015786E-5));
#4290=CARTESIAN_POINT('',(-0.00273366629512708,-0.00552821147862381,6.99247158806102E-5));
#4291=CARTESIAN_POINT('',(-0.0026583448394698,-0.00552662606183864,7.39043061237283E-5));
#4292=CARTESIAN_POINT('',(-0.00275549460607465,-0.00466248471472472,0.00224300495846441));
#4293=CARTESIAN_POINT('',(-0.00275710435504306,-0.00466250580568001,0.00224295201752596));
#4294=CARTESIAN_POINT('',(-0.00275871410401147,-0.00466252689663529,0.00224289907658751));
#4295=CARTESIAN_POINT('',(-0.00276032385297989,-0.00466254798759057,0.00224284613564905));
#4296=CARTESIAN_POINT('',(-0.00277616743465278,-0.00466275557043679,0.00224232507671457));
#4297=CARTESIAN_POINT('',(-0.00279192475725415,-0.0046618040460748,0.00224132335662412));
#4298=CARTESIAN_POINT('',(-0.00280734210333757,-0.00465978785678648,0.00223989018554422));
#4299=CARTESIAN_POINT('',(-0.00281251593919013,-0.00465911125314996,0.00223940923429126));
#4300=CARTESIAN_POINT('',(-0.00281765172254552,-0.00465831439309385,0.00223887953621018));
#4301=CARTESIAN_POINT('',(-0.00282274038710401,-0.0046573997998047,0.0022383024942224));
#4302=CARTESIAN_POINT('',(-0.00283897998232886,-0.00465448103307517,0.00223646096424895));
#4303=CARTESIAN_POINT('',(-0.00285480529942648,-0.00465038631630592,0.00223414438707837));
#4304=CARTESIAN_POINT('',(-0.00287030032678293,-0.00464511688928706,0.00223135024532684));
#4305=CARTESIAN_POINT('',(-0.00287437649171781,-0.00464373069917928,0.00223061521063676));
#4306=CARTESIAN_POINT('',(-0.00287842973007931,-0.00464226296565643,0.00222984702535927));
#4307=CARTESIAN_POINT('',(-0.00288246142161887,-0.00464071317492137,0.00222904542549879));
#4308=CARTESIAN_POINT('',(-0.00289754645199916,-0.00463491445741236,0.00222604614886029));
#4309=CARTESIAN_POINT('',(-0.0029123902837782,-0.00462790789077428,0.00222255211029245));
#4310=CARTESIAN_POINT('',(-0.0029266433668563,-0.00461984711721341,0.00221864113891766));
#4311=CARTESIAN_POINT('',(-0.00293063055934565,-0.00461759217660693,0.00221754707417348));
#4312=CARTESIAN_POINT('',(-0.0029345712998186,-0.00461525454258463,0.00221642030905243));
#4313=CARTESIAN_POINT('',(-0.0029384572894081,-0.00461283718461805,0.00221526240813608));
#4314=CARTESIAN_POINT('',(-0.00295240378916651,-0.00460416148399654,0.00221110679616693));
#4315=CARTESIAN_POINT('',(-0.0029657682544053,-0.00459443121395271,0.00220653384285636));
#4316=CARTESIAN_POINT('',(-0.00297856822283009,-0.00458353360557319,0.00220149623277249));
#4317=CARTESIAN_POINT('',(-0.00298179471200626,-0.00458078664446237,0.00220022640195182));
#4318=CARTESIAN_POINT('',(-0.00298498519487683,-0.00457796530947733,0.00219892696852339));
#4319=CARTESIAN_POINT('',(-0.0029881396679061,-0.00457506737980215,0.0021975970133136));
#4320=CARTESIAN_POINT('',(-0.00299882228747276,-0.00456525354403194,0.00219309312140674));
#4321=CARTESIAN_POINT('',(-0.00300905986635358,-0.00455456027201192,0.00218824001835876));
#4322=CARTESIAN_POINT('',(-0.00301865926821259,-0.00454311785907977,0.00218309976463408));
#4323=CARTESIAN_POINT('',(-0.00302270610915459,-0.00453829405590857,0.00218093277657265));
#4324=CARTESIAN_POINT('',(-0.00302663898139985,-0.00453333726450358,0.00217871484014524));
#4325=CARTESIAN_POINT('',(-0.00303044072531841,-0.00452825820700701,0.00217645111213264));
#4326=CARTESIAN_POINT('',(-0.00304043484467504,-0.00451490625381727,0.0021705001673995));
#4327=CARTESIAN_POINT('',(-0.00304963213727286,-0.00450062185870624,0.00216419205358553));
#4328=CARTESIAN_POINT('',(-0.00305793645486089,-0.00448525123926096,0.00215746689501679));
#4329=CARTESIAN_POINT('',(-0.00305984692504461,-0.00448171511364386,0.00215591972214073));
#4330=CARTESIAN_POINT('',(-0.00306170996274454,-0.00447812137254286,0.00215435043136945));
#4331=CARTESIAN_POINT('',(-0.00306352408396498,-0.00447446791285056,0.00215275821062047));
#4332=CARTESIAN_POINT('',(-0.00307027091996436,-0.00446088045623715,0.00214683663705244));
#4333=CARTESIAN_POINT('',(-0.00307625922454453,-0.0044466011147769,0.00214065696578894));
#4334=CARTESIAN_POINT('',(-0.00308135414999622,-0.00443173333369835,0.00213426779165332));
#4335=CARTESIAN_POINT('',(-0.00308323003590042,-0.00442625920827366,0.00213191538005984));
#4336=CARTESIAN_POINT('',(-0.00308498447301235,-0.00442070562497444,0.00212953471169063));
#4337=CARTESIAN_POINT('',(-0.00308660948204623,-0.00441507897940679,0.00212712877611067));
#4338=CARTESIAN_POINT('',(-0.00309136528812609,-0.00439861184929128,0.00212008748414225));
#4339=CARTESIAN_POINT('',(-0.00309506205412625,-0.00438143037059428,0.00211279095042786));
#4340=CARTESIAN_POINT('',(-0.00309749817094027,-0.00436342026191979,0.00210519983280406));
#4341=CARTESIAN_POINT('',(-0.00309799171714146,-0.00435977149570787,0.00210366190685386));
#4342=CARTESIAN_POINT('',(-0.00309843335705132,-0.004356088670875,0.00210211187660158));
#4343=CARTESIAN_POINT('',(-0.00309882115885125,-0.0043523707626961,0.00210054939437891));
#4344=CARTESIAN_POINT('',(0.00165619431086508,-0.00439590342358766,0.00213354742541257));
#4345=CARTESIAN_POINT('',(0.00276032385162326,-0.00466303520844517,0.00224304582502343));
#4346=CARTESIAN_POINT('',(0.00276032385162326,-0.0046197771032403,0.00234857809667303));
#4347=CARTESIAN_POINT('',(0.00276032385162326,-0.00450897821005332,0.00242263513993825));
#4348=CARTESIAN_POINT('',(0.00276032385162326,-0.00439492482534119,0.00242224853788699));
#4349=CARTESIAN_POINT('',(0.00276032385178041,-0.00439492478584366,0.00242225947447692));
#4350=CARTESIAN_POINT('',(0.00276032385162326,-0.00439492482291471,0.00242224853787876));
#4351=CARTESIAN_POINT('',(0.00276032385162326,-0.00434827808645596,0.0024220904209692));
#4352=CARTESIAN_POINT('',(0.00276032385162326,-0.00430171284512743,0.00241041087180994));
#4353=CARTESIAN_POINT('',(0.00276032385162326,-0.00426051331084759,0.00238853528271312));
#4354=CARTESIAN_POINT('',(0.00276000510991692,-0.0042602842261772,0.00238896673083042));
#4355=CARTESIAN_POINT('',(0.00276000510991693,-0.00426051230982916,0.00238853475120294));
#4356=CARTESIAN_POINT('',(0.000919895539512383,-0.00426051230982916,0.00238853475120294));
#4357=CARTESIAN_POINT('',(-0.000920214030892161,-0.00426051230982916,0.00238853475120294));
#4358=CARTESIAN_POINT('',(-0.0027603236012967,-0.00426051230982916,0.00238853475120294));
#4359=CARTESIAN_POINT('',(-0.0027603236012967,-0.00426031528573744,0.00238890581813614));
#4360=CARTESIAN_POINT('',(-0.00276032385162326,-0.00426051231167484,0.00238853475218295));
#4361=CARTESIAN_POINT('',(-0.00276032385162326,-0.00430171209331488,0.00241041067957691));
#4362=CARTESIAN_POINT('',(-0.00276032385162326,-0.004348277709415,0.00242209041970384));
#4363=CARTESIAN_POINT('',(-0.00276032385162326,-0.00439492482299318,0.00242224853787903));
#4364=CARTESIAN_POINT('',(-0.00276032385111176,-0.00439492478592212,0.00242225947443227));
#4365=CARTESIAN_POINT('',(-0.00276032385162326,-0.0043949248229932,0.00242224853787903));
#4366=CARTESIAN_POINT('',(-0.00276032385162326,-0.00450897820569534,0.00242263514085108));
#4367=CARTESIAN_POINT('',(-0.00276032385162326,-0.00461977709776838,0.00234857810130552));
#4368=CARTESIAN_POINT('',(-0.00276032385162326,-0.00466303520527114,0.00224304583276676));
#4369=CARTESIAN_POINT('',(0.00276032385162326,-0.00466254799673143,0.00224284611270438));
#4370=CARTESIAN_POINT('',(0.00276032385162326,-0.00454500180288,0.00253790145917153));
#4371=CARTESIAN_POINT('',(0.00276032385162326,-0.00426011826164571,0.00238927688506934));
#4372=CARTESIAN_POINT('',(0.0027812933917876,-0.00466282274077714,0.00224215647132482));
#4373=CARTESIAN_POINT('',(0.00278337019740775,-0.00454575511481143,0.00253829446346715));
#4374=CARTESIAN_POINT('',(0.00276557339056279,-0.00426011821110857,0.00238927685839781));
#4375=CARTESIAN_POINT('',(0.00280194366527597,-0.00466110764742857,0.00224064825763504));
#4376=CARTESIAN_POINT('',(0.00280617031321085,-0.00454420698034286,0.00253747633345985));
#4377=CARTESIAN_POINT('',(0.00277074123952093,-0.00425964615648,0.00238903056235037));
#4378=CARTESIAN_POINT('',(0.00284262502292403,-0.00465385523101714,0.00223605984863504));
#4379=CARTESIAN_POINT('',(0.0028511841366093,-0.00453665214061714,0.00253349607763869));
#4380=CARTESIAN_POINT('',(0.00278091850307287,-0.0042577950096,0.00238806501063139));
#4381=CARTESIAN_POINT('',(0.0028628127617845,-0.00464825498845714,0.0022329473800292));
#4382=CARTESIAN_POINT('',(0.00287353546167442,-0.00453057565337143,0.00253029723327372));
#4383=CARTESIAN_POINT('',(0.00278596707832093,-0.00425640051030857,0.00238733772016058));
#4384=CARTESIAN_POINT('',(0.00290180428960465,-0.00463328883222857,0.00222520420507664));
#4385=CARTESIAN_POINT('',(0.00291655351154264,-0.00451405130804572,0.00252160847765329));
#4386=CARTESIAN_POINT('',(0.00279571447424186,-0.00425272027412571,0.00238541928644161));
#4387=CARTESIAN_POINT('',(0.00292036842816899,-0.00462405181995429,0.0022206364909635));
#4388=CARTESIAN_POINT('',(0.00293692272573798,-0.00450376155353143,0.00251620170230657));
#4389=CARTESIAN_POINT('',(0.00280035339053953,-0.00425046585819429,0.00238424447358029));
#4390=CARTESIAN_POINT('',(0.00295568148538295,-0.00460215952491429,0.00221014555468613));
#4391=CARTESIAN_POINT('',(0.00297529822277984,-0.00447933472422857,0.0025033825375438));
#4392=CARTESIAN_POINT('',(0.00280917382408837,-0.00424514936132571,0.00238147581955474));
#4393=CARTESIAN_POINT('',(0.00297258700972713,-0.00458934311163429,0.00220414910138321));
#4394=CARTESIAN_POINT('',(0.00299344450694574,-0.00446504300050286,0.00249588918150365));
#4395=CARTESIAN_POINT('',(0.00281339439592558,-0.00424204845353143,0.00237986178581752));
#4396=CARTESIAN_POINT('',(0.00300348179267442,-0.00456098499044571,0.00219113361635766));
#4397=CARTESIAN_POINT('',(0.00302604727953953,-0.00443358605636571,0.00247941994634672));
#4398=CARTESIAN_POINT('',(0.00282110321173488,-0.00423520683620571,0.00237630367145985));
#4399=CARTESIAN_POINT('',(0.00301751042272558,-0.00454548048617143,0.00218412856348175));
#4400=CARTESIAN_POINT('',(0.00304054161955194,-0.00441649180217143,0.00247048094136496));
#4401=CARTESIAN_POINT('',(0.00282460130863876,-0.00423147481755429,0.00237436408721533));
#4402=CARTESIAN_POINT('',(0.00304276160249612,-0.00451184887446857,0.00216913597106934));
#4403=CARTESIAN_POINT('',(0.00306594241391318,-0.00437976646121143,0.00245130782548175));
#4404=CARTESIAN_POINT('',(0.00283089283556124,-0.00422339463668571,0.0023701686995511));
#4405=CARTESIAN_POINT('',(0.00305403305771938,-0.00449355796333714,0.00216107831207299));
#4406=CARTESIAN_POINT('',(0.00307688879757519,-0.00435999401451428,0.00244100028488686));
#4407=CARTESIAN_POINT('',(0.00283369837816744,-0.00421900734137143,0.00236789264354745));
#4408=CARTESIAN_POINT('',(0.00308227072978915,-0.00443676162637714,0.00213632440539051));
#4409=CARTESIAN_POINT('',(0.00310300803896279,-0.00429954254701714,0.00240954335302555));
#4410=CARTESIAN_POINT('',(0.0028407175438,-0.00420540327805714,0.00236084251726277));
#4411=CARTESIAN_POINT('',(0.0030943204102062,-0.00439552004420571,0.00211868320678102));
#4412=CARTESIAN_POINT('',(0.00311235636798605,-0.00425665841643429,0.00238730099642336));
#4413=CARTESIAN_POINT('',(0.00284369811843256,-0.00419554883766857,0.00235574514206934));
#4414=CARTESIAN_POINT('',(0.00309882115721085,-0.00435237077842286,0.00210054935680657));
#4415=CARTESIAN_POINT('',(0.00311336082661705,-0.00421297701565714,0.00236473854512409));
#4416=CARTESIAN_POINT('',(0.00284478772567442,-0.00418526073126857,0.00235043620605475));
#4417=CARTESIAN_POINT('',(0.00276032385162326,-0.00426034744552737,0.00238883677293459));
#4418=CARTESIAN_POINT('',(0.00280429451652515,-0.00426000837583706,0.00238866020586987));
#4419=CARTESIAN_POINT('',(0.00284027627408416,-0.00422807250607138,0.00237200109831576));
#4420=CARTESIAN_POINT('',(0.00284478772559345,-0.00418545943994374,0.00235005045227515));
#4421=CARTESIAN_POINT('',(-5.64216596097438E-10,0.00452309524651036,0.0192560775479492));
#4422=CARTESIAN_POINT('',(0.000178428926941104,0.00145607314285714,0.000487858338276443));
#4423=CARTESIAN_POINT('',(0.000178428926796543,0.00145607314285714,0.000487858338276443));
#4424=CARTESIAN_POINT('',(-0.000147258665221688,0.00145607314285714,0.000487858338276443));
#4425=CARTESIAN_POINT('',(-0.000147258665221671,0.00452309524651036,0.0192560775479492));
#4426=CARTESIAN_POINT('',(-0.000147258665221671,0.00405091414956503,0.000244772440242521));
#4427=CARTESIAN_POINT('',(-5.64216596097438E-10,0.00405091367702718,0.000244772451978879));
#4428=CARTESIAN_POINT('',(0.000178428926796187,0.00405091414956503,0.000244772440242521));
#4429=CARTESIAN_POINT('',(0.000178428926796187,0.00452309524651036,0.0192560775479492));
#4430=CARTESIAN_POINT('',(2.85336034641538E-5,-0.004026940131996,0.00226933059884454));
#4431=CARTESIAN_POINT('',(-6.51668862967706E-5,-0.0040255429914292,0.00226862736818416));
#4432=CARTESIAN_POINT('',(-0.000206346673146216,-0.00401280912755321,0.00226221732351869));
#4433=CARTESIAN_POINT('',(-0.000513939284719392,-0.00391844644382725,0.00221487759475775));
#4434=CARTESIAN_POINT('',(-0.000768220631858369,-0.00371716685478317,0.00211620844065298));
#4435=CARTESIAN_POINT('',(-0.000920974091993449,-0.0034937951744523,0.00201082981601648));
#4436=CARTESIAN_POINT('',(-0.00104852695069057,-0.00319369531702692,0.00187361678557533));
#4437=CARTESIAN_POINT('',(-0.00107658417107499,-0.00299279195656833,0.00178630816536985));
#4438=CARTESIAN_POINT('',(-0.00107815370711837,-0.00283651129156311,0.00172071703008779));
#4439=CARTESIAN_POINT('',(2.85336034640797E-5,-0.0040267995292374,0.00226960994072066));
#4440=CARTESIAN_POINT('',(-0.0010781537071175,-0.00283659461237604,0.00172051850582073));
#4441=CARTESIAN_POINT('',(-0.00107815370711664,-0.00283651129156307,0.00172071703008777));
#4442=CARTESIAN_POINT('',(-0.00107653785580538,-0.00274005909108261,0.0016802359550312));
#4443=CARTESIAN_POINT('',(-0.00107129067301513,-0.0026140095533471,0.00162856909740832));
#4444=CARTESIAN_POINT('',(-0.00103100386326743,-0.00237910008485518,0.00153501395167486));
#4445=CARTESIAN_POINT('',(-0.000945847971916264,-0.00214635643794778,0.00144631781162389));
#4446=CARTESIAN_POINT('',(-0.000792202319693677,-0.00189244280481244,0.00135288943972101));
#4447=CARTESIAN_POINT('',(-0.000533094649022036,-0.00166829885699196,0.00127472587113405));
#4448=CARTESIAN_POINT('',(-0.000263186445191217,-0.00157860578999271,0.00124435370639586));
#4449=CARTESIAN_POINT('',(-8.95332727767282E-5,-0.00155242521719167,0.00123551118266361));
#4450=CARTESIAN_POINT('',(-2.57859691020121E-5,-0.00155065004748765,0.00123491506937442));
#4451=CARTESIAN_POINT('',(2.99356566154456E-5,-0.00154928039685561,0.00123445356639631));
#4452=CARTESIAN_POINT('',(2.99356561697388E-5,-0.001549368211462,0.00123419294984521));
#4453=CARTESIAN_POINT('',(2.99356566168888E-5,-0.0015492803968099,0.0012344535663809));
#4454=CARTESIAN_POINT('',(8.19608170572953E-5,-0.00155024606786761,0.0012347789486781));
#4455=CARTESIAN_POINT('',(0.00014754195422303,-0.00155231905018878,0.00123547547112361));
#4456=CARTESIAN_POINT('',(0.000317200490247939,-0.00157940543410054,0.00124462264125079));
#4457=CARTESIAN_POINT('',(0.000580564354028377,-0.00166951503335426,0.00127515868008397));
#4458=CARTESIAN_POINT('',(0.000841667510795983,-0.00188438223752192,0.00135004969241185));
#4459=CARTESIAN_POINT('',(0.00099388675679318,-0.00213376757233588,0.0014416190745898));
#4460=CARTESIAN_POINT('',(0.00108249423321068,-0.00236152199266011,0.00152822711393767));
#4461=CARTESIAN_POINT('',(0.00112629345059624,-0.00258802121055145,0.0016180637101627));
#4462=CARTESIAN_POINT('',(0.00113358478103186,-0.0027174020168953,0.00167092431978186));
#4463=CARTESIAN_POINT('',(0.00113522091256273,-0.00280845412744838,0.00170896779551898));
#4464=CARTESIAN_POINT('',(0.00113522091257489,-0.00280853936986194,0.00170876377887467));
#4465=CARTESIAN_POINT('',(0.00113522091258705,-0.00280845412743726,0.00170896779551433));
#4466=CARTESIAN_POINT('',(0.00113378028519467,-0.00289740041360571,0.00174613141378957));
#4467=CARTESIAN_POINT('',(0.0011264494661788,-0.00302741242254765,0.00180161919535868));
#4468=CARTESIAN_POINT('',(0.00108087874109389,-0.00325267001100267,0.00190061977502998));
#4469=CARTESIAN_POINT('',(0.000993012423058951,-0.0034722614304874,0.00200084376714859));
#4470=CARTESIAN_POINT('',(0.000837329864685606,-0.00371506284606057,0.00211506668979732));
#4471=CARTESIAN_POINT('',(0.000584236200789712,-0.00391189844055982,0.0022116507055764));
#4472=CARTESIAN_POINT('',(0.000261124589753115,-0.00401198069615301,0.00226179068468343));
#4473=CARTESIAN_POINT('',(0.000130872553021611,-0.00402492266242368,0.00226831513447871));
#4474=CARTESIAN_POINT('',(2.85336034640031E-5,-0.00402694013194368,0.00226933059881821));
#4475=CARTESIAN_POINT('',(-0.00284478772567442,-0.00418545943917888,0.00235005045188116));
#4476=CARTESIAN_POINT('',(-0.00284027914154809,-0.00422804269975115,0.00237198574461915));
#4477=CARTESIAN_POINT('',(-0.00280441189592032,-0.00425993113655891,0.00238861998430772));
#4478=CARTESIAN_POINT('',(-0.00276032385162326,-0.00426034744552739,0.00238883677293459));
#4479=CARTESIAN_POINT('',(-0.00309902541894165,-0.00435043247902623,0.00209707227446424));
#4480=CARTESIAN_POINT('',(-0.00310232221665549,-0.00431826715960658,0.00215795598800585));
#4481=CARTESIAN_POINT('',(-0.00308078849073814,-0.00427708274872871,0.00223011263490726));
#4482=CARTESIAN_POINT('',(-0.00298031432996835,-0.0042114036622018,0.00233029507653784));
#4483=CARTESIAN_POINT('',(-0.00290683008402449,-0.00419037229304726,0.00235307355197677));
#4484=CARTESIAN_POINT('',(-0.00284486574324427,-0.0041845241340194,0.00235005610232963));
#4485=CARTESIAN_POINT('',(-0.00308090349240371,-0.00452305287088393,0.00216955288346606));
#4486=CARTESIAN_POINT('',(-0.00308734003232157,-0.00449199903094379,0.00223270820799304));
#4487=CARTESIAN_POINT('',(-0.00306939568370472,-0.00443839898843287,0.00230325307806347));
#4488=CARTESIAN_POINT('',(-0.00297323771397552,-0.00431998294741997,0.00238432066095222));
#4489=CARTESIAN_POINT('',(-0.00290084826962835,-0.0042619131896378,0.0023900104377652));
#4490=CARTESIAN_POINT('',(-0.00284050543558301,-0.00422569166378435,0.00237129964000926));
#4491=CARTESIAN_POINT('',(-0.00292858030904907,-0.0046656507833895,0.00223491151723556));
#4492=CARTESIAN_POINT('',(-0.00293223898260048,-0.00464059646893858,0.00230188680016769));
#4493=CARTESIAN_POINT('',(-0.00292307994260685,-0.00458075315986195,0.00237191195004638));
#4494=CARTESIAN_POINT('',(-0.00287254732183832,-0.00441736264024101,0.00243427293482246));
#4495=CARTESIAN_POINT('',(-0.0028342951194915,-0.00432426064365058,0.00242274015244162));
#4496=CARTESIAN_POINT('',(-0.00280247833322711,-0.00426011814630644,0.00238927682544364));
#4497=CARTESIAN_POINT('',(-0.00276032385162326,-0.00466348630808035,0.00224049083627153));
#4498=CARTESIAN_POINT('',(-0.00276032385162326,-0.00463726589417341,0.00230630728728825));
#4499=CARTESIAN_POINT('',(-0.00276032385162326,-0.00457708178725174,0.00237423362247508));
#4500=CARTESIAN_POINT('',(-0.00276032385162326,-0.00441532831090971,0.00243406447021194));
#4501=CARTESIAN_POINT('',(-0.00276032385162326,-0.00432366574133595,0.00242242979051031));
#4502=CARTESIAN_POINT('',(-0.00276032385162326,-0.00426011826164571,0.00238927688506934));
#4503=CARTESIAN_POINT('',(2.9935655723977E-5,-0.00154601727022301,0.00124323590838451));
#4504=CARTESIAN_POINT('',(2.99356557239771E-5,-0.00158568639934404,0.00113618351234805));
#4505=CARTESIAN_POINT('',(-0.000136635447640418,-0.00155006678352394,0.00124473648821232));
#4506=CARTESIAN_POINT('',(-0.000136635447640418,-0.00158973591264497,0.00113768409217586));
#4507=CARTESIAN_POINT('',(-0.000470511400501734,-0.00160795181201434,0.00126618625257424));
#4508=CARTESIAN_POINT('',(-0.000470511400501734,-0.00164762094113537,0.00115913385653778));
#4509=CARTESIAN_POINT('',(-0.000982998404257567,-0.00204534747897572,0.00142826674616508));
#4510=CARTESIAN_POINT('',(-0.000982998404257567,-0.00208501660809675,0.00132121435012862));
#4511=CARTESIAN_POINT('',(-0.00107301658737502,-0.00252473627914375,0.00160590813409409));
#4512=CARTESIAN_POINT('',(-0.00107301658737502,-0.00256440540826478,0.00149885573805764));
#4513=CARTESIAN_POINT('',(-0.00107815370711278,-0.00283628467701412,0.00172135490670404));
#4514=CARTESIAN_POINT('',(-0.00107815370711278,-0.00287595380613515,0.00161430251066758));
#4515=CARTESIAN_POINT('',(2.9935655724031E-5,-0.00158213178673945,0.00114577610499461));
#4516=CARTESIAN_POINT('',(2.9935655278342E-5,-0.00158213178674091,0.00114577610502393));
#4517=CARTESIAN_POINT('',(-0.00107815370711628,-0.00283659461215762,0.00172051850634361));
#4518=CARTESIAN_POINT('',(-0.00107815370711858,-0.00286935818747386,0.00163210166103408));
#4519=CARTESIAN_POINT('',(2.99356548326529E-5,-0.00158212962517768,0.00114578252243265));
#4520=CARTESIAN_POINT('',(-2.52651957153071E-5,-0.00158348652420576,0.00114623956662154));
#4521=CARTESIAN_POINT('',(-8.8504598026749E-5,-0.00158531217719887,0.00114685426612497));
#4522=CARTESIAN_POINT('',(-0.000218342363513628,-0.0016042677225911,0.0011532465654582));
#4523=CARTESIAN_POINT('',(-0.000343355595193868,-0.00163885896339185,0.00116497581393138));
#4524=CARTESIAN_POINT('',(-0.000444479972873647,-0.0016789050859157,0.00117865044252537));
#4525=CARTESIAN_POINT('',(-0.000589913213638343,-0.00175949756564442,0.001206354729774));
#4526=CARTESIAN_POINT('',(-0.00073644096494489,-0.00188900636489003,0.00125198696850248));
#4527=CARTESIAN_POINT('',(-0.000769086109936518,-0.00192804131747839,0.00126604392102623));
#4528=CARTESIAN_POINT('',(-0.000835432949122755,-0.00200233783094904,0.00129266869668124));
#4529=CARTESIAN_POINT('',(-0.000963051310716768,-0.00220774300807823,0.00136813403384011));
#4530=CARTESIAN_POINT('',(-0.00103256248269314,-0.00242820805673026,0.00145287436463891));
#4531=CARTESIAN_POINT('',(-0.00106585327887087,-0.00261123508369034,0.00152556306207983));
#4532=CARTESIAN_POINT('',(-0.00107655793499922,-0.00276711834302162,0.00158943072208278));
#4533=CARTESIAN_POINT('',(-0.0010773484624989,-0.00282129490753245,0.00161192165179305));
#4534=CARTESIAN_POINT('',(-0.00107815370711278,-0.00286935718057374,0.00163210405855404));
#4535=CARTESIAN_POINT('',(-0.00107825260410486,-0.00279015652424139,0.00181261354936457));
#4536=CARTESIAN_POINT('',(-0.00107825260410265,-0.00285894090337884,0.00162698979794321));
#4537=CARTESIAN_POINT('',(-0.001075701145885,-0.00309424847200765,0.00192529727473723));
#4538=CARTESIAN_POINT('',(-0.00107570114588278,-0.0031630328511451,0.00173967352331587));
#4539=CARTESIAN_POINT('',(-0.000954472068626084,-0.00356014365697608,0.002097938495465));
#4540=CARTESIAN_POINT('',(-0.000954472068623869,-0.00362892803611353,0.00191231474404364));
#4541=CARTESIAN_POINT('',(-0.000446587072656857,-0.00396648353998518,0.00224851101842433));
#4542=CARTESIAN_POINT('',(-0.000446587072654641,-0.00403526791912263,0.00206288726700298));
#4543=CARTESIAN_POINT('',(-0.000122213594571699,-0.00402404975046381,0.00226984264230041));
#4544=CARTESIAN_POINT('',(-0.000122213594569483,-0.00409283412960126,0.00208421889087905));
#4545=CARTESIAN_POINT('',(4.0080800069213E-5,-0.00402657122394463,0.00227077699464983));
#4546=CARTESIAN_POINT('',(4.00808000714287E-5,-0.00409535560308208,0.00208515324322848));
#4547=CARTESIAN_POINT('',(2.85336030666667E-5,-0.00402679952929666,0.0022696099406255));
#4548=CARTESIAN_POINT('',(2.85336027049926E-5,-0.00405956310462493,0.0021811930959892));
#4549=CARTESIAN_POINT('',(-0.00107815370712089,-0.00286935718057671,0.00163210405855528));
#4550=CARTESIAN_POINT('',(-0.00107725109223094,-0.00295922458275724,0.00166984135957315));
#4551=CARTESIAN_POINT('',(-0.00106849825197352,-0.00307450770217706,0.00171926896652968));
#4552=CARTESIAN_POINT('',(-0.00101625414343765,-0.00330641917487394,0.00182146284756277));
#4553=CARTESIAN_POINT('',(-0.00092124644458074,-0.00352507784177568,0.00192175529703192));
#4554=CARTESIAN_POINT('',(-0.000767661166063916,-0.00375092362494061,0.00202829725462377));
#4555=CARTESIAN_POINT('',(-0.000516767232930409,-0.00394995532918328,0.00212602822880676));
#4556=CARTESIAN_POINT('',(-0.000204269987426285,-0.00404546474341151,0.00217397830151528));
#4557=CARTESIAN_POINT('',(-7.24444994238784E-5,-0.00405810055249667,0.00218034971056502));
#4558=CARTESIAN_POINT('',(2.8533602343319E-5,-0.00405960585255329,0.00218110826567061));
#4559=CARTESIAN_POINT('',(1.68035578093679E-5,-0.0040266301419915,0.00227080697897858));
#4560=CARTESIAN_POINT('',(1.68035577995541E-5,-0.00409586250007924,0.00208397429787824));
#4561=CARTESIAN_POINT('',(0.000346527586762439,-0.0040198576193526,0.00226829736602985));
#4562=CARTESIAN_POINT('',(0.000346527586752625,-0.00408908997744034,0.00208146468492951));
#4563=CARTESIAN_POINT('',(0.000996831429748697,-0.00372646238704076,0.00215957739438788));
#4564=CARTESIAN_POINT('',(0.000996831429738883,-0.0037956947451285,0.00197274471328754));
#4565=CARTESIAN_POINT('',(0.00113054078724242,-0.00307114907915081,0.00191674575847913));
#4566=CARTESIAN_POINT('',(0.0011305407872326,-0.00314038143723855,0.00172991307737879));
#4567=CARTESIAN_POINT('',(0.00113539525242119,-0.00276145592301331,0.00180198645964122));
#4568=CARTESIAN_POINT('',(0.00113539525241138,-0.00283068828110105,0.00161515377854088));
#4569=CARTESIAN_POINT('',(0.00113522091257829,-0.00280853937037071,0.00170876377917066));
#4570=CARTESIAN_POINT('',(0.00113522091256782,-0.0028413029451965,0.00162034693411991));
#4571=CARTESIAN_POINT('',(2.85336023446809E-5,-0.00405960585265977,0.00218110826572427));
#4572=CARTESIAN_POINT('',(0.000131410428774101,-0.00405757825638375,0.00218008651361544));
#4573=CARTESIAN_POINT('',(0.00026100421649697,-0.00404620051327787,0.00217431064763031));
#4574=CARTESIAN_POINT('',(0.000513004964256812,-0.00396201799833496,0.0021322141789918));
#4575=CARTESIAN_POINT('',(0.000646098125987955,-0.00388950252468947,0.00209630654786806));
#4576=CARTESIAN_POINT('',(0.000785938381082359,-0.00377682729041766,0.00204144967872204));
#4577=CARTESIAN_POINT('',(0.000868026305707239,-0.00368730559291003,0.00199848131599778));
#4578=CARTESIAN_POINT('',(0.000950753861453526,-0.00357362031328602,0.00194458795433971));
#4579=CARTESIAN_POINT('',(0.00102614852041349,-0.0034221381735095,0.0018745085756512));
#4580=CARTESIAN_POINT('',(0.00104712655241481,-0.00336436325842121,0.0018483162736591));
#4581=CARTESIAN_POINT('',(0.00108241723020249,-0.00326605530027442,0.00180378701579704));
#4582=CARTESIAN_POINT('',(0.00112052696857788,-0.00309454898991405,0.00172795065191689));
#4583=CARTESIAN_POINT('',(0.00113332243900736,-0.00294309139114172,0.00166317108765354));
#4584=CARTESIAN_POINT('',(0.00113446223938742,-0.00288813982843805,0.00163992937087684));
#4585=CARTESIAN_POINT('',(0.00113522091259155,-0.00284130186885657,0.00162034950773484));
#4586=CARTESIAN_POINT('',(0.00113522091254821,-0.00280823004746415,0.00170959852381013));
#4587=CARTESIAN_POINT('',(0.00113522091255906,-0.00284745472886272,0.00160374553057043));
#4588=CARTESIAN_POINT('',(0.00112980262482005,-0.00250205673912545,0.00159614353208215));
#4589=CARTESIAN_POINT('',(0.00112980262483089,-0.00254128142052403,0.00149029053884245));
#4590=CARTESIAN_POINT('',(0.000996051413404769,-0.00185919032000115,0.0013579241893722));
#4591=CARTESIAN_POINT('',(0.000996051413415614,-0.00189841500139973,0.00125207119613249));
#4592=CARTESIAN_POINT('',(0.000358205404313142,-0.00155248703025339,0.00124427280868874));
#4593=CARTESIAN_POINT('',(0.000358205404323986,-0.00159171171165196,0.00113841981544904));
#4594=CARTESIAN_POINT('',(2.99356548216929E-5,-0.00154646055360212,0.00124203964906872));
#4595=CARTESIAN_POINT('',(2.99356548325375E-5,-0.0015856852350007,0.00113618665582901));
#4596=CARTESIAN_POINT('',(0.00113522091255736,-0.00284130186885482,0.00162034950773411));
#4597=CARTESIAN_POINT('',(0.00113438896411156,-0.00279500674107304,0.00160099656678177));
#4598=CARTESIAN_POINT('',(0.00113353066655591,-0.00274123575447112,0.00157875787623675));
#4599=CARTESIAN_POINT('',(0.00112004851164449,-0.00258842503657605,0.00151643947616166));
#4600=CARTESIAN_POINT('',(0.0010883208041165,-0.0024161863711941,0.00144807968697881));
#4601=CARTESIAN_POINT('',(0.00101198031344081,-0.00221035824866725,0.00136948932144957));
#4602=CARTESIAN_POINT('',(0.000939118402604487,-0.00207785881893004,0.00132034435599535));
#4603=CARTESIAN_POINT('',(0.000866693157558138,-0.00197422115184679,0.00128257734330517));
#4604=CARTESIAN_POINT('',(0.000818001228206096,-0.00192006965420102,0.00126317528512153));
#4605=CARTESIAN_POINT('',(0.000775655651688137,-0.00187331578930539,0.00124642619652533));
#4606=CARTESIAN_POINT('',(0.000641461962221408,-0.00176021340674009,0.00120662993628322));
#4607=CARTESIAN_POINT('',(0.000493915339257152,-0.00167904605028538,0.00117869134784737));
#4608=CARTESIAN_POINT('',(0.000394839848335041,-0.00163928593552739,0.00116512285237288));
#4609=CARTESIAN_POINT('',(0.000268294477833104,-0.0016037427968742,0.00115306819517873));
#4610=CARTESIAN_POINT('',(0.000144992291361282,-0.00158519780322189,0.00114681602996027));
#4611=CARTESIAN_POINT('',(8.09478582636573E-5,-0.00158307652811204,0.00114610146767077));
#4612=CARTESIAN_POINT('',(2.99356548315539E-5,-0.00158212962554609,0.00114578252255674));
#4613=CARTESIAN_POINT('',(-0.000147258665221705,0.00145607314285714,0.00049006680230292));
#4614=CARTESIAN_POINT('',(-0.000147258665221705,0.00405091462210286,0.000319381061693431));
#4615=CARTESIAN_POINT('',(-0.000147258665221705,0.00405091462210286,0.000150719794007902));
#4616=CARTESIAN_POINT('',(-0.000147258665221705,0.00145607314285714,0.000319381061693431));
#4617=CARTESIAN_POINT('',(-0.000147258665221705,0.00145607314285714,0.000393928588910673));
#4618=CARTESIAN_POINT('',(-0.000147258665221705,0.00452905497523681,0.0192161691263414));
#4619=CARTESIAN_POINT('',(-0.000147258665221705,0.00145607314285714,0.000393951620310219));
#4620=CARTESIAN_POINT('',(0.000178428926796899,0.00145607314285714,0.000440997240748175));
#4621=CARTESIAN_POINT('',(0.000178428926796899,0.00145607314285714,0.000393928588910673));
#4622=CARTESIAN_POINT('',(0.000178428926803293,0.00145607314285714,0.000393928588910674));
#4623=CARTESIAN_POINT('',(0.000178428926796899,0.00145607314285714,0.000148695321083942));
#4624=CARTESIAN_POINT('',(0.000178428926796899,0.00405091462210286,0.000319381061693431));
#4625=CARTESIAN_POINT('',(0.000178428926796899,0.00405091462210286,0.000150719794007902));
#4626=CARTESIAN_POINT('',(0.000178428926796899,0.00452905497523681,0.0192161691263414));
#4627=CARTESIAN_POINT('',(-0.000147258665221705,0.00405091462210286,0.000244810503817518));
#4628=CARTESIAN_POINT('',(1.55851307875969E-5,0.00405091462210286,0.000150719262941606));
#4629=CARTESIAN_POINT('',(0.00070051413728003,0.00446373010933007,0.0190950780109062));
#4630=CARTESIAN_POINT('',(3.1805058898709E-5,-0.00186745145682409,0.00124442624582298));
#4631=CARTESIAN_POINT('',(0.000109967278108214,-0.00186926487903165,0.00124506942151221));
#4632=CARTESIAN_POINT('',(0.000206071784438266,-0.00188047657875695,0.00124903640736405));
#4633=CARTESIAN_POINT('',(0.000445548783454214,-0.00197019638639416,0.00128103091771719));
#4634=CARTESIAN_POINT('',(0.000658914174823129,-0.0021784886437042,0.00135688227571415));
#4635=CARTESIAN_POINT('',(0.000765080357779614,-0.00244818957794264,0.0014604093439717));
#4636=CARTESIAN_POINT('',(0.00080050792767283,-0.0026712231506755,0.0015499638996015));
#4637=CARTESIAN_POINT('',(0.000805653638891974,-0.00277250329637302,0.00159160035188026));
#4638=CARTESIAN_POINT('',(0.000806205765911086,-0.00283888253899382,0.00161933834214199));
#4639=CARTESIAN_POINT('',(3.1805058898709E-5,-0.00186745176093816,0.00124442538837882));
#4640=CARTESIAN_POINT('',(0.000806205766579145,-0.00283888359365655,0.00161933574418106));
#4641=CARTESIAN_POINT('',(0.000806205766584811,-0.00283888251264398,0.00161933833113115));
#4642=CARTESIAN_POINT('',(0.000805124016865826,-0.00291032368309913,0.0016491915563825));
#4643=CARTESIAN_POINT('',(0.000802149637745306,-0.00300020658755492,0.00168738948805327));
#4644=CARTESIAN_POINT('',(0.000766155932475976,-0.00323271378511311,0.00178832846832513));
#4645=CARTESIAN_POINT('',(0.000658806623810097,-0.00348913870523296,0.00190459475792575));
#4646=CARTESIAN_POINT('',(0.000443678949852182,-0.00369234066764027,0.00200079583533839));
#4647=CARTESIAN_POINT('',(0.000201807575505844,-0.00377641065713052,0.00204133689116844));
#4648=CARTESIAN_POINT('',(0.000108377136471543,-0.00378546077575834,0.00204572366976164));
#4649=CARTESIAN_POINT('',(2.7131548993304E-5,-0.00378752254474529,0.00204672154758419));
#4650=CARTESIAN_POINT('',(2.71315489941083E-5,-0.00378750042440825,0.00204676725118505));
#4651=CARTESIAN_POINT('',(2.7131548994913E-5,-0.00378752254441899,0.00204672154742627));
#4652=CARTESIAN_POINT('',(-5.14392360813604E-5,-0.00378552441142986,0.00204575446885981));
#4653=CARTESIAN_POINT('',(-0.000140756295704854,-0.0037770975840198,0.00204166852335224));
#4654=CARTESIAN_POINT('',(-0.000377888936861447,-0.00369646006002789,0.00200278326643527));
#4655=CARTESIAN_POINT('',(-0.00058926594094296,-0.00350543729386131,0.00191222111551));
#4656=CARTESIAN_POINT('',(-0.000705705721153442,-0.00325644213970482,0.00179895175641569));
#4657=CARTESIAN_POINT('',(-0.00074416816407563,-0.00303115034246428,0.0017006955769094));
#4658=CARTESIAN_POINT('',(-0.000748151004765685,-0.00294148072883298,0.00166240861703242));
#4659=CARTESIAN_POINT('',(-0.000749138561109102,-0.00287322554606957,0.00163372897446064));
#4660=CARTESIAN_POINT('',(-0.000749138561116608,-0.00287322654183082,0.00163372660463087));
#4661=CARTESIAN_POINT('',(-0.00074913856112036,-0.00287322554606948,0.0016337289744606));
#4662=CARTESIAN_POINT('',(-0.000747945415426103,-0.00279825323202282,0.00160222690996404));
#4663=CARTESIAN_POINT('',(-0.000745093707801008,-0.00270614816166335,0.00156424698736147));
#4664=CARTESIAN_POINT('',(-0.000724837975486978,-0.00252841358337309,0.00149239326351691));
#4665=CARTESIAN_POINT('',(-0.000673389232203659,-0.00233994706132152,0.00141882595846418));
#4666=CARTESIAN_POINT('',(-0.000581667538252419,-0.00214947481065624,0.00134648674944919));
#4667=CARTESIAN_POINT('',(-0.00039413686538002,-0.00197067619843104,0.00128117078244031));
#4668=CARTESIAN_POINT('',(-0.000148473966487642,-0.00188130898044727,0.00124933893407945));
#4669=CARTESIAN_POINT('',(-5.10908606299247E-5,-0.00186919124166224,0.00124504330417008));
#4670=CARTESIAN_POINT('',(3.1805057478782E-5,-0.00186745144479364,0.00124442624155608));
#4671=CARTESIAN_POINT('',(0.000113291408416195,0.00452905497523681,0.0192161691263414));
#4672=CARTESIAN_POINT('',(1.83546060028361E-5,-0.00381280968185236,0.00197917308800584));
#4673=CARTESIAN_POINT('',(1.83546060154207E-5,-0.00375462196149742,0.00213620035265945));
#4674=CARTESIAN_POINT('',(0.000141719921666022,-0.0038095876040276,0.00197797912105115));
#4675=CARTESIAN_POINT('',(0.000141719921678606,-0.00375139988367266,0.00213500638570476));
#4676=CARTESIAN_POINT('',(0.00038852308222839,-0.0037627716732019,0.00196063109999152));
#4677=CARTESIAN_POINT('',(0.000388523082240975,-0.00370458395284696,0.00211765836464512));
#4678=CARTESIAN_POINT('',(0.000750673443570473,-0.0034215840857845,0.00183420128556679));
#4679=CARTESIAN_POINT('',(0.000750673443583057,-0.00336339636542956,0.0019912285502204));
#4680=CARTESIAN_POINT('',(0.000802878839514153,-0.00306238585142637,0.00170109748057102));
#4681=CARTESIAN_POINT('',(0.000802878839526737,-0.00300419813107143,0.00185812474522463));
#4682=CARTESIAN_POINT('',(0.000806328497447285,-0.00283099725914596,0.00161535457006003));
#4683=CARTESIAN_POINT('',(0.00080632849745987,-0.00277280953879102,0.00177238183471364));
#4684=CARTESIAN_POINT('',(0.000806205766579845,-0.00283888359390819,0.00161933574452422));
#4685=CARTESIAN_POINT('',(0.000806205766579042,-0.00280612001879977,0.00170775258914587));
#4686=CARTESIAN_POINT('',(2.7131548990757E-5,-0.00375475588256734,0.00213514477134866));
#4687=CARTESIAN_POINT('',(0.000111376094078686,-0.00375261802367123,0.00213411002938086));
#4688=CARTESIAN_POINT('',(0.000208797275223528,-0.00374177847665883,0.00212885523569045));
#4689=CARTESIAN_POINT('',(0.000382819605758175,-0.00368046233744716,0.00209930644818141));
#4690=CARTESIAN_POINT('',(0.00052430724727821,-0.00358068017217873,0.0020518291717728));
#4691=CARTESIAN_POINT('',(0.000620418805680923,-0.00347530741531871,0.00200255754788861));
#4692=CARTESIAN_POINT('',(0.000690137601605228,-0.00336549859006573,0.00195203422458643));
#4693=CARTESIAN_POINT('',(0.000752043455506272,-0.00322151558454671,0.00188699284765715));
#4694=CARTESIAN_POINT('',(0.000768191473665278,-0.00316102458384249,0.00186010471922849));
#4695=CARTESIAN_POINT('',(0.00080440355547616,-0.00295954442101769,0.00177231175859013));
#4696=CARTESIAN_POINT('',(0.000805132460817554,-0.00287700294249843,0.00173737419299224));
#4697=CARTESIAN_POINT('',(0.000806205766585671,-0.00280611949738121,0.00170775383639566));
#4698=CARTESIAN_POINT('',(2.71315493647228E-5,-0.00375473684898991,0.00213518409588863));
#4699=CARTESIAN_POINT('',(2.71315497379845E-5,-0.00375473684911343,0.00213518409591083));
#4700=CARTESIAN_POINT('',(0.000806271856208994,-0.00285285653902499,0.0016068147621257));
#4701=CARTESIAN_POINT('',(0.000806271856208994,-0.0028140965688992,0.00171141367088577));
#4702=CARTESIAN_POINT('',(0.000804456589760345,-0.0026235326925989,0.00152183695937447));
#4703=CARTESIAN_POINT('',(0.000804456589760346,-0.00258477272247311,0.00162643586813454));
#4704=CARTESIAN_POINT('',(0.000739181515767454,-0.00214177108213949,0.00134331630509123));
#4705=CARTESIAN_POINT('',(0.000739181515767454,-0.0021030111120137,0.0014479152138513));
#4706=CARTESIAN_POINT('',(0.000278210651450208,-0.00187403834058972,0.0012441057761557));
#4707=CARTESIAN_POINT('',(0.000278210651450208,-0.00183527837046393,0.00134870468491577));
#4708=CARTESIAN_POINT('',(3.18050590557797E-5,-0.00186835112596022,0.00124199833285872));
#4709=CARTESIAN_POINT('',(3.18050590557797E-5,-0.00182959115583442,0.00134659724161879));
#4710=CARTESIAN_POINT('',(3.18050603860465E-5,-0.00186745176079211,0.00124442538887831));
#4711=CARTESIAN_POINT('',(3.18050599138311E-5,-0.00183468818366396,0.00133284223793409));
#4712=CARTESIAN_POINT('',(0.000806205766578238,-0.00280611949738112,0.00170775383639562));
#4713=CARTESIAN_POINT('',(0.000805617743487297,-0.00273542471602203,0.00167821231749919));
#4714=CARTESIAN_POINT('',(0.000801441982423134,-0.00265289733665213,0.00164430486449959));
#4715=CARTESIAN_POINT('',(0.000767498493610947,-0.00241912675062609,0.00155016061966872));
#4716=CARTESIAN_POINT('',(0.000652293454275943,-0.00214282670990682,0.00144426062124763));
#4717=CARTESIAN_POINT('',(0.000462993156880327,-0.00194242764805139,0.00137122764107845));
#4718=CARTESIAN_POINT('',(0.000175996222984258,-0.00183930027684041,0.00133446146858711));
#4719=CARTESIAN_POINT('',(9.63798931118883E-5,-0.00183618527747846,0.00133337668495096));
#4720=CARTESIAN_POINT('',(3.1805059441259E-5,-0.0018346870868468,0.00133284533027313));
#4721=CARTESIAN_POINT('',(3.18050603839663E-5,-0.00186835576840366,0.00124198580440816));
#4722=CARTESIAN_POINT('',(3.18050603874214E-5,-0.00182904546765342,0.00134806985426671));
#4723=CARTESIAN_POINT('',(-0.000221986473607887,-0.00187365471228893,0.00124394937083443));
#4724=CARTESIAN_POINT('',(-0.000221986473604432,-0.00183434441153869,0.00135003342069299));
#4725=CARTESIAN_POINT('',(-0.000713392542537296,-0.00214053943733429,0.00134284565941754));
#4726=CARTESIAN_POINT('',(-0.000713392542533841,-0.00210122913658405,0.0014489297092761));
#4727=CARTESIAN_POINT('',(-0.000745645049173046,-0.00265133996735085,0.00153212691786514));
#4728=CARTESIAN_POINT('',(-0.000745645049169591,-0.00261202966660061,0.0016382109677237));
#4729=CARTESIAN_POINT('',(-0.000749269732555692,-0.00288800935039836,0.00161982666762384));
#4730=CARTESIAN_POINT('',(-0.000749269732552237,-0.00284869904964812,0.00172591071748239));
#4731=CARTESIAN_POINT('',(-0.000749138561117829,-0.00287322654133276,0.0016337266047432));
#4732=CARTESIAN_POINT('',(-0.000749138561111967,-0.00284046296645149,0.00172214344944763));
#4733=CARTESIAN_POINT('',(3.1805059441615E-5,-0.00183468708709416,0.00133284533036086));
#4734=CARTESIAN_POINT('',(-2.38103689383103E-5,-0.00183585645379783,0.00133326006294227));
#4735=CARTESIAN_POINT('',(-9.09478085029606E-5,-0.0018407056748625,0.00133498128888003));
#4736=CARTESIAN_POINT('',(-0.000265566305561384,-0.00188131168029215,0.00134939915001035));
#4737=CARTESIAN_POINT('',(-0.000455730384991469,-0.00199749582626506,0.00139121072060185));
#4738=CARTESIAN_POINT('',(-0.000586817656096792,-0.00213516322783212,0.00144203946011511));
#4739=CARTESIAN_POINT('',(-0.000664080244178687,-0.00228900980955903,0.0015003512160332));
#4740=CARTESIAN_POINT('',(-0.000702398821981507,-0.00240713280870977,0.00154614298238307));
#4741=CARTESIAN_POINT('',(-0.000733599398796243,-0.00256108328981546,0.00160708113752239));
#4742=CARTESIAN_POINT('',(-0.000746440988497728,-0.00270522056916812,0.00166578981919413));
#4743=CARTESIAN_POINT('',(-0.000748178645360867,-0.00278014543190168,0.0016968001912159));
#4744=CARTESIAN_POINT('',(-0.000749138561118111,-0.00284046249717856,0.00172214456578254));
#4745=CARTESIAN_POINT('',(-0.000749252570233081,-0.00286555964883624,0.00162983673516012));
#4746=CARTESIAN_POINT('',(-0.00074925257023308,-0.00280792086177915,0.00178538263112884));
#4747=CARTESIAN_POINT('',(-0.000746048269121995,-0.00309068814739631,0.00171325991716163));
#4748=CARTESIAN_POINT('',(-0.000746048269121995,-0.00303304936033923,0.00186880581313035));
#4749=CARTESIAN_POINT('',(-0.000684924774123536,-0.00343502647946401,0.00184085726503144));
#4750=CARTESIAN_POINT('',(-0.000684924774123536,-0.00337738769240692,0.00199640316100015));
#4751=CARTESIAN_POINT('',(-0.000325897600785478,-0.00376307630063509,0.00196241877373493));
#4752=CARTESIAN_POINT('',(-0.000325897600785478,-0.00370543751357801,0.00211796466970365));
#4753=CARTESIAN_POINT('',(-8.50742001434851E-5,-0.00380909263566713,0.00197947049804782));
#4754=CARTESIAN_POINT('',(-8.5074200143485E-5,-0.00375145384861004,0.00213501639401654));
#4755=CARTESIAN_POINT('',(3.57260955370861E-5,-0.00381225989502191,0.00198064415156255));
#4756=CARTESIAN_POINT('',(3.57260955370862E-5,-0.00375462110796483,0.00213619004753127));
#4757=CARTESIAN_POINT('',(-0.000749138561106101,-0.00284046249754072,0.00172214456593472));
#4758=CARTESIAN_POINT('',(-0.000747170670808576,-0.00297647353206219,0.00177929447182761));
#4759=CARTESIAN_POINT('',(-0.000744890234093156,-0.00305159290951583,0.00181164707227654));
#4760=CARTESIAN_POINT('',(-0.000665572733620168,-0.00331825019436752,0.00193025160643874));
#4761=CARTESIAN_POINT('',(-0.000543943224814772,-0.00351363176778762,0.00202008364144921));
#4762=CARTESIAN_POINT('',(-0.000373448238096553,-0.00366451201258044,0.00209159994275423));
#4763=CARTESIAN_POINT('',(-0.00014928927087948,-0.003742210672739,0.00212906831618549));
#4764=CARTESIAN_POINT('',(-5.4138886734043E-5,-0.00375268910868119,0.00213414443513294));
#4765=CARTESIAN_POINT('',(2.7131548991461E-5,-0.00375475588232497,0.00213514477123135));
#4766=CARTESIAN_POINT('',(0.000500736140624649,0.00449495461144693,0.0191797003405615));
#4767=CARTESIAN_POINT('',(-0.00433,-0.0066,-0.01015));
#4768=MECHANICAL_DESIGN_GEOMETRIC_PRESENTATION_REPRESENTATION('',(#2202,
#2059,#2060,#2061,#2062,#2063,#2064,#2065,#2066,#2067,#2068,#2069,#2070,
#2071,#2072,#2073,#2074,#2075,#2076,#2077,#2078),#4769);
#4769=(
GEOMETRIC_REPRESENTATION_CONTEXT(3)
GLOBAL_UNCERTAINTY_ASSIGNED_CONTEXT((#4770))
GLOBAL_UNIT_ASSIGNED_CONTEXT((#4773,#4772,#4771))
REPRESENTATION_CONTEXT('rocker switch KCD11 v1',
'TOP_LEVEL_ASSEMBLY_PART')
);
#4770=UNCERTAINTY_MEASURE_WITH_UNIT(LENGTH_MEASURE(2.E-5),#4773,
'DISTANCE_ACCURACY_VALUE','Maximum Tolerance applied to model');
#4771=(
NAMED_UNIT(*)
SI_UNIT($,.STERADIAN.)
SOLID_ANGLE_UNIT()
);
#4772=(
NAMED_UNIT(*)
PLANE_ANGLE_UNIT()
SI_UNIT($,.RADIAN.)
);
#4773=(
LENGTH_UNIT()
NAMED_UNIT(*)
SI_UNIT($,.METRE.)
);
#4774=PRODUCT_DEFINITION_SHAPE('','',#4775);
#4775=PRODUCT_DEFINITION('','',#4777,#4776);
#4776=PRODUCT_DEFINITION_CONTEXT('',#4783,'design');
#4777=PRODUCT_DEFINITION_FORMATION_WITH_SPECIFIED_SOURCE('','',#4779,
 .NOT_KNOWN.);
#4778=PRODUCT_RELATED_PRODUCT_CATEGORY('','',(#4779));
#4779=PRODUCT('rocker switch KCD11 v1','rocker switch KCD11 v1',
'rocker switch KCD11 v1',(#4781));
#4780=PRODUCT_CATEGORY('','');
#4781=PRODUCT_CONTEXT('',#4783,'mechanical');
#4782=APPLICATION_PROTOCOL_DEFINITION('international standard',
'ap242_managed_model_based_3d_engineering',2020,#4783);
#4783=APPLICATION_CONTEXT('managed model based 3d engineering');
ENDSEC;
END-ISO-10303-21;
