ISO-10303-21;
HEADER;
/* Generated by software containing ST-Developer
 * from STEP Tools, Inc. (www.steptools.com) 
 */
/* OPTION: using custom renumber hook */

FILE_DESCRIPTION(
/* description */ ('STEP AP242 Edition 2',
'CAx-IF Rec.Pracs.---Representation and Presentation of Product Manufa
cturing Information (PMI)---4.0---2014-10-13',
'CAx-IF Rec.Pracs.---3D Tessellated Geometry---0.4---2014-09-14','2;1',
'CAx-IF Rec.Pracs.---User Defined Attributes---1.5---2016-08-15'),
/* implementation_level */ '2;1');

FILE_NAME(
/* name */ 'drzak_switch',
/* time_stamp */ '2026-07-12T15:52:12Z',
/* author */ (''),
/* organization */ (''),
/* preprocessor_version */ 'ST-DEVELOPER v20',
/* originating_system */ 'ONSHAPE BY PTC INC, 1.217',
/* authorisation */ '  ');

FILE_SCHEMA (('AP242_MANAGED_MODEL_BASED_3D_ENGINEERING_MIM_LF { 1 0 10303 442 3 1 4 }'));
ENDSEC;

DATA;
#10=SHAPE_REPRESENTATION_RELATIONSHIP('','',#1570,#11);
#11=ADVANCED_BREP_SHAPE_REPRESENTATION('',(#1568),#2631);
#12=CONICAL_SURFACE('',#1710,0.006,0.785398163397449);
#13=CONICAL_SURFACE('',#1711,0.006,0.785398163397448);
#14=CONICAL_SURFACE('',#1712,0.006,0.785398163397449);
#15=CONICAL_SURFACE('',#1713,0.006,0.78539816339745);
#16=CONICAL_SURFACE('',#1714,0.006,0.785398163397448);
#17=CONICAL_SURFACE('',#1715,0.006,0.785398163397448);
#18=CONICAL_SURFACE('',#1716,0.006,0.785398163397448);
#19=CONICAL_SURFACE('',#1717,0.006,0.785398163397448);
#20=B_SPLINE_CURVE_WITH_KNOTS('',3,(#2532,#2533,#2534,#2535),
 .UNSPECIFIED.,.F.,.F.,(4,4),(0.,0.00428859497545429),.UNSPECIFIED.);
#21=B_SPLINE_CURVE_WITH_KNOTS('',3,(#2539,#2540,#2541,#2542),
 .UNSPECIFIED.,.F.,.F.,(4,4),(0.,0.0042885949754547),.UNSPECIFIED.);
#22=B_SPLINE_CURVE_WITH_KNOTS('',3,(#2544,#2545,#2546,#2547),
 .UNSPECIFIED.,.F.,.F.,(4,4),(0.,0.00428859497545465),.UNSPECIFIED.);
#23=B_SPLINE_CURVE_WITH_KNOTS('',3,(#2552,#2553,#2554,#2555),
 .UNSPECIFIED.,.F.,.F.,(4,4),(7.35980840008019E-18,0.0042885949754543),
 .UNSPECIFIED.);
#24=B_SPLINE_CURVE_WITH_KNOTS('',3,(#2557,#2558,#2559,#2560),
 .UNSPECIFIED.,.F.,.F.,(4,4),(0.,0.00428859497545429),.UNSPECIFIED.);
#25=B_SPLINE_CURVE_WITH_KNOTS('',3,(#2562,#2563,#2564,#2565),
 .UNSPECIFIED.,.F.,.F.,(4,4),(0.,0.0042885949754543),.UNSPECIFIED.);
#26=B_SPLINE_CURVE_WITH_KNOTS('',3,(#2569,#2570,#2571,#2572),
 .UNSPECIFIED.,.F.,.F.,(4,4),(0.,0.00428859497545471),.UNSPECIFIED.);
#27=B_SPLINE_CURVE_WITH_KNOTS('',3,(#2573,#2574,#2575,#2576),
 .UNSPECIFIED.,.F.,.F.,(4,4),(0.,0.00428859497545465),.UNSPECIFIED.);
#28=B_SPLINE_CURVE_WITH_KNOTS('',3,(#2582,#2583,#2584,#2585),
 .UNSPECIFIED.,.F.,.F.,(4,4),(0.,0.00428859497545444),.UNSPECIFIED.);
#29=B_SPLINE_CURVE_WITH_KNOTS('',3,(#2586,#2587,#2588,#2589),
 .UNSPECIFIED.,.F.,.F.,(4,4),(0.,0.00428859497545441),.UNSPECIFIED.);
#30=B_SPLINE_CURVE_WITH_KNOTS('',3,(#2591,#2592,#2593,#2594),
 .UNSPECIFIED.,.F.,.F.,(4,4),(0.,0.00428859497545457),.UNSPECIFIED.);
#31=B_SPLINE_CURVE_WITH_KNOTS('',3,(#2596,#2597,#2598,#2599),
 .UNSPECIFIED.,.F.,.F.,(4,4),(0.,0.0042885949754546),.UNSPECIFIED.);
#32=B_SPLINE_CURVE_WITH_KNOTS('',3,(#2603,#2604,#2605,#2606),
 .UNSPECIFIED.,.F.,.F.,(4,4),(0.,0.00428859497545444),.UNSPECIFIED.);
#33=B_SPLINE_CURVE_WITH_KNOTS('',3,(#2607,#2608,#2609,#2610),
 .UNSPECIFIED.,.F.,.F.,(4,4),(0.,0.00428859497545441),.UNSPECIFIED.);
#34=B_SPLINE_CURVE_WITH_KNOTS('',3,(#2612,#2613,#2614,#2615),
 .UNSPECIFIED.,.F.,.F.,(4,4),(0.,0.00428859497545457),.UNSPECIFIED.);
#35=B_SPLINE_CURVE_WITH_KNOTS('',3,(#2617,#2618,#2619,#2620),
 .UNSPECIFIED.,.F.,.F.,(4,4),(0.,0.0042885949754546),.UNSPECIFIED.);
#36=CYLINDRICAL_SURFACE('',#1582,0.006);
#37=CYLINDRICAL_SURFACE('',#1588,0.006);
#38=CYLINDRICAL_SURFACE('',#1609,0.00299790244642545);
#39=CYLINDRICAL_SURFACE('',#1611,0.00299790244642545);
#40=CYLINDRICAL_SURFACE('',#1613,0.00299790244642557);
#41=CYLINDRICAL_SURFACE('',#1616,0.00250000000001);
#42=CYLINDRICAL_SURFACE('',#1618,0.00250000000001003);
#43=CYLINDRICAL_SURFACE('',#1653,0.006);
#44=CYLINDRICAL_SURFACE('',#1659,0.006);
#45=CYLINDRICAL_SURFACE('',#1668,0.0016);
#46=CYLINDRICAL_SURFACE('',#1674,0.0016);
#47=CYLINDRICAL_SURFACE('',#1680,0.0016);
#48=CYLINDRICAL_SURFACE('',#1686,0.0016);
#49=CYLINDRICAL_SURFACE('',#1689,0.003);
#50=CYLINDRICAL_SURFACE('',#1690,0.003);
#51=CYLINDRICAL_SURFACE('',#1691,0.003);
#52=CYLINDRICAL_SURFACE('',#1692,0.003);
#53=CIRCLE('',#1575,0.009);
#54=CIRCLE('',#1576,0.009);
#55=CIRCLE('',#1578,0.00250000000001);
#56=CIRCLE('',#1579,0.00250000000001003);
#57=CIRCLE('',#1580,0.009);
#58=CIRCLE('',#1581,0.009);
#59=CIRCLE('',#1583,0.006);
#60=CIRCLE('',#1584,0.006);
#61=CIRCLE('',#1585,0.006);
#62=CIRCLE('',#1586,0.006);
#63=CIRCLE('',#1587,0.006);
#64=CIRCLE('',#1589,0.006);
#65=CIRCLE('',#1590,0.006);
#66=CIRCLE('',#1591,0.006);
#67=CIRCLE('',#1592,0.006);
#68=CIRCLE('',#1593,0.006);
#69=CIRCLE('',#1595,0.00299790244642545);
#70=CIRCLE('',#1597,0.009);
#71=CIRCLE('',#1598,0.009);
#72=CIRCLE('',#1599,0.009);
#73=CIRCLE('',#1600,0.009);
#74=CIRCLE('',#1602,0.00299790244642545);
#75=CIRCLE('',#1610,0.00299790244642545);
#76=CIRCLE('',#1612,0.00299790244642545);
#77=CIRCLE('',#1614,0.00299790244642557);
#78=CIRCLE('',#1615,0.00299790244642557);
#79=CIRCLE('',#1617,0.00250000000001);
#80=CIRCLE('',#1619,0.00250000000001003);
#81=CIRCLE('',#1624,0.003);
#82=CIRCLE('',#1625,0.003);
#83=CIRCLE('',#1626,0.003);
#84=CIRCLE('',#1627,0.003);
#85=CIRCLE('',#1654,0.006);
#86=CIRCLE('',#1655,0.006);
#87=CIRCLE('',#1656,0.006);
#88=CIRCLE('',#1657,0.006);
#89=CIRCLE('',#1658,0.006);
#90=CIRCLE('',#1660,0.006);
#91=CIRCLE('',#1661,0.006);
#92=CIRCLE('',#1662,0.006);
#93=CIRCLE('',#1663,0.006);
#94=CIRCLE('',#1664,0.006);
#95=CIRCLE('',#1666,0.0016);
#96=CIRCLE('',#1667,0.003);
#97=CIRCLE('',#1669,0.0016);
#98=CIRCLE('',#1672,0.0016);
#99=CIRCLE('',#1673,0.003);
#100=CIRCLE('',#1675,0.0016);
#101=CIRCLE('',#1678,0.0016);
#102=CIRCLE('',#1679,0.003);
#103=CIRCLE('',#1681,0.0016);
#104=CIRCLE('',#1684,0.0016);
#105=CIRCLE('',#1685,0.003);
#106=CIRCLE('',#1687,0.0016);
#107=ORIENTED_EDGE('',*,*,#515,.T.);
#108=ORIENTED_EDGE('',*,*,#516,.T.);
#109=ORIENTED_EDGE('',*,*,#517,.F.);
#110=ORIENTED_EDGE('',*,*,#518,.T.);
#111=ORIENTED_EDGE('',*,*,#519,.T.);
#112=ORIENTED_EDGE('',*,*,#520,.T.);
#113=ORIENTED_EDGE('',*,*,#521,.F.);
#114=ORIENTED_EDGE('',*,*,#522,.T.);
#115=ORIENTED_EDGE('',*,*,#523,.F.);
#116=ORIENTED_EDGE('',*,*,#524,.T.);
#117=ORIENTED_EDGE('',*,*,#525,.F.);
#118=ORIENTED_EDGE('',*,*,#526,.T.);
#119=ORIENTED_EDGE('',*,*,#527,.T.);
#120=ORIENTED_EDGE('',*,*,#528,.F.);
#121=ORIENTED_EDGE('',*,*,#529,.T.);
#122=ORIENTED_EDGE('',*,*,#530,.T.);
#123=ORIENTED_EDGE('',*,*,#531,.F.);
#124=ORIENTED_EDGE('',*,*,#532,.F.);
#125=ORIENTED_EDGE('',*,*,#533,.T.);
#126=ORIENTED_EDGE('',*,*,#534,.T.);
#127=ORIENTED_EDGE('',*,*,#535,.F.);
#128=ORIENTED_EDGE('',*,*,#536,.F.);
#129=ORIENTED_EDGE('',*,*,#537,.T.);
#130=ORIENTED_EDGE('',*,*,#538,.T.);
#131=ORIENTED_EDGE('',*,*,#539,.F.);
#132=ORIENTED_EDGE('',*,*,#540,.T.);
#133=ORIENTED_EDGE('',*,*,#541,.T.);
#134=ORIENTED_EDGE('',*,*,#542,.F.);
#135=ORIENTED_EDGE('',*,*,#543,.T.);
#136=ORIENTED_EDGE('',*,*,#544,.T.);
#137=ORIENTED_EDGE('',*,*,#545,.T.);
#138=ORIENTED_EDGE('',*,*,#546,.T.);
#139=ORIENTED_EDGE('',*,*,#547,.F.);
#140=ORIENTED_EDGE('',*,*,#548,.F.);
#141=ORIENTED_EDGE('',*,*,#549,.T.);
#142=ORIENTED_EDGE('',*,*,#550,.T.);
#143=ORIENTED_EDGE('',*,*,#551,.F.);
#144=ORIENTED_EDGE('',*,*,#552,.T.);
#145=ORIENTED_EDGE('',*,*,#553,.T.);
#146=ORIENTED_EDGE('',*,*,#554,.T.);
#147=ORIENTED_EDGE('',*,*,#555,.T.);
#148=ORIENTED_EDGE('',*,*,#556,.F.);
#149=ORIENTED_EDGE('',*,*,#557,.T.);
#150=ORIENTED_EDGE('',*,*,#558,.T.);
#151=ORIENTED_EDGE('',*,*,#559,.T.);
#152=ORIENTED_EDGE('',*,*,#560,.T.);
#153=ORIENTED_EDGE('',*,*,#561,.T.);
#154=ORIENTED_EDGE('',*,*,#562,.T.);
#155=ORIENTED_EDGE('',*,*,#563,.F.);
#156=ORIENTED_EDGE('',*,*,#564,.F.);
#157=ORIENTED_EDGE('',*,*,#565,.T.);
#158=ORIENTED_EDGE('',*,*,#566,.T.);
#159=ORIENTED_EDGE('',*,*,#567,.T.);
#160=ORIENTED_EDGE('',*,*,#568,.T.);
#161=ORIENTED_EDGE('',*,*,#569,.T.);
#162=ORIENTED_EDGE('',*,*,#570,.F.);
#163=ORIENTED_EDGE('',*,*,#571,.T.);
#164=ORIENTED_EDGE('',*,*,#572,.F.);
#165=ORIENTED_EDGE('',*,*,#573,.T.);
#166=ORIENTED_EDGE('',*,*,#574,.T.);
#167=ORIENTED_EDGE('',*,*,#575,.T.);
#168=ORIENTED_EDGE('',*,*,#576,.F.);
#169=ORIENTED_EDGE('',*,*,#577,.F.);
#170=ORIENTED_EDGE('',*,*,#578,.F.);
#171=ORIENTED_EDGE('',*,*,#579,.T.);
#172=ORIENTED_EDGE('',*,*,#580,.T.);
#173=ORIENTED_EDGE('',*,*,#581,.F.);
#174=ORIENTED_EDGE('',*,*,#582,.T.);
#175=ORIENTED_EDGE('',*,*,#583,.F.);
#176=ORIENTED_EDGE('',*,*,#584,.F.);
#177=ORIENTED_EDGE('',*,*,#539,.T.);
#178=ORIENTED_EDGE('',*,*,#585,.T.);
#179=ORIENTED_EDGE('',*,*,#586,.F.);
#180=ORIENTED_EDGE('',*,*,#585,.F.);
#181=ORIENTED_EDGE('',*,*,#542,.T.);
#182=ORIENTED_EDGE('',*,*,#587,.T.);
#183=ORIENTED_EDGE('',*,*,#588,.T.);
#184=ORIENTED_EDGE('',*,*,#587,.F.);
#185=ORIENTED_EDGE('',*,*,#541,.F.);
#186=ORIENTED_EDGE('',*,*,#589,.T.);
#187=ORIENTED_EDGE('',*,*,#590,.T.);
#188=ORIENTED_EDGE('',*,*,#591,.F.);
#189=ORIENTED_EDGE('',*,*,#574,.F.);
#190=ORIENTED_EDGE('',*,*,#592,.T.);
#191=ORIENTED_EDGE('',*,*,#593,.F.);
#192=ORIENTED_EDGE('',*,*,#592,.F.);
#193=ORIENTED_EDGE('',*,*,#577,.T.);
#194=ORIENTED_EDGE('',*,*,#594,.T.);
#195=ORIENTED_EDGE('',*,*,#595,.F.);
#196=ORIENTED_EDGE('',*,*,#594,.F.);
#197=ORIENTED_EDGE('',*,*,#576,.T.);
#198=ORIENTED_EDGE('',*,*,#596,.T.);
#199=ORIENTED_EDGE('',*,*,#582,.F.);
#200=ORIENTED_EDGE('',*,*,#597,.T.);
#201=ORIENTED_EDGE('',*,*,#565,.F.);
#202=ORIENTED_EDGE('',*,*,#598,.T.);
#203=ORIENTED_EDGE('',*,*,#599,.F.);
#204=ORIENTED_EDGE('',*,*,#600,.T.);
#205=ORIENTED_EDGE('',*,*,#543,.F.);
#206=ORIENTED_EDGE('',*,*,#601,.T.);
#207=ORIENTED_EDGE('',*,*,#544,.F.);
#208=ORIENTED_EDGE('',*,*,#602,.T.);
#209=ORIENTED_EDGE('',*,*,#603,.T.);
#210=ORIENTED_EDGE('',*,*,#596,.F.);
#211=ORIENTED_EDGE('',*,*,#575,.F.);
#212=ORIENTED_EDGE('',*,*,#591,.T.);
#213=ORIENTED_EDGE('',*,*,#604,.T.);
#214=ORIENTED_EDGE('',*,*,#589,.F.);
#215=ORIENTED_EDGE('',*,*,#540,.F.);
#216=ORIENTED_EDGE('',*,*,#584,.T.);
#217=ORIENTED_EDGE('',*,*,#605,.F.);
#218=ORIENTED_EDGE('',*,*,#606,.T.);
#219=ORIENTED_EDGE('',*,*,#607,.T.);
#220=ORIENTED_EDGE('',*,*,#608,.F.);
#221=ORIENTED_EDGE('',*,*,#599,.T.);
#222=ORIENTED_EDGE('',*,*,#609,.F.);
#223=ORIENTED_EDGE('',*,*,#610,.F.);
#224=ORIENTED_EDGE('',*,*,#611,.F.);
#225=ORIENTED_EDGE('',*,*,#612,.F.);
#226=ORIENTED_EDGE('',*,*,#590,.F.);
#227=ORIENTED_EDGE('',*,*,#593,.T.);
#228=ORIENTED_EDGE('',*,*,#595,.T.);
#229=ORIENTED_EDGE('',*,*,#603,.F.);
#230=ORIENTED_EDGE('',*,*,#602,.F.);
#231=ORIENTED_EDGE('',*,*,#601,.F.);
#232=ORIENTED_EDGE('',*,*,#600,.F.);
#233=ORIENTED_EDGE('',*,*,#598,.F.);
#234=ORIENTED_EDGE('',*,*,#597,.F.);
#235=ORIENTED_EDGE('',*,*,#583,.T.);
#236=ORIENTED_EDGE('',*,*,#586,.T.);
#237=ORIENTED_EDGE('',*,*,#588,.F.);
#238=ORIENTED_EDGE('',*,*,#604,.F.);
#239=ORIENTED_EDGE('',*,*,#606,.F.);
#240=ORIENTED_EDGE('',*,*,#613,.F.);
#241=ORIENTED_EDGE('',*,*,#614,.T.);
#242=ORIENTED_EDGE('',*,*,#615,.T.);
#243=ORIENTED_EDGE('',*,*,#605,.T.);
#244=ORIENTED_EDGE('',*,*,#616,.F.);
#245=ORIENTED_EDGE('',*,*,#617,.F.);
#246=ORIENTED_EDGE('',*,*,#613,.T.);
#247=ORIENTED_EDGE('',*,*,#608,.T.);
#248=ORIENTED_EDGE('',*,*,#618,.F.);
#249=ORIENTED_EDGE('',*,*,#619,.F.);
#250=ORIENTED_EDGE('',*,*,#616,.T.);
#251=ORIENTED_EDGE('',*,*,#536,.T.);
#252=ORIENTED_EDGE('',*,*,#620,.F.);
#253=ORIENTED_EDGE('',*,*,#621,.F.);
#254=ORIENTED_EDGE('',*,*,#622,.T.);
#255=ORIENTED_EDGE('',*,*,#535,.T.);
#256=ORIENTED_EDGE('',*,*,#623,.F.);
#257=ORIENTED_EDGE('',*,*,#515,.F.);
#258=ORIENTED_EDGE('',*,*,#624,.F.);
#259=ORIENTED_EDGE('',*,*,#620,.T.);
#260=ORIENTED_EDGE('',*,*,#537,.F.);
#261=ORIENTED_EDGE('',*,*,#622,.F.);
#262=ORIENTED_EDGE('',*,*,#625,.T.);
#263=ORIENTED_EDGE('',*,*,#517,.T.);
#264=ORIENTED_EDGE('',*,*,#626,.T.);
#265=ORIENTED_EDGE('',*,*,#607,.F.);
#266=ORIENTED_EDGE('',*,*,#615,.F.);
#267=ORIENTED_EDGE('',*,*,#627,.T.);
#268=ORIENTED_EDGE('',*,*,#618,.T.);
#269=ORIENTED_EDGE('',*,*,#621,.T.);
#270=ORIENTED_EDGE('',*,*,#624,.T.);
#271=ORIENTED_EDGE('',*,*,#518,.F.);
#272=ORIENTED_EDGE('',*,*,#625,.F.);
#273=ORIENTED_EDGE('',*,*,#614,.F.);
#274=ORIENTED_EDGE('',*,*,#617,.T.);
#275=ORIENTED_EDGE('',*,*,#619,.T.);
#276=ORIENTED_EDGE('',*,*,#627,.F.);
#277=ORIENTED_EDGE('',*,*,#579,.F.);
#278=ORIENTED_EDGE('',*,*,#628,.F.);
#279=ORIENTED_EDGE('',*,*,#629,.T.);
#280=ORIENTED_EDGE('',*,*,#630,.T.);
#281=ORIENTED_EDGE('',*,*,#578,.T.);
#282=ORIENTED_EDGE('',*,*,#631,.F.);
#283=ORIENTED_EDGE('',*,*,#632,.F.);
#284=ORIENTED_EDGE('',*,*,#628,.T.);
#285=ORIENTED_EDGE('',*,*,#581,.T.);
#286=ORIENTED_EDGE('',*,*,#633,.F.);
#287=ORIENTED_EDGE('',*,*,#634,.F.);
#288=ORIENTED_EDGE('',*,*,#631,.T.);
#289=ORIENTED_EDGE('',*,*,#532,.T.);
#290=ORIENTED_EDGE('',*,*,#635,.F.);
#291=ORIENTED_EDGE('',*,*,#636,.F.);
#292=ORIENTED_EDGE('',*,*,#637,.T.);
#293=ORIENTED_EDGE('',*,*,#531,.T.);
#294=ORIENTED_EDGE('',*,*,#638,.F.);
#295=ORIENTED_EDGE('',*,*,#519,.F.);
#296=ORIENTED_EDGE('',*,*,#639,.F.);
#297=ORIENTED_EDGE('',*,*,#635,.T.);
#298=ORIENTED_EDGE('',*,*,#533,.F.);
#299=ORIENTED_EDGE('',*,*,#637,.F.);
#300=ORIENTED_EDGE('',*,*,#640,.T.);
#301=ORIENTED_EDGE('',*,*,#521,.T.);
#302=ORIENTED_EDGE('',*,*,#641,.T.);
#303=ORIENTED_EDGE('',*,*,#580,.F.);
#304=ORIENTED_EDGE('',*,*,#630,.F.);
#305=ORIENTED_EDGE('',*,*,#642,.T.);
#306=ORIENTED_EDGE('',*,*,#633,.T.);
#307=ORIENTED_EDGE('',*,*,#636,.T.);
#308=ORIENTED_EDGE('',*,*,#639,.T.);
#309=ORIENTED_EDGE('',*,*,#522,.F.);
#310=ORIENTED_EDGE('',*,*,#640,.F.);
#311=ORIENTED_EDGE('',*,*,#629,.F.);
#312=ORIENTED_EDGE('',*,*,#632,.T.);
#313=ORIENTED_EDGE('',*,*,#634,.T.);
#314=ORIENTED_EDGE('',*,*,#642,.F.);
#315=ORIENTED_EDGE('',*,*,#643,.T.);
#316=ORIENTED_EDGE('',*,*,#644,.F.);
#317=ORIENTED_EDGE('',*,*,#645,.T.);
#318=ORIENTED_EDGE('',*,*,#646,.T.);
#319=ORIENTED_EDGE('',*,*,#529,.F.);
#320=ORIENTED_EDGE('',*,*,#647,.F.);
#321=ORIENTED_EDGE('',*,*,#648,.T.);
#322=ORIENTED_EDGE('',*,*,#644,.T.);
#323=ORIENTED_EDGE('',*,*,#649,.T.);
#324=ORIENTED_EDGE('',*,*,#528,.T.);
#325=ORIENTED_EDGE('',*,*,#650,.F.);
#326=ORIENTED_EDGE('',*,*,#651,.F.);
#327=ORIENTED_EDGE('',*,*,#652,.F.);
#328=ORIENTED_EDGE('',*,*,#653,.F.);
#329=ORIENTED_EDGE('',*,*,#647,.T.);
#330=ORIENTED_EDGE('',*,*,#562,.F.);
#331=ORIENTED_EDGE('',*,*,#654,.F.);
#332=ORIENTED_EDGE('',*,*,#655,.T.);
#333=ORIENTED_EDGE('',*,*,#656,.T.);
#334=ORIENTED_EDGE('',*,*,#561,.F.);
#335=ORIENTED_EDGE('',*,*,#657,.F.);
#336=ORIENTED_EDGE('',*,*,#658,.T.);
#337=ORIENTED_EDGE('',*,*,#654,.T.);
#338=ORIENTED_EDGE('',*,*,#564,.T.);
#339=ORIENTED_EDGE('',*,*,#659,.F.);
#340=ORIENTED_EDGE('',*,*,#660,.F.);
#341=ORIENTED_EDGE('',*,*,#657,.T.);
#342=ORIENTED_EDGE('',*,*,#563,.T.);
#343=ORIENTED_EDGE('',*,*,#656,.F.);
#344=ORIENTED_EDGE('',*,*,#661,.F.);
#345=ORIENTED_EDGE('',*,*,#659,.T.);
#346=ORIENTED_EDGE('',*,*,#652,.T.);
#347=ORIENTED_EDGE('',*,*,#662,.T.);
#348=ORIENTED_EDGE('',*,*,#646,.F.);
#349=ORIENTED_EDGE('',*,*,#663,.F.);
#350=ORIENTED_EDGE('',*,*,#655,.F.);
#351=ORIENTED_EDGE('',*,*,#658,.F.);
#352=ORIENTED_EDGE('',*,*,#660,.T.);
#353=ORIENTED_EDGE('',*,*,#661,.T.);
#354=ORIENTED_EDGE('',*,*,#645,.F.);
#355=ORIENTED_EDGE('',*,*,#648,.F.);
#356=ORIENTED_EDGE('',*,*,#653,.T.);
#357=ORIENTED_EDGE('',*,*,#663,.T.);
#358=ORIENTED_EDGE('',*,*,#664,.T.);
#359=ORIENTED_EDGE('',*,*,#665,.T.);
#360=ORIENTED_EDGE('',*,*,#666,.T.);
#361=ORIENTED_EDGE('',*,*,#667,.T.);
#362=ORIENTED_EDGE('',*,*,#668,.F.);
#363=ORIENTED_EDGE('',*,*,#669,.T.);
#364=ORIENTED_EDGE('',*,*,#670,.T.);
#365=ORIENTED_EDGE('',*,*,#671,.T.);
#366=ORIENTED_EDGE('',*,*,#672,.T.);
#367=ORIENTED_EDGE('',*,*,#673,.F.);
#368=ORIENTED_EDGE('',*,*,#674,.T.);
#369=ORIENTED_EDGE('',*,*,#675,.F.);
#370=ORIENTED_EDGE('',*,*,#676,.T.);
#371=ORIENTED_EDGE('',*,*,#674,.F.);
#372=ORIENTED_EDGE('',*,*,#676,.F.);
#373=ORIENTED_EDGE('',*,*,#673,.T.);
#374=ORIENTED_EDGE('',*,*,#677,.T.);
#375=ORIENTED_EDGE('',*,*,#678,.F.);
#376=ORIENTED_EDGE('',*,*,#679,.T.);
#377=ORIENTED_EDGE('',*,*,#677,.F.);
#378=ORIENTED_EDGE('',*,*,#679,.F.);
#379=ORIENTED_EDGE('',*,*,#556,.T.);
#380=ORIENTED_EDGE('',*,*,#680,.T.);
#381=ORIENTED_EDGE('',*,*,#681,.F.);
#382=ORIENTED_EDGE('',*,*,#682,.T.);
#383=ORIENTED_EDGE('',*,*,#680,.F.);
#384=ORIENTED_EDGE('',*,*,#682,.F.);
#385=ORIENTED_EDGE('',*,*,#668,.T.);
#386=ORIENTED_EDGE('',*,*,#683,.T.);
#387=ORIENTED_EDGE('',*,*,#684,.F.);
#388=ORIENTED_EDGE('',*,*,#685,.T.);
#389=ORIENTED_EDGE('',*,*,#683,.F.);
#390=ORIENTED_EDGE('',*,*,#685,.F.);
#391=ORIENTED_EDGE('',*,*,#551,.T.);
#392=ORIENTED_EDGE('',*,*,#675,.T.);
#393=ORIENTED_EDGE('',*,*,#612,.T.);
#394=ORIENTED_EDGE('',*,*,#611,.T.);
#395=ORIENTED_EDGE('',*,*,#678,.T.);
#396=ORIENTED_EDGE('',*,*,#610,.T.);
#397=ORIENTED_EDGE('',*,*,#681,.T.);
#398=ORIENTED_EDGE('',*,*,#684,.T.);
#399=ORIENTED_EDGE('',*,*,#609,.T.);
#400=ORIENTED_EDGE('',*,*,#626,.F.);
#401=ORIENTED_EDGE('',*,*,#686,.T.);
#402=ORIENTED_EDGE('',*,*,#687,.T.);
#403=ORIENTED_EDGE('',*,*,#538,.F.);
#404=ORIENTED_EDGE('',*,*,#688,.T.);
#405=ORIENTED_EDGE('',*,*,#623,.T.);
#406=ORIENTED_EDGE('',*,*,#534,.F.);
#407=ORIENTED_EDGE('',*,*,#641,.F.);
#408=ORIENTED_EDGE('',*,*,#689,.T.);
#409=ORIENTED_EDGE('',*,*,#638,.T.);
#410=ORIENTED_EDGE('',*,*,#530,.F.);
#411=ORIENTED_EDGE('',*,*,#649,.F.);
#412=ORIENTED_EDGE('',*,*,#690,.T.);
#413=ORIENTED_EDGE('',*,*,#691,.T.);
#414=ORIENTED_EDGE('',*,*,#549,.F.);
#415=ORIENTED_EDGE('',*,*,#692,.F.);
#416=ORIENTED_EDGE('',*,*,#693,.F.);
#417=ORIENTED_EDGE('',*,*,#694,.T.);
#418=ORIENTED_EDGE('',*,*,#523,.T.);
#419=ORIENTED_EDGE('',*,*,#687,.F.);
#420=ORIENTED_EDGE('',*,*,#547,.T.);
#421=ORIENTED_EDGE('',*,*,#695,.T.);
#422=ORIENTED_EDGE('',*,*,#696,.F.);
#423=ORIENTED_EDGE('',*,*,#697,.T.);
#424=ORIENTED_EDGE('',*,*,#568,.F.);
#425=ORIENTED_EDGE('',*,*,#698,.T.);
#426=ORIENTED_EDGE('',*,*,#699,.T.);
#427=ORIENTED_EDGE('',*,*,#700,.T.);
#428=ORIENTED_EDGE('',*,*,#527,.F.);
#429=ORIENTED_EDGE('',*,*,#701,.T.);
#430=ORIENTED_EDGE('',*,*,#702,.T.);
#431=ORIENTED_EDGE('',*,*,#650,.T.);
#432=ORIENTED_EDGE('',*,*,#703,.F.);
#433=ORIENTED_EDGE('',*,*,#704,.T.);
#434=ORIENTED_EDGE('',*,*,#572,.T.);
#435=ORIENTED_EDGE('',*,*,#705,.T.);
#436=ORIENTED_EDGE('',*,*,#548,.T.);
#437=ORIENTED_EDGE('',*,*,#697,.F.);
#438=ORIENTED_EDGE('',*,*,#706,.F.);
#439=ORIENTED_EDGE('',*,*,#692,.T.);
#440=ORIENTED_EDGE('',*,*,#554,.F.);
#441=ORIENTED_EDGE('',*,*,#690,.F.);
#442=ORIENTED_EDGE('',*,*,#706,.T.);
#443=ORIENTED_EDGE('',*,*,#696,.T.);
#444=ORIENTED_EDGE('',*,*,#557,.F.);
#445=ORIENTED_EDGE('',*,*,#699,.F.);
#446=ORIENTED_EDGE('',*,*,#666,.F.);
#447=ORIENTED_EDGE('',*,*,#693,.T.);
#448=ORIENTED_EDGE('',*,*,#686,.F.);
#449=ORIENTED_EDGE('',*,*,#516,.F.);
#450=ORIENTED_EDGE('',*,*,#688,.F.);
#451=ORIENTED_EDGE('',*,*,#520,.F.);
#452=ORIENTED_EDGE('',*,*,#689,.F.);
#453=ORIENTED_EDGE('',*,*,#643,.F.);
#454=ORIENTED_EDGE('',*,*,#662,.F.);
#455=ORIENTED_EDGE('',*,*,#651,.T.);
#456=ORIENTED_EDGE('',*,*,#702,.F.);
#457=ORIENTED_EDGE('',*,*,#669,.F.);
#458=ORIENTED_EDGE('',*,*,#703,.T.);
#459=ORIENTED_EDGE('',*,*,#707,.T.);
#460=ORIENTED_EDGE('',*,*,#708,.T.);
#461=ORIENTED_EDGE('',*,*,#566,.F.);
#462=ORIENTED_EDGE('',*,*,#709,.T.);
#463=ORIENTED_EDGE('',*,*,#525,.T.);
#464=ORIENTED_EDGE('',*,*,#710,.T.);
#465=ORIENTED_EDGE('',*,*,#711,.F.);
#466=ORIENTED_EDGE('',*,*,#712,.T.);
#467=ORIENTED_EDGE('',*,*,#664,.F.);
#468=ORIENTED_EDGE('',*,*,#707,.F.);
#469=ORIENTED_EDGE('',*,*,#671,.F.);
#470=ORIENTED_EDGE('',*,*,#711,.T.);
#471=ORIENTED_EDGE('',*,*,#713,.T.);
#472=ORIENTED_EDGE('',*,*,#714,.T.);
#473=ORIENTED_EDGE('',*,*,#545,.F.);
#474=ORIENTED_EDGE('',*,*,#715,.T.);
#475=ORIENTED_EDGE('',*,*,#570,.T.);
#476=ORIENTED_EDGE('',*,*,#716,.T.);
#477=ORIENTED_EDGE('',*,*,#717,.F.);
#478=ORIENTED_EDGE('',*,*,#718,.T.);
#479=ORIENTED_EDGE('',*,*,#552,.F.);
#480=ORIENTED_EDGE('',*,*,#717,.T.);
#481=ORIENTED_EDGE('',*,*,#559,.F.);
#482=ORIENTED_EDGE('',*,*,#713,.F.);
#483=ORIENTED_EDGE('',*,*,#710,.F.);
#484=ORIENTED_EDGE('',*,*,#524,.F.);
#485=ORIENTED_EDGE('',*,*,#694,.F.);
#486=ORIENTED_EDGE('',*,*,#665,.F.);
#487=ORIENTED_EDGE('',*,*,#698,.F.);
#488=ORIENTED_EDGE('',*,*,#567,.F.);
#489=ORIENTED_EDGE('',*,*,#708,.F.);
#490=ORIENTED_EDGE('',*,*,#667,.F.);
#491=ORIENTED_EDGE('',*,*,#695,.F.);
#492=ORIENTED_EDGE('',*,*,#546,.F.);
#493=ORIENTED_EDGE('',*,*,#714,.F.);
#494=ORIENTED_EDGE('',*,*,#558,.F.);
#495=ORIENTED_EDGE('',*,*,#716,.F.);
#496=ORIENTED_EDGE('',*,*,#569,.F.);
#497=ORIENTED_EDGE('',*,*,#700,.F.);
#498=ORIENTED_EDGE('',*,*,#560,.F.);
#499=ORIENTED_EDGE('',*,*,#701,.F.);
#500=ORIENTED_EDGE('',*,*,#526,.F.);
#501=ORIENTED_EDGE('',*,*,#712,.F.);
#502=ORIENTED_EDGE('',*,*,#670,.F.);
#503=ORIENTED_EDGE('',*,*,#709,.F.);
#504=ORIENTED_EDGE('',*,*,#573,.F.);
#505=ORIENTED_EDGE('',*,*,#704,.F.);
#506=ORIENTED_EDGE('',*,*,#672,.F.);
#507=ORIENTED_EDGE('',*,*,#715,.F.);
#508=ORIENTED_EDGE('',*,*,#550,.F.);
#509=ORIENTED_EDGE('',*,*,#691,.F.);
#510=ORIENTED_EDGE('',*,*,#553,.F.);
#511=ORIENTED_EDGE('',*,*,#705,.F.);
#512=ORIENTED_EDGE('',*,*,#571,.F.);
#513=ORIENTED_EDGE('',*,*,#718,.F.);
#514=ORIENTED_EDGE('',*,*,#555,.F.);
#515=EDGE_CURVE('',#719,#720,#858,.T.);
#516=EDGE_CURVE('',#720,#721,#859,.T.);
#517=EDGE_CURVE('',#722,#721,#860,.T.);
#518=EDGE_CURVE('',#722,#719,#861,.T.);
#519=EDGE_CURVE('',#723,#724,#862,.T.);
#520=EDGE_CURVE('',#724,#725,#863,.T.);
#521=EDGE_CURVE('',#726,#725,#864,.T.);
#522=EDGE_CURVE('',#726,#723,#865,.T.);
#523=EDGE_CURVE('',#727,#728,#866,.T.);
#524=EDGE_CURVE('',#727,#729,#53,.T.);
#525=EDGE_CURVE('',#730,#729,#867,.T.);
#526=EDGE_CURVE('',#730,#731,#54,.T.);
#527=EDGE_CURVE('',#731,#732,#868,.T.);
#528=EDGE_CURVE('',#733,#732,#869,.T.);
#529=EDGE_CURVE('',#733,#734,#870,.T.);
#530=EDGE_CURVE('',#734,#735,#871,.T.);
#531=EDGE_CURVE('',#736,#735,#872,.T.);
#532=EDGE_CURVE('',#737,#736,#873,.T.);
#533=EDGE_CURVE('',#737,#738,#874,.T.);
#534=EDGE_CURVE('',#738,#739,#875,.T.);
#535=EDGE_CURVE('',#740,#739,#876,.T.);
#536=EDGE_CURVE('',#741,#740,#877,.T.);
#537=EDGE_CURVE('',#741,#742,#878,.T.);
#538=EDGE_CURVE('',#742,#728,#879,.T.);
#539=EDGE_CURVE('',#743,#744,#880,.T.);
#540=EDGE_CURVE('',#743,#745,#881,.T.);
#541=EDGE_CURVE('',#745,#746,#882,.T.);
#542=EDGE_CURVE('',#744,#746,#883,.T.);
#543=EDGE_CURVE('',#747,#747,#55,.T.);
#544=EDGE_CURVE('',#748,#748,#56,.T.);
#545=EDGE_CURVE('',#749,#750,#884,.T.);
#546=EDGE_CURVE('',#750,#751,#57,.T.);
#547=EDGE_CURVE('',#752,#751,#885,.T.);
#548=EDGE_CURVE('',#753,#752,#886,.T.);
#549=EDGE_CURVE('',#753,#754,#887,.T.);
#550=EDGE_CURVE('',#754,#749,#58,.T.);
#551=EDGE_CURVE('',#755,#755,#59,.T.);
#552=EDGE_CURVE('',#756,#757,#60,.T.);
#553=EDGE_CURVE('',#757,#758,#61,.F.);
#554=EDGE_CURVE('',#758,#759,#62,.T.);
#555=EDGE_CURVE('',#759,#756,#63,.F.);
#556=EDGE_CURVE('',#760,#760,#64,.T.);
#557=EDGE_CURVE('',#761,#762,#65,.T.);
#558=EDGE_CURVE('',#762,#763,#66,.F.);
#559=EDGE_CURVE('',#763,#764,#67,.T.);
#560=EDGE_CURVE('',#764,#761,#68,.F.);
#561=EDGE_CURVE('',#765,#766,#888,.T.);
#562=EDGE_CURVE('',#766,#767,#889,.T.);
#563=EDGE_CURVE('',#768,#767,#890,.T.);
#564=EDGE_CURVE('',#765,#768,#891,.T.);
#565=EDGE_CURVE('',#769,#769,#69,.T.);
#566=EDGE_CURVE('',#770,#771,#892,.T.);
#567=EDGE_CURVE('',#771,#772,#70,.T.);
#568=EDGE_CURVE('',#772,#773,#893,.T.);
#569=EDGE_CURVE('',#773,#774,#71,.T.);
#570=EDGE_CURVE('',#775,#774,#894,.T.);
#571=EDGE_CURVE('',#775,#776,#72,.T.);
#572=EDGE_CURVE('',#777,#776,#895,.T.);
#573=EDGE_CURVE('',#777,#770,#73,.T.);
#574=EDGE_CURVE('',#778,#779,#896,.T.);
#575=EDGE_CURVE('',#779,#780,#897,.T.);
#576=EDGE_CURVE('',#781,#780,#898,.T.);
#577=EDGE_CURVE('',#778,#781,#899,.T.);
#578=EDGE_CURVE('',#782,#783,#900,.T.);
#579=EDGE_CURVE('',#782,#784,#901,.T.);
#580=EDGE_CURVE('',#784,#785,#902,.T.);
#581=EDGE_CURVE('',#783,#785,#903,.T.);
#582=EDGE_CURVE('',#786,#786,#74,.T.);
#583=EDGE_CURVE('',#787,#788,#904,.T.);
#584=EDGE_CURVE('',#743,#787,#905,.T.);
#585=EDGE_CURVE('',#744,#788,#906,.T.);
#586=EDGE_CURVE('',#788,#789,#907,.T.);
#587=EDGE_CURVE('',#746,#789,#908,.T.);
#588=EDGE_CURVE('',#790,#789,#909,.T.);
#589=EDGE_CURVE('',#745,#790,#910,.T.);
#590=EDGE_CURVE('',#791,#792,#911,.T.);
#591=EDGE_CURVE('',#779,#792,#912,.T.);
#592=EDGE_CURVE('',#778,#791,#913,.T.);
#593=EDGE_CURVE('',#791,#793,#914,.T.);
#594=EDGE_CURVE('',#781,#793,#915,.T.);
#595=EDGE_CURVE('',#793,#794,#916,.T.);
#596=EDGE_CURVE('',#780,#794,#917,.T.);
#597=EDGE_CURVE('',#795,#795,#75,.T.);
#598=EDGE_CURVE('',#796,#796,#76,.T.);
#599=EDGE_CURVE('',#797,#797,#77,.T.);
#600=EDGE_CURVE('',#798,#798,#78,.T.);
#601=EDGE_CURVE('',#799,#799,#79,.T.);
#602=EDGE_CURVE('',#800,#800,#80,.T.);
#603=EDGE_CURVE('',#792,#794,#918,.T.);
#604=EDGE_CURVE('',#787,#790,#919,.T.);
#605=EDGE_CURVE('',#801,#802,#920,.T.);
#606=EDGE_CURVE('',#801,#803,#921,.T.);
#607=EDGE_CURVE('',#803,#804,#922,.T.);
#608=EDGE_CURVE('',#802,#804,#923,.T.);
#609=EDGE_CURVE('',#805,#805,#81,.T.);
#610=EDGE_CURVE('',#806,#806,#82,.T.);
#611=EDGE_CURVE('',#807,#807,#83,.T.);
#612=EDGE_CURVE('',#808,#808,#84,.T.);
#613=EDGE_CURVE('',#809,#801,#924,.T.);
#614=EDGE_CURVE('',#809,#810,#925,.T.);
#615=EDGE_CURVE('',#810,#803,#926,.T.);
#616=EDGE_CURVE('',#811,#802,#927,.T.);
#617=EDGE_CURVE('',#809,#811,#928,.T.);
#618=EDGE_CURVE('',#812,#804,#929,.T.);
#619=EDGE_CURVE('',#811,#812,#930,.T.);
#620=EDGE_CURVE('',#813,#740,#931,.T.);
#621=EDGE_CURVE('',#814,#813,#932,.T.);
#622=EDGE_CURVE('',#814,#741,#933,.T.);
#623=EDGE_CURVE('',#720,#739,#934,.T.);
#624=EDGE_CURVE('',#813,#719,#935,.T.);
#625=EDGE_CURVE('',#814,#722,#936,.T.);
#626=EDGE_CURVE('',#721,#742,#937,.T.);
#627=EDGE_CURVE('',#810,#812,#938,.T.);
#628=EDGE_CURVE('',#815,#782,#939,.T.);
#629=EDGE_CURVE('',#815,#816,#940,.T.);
#630=EDGE_CURVE('',#816,#784,#941,.T.);
#631=EDGE_CURVE('',#817,#783,#942,.T.);
#632=EDGE_CURVE('',#815,#817,#943,.T.);
#633=EDGE_CURVE('',#818,#785,#944,.T.);
#634=EDGE_CURVE('',#817,#818,#945,.T.);
#635=EDGE_CURVE('',#819,#736,#946,.T.);
#636=EDGE_CURVE('',#820,#819,#947,.T.);
#637=EDGE_CURVE('',#820,#737,#948,.T.);
#638=EDGE_CURVE('',#724,#735,#949,.T.);
#639=EDGE_CURVE('',#819,#723,#950,.T.);
#640=EDGE_CURVE('',#820,#726,#951,.T.);
#641=EDGE_CURVE('',#725,#738,#952,.T.);
#642=EDGE_CURVE('',#816,#818,#953,.T.);
#643=EDGE_CURVE('',#821,#822,#954,.T.);
#644=EDGE_CURVE('',#823,#822,#955,.T.);
#645=EDGE_CURVE('',#823,#824,#956,.T.);
#646=EDGE_CURVE('',#824,#821,#957,.T.);
#647=EDGE_CURVE('',#825,#733,#958,.T.);
#648=EDGE_CURVE('',#825,#823,#959,.T.);
#649=EDGE_CURVE('',#822,#734,#960,.T.);
#650=EDGE_CURVE('',#826,#732,#961,.T.);
#651=EDGE_CURVE('',#827,#826,#962,.T.);
#652=EDGE_CURVE('',#828,#827,#963,.T.);
#653=EDGE_CURVE('',#825,#828,#964,.T.);
#654=EDGE_CURVE('',#829,#766,#965,.T.);
#655=EDGE_CURVE('',#829,#830,#966,.T.);
#656=EDGE_CURVE('',#830,#767,#967,.T.);
#657=EDGE_CURVE('',#831,#765,#968,.T.);
#658=EDGE_CURVE('',#831,#829,#969,.T.);
#659=EDGE_CURVE('',#832,#768,#970,.T.);
#660=EDGE_CURVE('',#831,#832,#971,.T.);
#661=EDGE_CURVE('',#832,#830,#972,.T.);
#662=EDGE_CURVE('',#827,#821,#973,.T.);
#663=EDGE_CURVE('',#828,#824,#974,.T.);
#664=EDGE_CURVE('',#833,#834,#85,.T.);
#665=EDGE_CURVE('',#834,#835,#86,.F.);
#666=EDGE_CURVE('',#835,#836,#87,.T.);
#667=EDGE_CURVE('',#836,#833,#88,.F.);
#668=EDGE_CURVE('',#837,#837,#89,.T.);
#669=EDGE_CURVE('',#838,#839,#90,.T.);
#670=EDGE_CURVE('',#839,#840,#91,.F.);
#671=EDGE_CURVE('',#840,#841,#92,.T.);
#672=EDGE_CURVE('',#841,#838,#93,.F.);
#673=EDGE_CURVE('',#842,#842,#94,.T.);
#674=EDGE_CURVE('',#843,#843,#95,.T.);
#675=EDGE_CURVE('',#844,#844,#96,.T.);
#676=EDGE_CURVE('',#845,#845,#97,.T.);
#677=EDGE_CURVE('',#846,#846,#98,.T.);
#678=EDGE_CURVE('',#847,#847,#99,.T.);
#679=EDGE_CURVE('',#848,#848,#100,.T.);
#680=EDGE_CURVE('',#849,#849,#101,.T.);
#681=EDGE_CURVE('',#850,#850,#102,.T.);
#682=EDGE_CURVE('',#851,#851,#103,.T.);
#683=EDGE_CURVE('',#852,#852,#104,.T.);
#684=EDGE_CURVE('',#853,#853,#105,.T.);
#685=EDGE_CURVE('',#854,#854,#106,.T.);
#686=EDGE_CURVE('',#721,#855,#975,.T.);
#687=EDGE_CURVE('',#855,#728,#976,.T.);
#688=EDGE_CURVE('',#725,#720,#977,.T.);
#689=EDGE_CURVE('',#822,#724,#978,.T.);
#690=EDGE_CURVE('',#856,#758,#979,.T.);
#691=EDGE_CURVE('',#758,#754,#20,.T.);
#692=EDGE_CURVE('',#856,#753,#980,.T.);
#693=EDGE_CURVE('',#835,#855,#981,.T.);
#694=EDGE_CURVE('',#835,#727,#21,.T.);
#695=EDGE_CURVE('',#751,#762,#22,.T.);
#696=EDGE_CURVE('',#857,#762,#982,.T.);
#697=EDGE_CURVE('',#857,#752,#983,.T.);
#698=EDGE_CURVE('',#772,#836,#23,.T.);
#699=EDGE_CURVE('',#836,#761,#984,.T.);
#700=EDGE_CURVE('',#761,#773,#24,.T.);
#701=EDGE_CURVE('',#731,#839,#25,.T.);
#702=EDGE_CURVE('',#839,#826,#985,.T.);
#703=EDGE_CURVE('',#838,#759,#986,.T.);
#704=EDGE_CURVE('',#838,#777,#26,.T.);
#705=EDGE_CURVE('',#776,#759,#27,.T.);
#706=EDGE_CURVE('',#856,#857,#987,.T.);
#707=EDGE_CURVE('',#841,#833,#988,.T.);
#708=EDGE_CURVE('',#833,#771,#28,.T.);
#709=EDGE_CURVE('',#770,#841,#29,.T.);
#710=EDGE_CURVE('',#729,#834,#30,.T.);
#711=EDGE_CURVE('',#840,#834,#989,.T.);
#712=EDGE_CURVE('',#840,#730,#31,.T.);
#713=EDGE_CURVE('',#757,#763,#990,.T.);
#714=EDGE_CURVE('',#763,#750,#32,.T.);
#715=EDGE_CURVE('',#749,#757,#33,.T.);
#716=EDGE_CURVE('',#774,#764,#34,.T.);
#717=EDGE_CURVE('',#756,#764,#991,.T.);
#718=EDGE_CURVE('',#756,#775,#35,.T.);
#719=VERTEX_POINT('',#2149);
#720=VERTEX_POINT('',#2150);
#721=VERTEX_POINT('',#2152);
#722=VERTEX_POINT('',#2154);
#723=VERTEX_POINT('',#2158);
#724=VERTEX_POINT('',#2159);
#725=VERTEX_POINT('',#2161);
#726=VERTEX_POINT('',#2163);
#727=VERTEX_POINT('',#2167);
#728=VERTEX_POINT('',#2168);
#729=VERTEX_POINT('',#2170);
#730=VERTEX_POINT('',#2172);
#731=VERTEX_POINT('',#2174);
#732=VERTEX_POINT('',#2176);
#733=VERTEX_POINT('',#2178);
#734=VERTEX_POINT('',#2180);
#735=VERTEX_POINT('',#2182);
#736=VERTEX_POINT('',#2184);
#737=VERTEX_POINT('',#2186);
#738=VERTEX_POINT('',#2188);
#739=VERTEX_POINT('',#2190);
#740=VERTEX_POINT('',#2192);
#741=VERTEX_POINT('',#2194);
#742=VERTEX_POINT('',#2196);
#743=VERTEX_POINT('',#2200);
#744=VERTEX_POINT('',#2201);
#745=VERTEX_POINT('',#2203);
#746=VERTEX_POINT('',#2205);
#747=VERTEX_POINT('',#2208);
#748=VERTEX_POINT('',#2210);
#749=VERTEX_POINT('',#2212);
#750=VERTEX_POINT('',#2213);
#751=VERTEX_POINT('',#2215);
#752=VERTEX_POINT('',#2217);
#753=VERTEX_POINT('',#2219);
#754=VERTEX_POINT('',#2221);
#755=VERTEX_POINT('',#2225);
#756=VERTEX_POINT('',#2227);
#757=VERTEX_POINT('',#2228);
#758=VERTEX_POINT('',#2230);
#759=VERTEX_POINT('',#2232);
#760=VERTEX_POINT('',#2236);
#761=VERTEX_POINT('',#2238);
#762=VERTEX_POINT('',#2239);
#763=VERTEX_POINT('',#2241);
#764=VERTEX_POINT('',#2243);
#765=VERTEX_POINT('',#2247);
#766=VERTEX_POINT('',#2248);
#767=VERTEX_POINT('',#2250);
#768=VERTEX_POINT('',#2252);
#769=VERTEX_POINT('',#2255);
#770=VERTEX_POINT('',#2258);
#771=VERTEX_POINT('',#2259);
#772=VERTEX_POINT('',#2261);
#773=VERTEX_POINT('',#2263);
#774=VERTEX_POINT('',#2265);
#775=VERTEX_POINT('',#2267);
#776=VERTEX_POINT('',#2269);
#777=VERTEX_POINT('',#2271);
#778=VERTEX_POINT('',#2274);
#779=VERTEX_POINT('',#2275);
#780=VERTEX_POINT('',#2277);
#781=VERTEX_POINT('',#2279);
#782=VERTEX_POINT('',#2283);
#783=VERTEX_POINT('',#2284);
#784=VERTEX_POINT('',#2286);
#785=VERTEX_POINT('',#2288);
#786=VERTEX_POINT('',#2291);
#787=VERTEX_POINT('',#2294);
#788=VERTEX_POINT('',#2295);
#789=VERTEX_POINT('',#2300);
#790=VERTEX_POINT('',#2304);
#791=VERTEX_POINT('',#2308);
#792=VERTEX_POINT('',#2309);
#793=VERTEX_POINT('',#2314);
#794=VERTEX_POINT('',#2318);
#795=VERTEX_POINT('',#2322);
#796=VERTEX_POINT('',#2325);
#797=VERTEX_POINT('',#2328);
#798=VERTEX_POINT('',#2330);
#799=VERTEX_POINT('',#2333);
#800=VERTEX_POINT('',#2336);
#801=VERTEX_POINT('',#2343);
#802=VERTEX_POINT('',#2344);
#803=VERTEX_POINT('',#2346);
#804=VERTEX_POINT('',#2348);
#805=VERTEX_POINT('',#2352);
#806=VERTEX_POINT('',#2354);
#807=VERTEX_POINT('',#2356);
#808=VERTEX_POINT('',#2358);
#809=VERTEX_POINT('',#2361);
#810=VERTEX_POINT('',#2363);
#811=VERTEX_POINT('',#2367);
#812=VERTEX_POINT('',#2371);
#813=VERTEX_POINT('',#2375);
#814=VERTEX_POINT('',#2377);
#815=VERTEX_POINT('',#2390);
#816=VERTEX_POINT('',#2392);
#817=VERTEX_POINT('',#2396);
#818=VERTEX_POINT('',#2400);
#819=VERTEX_POINT('',#2404);
#820=VERTEX_POINT('',#2406);
#821=VERTEX_POINT('',#2419);
#822=VERTEX_POINT('',#2420);
#823=VERTEX_POINT('',#2422);
#824=VERTEX_POINT('',#2424);
#825=VERTEX_POINT('',#2428);
#826=VERTEX_POINT('',#2433);
#827=VERTEX_POINT('',#2435);
#828=VERTEX_POINT('',#2437);
#829=VERTEX_POINT('',#2441);
#830=VERTEX_POINT('',#2443);
#831=VERTEX_POINT('',#2447);
#832=VERTEX_POINT('',#2451);
#833=VERTEX_POINT('',#2461);
#834=VERTEX_POINT('',#2462);
#835=VERTEX_POINT('',#2464);
#836=VERTEX_POINT('',#2466);
#837=VERTEX_POINT('',#2469);
#838=VERTEX_POINT('',#2472);
#839=VERTEX_POINT('',#2473);
#840=VERTEX_POINT('',#2475);
#841=VERTEX_POINT('',#2477);
#842=VERTEX_POINT('',#2480);
#843=VERTEX_POINT('',#2483);
#844=VERTEX_POINT('',#2485);
#845=VERTEX_POINT('',#2488);
#846=VERTEX_POINT('',#2492);
#847=VERTEX_POINT('',#2494);
#848=VERTEX_POINT('',#2497);
#849=VERTEX_POINT('',#2501);
#850=VERTEX_POINT('',#2503);
#851=VERTEX_POINT('',#2506);
#852=VERTEX_POINT('',#2510);
#853=VERTEX_POINT('',#2512);
#854=VERTEX_POINT('',#2515);
#855=VERTEX_POINT('',#2523);
#856=VERTEX_POINT('',#2531);
#857=VERTEX_POINT('',#2549);
#858=LINE('',#2148,#992);
#859=LINE('',#2151,#993);
#860=LINE('',#2153,#994);
#861=LINE('',#2155,#995);
#862=LINE('',#2157,#996);
#863=LINE('',#2160,#997);
#864=LINE('',#2162,#998);
#865=LINE('',#2164,#999);
#866=LINE('',#2166,#1000);
#867=LINE('',#2171,#1001);
#868=LINE('',#2175,#1002);
#869=LINE('',#2177,#1003);
#870=LINE('',#2179,#1004);
#871=LINE('',#2181,#1005);
#872=LINE('',#2183,#1006);
#873=LINE('',#2185,#1007);
#874=LINE('',#2187,#1008);
#875=LINE('',#2189,#1009);
#876=LINE('',#2191,#1010);
#877=LINE('',#2193,#1011);
#878=LINE('',#2195,#1012);
#879=LINE('',#2197,#1013);
#880=LINE('',#2199,#1014);
#881=LINE('',#2202,#1015);
#882=LINE('',#2204,#1016);
#883=LINE('',#2206,#1017);
#884=LINE('',#2211,#1018);
#885=LINE('',#2216,#1019);
#886=LINE('',#2218,#1020);
#887=LINE('',#2220,#1021);
#888=LINE('',#2246,#1022);
#889=LINE('',#2249,#1023);
#890=LINE('',#2251,#1024);
#891=LINE('',#2253,#1025);
#892=LINE('',#2257,#1026);
#893=LINE('',#2262,#1027);
#894=LINE('',#2266,#1028);
#895=LINE('',#2270,#1029);
#896=LINE('',#2273,#1030);
#897=LINE('',#2276,#1031);
#898=LINE('',#2278,#1032);
#899=LINE('',#2280,#1033);
#900=LINE('',#2282,#1034);
#901=LINE('',#2285,#1035);
#902=LINE('',#2287,#1036);
#903=LINE('',#2289,#1037);
#904=LINE('',#2293,#1038);
#905=LINE('',#2296,#1039);
#906=LINE('',#2297,#1040);
#907=LINE('',#2299,#1041);
#908=LINE('',#2301,#1042);
#909=LINE('',#2303,#1043);
#910=LINE('',#2305,#1044);
#911=LINE('',#2307,#1045);
#912=LINE('',#2310,#1046);
#913=LINE('',#2311,#1047);
#914=LINE('',#2313,#1048);
#915=LINE('',#2315,#1049);
#916=LINE('',#2317,#1050);
#917=LINE('',#2319,#1051);
#918=LINE('',#2338,#1052);
#919=LINE('',#2340,#1053);
#920=LINE('',#2342,#1054);
#921=LINE('',#2345,#1055);
#922=LINE('',#2347,#1056);
#923=LINE('',#2349,#1057);
#924=LINE('',#2360,#1058);
#925=LINE('',#2362,#1059);
#926=LINE('',#2364,#1060);
#927=LINE('',#2366,#1061);
#928=LINE('',#2368,#1062);
#929=LINE('',#2370,#1063);
#930=LINE('',#2372,#1064);
#931=LINE('',#2374,#1065);
#932=LINE('',#2376,#1066);
#933=LINE('',#2378,#1067);
#934=LINE('',#2380,#1068);
#935=LINE('',#2381,#1069);
#936=LINE('',#2383,#1070);
#937=LINE('',#2384,#1071);
#938=LINE('',#2386,#1072);
#939=LINE('',#2389,#1073);
#940=LINE('',#2391,#1074);
#941=LINE('',#2393,#1075);
#942=LINE('',#2395,#1076);
#943=LINE('',#2397,#1077);
#944=LINE('',#2399,#1078);
#945=LINE('',#2401,#1079);
#946=LINE('',#2403,#1080);
#947=LINE('',#2405,#1081);
#948=LINE('',#2407,#1082);
#949=LINE('',#2409,#1083);
#950=LINE('',#2410,#1084);
#951=LINE('',#2412,#1085);
#952=LINE('',#2413,#1086);
#953=LINE('',#2415,#1087);
#954=LINE('',#2418,#1088);
#955=LINE('',#2421,#1089);
#956=LINE('',#2423,#1090);
#957=LINE('',#2425,#1091);
#958=LINE('',#2427,#1092);
#959=LINE('',#2429,#1093);
#960=LINE('',#2430,#1094);
#961=LINE('',#2432,#1095);
#962=LINE('',#2434,#1096);
#963=LINE('',#2436,#1097);
#964=LINE('',#2438,#1098);
#965=LINE('',#2440,#1099);
#966=LINE('',#2442,#1100);
#967=LINE('',#2444,#1101);
#968=LINE('',#2446,#1102);
#969=LINE('',#2448,#1103);
#970=LINE('',#2450,#1104);
#971=LINE('',#2452,#1105);
#972=LINE('',#2454,#1106);
#973=LINE('',#2456,#1107);
#974=LINE('',#2457,#1108);
#975=LINE('',#2522,#1109);
#976=LINE('',#2524,#1110);
#977=LINE('',#2526,#1111);
#978=LINE('',#2528,#1112);
#979=LINE('',#2530,#1113);
#980=LINE('',#2536,#1114);
#981=LINE('',#2538,#1115);
#982=LINE('',#2548,#1116);
#983=LINE('',#2550,#1117);
#984=LINE('',#2556,#1118);
#985=LINE('',#2566,#1119);
#986=LINE('',#2568,#1120);
#987=LINE('',#2578,#1121);
#988=LINE('',#2581,#1122);
#989=LINE('',#2595,#1123);
#990=LINE('',#2602,#1124);
#991=LINE('',#2616,#1125);
#992=VECTOR('',#1722,1.);
#993=VECTOR('',#1723,1.);
#994=VECTOR('',#1724,1.);
#995=VECTOR('',#1725,1.);
#996=VECTOR('',#1728,1.);
#997=VECTOR('',#1729,1.);
#998=VECTOR('',#1730,1.);
#999=VECTOR('',#1731,1.);
#1000=VECTOR('',#1734,1.);
#1001=VECTOR('',#1737,1.);
#1002=VECTOR('',#1740,1.);
#1003=VECTOR('',#1741,1.);
#1004=VECTOR('',#1742,1.);
#1005=VECTOR('',#1743,1.);
#1006=VECTOR('',#1744,1.);
#1007=VECTOR('',#1745,1.);
#1008=VECTOR('',#1746,1.);
#1009=VECTOR('',#1747,1.);
#1010=VECTOR('',#1748,1.);
#1011=VECTOR('',#1749,1.);
#1012=VECTOR('',#1750,1.);
#1013=VECTOR('',#1751,1.);
#1014=VECTOR('',#1754,1.);
#1015=VECTOR('',#1755,1.);
#1016=VECTOR('',#1756,1.);
#1017=VECTOR('',#1757,1.);
#1018=VECTOR('',#1762,1.);
#1019=VECTOR('',#1765,1.);
#1020=VECTOR('',#1766,1.);
#1021=VECTOR('',#1767,1.);
#1022=VECTOR('',#1796,1.);
#1023=VECTOR('',#1797,1.);
#1024=VECTOR('',#1798,1.);
#1025=VECTOR('',#1799,1.);
#1026=VECTOR('',#1804,1.);
#1027=VECTOR('',#1807,1.);
#1028=VECTOR('',#1810,1.);
#1029=VECTOR('',#1813,1.);
#1030=VECTOR('',#1816,1.);
#1031=VECTOR('',#1817,1.);
#1032=VECTOR('',#1818,1.);
#1033=VECTOR('',#1819,1.);
#1034=VECTOR('',#1822,1.);
#1035=VECTOR('',#1823,1.);
#1036=VECTOR('',#1824,1.);
#1037=VECTOR('',#1825,1.);
#1038=VECTOR('',#1830,1.);
#1039=VECTOR('',#1831,1.);
#1040=VECTOR('',#1832,1.);
#1041=VECTOR('',#1835,1.);
#1042=VECTOR('',#1836,1.);
#1043=VECTOR('',#1839,1.);
#1044=VECTOR('',#1840,1.);
#1045=VECTOR('',#1843,1.);
#1046=VECTOR('',#1844,1.);
#1047=VECTOR('',#1845,1.);
#1048=VECTOR('',#1848,1.);
#1049=VECTOR('',#1849,1.);
#1050=VECTOR('',#1852,1.);
#1051=VECTOR('',#1853,1.);
#1052=VECTOR('',#1878,1.);
#1053=VECTOR('',#1881,1.);
#1054=VECTOR('',#1884,1.);
#1055=VECTOR('',#1885,1.);
#1056=VECTOR('',#1886,1.);
#1057=VECTOR('',#1887,1.);
#1058=VECTOR('',#1900,1.);
#1059=VECTOR('',#1901,1.);
#1060=VECTOR('',#1902,1.);
#1061=VECTOR('',#1905,1.);
#1062=VECTOR('',#1906,1.);
#1063=VECTOR('',#1909,1.);
#1064=VECTOR('',#1910,1.);
#1065=VECTOR('',#1913,1.);
#1066=VECTOR('',#1914,1.);
#1067=VECTOR('',#1915,1.);
#1068=VECTOR('',#1918,1.);
#1069=VECTOR('',#1919,1.);
#1070=VECTOR('',#1922,1.);
#1071=VECTOR('',#1923,1.);
#1072=VECTOR('',#1926,1.);
#1073=VECTOR('',#1931,1.);
#1074=VECTOR('',#1932,1.);
#1075=VECTOR('',#1933,1.);
#1076=VECTOR('',#1936,1.);
#1077=VECTOR('',#1937,1.);
#1078=VECTOR('',#1940,1.);
#1079=VECTOR('',#1941,1.);
#1080=VECTOR('',#1944,1.);
#1081=VECTOR('',#1945,1.);
#1082=VECTOR('',#1946,1.);
#1083=VECTOR('',#1949,1.);
#1084=VECTOR('',#1950,1.);
#1085=VECTOR('',#1953,1.);
#1086=VECTOR('',#1954,1.);
#1087=VECTOR('',#1957,1.);
#1088=VECTOR('',#1962,1.);
#1089=VECTOR('',#1963,1.);
#1090=VECTOR('',#1964,1.);
#1091=VECTOR('',#1965,1.);
#1092=VECTOR('',#1968,1.);
#1093=VECTOR('',#1969,1.);
#1094=VECTOR('',#1970,1.);
#1095=VECTOR('',#1973,1.);
#1096=VECTOR('',#1974,1.);
#1097=VECTOR('',#1975,1.);
#1098=VECTOR('',#1976,1.);
#1099=VECTOR('',#1979,1.);
#1100=VECTOR('',#1980,1.);
#1101=VECTOR('',#1981,1.);
#1102=VECTOR('',#1984,1.);
#1103=VECTOR('',#1985,1.);
#1104=VECTOR('',#1988,1.);
#1105=VECTOR('',#1989,1.);
#1106=VECTOR('',#1992,1.);
#1107=VECTOR('',#1995,1.);
#1108=VECTOR('',#1996,1.);
#1109=VECTOR('',#2081,1.);
#1110=VECTOR('',#2082,1.);
#1111=VECTOR('',#2085,1.);
#1112=VECTOR('',#2088,1.);
#1113=VECTOR('',#2091,1.);
#1114=VECTOR('',#2092,1.);
#1115=VECTOR('',#2095,1.);
#1116=VECTOR('',#2098,1.);
#1117=VECTOR('',#2099,1.);
#1118=VECTOR('',#2102,1.);
#1119=VECTOR('',#2105,1.);
#1120=VECTOR('',#2108,1.);
#1121=VECTOR('',#2111,1.);
#1122=VECTOR('',#2116,1.);
#1123=VECTOR('',#2119,1.);
#1124=VECTOR('',#2124,1.);
#1125=VECTOR('',#2127,1.);
#1126=EDGE_LOOP('',(#107,#108,#109,#110));
#1127=EDGE_LOOP('',(#111,#112,#113,#114));
#1128=EDGE_LOOP('',(#115,#116,#117,#118,#119,#120,#121,#122,#123,#124,#125,
#126,#127,#128,#129,#130));
#1129=EDGE_LOOP('',(#131,#132,#133,#134));
#1130=EDGE_LOOP('',(#135));
#1131=EDGE_LOOP('',(#136));
#1132=EDGE_LOOP('',(#137,#138,#139,#140,#141,#142));
#1133=EDGE_LOOP('',(#143));
#1134=EDGE_LOOP('',(#144,#145,#146,#147));
#1135=EDGE_LOOP('',(#148));
#1136=EDGE_LOOP('',(#149,#150,#151,#152));
#1137=EDGE_LOOP('',(#153,#154,#155,#156));
#1138=EDGE_LOOP('',(#157));
#1139=EDGE_LOOP('',(#158,#159,#160,#161,#162,#163,#164,#165));
#1140=EDGE_LOOP('',(#166,#167,#168,#169));
#1141=EDGE_LOOP('',(#170,#171,#172,#173));
#1142=EDGE_LOOP('',(#174));
#1143=EDGE_LOOP('',(#175,#176,#177,#178));
#1144=EDGE_LOOP('',(#179,#180,#181,#182));
#1145=EDGE_LOOP('',(#183,#184,#185,#186));
#1146=EDGE_LOOP('',(#187,#188,#189,#190));
#1147=EDGE_LOOP('',(#191,#192,#193,#194));
#1148=EDGE_LOOP('',(#195,#196,#197,#198));
#1149=EDGE_LOOP('',(#199));
#1150=EDGE_LOOP('',(#200));
#1151=EDGE_LOOP('',(#201));
#1152=EDGE_LOOP('',(#202));
#1153=EDGE_LOOP('',(#203));
#1154=EDGE_LOOP('',(#204));
#1155=EDGE_LOOP('',(#205));
#1156=EDGE_LOOP('',(#206));
#1157=EDGE_LOOP('',(#207));
#1158=EDGE_LOOP('',(#208));
#1159=EDGE_LOOP('',(#209,#210,#211,#212));
#1160=EDGE_LOOP('',(#213,#214,#215,#216));
#1161=EDGE_LOOP('',(#217,#218,#219,#220));
#1162=EDGE_LOOP('',(#221));
#1163=EDGE_LOOP('',(#222));
#1164=EDGE_LOOP('',(#223));
#1165=EDGE_LOOP('',(#224));
#1166=EDGE_LOOP('',(#225));
#1167=EDGE_LOOP('',(#226,#227,#228,#229));
#1168=EDGE_LOOP('',(#230));
#1169=EDGE_LOOP('',(#231));
#1170=EDGE_LOOP('',(#232));
#1171=EDGE_LOOP('',(#233));
#1172=EDGE_LOOP('',(#234));
#1173=EDGE_LOOP('',(#235,#236,#237,#238));
#1174=EDGE_LOOP('',(#239,#240,#241,#242));
#1175=EDGE_LOOP('',(#243,#244,#245,#246));
#1176=EDGE_LOOP('',(#247,#248,#249,#250));
#1177=EDGE_LOOP('',(#251,#252,#253,#254));
#1178=EDGE_LOOP('',(#255,#256,#257,#258,#259));
#1179=EDGE_LOOP('',(#260,#261,#262,#263,#264));
#1180=EDGE_LOOP('',(#265,#266,#267,#268));
#1181=EDGE_LOOP('',(#269,#270,#271,#272));
#1182=EDGE_LOOP('',(#273,#274,#275,#276));
#1183=EDGE_LOOP('',(#277,#278,#279,#280));
#1184=EDGE_LOOP('',(#281,#282,#283,#284));
#1185=EDGE_LOOP('',(#285,#286,#287,#288));
#1186=EDGE_LOOP('',(#289,#290,#291,#292));
#1187=EDGE_LOOP('',(#293,#294,#295,#296,#297));
#1188=EDGE_LOOP('',(#298,#299,#300,#301,#302));
#1189=EDGE_LOOP('',(#303,#304,#305,#306));
#1190=EDGE_LOOP('',(#307,#308,#309,#310));
#1191=EDGE_LOOP('',(#311,#312,#313,#314));
#1192=EDGE_LOOP('',(#315,#316,#317,#318));
#1193=EDGE_LOOP('',(#319,#320,#321,#322,#323));
#1194=EDGE_LOOP('',(#324,#325,#326,#327,#328,#329));
#1195=EDGE_LOOP('',(#330,#331,#332,#333));
#1196=EDGE_LOOP('',(#334,#335,#336,#337));
#1197=EDGE_LOOP('',(#338,#339,#340,#341));
#1198=EDGE_LOOP('',(#342,#343,#344,#345));
#1199=EDGE_LOOP('',(#346,#347,#348,#349));
#1200=EDGE_LOOP('',(#350,#351,#352,#353));
#1201=EDGE_LOOP('',(#354,#355,#356,#357));
#1202=EDGE_LOOP('',(#358,#359,#360,#361));
#1203=EDGE_LOOP('',(#362));
#1204=EDGE_LOOP('',(#363,#364,#365,#366));
#1205=EDGE_LOOP('',(#367));
#1206=EDGE_LOOP('',(#368));
#1207=EDGE_LOOP('',(#369));
#1208=EDGE_LOOP('',(#370));
#1209=EDGE_LOOP('',(#371));
#1210=EDGE_LOOP('',(#372));
#1211=EDGE_LOOP('',(#373));
#1212=EDGE_LOOP('',(#374));
#1213=EDGE_LOOP('',(#375));
#1214=EDGE_LOOP('',(#376));
#1215=EDGE_LOOP('',(#377));
#1216=EDGE_LOOP('',(#378));
#1217=EDGE_LOOP('',(#379));
#1218=EDGE_LOOP('',(#380));
#1219=EDGE_LOOP('',(#381));
#1220=EDGE_LOOP('',(#382));
#1221=EDGE_LOOP('',(#383));
#1222=EDGE_LOOP('',(#384));
#1223=EDGE_LOOP('',(#385));
#1224=EDGE_LOOP('',(#386));
#1225=EDGE_LOOP('',(#387));
#1226=EDGE_LOOP('',(#388));
#1227=EDGE_LOOP('',(#389));
#1228=EDGE_LOOP('',(#390));
#1229=EDGE_LOOP('',(#391));
#1230=EDGE_LOOP('',(#392));
#1231=EDGE_LOOP('',(#393));
#1232=EDGE_LOOP('',(#394));
#1233=EDGE_LOOP('',(#395));
#1234=EDGE_LOOP('',(#396));
#1235=EDGE_LOOP('',(#397));
#1236=EDGE_LOOP('',(#398));
#1237=EDGE_LOOP('',(#399));
#1238=EDGE_LOOP('',(#400,#401,#402,#403));
#1239=EDGE_LOOP('',(#404,#405,#406,#407));
#1240=EDGE_LOOP('',(#408,#409,#410,#411));
#1241=EDGE_LOOP('',(#412,#413,#414,#415));
#1242=EDGE_LOOP('',(#416,#417,#418,#419));
#1243=EDGE_LOOP('',(#420,#421,#422,#423));
#1244=EDGE_LOOP('',(#424,#425,#426,#427));
#1245=EDGE_LOOP('',(#428,#429,#430,#431));
#1246=EDGE_LOOP('',(#432,#433,#434,#435));
#1247=EDGE_LOOP('',(#436,#437,#438,#439));
#1248=EDGE_LOOP('',(#440,#441,#442,#443,#444,#445,#446,#447,#448,#449,#450,
#451,#452,#453,#454,#455,#456,#457,#458));
#1249=EDGE_LOOP('',(#459,#460,#461,#462));
#1250=EDGE_LOOP('',(#463,#464,#465,#466));
#1251=EDGE_LOOP('',(#467,#468,#469,#470));
#1252=EDGE_LOOP('',(#471,#472,#473,#474));
#1253=EDGE_LOOP('',(#475,#476,#477,#478));
#1254=EDGE_LOOP('',(#479,#480,#481,#482));
#1255=EDGE_LOOP('',(#483,#484,#485,#486));
#1256=EDGE_LOOP('',(#487,#488,#489,#490));
#1257=EDGE_LOOP('',(#491,#492,#493,#494));
#1258=EDGE_LOOP('',(#495,#496,#497,#498));
#1259=EDGE_LOOP('',(#499,#500,#501,#502));
#1260=EDGE_LOOP('',(#503,#504,#505,#506));
#1261=EDGE_LOOP('',(#507,#508,#509,#510));
#1262=EDGE_LOOP('',(#511,#512,#513,#514));
#1263=FACE_BOUND('',#1126,.T.);
#1264=FACE_BOUND('',#1127,.T.);
#1265=FACE_BOUND('',#1128,.T.);
#1266=FACE_BOUND('',#1129,.T.);
#1267=FACE_BOUND('',#1130,.T.);
#1268=FACE_BOUND('',#1131,.T.);
#1269=FACE_BOUND('',#1132,.T.);
#1270=FACE_BOUND('',#1133,.T.);
#1271=FACE_BOUND('',#1134,.T.);
#1272=FACE_BOUND('',#1135,.T.);
#1273=FACE_BOUND('',#1136,.T.);
#1274=FACE_BOUND('',#1137,.T.);
#1275=FACE_BOUND('',#1138,.T.);
#1276=FACE_BOUND('',#1139,.T.);
#1277=FACE_BOUND('',#1140,.T.);
#1278=FACE_BOUND('',#1141,.T.);
#1279=FACE_BOUND('',#1142,.T.);
#1280=FACE_BOUND('',#1143,.T.);
#1281=FACE_BOUND('',#1144,.T.);
#1282=FACE_BOUND('',#1145,.T.);
#1283=FACE_BOUND('',#1146,.T.);
#1284=FACE_BOUND('',#1147,.T.);
#1285=FACE_BOUND('',#1148,.T.);
#1286=FACE_BOUND('',#1149,.T.);
#1287=FACE_BOUND('',#1150,.T.);
#1288=FACE_BOUND('',#1151,.T.);
#1289=FACE_BOUND('',#1152,.T.);
#1290=FACE_BOUND('',#1153,.T.);
#1291=FACE_BOUND('',#1154,.T.);
#1292=FACE_BOUND('',#1155,.T.);
#1293=FACE_BOUND('',#1156,.T.);
#1294=FACE_BOUND('',#1157,.T.);
#1295=FACE_BOUND('',#1158,.T.);
#1296=FACE_BOUND('',#1159,.T.);
#1297=FACE_BOUND('',#1160,.T.);
#1298=FACE_BOUND('',#1161,.T.);
#1299=FACE_BOUND('',#1162,.T.);
#1300=FACE_BOUND('',#1163,.T.);
#1301=FACE_BOUND('',#1164,.T.);
#1302=FACE_BOUND('',#1165,.T.);
#1303=FACE_BOUND('',#1166,.T.);
#1304=FACE_BOUND('',#1167,.T.);
#1305=FACE_BOUND('',#1168,.T.);
#1306=FACE_BOUND('',#1169,.T.);
#1307=FACE_BOUND('',#1170,.T.);
#1308=FACE_BOUND('',#1171,.T.);
#1309=FACE_BOUND('',#1172,.T.);
#1310=FACE_BOUND('',#1173,.T.);
#1311=FACE_BOUND('',#1174,.T.);
#1312=FACE_BOUND('',#1175,.T.);
#1313=FACE_BOUND('',#1176,.T.);
#1314=FACE_BOUND('',#1177,.T.);
#1315=FACE_BOUND('',#1178,.T.);
#1316=FACE_BOUND('',#1179,.T.);
#1317=FACE_BOUND('',#1180,.T.);
#1318=FACE_BOUND('',#1181,.T.);
#1319=FACE_BOUND('',#1182,.T.);
#1320=FACE_BOUND('',#1183,.T.);
#1321=FACE_BOUND('',#1184,.T.);
#1322=FACE_BOUND('',#1185,.T.);
#1323=FACE_BOUND('',#1186,.T.);
#1324=FACE_BOUND('',#1187,.T.);
#1325=FACE_BOUND('',#1188,.T.);
#1326=FACE_BOUND('',#1189,.T.);
#1327=FACE_BOUND('',#1190,.T.);
#1328=FACE_BOUND('',#1191,.T.);
#1329=FACE_BOUND('',#1192,.T.);
#1330=FACE_BOUND('',#1193,.T.);
#1331=FACE_BOUND('',#1194,.T.);
#1332=FACE_BOUND('',#1195,.T.);
#1333=FACE_BOUND('',#1196,.T.);
#1334=FACE_BOUND('',#1197,.T.);
#1335=FACE_BOUND('',#1198,.T.);
#1336=FACE_BOUND('',#1199,.T.);
#1337=FACE_BOUND('',#1200,.T.);
#1338=FACE_BOUND('',#1201,.T.);
#1339=FACE_BOUND('',#1202,.T.);
#1340=FACE_BOUND('',#1203,.T.);
#1341=FACE_BOUND('',#1204,.T.);
#1342=FACE_BOUND('',#1205,.T.);
#1343=FACE_BOUND('',#1206,.T.);
#1344=FACE_BOUND('',#1207,.T.);
#1345=FACE_BOUND('',#1208,.T.);
#1346=FACE_BOUND('',#1209,.T.);
#1347=FACE_BOUND('',#1210,.T.);
#1348=FACE_BOUND('',#1211,.T.);
#1349=FACE_BOUND('',#1212,.T.);
#1350=FACE_BOUND('',#1213,.T.);
#1351=FACE_BOUND('',#1214,.T.);
#1352=FACE_BOUND('',#1215,.T.);
#1353=FACE_BOUND('',#1216,.T.);
#1354=FACE_BOUND('',#1217,.T.);
#1355=FACE_BOUND('',#1218,.T.);
#1356=FACE_BOUND('',#1219,.T.);
#1357=FACE_BOUND('',#1220,.T.);
#1358=FACE_BOUND('',#1221,.T.);
#1359=FACE_BOUND('',#1222,.T.);
#1360=FACE_BOUND('',#1223,.T.);
#1361=FACE_BOUND('',#1224,.T.);
#1362=FACE_BOUND('',#1225,.T.);
#1363=FACE_BOUND('',#1226,.T.);
#1364=FACE_BOUND('',#1227,.T.);
#1365=FACE_BOUND('',#1228,.T.);
#1366=FACE_BOUND('',#1229,.T.);
#1367=FACE_BOUND('',#1230,.T.);
#1368=FACE_BOUND('',#1231,.T.);
#1369=FACE_BOUND('',#1232,.T.);
#1370=FACE_BOUND('',#1233,.T.);
#1371=FACE_BOUND('',#1234,.T.);
#1372=FACE_BOUND('',#1235,.T.);
#1373=FACE_BOUND('',#1236,.T.);
#1374=FACE_BOUND('',#1237,.T.);
#1375=FACE_BOUND('',#1238,.T.);
#1376=FACE_BOUND('',#1239,.T.);
#1377=FACE_BOUND('',#1240,.T.);
#1378=FACE_BOUND('',#1241,.T.);
#1379=FACE_BOUND('',#1242,.T.);
#1380=FACE_BOUND('',#1243,.T.);
#1381=FACE_BOUND('',#1244,.T.);
#1382=FACE_BOUND('',#1245,.T.);
#1383=FACE_BOUND('',#1246,.T.);
#1384=FACE_BOUND('',#1247,.T.);
#1385=FACE_BOUND('',#1248,.T.);
#1386=FACE_BOUND('',#1249,.T.);
#1387=FACE_BOUND('',#1250,.T.);
#1388=FACE_BOUND('',#1251,.T.);
#1389=FACE_BOUND('',#1252,.T.);
#1390=FACE_BOUND('',#1253,.T.);
#1391=FACE_BOUND('',#1254,.T.);
#1392=FACE_BOUND('',#1255,.T.);
#1393=FACE_BOUND('',#1256,.T.);
#1394=FACE_BOUND('',#1257,.T.);
#1395=FACE_BOUND('',#1258,.T.);
#1396=FACE_BOUND('',#1259,.T.);
#1397=FACE_BOUND('',#1260,.T.);
#1398=FACE_BOUND('',#1261,.T.);
#1399=FACE_BOUND('',#1262,.T.);
#1400=PLANE('',#1572);
#1401=PLANE('',#1573);
#1402=PLANE('',#1574);
#1403=PLANE('',#1577);
#1404=PLANE('',#1594);
#1405=PLANE('',#1596);
#1406=PLANE('',#1601);
#1407=PLANE('',#1603);
#1408=PLANE('',#1604);
#1409=PLANE('',#1605);
#1410=PLANE('',#1606);
#1411=PLANE('',#1607);
#1412=PLANE('',#1608);
#1413=PLANE('',#1620);
#1414=PLANE('',#1621);
#1415=PLANE('',#1622);
#1416=PLANE('',#1623);
#1417=PLANE('',#1628);
#1418=PLANE('',#1629);
#1419=PLANE('',#1630);
#1420=PLANE('',#1631);
#1421=PLANE('',#1632);
#1422=PLANE('',#1633);
#1423=PLANE('',#1634);
#1424=PLANE('',#1635);
#1425=PLANE('',#1636);
#1426=PLANE('',#1637);
#1427=PLANE('',#1638);
#1428=PLANE('',#1639);
#1429=PLANE('',#1640);
#1430=PLANE('',#1641);
#1431=PLANE('',#1642);
#1432=PLANE('',#1643);
#1433=PLANE('',#1644);
#1434=PLANE('',#1645);
#1435=PLANE('',#1646);
#1436=PLANE('',#1647);
#1437=PLANE('',#1648);
#1438=PLANE('',#1649);
#1439=PLANE('',#1650);
#1440=PLANE('',#1651);
#1441=PLANE('',#1652);
#1442=PLANE('',#1665);
#1443=PLANE('',#1670);
#1444=PLANE('',#1671);
#1445=PLANE('',#1676);
#1446=PLANE('',#1677);
#1447=PLANE('',#1682);
#1448=PLANE('',#1683);
#1449=PLANE('',#1688);
#1450=PLANE('',#1693);
#1451=PLANE('',#1694);
#1452=PLANE('',#1695);
#1453=PLANE('',#1696);
#1454=PLANE('',#1697);
#1455=PLANE('',#1698);
#1456=PLANE('',#1699);
#1457=PLANE('',#1700);
#1458=PLANE('',#1701);
#1459=PLANE('',#1702);
#1460=PLANE('',#1703);
#1461=PLANE('',#1704);
#1462=PLANE('',#1705);
#1463=PLANE('',#1706);
#1464=PLANE('',#1707);
#1465=PLANE('',#1708);
#1466=PLANE('',#1709);
#1467=ADVANCED_FACE('',(#1263),#1400,.T.);
#1468=ADVANCED_FACE('',(#1264),#1401,.T.);
#1469=ADVANCED_FACE('',(#1265),#1402,.F.);
#1470=ADVANCED_FACE('',(#1266,#1267,#1268,#1269),#1403,.F.);
#1471=ADVANCED_FACE('',(#1270,#1271),#36,.T.);
#1472=ADVANCED_FACE('',(#1272,#1273),#37,.T.);
#1473=ADVANCED_FACE('',(#1274,#1275),#1404,.F.);
#1474=ADVANCED_FACE('',(#1276,#1277),#1405,.F.);
#1475=ADVANCED_FACE('',(#1278,#1279),#1406,.F.);
#1476=ADVANCED_FACE('',(#1280),#1407,.T.);
#1477=ADVANCED_FACE('',(#1281),#1408,.T.);
#1478=ADVANCED_FACE('',(#1282),#1409,.F.);
#1479=ADVANCED_FACE('',(#1283),#1410,.F.);
#1480=ADVANCED_FACE('',(#1284),#1411,.T.);
#1481=ADVANCED_FACE('',(#1285),#1412,.T.);
#1482=ADVANCED_FACE('',(#1286,#1287),#38,.F.);
#1483=ADVANCED_FACE('',(#1288,#1289),#39,.F.);
#1484=ADVANCED_FACE('',(#1290,#1291),#40,.F.);
#1485=ADVANCED_FACE('',(#1292,#1293),#41,.F.);
#1486=ADVANCED_FACE('',(#1294,#1295),#42,.F.);
#1487=ADVANCED_FACE('',(#1296),#1413,.F.);
#1488=ADVANCED_FACE('',(#1297),#1414,.F.);
#1489=ADVANCED_FACE('',(#1298,#1299),#1415,.F.);
#1490=ADVANCED_FACE('',(#1300,#1301,#1302,#1303,#1304,#1305,#1306,#1307,
#1308,#1309,#1310),#1416,.T.);
#1491=ADVANCED_FACE('',(#1311),#1417,.T.);
#1492=ADVANCED_FACE('',(#1312),#1418,.F.);
#1493=ADVANCED_FACE('',(#1313),#1419,.F.);
#1494=ADVANCED_FACE('',(#1314),#1420,.F.);
#1495=ADVANCED_FACE('',(#1315),#1421,.F.);
#1496=ADVANCED_FACE('',(#1316),#1422,.T.);
#1497=ADVANCED_FACE('',(#1317),#1423,.T.);
#1498=ADVANCED_FACE('',(#1318,#1319),#1424,.T.);
#1499=ADVANCED_FACE('',(#1320),#1425,.T.);
#1500=ADVANCED_FACE('',(#1321),#1426,.F.);
#1501=ADVANCED_FACE('',(#1322),#1427,.F.);
#1502=ADVANCED_FACE('',(#1323),#1428,.F.);
#1503=ADVANCED_FACE('',(#1324),#1429,.F.);
#1504=ADVANCED_FACE('',(#1325),#1430,.T.);
#1505=ADVANCED_FACE('',(#1326),#1431,.T.);
#1506=ADVANCED_FACE('',(#1327,#1328),#1432,.T.);
#1507=ADVANCED_FACE('',(#1329),#1433,.T.);
#1508=ADVANCED_FACE('',(#1330),#1434,.T.);
#1509=ADVANCED_FACE('',(#1331),#1435,.F.);
#1510=ADVANCED_FACE('',(#1332),#1436,.T.);
#1511=ADVANCED_FACE('',(#1333),#1437,.T.);
#1512=ADVANCED_FACE('',(#1334),#1438,.F.);
#1513=ADVANCED_FACE('',(#1335),#1439,.F.);
#1514=ADVANCED_FACE('',(#1336),#1440,.F.);
#1515=ADVANCED_FACE('',(#1337,#1338),#1441,.T.);
#1516=ADVANCED_FACE('',(#1339,#1340),#43,.T.);
#1517=ADVANCED_FACE('',(#1341,#1342),#44,.T.);
#1518=ADVANCED_FACE('',(#1343,#1344),#1442,.F.);
#1519=ADVANCED_FACE('',(#1345,#1346),#45,.F.);
#1520=ADVANCED_FACE('',(#1347,#1348),#1443,.T.);
#1521=ADVANCED_FACE('',(#1349,#1350),#1444,.F.);
#1522=ADVANCED_FACE('',(#1351,#1352),#46,.F.);
#1523=ADVANCED_FACE('',(#1353,#1354),#1445,.T.);
#1524=ADVANCED_FACE('',(#1355,#1356),#1446,.F.);
#1525=ADVANCED_FACE('',(#1357,#1358),#47,.F.);
#1526=ADVANCED_FACE('',(#1359,#1360),#1447,.T.);
#1527=ADVANCED_FACE('',(#1361,#1362),#1448,.F.);
#1528=ADVANCED_FACE('',(#1363,#1364),#48,.F.);
#1529=ADVANCED_FACE('',(#1365,#1366),#1449,.T.);
#1530=ADVANCED_FACE('',(#1367,#1368),#49,.F.);
#1531=ADVANCED_FACE('',(#1369,#1370),#50,.F.);
#1532=ADVANCED_FACE('',(#1371,#1372),#51,.F.);
#1533=ADVANCED_FACE('',(#1373,#1374),#52,.F.);
#1534=ADVANCED_FACE('',(#1375),#1450,.T.);
#1535=ADVANCED_FACE('',(#1376),#1451,.T.);
#1536=ADVANCED_FACE('',(#1377),#1452,.T.);
#1537=ADVANCED_FACE('',(#1378),#1453,.T.);
#1538=ADVANCED_FACE('',(#1379),#1454,.F.);
#1539=ADVANCED_FACE('',(#1380),#1455,.F.);
#1540=ADVANCED_FACE('',(#1381),#1456,.T.);
#1541=ADVANCED_FACE('',(#1382),#1457,.T.);
#1542=ADVANCED_FACE('',(#1383),#1458,.F.);
#1543=ADVANCED_FACE('',(#1384),#1459,.F.);
#1544=ADVANCED_FACE('',(#1385),#1460,.T.);
#1545=ADVANCED_FACE('',(#1386),#1461,.T.);
#1546=ADVANCED_FACE('',(#1387),#1462,.F.);
#1547=ADVANCED_FACE('',(#1388),#1463,.T.);
#1548=ADVANCED_FACE('',(#1389),#1464,.T.);
#1549=ADVANCED_FACE('',(#1390),#1465,.F.);
#1550=ADVANCED_FACE('',(#1391),#1466,.T.);
#1551=ADVANCED_FACE('',(#1392),#12,.T.);
#1552=ADVANCED_FACE('',(#1393),#13,.T.);
#1553=ADVANCED_FACE('',(#1394),#14,.T.);
#1554=ADVANCED_FACE('',(#1395),#15,.T.);
#1555=ADVANCED_FACE('',(#1396),#16,.T.);
#1556=ADVANCED_FACE('',(#1397),#17,.T.);
#1557=ADVANCED_FACE('',(#1398),#18,.T.);
#1558=ADVANCED_FACE('',(#1399),#19,.T.);
#1559=CLOSED_SHELL('',(#1467,#1468,#1469,#1470,#1471,#1472,#1473,#1474,
#1475,#1476,#1477,#1478,#1479,#1480,#1481,#1482,#1483,#1484,#1485,#1486,
#1487,#1488,#1489,#1490,#1491,#1492,#1493,#1494,#1495,#1496,#1497,#1498,
#1499,#1500,#1501,#1502,#1503,#1504,#1505,#1506,#1507,#1508,#1509,#1510,
#1511,#1512,#1513,#1514,#1515,#1516,#1517,#1518,#1519,#1520,#1521,#1522,
#1523,#1524,#1525,#1526,#1527,#1528,#1529,#1530,#1531,#1532,#1533,#1534,
#1535,#1536,#1537,#1538,#1539,#1540,#1541,#1542,#1543,#1544,#1545,#1546,
#1547,#1548,#1549,#1550,#1551,#1552,#1553,#1554,#1555,#1556,#1557,#1558));
#1560=STYLED_ITEM('',(#1561),#1568);
#1561=PRESENTATION_STYLE_ASSIGNMENT((#1562));
#1562=SURFACE_STYLE_USAGE(.BOTH.,#1563);
#1563=SURFACE_SIDE_STYLE('',(#1564));
#1564=SURFACE_STYLE_FILL_AREA(#1565);
#1565=FILL_AREA_STYLE('',(#1566));
#1566=FILL_AREA_STYLE_COLOUR('',#1567);
#1567=COLOUR_RGB('',0.372549019607843,0.654901960784314,0.23921568627451);
#1568=MANIFOLD_SOLID_BREP('Part 1',#1559);
#1569=SHAPE_DEFINITION_REPRESENTATION(#2636,#1570);
#1570=SHAPE_REPRESENTATION('Part 1',(#1571),#2631);
#1571=AXIS2_PLACEMENT_3D('',#2146,#1718,#1719);
#1572=AXIS2_PLACEMENT_3D('',#2147,#1720,#1721);
#1573=AXIS2_PLACEMENT_3D('',#2156,#1726,#1727);
#1574=AXIS2_PLACEMENT_3D('',#2165,#1732,#1733);
#1575=AXIS2_PLACEMENT_3D('',#2169,#1735,#1736);
#1576=AXIS2_PLACEMENT_3D('',#2173,#1738,#1739);
#1577=AXIS2_PLACEMENT_3D('',#2198,#1752,#1753);
#1578=AXIS2_PLACEMENT_3D('',#2207,#1758,#1759);
#1579=AXIS2_PLACEMENT_3D('',#2209,#1760,#1761);
#1580=AXIS2_PLACEMENT_3D('',#2214,#1763,#1764);
#1581=AXIS2_PLACEMENT_3D('',#2222,#1768,#1769);
#1582=AXIS2_PLACEMENT_3D('',#2223,#1770,#1771);
#1583=AXIS2_PLACEMENT_3D('',#2224,#1772,#1773);
#1584=AXIS2_PLACEMENT_3D('',#2226,#1774,#1775);
#1585=AXIS2_PLACEMENT_3D('',#2229,#1776,#1777);
#1586=AXIS2_PLACEMENT_3D('',#2231,#1778,#1779);
#1587=AXIS2_PLACEMENT_3D('',#2233,#1780,#1781);
#1588=AXIS2_PLACEMENT_3D('',#2234,#1782,#1783);
#1589=AXIS2_PLACEMENT_3D('',#2235,#1784,#1785);
#1590=AXIS2_PLACEMENT_3D('',#2237,#1786,#1787);
#1591=AXIS2_PLACEMENT_3D('',#2240,#1788,#1789);
#1592=AXIS2_PLACEMENT_3D('',#2242,#1790,#1791);
#1593=AXIS2_PLACEMENT_3D('',#2244,#1792,#1793);
#1594=AXIS2_PLACEMENT_3D('',#2245,#1794,#1795);
#1595=AXIS2_PLACEMENT_3D('',#2254,#1800,#1801);
#1596=AXIS2_PLACEMENT_3D('',#2256,#1802,#1803);
#1597=AXIS2_PLACEMENT_3D('',#2260,#1805,#1806);
#1598=AXIS2_PLACEMENT_3D('',#2264,#1808,#1809);
#1599=AXIS2_PLACEMENT_3D('',#2268,#1811,#1812);
#1600=AXIS2_PLACEMENT_3D('',#2272,#1814,#1815);
#1601=AXIS2_PLACEMENT_3D('',#2281,#1820,#1821);
#1602=AXIS2_PLACEMENT_3D('',#2290,#1826,#1827);
#1603=AXIS2_PLACEMENT_3D('',#2292,#1828,#1829);
#1604=AXIS2_PLACEMENT_3D('',#2298,#1833,#1834);
#1605=AXIS2_PLACEMENT_3D('',#2302,#1837,#1838);
#1606=AXIS2_PLACEMENT_3D('',#2306,#1841,#1842);
#1607=AXIS2_PLACEMENT_3D('',#2312,#1846,#1847);
#1608=AXIS2_PLACEMENT_3D('',#2316,#1850,#1851);
#1609=AXIS2_PLACEMENT_3D('',#2320,#1854,#1855);
#1610=AXIS2_PLACEMENT_3D('',#2321,#1856,#1857);
#1611=AXIS2_PLACEMENT_3D('',#2323,#1858,#1859);
#1612=AXIS2_PLACEMENT_3D('',#2324,#1860,#1861);
#1613=AXIS2_PLACEMENT_3D('',#2326,#1862,#1863);
#1614=AXIS2_PLACEMENT_3D('',#2327,#1864,#1865);
#1615=AXIS2_PLACEMENT_3D('',#2329,#1866,#1867);
#1616=AXIS2_PLACEMENT_3D('',#2331,#1868,#1869);
#1617=AXIS2_PLACEMENT_3D('',#2332,#1870,#1871);
#1618=AXIS2_PLACEMENT_3D('',#2334,#1872,#1873);
#1619=AXIS2_PLACEMENT_3D('',#2335,#1874,#1875);
#1620=AXIS2_PLACEMENT_3D('',#2337,#1876,#1877);
#1621=AXIS2_PLACEMENT_3D('',#2339,#1879,#1880);
#1622=AXIS2_PLACEMENT_3D('',#2341,#1882,#1883);
#1623=AXIS2_PLACEMENT_3D('',#2350,#1888,#1889);
#1624=AXIS2_PLACEMENT_3D('',#2351,#1890,#1891);
#1625=AXIS2_PLACEMENT_3D('',#2353,#1892,#1893);
#1626=AXIS2_PLACEMENT_3D('',#2355,#1894,#1895);
#1627=AXIS2_PLACEMENT_3D('',#2357,#1896,#1897);
#1628=AXIS2_PLACEMENT_3D('',#2359,#1898,#1899);
#1629=AXIS2_PLACEMENT_3D('',#2365,#1903,#1904);
#1630=AXIS2_PLACEMENT_3D('',#2369,#1907,#1908);
#1631=AXIS2_PLACEMENT_3D('',#2373,#1911,#1912);
#1632=AXIS2_PLACEMENT_3D('',#2379,#1916,#1917);
#1633=AXIS2_PLACEMENT_3D('',#2382,#1920,#1921);
#1634=AXIS2_PLACEMENT_3D('',#2385,#1924,#1925);
#1635=AXIS2_PLACEMENT_3D('',#2387,#1927,#1928);
#1636=AXIS2_PLACEMENT_3D('',#2388,#1929,#1930);
#1637=AXIS2_PLACEMENT_3D('',#2394,#1934,#1935);
#1638=AXIS2_PLACEMENT_3D('',#2398,#1938,#1939);
#1639=AXIS2_PLACEMENT_3D('',#2402,#1942,#1943);
#1640=AXIS2_PLACEMENT_3D('',#2408,#1947,#1948);
#1641=AXIS2_PLACEMENT_3D('',#2411,#1951,#1952);
#1642=AXIS2_PLACEMENT_3D('',#2414,#1955,#1956);
#1643=AXIS2_PLACEMENT_3D('',#2416,#1958,#1959);
#1644=AXIS2_PLACEMENT_3D('',#2417,#1960,#1961);
#1645=AXIS2_PLACEMENT_3D('',#2426,#1966,#1967);
#1646=AXIS2_PLACEMENT_3D('',#2431,#1971,#1972);
#1647=AXIS2_PLACEMENT_3D('',#2439,#1977,#1978);
#1648=AXIS2_PLACEMENT_3D('',#2445,#1982,#1983);
#1649=AXIS2_PLACEMENT_3D('',#2449,#1986,#1987);
#1650=AXIS2_PLACEMENT_3D('',#2453,#1990,#1991);
#1651=AXIS2_PLACEMENT_3D('',#2455,#1993,#1994);
#1652=AXIS2_PLACEMENT_3D('',#2458,#1997,#1998);
#1653=AXIS2_PLACEMENT_3D('',#2459,#1999,#2000);
#1654=AXIS2_PLACEMENT_3D('',#2460,#2001,#2002);
#1655=AXIS2_PLACEMENT_3D('',#2463,#2003,#2004);
#1656=AXIS2_PLACEMENT_3D('',#2465,#2005,#2006);
#1657=AXIS2_PLACEMENT_3D('',#2467,#2007,#2008);
#1658=AXIS2_PLACEMENT_3D('',#2468,#2009,#2010);
#1659=AXIS2_PLACEMENT_3D('',#2470,#2011,#2012);
#1660=AXIS2_PLACEMENT_3D('',#2471,#2013,#2014);
#1661=AXIS2_PLACEMENT_3D('',#2474,#2015,#2016);
#1662=AXIS2_PLACEMENT_3D('',#2476,#2017,#2018);
#1663=AXIS2_PLACEMENT_3D('',#2478,#2019,#2020);
#1664=AXIS2_PLACEMENT_3D('',#2479,#2021,#2022);
#1665=AXIS2_PLACEMENT_3D('',#2481,#2023,#2024);
#1666=AXIS2_PLACEMENT_3D('',#2482,#2025,#2026);
#1667=AXIS2_PLACEMENT_3D('',#2484,#2027,#2028);
#1668=AXIS2_PLACEMENT_3D('',#2486,#2029,#2030);
#1669=AXIS2_PLACEMENT_3D('',#2487,#2031,#2032);
#1670=AXIS2_PLACEMENT_3D('',#2489,#2033,#2034);
#1671=AXIS2_PLACEMENT_3D('',#2490,#2035,#2036);
#1672=AXIS2_PLACEMENT_3D('',#2491,#2037,#2038);
#1673=AXIS2_PLACEMENT_3D('',#2493,#2039,#2040);
#1674=AXIS2_PLACEMENT_3D('',#2495,#2041,#2042);
#1675=AXIS2_PLACEMENT_3D('',#2496,#2043,#2044);
#1676=AXIS2_PLACEMENT_3D('',#2498,#2045,#2046);
#1677=AXIS2_PLACEMENT_3D('',#2499,#2047,#2048);
#1678=AXIS2_PLACEMENT_3D('',#2500,#2049,#2050);
#1679=AXIS2_PLACEMENT_3D('',#2502,#2051,#2052);
#1680=AXIS2_PLACEMENT_3D('',#2504,#2053,#2054);
#1681=AXIS2_PLACEMENT_3D('',#2505,#2055,#2056);
#1682=AXIS2_PLACEMENT_3D('',#2507,#2057,#2058);
#1683=AXIS2_PLACEMENT_3D('',#2508,#2059,#2060);
#1684=AXIS2_PLACEMENT_3D('',#2509,#2061,#2062);
#1685=AXIS2_PLACEMENT_3D('',#2511,#2063,#2064);
#1686=AXIS2_PLACEMENT_3D('',#2513,#2065,#2066);
#1687=AXIS2_PLACEMENT_3D('',#2514,#2067,#2068);
#1688=AXIS2_PLACEMENT_3D('',#2516,#2069,#2070);
#1689=AXIS2_PLACEMENT_3D('',#2517,#2071,#2072);
#1690=AXIS2_PLACEMENT_3D('',#2518,#2073,#2074);
#1691=AXIS2_PLACEMENT_3D('',#2519,#2075,#2076);
#1692=AXIS2_PLACEMENT_3D('',#2520,#2077,#2078);
#1693=AXIS2_PLACEMENT_3D('',#2521,#2079,#2080);
#1694=AXIS2_PLACEMENT_3D('',#2525,#2083,#2084);
#1695=AXIS2_PLACEMENT_3D('',#2527,#2086,#2087);
#1696=AXIS2_PLACEMENT_3D('',#2529,#2089,#2090);
#1697=AXIS2_PLACEMENT_3D('',#2537,#2093,#2094);
#1698=AXIS2_PLACEMENT_3D('',#2543,#2096,#2097);
#1699=AXIS2_PLACEMENT_3D('',#2551,#2100,#2101);
#1700=AXIS2_PLACEMENT_3D('',#2561,#2103,#2104);
#1701=AXIS2_PLACEMENT_3D('',#2567,#2106,#2107);
#1702=AXIS2_PLACEMENT_3D('',#2577,#2109,#2110);
#1703=AXIS2_PLACEMENT_3D('',#2579,#2112,#2113);
#1704=AXIS2_PLACEMENT_3D('',#2580,#2114,#2115);
#1705=AXIS2_PLACEMENT_3D('',#2590,#2117,#2118);
#1706=AXIS2_PLACEMENT_3D('',#2600,#2120,#2121);
#1707=AXIS2_PLACEMENT_3D('',#2601,#2122,#2123);
#1708=AXIS2_PLACEMENT_3D('',#2611,#2125,#2126);
#1709=AXIS2_PLACEMENT_3D('',#2621,#2128,#2129);
#1710=AXIS2_PLACEMENT_3D('',#2622,#2130,#2131);
#1711=AXIS2_PLACEMENT_3D('',#2623,#2132,#2133);
#1712=AXIS2_PLACEMENT_3D('',#2624,#2134,#2135);
#1713=AXIS2_PLACEMENT_3D('',#2625,#2136,#2137);
#1714=AXIS2_PLACEMENT_3D('',#2626,#2138,#2139);
#1715=AXIS2_PLACEMENT_3D('',#2627,#2140,#2141);
#1716=AXIS2_PLACEMENT_3D('',#2628,#2142,#2143);
#1717=AXIS2_PLACEMENT_3D('',#2629,#2144,#2145);
#1718=DIRECTION('',(0.,0.,1.));
#1719=DIRECTION('',(1.,0.,0.));
#1720=DIRECTION('',(0.,1.,0.));
#1721=DIRECTION('',(0.,0.,1.));
#1722=DIRECTION('',(0.,0.,1.));
#1723=DIRECTION('',(1.,0.,0.));
#1724=DIRECTION('',(0.,0.,1.));
#1725=DIRECTION('',(-1.,0.,0.));
#1726=DIRECTION('',(0.,1.,0.));
#1727=DIRECTION('',(0.,0.,1.));
#1728=DIRECTION('',(0.,0.,1.));
#1729=DIRECTION('',(1.,0.,0.));
#1730=DIRECTION('',(0.,0.,1.));
#1731=DIRECTION('',(-1.,0.,0.));
#1732=DIRECTION('',(0.,0.,1.));
#1733=DIRECTION('',(1.,0.,0.));
#1734=DIRECTION('',(0.,1.,0.));
#1735=DIRECTION('',(0.,0.,1.));
#1736=DIRECTION('',(1.,0.,0.));
#1737=DIRECTION('',(1.,-1.8367660333872E-16,0.));
#1738=DIRECTION('',(0.,0.,1.));
#1739=DIRECTION('',(1.,0.,0.));
#1740=DIRECTION('',(0.,1.,0.));
#1741=DIRECTION('',(-1.,1.21309333984391E-16,0.));
#1742=DIRECTION('',(0.,1.,0.));
#1743=DIRECTION('',(1.,0.,0.));
#1744=DIRECTION('',(0.,1.,0.));
#1745=DIRECTION('',(-1.,1.21309333984391E-16,0.));
#1746=DIRECTION('',(0.,1.,0.));
#1747=DIRECTION('',(1.,0.,0.));
#1748=DIRECTION('',(0.,1.,0.));
#1749=DIRECTION('',(-1.,1.21309333984391E-16,0.));
#1750=DIRECTION('',(0.,1.,0.));
#1751=DIRECTION('',(1.,0.,0.));
#1752=DIRECTION('',(0.,0.,1.));
#1753=DIRECTION('',(1.,0.,0.));
#1754=DIRECTION('',(-1.,0.,0.));
#1755=DIRECTION('',(0.,1.,0.));
#1756=DIRECTION('',(-1.,0.,0.));
#1757=DIRECTION('',(0.,1.,0.));
#1758=DIRECTION('',(0.,0.,1.));
#1759=DIRECTION('',(1.,0.,0.));
#1760=DIRECTION('',(0.,0.,1.));
#1761=DIRECTION('',(1.,0.,0.));
#1762=DIRECTION('',(1.,-1.6326809185664E-16,0.));
#1763=DIRECTION('',(0.,0.,1.));
#1764=DIRECTION('',(1.,0.,0.));
#1765=DIRECTION('',(0.,1.,0.));
#1766=DIRECTION('',(1.,0.,0.));
#1767=DIRECTION('',(0.,1.,0.));
#1768=DIRECTION('',(0.,0.,1.));
#1769=DIRECTION('',(1.,0.,0.));
#1770=DIRECTION('',(0.,0.,1.));
#1771=DIRECTION('',(1.,0.,0.));
#1772=DIRECTION('',(0.,0.,-1.));
#1773=DIRECTION('',(-1.,0.,0.));
#1774=DIRECTION('',(0.,0.,-1.));
#1775=DIRECTION('',(-1.,0.,0.));
#1776=DIRECTION('',(0.,0.,1.));
#1777=DIRECTION('',(1.,0.,0.));
#1778=DIRECTION('',(0.,0.,-1.));
#1779=DIRECTION('',(-1.,0.,0.));
#1780=DIRECTION('',(0.,0.,1.));
#1781=DIRECTION('',(1.,0.,0.));
#1782=DIRECTION('',(0.,0.,1.));
#1783=DIRECTION('',(1.,0.,0.));
#1784=DIRECTION('',(0.,0.,-1.));
#1785=DIRECTION('',(-1.,0.,0.));
#1786=DIRECTION('',(0.,0.,-1.));
#1787=DIRECTION('',(-1.,0.,0.));
#1788=DIRECTION('',(0.,0.,1.));
#1789=DIRECTION('',(1.,0.,0.));
#1790=DIRECTION('',(0.,0.,-1.));
#1791=DIRECTION('',(-1.,0.,0.));
#1792=DIRECTION('',(0.,0.,1.));
#1793=DIRECTION('',(1.,0.,0.));
#1794=DIRECTION('',(0.,0.,1.));
#1795=DIRECTION('',(1.,0.,0.));
#1796=DIRECTION('',(-1.,0.,0.));
#1797=DIRECTION('',(-6.37765983815004E-17,1.,0.));
#1798=DIRECTION('',(-1.,0.,0.));
#1799=DIRECTION('',(-1.27553196763001E-16,1.,0.));
#1800=DIRECTION('',(0.,0.,1.));
#1801=DIRECTION('',(1.,0.,0.));
#1802=DIRECTION('',(0.,0.,1.));
#1803=DIRECTION('',(1.,0.,0.));
#1804=DIRECTION('',(1.,-1.8367660333872E-16,0.));
#1805=DIRECTION('',(0.,0.,1.));
#1806=DIRECTION('',(1.,0.,0.));
#1807=DIRECTION('',(0.,1.,0.));
#1808=DIRECTION('',(0.,0.,1.));
#1809=DIRECTION('',(1.,0.,0.));
#1810=DIRECTION('',(1.,-1.6326809185664E-16,0.));
#1811=DIRECTION('',(0.,0.,1.));
#1812=DIRECTION('',(1.,0.,0.));
#1813=DIRECTION('',(0.,1.,0.));
#1814=DIRECTION('',(0.,0.,1.));
#1815=DIRECTION('',(1.,0.,0.));
#1816=DIRECTION('',(0.,1.,0.));
#1817=DIRECTION('',(1.,0.,0.));
#1818=DIRECTION('',(-2.20282346155785E-16,1.,0.));
#1819=DIRECTION('',(1.,0.,0.));
#1820=DIRECTION('',(0.,0.,1.));
#1821=DIRECTION('',(1.,0.,0.));
#1822=DIRECTION('',(0.,1.,0.));
#1823=DIRECTION('',(-1.,0.,0.));
#1824=DIRECTION('',(0.,1.,0.));
#1825=DIRECTION('',(-1.,0.,0.));
#1826=DIRECTION('',(0.,0.,1.));
#1827=DIRECTION('',(1.,0.,0.));
#1828=DIRECTION('',(0.,1.,0.));
#1829=DIRECTION('',(0.,0.,1.));
#1830=DIRECTION('',(-1.,0.,0.));
#1831=DIRECTION('',(0.,0.,1.));
#1832=DIRECTION('',(0.,0.,1.));
#1833=DIRECTION('',(1.,0.,0.));
#1834=DIRECTION('',(0.,0.,-1.));
#1835=DIRECTION('',(0.,1.,0.));
#1836=DIRECTION('',(0.,0.,1.));
#1837=DIRECTION('',(0.,1.,0.));
#1838=DIRECTION('',(0.,0.,1.));
#1839=DIRECTION('',(-1.,0.,0.));
#1840=DIRECTION('',(0.,0.,1.));
#1841=DIRECTION('',(1.,0.,0.));
#1842=DIRECTION('',(0.,0.,-1.));
#1843=DIRECTION('',(0.,1.,0.));
#1844=DIRECTION('',(0.,0.,1.));
#1845=DIRECTION('',(0.,0.,1.));
#1846=DIRECTION('',(0.,-1.,0.));
#1847=DIRECTION('',(0.,0.,-1.));
#1848=DIRECTION('',(1.,0.,0.));
#1849=DIRECTION('',(0.,0.,1.));
#1850=DIRECTION('',(1.,2.20282346155785E-16,0.));
#1851=DIRECTION('',(-2.20282346155785E-16,1.,0.));
#1852=DIRECTION('',(-2.20282346155785E-16,1.,0.));
#1853=DIRECTION('',(0.,0.,1.));
#1854=DIRECTION('',(0.,0.,1.));
#1855=DIRECTION('',(1.,0.,0.));
#1856=DIRECTION('',(0.,0.,1.));
#1857=DIRECTION('',(1.,0.,0.));
#1858=DIRECTION('',(0.,0.,1.));
#1859=DIRECTION('',(1.,0.,0.));
#1860=DIRECTION('',(0.,0.,1.));
#1861=DIRECTION('',(1.,0.,0.));
#1862=DIRECTION('',(0.,0.,1.));
#1863=DIRECTION('',(1.,0.,0.));
#1864=DIRECTION('',(0.,0.,1.));
#1865=DIRECTION('',(1.,0.,0.));
#1866=DIRECTION('',(0.,0.,1.));
#1867=DIRECTION('',(1.,0.,0.));
#1868=DIRECTION('',(0.,0.,1.));
#1869=DIRECTION('',(1.,0.,0.));
#1870=DIRECTION('',(0.,0.,1.));
#1871=DIRECTION('',(1.,0.,0.));
#1872=DIRECTION('',(0.,0.,1.));
#1873=DIRECTION('',(1.,0.,0.));
#1874=DIRECTION('',(0.,0.,1.));
#1875=DIRECTION('',(1.,0.,0.));
#1876=DIRECTION('',(0.,-1.,0.));
#1877=DIRECTION('',(0.,0.,-1.));
#1878=DIRECTION('',(1.,0.,0.));
#1879=DIRECTION('',(1.,0.,0.));
#1880=DIRECTION('',(0.,0.,-1.));
#1881=DIRECTION('',(0.,1.,0.));
#1882=DIRECTION('',(0.,0.,1.));
#1883=DIRECTION('',(1.,0.,0.));
#1884=DIRECTION('',(0.,1.,0.));
#1885=DIRECTION('',(-1.,0.,0.));
#1886=DIRECTION('',(0.,1.,0.));
#1887=DIRECTION('',(-1.,0.,0.));
#1888=DIRECTION('',(0.,0.,1.));
#1889=DIRECTION('',(1.,0.,0.));
#1890=DIRECTION('',(0.,0.,1.));
#1891=DIRECTION('',(1.,0.,0.));
#1892=DIRECTION('',(0.,0.,1.));
#1893=DIRECTION('',(1.,0.,0.));
#1894=DIRECTION('',(0.,0.,1.));
#1895=DIRECTION('',(1.,0.,0.));
#1896=DIRECTION('',(0.,0.,1.));
#1897=DIRECTION('',(1.,0.,0.));
#1898=DIRECTION('',(0.,1.,0.));
#1899=DIRECTION('',(0.,0.,1.));
#1900=DIRECTION('',(0.,0.,1.));
#1901=DIRECTION('',(-1.,0.,0.));
#1902=DIRECTION('',(0.,0.,1.));
#1903=DIRECTION('',(1.,0.,0.));
#1904=DIRECTION('',(0.,0.,-1.));
#1905=DIRECTION('',(0.,0.,1.));
#1906=DIRECTION('',(0.,1.,0.));
#1907=DIRECTION('',(0.,1.,0.));
#1908=DIRECTION('',(0.,0.,1.));
#1909=DIRECTION('',(0.,0.,1.));
#1910=DIRECTION('',(-1.,0.,0.));
#1911=DIRECTION('',(1.21309333984391E-16,1.,0.));
#1912=DIRECTION('',(-1.,1.21309333984391E-16,0.));
#1913=DIRECTION('',(0.,0.,1.));
#1914=DIRECTION('',(-1.,1.21309333984391E-16,0.));
#1915=DIRECTION('',(0.,0.,1.));
#1916=DIRECTION('',(1.,0.,0.));
#1917=DIRECTION('',(0.,0.,-1.));
#1918=DIRECTION('',(0.,0.,1.));
#1919=DIRECTION('',(0.,1.,0.));
#1920=DIRECTION('',(1.,0.,0.));
#1921=DIRECTION('',(0.,0.,-1.));
#1922=DIRECTION('',(0.,1.,0.));
#1923=DIRECTION('',(0.,0.,1.));
#1924=DIRECTION('',(1.,0.,0.));
#1925=DIRECTION('',(0.,0.,-1.));
#1926=DIRECTION('',(0.,1.,0.));
#1927=DIRECTION('',(0.,0.,-1.));
#1928=DIRECTION('',(1.,0.,0.));
#1929=DIRECTION('',(0.,1.,0.));
#1930=DIRECTION('',(0.,0.,1.));
#1931=DIRECTION('',(0.,0.,1.));
#1932=DIRECTION('',(-1.,0.,0.));
#1933=DIRECTION('',(0.,0.,1.));
#1934=DIRECTION('',(1.,0.,0.));
#1935=DIRECTION('',(0.,0.,-1.));
#1936=DIRECTION('',(0.,0.,1.));
#1937=DIRECTION('',(0.,1.,0.));
#1938=DIRECTION('',(0.,1.,0.));
#1939=DIRECTION('',(0.,0.,1.));
#1940=DIRECTION('',(0.,0.,1.));
#1941=DIRECTION('',(-1.,0.,0.));
#1942=DIRECTION('',(1.21309333984391E-16,1.,0.));
#1943=DIRECTION('',(-1.,1.21309333984391E-16,0.));
#1944=DIRECTION('',(0.,0.,1.));
#1945=DIRECTION('',(-1.,1.21309333984391E-16,0.));
#1946=DIRECTION('',(0.,0.,1.));
#1947=DIRECTION('',(1.,0.,0.));
#1948=DIRECTION('',(0.,0.,-1.));
#1949=DIRECTION('',(0.,0.,1.));
#1950=DIRECTION('',(0.,1.,0.));
#1951=DIRECTION('',(1.,0.,0.));
#1952=DIRECTION('',(0.,0.,-1.));
#1953=DIRECTION('',(0.,1.,0.));
#1954=DIRECTION('',(0.,0.,1.));
#1955=DIRECTION('',(1.,0.,0.));
#1956=DIRECTION('',(0.,0.,-1.));
#1957=DIRECTION('',(0.,1.,0.));
#1958=DIRECTION('',(0.,0.,-1.));
#1959=DIRECTION('',(1.,0.,0.));
#1960=DIRECTION('',(0.,1.,0.));
#1961=DIRECTION('',(0.,0.,1.));
#1962=DIRECTION('',(1.,0.,0.));
#1963=DIRECTION('',(0.,0.,1.));
#1964=DIRECTION('',(-1.,0.,0.));
#1965=DIRECTION('',(0.,0.,1.));
#1966=DIRECTION('',(1.,0.,0.));
#1967=DIRECTION('',(0.,0.,-1.));
#1968=DIRECTION('',(0.,0.,1.));
#1969=DIRECTION('',(0.,1.,0.));
#1970=DIRECTION('',(0.,0.,1.));
#1971=DIRECTION('',(1.21309333984391E-16,1.,0.));
#1972=DIRECTION('',(-1.,1.21309333984391E-16,0.));
#1973=DIRECTION('',(0.,0.,1.));
#1974=DIRECTION('',(-1.,0.,0.));
#1975=DIRECTION('',(0.,0.,1.));
#1976=DIRECTION('',(-1.,1.21309333984391E-16,0.));
#1977=DIRECTION('',(1.,6.37765983815004E-17,0.));
#1978=DIRECTION('',(-6.37765983815004E-17,1.,0.));
#1979=DIRECTION('',(0.,0.,1.));
#1980=DIRECTION('',(-6.37765983815004E-17,1.,0.));
#1981=DIRECTION('',(0.,0.,1.));
#1982=DIRECTION('',(0.,1.,0.));
#1983=DIRECTION('',(0.,0.,1.));
#1984=DIRECTION('',(0.,0.,1.));
#1985=DIRECTION('',(-1.,0.,0.));
#1986=DIRECTION('',(1.,1.27553196763001E-16,0.));
#1987=DIRECTION('',(-1.27553196763001E-16,1.,0.));
#1988=DIRECTION('',(0.,0.,1.));
#1989=DIRECTION('',(-1.27553196763001E-16,1.,0.));
#1990=DIRECTION('',(0.,1.,0.));
#1991=DIRECTION('',(0.,0.,1.));
#1992=DIRECTION('',(-1.,0.,0.));
#1993=DIRECTION('',(1.,8.85062997947352E-17,0.));
#1994=DIRECTION('',(-8.85062997947352E-17,1.,0.));
#1995=DIRECTION('',(-8.85062997947352E-17,1.,0.));
#1996=DIRECTION('',(-8.85062997947352E-17,1.,0.));
#1997=DIRECTION('',(0.,0.,-1.));
#1998=DIRECTION('',(1.,0.,0.));
#1999=DIRECTION('',(0.,0.,1.));
#2000=DIRECTION('',(1.,0.,0.));
#2001=DIRECTION('',(0.,0.,-1.));
#2002=DIRECTION('',(-1.,0.,0.));
#2003=DIRECTION('',(0.,0.,1.));
#2004=DIRECTION('',(1.,0.,0.));
#2005=DIRECTION('',(0.,0.,-1.));
#2006=DIRECTION('',(-1.,0.,0.));
#2007=DIRECTION('',(0.,0.,1.));
#2008=DIRECTION('',(1.,0.,0.));
#2009=DIRECTION('',(0.,0.,-1.));
#2010=DIRECTION('',(-1.,0.,0.));
#2011=DIRECTION('',(0.,0.,1.));
#2012=DIRECTION('',(1.,0.,0.));
#2013=DIRECTION('',(0.,0.,-1.));
#2014=DIRECTION('',(-1.,0.,0.));
#2015=DIRECTION('',(0.,0.,1.));
#2016=DIRECTION('',(1.,0.,0.));
#2017=DIRECTION('',(0.,0.,-1.));
#2018=DIRECTION('',(-1.,0.,0.));
#2019=DIRECTION('',(0.,0.,1.));
#2020=DIRECTION('',(1.,0.,0.));
#2021=DIRECTION('',(0.,0.,-1.));
#2022=DIRECTION('',(-1.,0.,0.));
#2023=DIRECTION('',(0.,0.,-1.));
#2024=DIRECTION('',(1.,0.,0.));
#2025=DIRECTION('',(0.,0.,-1.));
#2026=DIRECTION('',(-1.,0.,0.));
#2027=DIRECTION('',(0.,0.,-1.));
#2028=DIRECTION('',(-1.,0.,0.));
#2029=DIRECTION('',(0.,0.,1.));
#2030=DIRECTION('',(1.,0.,0.));
#2031=DIRECTION('',(0.,0.,-1.));
#2032=DIRECTION('',(-1.,0.,0.));
#2033=DIRECTION('',(0.,0.,-1.));
#2034=DIRECTION('',(1.,0.,0.));
#2035=DIRECTION('',(0.,0.,-1.));
#2036=DIRECTION('',(1.,0.,0.));
#2037=DIRECTION('',(0.,0.,-1.));
#2038=DIRECTION('',(-1.,0.,0.));
#2039=DIRECTION('',(0.,0.,-1.));
#2040=DIRECTION('',(-1.,0.,0.));
#2041=DIRECTION('',(0.,0.,1.));
#2042=DIRECTION('',(1.,0.,0.));
#2043=DIRECTION('',(0.,0.,-1.));
#2044=DIRECTION('',(-1.,0.,0.));
#2045=DIRECTION('',(0.,0.,-1.));
#2046=DIRECTION('',(1.,0.,0.));
#2047=DIRECTION('',(0.,0.,-1.));
#2048=DIRECTION('',(1.,0.,0.));
#2049=DIRECTION('',(0.,0.,-1.));
#2050=DIRECTION('',(-1.,0.,0.));
#2051=DIRECTION('',(0.,0.,-1.));
#2052=DIRECTION('',(-1.,0.,0.));
#2053=DIRECTION('',(0.,0.,1.));
#2054=DIRECTION('',(1.,0.,0.));
#2055=DIRECTION('',(0.,0.,-1.));
#2056=DIRECTION('',(-1.,0.,0.));
#2057=DIRECTION('',(0.,0.,-1.));
#2058=DIRECTION('',(1.,0.,0.));
#2059=DIRECTION('',(0.,0.,-1.));
#2060=DIRECTION('',(1.,0.,0.));
#2061=DIRECTION('',(0.,0.,-1.));
#2062=DIRECTION('',(-1.,0.,0.));
#2063=DIRECTION('',(0.,0.,-1.));
#2064=DIRECTION('',(-1.,0.,0.));
#2065=DIRECTION('',(0.,0.,1.));
#2066=DIRECTION('',(1.,0.,0.));
#2067=DIRECTION('',(0.,0.,-1.));
#2068=DIRECTION('',(-1.,0.,0.));
#2069=DIRECTION('',(0.,0.,-1.));
#2070=DIRECTION('',(1.,0.,0.));
#2071=DIRECTION('',(0.,0.,1.));
#2072=DIRECTION('',(1.,0.,0.));
#2073=DIRECTION('',(0.,0.,1.));
#2074=DIRECTION('',(1.,0.,0.));
#2075=DIRECTION('',(0.,0.,1.));
#2076=DIRECTION('',(1.,0.,0.));
#2077=DIRECTION('',(0.,0.,1.));
#2078=DIRECTION('',(1.,0.,0.));
#2079=DIRECTION('',(0.,-1.,0.));
#2080=DIRECTION('',(0.,0.,-1.));
#2081=DIRECTION('',(1.,0.,0.));
#2082=DIRECTION('',(0.,0.,1.));
#2083=DIRECTION('',(0.,-1.,0.));
#2084=DIRECTION('',(0.,0.,-1.));
#2085=DIRECTION('',(1.,0.,0.));
#2086=DIRECTION('',(0.,-1.,0.));
#2087=DIRECTION('',(0.,0.,-1.));
#2088=DIRECTION('',(1.,0.,0.));
#2089=DIRECTION('',(1.,0.,0.));
#2090=DIRECTION('',(0.,0.,-1.));
#2091=DIRECTION('',(0.,1.,0.));
#2092=DIRECTION('',(0.,0.,1.));
#2093=DIRECTION('',(1.,0.,0.));
#2094=DIRECTION('',(0.,0.,-1.));
#2095=DIRECTION('',(0.,1.,0.));
#2096=DIRECTION('',(1.,0.,0.));
#2097=DIRECTION('',(0.,0.,-1.));
#2098=DIRECTION('',(0.,1.,0.));
#2099=DIRECTION('',(0.,0.,1.));
#2100=DIRECTION('',(1.,0.,0.));
#2101=DIRECTION('',(0.,0.,-1.));
#2102=DIRECTION('',(0.,1.,0.));
#2103=DIRECTION('',(1.,0.,0.));
#2104=DIRECTION('',(0.,0.,-1.));
#2105=DIRECTION('',(0.,1.,0.));
#2106=DIRECTION('',(1.,0.,0.));
#2107=DIRECTION('',(0.,0.,-1.));
#2108=DIRECTION('',(0.,1.,0.));
#2109=DIRECTION('',(0.,-1.,0.));
#2110=DIRECTION('',(0.,0.,-1.));
#2111=DIRECTION('',(1.,0.,0.));
#2112=DIRECTION('',(0.,0.,-1.));
#2113=DIRECTION('',(1.,0.,0.));
#2114=DIRECTION('',(-1.8367660333872E-16,-1.,0.));
#2115=DIRECTION('',(1.,-1.8367660333872E-16,0.));
#2116=DIRECTION('',(1.,-1.8367660333872E-16,0.));
#2117=DIRECTION('',(-1.8367660333872E-16,-1.,0.));
#2118=DIRECTION('',(1.,-1.8367660333872E-16,0.));
#2119=DIRECTION('',(1.,-1.8367660333872E-16,0.));
#2120=DIRECTION('',(0.,0.,-1.));
#2121=DIRECTION('',(1.,0.,0.));
#2122=DIRECTION('',(-1.6326809185664E-16,-1.,0.));
#2123=DIRECTION('',(1.,-1.6326809185664E-16,0.));
#2124=DIRECTION('',(1.,-1.6326809185664E-16,0.));
#2125=DIRECTION('',(-1.6326809185664E-16,-1.,0.));
#2126=DIRECTION('',(1.,-1.6326809185664E-16,0.));
#2127=DIRECTION('',(1.,-1.6326809185664E-16,0.));
#2128=DIRECTION('',(0.,0.,-1.));
#2129=DIRECTION('',(1.,0.,0.));
#2130=DIRECTION('',(0.,0.,1.));
#2131=DIRECTION('',(1.,0.,0.));
#2132=DIRECTION('',(0.,0.,1.));
#2133=DIRECTION('',(1.,0.,0.));
#2134=DIRECTION('',(0.,0.,1.));
#2135=DIRECTION('',(1.,0.,0.));
#2136=DIRECTION('',(0.,0.,1.));
#2137=DIRECTION('',(1.,0.,0.));
#2138=DIRECTION('',(0.,0.,1.));
#2139=DIRECTION('',(1.,0.,0.));
#2140=DIRECTION('',(0.,0.,1.));
#2141=DIRECTION('',(1.,0.,0.));
#2142=DIRECTION('',(0.,0.,1.));
#2143=DIRECTION('',(1.,0.,0.));
#2144=DIRECTION('',(0.,0.,1.));
#2145=DIRECTION('',(1.,0.,0.));
#2146=CARTESIAN_POINT('',(0.,0.,0.));
#2147=CARTESIAN_POINT('',(0.0690021018225249,0.0307949422187379,-0.007));
#2148=CARTESIAN_POINT('',(0.0618521018225248,0.0307949422187379,-0.007));
#2149=CARTESIAN_POINT('',(0.0618521018225248,0.0307949422187379,-0.007));
#2150=CARTESIAN_POINT('',(0.0618521018225248,0.0307949422187379,-0.006));
#2151=CARTESIAN_POINT('',(0.0451760509112624,0.0307949422187379,-0.006));
#2152=CARTESIAN_POINT('',(0.0761521018225249,0.0307949422187379,-0.006));
#2153=CARTESIAN_POINT('',(0.0761521018225249,0.0307949422187379,-0.007));
#2154=CARTESIAN_POINT('',(0.0761521018225249,0.0307949422187379,-0.007));
#2155=CARTESIAN_POINT('',(0.0690021018225249,0.0307949422187379,-0.007));
#2156=CARTESIAN_POINT('',(0.0390021018225249,0.0307949422187379,-0.007));
#2157=CARTESIAN_POINT('',(0.0318521018225248,0.0307949422187379,-0.007));
#2158=CARTESIAN_POINT('',(0.0318521018225248,0.0307949422187379,-0.007));
#2159=CARTESIAN_POINT('',(0.0318521018225248,0.0307949422187379,-0.006));
#2160=CARTESIAN_POINT('',(0.0451760509112624,0.0307949422187379,-0.006));
#2161=CARTESIAN_POINT('',(0.0461521018225249,0.0307949422187379,-0.006));
#2162=CARTESIAN_POINT('',(0.0461521018225249,0.0307949422187379,-0.007));
#2163=CARTESIAN_POINT('',(0.0461521018225249,0.0307949422187379,-0.007));
#2164=CARTESIAN_POINT('',(0.0390021018225249,0.0307949422187379,-0.007));
#2165=CARTESIAN_POINT('',(0.0425000000000016,0.0419999999999993,-0.003));
#2166=CARTESIAN_POINT('',(0.0885,0.0178974711093682,-0.003));
#2167=CARTESIAN_POINT('',(0.0885,0.00887411967464743,-0.003));
#2168=CARTESIAN_POINT('',(0.0885,0.0307949422187379,-0.003));
#2169=CARTESIAN_POINT('',(0.0900000000000032,-1.45680032578077E-15,-0.003));
#2170=CARTESIAN_POINT('',(0.081125880325354,0.0015,-0.003));
#2171=CARTESIAN_POINT('',(0.0455000000000032,0.0015,-0.003));
#2172=CARTESIAN_POINT('',(0.00887411967465238,0.0015,-0.003));
#2173=CARTESIAN_POINT('',(3.19189119579733E-15,-1.45680032578077E-15,-0.003));
#2174=CARTESIAN_POINT('',(0.0015,0.00887411967464851,-0.003));
#2175=CARTESIAN_POINT('',(0.0015,0.00809747110936819,-0.003));
#2176=CARTESIAN_POINT('',(0.0015,0.0111949422187379,-0.003));
#2177=CARTESIAN_POINT('',(0.00900210182252487,0.0111949422187379,-0.003));
#2178=CARTESIAN_POINT('',(0.0161521018225249,0.0111949422187379,-0.003));
#2179=CARTESIAN_POINT('',(0.0161521018225249,0.0209949422187378,-0.003));
#2180=CARTESIAN_POINT('',(0.0161521018225249,0.0307949422187379,-0.003));
#2181=CARTESIAN_POINT('',(0.0451760509112624,0.0307949422187379,-0.003));
#2182=CARTESIAN_POINT('',(0.0318521018225248,0.0307949422187379,-0.003));
#2183=CARTESIAN_POINT('',(0.0318521018225248,0.0209949422187378,-0.003));
#2184=CARTESIAN_POINT('',(0.0318521018225248,0.0111949422187379,-0.003));
#2185=CARTESIAN_POINT('',(0.0390021018225249,0.0111949422187379,-0.003));
#2186=CARTESIAN_POINT('',(0.0461521018225249,0.0111949422187379,-0.003));
#2187=CARTESIAN_POINT('',(0.0461521018225249,0.0209949422187378,-0.003));
#2188=CARTESIAN_POINT('',(0.0461521018225249,0.0307949422187379,-0.003));
#2189=CARTESIAN_POINT('',(0.0451760509112624,0.0307949422187379,-0.003));
#2190=CARTESIAN_POINT('',(0.0618521018225248,0.0307949422187379,-0.003));
#2191=CARTESIAN_POINT('',(0.0618521018225248,0.0209949422187378,-0.003));
#2192=CARTESIAN_POINT('',(0.0618521018225248,0.0111949422187379,-0.003));
#2193=CARTESIAN_POINT('',(0.0690021018225249,0.0111949422187379,-0.003));
#2194=CARTESIAN_POINT('',(0.0761521018225249,0.0111949422187379,-0.003));
#2195=CARTESIAN_POINT('',(0.0761521018225249,0.0209949422187378,-0.003));
#2196=CARTESIAN_POINT('',(0.0761521018225249,0.0307949422187379,-0.003));
#2197=CARTESIAN_POINT('',(0.0451760509112624,0.0307949422187379,-0.003));
#2198=CARTESIAN_POINT('',(0.0425000000000016,0.0419999999999993,-0.003));
#2199=CARTESIAN_POINT('',(0.0370042601777835,0.0554100937814673,-0.003));
#2200=CARTESIAN_POINT('',(0.0606042601777836,0.0554100937814674,-0.003));
#2201=CARTESIAN_POINT('',(0.0134042601777828,0.0554100937814673,-0.003));
#2202=CARTESIAN_POINT('',(0.0606042601777836,0.0690100937814673,-0.003));
#2203=CARTESIAN_POINT('',(0.0606042601777841,0.0826100937814672,-0.003));
#2204=CARTESIAN_POINT('',(0.0370042601777833,0.0826100937814672,-0.003));
#2205=CARTESIAN_POINT('',(0.0134042601777826,0.0826100937814672,-0.003));
#2206=CARTESIAN_POINT('',(0.0134042601777832,0.0690100937814672,-0.003));
#2207=CARTESIAN_POINT('',(0.0376399999999967,0.0410000000000105,-0.003));
#2208=CARTESIAN_POINT('',(0.0401400000000067,0.0410000000000105,-0.003));
#2209=CARTESIAN_POINT('',(0.0676399999999977,0.0410000000000104,-0.003));
#2210=CARTESIAN_POINT('',(0.0701400000000077,0.0410000000000104,-0.003));
#2211=CARTESIAN_POINT('',(0.0455000000000032,0.0885,-0.003));
#2212=CARTESIAN_POINT('',(0.00887411967465287,0.0885,-0.003));
#2213=CARTESIAN_POINT('',(0.0811258803253535,0.0885,-0.003));
#2214=CARTESIAN_POINT('',(0.0900000000000032,0.0899999999999985,-0.003));
#2215=CARTESIAN_POINT('',(0.0885,0.0811258803253497,-0.003));
#2216=CARTESIAN_POINT('',(0.0885,0.0598974711093682,-0.003));
#2217=CARTESIAN_POINT('',(0.0885,0.0337949422187378,-0.003));
#2218=CARTESIAN_POINT('',(0.045,0.0337949422187378,-0.003));
#2219=CARTESIAN_POINT('',(0.0015,0.0337949422187378,-0.003));
#2220=CARTESIAN_POINT('',(0.0015,0.0598974711093682,-0.003));
#2221=CARTESIAN_POINT('',(0.0015,0.0811258803253486,-0.003));
#2222=CARTESIAN_POINT('',(3.19189119579733E-15,0.0899999999999985,-0.003));
#2223=CARTESIAN_POINT('',(3.19189119579733E-15,0.0899999999999985,-0.036));
#2224=CARTESIAN_POINT('',(3.19189119579733E-15,0.0899999999999985,-0.04));
#2225=CARTESIAN_POINT('',(-0.00599999999999681,0.0899999999999985,-0.04));
#2226=CARTESIAN_POINT('',(3.19189119579733E-15,0.0899999999999985,-0.006));
#2227=CARTESIAN_POINT('',(0.00580947501931394,0.0915,-0.006));
#2228=CARTESIAN_POINT('',(0.0058094750193147,0.0885,-0.006));
#2229=CARTESIAN_POINT('',(3.19189119579733E-15,0.0899999999999985,-0.006));
#2230=CARTESIAN_POINT('',(0.0015,0.0841905249806866,-0.006));
#2231=CARTESIAN_POINT('',(3.19189119579733E-15,0.0899999999999985,-0.006));
#2232=CARTESIAN_POINT('',(-0.0015,0.0841905249806882,-0.006));
#2233=CARTESIAN_POINT('',(3.19189119579733E-15,0.0899999999999985,-0.006));
#2234=CARTESIAN_POINT('',(0.0900000000000032,0.0899999999999985,-0.036));
#2235=CARTESIAN_POINT('',(0.0900000000000032,0.0899999999999985,-0.04));
#2236=CARTESIAN_POINT('',(0.0840000000000032,0.0899999999999985,-0.04));
#2237=CARTESIAN_POINT('',(0.0900000000000032,0.0899999999999985,-0.006));
#2238=CARTESIAN_POINT('',(0.0915,0.0841905249806866,-0.006));
#2239=CARTESIAN_POINT('',(0.0885,0.0841905249806882,-0.006));
#2240=CARTESIAN_POINT('',(0.0900000000000032,0.0899999999999985,-0.006));
#2241=CARTESIAN_POINT('',(0.0841905249806917,0.0885,-0.006));
#2242=CARTESIAN_POINT('',(0.0900000000000032,0.0899999999999985,-0.006));
#2243=CARTESIAN_POINT('',(0.0841905249806924,0.0915,-0.006));
#2244=CARTESIAN_POINT('',(0.0900000000000032,0.0899999999999985,-0.006));
#2245=CARTESIAN_POINT('',(0.0425000000000016,0.0419999999999993,-0.003));
#2246=CARTESIAN_POINT('',(0.00900210182252487,0.0141949422187379,-0.003));
#2247=CARTESIAN_POINT('',(0.0131521018225249,0.0141949422187379,-0.003));
#2248=CARTESIAN_POINT('',(0.00485210182252483,0.0141949422187379,-0.003));
#2249=CARTESIAN_POINT('',(0.00485210182252483,0.0209949422187378,-0.003));
#2250=CARTESIAN_POINT('',(0.00485210182252483,0.0277949422187379,-0.003));
#2251=CARTESIAN_POINT('',(0.00900210182252487,0.0277949422187379,-0.003));
#2252=CARTESIAN_POINT('',(0.0131521018225249,0.0277949422187379,-0.003));
#2253=CARTESIAN_POINT('',(0.0131521018225249,0.0209949422187378,-0.003));
#2254=CARTESIAN_POINT('',(0.00900420364261305,0.0209898844374735,-0.003));
#2255=CARTESIAN_POINT('',(0.0120021060890385,0.0209898844374735,-0.003));
#2256=CARTESIAN_POINT('',(0.0425000000000016,0.0419999999999993,-0.003));
#2257=CARTESIAN_POINT('',(0.0455000000000032,-0.0015,-0.003));
#2258=CARTESIAN_POINT('',(0.00887411967465287,-0.0015,-0.003));
#2259=CARTESIAN_POINT('',(0.0811258803253535,-0.0015,-0.003));
#2260=CARTESIAN_POINT('',(0.0900000000000032,-1.45680032578077E-15,-0.003));
#2261=CARTESIAN_POINT('',(0.0915,0.0088741196746485,-0.003));
#2262=CARTESIAN_POINT('',(0.0915,0.0454999999999985,-0.003));
#2263=CARTESIAN_POINT('',(0.0915,0.0811258803253486,-0.003));
#2264=CARTESIAN_POINT('',(0.0900000000000032,0.0899999999999985,-0.003));
#2265=CARTESIAN_POINT('',(0.081125880325354,0.0915,-0.003));
#2266=CARTESIAN_POINT('',(0.0455000000000032,0.0915,-0.003));
#2267=CARTESIAN_POINT('',(0.00887411967465238,0.0915,-0.003));
#2268=CARTESIAN_POINT('',(3.19189119579733E-15,0.0899999999999985,-0.003));
#2269=CARTESIAN_POINT('',(-0.0015,0.0811258803253497,-0.003));
#2270=CARTESIAN_POINT('',(-0.0015,0.0454999999999985,-0.003));
#2271=CARTESIAN_POINT('',(-0.0015,0.00887411967464743,-0.003));
#2272=CARTESIAN_POINT('',(3.19189119579733E-15,-1.45680032578077E-15,-0.003));
#2273=CARTESIAN_POINT('',(-0.0199999999999984,0.0419999999999993,-0.003));
#2274=CARTESIAN_POINT('',(-0.0199999999999984,-0.0210000000000008,-0.003));
#2275=CARTESIAN_POINT('',(-0.0199999999999985,0.105,-0.003));
#2276=CARTESIAN_POINT('',(0.0425000000000015,0.105,-0.003));
#2277=CARTESIAN_POINT('',(0.105000000000001,0.105,-0.003));
#2278=CARTESIAN_POINT('',(0.105000000000001,0.0419999999999993,-0.003));
#2279=CARTESIAN_POINT('',(0.105000000000001,-0.0210000000000007,-0.003));
#2280=CARTESIAN_POINT('',(0.0425000000000016,-0.0210000000000008,-0.003));
#2281=CARTESIAN_POINT('',(0.0425000000000016,0.0419999999999993,-0.003));
#2282=CARTESIAN_POINT('',(0.0431521018225249,0.0209949422187378,-0.003));
#2283=CARTESIAN_POINT('',(0.0431521018225249,0.0141949422187379,-0.003));
#2284=CARTESIAN_POINT('',(0.0431521018225249,0.0277949422187379,-0.003));
#2285=CARTESIAN_POINT('',(0.0390021018225249,0.0141949422187379,-0.003));
#2286=CARTESIAN_POINT('',(0.0348521018225249,0.0141949422187379,-0.003));
#2287=CARTESIAN_POINT('',(0.0348521018225249,0.0209949422187378,-0.003));
#2288=CARTESIAN_POINT('',(0.0348521018225249,0.0277949422187379,-0.003));
#2289=CARTESIAN_POINT('',(0.0390021018225249,0.0277949422187379,-0.003));
#2290=CARTESIAN_POINT('',(0.0390042036410737,0.0209898844374719,-0.003));
#2291=CARTESIAN_POINT('',(0.0420021060874991,0.0209898844374719,-0.003));
#2292=CARTESIAN_POINT('',(0.0370042601777835,0.0554100937814673,-0.003));
#2293=CARTESIAN_POINT('',(0.0370042601777835,0.0554100937814673,0.));
#2294=CARTESIAN_POINT('',(0.0606042601777836,0.0554100937814674,0.));
#2295=CARTESIAN_POINT('',(0.0134042601777828,0.0554100937814673,0.));
#2296=CARTESIAN_POINT('',(0.0606042601777836,0.0554100937814674,-0.003));
#2297=CARTESIAN_POINT('',(0.0134042601777828,0.0554100937814673,-0.003));
#2298=CARTESIAN_POINT('',(0.0134042601777832,0.0690100937814672,-0.003));
#2299=CARTESIAN_POINT('',(0.0134042601777832,0.0690100937814672,0.));
#2300=CARTESIAN_POINT('',(0.0134042601777826,0.0826100937814672,0.));
#2301=CARTESIAN_POINT('',(0.0134042601777826,0.0826100937814672,-0.003));
#2302=CARTESIAN_POINT('',(0.0370042601777833,0.0826100937814672,-0.003));
#2303=CARTESIAN_POINT('',(0.0370042601777833,0.0826100937814672,0.));
#2304=CARTESIAN_POINT('',(0.0606042601777841,0.0826100937814672,0.));
#2305=CARTESIAN_POINT('',(0.0606042601777841,0.0826100937814672,-0.003));
#2306=CARTESIAN_POINT('',(-0.0199999999999984,0.0419999999999993,-0.003));
#2307=CARTESIAN_POINT('',(-0.0199999999999984,0.0419999999999993,0.));
#2308=CARTESIAN_POINT('',(-0.0199999999999984,-0.0210000000000008,0.));
#2309=CARTESIAN_POINT('',(-0.0199999999999985,0.105,0.));
#2310=CARTESIAN_POINT('',(-0.0199999999999985,0.105,-0.003));
#2311=CARTESIAN_POINT('',(-0.0199999999999984,-0.0210000000000008,-0.003));
#2312=CARTESIAN_POINT('',(0.0425000000000016,-0.0210000000000008,-0.003));
#2313=CARTESIAN_POINT('',(0.0425000000000016,-0.0210000000000008,0.));
#2314=CARTESIAN_POINT('',(0.105000000000001,-0.0210000000000007,0.));
#2315=CARTESIAN_POINT('',(0.105000000000001,-0.0210000000000007,-0.003));
#2316=CARTESIAN_POINT('',(0.105000000000001,0.0419999999999993,-0.003));
#2317=CARTESIAN_POINT('',(0.105000000000001,0.0419999999999993,0.));
#2318=CARTESIAN_POINT('',(0.105000000000001,0.105,0.));
#2319=CARTESIAN_POINT('',(0.105000000000001,0.105,-0.003));
#2320=CARTESIAN_POINT('',(0.0390042036410737,0.0209898844374719,-0.003));
#2321=CARTESIAN_POINT('',(0.0390042036410737,0.0209898844374719,0.));
#2322=CARTESIAN_POINT('',(0.0420021060874991,0.0209898844374719,0.));
#2323=CARTESIAN_POINT('',(0.00900420364261305,0.0209898844374735,-0.003));
#2324=CARTESIAN_POINT('',(0.00900420364261305,0.0209898844374735,0.));
#2325=CARTESIAN_POINT('',(0.0120021060890385,0.0209898844374735,0.));
#2326=CARTESIAN_POINT('',(0.0690042036423139,0.0209898844374733,-0.003));
#2327=CARTESIAN_POINT('',(0.0690042036423139,0.0209898844374733,-0.003));
#2328=CARTESIAN_POINT('',(0.0720021060887395,0.0209898844374733,-0.003));
#2329=CARTESIAN_POINT('',(0.0690042036423139,0.0209898844374733,0.));
#2330=CARTESIAN_POINT('',(0.0720021060887395,0.0209898844374733,0.));
#2331=CARTESIAN_POINT('',(0.0376399999999967,0.0410000000000105,-0.003));
#2332=CARTESIAN_POINT('',(0.0376399999999967,0.0410000000000105,0.));
#2333=CARTESIAN_POINT('',(0.0401400000000067,0.0410000000000105,0.));
#2334=CARTESIAN_POINT('',(0.0676399999999977,0.0410000000000104,-0.003));
#2335=CARTESIAN_POINT('',(0.0676399999999977,0.0410000000000104,0.));
#2336=CARTESIAN_POINT('',(0.0701400000000077,0.0410000000000104,0.));
#2337=CARTESIAN_POINT('',(0.0425000000000015,0.105,-0.003));
#2338=CARTESIAN_POINT('',(0.0425000000000015,0.105,0.));
#2339=CARTESIAN_POINT('',(0.0606042601777836,0.0690100937814673,-0.003));
#2340=CARTESIAN_POINT('',(0.0606042601777836,0.0690100937814673,0.));
#2341=CARTESIAN_POINT('',(0.0425000000000016,0.0419999999999993,-0.003));
#2342=CARTESIAN_POINT('',(0.0731521018225249,0.0209949422187378,-0.003));
#2343=CARTESIAN_POINT('',(0.0731521018225249,0.0141949422187379,-0.003));
#2344=CARTESIAN_POINT('',(0.0731521018225249,0.0277949422187379,-0.003));
#2345=CARTESIAN_POINT('',(0.0690021018225249,0.0141949422187379,-0.003));
#2346=CARTESIAN_POINT('',(0.0648521018225248,0.0141949422187379,-0.003));
#2347=CARTESIAN_POINT('',(0.0648521018225248,0.0209949422187378,-0.003));
#2348=CARTESIAN_POINT('',(0.0648521018225248,0.0277949422187379,-0.003));
#2349=CARTESIAN_POINT('',(0.0690021018225249,0.0277949422187379,-0.003));
#2350=CARTESIAN_POINT('',(0.0425000000000016,0.0419999999999993,0.));
#2351=CARTESIAN_POINT('',(0.,0.09,0.));
#2352=CARTESIAN_POINT('',(0.003,0.09,0.));
#2353=CARTESIAN_POINT('',(0.09,1.83697019872103E-19,0.));
#2354=CARTESIAN_POINT('',(0.093,1.83697019872103E-19,0.));
#2355=CARTESIAN_POINT('',(0.09,0.09,0.));
#2356=CARTESIAN_POINT('',(0.093,0.09,0.));
#2357=CARTESIAN_POINT('',(0.,1.83697019872103E-19,0.));
#2358=CARTESIAN_POINT('',(0.003,1.83697019872103E-19,0.));
#2359=CARTESIAN_POINT('',(0.0690021018225249,0.0141949422187379,-0.007));
#2360=CARTESIAN_POINT('',(0.0731521018225249,0.0141949422187379,-0.007));
#2361=CARTESIAN_POINT('',(0.0731521018225249,0.0141949422187379,-0.007));
#2362=CARTESIAN_POINT('',(0.0690021018225249,0.0141949422187379,-0.007));
#2363=CARTESIAN_POINT('',(0.0648521018225248,0.0141949422187379,-0.007));
#2364=CARTESIAN_POINT('',(0.0648521018225248,0.0141949422187379,-0.007));
#2365=CARTESIAN_POINT('',(0.0731521018225249,0.0209949422187378,-0.007));
#2366=CARTESIAN_POINT('',(0.0731521018225249,0.0277949422187379,-0.007));
#2367=CARTESIAN_POINT('',(0.0731521018225249,0.0277949422187379,-0.007));
#2368=CARTESIAN_POINT('',(0.0731521018225249,0.0209949422187378,-0.007));
#2369=CARTESIAN_POINT('',(0.0690021018225249,0.0277949422187379,-0.007));
#2370=CARTESIAN_POINT('',(0.0648521018225248,0.0277949422187379,-0.007));
#2371=CARTESIAN_POINT('',(0.0648521018225248,0.0277949422187379,-0.007));
#2372=CARTESIAN_POINT('',(0.0690021018225249,0.0277949422187379,-0.007));
#2373=CARTESIAN_POINT('',(0.0690021018225249,0.0111949422187379,-0.007));
#2374=CARTESIAN_POINT('',(0.0618521018225248,0.0111949422187379,-0.007));
#2375=CARTESIAN_POINT('',(0.0618521018225248,0.0111949422187379,-0.007));
#2376=CARTESIAN_POINT('',(0.0690021018225249,0.0111949422187379,-0.007));
#2377=CARTESIAN_POINT('',(0.0761521018225249,0.0111949422187379,-0.007));
#2378=CARTESIAN_POINT('',(0.0761521018225249,0.0111949422187379,-0.007));
#2379=CARTESIAN_POINT('',(0.0618521018225248,0.0209949422187378,-0.007));
#2380=CARTESIAN_POINT('',(0.0618521018225248,0.0307949422187379,-0.007));
#2381=CARTESIAN_POINT('',(0.0618521018225248,0.0209949422187378,-0.007));
#2382=CARTESIAN_POINT('',(0.0761521018225249,0.0209949422187378,-0.007));
#2383=CARTESIAN_POINT('',(0.0761521018225249,0.0209949422187378,-0.007));
#2384=CARTESIAN_POINT('',(0.0761521018225249,0.0307949422187379,-0.007));
#2385=CARTESIAN_POINT('',(0.0648521018225248,0.0209949422187378,-0.007));
#2386=CARTESIAN_POINT('',(0.0648521018225248,0.0209949422187378,-0.007));
#2387=CARTESIAN_POINT('',(0.0390021018225249,0.0209949422187378,-0.007));
#2388=CARTESIAN_POINT('',(0.0390021018225249,0.0141949422187379,-0.007));
#2389=CARTESIAN_POINT('',(0.0431521018225249,0.0141949422187379,-0.007));
#2390=CARTESIAN_POINT('',(0.0431521018225249,0.0141949422187379,-0.007));
#2391=CARTESIAN_POINT('',(0.0390021018225249,0.0141949422187379,-0.007));
#2392=CARTESIAN_POINT('',(0.0348521018225249,0.0141949422187379,-0.007));
#2393=CARTESIAN_POINT('',(0.0348521018225249,0.0141949422187379,-0.007));
#2394=CARTESIAN_POINT('',(0.0431521018225249,0.0209949422187378,-0.007));
#2395=CARTESIAN_POINT('',(0.0431521018225249,0.0277949422187379,-0.007));
#2396=CARTESIAN_POINT('',(0.0431521018225249,0.0277949422187379,-0.007));
#2397=CARTESIAN_POINT('',(0.0431521018225249,0.0209949422187378,-0.007));
#2398=CARTESIAN_POINT('',(0.0390021018225249,0.0277949422187379,-0.007));
#2399=CARTESIAN_POINT('',(0.0348521018225249,0.0277949422187379,-0.007));
#2400=CARTESIAN_POINT('',(0.0348521018225249,0.0277949422187379,-0.007));
#2401=CARTESIAN_POINT('',(0.0390021018225249,0.0277949422187379,-0.007));
#2402=CARTESIAN_POINT('',(0.0390021018225249,0.0111949422187379,-0.007));
#2403=CARTESIAN_POINT('',(0.0318521018225248,0.0111949422187379,-0.007));
#2404=CARTESIAN_POINT('',(0.0318521018225248,0.0111949422187379,-0.007));
#2405=CARTESIAN_POINT('',(0.0390021018225249,0.0111949422187379,-0.007));
#2406=CARTESIAN_POINT('',(0.0461521018225249,0.0111949422187379,-0.007));
#2407=CARTESIAN_POINT('',(0.0461521018225249,0.0111949422187379,-0.007));
#2408=CARTESIAN_POINT('',(0.0318521018225248,0.0209949422187378,-0.007));
#2409=CARTESIAN_POINT('',(0.0318521018225248,0.0307949422187379,-0.007));
#2410=CARTESIAN_POINT('',(0.0318521018225248,0.0209949422187378,-0.007));
#2411=CARTESIAN_POINT('',(0.0461521018225249,0.0209949422187378,-0.007));
#2412=CARTESIAN_POINT('',(0.0461521018225249,0.0209949422187378,-0.007));
#2413=CARTESIAN_POINT('',(0.0461521018225249,0.0307949422187379,-0.007));
#2414=CARTESIAN_POINT('',(0.0348521018225249,0.0209949422187378,-0.007));
#2415=CARTESIAN_POINT('',(0.0348521018225249,0.0209949422187378,-0.007));
#2416=CARTESIAN_POINT('',(0.0390021018225249,0.0209949422187378,-0.007));
#2417=CARTESIAN_POINT('',(0.00900210182252487,0.0307949422187379,-0.007));
#2418=CARTESIAN_POINT('',(0.0451760509112624,0.0307949422187379,-0.006));
#2419=CARTESIAN_POINT('',(0.00185210182252483,0.0307949422187379,-0.006));
#2420=CARTESIAN_POINT('',(0.0161521018225249,0.0307949422187379,-0.006));
#2421=CARTESIAN_POINT('',(0.0161521018225249,0.0307949422187379,-0.007));
#2422=CARTESIAN_POINT('',(0.0161521018225249,0.0307949422187379,-0.007));
#2423=CARTESIAN_POINT('',(0.00900210182252487,0.0307949422187379,-0.007));
#2424=CARTESIAN_POINT('',(0.00185210182252483,0.0307949422187379,-0.007));
#2425=CARTESIAN_POINT('',(0.00185210182252483,0.0307949422187379,-0.007));
#2426=CARTESIAN_POINT('',(0.0161521018225249,0.0209949422187378,-0.007));
#2427=CARTESIAN_POINT('',(0.0161521018225249,0.0111949422187379,-0.007));
#2428=CARTESIAN_POINT('',(0.0161521018225249,0.0111949422187379,-0.007));
#2429=CARTESIAN_POINT('',(0.0161521018225249,0.0209949422187378,-0.007));
#2430=CARTESIAN_POINT('',(0.0161521018225249,0.0307949422187379,-0.007));
#2431=CARTESIAN_POINT('',(0.00900210182252487,0.0111949422187379,-0.007));
#2432=CARTESIAN_POINT('',(0.0015,0.0111949422187379,-0.006));
#2433=CARTESIAN_POINT('',(0.0015,0.0111949422187379,-0.006));
#2434=CARTESIAN_POINT('',(0.00167605091126242,0.0111949422187379,-0.006));
#2435=CARTESIAN_POINT('',(0.00185210182252483,0.0111949422187379,-0.006));
#2436=CARTESIAN_POINT('',(0.00185210182252483,0.0111949422187379,-0.007));
#2437=CARTESIAN_POINT('',(0.00185210182252483,0.0111949422187379,-0.007));
#2438=CARTESIAN_POINT('',(0.00900210182252487,0.0111949422187379,-0.007));
#2439=CARTESIAN_POINT('',(0.00485210182252483,0.0209949422187378,-0.007));
#2440=CARTESIAN_POINT('',(0.00485210182252483,0.0141949422187379,-0.007));
#2441=CARTESIAN_POINT('',(0.00485210182252483,0.0141949422187379,-0.007));
#2442=CARTESIAN_POINT('',(0.00485210182252483,0.0209949422187378,-0.007));
#2443=CARTESIAN_POINT('',(0.00485210182252483,0.0277949422187379,-0.007));
#2444=CARTESIAN_POINT('',(0.00485210182252483,0.0277949422187379,-0.007));
#2445=CARTESIAN_POINT('',(0.00900210182252487,0.0141949422187379,-0.007));
#2446=CARTESIAN_POINT('',(0.0131521018225249,0.0141949422187379,-0.007));
#2447=CARTESIAN_POINT('',(0.0131521018225249,0.0141949422187379,-0.007));
#2448=CARTESIAN_POINT('',(0.00900210182252487,0.0141949422187379,-0.007));
#2449=CARTESIAN_POINT('',(0.0131521018225249,0.0209949422187378,-0.007));
#2450=CARTESIAN_POINT('',(0.0131521018225249,0.0277949422187379,-0.007));
#2451=CARTESIAN_POINT('',(0.0131521018225249,0.0277949422187379,-0.007));
#2452=CARTESIAN_POINT('',(0.0131521018225249,0.0209949422187378,-0.007));
#2453=CARTESIAN_POINT('',(0.00900210182252487,0.0277949422187379,-0.007));
#2454=CARTESIAN_POINT('',(0.00900210182252487,0.0277949422187379,-0.007));
#2455=CARTESIAN_POINT('',(0.00185210182252483,0.0209949422187378,-0.007));
#2456=CARTESIAN_POINT('',(0.00185210182252483,0.0209949422187378,-0.006));
#2457=CARTESIAN_POINT('',(0.00185210182252483,0.0209949422187378,-0.007));
#2458=CARTESIAN_POINT('',(0.0390021018225249,0.0209949422187378,-0.007));
#2459=CARTESIAN_POINT('',(0.0900000000000032,-1.45680032578077E-15,-0.036));
#2460=CARTESIAN_POINT('',(0.0900000000000032,-1.45680032578077E-15,-0.006));
#2461=CARTESIAN_POINT('',(0.0841905249806917,-0.0015,-0.006));
#2462=CARTESIAN_POINT('',(0.0841905249806924,0.0015,-0.006));
#2463=CARTESIAN_POINT('',(0.0900000000000032,-1.45680032578077E-15,-0.006));
#2464=CARTESIAN_POINT('',(0.0885,0.00580947501930885,-0.006));
#2465=CARTESIAN_POINT('',(0.0900000000000032,-1.45680032578077E-15,-0.006));
#2466=CARTESIAN_POINT('',(0.0915,0.0058094750193105,-0.006));
#2467=CARTESIAN_POINT('',(0.0900000000000032,-1.45680032578077E-15,-0.006));
#2468=CARTESIAN_POINT('',(0.0900000000000032,-1.45753511386026E-15,-0.04));
#2469=CARTESIAN_POINT('',(0.0840000000000032,-1.45753511386026E-15,-0.04));
#2470=CARTESIAN_POINT('',(3.19189119579733E-15,-1.45680032578077E-15,-0.036));
#2471=CARTESIAN_POINT('',(3.19189119579733E-15,-1.45680032578077E-15,-0.006));
#2472=CARTESIAN_POINT('',(-0.0015,0.00580947501930884,-0.006));
#2473=CARTESIAN_POINT('',(0.0015,0.00580947501931049,-0.006));
#2474=CARTESIAN_POINT('',(3.19189119579733E-15,-1.45680032578077E-15,-0.006));
#2475=CARTESIAN_POINT('',(0.00580947501931394,0.0015,-0.006));
#2476=CARTESIAN_POINT('',(3.19189119579733E-15,-1.45680032578077E-15,-0.006));
#2477=CARTESIAN_POINT('',(0.0058094750193147,-0.0015,-0.006));
#2478=CARTESIAN_POINT('',(3.19189119579733E-15,-1.45680032578077E-15,-0.006));
#2479=CARTESIAN_POINT('',(3.19189119579733E-15,-1.45753511386026E-15,-0.04));
#2480=CARTESIAN_POINT('',(-0.00599999999999681,-1.45753511386026E-15,-0.04));
#2481=CARTESIAN_POINT('',(0.0450000000000032,0.0449999999999985,-0.036));
#2482=CARTESIAN_POINT('',(3.19189119579733E-15,-1.45726569156445E-15,-0.036));
#2483=CARTESIAN_POINT('',(-0.00159999999999681,-1.45726569156445E-15,-0.036));
#2484=CARTESIAN_POINT('',(3.19189119579733E-15,-1.45698402280065E-15,-0.036));
#2485=CARTESIAN_POINT('',(-0.00299999999999681,-1.45698402280065E-15,-0.036));
#2486=CARTESIAN_POINT('',(3.19189119579733E-15,-1.45726569156445E-15,-0.04));
#2487=CARTESIAN_POINT('',(3.19189119579733E-15,-1.45726569156445E-15,-0.04));
#2488=CARTESIAN_POINT('',(-0.00159999999999681,-1.45726569156445E-15,-0.04));
#2489=CARTESIAN_POINT('',(0.0450000000000032,0.0449999999999985,-0.04));
#2490=CARTESIAN_POINT('',(0.0450000000000032,0.0449999999999985,-0.036));
#2491=CARTESIAN_POINT('',(0.0900000000000032,0.0899999999999985,-0.036));
#2492=CARTESIAN_POINT('',(0.0884000000000032,0.0899999999999985,-0.036));
#2493=CARTESIAN_POINT('',(0.0900000000000032,0.0899999999999985,-0.036));
#2494=CARTESIAN_POINT('',(0.0870000000000032,0.0899999999999985,-0.036));
#2495=CARTESIAN_POINT('',(0.0900000000000032,0.0899999999999985,-0.04));
#2496=CARTESIAN_POINT('',(0.0900000000000032,0.0899999999999985,-0.04));
#2497=CARTESIAN_POINT('',(0.0884000000000032,0.0899999999999985,-0.04));
#2498=CARTESIAN_POINT('',(0.0450000000000032,0.0449999999999985,-0.04));
#2499=CARTESIAN_POINT('',(0.0450000000000032,0.0449999999999985,-0.036));
#2500=CARTESIAN_POINT('',(0.0900000000000032,-1.45726569156445E-15,-0.036));
#2501=CARTESIAN_POINT('',(0.0884000000000032,-1.45726569156445E-15,-0.036));
#2502=CARTESIAN_POINT('',(0.0900000000000032,-1.45698402280065E-15,-0.036));
#2503=CARTESIAN_POINT('',(0.0870000000000032,-1.45698402280065E-15,-0.036));
#2504=CARTESIAN_POINT('',(0.0900000000000032,-1.45726569156445E-15,-0.04));
#2505=CARTESIAN_POINT('',(0.0900000000000032,-1.45726569156445E-15,-0.04));
#2506=CARTESIAN_POINT('',(0.0884000000000032,-1.45726569156445E-15,-0.04));
#2507=CARTESIAN_POINT('',(0.0450000000000032,0.0449999999999985,-0.04));
#2508=CARTESIAN_POINT('',(0.0450000000000032,0.0449999999999985,-0.036));
#2509=CARTESIAN_POINT('',(3.19189119579733E-15,0.0899999999999985,-0.036));
#2510=CARTESIAN_POINT('',(-0.00159999999999681,0.0899999999999985,-0.036));
#2511=CARTESIAN_POINT('',(3.19189119579733E-15,0.0899999999999985,-0.036));
#2512=CARTESIAN_POINT('',(-0.00299999999999681,0.0899999999999985,-0.036));
#2513=CARTESIAN_POINT('',(3.19189119579733E-15,0.0899999999999985,-0.04));
#2514=CARTESIAN_POINT('',(3.19189119579733E-15,0.0899999999999985,-0.04));
#2515=CARTESIAN_POINT('',(-0.00159999999999681,0.0899999999999985,-0.04));
#2516=CARTESIAN_POINT('',(0.0450000000000032,0.0449999999999985,-0.04));
#2517=CARTESIAN_POINT('',(3.19189119579733E-15,-1.45698402280065E-15,-0.036));
#2518=CARTESIAN_POINT('',(0.0900000000000032,0.0899999999999985,-0.036));
#2519=CARTESIAN_POINT('',(0.0900000000000032,-1.45698402280065E-15,-0.036));
#2520=CARTESIAN_POINT('',(3.19189119579733E-15,0.0899999999999985,-0.036));
#2521=CARTESIAN_POINT('',(0.0451760509112624,0.0307949422187379,-0.006));
#2522=CARTESIAN_POINT('',(0.0451760509112624,0.0307949422187379,-0.006));
#2523=CARTESIAN_POINT('',(0.0885,0.0307949422187379,-0.006));
#2524=CARTESIAN_POINT('',(0.0885,0.0307949422187379,-0.006));
#2525=CARTESIAN_POINT('',(0.0451760509112624,0.0307949422187379,-0.006));
#2526=CARTESIAN_POINT('',(0.0451760509112624,0.0307949422187379,-0.006));
#2527=CARTESIAN_POINT('',(0.0451760509112624,0.0307949422187379,-0.006));
#2528=CARTESIAN_POINT('',(0.0451760509112624,0.0307949422187379,-0.006));
#2529=CARTESIAN_POINT('',(0.0015,0.0598974711093682,-0.006));
#2530=CARTESIAN_POINT('',(0.0015,0.0598974711093682,-0.006));
#2531=CARTESIAN_POINT('',(0.0015,0.0337949422187378,-0.006));
#2532=CARTESIAN_POINT('',(0.0015,0.0841905249806866,-0.006));
#2533=CARTESIAN_POINT('',(0.0015,0.0831635037382232,-0.00500559095793442));
#2534=CARTESIAN_POINT('',(0.0015,0.0821438121529417,-0.00400369431763295));
#2535=CARTESIAN_POINT('',(0.0015,0.0811258803253486,-0.003));
#2536=CARTESIAN_POINT('',(0.0015,0.0337949422187378,-0.006));
#2537=CARTESIAN_POINT('',(0.0885,0.0178974711093682,-0.006));
#2538=CARTESIAN_POINT('',(0.0885,0.0178974711093682,-0.006));
#2539=CARTESIAN_POINT('',(0.0885,0.00580947501930885,-0.006));
#2540=CARTESIAN_POINT('',(0.0885,0.00683649626177243,-0.00500559095793447));
#2541=CARTESIAN_POINT('',(0.0885,0.00785618784705415,-0.00400369431763299));
#2542=CARTESIAN_POINT('',(0.0885,0.00887411967464744,-0.003));
#2543=CARTESIAN_POINT('',(0.0885,0.0598974711093682,-0.006));
#2544=CARTESIAN_POINT('',(0.0885,0.0811258803253497,-0.003));
#2545=CARTESIAN_POINT('',(0.0885,0.082143812152943,-0.00400369431763298));
#2546=CARTESIAN_POINT('',(0.0885,0.0831635037382246,-0.00500559095793448));
#2547=CARTESIAN_POINT('',(0.0885,0.0841905249806882,-0.006));
#2548=CARTESIAN_POINT('',(0.0885,0.0598974711093682,-0.006));
#2549=CARTESIAN_POINT('',(0.0885,0.0337949422187378,-0.006));
#2550=CARTESIAN_POINT('',(0.0885,0.0337949422187378,-0.006));
#2551=CARTESIAN_POINT('',(0.0915,0.0454999999999985,-0.006));
#2552=CARTESIAN_POINT('',(0.0915,0.00887411967464851,-0.003));
#2553=CARTESIAN_POINT('',(0.0915,0.00785618784705538,-0.00400369431763296));
#2554=CARTESIAN_POINT('',(0.0915,0.00683649626177383,-0.00500559095793442));
#2555=CARTESIAN_POINT('',(0.0915,0.0058094750193105,-0.006));
#2556=CARTESIAN_POINT('',(0.0915,0.0454999999999985,-0.006));
#2557=CARTESIAN_POINT('',(0.0915,0.0841905249806866,-0.006));
#2558=CARTESIAN_POINT('',(0.0915,0.0831635037382232,-0.00500559095793442));
#2559=CARTESIAN_POINT('',(0.0915,0.0821438121529417,-0.00400369431763295));
#2560=CARTESIAN_POINT('',(0.0915,0.0811258803253486,-0.003));
#2561=CARTESIAN_POINT('',(0.0015,0.00809747110936819,-0.006));
#2562=CARTESIAN_POINT('',(0.0015,0.00887411967464851,-0.003));
#2563=CARTESIAN_POINT('',(0.0015,0.00785618784705538,-0.00400369431763296));
#2564=CARTESIAN_POINT('',(0.0015,0.00683649626177383,-0.00500559095793442));
#2565=CARTESIAN_POINT('',(0.0015,0.00580947501931049,-0.006));
#2566=CARTESIAN_POINT('',(0.0015,0.00809747110936819,-0.006));
#2567=CARTESIAN_POINT('',(-0.0015,0.0454999999999985,-0.006));
#2568=CARTESIAN_POINT('',(-0.0015,0.0454999999999985,-0.006));
#2569=CARTESIAN_POINT('',(-0.0015,0.00580947501930884,-0.006));
#2570=CARTESIAN_POINT('',(-0.0015,0.00683649626177242,-0.00500559095793447));
#2571=CARTESIAN_POINT('',(-0.0015,0.00785618784705414,-0.00400369431763299));
#2572=CARTESIAN_POINT('',(-0.0015,0.00887411967464743,-0.003));
#2573=CARTESIAN_POINT('',(-0.0015,0.0811258803253497,-0.003));
#2574=CARTESIAN_POINT('',(-0.0015,0.082143812152943,-0.00400369431763298));
#2575=CARTESIAN_POINT('',(-0.0015,0.0831635037382246,-0.00500559095793448));
#2576=CARTESIAN_POINT('',(-0.0015,0.0841905249806882,-0.006));
#2577=CARTESIAN_POINT('',(0.045,0.0337949422187378,-0.006));
#2578=CARTESIAN_POINT('',(0.045,0.0337949422187378,-0.006));
#2579=CARTESIAN_POINT('',(0.045,0.045,-0.006));
#2580=CARTESIAN_POINT('',(0.0455000000000032,-0.0015,-0.006));
#2581=CARTESIAN_POINT('',(0.0455000000000032,-0.0015,-0.006));
#2582=CARTESIAN_POINT('',(0.0841905249806917,-0.0015,-0.006));
#2583=CARTESIAN_POINT('',(0.0831635037382283,-0.0015,-0.00500559095793443));
#2584=CARTESIAN_POINT('',(0.0821438121529467,-0.0015,-0.00400369431763297));
#2585=CARTESIAN_POINT('',(0.0811258803253535,-0.0015,-0.003));
#2586=CARTESIAN_POINT('',(0.00887411967465287,-0.0015,-0.003));
#2587=CARTESIAN_POINT('',(0.00785618784705969,-0.0015,-0.00400369431763297));
#2588=CARTESIAN_POINT('',(0.0068364962617781,-0.0015,-0.00500559095793443));
#2589=CARTESIAN_POINT('',(0.0058094750193147,-0.0015,-0.006));
#2590=CARTESIAN_POINT('',(0.0455000000000032,0.0015,-0.006));
#2591=CARTESIAN_POINT('',(0.081125880325354,0.0015,-0.003));
#2592=CARTESIAN_POINT('',(0.0821438121529472,0.0015,-0.00400369431763298));
#2593=CARTESIAN_POINT('',(0.0831635037382289,0.0015,-0.00500559095793446));
#2594=CARTESIAN_POINT('',(0.0841905249806924,0.0015,-0.006));
#2595=CARTESIAN_POINT('',(0.0455000000000032,0.0015,-0.006));
#2596=CARTESIAN_POINT('',(0.00580947501931394,0.0015,-0.006));
#2597=CARTESIAN_POINT('',(0.00683649626177745,0.0015,-0.00500559095793445));
#2598=CARTESIAN_POINT('',(0.00785618784705912,0.0015,-0.00400369431763298));
#2599=CARTESIAN_POINT('',(0.00887411967465237,0.0015,-0.003));
#2600=CARTESIAN_POINT('',(0.045,0.045,-0.006));
#2601=CARTESIAN_POINT('',(0.0455000000000032,0.0885,-0.006));
#2602=CARTESIAN_POINT('',(0.0455000000000032,0.0885,-0.006));
#2603=CARTESIAN_POINT('',(0.0841905249806917,0.0885,-0.006));
#2604=CARTESIAN_POINT('',(0.0831635037382283,0.0885,-0.00500559095793443));
#2605=CARTESIAN_POINT('',(0.0821438121529467,0.0885,-0.00400369431763297));
#2606=CARTESIAN_POINT('',(0.0811258803253535,0.0885,-0.003));
#2607=CARTESIAN_POINT('',(0.00887411967465287,0.0885,-0.003));
#2608=CARTESIAN_POINT('',(0.00785618784705969,0.0885,-0.00400369431763297));
#2609=CARTESIAN_POINT('',(0.0068364962617781,0.0885,-0.00500559095793443));
#2610=CARTESIAN_POINT('',(0.0058094750193147,0.0885,-0.006));
#2611=CARTESIAN_POINT('',(0.0455000000000032,0.0915,-0.006));
#2612=CARTESIAN_POINT('',(0.081125880325354,0.0915,-0.003));
#2613=CARTESIAN_POINT('',(0.0821438121529472,0.0915,-0.00400369431763297));
#2614=CARTESIAN_POINT('',(0.0831635037382289,0.0915,-0.00500559095793446));
#2615=CARTESIAN_POINT('',(0.0841905249806924,0.0915,-0.006));
#2616=CARTESIAN_POINT('',(0.0455000000000032,0.0915,-0.006));
#2617=CARTESIAN_POINT('',(0.00580947501931394,0.0915,-0.006));
#2618=CARTESIAN_POINT('',(0.00683649626177745,0.0915,-0.00500559095793445));
#2619=CARTESIAN_POINT('',(0.00785618784705912,0.0915,-0.00400369431763298));
#2620=CARTESIAN_POINT('',(0.00887411967465237,0.0915,-0.003));
#2621=CARTESIAN_POINT('',(0.045,0.045,-0.006));
#2622=CARTESIAN_POINT('',(0.0900000000000032,-1.45680032578077E-15,-0.006));
#2623=CARTESIAN_POINT('',(0.0900000000000032,-1.45680032578077E-15,-0.006));
#2624=CARTESIAN_POINT('',(0.0900000000000032,0.0899999999999985,-0.006));
#2625=CARTESIAN_POINT('',(0.0900000000000032,0.0899999999999985,-0.006));
#2626=CARTESIAN_POINT('',(3.19189119579733E-15,-1.45680032578077E-15,-0.006));
#2627=CARTESIAN_POINT('',(3.19189119579733E-15,-1.45680032578077E-15,-0.006));
#2628=CARTESIAN_POINT('',(3.19189119579733E-15,0.0899999999999985,-0.006));
#2629=CARTESIAN_POINT('',(3.19189119579733E-15,0.0899999999999985,-0.006));
#2630=MECHANICAL_DESIGN_GEOMETRIC_PRESENTATION_REPRESENTATION('',(#1560),
#2631);
#2631=(
GEOMETRIC_REPRESENTATION_CONTEXT(3)
GLOBAL_UNCERTAINTY_ASSIGNED_CONTEXT((#2632))
GLOBAL_UNIT_ASSIGNED_CONTEXT((#2635,#2634,#2633))
REPRESENTATION_CONTEXT('Part 1','TOP_LEVEL_ASSEMBLY_PART')
);
#2632=UNCERTAINTY_MEASURE_WITH_UNIT(LENGTH_MEASURE(2.E-5),#2635,
'DISTANCE_ACCURACY_VALUE','Maximum Tolerance applied to model');
#2633=(
NAMED_UNIT(*)
SI_UNIT($,.STERADIAN.)
SOLID_ANGLE_UNIT()
);
#2634=(
NAMED_UNIT(*)
PLANE_ANGLE_UNIT()
SI_UNIT($,.RADIAN.)
);
#2635=(
LENGTH_UNIT()
NAMED_UNIT(*)
SI_UNIT($,.METRE.)
);
#2636=PRODUCT_DEFINITION_SHAPE('','',#2637);
#2637=PRODUCT_DEFINITION('','',#2639,#2638);
#2638=PRODUCT_DEFINITION_CONTEXT('',#2645,'design');
#2639=PRODUCT_DEFINITION_FORMATION_WITH_SPECIFIED_SOURCE('','',#2641,
 .NOT_KNOWN.);
#2640=PRODUCT_RELATED_PRODUCT_CATEGORY('','',(#2641));
#2641=PRODUCT('Part 1','Part 1','Part 1',(#2643));
#2642=PRODUCT_CATEGORY('','');
#2643=PRODUCT_CONTEXT('',#2645,'mechanical');
#2644=APPLICATION_PROTOCOL_DEFINITION('international standard',
'ap242_managed_model_based_3d_engineering',2020,#2645);
#2645=APPLICATION_CONTEXT('managed model based 3d engineering');
ENDSEC;
END-ISO-10303-21;
