ISO-10303-21;
HEADER;
/* Generated by software containing ST-Developer
 * from STEP Tools, Inc. (www.steptools.com) 
 */
/* OPTION: using custom renumber hook */

FILE_DESCRIPTION(
/* description */ ('STEP AP242 Edition 2',
'CAx-IF Rec.Pracs.---Representation and Presentation of Product Manufa
cturing Information (PMI)---4.0---2014-10-13',
'CAx-IF Rec.Pracs.---3D Tessellated Geometry---0.4---2014-09-14','2;1',
'CAx-IF Rec.Pracs.---User Defined Attributes---1.5---2016-08-15'),
/* implementation_level */ '2;1');

FILE_NAME(
/* name */ 'drzak_2.8_display',
/* time_stamp */ '2026-07-22T21:02:21Z',
/* author */ (''),
/* organization */ (''),
/* preprocessor_version */ 'ST-DEVELOPER v20',
/* originating_system */ 'ONSHAPE BY PTC INC, 1.218',
/* authorisation */ '  ');

FILE_SCHEMA (('AP242_MANAGED_MODEL_BASED_3D_ENGINEERING_MIM_LF { 1 0 10303 442 3 1 4 }'));
ENDSEC;

DATA;
#10=SHAPE_REPRESENTATION_RELATIONSHIP('','',#1379,#11);
#11=ADVANCED_BREP_SHAPE_REPRESENTATION('',(#1377),#2309);
#12=CONICAL_SURFACE('',#1503,0.006,0.785398163397449);
#13=CONICAL_SURFACE('',#1504,0.006,0.785398163397449);
#14=CONICAL_SURFACE('',#1505,0.006,0.785398163397448);
#15=CONICAL_SURFACE('',#1506,0.006,0.785398163397448);
#16=CONICAL_SURFACE('',#1507,0.006,0.785398163397449);
#17=CONICAL_SURFACE('',#1508,0.006,0.785398163397449);
#18=B_SPLINE_CURVE_WITH_KNOTS('',3,(#2221,#2222,#2223,#2224),
 .UNSPECIFIED.,.F.,.F.,(4,4),(0.,0.00428859497545451),.UNSPECIFIED.);
#19=B_SPLINE_CURVE_WITH_KNOTS('',3,(#2226,#2227,#2228,#2229),
 .UNSPECIFIED.,.F.,.F.,(4,4),(0.,0.00428859497545454),.UNSPECIFIED.);
#20=B_SPLINE_CURVE_WITH_KNOTS('',3,(#2231,#2232,#2233,#2234),
 .UNSPECIFIED.,.F.,.F.,(4,4),(0.,0.00428859497545443),.UNSPECIFIED.);
#21=B_SPLINE_CURVE_WITH_KNOTS('',3,(#2236,#2237,#2238,#2239),
 .UNSPECIFIED.,.F.,.F.,(4,4),(0.,0.00428859497545463),.UNSPECIFIED.);
#22=B_SPLINE_CURVE_WITH_KNOTS('',3,(#2240,#2241,#2242,#2243),
 .UNSPECIFIED.,.F.,.F.,(4,4),(0.,0.00428859497545454),.UNSPECIFIED.);
#23=B_SPLINE_CURVE_WITH_KNOTS('',3,(#2245,#2246,#2247,#2248),
 .UNSPECIFIED.,.F.,.F.,(4,4),(0.,0.00428859497545463),.UNSPECIFIED.);
#24=B_SPLINE_CURVE_WITH_KNOTS('',3,(#2261,#2262,#2263,#2264),
 .UNSPECIFIED.,.F.,.F.,(4,4),(0.,0.00428859497545428),.UNSPECIFIED.);
#25=B_SPLINE_CURVE_WITH_KNOTS('',3,(#2268,#2269,#2270,#2271),
 .UNSPECIFIED.,.F.,.F.,(4,4),(0.,0.00428859497545463),.UNSPECIFIED.);
#26=B_SPLINE_CURVE_WITH_KNOTS('',3,(#2276,#2277,#2278,#2279),
 .UNSPECIFIED.,.F.,.F.,(4,4),(0.,0.00428859497545463),.UNSPECIFIED.);
#27=B_SPLINE_CURVE_WITH_KNOTS('',3,(#2286,#2287,#2288,#2289),
 .UNSPECIFIED.,.F.,.F.,(4,4),(0.,0.00428859497545428),.UNSPECIFIED.);
#28=B_SPLINE_CURVE_WITH_KNOTS('',3,(#2293,#2294,#2295,#2296),
 .UNSPECIFIED.,.F.,.F.,(4,4),(0.,0.00428859497545463),.UNSPECIFIED.);
#29=B_SPLINE_CURVE_WITH_KNOTS('',3,(#2298,#2299,#2300,#2301),
 .UNSPECIFIED.,.F.,.F.,(4,4),(0.,0.00428859497545463),.UNSPECIFIED.);
#30=CYLINDRICAL_SURFACE('',#1393,0.006);
#31=CYLINDRICAL_SURFACE('',#1397,0.006);
#32=CYLINDRICAL_SURFACE('',#1403,0.006);
#33=CYLINDRICAL_SURFACE('',#1409,0.006);
#34=CYLINDRICAL_SURFACE('',#1432,0.0016);
#35=CYLINDRICAL_SURFACE('',#1434,0.0016);
#36=CYLINDRICAL_SURFACE('',#1441,0.0016);
#37=CYLINDRICAL_SURFACE('',#1443,0.0016);
#38=CYLINDRICAL_SURFACE('',#1457,0.003);
#39=CYLINDRICAL_SURFACE('',#1459,0.003);
#40=CYLINDRICAL_SURFACE('',#1461,0.003);
#41=CYLINDRICAL_SURFACE('',#1463,0.003);
#42=CYLINDRICAL_SURFACE('',#1467,0.0016);
#43=CYLINDRICAL_SURFACE('',#1472,0.0016);
#44=CYLINDRICAL_SURFACE('',#1477,0.0016);
#45=CYLINDRICAL_SURFACE('',#1482,0.0016);
#46=CIRCLE('',#1384,0.009);
#47=CIRCLE('',#1385,0.009);
#48=CIRCLE('',#1386,0.009);
#49=CIRCLE('',#1387,0.009);
#50=CIRCLE('',#1388,0.009);
#51=CIRCLE('',#1389,0.009);
#52=CIRCLE('',#1394,0.006);
#53=CIRCLE('',#1395,0.006);
#54=CIRCLE('',#1396,0.006);
#55=CIRCLE('',#1398,0.006);
#56=CIRCLE('',#1399,0.00599999999999984);
#57=CIRCLE('',#1400,0.006);
#58=CIRCLE('',#1401,0.00599999999999987);
#59=CIRCLE('',#1402,0.006);
#60=CIRCLE('',#1404,0.006);
#61=CIRCLE('',#1405,0.00599999999999984);
#62=CIRCLE('',#1406,0.006);
#63=CIRCLE('',#1407,0.00599999999999987);
#64=CIRCLE('',#1408,0.006);
#65=CIRCLE('',#1410,0.006);
#66=CIRCLE('',#1411,0.006);
#67=CIRCLE('',#1412,0.006);
#68=CIRCLE('',#1414,0.0016);
#69=CIRCLE('',#1415,0.0016);
#70=CIRCLE('',#1416,0.0016);
#71=CIRCLE('',#1417,0.0016);
#72=CIRCLE('',#1427,0.003);
#73=CIRCLE('',#1428,0.003);
#74=CIRCLE('',#1429,0.003);
#75=CIRCLE('',#1430,0.003);
#76=CIRCLE('',#1433,0.0016);
#77=CIRCLE('',#1435,0.0016);
#78=CIRCLE('',#1442,0.0016);
#79=CIRCLE('',#1444,0.0016);
#80=CIRCLE('',#1458,0.003);
#81=CIRCLE('',#1460,0.003);
#82=CIRCLE('',#1462,0.003);
#83=CIRCLE('',#1464,0.003);
#84=CIRCLE('',#1466,0.0016);
#85=CIRCLE('',#1468,0.0016);
#86=CIRCLE('',#1471,0.0016);
#87=CIRCLE('',#1473,0.0016);
#88=CIRCLE('',#1476,0.0016);
#89=CIRCLE('',#1478,0.0016);
#90=CIRCLE('',#1481,0.0016);
#91=CIRCLE('',#1483,0.0016);
#92=ORIENTED_EDGE('',*,*,#448,.F.);
#93=ORIENTED_EDGE('',*,*,#449,.F.);
#94=ORIENTED_EDGE('',*,*,#450,.T.);
#95=ORIENTED_EDGE('',*,*,#451,.T.);
#96=ORIENTED_EDGE('',*,*,#452,.T.);
#97=ORIENTED_EDGE('',*,*,#453,.T.);
#98=ORIENTED_EDGE('',*,*,#454,.F.);
#99=ORIENTED_EDGE('',*,*,#455,.F.);
#100=ORIENTED_EDGE('',*,*,#456,.T.);
#101=ORIENTED_EDGE('',*,*,#457,.T.);
#102=ORIENTED_EDGE('',*,*,#458,.F.);
#103=ORIENTED_EDGE('',*,*,#459,.F.);
#104=ORIENTED_EDGE('',*,*,#460,.T.);
#105=ORIENTED_EDGE('',*,*,#461,.T.);
#106=ORIENTED_EDGE('',*,*,#462,.T.);
#107=ORIENTED_EDGE('',*,*,#463,.F.);
#108=ORIENTED_EDGE('',*,*,#464,.F.);
#109=ORIENTED_EDGE('',*,*,#465,.T.);
#110=ORIENTED_EDGE('',*,*,#466,.F.);
#111=ORIENTED_EDGE('',*,*,#467,.T.);
#112=ORIENTED_EDGE('',*,*,#468,.T.);
#113=ORIENTED_EDGE('',*,*,#469,.T.);
#114=ORIENTED_EDGE('',*,*,#470,.T.);
#115=ORIENTED_EDGE('',*,*,#471,.T.);
#116=ORIENTED_EDGE('',*,*,#472,.F.);
#117=ORIENTED_EDGE('',*,*,#473,.T.);
#118=ORIENTED_EDGE('',*,*,#474,.F.);
#119=ORIENTED_EDGE('',*,*,#475,.T.);
#120=ORIENTED_EDGE('',*,*,#476,.T.);
#121=ORIENTED_EDGE('',*,*,#477,.F.);
#122=ORIENTED_EDGE('',*,*,#478,.F.);
#123=ORIENTED_EDGE('',*,*,#479,.T.);
#124=ORIENTED_EDGE('',*,*,#480,.T.);
#125=ORIENTED_EDGE('',*,*,#451,.F.);
#126=ORIENTED_EDGE('',*,*,#481,.F.);
#127=ORIENTED_EDGE('',*,*,#482,.T.);
#128=ORIENTED_EDGE('',*,*,#483,.F.);
#129=ORIENTED_EDGE('',*,*,#484,.F.);
#130=ORIENTED_EDGE('',*,*,#485,.T.);
#131=ORIENTED_EDGE('',*,*,#454,.T.);
#132=ORIENTED_EDGE('',*,*,#486,.T.);
#133=ORIENTED_EDGE('',*,*,#487,.T.);
#134=ORIENTED_EDGE('',*,*,#488,.T.);
#135=ORIENTED_EDGE('',*,*,#489,.F.);
#136=ORIENTED_EDGE('',*,*,#490,.F.);
#137=ORIENTED_EDGE('',*,*,#491,.F.);
#138=ORIENTED_EDGE('',*,*,#492,.T.);
#139=ORIENTED_EDGE('',*,*,#493,.T.);
#140=ORIENTED_EDGE('',*,*,#494,.F.);
#141=ORIENTED_EDGE('',*,*,#495,.F.);
#142=ORIENTED_EDGE('',*,*,#496,.T.);
#143=ORIENTED_EDGE('',*,*,#490,.T.);
#144=ORIENTED_EDGE('',*,*,#497,.T.);
#145=ORIENTED_EDGE('',*,*,#498,.T.);
#146=ORIENTED_EDGE('',*,*,#486,.F.);
#147=ORIENTED_EDGE('',*,*,#499,.F.);
#148=ORIENTED_EDGE('',*,*,#500,.F.);
#149=ORIENTED_EDGE('',*,*,#501,.T.);
#150=ORIENTED_EDGE('',*,*,#502,.T.);
#151=ORIENTED_EDGE('',*,*,#503,.F.);
#152=ORIENTED_EDGE('',*,*,#504,.T.);
#153=ORIENTED_EDGE('',*,*,#505,.T.);
#154=ORIENTED_EDGE('',*,*,#506,.T.);
#155=ORIENTED_EDGE('',*,*,#507,.T.);
#156=ORIENTED_EDGE('',*,*,#508,.F.);
#157=ORIENTED_EDGE('',*,*,#509,.T.);
#158=ORIENTED_EDGE('',*,*,#510,.T.);
#159=ORIENTED_EDGE('',*,*,#511,.T.);
#160=ORIENTED_EDGE('',*,*,#512,.T.);
#161=ORIENTED_EDGE('',*,*,#513,.F.);
#162=ORIENTED_EDGE('',*,*,#514,.T.);
#163=ORIENTED_EDGE('',*,*,#515,.T.);
#164=ORIENTED_EDGE('',*,*,#516,.F.);
#165=ORIENTED_EDGE('',*,*,#517,.T.);
#166=ORIENTED_EDGE('',*,*,#449,.T.);
#167=ORIENTED_EDGE('',*,*,#518,.F.);
#168=ORIENTED_EDGE('',*,*,#514,.F.);
#169=ORIENTED_EDGE('',*,*,#519,.T.);
#170=ORIENTED_EDGE('',*,*,#520,.T.);
#171=ORIENTED_EDGE('',*,*,#521,.F.);
#172=ORIENTED_EDGE('',*,*,#501,.F.);
#173=ORIENTED_EDGE('',*,*,#522,.T.);
#174=ORIENTED_EDGE('',*,*,#509,.F.);
#175=ORIENTED_EDGE('',*,*,#523,.F.);
#176=ORIENTED_EDGE('',*,*,#524,.F.);
#177=ORIENTED_EDGE('',*,*,#525,.T.);
#178=ORIENTED_EDGE('',*,*,#506,.F.);
#179=ORIENTED_EDGE('',*,*,#526,.F.);
#180=ORIENTED_EDGE('',*,*,#452,.F.);
#181=ORIENTED_EDGE('',*,*,#527,.F.);
#182=ORIENTED_EDGE('',*,*,#528,.T.);
#183=ORIENTED_EDGE('',*,*,#495,.T.);
#184=ORIENTED_EDGE('',*,*,#529,.T.);
#185=ORIENTED_EDGE('',*,*,#530,.F.);
#186=ORIENTED_EDGE('',*,*,#531,.F.);
#187=ORIENTED_EDGE('',*,*,#497,.F.);
#188=ORIENTED_EDGE('',*,*,#532,.F.);
#189=ORIENTED_EDGE('',*,*,#533,.F.);
#190=ORIENTED_EDGE('',*,*,#534,.F.);
#191=ORIENTED_EDGE('',*,*,#535,.T.);
#192=ORIENTED_EDGE('',*,*,#536,.T.);
#193=ORIENTED_EDGE('',*,*,#537,.F.);
#194=ORIENTED_EDGE('',*,*,#538,.F.);
#195=ORIENTED_EDGE('',*,*,#539,.F.);
#196=ORIENTED_EDGE('',*,*,#540,.F.);
#197=ORIENTED_EDGE('',*,*,#541,.T.);
#198=ORIENTED_EDGE('',*,*,#542,.T.);
#199=ORIENTED_EDGE('',*,*,#543,.F.);
#200=ORIENTED_EDGE('',*,*,#544,.T.);
#201=ORIENTED_EDGE('',*,*,#545,.F.);
#202=ORIENTED_EDGE('',*,*,#456,.F.);
#203=ORIENTED_EDGE('',*,*,#546,.T.);
#204=ORIENTED_EDGE('',*,*,#547,.F.);
#205=ORIENTED_EDGE('',*,*,#546,.F.);
#206=ORIENTED_EDGE('',*,*,#459,.T.);
#207=ORIENTED_EDGE('',*,*,#548,.T.);
#208=ORIENTED_EDGE('',*,*,#549,.F.);
#209=ORIENTED_EDGE('',*,*,#548,.F.);
#210=ORIENTED_EDGE('',*,*,#458,.T.);
#211=ORIENTED_EDGE('',*,*,#550,.T.);
#212=ORIENTED_EDGE('',*,*,#551,.T.);
#213=ORIENTED_EDGE('',*,*,#552,.F.);
#214=ORIENTED_EDGE('',*,*,#482,.F.);
#215=ORIENTED_EDGE('',*,*,#553,.F.);
#216=ORIENTED_EDGE('',*,*,#516,.T.);
#217=ORIENTED_EDGE('',*,*,#499,.T.);
#218=ORIENTED_EDGE('',*,*,#493,.F.);
#219=ORIENTED_EDGE('',*,*,#554,.T.);
#220=ORIENTED_EDGE('',*,*,#555,.T.);
#221=ORIENTED_EDGE('',*,*,#554,.F.);
#222=ORIENTED_EDGE('',*,*,#492,.F.);
#223=ORIENTED_EDGE('',*,*,#556,.T.);
#224=ORIENTED_EDGE('',*,*,#557,.F.);
#225=ORIENTED_EDGE('',*,*,#556,.F.);
#226=ORIENTED_EDGE('',*,*,#491,.T.);
#227=ORIENTED_EDGE('',*,*,#496,.F.);
#228=ORIENTED_EDGE('',*,*,#528,.F.);
#229=ORIENTED_EDGE('',*,*,#558,.T.);
#230=ORIENTED_EDGE('',*,*,#484,.T.);
#231=ORIENTED_EDGE('',*,*,#559,.T.);
#232=ORIENTED_EDGE('',*,*,#560,.F.);
#233=ORIENTED_EDGE('',*,*,#559,.F.);
#234=ORIENTED_EDGE('',*,*,#483,.T.);
#235=ORIENTED_EDGE('',*,*,#552,.T.);
#236=ORIENTED_EDGE('',*,*,#561,.T.);
#237=ORIENTED_EDGE('',*,*,#550,.F.);
#238=ORIENTED_EDGE('',*,*,#457,.F.);
#239=ORIENTED_EDGE('',*,*,#545,.T.);
#240=ORIENTED_EDGE('',*,*,#562,.T.);
#241=ORIENTED_EDGE('',*,*,#563,.T.);
#242=ORIENTED_EDGE('',*,*,#564,.T.);
#243=ORIENTED_EDGE('',*,*,#565,.T.);
#244=ORIENTED_EDGE('',*,*,#551,.F.);
#245=ORIENTED_EDGE('',*,*,#555,.F.);
#246=ORIENTED_EDGE('',*,*,#557,.T.);
#247=ORIENTED_EDGE('',*,*,#560,.T.);
#248=ORIENTED_EDGE('',*,*,#544,.F.);
#249=ORIENTED_EDGE('',*,*,#547,.T.);
#250=ORIENTED_EDGE('',*,*,#549,.T.);
#251=ORIENTED_EDGE('',*,*,#561,.F.);
#252=ORIENTED_EDGE('',*,*,#485,.F.);
#253=ORIENTED_EDGE('',*,*,#558,.F.);
#254=ORIENTED_EDGE('',*,*,#527,.T.);
#255=ORIENTED_EDGE('',*,*,#455,.T.);
#256=ORIENTED_EDGE('',*,*,#539,.T.);
#257=ORIENTED_EDGE('',*,*,#566,.F.);
#258=ORIENTED_EDGE('',*,*,#538,.T.);
#259=ORIENTED_EDGE('',*,*,#567,.F.);
#260=ORIENTED_EDGE('',*,*,#568,.F.);
#261=ORIENTED_EDGE('',*,*,#524,.T.);
#262=ORIENTED_EDGE('',*,*,#569,.T.);
#263=ORIENTED_EDGE('',*,*,#467,.F.);
#264=ORIENTED_EDGE('',*,*,#566,.T.);
#265=ORIENTED_EDGE('',*,*,#567,.T.);
#266=ORIENTED_EDGE('',*,*,#481,.T.);
#267=ORIENTED_EDGE('',*,*,#450,.F.);
#268=ORIENTED_EDGE('',*,*,#517,.F.);
#269=ORIENTED_EDGE('',*,*,#553,.T.);
#270=ORIENTED_EDGE('',*,*,#520,.F.);
#271=ORIENTED_EDGE('',*,*,#570,.T.);
#272=ORIENTED_EDGE('',*,*,#477,.T.);
#273=ORIENTED_EDGE('',*,*,#571,.F.);
#274=ORIENTED_EDGE('',*,*,#532,.T.);
#275=ORIENTED_EDGE('',*,*,#572,.F.);
#276=ORIENTED_EDGE('',*,*,#533,.T.);
#277=ORIENTED_EDGE('',*,*,#573,.F.);
#278=ORIENTED_EDGE('',*,*,#572,.T.);
#279=ORIENTED_EDGE('',*,*,#573,.T.);
#280=ORIENTED_EDGE('',*,*,#535,.F.);
#281=ORIENTED_EDGE('',*,*,#574,.F.);
#282=ORIENTED_EDGE('',*,*,#575,.T.);
#283=ORIENTED_EDGE('',*,*,#576,.T.);
#284=ORIENTED_EDGE('',*,*,#534,.T.);
#285=ORIENTED_EDGE('',*,*,#577,.F.);
#286=ORIENTED_EDGE('',*,*,#578,.F.);
#287=ORIENTED_EDGE('',*,*,#574,.T.);
#288=ORIENTED_EDGE('',*,*,#537,.T.);
#289=ORIENTED_EDGE('',*,*,#579,.F.);
#290=ORIENTED_EDGE('',*,*,#580,.F.);
#291=ORIENTED_EDGE('',*,*,#577,.T.);
#292=ORIENTED_EDGE('',*,*,#536,.F.);
#293=ORIENTED_EDGE('',*,*,#576,.F.);
#294=ORIENTED_EDGE('',*,*,#581,.T.);
#295=ORIENTED_EDGE('',*,*,#579,.T.);
#296=ORIENTED_EDGE('',*,*,#575,.F.);
#297=ORIENTED_EDGE('',*,*,#578,.T.);
#298=ORIENTED_EDGE('',*,*,#580,.T.);
#299=ORIENTED_EDGE('',*,*,#581,.F.);
#300=ORIENTED_EDGE('',*,*,#541,.F.);
#301=ORIENTED_EDGE('',*,*,#582,.F.);
#302=ORIENTED_EDGE('',*,*,#583,.T.);
#303=ORIENTED_EDGE('',*,*,#584,.T.);
#304=ORIENTED_EDGE('',*,*,#540,.T.);
#305=ORIENTED_EDGE('',*,*,#585,.F.);
#306=ORIENTED_EDGE('',*,*,#586,.F.);
#307=ORIENTED_EDGE('',*,*,#582,.T.);
#308=ORIENTED_EDGE('',*,*,#543,.T.);
#309=ORIENTED_EDGE('',*,*,#587,.F.);
#310=ORIENTED_EDGE('',*,*,#588,.F.);
#311=ORIENTED_EDGE('',*,*,#585,.T.);
#312=ORIENTED_EDGE('',*,*,#542,.F.);
#313=ORIENTED_EDGE('',*,*,#584,.F.);
#314=ORIENTED_EDGE('',*,*,#589,.T.);
#315=ORIENTED_EDGE('',*,*,#587,.T.);
#316=ORIENTED_EDGE('',*,*,#583,.F.);
#317=ORIENTED_EDGE('',*,*,#586,.T.);
#318=ORIENTED_EDGE('',*,*,#588,.T.);
#319=ORIENTED_EDGE('',*,*,#589,.F.);
#320=ORIENTED_EDGE('',*,*,#590,.T.);
#321=ORIENTED_EDGE('',*,*,#563,.F.);
#322=ORIENTED_EDGE('',*,*,#591,.T.);
#323=ORIENTED_EDGE('',*,*,#565,.F.);
#324=ORIENTED_EDGE('',*,*,#592,.T.);
#325=ORIENTED_EDGE('',*,*,#562,.F.);
#326=ORIENTED_EDGE('',*,*,#593,.T.);
#327=ORIENTED_EDGE('',*,*,#564,.F.);
#328=ORIENTED_EDGE('',*,*,#594,.T.);
#329=ORIENTED_EDGE('',*,*,#593,.F.);
#330=ORIENTED_EDGE('',*,*,#595,.T.);
#331=ORIENTED_EDGE('',*,*,#594,.F.);
#332=ORIENTED_EDGE('',*,*,#595,.F.);
#333=ORIENTED_EDGE('',*,*,#513,.T.);
#334=ORIENTED_EDGE('',*,*,#596,.T.);
#335=ORIENTED_EDGE('',*,*,#592,.F.);
#336=ORIENTED_EDGE('',*,*,#597,.T.);
#337=ORIENTED_EDGE('',*,*,#596,.F.);
#338=ORIENTED_EDGE('',*,*,#597,.F.);
#339=ORIENTED_EDGE('',*,*,#508,.T.);
#340=ORIENTED_EDGE('',*,*,#598,.T.);
#341=ORIENTED_EDGE('',*,*,#591,.F.);
#342=ORIENTED_EDGE('',*,*,#599,.T.);
#343=ORIENTED_EDGE('',*,*,#598,.F.);
#344=ORIENTED_EDGE('',*,*,#599,.F.);
#345=ORIENTED_EDGE('',*,*,#503,.T.);
#346=ORIENTED_EDGE('',*,*,#600,.T.);
#347=ORIENTED_EDGE('',*,*,#590,.F.);
#348=ORIENTED_EDGE('',*,*,#601,.T.);
#349=ORIENTED_EDGE('',*,*,#600,.F.);
#350=ORIENTED_EDGE('',*,*,#601,.F.);
#351=ORIENTED_EDGE('',*,*,#500,.T.);
#352=ORIENTED_EDGE('',*,*,#480,.F.);
#353=ORIENTED_EDGE('',*,*,#602,.T.);
#354=ORIENTED_EDGE('',*,*,#518,.T.);
#355=ORIENTED_EDGE('',*,*,#448,.T.);
#356=ORIENTED_EDGE('',*,*,#519,.F.);
#357=ORIENTED_EDGE('',*,*,#603,.T.);
#358=ORIENTED_EDGE('',*,*,#478,.T.);
#359=ORIENTED_EDGE('',*,*,#570,.F.);
#360=ORIENTED_EDGE('',*,*,#476,.F.);
#361=ORIENTED_EDGE('',*,*,#604,.T.);
#362=ORIENTED_EDGE('',*,*,#521,.T.);
#363=ORIENTED_EDGE('',*,*,#571,.T.);
#364=ORIENTED_EDGE('',*,*,#474,.T.);
#365=ORIENTED_EDGE('',*,*,#605,.T.);
#366=ORIENTED_EDGE('',*,*,#522,.F.);
#367=ORIENTED_EDGE('',*,*,#606,.T.);
#368=ORIENTED_EDGE('',*,*,#523,.T.);
#369=ORIENTED_EDGE('',*,*,#607,.T.);
#370=ORIENTED_EDGE('',*,*,#468,.F.);
#371=ORIENTED_EDGE('',*,*,#569,.F.);
#372=ORIENTED_EDGE('',*,*,#489,.T.);
#373=ORIENTED_EDGE('',*,*,#608,.F.);
#374=ORIENTED_EDGE('',*,*,#529,.F.);
#375=ORIENTED_EDGE('',*,*,#494,.T.);
#376=ORIENTED_EDGE('',*,*,#488,.F.);
#377=ORIENTED_EDGE('',*,*,#609,.F.);
#378=ORIENTED_EDGE('',*,*,#530,.T.);
#379=ORIENTED_EDGE('',*,*,#608,.T.);
#380=ORIENTED_EDGE('',*,*,#487,.F.);
#381=ORIENTED_EDGE('',*,*,#498,.F.);
#382=ORIENTED_EDGE('',*,*,#531,.T.);
#383=ORIENTED_EDGE('',*,*,#609,.T.);
#384=ORIENTED_EDGE('',*,*,#471,.F.);
#385=ORIENTED_EDGE('',*,*,#610,.F.);
#386=ORIENTED_EDGE('',*,*,#611,.T.);
#387=ORIENTED_EDGE('',*,*,#612,.T.);
#388=ORIENTED_EDGE('',*,*,#470,.F.);
#389=ORIENTED_EDGE('',*,*,#613,.T.);
#390=ORIENTED_EDGE('',*,*,#614,.T.);
#391=ORIENTED_EDGE('',*,*,#610,.T.);
#392=ORIENTED_EDGE('',*,*,#615,.F.);
#393=ORIENTED_EDGE('',*,*,#616,.T.);
#394=ORIENTED_EDGE('',*,*,#472,.T.);
#395=ORIENTED_EDGE('',*,*,#612,.F.);
#396=ORIENTED_EDGE('',*,*,#611,.F.);
#397=ORIENTED_EDGE('',*,*,#614,.F.);
#398=ORIENTED_EDGE('',*,*,#511,.F.);
#399=ORIENTED_EDGE('',*,*,#615,.T.);
#400=ORIENTED_EDGE('',*,*,#617,.F.);
#401=ORIENTED_EDGE('',*,*,#618,.T.);
#402=ORIENTED_EDGE('',*,*,#464,.T.);
#403=ORIENTED_EDGE('',*,*,#619,.F.);
#404=ORIENTED_EDGE('',*,*,#463,.T.);
#405=ORIENTED_EDGE('',*,*,#620,.F.);
#406=ORIENTED_EDGE('',*,*,#621,.F.);
#407=ORIENTED_EDGE('',*,*,#619,.T.);
#408=ORIENTED_EDGE('',*,*,#462,.F.);
#409=ORIENTED_EDGE('',*,*,#622,.T.);
#410=ORIENTED_EDGE('',*,*,#623,.T.);
#411=ORIENTED_EDGE('',*,*,#620,.T.);
#412=ORIENTED_EDGE('',*,*,#617,.T.);
#413=ORIENTED_EDGE('',*,*,#621,.T.);
#414=ORIENTED_EDGE('',*,*,#623,.F.);
#415=ORIENTED_EDGE('',*,*,#504,.F.);
#416=ORIENTED_EDGE('',*,*,#466,.T.);
#417=ORIENTED_EDGE('',*,*,#624,.T.);
#418=ORIENTED_EDGE('',*,*,#525,.F.);
#419=ORIENTED_EDGE('',*,*,#568,.T.);
#420=ORIENTED_EDGE('',*,*,#526,.T.);
#421=ORIENTED_EDGE('',*,*,#625,.T.);
#422=ORIENTED_EDGE('',*,*,#460,.F.);
#423=ORIENTED_EDGE('',*,*,#453,.F.);
#424=ORIENTED_EDGE('',*,*,#622,.F.);
#425=ORIENTED_EDGE('',*,*,#461,.F.);
#426=ORIENTED_EDGE('',*,*,#625,.F.);
#427=ORIENTED_EDGE('',*,*,#505,.F.);
#428=ORIENTED_EDGE('',*,*,#624,.F.);
#429=ORIENTED_EDGE('',*,*,#465,.F.);
#430=ORIENTED_EDGE('',*,*,#618,.F.);
#431=ORIENTED_EDGE('',*,*,#507,.F.);
#432=ORIENTED_EDGE('',*,*,#605,.F.);
#433=ORIENTED_EDGE('',*,*,#473,.F.);
#434=ORIENTED_EDGE('',*,*,#616,.F.);
#435=ORIENTED_EDGE('',*,*,#510,.F.);
#436=ORIENTED_EDGE('',*,*,#613,.F.);
#437=ORIENTED_EDGE('',*,*,#469,.F.);
#438=ORIENTED_EDGE('',*,*,#607,.F.);
#439=ORIENTED_EDGE('',*,*,#512,.F.);
#440=ORIENTED_EDGE('',*,*,#602,.F.);
#441=ORIENTED_EDGE('',*,*,#479,.F.);
#442=ORIENTED_EDGE('',*,*,#603,.F.);
#443=ORIENTED_EDGE('',*,*,#515,.F.);
#444=ORIENTED_EDGE('',*,*,#604,.F.);
#445=ORIENTED_EDGE('',*,*,#475,.F.);
#446=ORIENTED_EDGE('',*,*,#606,.F.);
#447=ORIENTED_EDGE('',*,*,#502,.F.);
#448=EDGE_CURVE('',#626,#627,#750,.T.);
#449=EDGE_CURVE('',#628,#626,#751,.T.);
#450=EDGE_CURVE('',#628,#629,#752,.T.);
#451=EDGE_CURVE('',#629,#627,#753,.T.);
#452=EDGE_CURVE('',#630,#631,#754,.T.);
#453=EDGE_CURVE('',#631,#632,#755,.T.);
#454=EDGE_CURVE('',#633,#632,#756,.T.);
#455=EDGE_CURVE('',#630,#633,#757,.T.);
#456=EDGE_CURVE('',#634,#635,#758,.T.);
#457=EDGE_CURVE('',#635,#636,#759,.T.);
#458=EDGE_CURVE('',#637,#636,#760,.T.);
#459=EDGE_CURVE('',#634,#637,#761,.T.);
#460=EDGE_CURVE('',#632,#638,#762,.T.);
#461=EDGE_CURVE('',#638,#639,#46,.T.);
#462=EDGE_CURVE('',#639,#640,#763,.T.);
#463=EDGE_CURVE('',#641,#640,#764,.T.);
#464=EDGE_CURVE('',#642,#641,#765,.T.);
#465=EDGE_CURVE('',#642,#643,#47,.T.);
#466=EDGE_CURVE('',#644,#643,#766,.T.);
#467=EDGE_CURVE('',#644,#645,#767,.T.);
#468=EDGE_CURVE('',#645,#646,#768,.T.);
#469=EDGE_CURVE('',#646,#647,#48,.T.);
#470=EDGE_CURVE('',#647,#648,#769,.T.);
#471=EDGE_CURVE('',#648,#649,#770,.T.);
#472=EDGE_CURVE('',#650,#649,#771,.T.);
#473=EDGE_CURVE('',#650,#651,#49,.T.);
#474=EDGE_CURVE('',#652,#651,#772,.T.);
#475=EDGE_CURVE('',#652,#653,#50,.T.);
#476=EDGE_CURVE('',#653,#654,#773,.T.);
#477=EDGE_CURVE('',#655,#654,#774,.T.);
#478=EDGE_CURVE('',#656,#655,#775,.T.);
#479=EDGE_CURVE('',#656,#657,#51,.T.);
#480=EDGE_CURVE('',#657,#627,#776,.T.);
#481=EDGE_CURVE('',#658,#629,#777,.T.);
#482=EDGE_CURVE('',#658,#659,#778,.T.);
#483=EDGE_CURVE('',#660,#659,#779,.T.);
#484=EDGE_CURVE('',#661,#660,#780,.T.);
#485=EDGE_CURVE('',#661,#633,#781,.T.);
#486=EDGE_CURVE('',#662,#663,#782,.T.);
#487=EDGE_CURVE('',#663,#664,#783,.T.);
#488=EDGE_CURVE('',#664,#665,#784,.T.);
#489=EDGE_CURVE('',#666,#665,#785,.T.);
#490=EDGE_CURVE('',#667,#666,#786,.T.);
#491=EDGE_CURVE('',#668,#667,#787,.T.);
#492=EDGE_CURVE('',#668,#669,#788,.T.);
#493=EDGE_CURVE('',#669,#662,#789,.T.);
#494=EDGE_CURVE('',#670,#666,#790,.T.);
#495=EDGE_CURVE('',#671,#670,#791,.T.);
#496=EDGE_CURVE('',#671,#667,#792,.T.);
#497=EDGE_CURVE('',#672,#673,#793,.T.);
#498=EDGE_CURVE('',#673,#663,#794,.T.);
#499=EDGE_CURVE('',#672,#662,#795,.T.);
#500=EDGE_CURVE('',#674,#674,#52,.T.);
#501=EDGE_CURVE('',#675,#676,#53,.T.);
#502=EDGE_CURVE('',#676,#675,#54,.F.);
#503=EDGE_CURVE('',#677,#677,#55,.T.);
#504=EDGE_CURVE('',#678,#679,#56,.T.);
#505=EDGE_CURVE('',#679,#680,#57,.F.);
#506=EDGE_CURVE('',#680,#681,#58,.T.);
#507=EDGE_CURVE('',#681,#678,#59,.F.);
#508=EDGE_CURVE('',#682,#682,#60,.T.);
#509=EDGE_CURVE('',#683,#684,#61,.T.);
#510=EDGE_CURVE('',#684,#685,#62,.F.);
#511=EDGE_CURVE('',#685,#686,#63,.T.);
#512=EDGE_CURVE('',#686,#683,#64,.F.);
#513=EDGE_CURVE('',#687,#687,#65,.T.);
#514=EDGE_CURVE('',#688,#689,#66,.T.);
#515=EDGE_CURVE('',#689,#688,#67,.F.);
#516=EDGE_CURVE('',#690,#672,#796,.T.);
#517=EDGE_CURVE('',#690,#628,#797,.T.);
#518=EDGE_CURVE('',#689,#626,#798,.T.);
#519=EDGE_CURVE('',#688,#691,#799,.T.);
#520=EDGE_CURVE('',#691,#692,#800,.T.);
#521=EDGE_CURVE('',#676,#692,#801,.T.);
#522=EDGE_CURVE('',#675,#684,#802,.T.);
#523=EDGE_CURVE('',#693,#683,#803,.T.);
#524=EDGE_CURVE('',#694,#693,#804,.T.);
#525=EDGE_CURVE('',#694,#681,#805,.T.);
#526=EDGE_CURVE('',#631,#680,#806,.T.);
#527=EDGE_CURVE('',#695,#630,#807,.T.);
#528=EDGE_CURVE('',#695,#671,#808,.T.);
#529=EDGE_CURVE('',#670,#696,#809,.T.);
#530=EDGE_CURVE('',#697,#696,#810,.T.);
#531=EDGE_CURVE('',#673,#697,#811,.T.);
#532=EDGE_CURVE('',#698,#698,#68,.T.);
#533=EDGE_CURVE('',#699,#699,#69,.T.);
#534=EDGE_CURVE('',#700,#701,#812,.T.);
#535=EDGE_CURVE('',#700,#702,#813,.T.);
#536=EDGE_CURVE('',#702,#703,#814,.T.);
#537=EDGE_CURVE('',#701,#703,#815,.T.);
#538=EDGE_CURVE('',#704,#704,#70,.T.);
#539=EDGE_CURVE('',#705,#705,#71,.T.);
#540=EDGE_CURVE('',#706,#707,#816,.T.);
#541=EDGE_CURVE('',#706,#708,#817,.T.);
#542=EDGE_CURVE('',#708,#709,#818,.T.);
#543=EDGE_CURVE('',#707,#709,#819,.T.);
#544=EDGE_CURVE('',#710,#711,#820,.T.);
#545=EDGE_CURVE('',#635,#711,#821,.T.);
#546=EDGE_CURVE('',#634,#710,#822,.T.);
#547=EDGE_CURVE('',#710,#712,#823,.T.);
#548=EDGE_CURVE('',#637,#712,#824,.T.);
#549=EDGE_CURVE('',#712,#713,#825,.T.);
#550=EDGE_CURVE('',#636,#713,#826,.T.);
#551=EDGE_CURVE('',#714,#715,#827,.T.);
#552=EDGE_CURVE('',#659,#715,#828,.T.);
#553=EDGE_CURVE('',#690,#658,#829,.T.);
#554=EDGE_CURVE('',#669,#714,#830,.T.);
#555=EDGE_CURVE('',#716,#714,#831,.T.);
#556=EDGE_CURVE('',#668,#716,#832,.T.);
#557=EDGE_CURVE('',#716,#717,#833,.T.);
#558=EDGE_CURVE('',#695,#661,#834,.T.);
#559=EDGE_CURVE('',#660,#717,#835,.T.);
#560=EDGE_CURVE('',#717,#715,#836,.T.);
#561=EDGE_CURVE('',#711,#713,#837,.T.);
#562=EDGE_CURVE('',#718,#718,#72,.F.);
#563=EDGE_CURVE('',#719,#719,#73,.F.);
#564=EDGE_CURVE('',#720,#720,#74,.F.);
#565=EDGE_CURVE('',#721,#721,#75,.F.);
#566=EDGE_CURVE('',#722,#722,#76,.T.);
#567=EDGE_CURVE('',#723,#723,#77,.T.);
#568=EDGE_CURVE('',#694,#644,#838,.T.);
#569=EDGE_CURVE('',#693,#645,#839,.T.);
#570=EDGE_CURVE('',#691,#655,#840,.T.);
#571=EDGE_CURVE('',#692,#654,#841,.T.);
#572=EDGE_CURVE('',#724,#724,#78,.T.);
#573=EDGE_CURVE('',#725,#725,#79,.T.);
#574=EDGE_CURVE('',#726,#700,#842,.T.);
#575=EDGE_CURVE('',#726,#727,#843,.T.);
#576=EDGE_CURVE('',#727,#702,#844,.T.);
#577=EDGE_CURVE('',#728,#701,#845,.T.);
#578=EDGE_CURVE('',#726,#728,#846,.T.);
#579=EDGE_CURVE('',#729,#703,#847,.T.);
#580=EDGE_CURVE('',#728,#729,#848,.T.);
#581=EDGE_CURVE('',#727,#729,#849,.T.);
#582=EDGE_CURVE('',#730,#706,#850,.T.);
#583=EDGE_CURVE('',#730,#731,#851,.T.);
#584=EDGE_CURVE('',#731,#708,#852,.T.);
#585=EDGE_CURVE('',#732,#707,#853,.T.);
#586=EDGE_CURVE('',#730,#732,#854,.T.);
#587=EDGE_CURVE('',#733,#709,#855,.T.);
#588=EDGE_CURVE('',#732,#733,#856,.T.);
#589=EDGE_CURVE('',#731,#733,#857,.T.);
#590=EDGE_CURVE('',#734,#734,#80,.T.);
#591=EDGE_CURVE('',#735,#735,#81,.T.);
#592=EDGE_CURVE('',#736,#736,#82,.T.);
#593=EDGE_CURVE('',#737,#737,#83,.T.);
#594=EDGE_CURVE('',#738,#738,#84,.T.);
#595=EDGE_CURVE('',#739,#739,#85,.T.);
#596=EDGE_CURVE('',#740,#740,#86,.T.);
#597=EDGE_CURVE('',#741,#741,#87,.T.);
#598=EDGE_CURVE('',#742,#742,#88,.T.);
#599=EDGE_CURVE('',#743,#743,#89,.T.);
#600=EDGE_CURVE('',#744,#744,#90,.T.);
#601=EDGE_CURVE('',#745,#745,#91,.T.);
#602=EDGE_CURVE('',#657,#689,#18,.T.);
#603=EDGE_CURVE('',#688,#656,#19,.T.);
#604=EDGE_CURVE('',#653,#676,#20,.T.);
#605=EDGE_CURVE('',#651,#684,#21,.T.);
#606=EDGE_CURVE('',#675,#652,#22,.T.);
#607=EDGE_CURVE('',#683,#646,#23,.T.);
#608=EDGE_CURVE('',#696,#665,#858,.T.);
#609=EDGE_CURVE('',#697,#664,#859,.T.);
#610=EDGE_CURVE('',#746,#648,#860,.T.);
#611=EDGE_CURVE('',#746,#747,#861,.T.);
#612=EDGE_CURVE('',#747,#649,#862,.T.);
#613=EDGE_CURVE('',#647,#686,#24,.T.);
#614=EDGE_CURVE('',#686,#746,#863,.T.);
#615=EDGE_CURVE('',#685,#747,#864,.T.);
#616=EDGE_CURVE('',#685,#650,#25,.T.);
#617=EDGE_CURVE('',#678,#748,#865,.T.);
#618=EDGE_CURVE('',#678,#642,#26,.T.);
#619=EDGE_CURVE('',#748,#641,#866,.T.);
#620=EDGE_CURVE('',#749,#640,#867,.T.);
#621=EDGE_CURVE('',#748,#749,#868,.T.);
#622=EDGE_CURVE('',#639,#679,#27,.T.);
#623=EDGE_CURVE('',#679,#749,#869,.T.);
#624=EDGE_CURVE('',#643,#681,#28,.T.);
#625=EDGE_CURVE('',#680,#638,#29,.T.);
#626=VERTEX_POINT('',#1890);
#627=VERTEX_POINT('',#1891);
#628=VERTEX_POINT('',#1893);
#629=VERTEX_POINT('',#1895);
#630=VERTEX_POINT('',#1899);
#631=VERTEX_POINT('',#1900);
#632=VERTEX_POINT('',#1902);
#633=VERTEX_POINT('',#1904);
#634=VERTEX_POINT('',#1908);
#635=VERTEX_POINT('',#1909);
#636=VERTEX_POINT('',#1911);
#637=VERTEX_POINT('',#1913);
#638=VERTEX_POINT('',#1916);
#639=VERTEX_POINT('',#1918);
#640=VERTEX_POINT('',#1920);
#641=VERTEX_POINT('',#1922);
#642=VERTEX_POINT('',#1924);
#643=VERTEX_POINT('',#1926);
#644=VERTEX_POINT('',#1928);
#645=VERTEX_POINT('',#1930);
#646=VERTEX_POINT('',#1932);
#647=VERTEX_POINT('',#1934);
#648=VERTEX_POINT('',#1936);
#649=VERTEX_POINT('',#1938);
#650=VERTEX_POINT('',#1940);
#651=VERTEX_POINT('',#1942);
#652=VERTEX_POINT('',#1944);
#653=VERTEX_POINT('',#1946);
#654=VERTEX_POINT('',#1948);
#655=VERTEX_POINT('',#1950);
#656=VERTEX_POINT('',#1952);
#657=VERTEX_POINT('',#1954);
#658=VERTEX_POINT('',#1957);
#659=VERTEX_POINT('',#1959);
#660=VERTEX_POINT('',#1961);
#661=VERTEX_POINT('',#1963);
#662=VERTEX_POINT('',#1967);
#663=VERTEX_POINT('',#1968);
#664=VERTEX_POINT('',#1970);
#665=VERTEX_POINT('',#1972);
#666=VERTEX_POINT('',#1974);
#667=VERTEX_POINT('',#1976);
#668=VERTEX_POINT('',#1978);
#669=VERTEX_POINT('',#1980);
#670=VERTEX_POINT('',#1984);
#671=VERTEX_POINT('',#1986);
#672=VERTEX_POINT('',#1990);
#673=VERTEX_POINT('',#1991);
#674=VERTEX_POINT('',#1996);
#675=VERTEX_POINT('',#1998);
#676=VERTEX_POINT('',#1999);
#677=VERTEX_POINT('',#2003);
#678=VERTEX_POINT('',#2005);
#679=VERTEX_POINT('',#2006);
#680=VERTEX_POINT('',#2008);
#681=VERTEX_POINT('',#2010);
#682=VERTEX_POINT('',#2014);
#683=VERTEX_POINT('',#2016);
#684=VERTEX_POINT('',#2017);
#685=VERTEX_POINT('',#2019);
#686=VERTEX_POINT('',#2021);
#687=VERTEX_POINT('',#2025);
#688=VERTEX_POINT('',#2027);
#689=VERTEX_POINT('',#2028);
#690=VERTEX_POINT('',#2032);
#691=VERTEX_POINT('',#2036);
#692=VERTEX_POINT('',#2038);
#693=VERTEX_POINT('',#2042);
#694=VERTEX_POINT('',#2044);
#695=VERTEX_POINT('',#2048);
#696=VERTEX_POINT('',#2051);
#697=VERTEX_POINT('',#2053);
#698=VERTEX_POINT('',#2056);
#699=VERTEX_POINT('',#2058);
#700=VERTEX_POINT('',#2060);
#701=VERTEX_POINT('',#2061);
#702=VERTEX_POINT('',#2063);
#703=VERTEX_POINT('',#2065);
#704=VERTEX_POINT('',#2068);
#705=VERTEX_POINT('',#2070);
#706=VERTEX_POINT('',#2072);
#707=VERTEX_POINT('',#2073);
#708=VERTEX_POINT('',#2075);
#709=VERTEX_POINT('',#2077);
#710=VERTEX_POINT('',#2081);
#711=VERTEX_POINT('',#2082);
#712=VERTEX_POINT('',#2087);
#713=VERTEX_POINT('',#2091);
#714=VERTEX_POINT('',#2095);
#715=VERTEX_POINT('',#2096);
#716=VERTEX_POINT('',#2102);
#717=VERTEX_POINT('',#2106);
#718=VERTEX_POINT('',#2115);
#719=VERTEX_POINT('',#2117);
#720=VERTEX_POINT('',#2119);
#721=VERTEX_POINT('',#2121);
#722=VERTEX_POINT('',#2125);
#723=VERTEX_POINT('',#2128);
#724=VERTEX_POINT('',#2140);
#725=VERTEX_POINT('',#2143);
#726=VERTEX_POINT('',#2148);
#727=VERTEX_POINT('',#2150);
#728=VERTEX_POINT('',#2154);
#729=VERTEX_POINT('',#2158);
#730=VERTEX_POINT('',#2165);
#731=VERTEX_POINT('',#2167);
#732=VERTEX_POINT('',#2171);
#733=VERTEX_POINT('',#2175);
#734=VERTEX_POINT('',#2182);
#735=VERTEX_POINT('',#2185);
#736=VERTEX_POINT('',#2188);
#737=VERTEX_POINT('',#2191);
#738=VERTEX_POINT('',#2194);
#739=VERTEX_POINT('',#2197);
#740=VERTEX_POINT('',#2201);
#741=VERTEX_POINT('',#2204);
#742=VERTEX_POINT('',#2208);
#743=VERTEX_POINT('',#2211);
#744=VERTEX_POINT('',#2215);
#745=VERTEX_POINT('',#2218);
#746=VERTEX_POINT('',#2256);
#747=VERTEX_POINT('',#2258);
#748=VERTEX_POINT('',#2275);
#749=VERTEX_POINT('',#2283);
#750=LINE('',#1889,#870);
#751=LINE('',#1892,#871);
#752=LINE('',#1894,#872);
#753=LINE('',#1896,#873);
#754=LINE('',#1898,#874);
#755=LINE('',#1901,#875);
#756=LINE('',#1903,#876);
#757=LINE('',#1905,#877);
#758=LINE('',#1907,#878);
#759=LINE('',#1910,#879);
#760=LINE('',#1912,#880);
#761=LINE('',#1914,#881);
#762=LINE('',#1915,#882);
#763=LINE('',#1919,#883);
#764=LINE('',#1921,#884);
#765=LINE('',#1923,#885);
#766=LINE('',#1927,#886);
#767=LINE('',#1929,#887);
#768=LINE('',#1931,#888);
#769=LINE('',#1935,#889);
#770=LINE('',#1937,#890);
#771=LINE('',#1939,#891);
#772=LINE('',#1943,#892);
#773=LINE('',#1947,#893);
#774=LINE('',#1949,#894);
#775=LINE('',#1951,#895);
#776=LINE('',#1955,#896);
#777=LINE('',#1956,#897);
#778=LINE('',#1958,#898);
#779=LINE('',#1960,#899);
#780=LINE('',#1962,#900);
#781=LINE('',#1964,#901);
#782=LINE('',#1966,#902);
#783=LINE('',#1969,#903);
#784=LINE('',#1971,#904);
#785=LINE('',#1973,#905);
#786=LINE('',#1975,#906);
#787=LINE('',#1977,#907);
#788=LINE('',#1979,#908);
#789=LINE('',#1981,#909);
#790=LINE('',#1983,#910);
#791=LINE('',#1985,#911);
#792=LINE('',#1987,#912);
#793=LINE('',#1989,#913);
#794=LINE('',#1992,#914);
#795=LINE('',#1993,#915);
#796=LINE('',#2031,#916);
#797=LINE('',#2033,#917);
#798=LINE('',#2034,#918);
#799=LINE('',#2035,#919);
#800=LINE('',#2037,#920);
#801=LINE('',#2039,#921);
#802=LINE('',#2040,#922);
#803=LINE('',#2041,#923);
#804=LINE('',#2043,#924);
#805=LINE('',#2045,#925);
#806=LINE('',#2046,#926);
#807=LINE('',#2047,#927);
#808=LINE('',#2049,#928);
#809=LINE('',#2050,#929);
#810=LINE('',#2052,#930);
#811=LINE('',#2054,#931);
#812=LINE('',#2059,#932);
#813=LINE('',#2062,#933);
#814=LINE('',#2064,#934);
#815=LINE('',#2066,#935);
#816=LINE('',#2071,#936);
#817=LINE('',#2074,#937);
#818=LINE('',#2076,#938);
#819=LINE('',#2078,#939);
#820=LINE('',#2080,#940);
#821=LINE('',#2083,#941);
#822=LINE('',#2084,#942);
#823=LINE('',#2086,#943);
#824=LINE('',#2088,#944);
#825=LINE('',#2090,#945);
#826=LINE('',#2092,#946);
#827=LINE('',#2094,#947);
#828=LINE('',#2097,#948);
#829=LINE('',#2098,#949);
#830=LINE('',#2099,#950);
#831=LINE('',#2101,#951);
#832=LINE('',#2103,#952);
#833=LINE('',#2105,#953);
#834=LINE('',#2107,#954);
#835=LINE('',#2108,#955);
#836=LINE('',#2110,#956);
#837=LINE('',#2112,#957);
#838=LINE('',#2130,#958);
#839=LINE('',#2131,#959);
#840=LINE('',#2136,#960);
#841=LINE('',#2137,#961);
#842=LINE('',#2147,#962);
#843=LINE('',#2149,#963);
#844=LINE('',#2151,#964);
#845=LINE('',#2153,#965);
#846=LINE('',#2155,#966);
#847=LINE('',#2157,#967);
#848=LINE('',#2159,#968);
#849=LINE('',#2161,#969);
#850=LINE('',#2164,#970);
#851=LINE('',#2166,#971);
#852=LINE('',#2168,#972);
#853=LINE('',#2170,#973);
#854=LINE('',#2172,#974);
#855=LINE('',#2174,#975);
#856=LINE('',#2176,#976);
#857=LINE('',#2178,#977);
#858=LINE('',#2250,#978);
#859=LINE('',#2252,#979);
#860=LINE('',#2255,#980);
#861=LINE('',#2257,#981);
#862=LINE('',#2259,#982);
#863=LINE('',#2265,#983);
#864=LINE('',#2267,#984);
#865=LINE('',#2274,#985);
#866=LINE('',#2280,#986);
#867=LINE('',#2282,#987);
#868=LINE('',#2284,#988);
#869=LINE('',#2290,#989);
#870=VECTOR('',#1513,1.);
#871=VECTOR('',#1514,1.);
#872=VECTOR('',#1515,1.);
#873=VECTOR('',#1516,1.);
#874=VECTOR('',#1519,1.);
#875=VECTOR('',#1520,1.);
#876=VECTOR('',#1521,1.);
#877=VECTOR('',#1522,1.);
#878=VECTOR('',#1525,1.);
#879=VECTOR('',#1526,1.);
#880=VECTOR('',#1527,1.);
#881=VECTOR('',#1528,1.);
#882=VECTOR('',#1529,1.);
#883=VECTOR('',#1532,1.);
#884=VECTOR('',#1533,1.);
#885=VECTOR('',#1534,1.);
#886=VECTOR('',#1537,1.);
#887=VECTOR('',#1538,1.);
#888=VECTOR('',#1539,1.);
#889=VECTOR('',#1542,1.);
#890=VECTOR('',#1543,1.);
#891=VECTOR('',#1544,1.);
#892=VECTOR('',#1547,1.);
#893=VECTOR('',#1550,1.);
#894=VECTOR('',#1551,1.);
#895=VECTOR('',#1552,1.);
#896=VECTOR('',#1555,1.);
#897=VECTOR('',#1556,1.);
#898=VECTOR('',#1557,1.);
#899=VECTOR('',#1558,1.);
#900=VECTOR('',#1559,1.);
#901=VECTOR('',#1560,1.);
#902=VECTOR('',#1563,1.);
#903=VECTOR('',#1564,1.);
#904=VECTOR('',#1565,1.);
#905=VECTOR('',#1566,1.);
#906=VECTOR('',#1567,1.);
#907=VECTOR('',#1568,1.);
#908=VECTOR('',#1569,1.);
#909=VECTOR('',#1570,1.);
#910=VECTOR('',#1573,1.);
#911=VECTOR('',#1574,1.);
#912=VECTOR('',#1575,1.);
#913=VECTOR('',#1578,1.);
#914=VECTOR('',#1579,1.);
#915=VECTOR('',#1580,1.);
#916=VECTOR('',#1623,1.);
#917=VECTOR('',#1624,1.);
#918=VECTOR('',#1625,1.);
#919=VECTOR('',#1626,1.);
#920=VECTOR('',#1627,1.);
#921=VECTOR('',#1628,1.);
#922=VECTOR('',#1629,1.);
#923=VECTOR('',#1630,1.);
#924=VECTOR('',#1631,1.);
#925=VECTOR('',#1632,1.);
#926=VECTOR('',#1633,1.);
#927=VECTOR('',#1634,1.);
#928=VECTOR('',#1635,1.);
#929=VECTOR('',#1636,1.);
#930=VECTOR('',#1637,1.);
#931=VECTOR('',#1638,1.);
#932=VECTOR('',#1643,1.);
#933=VECTOR('',#1644,1.);
#934=VECTOR('',#1645,1.);
#935=VECTOR('',#1646,1.);
#936=VECTOR('',#1651,1.);
#937=VECTOR('',#1652,1.);
#938=VECTOR('',#1653,1.);
#939=VECTOR('',#1654,1.);
#940=VECTOR('',#1657,1.);
#941=VECTOR('',#1658,1.);
#942=VECTOR('',#1659,1.);
#943=VECTOR('',#1662,1.);
#944=VECTOR('',#1663,1.);
#945=VECTOR('',#1666,1.);
#946=VECTOR('',#1667,1.);
#947=VECTOR('',#1670,1.);
#948=VECTOR('',#1671,1.);
#949=VECTOR('',#1672,1.);
#950=VECTOR('',#1673,1.);
#951=VECTOR('',#1676,1.);
#952=VECTOR('',#1677,1.);
#953=VECTOR('',#1680,1.);
#954=VECTOR('',#1681,1.);
#955=VECTOR('',#1682,1.);
#956=VECTOR('',#1685,1.);
#957=VECTOR('',#1688,1.);
#958=VECTOR('',#1711,1.);
#959=VECTOR('',#1712,1.);
#960=VECTOR('',#1721,1.);
#961=VECTOR('',#1722,1.);
#962=VECTOR('',#1737,1.);
#963=VECTOR('',#1738,1.);
#964=VECTOR('',#1739,1.);
#965=VECTOR('',#1742,1.);
#966=VECTOR('',#1743,1.);
#967=VECTOR('',#1746,1.);
#968=VECTOR('',#1747,1.);
#969=VECTOR('',#1750,1.);
#970=VECTOR('',#1755,1.);
#971=VECTOR('',#1756,1.);
#972=VECTOR('',#1757,1.);
#973=VECTOR('',#1760,1.);
#974=VECTOR('',#1761,1.);
#975=VECTOR('',#1764,1.);
#976=VECTOR('',#1765,1.);
#977=VECTOR('',#1768,1.);
#978=VECTOR('',#1839,1.);
#979=VECTOR('',#1842,1.);
#980=VECTOR('',#1847,1.);
#981=VECTOR('',#1848,1.);
#982=VECTOR('',#1849,1.);
#983=VECTOR('',#1852,1.);
#984=VECTOR('',#1855,1.);
#985=VECTOR('',#1860,1.);
#986=VECTOR('',#1861,1.);
#987=VECTOR('',#1864,1.);
#988=VECTOR('',#1865,1.);
#989=VECTOR('',#1868,1.);
#990=EDGE_LOOP('',(#92,#93,#94,#95));
#991=EDGE_LOOP('',(#96,#97,#98,#99));
#992=EDGE_LOOP('',(#100,#101,#102,#103));
#993=EDGE_LOOP('',(#104,#105,#106,#107,#108,#109,#110,#111,#112,#113,#114,
#115,#116,#117,#118,#119,#120,#121,#122,#123,#124,#125,#126,#127,#128,#129,
#130,#131));
#994=EDGE_LOOP('',(#132,#133,#134,#135,#136,#137,#138,#139));
#995=EDGE_LOOP('',(#140,#141,#142,#143));
#996=EDGE_LOOP('',(#144,#145,#146,#147));
#997=EDGE_LOOP('',(#148));
#998=EDGE_LOOP('',(#149,#150));
#999=EDGE_LOOP('',(#151));
#1000=EDGE_LOOP('',(#152,#153,#154,#155));
#1001=EDGE_LOOP('',(#156));
#1002=EDGE_LOOP('',(#157,#158,#159,#160));
#1003=EDGE_LOOP('',(#161));
#1004=EDGE_LOOP('',(#162,#163));
#1005=EDGE_LOOP('',(#164,#165,#166,#167,#168,#169,#170,#171,#172,#173,#174,
#175,#176,#177,#178,#179,#180,#181,#182,#183,#184,#185,#186,#187));
#1006=EDGE_LOOP('',(#188));
#1007=EDGE_LOOP('',(#189));
#1008=EDGE_LOOP('',(#190,#191,#192,#193));
#1009=EDGE_LOOP('',(#194));
#1010=EDGE_LOOP('',(#195));
#1011=EDGE_LOOP('',(#196,#197,#198,#199));
#1012=EDGE_LOOP('',(#200,#201,#202,#203));
#1013=EDGE_LOOP('',(#204,#205,#206,#207));
#1014=EDGE_LOOP('',(#208,#209,#210,#211));
#1015=EDGE_LOOP('',(#212,#213,#214,#215,#216,#217,#218,#219));
#1016=EDGE_LOOP('',(#220,#221,#222,#223));
#1017=EDGE_LOOP('',(#224,#225,#226,#227,#228,#229,#230,#231));
#1018=EDGE_LOOP('',(#232,#233,#234,#235));
#1019=EDGE_LOOP('',(#236,#237,#238,#239));
#1020=EDGE_LOOP('',(#240));
#1021=EDGE_LOOP('',(#241));
#1022=EDGE_LOOP('',(#242));
#1023=EDGE_LOOP('',(#243));
#1024=EDGE_LOOP('',(#244,#245,#246,#247));
#1025=EDGE_LOOP('',(#248,#249,#250,#251));
#1026=EDGE_LOOP('',(#252,#253,#254,#255));
#1027=EDGE_LOOP('',(#256));
#1028=EDGE_LOOP('',(#257));
#1029=EDGE_LOOP('',(#258));
#1030=EDGE_LOOP('',(#259));
#1031=EDGE_LOOP('',(#260,#261,#262,#263));
#1032=EDGE_LOOP('',(#264));
#1033=EDGE_LOOP('',(#265));
#1034=EDGE_LOOP('',(#266,#267,#268,#269));
#1035=EDGE_LOOP('',(#270,#271,#272,#273));
#1036=EDGE_LOOP('',(#274));
#1037=EDGE_LOOP('',(#275));
#1038=EDGE_LOOP('',(#276));
#1039=EDGE_LOOP('',(#277));
#1040=EDGE_LOOP('',(#278));
#1041=EDGE_LOOP('',(#279));
#1042=EDGE_LOOP('',(#280,#281,#282,#283));
#1043=EDGE_LOOP('',(#284,#285,#286,#287));
#1044=EDGE_LOOP('',(#288,#289,#290,#291));
#1045=EDGE_LOOP('',(#292,#293,#294,#295));
#1046=EDGE_LOOP('',(#296,#297,#298,#299));
#1047=EDGE_LOOP('',(#300,#301,#302,#303));
#1048=EDGE_LOOP('',(#304,#305,#306,#307));
#1049=EDGE_LOOP('',(#308,#309,#310,#311));
#1050=EDGE_LOOP('',(#312,#313,#314,#315));
#1051=EDGE_LOOP('',(#316,#317,#318,#319));
#1052=EDGE_LOOP('',(#320));
#1053=EDGE_LOOP('',(#321));
#1054=EDGE_LOOP('',(#322));
#1055=EDGE_LOOP('',(#323));
#1056=EDGE_LOOP('',(#324));
#1057=EDGE_LOOP('',(#325));
#1058=EDGE_LOOP('',(#326));
#1059=EDGE_LOOP('',(#327));
#1060=EDGE_LOOP('',(#328));
#1061=EDGE_LOOP('',(#329));
#1062=EDGE_LOOP('',(#330));
#1063=EDGE_LOOP('',(#331));
#1064=EDGE_LOOP('',(#332));
#1065=EDGE_LOOP('',(#333));
#1066=EDGE_LOOP('',(#334));
#1067=EDGE_LOOP('',(#335));
#1068=EDGE_LOOP('',(#336));
#1069=EDGE_LOOP('',(#337));
#1070=EDGE_LOOP('',(#338));
#1071=EDGE_LOOP('',(#339));
#1072=EDGE_LOOP('',(#340));
#1073=EDGE_LOOP('',(#341));
#1074=EDGE_LOOP('',(#342));
#1075=EDGE_LOOP('',(#343));
#1076=EDGE_LOOP('',(#344));
#1077=EDGE_LOOP('',(#345));
#1078=EDGE_LOOP('',(#346));
#1079=EDGE_LOOP('',(#347));
#1080=EDGE_LOOP('',(#348));
#1081=EDGE_LOOP('',(#349));
#1082=EDGE_LOOP('',(#350));
#1083=EDGE_LOOP('',(#351));
#1084=EDGE_LOOP('',(#352,#353,#354,#355));
#1085=EDGE_LOOP('',(#356,#357,#358,#359));
#1086=EDGE_LOOP('',(#360,#361,#362,#363));
#1087=EDGE_LOOP('',(#364,#365,#366,#367));
#1088=EDGE_LOOP('',(#368,#369,#370,#371));
#1089=EDGE_LOOP('',(#372,#373,#374,#375));
#1090=EDGE_LOOP('',(#376,#377,#378,#379));
#1091=EDGE_LOOP('',(#380,#381,#382,#383));
#1092=EDGE_LOOP('',(#384,#385,#386,#387));
#1093=EDGE_LOOP('',(#388,#389,#390,#391));
#1094=EDGE_LOOP('',(#392,#393,#394,#395));
#1095=EDGE_LOOP('',(#396,#397,#398,#399));
#1096=EDGE_LOOP('',(#400,#401,#402,#403));
#1097=EDGE_LOOP('',(#404,#405,#406,#407));
#1098=EDGE_LOOP('',(#408,#409,#410,#411));
#1099=EDGE_LOOP('',(#412,#413,#414,#415));
#1100=EDGE_LOOP('',(#416,#417,#418,#419));
#1101=EDGE_LOOP('',(#420,#421,#422,#423));
#1102=EDGE_LOOP('',(#424,#425,#426,#427));
#1103=EDGE_LOOP('',(#428,#429,#430,#431));
#1104=EDGE_LOOP('',(#432,#433,#434,#435));
#1105=EDGE_LOOP('',(#436,#437,#438,#439));
#1106=EDGE_LOOP('',(#440,#441,#442,#443));
#1107=EDGE_LOOP('',(#444,#445,#446,#447));
#1108=FACE_BOUND('',#990,.T.);
#1109=FACE_BOUND('',#991,.T.);
#1110=FACE_BOUND('',#992,.T.);
#1111=FACE_BOUND('',#993,.T.);
#1112=FACE_BOUND('',#994,.T.);
#1113=FACE_BOUND('',#995,.T.);
#1114=FACE_BOUND('',#996,.T.);
#1115=FACE_BOUND('',#997,.T.);
#1116=FACE_BOUND('',#998,.T.);
#1117=FACE_BOUND('',#999,.T.);
#1118=FACE_BOUND('',#1000,.T.);
#1119=FACE_BOUND('',#1001,.T.);
#1120=FACE_BOUND('',#1002,.T.);
#1121=FACE_BOUND('',#1003,.T.);
#1122=FACE_BOUND('',#1004,.T.);
#1123=FACE_BOUND('',#1005,.T.);
#1124=FACE_BOUND('',#1006,.T.);
#1125=FACE_BOUND('',#1007,.T.);
#1126=FACE_BOUND('',#1008,.T.);
#1127=FACE_BOUND('',#1009,.T.);
#1128=FACE_BOUND('',#1010,.T.);
#1129=FACE_BOUND('',#1011,.T.);
#1130=FACE_BOUND('',#1012,.T.);
#1131=FACE_BOUND('',#1013,.T.);
#1132=FACE_BOUND('',#1014,.T.);
#1133=FACE_BOUND('',#1015,.T.);
#1134=FACE_BOUND('',#1016,.T.);
#1135=FACE_BOUND('',#1017,.T.);
#1136=FACE_BOUND('',#1018,.T.);
#1137=FACE_BOUND('',#1019,.T.);
#1138=FACE_BOUND('',#1020,.T.);
#1139=FACE_BOUND('',#1021,.T.);
#1140=FACE_BOUND('',#1022,.T.);
#1141=FACE_BOUND('',#1023,.T.);
#1142=FACE_BOUND('',#1024,.T.);
#1143=FACE_BOUND('',#1025,.T.);
#1144=FACE_BOUND('',#1026,.T.);
#1145=FACE_BOUND('',#1027,.T.);
#1146=FACE_BOUND('',#1028,.T.);
#1147=FACE_BOUND('',#1029,.T.);
#1148=FACE_BOUND('',#1030,.T.);
#1149=FACE_BOUND('',#1031,.T.);
#1150=FACE_BOUND('',#1032,.T.);
#1151=FACE_BOUND('',#1033,.T.);
#1152=FACE_BOUND('',#1034,.T.);
#1153=FACE_BOUND('',#1035,.T.);
#1154=FACE_BOUND('',#1036,.T.);
#1155=FACE_BOUND('',#1037,.T.);
#1156=FACE_BOUND('',#1038,.T.);
#1157=FACE_BOUND('',#1039,.T.);
#1158=FACE_BOUND('',#1040,.T.);
#1159=FACE_BOUND('',#1041,.T.);
#1160=FACE_BOUND('',#1042,.T.);
#1161=FACE_BOUND('',#1043,.T.);
#1162=FACE_BOUND('',#1044,.T.);
#1163=FACE_BOUND('',#1045,.T.);
#1164=FACE_BOUND('',#1046,.T.);
#1165=FACE_BOUND('',#1047,.T.);
#1166=FACE_BOUND('',#1048,.T.);
#1167=FACE_BOUND('',#1049,.T.);
#1168=FACE_BOUND('',#1050,.T.);
#1169=FACE_BOUND('',#1051,.T.);
#1170=FACE_BOUND('',#1052,.T.);
#1171=FACE_BOUND('',#1053,.T.);
#1172=FACE_BOUND('',#1054,.T.);
#1173=FACE_BOUND('',#1055,.T.);
#1174=FACE_BOUND('',#1056,.T.);
#1175=FACE_BOUND('',#1057,.T.);
#1176=FACE_BOUND('',#1058,.T.);
#1177=FACE_BOUND('',#1059,.T.);
#1178=FACE_BOUND('',#1060,.T.);
#1179=FACE_BOUND('',#1061,.T.);
#1180=FACE_BOUND('',#1062,.T.);
#1181=FACE_BOUND('',#1063,.T.);
#1182=FACE_BOUND('',#1064,.T.);
#1183=FACE_BOUND('',#1065,.T.);
#1184=FACE_BOUND('',#1066,.T.);
#1185=FACE_BOUND('',#1067,.T.);
#1186=FACE_BOUND('',#1068,.T.);
#1187=FACE_BOUND('',#1069,.T.);
#1188=FACE_BOUND('',#1070,.T.);
#1189=FACE_BOUND('',#1071,.T.);
#1190=FACE_BOUND('',#1072,.T.);
#1191=FACE_BOUND('',#1073,.T.);
#1192=FACE_BOUND('',#1074,.T.);
#1193=FACE_BOUND('',#1075,.T.);
#1194=FACE_BOUND('',#1076,.T.);
#1195=FACE_BOUND('',#1077,.T.);
#1196=FACE_BOUND('',#1078,.T.);
#1197=FACE_BOUND('',#1079,.T.);
#1198=FACE_BOUND('',#1080,.T.);
#1199=FACE_BOUND('',#1081,.T.);
#1200=FACE_BOUND('',#1082,.T.);
#1201=FACE_BOUND('',#1083,.T.);
#1202=FACE_BOUND('',#1084,.T.);
#1203=FACE_BOUND('',#1085,.T.);
#1204=FACE_BOUND('',#1086,.T.);
#1205=FACE_BOUND('',#1087,.T.);
#1206=FACE_BOUND('',#1088,.T.);
#1207=FACE_BOUND('',#1089,.T.);
#1208=FACE_BOUND('',#1090,.T.);
#1209=FACE_BOUND('',#1091,.T.);
#1210=FACE_BOUND('',#1092,.T.);
#1211=FACE_BOUND('',#1093,.T.);
#1212=FACE_BOUND('',#1094,.T.);
#1213=FACE_BOUND('',#1095,.T.);
#1214=FACE_BOUND('',#1096,.T.);
#1215=FACE_BOUND('',#1097,.T.);
#1216=FACE_BOUND('',#1098,.T.);
#1217=FACE_BOUND('',#1099,.T.);
#1218=FACE_BOUND('',#1100,.T.);
#1219=FACE_BOUND('',#1101,.T.);
#1220=FACE_BOUND('',#1102,.T.);
#1221=FACE_BOUND('',#1103,.T.);
#1222=FACE_BOUND('',#1104,.T.);
#1223=FACE_BOUND('',#1105,.T.);
#1224=FACE_BOUND('',#1106,.T.);
#1225=FACE_BOUND('',#1107,.T.);
#1226=PLANE('',#1381);
#1227=PLANE('',#1382);
#1228=PLANE('',#1383);
#1229=PLANE('',#1390);
#1230=PLANE('',#1391);
#1231=PLANE('',#1392);
#1232=PLANE('',#1413);
#1233=PLANE('',#1418);
#1234=PLANE('',#1419);
#1235=PLANE('',#1420);
#1236=PLANE('',#1421);
#1237=PLANE('',#1422);
#1238=PLANE('',#1423);
#1239=PLANE('',#1424);
#1240=PLANE('',#1425);
#1241=PLANE('',#1426);
#1242=PLANE('',#1431);
#1243=PLANE('',#1436);
#1244=PLANE('',#1437);
#1245=PLANE('',#1438);
#1246=PLANE('',#1439);
#1247=PLANE('',#1440);
#1248=PLANE('',#1445);
#1249=PLANE('',#1446);
#1250=PLANE('',#1447);
#1251=PLANE('',#1448);
#1252=PLANE('',#1449);
#1253=PLANE('',#1450);
#1254=PLANE('',#1451);
#1255=PLANE('',#1452);
#1256=PLANE('',#1453);
#1257=PLANE('',#1454);
#1258=PLANE('',#1455);
#1259=PLANE('',#1456);
#1260=PLANE('',#1465);
#1261=PLANE('',#1469);
#1262=PLANE('',#1470);
#1263=PLANE('',#1474);
#1264=PLANE('',#1475);
#1265=PLANE('',#1479);
#1266=PLANE('',#1480);
#1267=PLANE('',#1484);
#1268=PLANE('',#1485);
#1269=PLANE('',#1486);
#1270=PLANE('',#1487);
#1271=PLANE('',#1488);
#1272=PLANE('',#1489);
#1273=PLANE('',#1490);
#1274=PLANE('',#1491);
#1275=PLANE('',#1492);
#1276=PLANE('',#1493);
#1277=PLANE('',#1494);
#1278=PLANE('',#1495);
#1279=PLANE('',#1496);
#1280=PLANE('',#1497);
#1281=PLANE('',#1498);
#1282=PLANE('',#1499);
#1283=PLANE('',#1500);
#1284=PLANE('',#1501);
#1285=PLANE('',#1502);
#1286=ADVANCED_FACE('',(#1108),#1226,.F.);
#1287=ADVANCED_FACE('',(#1109),#1227,.T.);
#1288=ADVANCED_FACE('',(#1110,#1111),#1228,.F.);
#1289=ADVANCED_FACE('',(#1112),#1229,.F.);
#1290=ADVANCED_FACE('',(#1113),#1230,.F.);
#1291=ADVANCED_FACE('',(#1114),#1231,.T.);
#1292=ADVANCED_FACE('',(#1115,#1116),#30,.T.);
#1293=ADVANCED_FACE('',(#1117,#1118),#31,.T.);
#1294=ADVANCED_FACE('',(#1119,#1120),#32,.T.);
#1295=ADVANCED_FACE('',(#1121,#1122),#33,.T.);
#1296=ADVANCED_FACE('',(#1123,#1124,#1125,#1126,#1127,#1128,#1129),#1232,
 .T.);
#1297=ADVANCED_FACE('',(#1130),#1233,.F.);
#1298=ADVANCED_FACE('',(#1131),#1234,.T.);
#1299=ADVANCED_FACE('',(#1132),#1235,.T.);
#1300=ADVANCED_FACE('',(#1133),#1236,.F.);
#1301=ADVANCED_FACE('',(#1134),#1237,.F.);
#1302=ADVANCED_FACE('',(#1135),#1238,.T.);
#1303=ADVANCED_FACE('',(#1136),#1239,.T.);
#1304=ADVANCED_FACE('',(#1137),#1240,.F.);
#1305=ADVANCED_FACE('',(#1138,#1139,#1140,#1141,#1142,#1143),#1241,.T.);
#1306=ADVANCED_FACE('',(#1144),#1242,.T.);
#1307=ADVANCED_FACE('',(#1145,#1146),#34,.F.);
#1308=ADVANCED_FACE('',(#1147,#1148),#35,.F.);
#1309=ADVANCED_FACE('',(#1149),#1243,.T.);
#1310=ADVANCED_FACE('',(#1150),#1244,.F.);
#1311=ADVANCED_FACE('',(#1151),#1245,.F.);
#1312=ADVANCED_FACE('',(#1152),#1246,.F.);
#1313=ADVANCED_FACE('',(#1153),#1247,.F.);
#1314=ADVANCED_FACE('',(#1154,#1155),#36,.F.);
#1315=ADVANCED_FACE('',(#1156,#1157),#37,.F.);
#1316=ADVANCED_FACE('',(#1158),#1248,.F.);
#1317=ADVANCED_FACE('',(#1159),#1249,.F.);
#1318=ADVANCED_FACE('',(#1160),#1250,.T.);
#1319=ADVANCED_FACE('',(#1161),#1251,.F.);
#1320=ADVANCED_FACE('',(#1162),#1252,.F.);
#1321=ADVANCED_FACE('',(#1163),#1253,.T.);
#1322=ADVANCED_FACE('',(#1164),#1254,.T.);
#1323=ADVANCED_FACE('',(#1165),#1255,.T.);
#1324=ADVANCED_FACE('',(#1166),#1256,.F.);
#1325=ADVANCED_FACE('',(#1167),#1257,.F.);
#1326=ADVANCED_FACE('',(#1168),#1258,.T.);
#1327=ADVANCED_FACE('',(#1169),#1259,.T.);
#1328=ADVANCED_FACE('',(#1170,#1171),#38,.F.);
#1329=ADVANCED_FACE('',(#1172,#1173),#39,.F.);
#1330=ADVANCED_FACE('',(#1174,#1175),#40,.F.);
#1331=ADVANCED_FACE('',(#1176,#1177),#41,.F.);
#1332=ADVANCED_FACE('',(#1178,#1179),#1260,.F.);
#1333=ADVANCED_FACE('',(#1180,#1181),#42,.F.);
#1334=ADVANCED_FACE('',(#1182,#1183),#1261,.T.);
#1335=ADVANCED_FACE('',(#1184,#1185),#1262,.F.);
#1336=ADVANCED_FACE('',(#1186,#1187),#43,.F.);
#1337=ADVANCED_FACE('',(#1188,#1189),#1263,.T.);
#1338=ADVANCED_FACE('',(#1190,#1191),#1264,.F.);
#1339=ADVANCED_FACE('',(#1192,#1193),#44,.F.);
#1340=ADVANCED_FACE('',(#1194,#1195),#1265,.T.);
#1341=ADVANCED_FACE('',(#1196,#1197),#1266,.F.);
#1342=ADVANCED_FACE('',(#1198,#1199),#45,.F.);
#1343=ADVANCED_FACE('',(#1200,#1201),#1267,.T.);
#1344=ADVANCED_FACE('',(#1202),#1268,.T.);
#1345=ADVANCED_FACE('',(#1203),#1269,.F.);
#1346=ADVANCED_FACE('',(#1204),#1270,.T.);
#1347=ADVANCED_FACE('',(#1205),#1271,.F.);
#1348=ADVANCED_FACE('',(#1206),#1272,.T.);
#1349=ADVANCED_FACE('',(#1207),#1273,.F.);
#1350=ADVANCED_FACE('',(#1208),#1274,.T.);
#1351=ADVANCED_FACE('',(#1209),#1275,.T.);
#1352=ADVANCED_FACE('',(#1210),#1276,.T.);
#1353=ADVANCED_FACE('',(#1211),#1277,.T.);
#1354=ADVANCED_FACE('',(#1212),#1278,.F.);
#1355=ADVANCED_FACE('',(#1213),#1279,.T.);
#1356=ADVANCED_FACE('',(#1214),#1280,.F.);
#1357=ADVANCED_FACE('',(#1215),#1281,.F.);
#1358=ADVANCED_FACE('',(#1216),#1282,.T.);
#1359=ADVANCED_FACE('',(#1217),#1283,.T.);
#1360=ADVANCED_FACE('',(#1218),#1284,.F.);
#1361=ADVANCED_FACE('',(#1219),#1285,.T.);
#1362=ADVANCED_FACE('',(#1220),#12,.T.);
#1363=ADVANCED_FACE('',(#1221),#13,.T.);
#1364=ADVANCED_FACE('',(#1222),#14,.T.);
#1365=ADVANCED_FACE('',(#1223),#15,.T.);
#1366=ADVANCED_FACE('',(#1224),#16,.T.);
#1367=ADVANCED_FACE('',(#1225),#17,.T.);
#1368=CLOSED_SHELL('',(#1286,#1287,#1288,#1289,#1290,#1291,#1292,#1293,
#1294,#1295,#1296,#1297,#1298,#1299,#1300,#1301,#1302,#1303,#1304,#1305,
#1306,#1307,#1308,#1309,#1310,#1311,#1312,#1313,#1314,#1315,#1316,#1317,
#1318,#1319,#1320,#1321,#1322,#1323,#1324,#1325,#1326,#1327,#1328,#1329,
#1330,#1331,#1332,#1333,#1334,#1335,#1336,#1337,#1338,#1339,#1340,#1341,
#1342,#1343,#1344,#1345,#1346,#1347,#1348,#1349,#1350,#1351,#1352,#1353,
#1354,#1355,#1356,#1357,#1358,#1359,#1360,#1361,#1362,#1363,#1364,#1365,
#1366,#1367));
#1369=STYLED_ITEM('',(#1370),#1377);
#1370=PRESENTATION_STYLE_ASSIGNMENT((#1371));
#1371=SURFACE_STYLE_USAGE(.BOTH.,#1372);
#1372=SURFACE_SIDE_STYLE('',(#1373));
#1373=SURFACE_STYLE_FILL_AREA(#1374);
#1374=FILL_AREA_STYLE('',(#1375));
#1375=FILL_AREA_STYLE_COLOUR('',#1376);
#1376=COLOUR_RGB('',0.372549019607843,0.654901960784314,0.23921568627451);
#1377=MANIFOLD_SOLID_BREP('Part 1',#1368);
#1378=SHAPE_DEFINITION_REPRESENTATION(#2314,#1379);
#1379=SHAPE_REPRESENTATION('Part 1',(#1380),#2309);
#1380=AXIS2_PLACEMENT_3D('',#1887,#1509,#1510);
#1381=AXIS2_PLACEMENT_3D('',#1888,#1511,#1512);
#1382=AXIS2_PLACEMENT_3D('',#1897,#1517,#1518);
#1383=AXIS2_PLACEMENT_3D('',#1906,#1523,#1524);
#1384=AXIS2_PLACEMENT_3D('',#1917,#1530,#1531);
#1385=AXIS2_PLACEMENT_3D('',#1925,#1535,#1536);
#1386=AXIS2_PLACEMENT_3D('',#1933,#1540,#1541);
#1387=AXIS2_PLACEMENT_3D('',#1941,#1545,#1546);
#1388=AXIS2_PLACEMENT_3D('',#1945,#1548,#1549);
#1389=AXIS2_PLACEMENT_3D('',#1953,#1553,#1554);
#1390=AXIS2_PLACEMENT_3D('',#1965,#1561,#1562);
#1391=AXIS2_PLACEMENT_3D('',#1982,#1571,#1572);
#1392=AXIS2_PLACEMENT_3D('',#1988,#1576,#1577);
#1393=AXIS2_PLACEMENT_3D('',#1994,#1581,#1582);
#1394=AXIS2_PLACEMENT_3D('',#1995,#1583,#1584);
#1395=AXIS2_PLACEMENT_3D('',#1997,#1585,#1586);
#1396=AXIS2_PLACEMENT_3D('',#2000,#1587,#1588);
#1397=AXIS2_PLACEMENT_3D('',#2001,#1589,#1590);
#1398=AXIS2_PLACEMENT_3D('',#2002,#1591,#1592);
#1399=AXIS2_PLACEMENT_3D('',#2004,#1593,#1594);
#1400=AXIS2_PLACEMENT_3D('',#2007,#1595,#1596);
#1401=AXIS2_PLACEMENT_3D('',#2009,#1597,#1598);
#1402=AXIS2_PLACEMENT_3D('',#2011,#1599,#1600);
#1403=AXIS2_PLACEMENT_3D('',#2012,#1601,#1602);
#1404=AXIS2_PLACEMENT_3D('',#2013,#1603,#1604);
#1405=AXIS2_PLACEMENT_3D('',#2015,#1605,#1606);
#1406=AXIS2_PLACEMENT_3D('',#2018,#1607,#1608);
#1407=AXIS2_PLACEMENT_3D('',#2020,#1609,#1610);
#1408=AXIS2_PLACEMENT_3D('',#2022,#1611,#1612);
#1409=AXIS2_PLACEMENT_3D('',#2023,#1613,#1614);
#1410=AXIS2_PLACEMENT_3D('',#2024,#1615,#1616);
#1411=AXIS2_PLACEMENT_3D('',#2026,#1617,#1618);
#1412=AXIS2_PLACEMENT_3D('',#2029,#1619,#1620);
#1413=AXIS2_PLACEMENT_3D('',#2030,#1621,#1622);
#1414=AXIS2_PLACEMENT_3D('',#2055,#1639,#1640);
#1415=AXIS2_PLACEMENT_3D('',#2057,#1641,#1642);
#1416=AXIS2_PLACEMENT_3D('',#2067,#1647,#1648);
#1417=AXIS2_PLACEMENT_3D('',#2069,#1649,#1650);
#1418=AXIS2_PLACEMENT_3D('',#2079,#1655,#1656);
#1419=AXIS2_PLACEMENT_3D('',#2085,#1660,#1661);
#1420=AXIS2_PLACEMENT_3D('',#2089,#1664,#1665);
#1421=AXIS2_PLACEMENT_3D('',#2093,#1668,#1669);
#1422=AXIS2_PLACEMENT_3D('',#2100,#1674,#1675);
#1423=AXIS2_PLACEMENT_3D('',#2104,#1678,#1679);
#1424=AXIS2_PLACEMENT_3D('',#2109,#1683,#1684);
#1425=AXIS2_PLACEMENT_3D('',#2111,#1686,#1687);
#1426=AXIS2_PLACEMENT_3D('',#2113,#1689,#1690);
#1427=AXIS2_PLACEMENT_3D('',#2114,#1691,#1692);
#1428=AXIS2_PLACEMENT_3D('',#2116,#1693,#1694);
#1429=AXIS2_PLACEMENT_3D('',#2118,#1695,#1696);
#1430=AXIS2_PLACEMENT_3D('',#2120,#1697,#1698);
#1431=AXIS2_PLACEMENT_3D('',#2122,#1699,#1700);
#1432=AXIS2_PLACEMENT_3D('',#2123,#1701,#1702);
#1433=AXIS2_PLACEMENT_3D('',#2124,#1703,#1704);
#1434=AXIS2_PLACEMENT_3D('',#2126,#1705,#1706);
#1435=AXIS2_PLACEMENT_3D('',#2127,#1707,#1708);
#1436=AXIS2_PLACEMENT_3D('',#2129,#1709,#1710);
#1437=AXIS2_PLACEMENT_3D('',#2132,#1713,#1714);
#1438=AXIS2_PLACEMENT_3D('',#2133,#1715,#1716);
#1439=AXIS2_PLACEMENT_3D('',#2134,#1717,#1718);
#1440=AXIS2_PLACEMENT_3D('',#2135,#1719,#1720);
#1441=AXIS2_PLACEMENT_3D('',#2138,#1723,#1724);
#1442=AXIS2_PLACEMENT_3D('',#2139,#1725,#1726);
#1443=AXIS2_PLACEMENT_3D('',#2141,#1727,#1728);
#1444=AXIS2_PLACEMENT_3D('',#2142,#1729,#1730);
#1445=AXIS2_PLACEMENT_3D('',#2144,#1731,#1732);
#1446=AXIS2_PLACEMENT_3D('',#2145,#1733,#1734);
#1447=AXIS2_PLACEMENT_3D('',#2146,#1735,#1736);
#1448=AXIS2_PLACEMENT_3D('',#2152,#1740,#1741);
#1449=AXIS2_PLACEMENT_3D('',#2156,#1744,#1745);
#1450=AXIS2_PLACEMENT_3D('',#2160,#1748,#1749);
#1451=AXIS2_PLACEMENT_3D('',#2162,#1751,#1752);
#1452=AXIS2_PLACEMENT_3D('',#2163,#1753,#1754);
#1453=AXIS2_PLACEMENT_3D('',#2169,#1758,#1759);
#1454=AXIS2_PLACEMENT_3D('',#2173,#1762,#1763);
#1455=AXIS2_PLACEMENT_3D('',#2177,#1766,#1767);
#1456=AXIS2_PLACEMENT_3D('',#2179,#1769,#1770);
#1457=AXIS2_PLACEMENT_3D('',#2180,#1771,#1772);
#1458=AXIS2_PLACEMENT_3D('',#2181,#1773,#1774);
#1459=AXIS2_PLACEMENT_3D('',#2183,#1775,#1776);
#1460=AXIS2_PLACEMENT_3D('',#2184,#1777,#1778);
#1461=AXIS2_PLACEMENT_3D('',#2186,#1779,#1780);
#1462=AXIS2_PLACEMENT_3D('',#2187,#1781,#1782);
#1463=AXIS2_PLACEMENT_3D('',#2189,#1783,#1784);
#1464=AXIS2_PLACEMENT_3D('',#2190,#1785,#1786);
#1465=AXIS2_PLACEMENT_3D('',#2192,#1787,#1788);
#1466=AXIS2_PLACEMENT_3D('',#2193,#1789,#1790);
#1467=AXIS2_PLACEMENT_3D('',#2195,#1791,#1792);
#1468=AXIS2_PLACEMENT_3D('',#2196,#1793,#1794);
#1469=AXIS2_PLACEMENT_3D('',#2198,#1795,#1796);
#1470=AXIS2_PLACEMENT_3D('',#2199,#1797,#1798);
#1471=AXIS2_PLACEMENT_3D('',#2200,#1799,#1800);
#1472=AXIS2_PLACEMENT_3D('',#2202,#1801,#1802);
#1473=AXIS2_PLACEMENT_3D('',#2203,#1803,#1804);
#1474=AXIS2_PLACEMENT_3D('',#2205,#1805,#1806);
#1475=AXIS2_PLACEMENT_3D('',#2206,#1807,#1808);
#1476=AXIS2_PLACEMENT_3D('',#2207,#1809,#1810);
#1477=AXIS2_PLACEMENT_3D('',#2209,#1811,#1812);
#1478=AXIS2_PLACEMENT_3D('',#2210,#1813,#1814);
#1479=AXIS2_PLACEMENT_3D('',#2212,#1815,#1816);
#1480=AXIS2_PLACEMENT_3D('',#2213,#1817,#1818);
#1481=AXIS2_PLACEMENT_3D('',#2214,#1819,#1820);
#1482=AXIS2_PLACEMENT_3D('',#2216,#1821,#1822);
#1483=AXIS2_PLACEMENT_3D('',#2217,#1823,#1824);
#1484=AXIS2_PLACEMENT_3D('',#2219,#1825,#1826);
#1485=AXIS2_PLACEMENT_3D('',#2220,#1827,#1828);
#1486=AXIS2_PLACEMENT_3D('',#2225,#1829,#1830);
#1487=AXIS2_PLACEMENT_3D('',#2230,#1831,#1832);
#1488=AXIS2_PLACEMENT_3D('',#2235,#1833,#1834);
#1489=AXIS2_PLACEMENT_3D('',#2244,#1835,#1836);
#1490=AXIS2_PLACEMENT_3D('',#2249,#1837,#1838);
#1491=AXIS2_PLACEMENT_3D('',#2251,#1840,#1841);
#1492=AXIS2_PLACEMENT_3D('',#2253,#1843,#1844);
#1493=AXIS2_PLACEMENT_3D('',#2254,#1845,#1846);
#1494=AXIS2_PLACEMENT_3D('',#2260,#1850,#1851);
#1495=AXIS2_PLACEMENT_3D('',#2266,#1853,#1854);
#1496=AXIS2_PLACEMENT_3D('',#2272,#1856,#1857);
#1497=AXIS2_PLACEMENT_3D('',#2273,#1858,#1859);
#1498=AXIS2_PLACEMENT_3D('',#2281,#1862,#1863);
#1499=AXIS2_PLACEMENT_3D('',#2285,#1866,#1867);
#1500=AXIS2_PLACEMENT_3D('',#2291,#1869,#1870);
#1501=AXIS2_PLACEMENT_3D('',#2292,#1871,#1872);
#1502=AXIS2_PLACEMENT_3D('',#2297,#1873,#1874);
#1503=AXIS2_PLACEMENT_3D('',#2302,#1875,#1876);
#1504=AXIS2_PLACEMENT_3D('',#2303,#1877,#1878);
#1505=AXIS2_PLACEMENT_3D('',#2304,#1879,#1880);
#1506=AXIS2_PLACEMENT_3D('',#2305,#1881,#1882);
#1507=AXIS2_PLACEMENT_3D('',#2306,#1883,#1884);
#1508=AXIS2_PLACEMENT_3D('',#2307,#1885,#1886);
#1509=DIRECTION('',(0.,0.,1.));
#1510=DIRECTION('',(1.,0.,0.));
#1511=DIRECTION('',(1.,-3.78485122031309E-16,0.));
#1512=DIRECTION('',(3.78485122031309E-16,1.,0.));
#1513=DIRECTION('',(0.,0.,1.));
#1514=DIRECTION('',(3.78485122031309E-16,1.,0.));
#1515=DIRECTION('',(0.,0.,1.));
#1516=DIRECTION('',(3.78485122031309E-16,1.,0.));
#1517=DIRECTION('',(1.,0.,0.));
#1518=DIRECTION('',(0.,0.,-1.));
#1519=DIRECTION('',(0.,1.,0.));
#1520=DIRECTION('',(0.,0.,1.));
#1521=DIRECTION('',(0.,1.,0.));
#1522=DIRECTION('',(0.,0.,1.));
#1523=DIRECTION('',(0.,0.,1.));
#1524=DIRECTION('',(1.,0.,0.));
#1525=DIRECTION('',(1.,0.,0.));
#1526=DIRECTION('',(6.20236326606254E-16,-1.,0.));
#1527=DIRECTION('',(1.,8.29476972421117E-16,0.));
#1528=DIRECTION('',(0.,-1.,0.));
#1529=DIRECTION('',(1.,0.,0.));
#1530=DIRECTION('',(0.,0.,1.));
#1531=DIRECTION('',(1.,0.,0.));
#1532=DIRECTION('',(1.,0.,0.));
#1533=DIRECTION('',(0.,-1.,0.));
#1534=DIRECTION('',(1.,0.,0.));
#1535=DIRECTION('',(0.,0.,1.));
#1536=DIRECTION('',(1.,0.,0.));
#1537=DIRECTION('',(1.,0.,0.));
#1538=DIRECTION('',(0.,1.,0.));
#1539=DIRECTION('',(1.,0.,0.));
#1540=DIRECTION('',(0.,0.,1.));
#1541=DIRECTION('',(1.,0.,0.));
#1542=DIRECTION('',(1.,0.,0.));
#1543=DIRECTION('',(0.,1.,0.));
#1544=DIRECTION('',(1.,0.,0.));
#1545=DIRECTION('',(0.,0.,1.));
#1546=DIRECTION('',(1.,0.,0.));
#1547=DIRECTION('',(1.,0.,0.));
#1548=DIRECTION('',(0.,0.,1.));
#1549=DIRECTION('',(1.,0.,0.));
#1550=DIRECTION('',(1.,0.,0.));
#1551=DIRECTION('',(3.78485122031309E-16,1.,0.));
#1552=DIRECTION('',(1.,0.,0.));
#1553=DIRECTION('',(0.,0.,1.));
#1554=DIRECTION('',(1.,0.,0.));
#1555=DIRECTION('',(1.,0.,0.));
#1556=DIRECTION('',(-1.,0.,0.));
#1557=DIRECTION('',(5.04646829375078E-16,1.,0.));
#1558=DIRECTION('',(-1.,0.,0.));
#1559=DIRECTION('',(0.,1.,0.));
#1560=DIRECTION('',(1.,0.,0.));
#1561=DIRECTION('',(0.,0.,1.));
#1562=DIRECTION('',(1.,0.,0.));
#1563=DIRECTION('',(-1.,0.,0.));
#1564=DIRECTION('',(0.,1.,0.));
#1565=DIRECTION('',(1.,0.,0.));
#1566=DIRECTION('',(0.,1.,0.));
#1567=DIRECTION('',(1.,-8.67361737988403E-16,0.));
#1568=DIRECTION('',(0.,1.,0.));
#1569=DIRECTION('',(-1.,1.982541115402E-16,0.));
#1570=DIRECTION('',(5.04646829375078E-16,1.,0.));
#1571=DIRECTION('',(-8.67361737988403E-16,-1.,0.));
#1572=DIRECTION('',(1.,-8.67361737988403E-16,0.));
#1573=DIRECTION('',(0.,0.,1.));
#1574=DIRECTION('',(1.,-8.67361737988403E-16,0.));
#1575=DIRECTION('',(0.,0.,1.));
#1576=DIRECTION('',(0.,1.,0.));
#1577=DIRECTION('',(0.,0.,1.));
#1578=DIRECTION('',(-1.,0.,0.));
#1579=DIRECTION('',(0.,0.,1.));
#1580=DIRECTION('',(0.,0.,1.));
#1581=DIRECTION('',(0.,0.,1.));
#1582=DIRECTION('',(1.,0.,0.));
#1583=DIRECTION('',(0.,0.,-1.));
#1584=DIRECTION('',(-1.,0.,0.));
#1585=DIRECTION('',(0.,0.,-1.));
#1586=DIRECTION('',(-1.,0.,0.));
#1587=DIRECTION('',(0.,0.,1.));
#1588=DIRECTION('',(1.,0.,0.));
#1589=DIRECTION('',(0.,0.,1.));
#1590=DIRECTION('',(1.,0.,0.));
#1591=DIRECTION('',(0.,0.,-1.));
#1592=DIRECTION('',(-1.,0.,0.));
#1593=DIRECTION('',(0.,0.,-1.));
#1594=DIRECTION('',(-1.,0.,0.));
#1595=DIRECTION('',(0.,0.,1.));
#1596=DIRECTION('',(1.,0.,0.));
#1597=DIRECTION('',(0.,0.,-1.));
#1598=DIRECTION('',(-1.,0.,0.));
#1599=DIRECTION('',(0.,0.,1.));
#1600=DIRECTION('',(1.,0.,0.));
#1601=DIRECTION('',(0.,0.,1.));
#1602=DIRECTION('',(1.,0.,0.));
#1603=DIRECTION('',(0.,0.,-1.));
#1604=DIRECTION('',(-1.,0.,0.));
#1605=DIRECTION('',(0.,0.,-1.));
#1606=DIRECTION('',(-1.,0.,0.));
#1607=DIRECTION('',(0.,0.,1.));
#1608=DIRECTION('',(1.,0.,0.));
#1609=DIRECTION('',(0.,0.,-1.));
#1610=DIRECTION('',(-1.,0.,0.));
#1611=DIRECTION('',(0.,0.,1.));
#1612=DIRECTION('',(1.,0.,0.));
#1613=DIRECTION('',(0.,0.,1.));
#1614=DIRECTION('',(1.,0.,0.));
#1615=DIRECTION('',(0.,0.,-1.));
#1616=DIRECTION('',(-1.,0.,0.));
#1617=DIRECTION('',(0.,0.,-1.));
#1618=DIRECTION('',(-1.,0.,0.));
#1619=DIRECTION('',(0.,0.,1.));
#1620=DIRECTION('',(1.,0.,0.));
#1621=DIRECTION('',(0.,0.,-1.));
#1622=DIRECTION('',(1.,0.,0.));
#1623=DIRECTION('',(5.04646829375078E-16,1.,0.));
#1624=DIRECTION('',(-1.,0.,0.));
#1625=DIRECTION('',(1.,0.,0.));
#1626=DIRECTION('',(1.,0.,0.));
#1627=DIRECTION('',(3.78485122031309E-16,1.,0.));
#1628=DIRECTION('',(1.,0.,0.));
#1629=DIRECTION('',(1.,0.,0.));
#1630=DIRECTION('',(1.,0.,0.));
#1631=DIRECTION('',(0.,1.,0.));
#1632=DIRECTION('',(1.,0.,0.));
#1633=DIRECTION('',(1.,0.,0.));
#1634=DIRECTION('',(1.,0.,0.));
#1635=DIRECTION('',(0.,1.,0.));
#1636=DIRECTION('',(0.,1.,0.));
#1637=DIRECTION('',(1.,0.,0.));
#1638=DIRECTION('',(0.,1.,0.));
#1639=DIRECTION('',(0.,0.,-1.));
#1640=DIRECTION('',(-1.,0.,0.));
#1641=DIRECTION('',(0.,0.,-1.));
#1642=DIRECTION('',(-1.,0.,0.));
#1643=DIRECTION('',(-1.,0.,0.));
#1644=DIRECTION('',(3.85494105772624E-16,1.,0.));
#1645=DIRECTION('',(-1.,0.,0.));
#1646=DIRECTION('',(3.85494105772624E-16,1.,0.));
#1647=DIRECTION('',(0.,0.,-1.));
#1648=DIRECTION('',(-1.,0.,0.));
#1649=DIRECTION('',(0.,0.,-1.));
#1650=DIRECTION('',(-1.,0.,0.));
#1651=DIRECTION('',(0.,1.,0.));
#1652=DIRECTION('',(1.,0.,0.));
#1653=DIRECTION('',(0.,1.,0.));
#1654=DIRECTION('',(1.,0.,0.));
#1655=DIRECTION('',(0.,-1.,0.));
#1656=DIRECTION('',(0.,0.,-1.));
#1657=DIRECTION('',(1.,0.,0.));
#1658=DIRECTION('',(0.,0.,1.));
#1659=DIRECTION('',(0.,0.,1.));
#1660=DIRECTION('',(-1.,0.,0.));
#1661=DIRECTION('',(0.,0.,1.));
#1662=DIRECTION('',(0.,-1.,0.));
#1663=DIRECTION('',(0.,0.,1.));
#1664=DIRECTION('',(8.29476972421117E-16,-1.,0.));
#1665=DIRECTION('',(1.,8.29476972421117E-16,0.));
#1666=DIRECTION('',(1.,8.29476972421117E-16,0.));
#1667=DIRECTION('',(0.,0.,1.));
#1668=DIRECTION('',(-1.,0.,0.));
#1669=DIRECTION('',(0.,0.,1.));
#1670=DIRECTION('',(0.,-1.,0.));
#1671=DIRECTION('',(0.,0.,1.));
#1672=DIRECTION('',(0.,0.,1.));
#1673=DIRECTION('',(0.,0.,1.));
#1674=DIRECTION('',(1.982541115402E-16,1.,0.));
#1675=DIRECTION('',(-1.,1.982541115402E-16,0.));
#1676=DIRECTION('',(-1.,1.982541115402E-16,0.));
#1677=DIRECTION('',(0.,0.,1.));
#1678=DIRECTION('',(-1.,0.,0.));
#1679=DIRECTION('',(0.,0.,1.));
#1680=DIRECTION('',(0.,-1.,0.));
#1681=DIRECTION('',(0.,0.,1.));
#1682=DIRECTION('',(0.,0.,1.));
#1683=DIRECTION('',(0.,1.,0.));
#1684=DIRECTION('',(0.,0.,1.));
#1685=DIRECTION('',(-1.,0.,0.));
#1686=DIRECTION('',(-1.,-6.20236326606254E-16,0.));
#1687=DIRECTION('',(6.20236326606254E-16,-1.,0.));
#1688=DIRECTION('',(6.20236326606254E-16,-1.,0.));
#1689=DIRECTION('',(0.,0.,1.));
#1690=DIRECTION('',(1.,0.,0.));
#1691=DIRECTION('',(0.,0.,1.));
#1692=DIRECTION('',(1.,0.,0.));
#1693=DIRECTION('',(0.,0.,1.));
#1694=DIRECTION('',(1.,0.,0.));
#1695=DIRECTION('',(0.,0.,1.));
#1696=DIRECTION('',(1.,0.,0.));
#1697=DIRECTION('',(0.,0.,1.));
#1698=DIRECTION('',(1.,0.,0.));
#1699=DIRECTION('',(0.,-1.,0.));
#1700=DIRECTION('',(0.,0.,-1.));
#1701=DIRECTION('',(0.,0.,1.));
#1702=DIRECTION('',(1.,0.,0.));
#1703=DIRECTION('',(0.,0.,-1.));
#1704=DIRECTION('',(-1.,0.,0.));
#1705=DIRECTION('',(0.,0.,1.));
#1706=DIRECTION('',(1.,0.,0.));
#1707=DIRECTION('',(0.,0.,-1.));
#1708=DIRECTION('',(-1.,0.,0.));
#1709=DIRECTION('',(1.,0.,0.));
#1710=DIRECTION('',(0.,0.,-1.));
#1711=DIRECTION('',(0.,0.,1.));
#1712=DIRECTION('',(0.,0.,1.));
#1713=DIRECTION('',(0.,0.,1.));
#1714=DIRECTION('',(1.,0.,0.));
#1715=DIRECTION('',(0.,0.,1.));
#1716=DIRECTION('',(1.,0.,0.));
#1717=DIRECTION('',(0.,1.,0.));
#1718=DIRECTION('',(0.,0.,1.));
#1719=DIRECTION('',(1.,-3.78485122031309E-16,0.));
#1720=DIRECTION('',(3.78485122031309E-16,1.,0.));
#1721=DIRECTION('',(0.,0.,1.));
#1722=DIRECTION('',(0.,0.,1.));
#1723=DIRECTION('',(0.,0.,1.));
#1724=DIRECTION('',(1.,0.,0.));
#1725=DIRECTION('',(0.,0.,-1.));
#1726=DIRECTION('',(-1.,0.,0.));
#1727=DIRECTION('',(0.,0.,1.));
#1728=DIRECTION('',(1.,0.,0.));
#1729=DIRECTION('',(0.,0.,-1.));
#1730=DIRECTION('',(-1.,0.,0.));
#1731=DIRECTION('',(0.,0.,1.));
#1732=DIRECTION('',(1.,0.,0.));
#1733=DIRECTION('',(0.,0.,1.));
#1734=DIRECTION('',(1.,0.,0.));
#1735=DIRECTION('',(-1.,3.85494105772624E-16,0.));
#1736=DIRECTION('',(-3.85494105772624E-16,-1.,0.));
#1737=DIRECTION('',(0.,0.,-1.));
#1738=DIRECTION('',(3.85494105772624E-16,1.,0.));
#1739=DIRECTION('',(0.,0.,-1.));
#1740=DIRECTION('',(0.,-1.,0.));
#1741=DIRECTION('',(0.,0.,-1.));
#1742=DIRECTION('',(0.,0.,-1.));
#1743=DIRECTION('',(-1.,0.,0.));
#1744=DIRECTION('',(-1.,3.85494105772624E-16,0.));
#1745=DIRECTION('',(-3.85494105772624E-16,-1.,0.));
#1746=DIRECTION('',(0.,0.,-1.));
#1747=DIRECTION('',(3.85494105772624E-16,1.,0.));
#1748=DIRECTION('',(0.,-1.,0.));
#1749=DIRECTION('',(0.,0.,-1.));
#1750=DIRECTION('',(-1.,0.,0.));
#1751=DIRECTION('',(0.,0.,-1.));
#1752=DIRECTION('',(1.,0.,0.));
#1753=DIRECTION('',(0.,1.,0.));
#1754=DIRECTION('',(0.,0.,1.));
#1755=DIRECTION('',(0.,0.,-1.));
#1756=DIRECTION('',(1.,0.,0.));
#1757=DIRECTION('',(0.,0.,-1.));
#1758=DIRECTION('',(-1.,0.,0.));
#1759=DIRECTION('',(0.,0.,1.));
#1760=DIRECTION('',(0.,0.,-1.));
#1761=DIRECTION('',(0.,1.,0.));
#1762=DIRECTION('',(0.,1.,0.));
#1763=DIRECTION('',(0.,0.,1.));
#1764=DIRECTION('',(0.,0.,-1.));
#1765=DIRECTION('',(1.,0.,0.));
#1766=DIRECTION('',(-1.,0.,0.));
#1767=DIRECTION('',(0.,0.,1.));
#1768=DIRECTION('',(0.,1.,0.));
#1769=DIRECTION('',(0.,0.,-1.));
#1770=DIRECTION('',(1.,0.,0.));
#1771=DIRECTION('',(0.,0.,1.));
#1772=DIRECTION('',(1.,0.,0.));
#1773=DIRECTION('',(0.,0.,-1.));
#1774=DIRECTION('',(-1.,0.,0.));
#1775=DIRECTION('',(0.,0.,1.));
#1776=DIRECTION('',(1.,0.,0.));
#1777=DIRECTION('',(0.,0.,-1.));
#1778=DIRECTION('',(-1.,0.,0.));
#1779=DIRECTION('',(0.,0.,1.));
#1780=DIRECTION('',(1.,0.,0.));
#1781=DIRECTION('',(0.,0.,-1.));
#1782=DIRECTION('',(-1.,0.,0.));
#1783=DIRECTION('',(0.,0.,1.));
#1784=DIRECTION('',(1.,0.,0.));
#1785=DIRECTION('',(0.,0.,-1.));
#1786=DIRECTION('',(-1.,0.,0.));
#1787=DIRECTION('',(0.,0.,-1.));
#1788=DIRECTION('',(1.,0.,0.));
#1789=DIRECTION('',(0.,0.,-1.));
#1790=DIRECTION('',(-1.,0.,0.));
#1791=DIRECTION('',(0.,0.,1.));
#1792=DIRECTION('',(1.,0.,0.));
#1793=DIRECTION('',(0.,0.,-1.));
#1794=DIRECTION('',(-1.,0.,0.));
#1795=DIRECTION('',(0.,0.,-1.));
#1796=DIRECTION('',(1.,0.,0.));
#1797=DIRECTION('',(0.,0.,-1.));
#1798=DIRECTION('',(1.,0.,0.));
#1799=DIRECTION('',(0.,0.,-1.));
#1800=DIRECTION('',(-1.,0.,0.));
#1801=DIRECTION('',(0.,0.,1.));
#1802=DIRECTION('',(1.,0.,0.));
#1803=DIRECTION('',(0.,0.,-1.));
#1804=DIRECTION('',(-1.,0.,0.));
#1805=DIRECTION('',(0.,0.,-1.));
#1806=DIRECTION('',(1.,0.,0.));
#1807=DIRECTION('',(0.,0.,-1.));
#1808=DIRECTION('',(1.,0.,0.));
#1809=DIRECTION('',(0.,0.,-1.));
#1810=DIRECTION('',(-1.,0.,0.));
#1811=DIRECTION('',(0.,0.,1.));
#1812=DIRECTION('',(1.,0.,0.));
#1813=DIRECTION('',(0.,0.,-1.));
#1814=DIRECTION('',(-1.,0.,0.));
#1815=DIRECTION('',(0.,0.,-1.));
#1816=DIRECTION('',(1.,0.,0.));
#1817=DIRECTION('',(0.,0.,-1.));
#1818=DIRECTION('',(1.,0.,0.));
#1819=DIRECTION('',(0.,0.,-1.));
#1820=DIRECTION('',(-1.,0.,0.));
#1821=DIRECTION('',(0.,0.,1.));
#1822=DIRECTION('',(1.,0.,0.));
#1823=DIRECTION('',(0.,0.,-1.));
#1824=DIRECTION('',(-1.,0.,0.));
#1825=DIRECTION('',(0.,0.,-1.));
#1826=DIRECTION('',(1.,0.,0.));
#1827=DIRECTION('',(0.,-1.,0.));
#1828=DIRECTION('',(0.,0.,-1.));
#1829=DIRECTION('',(0.,-1.,0.));
#1830=DIRECTION('',(0.,0.,-1.));
#1831=DIRECTION('',(0.,-1.,0.));
#1832=DIRECTION('',(0.,0.,-1.));
#1833=DIRECTION('',(0.,-1.,0.));
#1834=DIRECTION('',(0.,0.,-1.));
#1835=DIRECTION('',(0.,-1.,0.));
#1836=DIRECTION('',(0.,0.,-1.));
#1837=DIRECTION('',(1.,0.,0.));
#1838=DIRECTION('',(0.,0.,-1.));
#1839=DIRECTION('',(0.,0.,1.));
#1840=DIRECTION('',(0.,-1.,0.));
#1841=DIRECTION('',(0.,0.,-1.));
#1842=DIRECTION('',(0.,0.,1.));
#1843=DIRECTION('',(1.,0.,0.));
#1844=DIRECTION('',(0.,0.,-1.));
#1845=DIRECTION('',(1.,0.,0.));
#1846=DIRECTION('',(0.,0.,-1.));
#1847=DIRECTION('',(0.,0.,1.));
#1848=DIRECTION('',(0.,1.,0.));
#1849=DIRECTION('',(0.,0.,1.));
#1850=DIRECTION('',(0.,-1.,0.));
#1851=DIRECTION('',(0.,0.,-1.));
#1852=DIRECTION('',(1.,0.,0.));
#1853=DIRECTION('',(0.,-1.,0.));
#1854=DIRECTION('',(0.,0.,-1.));
#1855=DIRECTION('',(1.,0.,0.));
#1856=DIRECTION('',(0.,0.,-1.));
#1857=DIRECTION('',(1.,0.,0.));
#1858=DIRECTION('',(0.,-1.,0.));
#1859=DIRECTION('',(0.,0.,-1.));
#1860=DIRECTION('',(1.,0.,0.));
#1861=DIRECTION('',(0.,0.,1.));
#1862=DIRECTION('',(-1.,0.,0.));
#1863=DIRECTION('',(0.,0.,1.));
#1864=DIRECTION('',(0.,0.,1.));
#1865=DIRECTION('',(0.,-1.,0.));
#1866=DIRECTION('',(0.,-1.,0.));
#1867=DIRECTION('',(0.,0.,-1.));
#1868=DIRECTION('',(1.,0.,0.));
#1869=DIRECTION('',(0.,0.,-1.));
#1870=DIRECTION('',(1.,0.,0.));
#1871=DIRECTION('',(0.,-1.,0.));
#1872=DIRECTION('',(0.,0.,-1.));
#1873=DIRECTION('',(0.,-1.,0.));
#1874=DIRECTION('',(0.,0.,-1.));
#1875=DIRECTION('',(0.,0.,1.));
#1876=DIRECTION('',(1.,0.,0.));
#1877=DIRECTION('',(0.,0.,1.));
#1878=DIRECTION('',(1.,0.,0.));
#1879=DIRECTION('',(0.,0.,1.));
#1880=DIRECTION('',(1.,0.,0.));
#1881=DIRECTION('',(0.,0.,1.));
#1882=DIRECTION('',(1.,0.,0.));
#1883=DIRECTION('',(0.,0.,1.));
#1884=DIRECTION('',(1.,0.,0.));
#1885=DIRECTION('',(0.,0.,1.));
#1886=DIRECTION('',(1.,0.,0.));
#1887=CARTESIAN_POINT('',(0.,0.,0.));
#1888=CARTESIAN_POINT('',(0.0570000000000055,-0.0549999999999982,-0.006));
#1889=CARTESIAN_POINT('',(0.0570000000000055,-0.0759999999999973,-0.006));
#1890=CARTESIAN_POINT('',(0.0570000000000055,-0.0759999999999973,-0.006));
#1891=CARTESIAN_POINT('',(0.0570000000000055,-0.0759999999999973,-0.003));
#1892=CARTESIAN_POINT('',(0.0570000000000055,-0.0549999999999982,-0.006));
#1893=CARTESIAN_POINT('',(0.0570000000000055,-0.0824999999999978,-0.006));
#1894=CARTESIAN_POINT('',(0.0570000000000055,-0.0824999999999978,-0.006));
#1895=CARTESIAN_POINT('',(0.0570000000000055,-0.0824999999999978,-0.003));
#1896=CARTESIAN_POINT('',(0.0570000000000055,-0.0549999999999982,-0.003));
#1897=CARTESIAN_POINT('',(0.143000000000008,-0.0549999999999978,-0.006));
#1898=CARTESIAN_POINT('',(0.143000000000008,-0.0549999999999978,-0.006));
#1899=CARTESIAN_POINT('',(0.143000000000008,-0.0824999999999978,-0.006));
#1900=CARTESIAN_POINT('',(0.143000000000008,-0.0759999999999974,-0.006));
#1901=CARTESIAN_POINT('',(0.143000000000008,-0.0759999999999974,-0.006));
#1902=CARTESIAN_POINT('',(0.143000000000008,-0.0759999999999974,-0.003));
#1903=CARTESIAN_POINT('',(0.143000000000008,-0.0549999999999978,-0.003));
#1904=CARTESIAN_POINT('',(0.143000000000008,-0.0824999999999978,-0.003));
#1905=CARTESIAN_POINT('',(0.143000000000008,-0.0824999999999978,-0.006));
#1906=CARTESIAN_POINT('',(0.108749999999997,-0.0447499999999984,-0.003));
#1907=CARTESIAN_POINT('',(0.108749999999997,0.,-0.003));
#1908=CARTESIAN_POINT('',(0.,0.,-0.003));
#1909=CARTESIAN_POINT('',(0.217499999999994,9.71445146547012E-17,-0.003));
#1910=CARTESIAN_POINT('',(0.217499999999994,-0.0447499999999983,-0.003));
#1911=CARTESIAN_POINT('',(0.217499999999994,-0.0894999999999968,-0.003));
#1912=CARTESIAN_POINT('',(0.108749999999997,-0.0894999999999969,-0.003));
#1913=CARTESIAN_POINT('',(5.55111512312578E-17,-0.089499999999997,-0.003));
#1914=CARTESIAN_POINT('',(0.,-0.0447499999999985,-0.003));
#1915=CARTESIAN_POINT('',(0.151345262490344,-0.0759999999999974,-0.003));
#1916=CARTESIAN_POINT('',(0.15662588032534,-0.0759999999999974,-0.003));
#1917=CARTESIAN_POINT('',(0.16549999999999,-0.0744999999999979,-0.003));
#1918=CARTESIAN_POINT('',(0.174374119674639,-0.0759999999999974,-0.003));
#1919=CARTESIAN_POINT('',(0.186904737509648,-0.0759999999999974,-0.003));
#1920=CARTESIAN_POINT('',(0.202499999999994,-0.0759999999999974,-0.003));
#1921=CARTESIAN_POINT('',(0.202499999999994,-0.0744999999999974,-0.003));
#1922=CARTESIAN_POINT('',(0.202499999999994,-0.0729999999999974,-0.003));
#1923=CARTESIAN_POINT('',(0.186904737509648,-0.0729999999999974,-0.003));
#1924=CARTESIAN_POINT('',(0.174374119674639,-0.0729999999999974,-0.003));
#1925=CARTESIAN_POINT('',(0.16549999999999,-0.0744999999999979,-0.003));
#1926=CARTESIAN_POINT('',(0.15662588032534,-0.0729999999999974,-0.003));
#1927=CARTESIAN_POINT('',(0.151345262490344,-0.0729999999999974,-0.003));
#1928=CARTESIAN_POINT('',(0.143000000000008,-0.0729999999999974,-0.003));
#1929=CARTESIAN_POINT('',(0.143000000000008,-0.0549999999999978,-0.003));
#1930=CARTESIAN_POINT('',(0.143000000000008,-0.0159999999999983,-0.003));
#1931=CARTESIAN_POINT('',(0.151345262490344,-0.0159999999999983,-0.003));
#1932=CARTESIAN_POINT('',(0.15662588032534,-0.0159999999999983,-0.003));
#1933=CARTESIAN_POINT('',(0.16549999999999,-0.0144999999999988,-0.003));
#1934=CARTESIAN_POINT('',(0.174374119674639,-0.0159999999999983,-0.003));
#1935=CARTESIAN_POINT('',(0.186904737509648,-0.0159999999999983,-0.003));
#1936=CARTESIAN_POINT('',(0.202499999999994,-0.0159999999999983,-0.003));
#1937=CARTESIAN_POINT('',(0.202499999999994,-0.0144999999999983,-0.003));
#1938=CARTESIAN_POINT('',(0.202499999999994,-0.0129999999999983,-0.003));
#1939=CARTESIAN_POINT('',(0.186904737509648,-0.0129999999999983,-0.003));
#1940=CARTESIAN_POINT('',(0.174374119674639,-0.0129999999999983,-0.003));
#1941=CARTESIAN_POINT('',(0.16549999999999,-0.0144999999999988,-0.003));
#1942=CARTESIAN_POINT('',(0.15662588032534,-0.0129999999999983,-0.003));
#1943=CARTESIAN_POINT('',(0.0904999999999843,-0.0129999999999983,-0.003));
#1944=CARTESIAN_POINT('',(0.024374119674628,-0.0129999999999983,-0.003));
#1945=CARTESIAN_POINT('',(0.0154999999999787,-0.014499999999999,-0.003));
#1946=CARTESIAN_POINT('',(0.0243741196746282,-0.0159999999999983,-0.003));
#1947=CARTESIAN_POINT('',(0.0391547375096477,-0.0159999999999983,-0.003));
#1948=CARTESIAN_POINT('',(0.0570000000000055,-0.0159999999999983,-0.003));
#1949=CARTESIAN_POINT('',(0.0570000000000055,-0.0549999999999982,-0.003));
#1950=CARTESIAN_POINT('',(0.0570000000000055,-0.0729999999999973,-0.003));
#1951=CARTESIAN_POINT('',(0.0391547375096475,-0.0729999999999973,-0.003));
#1952=CARTESIAN_POINT('',(0.0243741196746278,-0.0729999999999973,-0.003));
#1953=CARTESIAN_POINT('',(0.0154999999999785,-0.0744999999999977,-0.003));
#1954=CARTESIAN_POINT('',(0.024374119674628,-0.0759999999999973,-0.003));
#1955=CARTESIAN_POINT('',(0.0391547375096476,-0.0759999999999973,-0.003));
#1956=CARTESIAN_POINT('',(0.0610000000000055,-0.0824999999999978,-0.003));
#1957=CARTESIAN_POINT('',(0.0650000000000055,-0.0824999999999978,-0.003));
#1958=CARTESIAN_POINT('',(0.0650000000000055,-0.0549999999999982,-0.003));
#1959=CARTESIAN_POINT('',(0.0650000000000055,-0.0804999999999978,-0.003));
#1960=CARTESIAN_POINT('',(0.100000000000007,-0.0804999999999978,-0.003));
#1961=CARTESIAN_POINT('',(0.135000000000008,-0.0804999999999978,-0.003));
#1962=CARTESIAN_POINT('',(0.135000000000008,-0.0549999999999978,-0.003));
#1963=CARTESIAN_POINT('',(0.135000000000008,-0.0824999999999978,-0.003));
#1964=CARTESIAN_POINT('',(0.139000000000008,-0.0824999999999978,-0.003));
#1965=CARTESIAN_POINT('',(0.108749999999997,-0.0447499999999984,-0.003));
#1966=CARTESIAN_POINT('',(0.0610000000000055,-0.0274999999999985,-0.003));
#1967=CARTESIAN_POINT('',(0.0650000000000055,-0.0274999999999985,-0.003));
#1968=CARTESIAN_POINT('',(0.0600000000000056,-0.0274999999999978,-0.003));
#1969=CARTESIAN_POINT('',(0.0600000000000056,-0.0217499999999981,-0.003));
#1970=CARTESIAN_POINT('',(0.0600000000000056,-0.0159999999999983,-0.003));
#1971=CARTESIAN_POINT('',(0.100000000000007,-0.0159999999999983,-0.003));
#1972=CARTESIAN_POINT('',(0.140000000000008,-0.0159999999999983,-0.003));
#1973=CARTESIAN_POINT('',(0.140000000000008,-0.0217499999999981,-0.003));
#1974=CARTESIAN_POINT('',(0.140000000000008,-0.0274999999999978,-0.003));
#1975=CARTESIAN_POINT('',(0.139000000000008,-0.0274999999999978,-0.003));
#1976=CARTESIAN_POINT('',(0.135000000000008,-0.0274999999999978,-0.003));
#1977=CARTESIAN_POINT('',(0.135000000000008,-0.0549999999999978,-0.003));
#1978=CARTESIAN_POINT('',(0.135000000000008,-0.0294999999999986,-0.003));
#1979=CARTESIAN_POINT('',(0.100000000000007,-0.0294999999999986,-0.003));
#1980=CARTESIAN_POINT('',(0.0650000000000055,-0.0294999999999986,-0.003));
#1981=CARTESIAN_POINT('',(0.0650000000000055,-0.0549999999999982,-0.003));
#1982=CARTESIAN_POINT('',(0.139000000000008,-0.0274999999999978,-0.006));
#1983=CARTESIAN_POINT('',(0.140000000000008,-0.0274999999999978,-0.006));
#1984=CARTESIAN_POINT('',(0.140000000000008,-0.0274999999999978,-0.006));
#1985=CARTESIAN_POINT('',(0.139000000000008,-0.0274999999999978,-0.006));
#1986=CARTESIAN_POINT('',(0.135000000000008,-0.0274999999999978,-0.006));
#1987=CARTESIAN_POINT('',(0.135000000000008,-0.0274999999999978,-0.006));
#1988=CARTESIAN_POINT('',(0.0610000000000055,-0.0274999999999985,-0.006));
#1989=CARTESIAN_POINT('',(0.0610000000000055,-0.0274999999999985,-0.006));
#1990=CARTESIAN_POINT('',(0.0650000000000055,-0.0274999999999985,-0.006));
#1991=CARTESIAN_POINT('',(0.0600000000000056,-0.0274999999999978,-0.006));
#1992=CARTESIAN_POINT('',(0.0600000000000056,-0.0274999999999978,-0.006));
#1993=CARTESIAN_POINT('',(0.0650000000000055,-0.0274999999999985,-0.006));
#1994=CARTESIAN_POINT('',(0.0154999999999787,-0.014499999999999,-0.028));
#1995=CARTESIAN_POINT('',(0.0154999999999787,-0.014499999999999,-0.032));
#1996=CARTESIAN_POINT('',(0.00949999999997865,-0.014499999999999,-0.032));
#1997=CARTESIAN_POINT('',(0.0154999999999787,-0.014499999999999,-0.006));
#1998=CARTESIAN_POINT('',(0.0213094750192896,-0.0129999999999983,-0.006));
#1999=CARTESIAN_POINT('',(0.02130947501929,-0.0159999999999983,-0.006));
#2000=CARTESIAN_POINT('',(0.0154999999999787,-0.014499999999999,-0.006));
#2001=CARTESIAN_POINT('',(0.16549999999999,-0.0744999999999979,-0.028));
#2002=CARTESIAN_POINT('',(0.16549999999999,-0.0744999999999979,-0.032));
#2003=CARTESIAN_POINT('',(0.15949999999999,-0.0744999999999979,-0.032));
#2004=CARTESIAN_POINT('',(0.16549999999999,-0.0744999999999979,-0.006));
#2005=CARTESIAN_POINT('',(0.171309475019301,-0.0729999999999974,-0.006));
#2006=CARTESIAN_POINT('',(0.171309475019301,-0.0759999999999974,-0.006));
#2007=CARTESIAN_POINT('',(0.16549999999999,-0.0744999999999979,-0.006));
#2008=CARTESIAN_POINT('',(0.159690524980679,-0.0759999999999974,-0.006));
#2009=CARTESIAN_POINT('',(0.16549999999999,-0.0744999999999979,-0.006));
#2010=CARTESIAN_POINT('',(0.159690524980679,-0.0729999999999974,-0.006));
#2011=CARTESIAN_POINT('',(0.16549999999999,-0.0744999999999979,-0.006));
#2012=CARTESIAN_POINT('',(0.16549999999999,-0.0144999999999988,-0.028));
#2013=CARTESIAN_POINT('',(0.16549999999999,-0.0144999999999988,-0.032));
#2014=CARTESIAN_POINT('',(0.15949999999999,-0.0144999999999988,-0.032));
#2015=CARTESIAN_POINT('',(0.16549999999999,-0.0144999999999988,-0.006));
#2016=CARTESIAN_POINT('',(0.159690524980679,-0.0159999999999983,-0.006));
#2017=CARTESIAN_POINT('',(0.159690524980679,-0.0129999999999983,-0.006));
#2018=CARTESIAN_POINT('',(0.16549999999999,-0.0144999999999988,-0.006));
#2019=CARTESIAN_POINT('',(0.171309475019301,-0.0129999999999983,-0.006));
#2020=CARTESIAN_POINT('',(0.16549999999999,-0.0144999999999988,-0.006));
#2021=CARTESIAN_POINT('',(0.171309475019301,-0.0159999999999983,-0.006));
#2022=CARTESIAN_POINT('',(0.16549999999999,-0.0144999999999988,-0.006));
#2023=CARTESIAN_POINT('',(0.0154999999999785,-0.0744999999999977,-0.028));
#2024=CARTESIAN_POINT('',(0.0154999999999785,-0.0744999999999977,-0.032));
#2025=CARTESIAN_POINT('',(0.00949999999997845,-0.0744999999999977,-0.032));
#2026=CARTESIAN_POINT('',(0.0154999999999785,-0.0744999999999977,-0.006));
#2027=CARTESIAN_POINT('',(0.0213094750192894,-0.0729999999999973,-0.006));
#2028=CARTESIAN_POINT('',(0.0213094750192896,-0.0759999999999973,-0.006));
#2029=CARTESIAN_POINT('',(0.0154999999999785,-0.0744999999999977,-0.006));
#2030=CARTESIAN_POINT('',(0.100000000000007,-0.0549999999999978,-0.006));
#2031=CARTESIAN_POINT('',(0.0650000000000055,-0.0549999999999982,-0.006));
#2032=CARTESIAN_POINT('',(0.0650000000000055,-0.0824999999999978,-0.006));
#2033=CARTESIAN_POINT('',(0.0610000000000055,-0.0824999999999978,-0.006));
#2034=CARTESIAN_POINT('',(0.0391547375096476,-0.0759999999999973,-0.006));
#2035=CARTESIAN_POINT('',(0.0391547375096475,-0.0729999999999973,-0.006));
#2036=CARTESIAN_POINT('',(0.0570000000000055,-0.0729999999999973,-0.006));
#2037=CARTESIAN_POINT('',(0.0570000000000055,-0.0549999999999982,-0.006));
#2038=CARTESIAN_POINT('',(0.0570000000000055,-0.0159999999999983,-0.006));
#2039=CARTESIAN_POINT('',(0.0391547375096477,-0.0159999999999983,-0.006));
#2040=CARTESIAN_POINT('',(0.0904999999999843,-0.0129999999999983,-0.006));
#2041=CARTESIAN_POINT('',(0.151345262490344,-0.0159999999999983,-0.006));
#2042=CARTESIAN_POINT('',(0.143000000000008,-0.0159999999999983,-0.006));
#2043=CARTESIAN_POINT('',(0.143000000000008,-0.0549999999999978,-0.006));
#2044=CARTESIAN_POINT('',(0.143000000000008,-0.0729999999999974,-0.006));
#2045=CARTESIAN_POINT('',(0.151345262490344,-0.0729999999999974,-0.006));
#2046=CARTESIAN_POINT('',(0.151345262490344,-0.0759999999999974,-0.006));
#2047=CARTESIAN_POINT('',(0.139000000000008,-0.0824999999999978,-0.006));
#2048=CARTESIAN_POINT('',(0.135000000000008,-0.0824999999999978,-0.006));
#2049=CARTESIAN_POINT('',(0.135000000000008,-0.0549999999999978,-0.006));
#2050=CARTESIAN_POINT('',(0.140000000000008,-0.0217499999999981,-0.006));
#2051=CARTESIAN_POINT('',(0.140000000000008,-0.0159999999999983,-0.006));
#2052=CARTESIAN_POINT('',(0.100000000000007,-0.0159999999999983,-0.006));
#2053=CARTESIAN_POINT('',(0.0600000000000056,-0.0159999999999983,-0.006));
#2054=CARTESIAN_POINT('',(0.0600000000000056,-0.0217499999999981,-0.006));
#2055=CARTESIAN_POINT('',(0.0620000000000054,-0.0774999999999976,-0.006));
#2056=CARTESIAN_POINT('',(0.0604000000000054,-0.0774999999999976,-0.006));
#2057=CARTESIAN_POINT('',(0.0620000000000054,-0.0324999999999983,-0.006));
#2058=CARTESIAN_POINT('',(0.0604000000000054,-0.0324999999999983,-0.006));
#2059=CARTESIAN_POINT('',(0.0607500000000055,-0.0729999999999983,-0.006));
#2060=CARTESIAN_POINT('',(0.0620000000000055,-0.0729999999999983,-0.006));
#2061=CARTESIAN_POINT('',(0.0595000000000055,-0.0729999999999984,-0.006));
#2062=CARTESIAN_POINT('',(0.0620000000000055,-0.0549999999999984,-0.006));
#2063=CARTESIAN_POINT('',(0.0620000000000055,-0.0369999999999983,-0.006));
#2064=CARTESIAN_POINT('',(0.0607500000000055,-0.0369999999999983,-0.006));
#2065=CARTESIAN_POINT('',(0.0595000000000055,-0.0369999999999983,-0.006));
#2066=CARTESIAN_POINT('',(0.0595000000000055,-0.0549999999999984,-0.006));
#2067=CARTESIAN_POINT('',(0.138000000000008,-0.0324999999999983,-0.006));
#2068=CARTESIAN_POINT('',(0.136400000000008,-0.0324999999999983,-0.006));
#2069=CARTESIAN_POINT('',(0.138000000000008,-0.0774999999999977,-0.006));
#2070=CARTESIAN_POINT('',(0.136400000000008,-0.0774999999999977,-0.006));
#2071=CARTESIAN_POINT('',(0.138000000000008,-0.0549999999999984,-0.006));
#2072=CARTESIAN_POINT('',(0.138000000000008,-0.0729999999999983,-0.006));
#2073=CARTESIAN_POINT('',(0.138000000000008,-0.0369999999999983,-0.006));
#2074=CARTESIAN_POINT('',(0.139250000000008,-0.0729999999999983,-0.006));
#2075=CARTESIAN_POINT('',(0.140500000000008,-0.0729999999999984,-0.006));
#2076=CARTESIAN_POINT('',(0.140500000000008,-0.0549999999999984,-0.006));
#2077=CARTESIAN_POINT('',(0.140500000000008,-0.0369999999999983,-0.006));
#2078=CARTESIAN_POINT('',(0.139250000000008,-0.0369999999999983,-0.006));
#2079=CARTESIAN_POINT('',(0.108749999999997,0.,-0.003));
#2080=CARTESIAN_POINT('',(0.108749999999997,0.,0.));
#2081=CARTESIAN_POINT('',(0.,0.,0.));
#2082=CARTESIAN_POINT('',(0.217499999999994,9.71445146547012E-17,0.));
#2083=CARTESIAN_POINT('',(0.217499999999994,9.71445146547012E-17,-0.003));
#2084=CARTESIAN_POINT('',(0.,0.,-0.003));
#2085=CARTESIAN_POINT('',(0.,-0.0447499999999985,-0.003));
#2086=CARTESIAN_POINT('',(0.,-0.0447499999999985,0.));
#2087=CARTESIAN_POINT('',(5.55111512312578E-17,-0.089499999999997,0.));
#2088=CARTESIAN_POINT('',(5.55111512312578E-17,-0.089499999999997,-0.003));
#2089=CARTESIAN_POINT('',(0.108749999999997,-0.0894999999999969,-0.003));
#2090=CARTESIAN_POINT('',(0.108749999999997,-0.0894999999999969,0.));
#2091=CARTESIAN_POINT('',(0.217499999999994,-0.0894999999999968,0.));
#2092=CARTESIAN_POINT('',(0.217499999999994,-0.0894999999999968,-0.003));
#2093=CARTESIAN_POINT('',(0.0650000000000055,-0.0549999999999976,-0.003));
#2094=CARTESIAN_POINT('',(0.0650000000000055,-0.0549999999999976,0.));
#2095=CARTESIAN_POINT('',(0.0650000000000055,-0.0294999999999986,0.));
#2096=CARTESIAN_POINT('',(0.0650000000000055,-0.0804999999999978,0.));
#2097=CARTESIAN_POINT('',(0.0650000000000055,-0.0804999999999978,-0.003));
#2098=CARTESIAN_POINT('',(0.0650000000000055,-0.0824999999999978,-0.006));
#2099=CARTESIAN_POINT('',(0.0650000000000055,-0.0294999999999986,-0.003));
#2100=CARTESIAN_POINT('',(0.100000000000007,-0.0294999999999986,-0.003));
#2101=CARTESIAN_POINT('',(0.100000000000007,-0.0294999999999986,0.));
#2102=CARTESIAN_POINT('',(0.135000000000008,-0.0294999999999986,0.));
#2103=CARTESIAN_POINT('',(0.135000000000008,-0.0294999999999986,-0.003));
#2104=CARTESIAN_POINT('',(0.135000000000008,-0.0549999999999988,-0.003));
#2105=CARTESIAN_POINT('',(0.135000000000008,-0.0549999999999988,0.));
#2106=CARTESIAN_POINT('',(0.135000000000008,-0.0804999999999978,0.));
#2107=CARTESIAN_POINT('',(0.135000000000008,-0.0824999999999978,-0.006));
#2108=CARTESIAN_POINT('',(0.135000000000008,-0.0804999999999978,-0.003));
#2109=CARTESIAN_POINT('',(0.100000000000007,-0.0804999999999978,-0.003));
#2110=CARTESIAN_POINT('',(0.100000000000007,-0.0804999999999978,0.));
#2111=CARTESIAN_POINT('',(0.217499999999994,-0.0447499999999983,-0.003));
#2112=CARTESIAN_POINT('',(0.217499999999994,-0.0447499999999983,0.));
#2113=CARTESIAN_POINT('',(0.108749999999997,-0.0447499999999984,0.));
#2114=CARTESIAN_POINT('',(0.16549999999999,-0.0144999999999988,0.));
#2115=CARTESIAN_POINT('',(0.16849999999999,-0.0144999999999988,0.));
#2116=CARTESIAN_POINT('',(0.0154999999999787,-0.014499999999999,0.));
#2117=CARTESIAN_POINT('',(0.0184999999999787,-0.014499999999999,0.));
#2118=CARTESIAN_POINT('',(0.0154999999999785,-0.0744999999999977,0.));
#2119=CARTESIAN_POINT('',(0.0184999999999785,-0.0744999999999977,0.));
#2120=CARTESIAN_POINT('',(0.16549999999999,-0.0744999999999979,0.));
#2121=CARTESIAN_POINT('',(0.16849999999999,-0.0744999999999979,0.));
#2122=CARTESIAN_POINT('',(0.139000000000008,-0.0824999999999978,-0.006));
#2123=CARTESIAN_POINT('',(0.138000000000008,-0.0774999999999977,-0.006));
#2124=CARTESIAN_POINT('',(0.138000000000008,-0.0774999999999977,-0.003));
#2125=CARTESIAN_POINT('',(0.136400000000008,-0.0774999999999977,-0.003));
#2126=CARTESIAN_POINT('',(0.138000000000008,-0.0324999999999983,-0.006));
#2127=CARTESIAN_POINT('',(0.138000000000008,-0.0324999999999983,-0.003));
#2128=CARTESIAN_POINT('',(0.136400000000008,-0.0324999999999983,-0.003));
#2129=CARTESIAN_POINT('',(0.143000000000008,-0.0549999999999978,-0.006));
#2130=CARTESIAN_POINT('',(0.143000000000008,-0.0729999999999974,-0.006));
#2131=CARTESIAN_POINT('',(0.143000000000008,-0.0159999999999983,-0.006));
#2132=CARTESIAN_POINT('',(0.108749999999997,-0.0447499999999984,-0.003));
#2133=CARTESIAN_POINT('',(0.108749999999997,-0.0447499999999984,-0.003));
#2134=CARTESIAN_POINT('',(0.0610000000000055,-0.0824999999999978,-0.006));
#2135=CARTESIAN_POINT('',(0.0570000000000055,-0.0549999999999982,-0.006));
#2136=CARTESIAN_POINT('',(0.0570000000000055,-0.0729999999999973,-0.006));
#2137=CARTESIAN_POINT('',(0.0570000000000055,-0.0159999999999983,-0.006));
#2138=CARTESIAN_POINT('',(0.0620000000000054,-0.0774999999999976,-0.006));
#2139=CARTESIAN_POINT('',(0.0620000000000054,-0.0774999999999976,-0.003));
#2140=CARTESIAN_POINT('',(0.0604000000000054,-0.0774999999999976,-0.003));
#2141=CARTESIAN_POINT('',(0.0620000000000054,-0.0324999999999983,-0.006));
#2142=CARTESIAN_POINT('',(0.0620000000000054,-0.0324999999999983,-0.003));
#2143=CARTESIAN_POINT('',(0.0604000000000054,-0.0324999999999983,-0.003));
#2144=CARTESIAN_POINT('',(0.108749999999997,-0.0447499999999984,-0.003));
#2145=CARTESIAN_POINT('',(0.108749999999997,-0.0447499999999984,-0.003));
#2146=CARTESIAN_POINT('',(0.0620000000000055,-0.0549999999999984,-0.0042));
#2147=CARTESIAN_POINT('',(0.0620000000000055,-0.0729999999999983,-0.0042));
#2148=CARTESIAN_POINT('',(0.0620000000000055,-0.0729999999999983,-0.0042));
#2149=CARTESIAN_POINT('',(0.0620000000000055,-0.0549999999999984,-0.0042));
#2150=CARTESIAN_POINT('',(0.0620000000000055,-0.0369999999999983,-0.0042));
#2151=CARTESIAN_POINT('',(0.0620000000000055,-0.0369999999999983,-0.0042));
#2152=CARTESIAN_POINT('',(0.0607500000000055,-0.0729999999999983,-0.0042));
#2153=CARTESIAN_POINT('',(0.0595000000000055,-0.0729999999999984,-0.0042));
#2154=CARTESIAN_POINT('',(0.0595000000000055,-0.0729999999999984,-0.0042));
#2155=CARTESIAN_POINT('',(0.0607500000000055,-0.0729999999999983,-0.0042));
#2156=CARTESIAN_POINT('',(0.0595000000000055,-0.0549999999999984,-0.0042));
#2157=CARTESIAN_POINT('',(0.0595000000000055,-0.0369999999999983,-0.0042));
#2158=CARTESIAN_POINT('',(0.0595000000000055,-0.0369999999999983,-0.0042));
#2159=CARTESIAN_POINT('',(0.0595000000000055,-0.0549999999999984,-0.0042));
#2160=CARTESIAN_POINT('',(0.0607500000000055,-0.0369999999999983,-0.0042));
#2161=CARTESIAN_POINT('',(0.0607500000000055,-0.0369999999999983,-0.0042));
#2162=CARTESIAN_POINT('',(0.100000000000007,-0.049531820230186,-0.0042));
#2163=CARTESIAN_POINT('',(0.139250000000008,-0.0729999999999983,-0.0042));
#2164=CARTESIAN_POINT('',(0.138000000000008,-0.0729999999999983,-0.0042));
#2165=CARTESIAN_POINT('',(0.138000000000008,-0.0729999999999983,-0.0042));
#2166=CARTESIAN_POINT('',(0.139250000000008,-0.0729999999999983,-0.0042));
#2167=CARTESIAN_POINT('',(0.140500000000008,-0.0729999999999984,-0.0042));
#2168=CARTESIAN_POINT('',(0.140500000000008,-0.0729999999999984,-0.0042));
#2169=CARTESIAN_POINT('',(0.138000000000008,-0.0549999999999984,-0.0042));
#2170=CARTESIAN_POINT('',(0.138000000000008,-0.0369999999999983,-0.0042));
#2171=CARTESIAN_POINT('',(0.138000000000008,-0.0369999999999983,-0.0042));
#2172=CARTESIAN_POINT('',(0.138000000000008,-0.0549999999999984,-0.0042));
#2173=CARTESIAN_POINT('',(0.139250000000008,-0.0369999999999983,-0.0042));
#2174=CARTESIAN_POINT('',(0.140500000000008,-0.0369999999999983,-0.0042));
#2175=CARTESIAN_POINT('',(0.140500000000008,-0.0369999999999983,-0.0042));
#2176=CARTESIAN_POINT('',(0.139250000000008,-0.0369999999999983,-0.0042));
#2177=CARTESIAN_POINT('',(0.140500000000008,-0.0549999999999984,-0.0042));
#2178=CARTESIAN_POINT('',(0.140500000000008,-0.0549999999999984,-0.0042));
#2179=CARTESIAN_POINT('',(0.100000000000007,-0.049531820230186,-0.0042));
#2180=CARTESIAN_POINT('',(0.0154999999999787,-0.014499999999999,-0.028));
#2181=CARTESIAN_POINT('',(0.0154999999999787,-0.014499999999999,-0.028));
#2182=CARTESIAN_POINT('',(0.0124999999999786,-0.014499999999999,-0.028));
#2183=CARTESIAN_POINT('',(0.16549999999999,-0.0744999999999979,-0.028));
#2184=CARTESIAN_POINT('',(0.16549999999999,-0.0744999999999979,-0.028));
#2185=CARTESIAN_POINT('',(0.16249999999999,-0.0744999999999979,-0.028));
#2186=CARTESIAN_POINT('',(0.16549999999999,-0.0144999999999988,-0.028));
#2187=CARTESIAN_POINT('',(0.16549999999999,-0.0144999999999988,-0.028));
#2188=CARTESIAN_POINT('',(0.16249999999999,-0.0144999999999988,-0.028));
#2189=CARTESIAN_POINT('',(0.0154999999999785,-0.0744999999999977,-0.028));
#2190=CARTESIAN_POINT('',(0.0154999999999785,-0.0744999999999977,-0.028));
#2191=CARTESIAN_POINT('',(0.0124999999999785,-0.0744999999999977,-0.028));
#2192=CARTESIAN_POINT('',(0.0904999999999843,-0.0444999999999983,-0.028));
#2193=CARTESIAN_POINT('',(0.0154999999999785,-0.0744999999999977,-0.028));
#2194=CARTESIAN_POINT('',(0.0138999999999785,-0.0744999999999977,-0.028));
#2195=CARTESIAN_POINT('',(0.0154999999999785,-0.0744999999999977,-0.032));
#2196=CARTESIAN_POINT('',(0.0154999999999785,-0.0744999999999977,-0.032));
#2197=CARTESIAN_POINT('',(0.0138999999999785,-0.0744999999999977,-0.032));
#2198=CARTESIAN_POINT('',(0.0904999999999843,-0.0444999999999983,-0.032));
#2199=CARTESIAN_POINT('',(0.0904999999999843,-0.0444999999999983,-0.028));
#2200=CARTESIAN_POINT('',(0.16549999999999,-0.0144999999999988,-0.028));
#2201=CARTESIAN_POINT('',(0.16389999999999,-0.0144999999999988,-0.028));
#2202=CARTESIAN_POINT('',(0.16549999999999,-0.0144999999999988,-0.032));
#2203=CARTESIAN_POINT('',(0.16549999999999,-0.0144999999999988,-0.032));
#2204=CARTESIAN_POINT('',(0.16389999999999,-0.0144999999999988,-0.032));
#2205=CARTESIAN_POINT('',(0.0904999999999843,-0.0444999999999983,-0.032));
#2206=CARTESIAN_POINT('',(0.0904999999999843,-0.0444999999999983,-0.028));
#2207=CARTESIAN_POINT('',(0.16549999999999,-0.0744999999999979,-0.028));
#2208=CARTESIAN_POINT('',(0.16389999999999,-0.0744999999999979,-0.028));
#2209=CARTESIAN_POINT('',(0.16549999999999,-0.0744999999999979,-0.032));
#2210=CARTESIAN_POINT('',(0.16549999999999,-0.0744999999999979,-0.032));
#2211=CARTESIAN_POINT('',(0.16389999999999,-0.0744999999999979,-0.032));
#2212=CARTESIAN_POINT('',(0.0904999999999843,-0.0444999999999983,-0.032));
#2213=CARTESIAN_POINT('',(0.0904999999999843,-0.0444999999999983,-0.028));
#2214=CARTESIAN_POINT('',(0.0154999999999787,-0.014499999999999,-0.028));
#2215=CARTESIAN_POINT('',(0.0138999999999786,-0.014499999999999,-0.028));
#2216=CARTESIAN_POINT('',(0.0154999999999787,-0.014499999999999,-0.032));
#2217=CARTESIAN_POINT('',(0.0154999999999787,-0.014499999999999,-0.032));
#2218=CARTESIAN_POINT('',(0.0138999999999786,-0.014499999999999,-0.032));
#2219=CARTESIAN_POINT('',(0.0904999999999843,-0.0444999999999983,-0.032));
#2220=CARTESIAN_POINT('',(0.0391547375096476,-0.0759999999999973,-0.006));
#2221=CARTESIAN_POINT('',(0.024374119674628,-0.0759999999999973,-0.003));
#2222=CARTESIAN_POINT('',(0.0233561878470347,-0.0759999999999973,-0.00400369431763298));
#2223=CARTESIAN_POINT('',(0.0223364962617531,-0.0759999999999973,-0.00500559095793444));
#2224=CARTESIAN_POINT('',(0.0213094750192896,-0.0759999999999973,-0.006));
#2225=CARTESIAN_POINT('',(0.0391547375096475,-0.0729999999999973,-0.006));
#2226=CARTESIAN_POINT('',(0.0213094750192895,-0.0729999999999973,-0.006));
#2227=CARTESIAN_POINT('',(0.0223364962617529,-0.0729999999999973,-0.00500559095793445));
#2228=CARTESIAN_POINT('',(0.0233561878470346,-0.0729999999999973,-0.00400369431763298));
#2229=CARTESIAN_POINT('',(0.0243741196746278,-0.0729999999999973,-0.003));
#2230=CARTESIAN_POINT('',(0.0391547375096477,-0.0159999999999983,-0.006));
#2231=CARTESIAN_POINT('',(0.0243741196746282,-0.0159999999999983,-0.003));
#2232=CARTESIAN_POINT('',(0.023356187847035,-0.0159999999999983,-0.00400369431763296));
#2233=CARTESIAN_POINT('',(0.0223364962617534,-0.0159999999999983,-0.00500559095793445));
#2234=CARTESIAN_POINT('',(0.02130947501929,-0.0159999999999983,-0.006));
#2235=CARTESIAN_POINT('',(0.0904999999999843,-0.0129999999999983,-0.006));
#2236=CARTESIAN_POINT('',(0.15662588032534,-0.0129999999999983,-0.003));
#2237=CARTESIAN_POINT('',(0.157643812152934,-0.0129999999999983,-0.004003694317633));
#2238=CARTESIAN_POINT('',(0.158663503738215,-0.0129999999999983,-0.00500559095793443));
#2239=CARTESIAN_POINT('',(0.159690524980679,-0.0129999999999983,-0.006));
#2240=CARTESIAN_POINT('',(0.0213094750192896,-0.0129999999999983,-0.006));
#2241=CARTESIAN_POINT('',(0.0223364962617531,-0.0129999999999983,-0.00500559095793445));
#2242=CARTESIAN_POINT('',(0.0233561878470347,-0.0129999999999983,-0.00400369431763297));
#2243=CARTESIAN_POINT('',(0.024374119674628,-0.0129999999999983,-0.003));
#2244=CARTESIAN_POINT('',(0.151345262490344,-0.0159999999999983,-0.006));
#2245=CARTESIAN_POINT('',(0.159690524980679,-0.0159999999999983,-0.006));
#2246=CARTESIAN_POINT('',(0.158663503738216,-0.0159999999999983,-0.00500559095793441));
#2247=CARTESIAN_POINT('',(0.157643812152934,-0.0159999999999983,-0.00400369431763301));
#2248=CARTESIAN_POINT('',(0.15662588032534,-0.0159999999999983,-0.003));
#2249=CARTESIAN_POINT('',(0.140000000000008,-0.0217499999999981,-0.006));
#2250=CARTESIAN_POINT('',(0.140000000000008,-0.0159999999999983,-0.006));
#2251=CARTESIAN_POINT('',(0.100000000000007,-0.0159999999999983,-0.006));
#2252=CARTESIAN_POINT('',(0.0600000000000056,-0.0159999999999983,-0.006));
#2253=CARTESIAN_POINT('',(0.0600000000000056,-0.0217499999999981,-0.006));
#2254=CARTESIAN_POINT('',(0.202499999999994,-0.0144999999999983,-0.006));
#2255=CARTESIAN_POINT('',(0.202499999999994,-0.0159999999999983,-0.006));
#2256=CARTESIAN_POINT('',(0.202499999999994,-0.0159999999999983,-0.006));
#2257=CARTESIAN_POINT('',(0.202499999999994,-0.0144999999999983,-0.006));
#2258=CARTESIAN_POINT('',(0.202499999999994,-0.0129999999999983,-0.006));
#2259=CARTESIAN_POINT('',(0.202499999999994,-0.0129999999999983,-0.006));
#2260=CARTESIAN_POINT('',(0.186904737509648,-0.0159999999999983,-0.006));
#2261=CARTESIAN_POINT('',(0.174374119674639,-0.0159999999999983,-0.003));
#2262=CARTESIAN_POINT('',(0.173356187847046,-0.0159999999999983,-0.00400369431763292));
#2263=CARTESIAN_POINT('',(0.172336496261765,-0.0159999999999983,-0.00500559095793448));
#2264=CARTESIAN_POINT('',(0.171309475019301,-0.0159999999999983,-0.006));
#2265=CARTESIAN_POINT('',(0.186904737509648,-0.0159999999999983,-0.006));
#2266=CARTESIAN_POINT('',(0.186904737509648,-0.0129999999999983,-0.006));
#2267=CARTESIAN_POINT('',(0.186904737509648,-0.0129999999999983,-0.006));
#2268=CARTESIAN_POINT('',(0.171309475019301,-0.0129999999999983,-0.006));
#2269=CARTESIAN_POINT('',(0.172336496261765,-0.0129999999999983,-0.00500559095793443));
#2270=CARTESIAN_POINT('',(0.173356187847046,-0.0129999999999983,-0.004003694317633));
#2271=CARTESIAN_POINT('',(0.174374119674639,-0.0129999999999983,-0.003));
#2272=CARTESIAN_POINT('',(0.111904737509642,-0.0444999999999978,-0.006));
#2273=CARTESIAN_POINT('',(0.186904737509648,-0.0729999999999974,-0.006));
#2274=CARTESIAN_POINT('',(0.186904737509648,-0.0729999999999974,-0.006));
#2275=CARTESIAN_POINT('',(0.202499999999994,-0.0729999999999974,-0.006));
#2276=CARTESIAN_POINT('',(0.171309475019301,-0.0729999999999974,-0.006));
#2277=CARTESIAN_POINT('',(0.172336496261765,-0.0729999999999974,-0.00500559095793443));
#2278=CARTESIAN_POINT('',(0.173356187847046,-0.0729999999999974,-0.004003694317633));
#2279=CARTESIAN_POINT('',(0.174374119674639,-0.0729999999999974,-0.003));
#2280=CARTESIAN_POINT('',(0.202499999999994,-0.0729999999999974,-0.006));
#2281=CARTESIAN_POINT('',(0.202499999999994,-0.0744999999999974,-0.006));
#2282=CARTESIAN_POINT('',(0.202499999999994,-0.0759999999999974,-0.006));
#2283=CARTESIAN_POINT('',(0.202499999999994,-0.0759999999999974,-0.006));
#2284=CARTESIAN_POINT('',(0.202499999999994,-0.0744999999999974,-0.006));
#2285=CARTESIAN_POINT('',(0.186904737509648,-0.0759999999999974,-0.006));
#2286=CARTESIAN_POINT('',(0.174374119674639,-0.0759999999999974,-0.003));
#2287=CARTESIAN_POINT('',(0.173356187847046,-0.0759999999999974,-0.00400369431763292));
#2288=CARTESIAN_POINT('',(0.172336496261765,-0.0759999999999974,-0.00500559095793448));
#2289=CARTESIAN_POINT('',(0.171309475019301,-0.0759999999999974,-0.006));
#2290=CARTESIAN_POINT('',(0.186904737509648,-0.0759999999999974,-0.006));
#2291=CARTESIAN_POINT('',(0.111904737509642,-0.0444999999999978,-0.006));
#2292=CARTESIAN_POINT('',(0.151345262490344,-0.0729999999999974,-0.006));
#2293=CARTESIAN_POINT('',(0.15662588032534,-0.0729999999999974,-0.003));
#2294=CARTESIAN_POINT('',(0.157643812152934,-0.0729999999999974,-0.004003694317633));
#2295=CARTESIAN_POINT('',(0.158663503738215,-0.0729999999999974,-0.00500559095793443));
#2296=CARTESIAN_POINT('',(0.159690524980679,-0.0729999999999974,-0.006));
#2297=CARTESIAN_POINT('',(0.151345262490344,-0.0759999999999974,-0.006));
#2298=CARTESIAN_POINT('',(0.159690524980679,-0.0759999999999974,-0.006));
#2299=CARTESIAN_POINT('',(0.158663503738216,-0.0759999999999974,-0.00500559095793441));
#2300=CARTESIAN_POINT('',(0.157643812152934,-0.0759999999999974,-0.00400369431763301));
#2301=CARTESIAN_POINT('',(0.15662588032534,-0.0759999999999974,-0.003));
#2302=CARTESIAN_POINT('',(0.16549999999999,-0.0744999999999979,-0.006));
#2303=CARTESIAN_POINT('',(0.16549999999999,-0.0744999999999979,-0.006));
#2304=CARTESIAN_POINT('',(0.16549999999999,-0.0144999999999988,-0.006));
#2305=CARTESIAN_POINT('',(0.16549999999999,-0.0144999999999988,-0.006));
#2306=CARTESIAN_POINT('',(0.0154999999999785,-0.0744999999999977,-0.006));
#2307=CARTESIAN_POINT('',(0.0154999999999787,-0.014499999999999,-0.006));
#2308=MECHANICAL_DESIGN_GEOMETRIC_PRESENTATION_REPRESENTATION('',(#1369),
#2309);
#2309=(
GEOMETRIC_REPRESENTATION_CONTEXT(3)
GLOBAL_UNCERTAINTY_ASSIGNED_CONTEXT((#2310))
GLOBAL_UNIT_ASSIGNED_CONTEXT((#2313,#2312,#2311))
REPRESENTATION_CONTEXT('Part 1','TOP_LEVEL_ASSEMBLY_PART')
);
#2310=UNCERTAINTY_MEASURE_WITH_UNIT(LENGTH_MEASURE(2.E-5),#2313,
'DISTANCE_ACCURACY_VALUE','Maximum Tolerance applied to model');
#2311=(
NAMED_UNIT(*)
SI_UNIT($,.STERADIAN.)
SOLID_ANGLE_UNIT()
);
#2312=(
NAMED_UNIT(*)
PLANE_ANGLE_UNIT()
SI_UNIT($,.RADIAN.)
);
#2313=(
LENGTH_UNIT()
NAMED_UNIT(*)
SI_UNIT($,.METRE.)
);
#2314=PRODUCT_DEFINITION_SHAPE('','',#2315);
#2315=PRODUCT_DEFINITION('','',#2317,#2316);
#2316=PRODUCT_DEFINITION_CONTEXT('',#2323,'design');
#2317=PRODUCT_DEFINITION_FORMATION_WITH_SPECIFIED_SOURCE('','',#2319,
 .NOT_KNOWN.);
#2318=PRODUCT_RELATED_PRODUCT_CATEGORY('','',(#2319));
#2319=PRODUCT('Part 1','Part 1','Part 1',(#2321));
#2320=PRODUCT_CATEGORY('','');
#2321=PRODUCT_CONTEXT('',#2323,'mechanical');
#2322=APPLICATION_PROTOCOL_DEFINITION('international standard',
'ap242_managed_model_based_3d_engineering',2020,#2323);
#2323=APPLICATION_CONTEXT('managed model based 3d engineering');
ENDSEC;
END-ISO-10303-21;
