ISO-10303-21;
HEADER;
/* Generated by software containing ST-Developer
 * from STEP Tools, Inc. (www.steptools.com) 
 */
/* OPTION: using custom renumber hook */

FILE_DESCRIPTION(
/* description */ ('STEP AP242 Edition 2',
'CAx-IF Rec.Pracs.---Representation and Presentation of Product Manufa
cturing Information (PMI)---4.0---2014-10-13',
'CAx-IF Rec.Pracs.---3D Tessellated Geometry---0.4---2014-09-14','2;1',
'CAx-IF Rec.Pracs.---User Defined Attributes---1.5---2016-08-15'),
/* implementation_level */ '2;1');

FILE_NAME(
/* name */ 'meraky',
/* time_stamp */ '2026-07-22T21:02:13Z',
/* author */ (''),
/* organization */ (''),
/* preprocessor_version */ 'ST-DEVELOPER v20',
/* originating_system */ 'ONSHAPE BY PTC INC, 1.218',
/* authorisation */ '  ');

FILE_SCHEMA (('AP242_MANAGED_MODEL_BASED_3D_ENGINEERING_MIM_LF { 1 0 10303 442 3 1 4 }'));
ENDSEC;

DATA;
#10=SHAPE_REPRESENTATION_RELATIONSHIP('','',#1683,#11);
#11=ADVANCED_BREP_SHAPE_REPRESENTATION('',(#1681),#2833);
#12=CONICAL_SURFACE('',#1871,0.006,0.785398163397449);
#13=CONICAL_SURFACE('',#1872,0.006,0.785398163397449);
#14=CONICAL_SURFACE('',#1873,0.006,0.785398163397449);
#15=CONICAL_SURFACE('',#1874,0.006,0.785398163397449);
#16=B_SPLINE_CURVE_WITH_KNOTS('',3,(#2789,#2790,#2791,#2792),
 .UNSPECIFIED.,.F.,.F.,(4,4),(0.,0.00428859497545458),.UNSPECIFIED.);
#17=B_SPLINE_CURVE_WITH_KNOTS('',3,(#2798,#2799,#2800,#2801),
 .UNSPECIFIED.,.F.,.F.,(4,4),(0.,0.00428859497545463),.UNSPECIFIED.);
#18=B_SPLINE_CURVE_WITH_KNOTS('',3,(#2803,#2804,#2805,#2806),
 .UNSPECIFIED.,.F.,.F.,(4,4),(0.,0.00428859497545443),.UNSPECIFIED.);
#19=B_SPLINE_CURVE_WITH_KNOTS('',3,(#2807,#2808,#2809,#2810),
 .UNSPECIFIED.,.F.,.F.,(4,4),(0.,0.00428859497545428),.UNSPECIFIED.);
#20=CYLINDRICAL_SURFACE('',#1703,0.006);
#21=CYLINDRICAL_SURFACE('',#1707,0.006);
#22=CYLINDRICAL_SURFACE('',#1711,0.00375);
#23=CYLINDRICAL_SURFACE('',#1713,0.0025);
#24=CYLINDRICAL_SURFACE('',#1729,0.0015);
#25=CYLINDRICAL_SURFACE('',#1731,0.00250000000001);
#26=CYLINDRICAL_SURFACE('',#1734,0.00250000000001);
#27=CYLINDRICAL_SURFACE('',#1737,0.00250000000001);
#28=CYLINDRICAL_SURFACE('',#1740,0.007975);
#29=CYLINDRICAL_SURFACE('',#1743,0.007975);
#30=CYLINDRICAL_SURFACE('',#1746,0.006);
#31=CYLINDRICAL_SURFACE('',#1759,0.004);
#32=CYLINDRICAL_SURFACE('',#1762,0.004);
#33=CYLINDRICAL_SURFACE('',#1765,0.004);
#34=CYLINDRICAL_SURFACE('',#1766,0.000400000000000012);
#35=CYLINDRICAL_SURFACE('',#1768,0.000400000000000012);
#36=CYLINDRICAL_SURFACE('',#1774,0.00155);
#37=CYLINDRICAL_SURFACE('',#1782,0.0015);
#38=CYLINDRICAL_SURFACE('',#1785,0.0035);
#39=CYLINDRICAL_SURFACE('',#1789,0.0015);
#40=CYLINDRICAL_SURFACE('',#1792,0.0035);
#41=CYLINDRICAL_SURFACE('',#1796,0.0015);
#42=CYLINDRICAL_SURFACE('',#1799,0.0035);
#43=CYLINDRICAL_SURFACE('',#1803,0.0015);
#44=CYLINDRICAL_SURFACE('',#1806,0.0035);
#45=CYLINDRICAL_SURFACE('',#1810,0.0015);
#46=CYLINDRICAL_SURFACE('',#1813,0.0035);
#47=CYLINDRICAL_SURFACE('',#1817,0.008);
#48=CYLINDRICAL_SURFACE('',#1828,0.003);
#49=CYLINDRICAL_SURFACE('',#1830,0.006);
#50=CYLINDRICAL_SURFACE('',#1833,0.003);
#51=CYLINDRICAL_SURFACE('',#1835,0.006);
#52=CYLINDRICAL_SURFACE('',#1838,0.003);
#53=CYLINDRICAL_SURFACE('',#1840,0.003);
#54=CYLINDRICAL_SURFACE('',#1844,0.0016);
#55=CYLINDRICAL_SURFACE('',#1849,0.0016);
#56=CYLINDRICAL_SURFACE('',#1854,0.0016);
#57=CYLINDRICAL_SURFACE('',#1859,0.0016);
#58=LINE('',#2371,#166);
#59=LINE('',#2374,#167);
#60=LINE('',#2376,#168);
#61=LINE('',#2378,#169);
#62=LINE('',#2383,#170);
#63=LINE('',#2386,#171);
#64=LINE('',#2388,#172);
#65=LINE('',#2390,#173);
#66=LINE('',#2391,#174);
#67=LINE('',#2394,#175);
#68=LINE('',#2396,#176);
#69=LINE('',#2398,#177);
#70=LINE('',#2401,#178);
#71=LINE('',#2404,#179);
#72=LINE('',#2406,#180);
#73=LINE('',#2408,#181);
#74=LINE('',#2409,#182);
#75=LINE('',#2412,#183);
#76=LINE('',#2414,#184);
#77=LINE('',#2416,#185);
#78=LINE('',#2437,#186);
#79=LINE('',#2440,#187);
#80=LINE('',#2442,#188);
#81=LINE('',#2444,#189);
#82=LINE('',#2445,#190);
#83=LINE('',#2448,#191);
#84=LINE('',#2450,#192);
#85=LINE('',#2452,#193);
#86=LINE('',#2453,#194);
#87=LINE('',#2458,#195);
#88=LINE('',#2460,#196);
#89=LINE('',#2462,#197);
#90=LINE('',#2464,#198);
#91=LINE('',#2466,#199);
#92=LINE('',#2484,#200);
#93=LINE('',#2488,#201);
#94=LINE('',#2495,#202);
#95=LINE('',#2498,#203);
#96=LINE('',#2499,#204);
#97=LINE('',#2501,#205);
#98=LINE('',#2503,#206);
#99=LINE('',#2505,#207);
#100=LINE('',#2507,#208);
#101=LINE('',#2509,#209);
#102=LINE('',#2512,#210);
#103=LINE('',#2513,#211);
#104=LINE('',#2515,#212);
#105=LINE('',#2517,#213);
#106=LINE('',#2519,#214);
#107=LINE('',#2521,#215);
#108=LINE('',#2523,#216);
#109=LINE('',#2526,#217);
#110=LINE('',#2527,#218);
#111=LINE('',#2529,#219);
#112=LINE('',#2531,#220);
#113=LINE('',#2533,#221);
#114=LINE('',#2535,#222);
#115=LINE('',#2537,#223);
#116=LINE('',#2540,#224);
#117=LINE('',#2541,#225);
#118=LINE('',#2543,#226);
#119=LINE('',#2545,#227);
#120=LINE('',#2547,#228);
#121=LINE('',#2549,#229);
#122=LINE('',#2551,#230);
#123=LINE('',#2586,#231);
#124=LINE('',#2588,#232);
#125=LINE('',#2590,#233);
#126=LINE('',#2628,#234);
#127=LINE('',#2631,#235);
#128=LINE('',#2633,#236);
#129=LINE('',#2635,#237);
#130=LINE('',#2637,#238);
#131=LINE('',#2639,#239);
#132=LINE('',#2640,#240);
#133=LINE('',#2642,#241);
#134=LINE('',#2644,#242);
#135=LINE('',#2646,#243);
#136=LINE('',#2648,#244);
#137=LINE('',#2650,#245);
#138=LINE('',#2651,#246);
#139=LINE('',#2705,#247);
#140=LINE('',#2707,#248);
#141=LINE('',#2709,#249);
#142=LINE('',#2711,#250);
#143=LINE('',#2713,#251);
#144=LINE('',#2715,#252);
#145=LINE('',#2717,#253);
#146=LINE('',#2719,#254);
#147=LINE('',#2722,#255);
#148=LINE('',#2724,#256);
#149=LINE('',#2726,#257);
#150=LINE('',#2728,#258);
#151=LINE('',#2730,#259);
#152=LINE('',#2732,#260);
#153=LINE('',#2734,#261);
#154=LINE('',#2736,#262);
#155=LINE('',#2793,#263);
#156=LINE('',#2795,#264);
#157=LINE('',#2796,#265);
#158=LINE('',#2812,#266);
#159=LINE('',#2814,#267);
#160=LINE('',#2816,#268);
#161=LINE('',#2818,#269);
#162=LINE('',#2820,#270);
#163=LINE('',#2822,#271);
#164=LINE('',#2824,#272);
#165=LINE('',#2826,#273);
#166=VECTOR('',#1883,1.);
#167=VECTOR('',#1884,1.);
#168=VECTOR('',#1885,1.);
#169=VECTOR('',#1886,1.);
#170=VECTOR('',#1891,1.);
#171=VECTOR('',#1892,1.);
#172=VECTOR('',#1893,1.);
#173=VECTOR('',#1894,1.);
#174=VECTOR('',#1895,1.);
#175=VECTOR('',#1896,1.);
#176=VECTOR('',#1897,1.);
#177=VECTOR('',#1898,1.);
#178=VECTOR('',#1901,1.);
#179=VECTOR('',#1902,1.);
#180=VECTOR('',#1903,1.);
#181=VECTOR('',#1904,1.);
#182=VECTOR('',#1905,1.);
#183=VECTOR('',#1906,1.);
#184=VECTOR('',#1907,1.);
#185=VECTOR('',#1908,1.);
#186=VECTOR('',#1929,1.);
#187=VECTOR('',#1930,1.);
#188=VECTOR('',#1931,1.);
#189=VECTOR('',#1932,1.);
#190=VECTOR('',#1933,1.);
#191=VECTOR('',#1934,1.);
#192=VECTOR('',#1935,1.);
#193=VECTOR('',#1936,1.);
#194=VECTOR('',#1937,1.);
#195=VECTOR('',#1940,1.);
#196=VECTOR('',#1941,1.);
#197=VECTOR('',#1942,1.);
#198=VECTOR('',#1943,1.);
#199=VECTOR('',#1944,1.);
#200=VECTOR('',#1965,1.);
#201=VECTOR('',#1968,1.);
#202=VECTOR('',#1977,1.);
#203=VECTOR('',#1978,1.);
#204=VECTOR('',#1979,1.);
#205=VECTOR('',#1982,1.);
#206=VECTOR('',#1983,1.);
#207=VECTOR('',#1986,1.);
#208=VECTOR('',#1987,1.);
#209=VECTOR('',#1990,1.);
#210=VECTOR('',#1991,1.);
#211=VECTOR('',#1992,1.);
#212=VECTOR('',#1995,1.);
#213=VECTOR('',#1996,1.);
#214=VECTOR('',#1999,1.);
#215=VECTOR('',#2000,1.);
#216=VECTOR('',#2003,1.);
#217=VECTOR('',#2004,1.);
#218=VECTOR('',#2005,1.);
#219=VECTOR('',#2008,1.);
#220=VECTOR('',#2009,1.);
#221=VECTOR('',#2012,1.);
#222=VECTOR('',#2013,1.);
#223=VECTOR('',#2016,1.);
#224=VECTOR('',#2017,1.);
#225=VECTOR('',#2018,1.);
#226=VECTOR('',#2021,1.);
#227=VECTOR('',#2022,1.);
#228=VECTOR('',#2025,1.);
#229=VECTOR('',#2026,1.);
#230=VECTOR('',#2029,1.);
#231=VECTOR('',#2072,1.);
#232=VECTOR('',#2075,1.);
#233=VECTOR('',#2078,1.);
#234=VECTOR('',#2131,1.);
#235=VECTOR('',#2132,1.);
#236=VECTOR('',#2133,1.);
#237=VECTOR('',#2134,1.);
#238=VECTOR('',#2137,1.);
#239=VECTOR('',#2138,1.);
#240=VECTOR('',#2139,1.);
#241=VECTOR('',#2140,1.);
#242=VECTOR('',#2143,1.);
#243=VECTOR('',#2144,1.);
#244=VECTOR('',#2147,1.);
#245=VECTOR('',#2148,1.);
#246=VECTOR('',#2149,1.);
#247=VECTOR('',#2226,1.);
#248=VECTOR('',#2227,1.);
#249=VECTOR('',#2228,1.);
#250=VECTOR('',#2231,1.);
#251=VECTOR('',#2232,1.);
#252=VECTOR('',#2235,1.);
#253=VECTOR('',#2236,1.);
#254=VECTOR('',#2239,1.);
#255=VECTOR('',#2244,1.);
#256=VECTOR('',#2245,1.);
#257=VECTOR('',#2246,1.);
#258=VECTOR('',#2249,1.);
#259=VECTOR('',#2250,1.);
#260=VECTOR('',#2253,1.);
#261=VECTOR('',#2254,1.);
#262=VECTOR('',#2257,1.);
#263=VECTOR('',#2330,1.);
#264=VECTOR('',#2333,1.);
#265=VECTOR('',#2334,1.);
#266=VECTOR('',#2341,1.);
#267=VECTOR('',#2342,1.);
#268=VECTOR('',#2343,1.);
#269=VECTOR('',#2346,1.);
#270=VECTOR('',#2347,1.);
#271=VECTOR('',#2350,1.);
#272=VECTOR('',#2351,1.);
#273=VECTOR('',#2354,1.);
#274=ORIENTED_EDGE('',*,*,#662,.T.);
#275=ORIENTED_EDGE('',*,*,#663,.T.);
#276=ORIENTED_EDGE('',*,*,#664,.F.);
#277=ORIENTED_EDGE('',*,*,#665,.T.);
#278=ORIENTED_EDGE('',*,*,#666,.T.);
#279=ORIENTED_EDGE('',*,*,#667,.F.);
#280=ORIENTED_EDGE('',*,*,#668,.F.);
#281=ORIENTED_EDGE('',*,*,#669,.F.);
#282=ORIENTED_EDGE('',*,*,#670,.F.);
#283=ORIENTED_EDGE('',*,*,#671,.T.);
#284=ORIENTED_EDGE('',*,*,#672,.T.);
#285=ORIENTED_EDGE('',*,*,#673,.F.);
#286=ORIENTED_EDGE('',*,*,#674,.T.);
#287=ORIENTED_EDGE('',*,*,#675,.T.);
#288=ORIENTED_EDGE('',*,*,#676,.F.);
#289=ORIENTED_EDGE('',*,*,#677,.F.);
#290=ORIENTED_EDGE('',*,*,#678,.T.);
#291=ORIENTED_EDGE('',*,*,#679,.T.);
#292=ORIENTED_EDGE('',*,*,#680,.T.);
#293=ORIENTED_EDGE('',*,*,#681,.F.);
#294=ORIENTED_EDGE('',*,*,#682,.F.);
#295=ORIENTED_EDGE('',*,*,#683,.T.);
#296=ORIENTED_EDGE('',*,*,#684,.T.);
#297=ORIENTED_EDGE('',*,*,#685,.F.);
#298=ORIENTED_EDGE('',*,*,#686,.F.);
#299=ORIENTED_EDGE('',*,*,#687,.F.);
#300=ORIENTED_EDGE('',*,*,#688,.F.);
#301=ORIENTED_EDGE('',*,*,#689,.F.);
#302=ORIENTED_EDGE('',*,*,#690,.F.);
#303=ORIENTED_EDGE('',*,*,#691,.F.);
#304=ORIENTED_EDGE('',*,*,#692,.F.);
#305=ORIENTED_EDGE('',*,*,#693,.F.);
#306=ORIENTED_EDGE('',*,*,#694,.F.);
#307=ORIENTED_EDGE('',*,*,#695,.F.);
#308=ORIENTED_EDGE('',*,*,#696,.F.);
#309=ORIENTED_EDGE('',*,*,#697,.F.);
#310=ORIENTED_EDGE('',*,*,#698,.T.);
#311=ORIENTED_EDGE('',*,*,#699,.T.);
#312=ORIENTED_EDGE('',*,*,#700,.F.);
#313=ORIENTED_EDGE('',*,*,#701,.F.);
#314=ORIENTED_EDGE('',*,*,#702,.T.);
#315=ORIENTED_EDGE('',*,*,#703,.T.);
#316=ORIENTED_EDGE('',*,*,#704,.F.);
#317=ORIENTED_EDGE('',*,*,#705,.F.);
#318=ORIENTED_EDGE('',*,*,#706,.T.);
#319=ORIENTED_EDGE('',*,*,#707,.T.);
#320=ORIENTED_EDGE('',*,*,#708,.F.);
#321=ORIENTED_EDGE('',*,*,#709,.T.);
#322=ORIENTED_EDGE('',*,*,#710,.T.);
#323=ORIENTED_EDGE('',*,*,#711,.T.);
#324=ORIENTED_EDGE('',*,*,#712,.T.);
#325=ORIENTED_EDGE('',*,*,#713,.F.);
#326=ORIENTED_EDGE('',*,*,#714,.T.);
#327=ORIENTED_EDGE('',*,*,#715,.T.);
#328=ORIENTED_EDGE('',*,*,#716,.F.);
#329=ORIENTED_EDGE('',*,*,#717,.T.);
#330=ORIENTED_EDGE('',*,*,#718,.T.);
#331=ORIENTED_EDGE('',*,*,#719,.F.);
#332=ORIENTED_EDGE('',*,*,#720,.T.);
#333=ORIENTED_EDGE('',*,*,#721,.T.);
#334=ORIENTED_EDGE('',*,*,#696,.T.);
#335=ORIENTED_EDGE('',*,*,#722,.T.);
#336=ORIENTED_EDGE('',*,*,#723,.F.);
#337=ORIENTED_EDGE('',*,*,#724,.F.);
#338=ORIENTED_EDGE('',*,*,#725,.F.);
#339=ORIENTED_EDGE('',*,*,#670,.T.);
#340=ORIENTED_EDGE('',*,*,#726,.T.);
#341=ORIENTED_EDGE('',*,*,#727,.F.);
#342=ORIENTED_EDGE('',*,*,#726,.F.);
#343=ORIENTED_EDGE('',*,*,#673,.T.);
#344=ORIENTED_EDGE('',*,*,#728,.T.);
#345=ORIENTED_EDGE('',*,*,#729,.T.);
#346=ORIENTED_EDGE('',*,*,#728,.F.);
#347=ORIENTED_EDGE('',*,*,#672,.F.);
#348=ORIENTED_EDGE('',*,*,#730,.T.);
#349=ORIENTED_EDGE('',*,*,#731,.T.);
#350=ORIENTED_EDGE('',*,*,#732,.F.);
#351=ORIENTED_EDGE('',*,*,#674,.F.);
#352=ORIENTED_EDGE('',*,*,#733,.T.);
#353=ORIENTED_EDGE('',*,*,#734,.F.);
#354=ORIENTED_EDGE('',*,*,#733,.F.);
#355=ORIENTED_EDGE('',*,*,#677,.T.);
#356=ORIENTED_EDGE('',*,*,#735,.T.);
#357=ORIENTED_EDGE('',*,*,#736,.F.);
#358=ORIENTED_EDGE('',*,*,#735,.F.);
#359=ORIENTED_EDGE('',*,*,#676,.T.);
#360=ORIENTED_EDGE('',*,*,#737,.T.);
#361=ORIENTED_EDGE('',*,*,#738,.T.);
#362=ORIENTED_EDGE('',*,*,#739,.F.);
#363=ORIENTED_EDGE('',*,*,#679,.F.);
#364=ORIENTED_EDGE('',*,*,#740,.T.);
#365=ORIENTED_EDGE('',*,*,#741,.F.);
#366=ORIENTED_EDGE('',*,*,#740,.F.);
#367=ORIENTED_EDGE('',*,*,#682,.T.);
#368=ORIENTED_EDGE('',*,*,#742,.T.);
#369=ORIENTED_EDGE('',*,*,#743,.F.);
#370=ORIENTED_EDGE('',*,*,#742,.F.);
#371=ORIENTED_EDGE('',*,*,#681,.T.);
#372=ORIENTED_EDGE('',*,*,#744,.T.);
#373=ORIENTED_EDGE('',*,*,#745,.T.);
#374=ORIENTED_EDGE('',*,*,#746,.F.);
#375=ORIENTED_EDGE('',*,*,#683,.F.);
#376=ORIENTED_EDGE('',*,*,#747,.T.);
#377=ORIENTED_EDGE('',*,*,#748,.F.);
#378=ORIENTED_EDGE('',*,*,#747,.F.);
#379=ORIENTED_EDGE('',*,*,#686,.T.);
#380=ORIENTED_EDGE('',*,*,#749,.T.);
#381=ORIENTED_EDGE('',*,*,#750,.F.);
#382=ORIENTED_EDGE('',*,*,#749,.F.);
#383=ORIENTED_EDGE('',*,*,#685,.T.);
#384=ORIENTED_EDGE('',*,*,#751,.T.);
#385=ORIENTED_EDGE('',*,*,#752,.T.);
#386=ORIENTED_EDGE('',*,*,#737,.F.);
#387=ORIENTED_EDGE('',*,*,#675,.F.);
#388=ORIENTED_EDGE('',*,*,#732,.T.);
#389=ORIENTED_EDGE('',*,*,#678,.F.);
#390=ORIENTED_EDGE('',*,*,#753,.T.);
#391=ORIENTED_EDGE('',*,*,#754,.T.);
#392=ORIENTED_EDGE('',*,*,#755,.F.);
#393=ORIENTED_EDGE('',*,*,#756,.T.);
#394=ORIENTED_EDGE('',*,*,#757,.F.);
#395=ORIENTED_EDGE('',*,*,#758,.T.);
#396=ORIENTED_EDGE('',*,*,#759,.F.);
#397=ORIENTED_EDGE('',*,*,#760,.T.);
#398=ORIENTED_EDGE('',*,*,#761,.F.);
#399=ORIENTED_EDGE('',*,*,#762,.T.);
#400=ORIENTED_EDGE('',*,*,#763,.F.);
#401=ORIENTED_EDGE('',*,*,#764,.T.);
#402=ORIENTED_EDGE('',*,*,#765,.T.);
#403=ORIENTED_EDGE('',*,*,#766,.T.);
#404=ORIENTED_EDGE('',*,*,#744,.F.);
#405=ORIENTED_EDGE('',*,*,#680,.F.);
#406=ORIENTED_EDGE('',*,*,#739,.T.);
#407=ORIENTED_EDGE('',*,*,#767,.T.);
#408=ORIENTED_EDGE('',*,*,#751,.F.);
#409=ORIENTED_EDGE('',*,*,#684,.F.);
#410=ORIENTED_EDGE('',*,*,#746,.T.);
#411=ORIENTED_EDGE('',*,*,#768,.T.);
#412=ORIENTED_EDGE('',*,*,#730,.F.);
#413=ORIENTED_EDGE('',*,*,#671,.F.);
#414=ORIENTED_EDGE('',*,*,#725,.T.);
#415=ORIENTED_EDGE('',*,*,#769,.T.);
#416=ORIENTED_EDGE('',*,*,#770,.T.);
#417=ORIENTED_EDGE('',*,*,#771,.T.);
#418=ORIENTED_EDGE('',*,*,#772,.T.);
#419=ORIENTED_EDGE('',*,*,#745,.F.);
#420=ORIENTED_EDGE('',*,*,#748,.T.);
#421=ORIENTED_EDGE('',*,*,#750,.T.);
#422=ORIENTED_EDGE('',*,*,#767,.F.);
#423=ORIENTED_EDGE('',*,*,#738,.F.);
#424=ORIENTED_EDGE('',*,*,#741,.T.);
#425=ORIENTED_EDGE('',*,*,#743,.T.);
#426=ORIENTED_EDGE('',*,*,#766,.F.);
#427=ORIENTED_EDGE('',*,*,#764,.F.);
#428=ORIENTED_EDGE('',*,*,#762,.F.);
#429=ORIENTED_EDGE('',*,*,#760,.F.);
#430=ORIENTED_EDGE('',*,*,#758,.F.);
#431=ORIENTED_EDGE('',*,*,#756,.F.);
#432=ORIENTED_EDGE('',*,*,#754,.F.);
#433=ORIENTED_EDGE('',*,*,#722,.F.);
#434=ORIENTED_EDGE('',*,*,#753,.F.);
#435=ORIENTED_EDGE('',*,*,#731,.F.);
#436=ORIENTED_EDGE('',*,*,#734,.T.);
#437=ORIENTED_EDGE('',*,*,#736,.T.);
#438=ORIENTED_EDGE('',*,*,#752,.F.);
#439=ORIENTED_EDGE('',*,*,#724,.T.);
#440=ORIENTED_EDGE('',*,*,#727,.T.);
#441=ORIENTED_EDGE('',*,*,#729,.F.);
#442=ORIENTED_EDGE('',*,*,#768,.F.);
#443=ORIENTED_EDGE('',*,*,#755,.T.);
#444=ORIENTED_EDGE('',*,*,#773,.F.);
#445=ORIENTED_EDGE('',*,*,#773,.T.);
#446=ORIENTED_EDGE('',*,*,#687,.T.);
#447=ORIENTED_EDGE('',*,*,#757,.T.);
#448=ORIENTED_EDGE('',*,*,#774,.F.);
#449=ORIENTED_EDGE('',*,*,#774,.T.);
#450=ORIENTED_EDGE('',*,*,#688,.T.);
#451=ORIENTED_EDGE('',*,*,#759,.T.);
#452=ORIENTED_EDGE('',*,*,#775,.F.);
#453=ORIENTED_EDGE('',*,*,#775,.T.);
#454=ORIENTED_EDGE('',*,*,#689,.T.);
#455=ORIENTED_EDGE('',*,*,#776,.F.);
#456=ORIENTED_EDGE('',*,*,#668,.T.);
#457=ORIENTED_EDGE('',*,*,#777,.F.);
#458=ORIENTED_EDGE('',*,*,#669,.T.);
#459=ORIENTED_EDGE('',*,*,#777,.T.);
#460=ORIENTED_EDGE('',*,*,#776,.T.);
#461=ORIENTED_EDGE('',*,*,#723,.T.);
#462=ORIENTED_EDGE('',*,*,#778,.T.);
#463=ORIENTED_EDGE('',*,*,#720,.F.);
#464=ORIENTED_EDGE('',*,*,#779,.T.);
#465=ORIENTED_EDGE('',*,*,#765,.F.);
#466=ORIENTED_EDGE('',*,*,#778,.F.);
#467=ORIENTED_EDGE('',*,*,#780,.F.);
#468=ORIENTED_EDGE('',*,*,#780,.T.);
#469=ORIENTED_EDGE('',*,*,#761,.T.);
#470=ORIENTED_EDGE('',*,*,#763,.T.);
#471=ORIENTED_EDGE('',*,*,#781,.T.);
#472=ORIENTED_EDGE('',*,*,#782,.F.);
#473=ORIENTED_EDGE('',*,*,#783,.F.);
#474=ORIENTED_EDGE('',*,*,#784,.T.);
#475=ORIENTED_EDGE('',*,*,#785,.F.);
#476=ORIENTED_EDGE('',*,*,#710,.F.);
#477=ORIENTED_EDGE('',*,*,#786,.F.);
#478=ORIENTED_EDGE('',*,*,#784,.F.);
#479=ORIENTED_EDGE('',*,*,#787,.T.);
#480=ORIENTED_EDGE('',*,*,#788,.F.);
#481=ORIENTED_EDGE('',*,*,#789,.T.);
#482=ORIENTED_EDGE('',*,*,#790,.T.);
#483=ORIENTED_EDGE('',*,*,#787,.F.);
#484=ORIENTED_EDGE('',*,*,#783,.T.);
#485=ORIENTED_EDGE('',*,*,#708,.T.);
#486=ORIENTED_EDGE('',*,*,#791,.T.);
#487=ORIENTED_EDGE('',*,*,#792,.T.);
#488=ORIENTED_EDGE('',*,*,#789,.F.);
#489=ORIENTED_EDGE('',*,*,#782,.T.);
#490=ORIENTED_EDGE('',*,*,#793,.T.);
#491=ORIENTED_EDGE('',*,*,#781,.F.);
#492=ORIENTED_EDGE('',*,*,#786,.T.);
#493=ORIENTED_EDGE('',*,*,#709,.F.);
#494=ORIENTED_EDGE('',*,*,#793,.F.);
#495=ORIENTED_EDGE('',*,*,#794,.T.);
#496=ORIENTED_EDGE('',*,*,#795,.F.);
#497=ORIENTED_EDGE('',*,*,#796,.F.);
#498=ORIENTED_EDGE('',*,*,#690,.T.);
#499=ORIENTED_EDGE('',*,*,#794,.F.);
#500=ORIENTED_EDGE('',*,*,#796,.T.);
#501=ORIENTED_EDGE('',*,*,#795,.T.);
#502=ORIENTED_EDGE('',*,*,#797,.T.);
#503=ORIENTED_EDGE('',*,*,#798,.F.);
#504=ORIENTED_EDGE('',*,*,#799,.F.);
#505=ORIENTED_EDGE('',*,*,#691,.T.);
#506=ORIENTED_EDGE('',*,*,#797,.F.);
#507=ORIENTED_EDGE('',*,*,#799,.T.);
#508=ORIENTED_EDGE('',*,*,#798,.T.);
#509=ORIENTED_EDGE('',*,*,#800,.T.);
#510=ORIENTED_EDGE('',*,*,#801,.F.);
#511=ORIENTED_EDGE('',*,*,#802,.F.);
#512=ORIENTED_EDGE('',*,*,#692,.T.);
#513=ORIENTED_EDGE('',*,*,#800,.F.);
#514=ORIENTED_EDGE('',*,*,#802,.T.);
#515=ORIENTED_EDGE('',*,*,#801,.T.);
#516=ORIENTED_EDGE('',*,*,#803,.T.);
#517=ORIENTED_EDGE('',*,*,#804,.F.);
#518=ORIENTED_EDGE('',*,*,#805,.F.);
#519=ORIENTED_EDGE('',*,*,#693,.T.);
#520=ORIENTED_EDGE('',*,*,#803,.F.);
#521=ORIENTED_EDGE('',*,*,#805,.T.);
#522=ORIENTED_EDGE('',*,*,#804,.T.);
#523=ORIENTED_EDGE('',*,*,#806,.T.);
#524=ORIENTED_EDGE('',*,*,#807,.F.);
#525=ORIENTED_EDGE('',*,*,#808,.F.);
#526=ORIENTED_EDGE('',*,*,#694,.T.);
#527=ORIENTED_EDGE('',*,*,#806,.F.);
#528=ORIENTED_EDGE('',*,*,#808,.T.);
#529=ORIENTED_EDGE('',*,*,#807,.T.);
#530=ORIENTED_EDGE('',*,*,#695,.T.);
#531=ORIENTED_EDGE('',*,*,#721,.F.);
#532=ORIENTED_EDGE('',*,*,#779,.F.);
#533=ORIENTED_EDGE('',*,*,#719,.T.);
#534=ORIENTED_EDGE('',*,*,#698,.F.);
#535=ORIENTED_EDGE('',*,*,#809,.F.);
#536=ORIENTED_EDGE('',*,*,#810,.T.);
#537=ORIENTED_EDGE('',*,*,#811,.T.);
#538=ORIENTED_EDGE('',*,*,#697,.T.);
#539=ORIENTED_EDGE('',*,*,#812,.F.);
#540=ORIENTED_EDGE('',*,*,#813,.F.);
#541=ORIENTED_EDGE('',*,*,#809,.T.);
#542=ORIENTED_EDGE('',*,*,#700,.T.);
#543=ORIENTED_EDGE('',*,*,#814,.F.);
#544=ORIENTED_EDGE('',*,*,#815,.F.);
#545=ORIENTED_EDGE('',*,*,#812,.T.);
#546=ORIENTED_EDGE('',*,*,#699,.F.);
#547=ORIENTED_EDGE('',*,*,#811,.F.);
#548=ORIENTED_EDGE('',*,*,#816,.T.);
#549=ORIENTED_EDGE('',*,*,#814,.T.);
#550=ORIENTED_EDGE('',*,*,#810,.F.);
#551=ORIENTED_EDGE('',*,*,#813,.T.);
#552=ORIENTED_EDGE('',*,*,#815,.T.);
#553=ORIENTED_EDGE('',*,*,#816,.F.);
#554=ORIENTED_EDGE('',*,*,#702,.F.);
#555=ORIENTED_EDGE('',*,*,#817,.F.);
#556=ORIENTED_EDGE('',*,*,#818,.T.);
#557=ORIENTED_EDGE('',*,*,#819,.T.);
#558=ORIENTED_EDGE('',*,*,#701,.T.);
#559=ORIENTED_EDGE('',*,*,#820,.F.);
#560=ORIENTED_EDGE('',*,*,#821,.F.);
#561=ORIENTED_EDGE('',*,*,#817,.T.);
#562=ORIENTED_EDGE('',*,*,#704,.T.);
#563=ORIENTED_EDGE('',*,*,#822,.F.);
#564=ORIENTED_EDGE('',*,*,#823,.F.);
#565=ORIENTED_EDGE('',*,*,#820,.T.);
#566=ORIENTED_EDGE('',*,*,#703,.F.);
#567=ORIENTED_EDGE('',*,*,#819,.F.);
#568=ORIENTED_EDGE('',*,*,#824,.T.);
#569=ORIENTED_EDGE('',*,*,#822,.T.);
#570=ORIENTED_EDGE('',*,*,#818,.F.);
#571=ORIENTED_EDGE('',*,*,#821,.T.);
#572=ORIENTED_EDGE('',*,*,#823,.T.);
#573=ORIENTED_EDGE('',*,*,#824,.F.);
#574=ORIENTED_EDGE('',*,*,#825,.T.);
#575=ORIENTED_EDGE('',*,*,#772,.F.);
#576=ORIENTED_EDGE('',*,*,#826,.T.);
#577=ORIENTED_EDGE('',*,*,#827,.F.);
#578=ORIENTED_EDGE('',*,*,#828,.T.);
#579=ORIENTED_EDGE('',*,*,#770,.F.);
#580=ORIENTED_EDGE('',*,*,#829,.T.);
#581=ORIENTED_EDGE('',*,*,#830,.F.);
#582=ORIENTED_EDGE('',*,*,#831,.T.);
#583=ORIENTED_EDGE('',*,*,#771,.F.);
#584=ORIENTED_EDGE('',*,*,#832,.T.);
#585=ORIENTED_EDGE('',*,*,#769,.F.);
#586=ORIENTED_EDGE('',*,*,#833,.T.);
#587=ORIENTED_EDGE('',*,*,#832,.F.);
#588=ORIENTED_EDGE('',*,*,#834,.T.);
#589=ORIENTED_EDGE('',*,*,#833,.F.);
#590=ORIENTED_EDGE('',*,*,#834,.F.);
#591=ORIENTED_EDGE('',*,*,#716,.T.);
#592=ORIENTED_EDGE('',*,*,#835,.T.);
#593=ORIENTED_EDGE('',*,*,#831,.F.);
#594=ORIENTED_EDGE('',*,*,#836,.T.);
#595=ORIENTED_EDGE('',*,*,#835,.F.);
#596=ORIENTED_EDGE('',*,*,#836,.F.);
#597=ORIENTED_EDGE('',*,*,#713,.T.);
#598=ORIENTED_EDGE('',*,*,#837,.T.);
#599=ORIENTED_EDGE('',*,*,#828,.F.);
#600=ORIENTED_EDGE('',*,*,#838,.T.);
#601=ORIENTED_EDGE('',*,*,#837,.F.);
#602=ORIENTED_EDGE('',*,*,#838,.F.);
#603=ORIENTED_EDGE('',*,*,#830,.T.);
#604=ORIENTED_EDGE('',*,*,#839,.T.);
#605=ORIENTED_EDGE('',*,*,#825,.F.);
#606=ORIENTED_EDGE('',*,*,#840,.T.);
#607=ORIENTED_EDGE('',*,*,#839,.F.);
#608=ORIENTED_EDGE('',*,*,#840,.F.);
#609=ORIENTED_EDGE('',*,*,#827,.T.);
#610=ORIENTED_EDGE('',*,*,#707,.F.);
#611=ORIENTED_EDGE('',*,*,#841,.T.);
#612=ORIENTED_EDGE('',*,*,#842,.T.);
#613=ORIENTED_EDGE('',*,*,#791,.F.);
#614=ORIENTED_EDGE('',*,*,#792,.F.);
#615=ORIENTED_EDGE('',*,*,#842,.F.);
#616=ORIENTED_EDGE('',*,*,#714,.F.);
#617=ORIENTED_EDGE('',*,*,#843,.T.);
#618=ORIENTED_EDGE('',*,*,#717,.F.);
#619=ORIENTED_EDGE('',*,*,#844,.F.);
#620=ORIENTED_EDGE('',*,*,#788,.T.);
#621=ORIENTED_EDGE('',*,*,#790,.F.);
#622=ORIENTED_EDGE('',*,*,#844,.T.);
#623=ORIENTED_EDGE('',*,*,#845,.T.);
#624=ORIENTED_EDGE('',*,*,#711,.F.);
#625=ORIENTED_EDGE('',*,*,#785,.T.);
#626=ORIENTED_EDGE('',*,*,#843,.F.);
#627=ORIENTED_EDGE('',*,*,#846,.T.);
#628=ORIENTED_EDGE('',*,*,#705,.T.);
#629=ORIENTED_EDGE('',*,*,#847,.T.);
#630=ORIENTED_EDGE('',*,*,#665,.F.);
#631=ORIENTED_EDGE('',*,*,#848,.F.);
#632=ORIENTED_EDGE('',*,*,#849,.T.);
#633=ORIENTED_EDGE('',*,*,#850,.T.);
#634=ORIENTED_EDGE('',*,*,#664,.T.);
#635=ORIENTED_EDGE('',*,*,#851,.F.);
#636=ORIENTED_EDGE('',*,*,#852,.F.);
#637=ORIENTED_EDGE('',*,*,#848,.T.);
#638=ORIENTED_EDGE('',*,*,#667,.T.);
#639=ORIENTED_EDGE('',*,*,#853,.F.);
#640=ORIENTED_EDGE('',*,*,#854,.F.);
#641=ORIENTED_EDGE('',*,*,#851,.T.);
#642=ORIENTED_EDGE('',*,*,#666,.F.);
#643=ORIENTED_EDGE('',*,*,#850,.F.);
#644=ORIENTED_EDGE('',*,*,#855,.T.);
#645=ORIENTED_EDGE('',*,*,#853,.T.);
#646=ORIENTED_EDGE('',*,*,#849,.F.);
#647=ORIENTED_EDGE('',*,*,#852,.T.);
#648=ORIENTED_EDGE('',*,*,#854,.T.);
#649=ORIENTED_EDGE('',*,*,#855,.F.);
#650=ORIENTED_EDGE('',*,*,#841,.F.);
#651=ORIENTED_EDGE('',*,*,#706,.F.);
#652=ORIENTED_EDGE('',*,*,#846,.F.);
#653=ORIENTED_EDGE('',*,*,#715,.F.);
#654=ORIENTED_EDGE('',*,*,#847,.F.);
#655=ORIENTED_EDGE('',*,*,#712,.F.);
#656=ORIENTED_EDGE('',*,*,#845,.F.);
#657=ORIENTED_EDGE('',*,*,#718,.F.);
#658=ORIENTED_EDGE('',*,*,#662,.F.);
#659=ORIENTED_EDGE('',*,*,#826,.F.);
#660=ORIENTED_EDGE('',*,*,#663,.F.);
#661=ORIENTED_EDGE('',*,*,#829,.F.);
#662=EDGE_CURVE('',#856,#856,#1008,.T.);
#663=EDGE_CURVE('',#857,#857,#1009,.T.);
#664=EDGE_CURVE('',#858,#859,#58,.T.);
#665=EDGE_CURVE('',#858,#860,#59,.T.);
#666=EDGE_CURVE('',#860,#861,#60,.T.);
#667=EDGE_CURVE('',#859,#861,#61,.T.);
#668=EDGE_CURVE('',#862,#862,#1010,.T.);
#669=EDGE_CURVE('',#863,#863,#1011,.T.);
#670=EDGE_CURVE('',#864,#865,#62,.T.);
#671=EDGE_CURVE('',#864,#866,#63,.T.);
#672=EDGE_CURVE('',#866,#867,#64,.T.);
#673=EDGE_CURVE('',#865,#867,#65,.T.);
#674=EDGE_CURVE('',#868,#869,#66,.T.);
#675=EDGE_CURVE('',#869,#870,#67,.T.);
#676=EDGE_CURVE('',#871,#870,#68,.T.);
#677=EDGE_CURVE('',#868,#871,#69,.T.);
#678=EDGE_CURVE('',#872,#872,#1012,.T.);
#679=EDGE_CURVE('',#873,#874,#70,.T.);
#680=EDGE_CURVE('',#874,#875,#71,.T.);
#681=EDGE_CURVE('',#876,#875,#72,.T.);
#682=EDGE_CURVE('',#873,#876,#73,.T.);
#683=EDGE_CURVE('',#877,#878,#74,.T.);
#684=EDGE_CURVE('',#878,#879,#75,.T.);
#685=EDGE_CURVE('',#880,#879,#76,.T.);
#686=EDGE_CURVE('',#877,#880,#77,.T.);
#687=EDGE_CURVE('',#881,#881,#1013,.T.);
#688=EDGE_CURVE('',#882,#882,#1014,.T.);
#689=EDGE_CURVE('',#883,#883,#1015,.T.);
#690=EDGE_CURVE('',#884,#884,#1016,.F.);
#691=EDGE_CURVE('',#885,#885,#1017,.F.);
#692=EDGE_CURVE('',#886,#886,#1018,.F.);
#693=EDGE_CURVE('',#887,#887,#1019,.F.);
#694=EDGE_CURVE('',#888,#888,#1020,.F.);
#695=EDGE_CURVE('',#889,#890,#1021,.T.);
#696=EDGE_CURVE('',#890,#889,#1022,.F.);
#697=EDGE_CURVE('',#891,#892,#78,.T.);
#698=EDGE_CURVE('',#891,#893,#79,.T.);
#699=EDGE_CURVE('',#893,#894,#80,.T.);
#700=EDGE_CURVE('',#892,#894,#81,.T.);
#701=EDGE_CURVE('',#895,#896,#82,.T.);
#702=EDGE_CURVE('',#895,#897,#83,.T.);
#703=EDGE_CURVE('',#897,#898,#84,.T.);
#704=EDGE_CURVE('',#896,#898,#85,.T.);
#705=EDGE_CURVE('',#899,#900,#86,.T.);
#706=EDGE_CURVE('',#899,#901,#1023,.T.);
#707=EDGE_CURVE('',#901,#902,#87,.T.);
#708=EDGE_CURVE('',#903,#902,#88,.T.);
#709=EDGE_CURVE('',#903,#904,#89,.T.);
#710=EDGE_CURVE('',#904,#905,#90,.T.);
#711=EDGE_CURVE('',#905,#906,#91,.T.);
#712=EDGE_CURVE('',#906,#900,#1024,.T.);
#713=EDGE_CURVE('',#907,#907,#1025,.T.);
#714=EDGE_CURVE('',#908,#909,#1026,.T.);
#715=EDGE_CURVE('',#909,#908,#1027,.F.);
#716=EDGE_CURVE('',#910,#910,#1028,.T.);
#717=EDGE_CURVE('',#911,#912,#1029,.T.);
#718=EDGE_CURVE('',#912,#911,#1030,.F.);
#719=EDGE_CURVE('',#913,#889,#92,.T.);
#720=EDGE_CURVE('',#913,#914,#1031,.T.);
#721=EDGE_CURVE('',#914,#890,#93,.T.);
#722=EDGE_CURVE('',#915,#915,#1032,.T.);
#723=EDGE_CURVE('',#916,#916,#1033,.F.);
#724=EDGE_CURVE('',#917,#918,#94,.T.);
#725=EDGE_CURVE('',#864,#917,#95,.T.);
#726=EDGE_CURVE('',#865,#918,#96,.T.);
#727=EDGE_CURVE('',#918,#919,#97,.T.);
#728=EDGE_CURVE('',#867,#919,#98,.T.);
#729=EDGE_CURVE('',#920,#919,#99,.T.);
#730=EDGE_CURVE('',#866,#920,#100,.T.);
#731=EDGE_CURVE('',#921,#922,#101,.T.);
#732=EDGE_CURVE('',#869,#922,#102,.T.);
#733=EDGE_CURVE('',#868,#921,#103,.T.);
#734=EDGE_CURVE('',#921,#923,#104,.T.);
#735=EDGE_CURVE('',#871,#923,#105,.T.);
#736=EDGE_CURVE('',#923,#924,#106,.T.);
#737=EDGE_CURVE('',#870,#924,#107,.T.);
#738=EDGE_CURVE('',#925,#926,#108,.T.);
#739=EDGE_CURVE('',#874,#926,#109,.T.);
#740=EDGE_CURVE('',#873,#925,#110,.T.);
#741=EDGE_CURVE('',#925,#927,#111,.T.);
#742=EDGE_CURVE('',#876,#927,#112,.T.);
#743=EDGE_CURVE('',#927,#928,#113,.T.);
#744=EDGE_CURVE('',#875,#928,#114,.T.);
#745=EDGE_CURVE('',#929,#930,#115,.T.);
#746=EDGE_CURVE('',#878,#930,#116,.T.);
#747=EDGE_CURVE('',#877,#929,#117,.T.);
#748=EDGE_CURVE('',#929,#931,#118,.T.);
#749=EDGE_CURVE('',#880,#931,#119,.T.);
#750=EDGE_CURVE('',#931,#932,#120,.T.);
#751=EDGE_CURVE('',#879,#932,#121,.T.);
#752=EDGE_CURVE('',#922,#924,#122,.T.);
#753=EDGE_CURVE('',#933,#933,#1034,.T.);
#754=EDGE_CURVE('',#934,#934,#1035,.T.);
#755=EDGE_CURVE('',#935,#935,#1036,.T.);
#756=EDGE_CURVE('',#936,#936,#1037,.T.);
#757=EDGE_CURVE('',#937,#937,#1038,.T.);
#758=EDGE_CURVE('',#938,#938,#1039,.T.);
#759=EDGE_CURVE('',#939,#939,#1040,.T.);
#760=EDGE_CURVE('',#940,#940,#1041,.T.);
#761=EDGE_CURVE('',#941,#941,#1042,.T.);
#762=EDGE_CURVE('',#942,#942,#1043,.T.);
#763=EDGE_CURVE('',#943,#943,#1044,.T.);
#764=EDGE_CURVE('',#944,#944,#1045,.T.);
#765=EDGE_CURVE('',#945,#945,#1046,.T.);
#766=EDGE_CURVE('',#926,#928,#123,.T.);
#767=EDGE_CURVE('',#930,#932,#124,.T.);
#768=EDGE_CURVE('',#917,#920,#125,.T.);
#769=EDGE_CURVE('',#946,#946,#1047,.F.);
#770=EDGE_CURVE('',#947,#947,#1048,.F.);
#771=EDGE_CURVE('',#948,#948,#1049,.F.);
#772=EDGE_CURVE('',#949,#949,#1050,.F.);
#773=EDGE_CURVE('',#950,#950,#1051,.T.);
#774=EDGE_CURVE('',#951,#951,#1052,.T.);
#775=EDGE_CURVE('',#952,#952,#1053,.T.);
#776=EDGE_CURVE('',#953,#953,#1054,.T.);
#777=EDGE_CURVE('',#954,#954,#1055,.T.);
#778=EDGE_CURVE('',#955,#955,#1056,.T.);
#779=EDGE_CURVE('',#913,#914,#1057,.T.);
#780=EDGE_CURVE('',#956,#956,#1058,.T.);
#781=EDGE_CURVE('',#957,#958,#126,.T.);
#782=EDGE_CURVE('',#959,#958,#127,.T.);
#783=EDGE_CURVE('',#960,#959,#128,.T.);
#784=EDGE_CURVE('',#960,#957,#129,.T.);
#785=EDGE_CURVE('',#905,#961,#130,.T.);
#786=EDGE_CURVE('',#957,#904,#131,.T.);
#787=EDGE_CURVE('',#960,#962,#132,.T.);
#788=EDGE_CURVE('',#961,#962,#133,.T.);
#789=EDGE_CURVE('',#959,#963,#134,.T.);
#790=EDGE_CURVE('',#963,#962,#135,.T.);
#791=EDGE_CURVE('',#902,#964,#136,.T.);
#792=EDGE_CURVE('',#964,#963,#137,.T.);
#793=EDGE_CURVE('',#958,#903,#138,.T.);
#794=EDGE_CURVE('',#965,#965,#1059,.T.);
#795=EDGE_CURVE('',#966,#966,#1060,.T.);
#796=EDGE_CURVE('',#967,#967,#1061,.T.);
#797=EDGE_CURVE('',#968,#968,#1062,.T.);
#798=EDGE_CURVE('',#969,#969,#1063,.T.);
#799=EDGE_CURVE('',#970,#970,#1064,.T.);
#800=EDGE_CURVE('',#971,#971,#1065,.T.);
#801=EDGE_CURVE('',#972,#972,#1066,.T.);
#802=EDGE_CURVE('',#973,#973,#1067,.T.);
#803=EDGE_CURVE('',#974,#974,#1068,.T.);
#804=EDGE_CURVE('',#975,#975,#1069,.T.);
#805=EDGE_CURVE('',#976,#976,#1070,.T.);
#806=EDGE_CURVE('',#977,#977,#1071,.T.);
#807=EDGE_CURVE('',#978,#978,#1072,.T.);
#808=EDGE_CURVE('',#979,#979,#1073,.T.);
#809=EDGE_CURVE('',#980,#891,#139,.T.);
#810=EDGE_CURVE('',#980,#981,#140,.T.);
#811=EDGE_CURVE('',#981,#893,#141,.T.);
#812=EDGE_CURVE('',#982,#892,#142,.T.);
#813=EDGE_CURVE('',#980,#982,#143,.T.);
#814=EDGE_CURVE('',#983,#894,#144,.T.);
#815=EDGE_CURVE('',#982,#983,#145,.T.);
#816=EDGE_CURVE('',#981,#983,#146,.T.);
#817=EDGE_CURVE('',#984,#895,#147,.T.);
#818=EDGE_CURVE('',#984,#985,#148,.T.);
#819=EDGE_CURVE('',#985,#897,#149,.T.);
#820=EDGE_CURVE('',#986,#896,#150,.T.);
#821=EDGE_CURVE('',#984,#986,#151,.T.);
#822=EDGE_CURVE('',#987,#898,#152,.T.);
#823=EDGE_CURVE('',#986,#987,#153,.T.);
#824=EDGE_CURVE('',#985,#987,#154,.T.);
#825=EDGE_CURVE('',#988,#988,#1074,.T.);
#826=EDGE_CURVE('',#989,#989,#1075,.F.);
#827=EDGE_CURVE('',#990,#990,#1076,.T.);
#828=EDGE_CURVE('',#991,#991,#1077,.T.);
#829=EDGE_CURVE('',#992,#992,#1078,.F.);
#830=EDGE_CURVE('',#993,#993,#1079,.T.);
#831=EDGE_CURVE('',#994,#994,#1080,.T.);
#832=EDGE_CURVE('',#995,#995,#1081,.T.);
#833=EDGE_CURVE('',#996,#996,#1082,.T.);
#834=EDGE_CURVE('',#997,#997,#1083,.T.);
#835=EDGE_CURVE('',#998,#998,#1084,.T.);
#836=EDGE_CURVE('',#999,#999,#1085,.T.);
#837=EDGE_CURVE('',#1000,#1000,#1086,.T.);
#838=EDGE_CURVE('',#1001,#1001,#1087,.T.);
#839=EDGE_CURVE('',#1002,#1002,#1088,.T.);
#840=EDGE_CURVE('',#1003,#1003,#1089,.T.);
#841=EDGE_CURVE('',#901,#909,#16,.T.);
#842=EDGE_CURVE('',#909,#964,#155,.T.);
#843=EDGE_CURVE('',#908,#912,#156,.T.);
#844=EDGE_CURVE('',#961,#911,#157,.T.);
#845=EDGE_CURVE('',#911,#906,#17,.T.);
#846=EDGE_CURVE('',#908,#899,#18,.T.);
#847=EDGE_CURVE('',#900,#912,#19,.T.);
#848=EDGE_CURVE('',#1004,#858,#158,.T.);
#849=EDGE_CURVE('',#1004,#1005,#159,.T.);
#850=EDGE_CURVE('',#1005,#860,#160,.T.);
#851=EDGE_CURVE('',#1006,#859,#161,.T.);
#852=EDGE_CURVE('',#1004,#1006,#162,.T.);
#853=EDGE_CURVE('',#1007,#861,#163,.T.);
#854=EDGE_CURVE('',#1006,#1007,#164,.T.);
#855=EDGE_CURVE('',#1005,#1007,#165,.T.);
#856=VERTEX_POINT('',#2368);
#857=VERTEX_POINT('',#2370);
#858=VERTEX_POINT('',#2372);
#859=VERTEX_POINT('',#2373);
#860=VERTEX_POINT('',#2375);
#861=VERTEX_POINT('',#2377);
#862=VERTEX_POINT('',#2380);
#863=VERTEX_POINT('',#2382);
#864=VERTEX_POINT('',#2384);
#865=VERTEX_POINT('',#2385);
#866=VERTEX_POINT('',#2387);
#867=VERTEX_POINT('',#2389);
#868=VERTEX_POINT('',#2392);
#869=VERTEX_POINT('',#2393);
#870=VERTEX_POINT('',#2395);
#871=VERTEX_POINT('',#2397);
#872=VERTEX_POINT('',#2400);
#873=VERTEX_POINT('',#2402);
#874=VERTEX_POINT('',#2403);
#875=VERTEX_POINT('',#2405);
#876=VERTEX_POINT('',#2407);
#877=VERTEX_POINT('',#2410);
#878=VERTEX_POINT('',#2411);
#879=VERTEX_POINT('',#2413);
#880=VERTEX_POINT('',#2415);
#881=VERTEX_POINT('',#2418);
#882=VERTEX_POINT('',#2420);
#883=VERTEX_POINT('',#2422);
#884=VERTEX_POINT('',#2424);
#885=VERTEX_POINT('',#2426);
#886=VERTEX_POINT('',#2428);
#887=VERTEX_POINT('',#2430);
#888=VERTEX_POINT('',#2432);
#889=VERTEX_POINT('',#2434);
#890=VERTEX_POINT('',#2435);
#891=VERTEX_POINT('',#2438);
#892=VERTEX_POINT('',#2439);
#893=VERTEX_POINT('',#2441);
#894=VERTEX_POINT('',#2443);
#895=VERTEX_POINT('',#2446);
#896=VERTEX_POINT('',#2447);
#897=VERTEX_POINT('',#2449);
#898=VERTEX_POINT('',#2451);
#899=VERTEX_POINT('',#2454);
#900=VERTEX_POINT('',#2455);
#901=VERTEX_POINT('',#2457);
#902=VERTEX_POINT('',#2459);
#903=VERTEX_POINT('',#2461);
#904=VERTEX_POINT('',#2463);
#905=VERTEX_POINT('',#2465);
#906=VERTEX_POINT('',#2467);
#907=VERTEX_POINT('',#2471);
#908=VERTEX_POINT('',#2473);
#909=VERTEX_POINT('',#2474);
#910=VERTEX_POINT('',#2478);
#911=VERTEX_POINT('',#2480);
#912=VERTEX_POINT('',#2481);
#913=VERTEX_POINT('',#2485);
#914=VERTEX_POINT('',#2487);
#915=VERTEX_POINT('',#2491);
#916=VERTEX_POINT('',#2493);
#917=VERTEX_POINT('',#2496);
#918=VERTEX_POINT('',#2497);
#919=VERTEX_POINT('',#2502);
#920=VERTEX_POINT('',#2506);
#921=VERTEX_POINT('',#2510);
#922=VERTEX_POINT('',#2511);
#923=VERTEX_POINT('',#2516);
#924=VERTEX_POINT('',#2520);
#925=VERTEX_POINT('',#2524);
#926=VERTEX_POINT('',#2525);
#927=VERTEX_POINT('',#2530);
#928=VERTEX_POINT('',#2534);
#929=VERTEX_POINT('',#2538);
#930=VERTEX_POINT('',#2539);
#931=VERTEX_POINT('',#2544);
#932=VERTEX_POINT('',#2548);
#933=VERTEX_POINT('',#2554);
#934=VERTEX_POINT('',#2557);
#935=VERTEX_POINT('',#2559);
#936=VERTEX_POINT('',#2562);
#937=VERTEX_POINT('',#2564);
#938=VERTEX_POINT('',#2567);
#939=VERTEX_POINT('',#2569);
#940=VERTEX_POINT('',#2572);
#941=VERTEX_POINT('',#2574);
#942=VERTEX_POINT('',#2577);
#943=VERTEX_POINT('',#2579);
#944=VERTEX_POINT('',#2582);
#945=VERTEX_POINT('',#2584);
#946=VERTEX_POINT('',#2593);
#947=VERTEX_POINT('',#2595);
#948=VERTEX_POINT('',#2597);
#949=VERTEX_POINT('',#2599);
#950=VERTEX_POINT('',#2602);
#951=VERTEX_POINT('',#2606);
#952=VERTEX_POINT('',#2610);
#953=VERTEX_POINT('',#2614);
#954=VERTEX_POINT('',#2617);
#955=VERTEX_POINT('',#2621);
#956=VERTEX_POINT('',#2625);
#957=VERTEX_POINT('',#2629);
#958=VERTEX_POINT('',#2630);
#959=VERTEX_POINT('',#2632);
#960=VERTEX_POINT('',#2634);
#961=VERTEX_POINT('',#2638);
#962=VERTEX_POINT('',#2641);
#963=VERTEX_POINT('',#2645);
#964=VERTEX_POINT('',#2649);
#965=VERTEX_POINT('',#2655);
#966=VERTEX_POINT('',#2657);
#967=VERTEX_POINT('',#2660);
#968=VERTEX_POINT('',#2665);
#969=VERTEX_POINT('',#2667);
#970=VERTEX_POINT('',#2670);
#971=VERTEX_POINT('',#2675);
#972=VERTEX_POINT('',#2677);
#973=VERTEX_POINT('',#2680);
#974=VERTEX_POINT('',#2685);
#975=VERTEX_POINT('',#2687);
#976=VERTEX_POINT('',#2690);
#977=VERTEX_POINT('',#2695);
#978=VERTEX_POINT('',#2697);
#979=VERTEX_POINT('',#2700);
#980=VERTEX_POINT('',#2706);
#981=VERTEX_POINT('',#2708);
#982=VERTEX_POINT('',#2712);
#983=VERTEX_POINT('',#2716);
#984=VERTEX_POINT('',#2723);
#985=VERTEX_POINT('',#2725);
#986=VERTEX_POINT('',#2729);
#987=VERTEX_POINT('',#2733);
#988=VERTEX_POINT('',#2740);
#989=VERTEX_POINT('',#2743);
#990=VERTEX_POINT('',#2745);
#991=VERTEX_POINT('',#2748);
#992=VERTEX_POINT('',#2751);
#993=VERTEX_POINT('',#2753);
#994=VERTEX_POINT('',#2756);
#995=VERTEX_POINT('',#2759);
#996=VERTEX_POINT('',#2762);
#997=VERTEX_POINT('',#2765);
#998=VERTEX_POINT('',#2769);
#999=VERTEX_POINT('',#2772);
#1000=VERTEX_POINT('',#2776);
#1001=VERTEX_POINT('',#2779);
#1002=VERTEX_POINT('',#2783);
#1003=VERTEX_POINT('',#2786);
#1004=VERTEX_POINT('',#2813);
#1005=VERTEX_POINT('',#2815);
#1006=VERTEX_POINT('',#2819);
#1007=VERTEX_POINT('',#2823);
#1008=CIRCLE('',#1686,0.009);
#1009=CIRCLE('',#1687,0.009);
#1010=CIRCLE('',#1688,0.000400000000000012);
#1011=CIRCLE('',#1689,0.000400000000000012);
#1012=CIRCLE('',#1690,0.0015);
#1013=CIRCLE('',#1691,0.004);
#1014=CIRCLE('',#1692,0.004);
#1015=CIRCLE('',#1693,0.004);
#1016=CIRCLE('',#1694,0.0035);
#1017=CIRCLE('',#1695,0.0035);
#1018=CIRCLE('',#1696,0.0035);
#1019=CIRCLE('',#1697,0.0035);
#1020=CIRCLE('',#1698,0.0035);
#1021=CIRCLE('',#1699,0.008);
#1022=CIRCLE('',#1700,0.00375);
#1023=CIRCLE('',#1701,0.009);
#1024=CIRCLE('',#1702,0.009);
#1025=CIRCLE('',#1704,0.006);
#1026=CIRCLE('',#1705,0.006);
#1027=CIRCLE('',#1706,0.006);
#1028=CIRCLE('',#1708,0.006);
#1029=CIRCLE('',#1709,0.00599999999999984);
#1030=CIRCLE('',#1710,0.006);
#1031=CIRCLE('',#1712,0.00375);
#1032=CIRCLE('',#1714,0.0025);
#1033=CIRCLE('',#1715,0.0025);
#1034=CIRCLE('',#1730,0.0015);
#1035=CIRCLE('',#1732,0.00250000000001);
#1036=CIRCLE('',#1733,0.00250000000001);
#1037=CIRCLE('',#1735,0.00250000000001);
#1038=CIRCLE('',#1736,0.00250000000001);
#1039=CIRCLE('',#1738,0.00250000000001);
#1040=CIRCLE('',#1739,0.00250000000001);
#1041=CIRCLE('',#1741,0.007975);
#1042=CIRCLE('',#1742,0.007975);
#1043=CIRCLE('',#1744,0.007975);
#1044=CIRCLE('',#1745,0.007975);
#1045=CIRCLE('',#1747,0.006);
#1046=CIRCLE('',#1748,0.006);
#1047=CIRCLE('',#1753,0.003);
#1048=CIRCLE('',#1754,0.003);
#1049=CIRCLE('',#1755,0.003);
#1050=CIRCLE('',#1756,0.003);
#1051=CIRCLE('',#1758,0.004);
#1052=CIRCLE('',#1761,0.004);
#1053=CIRCLE('',#1764,0.004);
#1054=CIRCLE('',#1767,0.000400000000000012);
#1055=CIRCLE('',#1769,0.000400000000000012);
#1056=CIRCLE('',#1772,0.00155);
#1057=CIRCLE('',#1773,0.008);
#1058=CIRCLE('',#1775,0.00155);
#1059=CIRCLE('',#1783,0.0015);
#1060=CIRCLE('',#1784,0.0015);
#1061=CIRCLE('',#1786,0.0035);
#1062=CIRCLE('',#1790,0.0015);
#1063=CIRCLE('',#1791,0.0015);
#1064=CIRCLE('',#1793,0.0035);
#1065=CIRCLE('',#1797,0.0015);
#1066=CIRCLE('',#1798,0.0015);
#1067=CIRCLE('',#1800,0.0035);
#1068=CIRCLE('',#1804,0.0015);
#1069=CIRCLE('',#1805,0.0015);
#1070=CIRCLE('',#1807,0.0035);
#1071=CIRCLE('',#1811,0.0015);
#1072=CIRCLE('',#1812,0.0015);
#1073=CIRCLE('',#1814,0.0035);
#1074=CIRCLE('',#1829,0.003);
#1075=CIRCLE('',#1831,0.006);
#1076=CIRCLE('',#1832,0.006);
#1077=CIRCLE('',#1834,0.003);
#1078=CIRCLE('',#1836,0.006);
#1079=CIRCLE('',#1837,0.006);
#1080=CIRCLE('',#1839,0.003);
#1081=CIRCLE('',#1841,0.003);
#1082=CIRCLE('',#1843,0.0016);
#1083=CIRCLE('',#1845,0.0016);
#1084=CIRCLE('',#1848,0.0016);
#1085=CIRCLE('',#1850,0.0016);
#1086=CIRCLE('',#1853,0.0016);
#1087=CIRCLE('',#1855,0.0016);
#1088=CIRCLE('',#1858,0.0016);
#1089=CIRCLE('',#1860,0.0016);
#1090=EDGE_LOOP('',(#274));
#1091=EDGE_LOOP('',(#275));
#1092=EDGE_LOOP('',(#276,#277,#278,#279));
#1093=EDGE_LOOP('',(#280));
#1094=EDGE_LOOP('',(#281));
#1095=EDGE_LOOP('',(#282,#283,#284,#285));
#1096=EDGE_LOOP('',(#286,#287,#288,#289));
#1097=EDGE_LOOP('',(#290));
#1098=EDGE_LOOP('',(#291,#292,#293,#294));
#1099=EDGE_LOOP('',(#295,#296,#297,#298));
#1100=EDGE_LOOP('',(#299));
#1101=EDGE_LOOP('',(#300));
#1102=EDGE_LOOP('',(#301));
#1103=EDGE_LOOP('',(#302));
#1104=EDGE_LOOP('',(#303));
#1105=EDGE_LOOP('',(#304));
#1106=EDGE_LOOP('',(#305));
#1107=EDGE_LOOP('',(#306));
#1108=EDGE_LOOP('',(#307,#308));
#1109=EDGE_LOOP('',(#309,#310,#311,#312));
#1110=EDGE_LOOP('',(#313,#314,#315,#316));
#1111=EDGE_LOOP('',(#317,#318,#319,#320,#321,#322,#323,#324));
#1112=EDGE_LOOP('',(#325));
#1113=EDGE_LOOP('',(#326,#327));
#1114=EDGE_LOOP('',(#328));
#1115=EDGE_LOOP('',(#329,#330));
#1116=EDGE_LOOP('',(#331,#332,#333,#334));
#1117=EDGE_LOOP('',(#335));
#1118=EDGE_LOOP('',(#336));
#1119=EDGE_LOOP('',(#337,#338,#339,#340));
#1120=EDGE_LOOP('',(#341,#342,#343,#344));
#1121=EDGE_LOOP('',(#345,#346,#347,#348));
#1122=EDGE_LOOP('',(#349,#350,#351,#352));
#1123=EDGE_LOOP('',(#353,#354,#355,#356));
#1124=EDGE_LOOP('',(#357,#358,#359,#360));
#1125=EDGE_LOOP('',(#361,#362,#363,#364));
#1126=EDGE_LOOP('',(#365,#366,#367,#368));
#1127=EDGE_LOOP('',(#369,#370,#371,#372));
#1128=EDGE_LOOP('',(#373,#374,#375,#376));
#1129=EDGE_LOOP('',(#377,#378,#379,#380));
#1130=EDGE_LOOP('',(#381,#382,#383,#384));
#1131=EDGE_LOOP('',(#385,#386,#387,#388));
#1132=EDGE_LOOP('',(#389));
#1133=EDGE_LOOP('',(#390));
#1134=EDGE_LOOP('',(#391));
#1135=EDGE_LOOP('',(#392));
#1136=EDGE_LOOP('',(#393));
#1137=EDGE_LOOP('',(#394));
#1138=EDGE_LOOP('',(#395));
#1139=EDGE_LOOP('',(#396));
#1140=EDGE_LOOP('',(#397));
#1141=EDGE_LOOP('',(#398));
#1142=EDGE_LOOP('',(#399));
#1143=EDGE_LOOP('',(#400));
#1144=EDGE_LOOP('',(#401));
#1145=EDGE_LOOP('',(#402));
#1146=EDGE_LOOP('',(#403,#404,#405,#406));
#1147=EDGE_LOOP('',(#407,#408,#409,#410));
#1148=EDGE_LOOP('',(#411,#412,#413,#414));
#1149=EDGE_LOOP('',(#415));
#1150=EDGE_LOOP('',(#416));
#1151=EDGE_LOOP('',(#417));
#1152=EDGE_LOOP('',(#418));
#1153=EDGE_LOOP('',(#419,#420,#421,#422));
#1154=EDGE_LOOP('',(#423,#424,#425,#426));
#1155=EDGE_LOOP('',(#427));
#1156=EDGE_LOOP('',(#428));
#1157=EDGE_LOOP('',(#429));
#1158=EDGE_LOOP('',(#430));
#1159=EDGE_LOOP('',(#431));
#1160=EDGE_LOOP('',(#432));
#1161=EDGE_LOOP('',(#433));
#1162=EDGE_LOOP('',(#434));
#1163=EDGE_LOOP('',(#435,#436,#437,#438));
#1164=EDGE_LOOP('',(#439,#440,#441,#442));
#1165=EDGE_LOOP('',(#443));
#1166=EDGE_LOOP('',(#444));
#1167=EDGE_LOOP('',(#445));
#1168=EDGE_LOOP('',(#446));
#1169=EDGE_LOOP('',(#447));
#1170=EDGE_LOOP('',(#448));
#1171=EDGE_LOOP('',(#449));
#1172=EDGE_LOOP('',(#450));
#1173=EDGE_LOOP('',(#451));
#1174=EDGE_LOOP('',(#452));
#1175=EDGE_LOOP('',(#453));
#1176=EDGE_LOOP('',(#454));
#1177=EDGE_LOOP('',(#455));
#1178=EDGE_LOOP('',(#456));
#1179=EDGE_LOOP('',(#457));
#1180=EDGE_LOOP('',(#458));
#1181=EDGE_LOOP('',(#459));
#1182=EDGE_LOOP('',(#460));
#1183=EDGE_LOOP('',(#461));
#1184=EDGE_LOOP('',(#462));
#1185=EDGE_LOOP('',(#463,#464));
#1186=EDGE_LOOP('',(#465));
#1187=EDGE_LOOP('',(#466));
#1188=EDGE_LOOP('',(#467));
#1189=EDGE_LOOP('',(#468));
#1190=EDGE_LOOP('',(#469));
#1191=EDGE_LOOP('',(#470));
#1192=EDGE_LOOP('',(#471,#472,#473,#474));
#1193=EDGE_LOOP('',(#475,#476,#477,#478,#479,#480));
#1194=EDGE_LOOP('',(#481,#482,#483,#484));
#1195=EDGE_LOOP('',(#485,#486,#487,#488,#489,#490));
#1196=EDGE_LOOP('',(#491,#492,#493,#494));
#1197=EDGE_LOOP('',(#495));
#1198=EDGE_LOOP('',(#496));
#1199=EDGE_LOOP('',(#497));
#1200=EDGE_LOOP('',(#498));
#1201=EDGE_LOOP('',(#499));
#1202=EDGE_LOOP('',(#500));
#1203=EDGE_LOOP('',(#501));
#1204=EDGE_LOOP('',(#502));
#1205=EDGE_LOOP('',(#503));
#1206=EDGE_LOOP('',(#504));
#1207=EDGE_LOOP('',(#505));
#1208=EDGE_LOOP('',(#506));
#1209=EDGE_LOOP('',(#507));
#1210=EDGE_LOOP('',(#508));
#1211=EDGE_LOOP('',(#509));
#1212=EDGE_LOOP('',(#510));
#1213=EDGE_LOOP('',(#511));
#1214=EDGE_LOOP('',(#512));
#1215=EDGE_LOOP('',(#513));
#1216=EDGE_LOOP('',(#514));
#1217=EDGE_LOOP('',(#515));
#1218=EDGE_LOOP('',(#516));
#1219=EDGE_LOOP('',(#517));
#1220=EDGE_LOOP('',(#518));
#1221=EDGE_LOOP('',(#519));
#1222=EDGE_LOOP('',(#520));
#1223=EDGE_LOOP('',(#521));
#1224=EDGE_LOOP('',(#522));
#1225=EDGE_LOOP('',(#523));
#1226=EDGE_LOOP('',(#524));
#1227=EDGE_LOOP('',(#525));
#1228=EDGE_LOOP('',(#526));
#1229=EDGE_LOOP('',(#527));
#1230=EDGE_LOOP('',(#528));
#1231=EDGE_LOOP('',(#529));
#1232=EDGE_LOOP('',(#530,#531,#532,#533));
#1233=EDGE_LOOP('',(#534,#535,#536,#537));
#1234=EDGE_LOOP('',(#538,#539,#540,#541));
#1235=EDGE_LOOP('',(#542,#543,#544,#545));
#1236=EDGE_LOOP('',(#546,#547,#548,#549));
#1237=EDGE_LOOP('',(#550,#551,#552,#553));
#1238=EDGE_LOOP('',(#554,#555,#556,#557));
#1239=EDGE_LOOP('',(#558,#559,#560,#561));
#1240=EDGE_LOOP('',(#562,#563,#564,#565));
#1241=EDGE_LOOP('',(#566,#567,#568,#569));
#1242=EDGE_LOOP('',(#570,#571,#572,#573));
#1243=EDGE_LOOP('',(#574));
#1244=EDGE_LOOP('',(#575));
#1245=EDGE_LOOP('',(#576));
#1246=EDGE_LOOP('',(#577));
#1247=EDGE_LOOP('',(#578));
#1248=EDGE_LOOP('',(#579));
#1249=EDGE_LOOP('',(#580));
#1250=EDGE_LOOP('',(#581));
#1251=EDGE_LOOP('',(#582));
#1252=EDGE_LOOP('',(#583));
#1253=EDGE_LOOP('',(#584));
#1254=EDGE_LOOP('',(#585));
#1255=EDGE_LOOP('',(#586));
#1256=EDGE_LOOP('',(#587));
#1257=EDGE_LOOP('',(#588));
#1258=EDGE_LOOP('',(#589));
#1259=EDGE_LOOP('',(#590));
#1260=EDGE_LOOP('',(#591));
#1261=EDGE_LOOP('',(#592));
#1262=EDGE_LOOP('',(#593));
#1263=EDGE_LOOP('',(#594));
#1264=EDGE_LOOP('',(#595));
#1265=EDGE_LOOP('',(#596));
#1266=EDGE_LOOP('',(#597));
#1267=EDGE_LOOP('',(#598));
#1268=EDGE_LOOP('',(#599));
#1269=EDGE_LOOP('',(#600));
#1270=EDGE_LOOP('',(#601));
#1271=EDGE_LOOP('',(#602));
#1272=EDGE_LOOP('',(#603));
#1273=EDGE_LOOP('',(#604));
#1274=EDGE_LOOP('',(#605));
#1275=EDGE_LOOP('',(#606));
#1276=EDGE_LOOP('',(#607));
#1277=EDGE_LOOP('',(#608));
#1278=EDGE_LOOP('',(#609));
#1279=EDGE_LOOP('',(#610,#611,#612,#613));
#1280=EDGE_LOOP('',(#614,#615,#616,#617,#618,#619,#620,#621));
#1281=EDGE_LOOP('',(#622,#623,#624,#625));
#1282=EDGE_LOOP('',(#626,#627,#628,#629));
#1283=EDGE_LOOP('',(#630,#631,#632,#633));
#1284=EDGE_LOOP('',(#634,#635,#636,#637));
#1285=EDGE_LOOP('',(#638,#639,#640,#641));
#1286=EDGE_LOOP('',(#642,#643,#644,#645));
#1287=EDGE_LOOP('',(#646,#647,#648,#649));
#1288=EDGE_LOOP('',(#650,#651,#652,#653));
#1289=EDGE_LOOP('',(#654,#655,#656,#657));
#1290=EDGE_LOOP('',(#658));
#1291=EDGE_LOOP('',(#659));
#1292=EDGE_LOOP('',(#660));
#1293=EDGE_LOOP('',(#661));
#1294=FACE_BOUND('',#1090,.T.);
#1295=FACE_BOUND('',#1091,.T.);
#1296=FACE_BOUND('',#1092,.T.);
#1297=FACE_BOUND('',#1093,.T.);
#1298=FACE_BOUND('',#1094,.T.);
#1299=FACE_BOUND('',#1095,.T.);
#1300=FACE_BOUND('',#1096,.T.);
#1301=FACE_BOUND('',#1097,.T.);
#1302=FACE_BOUND('',#1098,.T.);
#1303=FACE_BOUND('',#1099,.T.);
#1304=FACE_BOUND('',#1100,.T.);
#1305=FACE_BOUND('',#1101,.T.);
#1306=FACE_BOUND('',#1102,.T.);
#1307=FACE_BOUND('',#1103,.T.);
#1308=FACE_BOUND('',#1104,.T.);
#1309=FACE_BOUND('',#1105,.T.);
#1310=FACE_BOUND('',#1106,.T.);
#1311=FACE_BOUND('',#1107,.T.);
#1312=FACE_BOUND('',#1108,.T.);
#1313=FACE_BOUND('',#1109,.T.);
#1314=FACE_BOUND('',#1110,.T.);
#1315=FACE_BOUND('',#1111,.T.);
#1316=FACE_BOUND('',#1112,.T.);
#1317=FACE_BOUND('',#1113,.T.);
#1318=FACE_BOUND('',#1114,.T.);
#1319=FACE_BOUND('',#1115,.T.);
#1320=FACE_BOUND('',#1116,.T.);
#1321=FACE_BOUND('',#1117,.T.);
#1322=FACE_BOUND('',#1118,.T.);
#1323=FACE_BOUND('',#1119,.T.);
#1324=FACE_BOUND('',#1120,.T.);
#1325=FACE_BOUND('',#1121,.T.);
#1326=FACE_BOUND('',#1122,.T.);
#1327=FACE_BOUND('',#1123,.T.);
#1328=FACE_BOUND('',#1124,.T.);
#1329=FACE_BOUND('',#1125,.T.);
#1330=FACE_BOUND('',#1126,.T.);
#1331=FACE_BOUND('',#1127,.T.);
#1332=FACE_BOUND('',#1128,.T.);
#1333=FACE_BOUND('',#1129,.T.);
#1334=FACE_BOUND('',#1130,.T.);
#1335=FACE_BOUND('',#1131,.T.);
#1336=FACE_BOUND('',#1132,.T.);
#1337=FACE_BOUND('',#1133,.T.);
#1338=FACE_BOUND('',#1134,.T.);
#1339=FACE_BOUND('',#1135,.T.);
#1340=FACE_BOUND('',#1136,.T.);
#1341=FACE_BOUND('',#1137,.T.);
#1342=FACE_BOUND('',#1138,.T.);
#1343=FACE_BOUND('',#1139,.T.);
#1344=FACE_BOUND('',#1140,.T.);
#1345=FACE_BOUND('',#1141,.T.);
#1346=FACE_BOUND('',#1142,.T.);
#1347=FACE_BOUND('',#1143,.T.);
#1348=FACE_BOUND('',#1144,.T.);
#1349=FACE_BOUND('',#1145,.T.);
#1350=FACE_BOUND('',#1146,.T.);
#1351=FACE_BOUND('',#1147,.T.);
#1352=FACE_BOUND('',#1148,.T.);
#1353=FACE_BOUND('',#1149,.T.);
#1354=FACE_BOUND('',#1150,.T.);
#1355=FACE_BOUND('',#1151,.T.);
#1356=FACE_BOUND('',#1152,.T.);
#1357=FACE_BOUND('',#1153,.T.);
#1358=FACE_BOUND('',#1154,.T.);
#1359=FACE_BOUND('',#1155,.T.);
#1360=FACE_BOUND('',#1156,.T.);
#1361=FACE_BOUND('',#1157,.T.);
#1362=FACE_BOUND('',#1158,.T.);
#1363=FACE_BOUND('',#1159,.T.);
#1364=FACE_BOUND('',#1160,.T.);
#1365=FACE_BOUND('',#1161,.T.);
#1366=FACE_BOUND('',#1162,.T.);
#1367=FACE_BOUND('',#1163,.T.);
#1368=FACE_BOUND('',#1164,.T.);
#1369=FACE_BOUND('',#1165,.T.);
#1370=FACE_BOUND('',#1166,.T.);
#1371=FACE_BOUND('',#1167,.T.);
#1372=FACE_BOUND('',#1168,.T.);
#1373=FACE_BOUND('',#1169,.T.);
#1374=FACE_BOUND('',#1170,.T.);
#1375=FACE_BOUND('',#1171,.T.);
#1376=FACE_BOUND('',#1172,.T.);
#1377=FACE_BOUND('',#1173,.T.);
#1378=FACE_BOUND('',#1174,.T.);
#1379=FACE_BOUND('',#1175,.T.);
#1380=FACE_BOUND('',#1176,.T.);
#1381=FACE_BOUND('',#1177,.T.);
#1382=FACE_BOUND('',#1178,.T.);
#1383=FACE_BOUND('',#1179,.T.);
#1384=FACE_BOUND('',#1180,.T.);
#1385=FACE_BOUND('',#1181,.T.);
#1386=FACE_BOUND('',#1182,.T.);
#1387=FACE_BOUND('',#1183,.T.);
#1388=FACE_BOUND('',#1184,.T.);
#1389=FACE_BOUND('',#1185,.T.);
#1390=FACE_BOUND('',#1186,.T.);
#1391=FACE_BOUND('',#1187,.T.);
#1392=FACE_BOUND('',#1188,.T.);
#1393=FACE_BOUND('',#1189,.T.);
#1394=FACE_BOUND('',#1190,.T.);
#1395=FACE_BOUND('',#1191,.T.);
#1396=FACE_BOUND('',#1192,.T.);
#1397=FACE_BOUND('',#1193,.T.);
#1398=FACE_BOUND('',#1194,.T.);
#1399=FACE_BOUND('',#1195,.T.);
#1400=FACE_BOUND('',#1196,.T.);
#1401=FACE_BOUND('',#1197,.T.);
#1402=FACE_BOUND('',#1198,.T.);
#1403=FACE_BOUND('',#1199,.T.);
#1404=FACE_BOUND('',#1200,.T.);
#1405=FACE_BOUND('',#1201,.T.);
#1406=FACE_BOUND('',#1202,.T.);
#1407=FACE_BOUND('',#1203,.T.);
#1408=FACE_BOUND('',#1204,.T.);
#1409=FACE_BOUND('',#1205,.T.);
#1410=FACE_BOUND('',#1206,.T.);
#1411=FACE_BOUND('',#1207,.T.);
#1412=FACE_BOUND('',#1208,.T.);
#1413=FACE_BOUND('',#1209,.T.);
#1414=FACE_BOUND('',#1210,.T.);
#1415=FACE_BOUND('',#1211,.T.);
#1416=FACE_BOUND('',#1212,.T.);
#1417=FACE_BOUND('',#1213,.T.);
#1418=FACE_BOUND('',#1214,.T.);
#1419=FACE_BOUND('',#1215,.T.);
#1420=FACE_BOUND('',#1216,.T.);
#1421=FACE_BOUND('',#1217,.T.);
#1422=FACE_BOUND('',#1218,.T.);
#1423=FACE_BOUND('',#1219,.T.);
#1424=FACE_BOUND('',#1220,.T.);
#1425=FACE_BOUND('',#1221,.T.);
#1426=FACE_BOUND('',#1222,.T.);
#1427=FACE_BOUND('',#1223,.T.);
#1428=FACE_BOUND('',#1224,.T.);
#1429=FACE_BOUND('',#1225,.T.);
#1430=FACE_BOUND('',#1226,.T.);
#1431=FACE_BOUND('',#1227,.T.);
#1432=FACE_BOUND('',#1228,.T.);
#1433=FACE_BOUND('',#1229,.T.);
#1434=FACE_BOUND('',#1230,.T.);
#1435=FACE_BOUND('',#1231,.T.);
#1436=FACE_BOUND('',#1232,.T.);
#1437=FACE_BOUND('',#1233,.T.);
#1438=FACE_BOUND('',#1234,.T.);
#1439=FACE_BOUND('',#1235,.T.);
#1440=FACE_BOUND('',#1236,.T.);
#1441=FACE_BOUND('',#1237,.T.);
#1442=FACE_BOUND('',#1238,.T.);
#1443=FACE_BOUND('',#1239,.T.);
#1444=FACE_BOUND('',#1240,.T.);
#1445=FACE_BOUND('',#1241,.T.);
#1446=FACE_BOUND('',#1242,.T.);
#1447=FACE_BOUND('',#1243,.T.);
#1448=FACE_BOUND('',#1244,.T.);
#1449=FACE_BOUND('',#1245,.T.);
#1450=FACE_BOUND('',#1246,.T.);
#1451=FACE_BOUND('',#1247,.T.);
#1452=FACE_BOUND('',#1248,.T.);
#1453=FACE_BOUND('',#1249,.T.);
#1454=FACE_BOUND('',#1250,.T.);
#1455=FACE_BOUND('',#1251,.T.);
#1456=FACE_BOUND('',#1252,.T.);
#1457=FACE_BOUND('',#1253,.T.);
#1458=FACE_BOUND('',#1254,.T.);
#1459=FACE_BOUND('',#1255,.T.);
#1460=FACE_BOUND('',#1256,.T.);
#1461=FACE_BOUND('',#1257,.T.);
#1462=FACE_BOUND('',#1258,.T.);
#1463=FACE_BOUND('',#1259,.T.);
#1464=FACE_BOUND('',#1260,.T.);
#1465=FACE_BOUND('',#1261,.T.);
#1466=FACE_BOUND('',#1262,.T.);
#1467=FACE_BOUND('',#1263,.T.);
#1468=FACE_BOUND('',#1264,.T.);
#1469=FACE_BOUND('',#1265,.T.);
#1470=FACE_BOUND('',#1266,.T.);
#1471=FACE_BOUND('',#1267,.T.);
#1472=FACE_BOUND('',#1268,.T.);
#1473=FACE_BOUND('',#1269,.T.);
#1474=FACE_BOUND('',#1270,.T.);
#1475=FACE_BOUND('',#1271,.T.);
#1476=FACE_BOUND('',#1272,.T.);
#1477=FACE_BOUND('',#1273,.T.);
#1478=FACE_BOUND('',#1274,.T.);
#1479=FACE_BOUND('',#1275,.T.);
#1480=FACE_BOUND('',#1276,.T.);
#1481=FACE_BOUND('',#1277,.T.);
#1482=FACE_BOUND('',#1278,.T.);
#1483=FACE_BOUND('',#1279,.T.);
#1484=FACE_BOUND('',#1280,.T.);
#1485=FACE_BOUND('',#1281,.T.);
#1486=FACE_BOUND('',#1282,.T.);
#1487=FACE_BOUND('',#1283,.T.);
#1488=FACE_BOUND('',#1284,.T.);
#1489=FACE_BOUND('',#1285,.T.);
#1490=FACE_BOUND('',#1286,.T.);
#1491=FACE_BOUND('',#1287,.T.);
#1492=FACE_BOUND('',#1288,.T.);
#1493=FACE_BOUND('',#1289,.T.);
#1494=FACE_BOUND('',#1290,.T.);
#1495=FACE_BOUND('',#1291,.T.);
#1496=FACE_BOUND('',#1292,.T.);
#1497=FACE_BOUND('',#1293,.T.);
#1498=PLANE('',#1685);
#1499=PLANE('',#1716);
#1500=PLANE('',#1717);
#1501=PLANE('',#1718);
#1502=PLANE('',#1719);
#1503=PLANE('',#1720);
#1504=PLANE('',#1721);
#1505=PLANE('',#1722);
#1506=PLANE('',#1723);
#1507=PLANE('',#1724);
#1508=PLANE('',#1725);
#1509=PLANE('',#1726);
#1510=PLANE('',#1727);
#1511=PLANE('',#1728);
#1512=PLANE('',#1749);
#1513=PLANE('',#1750);
#1514=PLANE('',#1751);
#1515=PLANE('',#1752);
#1516=PLANE('',#1757);
#1517=PLANE('',#1760);
#1518=PLANE('',#1763);
#1519=PLANE('',#1770);
#1520=PLANE('',#1771);
#1521=PLANE('',#1776);
#1522=PLANE('',#1777);
#1523=PLANE('',#1778);
#1524=PLANE('',#1779);
#1525=PLANE('',#1780);
#1526=PLANE('',#1781);
#1527=PLANE('',#1787);
#1528=PLANE('',#1788);
#1529=PLANE('',#1794);
#1530=PLANE('',#1795);
#1531=PLANE('',#1801);
#1532=PLANE('',#1802);
#1533=PLANE('',#1808);
#1534=PLANE('',#1809);
#1535=PLANE('',#1815);
#1536=PLANE('',#1816);
#1537=PLANE('',#1818);
#1538=PLANE('',#1819);
#1539=PLANE('',#1820);
#1540=PLANE('',#1821);
#1541=PLANE('',#1822);
#1542=PLANE('',#1823);
#1543=PLANE('',#1824);
#1544=PLANE('',#1825);
#1545=PLANE('',#1826);
#1546=PLANE('',#1827);
#1547=PLANE('',#1842);
#1548=PLANE('',#1846);
#1549=PLANE('',#1847);
#1550=PLANE('',#1851);
#1551=PLANE('',#1852);
#1552=PLANE('',#1856);
#1553=PLANE('',#1857);
#1554=PLANE('',#1861);
#1555=PLANE('',#1862);
#1556=PLANE('',#1863);
#1557=PLANE('',#1864);
#1558=PLANE('',#1865);
#1559=PLANE('',#1866);
#1560=PLANE('',#1867);
#1561=PLANE('',#1868);
#1562=PLANE('',#1869);
#1563=PLANE('',#1870);
#1564=ADVANCED_FACE('',(#1294,#1295,#1296,#1297,#1298,#1299,#1300,#1301,
#1302,#1303,#1304,#1305,#1306,#1307,#1308,#1309,#1310,#1311,#1312,#1313,
#1314,#1315),#1498,.F.);
#1565=ADVANCED_FACE('',(#1316,#1317),#20,.T.);
#1566=ADVANCED_FACE('',(#1318,#1319),#21,.T.);
#1567=ADVANCED_FACE('',(#1320),#22,.T.);
#1568=ADVANCED_FACE('',(#1321,#1322),#23,.F.);
#1569=ADVANCED_FACE('',(#1323),#1499,.T.);
#1570=ADVANCED_FACE('',(#1324),#1500,.T.);
#1571=ADVANCED_FACE('',(#1325),#1501,.F.);
#1572=ADVANCED_FACE('',(#1326),#1502,.F.);
#1573=ADVANCED_FACE('',(#1327),#1503,.T.);
#1574=ADVANCED_FACE('',(#1328),#1504,.T.);
#1575=ADVANCED_FACE('',(#1329),#1505,.F.);
#1576=ADVANCED_FACE('',(#1330),#1506,.T.);
#1577=ADVANCED_FACE('',(#1331),#1507,.T.);
#1578=ADVANCED_FACE('',(#1332),#1508,.F.);
#1579=ADVANCED_FACE('',(#1333),#1509,.T.);
#1580=ADVANCED_FACE('',(#1334),#1510,.T.);
#1581=ADVANCED_FACE('',(#1335),#1511,.F.);
#1582=ADVANCED_FACE('',(#1336,#1337),#24,.F.);
#1583=ADVANCED_FACE('',(#1338,#1339),#25,.F.);
#1584=ADVANCED_FACE('',(#1340,#1341),#26,.F.);
#1585=ADVANCED_FACE('',(#1342,#1343),#27,.F.);
#1586=ADVANCED_FACE('',(#1344,#1345),#28,.F.);
#1587=ADVANCED_FACE('',(#1346,#1347),#29,.F.);
#1588=ADVANCED_FACE('',(#1348,#1349),#30,.F.);
#1589=ADVANCED_FACE('',(#1350),#1512,.F.);
#1590=ADVANCED_FACE('',(#1351),#1513,.F.);
#1591=ADVANCED_FACE('',(#1352),#1514,.F.);
#1592=ADVANCED_FACE('',(#1353,#1354,#1355,#1356,#1357,#1358,#1359,#1360,
#1361,#1362,#1363,#1364,#1365,#1366,#1367,#1368),#1515,.T.);
#1593=ADVANCED_FACE('',(#1369,#1370),#1516,.F.);
#1594=ADVANCED_FACE('',(#1371,#1372),#31,.T.);
#1595=ADVANCED_FACE('',(#1373,#1374),#1517,.F.);
#1596=ADVANCED_FACE('',(#1375,#1376),#32,.T.);
#1597=ADVANCED_FACE('',(#1377,#1378),#1518,.F.);
#1598=ADVANCED_FACE('',(#1379,#1380),#33,.T.);
#1599=ADVANCED_FACE('',(#1381,#1382),#34,.F.);
#1600=ADVANCED_FACE('',(#1383,#1384),#35,.F.);
#1601=ADVANCED_FACE('',(#1385,#1386,#1387),#1519,.F.);
#1602=ADVANCED_FACE('',(#1388,#1389,#1390),#1520,.F.);
#1603=ADVANCED_FACE('',(#1391,#1392),#36,.F.);
#1604=ADVANCED_FACE('',(#1393),#1521,.F.);
#1605=ADVANCED_FACE('',(#1394,#1395,#1396),#1522,.F.);
#1606=ADVANCED_FACE('',(#1397),#1523,.T.);
#1607=ADVANCED_FACE('',(#1398),#1524,.F.);
#1608=ADVANCED_FACE('',(#1399),#1525,.F.);
#1609=ADVANCED_FACE('',(#1400),#1526,.T.);
#1610=ADVANCED_FACE('',(#1401,#1402),#37,.F.);
#1611=ADVANCED_FACE('',(#1403,#1404),#38,.T.);
#1612=ADVANCED_FACE('',(#1405,#1406),#1527,.T.);
#1613=ADVANCED_FACE('',(#1407),#1528,.F.);
#1614=ADVANCED_FACE('',(#1408,#1409),#39,.F.);
#1615=ADVANCED_FACE('',(#1410,#1411),#40,.T.);
#1616=ADVANCED_FACE('',(#1412,#1413),#1529,.T.);
#1617=ADVANCED_FACE('',(#1414),#1530,.F.);
#1618=ADVANCED_FACE('',(#1415,#1416),#41,.F.);
#1619=ADVANCED_FACE('',(#1417,#1418),#42,.T.);
#1620=ADVANCED_FACE('',(#1419,#1420),#1531,.T.);
#1621=ADVANCED_FACE('',(#1421),#1532,.F.);
#1622=ADVANCED_FACE('',(#1422,#1423),#43,.F.);
#1623=ADVANCED_FACE('',(#1424,#1425),#44,.T.);
#1624=ADVANCED_FACE('',(#1426,#1427),#1533,.T.);
#1625=ADVANCED_FACE('',(#1428),#1534,.F.);
#1626=ADVANCED_FACE('',(#1429,#1430),#45,.F.);
#1627=ADVANCED_FACE('',(#1431,#1432),#46,.T.);
#1628=ADVANCED_FACE('',(#1433,#1434),#1535,.T.);
#1629=ADVANCED_FACE('',(#1435),#1536,.F.);
#1630=ADVANCED_FACE('',(#1436),#47,.T.);
#1631=ADVANCED_FACE('',(#1437),#1537,.T.);
#1632=ADVANCED_FACE('',(#1438),#1538,.F.);
#1633=ADVANCED_FACE('',(#1439),#1539,.F.);
#1634=ADVANCED_FACE('',(#1440),#1540,.T.);
#1635=ADVANCED_FACE('',(#1441),#1541,.T.);
#1636=ADVANCED_FACE('',(#1442),#1542,.T.);
#1637=ADVANCED_FACE('',(#1443),#1543,.F.);
#1638=ADVANCED_FACE('',(#1444),#1544,.F.);
#1639=ADVANCED_FACE('',(#1445),#1545,.T.);
#1640=ADVANCED_FACE('',(#1446),#1546,.T.);
#1641=ADVANCED_FACE('',(#1447,#1448),#48,.F.);
#1642=ADVANCED_FACE('',(#1449,#1450),#49,.T.);
#1643=ADVANCED_FACE('',(#1451,#1452),#50,.F.);
#1644=ADVANCED_FACE('',(#1453,#1454),#51,.T.);
#1645=ADVANCED_FACE('',(#1455,#1456),#52,.F.);
#1646=ADVANCED_FACE('',(#1457,#1458),#53,.F.);
#1647=ADVANCED_FACE('',(#1459,#1460),#1547,.F.);
#1648=ADVANCED_FACE('',(#1461,#1462),#54,.F.);
#1649=ADVANCED_FACE('',(#1463,#1464),#1548,.T.);
#1650=ADVANCED_FACE('',(#1465,#1466),#1549,.F.);
#1651=ADVANCED_FACE('',(#1467,#1468),#55,.F.);
#1652=ADVANCED_FACE('',(#1469,#1470),#1550,.T.);
#1653=ADVANCED_FACE('',(#1471,#1472),#1551,.F.);
#1654=ADVANCED_FACE('',(#1473,#1474),#56,.F.);
#1655=ADVANCED_FACE('',(#1475,#1476),#1552,.T.);
#1656=ADVANCED_FACE('',(#1477,#1478),#1553,.F.);
#1657=ADVANCED_FACE('',(#1479,#1480),#57,.F.);
#1658=ADVANCED_FACE('',(#1481,#1482),#1554,.T.);
#1659=ADVANCED_FACE('',(#1483),#1555,.T.);
#1660=ADVANCED_FACE('',(#1484),#1556,.T.);
#1661=ADVANCED_FACE('',(#1485),#1557,.T.);
#1662=ADVANCED_FACE('',(#1486),#1558,.F.);
#1663=ADVANCED_FACE('',(#1487),#1559,.T.);
#1664=ADVANCED_FACE('',(#1488),#1560,.F.);
#1665=ADVANCED_FACE('',(#1489),#1561,.F.);
#1666=ADVANCED_FACE('',(#1490),#1562,.T.);
#1667=ADVANCED_FACE('',(#1491),#1563,.T.);
#1668=ADVANCED_FACE('',(#1492),#12,.T.);
#1669=ADVANCED_FACE('',(#1493),#13,.T.);
#1670=ADVANCED_FACE('',(#1494,#1495),#14,.T.);
#1671=ADVANCED_FACE('',(#1496,#1497),#15,.T.);
#1672=CLOSED_SHELL('',(#1564,#1565,#1566,#1567,#1568,#1569,#1570,#1571,
#1572,#1573,#1574,#1575,#1576,#1577,#1578,#1579,#1580,#1581,#1582,#1583,
#1584,#1585,#1586,#1587,#1588,#1589,#1590,#1591,#1592,#1593,#1594,#1595,
#1596,#1597,#1598,#1599,#1600,#1601,#1602,#1603,#1604,#1605,#1606,#1607,
#1608,#1609,#1610,#1611,#1612,#1613,#1614,#1615,#1616,#1617,#1618,#1619,
#1620,#1621,#1622,#1623,#1624,#1625,#1626,#1627,#1628,#1629,#1630,#1631,
#1632,#1633,#1634,#1635,#1636,#1637,#1638,#1639,#1640,#1641,#1642,#1643,
#1644,#1645,#1646,#1647,#1648,#1649,#1650,#1651,#1652,#1653,#1654,#1655,
#1656,#1657,#1658,#1659,#1660,#1661,#1662,#1663,#1664,#1665,#1666,#1667,
#1668,#1669,#1670,#1671));
#1673=STYLED_ITEM('',(#1674),#1681);
#1674=PRESENTATION_STYLE_ASSIGNMENT((#1675));
#1675=SURFACE_STYLE_USAGE(.BOTH.,#1676);
#1676=SURFACE_SIDE_STYLE('',(#1677));
#1677=SURFACE_STYLE_FILL_AREA(#1678);
#1678=FILL_AREA_STYLE('',(#1679));
#1679=FILL_AREA_STYLE_COLOUR('',#1680);
#1680=COLOUR_RGB('',0.372549019607843,0.654901960784314,0.23921568627451);
#1681=MANIFOLD_SOLID_BREP('Part 1',#1672);
#1682=SHAPE_DEFINITION_REPRESENTATION(#2838,#1683);
#1683=SHAPE_REPRESENTATION('Part 1',(#1684),#2833);
#1684=AXIS2_PLACEMENT_3D('',#2365,#1875,#1876);
#1685=AXIS2_PLACEMENT_3D('',#2366,#1877,#1878);
#1686=AXIS2_PLACEMENT_3D('',#2367,#1879,#1880);
#1687=AXIS2_PLACEMENT_3D('',#2369,#1881,#1882);
#1688=AXIS2_PLACEMENT_3D('',#2379,#1887,#1888);
#1689=AXIS2_PLACEMENT_3D('',#2381,#1889,#1890);
#1690=AXIS2_PLACEMENT_3D('',#2399,#1899,#1900);
#1691=AXIS2_PLACEMENT_3D('',#2417,#1909,#1910);
#1692=AXIS2_PLACEMENT_3D('',#2419,#1911,#1912);
#1693=AXIS2_PLACEMENT_3D('',#2421,#1913,#1914);
#1694=AXIS2_PLACEMENT_3D('',#2423,#1915,#1916);
#1695=AXIS2_PLACEMENT_3D('',#2425,#1917,#1918);
#1696=AXIS2_PLACEMENT_3D('',#2427,#1919,#1920);
#1697=AXIS2_PLACEMENT_3D('',#2429,#1921,#1922);
#1698=AXIS2_PLACEMENT_3D('',#2431,#1923,#1924);
#1699=AXIS2_PLACEMENT_3D('',#2433,#1925,#1926);
#1700=AXIS2_PLACEMENT_3D('',#2436,#1927,#1928);
#1701=AXIS2_PLACEMENT_3D('',#2456,#1938,#1939);
#1702=AXIS2_PLACEMENT_3D('',#2468,#1945,#1946);
#1703=AXIS2_PLACEMENT_3D('',#2469,#1947,#1948);
#1704=AXIS2_PLACEMENT_3D('',#2470,#1949,#1950);
#1705=AXIS2_PLACEMENT_3D('',#2472,#1951,#1952);
#1706=AXIS2_PLACEMENT_3D('',#2475,#1953,#1954);
#1707=AXIS2_PLACEMENT_3D('',#2476,#1955,#1956);
#1708=AXIS2_PLACEMENT_3D('',#2477,#1957,#1958);
#1709=AXIS2_PLACEMENT_3D('',#2479,#1959,#1960);
#1710=AXIS2_PLACEMENT_3D('',#2482,#1961,#1962);
#1711=AXIS2_PLACEMENT_3D('',#2483,#1963,#1964);
#1712=AXIS2_PLACEMENT_3D('',#2486,#1966,#1967);
#1713=AXIS2_PLACEMENT_3D('',#2489,#1969,#1970);
#1714=AXIS2_PLACEMENT_3D('',#2490,#1971,#1972);
#1715=AXIS2_PLACEMENT_3D('',#2492,#1973,#1974);
#1716=AXIS2_PLACEMENT_3D('',#2494,#1975,#1976);
#1717=AXIS2_PLACEMENT_3D('',#2500,#1980,#1981);
#1718=AXIS2_PLACEMENT_3D('',#2504,#1984,#1985);
#1719=AXIS2_PLACEMENT_3D('',#2508,#1988,#1989);
#1720=AXIS2_PLACEMENT_3D('',#2514,#1993,#1994);
#1721=AXIS2_PLACEMENT_3D('',#2518,#1997,#1998);
#1722=AXIS2_PLACEMENT_3D('',#2522,#2001,#2002);
#1723=AXIS2_PLACEMENT_3D('',#2528,#2006,#2007);
#1724=AXIS2_PLACEMENT_3D('',#2532,#2010,#2011);
#1725=AXIS2_PLACEMENT_3D('',#2536,#2014,#2015);
#1726=AXIS2_PLACEMENT_3D('',#2542,#2019,#2020);
#1727=AXIS2_PLACEMENT_3D('',#2546,#2023,#2024);
#1728=AXIS2_PLACEMENT_3D('',#2550,#2027,#2028);
#1729=AXIS2_PLACEMENT_3D('',#2552,#2030,#2031);
#1730=AXIS2_PLACEMENT_3D('',#2553,#2032,#2033);
#1731=AXIS2_PLACEMENT_3D('',#2555,#2034,#2035);
#1732=AXIS2_PLACEMENT_3D('',#2556,#2036,#2037);
#1733=AXIS2_PLACEMENT_3D('',#2558,#2038,#2039);
#1734=AXIS2_PLACEMENT_3D('',#2560,#2040,#2041);
#1735=AXIS2_PLACEMENT_3D('',#2561,#2042,#2043);
#1736=AXIS2_PLACEMENT_3D('',#2563,#2044,#2045);
#1737=AXIS2_PLACEMENT_3D('',#2565,#2046,#2047);
#1738=AXIS2_PLACEMENT_3D('',#2566,#2048,#2049);
#1739=AXIS2_PLACEMENT_3D('',#2568,#2050,#2051);
#1740=AXIS2_PLACEMENT_3D('',#2570,#2052,#2053);
#1741=AXIS2_PLACEMENT_3D('',#2571,#2054,#2055);
#1742=AXIS2_PLACEMENT_3D('',#2573,#2056,#2057);
#1743=AXIS2_PLACEMENT_3D('',#2575,#2058,#2059);
#1744=AXIS2_PLACEMENT_3D('',#2576,#2060,#2061);
#1745=AXIS2_PLACEMENT_3D('',#2578,#2062,#2063);
#1746=AXIS2_PLACEMENT_3D('',#2580,#2064,#2065);
#1747=AXIS2_PLACEMENT_3D('',#2581,#2066,#2067);
#1748=AXIS2_PLACEMENT_3D('',#2583,#2068,#2069);
#1749=AXIS2_PLACEMENT_3D('',#2585,#2070,#2071);
#1750=AXIS2_PLACEMENT_3D('',#2587,#2073,#2074);
#1751=AXIS2_PLACEMENT_3D('',#2589,#2076,#2077);
#1752=AXIS2_PLACEMENT_3D('',#2591,#2079,#2080);
#1753=AXIS2_PLACEMENT_3D('',#2592,#2081,#2082);
#1754=AXIS2_PLACEMENT_3D('',#2594,#2083,#2084);
#1755=AXIS2_PLACEMENT_3D('',#2596,#2085,#2086);
#1756=AXIS2_PLACEMENT_3D('',#2598,#2087,#2088);
#1757=AXIS2_PLACEMENT_3D('',#2600,#2089,#2090);
#1758=AXIS2_PLACEMENT_3D('',#2601,#2091,#2092);
#1759=AXIS2_PLACEMENT_3D('',#2603,#2093,#2094);
#1760=AXIS2_PLACEMENT_3D('',#2604,#2095,#2096);
#1761=AXIS2_PLACEMENT_3D('',#2605,#2097,#2098);
#1762=AXIS2_PLACEMENT_3D('',#2607,#2099,#2100);
#1763=AXIS2_PLACEMENT_3D('',#2608,#2101,#2102);
#1764=AXIS2_PLACEMENT_3D('',#2609,#2103,#2104);
#1765=AXIS2_PLACEMENT_3D('',#2611,#2105,#2106);
#1766=AXIS2_PLACEMENT_3D('',#2612,#2107,#2108);
#1767=AXIS2_PLACEMENT_3D('',#2613,#2109,#2110);
#1768=AXIS2_PLACEMENT_3D('',#2615,#2111,#2112);
#1769=AXIS2_PLACEMENT_3D('',#2616,#2113,#2114);
#1770=AXIS2_PLACEMENT_3D('',#2618,#2115,#2116);
#1771=AXIS2_PLACEMENT_3D('',#2619,#2117,#2118);
#1772=AXIS2_PLACEMENT_3D('',#2620,#2119,#2120);
#1773=AXIS2_PLACEMENT_3D('',#2622,#2121,#2122);
#1774=AXIS2_PLACEMENT_3D('',#2623,#2123,#2124);
#1775=AXIS2_PLACEMENT_3D('',#2624,#2125,#2126);
#1776=AXIS2_PLACEMENT_3D('',#2626,#2127,#2128);
#1777=AXIS2_PLACEMENT_3D('',#2627,#2129,#2130);
#1778=AXIS2_PLACEMENT_3D('',#2636,#2135,#2136);
#1779=AXIS2_PLACEMENT_3D('',#2643,#2141,#2142);
#1780=AXIS2_PLACEMENT_3D('',#2647,#2145,#2146);
#1781=AXIS2_PLACEMENT_3D('',#2652,#2150,#2151);
#1782=AXIS2_PLACEMENT_3D('',#2653,#2152,#2153);
#1783=AXIS2_PLACEMENT_3D('',#2654,#2154,#2155);
#1784=AXIS2_PLACEMENT_3D('',#2656,#2156,#2157);
#1785=AXIS2_PLACEMENT_3D('',#2658,#2158,#2159);
#1786=AXIS2_PLACEMENT_3D('',#2659,#2160,#2161);
#1787=AXIS2_PLACEMENT_3D('',#2661,#2162,#2163);
#1788=AXIS2_PLACEMENT_3D('',#2662,#2164,#2165);
#1789=AXIS2_PLACEMENT_3D('',#2663,#2166,#2167);
#1790=AXIS2_PLACEMENT_3D('',#2664,#2168,#2169);
#1791=AXIS2_PLACEMENT_3D('',#2666,#2170,#2171);
#1792=AXIS2_PLACEMENT_3D('',#2668,#2172,#2173);
#1793=AXIS2_PLACEMENT_3D('',#2669,#2174,#2175);
#1794=AXIS2_PLACEMENT_3D('',#2671,#2176,#2177);
#1795=AXIS2_PLACEMENT_3D('',#2672,#2178,#2179);
#1796=AXIS2_PLACEMENT_3D('',#2673,#2180,#2181);
#1797=AXIS2_PLACEMENT_3D('',#2674,#2182,#2183);
#1798=AXIS2_PLACEMENT_3D('',#2676,#2184,#2185);
#1799=AXIS2_PLACEMENT_3D('',#2678,#2186,#2187);
#1800=AXIS2_PLACEMENT_3D('',#2679,#2188,#2189);
#1801=AXIS2_PLACEMENT_3D('',#2681,#2190,#2191);
#1802=AXIS2_PLACEMENT_3D('',#2682,#2192,#2193);
#1803=AXIS2_PLACEMENT_3D('',#2683,#2194,#2195);
#1804=AXIS2_PLACEMENT_3D('',#2684,#2196,#2197);
#1805=AXIS2_PLACEMENT_3D('',#2686,#2198,#2199);
#1806=AXIS2_PLACEMENT_3D('',#2688,#2200,#2201);
#1807=AXIS2_PLACEMENT_3D('',#2689,#2202,#2203);
#1808=AXIS2_PLACEMENT_3D('',#2691,#2204,#2205);
#1809=AXIS2_PLACEMENT_3D('',#2692,#2206,#2207);
#1810=AXIS2_PLACEMENT_3D('',#2693,#2208,#2209);
#1811=AXIS2_PLACEMENT_3D('',#2694,#2210,#2211);
#1812=AXIS2_PLACEMENT_3D('',#2696,#2212,#2213);
#1813=AXIS2_PLACEMENT_3D('',#2698,#2214,#2215);
#1814=AXIS2_PLACEMENT_3D('',#2699,#2216,#2217);
#1815=AXIS2_PLACEMENT_3D('',#2701,#2218,#2219);
#1816=AXIS2_PLACEMENT_3D('',#2702,#2220,#2221);
#1817=AXIS2_PLACEMENT_3D('',#2703,#2222,#2223);
#1818=AXIS2_PLACEMENT_3D('',#2704,#2224,#2225);
#1819=AXIS2_PLACEMENT_3D('',#2710,#2229,#2230);
#1820=AXIS2_PLACEMENT_3D('',#2714,#2233,#2234);
#1821=AXIS2_PLACEMENT_3D('',#2718,#2237,#2238);
#1822=AXIS2_PLACEMENT_3D('',#2720,#2240,#2241);
#1823=AXIS2_PLACEMENT_3D('',#2721,#2242,#2243);
#1824=AXIS2_PLACEMENT_3D('',#2727,#2247,#2248);
#1825=AXIS2_PLACEMENT_3D('',#2731,#2251,#2252);
#1826=AXIS2_PLACEMENT_3D('',#2735,#2255,#2256);
#1827=AXIS2_PLACEMENT_3D('',#2737,#2258,#2259);
#1828=AXIS2_PLACEMENT_3D('',#2738,#2260,#2261);
#1829=AXIS2_PLACEMENT_3D('',#2739,#2262,#2263);
#1830=AXIS2_PLACEMENT_3D('',#2741,#2264,#2265);
#1831=AXIS2_PLACEMENT_3D('',#2742,#2266,#2267);
#1832=AXIS2_PLACEMENT_3D('',#2744,#2268,#2269);
#1833=AXIS2_PLACEMENT_3D('',#2746,#2270,#2271);
#1834=AXIS2_PLACEMENT_3D('',#2747,#2272,#2273);
#1835=AXIS2_PLACEMENT_3D('',#2749,#2274,#2275);
#1836=AXIS2_PLACEMENT_3D('',#2750,#2276,#2277);
#1837=AXIS2_PLACEMENT_3D('',#2752,#2278,#2279);
#1838=AXIS2_PLACEMENT_3D('',#2754,#2280,#2281);
#1839=AXIS2_PLACEMENT_3D('',#2755,#2282,#2283);
#1840=AXIS2_PLACEMENT_3D('',#2757,#2284,#2285);
#1841=AXIS2_PLACEMENT_3D('',#2758,#2286,#2287);
#1842=AXIS2_PLACEMENT_3D('',#2760,#2288,#2289);
#1843=AXIS2_PLACEMENT_3D('',#2761,#2290,#2291);
#1844=AXIS2_PLACEMENT_3D('',#2763,#2292,#2293);
#1845=AXIS2_PLACEMENT_3D('',#2764,#2294,#2295);
#1846=AXIS2_PLACEMENT_3D('',#2766,#2296,#2297);
#1847=AXIS2_PLACEMENT_3D('',#2767,#2298,#2299);
#1848=AXIS2_PLACEMENT_3D('',#2768,#2300,#2301);
#1849=AXIS2_PLACEMENT_3D('',#2770,#2302,#2303);
#1850=AXIS2_PLACEMENT_3D('',#2771,#2304,#2305);
#1851=AXIS2_PLACEMENT_3D('',#2773,#2306,#2307);
#1852=AXIS2_PLACEMENT_3D('',#2774,#2308,#2309);
#1853=AXIS2_PLACEMENT_3D('',#2775,#2310,#2311);
#1854=AXIS2_PLACEMENT_3D('',#2777,#2312,#2313);
#1855=AXIS2_PLACEMENT_3D('',#2778,#2314,#2315);
#1856=AXIS2_PLACEMENT_3D('',#2780,#2316,#2317);
#1857=AXIS2_PLACEMENT_3D('',#2781,#2318,#2319);
#1858=AXIS2_PLACEMENT_3D('',#2782,#2320,#2321);
#1859=AXIS2_PLACEMENT_3D('',#2784,#2322,#2323);
#1860=AXIS2_PLACEMENT_3D('',#2785,#2324,#2325);
#1861=AXIS2_PLACEMENT_3D('',#2787,#2326,#2327);
#1862=AXIS2_PLACEMENT_3D('',#2788,#2328,#2329);
#1863=AXIS2_PLACEMENT_3D('',#2794,#2331,#2332);
#1864=AXIS2_PLACEMENT_3D('',#2797,#2335,#2336);
#1865=AXIS2_PLACEMENT_3D('',#2802,#2337,#2338);
#1866=AXIS2_PLACEMENT_3D('',#2811,#2339,#2340);
#1867=AXIS2_PLACEMENT_3D('',#2817,#2344,#2345);
#1868=AXIS2_PLACEMENT_3D('',#2821,#2348,#2349);
#1869=AXIS2_PLACEMENT_3D('',#2825,#2352,#2353);
#1870=AXIS2_PLACEMENT_3D('',#2827,#2355,#2356);
#1871=AXIS2_PLACEMENT_3D('',#2828,#2357,#2358);
#1872=AXIS2_PLACEMENT_3D('',#2829,#2359,#2360);
#1873=AXIS2_PLACEMENT_3D('',#2830,#2361,#2362);
#1874=AXIS2_PLACEMENT_3D('',#2831,#2363,#2364);
#1875=DIRECTION('',(0.,0.,1.));
#1876=DIRECTION('',(1.,0.,0.));
#1877=DIRECTION('',(0.,0.,1.));
#1878=DIRECTION('',(1.,0.,0.));
#1879=DIRECTION('',(0.,0.,1.));
#1880=DIRECTION('',(1.,0.,0.));
#1881=DIRECTION('',(0.,0.,1.));
#1882=DIRECTION('',(1.,0.,0.));
#1883=DIRECTION('',(0.,1.,0.));
#1884=DIRECTION('',(1.,0.,0.));
#1885=DIRECTION('',(0.,1.,0.));
#1886=DIRECTION('',(1.,0.,0.));
#1887=DIRECTION('',(0.,0.,-1.));
#1888=DIRECTION('',(-1.,0.,0.));
#1889=DIRECTION('',(0.,0.,-1.));
#1890=DIRECTION('',(-1.,0.,0.));
#1891=DIRECTION('',(1.,1.78377735318946E-16,0.));
#1892=DIRECTION('',(0.,-1.,0.));
#1893=DIRECTION('',(1.,0.,0.));
#1894=DIRECTION('',(0.,-1.,0.));
#1895=DIRECTION('',(1.,7.70988211545248E-16,0.));
#1896=DIRECTION('',(0.,1.,0.));
#1897=DIRECTION('',(1.,0.,0.));
#1898=DIRECTION('',(-6.30808536718839E-16,1.,0.));
#1899=DIRECTION('',(0.,0.,1.));
#1900=DIRECTION('',(1.,0.,0.));
#1901=DIRECTION('',(0.,-1.,0.));
#1902=DIRECTION('',(1.,0.,0.));
#1903=DIRECTION('',(0.,-1.,0.));
#1904=DIRECTION('',(1.,0.,0.));
#1905=DIRECTION('',(0.,1.,0.));
#1906=DIRECTION('',(1.,0.,0.));
#1907=DIRECTION('',(5.63564987119381E-16,1.,0.));
#1908=DIRECTION('',(1.,0.,0.));
#1909=DIRECTION('',(0.,0.,-1.));
#1910=DIRECTION('',(-1.,0.,0.));
#1911=DIRECTION('',(0.,0.,-1.));
#1912=DIRECTION('',(-1.,0.,0.));
#1913=DIRECTION('',(0.,0.,-1.));
#1914=DIRECTION('',(-1.,0.,0.));
#1915=DIRECTION('',(0.,0.,1.));
#1916=DIRECTION('',(1.,0.,0.));
#1917=DIRECTION('',(0.,0.,1.));
#1918=DIRECTION('',(1.,0.,0.));
#1919=DIRECTION('',(0.,0.,1.));
#1920=DIRECTION('',(1.,0.,0.));
#1921=DIRECTION('',(0.,0.,1.));
#1922=DIRECTION('',(1.,0.,0.));
#1923=DIRECTION('',(0.,0.,1.));
#1924=DIRECTION('',(1.,0.,0.));
#1925=DIRECTION('',(0.,0.,-1.));
#1926=DIRECTION('',(-1.,0.,0.));
#1927=DIRECTION('',(0.,0.,1.));
#1928=DIRECTION('',(1.,0.,0.));
#1929=DIRECTION('',(-1.,0.,0.));
#1930=DIRECTION('',(3.19409393247104E-16,1.,0.));
#1931=DIRECTION('',(-1.,0.,0.));
#1932=DIRECTION('',(3.19409393247104E-16,1.,0.));
#1933=DIRECTION('',(0.,1.,0.));
#1934=DIRECTION('',(1.,0.,0.));
#1935=DIRECTION('',(0.,1.,0.));
#1936=DIRECTION('',(1.,0.,0.));
#1937=DIRECTION('',(1.,-7.41770468226497E-16,0.));
#1938=DIRECTION('',(0.,0.,1.));
#1939=DIRECTION('',(1.,0.,0.));
#1940=DIRECTION('',(1.,-7.41770468226494E-16,0.));
#1941=DIRECTION('',(0.,1.,0.));
#1942=DIRECTION('',(1.,6.16790569236164E-16,0.));
#1943=DIRECTION('',(0.,1.,0.));
#1944=DIRECTION('',(1.,-7.41770468226494E-16,0.));
#1945=DIRECTION('',(0.,0.,1.));
#1946=DIRECTION('',(1.,0.,0.));
#1947=DIRECTION('',(0.,0.,1.));
#1948=DIRECTION('',(1.,0.,0.));
#1949=DIRECTION('',(0.,0.,-1.));
#1950=DIRECTION('',(-1.,0.,0.));
#1951=DIRECTION('',(0.,0.,-1.));
#1952=DIRECTION('',(-1.,0.,0.));
#1953=DIRECTION('',(0.,0.,1.));
#1954=DIRECTION('',(1.,0.,0.));
#1955=DIRECTION('',(0.,0.,1.));
#1956=DIRECTION('',(1.,0.,0.));
#1957=DIRECTION('',(0.,0.,-1.));
#1958=DIRECTION('',(-1.,0.,0.));
#1959=DIRECTION('',(0.,0.,-1.));
#1960=DIRECTION('',(-1.,0.,0.));
#1961=DIRECTION('',(0.,0.,1.));
#1962=DIRECTION('',(1.,0.,0.));
#1963=DIRECTION('',(0.,0.,1.));
#1964=DIRECTION('',(1.,0.,0.));
#1965=DIRECTION('',(0.,0.,1.));
#1966=DIRECTION('',(-3.21791204793699E-16,-2.7977620220554E-14,0.999999999999985));
#1967=DIRECTION('',(0.,-1.,-2.79776202205544E-14));
#1968=DIRECTION('',(0.,0.,1.));
#1969=DIRECTION('',(0.,0.,1.));
#1970=DIRECTION('',(1.,0.,0.));
#1971=DIRECTION('',(0.,0.,1.));
#1972=DIRECTION('',(1.,0.,0.));
#1973=DIRECTION('',(0.,0.,-1.));
#1974=DIRECTION('',(-1.,0.,0.));
#1975=DIRECTION('',(1.78377735318946E-16,-1.,0.));
#1976=DIRECTION('',(1.,1.78377735318946E-16,0.));
#1977=DIRECTION('',(1.,1.78377735318946E-16,0.));
#1978=DIRECTION('',(0.,0.,1.));
#1979=DIRECTION('',(0.,0.,1.));
#1980=DIRECTION('',(-1.,0.,0.));
#1981=DIRECTION('',(0.,0.,1.));
#1982=DIRECTION('',(0.,-1.,0.));
#1983=DIRECTION('',(0.,0.,1.));
#1984=DIRECTION('',(0.,-1.,0.));
#1985=DIRECTION('',(0.,0.,-1.));
#1986=DIRECTION('',(1.,0.,0.));
#1987=DIRECTION('',(0.,0.,1.));
#1988=DIRECTION('',(7.70988211545248E-16,-1.,0.));
#1989=DIRECTION('',(1.,7.70988211545248E-16,0.));
#1990=DIRECTION('',(1.,7.70988211545248E-16,0.));
#1991=DIRECTION('',(0.,0.,1.));
#1992=DIRECTION('',(0.,0.,1.));
#1993=DIRECTION('',(1.,6.30808536718839E-16,0.));
#1994=DIRECTION('',(-6.30808536718839E-16,1.,0.));
#1995=DIRECTION('',(-6.30808536718839E-16,1.,0.));
#1996=DIRECTION('',(0.,0.,1.));
#1997=DIRECTION('',(0.,-1.,0.));
#1998=DIRECTION('',(0.,0.,-1.));
#1999=DIRECTION('',(1.,0.,0.));
#2000=DIRECTION('',(0.,0.,1.));
#2001=DIRECTION('',(-1.,0.,0.));
#2002=DIRECTION('',(0.,0.,1.));
#2003=DIRECTION('',(0.,-1.,0.));
#2004=DIRECTION('',(0.,0.,1.));
#2005=DIRECTION('',(0.,0.,1.));
#2006=DIRECTION('',(0.,-1.,0.));
#2007=DIRECTION('',(0.,0.,-1.));
#2008=DIRECTION('',(1.,0.,0.));
#2009=DIRECTION('',(0.,0.,1.));
#2010=DIRECTION('',(-1.,0.,0.));
#2011=DIRECTION('',(0.,0.,1.));
#2012=DIRECTION('',(0.,-1.,0.));
#2013=DIRECTION('',(0.,0.,1.));
#2014=DIRECTION('',(1.,0.,0.));
#2015=DIRECTION('',(0.,0.,-1.));
#2016=DIRECTION('',(0.,1.,0.));
#2017=DIRECTION('',(0.,0.,1.));
#2018=DIRECTION('',(0.,0.,1.));
#2019=DIRECTION('',(0.,-1.,0.));
#2020=DIRECTION('',(0.,0.,-1.));
#2021=DIRECTION('',(1.,0.,0.));
#2022=DIRECTION('',(0.,0.,1.));
#2023=DIRECTION('',(1.,-5.63564987119381E-16,0.));
#2024=DIRECTION('',(5.63564987119381E-16,1.,0.));
#2025=DIRECTION('',(5.63564987119381E-16,1.,0.));
#2026=DIRECTION('',(0.,0.,1.));
#2027=DIRECTION('',(1.,0.,0.));
#2028=DIRECTION('',(0.,0.,-1.));
#2029=DIRECTION('',(0.,1.,0.));
#2030=DIRECTION('',(0.,0.,1.));
#2031=DIRECTION('',(1.,0.,0.));
#2032=DIRECTION('',(0.,0.,1.));
#2033=DIRECTION('',(1.,0.,0.));
#2034=DIRECTION('',(0.,0.,1.));
#2035=DIRECTION('',(1.,0.,0.));
#2036=DIRECTION('',(0.,0.,1.));
#2037=DIRECTION('',(1.,0.,0.));
#2038=DIRECTION('',(1.30104260698261E-16,-2.7977620220554E-14,0.999999999999985));
#2039=DIRECTION('',(0.,-1.,-2.79776202205544E-14));
#2040=DIRECTION('',(0.,0.,1.));
#2041=DIRECTION('',(1.,0.,0.));
#2042=DIRECTION('',(0.,0.,1.));
#2043=DIRECTION('',(1.,0.,0.));
#2044=DIRECTION('',(1.30104260698261E-16,-2.7977620220554E-14,0.999999999999985));
#2045=DIRECTION('',(0.,-1.,-2.79776202205544E-14));
#2046=DIRECTION('',(0.,0.,1.));
#2047=DIRECTION('',(1.,0.,0.));
#2048=DIRECTION('',(0.,0.,1.));
#2049=DIRECTION('',(1.,0.,0.));
#2050=DIRECTION('',(1.30104260698261E-16,-2.7977620220554E-14,0.999999999999985));
#2051=DIRECTION('',(0.,-1.,-2.79776202205544E-14));
#2052=DIRECTION('',(0.,0.,1.));
#2053=DIRECTION('',(1.,0.,0.));
#2054=DIRECTION('',(0.,0.,1.));
#2055=DIRECTION('',(1.,0.,0.));
#2056=DIRECTION('',(-7.6761513811974E-17,-2.7977620220554E-14,0.999999999999976));
#2057=DIRECTION('',(0.,-1.,-2.79776202205547E-14));
#2058=DIRECTION('',(0.,0.,1.));
#2059=DIRECTION('',(1.,0.,0.));
#2060=DIRECTION('',(0.,0.,1.));
#2061=DIRECTION('',(1.,0.,0.));
#2062=DIRECTION('',(-7.6761513811974E-17,-2.7977620220554E-14,0.999999999999976));
#2063=DIRECTION('',(0.,-1.,-2.79776202205547E-14));
#2064=DIRECTION('',(0.,0.,1.));
#2065=DIRECTION('',(1.,0.,0.));
#2066=DIRECTION('',(0.,0.,1.));
#2067=DIRECTION('',(1.,0.,0.));
#2068=DIRECTION('',(0.,0.,-1.));
#2069=DIRECTION('',(-1.,0.,0.));
#2070=DIRECTION('',(0.,-1.,0.));
#2071=DIRECTION('',(0.,0.,-1.));
#2072=DIRECTION('',(1.,0.,0.));
#2073=DIRECTION('',(0.,-1.,0.));
#2074=DIRECTION('',(0.,0.,-1.));
#2075=DIRECTION('',(1.,0.,0.));
#2076=DIRECTION('',(-1.,0.,0.));
#2077=DIRECTION('',(0.,0.,1.));
#2078=DIRECTION('',(0.,-1.,0.));
#2079=DIRECTION('',(0.,0.,1.));
#2080=DIRECTION('',(1.,0.,0.));
#2081=DIRECTION('',(0.,0.,1.));
#2082=DIRECTION('',(1.,0.,0.));
#2083=DIRECTION('',(0.,0.,1.));
#2084=DIRECTION('',(1.,0.,0.));
#2085=DIRECTION('',(0.,0.,1.));
#2086=DIRECTION('',(1.,0.,0.));
#2087=DIRECTION('',(0.,0.,1.));
#2088=DIRECTION('',(1.,0.,0.));
#2089=DIRECTION('',(1.30104260698261E-16,-2.7977620220554E-14,0.999999999999985));
#2090=DIRECTION('',(1.00000000000003,-1.9971004017183E-16,-2.71484223990371E-16));
#2091=DIRECTION('',(1.30104260698261E-16,-2.7977620220554E-14,0.999999999999985));
#2092=DIRECTION('',(0.,-1.,-2.79776202205544E-14));
#2093=DIRECTION('',(0.,0.,1.));
#2094=DIRECTION('',(1.,0.,0.));
#2095=DIRECTION('',(1.30104260698261E-16,-2.7977620220554E-14,0.999999999999985));
#2096=DIRECTION('',(1.00000000000003,-1.9971004017183E-16,-2.71484223990371E-16));
#2097=DIRECTION('',(1.30104260698261E-16,-2.7977620220554E-14,0.999999999999985));
#2098=DIRECTION('',(0.,-1.,-2.79776202205544E-14));
#2099=DIRECTION('',(0.,0.,1.));
#2100=DIRECTION('',(1.,0.,0.));
#2101=DIRECTION('',(1.30104260698261E-16,-2.7977620220554E-14,0.999999999999985));
#2102=DIRECTION('',(1.00000000000003,-1.9971004017183E-16,-2.71484223990371E-16));
#2103=DIRECTION('',(1.30104260698261E-16,-2.7977620220554E-14,0.999999999999985));
#2104=DIRECTION('',(0.,-1.,-2.79776202205544E-14));
#2105=DIRECTION('',(0.,0.,1.));
#2106=DIRECTION('',(1.,0.,0.));
#2107=DIRECTION('',(0.,0.,-1.));
#2108=DIRECTION('',(-1.,0.,0.));
#2109=DIRECTION('',(0.,0.,-1.));
#2110=DIRECTION('',(-1.,0.,0.));
#2111=DIRECTION('',(0.,0.,-1.));
#2112=DIRECTION('',(-1.,0.,0.));
#2113=DIRECTION('',(0.,0.,-1.));
#2114=DIRECTION('',(-1.,0.,0.));
#2115=DIRECTION('',(0.,0.,-1.));
#2116=DIRECTION('',(1.,0.,0.));
#2117=DIRECTION('',(-3.21791204793699E-16,-2.7977620220554E-14,0.999999999999985));
#2118=DIRECTION('',(-2.4611389315421E-16,0.999999999999982,1.37549680304626E-17));
#2119=DIRECTION('',(-3.21791204793699E-16,-2.7977620220554E-14,0.999999999999985));
#2120=DIRECTION('',(0.,-1.,-2.79776202205544E-14));
#2121=DIRECTION('',(0.,0.,-1.));
#2122=DIRECTION('',(-1.,0.,0.));
#2123=DIRECTION('',(0.,0.,1.));
#2124=DIRECTION('',(1.,0.,0.));
#2125=DIRECTION('',(0.,0.,-1.));
#2126=DIRECTION('',(-1.,0.,0.));
#2127=DIRECTION('',(0.,0.,1.));
#2128=DIRECTION('',(1.,0.,0.));
#2129=DIRECTION('',(-7.6761513811974E-17,-2.7977620220554E-14,0.999999999999976));
#2130=DIRECTION('',(1.00000000000005,3.88870327461626E-16,-1.4137996329212E-16));
#2131=DIRECTION('',(-1.,-6.16790569236164E-16,-7.67615138119931E-17));
#2132=DIRECTION('',(0.,-1.,-2.79776202205547E-14));
#2133=DIRECTION('',(-1.,0.,-7.67615138119758E-17));
#2134=DIRECTION('',(0.,-1.,-2.79776202205547E-14));
#2135=DIRECTION('',(1.,0.,0.));
#2136=DIRECTION('',(0.,0.,-1.));
#2137=DIRECTION('',(0.,0.,-1.));
#2138=DIRECTION('',(0.,0.,1.));
#2139=DIRECTION('',(0.,0.,1.));
#2140=DIRECTION('',(0.,1.,0.));
#2141=DIRECTION('',(0.,-1.,0.));
#2142=DIRECTION('',(0.,0.,-1.));
#2143=DIRECTION('',(0.,0.,1.));
#2144=DIRECTION('',(1.,0.,0.));
#2145=DIRECTION('',(1.,0.,0.));
#2146=DIRECTION('',(0.,0.,-1.));
#2147=DIRECTION('',(0.,0.,-1.));
#2148=DIRECTION('',(0.,1.,0.));
#2149=DIRECTION('',(0.,0.,1.));
#2150=DIRECTION('',(6.16790569236164E-16,-1.,0.));
#2151=DIRECTION('',(1.,6.16790569236164E-16,0.));
#2152=DIRECTION('',(0.,0.,1.));
#2153=DIRECTION('',(1.,0.,0.));
#2154=DIRECTION('',(0.,0.,-1.));
#2155=DIRECTION('',(-1.,0.,0.));
#2156=DIRECTION('',(0.,0.,-1.));
#2157=DIRECTION('',(-1.,0.,0.));
#2158=DIRECTION('',(0.,0.,1.));
#2159=DIRECTION('',(1.,0.,0.));
#2160=DIRECTION('',(0.,0.,-1.));
#2161=DIRECTION('',(-1.,0.,0.));
#2162=DIRECTION('',(0.,0.,-1.));
#2163=DIRECTION('',(1.,0.,0.));
#2164=DIRECTION('',(0.,0.,1.));
#2165=DIRECTION('',(1.,0.,0.));
#2166=DIRECTION('',(0.,0.,1.));
#2167=DIRECTION('',(1.,0.,0.));
#2168=DIRECTION('',(0.,0.,-1.));
#2169=DIRECTION('',(-1.,0.,0.));
#2170=DIRECTION('',(0.,0.,-1.));
#2171=DIRECTION('',(-1.,0.,0.));
#2172=DIRECTION('',(0.,0.,1.));
#2173=DIRECTION('',(1.,0.,0.));
#2174=DIRECTION('',(0.,0.,-1.));
#2175=DIRECTION('',(-1.,0.,0.));
#2176=DIRECTION('',(0.,0.,-1.));
#2177=DIRECTION('',(1.,0.,0.));
#2178=DIRECTION('',(0.,0.,1.));
#2179=DIRECTION('',(1.,0.,0.));
#2180=DIRECTION('',(0.,0.,1.));
#2181=DIRECTION('',(1.,0.,0.));
#2182=DIRECTION('',(0.,0.,-1.));
#2183=DIRECTION('',(-1.,0.,0.));
#2184=DIRECTION('',(0.,0.,-1.));
#2185=DIRECTION('',(-1.,0.,0.));
#2186=DIRECTION('',(0.,0.,1.));
#2187=DIRECTION('',(1.,0.,0.));
#2188=DIRECTION('',(0.,0.,-1.));
#2189=DIRECTION('',(-1.,0.,0.));
#2190=DIRECTION('',(0.,0.,-1.));
#2191=DIRECTION('',(1.,0.,0.));
#2192=DIRECTION('',(0.,0.,1.));
#2193=DIRECTION('',(1.,0.,0.));
#2194=DIRECTION('',(0.,0.,1.));
#2195=DIRECTION('',(1.,0.,0.));
#2196=DIRECTION('',(0.,0.,-1.));
#2197=DIRECTION('',(-1.,0.,0.));
#2198=DIRECTION('',(0.,0.,-1.));
#2199=DIRECTION('',(-1.,0.,0.));
#2200=DIRECTION('',(0.,0.,1.));
#2201=DIRECTION('',(1.,0.,0.));
#2202=DIRECTION('',(0.,0.,-1.));
#2203=DIRECTION('',(-1.,0.,0.));
#2204=DIRECTION('',(0.,0.,-1.));
#2205=DIRECTION('',(1.,0.,0.));
#2206=DIRECTION('',(0.,0.,1.));
#2207=DIRECTION('',(1.,0.,0.));
#2208=DIRECTION('',(0.,0.,1.));
#2209=DIRECTION('',(1.,0.,0.));
#2210=DIRECTION('',(0.,0.,-1.));
#2211=DIRECTION('',(-1.,0.,0.));
#2212=DIRECTION('',(0.,0.,-1.));
#2213=DIRECTION('',(-1.,0.,0.));
#2214=DIRECTION('',(0.,0.,1.));
#2215=DIRECTION('',(1.,0.,0.));
#2216=DIRECTION('',(0.,0.,-1.));
#2217=DIRECTION('',(-1.,0.,0.));
#2218=DIRECTION('',(0.,0.,-1.));
#2219=DIRECTION('',(1.,0.,0.));
#2220=DIRECTION('',(0.,0.,1.));
#2221=DIRECTION('',(1.,0.,0.));
#2222=DIRECTION('',(0.,0.,1.));
#2223=DIRECTION('',(1.,0.,0.));
#2224=DIRECTION('',(1.,-3.19409393247104E-16,0.));
#2225=DIRECTION('',(3.19409393247104E-16,1.,0.));
#2226=DIRECTION('',(0.,0.,1.));
#2227=DIRECTION('',(3.19409393247104E-16,1.,0.));
#2228=DIRECTION('',(0.,0.,1.));
#2229=DIRECTION('',(0.,1.,0.));
#2230=DIRECTION('',(0.,0.,1.));
#2231=DIRECTION('',(0.,0.,1.));
#2232=DIRECTION('',(-1.,0.,0.));
#2233=DIRECTION('',(1.,-3.19409393247104E-16,0.));
#2234=DIRECTION('',(3.19409393247104E-16,1.,0.));
#2235=DIRECTION('',(0.,0.,1.));
#2236=DIRECTION('',(3.19409393247104E-16,1.,0.));
#2237=DIRECTION('',(0.,1.,0.));
#2238=DIRECTION('',(0.,0.,1.));
#2239=DIRECTION('',(-1.,0.,0.));
#2240=DIRECTION('',(0.,0.,-1.));
#2241=DIRECTION('',(1.,0.,0.));
#2242=DIRECTION('',(0.,-1.,0.));
#2243=DIRECTION('',(0.,0.,-1.));
#2244=DIRECTION('',(0.,0.,1.));
#2245=DIRECTION('',(1.,0.,0.));
#2246=DIRECTION('',(0.,0.,1.));
#2247=DIRECTION('',(1.,0.,0.));
#2248=DIRECTION('',(0.,0.,-1.));
#2249=DIRECTION('',(0.,0.,1.));
#2250=DIRECTION('',(0.,1.,0.));
#2251=DIRECTION('',(0.,-1.,0.));
#2252=DIRECTION('',(0.,0.,-1.));
#2253=DIRECTION('',(0.,0.,1.));
#2254=DIRECTION('',(1.,0.,0.));
#2255=DIRECTION('',(1.,0.,0.));
#2256=DIRECTION('',(0.,0.,-1.));
#2257=DIRECTION('',(0.,1.,0.));
#2258=DIRECTION('',(0.,0.,-1.));
#2259=DIRECTION('',(1.,0.,0.));
#2260=DIRECTION('',(0.,0.,1.));
#2261=DIRECTION('',(1.,0.,0.));
#2262=DIRECTION('',(0.,0.,-1.));
#2263=DIRECTION('',(-1.,0.,0.));
#2264=DIRECTION('',(0.,0.,1.));
#2265=DIRECTION('',(1.,0.,0.));
#2266=DIRECTION('',(0.,0.,1.));
#2267=DIRECTION('',(1.,0.,0.));
#2268=DIRECTION('',(0.,0.,-1.));
#2269=DIRECTION('',(-1.,0.,0.));
#2270=DIRECTION('',(0.,0.,1.));
#2271=DIRECTION('',(1.,0.,0.));
#2272=DIRECTION('',(0.,0.,-1.));
#2273=DIRECTION('',(-1.,0.,0.));
#2274=DIRECTION('',(0.,0.,1.));
#2275=DIRECTION('',(1.,0.,0.));
#2276=DIRECTION('',(0.,0.,1.));
#2277=DIRECTION('',(1.,0.,0.));
#2278=DIRECTION('',(0.,0.,-1.));
#2279=DIRECTION('',(-1.,0.,0.));
#2280=DIRECTION('',(0.,0.,1.));
#2281=DIRECTION('',(1.,0.,0.));
#2282=DIRECTION('',(0.,0.,-1.));
#2283=DIRECTION('',(-1.,0.,0.));
#2284=DIRECTION('',(0.,0.,1.));
#2285=DIRECTION('',(1.,0.,0.));
#2286=DIRECTION('',(0.,0.,-1.));
#2287=DIRECTION('',(-1.,0.,0.));
#2288=DIRECTION('',(0.,0.,-1.));
#2289=DIRECTION('',(1.,0.,0.));
#2290=DIRECTION('',(0.,0.,-1.));
#2291=DIRECTION('',(-1.,0.,0.));
#2292=DIRECTION('',(0.,0.,1.));
#2293=DIRECTION('',(1.,0.,0.));
#2294=DIRECTION('',(0.,0.,-1.));
#2295=DIRECTION('',(-1.,0.,0.));
#2296=DIRECTION('',(0.,0.,-1.));
#2297=DIRECTION('',(1.,0.,0.));
#2298=DIRECTION('',(0.,0.,-1.));
#2299=DIRECTION('',(1.,0.,0.));
#2300=DIRECTION('',(0.,0.,-1.));
#2301=DIRECTION('',(-1.,0.,0.));
#2302=DIRECTION('',(0.,0.,1.));
#2303=DIRECTION('',(1.,0.,0.));
#2304=DIRECTION('',(0.,0.,-1.));
#2305=DIRECTION('',(-1.,0.,0.));
#2306=DIRECTION('',(0.,0.,-1.));
#2307=DIRECTION('',(1.,0.,0.));
#2308=DIRECTION('',(0.,0.,-1.));
#2309=DIRECTION('',(1.,0.,0.));
#2310=DIRECTION('',(0.,0.,-1.));
#2311=DIRECTION('',(-1.,0.,0.));
#2312=DIRECTION('',(0.,0.,1.));
#2313=DIRECTION('',(1.,0.,0.));
#2314=DIRECTION('',(0.,0.,-1.));
#2315=DIRECTION('',(-1.,0.,0.));
#2316=DIRECTION('',(0.,0.,-1.));
#2317=DIRECTION('',(1.,0.,0.));
#2318=DIRECTION('',(0.,0.,-1.));
#2319=DIRECTION('',(1.,0.,0.));
#2320=DIRECTION('',(0.,0.,-1.));
#2321=DIRECTION('',(-1.,0.,0.));
#2322=DIRECTION('',(0.,0.,1.));
#2323=DIRECTION('',(1.,0.,0.));
#2324=DIRECTION('',(0.,0.,-1.));
#2325=DIRECTION('',(-1.,0.,0.));
#2326=DIRECTION('',(0.,0.,-1.));
#2327=DIRECTION('',(1.,0.,0.));
#2328=DIRECTION('',(-7.41770468226494E-16,-1.,0.));
#2329=DIRECTION('',(1.,-7.41770468226494E-16,0.));
#2330=DIRECTION('',(1.,-7.41770468226494E-16,0.));
#2331=DIRECTION('',(0.,0.,-1.));
#2332=DIRECTION('',(1.,0.,0.));
#2333=DIRECTION('',(1.,-7.41770468226497E-16,0.));
#2334=DIRECTION('',(1.,-7.41770468226494E-16,0.));
#2335=DIRECTION('',(-7.41770468226494E-16,-1.,0.));
#2336=DIRECTION('',(1.,-7.41770468226494E-16,0.));
#2337=DIRECTION('',(-7.41770468226497E-16,-1.,0.));
#2338=DIRECTION('',(1.,-7.41770468226497E-16,0.));
#2339=DIRECTION('',(0.,-1.,0.));
#2340=DIRECTION('',(0.,0.,-1.));
#2341=DIRECTION('',(0.,0.,1.));
#2342=DIRECTION('',(1.,0.,0.));
#2343=DIRECTION('',(0.,0.,1.));
#2344=DIRECTION('',(1.,0.,0.));
#2345=DIRECTION('',(0.,0.,-1.));
#2346=DIRECTION('',(0.,0.,1.));
#2347=DIRECTION('',(0.,1.,0.));
#2348=DIRECTION('',(0.,-1.,0.));
#2349=DIRECTION('',(0.,0.,-1.));
#2350=DIRECTION('',(0.,0.,1.));
#2351=DIRECTION('',(1.,0.,0.));
#2352=DIRECTION('',(1.,0.,0.));
#2353=DIRECTION('',(0.,0.,-1.));
#2354=DIRECTION('',(0.,1.,0.));
#2355=DIRECTION('',(0.,0.,-1.));
#2356=DIRECTION('',(1.,0.,0.));
#2357=DIRECTION('',(0.,0.,1.));
#2358=DIRECTION('',(1.,0.,0.));
#2359=DIRECTION('',(0.,0.,1.));
#2360=DIRECTION('',(1.,0.,0.));
#2361=DIRECTION('',(0.,0.,1.));
#2362=DIRECTION('',(1.,0.,0.));
#2363=DIRECTION('',(0.,0.,1.));
#2364=DIRECTION('',(1.,0.,0.));
#2365=CARTESIAN_POINT('',(0.,0.,0.));
#2366=CARTESIAN_POINT('',(0.108749999999997,0.0492499999999991,-0.003));
#2367=CARTESIAN_POINT('',(0.135499999999988,0.0155000000000004,-0.003));
#2368=CARTESIAN_POINT('',(0.144499999999988,0.0155000000000004,-0.003));
#2369=CARTESIAN_POINT('',(0.0154999999999788,0.0155000000000004,-0.003));
#2370=CARTESIAN_POINT('',(0.0244999999999788,0.0155000000000004,-0.003));
#2371=CARTESIAN_POINT('',(0.008,0.00350000000000007,-0.003));
#2372=CARTESIAN_POINT('',(0.008,0.002,-0.003));
#2373=CARTESIAN_POINT('',(0.008,0.005,-0.003));
#2374=CARTESIAN_POINT('',(0.108749999999997,0.002,-0.003));
#2375=CARTESIAN_POINT('',(0.209499999999994,0.00199999999999993,-0.003));
#2376=CARTESIAN_POINT('',(0.209499999999994,0.00349999999999993,-0.003));
#2377=CARTESIAN_POINT('',(0.209499999999994,0.00499999999999991,-0.003));
#2378=CARTESIAN_POINT('',(0.108749999999997,0.005,-0.003));
#2379=CARTESIAN_POINT('',(0.193499999999992,0.0164999999999993,-0.003));
#2380=CARTESIAN_POINT('',(0.193099999999992,0.0164999999999993,-0.003));
#2381=CARTESIAN_POINT('',(0.197499999999992,0.0164999999999993,-0.003));
#2382=CARTESIAN_POINT('',(0.197099999999992,0.0164999999999993,-0.003));
#2383=CARTESIAN_POINT('',(0.0970609331267406,0.0294152137442417,-0.003));
#2384=CARTESIAN_POINT('',(0.0776109331267399,0.0294152137442417,-0.003));
#2385=CARTESIAN_POINT('',(0.116510933126741,0.0294152137442417,-0.003));
#2386=CARTESIAN_POINT('',(0.0776109331267399,0.0197152137442409,-0.003));
#2387=CARTESIAN_POINT('',(0.0776109331267399,0.0100152137442411,-0.003));
#2388=CARTESIAN_POINT('',(0.0970609331267406,0.0100152137442417,-0.003));
#2389=CARTESIAN_POINT('',(0.116510933126741,0.0100152137442417,-0.003));
#2390=CARTESIAN_POINT('',(0.116510933126741,0.0197152137442409,-0.003));
#2391=CARTESIAN_POINT('',(0.037125000000002,0.0598349999999981,-0.003));
#2392=CARTESIAN_POINT('',(0.0281250000000021,0.0598349999999981,-0.003));
#2393=CARTESIAN_POINT('',(0.046125000000002,0.0598349999999981,-0.003));
#2394=CARTESIAN_POINT('',(0.046125000000002,0.0653349999999981,-0.003));
#2395=CARTESIAN_POINT('',(0.046125000000002,0.0708349999999981,-0.003));
#2396=CARTESIAN_POINT('',(0.037125000000002,0.0708349999999981,-0.003));
#2397=CARTESIAN_POINT('',(0.0281250000000021,0.0708349999999981,-0.003));
#2398=CARTESIAN_POINT('',(0.0281250000000021,0.0653349999999981,-0.003));
#2399=CARTESIAN_POINT('',(0.152563236918587,0.069728204978016,-0.003));
#2400=CARTESIAN_POINT('',(0.154063236918587,0.069728204978016,-0.003));
#2401=CARTESIAN_POINT('',(0.148963236918587,0.060978204978016,-0.003));
#2402=CARTESIAN_POINT('',(0.148963236918587,0.063728204978016,-0.003));
#2403=CARTESIAN_POINT('',(0.148963236918587,0.058228204978016,-0.003));
#2404=CARTESIAN_POINT('',(0.154963236918587,0.058228204978016,-0.003));
#2405=CARTESIAN_POINT('',(0.160963236918587,0.058228204978016,-0.003));
#2406=CARTESIAN_POINT('',(0.160963236918587,0.060978204978016,-0.003));
#2407=CARTESIAN_POINT('',(0.160963236918587,0.063728204978016,-0.003));
#2408=CARTESIAN_POINT('',(0.154963236918587,0.063728204978016,-0.003));
#2409=CARTESIAN_POINT('',(0.,0.0492499999999991,-0.003));
#2410=CARTESIAN_POINT('',(0.,0.,-0.003));
#2411=CARTESIAN_POINT('',(-1.38777878078145E-17,0.0984999999999982,-0.003));
#2412=CARTESIAN_POINT('',(0.108749999999997,0.0984999999999982,-0.003));
#2413=CARTESIAN_POINT('',(0.217499999999994,0.0984999999999978,-0.003));
#2414=CARTESIAN_POINT('',(0.217499999999994,0.0492499999999989,-0.003));
#2415=CARTESIAN_POINT('',(0.217499999999994,-7.63278329429795E-17,-0.003));
#2416=CARTESIAN_POINT('',(0.108749999999997,0.,-0.003));
#2417=CARTESIAN_POINT('',(0.0380000000000022,0.0900000000000069,-0.003));
#2418=CARTESIAN_POINT('',(0.0340000000000023,0.0900000000000069,-0.003));
#2419=CARTESIAN_POINT('',(0.0970000000000062,0.0900000000000073,-0.003));
#2420=CARTESIAN_POINT('',(0.0930000000000062,0.0900000000000073,-0.003));
#2421=CARTESIAN_POINT('',(0.155000000000009,0.090000000000007,-0.003));
#2422=CARTESIAN_POINT('',(0.151000000000009,0.090000000000007,-0.003));
#2423=CARTESIAN_POINT('',(0.0369000000000023,0.0410849999999986,-0.003));
#2424=CARTESIAN_POINT('',(0.0404000000000023,0.0410849999999986,-0.003));
#2425=CARTESIAN_POINT('',(0.12026093312675,0.0299152137442409,-0.003));
#2426=CARTESIAN_POINT('',(0.12376093312675,0.0299152137442409,-0.003));
#2427=CARTESIAN_POINT('',(0.12026093312675,0.00951521374424094,-0.003));
#2428=CARTESIAN_POINT('',(0.12376093312675,0.00951521374424094,-0.003));
#2429=CARTESIAN_POINT('',(0.0738609331267499,0.00951521374424094,-0.003));
#2430=CARTESIAN_POINT('',(0.0773609331267499,0.00951521374424094,-0.003));
#2431=CARTESIAN_POINT('',(0.0738609331267499,0.0299152137442408,-0.003));
#2432=CARTESIAN_POINT('',(0.0773609331267499,0.0299152137442408,-0.003));
#2433=CARTESIAN_POINT('',(0.175000000000006,0.0199999999999997,-0.003));
#2434=CARTESIAN_POINT('',(0.167518420113528,0.0228330129548331,-0.003));
#2435=CARTESIAN_POINT('',(0.167512740734784,0.0171820311046154,-0.003));
#2436=CARTESIAN_POINT('',(0.165050000000005,0.02001,-0.003));
#2437=CARTESIAN_POINT('',(0.0280250000000021,0.0371108614786895,-0.003));
#2438=CARTESIAN_POINT('',(0.029525000000002,0.0371108614786895,-0.003));
#2439=CARTESIAN_POINT('',(0.0265250000000021,0.0371108614786895,-0.003));
#2440=CARTESIAN_POINT('',(0.029525000000002,0.0479729307393438,-0.003));
#2441=CARTESIAN_POINT('',(0.029525000000002,0.0588349999999981,-0.003));
#2442=CARTESIAN_POINT('',(0.0280250000000021,0.0588349999999981,-0.003));
#2443=CARTESIAN_POINT('',(0.0265250000000021,0.0588349999999981,-0.003));
#2444=CARTESIAN_POINT('',(0.0265250000000021,0.0479729307393438,-0.003));
#2445=CARTESIAN_POINT('',(0.0442750000000025,0.0479729307393438,-0.003));
#2446=CARTESIAN_POINT('',(0.0442750000000025,0.0371108614786895,-0.003));
#2447=CARTESIAN_POINT('',(0.0442750000000025,0.0588349999999981,-0.003));
#2448=CARTESIAN_POINT('',(0.0457750000000025,0.0371108614786895,-0.003));
#2449=CARTESIAN_POINT('',(0.0472750000000025,0.0371108614786895,-0.003));
#2450=CARTESIAN_POINT('',(0.0472750000000025,0.0479729307393438,-0.003));
#2451=CARTESIAN_POINT('',(0.0472750000000025,0.0588349999999981,-0.003));
#2452=CARTESIAN_POINT('',(0.0457750000000025,0.0588349999999981,-0.003));
#2453=CARTESIAN_POINT('',(0.105499999999986,0.0769999999999982,-0.003));
#2454=CARTESIAN_POINT('',(0.0243741196746283,0.0769999999999982,-0.003));
#2455=CARTESIAN_POINT('',(0.186625880325343,0.0769999999999981,-0.003));
#2456=CARTESIAN_POINT('',(0.0154999999999788,0.0755,-0.003));
#2457=CARTESIAN_POINT('',(0.024374119674628,0.0739999999999982,-0.003));
#2458=CARTESIAN_POINT('',(0.105499999999985,0.0739999999999982,-0.003));
#2459=CARTESIAN_POINT('',(0.0745750000000047,0.0739999999999982,-0.003));
#2460=CARTESIAN_POINT('',(0.0745750000000047,0.0648249999999982,-0.003));
#2461=CARTESIAN_POINT('',(0.0745750000000047,0.0546749999999985,-0.003));
#2462=CARTESIAN_POINT('',(0.0970750000000059,0.0546749999999986,-0.003));
#2463=CARTESIAN_POINT('',(0.119575000000007,0.0546749999999985,-0.003));
#2464=CARTESIAN_POINT('',(0.119575000000007,0.0648249999999982,-0.003));
#2465=CARTESIAN_POINT('',(0.119575000000007,0.0739999999999981,-0.003));
#2466=CARTESIAN_POINT('',(0.105499999999985,0.0739999999999982,-0.003));
#2467=CARTESIAN_POINT('',(0.186625880325343,0.0739999999999981,-0.003));
#2468=CARTESIAN_POINT('',(0.195499999999992,0.0754999999999984,-0.003));
#2469=CARTESIAN_POINT('',(0.0154999999999788,0.0755,-0.028));
#2470=CARTESIAN_POINT('',(0.0154999999999788,0.0755,-0.032));
#2471=CARTESIAN_POINT('',(0.00949999999997875,0.0755,-0.032));
#2472=CARTESIAN_POINT('',(0.0154999999999788,0.0755,-0.006));
#2473=CARTESIAN_POINT('',(0.0213094750192901,0.0769999999999982,-0.006));
#2474=CARTESIAN_POINT('',(0.0213094750192895,0.0739999999999982,-0.006));
#2475=CARTESIAN_POINT('',(0.0154999999999788,0.0755,-0.006));
#2476=CARTESIAN_POINT('',(0.195499999999992,0.0754999999999984,-0.028));
#2477=CARTESIAN_POINT('',(0.195499999999992,0.0754999999999984,-0.032));
#2478=CARTESIAN_POINT('',(0.189499999999992,0.0754999999999984,-0.032));
#2479=CARTESIAN_POINT('',(0.195499999999992,0.0754999999999984,-0.006));
#2480=CARTESIAN_POINT('',(0.189690524980681,0.0739999999999981,-0.006));
#2481=CARTESIAN_POINT('',(0.189690524980681,0.0769999999999981,-0.006));
#2482=CARTESIAN_POINT('',(0.195499999999992,0.0754999999999984,-0.006));
#2483=CARTESIAN_POINT('',(0.165050000000005,0.02001,-0.00855199999999985));
#2484=CARTESIAN_POINT('',(0.167518420113528,0.0228330129548331,-0.00855));
#2485=CARTESIAN_POINT('',(0.167518420113528,0.0228330129548331,-0.00854999999999977));
#2486=CARTESIAN_POINT('',(0.165050000000005,0.02001,-0.00854999999999985));
#2487=CARTESIAN_POINT('',(0.167512740734784,0.0171820311046154,-0.00855));
#2488=CARTESIAN_POINT('',(0.167512740734784,0.0171820311046154,-0.00855));
#2489=CARTESIAN_POINT('',(0.195499999999992,0.0164999999999992,-0.003));
#2490=CARTESIAN_POINT('',(0.195499999999992,0.0164999999999992,0.));
#2491=CARTESIAN_POINT('',(0.197999999999992,0.0164999999999992,0.));
#2492=CARTESIAN_POINT('',(0.195499999999992,0.0164999999999992,-0.0015));
#2493=CARTESIAN_POINT('',(0.192999999999992,0.0164999999999992,-0.0015));
#2494=CARTESIAN_POINT('',(0.0970609331267406,0.0294152137442417,-0.003));
#2495=CARTESIAN_POINT('',(0.0970609331267406,0.0294152137442417,0.));
#2496=CARTESIAN_POINT('',(0.0776109331267399,0.0294152137442417,0.));
#2497=CARTESIAN_POINT('',(0.116510933126741,0.0294152137442417,0.));
#2498=CARTESIAN_POINT('',(0.0776109331267399,0.0294152137442417,-0.003));
#2499=CARTESIAN_POINT('',(0.116510933126741,0.0294152137442417,-0.003));
#2500=CARTESIAN_POINT('',(0.116510933126741,0.0197152137442409,-0.003));
#2501=CARTESIAN_POINT('',(0.116510933126741,0.0197152137442409,0.));
#2502=CARTESIAN_POINT('',(0.116510933126741,0.0100152137442417,0.));
#2503=CARTESIAN_POINT('',(0.116510933126741,0.0100152137442417,-0.003));
#2504=CARTESIAN_POINT('',(0.0970609331267406,0.0100152137442417,-0.003));
#2505=CARTESIAN_POINT('',(0.0970609331267406,0.0100152137442417,0.));
#2506=CARTESIAN_POINT('',(0.0776109331267399,0.0100152137442411,0.));
#2507=CARTESIAN_POINT('',(0.0776109331267399,0.0100152137442411,-0.003));
#2508=CARTESIAN_POINT('',(0.037125000000002,0.0598349999999981,-0.003));
#2509=CARTESIAN_POINT('',(0.037125000000002,0.0598349999999981,0.));
#2510=CARTESIAN_POINT('',(0.0281250000000021,0.0598349999999981,0.));
#2511=CARTESIAN_POINT('',(0.046125000000002,0.0598349999999981,0.));
#2512=CARTESIAN_POINT('',(0.046125000000002,0.0598349999999981,-0.003));
#2513=CARTESIAN_POINT('',(0.0281250000000021,0.0598349999999981,-0.003));
#2514=CARTESIAN_POINT('',(0.0281250000000021,0.0653349999999981,-0.003));
#2515=CARTESIAN_POINT('',(0.0281250000000021,0.0653349999999981,0.));
#2516=CARTESIAN_POINT('',(0.0281250000000021,0.0708349999999981,0.));
#2517=CARTESIAN_POINT('',(0.0281250000000021,0.0708349999999981,-0.003));
#2518=CARTESIAN_POINT('',(0.037125000000002,0.0708349999999981,-0.003));
#2519=CARTESIAN_POINT('',(0.037125000000002,0.0708349999999981,0.));
#2520=CARTESIAN_POINT('',(0.046125000000002,0.0708349999999981,0.));
#2521=CARTESIAN_POINT('',(0.046125000000002,0.0708349999999981,-0.003));
#2522=CARTESIAN_POINT('',(0.148963236918587,0.060978204978016,-0.003));
#2523=CARTESIAN_POINT('',(0.148963236918587,0.060978204978016,0.));
#2524=CARTESIAN_POINT('',(0.148963236918587,0.063728204978016,0.));
#2525=CARTESIAN_POINT('',(0.148963236918587,0.058228204978016,0.));
#2526=CARTESIAN_POINT('',(0.148963236918587,0.058228204978016,-0.003));
#2527=CARTESIAN_POINT('',(0.148963236918587,0.063728204978016,-0.003));
#2528=CARTESIAN_POINT('',(0.154963236918587,0.063728204978016,-0.003));
#2529=CARTESIAN_POINT('',(0.154963236918587,0.063728204978016,0.));
#2530=CARTESIAN_POINT('',(0.160963236918587,0.063728204978016,0.));
#2531=CARTESIAN_POINT('',(0.160963236918587,0.063728204978016,-0.003));
#2532=CARTESIAN_POINT('',(0.160963236918587,0.060978204978016,-0.003));
#2533=CARTESIAN_POINT('',(0.160963236918587,0.060978204978016,0.));
#2534=CARTESIAN_POINT('',(0.160963236918587,0.058228204978016,0.));
#2535=CARTESIAN_POINT('',(0.160963236918587,0.058228204978016,-0.003));
#2536=CARTESIAN_POINT('',(0.,0.0492499999999991,-0.003));
#2537=CARTESIAN_POINT('',(0.,0.0492499999999991,0.));
#2538=CARTESIAN_POINT('',(0.,0.,0.));
#2539=CARTESIAN_POINT('',(-1.38777878078145E-17,0.0984999999999982,0.));
#2540=CARTESIAN_POINT('',(-1.38777878078145E-17,0.0984999999999982,-0.003));
#2541=CARTESIAN_POINT('',(0.,0.,-0.003));
#2542=CARTESIAN_POINT('',(0.108749999999997,0.,-0.003));
#2543=CARTESIAN_POINT('',(0.108749999999997,0.,0.));
#2544=CARTESIAN_POINT('',(0.217499999999994,-7.63278329429795E-17,0.));
#2545=CARTESIAN_POINT('',(0.217499999999994,-7.63278329429795E-17,-0.003));
#2546=CARTESIAN_POINT('',(0.217499999999994,0.0492499999999989,-0.003));
#2547=CARTESIAN_POINT('',(0.217499999999994,0.0492499999999989,0.));
#2548=CARTESIAN_POINT('',(0.217499999999994,0.0984999999999978,0.));
#2549=CARTESIAN_POINT('',(0.217499999999994,0.0984999999999978,-0.003));
#2550=CARTESIAN_POINT('',(0.046125000000002,0.0653349999999981,-0.003));
#2551=CARTESIAN_POINT('',(0.046125000000002,0.0653349999999981,0.));
#2552=CARTESIAN_POINT('',(0.152563236918587,0.069728204978016,-0.003));
#2553=CARTESIAN_POINT('',(0.152563236918587,0.069728204978016,0.));
#2554=CARTESIAN_POINT('',(0.154063236918587,0.069728204978016,0.));
#2555=CARTESIAN_POINT('',(0.0380000000000022,0.0900000000000069,-0.003));
#2556=CARTESIAN_POINT('',(0.0380000000000022,0.0900000000000069,0.));
#2557=CARTESIAN_POINT('',(0.0405000000000122,0.0900000000000069,0.));
#2558=CARTESIAN_POINT('',(0.0380000000000022,0.0900000000000069,-0.00400000000001208));
#2559=CARTESIAN_POINT('',(0.0380000000000022,0.0874999999999969,-0.00400000000001215));
#2560=CARTESIAN_POINT('',(0.0970000000000062,0.0900000000000073,-0.003));
#2561=CARTESIAN_POINT('',(0.0970000000000062,0.0900000000000073,0.));
#2562=CARTESIAN_POINT('',(0.0995000000000162,0.0900000000000073,0.));
#2563=CARTESIAN_POINT('',(0.0970000000000062,0.0900000000000073,-0.00400000000001209));
#2564=CARTESIAN_POINT('',(0.0970000000000062,0.0874999999999973,-0.00400000000001216));
#2565=CARTESIAN_POINT('',(0.155000000000009,0.090000000000007,-0.003));
#2566=CARTESIAN_POINT('',(0.155000000000009,0.090000000000007,0.));
#2567=CARTESIAN_POINT('',(0.157500000000019,0.090000000000007,0.));
#2568=CARTESIAN_POINT('',(0.155000000000009,0.090000000000007,-0.00400000000001209));
#2569=CARTESIAN_POINT('',(0.155000000000009,0.087499999999997,-0.00400000000001216));
#2570=CARTESIAN_POINT('',(0.110000000000007,0.0649999999999978,-0.003));
#2571=CARTESIAN_POINT('',(0.110000000000007,0.0649999999999978,0.));
#2572=CARTESIAN_POINT('',(0.117975000000007,0.0649999999999978,0.));
#2573=CARTESIAN_POINT('',(0.110000000000007,0.0649999999999978,-0.00745000000000174));
#2574=CARTESIAN_POINT('',(0.110000000000007,0.0570249999999978,-0.00745000000000196));
#2575=CARTESIAN_POINT('',(0.0841500000000052,0.0649999999999978,-0.003));
#2576=CARTESIAN_POINT('',(0.0841500000000052,0.0649999999999978,0.));
#2577=CARTESIAN_POINT('',(0.0921250000000052,0.0649999999999978,0.));
#2578=CARTESIAN_POINT('',(0.0841500000000052,0.0649999999999978,-0.00745000000000174));
#2579=CARTESIAN_POINT('',(0.0841500000000052,0.0570249999999978,-0.00745000000000196));
#2580=CARTESIAN_POINT('',(0.175000000000006,0.0199999999999997,-0.003));
#2581=CARTESIAN_POINT('',(0.175000000000006,0.0199999999999997,0.));
#2582=CARTESIAN_POINT('',(0.181000000000006,0.0199999999999997,0.));
#2583=CARTESIAN_POINT('',(0.175000000000006,0.0199999999999997,-0.00855));
#2584=CARTESIAN_POINT('',(0.169000000000006,0.0199999999999997,-0.00855));
#2585=CARTESIAN_POINT('',(0.154963236918587,0.058228204978016,-0.003));
#2586=CARTESIAN_POINT('',(0.154963236918587,0.058228204978016,0.));
#2587=CARTESIAN_POINT('',(0.108749999999997,0.0984999999999982,-0.003));
#2588=CARTESIAN_POINT('',(0.108749999999997,0.0984999999999982,0.));
#2589=CARTESIAN_POINT('',(0.0776109331267399,0.0197152137442409,-0.003));
#2590=CARTESIAN_POINT('',(0.0776109331267399,0.0197152137442409,0.));
#2591=CARTESIAN_POINT('',(0.108749999999997,0.0492499999999991,0.));
#2592=CARTESIAN_POINT('',(0.195499999999992,0.0754999999999984,0.));
#2593=CARTESIAN_POINT('',(0.198499999999992,0.0754999999999984,0.));
#2594=CARTESIAN_POINT('',(0.0154999999999788,0.0155000000000004,0.));
#2595=CARTESIAN_POINT('',(0.0184999999999788,0.0155000000000004,0.));
#2596=CARTESIAN_POINT('',(0.0154999999999788,0.0755,0.));
#2597=CARTESIAN_POINT('',(0.0184999999999788,0.0755,0.));
#2598=CARTESIAN_POINT('',(0.135499999999988,0.0155000000000004,0.));
#2599=CARTESIAN_POINT('',(0.138499999999988,0.0155000000000004,0.));
#2600=CARTESIAN_POINT('',(0.0380000000000022,0.0899999999999969,-0.00400000000001208));
#2601=CARTESIAN_POINT('',(0.0380000000000022,0.0900000000000069,-0.00400000000001208));
#2602=CARTESIAN_POINT('',(0.0380000000000022,0.0860000000000069,-0.00400000000001219));
#2603=CARTESIAN_POINT('',(0.0380000000000022,0.0900000000000069,-0.00400200000001208));
#2604=CARTESIAN_POINT('',(0.0380000000000022,0.0899999999999969,-0.00400000000001208));
#2605=CARTESIAN_POINT('',(0.0970000000000062,0.0900000000000073,-0.00400000000001209));
#2606=CARTESIAN_POINT('',(0.0970000000000062,0.0860000000000073,-0.0040000000000122));
#2607=CARTESIAN_POINT('',(0.0970000000000062,0.0900000000000073,-0.00400200000001208));
#2608=CARTESIAN_POINT('',(0.0380000000000022,0.0899999999999969,-0.00400000000001208));
#2609=CARTESIAN_POINT('',(0.155000000000009,0.090000000000007,-0.00400000000001209));
#2610=CARTESIAN_POINT('',(0.155000000000009,0.086000000000007,-0.0040000000000122));
#2611=CARTESIAN_POINT('',(0.155000000000009,0.090000000000007,-0.00400200000001208));
#2612=CARTESIAN_POINT('',(0.193499999999992,0.0164999999999993,-0.0015));
#2613=CARTESIAN_POINT('',(0.193499999999992,0.0164999999999993,-0.0015));
#2614=CARTESIAN_POINT('',(0.193099999999992,0.0164999999999993,-0.0015));
#2615=CARTESIAN_POINT('',(0.197499999999992,0.0164999999999993,-0.0015));
#2616=CARTESIAN_POINT('',(0.197499999999992,0.0164999999999993,-0.0015));
#2617=CARTESIAN_POINT('',(0.197099999999992,0.0164999999999993,-0.0015));
#2618=CARTESIAN_POINT('',(0.195499999999992,0.0164999999999992,-0.0015));
#2619=CARTESIAN_POINT('',(0.166000000000006,0.0200099999999998,-0.00854999999999985));
#2620=CARTESIAN_POINT('',(0.165050000000005,0.02001,-0.00854999999999985));
#2621=CARTESIAN_POINT('',(0.165050000000005,0.01846,-0.00854999999999989));
#2622=CARTESIAN_POINT('',(0.175000000000006,0.0199999999999997,-0.00855));
#2623=CARTESIAN_POINT('',(0.165050000000005,0.02001,-0.00855199999999985));
#2624=CARTESIAN_POINT('',(0.165050000000005,0.02001,-0.003));
#2625=CARTESIAN_POINT('',(0.163500000000006,0.02001,-0.003));
#2626=CARTESIAN_POINT('',(0.108749999999997,0.0492499999999991,-0.003));
#2627=CARTESIAN_POINT('',(0.0970750000000059,0.0720249999999978,-0.00745000000000154));
#2628=CARTESIAN_POINT('',(0.0970750000000059,0.0546749999999986,-0.00745000000000203));
#2629=CARTESIAN_POINT('',(0.119575000000007,0.0546749999999985,-0.00745000000000174));
#2630=CARTESIAN_POINT('',(0.0745750000000047,0.0546749999999985,-0.00745000000000174));
#2631=CARTESIAN_POINT('',(0.0745750000000047,0.0648249999999982,-0.00745000000000174));
#2632=CARTESIAN_POINT('',(0.0745750000000047,0.0749749999999983,-0.00745000000000146));
#2633=CARTESIAN_POINT('',(0.0970750000000059,0.0749749999999983,-0.00745000000000146));
#2634=CARTESIAN_POINT('',(0.119575000000007,0.0749749999999978,-0.00745000000000174));
#2635=CARTESIAN_POINT('',(0.119575000000007,0.0648249999999982,-0.00745000000000174));
#2636=CARTESIAN_POINT('',(0.119575000000007,0.0648249999999982,-0.00745200000000154));
#2637=CARTESIAN_POINT('',(0.119575000000007,0.0739999999999981,-0.00745200000000154));
#2638=CARTESIAN_POINT('',(0.119575000000007,0.0739999999999981,-0.006));
#2639=CARTESIAN_POINT('',(0.119575000000007,0.0546749999999985,-0.00745200000000154));
#2640=CARTESIAN_POINT('',(0.119575000000007,0.0749749999999978,-0.00745200000000154));
#2641=CARTESIAN_POINT('',(0.119575000000007,0.0749749999999978,-0.006));
#2642=CARTESIAN_POINT('',(0.119575000000007,0.0648249999999982,-0.006));
#2643=CARTESIAN_POINT('',(0.0970750000000059,0.0749749999999983,-0.00745200000000154));
#2644=CARTESIAN_POINT('',(0.0745750000000047,0.0749749999999983,-0.00745200000000154));
#2645=CARTESIAN_POINT('',(0.0745750000000047,0.0749749999999983,-0.006));
#2646=CARTESIAN_POINT('',(0.0970750000000059,0.0749749999999983,-0.006));
#2647=CARTESIAN_POINT('',(0.0745750000000047,0.0648249999999982,-0.00745200000000154));
#2648=CARTESIAN_POINT('',(0.0745750000000047,0.0739999999999982,-0.00745200000000154));
#2649=CARTESIAN_POINT('',(0.0745750000000047,0.0739999999999982,-0.006));
#2650=CARTESIAN_POINT('',(0.0745750000000047,0.0648249999999982,-0.006));
#2651=CARTESIAN_POINT('',(0.0745750000000047,0.0546749999999985,-0.00745200000000154));
#2652=CARTESIAN_POINT('',(0.0970750000000059,0.0546749999999986,-0.00745200000000154));
#2653=CARTESIAN_POINT('',(0.0369000000000023,0.0410849999999986,-0.008));
#2654=CARTESIAN_POINT('',(0.0369000000000023,0.0410849999999986,-0.008));
#2655=CARTESIAN_POINT('',(0.0354000000000023,0.0410849999999986,-0.008));
#2656=CARTESIAN_POINT('',(0.0369000000000023,0.0410849999999986,-0.003));
#2657=CARTESIAN_POINT('',(0.0354000000000023,0.0410849999999986,-0.003));
#2658=CARTESIAN_POINT('',(0.0369000000000023,0.0410849999999986,-0.008));
#2659=CARTESIAN_POINT('',(0.0369000000000023,0.0410849999999986,-0.008));
#2660=CARTESIAN_POINT('',(0.0334000000000023,0.0410849999999986,-0.008));
#2661=CARTESIAN_POINT('',(0.0369000000000023,0.0410849999999986,-0.008));
#2662=CARTESIAN_POINT('',(0.108749999999997,0.0492499999999991,-0.003));
#2663=CARTESIAN_POINT('',(0.12026093312675,0.0299152137442409,-0.007));
#2664=CARTESIAN_POINT('',(0.12026093312675,0.0299152137442409,-0.007));
#2665=CARTESIAN_POINT('',(0.11876093312675,0.0299152137442409,-0.007));
#2666=CARTESIAN_POINT('',(0.12026093312675,0.0299152137442409,-0.003));
#2667=CARTESIAN_POINT('',(0.11876093312675,0.0299152137442409,-0.003));
#2668=CARTESIAN_POINT('',(0.12026093312675,0.0299152137442409,-0.007));
#2669=CARTESIAN_POINT('',(0.12026093312675,0.0299152137442409,-0.007));
#2670=CARTESIAN_POINT('',(0.11676093312675,0.0299152137442409,-0.007));
#2671=CARTESIAN_POINT('',(0.09706093312675,0.0197152137442409,-0.007));
#2672=CARTESIAN_POINT('',(0.108749999999997,0.0492499999999991,-0.003));
#2673=CARTESIAN_POINT('',(0.12026093312675,0.00951521374424094,-0.007));
#2674=CARTESIAN_POINT('',(0.12026093312675,0.00951521374424094,-0.007));
#2675=CARTESIAN_POINT('',(0.11876093312675,0.00951521374424094,-0.007));
#2676=CARTESIAN_POINT('',(0.12026093312675,0.00951521374424094,-0.003));
#2677=CARTESIAN_POINT('',(0.11876093312675,0.00951521374424094,-0.003));
#2678=CARTESIAN_POINT('',(0.12026093312675,0.00951521374424094,-0.007));
#2679=CARTESIAN_POINT('',(0.12026093312675,0.00951521374424094,-0.007));
#2680=CARTESIAN_POINT('',(0.11676093312675,0.00951521374424094,-0.007));
#2681=CARTESIAN_POINT('',(0.09706093312675,0.0197152137442409,-0.007));
#2682=CARTESIAN_POINT('',(0.108749999999997,0.0492499999999991,-0.003));
#2683=CARTESIAN_POINT('',(0.0738609331267499,0.00951521374424094,-0.007));
#2684=CARTESIAN_POINT('',(0.0738609331267499,0.00951521374424094,-0.007));
#2685=CARTESIAN_POINT('',(0.0723609331267499,0.00951521374424094,-0.007));
#2686=CARTESIAN_POINT('',(0.0738609331267499,0.00951521374424094,-0.003));
#2687=CARTESIAN_POINT('',(0.0723609331267499,0.00951521374424094,-0.003));
#2688=CARTESIAN_POINT('',(0.0738609331267499,0.00951521374424094,-0.007));
#2689=CARTESIAN_POINT('',(0.0738609331267499,0.00951521374424094,-0.007));
#2690=CARTESIAN_POINT('',(0.0703609331267499,0.00951521374424094,-0.007));
#2691=CARTESIAN_POINT('',(0.09706093312675,0.0197152137442409,-0.007));
#2692=CARTESIAN_POINT('',(0.108749999999997,0.0492499999999991,-0.003));
#2693=CARTESIAN_POINT('',(0.0738609331267499,0.0299152137442408,-0.007));
#2694=CARTESIAN_POINT('',(0.0738609331267499,0.0299152137442408,-0.007));
#2695=CARTESIAN_POINT('',(0.0723609331267499,0.0299152137442408,-0.007));
#2696=CARTESIAN_POINT('',(0.0738609331267499,0.0299152137442408,-0.003));
#2697=CARTESIAN_POINT('',(0.0723609331267499,0.0299152137442408,-0.003));
#2698=CARTESIAN_POINT('',(0.0738609331267499,0.0299152137442408,-0.007));
#2699=CARTESIAN_POINT('',(0.0738609331267499,0.0299152137442408,-0.007));
#2700=CARTESIAN_POINT('',(0.0703609331267499,0.0299152137442408,-0.007));
#2701=CARTESIAN_POINT('',(0.09706093312675,0.0197152137442409,-0.007));
#2702=CARTESIAN_POINT('',(0.108749999999997,0.0492499999999991,-0.003));
#2703=CARTESIAN_POINT('',(0.175000000000006,0.0199999999999997,-0.00855));
#2704=CARTESIAN_POINT('',(0.029525000000002,0.0479729307393438,-0.012));
#2705=CARTESIAN_POINT('',(0.029525000000002,0.0371108614786895,-0.012));
#2706=CARTESIAN_POINT('',(0.029525000000002,0.0371108614786895,-0.012));
#2707=CARTESIAN_POINT('',(0.029525000000002,0.0479729307393438,-0.012));
#2708=CARTESIAN_POINT('',(0.029525000000002,0.0588349999999981,-0.012));
#2709=CARTESIAN_POINT('',(0.029525000000002,0.0588349999999981,-0.012));
#2710=CARTESIAN_POINT('',(0.0280250000000021,0.0371108614786895,-0.012));
#2711=CARTESIAN_POINT('',(0.0265250000000021,0.0371108614786895,-0.012));
#2712=CARTESIAN_POINT('',(0.0265250000000021,0.0371108614786895,-0.012));
#2713=CARTESIAN_POINT('',(0.0280250000000021,0.0371108614786895,-0.012));
#2714=CARTESIAN_POINT('',(0.0265250000000021,0.0479729307393438,-0.012));
#2715=CARTESIAN_POINT('',(0.0265250000000021,0.0588349999999981,-0.012));
#2716=CARTESIAN_POINT('',(0.0265250000000021,0.0588349999999981,-0.012));
#2717=CARTESIAN_POINT('',(0.0265250000000021,0.0479729307393438,-0.012));
#2718=CARTESIAN_POINT('',(0.0280250000000021,0.0588349999999981,-0.012));
#2719=CARTESIAN_POINT('',(0.0280250000000021,0.0588349999999981,-0.012));
#2720=CARTESIAN_POINT('',(0.0369000000000023,0.0479729307393438,-0.012));
#2721=CARTESIAN_POINT('',(0.0457750000000025,0.0371108614786895,-0.012));
#2722=CARTESIAN_POINT('',(0.0442750000000025,0.0371108614786895,-0.012));
#2723=CARTESIAN_POINT('',(0.0442750000000025,0.0371108614786895,-0.012));
#2724=CARTESIAN_POINT('',(0.0457750000000025,0.0371108614786895,-0.012));
#2725=CARTESIAN_POINT('',(0.0472750000000025,0.0371108614786895,-0.012));
#2726=CARTESIAN_POINT('',(0.0472750000000025,0.0371108614786895,-0.012));
#2727=CARTESIAN_POINT('',(0.0442750000000025,0.0479729307393438,-0.012));
#2728=CARTESIAN_POINT('',(0.0442750000000025,0.0588349999999981,-0.012));
#2729=CARTESIAN_POINT('',(0.0442750000000025,0.0588349999999981,-0.012));
#2730=CARTESIAN_POINT('',(0.0442750000000025,0.0479729307393438,-0.012));
#2731=CARTESIAN_POINT('',(0.0457750000000025,0.0588349999999981,-0.012));
#2732=CARTESIAN_POINT('',(0.0472750000000025,0.0588349999999981,-0.012));
#2733=CARTESIAN_POINT('',(0.0472750000000025,0.0588349999999981,-0.012));
#2734=CARTESIAN_POINT('',(0.0457750000000025,0.0588349999999981,-0.012));
#2735=CARTESIAN_POINT('',(0.0472750000000025,0.0479729307393438,-0.012));
#2736=CARTESIAN_POINT('',(0.0472750000000025,0.0479729307393438,-0.012));
#2737=CARTESIAN_POINT('',(0.0369000000000023,0.0479729307393438,-0.012));
#2738=CARTESIAN_POINT('',(0.135499999999988,0.0155000000000004,-0.028));
#2739=CARTESIAN_POINT('',(0.135499999999988,0.0155000000000004,-0.028));
#2740=CARTESIAN_POINT('',(0.132499999999988,0.0155000000000004,-0.028));
#2741=CARTESIAN_POINT('',(0.135499999999988,0.0155000000000004,-0.028));
#2742=CARTESIAN_POINT('',(0.135499999999988,0.0155000000000004,-0.006));
#2743=CARTESIAN_POINT('',(0.141499999999988,0.0155000000000004,-0.006));
#2744=CARTESIAN_POINT('',(0.135499999999988,0.0155000000000004,-0.032));
#2745=CARTESIAN_POINT('',(0.129499999999988,0.0155000000000004,-0.032));
#2746=CARTESIAN_POINT('',(0.0154999999999788,0.0155000000000004,-0.028));
#2747=CARTESIAN_POINT('',(0.0154999999999788,0.0155000000000004,-0.028));
#2748=CARTESIAN_POINT('',(0.0124999999999788,0.0155000000000004,-0.028));
#2749=CARTESIAN_POINT('',(0.0154999999999788,0.0155000000000004,-0.028));
#2750=CARTESIAN_POINT('',(0.0154999999999788,0.0155000000000004,-0.006));
#2751=CARTESIAN_POINT('',(0.0214999999999788,0.0155000000000004,-0.006));
#2752=CARTESIAN_POINT('',(0.0154999999999788,0.0155000000000004,-0.032));
#2753=CARTESIAN_POINT('',(0.00949999999997875,0.0155000000000004,-0.032));
#2754=CARTESIAN_POINT('',(0.0154999999999788,0.0755,-0.028));
#2755=CARTESIAN_POINT('',(0.0154999999999788,0.0755,-0.028));
#2756=CARTESIAN_POINT('',(0.0124999999999788,0.0755,-0.028));
#2757=CARTESIAN_POINT('',(0.195499999999992,0.0754999999999984,-0.028));
#2758=CARTESIAN_POINT('',(0.195499999999992,0.0754999999999984,-0.028));
#2759=CARTESIAN_POINT('',(0.192499999999992,0.0754999999999984,-0.028));
#2760=CARTESIAN_POINT('',(0.105499999999985,0.0455,-0.028));
#2761=CARTESIAN_POINT('',(0.195499999999992,0.0754999999999984,-0.028));
#2762=CARTESIAN_POINT('',(0.193899999999992,0.0754999999999984,-0.028));
#2763=CARTESIAN_POINT('',(0.195499999999992,0.0754999999999984,-0.032));
#2764=CARTESIAN_POINT('',(0.195499999999992,0.0754999999999984,-0.032));
#2765=CARTESIAN_POINT('',(0.193899999999992,0.0754999999999984,-0.032));
#2766=CARTESIAN_POINT('',(0.105499999999985,0.0455,-0.032));
#2767=CARTESIAN_POINT('',(0.105499999999985,0.0455,-0.028));
#2768=CARTESIAN_POINT('',(0.0154999999999788,0.0755,-0.028));
#2769=CARTESIAN_POINT('',(0.0138999999999788,0.0755,-0.028));
#2770=CARTESIAN_POINT('',(0.0154999999999788,0.0755,-0.032));
#2771=CARTESIAN_POINT('',(0.0154999999999788,0.0755,-0.032));
#2772=CARTESIAN_POINT('',(0.0138999999999788,0.0755,-0.032));
#2773=CARTESIAN_POINT('',(0.105499999999985,0.0455,-0.032));
#2774=CARTESIAN_POINT('',(0.105499999999985,0.0455,-0.028));
#2775=CARTESIAN_POINT('',(0.0154999999999788,0.0155000000000004,-0.028));
#2776=CARTESIAN_POINT('',(0.0138999999999788,0.0155000000000004,-0.028));
#2777=CARTESIAN_POINT('',(0.0154999999999788,0.0155000000000004,-0.032));
#2778=CARTESIAN_POINT('',(0.0154999999999788,0.0155000000000004,-0.032));
#2779=CARTESIAN_POINT('',(0.0138999999999788,0.0155000000000004,-0.032));
#2780=CARTESIAN_POINT('',(0.105499999999985,0.0455,-0.032));
#2781=CARTESIAN_POINT('',(0.105499999999985,0.0455,-0.028));
#2782=CARTESIAN_POINT('',(0.135499999999988,0.0155000000000004,-0.028));
#2783=CARTESIAN_POINT('',(0.133899999999988,0.0155000000000004,-0.028));
#2784=CARTESIAN_POINT('',(0.135499999999988,0.0155000000000004,-0.032));
#2785=CARTESIAN_POINT('',(0.135499999999988,0.0155000000000004,-0.032));
#2786=CARTESIAN_POINT('',(0.133899999999988,0.0155000000000004,-0.032));
#2787=CARTESIAN_POINT('',(0.105499999999985,0.0455,-0.032));
#2788=CARTESIAN_POINT('',(0.105499999999985,0.0739999999999982,-0.006));
#2789=CARTESIAN_POINT('',(0.024374119674628,0.0739999999999982,-0.003));
#2790=CARTESIAN_POINT('',(0.0233561878470347,0.0739999999999982,-0.00400369431763297));
#2791=CARTESIAN_POINT('',(0.0223364962617531,0.0739999999999982,-0.00500559095793447));
#2792=CARTESIAN_POINT('',(0.0213094750192895,0.0739999999999982,-0.006));
#2793=CARTESIAN_POINT('',(0.105499999999985,0.0739999999999982,-0.006));
#2794=CARTESIAN_POINT('',(0.105499999999985,0.0754999999999982,-0.006));
#2795=CARTESIAN_POINT('',(0.105499999999986,0.0769999999999982,-0.006));
#2796=CARTESIAN_POINT('',(0.105499999999985,0.0739999999999982,-0.006));
#2797=CARTESIAN_POINT('',(0.105499999999985,0.0739999999999982,-0.006));
#2798=CARTESIAN_POINT('',(0.189690524980681,0.0739999999999981,-0.006));
#2799=CARTESIAN_POINT('',(0.188663503738218,0.0739999999999981,-0.00500559095793442));
#2800=CARTESIAN_POINT('',(0.187643812152936,0.0739999999999981,-0.004003694317633));
#2801=CARTESIAN_POINT('',(0.186625880325343,0.0739999999999981,-0.003));
#2802=CARTESIAN_POINT('',(0.105499999999986,0.0769999999999982,-0.006));
#2803=CARTESIAN_POINT('',(0.0213094750192901,0.0769999999999982,-0.006));
#2804=CARTESIAN_POINT('',(0.0223364962617536,0.0769999999999982,-0.00500559095793442));
#2805=CARTESIAN_POINT('',(0.0233561878470352,0.0769999999999982,-0.00400369431763297));
#2806=CARTESIAN_POINT('',(0.0243741196746283,0.0769999999999982,-0.003));
#2807=CARTESIAN_POINT('',(0.186625880325343,0.0769999999999981,-0.003));
#2808=CARTESIAN_POINT('',(0.187643812152936,0.0769999999999981,-0.00400369431763292));
#2809=CARTESIAN_POINT('',(0.188663503738218,0.0769999999999981,-0.00500559095793449));
#2810=CARTESIAN_POINT('',(0.189690524980681,0.0769999999999981,-0.006));
#2811=CARTESIAN_POINT('',(0.108749999999997,0.002,-0.006));
#2812=CARTESIAN_POINT('',(0.008,0.002,-0.006));
#2813=CARTESIAN_POINT('',(0.008,0.002,-0.006));
#2814=CARTESIAN_POINT('',(0.108749999999997,0.002,-0.006));
#2815=CARTESIAN_POINT('',(0.209499999999994,0.00199999999999993,-0.006));
#2816=CARTESIAN_POINT('',(0.209499999999994,0.00199999999999993,-0.006));
#2817=CARTESIAN_POINT('',(0.008,0.00350000000000007,-0.006));
#2818=CARTESIAN_POINT('',(0.008,0.005,-0.006));
#2819=CARTESIAN_POINT('',(0.008,0.005,-0.006));
#2820=CARTESIAN_POINT('',(0.008,0.00350000000000007,-0.006));
#2821=CARTESIAN_POINT('',(0.108749999999997,0.005,-0.006));
#2822=CARTESIAN_POINT('',(0.209499999999994,0.00499999999999992,-0.006));
#2823=CARTESIAN_POINT('',(0.209499999999994,0.00499999999999992,-0.006));
#2824=CARTESIAN_POINT('',(0.108749999999997,0.005,-0.006));
#2825=CARTESIAN_POINT('',(0.209499999999994,0.00349999999999993,-0.006));
#2826=CARTESIAN_POINT('',(0.209499999999994,0.00349999999999993,-0.006));
#2827=CARTESIAN_POINT('',(0.108749999999997,0.0035,-0.006));
#2828=CARTESIAN_POINT('',(0.0154999999999788,0.0755,-0.006));
#2829=CARTESIAN_POINT('',(0.195499999999992,0.0754999999999984,-0.006));
#2830=CARTESIAN_POINT('',(0.135499999999988,0.0155000000000004,-0.006));
#2831=CARTESIAN_POINT('',(0.0154999999999788,0.0155000000000004,-0.006));
#2832=MECHANICAL_DESIGN_GEOMETRIC_PRESENTATION_REPRESENTATION('',(#1673),
#2833);
#2833=(
GEOMETRIC_REPRESENTATION_CONTEXT(3)
GLOBAL_UNCERTAINTY_ASSIGNED_CONTEXT((#2834))
GLOBAL_UNIT_ASSIGNED_CONTEXT((#2837,#2836,#2835))
REPRESENTATION_CONTEXT('Part 1','TOP_LEVEL_ASSEMBLY_PART')
);
#2834=UNCERTAINTY_MEASURE_WITH_UNIT(LENGTH_MEASURE(2.E-5),#2837,
'DISTANCE_ACCURACY_VALUE','Maximum Tolerance applied to model');
#2835=(
NAMED_UNIT(*)
SI_UNIT($,.STERADIAN.)
SOLID_ANGLE_UNIT()
);
#2836=(
NAMED_UNIT(*)
PLANE_ANGLE_UNIT()
SI_UNIT($,.RADIAN.)
);
#2837=(
LENGTH_UNIT()
NAMED_UNIT(*)
SI_UNIT($,.METRE.)
);
#2838=PRODUCT_DEFINITION_SHAPE('','',#2839);
#2839=PRODUCT_DEFINITION('','',#2841,#2840);
#2840=PRODUCT_DEFINITION_CONTEXT('',#2847,'design');
#2841=PRODUCT_DEFINITION_FORMATION_WITH_SPECIFIED_SOURCE('','',#2843,
 .NOT_KNOWN.);
#2842=PRODUCT_RELATED_PRODUCT_CATEGORY('','',(#2843));
#2843=PRODUCT('Part 1','Part 1','Part 1',(#2845));
#2844=PRODUCT_CATEGORY('','');
#2845=PRODUCT_CONTEXT('',#2847,'mechanical');
#2846=APPLICATION_PROTOCOL_DEFINITION('international standard',
'ap242_managed_model_based_3d_engineering',2020,#2847);
#2847=APPLICATION_CONTEXT('managed model based 3d engineering');
ENDSEC;
END-ISO-10303-21;
