ISO-10303-21;
HEADER;
/* Generated by software containing ST-Developer
 * from STEP Tools, Inc. (www.steptools.com) 
 */
/* OPTION: using custom renumber hook */

FILE_DESCRIPTION(
/* description */ ('STEP AP242 Edition 2',
'CAx-IF Rec.Pracs.---Representation and Presentation of Product Manufa
cturing Information (PMI)---4.0---2014-10-13',
'CAx-IF Rec.Pracs.---3D Tessellated Geometry---0.4---2014-09-14','2;1',
'CAx-IF Rec.Pracs.---User Defined Attributes---1.5---2016-08-15'),
/* implementation_level */ '2;1');

FILE_NAME(
/* name */ 'drzak - Part 4',
/* time_stamp */ '2026-07-08T10:13:33Z',
/* author */ (''),
/* organization */ (''),
/* preprocessor_version */ 'ST-DEVELOPER v20',
/* originating_system */ 'ONSHAPE BY PTC INC, 1.217',
/* authorisation */ '  ');

FILE_SCHEMA (('AP242_MANAGED_MODEL_BASED_3D_ENGINEERING_MIM_LF { 1 0 10303 442 3 1 4 }'));
ENDSEC;

DATA;
#10=SHAPE_REPRESENTATION_RELATIONSHIP('','',#9386,#11);
#11=ADVANCED_BREP_SHAPE_REPRESENTATION('',(#9384),#16033);
#12=CONICAL_SURFACE('',#9521,0.009,1.03037682652431);
#13=CONICAL_SURFACE('',#9523,0.009,1.03037682652431);
#14=CONICAL_SURFACE('',#9525,0.009,1.03037682652431);
#15=CONICAL_SURFACE('',#9529,0.009,1.03037682652431);
#16=CONICAL_SURFACE('',#9531,0.009,1.03037682652431);
#17=CONICAL_SURFACE('',#9533,0.009,1.03037682652431);
#18=CONICAL_SURFACE('',#9540,0.009,1.03037682652431);
#19=CONICAL_SURFACE('',#9547,0.009,1.03037682652431);
#20=CONICAL_SURFACE('',#9549,0.009,1.03037682652431);
#21=CONICAL_SURFACE('',#9551,0.009,1.03037682652431);
#22=CONICAL_SURFACE('',#9558,0.009,1.03037682652431);
#23=CONICAL_SURFACE('',#9560,0.009,1.03037682652431);
#24=CONICAL_SURFACE('',#9562,0.009,1.03037682652431);
#25=CONICAL_SURFACE('',#9569,0.009,1.03037682652431);
#26=CONICAL_SURFACE('',#9571,0.009,1.03037682652431);
#27=CONICAL_SURFACE('',#9576,0.009,1.03037682652431);
#28=CONICAL_SURFACE('',#9583,0.009,1.03037682652431);
#29=CONICAL_SURFACE('',#9585,0.009,1.03037682652431);
#30=CONICAL_SURFACE('',#9587,0.009,1.03037682652431);
#31=CONICAL_SURFACE('',#9594,0.009,1.03037682652431);
#32=CONICAL_SURFACE('',#9596,0.009,1.03037682652431);
#33=CONICAL_SURFACE('',#9602,0.009,1.03037682652431);
#34=CONICAL_SURFACE('',#9604,0.009,1.03037682652431);
#35=CONICAL_SURFACE('',#9606,0.009,1.03037682652431);
#36=CONICAL_SURFACE('',#9613,0.009,1.03037682652431);
#37=CONICAL_SURFACE('',#9615,0.009,1.03037682652431);
#38=CONICAL_SURFACE('',#9622,0.009,1.03037682652431);
#39=CONICAL_SURFACE('',#9629,0.009,1.03037682652431);
#40=CONICAL_SURFACE('',#9636,0.009,1.03037682652431);
#41=CONICAL_SURFACE('',#9643,0.009,1.03037682652431);
#42=CONICAL_SURFACE('',#9650,0.009,1.03037682652431);
#43=CONICAL_SURFACE('',#9657,0.009,1.03037682652431);
#44=CONICAL_SURFACE('',#9664,0.009,1.03037682652431);
#45=CONICAL_SURFACE('',#9671,0.009,1.03037682652431);
#46=CONICAL_SURFACE('',#9678,0.009,1.03037682652431);
#47=CONICAL_SURFACE('',#9687,0.009,1.03037682652431);
#48=CONICAL_SURFACE('',#9694,0.009,1.03037682652431);
#49=CONICAL_SURFACE('',#9757,0.009,1.03037682652431);
#50=CONICAL_SURFACE('',#9761,0.009,1.03037682652431);
#51=CONICAL_SURFACE('',#9780,0.009,1.03037682652431);
#52=CONICAL_SURFACE('',#9792,0.009,1.03037682652431);
#53=CONICAL_SURFACE('',#9795,0.009,1.03037682652431);
#54=CONICAL_SURFACE('',#9798,0.009,1.03037682652431);
#55=CONICAL_SURFACE('',#9805,0.009,1.03037682652431);
#56=CONICAL_SURFACE('',#9809,0.009,1.03037682652431);
#57=CONICAL_SURFACE('',#9812,0.009,1.03037682652431);
#58=CONICAL_SURFACE('',#9816,0.009,1.03037682652431);
#59=CONICAL_SURFACE('',#9819,0.009,1.03037682652431);
#60=CONICAL_SURFACE('',#9823,0.009,1.03037682652431);
#61=CONICAL_SURFACE('',#9827,0.009,1.03037682652431);
#62=CONICAL_SURFACE('',#9831,0.009,1.03037682652431);
#63=CONICAL_SURFACE('',#9834,0.009,1.03037682652431);
#64=CONICAL_SURFACE('',#9841,0.009,1.03037682652431);
#65=CONICAL_SURFACE('',#9845,0.009,1.03037682652431);
#66=CONICAL_SURFACE('',#9848,0.009,1.03037682652431);
#67=CONICAL_SURFACE('',#9855,0.009,1.03037682652431);
#68=CONICAL_SURFACE('',#9859,0.009,1.03037682652431);
#69=CONICAL_SURFACE('',#9862,0.009,1.03037682652431);
#70=CONICAL_SURFACE('',#9869,0.009,1.03037682652431);
#71=CONICAL_SURFACE('',#9873,0.009,1.03037682652431);
#72=CONICAL_SURFACE('',#9876,0.009,1.03037682652431);
#73=CONICAL_SURFACE('',#9883,0.009,1.03037682652431);
#74=CONICAL_SURFACE('',#9887,0.009,1.03037682652431);
#75=CONICAL_SURFACE('',#9890,0.009,1.03037682652431);
#76=CONICAL_SURFACE('',#9897,0.009,1.03037682652431);
#77=CONICAL_SURFACE('',#9901,0.009,1.03037682652431);
#78=CONICAL_SURFACE('',#9904,0.009,1.03037682652431);
#79=CONICAL_SURFACE('',#9911,0.009,1.03037682652431);
#80=CONICAL_SURFACE('',#9914,0.009,1.03037682652431);
#81=CONICAL_SURFACE('',#9921,0.009,1.03037682652431);
#82=CONICAL_SURFACE('',#9925,0.009,1.03037682652431);
#83=CONICAL_SURFACE('',#9928,0.009,1.03037682652431);
#84=CONICAL_SURFACE('',#9935,0.009,1.03037682652431);
#85=CONICAL_SURFACE('',#9939,0.009,1.03037682652431);
#86=CONICAL_SURFACE('',#9942,0.009,1.03037682652431);
#87=CONICAL_SURFACE('',#9949,0.009,1.03037682652431);
#88=CONICAL_SURFACE('',#9953,0.009,1.03037682652431);
#89=CONICAL_SURFACE('',#10004,0.009,1.03037682652431);
#90=CONICAL_SURFACE('',#10011,0.009,1.03037682652431);
#91=CONICAL_SURFACE('',#10014,0.009,1.03037682652431);
#92=CONICAL_SURFACE('',#10021,0.009,1.03037682652431);
#93=CONICAL_SURFACE('',#10024,0.009,1.03037682652431);
#94=CONICAL_SURFACE('',#10027,0.009,1.03037682652431);
#95=CONICAL_SURFACE('',#10030,0.009,1.03037682652431);
#96=CONICAL_SURFACE('',#10048,0.009,1.03037682652431);
#97=CONICAL_SURFACE('',#10051,0.009,1.03037682652431);
#98=B_SPLINE_CURVE_WITH_KNOTS('',3,(#13191,#13192,#13193,#13194),
 .UNSPECIFIED.,.F.,.F.,(4,4),(0.,0.00597392466901389),.UNSPECIFIED.);
#99=B_SPLINE_CURVE_WITH_KNOTS('',3,(#13256,#13257,#13258,#13259),
 .UNSPECIFIED.,.F.,.F.,(4,4),(0.,0.00597392466901399),.UNSPECIFIED.);
#100=B_SPLINE_CURVE_WITH_KNOTS('',3,(#13421,#13422,#13423,#13424),
 .UNSPECIFIED.,.F.,.F.,(4,4),(0.,0.00597392466901389),.UNSPECIFIED.);
#101=B_SPLINE_CURVE_WITH_KNOTS('',3,(#13428,#13429,#13430,#13431),
 .UNSPECIFIED.,.F.,.F.,(4,4),(0.,0.00597392392775128),.UNSPECIFIED.);
#102=B_SPLINE_CURVE_WITH_KNOTS('',3,(#13433,#13434,#13435,#13436),
 .UNSPECIFIED.,.F.,.F.,(4,4),(0.,0.00597392466901404),.UNSPECIFIED.);
#103=B_SPLINE_CURVE_WITH_KNOTS('',3,(#13440,#13441,#13442,#13443),
 .UNSPECIFIED.,.F.,.F.,(4,4),(0.,0.00597392392775126),.UNSPECIFIED.);
#104=B_SPLINE_CURVE_WITH_KNOTS('',3,(#13445,#13446,#13447,#13448),
 .UNSPECIFIED.,.F.,.F.,(4,4),(0.,0.00597392466901406),.UNSPECIFIED.);
#105=B_SPLINE_CURVE_WITH_KNOTS('',3,(#13452,#13453,#13454,#13455),
 .UNSPECIFIED.,.F.,.F.,(4,4),(0.,0.00597392392775118),.UNSPECIFIED.);
#106=B_SPLINE_CURVE_WITH_KNOTS('',3,(#13460,#13461,#13462,#13463),
 .UNSPECIFIED.,.F.,.F.,(4,4),(0.,0.00597392466901397),.UNSPECIFIED.);
#107=B_SPLINE_CURVE_WITH_KNOTS('',3,(#13467,#13468,#13469,#13470),
 .UNSPECIFIED.,.F.,.F.,(4,4),(0.,0.00597392392775128),.UNSPECIFIED.);
#108=B_SPLINE_CURVE_WITH_KNOTS('',3,(#13472,#13473,#13474,#13475),
 .UNSPECIFIED.,.F.,.F.,(4,4),(0.,0.00597392466901389),.UNSPECIFIED.);
#109=B_SPLINE_CURVE_WITH_KNOTS('',3,(#13479,#13480,#13481,#13482),
 .UNSPECIFIED.,.F.,.F.,(4,4),(0.,0.00597392392775137),.UNSPECIFIED.);
#110=B_SPLINE_CURVE_WITH_KNOTS('',3,(#13484,#13485,#13486,#13487),
 .UNSPECIFIED.,.F.,.F.,(4,4),(0.,0.00597392466901404),.UNSPECIFIED.);
#111=B_SPLINE_CURVE_WITH_KNOTS('',3,(#13492,#13493,#13494,#13495),
 .UNSPECIFIED.,.F.,.F.,(4,4),(0.,0.00597392392775126),.UNSPECIFIED.);
#112=B_SPLINE_CURVE_WITH_KNOTS('',3,(#13508,#13509,#13510,#13511),
 .UNSPECIFIED.,.F.,.F.,(4,4),(0.,0.00597392466901415),.UNSPECIFIED.);
#113=B_SPLINE_CURVE_WITH_KNOTS('',3,(#13516,#13517,#13518,#13519),
 .UNSPECIFIED.,.F.,.F.,(4,4),(0.,0.00597392392775146),.UNSPECIFIED.);
#114=B_SPLINE_CURVE_WITH_KNOTS('',3,(#13532,#13533,#13534,#13535),
 .UNSPECIFIED.,.F.,.F.,(4,4),(0.,0.00597392466901397),.UNSPECIFIED.);
#115=B_SPLINE_CURVE_WITH_KNOTS('',3,(#13539,#13540,#13541,#13542),
 .UNSPECIFIED.,.F.,.F.,(4,4),(0.,0.00597392392775144),.UNSPECIFIED.);
#116=B_SPLINE_CURVE_WITH_KNOTS('',3,(#13544,#13545,#13546,#13547),
 .UNSPECIFIED.,.F.,.F.,(4,4),(0.,0.00597392466901415),.UNSPECIFIED.);
#117=B_SPLINE_CURVE_WITH_KNOTS('',3,(#13551,#13552,#13553,#13554),
 .UNSPECIFIED.,.F.,.F.,(4,4),(0.,0.00597392392775146),.UNSPECIFIED.);
#118=B_SPLINE_CURVE_WITH_KNOTS('',3,(#13556,#13557,#13558,#13559),
 .UNSPECIFIED.,.F.,.F.,(4,4),(0.,0.00597392466901406),.UNSPECIFIED.);
#119=B_SPLINE_CURVE_WITH_KNOTS('',3,(#13564,#13565,#13566,#13567),
 .UNSPECIFIED.,.F.,.F.,(4,4),(0.,0.00597392392775118),.UNSPECIFIED.);
#120=B_SPLINE_CURVE_WITH_KNOTS('',3,(#13580,#13581,#13582,#13583),
 .UNSPECIFIED.,.F.,.F.,(4,4),(0.,0.00597392466901389),.UNSPECIFIED.);
#121=B_SPLINE_CURVE_WITH_KNOTS('',3,(#13587,#13588,#13589,#13590),
 .UNSPECIFIED.,.F.,.F.,(4,4),(8.09207131142367E-17,0.00597392392775137),
 .UNSPECIFIED.);
#122=B_SPLINE_CURVE_WITH_KNOTS('',3,(#13592,#13593,#13594,#13595),
 .UNSPECIFIED.,.F.,.F.,(4,4),(0.,0.00597392466901415),.UNSPECIFIED.);
#123=B_SPLINE_CURVE_WITH_KNOTS('',3,(#13599,#13600,#13601,#13602),
 .UNSPECIFIED.,.F.,.F.,(4,4),(0.,0.00597392392775146),.UNSPECIFIED.);
#124=B_SPLINE_CURVE_WITH_KNOTS('',3,(#13604,#13605,#13606,#13607),
 .UNSPECIFIED.,.F.,.F.,(4,4),(0.,0.00597392466901397),.UNSPECIFIED.);
#125=B_SPLINE_CURVE_WITH_KNOTS('',3,(#13612,#13613,#13614,#13615),
 .UNSPECIFIED.,.F.,.F.,(4,4),(0.,0.00597392392775128),.UNSPECIFIED.);
#126=B_SPLINE_CURVE_WITH_KNOTS('',3,(#13628,#13629,#13630,#13631),
 .UNSPECIFIED.,.F.,.F.,(4,4),(0.,0.00597392466901415),.UNSPECIFIED.);
#127=B_SPLINE_CURVE_WITH_KNOTS('',3,(#13635,#13636,#13637,#13638),
 .UNSPECIFIED.,.F.,.F.,(4,4),(0.,0.00597392392775146),.UNSPECIFIED.);
#128=B_SPLINE_CURVE_WITH_KNOTS('',3,(#13640,#13641,#13642,#13643),
 .UNSPECIFIED.,.F.,.F.,(4,4),(0.,0.00597392466901389),.UNSPECIFIED.);
#129=B_SPLINE_CURVE_WITH_KNOTS('',3,(#13648,#13649,#13650,#13651),
 .UNSPECIFIED.,.F.,.F.,(4,4),(0.,0.00597392392775129),.UNSPECIFIED.);
#130=B_SPLINE_CURVE_WITH_KNOTS('',3,(#13661,#13662,#13663,#13664),
 .UNSPECIFIED.,.F.,.F.,(4,4),(0.,0.00597392466901406),.UNSPECIFIED.);
#131=B_SPLINE_CURVE_WITH_KNOTS('',3,(#13668,#13669,#13670,#13671),
 .UNSPECIFIED.,.F.,.F.,(4,4),(0.,0.00597392392775118),.UNSPECIFIED.);
#132=B_SPLINE_CURVE_WITH_KNOTS('',3,(#13685,#13686,#13687,#13688),
 .UNSPECIFIED.,.F.,.F.,(4,4),(0.,0.00597392466901399),.UNSPECIFIED.);
#133=B_SPLINE_CURVE_WITH_KNOTS('',3,(#13692,#13693,#13694,#13695),
 .UNSPECIFIED.,.F.,.F.,(4,4),(0.,0.00597392392775129),.UNSPECIFIED.);
#134=B_SPLINE_CURVE_WITH_KNOTS('',3,(#13697,#13698,#13699,#13700),
 .UNSPECIFIED.,.F.,.F.,(4,4),(0.,0.00597392466901405),.UNSPECIFIED.);
#135=B_SPLINE_CURVE_WITH_KNOTS('',3,(#13704,#13705,#13706,#13707),
 .UNSPECIFIED.,.F.,.F.,(4,4),(0.,0.00597392392775127),.UNSPECIFIED.);
#136=B_SPLINE_CURVE_WITH_KNOTS('',3,(#13709,#13710,#13711,#13712),
 .UNSPECIFIED.,.F.,.F.,(4,4),(0.,0.00597392466901406),.UNSPECIFIED.);
#137=B_SPLINE_CURVE_WITH_KNOTS('',3,(#13716,#13717,#13718,#13719),
 .UNSPECIFIED.,.F.,.F.,(4,4),(0.,0.00597392392775118),.UNSPECIFIED.);
#138=B_SPLINE_CURVE_WITH_KNOTS('',3,(#13733,#13734,#13735,#13736),
 .UNSPECIFIED.,.F.,.F.,(4,4),(0.,0.00597392466901393),.UNSPECIFIED.);
#139=B_SPLINE_CURVE_WITH_KNOTS('',3,(#13740,#13741,#13742,#13743),
 .UNSPECIFIED.,.F.,.F.,(4,4),(0.,0.00597392392775127),.UNSPECIFIED.);
#140=B_SPLINE_CURVE_WITH_KNOTS('',3,(#13745,#13746,#13747,#13748),
 .UNSPECIFIED.,.F.,.F.,(4,4),(0.,0.00597392466901406),.UNSPECIFIED.);
#141=B_SPLINE_CURVE_WITH_KNOTS('',3,(#13752,#13753,#13754,#13755),
 .UNSPECIFIED.,.F.,.F.,(4,4),(0.,0.00597392392775118),.UNSPECIFIED.);
#142=B_SPLINE_CURVE_WITH_KNOTS('',3,(#13763,#13764,#13765,#13766),
 .UNSPECIFIED.,.F.,.F.,(4,4),(0.,0.00597392466901399),.UNSPECIFIED.);
#143=B_SPLINE_CURVE_WITH_KNOTS('',3,(#13770,#13771,#13772,#13773),
 .UNSPECIFIED.,.F.,.F.,(4,4),(8.09207131142367E-17,0.00597392392775137),
 .UNSPECIFIED.);
#144=B_SPLINE_CURVE_WITH_KNOTS('',3,(#13775,#13776,#13777,#13778),
 .UNSPECIFIED.,.F.,.F.,(4,4),(0.,0.00597392466901389),.UNSPECIFIED.);
#145=B_SPLINE_CURVE_WITH_KNOTS('',3,(#13782,#13783,#13784,#13785),
 .UNSPECIFIED.,.F.,.F.,(4,4),(8.09207131142367E-17,0.00597392392775137),
 .UNSPECIFIED.);
#146=B_SPLINE_CURVE_WITH_KNOTS('',3,(#13787,#13788,#13789,#13790),
 .UNSPECIFIED.,.F.,.F.,(4,4),(0.,0.00597392466901397),.UNSPECIFIED.);
#147=B_SPLINE_CURVE_WITH_KNOTS('',3,(#13795,#13796,#13797,#13798),
 .UNSPECIFIED.,.F.,.F.,(4,4),(0.,0.00597392392775127),.UNSPECIFIED.);
#148=B_SPLINE_CURVE_WITH_KNOTS('',3,(#13811,#13812,#13813,#13814),
 .UNSPECIFIED.,.F.,.F.,(4,4),(0.,0.00597392466901392),.UNSPECIFIED.);
#149=B_SPLINE_CURVE_WITH_KNOTS('',3,(#13818,#13819,#13820,#13821),
 .UNSPECIFIED.,.F.,.F.,(4,4),(4.04603565571184E-17,0.00597392392775127),
 .UNSPECIFIED.);
#150=B_SPLINE_CURVE_WITH_KNOTS('',3,(#13823,#13824,#13825,#13826),
 .UNSPECIFIED.,.F.,.F.,(4,4),(0.,0.00597392466901397),.UNSPECIFIED.);
#151=B_SPLINE_CURVE_WITH_KNOTS('',3,(#13830,#13831,#13832,#13833),
 .UNSPECIFIED.,.F.,.F.,(4,4),(8.09207131142367E-17,0.00597392392775137),
 .UNSPECIFIED.);
#152=B_SPLINE_CURVE_WITH_KNOTS('',3,(#13847,#13848,#13849,#13850),
 .UNSPECIFIED.,.F.,.F.,(4,4),(0.,0.00597392466901406),.UNSPECIFIED.);
#153=B_SPLINE_CURVE_WITH_KNOTS('',3,(#13854,#13855,#13856,#13857),
 .UNSPECIFIED.,.F.,.F.,(4,4),(0.,0.00597392392775119),.UNSPECIFIED.);
#154=B_SPLINE_CURVE_WITH_KNOTS('',3,(#13871,#13872,#13873,#13874),
 .UNSPECIFIED.,.F.,.F.,(4,4),(0.,0.00597392466901406),.UNSPECIFIED.);
#155=B_SPLINE_CURVE_WITH_KNOTS('',3,(#13878,#13879,#13880,#13881),
 .UNSPECIFIED.,.F.,.F.,(4,4),(0.,0.00597392392775119),.UNSPECIFIED.);
#156=B_SPLINE_CURVE_WITH_KNOTS('',3,(#13895,#13896,#13897,#13898),
 .UNSPECIFIED.,.F.,.F.,(4,4),(0.,0.00597392466901406),.UNSPECIFIED.);
#157=B_SPLINE_CURVE_WITH_KNOTS('',3,(#13902,#13903,#13904,#13905),
 .UNSPECIFIED.,.F.,.F.,(4,4),(0.,0.00597392392775119),.UNSPECIFIED.);
#158=B_SPLINE_CURVE_WITH_KNOTS('',3,(#13919,#13920,#13921,#13922),
 .UNSPECIFIED.,.F.,.F.,(4,4),(0.,0.00597392466901406),.UNSPECIFIED.);
#159=B_SPLINE_CURVE_WITH_KNOTS('',3,(#13926,#13927,#13928,#13929),
 .UNSPECIFIED.,.F.,.F.,(4,4),(0.,0.00597392392775119),.UNSPECIFIED.);
#160=B_SPLINE_CURVE_WITH_KNOTS('',3,(#13943,#13944,#13945,#13946),
 .UNSPECIFIED.,.F.,.F.,(4,4),(0.,0.00597392466901396),.UNSPECIFIED.);
#161=B_SPLINE_CURVE_WITH_KNOTS('',3,(#13950,#13951,#13952,#13953),
 .UNSPECIFIED.,.F.,.F.,(4,4),(8.09207131142367E-17,0.00597392392775128),
 .UNSPECIFIED.);
#162=B_SPLINE_CURVE_WITH_KNOTS('',3,(#13967,#13968,#13969,#13970),
 .UNSPECIFIED.,.F.,.F.,(4,4),(0.,0.00597392466901396),.UNSPECIFIED.);
#163=B_SPLINE_CURVE_WITH_KNOTS('',3,(#13974,#13975,#13976,#13977),
 .UNSPECIFIED.,.F.,.F.,(4,4),(0.,0.00597392392775128),.UNSPECIFIED.);
#164=B_SPLINE_CURVE_WITH_KNOTS('',3,(#13991,#13992,#13993,#13994),
 .UNSPECIFIED.,.F.,.F.,(4,4),(0.,0.00597392466901396),.UNSPECIFIED.);
#165=B_SPLINE_CURVE_WITH_KNOTS('',3,(#13998,#13999,#14000,#14001),
 .UNSPECIFIED.,.F.,.F.,(4,4),(0.,0.00597392392775128),.UNSPECIFIED.);
#166=B_SPLINE_CURVE_WITH_KNOTS('',3,(#14015,#14016,#14017,#14018),
 .UNSPECIFIED.,.F.,.F.,(4,4),(0.,0.00597392466901396),.UNSPECIFIED.);
#167=B_SPLINE_CURVE_WITH_KNOTS('',3,(#14022,#14023,#14024,#14025),
 .UNSPECIFIED.,.F.,.F.,(4,4),(8.09207131142367E-17,0.00597392392775128),
 .UNSPECIFIED.);
#168=B_SPLINE_CURVE_WITH_KNOTS('',3,(#14039,#14040,#14041,#14042),
 .UNSPECIFIED.,.F.,.F.,(4,4),(0.,0.00597392466901388),.UNSPECIFIED.);
#169=B_SPLINE_CURVE_WITH_KNOTS('',3,(#14046,#14047,#14048,#14049),
 .UNSPECIFIED.,.F.,.F.,(4,4),(0.,0.00597392392775136),.UNSPECIFIED.);
#170=B_SPLINE_CURVE_WITH_KNOTS('',3,(#14066,#14067,#14068,#14069),
 .UNSPECIFIED.,.F.,.F.,(4,4),(0.,0.00597392466901389),.UNSPECIFIED.);
#171=B_SPLINE_CURVE_WITH_KNOTS('',3,(#14073,#14074,#14075,#14076),
 .UNSPECIFIED.,.F.,.F.,(4,4),(0.,0.00597392392775119),.UNSPECIFIED.);
#172=B_SPLINE_CURVE_WITH_KNOTS('',3,(#14090,#14091,#14092,#14093),
 .UNSPECIFIED.,.F.,.F.,(4,4),(0.,0.00597392466901389),.UNSPECIFIED.);
#173=B_SPLINE_CURVE_WITH_KNOTS('',3,(#14097,#14098,#14099,#14100),
 .UNSPECIFIED.,.F.,.F.,(4,4),(0.,0.00597392392775119),.UNSPECIFIED.);
#174=B_SPLINE_CURVE_WITH_KNOTS('',3,(#14320,#14321,#14322,#14323),
 .UNSPECIFIED.,.F.,.F.,(4,4),(0.,0.00597392466901397),.UNSPECIFIED.);
#175=B_SPLINE_CURVE_WITH_KNOTS('',3,(#14328,#14329,#14330,#14331),
 .UNSPECIFIED.,.F.,.F.,(4,4),(0.,0.00597392392775127),.UNSPECIFIED.);
#176=B_SPLINE_CURVE_WITH_KNOTS('',3,(#14341,#14342,#14343,#14344),
 .UNSPECIFIED.,.F.,.F.,(4,4),(0.,0.00597392466901401),.UNSPECIFIED.);
#177=B_SPLINE_CURVE_WITH_KNOTS('',3,(#14349,#14350,#14351,#14352),
 .UNSPECIFIED.,.F.,.F.,(4,4),(0.,0.00597392392775127),.UNSPECIFIED.);
#178=B_SPLINE_CURVE_WITH_KNOTS('',3,(#14396,#14397,#14398,#14399),
 .UNSPECIFIED.,.F.,.F.,(4,4),(0.,0.00597392466901406),.UNSPECIFIED.);
#179=B_SPLINE_CURVE_WITH_KNOTS('',3,(#14403,#14404,#14405,#14406),
 .UNSPECIFIED.,.F.,.F.,(4,4),(0.,0.00597392392775119),.UNSPECIFIED.);
#180=B_SPLINE_CURVE_WITH_KNOTS('',3,(#14433,#14434,#14435,#14436),
 .UNSPECIFIED.,.F.,.F.,(4,4),(0.,0.00597392466901397),.UNSPECIFIED.);
#181=B_SPLINE_CURVE_WITH_KNOTS('',3,(#14440,#14441,#14442,#14443),
 .UNSPECIFIED.,.F.,.F.,(4,4),(0.,0.00597392392775128),.UNSPECIFIED.);
#182=B_SPLINE_CURVE_WITH_KNOTS('',3,(#14448,#14449,#14450,#14451),
 .UNSPECIFIED.,.F.,.F.,(4,4),(0.,0.00597392466901388),.UNSPECIFIED.);
#183=B_SPLINE_CURVE_WITH_KNOTS('',3,(#14456,#14457,#14458,#14459),
 .UNSPECIFIED.,.F.,.F.,(4,4),(0.,0.00597392392775135),.UNSPECIFIED.);
#184=B_SPLINE_CURVE_WITH_KNOTS('',3,(#14465,#14466,#14467,#14468),
 .UNSPECIFIED.,.F.,.F.,(4,4),(0.,0.00597392466901415),.UNSPECIFIED.);
#185=B_SPLINE_CURVE_WITH_KNOTS('',3,(#14473,#14474,#14475,#14476),
 .UNSPECIFIED.,.F.,.F.,(4,4),(0.,0.00597392392775146),.UNSPECIFIED.);
#186=B_SPLINE_CURVE_WITH_KNOTS('',3,(#14489,#14490,#14491,#14492),
 .UNSPECIFIED.,.F.,.F.,(4,4),(0.,0.00597392466901397),.UNSPECIFIED.);
#187=B_SPLINE_CURVE_WITH_KNOTS('',3,(#14496,#14497,#14498,#14499),
 .UNSPECIFIED.,.F.,.F.,(4,4),(0.,0.00597392392775128),.UNSPECIFIED.);
#188=B_SPLINE_CURVE_WITH_KNOTS('',3,(#14511,#14512,#14513,#14514),
 .UNSPECIFIED.,.F.,.F.,(4,4),(0.,0.00597392466901388),.UNSPECIFIED.);
#189=B_SPLINE_CURVE_WITH_KNOTS('',3,(#14518,#14519,#14520,#14521),
 .UNSPECIFIED.,.F.,.F.,(4,4),(0.,0.00597392392775135),.UNSPECIFIED.);
#190=B_SPLINE_CURVE_WITH_KNOTS('',3,(#14527,#14528,#14529,#14530),
 .UNSPECIFIED.,.F.,.F.,(4,4),(0.,0.00597392466901404),.UNSPECIFIED.);
#191=B_SPLINE_CURVE_WITH_KNOTS('',3,(#14534,#14535,#14536,#14537),
 .UNSPECIFIED.,.F.,.F.,(4,4),(0.,0.00597392392775126),.UNSPECIFIED.);
#192=B_SPLINE_CURVE_WITH_KNOTS('',3,(#14544,#14545,#14546,#14547),
 .UNSPECIFIED.,.F.,.F.,(4,4),(0.,0.00597392392775119),.UNSPECIFIED.);
#193=B_SPLINE_CURVE_WITH_KNOTS('',3,(#14553,#14554,#14555,#14556),
 .UNSPECIFIED.,.F.,.F.,(4,4),(0.,0.00597392466901388),.UNSPECIFIED.);
#194=B_SPLINE_CURVE_WITH_KNOTS('',3,(#14560,#14561,#14562,#14563),
 .UNSPECIFIED.,.F.,.F.,(4,4),(0.,0.00597392392775135),.UNSPECIFIED.);
#195=B_SPLINE_CURVE_WITH_KNOTS('',3,(#14575,#14576,#14577,#14578),
 .UNSPECIFIED.,.F.,.F.,(4,4),(0.,0.00597392466901415),.UNSPECIFIED.);
#196=B_SPLINE_CURVE_WITH_KNOTS('',3,(#14582,#14583,#14584,#14585),
 .UNSPECIFIED.,.F.,.F.,(4,4),(0.,0.00597392392775146),.UNSPECIFIED.);
#197=B_SPLINE_CURVE_WITH_KNOTS('',3,(#14592,#14593,#14594,#14595),
 .UNSPECIFIED.,.F.,.F.,(4,4),(8.09207131142367E-17,0.00597392392775129),
 .UNSPECIFIED.);
#198=B_SPLINE_CURVE_WITH_KNOTS('',3,(#14607,#14608,#14609,#14610),
 .UNSPECIFIED.,.F.,.F.,(4,4),(0.,0.00597392466901388),.UNSPECIFIED.);
#199=B_SPLINE_CURVE_WITH_KNOTS('',3,(#14614,#14615,#14616,#14617),
 .UNSPECIFIED.,.F.,.F.,(4,4),(0.,0.00597392392775135),.UNSPECIFIED.);
#200=B_SPLINE_CURVE_WITH_KNOTS('',3,(#14623,#14624,#14625,#14626),
 .UNSPECIFIED.,.F.,.F.,(4,4),(0.,0.00597392466901397),.UNSPECIFIED.);
#201=B_SPLINE_CURVE_WITH_KNOTS('',3,(#14631,#14632,#14633,#14634),
 .UNSPECIFIED.,.F.,.F.,(4,4),(0.,0.00597392392775127),.UNSPECIFIED.);
#202=B_SPLINE_CURVE_WITH_KNOTS('',3,(#14647,#14648,#14649,#14650),
 .UNSPECIFIED.,.F.,.F.,(4,4),(0.,0.00597392466901401),.UNSPECIFIED.);
#203=B_SPLINE_CURVE_WITH_KNOTS('',3,(#14655,#14656,#14657,#14658),
 .UNSPECIFIED.,.F.,.F.,(4,4),(0.,0.00597392392775123),.UNSPECIFIED.);
#204=B_SPLINE_CURVE_WITH_KNOTS('',3,(#14666,#14667,#14668,#14669),
 .UNSPECIFIED.,.F.,.F.,(4,4),(0.,0.00597392466901399),.UNSPECIFIED.);
#205=B_SPLINE_CURVE_WITH_KNOTS('',3,(#14673,#14674,#14675,#14676),
 .UNSPECIFIED.,.F.,.F.,(4,4),(0.,0.00597392392775128),.UNSPECIFIED.);
#206=B_SPLINE_CURVE_WITH_KNOTS('',3,(#14682,#14683,#14684,#14685),
 .UNSPECIFIED.,.F.,.F.,(4,4),(0.,0.00597392466901393),.UNSPECIFIED.);
#207=B_SPLINE_CURVE_WITH_KNOTS('',3,(#14690,#14691,#14692,#14693),
 .UNSPECIFIED.,.F.,.F.,(4,4),(0.,0.00597392392775127),.UNSPECIFIED.);
#208=B_SPLINE_CURVE_WITH_KNOTS('',3,(#14706,#14707,#14708,#14709),
 .UNSPECIFIED.,.F.,.F.,(4,4),(0.,0.00597392466901405),.UNSPECIFIED.);
#209=B_SPLINE_CURVE_WITH_KNOTS('',3,(#14713,#14714,#14715,#14716),
 .UNSPECIFIED.,.F.,.F.,(4,4),(0.,0.00597392392775118),.UNSPECIFIED.);
#210=B_SPLINE_CURVE_WITH_KNOTS('',3,(#14727,#14728,#14729,#14730),
 .UNSPECIFIED.,.F.,.F.,(4,4),(0.,0.00597392466901399),.UNSPECIFIED.);
#211=B_SPLINE_CURVE_WITH_KNOTS('',3,(#14735,#14736,#14737,#14738),
 .UNSPECIFIED.,.F.,.F.,(4,4),(0.,0.00597392392775128),.UNSPECIFIED.);
#212=B_SPLINE_CURVE_WITH_KNOTS('',3,(#14744,#14745,#14746,#14747),
 .UNSPECIFIED.,.F.,.F.,(4,4),(0.,0.00597392466901399),.UNSPECIFIED.);
#213=B_SPLINE_CURVE_WITH_KNOTS('',3,(#14752,#14753,#14754,#14755),
 .UNSPECIFIED.,.F.,.F.,(4,4),(0.,0.00597392392775129),.UNSPECIFIED.);
#214=B_SPLINE_CURVE_WITH_KNOTS('',3,(#14768,#14769,#14770,#14771),
 .UNSPECIFIED.,.F.,.F.,(4,4),(0.,0.00597392466901406),.UNSPECIFIED.);
#215=B_SPLINE_CURVE_WITH_KNOTS('',3,(#14775,#14776,#14777,#14778),
 .UNSPECIFIED.,.F.,.F.,(4,4),(0.,0.00597392392775118),.UNSPECIFIED.);
#216=B_SPLINE_CURVE_WITH_KNOTS('',3,(#14789,#14790,#14791,#14792),
 .UNSPECIFIED.,.F.,.F.,(4,4),(0.,0.00597392466901399),.UNSPECIFIED.);
#217=B_SPLINE_CURVE_WITH_KNOTS('',3,(#14797,#14798,#14799,#14800),
 .UNSPECIFIED.,.F.,.F.,(4,4),(0.,0.00597392392775128),.UNSPECIFIED.);
#218=B_SPLINE_CURVE_WITH_KNOTS('',3,(#14806,#14807,#14808,#14809),
 .UNSPECIFIED.,.F.,.F.,(4,4),(0.,0.00597392466901397),.UNSPECIFIED.);
#219=B_SPLINE_CURVE_WITH_KNOTS('',3,(#14814,#14815,#14816,#14817),
 .UNSPECIFIED.,.F.,.F.,(4,4),(0.,0.00597392392775128),.UNSPECIFIED.);
#220=B_SPLINE_CURVE_WITH_KNOTS('',3,(#14830,#14831,#14832,#14833),
 .UNSPECIFIED.,.F.,.F.,(4,4),(0.,0.00597392466901397),.UNSPECIFIED.);
#221=B_SPLINE_CURVE_WITH_KNOTS('',3,(#14837,#14838,#14839,#14840),
 .UNSPECIFIED.,.F.,.F.,(4,4),(0.,0.00597392392775146),.UNSPECIFIED.);
#222=B_SPLINE_CURVE_WITH_KNOTS('',3,(#14852,#14853,#14854,#14855),
 .UNSPECIFIED.,.F.,.F.,(4,4),(0.,0.00597392466901399),.UNSPECIFIED.);
#223=B_SPLINE_CURVE_WITH_KNOTS('',3,(#14859,#14860,#14861,#14862),
 .UNSPECIFIED.,.F.,.F.,(4,4),(0.,0.00597392392775128),.UNSPECIFIED.);
#224=B_SPLINE_CURVE_WITH_KNOTS('',3,(#14868,#14869,#14870,#14871),
 .UNSPECIFIED.,.F.,.F.,(4,4),(0.,0.00597392466901397),.UNSPECIFIED.);
#225=B_SPLINE_CURVE_WITH_KNOTS('',3,(#14876,#14877,#14878,#14879),
 .UNSPECIFIED.,.F.,.F.,(4,4),(0.,0.00597392392775128),.UNSPECIFIED.);
#226=B_SPLINE_CURVE_WITH_KNOTS('',3,(#14892,#14893,#14894,#14895),
 .UNSPECIFIED.,.F.,.F.,(4,4),(0.,0.00597392466901399),.UNSPECIFIED.);
#227=B_SPLINE_CURVE_WITH_KNOTS('',3,(#14899,#14900,#14901,#14902),
 .UNSPECIFIED.,.F.,.F.,(4,4),(0.,0.00597392392775146),.UNSPECIFIED.);
#228=B_SPLINE_CURVE_WITH_KNOTS('',3,(#14913,#14914,#14915,#14916),
 .UNSPECIFIED.,.F.,.F.,(4,4),(0.,0.00597392466901399),.UNSPECIFIED.);
#229=B_SPLINE_CURVE_WITH_KNOTS('',3,(#14921,#14922,#14923,#14924),
 .UNSPECIFIED.,.F.,.F.,(4,4),(0.,0.00597392392775128),.UNSPECIFIED.);
#230=B_SPLINE_CURVE_WITH_KNOTS('',3,(#14930,#14931,#14932,#14933),
 .UNSPECIFIED.,.F.,.F.,(4,4),(0.,0.00597392466901389),.UNSPECIFIED.);
#231=B_SPLINE_CURVE_WITH_KNOTS('',3,(#14938,#14939,#14940,#14941),
 .UNSPECIFIED.,.F.,.F.,(4,4),(0.,0.00597392392775119),.UNSPECIFIED.);
#232=B_SPLINE_CURVE_WITH_KNOTS('',3,(#14954,#14955,#14956,#14957),
 .UNSPECIFIED.,.F.,.F.,(4,4),(0.,0.00597392466901389),.UNSPECIFIED.);
#233=B_SPLINE_CURVE_WITH_KNOTS('',3,(#14961,#14962,#14963,#14964),
 .UNSPECIFIED.,.F.,.F.,(4,4),(0.,0.00597392392775119),.UNSPECIFIED.);
#234=B_SPLINE_CURVE_WITH_KNOTS('',3,(#14972,#14973,#14974,#14975),
 .UNSPECIFIED.,.F.,.F.,(4,4),(0.,0.00597392466901415),.UNSPECIFIED.);
#235=B_SPLINE_CURVE_WITH_KNOTS('',3,(#14980,#14981,#14982,#14983),
 .UNSPECIFIED.,.F.,.F.,(4,4),(0.,0.00597392392775128),.UNSPECIFIED.);
#236=B_SPLINE_CURVE_WITH_KNOTS('',3,(#14996,#14997,#14998,#14999),
 .UNSPECIFIED.,.F.,.F.,(4,4),(0.,0.00597392466901388),.UNSPECIFIED.);
#237=B_SPLINE_CURVE_WITH_KNOTS('',3,(#15003,#15004,#15005,#15006),
 .UNSPECIFIED.,.F.,.F.,(4,4),(0.,0.00597392392775136),.UNSPECIFIED.);
#238=B_SPLINE_CURVE_WITH_KNOTS('',3,(#15018,#15019,#15020,#15021),
 .UNSPECIFIED.,.F.,.F.,(4,4),(0.,0.00597392466901389),.UNSPECIFIED.);
#239=B_SPLINE_CURVE_WITH_KNOTS('',3,(#15025,#15026,#15027,#15028),
 .UNSPECIFIED.,.F.,.F.,(4,4),(0.,0.00597392392775119),.UNSPECIFIED.);
#240=B_SPLINE_CURVE_WITH_KNOTS('',3,(#15034,#15035,#15036,#15037),
 .UNSPECIFIED.,.F.,.F.,(4,4),(0.,0.00597392466901406),.UNSPECIFIED.);
#241=B_SPLINE_CURVE_WITH_KNOTS('',3,(#15042,#15043,#15044,#15045),
 .UNSPECIFIED.,.F.,.F.,(4,4),(0.,0.00597392392775118),.UNSPECIFIED.);
#242=B_SPLINE_CURVE_WITH_KNOTS('',3,(#15058,#15059,#15060,#15061),
 .UNSPECIFIED.,.F.,.F.,(4,4),(0.,0.00597392466901389),.UNSPECIFIED.);
#243=B_SPLINE_CURVE_WITH_KNOTS('',3,(#15065,#15066,#15067,#15068),
 .UNSPECIFIED.,.F.,.F.,(4,4),(0.,0.00597392392775137),.UNSPECIFIED.);
#244=B_SPLINE_CURVE_WITH_KNOTS('',3,(#15080,#15081,#15082,#15083),
 .UNSPECIFIED.,.F.,.F.,(4,4),(0.,0.00597392466901389),.UNSPECIFIED.);
#245=B_SPLINE_CURVE_WITH_KNOTS('',3,(#15087,#15088,#15089,#15090),
 .UNSPECIFIED.,.F.,.F.,(4,4),(0.,0.00597392392775119),.UNSPECIFIED.);
#246=B_SPLINE_CURVE_WITH_KNOTS('',3,(#15096,#15097,#15098,#15099),
 .UNSPECIFIED.,.F.,.F.,(4,4),(0.,0.00597392466901406),.UNSPECIFIED.);
#247=B_SPLINE_CURVE_WITH_KNOTS('',3,(#15104,#15105,#15106,#15107),
 .UNSPECIFIED.,.F.,.F.,(4,4),(0.,0.0059739239277511),.UNSPECIFIED.);
#248=B_SPLINE_CURVE_WITH_KNOTS('',3,(#15120,#15121,#15122,#15123),
 .UNSPECIFIED.,.F.,.F.,(4,4),(0.,0.00597392466901388),.UNSPECIFIED.);
#249=B_SPLINE_CURVE_WITH_KNOTS('',3,(#15127,#15128,#15129,#15130),
 .UNSPECIFIED.,.F.,.F.,(4,4),(0.,0.00597392392775135),.UNSPECIFIED.);
#250=B_SPLINE_CURVE_WITH_KNOTS('',3,(#15144,#15145,#15146,#15147),
 .UNSPECIFIED.,.F.,.F.,(4,4),(0.,0.00597392466901389),.UNSPECIFIED.);
#251=B_SPLINE_CURVE_WITH_KNOTS('',3,(#15151,#15152,#15153,#15154),
 .UNSPECIFIED.,.F.,.F.,(4,4),(0.,0.00597392392775119),.UNSPECIFIED.);
#252=B_SPLINE_CURVE_WITH_KNOTS('',3,(#15357,#15358,#15359,#15360),
 .UNSPECIFIED.,.F.,.F.,(4,4),(0.,0.00597392466901392),.UNSPECIFIED.);
#253=B_SPLINE_CURVE_WITH_KNOTS('',3,(#15364,#15365,#15366,#15367),
 .UNSPECIFIED.,.F.,.F.,(4,4),(0.,0.00597392392775131),.UNSPECIFIED.);
#254=B_SPLINE_CURVE_WITH_KNOTS('',3,(#15390,#15391,#15392,#15393),
 .UNSPECIFIED.,.F.,.F.,(4,4),(0.,0.00597392466901388),.UNSPECIFIED.);
#255=B_SPLINE_CURVE_WITH_KNOTS('',3,(#15397,#15398,#15399,#15400),
 .UNSPECIFIED.,.F.,.F.,(4,4),(0.,0.00597392392775131),.UNSPECIFIED.);
#256=B_SPLINE_CURVE_WITH_KNOTS('',3,(#15406,#15407,#15408,#15409),
 .UNSPECIFIED.,.F.,.F.,(4,4),(0.,0.00597392466901397),.UNSPECIFIED.);
#257=B_SPLINE_CURVE_WITH_KNOTS('',3,(#15414,#15415,#15416,#15417),
 .UNSPECIFIED.,.F.,.F.,(4,4),(0.,0.00597392392775127),.UNSPECIFIED.);
#258=B_SPLINE_CURVE_WITH_KNOTS('',3,(#15444,#15445,#15446,#15447),
 .UNSPECIFIED.,.F.,.F.,(4,4),(0.,0.00597392466901405),.UNSPECIFIED.);
#259=B_SPLINE_CURVE_WITH_KNOTS('',3,(#15452,#15453,#15454,#15455),
 .UNSPECIFIED.,.F.,.F.,(4,4),(0.,0.00597392392775118),.UNSPECIFIED.);
#260=B_SPLINE_CURVE_WITH_KNOTS('',3,(#15459,#15460,#15461,#15462),
 .UNSPECIFIED.,.F.,.F.,(4,4),(0.,0.00597392466901405),.UNSPECIFIED.);
#261=B_SPLINE_CURVE_WITH_KNOTS('',3,(#15467,#15468,#15469,#15470),
 .UNSPECIFIED.,.F.,.F.,(4,4),(0.,0.00597392392775118),.UNSPECIFIED.);
#262=B_SPLINE_CURVE_WITH_KNOTS('',3,(#15474,#15475,#15476,#15477),
 .UNSPECIFIED.,.F.,.F.,(4,4),(0.,0.00597392466901405),.UNSPECIFIED.);
#263=B_SPLINE_CURVE_WITH_KNOTS('',3,(#15482,#15483,#15484,#15485),
 .UNSPECIFIED.,.F.,.F.,(4,4),(4.04603565571184E-17,0.00597392392775114),
 .UNSPECIFIED.);
#264=B_SPLINE_CURVE_WITH_KNOTS('',3,(#15489,#15490,#15491,#15492),
 .UNSPECIFIED.,.F.,.F.,(4,4),(0.,0.00597392466901405),.UNSPECIFIED.);
#265=B_SPLINE_CURVE_WITH_KNOTS('',3,(#15497,#15498,#15499,#15500),
 .UNSPECIFIED.,.F.,.F.,(4,4),(0.,0.00597392392775118),.UNSPECIFIED.);
#266=B_SPLINE_CURVE_WITH_KNOTS('',3,(#15554,#15555,#15556,#15557),
 .UNSPECIFIED.,.F.,.F.,(4,4),(0.,0.00597392466901401),.UNSPECIFIED.);
#267=B_SPLINE_CURVE_WITH_KNOTS('',3,(#15562,#15563,#15564,#15565),
 .UNSPECIFIED.,.F.,.F.,(4,4),(0.,0.00597392392775118),.UNSPECIFIED.);
#268=B_SPLINE_CURVE_WITH_KNOTS('',3,(#15569,#15570,#15571,#15572),
 .UNSPECIFIED.,.F.,.F.,(4,4),(0.,0.0059739246690141),.UNSPECIFIED.);
#269=B_SPLINE_CURVE_WITH_KNOTS('',3,(#15577,#15578,#15579,#15580),
 .UNSPECIFIED.,.F.,.F.,(4,4),(0.,0.00597392392775118),.UNSPECIFIED.);
#270=CYLINDRICAL_SURFACE('',#9420,0.005);
#271=CYLINDRICAL_SURFACE('',#9433,0.005);
#272=CYLINDRICAL_SURFACE('',#9460,0.002);
#273=CYLINDRICAL_SURFACE('',#9462,0.002);
#274=CYLINDRICAL_SURFACE('',#9464,0.002);
#275=CYLINDRICAL_SURFACE('',#9466,0.002);
#276=CYLINDRICAL_SURFACE('',#9468,0.002);
#277=CYLINDRICAL_SURFACE('',#9470,0.002);
#278=CYLINDRICAL_SURFACE('',#9472,0.002);
#279=CYLINDRICAL_SURFACE('',#9474,0.002);
#280=CYLINDRICAL_SURFACE('',#9476,0.002);
#281=CYLINDRICAL_SURFACE('',#9478,0.002);
#282=CYLINDRICAL_SURFACE('',#9617,0.002);
#283=CYLINDRICAL_SURFACE('',#9624,0.002);
#284=CYLINDRICAL_SURFACE('',#9631,0.002);
#285=CYLINDRICAL_SURFACE('',#9638,0.002);
#286=CYLINDRICAL_SURFACE('',#9645,0.002);
#287=CYLINDRICAL_SURFACE('',#9652,0.002);
#288=CYLINDRICAL_SURFACE('',#9659,0.002);
#289=CYLINDRICAL_SURFACE('',#9666,0.002);
#290=CYLINDRICAL_SURFACE('',#9673,0.002);
#291=CYLINDRICAL_SURFACE('',#9680,0.002);
#292=CYLINDRICAL_SURFACE('',#9682,0.002);
#293=CYLINDRICAL_SURFACE('',#9689,0.002);
#294=CYLINDRICAL_SURFACE('',#9696,0.002);
#295=CYLINDRICAL_SURFACE('',#9715,0.004);
#296=CYLINDRICAL_SURFACE('',#9720,0.004);
#297=CYLINDRICAL_SURFACE('',#9727,0.004);
#298=CYLINDRICAL_SURFACE('',#9733,0.004);
#299=CYLINDRICAL_SURFACE('',#9739,0.004);
#300=CYLINDRICAL_SURFACE('',#9745,0.004);
#301=CYLINDRICAL_SURFACE('',#9752,0.004);
#302=CYLINDRICAL_SURFACE('',#9764,0.004);
#303=CYLINDRICAL_SURFACE('',#9769,0.002);
#304=CYLINDRICAL_SURFACE('',#9771,0.004);
#305=CYLINDRICAL_SURFACE('',#9782,0.004);
#306=CYLINDRICAL_SURFACE('',#10034,0.004);
#307=CYLINDRICAL_SURFACE('',#10038,0.004);
#308=CYLINDRICAL_SURFACE('',#10043,0.004);
#309=CYLINDRICAL_SURFACE('',#10045,0.004);
#310=CYLINDRICAL_SURFACE('',#10055,0.004);
#311=CYLINDRICAL_SURFACE('',#10057,0.004);
#312=CYLINDRICAL_SURFACE('',#10059,0.004);
#313=CYLINDRICAL_SURFACE('',#10061,0.004);
#314=CYLINDRICAL_SURFACE('',#10063,0.004);
#315=CYLINDRICAL_SURFACE('',#10065,0.004);
#316=CYLINDRICAL_SURFACE('',#10067,0.004);
#317=CYLINDRICAL_SURFACE('',#10070,0.004);
#318=CYLINDRICAL_SURFACE('',#10073,0.004);
#319=CYLINDRICAL_SURFACE('',#10148,0.004);
#320=CYLINDRICAL_SURFACE('',#10200,0.00525);
#321=CYLINDRICAL_SURFACE('',#10216,0.0015);
#322=CYLINDRICAL_SURFACE('',#10217,0.0015);
#323=CIRCLE('',#9389,0.00525);
#324=CIRCLE('',#9390,0.005);
#325=CIRCLE('',#9391,0.005);
#326=CIRCLE('',#9392,0.0015);
#327=CIRCLE('',#9393,0.0015);
#328=CIRCLE('',#9394,0.002);
#329=CIRCLE('',#9395,0.002);
#330=CIRCLE('',#9396,0.002);
#331=CIRCLE('',#9398,0.0015);
#332=CIRCLE('',#9399,0.004);
#333=CIRCLE('',#9400,0.004);
#334=CIRCLE('',#9402,0.004);
#335=CIRCLE('',#9403,0.004);
#336=CIRCLE('',#9404,0.004);
#337=CIRCLE('',#9405,0.004);
#338=CIRCLE('',#9406,0.004);
#339=CIRCLE('',#9407,0.004);
#340=CIRCLE('',#9408,0.004);
#341=CIRCLE('',#9409,0.004);
#342=CIRCLE('',#9410,0.0015);
#343=CIRCLE('',#9415,0.004);
#344=CIRCLE('',#9416,0.004);
#345=CIRCLE('',#9421,0.005);
#346=CIRCLE('',#9426,0.004);
#347=CIRCLE('',#9429,0.009);
#348=CIRCLE('',#9430,0.009);
#349=CIRCLE('',#9434,0.005);
#350=CIRCLE('',#9439,0.004);
#351=CIRCLE('',#9442,0.009);
#352=CIRCLE('',#9443,0.009);
#353=CIRCLE('',#9445,0.002);
#354=CIRCLE('',#9447,0.002);
#355=CIRCLE('',#9449,0.002);
#356=CIRCLE('',#9451,0.002);
#357=CIRCLE('',#9453,0.002);
#358=CIRCLE('',#9455,0.002);
#359=CIRCLE('',#9457,0.002);
#360=CIRCLE('',#9459,0.002);
#361=CIRCLE('',#9461,0.002);
#362=CIRCLE('',#9463,0.002);
#363=CIRCLE('',#9465,0.002);
#364=CIRCLE('',#9467,0.002);
#365=CIRCLE('',#9469,0.002);
#366=CIRCLE('',#9471,0.002);
#367=CIRCLE('',#9473,0.002);
#368=CIRCLE('',#9475,0.002);
#369=CIRCLE('',#9477,0.002);
#370=CIRCLE('',#9479,0.002);
#371=CIRCLE('',#9481,0.002);
#372=CIRCLE('',#9483,0.002);
#373=CIRCLE('',#9485,0.002);
#374=CIRCLE('',#9487,0.002);
#375=CIRCLE('',#9489,0.002);
#376=CIRCLE('',#9491,0.002);
#377=CIRCLE('',#9493,0.002);
#378=CIRCLE('',#9495,0.002);
#379=CIRCLE('',#9497,0.002);
#380=CIRCLE('',#9499,0.002);
#381=CIRCLE('',#9501,0.002);
#382=CIRCLE('',#9503,0.002);
#383=CIRCLE('',#9505,0.009);
#384=CIRCLE('',#9506,0.009);
#385=CIRCLE('',#9508,0.009);
#386=CIRCLE('',#9509,0.009);
#387=CIRCLE('',#9511,0.009);
#388=CIRCLE('',#9512,0.009);
#389=CIRCLE('',#9514,0.009);
#390=CIRCLE('',#9515,0.009);
#391=CIRCLE('',#9517,0.009);
#392=CIRCLE('',#9518,0.009);
#393=CIRCLE('',#9520,0.004);
#394=CIRCLE('',#9522,0.004);
#395=CIRCLE('',#9524,0.004);
#396=CIRCLE('',#9526,0.004);
#397=CIRCLE('',#9528,0.004);
#398=CIRCLE('',#9530,0.004);
#399=CIRCLE('',#9532,0.004);
#400=CIRCLE('',#9534,0.004);
#401=CIRCLE('',#9535,0.009);
#402=CIRCLE('',#9537,0.009);
#403=CIRCLE('',#9539,0.004);
#404=CIRCLE('',#9541,0.004);
#405=CIRCLE('',#9542,0.009);
#406=CIRCLE('',#9544,0.009);
#407=CIRCLE('',#9546,0.004);
#408=CIRCLE('',#9548,0.004);
#409=CIRCLE('',#9550,0.004);
#410=CIRCLE('',#9552,0.004);
#411=CIRCLE('',#9553,0.009);
#412=CIRCLE('',#9555,0.009);
#413=CIRCLE('',#9557,0.004);
#414=CIRCLE('',#9559,0.004);
#415=CIRCLE('',#9561,0.004);
#416=CIRCLE('',#9563,0.004);
#417=CIRCLE('',#9564,0.009);
#418=CIRCLE('',#9566,0.009);
#419=CIRCLE('',#9568,0.004);
#420=CIRCLE('',#9570,0.004);
#421=CIRCLE('',#9572,0.004);
#422=CIRCLE('',#9573,0.009);
#423=CIRCLE('',#9575,0.009);
#424=CIRCLE('',#9577,0.004);
#425=CIRCLE('',#9579,0.009);
#426=CIRCLE('',#9580,0.009);
#427=CIRCLE('',#9582,0.004);
#428=CIRCLE('',#9584,0.004);
#429=CIRCLE('',#9586,0.004);
#430=CIRCLE('',#9588,0.004);
#431=CIRCLE('',#9590,0.009);
#432=CIRCLE('',#9591,0.009);
#433=CIRCLE('',#9593,0.004);
#434=CIRCLE('',#9595,0.004);
#435=CIRCLE('',#9597,0.004);
#436=CIRCLE('',#9599,0.002);
#437=CIRCLE('',#9601,0.004);
#438=CIRCLE('',#9603,0.004);
#439=CIRCLE('',#9605,0.004);
#440=CIRCLE('',#9607,0.004);
#441=CIRCLE('',#9608,0.009);
#442=CIRCLE('',#9610,0.009);
#443=CIRCLE('',#9612,0.004);
#444=CIRCLE('',#9614,0.004);
#445=CIRCLE('',#9616,0.004);
#446=CIRCLE('',#9618,0.002);
#447=CIRCLE('',#9620,0.009);
#448=CIRCLE('',#9621,0.009);
#449=CIRCLE('',#9623,0.004);
#450=CIRCLE('',#9625,0.002);
#451=CIRCLE('',#9627,0.009);
#452=CIRCLE('',#9628,0.009);
#453=CIRCLE('',#9630,0.004);
#454=CIRCLE('',#9632,0.002);
#455=CIRCLE('',#9634,0.009);
#456=CIRCLE('',#9635,0.009);
#457=CIRCLE('',#9637,0.004);
#458=CIRCLE('',#9639,0.002);
#459=CIRCLE('',#9641,0.009);
#460=CIRCLE('',#9642,0.009);
#461=CIRCLE('',#9644,0.004);
#462=CIRCLE('',#9646,0.002);
#463=CIRCLE('',#9648,0.009);
#464=CIRCLE('',#9649,0.009);
#465=CIRCLE('',#9651,0.004);
#466=CIRCLE('',#9653,0.002);
#467=CIRCLE('',#9655,0.009);
#468=CIRCLE('',#9656,0.009);
#469=CIRCLE('',#9658,0.004);
#470=CIRCLE('',#9660,0.002);
#471=CIRCLE('',#9662,0.009);
#472=CIRCLE('',#9663,0.009);
#473=CIRCLE('',#9665,0.004);
#474=CIRCLE('',#9667,0.002);
#475=CIRCLE('',#9669,0.009);
#476=CIRCLE('',#9670,0.009);
#477=CIRCLE('',#9672,0.004);
#478=CIRCLE('',#9674,0.002);
#479=CIRCLE('',#9676,0.009);
#480=CIRCLE('',#9677,0.009);
#481=CIRCLE('',#9679,0.004);
#482=CIRCLE('',#9681,0.002);
#483=CIRCLE('',#9683,0.002);
#484=CIRCLE('',#9685,0.009);
#485=CIRCLE('',#9686,0.009);
#486=CIRCLE('',#9688,0.004);
#487=CIRCLE('',#9690,0.002);
#488=CIRCLE('',#9692,0.009);
#489=CIRCLE('',#9693,0.009);
#490=CIRCLE('',#9695,0.004);
#491=CIRCLE('',#9697,0.002);
#492=CIRCLE('',#9716,0.004);
#493=CIRCLE('',#9717,0.004);
#494=CIRCLE('',#9718,0.004);
#495=CIRCLE('',#9719,0.004);
#496=CIRCLE('',#9721,0.004);
#497=CIRCLE('',#9722,0.004);
#498=CIRCLE('',#9723,0.004);
#499=CIRCLE('',#9724,0.004);
#500=CIRCLE('',#9728,0.004);
#501=CIRCLE('',#9729,0.004);
#502=CIRCLE('',#9730,0.004);
#503=CIRCLE('',#9731,0.004);
#504=CIRCLE('',#9734,0.004);
#505=CIRCLE('',#9735,0.004);
#506=CIRCLE('',#9736,0.004);
#507=CIRCLE('',#9737,0.004);
#508=CIRCLE('',#9740,0.004);
#509=CIRCLE('',#9741,0.004);
#510=CIRCLE('',#9742,0.004);
#511=CIRCLE('',#9743,0.004);
#512=CIRCLE('',#9746,0.004);
#513=CIRCLE('',#9747,0.004);
#514=CIRCLE('',#9748,0.004);
#515=CIRCLE('',#9749,0.004);
#516=CIRCLE('',#9753,0.004);
#517=CIRCLE('',#9754,0.004);
#518=CIRCLE('',#9755,0.004);
#519=CIRCLE('',#9756,0.004);
#520=CIRCLE('',#9758,0.004);
#521=CIRCLE('',#9759,0.009);
#522=CIRCLE('',#9762,0.004);
#523=CIRCLE('',#9763,0.009);
#524=CIRCLE('',#9765,0.004);
#525=CIRCLE('',#9766,0.004);
#526=CIRCLE('',#9767,0.004);
#527=CIRCLE('',#9768,0.004);
#528=CIRCLE('',#9770,0.002);
#529=CIRCLE('',#9772,0.004);
#530=CIRCLE('',#9773,0.004);
#531=CIRCLE('',#9774,0.004);
#532=CIRCLE('',#9775,0.004);
#533=CIRCLE('',#9778,0.009);
#534=CIRCLE('',#9779,0.009);
#535=CIRCLE('',#9781,0.004);
#536=CIRCLE('',#9783,0.004);
#537=CIRCLE('',#9784,0.004);
#538=CIRCLE('',#9785,0.004);
#539=CIRCLE('',#9786,0.004);
#540=CIRCLE('',#9788,0.009);
#541=CIRCLE('',#9789,0.009);
#542=CIRCLE('',#9791,0.004);
#543=CIRCLE('',#9793,0.004);
#544=CIRCLE('',#9796,0.004);
#545=CIRCLE('',#9799,0.004);
#546=CIRCLE('',#9800,0.009);
#547=CIRCLE('',#9802,0.009);
#548=CIRCLE('',#9804,0.004);
#549=CIRCLE('',#9806,0.004);
#550=CIRCLE('',#9810,0.004);
#551=CIRCLE('',#9813,0.004);
#552=CIRCLE('',#9815,0.004);
#553=CIRCLE('',#9817,0.004);
#554=CIRCLE('',#9820,0.004);
#555=CIRCLE('',#9824,0.004);
#556=CIRCLE('',#9826,0.004);
#557=CIRCLE('',#9828,0.004);
#558=CIRCLE('',#9832,0.004);
#559=CIRCLE('',#9835,0.004);
#560=CIRCLE('',#9836,0.009);
#561=CIRCLE('',#9838,0.009);
#562=CIRCLE('',#9840,0.004);
#563=CIRCLE('',#9842,0.004);
#564=CIRCLE('',#9843,0.009);
#565=CIRCLE('',#9846,0.004);
#566=CIRCLE('',#9849,0.004);
#567=CIRCLE('',#9850,0.009);
#568=CIRCLE('',#9852,0.009);
#569=CIRCLE('',#9854,0.004);
#570=CIRCLE('',#9856,0.004);
#571=CIRCLE('',#9860,0.004);
#572=CIRCLE('',#9863,0.004);
#573=CIRCLE('',#9864,0.009);
#574=CIRCLE('',#9866,0.009);
#575=CIRCLE('',#9868,0.004);
#576=CIRCLE('',#9870,0.004);
#577=CIRCLE('',#9874,0.004);
#578=CIRCLE('',#9877,0.004);
#579=CIRCLE('',#9878,0.009);
#580=CIRCLE('',#9880,0.009);
#581=CIRCLE('',#9882,0.004);
#582=CIRCLE('',#9884,0.004);
#583=CIRCLE('',#9888,0.004);
#584=CIRCLE('',#9891,0.004);
#585=CIRCLE('',#9892,0.009);
#586=CIRCLE('',#9894,0.009);
#587=CIRCLE('',#9896,0.004);
#588=CIRCLE('',#9898,0.004);
#589=CIRCLE('',#9902,0.004);
#590=CIRCLE('',#9905,0.004);
#591=CIRCLE('',#9906,0.009);
#592=CIRCLE('',#9908,0.009);
#593=CIRCLE('',#9910,0.004);
#594=CIRCLE('',#9912,0.004);
#595=CIRCLE('',#9915,0.004);
#596=CIRCLE('',#9916,0.009);
#597=CIRCLE('',#9918,0.009);
#598=CIRCLE('',#9920,0.004);
#599=CIRCLE('',#9922,0.004);
#600=CIRCLE('',#9926,0.004);
#601=CIRCLE('',#9929,0.004);
#602=CIRCLE('',#9930,0.009);
#603=CIRCLE('',#9932,0.009);
#604=CIRCLE('',#9934,0.004);
#605=CIRCLE('',#9936,0.004);
#606=CIRCLE('',#9940,0.004);
#607=CIRCLE('',#9943,0.004);
#608=CIRCLE('',#9944,0.009);
#609=CIRCLE('',#9946,0.009);
#610=CIRCLE('',#9948,0.004);
#611=CIRCLE('',#9950,0.004);
#612=CIRCLE('',#9954,0.004);
#613=CIRCLE('',#9957,0.004);
#614=CIRCLE('',#9958,0.004);
#615=CIRCLE('',#9960,0.004);
#616=CIRCLE('',#9961,0.004);
#617=CIRCLE('',#9963,0.004);
#618=CIRCLE('',#9964,0.004);
#619=CIRCLE('',#9965,0.004);
#620=CIRCLE('',#9967,0.004);
#621=CIRCLE('',#9968,0.004);
#622=CIRCLE('',#9969,0.004);
#623=CIRCLE('',#9973,0.004);
#624=CIRCLE('',#9974,0.004);
#625=CIRCLE('',#9976,0.004);
#626=CIRCLE('',#9977,0.004);
#627=CIRCLE('',#9979,0.004);
#628=CIRCLE('',#9980,0.004);
#629=CIRCLE('',#9982,0.004);
#630=CIRCLE('',#9983,0.004);
#631=CIRCLE('',#9985,0.004);
#632=CIRCLE('',#9986,0.004);
#633=CIRCLE('',#9989,0.004);
#634=CIRCLE('',#9990,0.004);
#635=CIRCLE('',#9999,0.004);
#636=CIRCLE('',#10003,0.004);
#637=CIRCLE('',#10005,0.004);
#638=CIRCLE('',#10008,0.004);
#639=CIRCLE('',#10009,0.004);
#640=CIRCLE('',#10012,0.004);
#641=CIRCLE('',#10015,0.004);
#642=CIRCLE('',#10016,0.009);
#643=CIRCLE('',#10019,0.004);
#644=CIRCLE('',#10022,0.004);
#645=CIRCLE('',#10023,0.009);
#646=CIRCLE('',#10025,0.004);
#647=CIRCLE('',#10026,0.009);
#648=CIRCLE('',#10028,0.004);
#649=CIRCLE('',#10029,0.009);
#650=CIRCLE('',#10031,0.004);
#651=CIRCLE('',#10032,0.009);
#652=CIRCLE('',#10035,0.004);
#653=CIRCLE('',#10036,0.004);
#654=CIRCLE('',#10039,0.004);
#655=CIRCLE('',#10040,0.004);
#656=CIRCLE('',#10044,0.004);
#657=CIRCLE('',#10046,0.004);
#658=CIRCLE('',#10049,0.004);
#659=CIRCLE('',#10050,0.009);
#660=CIRCLE('',#10052,0.004);
#661=CIRCLE('',#10053,0.009);
#662=CIRCLE('',#10068,0.004);
#663=CIRCLE('',#10071,0.004);
#664=CIRCLE('',#10074,0.004);
#665=CIRCLE('',#10149,0.004);
#666=CIRCLE('',#10150,0.004);
#667=CIRCLE('',#10201,0.00525);
#668=ORIENTED_EDGE('',*,*,#3362,.F.);
#669=ORIENTED_EDGE('',*,*,#3363,.T.);
#670=ORIENTED_EDGE('',*,*,#3364,.T.);
#671=ORIENTED_EDGE('',*,*,#3365,.T.);
#672=ORIENTED_EDGE('',*,*,#3366,.T.);
#673=ORIENTED_EDGE('',*,*,#3367,.T.);
#674=ORIENTED_EDGE('',*,*,#3368,.T.);
#675=ORIENTED_EDGE('',*,*,#3369,.F.);
#676=ORIENTED_EDGE('',*,*,#3370,.F.);
#677=ORIENTED_EDGE('',*,*,#3371,.F.);
#678=ORIENTED_EDGE('',*,*,#3372,.F.);
#679=ORIENTED_EDGE('',*,*,#3373,.F.);
#680=ORIENTED_EDGE('',*,*,#3374,.F.);
#681=ORIENTED_EDGE('',*,*,#3375,.T.);
#682=ORIENTED_EDGE('',*,*,#3376,.T.);
#683=ORIENTED_EDGE('',*,*,#3377,.F.);
#684=ORIENTED_EDGE('',*,*,#3378,.F.);
#685=ORIENTED_EDGE('',*,*,#3379,.T.);
#686=ORIENTED_EDGE('',*,*,#3380,.T.);
#687=ORIENTED_EDGE('',*,*,#3381,.F.);
#688=ORIENTED_EDGE('',*,*,#3382,.T.);
#689=ORIENTED_EDGE('',*,*,#3383,.T.);
#690=ORIENTED_EDGE('',*,*,#3384,.F.);
#691=ORIENTED_EDGE('',*,*,#3385,.F.);
#692=ORIENTED_EDGE('',*,*,#3386,.F.);
#693=ORIENTED_EDGE('',*,*,#3387,.T.);
#694=ORIENTED_EDGE('',*,*,#3388,.T.);
#695=ORIENTED_EDGE('',*,*,#3389,.F.);
#696=ORIENTED_EDGE('',*,*,#3390,.F.);
#697=ORIENTED_EDGE('',*,*,#3391,.T.);
#698=ORIENTED_EDGE('',*,*,#3392,.T.);
#699=ORIENTED_EDGE('',*,*,#3393,.F.);
#700=ORIENTED_EDGE('',*,*,#3394,.T.);
#701=ORIENTED_EDGE('',*,*,#3395,.T.);
#702=ORIENTED_EDGE('',*,*,#3396,.T.);
#703=ORIENTED_EDGE('',*,*,#3397,.F.);
#704=ORIENTED_EDGE('',*,*,#3398,.T.);
#705=ORIENTED_EDGE('',*,*,#3399,.T.);
#706=ORIENTED_EDGE('',*,*,#3400,.T.);
#707=ORIENTED_EDGE('',*,*,#3401,.F.);
#708=ORIENTED_EDGE('',*,*,#3402,.F.);
#709=ORIENTED_EDGE('',*,*,#3403,.T.);
#710=ORIENTED_EDGE('',*,*,#3404,.T.);
#711=ORIENTED_EDGE('',*,*,#3405,.F.);
#712=ORIENTED_EDGE('',*,*,#3406,.T.);
#713=ORIENTED_EDGE('',*,*,#3407,.T.);
#714=ORIENTED_EDGE('',*,*,#3408,.T.);
#715=ORIENTED_EDGE('',*,*,#3409,.F.);
#716=ORIENTED_EDGE('',*,*,#3410,.T.);
#717=ORIENTED_EDGE('',*,*,#3411,.T.);
#718=ORIENTED_EDGE('',*,*,#3412,.T.);
#719=ORIENTED_EDGE('',*,*,#3413,.F.);
#720=ORIENTED_EDGE('',*,*,#3414,.T.);
#721=ORIENTED_EDGE('',*,*,#3415,.T.);
#722=ORIENTED_EDGE('',*,*,#3416,.T.);
#723=ORIENTED_EDGE('',*,*,#3417,.F.);
#724=ORIENTED_EDGE('',*,*,#3418,.F.);
#725=ORIENTED_EDGE('',*,*,#3419,.T.);
#726=ORIENTED_EDGE('',*,*,#3420,.T.);
#727=ORIENTED_EDGE('',*,*,#3421,.F.);
#728=ORIENTED_EDGE('',*,*,#3422,.T.);
#729=ORIENTED_EDGE('',*,*,#3423,.F.);
#730=ORIENTED_EDGE('',*,*,#3424,.T.);
#731=ORIENTED_EDGE('',*,*,#3425,.F.);
#732=ORIENTED_EDGE('',*,*,#3426,.F.);
#733=ORIENTED_EDGE('',*,*,#3427,.T.);
#734=ORIENTED_EDGE('',*,*,#3428,.T.);
#735=ORIENTED_EDGE('',*,*,#3429,.F.);
#736=ORIENTED_EDGE('',*,*,#3430,.F.);
#737=ORIENTED_EDGE('',*,*,#3431,.T.);
#738=ORIENTED_EDGE('',*,*,#3432,.T.);
#739=ORIENTED_EDGE('',*,*,#3433,.F.);
#740=ORIENTED_EDGE('',*,*,#3434,.F.);
#741=ORIENTED_EDGE('',*,*,#3435,.T.);
#742=ORIENTED_EDGE('',*,*,#3436,.T.);
#743=ORIENTED_EDGE('',*,*,#3437,.F.);
#744=ORIENTED_EDGE('',*,*,#3438,.F.);
#745=ORIENTED_EDGE('',*,*,#3439,.T.);
#746=ORIENTED_EDGE('',*,*,#3440,.T.);
#747=ORIENTED_EDGE('',*,*,#3441,.F.);
#748=ORIENTED_EDGE('',*,*,#3442,.F.);
#749=ORIENTED_EDGE('',*,*,#3443,.T.);
#750=ORIENTED_EDGE('',*,*,#3444,.T.);
#751=ORIENTED_EDGE('',*,*,#3445,.F.);
#752=ORIENTED_EDGE('',*,*,#3446,.F.);
#753=ORIENTED_EDGE('',*,*,#3447,.T.);
#754=ORIENTED_EDGE('',*,*,#3448,.T.);
#755=ORIENTED_EDGE('',*,*,#3449,.F.);
#756=ORIENTED_EDGE('',*,*,#3450,.F.);
#757=ORIENTED_EDGE('',*,*,#3451,.T.);
#758=ORIENTED_EDGE('',*,*,#3452,.T.);
#759=ORIENTED_EDGE('',*,*,#3453,.F.);
#760=ORIENTED_EDGE('',*,*,#3454,.F.);
#761=ORIENTED_EDGE('',*,*,#3455,.T.);
#762=ORIENTED_EDGE('',*,*,#3456,.T.);
#763=ORIENTED_EDGE('',*,*,#3457,.F.);
#764=ORIENTED_EDGE('',*,*,#3458,.F.);
#765=ORIENTED_EDGE('',*,*,#3459,.T.);
#766=ORIENTED_EDGE('',*,*,#3460,.T.);
#767=ORIENTED_EDGE('',*,*,#3461,.F.);
#768=ORIENTED_EDGE('',*,*,#3462,.F.);
#769=ORIENTED_EDGE('',*,*,#3463,.T.);
#770=ORIENTED_EDGE('',*,*,#3464,.T.);
#771=ORIENTED_EDGE('',*,*,#3465,.F.);
#772=ORIENTED_EDGE('',*,*,#3466,.F.);
#773=ORIENTED_EDGE('',*,*,#3467,.T.);
#774=ORIENTED_EDGE('',*,*,#3468,.T.);
#775=ORIENTED_EDGE('',*,*,#3469,.F.);
#776=ORIENTED_EDGE('',*,*,#3470,.F.);
#777=ORIENTED_EDGE('',*,*,#3471,.T.);
#778=ORIENTED_EDGE('',*,*,#3472,.T.);
#779=ORIENTED_EDGE('',*,*,#3473,.F.);
#780=ORIENTED_EDGE('',*,*,#3474,.F.);
#781=ORIENTED_EDGE('',*,*,#3475,.T.);
#782=ORIENTED_EDGE('',*,*,#3476,.T.);
#783=ORIENTED_EDGE('',*,*,#3477,.F.);
#784=ORIENTED_EDGE('',*,*,#3478,.F.);
#785=ORIENTED_EDGE('',*,*,#3479,.T.);
#786=ORIENTED_EDGE('',*,*,#3480,.T.);
#787=ORIENTED_EDGE('',*,*,#3481,.F.);
#788=ORIENTED_EDGE('',*,*,#3482,.F.);
#789=ORIENTED_EDGE('',*,*,#3483,.T.);
#790=ORIENTED_EDGE('',*,*,#3484,.T.);
#791=ORIENTED_EDGE('',*,*,#3485,.F.);
#792=ORIENTED_EDGE('',*,*,#3486,.F.);
#793=ORIENTED_EDGE('',*,*,#3487,.T.);
#794=ORIENTED_EDGE('',*,*,#3488,.T.);
#795=ORIENTED_EDGE('',*,*,#3489,.T.);
#796=ORIENTED_EDGE('',*,*,#3490,.F.);
#797=ORIENTED_EDGE('',*,*,#3491,.T.);
#798=ORIENTED_EDGE('',*,*,#3492,.T.);
#799=ORIENTED_EDGE('',*,*,#3493,.F.);
#800=ORIENTED_EDGE('',*,*,#3494,.F.);
#801=ORIENTED_EDGE('',*,*,#3495,.F.);
#802=ORIENTED_EDGE('',*,*,#3496,.F.);
#803=ORIENTED_EDGE('',*,*,#3497,.T.);
#804=ORIENTED_EDGE('',*,*,#3498,.F.);
#805=ORIENTED_EDGE('',*,*,#3499,.F.);
#806=ORIENTED_EDGE('',*,*,#3500,.T.);
#807=ORIENTED_EDGE('',*,*,#3501,.F.);
#808=ORIENTED_EDGE('',*,*,#3502,.T.);
#809=ORIENTED_EDGE('',*,*,#3503,.F.);
#810=ORIENTED_EDGE('',*,*,#3504,.T.);
#811=ORIENTED_EDGE('',*,*,#3505,.F.);
#812=ORIENTED_EDGE('',*,*,#3506,.F.);
#813=ORIENTED_EDGE('',*,*,#3507,.T.);
#814=ORIENTED_EDGE('',*,*,#3508,.T.);
#815=ORIENTED_EDGE('',*,*,#3509,.F.);
#816=ORIENTED_EDGE('',*,*,#3510,.T.);
#817=ORIENTED_EDGE('',*,*,#3511,.F.);
#818=ORIENTED_EDGE('',*,*,#3512,.F.);
#819=ORIENTED_EDGE('',*,*,#3513,.F.);
#820=ORIENTED_EDGE('',*,*,#3514,.F.);
#821=ORIENTED_EDGE('',*,*,#3515,.F.);
#822=ORIENTED_EDGE('',*,*,#3516,.F.);
#823=ORIENTED_EDGE('',*,*,#3517,.F.);
#824=ORIENTED_EDGE('',*,*,#3518,.F.);
#825=ORIENTED_EDGE('',*,*,#3519,.F.);
#826=ORIENTED_EDGE('',*,*,#3520,.F.);
#827=ORIENTED_EDGE('',*,*,#3521,.F.);
#828=ORIENTED_EDGE('',*,*,#3522,.F.);
#829=ORIENTED_EDGE('',*,*,#3523,.F.);
#830=ORIENTED_EDGE('',*,*,#3524,.F.);
#831=ORIENTED_EDGE('',*,*,#3525,.T.);
#832=ORIENTED_EDGE('',*,*,#3526,.T.);
#833=ORIENTED_EDGE('',*,*,#3527,.T.);
#834=ORIENTED_EDGE('',*,*,#3528,.T.);
#835=ORIENTED_EDGE('',*,*,#3529,.T.);
#836=ORIENTED_EDGE('',*,*,#3530,.T.);
#837=ORIENTED_EDGE('',*,*,#3531,.F.);
#838=ORIENTED_EDGE('',*,*,#3532,.F.);
#839=ORIENTED_EDGE('',*,*,#3533,.F.);
#840=ORIENTED_EDGE('',*,*,#3534,.T.);
#841=ORIENTED_EDGE('',*,*,#3535,.F.);
#842=ORIENTED_EDGE('',*,*,#3536,.F.);
#843=ORIENTED_EDGE('',*,*,#3537,.T.);
#844=ORIENTED_EDGE('',*,*,#3538,.F.);
#845=ORIENTED_EDGE('',*,*,#3539,.F.);
#846=ORIENTED_EDGE('',*,*,#3540,.F.);
#847=ORIENTED_EDGE('',*,*,#3541,.F.);
#848=ORIENTED_EDGE('',*,*,#3542,.F.);
#849=ORIENTED_EDGE('',*,*,#3543,.T.);
#850=ORIENTED_EDGE('',*,*,#3544,.T.);
#851=ORIENTED_EDGE('',*,*,#3545,.F.);
#852=ORIENTED_EDGE('',*,*,#3546,.F.);
#853=ORIENTED_EDGE('',*,*,#3423,.T.);
#854=ORIENTED_EDGE('',*,*,#3547,.T.);
#855=ORIENTED_EDGE('',*,*,#3500,.F.);
#856=ORIENTED_EDGE('',*,*,#3548,.F.);
#857=ORIENTED_EDGE('',*,*,#3370,.T.);
#858=ORIENTED_EDGE('',*,*,#3549,.F.);
#859=ORIENTED_EDGE('',*,*,#3529,.F.);
#860=ORIENTED_EDGE('',*,*,#3550,.F.);
#861=ORIENTED_EDGE('',*,*,#3525,.F.);
#862=ORIENTED_EDGE('',*,*,#3551,.T.);
#863=ORIENTED_EDGE('',*,*,#3374,.T.);
#864=ORIENTED_EDGE('',*,*,#3552,.F.);
#865=ORIENTED_EDGE('',*,*,#3553,.F.);
#866=ORIENTED_EDGE('',*,*,#3554,.T.);
#867=ORIENTED_EDGE('',*,*,#3555,.F.);
#868=ORIENTED_EDGE('',*,*,#3556,.F.);
#869=ORIENTED_EDGE('',*,*,#3379,.F.);
#870=ORIENTED_EDGE('',*,*,#3557,.T.);
#871=ORIENTED_EDGE('',*,*,#3558,.T.);
#872=ORIENTED_EDGE('',*,*,#3559,.F.);
#873=ORIENTED_EDGE('',*,*,#3560,.T.);
#874=ORIENTED_EDGE('',*,*,#3561,.T.);
#875=ORIENTED_EDGE('',*,*,#3562,.T.);
#876=ORIENTED_EDGE('',*,*,#3563,.T.);
#877=ORIENTED_EDGE('',*,*,#3564,.T.);
#878=ORIENTED_EDGE('',*,*,#3565,.T.);
#879=ORIENTED_EDGE('',*,*,#3566,.F.);
#880=ORIENTED_EDGE('',*,*,#3567,.T.);
#881=ORIENTED_EDGE('',*,*,#3417,.T.);
#882=ORIENTED_EDGE('',*,*,#3568,.F.);
#883=ORIENTED_EDGE('',*,*,#3569,.T.);
#884=ORIENTED_EDGE('',*,*,#3570,.F.);
#885=ORIENTED_EDGE('',*,*,#3571,.F.);
#886=ORIENTED_EDGE('',*,*,#3572,.F.);
#887=ORIENTED_EDGE('',*,*,#3573,.T.);
#888=ORIENTED_EDGE('',*,*,#3419,.F.);
#889=ORIENTED_EDGE('',*,*,#3574,.F.);
#890=ORIENTED_EDGE('',*,*,#3575,.T.);
#891=ORIENTED_EDGE('',*,*,#3576,.T.);
#892=ORIENTED_EDGE('',*,*,#3418,.T.);
#893=ORIENTED_EDGE('',*,*,#3567,.F.);
#894=ORIENTED_EDGE('',*,*,#3577,.F.);
#895=ORIENTED_EDGE('',*,*,#3574,.T.);
#896=ORIENTED_EDGE('',*,*,#3566,.T.);
#897=ORIENTED_EDGE('',*,*,#3578,.T.);
#898=ORIENTED_EDGE('',*,*,#3575,.F.);
#899=ORIENTED_EDGE('',*,*,#3577,.T.);
#900=ORIENTED_EDGE('',*,*,#3579,.F.);
#901=ORIENTED_EDGE('',*,*,#3576,.F.);
#902=ORIENTED_EDGE('',*,*,#3578,.F.);
#903=ORIENTED_EDGE('',*,*,#3565,.F.);
#904=ORIENTED_EDGE('',*,*,#3563,.F.);
#905=ORIENTED_EDGE('',*,*,#3580,.F.);
#906=ORIENTED_EDGE('',*,*,#3581,.T.);
#907=ORIENTED_EDGE('',*,*,#3582,.T.);
#908=ORIENTED_EDGE('',*,*,#3583,.T.);
#909=ORIENTED_EDGE('',*,*,#3569,.F.);
#910=ORIENTED_EDGE('',*,*,#3584,.F.);
#911=ORIENTED_EDGE('',*,*,#3585,.F.);
#912=ORIENTED_EDGE('',*,*,#3586,.F.);
#913=ORIENTED_EDGE('',*,*,#3587,.T.);
#914=ORIENTED_EDGE('',*,*,#3588,.F.);
#915=ORIENTED_EDGE('',*,*,#3580,.T.);
#916=ORIENTED_EDGE('',*,*,#3584,.T.);
#917=ORIENTED_EDGE('',*,*,#3568,.T.);
#918=ORIENTED_EDGE('',*,*,#3416,.F.);
#919=ORIENTED_EDGE('',*,*,#3589,.T.);
#920=ORIENTED_EDGE('',*,*,#3564,.F.);
#921=ORIENTED_EDGE('',*,*,#3583,.F.);
#922=ORIENTED_EDGE('',*,*,#3590,.T.);
#923=ORIENTED_EDGE('',*,*,#3591,.T.);
#924=ORIENTED_EDGE('',*,*,#3592,.T.);
#925=ORIENTED_EDGE('',*,*,#3593,.F.);
#926=ORIENTED_EDGE('',*,*,#3570,.T.);
#927=ORIENTED_EDGE('',*,*,#3579,.T.);
#928=ORIENTED_EDGE('',*,*,#3594,.T.);
#929=ORIENTED_EDGE('',*,*,#3595,.T.);
#930=ORIENTED_EDGE('',*,*,#3596,.T.);
#931=ORIENTED_EDGE('',*,*,#3597,.F.);
#932=ORIENTED_EDGE('',*,*,#3598,.T.);
#933=ORIENTED_EDGE('',*,*,#3401,.T.);
#934=ORIENTED_EDGE('',*,*,#3599,.F.);
#935=ORIENTED_EDGE('',*,*,#3600,.T.);
#936=ORIENTED_EDGE('',*,*,#3601,.F.);
#937=ORIENTED_EDGE('',*,*,#3602,.F.);
#938=ORIENTED_EDGE('',*,*,#3603,.F.);
#939=ORIENTED_EDGE('',*,*,#3604,.T.);
#940=ORIENTED_EDGE('',*,*,#3403,.F.);
#941=ORIENTED_EDGE('',*,*,#3605,.F.);
#942=ORIENTED_EDGE('',*,*,#3606,.T.);
#943=ORIENTED_EDGE('',*,*,#3607,.T.);
#944=ORIENTED_EDGE('',*,*,#3402,.T.);
#945=ORIENTED_EDGE('',*,*,#3598,.F.);
#946=ORIENTED_EDGE('',*,*,#3608,.F.);
#947=ORIENTED_EDGE('',*,*,#3605,.T.);
#948=ORIENTED_EDGE('',*,*,#3597,.T.);
#949=ORIENTED_EDGE('',*,*,#3609,.T.);
#950=ORIENTED_EDGE('',*,*,#3606,.F.);
#951=ORIENTED_EDGE('',*,*,#3608,.T.);
#952=ORIENTED_EDGE('',*,*,#3610,.F.);
#953=ORIENTED_EDGE('',*,*,#3607,.F.);
#954=ORIENTED_EDGE('',*,*,#3609,.F.);
#955=ORIENTED_EDGE('',*,*,#3596,.F.);
#956=ORIENTED_EDGE('',*,*,#3594,.F.);
#957=ORIENTED_EDGE('',*,*,#3611,.F.);
#958=ORIENTED_EDGE('',*,*,#3612,.T.);
#959=ORIENTED_EDGE('',*,*,#3613,.T.);
#960=ORIENTED_EDGE('',*,*,#3614,.T.);
#961=ORIENTED_EDGE('',*,*,#3600,.F.);
#962=ORIENTED_EDGE('',*,*,#3615,.F.);
#963=ORIENTED_EDGE('',*,*,#3616,.F.);
#964=ORIENTED_EDGE('',*,*,#3617,.F.);
#965=ORIENTED_EDGE('',*,*,#3618,.T.);
#966=ORIENTED_EDGE('',*,*,#3619,.F.);
#967=ORIENTED_EDGE('',*,*,#3611,.T.);
#968=ORIENTED_EDGE('',*,*,#3615,.T.);
#969=ORIENTED_EDGE('',*,*,#3599,.T.);
#970=ORIENTED_EDGE('',*,*,#3400,.F.);
#971=ORIENTED_EDGE('',*,*,#3620,.T.);
#972=ORIENTED_EDGE('',*,*,#3595,.F.);
#973=ORIENTED_EDGE('',*,*,#3614,.F.);
#974=ORIENTED_EDGE('',*,*,#3621,.T.);
#975=ORIENTED_EDGE('',*,*,#3622,.T.);
#976=ORIENTED_EDGE('',*,*,#3623,.T.);
#977=ORIENTED_EDGE('',*,*,#3624,.F.);
#978=ORIENTED_EDGE('',*,*,#3601,.T.);
#979=ORIENTED_EDGE('',*,*,#3610,.T.);
#980=ORIENTED_EDGE('',*,*,#3625,.T.);
#981=ORIENTED_EDGE('',*,*,#3626,.T.);
#982=ORIENTED_EDGE('',*,*,#3627,.T.);
#983=ORIENTED_EDGE('',*,*,#3628,.T.);
#984=ORIENTED_EDGE('',*,*,#3629,.T.);
#985=ORIENTED_EDGE('',*,*,#3630,.T.);
#986=ORIENTED_EDGE('',*,*,#3631,.T.);
#987=ORIENTED_EDGE('',*,*,#3632,.T.);
#988=ORIENTED_EDGE('',*,*,#3625,.F.);
#989=ORIENTED_EDGE('',*,*,#3633,.T.);
#990=ORIENTED_EDGE('',*,*,#3626,.F.);
#991=ORIENTED_EDGE('',*,*,#3634,.T.);
#992=ORIENTED_EDGE('',*,*,#3635,.T.);
#993=ORIENTED_EDGE('',*,*,#3489,.F.);
#994=ORIENTED_EDGE('',*,*,#3627,.F.);
#995=ORIENTED_EDGE('',*,*,#3636,.T.);
#996=ORIENTED_EDGE('',*,*,#3628,.F.);
#997=ORIENTED_EDGE('',*,*,#3637,.T.);
#998=ORIENTED_EDGE('',*,*,#3629,.F.);
#999=ORIENTED_EDGE('',*,*,#3638,.T.);
#1000=ORIENTED_EDGE('',*,*,#3639,.T.);
#1001=ORIENTED_EDGE('',*,*,#3487,.F.);
#1002=ORIENTED_EDGE('',*,*,#3630,.F.);
#1003=ORIENTED_EDGE('',*,*,#3640,.T.);
#1004=ORIENTED_EDGE('',*,*,#3631,.F.);
#1005=ORIENTED_EDGE('',*,*,#3641,.T.);
#1006=ORIENTED_EDGE('',*,*,#3632,.F.);
#1007=ORIENTED_EDGE('',*,*,#3642,.T.);
#1008=ORIENTED_EDGE('',*,*,#3643,.T.);
#1009=ORIENTED_EDGE('',*,*,#3644,.T.);
#1010=ORIENTED_EDGE('',*,*,#3645,.T.);
#1011=ORIENTED_EDGE('',*,*,#3646,.T.);
#1012=ORIENTED_EDGE('',*,*,#3647,.T.);
#1013=ORIENTED_EDGE('',*,*,#3648,.T.);
#1014=ORIENTED_EDGE('',*,*,#3649,.T.);
#1015=ORIENTED_EDGE('',*,*,#3650,.T.);
#1016=ORIENTED_EDGE('',*,*,#3651,.T.);
#1017=ORIENTED_EDGE('',*,*,#3652,.T.);
#1018=ORIENTED_EDGE('',*,*,#3653,.T.);
#1019=ORIENTED_EDGE('',*,*,#3654,.T.);
#1020=ORIENTED_EDGE('',*,*,#3655,.T.);
#1021=ORIENTED_EDGE('',*,*,#3656,.T.);
#1022=ORIENTED_EDGE('',*,*,#3657,.F.);
#1023=ORIENTED_EDGE('',*,*,#3658,.T.);
#1024=ORIENTED_EDGE('',*,*,#3659,.T.);
#1025=ORIENTED_EDGE('',*,*,#3660,.T.);
#1026=ORIENTED_EDGE('',*,*,#3661,.F.);
#1027=ORIENTED_EDGE('',*,*,#3662,.T.);
#1028=ORIENTED_EDGE('',*,*,#3663,.T.);
#1029=ORIENTED_EDGE('',*,*,#3664,.T.);
#1030=ORIENTED_EDGE('',*,*,#3665,.F.);
#1031=ORIENTED_EDGE('',*,*,#3666,.T.);
#1032=ORIENTED_EDGE('',*,*,#3667,.T.);
#1033=ORIENTED_EDGE('',*,*,#3668,.T.);
#1034=ORIENTED_EDGE('',*,*,#3669,.F.);
#1035=ORIENTED_EDGE('',*,*,#3670,.T.);
#1036=ORIENTED_EDGE('',*,*,#3671,.T.);
#1037=ORIENTED_EDGE('',*,*,#3672,.T.);
#1038=ORIENTED_EDGE('',*,*,#3673,.F.);
#1039=ORIENTED_EDGE('',*,*,#3674,.T.);
#1040=ORIENTED_EDGE('',*,*,#3633,.F.);
#1041=ORIENTED_EDGE('',*,*,#3675,.T.);
#1042=ORIENTED_EDGE('',*,*,#3676,.F.);
#1043=ORIENTED_EDGE('',*,*,#3677,.F.);
#1044=ORIENTED_EDGE('',*,*,#3678,.F.);
#1045=ORIENTED_EDGE('',*,*,#3666,.F.);
#1046=ORIENTED_EDGE('',*,*,#3679,.F.);
#1047=ORIENTED_EDGE('',*,*,#3680,.F.);
#1048=ORIENTED_EDGE('',*,*,#3681,.F.);
#1049=ORIENTED_EDGE('',*,*,#3672,.F.);
#1050=ORIENTED_EDGE('',*,*,#3682,.F.);
#1051=ORIENTED_EDGE('',*,*,#3683,.F.);
#1052=ORIENTED_EDGE('',*,*,#3684,.F.);
#1053=ORIENTED_EDGE('',*,*,#3660,.F.);
#1054=ORIENTED_EDGE('',*,*,#3634,.F.);
#1055=ORIENTED_EDGE('',*,*,#3685,.T.);
#1056=ORIENTED_EDGE('',*,*,#3686,.F.);
#1057=ORIENTED_EDGE('',*,*,#3687,.F.);
#1058=ORIENTED_EDGE('',*,*,#3688,.F.);
#1059=ORIENTED_EDGE('',*,*,#3670,.F.);
#1060=ORIENTED_EDGE('',*,*,#3689,.F.);
#1061=ORIENTED_EDGE('',*,*,#3690,.F.);
#1062=ORIENTED_EDGE('',*,*,#3691,.F.);
#1063=ORIENTED_EDGE('',*,*,#3662,.F.);
#1064=ORIENTED_EDGE('',*,*,#3692,.F.);
#1065=ORIENTED_EDGE('',*,*,#3693,.F.);
#1066=ORIENTED_EDGE('',*,*,#3694,.F.);
#1067=ORIENTED_EDGE('',*,*,#3695,.F.);
#1068=ORIENTED_EDGE('',*,*,#3696,.T.);
#1069=ORIENTED_EDGE('',*,*,#3695,.T.);
#1070=ORIENTED_EDGE('',*,*,#3697,.F.);
#1071=ORIENTED_EDGE('',*,*,#3698,.T.);
#1072=ORIENTED_EDGE('',*,*,#3635,.F.);
#1073=ORIENTED_EDGE('',*,*,#3699,.T.);
#1074=ORIENTED_EDGE('',*,*,#3700,.F.);
#1075=ORIENTED_EDGE('',*,*,#3701,.F.);
#1076=ORIENTED_EDGE('',*,*,#3702,.F.);
#1077=ORIENTED_EDGE('',*,*,#3703,.F.);
#1078=ORIENTED_EDGE('',*,*,#3704,.T.);
#1079=ORIENTED_EDGE('',*,*,#3703,.T.);
#1080=ORIENTED_EDGE('',*,*,#3705,.F.);
#1081=ORIENTED_EDGE('',*,*,#3706,.T.);
#1082=ORIENTED_EDGE('',*,*,#3636,.F.);
#1083=ORIENTED_EDGE('',*,*,#3707,.T.);
#1084=ORIENTED_EDGE('',*,*,#3708,.F.);
#1085=ORIENTED_EDGE('',*,*,#3709,.F.);
#1086=ORIENTED_EDGE('',*,*,#3710,.F.);
#1087=ORIENTED_EDGE('',*,*,#3706,.F.);
#1088=ORIENTED_EDGE('',*,*,#3711,.F.);
#1089=ORIENTED_EDGE('',*,*,#3712,.F.);
#1090=ORIENTED_EDGE('',*,*,#3713,.F.);
#1091=ORIENTED_EDGE('',*,*,#3664,.F.);
#1092=ORIENTED_EDGE('',*,*,#3714,.F.);
#1093=ORIENTED_EDGE('',*,*,#3715,.F.);
#1094=ORIENTED_EDGE('',*,*,#3716,.F.);
#1095=ORIENTED_EDGE('',*,*,#3717,.F.);
#1096=ORIENTED_EDGE('',*,*,#3718,.T.);
#1097=ORIENTED_EDGE('',*,*,#3717,.T.);
#1098=ORIENTED_EDGE('',*,*,#3719,.F.);
#1099=ORIENTED_EDGE('',*,*,#3720,.T.);
#1100=ORIENTED_EDGE('',*,*,#3637,.F.);
#1101=ORIENTED_EDGE('',*,*,#3721,.T.);
#1102=ORIENTED_EDGE('',*,*,#3722,.F.);
#1103=ORIENTED_EDGE('',*,*,#3723,.F.);
#1104=ORIENTED_EDGE('',*,*,#3724,.F.);
#1105=ORIENTED_EDGE('',*,*,#3720,.F.);
#1106=ORIENTED_EDGE('',*,*,#3725,.F.);
#1107=ORIENTED_EDGE('',*,*,#3726,.F.);
#1108=ORIENTED_EDGE('',*,*,#3727,.F.);
#1109=ORIENTED_EDGE('',*,*,#3668,.F.);
#1110=ORIENTED_EDGE('',*,*,#3728,.F.);
#1111=ORIENTED_EDGE('',*,*,#3729,.F.);
#1112=ORIENTED_EDGE('',*,*,#3730,.F.);
#1113=ORIENTED_EDGE('',*,*,#3731,.F.);
#1114=ORIENTED_EDGE('',*,*,#3732,.T.);
#1115=ORIENTED_EDGE('',*,*,#3733,.T.);
#1116=ORIENTED_EDGE('',*,*,#3734,.F.);
#1117=ORIENTED_EDGE('',*,*,#3731,.T.);
#1118=ORIENTED_EDGE('',*,*,#3638,.F.);
#1119=ORIENTED_EDGE('',*,*,#3735,.T.);
#1120=ORIENTED_EDGE('',*,*,#3736,.F.);
#1121=ORIENTED_EDGE('',*,*,#3737,.F.);
#1122=ORIENTED_EDGE('',*,*,#3738,.F.);
#1123=ORIENTED_EDGE('',*,*,#3733,.F.);
#1124=ORIENTED_EDGE('',*,*,#3739,.F.);
#1125=ORIENTED_EDGE('',*,*,#3740,.F.);
#1126=ORIENTED_EDGE('',*,*,#3741,.F.);
#1127=ORIENTED_EDGE('',*,*,#3742,.F.);
#1128=ORIENTED_EDGE('',*,*,#3743,.T.);
#1129=ORIENTED_EDGE('',*,*,#3744,.T.);
#1130=ORIENTED_EDGE('',*,*,#3745,.F.);
#1131=ORIENTED_EDGE('',*,*,#3742,.T.);
#1132=ORIENTED_EDGE('',*,*,#3746,.F.);
#1133=ORIENTED_EDGE('',*,*,#3747,.F.);
#1134=ORIENTED_EDGE('',*,*,#3748,.F.);
#1135=ORIENTED_EDGE('',*,*,#3744,.F.);
#1136=ORIENTED_EDGE('',*,*,#3749,.T.);
#1137=ORIENTED_EDGE('',*,*,#3750,.T.);
#1138=ORIENTED_EDGE('',*,*,#3751,.F.);
#1139=ORIENTED_EDGE('',*,*,#3752,.T.);
#1140=ORIENTED_EDGE('',*,*,#3639,.F.);
#1141=ORIENTED_EDGE('',*,*,#3753,.T.);
#1142=ORIENTED_EDGE('',*,*,#3754,.F.);
#1143=ORIENTED_EDGE('',*,*,#3755,.F.);
#1144=ORIENTED_EDGE('',*,*,#3756,.F.);
#1145=ORIENTED_EDGE('',*,*,#3674,.F.);
#1146=ORIENTED_EDGE('',*,*,#3757,.F.);
#1147=ORIENTED_EDGE('',*,*,#3758,.F.);
#1148=ORIENTED_EDGE('',*,*,#3759,.F.);
#1149=ORIENTED_EDGE('',*,*,#3750,.F.);
#1150=ORIENTED_EDGE('',*,*,#3760,.F.);
#1151=ORIENTED_EDGE('',*,*,#3761,.F.);
#1152=ORIENTED_EDGE('',*,*,#3762,.F.);
#1153=ORIENTED_EDGE('',*,*,#3656,.F.);
#1154=ORIENTED_EDGE('',*,*,#3763,.T.);
#1155=ORIENTED_EDGE('',*,*,#3764,.T.);
#1156=ORIENTED_EDGE('',*,*,#3765,.F.);
#1157=ORIENTED_EDGE('',*,*,#3766,.T.);
#1158=ORIENTED_EDGE('',*,*,#3640,.F.);
#1159=ORIENTED_EDGE('',*,*,#3767,.T.);
#1160=ORIENTED_EDGE('',*,*,#3768,.F.);
#1161=ORIENTED_EDGE('',*,*,#3769,.F.);
#1162=ORIENTED_EDGE('',*,*,#3770,.F.);
#1163=ORIENTED_EDGE('',*,*,#3752,.F.);
#1164=ORIENTED_EDGE('',*,*,#3771,.F.);
#1165=ORIENTED_EDGE('',*,*,#3772,.F.);
#1166=ORIENTED_EDGE('',*,*,#3773,.F.);
#1167=ORIENTED_EDGE('',*,*,#3764,.F.);
#1168=ORIENTED_EDGE('',*,*,#3774,.T.);
#1169=ORIENTED_EDGE('',*,*,#3641,.F.);
#1170=ORIENTED_EDGE('',*,*,#3775,.T.);
#1171=ORIENTED_EDGE('',*,*,#3776,.F.);
#1172=ORIENTED_EDGE('',*,*,#3777,.F.);
#1173=ORIENTED_EDGE('',*,*,#3778,.F.);
#1174=ORIENTED_EDGE('',*,*,#3698,.F.);
#1175=ORIENTED_EDGE('',*,*,#3779,.F.);
#1176=ORIENTED_EDGE('',*,*,#3780,.F.);
#1177=ORIENTED_EDGE('',*,*,#3781,.F.);
#1178=ORIENTED_EDGE('',*,*,#3658,.F.);
#1179=ORIENTED_EDGE('',*,*,#3782,.F.);
#1180=ORIENTED_EDGE('',*,*,#3783,.F.);
#1181=ORIENTED_EDGE('',*,*,#3784,.F.);
#1182=ORIENTED_EDGE('',*,*,#3785,.F.);
#1183=ORIENTED_EDGE('',*,*,#3786,.T.);
#1184=ORIENTED_EDGE('',*,*,#3785,.T.);
#1185=ORIENTED_EDGE('',*,*,#3787,.F.);
#1186=ORIENTED_EDGE('',*,*,#3788,.T.);
#1187=ORIENTED_EDGE('',*,*,#3642,.F.);
#1188=ORIENTED_EDGE('',*,*,#3789,.T.);
#1189=ORIENTED_EDGE('',*,*,#3790,.F.);
#1190=ORIENTED_EDGE('',*,*,#3791,.F.);
#1191=ORIENTED_EDGE('',*,*,#3792,.F.);
#1192=ORIENTED_EDGE('',*,*,#3788,.F.);
#1193=ORIENTED_EDGE('',*,*,#3793,.F.);
#1194=ORIENTED_EDGE('',*,*,#3794,.F.);
#1195=ORIENTED_EDGE('',*,*,#3795,.F.);
#1196=ORIENTED_EDGE('',*,*,#3766,.F.);
#1197=ORIENTED_EDGE('',*,*,#3643,.F.);
#1198=ORIENTED_EDGE('',*,*,#3796,.T.);
#1199=ORIENTED_EDGE('',*,*,#3797,.T.);
#1200=ORIENTED_EDGE('',*,*,#3798,.T.);
#1201=ORIENTED_EDGE('',*,*,#3799,.F.);
#1202=ORIENTED_EDGE('',*,*,#3800,.T.);
#1203=ORIENTED_EDGE('',*,*,#3801,.F.);
#1204=ORIENTED_EDGE('',*,*,#3802,.F.);
#1205=ORIENTED_EDGE('',*,*,#3803,.F.);
#1206=ORIENTED_EDGE('',*,*,#3798,.F.);
#1207=ORIENTED_EDGE('',*,*,#3644,.F.);
#1208=ORIENTED_EDGE('',*,*,#3804,.T.);
#1209=ORIENTED_EDGE('',*,*,#3805,.T.);
#1210=ORIENTED_EDGE('',*,*,#3806,.T.);
#1211=ORIENTED_EDGE('',*,*,#3807,.F.);
#1212=ORIENTED_EDGE('',*,*,#3808,.T.);
#1213=ORIENTED_EDGE('',*,*,#3809,.F.);
#1214=ORIENTED_EDGE('',*,*,#3810,.F.);
#1215=ORIENTED_EDGE('',*,*,#3811,.F.);
#1216=ORIENTED_EDGE('',*,*,#3806,.F.);
#1217=ORIENTED_EDGE('',*,*,#3645,.F.);
#1218=ORIENTED_EDGE('',*,*,#3812,.T.);
#1219=ORIENTED_EDGE('',*,*,#3813,.T.);
#1220=ORIENTED_EDGE('',*,*,#3814,.T.);
#1221=ORIENTED_EDGE('',*,*,#3815,.F.);
#1222=ORIENTED_EDGE('',*,*,#3816,.T.);
#1223=ORIENTED_EDGE('',*,*,#3817,.F.);
#1224=ORIENTED_EDGE('',*,*,#3818,.F.);
#1225=ORIENTED_EDGE('',*,*,#3819,.F.);
#1226=ORIENTED_EDGE('',*,*,#3814,.F.);
#1227=ORIENTED_EDGE('',*,*,#3820,.T.);
#1228=ORIENTED_EDGE('',*,*,#3488,.F.);
#1229=ORIENTED_EDGE('',*,*,#3821,.T.);
#1230=ORIENTED_EDGE('',*,*,#3822,.T.);
#1231=ORIENTED_EDGE('',*,*,#3823,.F.);
#1232=ORIENTED_EDGE('',*,*,#3824,.T.);
#1233=ORIENTED_EDGE('',*,*,#3825,.F.);
#1234=ORIENTED_EDGE('',*,*,#3826,.F.);
#1235=ORIENTED_EDGE('',*,*,#3827,.F.);
#1236=ORIENTED_EDGE('',*,*,#3822,.F.);
#1237=ORIENTED_EDGE('',*,*,#3646,.F.);
#1238=ORIENTED_EDGE('',*,*,#3828,.T.);
#1239=ORIENTED_EDGE('',*,*,#3829,.T.);
#1240=ORIENTED_EDGE('',*,*,#3830,.T.);
#1241=ORIENTED_EDGE('',*,*,#3831,.F.);
#1242=ORIENTED_EDGE('',*,*,#3832,.T.);
#1243=ORIENTED_EDGE('',*,*,#3833,.F.);
#1244=ORIENTED_EDGE('',*,*,#3834,.F.);
#1245=ORIENTED_EDGE('',*,*,#3835,.F.);
#1246=ORIENTED_EDGE('',*,*,#3832,.F.);
#1247=ORIENTED_EDGE('',*,*,#3647,.F.);
#1248=ORIENTED_EDGE('',*,*,#3836,.T.);
#1249=ORIENTED_EDGE('',*,*,#3837,.T.);
#1250=ORIENTED_EDGE('',*,*,#3838,.T.);
#1251=ORIENTED_EDGE('',*,*,#3839,.F.);
#1252=ORIENTED_EDGE('',*,*,#3840,.T.);
#1253=ORIENTED_EDGE('',*,*,#3841,.F.);
#1254=ORIENTED_EDGE('',*,*,#3842,.F.);
#1255=ORIENTED_EDGE('',*,*,#3843,.F.);
#1256=ORIENTED_EDGE('',*,*,#3840,.F.);
#1257=ORIENTED_EDGE('',*,*,#3648,.F.);
#1258=ORIENTED_EDGE('',*,*,#3844,.T.);
#1259=ORIENTED_EDGE('',*,*,#3845,.T.);
#1260=ORIENTED_EDGE('',*,*,#3846,.T.);
#1261=ORIENTED_EDGE('',*,*,#3847,.F.);
#1262=ORIENTED_EDGE('',*,*,#3848,.T.);
#1263=ORIENTED_EDGE('',*,*,#3849,.F.);
#1264=ORIENTED_EDGE('',*,*,#3850,.F.);
#1265=ORIENTED_EDGE('',*,*,#3851,.F.);
#1266=ORIENTED_EDGE('',*,*,#3848,.F.);
#1267=ORIENTED_EDGE('',*,*,#3649,.F.);
#1268=ORIENTED_EDGE('',*,*,#3852,.T.);
#1269=ORIENTED_EDGE('',*,*,#3853,.T.);
#1270=ORIENTED_EDGE('',*,*,#3854,.T.);
#1271=ORIENTED_EDGE('',*,*,#3855,.F.);
#1272=ORIENTED_EDGE('',*,*,#3856,.T.);
#1273=ORIENTED_EDGE('',*,*,#3857,.F.);
#1274=ORIENTED_EDGE('',*,*,#3858,.F.);
#1275=ORIENTED_EDGE('',*,*,#3859,.F.);
#1276=ORIENTED_EDGE('',*,*,#3856,.F.);
#1277=ORIENTED_EDGE('',*,*,#3650,.F.);
#1278=ORIENTED_EDGE('',*,*,#3860,.T.);
#1279=ORIENTED_EDGE('',*,*,#3861,.T.);
#1280=ORIENTED_EDGE('',*,*,#3862,.T.);
#1281=ORIENTED_EDGE('',*,*,#3863,.F.);
#1282=ORIENTED_EDGE('',*,*,#3864,.T.);
#1283=ORIENTED_EDGE('',*,*,#3865,.F.);
#1284=ORIENTED_EDGE('',*,*,#3866,.F.);
#1285=ORIENTED_EDGE('',*,*,#3867,.F.);
#1286=ORIENTED_EDGE('',*,*,#3864,.F.);
#1287=ORIENTED_EDGE('',*,*,#3651,.F.);
#1288=ORIENTED_EDGE('',*,*,#3868,.T.);
#1289=ORIENTED_EDGE('',*,*,#3652,.F.);
#1290=ORIENTED_EDGE('',*,*,#3869,.T.);
#1291=ORIENTED_EDGE('',*,*,#3870,.T.);
#1292=ORIENTED_EDGE('',*,*,#3871,.T.);
#1293=ORIENTED_EDGE('',*,*,#3872,.F.);
#1294=ORIENTED_EDGE('',*,*,#3873,.T.);
#1295=ORIENTED_EDGE('',*,*,#3874,.F.);
#1296=ORIENTED_EDGE('',*,*,#3875,.F.);
#1297=ORIENTED_EDGE('',*,*,#3876,.F.);
#1298=ORIENTED_EDGE('',*,*,#3873,.F.);
#1299=ORIENTED_EDGE('',*,*,#3653,.F.);
#1300=ORIENTED_EDGE('',*,*,#3877,.T.);
#1301=ORIENTED_EDGE('',*,*,#3878,.T.);
#1302=ORIENTED_EDGE('',*,*,#3879,.T.);
#1303=ORIENTED_EDGE('',*,*,#3880,.F.);
#1304=ORIENTED_EDGE('',*,*,#3881,.T.);
#1305=ORIENTED_EDGE('',*,*,#3882,.F.);
#1306=ORIENTED_EDGE('',*,*,#3883,.F.);
#1307=ORIENTED_EDGE('',*,*,#3884,.F.);
#1308=ORIENTED_EDGE('',*,*,#3881,.F.);
#1309=ORIENTED_EDGE('',*,*,#3654,.F.);
#1310=ORIENTED_EDGE('',*,*,#3885,.T.);
#1311=ORIENTED_EDGE('',*,*,#3886,.F.);
#1312=ORIENTED_EDGE('',*,*,#3887,.T.);
#1313=ORIENTED_EDGE('',*,*,#3768,.T.);
#1314=ORIENTED_EDGE('',*,*,#3751,.T.);
#1315=ORIENTED_EDGE('',*,*,#3759,.T.);
#1316=ORIENTED_EDGE('',*,*,#3888,.T.);
#1317=ORIENTED_EDGE('',*,*,#3889,.F.);
#1318=ORIENTED_EDGE('',*,*,#3890,.T.);
#1319=ORIENTED_EDGE('',*,*,#3793,.T.);
#1320=ORIENTED_EDGE('',*,*,#3765,.T.);
#1321=ORIENTED_EDGE('',*,*,#3773,.T.);
#1322=ORIENTED_EDGE('',*,*,#3891,.T.);
#1323=ORIENTED_EDGE('',*,*,#3892,.F.);
#1324=ORIENTED_EDGE('',*,*,#3893,.T.);
#1325=ORIENTED_EDGE('',*,*,#3894,.F.);
#1326=ORIENTED_EDGE('',*,*,#3782,.T.);
#1327=ORIENTED_EDGE('',*,*,#3786,.F.);
#1328=ORIENTED_EDGE('',*,*,#3792,.T.);
#1329=ORIENTED_EDGE('',*,*,#3895,.F.);
#1330=ORIENTED_EDGE('',*,*,#3760,.T.);
#1331=ORIENTED_EDGE('',*,*,#3655,.F.);
#1332=ORIENTED_EDGE('',*,*,#3781,.T.);
#1333=ORIENTED_EDGE('',*,*,#3896,.F.);
#1334=ORIENTED_EDGE('',*,*,#3897,.T.);
#1335=ORIENTED_EDGE('',*,*,#3898,.F.);
#1336=ORIENTED_EDGE('',*,*,#3899,.T.);
#1337=ORIENTED_EDGE('',*,*,#3728,.T.);
#1338=ORIENTED_EDGE('',*,*,#3734,.T.);
#1339=ORIENTED_EDGE('',*,*,#3738,.T.);
#1340=ORIENTED_EDGE('',*,*,#3900,.T.);
#1341=ORIENTED_EDGE('',*,*,#3901,.F.);
#1342=ORIENTED_EDGE('',*,*,#3902,.T.);
#1343=ORIENTED_EDGE('',*,*,#3903,.F.);
#1344=ORIENTED_EDGE('',*,*,#3700,.T.);
#1345=ORIENTED_EDGE('',*,*,#3704,.F.);
#1346=ORIENTED_EDGE('',*,*,#3710,.T.);
#1347=ORIENTED_EDGE('',*,*,#3904,.F.);
#1348=ORIENTED_EDGE('',*,*,#3905,.T.);
#1349=ORIENTED_EDGE('',*,*,#3754,.T.);
#1350=ORIENTED_EDGE('',*,*,#3673,.T.);
#1351=ORIENTED_EDGE('',*,*,#3681,.T.);
#1352=ORIENTED_EDGE('',*,*,#3906,.T.);
#1353=ORIENTED_EDGE('',*,*,#3907,.T.);
#1354=ORIENTED_EDGE('',*,*,#3779,.T.);
#1355=ORIENTED_EDGE('',*,*,#3657,.T.);
#1356=ORIENTED_EDGE('',*,*,#3762,.T.);
#1357=ORIENTED_EDGE('',*,*,#3908,.T.);
#1358=ORIENTED_EDGE('',*,*,#3909,.F.);
#1359=ORIENTED_EDGE('',*,*,#3910,.F.);
#1360=ORIENTED_EDGE('',*,*,#3911,.T.);
#1361=ORIENTED_EDGE('',*,*,#3912,.F.);
#1362=ORIENTED_EDGE('',*,*,#3692,.T.);
#1363=ORIENTED_EDGE('',*,*,#3696,.F.);
#1364=ORIENTED_EDGE('',*,*,#3778,.T.);
#1365=ORIENTED_EDGE('',*,*,#3913,.F.);
#1366=ORIENTED_EDGE('',*,*,#3682,.T.);
#1367=ORIENTED_EDGE('',*,*,#3659,.F.);
#1368=ORIENTED_EDGE('',*,*,#3691,.T.);
#1369=ORIENTED_EDGE('',*,*,#3914,.F.);
#1370=ORIENTED_EDGE('',*,*,#3915,.T.);
#1371=ORIENTED_EDGE('',*,*,#3916,.T.);
#1372=ORIENTED_EDGE('',*,*,#3676,.T.);
#1373=ORIENTED_EDGE('',*,*,#3665,.T.);
#1374=ORIENTED_EDGE('',*,*,#3713,.T.);
#1375=ORIENTED_EDGE('',*,*,#3917,.T.);
#1376=ORIENTED_EDGE('',*,*,#3918,.F.);
#1377=ORIENTED_EDGE('',*,*,#3919,.T.);
#1378=ORIENTED_EDGE('',*,*,#3689,.T.);
#1379=ORIENTED_EDGE('',*,*,#3661,.T.);
#1380=ORIENTED_EDGE('',*,*,#3684,.T.);
#1381=ORIENTED_EDGE('',*,*,#3920,.T.);
#1382=ORIENTED_EDGE('',*,*,#3921,.F.);
#1383=ORIENTED_EDGE('',*,*,#3922,.F.);
#1384=ORIENTED_EDGE('',*,*,#3725,.T.);
#1385=ORIENTED_EDGE('',*,*,#3667,.F.);
#1386=ORIENTED_EDGE('',*,*,#3688,.T.);
#1387=ORIENTED_EDGE('',*,*,#3923,.F.);
#1388=ORIENTED_EDGE('',*,*,#3924,.T.);
#1389=ORIENTED_EDGE('',*,*,#3925,.F.);
#1390=ORIENTED_EDGE('',*,*,#3714,.T.);
#1391=ORIENTED_EDGE('',*,*,#3718,.F.);
#1392=ORIENTED_EDGE('',*,*,#3724,.T.);
#1393=ORIENTED_EDGE('',*,*,#3926,.F.);
#1394=ORIENTED_EDGE('',*,*,#3927,.T.);
#1395=ORIENTED_EDGE('',*,*,#3928,.F.);
#1396=ORIENTED_EDGE('',*,*,#3711,.T.);
#1397=ORIENTED_EDGE('',*,*,#3663,.F.);
#1398=ORIENTED_EDGE('',*,*,#3678,.T.);
#1399=ORIENTED_EDGE('',*,*,#3929,.F.);
#1400=ORIENTED_EDGE('',*,*,#3930,.T.);
#1401=ORIENTED_EDGE('',*,*,#3931,.T.);
#1402=ORIENTED_EDGE('',*,*,#3686,.T.);
#1403=ORIENTED_EDGE('',*,*,#3669,.T.);
#1404=ORIENTED_EDGE('',*,*,#3727,.T.);
#1405=ORIENTED_EDGE('',*,*,#3932,.T.);
#1406=ORIENTED_EDGE('',*,*,#3933,.F.);
#1407=ORIENTED_EDGE('',*,*,#3934,.F.);
#1408=ORIENTED_EDGE('',*,*,#3935,.T.);
#1409=ORIENTED_EDGE('',*,*,#3936,.F.);
#1410=ORIENTED_EDGE('',*,*,#3679,.T.);
#1411=ORIENTED_EDGE('',*,*,#3671,.F.);
#1412=ORIENTED_EDGE('',*,*,#3756,.T.);
#1413=ORIENTED_EDGE('',*,*,#3920,.F.);
#1414=ORIENTED_EDGE('',*,*,#3683,.T.);
#1415=ORIENTED_EDGE('',*,*,#3913,.T.);
#1416=ORIENTED_EDGE('',*,*,#3937,.T.);
#1417=ORIENTED_EDGE('',*,*,#3906,.F.);
#1418=ORIENTED_EDGE('',*,*,#3680,.T.);
#1419=ORIENTED_EDGE('',*,*,#3936,.T.);
#1420=ORIENTED_EDGE('',*,*,#3938,.T.);
#1421=ORIENTED_EDGE('',*,*,#3939,.T.);
#1422=ORIENTED_EDGE('',*,*,#3850,.T.);
#1423=ORIENTED_EDGE('',*,*,#3940,.F.);
#1424=ORIENTED_EDGE('',*,*,#3941,.T.);
#1425=ORIENTED_EDGE('',*,*,#3929,.T.);
#1426=ORIENTED_EDGE('',*,*,#3677,.T.);
#1427=ORIENTED_EDGE('',*,*,#3916,.F.);
#1428=ORIENTED_EDGE('',*,*,#3942,.T.);
#1429=ORIENTED_EDGE('',*,*,#3675,.F.);
#1430=ORIENTED_EDGE('',*,*,#3943,.F.);
#1431=ORIENTED_EDGE('',*,*,#3810,.T.);
#1432=ORIENTED_EDGE('',*,*,#3944,.T.);
#1433=ORIENTED_EDGE('',*,*,#3945,.T.);
#1434=ORIENTED_EDGE('',*,*,#3946,.F.);
#1435=ORIENTED_EDGE('',*,*,#3693,.T.);
#1436=ORIENTED_EDGE('',*,*,#3912,.T.);
#1437=ORIENTED_EDGE('',*,*,#3947,.T.);
#1438=ORIENTED_EDGE('',*,*,#3914,.T.);
#1439=ORIENTED_EDGE('',*,*,#3690,.T.);
#1440=ORIENTED_EDGE('',*,*,#3919,.F.);
#1441=ORIENTED_EDGE('',*,*,#3948,.T.);
#1442=ORIENTED_EDGE('',*,*,#3923,.T.);
#1443=ORIENTED_EDGE('',*,*,#3687,.T.);
#1444=ORIENTED_EDGE('',*,*,#3931,.F.);
#1445=ORIENTED_EDGE('',*,*,#3949,.T.);
#1446=ORIENTED_EDGE('',*,*,#3685,.F.);
#1447=ORIENTED_EDGE('',*,*,#3950,.F.);
#1448=ORIENTED_EDGE('',*,*,#3951,.T.);
#1449=ORIENTED_EDGE('',*,*,#3776,.T.);
#1450=ORIENTED_EDGE('',*,*,#3697,.T.);
#1451=ORIENTED_EDGE('',*,*,#3694,.T.);
#1452=ORIENTED_EDGE('',*,*,#3946,.T.);
#1453=ORIENTED_EDGE('',*,*,#3952,.T.);
#1454=ORIENTED_EDGE('',*,*,#3739,.T.);
#1455=ORIENTED_EDGE('',*,*,#3745,.T.);
#1456=ORIENTED_EDGE('',*,*,#3748,.T.);
#1457=ORIENTED_EDGE('',*,*,#3953,.T.);
#1458=ORIENTED_EDGE('',*,*,#3954,.F.);
#1459=ORIENTED_EDGE('',*,*,#3953,.F.);
#1460=ORIENTED_EDGE('',*,*,#3747,.T.);
#1461=ORIENTED_EDGE('',*,*,#3955,.T.);
#1462=ORIENTED_EDGE('',*,*,#3956,.T.);
#1463=ORIENTED_EDGE('',*,*,#3957,.F.);
#1464=ORIENTED_EDGE('',*,*,#3701,.T.);
#1465=ORIENTED_EDGE('',*,*,#3903,.T.);
#1466=ORIENTED_EDGE('',*,*,#3958,.T.);
#1467=ORIENTED_EDGE('',*,*,#3959,.T.);
#1468=ORIENTED_EDGE('',*,*,#3866,.T.);
#1469=ORIENTED_EDGE('',*,*,#3960,.F.);
#1470=ORIENTED_EDGE('',*,*,#3961,.T.);
#1471=ORIENTED_EDGE('',*,*,#3962,.T.);
#1472=ORIENTED_EDGE('',*,*,#3875,.T.);
#1473=ORIENTED_EDGE('',*,*,#3963,.F.);
#1474=ORIENTED_EDGE('',*,*,#3964,.T.);
#1475=ORIENTED_EDGE('',*,*,#3699,.F.);
#1476=ORIENTED_EDGE('',*,*,#3965,.F.);
#1477=ORIENTED_EDGE('',*,*,#3966,.T.);
#1478=ORIENTED_EDGE('',*,*,#3708,.T.);
#1479=ORIENTED_EDGE('',*,*,#3705,.T.);
#1480=ORIENTED_EDGE('',*,*,#3702,.T.);
#1481=ORIENTED_EDGE('',*,*,#3957,.T.);
#1482=ORIENTED_EDGE('',*,*,#3967,.F.);
#1483=ORIENTED_EDGE('',*,*,#3715,.T.);
#1484=ORIENTED_EDGE('',*,*,#3925,.T.);
#1485=ORIENTED_EDGE('',*,*,#3968,.T.);
#1486=ORIENTED_EDGE('',*,*,#3917,.F.);
#1487=ORIENTED_EDGE('',*,*,#3712,.T.);
#1488=ORIENTED_EDGE('',*,*,#3928,.T.);
#1489=ORIENTED_EDGE('',*,*,#3969,.T.);
#1490=ORIENTED_EDGE('',*,*,#3970,.T.);
#1491=ORIENTED_EDGE('',*,*,#3858,.T.);
#1492=ORIENTED_EDGE('',*,*,#3971,.F.);
#1493=ORIENTED_EDGE('',*,*,#3972,.T.);
#1494=ORIENTED_EDGE('',*,*,#3901,.T.);
#1495=ORIENTED_EDGE('',*,*,#3709,.T.);
#1496=ORIENTED_EDGE('',*,*,#3966,.F.);
#1497=ORIENTED_EDGE('',*,*,#3973,.T.);
#1498=ORIENTED_EDGE('',*,*,#3707,.F.);
#1499=ORIENTED_EDGE('',*,*,#3974,.T.);
#1500=ORIENTED_EDGE('',*,*,#3722,.T.);
#1501=ORIENTED_EDGE('',*,*,#3719,.T.);
#1502=ORIENTED_EDGE('',*,*,#3716,.T.);
#1503=ORIENTED_EDGE('',*,*,#3967,.T.);
#1504=ORIENTED_EDGE('',*,*,#3975,.F.);
#1505=ORIENTED_EDGE('',*,*,#3976,.F.);
#1506=ORIENTED_EDGE('',*,*,#3802,.T.);
#1507=ORIENTED_EDGE('',*,*,#3977,.T.);
#1508=ORIENTED_EDGE('',*,*,#3978,.T.);
#1509=ORIENTED_EDGE('',*,*,#3932,.F.);
#1510=ORIENTED_EDGE('',*,*,#3726,.T.);
#1511=ORIENTED_EDGE('',*,*,#3922,.T.);
#1512=ORIENTED_EDGE('',*,*,#3979,.T.);
#1513=ORIENTED_EDGE('',*,*,#3926,.T.);
#1514=ORIENTED_EDGE('',*,*,#3723,.T.);
#1515=ORIENTED_EDGE('',*,*,#3974,.F.);
#1516=ORIENTED_EDGE('',*,*,#3980,.T.);
#1517=ORIENTED_EDGE('',*,*,#3981,.T.);
#1518=ORIENTED_EDGE('',*,*,#3729,.T.);
#1519=ORIENTED_EDGE('',*,*,#3899,.F.);
#1520=ORIENTED_EDGE('',*,*,#3982,.T.);
#1521=ORIENTED_EDGE('',*,*,#3721,.F.);
#1522=ORIENTED_EDGE('',*,*,#3981,.F.);
#1523=ORIENTED_EDGE('',*,*,#3983,.T.);
#1524=ORIENTED_EDGE('',*,*,#3984,.F.);
#1525=ORIENTED_EDGE('',*,*,#3736,.T.);
#1526=ORIENTED_EDGE('',*,*,#3732,.F.);
#1527=ORIENTED_EDGE('',*,*,#3730,.T.);
#1528=ORIENTED_EDGE('',*,*,#3985,.F.);
#1529=ORIENTED_EDGE('',*,*,#3818,.T.);
#1530=ORIENTED_EDGE('',*,*,#3986,.T.);
#1531=ORIENTED_EDGE('',*,*,#3987,.T.);
#1532=ORIENTED_EDGE('',*,*,#3900,.F.);
#1533=ORIENTED_EDGE('',*,*,#3737,.T.);
#1534=ORIENTED_EDGE('',*,*,#3984,.T.);
#1535=ORIENTED_EDGE('',*,*,#3988,.T.);
#1536=ORIENTED_EDGE('',*,*,#3989,.T.);
#1537=ORIENTED_EDGE('',*,*,#3740,.T.);
#1538=ORIENTED_EDGE('',*,*,#3952,.F.);
#1539=ORIENTED_EDGE('',*,*,#3990,.T.);
#1540=ORIENTED_EDGE('',*,*,#3991,.T.);
#1541=ORIENTED_EDGE('',*,*,#3883,.T.);
#1542=ORIENTED_EDGE('',*,*,#3992,.F.);
#1543=ORIENTED_EDGE('',*,*,#3993,.T.);
#1544=ORIENTED_EDGE('',*,*,#3735,.F.);
#1545=ORIENTED_EDGE('',*,*,#3955,.F.);
#1546=ORIENTED_EDGE('',*,*,#3746,.T.);
#1547=ORIENTED_EDGE('',*,*,#3743,.F.);
#1548=ORIENTED_EDGE('',*,*,#3741,.T.);
#1549=ORIENTED_EDGE('',*,*,#3989,.F.);
#1550=ORIENTED_EDGE('',*,*,#3994,.T.);
#1551=ORIENTED_EDGE('',*,*,#3995,.F.);
#1552=ORIENTED_EDGE('',*,*,#3996,.T.);
#1553=ORIENTED_EDGE('',*,*,#3997,.F.);
#1554=ORIENTED_EDGE('',*,*,#3757,.T.);
#1555=ORIENTED_EDGE('',*,*,#3749,.F.);
#1556=ORIENTED_EDGE('',*,*,#3770,.T.);
#1557=ORIENTED_EDGE('',*,*,#3908,.F.);
#1558=ORIENTED_EDGE('',*,*,#3761,.T.);
#1559=ORIENTED_EDGE('',*,*,#3895,.T.);
#1560=ORIENTED_EDGE('',*,*,#3998,.T.);
#1561=ORIENTED_EDGE('',*,*,#3888,.F.);
#1562=ORIENTED_EDGE('',*,*,#3758,.T.);
#1563=ORIENTED_EDGE('',*,*,#3997,.T.);
#1564=ORIENTED_EDGE('',*,*,#3999,.T.);
#1565=ORIENTED_EDGE('',*,*,#4000,.T.);
#1566=ORIENTED_EDGE('',*,*,#3842,.T.);
#1567=ORIENTED_EDGE('',*,*,#4001,.F.);
#1568=ORIENTED_EDGE('',*,*,#4002,.T.);
#1569=ORIENTED_EDGE('',*,*,#3934,.T.);
#1570=ORIENTED_EDGE('',*,*,#3755,.T.);
#1571=ORIENTED_EDGE('',*,*,#3905,.F.);
#1572=ORIENTED_EDGE('',*,*,#4003,.T.);
#1573=ORIENTED_EDGE('',*,*,#3753,.F.);
#1574=ORIENTED_EDGE('',*,*,#4004,.F.);
#1575=ORIENTED_EDGE('',*,*,#4005,.F.);
#1576=ORIENTED_EDGE('',*,*,#4006,.F.);
#1577=ORIENTED_EDGE('',*,*,#4007,.F.);
#1578=ORIENTED_EDGE('',*,*,#4008,.F.);
#1579=ORIENTED_EDGE('',*,*,#4009,.T.);
#1580=ORIENTED_EDGE('',*,*,#4010,.F.);
#1581=ORIENTED_EDGE('',*,*,#3771,.T.);
#1582=ORIENTED_EDGE('',*,*,#3763,.F.);
#1583=ORIENTED_EDGE('',*,*,#3795,.T.);
#1584=ORIENTED_EDGE('',*,*,#4011,.F.);
#1585=ORIENTED_EDGE('',*,*,#4012,.F.);
#1586=ORIENTED_EDGE('',*,*,#4013,.F.);
#1587=ORIENTED_EDGE('',*,*,#4014,.F.);
#1588=ORIENTED_EDGE('',*,*,#3891,.F.);
#1589=ORIENTED_EDGE('',*,*,#3772,.T.);
#1590=ORIENTED_EDGE('',*,*,#4010,.T.);
#1591=ORIENTED_EDGE('',*,*,#4015,.T.);
#1592=ORIENTED_EDGE('',*,*,#4016,.F.);
#1593=ORIENTED_EDGE('',*,*,#4012,.T.);
#1594=ORIENTED_EDGE('',*,*,#4017,.T.);
#1595=ORIENTED_EDGE('',*,*,#4018,.T.);
#1596=ORIENTED_EDGE('',*,*,#4019,.T.);
#1597=ORIENTED_EDGE('',*,*,#3834,.T.);
#1598=ORIENTED_EDGE('',*,*,#4020,.F.);
#1599=ORIENTED_EDGE('',*,*,#4021,.T.);
#1600=ORIENTED_EDGE('',*,*,#3995,.T.);
#1601=ORIENTED_EDGE('',*,*,#3769,.T.);
#1602=ORIENTED_EDGE('',*,*,#3887,.F.);
#1603=ORIENTED_EDGE('',*,*,#4022,.T.);
#1604=ORIENTED_EDGE('',*,*,#3767,.F.);
#1605=ORIENTED_EDGE('',*,*,#3774,.F.);
#1606=ORIENTED_EDGE('',*,*,#4023,.T.);
#1607=ORIENTED_EDGE('',*,*,#4024,.F.);
#1608=ORIENTED_EDGE('',*,*,#3826,.T.);
#1609=ORIENTED_EDGE('',*,*,#4025,.T.);
#1610=ORIENTED_EDGE('',*,*,#4026,.T.);
#1611=ORIENTED_EDGE('',*,*,#4027,.F.);
#1612=ORIENTED_EDGE('',*,*,#3783,.T.);
#1613=ORIENTED_EDGE('',*,*,#3894,.T.);
#1614=ORIENTED_EDGE('',*,*,#4028,.T.);
#1615=ORIENTED_EDGE('',*,*,#3896,.T.);
#1616=ORIENTED_EDGE('',*,*,#3780,.T.);
#1617=ORIENTED_EDGE('',*,*,#3907,.F.);
#1618=ORIENTED_EDGE('',*,*,#4029,.T.);
#1619=ORIENTED_EDGE('',*,*,#3910,.T.);
#1620=ORIENTED_EDGE('',*,*,#3777,.T.);
#1621=ORIENTED_EDGE('',*,*,#3951,.F.);
#1622=ORIENTED_EDGE('',*,*,#4030,.T.);
#1623=ORIENTED_EDGE('',*,*,#3775,.F.);
#1624=ORIENTED_EDGE('',*,*,#4031,.F.);
#1625=ORIENTED_EDGE('',*,*,#4032,.T.);
#1626=ORIENTED_EDGE('',*,*,#3790,.T.);
#1627=ORIENTED_EDGE('',*,*,#3787,.T.);
#1628=ORIENTED_EDGE('',*,*,#3784,.T.);
#1629=ORIENTED_EDGE('',*,*,#4027,.T.);
#1630=ORIENTED_EDGE('',*,*,#4033,.T.);
#1631=ORIENTED_EDGE('',*,*,#4034,.T.);
#1632=ORIENTED_EDGE('',*,*,#4035,.F.);
#1633=ORIENTED_EDGE('',*,*,#4036,.T.);
#1634=ORIENTED_EDGE('',*,*,#4037,.F.);
#1635=ORIENTED_EDGE('',*,*,#4038,.F.);
#1636=ORIENTED_EDGE('',*,*,#4039,.F.);
#1637=ORIENTED_EDGE('',*,*,#4034,.F.);
#1638=ORIENTED_EDGE('',*,*,#4040,.F.);
#1639=ORIENTED_EDGE('',*,*,#4038,.T.);
#1640=ORIENTED_EDGE('',*,*,#4041,.T.);
#1641=ORIENTED_EDGE('',*,*,#4042,.T.);
#1642=ORIENTED_EDGE('',*,*,#4043,.F.);
#1643=ORIENTED_EDGE('',*,*,#4005,.T.);
#1644=ORIENTED_EDGE('',*,*,#4044,.T.);
#1645=ORIENTED_EDGE('',*,*,#4045,.T.);
#1646=ORIENTED_EDGE('',*,*,#4008,.T.);
#1647=ORIENTED_EDGE('',*,*,#3794,.T.);
#1648=ORIENTED_EDGE('',*,*,#3890,.F.);
#1649=ORIENTED_EDGE('',*,*,#4046,.T.);
#1650=ORIENTED_EDGE('',*,*,#3892,.T.);
#1651=ORIENTED_EDGE('',*,*,#3791,.T.);
#1652=ORIENTED_EDGE('',*,*,#4032,.F.);
#1653=ORIENTED_EDGE('',*,*,#4047,.T.);
#1654=ORIENTED_EDGE('',*,*,#3789,.F.);
#1655=ORIENTED_EDGE('',*,*,#4048,.T.);
#1656=ORIENTED_EDGE('',*,*,#4049,.T.);
#1657=ORIENTED_EDGE('',*,*,#4050,.F.);
#1658=ORIENTED_EDGE('',*,*,#4051,.T.);
#1659=ORIENTED_EDGE('',*,*,#3796,.F.);
#1660=ORIENTED_EDGE('',*,*,#4052,.T.);
#1661=ORIENTED_EDGE('',*,*,#4053,.F.);
#1662=ORIENTED_EDGE('',*,*,#4054,.F.);
#1663=ORIENTED_EDGE('',*,*,#4055,.F.);
#1664=ORIENTED_EDGE('',*,*,#4051,.F.);
#1665=ORIENTED_EDGE('',*,*,#4056,.T.);
#1666=ORIENTED_EDGE('',*,*,#4057,.T.);
#1667=ORIENTED_EDGE('',*,*,#3799,.T.);
#1668=ORIENTED_EDGE('',*,*,#3803,.T.);
#1669=ORIENTED_EDGE('',*,*,#3976,.T.);
#1670=ORIENTED_EDGE('',*,*,#4058,.F.);
#1671=ORIENTED_EDGE('',*,*,#4057,.F.);
#1672=ORIENTED_EDGE('',*,*,#4059,.F.);
#1673=ORIENTED_EDGE('',*,*,#4060,.F.);
#1674=ORIENTED_EDGE('',*,*,#3800,.F.);
#1675=ORIENTED_EDGE('',*,*,#3977,.F.);
#1676=ORIENTED_EDGE('',*,*,#3801,.T.);
#1677=ORIENTED_EDGE('',*,*,#3797,.F.);
#1678=ORIENTED_EDGE('',*,*,#4060,.T.);
#1679=ORIENTED_EDGE('',*,*,#4061,.F.);
#1680=ORIENTED_EDGE('',*,*,#4062,.T.);
#1681=ORIENTED_EDGE('',*,*,#4063,.F.);
#1682=ORIENTED_EDGE('',*,*,#4064,.F.);
#1683=ORIENTED_EDGE('',*,*,#4065,.F.);
#1684=ORIENTED_EDGE('',*,*,#4066,.F.);
#1685=ORIENTED_EDGE('',*,*,#4067,.T.);
#1686=ORIENTED_EDGE('',*,*,#4066,.T.);
#1687=ORIENTED_EDGE('',*,*,#4068,.F.);
#1688=ORIENTED_EDGE('',*,*,#4069,.T.);
#1689=ORIENTED_EDGE('',*,*,#3804,.F.);
#1690=ORIENTED_EDGE('',*,*,#4070,.T.);
#1691=ORIENTED_EDGE('',*,*,#4071,.F.);
#1692=ORIENTED_EDGE('',*,*,#4072,.F.);
#1693=ORIENTED_EDGE('',*,*,#4073,.F.);
#1694=ORIENTED_EDGE('',*,*,#4069,.F.);
#1695=ORIENTED_EDGE('',*,*,#4074,.F.);
#1696=ORIENTED_EDGE('',*,*,#4063,.T.);
#1697=ORIENTED_EDGE('',*,*,#4067,.F.);
#1698=ORIENTED_EDGE('',*,*,#4073,.T.);
#1699=ORIENTED_EDGE('',*,*,#4075,.F.);
#1700=ORIENTED_EDGE('',*,*,#4076,.T.);
#1701=ORIENTED_EDGE('',*,*,#4077,.F.);
#1702=ORIENTED_EDGE('',*,*,#4078,.T.);
#1703=ORIENTED_EDGE('',*,*,#4079,.T.);
#1704=ORIENTED_EDGE('',*,*,#3807,.T.);
#1705=ORIENTED_EDGE('',*,*,#3811,.T.);
#1706=ORIENTED_EDGE('',*,*,#3943,.T.);
#1707=ORIENTED_EDGE('',*,*,#4079,.F.);
#1708=ORIENTED_EDGE('',*,*,#4080,.F.);
#1709=ORIENTED_EDGE('',*,*,#4081,.F.);
#1710=ORIENTED_EDGE('',*,*,#3808,.F.);
#1711=ORIENTED_EDGE('',*,*,#4082,.F.);
#1712=ORIENTED_EDGE('',*,*,#4083,.T.);
#1713=ORIENTED_EDGE('',*,*,#3944,.F.);
#1714=ORIENTED_EDGE('',*,*,#3809,.T.);
#1715=ORIENTED_EDGE('',*,*,#3805,.F.);
#1716=ORIENTED_EDGE('',*,*,#4081,.T.);
#1717=ORIENTED_EDGE('',*,*,#4084,.F.);
#1718=ORIENTED_EDGE('',*,*,#4085,.F.);
#1719=ORIENTED_EDGE('',*,*,#4086,.F.);
#1720=ORIENTED_EDGE('',*,*,#3623,.F.);
#1721=ORIENTED_EDGE('',*,*,#3812,.F.);
#1722=ORIENTED_EDGE('',*,*,#4087,.T.);
#1723=ORIENTED_EDGE('',*,*,#3582,.F.);
#1724=ORIENTED_EDGE('',*,*,#4088,.F.);
#1725=ORIENTED_EDGE('',*,*,#4089,.F.);
#1726=ORIENTED_EDGE('',*,*,#3590,.F.);
#1727=ORIENTED_EDGE('',*,*,#4090,.F.);
#1728=ORIENTED_EDGE('',*,*,#4091,.T.);
#1729=ORIENTED_EDGE('',*,*,#4092,.T.);
#1730=ORIENTED_EDGE('',*,*,#3815,.T.);
#1731=ORIENTED_EDGE('',*,*,#3819,.T.);
#1732=ORIENTED_EDGE('',*,*,#3985,.T.);
#1733=ORIENTED_EDGE('',*,*,#4092,.F.);
#1734=ORIENTED_EDGE('',*,*,#4093,.F.);
#1735=ORIENTED_EDGE('',*,*,#4094,.F.);
#1736=ORIENTED_EDGE('',*,*,#3816,.F.);
#1737=ORIENTED_EDGE('',*,*,#4095,.F.);
#1738=ORIENTED_EDGE('',*,*,#4096,.T.);
#1739=ORIENTED_EDGE('',*,*,#3986,.F.);
#1740=ORIENTED_EDGE('',*,*,#3817,.T.);
#1741=ORIENTED_EDGE('',*,*,#3813,.F.);
#1742=ORIENTED_EDGE('',*,*,#4094,.T.);
#1743=ORIENTED_EDGE('',*,*,#4097,.F.);
#1744=ORIENTED_EDGE('',*,*,#4098,.T.);
#1745=ORIENTED_EDGE('',*,*,#4099,.F.);
#1746=ORIENTED_EDGE('',*,*,#4100,.T.);
#1747=ORIENTED_EDGE('',*,*,#4048,.F.);
#1748=ORIENTED_EDGE('',*,*,#4055,.T.);
#1749=ORIENTED_EDGE('',*,*,#4100,.F.);
#1750=ORIENTED_EDGE('',*,*,#4101,.F.);
#1751=ORIENTED_EDGE('',*,*,#4102,.F.);
#1752=ORIENTED_EDGE('',*,*,#4049,.F.);
#1753=ORIENTED_EDGE('',*,*,#3820,.F.);
#1754=ORIENTED_EDGE('',*,*,#4103,.T.);
#1755=ORIENTED_EDGE('',*,*,#3613,.F.);
#1756=ORIENTED_EDGE('',*,*,#4104,.F.);
#1757=ORIENTED_EDGE('',*,*,#4105,.F.);
#1758=ORIENTED_EDGE('',*,*,#3621,.F.);
#1759=ORIENTED_EDGE('',*,*,#4106,.F.);
#1760=ORIENTED_EDGE('',*,*,#4107,.T.);
#1761=ORIENTED_EDGE('',*,*,#4108,.F.);
#1762=ORIENTED_EDGE('',*,*,#4084,.T.);
#1763=ORIENTED_EDGE('',*,*,#3622,.F.);
#1764=ORIENTED_EDGE('',*,*,#4105,.T.);
#1765=ORIENTED_EDGE('',*,*,#4109,.F.);
#1766=ORIENTED_EDGE('',*,*,#4110,.T.);
#1767=ORIENTED_EDGE('',*,*,#4111,.T.);
#1768=ORIENTED_EDGE('',*,*,#3823,.T.);
#1769=ORIENTED_EDGE('',*,*,#3827,.T.);
#1770=ORIENTED_EDGE('',*,*,#4024,.T.);
#1771=ORIENTED_EDGE('',*,*,#4111,.F.);
#1772=ORIENTED_EDGE('',*,*,#4112,.F.);
#1773=ORIENTED_EDGE('',*,*,#4113,.F.);
#1774=ORIENTED_EDGE('',*,*,#3824,.F.);
#1775=ORIENTED_EDGE('',*,*,#4114,.F.);
#1776=ORIENTED_EDGE('',*,*,#4115,.T.);
#1777=ORIENTED_EDGE('',*,*,#4025,.F.);
#1778=ORIENTED_EDGE('',*,*,#3825,.T.);
#1779=ORIENTED_EDGE('',*,*,#3821,.F.);
#1780=ORIENTED_EDGE('',*,*,#4113,.T.);
#1781=ORIENTED_EDGE('',*,*,#4116,.F.);
#1782=ORIENTED_EDGE('',*,*,#4117,.F.);
#1783=ORIENTED_EDGE('',*,*,#4118,.F.);
#1784=ORIENTED_EDGE('',*,*,#4119,.F.);
#1785=ORIENTED_EDGE('',*,*,#4120,.T.);
#1786=ORIENTED_EDGE('',*,*,#4119,.T.);
#1787=ORIENTED_EDGE('',*,*,#4121,.F.);
#1788=ORIENTED_EDGE('',*,*,#4122,.T.);
#1789=ORIENTED_EDGE('',*,*,#3828,.F.);
#1790=ORIENTED_EDGE('',*,*,#4123,.T.);
#1791=ORIENTED_EDGE('',*,*,#4124,.F.);
#1792=ORIENTED_EDGE('',*,*,#4125,.F.);
#1793=ORIENTED_EDGE('',*,*,#4126,.F.);
#1794=ORIENTED_EDGE('',*,*,#4127,.F.);
#1795=ORIENTED_EDGE('',*,*,#4019,.F.);
#1796=ORIENTED_EDGE('',*,*,#4128,.T.);
#1797=ORIENTED_EDGE('',*,*,#4129,.F.);
#1798=ORIENTED_EDGE('',*,*,#4130,.T.);
#1799=ORIENTED_EDGE('',*,*,#3829,.F.);
#1800=ORIENTED_EDGE('',*,*,#3835,.T.);
#1801=ORIENTED_EDGE('',*,*,#4130,.F.);
#1802=ORIENTED_EDGE('',*,*,#4131,.F.);
#1803=ORIENTED_EDGE('',*,*,#4132,.F.);
#1804=ORIENTED_EDGE('',*,*,#3830,.F.);
#1805=ORIENTED_EDGE('',*,*,#4133,.F.);
#1806=ORIENTED_EDGE('',*,*,#4020,.T.);
#1807=ORIENTED_EDGE('',*,*,#3833,.T.);
#1808=ORIENTED_EDGE('',*,*,#3831,.T.);
#1809=ORIENTED_EDGE('',*,*,#4132,.T.);
#1810=ORIENTED_EDGE('',*,*,#4134,.T.);
#1811=ORIENTED_EDGE('',*,*,#4135,.F.);
#1812=ORIENTED_EDGE('',*,*,#4136,.F.);
#1813=ORIENTED_EDGE('',*,*,#4137,.F.);
#1814=ORIENTED_EDGE('',*,*,#4138,.F.);
#1815=ORIENTED_EDGE('',*,*,#4139,.T.);
#1816=ORIENTED_EDGE('',*,*,#4140,.T.);
#1817=ORIENTED_EDGE('',*,*,#4141,.F.);
#1818=ORIENTED_EDGE('',*,*,#4138,.T.);
#1819=ORIENTED_EDGE('',*,*,#3836,.F.);
#1820=ORIENTED_EDGE('',*,*,#4142,.T.);
#1821=ORIENTED_EDGE('',*,*,#4143,.F.);
#1822=ORIENTED_EDGE('',*,*,#4144,.F.);
#1823=ORIENTED_EDGE('',*,*,#4145,.F.);
#1824=ORIENTED_EDGE('',*,*,#4140,.F.);
#1825=ORIENTED_EDGE('',*,*,#4146,.F.);
#1826=ORIENTED_EDGE('',*,*,#4147,.T.);
#1827=ORIENTED_EDGE('',*,*,#4135,.T.);
#1828=ORIENTED_EDGE('',*,*,#4141,.T.);
#1829=ORIENTED_EDGE('',*,*,#4145,.T.);
#1830=ORIENTED_EDGE('',*,*,#4148,.T.);
#1831=ORIENTED_EDGE('',*,*,#4149,.F.);
#1832=ORIENTED_EDGE('',*,*,#4150,.T.);
#1833=ORIENTED_EDGE('',*,*,#3837,.F.);
#1834=ORIENTED_EDGE('',*,*,#3843,.T.);
#1835=ORIENTED_EDGE('',*,*,#4000,.F.);
#1836=ORIENTED_EDGE('',*,*,#4151,.T.);
#1837=ORIENTED_EDGE('',*,*,#4150,.F.);
#1838=ORIENTED_EDGE('',*,*,#4152,.F.);
#1839=ORIENTED_EDGE('',*,*,#4153,.F.);
#1840=ORIENTED_EDGE('',*,*,#3838,.F.);
#1841=ORIENTED_EDGE('',*,*,#4001,.T.);
#1842=ORIENTED_EDGE('',*,*,#3841,.T.);
#1843=ORIENTED_EDGE('',*,*,#3839,.T.);
#1844=ORIENTED_EDGE('',*,*,#4153,.T.);
#1845=ORIENTED_EDGE('',*,*,#4154,.T.);
#1846=ORIENTED_EDGE('',*,*,#4155,.F.);
#1847=ORIENTED_EDGE('',*,*,#4156,.F.);
#1848=ORIENTED_EDGE('',*,*,#4157,.F.);
#1849=ORIENTED_EDGE('',*,*,#4158,.F.);
#1850=ORIENTED_EDGE('',*,*,#4159,.F.);
#1851=ORIENTED_EDGE('',*,*,#4160,.T.);
#1852=ORIENTED_EDGE('',*,*,#4161,.T.);
#1853=ORIENTED_EDGE('',*,*,#4162,.F.);
#1854=ORIENTED_EDGE('',*,*,#4159,.T.);
#1855=ORIENTED_EDGE('',*,*,#3844,.F.);
#1856=ORIENTED_EDGE('',*,*,#4163,.T.);
#1857=ORIENTED_EDGE('',*,*,#4164,.F.);
#1858=ORIENTED_EDGE('',*,*,#4165,.F.);
#1859=ORIENTED_EDGE('',*,*,#4166,.F.);
#1860=ORIENTED_EDGE('',*,*,#4161,.F.);
#1861=ORIENTED_EDGE('',*,*,#4167,.F.);
#1862=ORIENTED_EDGE('',*,*,#4168,.T.);
#1863=ORIENTED_EDGE('',*,*,#4156,.T.);
#1864=ORIENTED_EDGE('',*,*,#4162,.T.);
#1865=ORIENTED_EDGE('',*,*,#4166,.T.);
#1866=ORIENTED_EDGE('',*,*,#4169,.T.);
#1867=ORIENTED_EDGE('',*,*,#4170,.F.);
#1868=ORIENTED_EDGE('',*,*,#4171,.T.);
#1869=ORIENTED_EDGE('',*,*,#3845,.F.);
#1870=ORIENTED_EDGE('',*,*,#3851,.T.);
#1871=ORIENTED_EDGE('',*,*,#3939,.F.);
#1872=ORIENTED_EDGE('',*,*,#4172,.T.);
#1873=ORIENTED_EDGE('',*,*,#4171,.F.);
#1874=ORIENTED_EDGE('',*,*,#4173,.F.);
#1875=ORIENTED_EDGE('',*,*,#4174,.F.);
#1876=ORIENTED_EDGE('',*,*,#3846,.F.);
#1877=ORIENTED_EDGE('',*,*,#3940,.T.);
#1878=ORIENTED_EDGE('',*,*,#3849,.T.);
#1879=ORIENTED_EDGE('',*,*,#3847,.T.);
#1880=ORIENTED_EDGE('',*,*,#4174,.T.);
#1881=ORIENTED_EDGE('',*,*,#4175,.T.);
#1882=ORIENTED_EDGE('',*,*,#4176,.F.);
#1883=ORIENTED_EDGE('',*,*,#4177,.F.);
#1884=ORIENTED_EDGE('',*,*,#4178,.F.);
#1885=ORIENTED_EDGE('',*,*,#4179,.F.);
#1886=ORIENTED_EDGE('',*,*,#4180,.F.);
#1887=ORIENTED_EDGE('',*,*,#4181,.T.);
#1888=ORIENTED_EDGE('',*,*,#4182,.T.);
#1889=ORIENTED_EDGE('',*,*,#4183,.F.);
#1890=ORIENTED_EDGE('',*,*,#4180,.T.);
#1891=ORIENTED_EDGE('',*,*,#3852,.F.);
#1892=ORIENTED_EDGE('',*,*,#4184,.T.);
#1893=ORIENTED_EDGE('',*,*,#4185,.F.);
#1894=ORIENTED_EDGE('',*,*,#4186,.F.);
#1895=ORIENTED_EDGE('',*,*,#4187,.F.);
#1896=ORIENTED_EDGE('',*,*,#4182,.F.);
#1897=ORIENTED_EDGE('',*,*,#4188,.F.);
#1898=ORIENTED_EDGE('',*,*,#4189,.T.);
#1899=ORIENTED_EDGE('',*,*,#4177,.T.);
#1900=ORIENTED_EDGE('',*,*,#4183,.T.);
#1901=ORIENTED_EDGE('',*,*,#4187,.T.);
#1902=ORIENTED_EDGE('',*,*,#4190,.T.);
#1903=ORIENTED_EDGE('',*,*,#3970,.F.);
#1904=ORIENTED_EDGE('',*,*,#4191,.T.);
#1905=ORIENTED_EDGE('',*,*,#4192,.F.);
#1906=ORIENTED_EDGE('',*,*,#4193,.T.);
#1907=ORIENTED_EDGE('',*,*,#3853,.F.);
#1908=ORIENTED_EDGE('',*,*,#3859,.T.);
#1909=ORIENTED_EDGE('',*,*,#4193,.F.);
#1910=ORIENTED_EDGE('',*,*,#4194,.F.);
#1911=ORIENTED_EDGE('',*,*,#4195,.F.);
#1912=ORIENTED_EDGE('',*,*,#3854,.F.);
#1913=ORIENTED_EDGE('',*,*,#4196,.F.);
#1914=ORIENTED_EDGE('',*,*,#3971,.T.);
#1915=ORIENTED_EDGE('',*,*,#3857,.T.);
#1916=ORIENTED_EDGE('',*,*,#3855,.T.);
#1917=ORIENTED_EDGE('',*,*,#4195,.T.);
#1918=ORIENTED_EDGE('',*,*,#4197,.T.);
#1919=ORIENTED_EDGE('',*,*,#4198,.F.);
#1920=ORIENTED_EDGE('',*,*,#4199,.F.);
#1921=ORIENTED_EDGE('',*,*,#4200,.F.);
#1922=ORIENTED_EDGE('',*,*,#4201,.F.);
#1923=ORIENTED_EDGE('',*,*,#4202,.T.);
#1924=ORIENTED_EDGE('',*,*,#4203,.T.);
#1925=ORIENTED_EDGE('',*,*,#4204,.F.);
#1926=ORIENTED_EDGE('',*,*,#4201,.T.);
#1927=ORIENTED_EDGE('',*,*,#3860,.F.);
#1928=ORIENTED_EDGE('',*,*,#4205,.T.);
#1929=ORIENTED_EDGE('',*,*,#4206,.F.);
#1930=ORIENTED_EDGE('',*,*,#4207,.F.);
#1931=ORIENTED_EDGE('',*,*,#4208,.F.);
#1932=ORIENTED_EDGE('',*,*,#4203,.F.);
#1933=ORIENTED_EDGE('',*,*,#4209,.T.);
#1934=ORIENTED_EDGE('',*,*,#4198,.T.);
#1935=ORIENTED_EDGE('',*,*,#4204,.T.);
#1936=ORIENTED_EDGE('',*,*,#4208,.T.);
#1937=ORIENTED_EDGE('',*,*,#4210,.T.);
#1938=ORIENTED_EDGE('',*,*,#4211,.F.);
#1939=ORIENTED_EDGE('',*,*,#4212,.F.);
#1940=ORIENTED_EDGE('',*,*,#4213,.T.);
#1941=ORIENTED_EDGE('',*,*,#3861,.F.);
#1942=ORIENTED_EDGE('',*,*,#3867,.T.);
#1943=ORIENTED_EDGE('',*,*,#3959,.F.);
#1944=ORIENTED_EDGE('',*,*,#4214,.T.);
#1945=ORIENTED_EDGE('',*,*,#4213,.F.);
#1946=ORIENTED_EDGE('',*,*,#4215,.F.);
#1947=ORIENTED_EDGE('',*,*,#4216,.F.);
#1948=ORIENTED_EDGE('',*,*,#3862,.F.);
#1949=ORIENTED_EDGE('',*,*,#3960,.T.);
#1950=ORIENTED_EDGE('',*,*,#3865,.T.);
#1951=ORIENTED_EDGE('',*,*,#3863,.T.);
#1952=ORIENTED_EDGE('',*,*,#4216,.T.);
#1953=ORIENTED_EDGE('',*,*,#4217,.T.);
#1954=ORIENTED_EDGE('',*,*,#4218,.F.);
#1955=ORIENTED_EDGE('',*,*,#4219,.F.);
#1956=ORIENTED_EDGE('',*,*,#4220,.F.);
#1957=ORIENTED_EDGE('',*,*,#4221,.F.);
#1958=ORIENTED_EDGE('',*,*,#4222,.F.);
#1959=ORIENTED_EDGE('',*,*,#4223,.T.);
#1960=ORIENTED_EDGE('',*,*,#4224,.T.);
#1961=ORIENTED_EDGE('',*,*,#4225,.F.);
#1962=ORIENTED_EDGE('',*,*,#4222,.T.);
#1963=ORIENTED_EDGE('',*,*,#3868,.F.);
#1964=ORIENTED_EDGE('',*,*,#4226,.T.);
#1965=ORIENTED_EDGE('',*,*,#4227,.F.);
#1966=ORIENTED_EDGE('',*,*,#4228,.F.);
#1967=ORIENTED_EDGE('',*,*,#4229,.F.);
#1968=ORIENTED_EDGE('',*,*,#4224,.F.);
#1969=ORIENTED_EDGE('',*,*,#4230,.F.);
#1970=ORIENTED_EDGE('',*,*,#4231,.T.);
#1971=ORIENTED_EDGE('',*,*,#4219,.T.);
#1972=ORIENTED_EDGE('',*,*,#4225,.T.);
#1973=ORIENTED_EDGE('',*,*,#4229,.T.);
#1974=ORIENTED_EDGE('',*,*,#4232,.T.);
#1975=ORIENTED_EDGE('',*,*,#4233,.F.);
#1976=ORIENTED_EDGE('',*,*,#4234,.F.);
#1977=ORIENTED_EDGE('',*,*,#4235,.F.);
#1978=ORIENTED_EDGE('',*,*,#4236,.F.);
#1979=ORIENTED_EDGE('',*,*,#4237,.T.);
#1980=ORIENTED_EDGE('',*,*,#4236,.T.);
#1981=ORIENTED_EDGE('',*,*,#4238,.F.);
#1982=ORIENTED_EDGE('',*,*,#4239,.T.);
#1983=ORIENTED_EDGE('',*,*,#3869,.F.);
#1984=ORIENTED_EDGE('',*,*,#4240,.T.);
#1985=ORIENTED_EDGE('',*,*,#4241,.F.);
#1986=ORIENTED_EDGE('',*,*,#4242,.F.);
#1987=ORIENTED_EDGE('',*,*,#4243,.F.);
#1988=ORIENTED_EDGE('',*,*,#4239,.F.);
#1989=ORIENTED_EDGE('',*,*,#4244,.F.);
#1990=ORIENTED_EDGE('',*,*,#4233,.T.);
#1991=ORIENTED_EDGE('',*,*,#4237,.F.);
#1992=ORIENTED_EDGE('',*,*,#4243,.T.);
#1993=ORIENTED_EDGE('',*,*,#4245,.F.);
#1994=ORIENTED_EDGE('',*,*,#4246,.T.);
#1995=ORIENTED_EDGE('',*,*,#3962,.F.);
#1996=ORIENTED_EDGE('',*,*,#4247,.T.);
#1997=ORIENTED_EDGE('',*,*,#4248,.F.);
#1998=ORIENTED_EDGE('',*,*,#4249,.T.);
#1999=ORIENTED_EDGE('',*,*,#3870,.F.);
#2000=ORIENTED_EDGE('',*,*,#3876,.T.);
#2001=ORIENTED_EDGE('',*,*,#4249,.F.);
#2002=ORIENTED_EDGE('',*,*,#4250,.F.);
#2003=ORIENTED_EDGE('',*,*,#4251,.F.);
#2004=ORIENTED_EDGE('',*,*,#3871,.F.);
#2005=ORIENTED_EDGE('',*,*,#4252,.F.);
#2006=ORIENTED_EDGE('',*,*,#3963,.T.);
#2007=ORIENTED_EDGE('',*,*,#3874,.T.);
#2008=ORIENTED_EDGE('',*,*,#3872,.T.);
#2009=ORIENTED_EDGE('',*,*,#4251,.T.);
#2010=ORIENTED_EDGE('',*,*,#4253,.T.);
#2011=ORIENTED_EDGE('',*,*,#4254,.F.);
#2012=ORIENTED_EDGE('',*,*,#4255,.F.);
#2013=ORIENTED_EDGE('',*,*,#4256,.F.);
#2014=ORIENTED_EDGE('',*,*,#4257,.F.);
#2015=ORIENTED_EDGE('',*,*,#4258,.T.);
#2016=ORIENTED_EDGE('',*,*,#4257,.T.);
#2017=ORIENTED_EDGE('',*,*,#4259,.F.);
#2018=ORIENTED_EDGE('',*,*,#4260,.T.);
#2019=ORIENTED_EDGE('',*,*,#3877,.F.);
#2020=ORIENTED_EDGE('',*,*,#4261,.T.);
#2021=ORIENTED_EDGE('',*,*,#4262,.F.);
#2022=ORIENTED_EDGE('',*,*,#4263,.F.);
#2023=ORIENTED_EDGE('',*,*,#4264,.F.);
#2024=ORIENTED_EDGE('',*,*,#4260,.F.);
#2025=ORIENTED_EDGE('',*,*,#4265,.F.);
#2026=ORIENTED_EDGE('',*,*,#4254,.T.);
#2027=ORIENTED_EDGE('',*,*,#4258,.F.);
#2028=ORIENTED_EDGE('',*,*,#4264,.T.);
#2029=ORIENTED_EDGE('',*,*,#4266,.F.);
#2030=ORIENTED_EDGE('',*,*,#4267,.T.);
#2031=ORIENTED_EDGE('',*,*,#3991,.F.);
#2032=ORIENTED_EDGE('',*,*,#4268,.T.);
#2033=ORIENTED_EDGE('',*,*,#4269,.F.);
#2034=ORIENTED_EDGE('',*,*,#4270,.T.);
#2035=ORIENTED_EDGE('',*,*,#3878,.F.);
#2036=ORIENTED_EDGE('',*,*,#3884,.T.);
#2037=ORIENTED_EDGE('',*,*,#4270,.F.);
#2038=ORIENTED_EDGE('',*,*,#4271,.F.);
#2039=ORIENTED_EDGE('',*,*,#4272,.F.);
#2040=ORIENTED_EDGE('',*,*,#3879,.F.);
#2041=ORIENTED_EDGE('',*,*,#4273,.F.);
#2042=ORIENTED_EDGE('',*,*,#3992,.T.);
#2043=ORIENTED_EDGE('',*,*,#3882,.T.);
#2044=ORIENTED_EDGE('',*,*,#3880,.T.);
#2045=ORIENTED_EDGE('',*,*,#4272,.T.);
#2046=ORIENTED_EDGE('',*,*,#4274,.T.);
#2047=ORIENTED_EDGE('',*,*,#4275,.F.);
#2048=ORIENTED_EDGE('',*,*,#4276,.F.);
#2049=ORIENTED_EDGE('',*,*,#4277,.F.);
#2050=ORIENTED_EDGE('',*,*,#4278,.F.);
#2051=ORIENTED_EDGE('',*,*,#4279,.T.);
#2052=ORIENTED_EDGE('',*,*,#4278,.T.);
#2053=ORIENTED_EDGE('',*,*,#4280,.F.);
#2054=ORIENTED_EDGE('',*,*,#4281,.T.);
#2055=ORIENTED_EDGE('',*,*,#3885,.F.);
#2056=ORIENTED_EDGE('',*,*,#4282,.T.);
#2057=ORIENTED_EDGE('',*,*,#4283,.F.);
#2058=ORIENTED_EDGE('',*,*,#4284,.F.);
#2059=ORIENTED_EDGE('',*,*,#4285,.F.);
#2060=ORIENTED_EDGE('',*,*,#4281,.F.);
#2061=ORIENTED_EDGE('',*,*,#4286,.F.);
#2062=ORIENTED_EDGE('',*,*,#4275,.T.);
#2063=ORIENTED_EDGE('',*,*,#4279,.F.);
#2064=ORIENTED_EDGE('',*,*,#4285,.T.);
#2065=ORIENTED_EDGE('',*,*,#4287,.F.);
#2066=ORIENTED_EDGE('',*,*,#4288,.T.);
#2067=ORIENTED_EDGE('',*,*,#4289,.F.);
#2068=ORIENTED_EDGE('',*,*,#4290,.T.);
#2069=ORIENTED_EDGE('',*,*,#4291,.F.);
#2070=ORIENTED_EDGE('',*,*,#4292,.T.);
#2071=ORIENTED_EDGE('',*,*,#3591,.F.);
#2072=ORIENTED_EDGE('',*,*,#4089,.T.);
#2073=ORIENTED_EDGE('',*,*,#4292,.F.);
#2074=ORIENTED_EDGE('',*,*,#4293,.F.);
#2075=ORIENTED_EDGE('',*,*,#4294,.F.);
#2076=ORIENTED_EDGE('',*,*,#3592,.F.);
#2077=ORIENTED_EDGE('',*,*,#3897,.F.);
#2078=ORIENTED_EDGE('',*,*,#4028,.F.);
#2079=ORIENTED_EDGE('',*,*,#3893,.F.);
#2080=ORIENTED_EDGE('',*,*,#4046,.F.);
#2081=ORIENTED_EDGE('',*,*,#3889,.T.);
#2082=ORIENTED_EDGE('',*,*,#4022,.F.);
#2083=ORIENTED_EDGE('',*,*,#3886,.T.);
#2084=ORIENTED_EDGE('',*,*,#3998,.F.);
#2085=ORIENTED_EDGE('',*,*,#4295,.T.);
#2086=ORIENTED_EDGE('',*,*,#4296,.T.);
#2087=ORIENTED_EDGE('',*,*,#4297,.F.);
#2088=ORIENTED_EDGE('',*,*,#4298,.F.);
#2089=ORIENTED_EDGE('',*,*,#4096,.F.);
#2090=ORIENTED_EDGE('',*,*,#4299,.F.);
#2091=ORIENTED_EDGE('',*,*,#4098,.F.);
#2092=ORIENTED_EDGE('',*,*,#4300,.F.);
#2093=ORIENTED_EDGE('',*,*,#4058,.T.);
#2094=ORIENTED_EDGE('',*,*,#3982,.F.);
#2095=ORIENTED_EDGE('',*,*,#3898,.T.);
#2096=ORIENTED_EDGE('',*,*,#3987,.F.);
#2097=ORIENTED_EDGE('',*,*,#4301,.T.);
#2098=ORIENTED_EDGE('',*,*,#4302,.T.);
#2099=ORIENTED_EDGE('',*,*,#4303,.F.);
#2100=ORIENTED_EDGE('',*,*,#4304,.F.);
#2101=ORIENTED_EDGE('',*,*,#4214,.F.);
#2102=ORIENTED_EDGE('',*,*,#3958,.F.);
#2103=ORIENTED_EDGE('',*,*,#3902,.F.);
#2104=ORIENTED_EDGE('',*,*,#3972,.F.);
#2105=ORIENTED_EDGE('',*,*,#4196,.T.);
#2106=ORIENTED_EDGE('',*,*,#4305,.F.);
#2107=ORIENTED_EDGE('',*,*,#4211,.T.);
#2108=ORIENTED_EDGE('',*,*,#4306,.F.);
#2109=ORIENTED_EDGE('',*,*,#4307,.T.);
#2110=ORIENTED_EDGE('',*,*,#4308,.T.);
#2111=ORIENTED_EDGE('',*,*,#4309,.F.);
#2112=ORIENTED_EDGE('',*,*,#4310,.F.);
#2113=ORIENTED_EDGE('',*,*,#4311,.F.);
#2114=ORIENTED_EDGE('',*,*,#4090,.T.);
#2115=ORIENTED_EDGE('',*,*,#3993,.F.);
#2116=ORIENTED_EDGE('',*,*,#4273,.T.);
#2117=ORIENTED_EDGE('',*,*,#4312,.F.);
#2118=ORIENTED_EDGE('',*,*,#4288,.F.);
#2119=ORIENTED_EDGE('',*,*,#4313,.F.);
#2120=ORIENTED_EDGE('',*,*,#4290,.F.);
#2121=ORIENTED_EDGE('',*,*,#4314,.T.);
#2122=ORIENTED_EDGE('',*,*,#4315,.T.);
#2123=ORIENTED_EDGE('',*,*,#4316,.F.);
#2124=ORIENTED_EDGE('',*,*,#4317,.F.);
#2125=ORIENTED_EDGE('',*,*,#3961,.F.);
#2126=ORIENTED_EDGE('',*,*,#4218,.T.);
#2127=ORIENTED_EDGE('',*,*,#4318,.F.);
#2128=ORIENTED_EDGE('',*,*,#4230,.T.);
#2129=ORIENTED_EDGE('',*,*,#4319,.F.);
#2130=ORIENTED_EDGE('',*,*,#4246,.F.);
#2131=ORIENTED_EDGE('',*,*,#4320,.F.);
#2132=ORIENTED_EDGE('',*,*,#4247,.F.);
#2133=ORIENTED_EDGE('',*,*,#4321,.T.);
#2134=ORIENTED_EDGE('',*,*,#4322,.T.);
#2135=ORIENTED_EDGE('',*,*,#4323,.F.);
#2136=ORIENTED_EDGE('',*,*,#4324,.F.);
#2137=ORIENTED_EDGE('',*,*,#3915,.F.);
#2138=ORIENTED_EDGE('',*,*,#3947,.F.);
#2139=ORIENTED_EDGE('',*,*,#3911,.F.);
#2140=ORIENTED_EDGE('',*,*,#4029,.F.);
#2141=ORIENTED_EDGE('',*,*,#3909,.T.);
#2142=ORIENTED_EDGE('',*,*,#4003,.F.);
#2143=ORIENTED_EDGE('',*,*,#3904,.T.);
#2144=ORIENTED_EDGE('',*,*,#3937,.F.);
#2145=ORIENTED_EDGE('',*,*,#4325,.T.);
#2146=ORIENTED_EDGE('',*,*,#4326,.T.);
#2147=ORIENTED_EDGE('',*,*,#4327,.F.);
#2148=ORIENTED_EDGE('',*,*,#4328,.F.);
#2149=ORIENTED_EDGE('',*,*,#3927,.F.);
#2150=ORIENTED_EDGE('',*,*,#3979,.F.);
#2151=ORIENTED_EDGE('',*,*,#3924,.F.);
#2152=ORIENTED_EDGE('',*,*,#3948,.F.);
#2153=ORIENTED_EDGE('',*,*,#3921,.T.);
#2154=ORIENTED_EDGE('',*,*,#3942,.F.);
#2155=ORIENTED_EDGE('',*,*,#3918,.T.);
#2156=ORIENTED_EDGE('',*,*,#3968,.F.);
#2157=ORIENTED_EDGE('',*,*,#4329,.T.);
#2158=ORIENTED_EDGE('',*,*,#4330,.T.);
#2159=ORIENTED_EDGE('',*,*,#4331,.F.);
#2160=ORIENTED_EDGE('',*,*,#4332,.F.);
#2161=ORIENTED_EDGE('',*,*,#4191,.F.);
#2162=ORIENTED_EDGE('',*,*,#3969,.F.);
#2163=ORIENTED_EDGE('',*,*,#3930,.F.);
#2164=ORIENTED_EDGE('',*,*,#3941,.F.);
#2165=ORIENTED_EDGE('',*,*,#4176,.T.);
#2166=ORIENTED_EDGE('',*,*,#4333,.F.);
#2167=ORIENTED_EDGE('',*,*,#4188,.T.);
#2168=ORIENTED_EDGE('',*,*,#4334,.F.);
#2169=ORIENTED_EDGE('',*,*,#4335,.T.);
#2170=ORIENTED_EDGE('',*,*,#4336,.T.);
#2171=ORIENTED_EDGE('',*,*,#4337,.F.);
#2172=ORIENTED_EDGE('',*,*,#4338,.F.);
#2173=ORIENTED_EDGE('',*,*,#4062,.F.);
#2174=ORIENTED_EDGE('',*,*,#4339,.F.);
#2175=ORIENTED_EDGE('',*,*,#4076,.F.);
#2176=ORIENTED_EDGE('',*,*,#4340,.F.);
#2177=ORIENTED_EDGE('',*,*,#4077,.T.);
#2178=ORIENTED_EDGE('',*,*,#3949,.F.);
#2179=ORIENTED_EDGE('',*,*,#3933,.T.);
#2180=ORIENTED_EDGE('',*,*,#3978,.F.);
#2181=ORIENTED_EDGE('',*,*,#4341,.T.);
#2182=ORIENTED_EDGE('',*,*,#4342,.T.);
#2183=ORIENTED_EDGE('',*,*,#4343,.F.);
#2184=ORIENTED_EDGE('',*,*,#4344,.F.);
#2185=ORIENTED_EDGE('',*,*,#4172,.F.);
#2186=ORIENTED_EDGE('',*,*,#3938,.F.);
#2187=ORIENTED_EDGE('',*,*,#3935,.F.);
#2188=ORIENTED_EDGE('',*,*,#4002,.F.);
#2189=ORIENTED_EDGE('',*,*,#4155,.T.);
#2190=ORIENTED_EDGE('',*,*,#4345,.F.);
#2191=ORIENTED_EDGE('',*,*,#4167,.T.);
#2192=ORIENTED_EDGE('',*,*,#4346,.F.);
#2193=ORIENTED_EDGE('',*,*,#4347,.T.);
#2194=ORIENTED_EDGE('',*,*,#4348,.T.);
#2195=ORIENTED_EDGE('',*,*,#4349,.F.);
#2196=ORIENTED_EDGE('',*,*,#4350,.F.);
#2197=ORIENTED_EDGE('',*,*,#4083,.F.);
#2198=ORIENTED_EDGE('',*,*,#4351,.F.);
#2199=ORIENTED_EDGE('',*,*,#4107,.F.);
#2200=ORIENTED_EDGE('',*,*,#4352,.F.);
#2201=ORIENTED_EDGE('',*,*,#4109,.T.);
#2202=ORIENTED_EDGE('',*,*,#4030,.F.);
#2203=ORIENTED_EDGE('',*,*,#3950,.T.);
#2204=ORIENTED_EDGE('',*,*,#3945,.F.);
#2205=ORIENTED_EDGE('',*,*,#4353,.T.);
#2206=ORIENTED_EDGE('',*,*,#4354,.T.);
#2207=ORIENTED_EDGE('',*,*,#4355,.F.);
#2208=ORIENTED_EDGE('',*,*,#4356,.F.);
#2209=ORIENTED_EDGE('',*,*,#3990,.F.);
#2210=ORIENTED_EDGE('',*,*,#3954,.T.);
#2211=ORIENTED_EDGE('',*,*,#3964,.F.);
#2212=ORIENTED_EDGE('',*,*,#4252,.T.);
#2213=ORIENTED_EDGE('',*,*,#4357,.F.);
#2214=ORIENTED_EDGE('',*,*,#4267,.F.);
#2215=ORIENTED_EDGE('',*,*,#4358,.F.);
#2216=ORIENTED_EDGE('',*,*,#4268,.F.);
#2217=ORIENTED_EDGE('',*,*,#4359,.T.);
#2218=ORIENTED_EDGE('',*,*,#4360,.T.);
#2219=ORIENTED_EDGE('',*,*,#4361,.F.);
#2220=ORIENTED_EDGE('',*,*,#4362,.F.);
#2221=ORIENTED_EDGE('',*,*,#3994,.F.);
#2222=ORIENTED_EDGE('',*,*,#3988,.F.);
#2223=ORIENTED_EDGE('',*,*,#3983,.F.);
#2224=ORIENTED_EDGE('',*,*,#3980,.F.);
#2225=ORIENTED_EDGE('',*,*,#3975,.T.);
#2226=ORIENTED_EDGE('',*,*,#3973,.F.);
#2227=ORIENTED_EDGE('',*,*,#3965,.T.);
#2228=ORIENTED_EDGE('',*,*,#3956,.F.);
#2229=ORIENTED_EDGE('',*,*,#4363,.T.);
#2230=ORIENTED_EDGE('',*,*,#4364,.T.);
#2231=ORIENTED_EDGE('',*,*,#4365,.F.);
#2232=ORIENTED_EDGE('',*,*,#4366,.F.);
#2233=ORIENTED_EDGE('',*,*,#4151,.F.);
#2234=ORIENTED_EDGE('',*,*,#3999,.F.);
#2235=ORIENTED_EDGE('',*,*,#3996,.F.);
#2236=ORIENTED_EDGE('',*,*,#4021,.F.);
#2237=ORIENTED_EDGE('',*,*,#4133,.T.);
#2238=ORIENTED_EDGE('',*,*,#4367,.F.);
#2239=ORIENTED_EDGE('',*,*,#4146,.T.);
#2240=ORIENTED_EDGE('',*,*,#4368,.F.);
#2241=ORIENTED_EDGE('',*,*,#4369,.T.);
#2242=ORIENTED_EDGE('',*,*,#4370,.T.);
#2243=ORIENTED_EDGE('',*,*,#4371,.F.);
#2244=ORIENTED_EDGE('',*,*,#4372,.F.);
#2245=ORIENTED_EDGE('',*,*,#4373,.F.);
#2246=ORIENTED_EDGE('',*,*,#4374,.T.);
#2247=ORIENTED_EDGE('',*,*,#4007,.T.);
#2248=ORIENTED_EDGE('',*,*,#4375,.F.);
#2249=ORIENTED_EDGE('',*,*,#4374,.F.);
#2250=ORIENTED_EDGE('',*,*,#4376,.T.);
#2251=ORIENTED_EDGE('',*,*,#4377,.T.);
#2252=ORIENTED_EDGE('',*,*,#4044,.F.);
#2253=ORIENTED_EDGE('',*,*,#4004,.T.);
#2254=ORIENTED_EDGE('',*,*,#4378,.F.);
#2255=ORIENTED_EDGE('',*,*,#4375,.T.);
#2256=ORIENTED_EDGE('',*,*,#4006,.T.);
#2257=ORIENTED_EDGE('',*,*,#4043,.T.);
#2258=ORIENTED_EDGE('',*,*,#4379,.F.);
#2259=ORIENTED_EDGE('',*,*,#3560,.F.);
#2260=ORIENTED_EDGE('',*,*,#4380,.T.);
#2261=ORIENTED_EDGE('',*,*,#4014,.T.);
#2262=ORIENTED_EDGE('',*,*,#4381,.F.);
#2263=ORIENTED_EDGE('',*,*,#4380,.F.);
#2264=ORIENTED_EDGE('',*,*,#3559,.T.);
#2265=ORIENTED_EDGE('',*,*,#4382,.T.);
#2266=ORIENTED_EDGE('',*,*,#4017,.F.);
#2267=ORIENTED_EDGE('',*,*,#4011,.T.);
#2268=ORIENTED_EDGE('',*,*,#4383,.T.);
#2269=ORIENTED_EDGE('',*,*,#3562,.F.);
#2270=ORIENTED_EDGE('',*,*,#4384,.T.);
#2271=ORIENTED_EDGE('',*,*,#4015,.F.);
#2272=ORIENTED_EDGE('',*,*,#4009,.F.);
#2273=ORIENTED_EDGE('',*,*,#4045,.F.);
#2274=ORIENTED_EDGE('',*,*,#4377,.F.);
#2275=ORIENTED_EDGE('',*,*,#4385,.F.);
#2276=ORIENTED_EDGE('',*,*,#4386,.T.);
#2277=ORIENTED_EDGE('',*,*,#4387,.T.);
#2278=ORIENTED_EDGE('',*,*,#3561,.F.);
#2279=ORIENTED_EDGE('',*,*,#4381,.T.);
#2280=ORIENTED_EDGE('',*,*,#4013,.T.);
#2281=ORIENTED_EDGE('',*,*,#4016,.T.);
#2282=ORIENTED_EDGE('',*,*,#4384,.F.);
#2283=ORIENTED_EDGE('',*,*,#4388,.F.);
#2284=ORIENTED_EDGE('',*,*,#4389,.T.);
#2285=ORIENTED_EDGE('',*,*,#4390,.F.);
#2286=ORIENTED_EDGE('',*,*,#4128,.F.);
#2287=ORIENTED_EDGE('',*,*,#4018,.F.);
#2288=ORIENTED_EDGE('',*,*,#4382,.F.);
#2289=ORIENTED_EDGE('',*,*,#3558,.F.);
#2290=ORIENTED_EDGE('',*,*,#4391,.T.);
#2291=ORIENTED_EDGE('',*,*,#4392,.T.);
#2292=ORIENTED_EDGE('',*,*,#4393,.F.);
#2293=ORIENTED_EDGE('',*,*,#4394,.F.);
#2294=ORIENTED_EDGE('',*,*,#4395,.T.);
#2295=ORIENTED_EDGE('',*,*,#4126,.T.);
#2296=ORIENTED_EDGE('',*,*,#4396,.T.);
#2297=ORIENTED_EDGE('',*,*,#4389,.F.);
#2298=ORIENTED_EDGE('',*,*,#4397,.F.);
#2299=ORIENTED_EDGE('',*,*,#4398,.T.);
#2300=ORIENTED_EDGE('',*,*,#4127,.T.);
#2301=ORIENTED_EDGE('',*,*,#4395,.F.);
#2302=ORIENTED_EDGE('',*,*,#4023,.F.);
#2303=ORIENTED_EDGE('',*,*,#4399,.T.);
#2304=ORIENTED_EDGE('',*,*,#4400,.F.);
#2305=ORIENTED_EDGE('',*,*,#4401,.F.);
#2306=ORIENTED_EDGE('',*,*,#4402,.F.);
#2307=ORIENTED_EDGE('',*,*,#4122,.F.);
#2308=ORIENTED_EDGE('',*,*,#4403,.F.);
#2309=ORIENTED_EDGE('',*,*,#4404,.T.);
#2310=ORIENTED_EDGE('',*,*,#4405,.F.);
#2311=ORIENTED_EDGE('',*,*,#4116,.T.);
#2312=ORIENTED_EDGE('',*,*,#4120,.F.);
#2313=ORIENTED_EDGE('',*,*,#4402,.T.);
#2314=ORIENTED_EDGE('',*,*,#4115,.F.);
#2315=ORIENTED_EDGE('',*,*,#4406,.F.);
#2316=ORIENTED_EDGE('',*,*,#4404,.F.);
#2317=ORIENTED_EDGE('',*,*,#4407,.F.);
#2318=ORIENTED_EDGE('',*,*,#4408,.T.);
#2319=ORIENTED_EDGE('',*,*,#4047,.F.);
#2320=ORIENTED_EDGE('',*,*,#4031,.T.);
#2321=ORIENTED_EDGE('',*,*,#4026,.F.);
#2322=ORIENTED_EDGE('',*,*,#4409,.T.);
#2323=ORIENTED_EDGE('',*,*,#4410,.T.);
#2324=ORIENTED_EDGE('',*,*,#4411,.F.);
#2325=ORIENTED_EDGE('',*,*,#4412,.F.);
#2326=ORIENTED_EDGE('',*,*,#4408,.F.);
#2327=ORIENTED_EDGE('',*,*,#4413,.T.);
#2328=ORIENTED_EDGE('',*,*,#4414,.T.);
#2329=ORIENTED_EDGE('',*,*,#4035,.T.);
#2330=ORIENTED_EDGE('',*,*,#4039,.T.);
#2331=ORIENTED_EDGE('',*,*,#4040,.T.);
#2332=ORIENTED_EDGE('',*,*,#4414,.F.);
#2333=ORIENTED_EDGE('',*,*,#4415,.F.);
#2334=ORIENTED_EDGE('',*,*,#4416,.F.);
#2335=ORIENTED_EDGE('',*,*,#4036,.F.);
#2336=ORIENTED_EDGE('',*,*,#4417,.F.);
#2337=ORIENTED_EDGE('',*,*,#4418,.T.);
#2338=ORIENTED_EDGE('',*,*,#4041,.F.);
#2339=ORIENTED_EDGE('',*,*,#4037,.T.);
#2340=ORIENTED_EDGE('',*,*,#4033,.F.);
#2341=ORIENTED_EDGE('',*,*,#4416,.T.);
#2342=ORIENTED_EDGE('',*,*,#4419,.F.);
#2343=ORIENTED_EDGE('',*,*,#4420,.F.);
#2344=ORIENTED_EDGE('',*,*,#4421,.F.);
#2345=ORIENTED_EDGE('',*,*,#4422,.F.);
#2346=ORIENTED_EDGE('',*,*,#4423,.F.);
#2347=ORIENTED_EDGE('',*,*,#4424,.T.);
#2348=ORIENTED_EDGE('',*,*,#4425,.T.);
#2349=ORIENTED_EDGE('',*,*,#4426,.F.);
#2350=ORIENTED_EDGE('',*,*,#4419,.T.);
#2351=ORIENTED_EDGE('',*,*,#4427,.F.);
#2352=ORIENTED_EDGE('',*,*,#4379,.T.);
#2353=ORIENTED_EDGE('',*,*,#4042,.F.);
#2354=ORIENTED_EDGE('',*,*,#4418,.F.);
#2355=ORIENTED_EDGE('',*,*,#4428,.F.);
#2356=ORIENTED_EDGE('',*,*,#4425,.F.);
#2357=ORIENTED_EDGE('',*,*,#4429,.F.);
#2358=ORIENTED_EDGE('',*,*,#4430,.T.);
#2359=ORIENTED_EDGE('',*,*,#4431,.T.);
#2360=ORIENTED_EDGE('',*,*,#4432,.F.);
#2361=ORIENTED_EDGE('',*,*,#4433,.F.);
#2362=ORIENTED_EDGE('',*,*,#4423,.T.);
#2363=ORIENTED_EDGE('',*,*,#4422,.T.);
#2364=ORIENTED_EDGE('',*,*,#4434,.F.);
#2365=ORIENTED_EDGE('',*,*,#4435,.F.);
#2366=ORIENTED_EDGE('',*,*,#4436,.F.);
#2367=ORIENTED_EDGE('',*,*,#4437,.F.);
#2368=ORIENTED_EDGE('',*,*,#4438,.F.);
#2369=ORIENTED_EDGE('',*,*,#4439,.F.);
#2370=ORIENTED_EDGE('',*,*,#4440,.F.);
#2371=ORIENTED_EDGE('',*,*,#4441,.F.);
#2372=ORIENTED_EDGE('',*,*,#4442,.F.);
#2373=ORIENTED_EDGE('',*,*,#4443,.F.);
#2374=ORIENTED_EDGE('',*,*,#4444,.F.);
#2375=ORIENTED_EDGE('',*,*,#4445,.F.);
#2376=ORIENTED_EDGE('',*,*,#4446,.F.);
#2377=ORIENTED_EDGE('',*,*,#4447,.F.);
#2378=ORIENTED_EDGE('',*,*,#4448,.F.);
#2379=ORIENTED_EDGE('',*,*,#4449,.F.);
#2380=ORIENTED_EDGE('',*,*,#4450,.F.);
#2381=ORIENTED_EDGE('',*,*,#4451,.F.);
#2382=ORIENTED_EDGE('',*,*,#4452,.T.);
#2383=ORIENTED_EDGE('',*,*,#4053,.T.);
#2384=ORIENTED_EDGE('',*,*,#4050,.T.);
#2385=ORIENTED_EDGE('',*,*,#4102,.T.);
#2386=ORIENTED_EDGE('',*,*,#4453,.T.);
#2387=ORIENTED_EDGE('',*,*,#4454,.F.);
#2388=ORIENTED_EDGE('',*,*,#4436,.T.);
#2389=ORIENTED_EDGE('',*,*,#4455,.T.);
#2390=ORIENTED_EDGE('',*,*,#4456,.T.);
#2391=ORIENTED_EDGE('',*,*,#4457,.F.);
#2392=ORIENTED_EDGE('',*,*,#4064,.T.);
#2393=ORIENTED_EDGE('',*,*,#4074,.T.);
#2394=ORIENTED_EDGE('',*,*,#4339,.T.);
#2395=ORIENTED_EDGE('',*,*,#4061,.T.);
#2396=ORIENTED_EDGE('',*,*,#4059,.T.);
#2397=ORIENTED_EDGE('',*,*,#4056,.F.);
#2398=ORIENTED_EDGE('',*,*,#4300,.T.);
#2399=ORIENTED_EDGE('',*,*,#4097,.T.);
#2400=ORIENTED_EDGE('',*,*,#4054,.T.);
#2401=ORIENTED_EDGE('',*,*,#4452,.F.);
#2402=ORIENTED_EDGE('',*,*,#4458,.T.);
#2403=ORIENTED_EDGE('',*,*,#4052,.F.);
#2404=ORIENTED_EDGE('',*,*,#4459,.T.);
#2405=ORIENTED_EDGE('',*,*,#4071,.T.);
#2406=ORIENTED_EDGE('',*,*,#4068,.T.);
#2407=ORIENTED_EDGE('',*,*,#4065,.T.);
#2408=ORIENTED_EDGE('',*,*,#4457,.T.);
#2409=ORIENTED_EDGE('',*,*,#4460,.F.);
#2410=ORIENTED_EDGE('',*,*,#4461,.F.);
#2411=ORIENTED_EDGE('',*,*,#4440,.T.);
#2412=ORIENTED_EDGE('',*,*,#4462,.T.);
#2413=ORIENTED_EDGE('',*,*,#4463,.T.);
#2414=ORIENTED_EDGE('',*,*,#4464,.F.);
#2415=ORIENTED_EDGE('',*,*,#4085,.T.);
#2416=ORIENTED_EDGE('',*,*,#4108,.T.);
#2417=ORIENTED_EDGE('',*,*,#4351,.T.);
#2418=ORIENTED_EDGE('',*,*,#4082,.T.);
#2419=ORIENTED_EDGE('',*,*,#4080,.T.);
#2420=ORIENTED_EDGE('',*,*,#4078,.F.);
#2421=ORIENTED_EDGE('',*,*,#4340,.T.);
#2422=ORIENTED_EDGE('',*,*,#4075,.T.);
#2423=ORIENTED_EDGE('',*,*,#4072,.T.);
#2424=ORIENTED_EDGE('',*,*,#4459,.F.);
#2425=ORIENTED_EDGE('',*,*,#4465,.T.);
#2426=ORIENTED_EDGE('',*,*,#4070,.F.);
#2427=ORIENTED_EDGE('',*,*,#4466,.F.);
#2428=ORIENTED_EDGE('',*,*,#3602,.T.);
#2429=ORIENTED_EDGE('',*,*,#3624,.T.);
#2430=ORIENTED_EDGE('',*,*,#4086,.T.);
#2431=ORIENTED_EDGE('',*,*,#4464,.T.);
#2432=ORIENTED_EDGE('',*,*,#4467,.F.);
#2433=ORIENTED_EDGE('',*,*,#3571,.T.);
#2434=ORIENTED_EDGE('',*,*,#3593,.T.);
#2435=ORIENTED_EDGE('',*,*,#4294,.T.);
#2436=ORIENTED_EDGE('',*,*,#4468,.T.);
#2437=ORIENTED_EDGE('',*,*,#4469,.F.);
#2438=ORIENTED_EDGE('',*,*,#4444,.T.);
#2439=ORIENTED_EDGE('',*,*,#4470,.T.);
#2440=ORIENTED_EDGE('',*,*,#4471,.T.);
#2441=ORIENTED_EDGE('',*,*,#4453,.F.);
#2442=ORIENTED_EDGE('',*,*,#4101,.T.);
#2443=ORIENTED_EDGE('',*,*,#4099,.T.);
#2444=ORIENTED_EDGE('',*,*,#4299,.T.);
#2445=ORIENTED_EDGE('',*,*,#4095,.T.);
#2446=ORIENTED_EDGE('',*,*,#4093,.T.);
#2447=ORIENTED_EDGE('',*,*,#4091,.F.);
#2448=ORIENTED_EDGE('',*,*,#4311,.T.);
#2449=ORIENTED_EDGE('',*,*,#4289,.T.);
#2450=ORIENTED_EDGE('',*,*,#4088,.T.);
#2451=ORIENTED_EDGE('',*,*,#3581,.F.);
#2452=ORIENTED_EDGE('',*,*,#3588,.T.);
#2453=ORIENTED_EDGE('',*,*,#4087,.F.);
#2454=ORIENTED_EDGE('',*,*,#4472,.F.);
#2455=ORIENTED_EDGE('',*,*,#4448,.T.);
#2456=ORIENTED_EDGE('',*,*,#4473,.T.);
#2457=ORIENTED_EDGE('',*,*,#4474,.T.);
#2458=ORIENTED_EDGE('',*,*,#4475,.F.);
#2459=ORIENTED_EDGE('',*,*,#4117,.T.);
#2460=ORIENTED_EDGE('',*,*,#4405,.T.);
#2461=ORIENTED_EDGE('',*,*,#4406,.T.);
#2462=ORIENTED_EDGE('',*,*,#4114,.T.);
#2463=ORIENTED_EDGE('',*,*,#4112,.T.);
#2464=ORIENTED_EDGE('',*,*,#4110,.F.);
#2465=ORIENTED_EDGE('',*,*,#4352,.T.);
#2466=ORIENTED_EDGE('',*,*,#4106,.T.);
#2467=ORIENTED_EDGE('',*,*,#4104,.T.);
#2468=ORIENTED_EDGE('',*,*,#3612,.F.);
#2469=ORIENTED_EDGE('',*,*,#3619,.T.);
#2470=ORIENTED_EDGE('',*,*,#4103,.F.);
#2471=ORIENTED_EDGE('',*,*,#4476,.F.);
#2472=ORIENTED_EDGE('',*,*,#4477,.T.);
#2473=ORIENTED_EDGE('',*,*,#4400,.T.);
#2474=ORIENTED_EDGE('',*,*,#4121,.T.);
#2475=ORIENTED_EDGE('',*,*,#4118,.T.);
#2476=ORIENTED_EDGE('',*,*,#4475,.T.);
#2477=ORIENTED_EDGE('',*,*,#4478,.F.);
#2478=ORIENTED_EDGE('',*,*,#4479,.F.);
#2479=ORIENTED_EDGE('',*,*,#4480,.F.);
#2480=ORIENTED_EDGE('',*,*,#4481,.F.);
#2481=ORIENTED_EDGE('',*,*,#4482,.F.);
#2482=ORIENTED_EDGE('',*,*,#4483,.F.);
#2483=ORIENTED_EDGE('',*,*,#4484,.F.);
#2484=ORIENTED_EDGE('',*,*,#4485,.F.);
#2485=ORIENTED_EDGE('',*,*,#4398,.F.);
#2486=ORIENTED_EDGE('',*,*,#4486,.T.);
#2487=ORIENTED_EDGE('',*,*,#3523,.T.);
#2488=ORIENTED_EDGE('',*,*,#4487,.F.);
#2489=ORIENTED_EDGE('',*,*,#4124,.T.);
#2490=ORIENTED_EDGE('',*,*,#4134,.F.);
#2491=ORIENTED_EDGE('',*,*,#4131,.T.);
#2492=ORIENTED_EDGE('',*,*,#4129,.T.);
#2493=ORIENTED_EDGE('',*,*,#4390,.T.);
#2494=ORIENTED_EDGE('',*,*,#4396,.F.);
#2495=ORIENTED_EDGE('',*,*,#4125,.T.);
#2496=ORIENTED_EDGE('',*,*,#4487,.T.);
#2497=ORIENTED_EDGE('',*,*,#3522,.T.);
#2498=ORIENTED_EDGE('',*,*,#4488,.T.);
#2499=ORIENTED_EDGE('',*,*,#4136,.T.);
#2500=ORIENTED_EDGE('',*,*,#4147,.F.);
#2501=ORIENTED_EDGE('',*,*,#4367,.T.);
#2502=ORIENTED_EDGE('',*,*,#4123,.F.);
#2503=ORIENTED_EDGE('',*,*,#4488,.F.);
#2504=ORIENTED_EDGE('',*,*,#3521,.T.);
#2505=ORIENTED_EDGE('',*,*,#4489,.F.);
#2506=ORIENTED_EDGE('',*,*,#4143,.T.);
#2507=ORIENTED_EDGE('',*,*,#4139,.F.);
#2508=ORIENTED_EDGE('',*,*,#4137,.T.);
#2509=ORIENTED_EDGE('',*,*,#4154,.F.);
#2510=ORIENTED_EDGE('',*,*,#4152,.T.);
#2511=ORIENTED_EDGE('',*,*,#4149,.T.);
#2512=ORIENTED_EDGE('',*,*,#4368,.T.);
#2513=ORIENTED_EDGE('',*,*,#4148,.F.);
#2514=ORIENTED_EDGE('',*,*,#4144,.T.);
#2515=ORIENTED_EDGE('',*,*,#4489,.T.);
#2516=ORIENTED_EDGE('',*,*,#3520,.T.);
#2517=ORIENTED_EDGE('',*,*,#4490,.T.);
#2518=ORIENTED_EDGE('',*,*,#4157,.T.);
#2519=ORIENTED_EDGE('',*,*,#4168,.F.);
#2520=ORIENTED_EDGE('',*,*,#4345,.T.);
#2521=ORIENTED_EDGE('',*,*,#4142,.F.);
#2522=ORIENTED_EDGE('',*,*,#4490,.F.);
#2523=ORIENTED_EDGE('',*,*,#3519,.T.);
#2524=ORIENTED_EDGE('',*,*,#4491,.F.);
#2525=ORIENTED_EDGE('',*,*,#4164,.T.);
#2526=ORIENTED_EDGE('',*,*,#4160,.F.);
#2527=ORIENTED_EDGE('',*,*,#4158,.T.);
#2528=ORIENTED_EDGE('',*,*,#4175,.F.);
#2529=ORIENTED_EDGE('',*,*,#4173,.T.);
#2530=ORIENTED_EDGE('',*,*,#4170,.T.);
#2531=ORIENTED_EDGE('',*,*,#4346,.T.);
#2532=ORIENTED_EDGE('',*,*,#4169,.F.);
#2533=ORIENTED_EDGE('',*,*,#4165,.T.);
#2534=ORIENTED_EDGE('',*,*,#4491,.T.);
#2535=ORIENTED_EDGE('',*,*,#3518,.T.);
#2536=ORIENTED_EDGE('',*,*,#4492,.T.);
#2537=ORIENTED_EDGE('',*,*,#4178,.T.);
#2538=ORIENTED_EDGE('',*,*,#4189,.F.);
#2539=ORIENTED_EDGE('',*,*,#4333,.T.);
#2540=ORIENTED_EDGE('',*,*,#4163,.F.);
#2541=ORIENTED_EDGE('',*,*,#4492,.F.);
#2542=ORIENTED_EDGE('',*,*,#3517,.T.);
#2543=ORIENTED_EDGE('',*,*,#4493,.F.);
#2544=ORIENTED_EDGE('',*,*,#4185,.T.);
#2545=ORIENTED_EDGE('',*,*,#4181,.F.);
#2546=ORIENTED_EDGE('',*,*,#4179,.T.);
#2547=ORIENTED_EDGE('',*,*,#4197,.F.);
#2548=ORIENTED_EDGE('',*,*,#4194,.T.);
#2549=ORIENTED_EDGE('',*,*,#4192,.T.);
#2550=ORIENTED_EDGE('',*,*,#4334,.T.);
#2551=ORIENTED_EDGE('',*,*,#4190,.F.);
#2552=ORIENTED_EDGE('',*,*,#4186,.T.);
#2553=ORIENTED_EDGE('',*,*,#4493,.T.);
#2554=ORIENTED_EDGE('',*,*,#3516,.T.);
#2555=ORIENTED_EDGE('',*,*,#4494,.T.);
#2556=ORIENTED_EDGE('',*,*,#4199,.T.);
#2557=ORIENTED_EDGE('',*,*,#4209,.F.);
#2558=ORIENTED_EDGE('',*,*,#4305,.T.);
#2559=ORIENTED_EDGE('',*,*,#4184,.F.);
#2560=ORIENTED_EDGE('',*,*,#4495,.F.);
#2561=ORIENTED_EDGE('',*,*,#4206,.T.);
#2562=ORIENTED_EDGE('',*,*,#4202,.F.);
#2563=ORIENTED_EDGE('',*,*,#4200,.T.);
#2564=ORIENTED_EDGE('',*,*,#4494,.F.);
#2565=ORIENTED_EDGE('',*,*,#3515,.T.);
#2566=ORIENTED_EDGE('',*,*,#4217,.F.);
#2567=ORIENTED_EDGE('',*,*,#4215,.T.);
#2568=ORIENTED_EDGE('',*,*,#4212,.T.);
#2569=ORIENTED_EDGE('',*,*,#4306,.T.);
#2570=ORIENTED_EDGE('',*,*,#4210,.F.);
#2571=ORIENTED_EDGE('',*,*,#4207,.T.);
#2572=ORIENTED_EDGE('',*,*,#4495,.T.);
#2573=ORIENTED_EDGE('',*,*,#3514,.T.);
#2574=ORIENTED_EDGE('',*,*,#4496,.T.);
#2575=ORIENTED_EDGE('',*,*,#4220,.T.);
#2576=ORIENTED_EDGE('',*,*,#4231,.F.);
#2577=ORIENTED_EDGE('',*,*,#4318,.T.);
#2578=ORIENTED_EDGE('',*,*,#4205,.F.);
#2579=ORIENTED_EDGE('',*,*,#4496,.F.);
#2580=ORIENTED_EDGE('',*,*,#3513,.T.);
#2581=ORIENTED_EDGE('',*,*,#4497,.F.);
#2582=ORIENTED_EDGE('',*,*,#4227,.T.);
#2583=ORIENTED_EDGE('',*,*,#4223,.F.);
#2584=ORIENTED_EDGE('',*,*,#4221,.T.);
#2585=ORIENTED_EDGE('',*,*,#4498,.F.);
#2586=ORIENTED_EDGE('',*,*,#4234,.T.);
#2587=ORIENTED_EDGE('',*,*,#4244,.T.);
#2588=ORIENTED_EDGE('',*,*,#4319,.T.);
#2589=ORIENTED_EDGE('',*,*,#4232,.F.);
#2590=ORIENTED_EDGE('',*,*,#4228,.T.);
#2591=ORIENTED_EDGE('',*,*,#4497,.T.);
#2592=ORIENTED_EDGE('',*,*,#3512,.T.);
#2593=ORIENTED_EDGE('',*,*,#3535,.T.);
#2594=ORIENTED_EDGE('',*,*,#4226,.F.);
#2595=ORIENTED_EDGE('',*,*,#4499,.T.);
#2596=ORIENTED_EDGE('',*,*,#4241,.T.);
#2597=ORIENTED_EDGE('',*,*,#4238,.T.);
#2598=ORIENTED_EDGE('',*,*,#4235,.T.);
#2599=ORIENTED_EDGE('',*,*,#4498,.T.);
#2600=ORIENTED_EDGE('',*,*,#3534,.F.);
#2601=ORIENTED_EDGE('',*,*,#4500,.F.);
#2602=ORIENTED_EDGE('',*,*,#4255,.T.);
#2603=ORIENTED_EDGE('',*,*,#4265,.T.);
#2604=ORIENTED_EDGE('',*,*,#4357,.T.);
#2605=ORIENTED_EDGE('',*,*,#4253,.F.);
#2606=ORIENTED_EDGE('',*,*,#4250,.T.);
#2607=ORIENTED_EDGE('',*,*,#4248,.T.);
#2608=ORIENTED_EDGE('',*,*,#4320,.T.);
#2609=ORIENTED_EDGE('',*,*,#4245,.T.);
#2610=ORIENTED_EDGE('',*,*,#4242,.T.);
#2611=ORIENTED_EDGE('',*,*,#4499,.F.);
#2612=ORIENTED_EDGE('',*,*,#3533,.T.);
#2613=ORIENTED_EDGE('',*,*,#4501,.T.);
#2614=ORIENTED_EDGE('',*,*,#3555,.T.);
#2615=ORIENTED_EDGE('',*,*,#4240,.F.);
#2616=ORIENTED_EDGE('',*,*,#4502,.T.);
#2617=ORIENTED_EDGE('',*,*,#4262,.T.);
#2618=ORIENTED_EDGE('',*,*,#4259,.T.);
#2619=ORIENTED_EDGE('',*,*,#4256,.T.);
#2620=ORIENTED_EDGE('',*,*,#4500,.T.);
#2621=ORIENTED_EDGE('',*,*,#3554,.F.);
#2622=ORIENTED_EDGE('',*,*,#4503,.F.);
#2623=ORIENTED_EDGE('',*,*,#4276,.T.);
#2624=ORIENTED_EDGE('',*,*,#4286,.T.);
#2625=ORIENTED_EDGE('',*,*,#4312,.T.);
#2626=ORIENTED_EDGE('',*,*,#4274,.F.);
#2627=ORIENTED_EDGE('',*,*,#4271,.T.);
#2628=ORIENTED_EDGE('',*,*,#4269,.T.);
#2629=ORIENTED_EDGE('',*,*,#4358,.T.);
#2630=ORIENTED_EDGE('',*,*,#4266,.T.);
#2631=ORIENTED_EDGE('',*,*,#4263,.T.);
#2632=ORIENTED_EDGE('',*,*,#4502,.F.);
#2633=ORIENTED_EDGE('',*,*,#3553,.T.);
#2634=ORIENTED_EDGE('',*,*,#4504,.T.);
#2635=ORIENTED_EDGE('',*,*,#3505,.T.);
#2636=ORIENTED_EDGE('',*,*,#4261,.F.);
#2637=ORIENTED_EDGE('',*,*,#4505,.T.);
#2638=ORIENTED_EDGE('',*,*,#4283,.T.);
#2639=ORIENTED_EDGE('',*,*,#4280,.T.);
#2640=ORIENTED_EDGE('',*,*,#4277,.T.);
#2641=ORIENTED_EDGE('',*,*,#4503,.T.);
#2642=ORIENTED_EDGE('',*,*,#3504,.F.);
#2643=ORIENTED_EDGE('',*,*,#4506,.F.);
#2644=ORIENTED_EDGE('',*,*,#4483,.T.);
#2645=ORIENTED_EDGE('',*,*,#4507,.T.);
#2646=ORIENTED_EDGE('',*,*,#4508,.T.);
#2647=ORIENTED_EDGE('',*,*,#4468,.F.);
#2648=ORIENTED_EDGE('',*,*,#4293,.T.);
#2649=ORIENTED_EDGE('',*,*,#4291,.T.);
#2650=ORIENTED_EDGE('',*,*,#4313,.T.);
#2651=ORIENTED_EDGE('',*,*,#4287,.T.);
#2652=ORIENTED_EDGE('',*,*,#4284,.T.);
#2653=ORIENTED_EDGE('',*,*,#4505,.F.);
#2654=ORIENTED_EDGE('',*,*,#3503,.T.);
#2655=ORIENTED_EDGE('',*,*,#4282,.F.);
#2656=ORIENTED_EDGE('',*,*,#4509,.T.);
#2657=ORIENTED_EDGE('',*,*,#4297,.T.);
#2658=ORIENTED_EDGE('',*,*,#4510,.F.);
#2659=ORIENTED_EDGE('',*,*,#3428,.F.);
#2660=ORIENTED_EDGE('',*,*,#4511,.T.);
#2661=ORIENTED_EDGE('',*,*,#4298,.T.);
#2662=ORIENTED_EDGE('',*,*,#4509,.F.);
#2663=ORIENTED_EDGE('',*,*,#3427,.F.);
#2664=ORIENTED_EDGE('',*,*,#3426,.T.);
#2665=ORIENTED_EDGE('',*,*,#4512,.T.);
#2666=ORIENTED_EDGE('',*,*,#4295,.F.);
#2667=ORIENTED_EDGE('',*,*,#4511,.F.);
#2668=ORIENTED_EDGE('',*,*,#3425,.T.);
#2669=ORIENTED_EDGE('',*,*,#4510,.T.);
#2670=ORIENTED_EDGE('',*,*,#4296,.F.);
#2671=ORIENTED_EDGE('',*,*,#4512,.F.);
#2672=ORIENTED_EDGE('',*,*,#4513,.T.);
#2673=ORIENTED_EDGE('',*,*,#4303,.T.);
#2674=ORIENTED_EDGE('',*,*,#4514,.F.);
#2675=ORIENTED_EDGE('',*,*,#3432,.F.);
#2676=ORIENTED_EDGE('',*,*,#4515,.T.);
#2677=ORIENTED_EDGE('',*,*,#4304,.T.);
#2678=ORIENTED_EDGE('',*,*,#4513,.F.);
#2679=ORIENTED_EDGE('',*,*,#3431,.F.);
#2680=ORIENTED_EDGE('',*,*,#3430,.T.);
#2681=ORIENTED_EDGE('',*,*,#4516,.T.);
#2682=ORIENTED_EDGE('',*,*,#4301,.F.);
#2683=ORIENTED_EDGE('',*,*,#4515,.F.);
#2684=ORIENTED_EDGE('',*,*,#3429,.T.);
#2685=ORIENTED_EDGE('',*,*,#4514,.T.);
#2686=ORIENTED_EDGE('',*,*,#4302,.F.);
#2687=ORIENTED_EDGE('',*,*,#4516,.F.);
#2688=ORIENTED_EDGE('',*,*,#4517,.T.);
#2689=ORIENTED_EDGE('',*,*,#4309,.T.);
#2690=ORIENTED_EDGE('',*,*,#4518,.F.);
#2691=ORIENTED_EDGE('',*,*,#3436,.F.);
#2692=ORIENTED_EDGE('',*,*,#4519,.T.);
#2693=ORIENTED_EDGE('',*,*,#4310,.T.);
#2694=ORIENTED_EDGE('',*,*,#4517,.F.);
#2695=ORIENTED_EDGE('',*,*,#3435,.F.);
#2696=ORIENTED_EDGE('',*,*,#3434,.T.);
#2697=ORIENTED_EDGE('',*,*,#4520,.T.);
#2698=ORIENTED_EDGE('',*,*,#4307,.F.);
#2699=ORIENTED_EDGE('',*,*,#4519,.F.);
#2700=ORIENTED_EDGE('',*,*,#3433,.T.);
#2701=ORIENTED_EDGE('',*,*,#4518,.T.);
#2702=ORIENTED_EDGE('',*,*,#4308,.F.);
#2703=ORIENTED_EDGE('',*,*,#4520,.F.);
#2704=ORIENTED_EDGE('',*,*,#4521,.T.);
#2705=ORIENTED_EDGE('',*,*,#4316,.T.);
#2706=ORIENTED_EDGE('',*,*,#4522,.F.);
#2707=ORIENTED_EDGE('',*,*,#3440,.F.);
#2708=ORIENTED_EDGE('',*,*,#4523,.T.);
#2709=ORIENTED_EDGE('',*,*,#4317,.T.);
#2710=ORIENTED_EDGE('',*,*,#4521,.F.);
#2711=ORIENTED_EDGE('',*,*,#3439,.F.);
#2712=ORIENTED_EDGE('',*,*,#3438,.T.);
#2713=ORIENTED_EDGE('',*,*,#4524,.T.);
#2714=ORIENTED_EDGE('',*,*,#4314,.F.);
#2715=ORIENTED_EDGE('',*,*,#4523,.F.);
#2716=ORIENTED_EDGE('',*,*,#3437,.T.);
#2717=ORIENTED_EDGE('',*,*,#4522,.T.);
#2718=ORIENTED_EDGE('',*,*,#4315,.F.);
#2719=ORIENTED_EDGE('',*,*,#4524,.F.);
#2720=ORIENTED_EDGE('',*,*,#4525,.T.);
#2721=ORIENTED_EDGE('',*,*,#4323,.T.);
#2722=ORIENTED_EDGE('',*,*,#4526,.F.);
#2723=ORIENTED_EDGE('',*,*,#3444,.F.);
#2724=ORIENTED_EDGE('',*,*,#4527,.T.);
#2725=ORIENTED_EDGE('',*,*,#4324,.T.);
#2726=ORIENTED_EDGE('',*,*,#4525,.F.);
#2727=ORIENTED_EDGE('',*,*,#3443,.F.);
#2728=ORIENTED_EDGE('',*,*,#3442,.T.);
#2729=ORIENTED_EDGE('',*,*,#4528,.T.);
#2730=ORIENTED_EDGE('',*,*,#4321,.F.);
#2731=ORIENTED_EDGE('',*,*,#4527,.F.);
#2732=ORIENTED_EDGE('',*,*,#3441,.T.);
#2733=ORIENTED_EDGE('',*,*,#4526,.T.);
#2734=ORIENTED_EDGE('',*,*,#4322,.F.);
#2735=ORIENTED_EDGE('',*,*,#4528,.F.);
#2736=ORIENTED_EDGE('',*,*,#4529,.T.);
#2737=ORIENTED_EDGE('',*,*,#4327,.T.);
#2738=ORIENTED_EDGE('',*,*,#4530,.F.);
#2739=ORIENTED_EDGE('',*,*,#3448,.F.);
#2740=ORIENTED_EDGE('',*,*,#4531,.T.);
#2741=ORIENTED_EDGE('',*,*,#4328,.T.);
#2742=ORIENTED_EDGE('',*,*,#4529,.F.);
#2743=ORIENTED_EDGE('',*,*,#3447,.F.);
#2744=ORIENTED_EDGE('',*,*,#3446,.T.);
#2745=ORIENTED_EDGE('',*,*,#4532,.T.);
#2746=ORIENTED_EDGE('',*,*,#4325,.F.);
#2747=ORIENTED_EDGE('',*,*,#4531,.F.);
#2748=ORIENTED_EDGE('',*,*,#3445,.T.);
#2749=ORIENTED_EDGE('',*,*,#4530,.T.);
#2750=ORIENTED_EDGE('',*,*,#4326,.F.);
#2751=ORIENTED_EDGE('',*,*,#4532,.F.);
#2752=ORIENTED_EDGE('',*,*,#4533,.T.);
#2753=ORIENTED_EDGE('',*,*,#4331,.T.);
#2754=ORIENTED_EDGE('',*,*,#4534,.F.);
#2755=ORIENTED_EDGE('',*,*,#3452,.F.);
#2756=ORIENTED_EDGE('',*,*,#4535,.T.);
#2757=ORIENTED_EDGE('',*,*,#4332,.T.);
#2758=ORIENTED_EDGE('',*,*,#4533,.F.);
#2759=ORIENTED_EDGE('',*,*,#3451,.F.);
#2760=ORIENTED_EDGE('',*,*,#3450,.T.);
#2761=ORIENTED_EDGE('',*,*,#4536,.T.);
#2762=ORIENTED_EDGE('',*,*,#4329,.F.);
#2763=ORIENTED_EDGE('',*,*,#4535,.F.);
#2764=ORIENTED_EDGE('',*,*,#3449,.T.);
#2765=ORIENTED_EDGE('',*,*,#4534,.T.);
#2766=ORIENTED_EDGE('',*,*,#4330,.F.);
#2767=ORIENTED_EDGE('',*,*,#4536,.F.);
#2768=ORIENTED_EDGE('',*,*,#4537,.T.);
#2769=ORIENTED_EDGE('',*,*,#4337,.T.);
#2770=ORIENTED_EDGE('',*,*,#4538,.F.);
#2771=ORIENTED_EDGE('',*,*,#3456,.F.);
#2772=ORIENTED_EDGE('',*,*,#4539,.T.);
#2773=ORIENTED_EDGE('',*,*,#4338,.T.);
#2774=ORIENTED_EDGE('',*,*,#4537,.F.);
#2775=ORIENTED_EDGE('',*,*,#3455,.F.);
#2776=ORIENTED_EDGE('',*,*,#3454,.T.);
#2777=ORIENTED_EDGE('',*,*,#4540,.T.);
#2778=ORIENTED_EDGE('',*,*,#4335,.F.);
#2779=ORIENTED_EDGE('',*,*,#4539,.F.);
#2780=ORIENTED_EDGE('',*,*,#3453,.T.);
#2781=ORIENTED_EDGE('',*,*,#4538,.T.);
#2782=ORIENTED_EDGE('',*,*,#4336,.F.);
#2783=ORIENTED_EDGE('',*,*,#4540,.F.);
#2784=ORIENTED_EDGE('',*,*,#4541,.T.);
#2785=ORIENTED_EDGE('',*,*,#4343,.T.);
#2786=ORIENTED_EDGE('',*,*,#4542,.F.);
#2787=ORIENTED_EDGE('',*,*,#3460,.F.);
#2788=ORIENTED_EDGE('',*,*,#4543,.T.);
#2789=ORIENTED_EDGE('',*,*,#4344,.T.);
#2790=ORIENTED_EDGE('',*,*,#4541,.F.);
#2791=ORIENTED_EDGE('',*,*,#3459,.F.);
#2792=ORIENTED_EDGE('',*,*,#3458,.T.);
#2793=ORIENTED_EDGE('',*,*,#4544,.T.);
#2794=ORIENTED_EDGE('',*,*,#4341,.F.);
#2795=ORIENTED_EDGE('',*,*,#4543,.F.);
#2796=ORIENTED_EDGE('',*,*,#3457,.T.);
#2797=ORIENTED_EDGE('',*,*,#4542,.T.);
#2798=ORIENTED_EDGE('',*,*,#4342,.F.);
#2799=ORIENTED_EDGE('',*,*,#4544,.F.);
#2800=ORIENTED_EDGE('',*,*,#4545,.T.);
#2801=ORIENTED_EDGE('',*,*,#4349,.T.);
#2802=ORIENTED_EDGE('',*,*,#4546,.F.);
#2803=ORIENTED_EDGE('',*,*,#3464,.F.);
#2804=ORIENTED_EDGE('',*,*,#4547,.T.);
#2805=ORIENTED_EDGE('',*,*,#4350,.T.);
#2806=ORIENTED_EDGE('',*,*,#4545,.F.);
#2807=ORIENTED_EDGE('',*,*,#3463,.F.);
#2808=ORIENTED_EDGE('',*,*,#3462,.T.);
#2809=ORIENTED_EDGE('',*,*,#4548,.T.);
#2810=ORIENTED_EDGE('',*,*,#4347,.F.);
#2811=ORIENTED_EDGE('',*,*,#4547,.F.);
#2812=ORIENTED_EDGE('',*,*,#3461,.T.);
#2813=ORIENTED_EDGE('',*,*,#4546,.T.);
#2814=ORIENTED_EDGE('',*,*,#4348,.F.);
#2815=ORIENTED_EDGE('',*,*,#4548,.F.);
#2816=ORIENTED_EDGE('',*,*,#4549,.T.);
#2817=ORIENTED_EDGE('',*,*,#4355,.T.);
#2818=ORIENTED_EDGE('',*,*,#4550,.F.);
#2819=ORIENTED_EDGE('',*,*,#3468,.F.);
#2820=ORIENTED_EDGE('',*,*,#4551,.T.);
#2821=ORIENTED_EDGE('',*,*,#4356,.T.);
#2822=ORIENTED_EDGE('',*,*,#4549,.F.);
#2823=ORIENTED_EDGE('',*,*,#3467,.F.);
#2824=ORIENTED_EDGE('',*,*,#3466,.T.);
#2825=ORIENTED_EDGE('',*,*,#4552,.T.);
#2826=ORIENTED_EDGE('',*,*,#4353,.F.);
#2827=ORIENTED_EDGE('',*,*,#4551,.F.);
#2828=ORIENTED_EDGE('',*,*,#3465,.T.);
#2829=ORIENTED_EDGE('',*,*,#4550,.T.);
#2830=ORIENTED_EDGE('',*,*,#4354,.F.);
#2831=ORIENTED_EDGE('',*,*,#4552,.F.);
#2832=ORIENTED_EDGE('',*,*,#4553,.T.);
#2833=ORIENTED_EDGE('',*,*,#4361,.T.);
#2834=ORIENTED_EDGE('',*,*,#4554,.F.);
#2835=ORIENTED_EDGE('',*,*,#3472,.F.);
#2836=ORIENTED_EDGE('',*,*,#4555,.T.);
#2837=ORIENTED_EDGE('',*,*,#4362,.T.);
#2838=ORIENTED_EDGE('',*,*,#4553,.F.);
#2839=ORIENTED_EDGE('',*,*,#3471,.F.);
#2840=ORIENTED_EDGE('',*,*,#3470,.T.);
#2841=ORIENTED_EDGE('',*,*,#4556,.T.);
#2842=ORIENTED_EDGE('',*,*,#4359,.F.);
#2843=ORIENTED_EDGE('',*,*,#4555,.F.);
#2844=ORIENTED_EDGE('',*,*,#3469,.T.);
#2845=ORIENTED_EDGE('',*,*,#4554,.T.);
#2846=ORIENTED_EDGE('',*,*,#4360,.F.);
#2847=ORIENTED_EDGE('',*,*,#4556,.F.);
#2848=ORIENTED_EDGE('',*,*,#4557,.T.);
#2849=ORIENTED_EDGE('',*,*,#4365,.T.);
#2850=ORIENTED_EDGE('',*,*,#4558,.F.);
#2851=ORIENTED_EDGE('',*,*,#3476,.F.);
#2852=ORIENTED_EDGE('',*,*,#4559,.T.);
#2853=ORIENTED_EDGE('',*,*,#4366,.T.);
#2854=ORIENTED_EDGE('',*,*,#4557,.F.);
#2855=ORIENTED_EDGE('',*,*,#3475,.F.);
#2856=ORIENTED_EDGE('',*,*,#3474,.T.);
#2857=ORIENTED_EDGE('',*,*,#4560,.T.);
#2858=ORIENTED_EDGE('',*,*,#4363,.F.);
#2859=ORIENTED_EDGE('',*,*,#4559,.F.);
#2860=ORIENTED_EDGE('',*,*,#3473,.T.);
#2861=ORIENTED_EDGE('',*,*,#4558,.T.);
#2862=ORIENTED_EDGE('',*,*,#4364,.F.);
#2863=ORIENTED_EDGE('',*,*,#4560,.F.);
#2864=ORIENTED_EDGE('',*,*,#4561,.T.);
#2865=ORIENTED_EDGE('',*,*,#4411,.T.);
#2866=ORIENTED_EDGE('',*,*,#4562,.F.);
#2867=ORIENTED_EDGE('',*,*,#3480,.F.);
#2868=ORIENTED_EDGE('',*,*,#4563,.T.);
#2869=ORIENTED_EDGE('',*,*,#4412,.T.);
#2870=ORIENTED_EDGE('',*,*,#4561,.F.);
#2871=ORIENTED_EDGE('',*,*,#3479,.F.);
#2872=ORIENTED_EDGE('',*,*,#3478,.T.);
#2873=ORIENTED_EDGE('',*,*,#4564,.T.);
#2874=ORIENTED_EDGE('',*,*,#4409,.F.);
#2875=ORIENTED_EDGE('',*,*,#4563,.F.);
#2876=ORIENTED_EDGE('',*,*,#3477,.T.);
#2877=ORIENTED_EDGE('',*,*,#4562,.T.);
#2878=ORIENTED_EDGE('',*,*,#4410,.F.);
#2879=ORIENTED_EDGE('',*,*,#4564,.F.);
#2880=ORIENTED_EDGE('',*,*,#4565,.T.);
#2881=ORIENTED_EDGE('',*,*,#4371,.T.);
#2882=ORIENTED_EDGE('',*,*,#4566,.F.);
#2883=ORIENTED_EDGE('',*,*,#3484,.F.);
#2884=ORIENTED_EDGE('',*,*,#4567,.T.);
#2885=ORIENTED_EDGE('',*,*,#4372,.T.);
#2886=ORIENTED_EDGE('',*,*,#4565,.F.);
#2887=ORIENTED_EDGE('',*,*,#3483,.F.);
#2888=ORIENTED_EDGE('',*,*,#3482,.T.);
#2889=ORIENTED_EDGE('',*,*,#4568,.T.);
#2890=ORIENTED_EDGE('',*,*,#4369,.F.);
#2891=ORIENTED_EDGE('',*,*,#4567,.F.);
#2892=ORIENTED_EDGE('',*,*,#3481,.T.);
#2893=ORIENTED_EDGE('',*,*,#4566,.T.);
#2894=ORIENTED_EDGE('',*,*,#4370,.F.);
#2895=ORIENTED_EDGE('',*,*,#4568,.F.);
#2896=ORIENTED_EDGE('',*,*,#4569,.F.);
#2897=ORIENTED_EDGE('',*,*,#3390,.T.);
#2898=ORIENTED_EDGE('',*,*,#4570,.T.);
#2899=ORIENTED_EDGE('',*,*,#4430,.F.);
#2900=ORIENTED_EDGE('',*,*,#3389,.T.);
#2901=ORIENTED_EDGE('',*,*,#4571,.T.);
#2902=ORIENTED_EDGE('',*,*,#4431,.F.);
#2903=ORIENTED_EDGE('',*,*,#4570,.F.);
#2904=ORIENTED_EDGE('',*,*,#3388,.F.);
#2905=ORIENTED_EDGE('',*,*,#4572,.T.);
#2906=ORIENTED_EDGE('',*,*,#4432,.T.);
#2907=ORIENTED_EDGE('',*,*,#4571,.F.);
#2908=ORIENTED_EDGE('',*,*,#3387,.F.);
#2909=ORIENTED_EDGE('',*,*,#4573,.T.);
#2910=ORIENTED_EDGE('',*,*,#4385,.T.);
#2911=ORIENTED_EDGE('',*,*,#4376,.F.);
#2912=ORIENTED_EDGE('',*,*,#4373,.T.);
#2913=ORIENTED_EDGE('',*,*,#4378,.T.);
#2914=ORIENTED_EDGE('',*,*,#4427,.T.);
#2915=ORIENTED_EDGE('',*,*,#4572,.F.);
#2916=ORIENTED_EDGE('',*,*,#3557,.F.);
#2917=ORIENTED_EDGE('',*,*,#3378,.T.);
#2918=ORIENTED_EDGE('',*,*,#4574,.T.);
#2919=ORIENTED_EDGE('',*,*,#4391,.F.);
#2920=ORIENTED_EDGE('',*,*,#3377,.T.);
#2921=ORIENTED_EDGE('',*,*,#4575,.T.);
#2922=ORIENTED_EDGE('',*,*,#4392,.F.);
#2923=ORIENTED_EDGE('',*,*,#4574,.F.);
#2924=ORIENTED_EDGE('',*,*,#3376,.F.);
#2925=ORIENTED_EDGE('',*,*,#4576,.T.);
#2926=ORIENTED_EDGE('',*,*,#4393,.T.);
#2927=ORIENTED_EDGE('',*,*,#4575,.F.);
#2928=ORIENTED_EDGE('',*,*,#4397,.T.);
#2929=ORIENTED_EDGE('',*,*,#4394,.T.);
#2930=ORIENTED_EDGE('',*,*,#4388,.T.);
#2931=ORIENTED_EDGE('',*,*,#4576,.F.);
#2932=ORIENTED_EDGE('',*,*,#3375,.F.);
#2933=ORIENTED_EDGE('',*,*,#3551,.F.);
#2934=ORIENTED_EDGE('',*,*,#3524,.T.);
#2935=ORIENTED_EDGE('',*,*,#4486,.F.);
#2936=ORIENTED_EDGE('',*,*,#3573,.F.);
#2937=ORIENTED_EDGE('',*,*,#4577,.T.);
#2938=ORIENTED_EDGE('',*,*,#4578,.F.);
#2939=ORIENTED_EDGE('',*,*,#3420,.F.);
#2940=ORIENTED_EDGE('',*,*,#4579,.T.);
#2941=ORIENTED_EDGE('',*,*,#4580,.T.);
#2942=ORIENTED_EDGE('',*,*,#4581,.F.);
#2943=ORIENTED_EDGE('',*,*,#3412,.F.);
#2944=ORIENTED_EDGE('',*,*,#4582,.T.);
#2945=ORIENTED_EDGE('',*,*,#4583,.T.);
#2946=ORIENTED_EDGE('',*,*,#4584,.F.);
#2947=ORIENTED_EDGE('',*,*,#3408,.F.);
#2948=ORIENTED_EDGE('',*,*,#3604,.F.);
#2949=ORIENTED_EDGE('',*,*,#4585,.T.);
#2950=ORIENTED_EDGE('',*,*,#4586,.F.);
#2951=ORIENTED_EDGE('',*,*,#3404,.F.);
#2952=ORIENTED_EDGE('',*,*,#4587,.T.);
#2953=ORIENTED_EDGE('',*,*,#4588,.T.);
#2954=ORIENTED_EDGE('',*,*,#4589,.F.);
#2955=ORIENTED_EDGE('',*,*,#3396,.F.);
#2956=ORIENTED_EDGE('',*,*,#4590,.F.);
#2957=ORIENTED_EDGE('',*,*,#4479,.T.);
#2958=ORIENTED_EDGE('',*,*,#4591,.T.);
#2959=ORIENTED_EDGE('',*,*,#4592,.T.);
#2960=ORIENTED_EDGE('',*,*,#4593,.F.);
#2961=ORIENTED_EDGE('',*,*,#4420,.T.);
#2962=ORIENTED_EDGE('',*,*,#4426,.T.);
#2963=ORIENTED_EDGE('',*,*,#4428,.T.);
#2964=ORIENTED_EDGE('',*,*,#4417,.T.);
#2965=ORIENTED_EDGE('',*,*,#4415,.T.);
#2966=ORIENTED_EDGE('',*,*,#4413,.F.);
#2967=ORIENTED_EDGE('',*,*,#4407,.T.);
#2968=ORIENTED_EDGE('',*,*,#4403,.T.);
#2969=ORIENTED_EDGE('',*,*,#4401,.T.);
#2970=ORIENTED_EDGE('',*,*,#4477,.F.);
#2971=ORIENTED_EDGE('',*,*,#4594,.T.);
#2972=ORIENTED_EDGE('',*,*,#4399,.F.);
#2973=ORIENTED_EDGE('',*,*,#4595,.F.);
#2974=ORIENTED_EDGE('',*,*,#4434,.T.);
#2975=ORIENTED_EDGE('',*,*,#4421,.T.);
#2976=ORIENTED_EDGE('',*,*,#4593,.T.);
#2977=ORIENTED_EDGE('',*,*,#4596,.F.);
#2978=ORIENTED_EDGE('',*,*,#4433,.T.);
#2979=ORIENTED_EDGE('',*,*,#4595,.T.);
#2980=ORIENTED_EDGE('',*,*,#4597,.T.);
#2981=ORIENTED_EDGE('',*,*,#4598,.F.);
#2982=ORIENTED_EDGE('',*,*,#3391,.F.);
#2983=ORIENTED_EDGE('',*,*,#4569,.T.);
#2984=ORIENTED_EDGE('',*,*,#4429,.T.);
#2985=ORIENTED_EDGE('',*,*,#4424,.F.);
#2986=ORIENTED_EDGE('',*,*,#3392,.F.);
#2987=ORIENTED_EDGE('',*,*,#4598,.T.);
#2988=ORIENTED_EDGE('',*,*,#4599,.T.);
#2989=ORIENTED_EDGE('',*,*,#4600,.F.);
#2990=ORIENTED_EDGE('',*,*,#4601,.F.);
#2991=ORIENTED_EDGE('',*,*,#4602,.T.);
#2992=ORIENTED_EDGE('',*,*,#4599,.F.);
#2993=ORIENTED_EDGE('',*,*,#4597,.F.);
#2994=ORIENTED_EDGE('',*,*,#4596,.T.);
#2995=ORIENTED_EDGE('',*,*,#4592,.F.);
#2996=ORIENTED_EDGE('',*,*,#4603,.F.);
#2997=ORIENTED_EDGE('',*,*,#4604,.F.);
#2998=ORIENTED_EDGE('',*,*,#3393,.T.);
#2999=ORIENTED_EDGE('',*,*,#4600,.T.);
#3000=ORIENTED_EDGE('',*,*,#4602,.F.);
#3001=ORIENTED_EDGE('',*,*,#3369,.T.);
#3002=ORIENTED_EDGE('',*,*,#4605,.T.);
#3003=ORIENTED_EDGE('',*,*,#3530,.F.);
#3004=ORIENTED_EDGE('',*,*,#3549,.T.);
#3005=ORIENTED_EDGE('',*,*,#4606,.F.);
#3006=ORIENTED_EDGE('',*,*,#4607,.T.);
#3007=ORIENTED_EDGE('',*,*,#4484,.T.);
#3008=ORIENTED_EDGE('',*,*,#4506,.T.);
#3009=ORIENTED_EDGE('',*,*,#3502,.F.);
#3010=ORIENTED_EDGE('',*,*,#4608,.F.);
#3011=ORIENTED_EDGE('',*,*,#3397,.T.);
#3012=ORIENTED_EDGE('',*,*,#4589,.T.);
#3013=ORIENTED_EDGE('',*,*,#4609,.F.);
#3014=ORIENTED_EDGE('',*,*,#3395,.F.);
#3015=ORIENTED_EDGE('',*,*,#4610,.T.);
#3016=ORIENTED_EDGE('',*,*,#4611,.T.);
#3017=ORIENTED_EDGE('',*,*,#4587,.F.);
#3018=ORIENTED_EDGE('',*,*,#4612,.F.);
#3019=ORIENTED_EDGE('',*,*,#3421,.T.);
#3020=ORIENTED_EDGE('',*,*,#4578,.T.);
#3021=ORIENTED_EDGE('',*,*,#4613,.F.);
#3022=ORIENTED_EDGE('',*,*,#3415,.F.);
#3023=ORIENTED_EDGE('',*,*,#4614,.T.);
#3024=ORIENTED_EDGE('',*,*,#3585,.T.);
#3025=ORIENTED_EDGE('',*,*,#3589,.F.);
#3026=ORIENTED_EDGE('',*,*,#4615,.F.);
#3027=ORIENTED_EDGE('',*,*,#3405,.T.);
#3028=ORIENTED_EDGE('',*,*,#4586,.T.);
#3029=ORIENTED_EDGE('',*,*,#4616,.F.);
#3030=ORIENTED_EDGE('',*,*,#3399,.F.);
#3031=ORIENTED_EDGE('',*,*,#4617,.T.);
#3032=ORIENTED_EDGE('',*,*,#3616,.T.);
#3033=ORIENTED_EDGE('',*,*,#3620,.F.);
#3034=ORIENTED_EDGE('',*,*,#4618,.F.);
#3035=ORIENTED_EDGE('',*,*,#3409,.T.);
#3036=ORIENTED_EDGE('',*,*,#4584,.T.);
#3037=ORIENTED_EDGE('',*,*,#4619,.F.);
#3038=ORIENTED_EDGE('',*,*,#3407,.F.);
#3039=ORIENTED_EDGE('',*,*,#4620,.T.);
#3040=ORIENTED_EDGE('',*,*,#4621,.T.);
#3041=ORIENTED_EDGE('',*,*,#4582,.F.);
#3042=ORIENTED_EDGE('',*,*,#4622,.F.);
#3043=ORIENTED_EDGE('',*,*,#3413,.T.);
#3044=ORIENTED_EDGE('',*,*,#4581,.T.);
#3045=ORIENTED_EDGE('',*,*,#4623,.F.);
#3046=ORIENTED_EDGE('',*,*,#3411,.F.);
#3047=ORIENTED_EDGE('',*,*,#4624,.T.);
#3048=ORIENTED_EDGE('',*,*,#4625,.T.);
#3049=ORIENTED_EDGE('',*,*,#4579,.F.);
#3050=ORIENTED_EDGE('',*,*,#4626,.F.);
#3051=ORIENTED_EDGE('',*,*,#4627,.T.);
#3052=ORIENTED_EDGE('',*,*,#4603,.T.);
#3053=ORIENTED_EDGE('',*,*,#4591,.F.);
#3054=ORIENTED_EDGE('',*,*,#4478,.T.);
#3055=ORIENTED_EDGE('',*,*,#4628,.F.);
#3056=ORIENTED_EDGE('',*,*,#4629,.T.);
#3057=ORIENTED_EDGE('',*,*,#4480,.T.);
#3058=ORIENTED_EDGE('',*,*,#4590,.T.);
#3059=ORIENTED_EDGE('',*,*,#4630,.F.);
#3060=ORIENTED_EDGE('',*,*,#4631,.F.);
#3061=ORIENTED_EDGE('',*,*,#4630,.T.);
#3062=ORIENTED_EDGE('',*,*,#4594,.F.);
#3063=ORIENTED_EDGE('',*,*,#4476,.T.);
#3064=ORIENTED_EDGE('',*,*,#4474,.F.);
#3065=ORIENTED_EDGE('',*,*,#4632,.F.);
#3066=ORIENTED_EDGE('',*,*,#4633,.F.);
#3067=ORIENTED_EDGE('',*,*,#4609,.T.);
#3068=ORIENTED_EDGE('',*,*,#4588,.F.);
#3069=ORIENTED_EDGE('',*,*,#4611,.F.);
#3070=ORIENTED_EDGE('',*,*,#4634,.F.);
#3071=ORIENTED_EDGE('',*,*,#4635,.T.);
#3072=ORIENTED_EDGE('',*,*,#4636,.T.);
#3073=ORIENTED_EDGE('',*,*,#4507,.F.);
#3074=ORIENTED_EDGE('',*,*,#4482,.T.);
#3075=ORIENTED_EDGE('',*,*,#4577,.F.);
#3076=ORIENTED_EDGE('',*,*,#3572,.T.);
#3077=ORIENTED_EDGE('',*,*,#4467,.T.);
#3078=ORIENTED_EDGE('',*,*,#4508,.F.);
#3079=ORIENTED_EDGE('',*,*,#4636,.F.);
#3080=ORIENTED_EDGE('',*,*,#4637,.F.);
#3081=ORIENTED_EDGE('',*,*,#4613,.T.);
#3082=ORIENTED_EDGE('',*,*,#4638,.F.);
#3083=ORIENTED_EDGE('',*,*,#4634,.T.);
#3084=ORIENTED_EDGE('',*,*,#4485,.T.);
#3085=ORIENTED_EDGE('',*,*,#4607,.F.);
#3086=ORIENTED_EDGE('',*,*,#4585,.F.);
#3087=ORIENTED_EDGE('',*,*,#3603,.T.);
#3088=ORIENTED_EDGE('',*,*,#4466,.T.);
#3089=ORIENTED_EDGE('',*,*,#4463,.F.);
#3090=ORIENTED_EDGE('',*,*,#4639,.F.);
#3091=ORIENTED_EDGE('',*,*,#4640,.F.);
#3092=ORIENTED_EDGE('',*,*,#4616,.T.);
#3093=ORIENTED_EDGE('',*,*,#4641,.F.);
#3094=ORIENTED_EDGE('',*,*,#4642,.T.);
#3095=ORIENTED_EDGE('',*,*,#4465,.F.);
#3096=ORIENTED_EDGE('',*,*,#4460,.T.);
#3097=ORIENTED_EDGE('',*,*,#4456,.F.);
#3098=ORIENTED_EDGE('',*,*,#4643,.F.);
#3099=ORIENTED_EDGE('',*,*,#4644,.F.);
#3100=ORIENTED_EDGE('',*,*,#4619,.T.);
#3101=ORIENTED_EDGE('',*,*,#4583,.F.);
#3102=ORIENTED_EDGE('',*,*,#4621,.F.);
#3103=ORIENTED_EDGE('',*,*,#4645,.F.);
#3104=ORIENTED_EDGE('',*,*,#4646,.T.);
#3105=ORIENTED_EDGE('',*,*,#4458,.F.);
#3106=ORIENTED_EDGE('',*,*,#4451,.T.);
#3107=ORIENTED_EDGE('',*,*,#4471,.F.);
#3108=ORIENTED_EDGE('',*,*,#4647,.F.);
#3109=ORIENTED_EDGE('',*,*,#4648,.F.);
#3110=ORIENTED_EDGE('',*,*,#4623,.T.);
#3111=ORIENTED_EDGE('',*,*,#4580,.F.);
#3112=ORIENTED_EDGE('',*,*,#4625,.F.);
#3113=ORIENTED_EDGE('',*,*,#4649,.F.);
#3114=ORIENTED_EDGE('',*,*,#4626,.T.);
#3115=ORIENTED_EDGE('',*,*,#4481,.T.);
#3116=ORIENTED_EDGE('',*,*,#4629,.F.);
#3117=ORIENTED_EDGE('',*,*,#4650,.F.);
#3118=ORIENTED_EDGE('',*,*,#4651,.T.);
#3119=ORIENTED_EDGE('',*,*,#4632,.T.);
#3120=ORIENTED_EDGE('',*,*,#4473,.F.);
#3121=ORIENTED_EDGE('',*,*,#4447,.T.);
#3122=ORIENTED_EDGE('',*,*,#4652,.F.);
#3123=ORIENTED_EDGE('',*,*,#4653,.T.);
#3124=ORIENTED_EDGE('',*,*,#4445,.T.);
#3125=ORIENTED_EDGE('',*,*,#4469,.T.);
#3126=ORIENTED_EDGE('',*,*,#3587,.F.);
#3127=ORIENTED_EDGE('',*,*,#4654,.F.);
#3128=ORIENTED_EDGE('',*,*,#4655,.T.);
#3129=ORIENTED_EDGE('',*,*,#4449,.T.);
#3130=ORIENTED_EDGE('',*,*,#4472,.T.);
#3131=ORIENTED_EDGE('',*,*,#3618,.F.);
#3132=ORIENTED_EDGE('',*,*,#4656,.F.);
#3133=ORIENTED_EDGE('',*,*,#4657,.T.);
#3134=ORIENTED_EDGE('',*,*,#4639,.T.);
#3135=ORIENTED_EDGE('',*,*,#4462,.F.);
#3136=ORIENTED_EDGE('',*,*,#4439,.T.);
#3137=ORIENTED_EDGE('',*,*,#4658,.F.);
#3138=ORIENTED_EDGE('',*,*,#4659,.T.);
#3139=ORIENTED_EDGE('',*,*,#4643,.T.);
#3140=ORIENTED_EDGE('',*,*,#4455,.F.);
#3141=ORIENTED_EDGE('',*,*,#4435,.T.);
#3142=ORIENTED_EDGE('',*,*,#4660,.F.);
#3143=ORIENTED_EDGE('',*,*,#4661,.T.);
#3144=ORIENTED_EDGE('',*,*,#4441,.T.);
#3145=ORIENTED_EDGE('',*,*,#4461,.T.);
#3146=ORIENTED_EDGE('',*,*,#4642,.F.);
#3147=ORIENTED_EDGE('',*,*,#4662,.F.);
#3148=ORIENTED_EDGE('',*,*,#4663,.T.);
#3149=ORIENTED_EDGE('',*,*,#4647,.T.);
#3150=ORIENTED_EDGE('',*,*,#4470,.F.);
#3151=ORIENTED_EDGE('',*,*,#4443,.T.);
#3152=ORIENTED_EDGE('',*,*,#4664,.F.);
#3153=ORIENTED_EDGE('',*,*,#4665,.T.);
#3154=ORIENTED_EDGE('',*,*,#4437,.T.);
#3155=ORIENTED_EDGE('',*,*,#4454,.T.);
#3156=ORIENTED_EDGE('',*,*,#4646,.F.);
#3157=ORIENTED_EDGE('',*,*,#4666,.F.);
#3158=ORIENTED_EDGE('',*,*,#4650,.T.);
#3159=ORIENTED_EDGE('',*,*,#4450,.T.);
#3160=ORIENTED_EDGE('',*,*,#4655,.F.);
#3161=ORIENTED_EDGE('',*,*,#4667,.F.);
#3162=ORIENTED_EDGE('',*,*,#4662,.T.);
#3163=ORIENTED_EDGE('',*,*,#4446,.T.);
#3164=ORIENTED_EDGE('',*,*,#4653,.F.);
#3165=ORIENTED_EDGE('',*,*,#4668,.F.);
#3166=ORIENTED_EDGE('',*,*,#4656,.T.);
#3167=ORIENTED_EDGE('',*,*,#4442,.T.);
#3168=ORIENTED_EDGE('',*,*,#4661,.F.);
#3169=ORIENTED_EDGE('',*,*,#4669,.F.);
#3170=ORIENTED_EDGE('',*,*,#4658,.T.);
#3171=ORIENTED_EDGE('',*,*,#4438,.T.);
#3172=ORIENTED_EDGE('',*,*,#4665,.F.);
#3173=ORIENTED_EDGE('',*,*,#4631,.T.);
#3174=ORIENTED_EDGE('',*,*,#4610,.F.);
#3175=ORIENTED_EDGE('',*,*,#3394,.F.);
#3176=ORIENTED_EDGE('',*,*,#4604,.T.);
#3177=ORIENTED_EDGE('',*,*,#4601,.T.);
#3178=ORIENTED_EDGE('',*,*,#4627,.F.);
#3179=ORIENTED_EDGE('',*,*,#4649,.T.);
#3180=ORIENTED_EDGE('',*,*,#4628,.T.);
#3181=ORIENTED_EDGE('',*,*,#4638,.T.);
#3182=ORIENTED_EDGE('',*,*,#4606,.T.);
#3183=ORIENTED_EDGE('',*,*,#3501,.T.);
#3184=ORIENTED_EDGE('',*,*,#3547,.F.);
#3185=ORIENTED_EDGE('',*,*,#3422,.F.);
#3186=ORIENTED_EDGE('',*,*,#4612,.T.);
#3187=ORIENTED_EDGE('',*,*,#4637,.T.);
#3188=ORIENTED_EDGE('',*,*,#4635,.F.);
#3189=ORIENTED_EDGE('',*,*,#4667,.T.);
#3190=ORIENTED_EDGE('',*,*,#4652,.T.);
#3191=ORIENTED_EDGE('',*,*,#3586,.T.);
#3192=ORIENTED_EDGE('',*,*,#4614,.F.);
#3193=ORIENTED_EDGE('',*,*,#3414,.F.);
#3194=ORIENTED_EDGE('',*,*,#4622,.T.);
#3195=ORIENTED_EDGE('',*,*,#4648,.T.);
#3196=ORIENTED_EDGE('',*,*,#4663,.F.);
#3197=ORIENTED_EDGE('',*,*,#4669,.T.);
#3198=ORIENTED_EDGE('',*,*,#4664,.T.);
#3199=ORIENTED_EDGE('',*,*,#4645,.T.);
#3200=ORIENTED_EDGE('',*,*,#4624,.F.);
#3201=ORIENTED_EDGE('',*,*,#3410,.F.);
#3202=ORIENTED_EDGE('',*,*,#4618,.T.);
#3203=ORIENTED_EDGE('',*,*,#4644,.T.);
#3204=ORIENTED_EDGE('',*,*,#4659,.F.);
#3205=ORIENTED_EDGE('',*,*,#4668,.T.);
#3206=ORIENTED_EDGE('',*,*,#4660,.T.);
#3207=ORIENTED_EDGE('',*,*,#4641,.T.);
#3208=ORIENTED_EDGE('',*,*,#4620,.F.);
#3209=ORIENTED_EDGE('',*,*,#3406,.F.);
#3210=ORIENTED_EDGE('',*,*,#4615,.T.);
#3211=ORIENTED_EDGE('',*,*,#4640,.T.);
#3212=ORIENTED_EDGE('',*,*,#4657,.F.);
#3213=ORIENTED_EDGE('',*,*,#4666,.T.);
#3214=ORIENTED_EDGE('',*,*,#4654,.T.);
#3215=ORIENTED_EDGE('',*,*,#3617,.T.);
#3216=ORIENTED_EDGE('',*,*,#4617,.F.);
#3217=ORIENTED_EDGE('',*,*,#3398,.F.);
#3218=ORIENTED_EDGE('',*,*,#4608,.T.);
#3219=ORIENTED_EDGE('',*,*,#4633,.T.);
#3220=ORIENTED_EDGE('',*,*,#4651,.F.);
#3221=ORIENTED_EDGE('',*,*,#4573,.F.);
#3222=ORIENTED_EDGE('',*,*,#3386,.T.);
#3223=ORIENTED_EDGE('',*,*,#4670,.T.);
#3224=ORIENTED_EDGE('',*,*,#4671,.T.);
#3225=ORIENTED_EDGE('',*,*,#3380,.F.);
#3226=ORIENTED_EDGE('',*,*,#3556,.T.);
#3227=ORIENTED_EDGE('',*,*,#4672,.T.);
#3228=ORIENTED_EDGE('',*,*,#4673,.F.);
#3229=ORIENTED_EDGE('',*,*,#4674,.F.);
#3230=ORIENTED_EDGE('',*,*,#4675,.T.);
#3231=ORIENTED_EDGE('',*,*,#4670,.F.);
#3232=ORIENTED_EDGE('',*,*,#3385,.T.);
#3233=ORIENTED_EDGE('',*,*,#4676,.T.);
#3234=ORIENTED_EDGE('',*,*,#4677,.F.);
#3235=ORIENTED_EDGE('',*,*,#4676,.F.);
#3236=ORIENTED_EDGE('',*,*,#3384,.T.);
#3237=ORIENTED_EDGE('',*,*,#4678,.T.);
#3238=ORIENTED_EDGE('',*,*,#4679,.T.);
#3239=ORIENTED_EDGE('',*,*,#4678,.F.);
#3240=ORIENTED_EDGE('',*,*,#3383,.F.);
#3241=ORIENTED_EDGE('',*,*,#4680,.T.);
#3242=ORIENTED_EDGE('',*,*,#4681,.T.);
#3243=ORIENTED_EDGE('',*,*,#4680,.F.);
#3244=ORIENTED_EDGE('',*,*,#3382,.F.);
#3245=ORIENTED_EDGE('',*,*,#4682,.T.);
#3246=ORIENTED_EDGE('',*,*,#4673,.T.);
#3247=ORIENTED_EDGE('',*,*,#4683,.T.);
#3248=ORIENTED_EDGE('',*,*,#4684,.F.);
#3249=ORIENTED_EDGE('',*,*,#4682,.F.);
#3250=ORIENTED_EDGE('',*,*,#3381,.T.);
#3251=ORIENTED_EDGE('',*,*,#4685,.T.);
#3252=ORIENTED_EDGE('',*,*,#4686,.T.);
#3253=ORIENTED_EDGE('',*,*,#4674,.T.);
#3254=ORIENTED_EDGE('',*,*,#4677,.T.);
#3255=ORIENTED_EDGE('',*,*,#4679,.F.);
#3256=ORIENTED_EDGE('',*,*,#4681,.F.);
#3257=ORIENTED_EDGE('',*,*,#4684,.T.);
#3258=ORIENTED_EDGE('',*,*,#4687,.T.);
#3259=ORIENTED_EDGE('',*,*,#4683,.F.);
#3260=ORIENTED_EDGE('',*,*,#4672,.F.);
#3261=ORIENTED_EDGE('',*,*,#4383,.F.);
#3262=ORIENTED_EDGE('',*,*,#4688,.F.);
#3263=ORIENTED_EDGE('',*,*,#4687,.F.);
#3264=ORIENTED_EDGE('',*,*,#4688,.T.);
#3265=ORIENTED_EDGE('',*,*,#4387,.F.);
#3266=ORIENTED_EDGE('',*,*,#4689,.F.);
#3267=ORIENTED_EDGE('',*,*,#4685,.F.);
#3268=ORIENTED_EDGE('',*,*,#4689,.T.);
#3269=ORIENTED_EDGE('',*,*,#4386,.F.);
#3270=ORIENTED_EDGE('',*,*,#4671,.F.);
#3271=ORIENTED_EDGE('',*,*,#4675,.F.);
#3272=ORIENTED_EDGE('',*,*,#4686,.F.);
#3273=ORIENTED_EDGE('',*,*,#3548,.T.);
#3274=ORIENTED_EDGE('',*,*,#3528,.F.);
#3275=ORIENTED_EDGE('',*,*,#4690,.F.);
#3276=ORIENTED_EDGE('',*,*,#3371,.T.);
#3277=ORIENTED_EDGE('',*,*,#3550,.T.);
#3278=ORIENTED_EDGE('',*,*,#3373,.T.);
#3279=ORIENTED_EDGE('',*,*,#4691,.T.);
#3280=ORIENTED_EDGE('',*,*,#3526,.F.);
#3281=ORIENTED_EDGE('',*,*,#3527,.F.);
#3282=ORIENTED_EDGE('',*,*,#4691,.F.);
#3283=ORIENTED_EDGE('',*,*,#3372,.T.);
#3284=ORIENTED_EDGE('',*,*,#4690,.T.);
#3285=ORIENTED_EDGE('',*,*,#4692,.F.);
#3286=ORIENTED_EDGE('',*,*,#4504,.F.);
#3287=ORIENTED_EDGE('',*,*,#4693,.F.);
#3288=ORIENTED_EDGE('',*,*,#4501,.F.);
#3289=ORIENTED_EDGE('',*,*,#3499,.T.);
#3290=ORIENTED_EDGE('',*,*,#4694,.F.);
#3291=ORIENTED_EDGE('',*,*,#3424,.F.);
#3292=ORIENTED_EDGE('',*,*,#3546,.T.);
#3293=ORIENTED_EDGE('',*,*,#3506,.T.);
#3294=ORIENTED_EDGE('',*,*,#4692,.T.);
#3295=ORIENTED_EDGE('',*,*,#3552,.T.);
#3296=ORIENTED_EDGE('',*,*,#4693,.T.);
#3297=ORIENTED_EDGE('',*,*,#3532,.T.);
#3298=ORIENTED_EDGE('',*,*,#4695,.F.);
#3299=ORIENTED_EDGE('',*,*,#3367,.F.);
#3300=ORIENTED_EDGE('',*,*,#4694,.T.);
#3301=ORIENTED_EDGE('',*,*,#3531,.T.);
#3302=ORIENTED_EDGE('',*,*,#4605,.F.);
#3303=ORIENTED_EDGE('',*,*,#3368,.F.);
#3304=ORIENTED_EDGE('',*,*,#4695,.T.);
#3305=ORIENTED_EDGE('',*,*,#3486,.T.);
#3306=ORIENTED_EDGE('',*,*,#3541,.T.);
#3307=ORIENTED_EDGE('',*,*,#3485,.T.);
#3308=ORIENTED_EDGE('',*,*,#3498,.T.);
#3309=ORIENTED_EDGE('',*,*,#3490,.T.);
#3310=ORIENTED_EDGE('',*,*,#4696,.T.);
#3311=ORIENTED_EDGE('',*,*,#3543,.F.);
#3312=ORIENTED_EDGE('',*,*,#4697,.F.);
#3313=ORIENTED_EDGE('',*,*,#4697,.T.);
#3314=ORIENTED_EDGE('',*,*,#3542,.T.);
#3315=ORIENTED_EDGE('',*,*,#4698,.F.);
#3316=ORIENTED_EDGE('',*,*,#3491,.F.);
#3317=ORIENTED_EDGE('',*,*,#4698,.T.);
#3318=ORIENTED_EDGE('',*,*,#3545,.T.);
#3319=ORIENTED_EDGE('',*,*,#4699,.F.);
#3320=ORIENTED_EDGE('',*,*,#3492,.F.);
#3321=ORIENTED_EDGE('',*,*,#3493,.T.);
#3322=ORIENTED_EDGE('',*,*,#4699,.T.);
#3323=ORIENTED_EDGE('',*,*,#3544,.F.);
#3324=ORIENTED_EDGE('',*,*,#4696,.F.);
#3325=ORIENTED_EDGE('',*,*,#4700,.T.);
#3326=ORIENTED_EDGE('',*,*,#3536,.T.);
#3327=ORIENTED_EDGE('',*,*,#3511,.T.);
#3328=ORIENTED_EDGE('',*,*,#4701,.F.);
#3329=ORIENTED_EDGE('',*,*,#3363,.F.);
#3330=ORIENTED_EDGE('',*,*,#3362,.T.);
#3331=ORIENTED_EDGE('',*,*,#4702,.T.);
#3332=ORIENTED_EDGE('',*,*,#3537,.F.);
#3333=ORIENTED_EDGE('',*,*,#4700,.F.);
#3334=ORIENTED_EDGE('',*,*,#4701,.T.);
#3335=ORIENTED_EDGE('',*,*,#3540,.T.);
#3336=ORIENTED_EDGE('',*,*,#4703,.F.);
#3337=ORIENTED_EDGE('',*,*,#3364,.F.);
#3338=ORIENTED_EDGE('',*,*,#4703,.T.);
#3339=ORIENTED_EDGE('',*,*,#3539,.T.);
#3340=ORIENTED_EDGE('',*,*,#4704,.F.);
#3341=ORIENTED_EDGE('',*,*,#3365,.F.);
#3342=ORIENTED_EDGE('',*,*,#4704,.T.);
#3343=ORIENTED_EDGE('',*,*,#3538,.T.);
#3344=ORIENTED_EDGE('',*,*,#4702,.F.);
#3345=ORIENTED_EDGE('',*,*,#3366,.F.);
#3346=ORIENTED_EDGE('',*,*,#3494,.T.);
#3347=ORIENTED_EDGE('',*,*,#4705,.T.);
#3348=ORIENTED_EDGE('',*,*,#3508,.F.);
#3349=ORIENTED_EDGE('',*,*,#4706,.F.);
#3350=ORIENTED_EDGE('',*,*,#3495,.T.);
#3351=ORIENTED_EDGE('',*,*,#4706,.T.);
#3352=ORIENTED_EDGE('',*,*,#3507,.F.);
#3353=ORIENTED_EDGE('',*,*,#4707,.F.);
#3354=ORIENTED_EDGE('',*,*,#3496,.T.);
#3355=ORIENTED_EDGE('',*,*,#4707,.T.);
#3356=ORIENTED_EDGE('',*,*,#3510,.F.);
#3357=ORIENTED_EDGE('',*,*,#4708,.F.);
#3358=ORIENTED_EDGE('',*,*,#4708,.T.);
#3359=ORIENTED_EDGE('',*,*,#3509,.T.);
#3360=ORIENTED_EDGE('',*,*,#4705,.F.);
#3361=ORIENTED_EDGE('',*,*,#3497,.F.);
#3362=EDGE_CURVE('',#4709,#4710,#5630,.T.);
#3363=EDGE_CURVE('',#4709,#4711,#5631,.T.);
#3364=EDGE_CURVE('',#4711,#4712,#5632,.T.);
#3365=EDGE_CURVE('',#4712,#4713,#5633,.T.);
#3366=EDGE_CURVE('',#4713,#4710,#5634,.T.);
#3367=EDGE_CURVE('',#4714,#4715,#5635,.T.);
#3368=EDGE_CURVE('',#4715,#4716,#5636,.T.);
#3369=EDGE_CURVE('',#4717,#4716,#5637,.T.);
#3370=EDGE_CURVE('',#4718,#4717,#5638,.T.);
#3371=EDGE_CURVE('',#4719,#4718,#5639,.T.);
#3372=EDGE_CURVE('',#4720,#4719,#5640,.T.);
#3373=EDGE_CURVE('',#4721,#4720,#5641,.T.);
#3374=EDGE_CURVE('',#4722,#4721,#5642,.T.);
#3375=EDGE_CURVE('',#4722,#4723,#5643,.T.);
#3376=EDGE_CURVE('',#4723,#4724,#5644,.T.);
#3377=EDGE_CURVE('',#4725,#4724,#5645,.T.);
#3378=EDGE_CURVE('',#4726,#4725,#5646,.T.);
#3379=EDGE_CURVE('',#4726,#4727,#5647,.T.);
#3380=EDGE_CURVE('',#4727,#4728,#5648,.T.);
#3381=EDGE_CURVE('',#4729,#4728,#5649,.T.);
#3382=EDGE_CURVE('',#4729,#4730,#5650,.T.);
#3383=EDGE_CURVE('',#4730,#4731,#323,.T.);
#3384=EDGE_CURVE('',#4732,#4731,#5651,.T.);
#3385=EDGE_CURVE('',#4733,#4732,#5652,.T.);
#3386=EDGE_CURVE('',#4734,#4733,#5653,.T.);
#3387=EDGE_CURVE('',#4734,#4735,#5654,.T.);
#3388=EDGE_CURVE('',#4735,#4736,#5655,.T.);
#3389=EDGE_CURVE('',#4737,#4736,#5656,.T.);
#3390=EDGE_CURVE('',#4738,#4737,#5657,.T.);
#3391=EDGE_CURVE('',#4738,#4739,#5658,.T.);
#3392=EDGE_CURVE('',#4739,#4740,#5659,.T.);
#3393=EDGE_CURVE('',#4741,#4740,#5660,.T.);
#3394=EDGE_CURVE('',#4741,#4742,#5661,.T.);
#3395=EDGE_CURVE('',#4742,#4743,#5662,.T.);
#3396=EDGE_CURVE('',#4743,#4744,#5663,.T.);
#3397=EDGE_CURVE('',#4745,#4744,#5664,.T.);
#3398=EDGE_CURVE('',#4745,#4746,#5665,.T.);
#3399=EDGE_CURVE('',#4746,#4747,#5666,.T.);
#3400=EDGE_CURVE('',#4747,#4748,#5667,.T.);
#3401=EDGE_CURVE('',#4749,#4748,#5668,.T.);
#3402=EDGE_CURVE('',#4750,#4749,#324,.T.);
#3403=EDGE_CURVE('',#4750,#4751,#5669,.T.);
#3404=EDGE_CURVE('',#4751,#4752,#5670,.T.);
#3405=EDGE_CURVE('',#4753,#4752,#5671,.T.);
#3406=EDGE_CURVE('',#4753,#4754,#5672,.T.);
#3407=EDGE_CURVE('',#4754,#4755,#5673,.T.);
#3408=EDGE_CURVE('',#4755,#4756,#5674,.T.);
#3409=EDGE_CURVE('',#4757,#4756,#5675,.T.);
#3410=EDGE_CURVE('',#4757,#4758,#5676,.T.);
#3411=EDGE_CURVE('',#4758,#4759,#5677,.T.);
#3412=EDGE_CURVE('',#4759,#4760,#5678,.T.);
#3413=EDGE_CURVE('',#4761,#4760,#5679,.T.);
#3414=EDGE_CURVE('',#4761,#4762,#5680,.T.);
#3415=EDGE_CURVE('',#4762,#4763,#5681,.T.);
#3416=EDGE_CURVE('',#4763,#4764,#5682,.T.);
#3417=EDGE_CURVE('',#4765,#4764,#5683,.T.);
#3418=EDGE_CURVE('',#4766,#4765,#325,.T.);
#3419=EDGE_CURVE('',#4766,#4767,#5684,.T.);
#3420=EDGE_CURVE('',#4767,#4768,#5685,.T.);
#3421=EDGE_CURVE('',#4769,#4768,#5686,.T.);
#3422=EDGE_CURVE('',#4769,#4770,#5687,.T.);
#3423=EDGE_CURVE('',#4771,#4770,#5688,.T.);
#3424=EDGE_CURVE('',#4771,#4714,#5689,.T.);
#3425=EDGE_CURVE('',#4772,#4773,#5690,.T.);
#3426=EDGE_CURVE('',#4774,#4772,#5691,.T.);
#3427=EDGE_CURVE('',#4774,#4775,#5692,.T.);
#3428=EDGE_CURVE('',#4775,#4773,#5693,.T.);
#3429=EDGE_CURVE('',#4776,#4777,#5694,.T.);
#3430=EDGE_CURVE('',#4778,#4776,#5695,.T.);
#3431=EDGE_CURVE('',#4778,#4779,#5696,.T.);
#3432=EDGE_CURVE('',#4779,#4777,#5697,.T.);
#3433=EDGE_CURVE('',#4780,#4781,#5698,.T.);
#3434=EDGE_CURVE('',#4782,#4780,#5699,.T.);
#3435=EDGE_CURVE('',#4782,#4783,#5700,.T.);
#3436=EDGE_CURVE('',#4783,#4781,#5701,.T.);
#3437=EDGE_CURVE('',#4784,#4785,#5702,.T.);
#3438=EDGE_CURVE('',#4786,#4784,#5703,.T.);
#3439=EDGE_CURVE('',#4786,#4787,#5704,.T.);
#3440=EDGE_CURVE('',#4787,#4785,#5705,.T.);
#3441=EDGE_CURVE('',#4788,#4789,#5706,.T.);
#3442=EDGE_CURVE('',#4790,#4788,#5707,.T.);
#3443=EDGE_CURVE('',#4790,#4791,#5708,.T.);
#3444=EDGE_CURVE('',#4791,#4789,#5709,.T.);
#3445=EDGE_CURVE('',#4792,#4793,#5710,.T.);
#3446=EDGE_CURVE('',#4794,#4792,#5711,.T.);
#3447=EDGE_CURVE('',#4794,#4795,#5712,.T.);
#3448=EDGE_CURVE('',#4795,#4793,#5713,.T.);
#3449=EDGE_CURVE('',#4796,#4797,#5714,.T.);
#3450=EDGE_CURVE('',#4798,#4796,#5715,.T.);
#3451=EDGE_CURVE('',#4798,#4799,#5716,.T.);
#3452=EDGE_CURVE('',#4799,#4797,#5717,.T.);
#3453=EDGE_CURVE('',#4800,#4801,#5718,.T.);
#3454=EDGE_CURVE('',#4802,#4800,#5719,.T.);
#3455=EDGE_CURVE('',#4802,#4803,#5720,.T.);
#3456=EDGE_CURVE('',#4803,#4801,#5721,.T.);
#3457=EDGE_CURVE('',#4804,#4805,#5722,.T.);
#3458=EDGE_CURVE('',#4806,#4804,#5723,.T.);
#3459=EDGE_CURVE('',#4806,#4807,#5724,.T.);
#3460=EDGE_CURVE('',#4807,#4805,#5725,.T.);
#3461=EDGE_CURVE('',#4808,#4809,#5726,.T.);
#3462=EDGE_CURVE('',#4810,#4808,#5727,.T.);
#3463=EDGE_CURVE('',#4810,#4811,#5728,.T.);
#3464=EDGE_CURVE('',#4811,#4809,#5729,.T.);
#3465=EDGE_CURVE('',#4812,#4813,#5730,.T.);
#3466=EDGE_CURVE('',#4814,#4812,#5731,.T.);
#3467=EDGE_CURVE('',#4814,#4815,#5732,.T.);
#3468=EDGE_CURVE('',#4815,#4813,#5733,.T.);
#3469=EDGE_CURVE('',#4816,#4817,#5734,.T.);
#3470=EDGE_CURVE('',#4818,#4816,#5735,.T.);
#3471=EDGE_CURVE('',#4818,#4819,#5736,.T.);
#3472=EDGE_CURVE('',#4819,#4817,#5737,.T.);
#3473=EDGE_CURVE('',#4820,#4821,#5738,.T.);
#3474=EDGE_CURVE('',#4822,#4820,#5739,.T.);
#3475=EDGE_CURVE('',#4822,#4823,#5740,.T.);
#3476=EDGE_CURVE('',#4823,#4821,#5741,.T.);
#3477=EDGE_CURVE('',#4824,#4825,#5742,.T.);
#3478=EDGE_CURVE('',#4826,#4824,#5743,.T.);
#3479=EDGE_CURVE('',#4826,#4827,#5744,.T.);
#3480=EDGE_CURVE('',#4827,#4825,#5745,.T.);
#3481=EDGE_CURVE('',#4828,#4829,#5746,.T.);
#3482=EDGE_CURVE('',#4830,#4828,#5747,.T.);
#3483=EDGE_CURVE('',#4830,#4831,#5748,.T.);
#3484=EDGE_CURVE('',#4831,#4829,#5749,.T.);
#3485=EDGE_CURVE('',#4832,#4832,#326,.F.);
#3486=EDGE_CURVE('',#4833,#4833,#327,.F.);
#3487=EDGE_CURVE('',#4834,#4834,#328,.T.);
#3488=EDGE_CURVE('',#4835,#4835,#329,.T.);
#3489=EDGE_CURVE('',#4836,#4836,#330,.T.);
#3490=EDGE_CURVE('',#4837,#4838,#5750,.T.);
#3491=EDGE_CURVE('',#4837,#4839,#5751,.T.);
#3492=EDGE_CURVE('',#4839,#4840,#5752,.T.);
#3493=EDGE_CURVE('',#4838,#4840,#5753,.T.);
#3494=EDGE_CURVE('',#4841,#4842,#5754,.T.);
#3495=EDGE_CURVE('',#4843,#4841,#5755,.T.);
#3496=EDGE_CURVE('',#4844,#4843,#5756,.T.);
#3497=EDGE_CURVE('',#4844,#4842,#5757,.T.);
#3498=EDGE_CURVE('',#4845,#4845,#331,.T.);
#3499=EDGE_CURVE('',#4846,#4847,#5758,.T.);
#3500=EDGE_CURVE('',#4846,#4848,#5759,.T.);
#3501=EDGE_CURVE('',#4849,#4848,#5760,.T.);
#3502=EDGE_CURVE('',#4849,#4850,#5761,.T.);
#3503=EDGE_CURVE('',#4851,#4850,#332,.T.);
#3504=EDGE_CURVE('',#4851,#4852,#5762,.T.);
#3505=EDGE_CURVE('',#4853,#4852,#333,.T.);
#3506=EDGE_CURVE('',#4847,#4853,#5763,.T.);
#3507=EDGE_CURVE('',#4854,#4855,#5764,.T.);
#3508=EDGE_CURVE('',#4855,#4856,#5765,.T.);
#3509=EDGE_CURVE('',#4857,#4856,#5766,.T.);
#3510=EDGE_CURVE('',#4857,#4854,#5767,.T.);
#3511=EDGE_CURVE('',#4858,#4859,#5768,.T.);
#3512=EDGE_CURVE('',#4860,#4858,#334,.T.);
#3513=EDGE_CURVE('',#4861,#4860,#5769,.T.);
#3514=EDGE_CURVE('',#4862,#4861,#335,.T.);
#3515=EDGE_CURVE('',#4863,#4862,#5770,.T.);
#3516=EDGE_CURVE('',#4864,#4863,#336,.T.);
#3517=EDGE_CURVE('',#4865,#4864,#5771,.T.);
#3518=EDGE_CURVE('',#4866,#4865,#337,.T.);
#3519=EDGE_CURVE('',#4867,#4866,#5772,.T.);
#3520=EDGE_CURVE('',#4868,#4867,#338,.T.);
#3521=EDGE_CURVE('',#4869,#4868,#5773,.T.);
#3522=EDGE_CURVE('',#4870,#4869,#339,.T.);
#3523=EDGE_CURVE('',#4871,#4870,#5774,.T.);
#3524=EDGE_CURVE('',#4872,#4871,#5775,.T.);
#3525=EDGE_CURVE('',#4872,#4873,#5776,.T.);
#3526=EDGE_CURVE('',#4873,#4874,#5777,.T.);
#3527=EDGE_CURVE('',#4874,#4875,#5778,.T.);
#3528=EDGE_CURVE('',#4875,#4876,#5779,.T.);
#3529=EDGE_CURVE('',#4876,#4877,#5780,.T.);
#3530=EDGE_CURVE('',#4877,#4878,#5781,.T.);
#3531=EDGE_CURVE('',#4879,#4878,#5782,.T.);
#3532=EDGE_CURVE('',#4880,#4879,#5783,.T.);
#3533=EDGE_CURVE('',#4881,#4880,#340,.T.);
#3534=EDGE_CURVE('',#4881,#4882,#5784,.T.);
#3535=EDGE_CURVE('',#4858,#4882,#341,.T.);
#3536=EDGE_CURVE('',#4883,#4858,#5785,.T.);
#3537=EDGE_CURVE('',#4883,#4884,#5786,.T.);
#3538=EDGE_CURVE('',#4885,#4884,#5787,.T.);
#3539=EDGE_CURVE('',#4886,#4885,#5788,.T.);
#3540=EDGE_CURVE('',#4859,#4886,#5789,.T.);
#3541=EDGE_CURVE('',#4887,#4887,#342,.T.);
#3542=EDGE_CURVE('',#4888,#4889,#5790,.T.);
#3543=EDGE_CURVE('',#4888,#4890,#5791,.T.);
#3544=EDGE_CURVE('',#4890,#4891,#5792,.T.);
#3545=EDGE_CURVE('',#4889,#4891,#5793,.T.);
#3546=EDGE_CURVE('',#4771,#4846,#5794,.T.);
#3547=EDGE_CURVE('',#4770,#4848,#5795,.T.);
#3548=EDGE_CURVE('',#4718,#4876,#5796,.T.);
#3549=EDGE_CURVE('',#4877,#4717,#5797,.T.);
#3550=EDGE_CURVE('',#4873,#4721,#5798,.T.);
#3551=EDGE_CURVE('',#4872,#4722,#5799,.T.);
#3552=EDGE_CURVE('',#4892,#4893,#5800,.T.);
#3553=EDGE_CURVE('',#4894,#4892,#343,.T.);
#3554=EDGE_CURVE('',#4894,#4895,#5801,.T.);
#3555=EDGE_CURVE('',#4893,#4895,#344,.T.);
#3556=EDGE_CURVE('',#4727,#4896,#5802,.T.);
#3557=EDGE_CURVE('',#4726,#4897,#5803,.T.);
#3558=EDGE_CURVE('',#4897,#4898,#5804,.T.);
#3559=EDGE_CURVE('',#4899,#4898,#5805,.T.);
#3560=EDGE_CURVE('',#4899,#4900,#5806,.T.);
#3561=EDGE_CURVE('',#4900,#4901,#5807,.T.);
#3562=EDGE_CURVE('',#4901,#4896,#5808,.T.);
#3563=EDGE_CURVE('',#4902,#4903,#5809,.T.);
#3564=EDGE_CURVE('',#4903,#4904,#5810,.T.);
#3565=EDGE_CURVE('',#4904,#4905,#5811,.T.);
#3566=EDGE_CURVE('',#4906,#4905,#5812,.T.);
#3567=EDGE_CURVE('',#4906,#4765,#5813,.T.);
#3568=EDGE_CURVE('',#4907,#4764,#5814,.T.);
#3569=EDGE_CURVE('',#4907,#4902,#5815,.T.);
#3570=EDGE_CURVE('',#4908,#4909,#5816,.T.);
#3571=EDGE_CURVE('',#4910,#4908,#5817,.T.);
#3572=EDGE_CURVE('',#4911,#4910,#5818,.T.);
#3573=EDGE_CURVE('',#4911,#4767,#5819,.T.);
#3574=EDGE_CURVE('',#4912,#4766,#5820,.T.);
#3575=EDGE_CURVE('',#4912,#4913,#5821,.T.);
#3576=EDGE_CURVE('',#4913,#4909,#5822,.T.);
#3577=EDGE_CURVE('',#4912,#4906,#345,.T.);
#3578=EDGE_CURVE('',#4905,#4913,#5823,.T.);
#3579=EDGE_CURVE('',#4909,#4904,#5824,.T.);
#3580=EDGE_CURVE('',#4914,#4902,#5825,.T.);
#3581=EDGE_CURVE('',#4914,#4915,#5826,.F.);
#3582=EDGE_CURVE('',#4915,#4916,#98,.T.);
#3583=EDGE_CURVE('',#4916,#4903,#5827,.F.);
#3584=EDGE_CURVE('',#4917,#4907,#5828,.T.);
#3585=EDGE_CURVE('',#4918,#4917,#5829,.T.);
#3586=EDGE_CURVE('',#4919,#4918,#5830,.T.);
#3587=EDGE_CURVE('',#4919,#4920,#5831,.T.);
#3588=EDGE_CURVE('',#4914,#4920,#346,.T.);
#3589=EDGE_CURVE('',#4763,#4917,#5832,.T.);
#3590=EDGE_CURVE('',#4916,#4921,#347,.F.);
#3591=EDGE_CURVE('',#4921,#4922,#5833,.F.);
#3592=EDGE_CURVE('',#4922,#4923,#348,.F.);
#3593=EDGE_CURVE('',#4908,#4923,#5834,.F.);
#3594=EDGE_CURVE('',#4924,#4925,#5835,.T.);
#3595=EDGE_CURVE('',#4925,#4926,#5836,.T.);
#3596=EDGE_CURVE('',#4926,#4927,#5837,.T.);
#3597=EDGE_CURVE('',#4928,#4927,#5838,.T.);
#3598=EDGE_CURVE('',#4928,#4749,#5839,.T.);
#3599=EDGE_CURVE('',#4929,#4748,#5840,.T.);
#3600=EDGE_CURVE('',#4929,#4924,#5841,.T.);
#3601=EDGE_CURVE('',#4930,#4931,#5842,.T.);
#3602=EDGE_CURVE('',#4932,#4930,#5843,.T.);
#3603=EDGE_CURVE('',#4933,#4932,#5844,.T.);
#3604=EDGE_CURVE('',#4933,#4751,#5845,.T.);
#3605=EDGE_CURVE('',#4934,#4750,#5846,.T.);
#3606=EDGE_CURVE('',#4934,#4935,#5847,.T.);
#3607=EDGE_CURVE('',#4935,#4931,#5848,.T.);
#3608=EDGE_CURVE('',#4934,#4928,#349,.T.);
#3609=EDGE_CURVE('',#4927,#4935,#5849,.T.);
#3610=EDGE_CURVE('',#4931,#4926,#5850,.T.);
#3611=EDGE_CURVE('',#4936,#4924,#5851,.T.);
#3612=EDGE_CURVE('',#4936,#4937,#5852,.F.);
#3613=EDGE_CURVE('',#4937,#4938,#99,.T.);
#3614=EDGE_CURVE('',#4938,#4925,#5853,.F.);
#3615=EDGE_CURVE('',#4939,#4929,#5854,.T.);
#3616=EDGE_CURVE('',#4940,#4939,#5855,.T.);
#3617=EDGE_CURVE('',#4941,#4940,#5856,.T.);
#3618=EDGE_CURVE('',#4941,#4942,#5857,.T.);
#3619=EDGE_CURVE('',#4936,#4942,#350,.T.);
#3620=EDGE_CURVE('',#4747,#4939,#5858,.T.);
#3621=EDGE_CURVE('',#4938,#4943,#351,.F.);
#3622=EDGE_CURVE('',#4943,#4944,#5859,.F.);
#3623=EDGE_CURVE('',#4944,#4945,#352,.F.);
#3624=EDGE_CURVE('',#4930,#4945,#5860,.F.);
#3625=EDGE_CURVE('',#4946,#4946,#353,.T.);
#3626=EDGE_CURVE('',#4947,#4947,#354,.T.);
#3627=EDGE_CURVE('',#4948,#4948,#355,.T.);
#3628=EDGE_CURVE('',#4949,#4949,#356,.T.);
#3629=EDGE_CURVE('',#4950,#4950,#357,.T.);
#3630=EDGE_CURVE('',#4951,#4951,#358,.T.);
#3631=EDGE_CURVE('',#4952,#4952,#359,.T.);
#3632=EDGE_CURVE('',#4953,#4953,#360,.T.);
#3633=EDGE_CURVE('',#4954,#4954,#361,.T.);
#3634=EDGE_CURVE('',#4955,#4955,#362,.T.);
#3635=EDGE_CURVE('',#4956,#4956,#363,.T.);
#3636=EDGE_CURVE('',#4957,#4957,#364,.T.);
#3637=EDGE_CURVE('',#4958,#4958,#365,.T.);
#3638=EDGE_CURVE('',#4959,#4959,#366,.T.);
#3639=EDGE_CURVE('',#4960,#4960,#367,.T.);
#3640=EDGE_CURVE('',#4961,#4961,#368,.T.);
#3641=EDGE_CURVE('',#4962,#4962,#369,.T.);
#3642=EDGE_CURVE('',#4963,#4963,#370,.T.);
#3643=EDGE_CURVE('',#4964,#4964,#371,.T.);
#3644=EDGE_CURVE('',#4965,#4965,#372,.T.);
#3645=EDGE_CURVE('',#4966,#4966,#373,.T.);
#3646=EDGE_CURVE('',#4967,#4967,#374,.T.);
#3647=EDGE_CURVE('',#4968,#4968,#375,.T.);
#3648=EDGE_CURVE('',#4969,#4969,#376,.T.);
#3649=EDGE_CURVE('',#4970,#4970,#377,.T.);
#3650=EDGE_CURVE('',#4971,#4971,#378,.T.);
#3651=EDGE_CURVE('',#4972,#4972,#379,.T.);
#3652=EDGE_CURVE('',#4973,#4973,#380,.T.);
#3653=EDGE_CURVE('',#4974,#4974,#381,.T.);
#3654=EDGE_CURVE('',#4975,#4975,#382,.T.);
#3655=EDGE_CURVE('',#4976,#4977,#5861,.F.);
#3656=EDGE_CURVE('',#4977,#4978,#383,.F.);
#3657=EDGE_CURVE('',#4979,#4978,#5862,.F.);
#3658=EDGE_CURVE('',#4979,#4976,#384,.F.);
#3659=EDGE_CURVE('',#4980,#4981,#5863,.F.);
#3660=EDGE_CURVE('',#4981,#4982,#385,.F.);
#3661=EDGE_CURVE('',#4983,#4982,#5864,.F.);
#3662=EDGE_CURVE('',#4983,#4980,#386,.F.);
#3663=EDGE_CURVE('',#4984,#4985,#5865,.F.);
#3664=EDGE_CURVE('',#4985,#4986,#387,.F.);
#3665=EDGE_CURVE('',#4987,#4986,#5866,.F.);
#3666=EDGE_CURVE('',#4987,#4984,#388,.F.);
#3667=EDGE_CURVE('',#4988,#4989,#5867,.F.);
#3668=EDGE_CURVE('',#4989,#4990,#389,.F.);
#3669=EDGE_CURVE('',#4991,#4990,#5868,.F.);
#3670=EDGE_CURVE('',#4991,#4988,#390,.F.);
#3671=EDGE_CURVE('',#4992,#4993,#5869,.F.);
#3672=EDGE_CURVE('',#4993,#4994,#391,.F.);
#3673=EDGE_CURVE('',#4995,#4994,#5870,.F.);
#3674=EDGE_CURVE('',#4995,#4992,#392,.F.);
#3675=EDGE_CURVE('',#4996,#4996,#393,.T.);
#3676=EDGE_CURVE('',#4997,#4987,#100,.T.);
#3677=EDGE_CURVE('',#4998,#4997,#394,.T.);
#3678=EDGE_CURVE('',#4984,#4998,#101,.T.);
#3679=EDGE_CURVE('',#4999,#4993,#102,.T.);
#3680=EDGE_CURVE('',#5000,#4999,#395,.T.);
#3681=EDGE_CURVE('',#4994,#5000,#103,.T.);
#3682=EDGE_CURVE('',#5001,#4981,#104,.T.);
#3683=EDGE_CURVE('',#5002,#5001,#396,.T.);
#3684=EDGE_CURVE('',#4982,#5002,#105,.T.);
#3685=EDGE_CURVE('',#5003,#5003,#397,.T.);
#3686=EDGE_CURVE('',#5004,#4991,#106,.T.);
#3687=EDGE_CURVE('',#5005,#5004,#398,.T.);
#3688=EDGE_CURVE('',#4988,#5005,#107,.T.);
#3689=EDGE_CURVE('',#5006,#4983,#108,.T.);
#3690=EDGE_CURVE('',#5007,#5006,#399,.T.);
#3691=EDGE_CURVE('',#4980,#5007,#109,.T.);
#3692=EDGE_CURVE('',#5008,#5009,#110,.T.);
#3693=EDGE_CURVE('',#5010,#5008,#400,.T.);
#3694=EDGE_CURVE('',#5011,#5010,#111,.T.);
#3695=EDGE_CURVE('',#5009,#5011,#401,.F.);
#3696=EDGE_CURVE('',#5012,#5009,#5871,.F.);
#3697=EDGE_CURVE('',#5013,#5011,#5872,.F.);
#3698=EDGE_CURVE('',#5013,#5012,#402,.F.);
#3699=EDGE_CURVE('',#5014,#5014,#403,.T.);
#3700=EDGE_CURVE('',#5015,#5016,#112,.T.);
#3701=EDGE_CURVE('',#5017,#5015,#404,.T.);
#3702=EDGE_CURVE('',#5018,#5017,#113,.T.);
#3703=EDGE_CURVE('',#5016,#5018,#405,.F.);
#3704=EDGE_CURVE('',#5019,#5016,#5873,.F.);
#3705=EDGE_CURVE('',#5020,#5018,#5874,.F.);
#3706=EDGE_CURVE('',#5020,#5019,#406,.F.);
#3707=EDGE_CURVE('',#5021,#5021,#407,.T.);
#3708=EDGE_CURVE('',#5022,#5020,#114,.T.);
#3709=EDGE_CURVE('',#5023,#5022,#408,.T.);
#3710=EDGE_CURVE('',#5019,#5023,#115,.T.);
#3711=EDGE_CURVE('',#5024,#4985,#116,.T.);
#3712=EDGE_CURVE('',#5025,#5024,#409,.T.);
#3713=EDGE_CURVE('',#4986,#5025,#117,.T.);
#3714=EDGE_CURVE('',#5026,#5027,#118,.T.);
#3715=EDGE_CURVE('',#5028,#5026,#410,.T.);
#3716=EDGE_CURVE('',#5029,#5028,#119,.T.);
#3717=EDGE_CURVE('',#5027,#5029,#411,.F.);
#3718=EDGE_CURVE('',#5030,#5027,#5875,.F.);
#3719=EDGE_CURVE('',#5031,#5029,#5876,.F.);
#3720=EDGE_CURVE('',#5031,#5030,#412,.F.);
#3721=EDGE_CURVE('',#5032,#5032,#413,.T.);
#3722=EDGE_CURVE('',#5033,#5031,#120,.T.);
#3723=EDGE_CURVE('',#5034,#5033,#414,.T.);
#3724=EDGE_CURVE('',#5030,#5034,#121,.T.);
#3725=EDGE_CURVE('',#5035,#4989,#122,.T.);
#3726=EDGE_CURVE('',#5036,#5035,#415,.T.);
#3727=EDGE_CURVE('',#4990,#5036,#123,.T.);
#3728=EDGE_CURVE('',#5037,#5038,#124,.T.);
#3729=EDGE_CURVE('',#5039,#5037,#416,.T.);
#3730=EDGE_CURVE('',#5040,#5039,#125,.T.);
#3731=EDGE_CURVE('',#5038,#5040,#417,.F.);
#3732=EDGE_CURVE('',#5040,#5041,#5877,.F.);
#3733=EDGE_CURVE('',#5041,#5042,#418,.F.);
#3734=EDGE_CURVE('',#5038,#5042,#5878,.F.);
#3735=EDGE_CURVE('',#5043,#5043,#419,.T.);
#3736=EDGE_CURVE('',#5044,#5041,#126,.T.);
#3737=EDGE_CURVE('',#5045,#5044,#420,.T.);
#3738=EDGE_CURVE('',#5042,#5045,#127,.T.);
#3739=EDGE_CURVE('',#5046,#5047,#128,.T.);
#3740=EDGE_CURVE('',#5048,#5046,#421,.T.);
#3741=EDGE_CURVE('',#5049,#5048,#129,.T.);
#3742=EDGE_CURVE('',#5047,#5049,#422,.F.);
#3743=EDGE_CURVE('',#5049,#5050,#5879,.F.);
#3744=EDGE_CURVE('',#5050,#5051,#423,.F.);
#3745=EDGE_CURVE('',#5047,#5051,#5880,.F.);
#3746=EDGE_CURVE('',#5052,#5050,#130,.T.);
#3747=EDGE_CURVE('',#5053,#5052,#424,.T.);
#3748=EDGE_CURVE('',#5051,#5053,#131,.T.);
#3749=EDGE_CURVE('',#5054,#5055,#5881,.F.);
#3750=EDGE_CURVE('',#5055,#5056,#425,.F.);
#3751=EDGE_CURVE('',#5057,#5056,#5882,.F.);
#3752=EDGE_CURVE('',#5057,#5054,#426,.F.);
#3753=EDGE_CURVE('',#5058,#5058,#427,.T.);
#3754=EDGE_CURVE('',#5059,#4995,#132,.T.);
#3755=EDGE_CURVE('',#5060,#5059,#428,.T.);
#3756=EDGE_CURVE('',#4992,#5060,#133,.T.);
#3757=EDGE_CURVE('',#5061,#5055,#134,.T.);
#3758=EDGE_CURVE('',#5062,#5061,#429,.T.);
#3759=EDGE_CURVE('',#5056,#5062,#135,.T.);
#3760=EDGE_CURVE('',#5063,#4977,#136,.T.);
#3761=EDGE_CURVE('',#5064,#5063,#430,.T.);
#3762=EDGE_CURVE('',#4978,#5064,#137,.T.);
#3763=EDGE_CURVE('',#5065,#5066,#5883,.F.);
#3764=EDGE_CURVE('',#5066,#5067,#431,.F.);
#3765=EDGE_CURVE('',#5068,#5067,#5884,.F.);
#3766=EDGE_CURVE('',#5068,#5065,#432,.F.);
#3767=EDGE_CURVE('',#5069,#5069,#433,.T.);
#3768=EDGE_CURVE('',#5070,#5057,#138,.T.);
#3769=EDGE_CURVE('',#5071,#5070,#434,.T.);
#3770=EDGE_CURVE('',#5054,#5071,#139,.T.);
#3771=EDGE_CURVE('',#5072,#5066,#140,.T.);
#3772=EDGE_CURVE('',#5073,#5072,#435,.T.);
#3773=EDGE_CURVE('',#5067,#5073,#141,.T.);
#3774=EDGE_CURVE('',#5074,#5074,#436,.T.);
#3775=EDGE_CURVE('',#5075,#5075,#437,.T.);
#3776=EDGE_CURVE('',#5076,#5013,#142,.T.);
#3777=EDGE_CURVE('',#5077,#5076,#438,.T.);
#3778=EDGE_CURVE('',#5012,#5077,#143,.T.);
#3779=EDGE_CURVE('',#5078,#4979,#144,.T.);
#3780=EDGE_CURVE('',#5079,#5078,#439,.T.);
#3781=EDGE_CURVE('',#4976,#5079,#145,.T.);
#3782=EDGE_CURVE('',#5080,#5081,#146,.T.);
#3783=EDGE_CURVE('',#5082,#5080,#440,.T.);
#3784=EDGE_CURVE('',#5083,#5082,#147,.T.);
#3785=EDGE_CURVE('',#5081,#5083,#441,.F.);
#3786=EDGE_CURVE('',#5084,#5081,#5885,.F.);
#3787=EDGE_CURVE('',#5085,#5083,#5886,.F.);
#3788=EDGE_CURVE('',#5085,#5084,#442,.F.);
#3789=EDGE_CURVE('',#5086,#5086,#443,.T.);
#3790=EDGE_CURVE('',#5087,#5085,#148,.T.);
#3791=EDGE_CURVE('',#5088,#5087,#444,.T.);
#3792=EDGE_CURVE('',#5084,#5088,#149,.T.);
#3793=EDGE_CURVE('',#5089,#5068,#150,.T.);
#3794=EDGE_CURVE('',#5090,#5089,#445,.T.);
#3795=EDGE_CURVE('',#5065,#5090,#151,.T.);
#3796=EDGE_CURVE('',#5091,#5091,#446,.T.);
#3797=EDGE_CURVE('',#5092,#5093,#5887,.F.);
#3798=EDGE_CURVE('',#5093,#5094,#447,.F.);
#3799=EDGE_CURVE('',#5095,#5094,#5888,.F.);
#3800=EDGE_CURVE('',#5095,#5092,#448,.F.);
#3801=EDGE_CURVE('',#5096,#5093,#152,.T.);
#3802=EDGE_CURVE('',#5097,#5096,#449,.T.);
#3803=EDGE_CURVE('',#5094,#5097,#153,.T.);
#3804=EDGE_CURVE('',#5098,#5098,#450,.T.);
#3805=EDGE_CURVE('',#5099,#5100,#5889,.F.);
#3806=EDGE_CURVE('',#5100,#5101,#451,.F.);
#3807=EDGE_CURVE('',#5102,#5101,#5890,.F.);
#3808=EDGE_CURVE('',#5102,#5099,#452,.F.);
#3809=EDGE_CURVE('',#5103,#5100,#154,.T.);
#3810=EDGE_CURVE('',#5104,#5103,#453,.T.);
#3811=EDGE_CURVE('',#5101,#5104,#155,.T.);
#3812=EDGE_CURVE('',#5105,#5105,#454,.T.);
#3813=EDGE_CURVE('',#5106,#5107,#5891,.F.);
#3814=EDGE_CURVE('',#5107,#5108,#455,.F.);
#3815=EDGE_CURVE('',#5109,#5108,#5892,.F.);
#3816=EDGE_CURVE('',#5109,#5106,#456,.F.);
#3817=EDGE_CURVE('',#5110,#5107,#156,.T.);
#3818=EDGE_CURVE('',#5111,#5110,#457,.T.);
#3819=EDGE_CURVE('',#5108,#5111,#157,.T.);
#3820=EDGE_CURVE('',#5112,#5112,#458,.T.);
#3821=EDGE_CURVE('',#5113,#5114,#5893,.F.);
#3822=EDGE_CURVE('',#5114,#5115,#459,.F.);
#3823=EDGE_CURVE('',#5116,#5115,#5894,.F.);
#3824=EDGE_CURVE('',#5116,#5113,#460,.F.);
#3825=EDGE_CURVE('',#5117,#5114,#158,.T.);
#3826=EDGE_CURVE('',#5118,#5117,#461,.T.);
#3827=EDGE_CURVE('',#5115,#5118,#159,.T.);
#3828=EDGE_CURVE('',#5119,#5119,#462,.T.);
#3829=EDGE_CURVE('',#5120,#5121,#5895,.F.);
#3830=EDGE_CURVE('',#5121,#5122,#463,.F.);
#3831=EDGE_CURVE('',#5123,#5122,#5896,.F.);
#3832=EDGE_CURVE('',#5123,#5120,#464,.F.);
#3833=EDGE_CURVE('',#5124,#5123,#160,.T.);
#3834=EDGE_CURVE('',#5125,#5124,#465,.T.);
#3835=EDGE_CURVE('',#5120,#5125,#161,.T.);
#3836=EDGE_CURVE('',#5126,#5126,#466,.T.);
#3837=EDGE_CURVE('',#5127,#5128,#5897,.F.);
#3838=EDGE_CURVE('',#5128,#5129,#467,.F.);
#3839=EDGE_CURVE('',#5130,#5129,#5898,.F.);
#3840=EDGE_CURVE('',#5130,#5127,#468,.F.);
#3841=EDGE_CURVE('',#5131,#5130,#162,.T.);
#3842=EDGE_CURVE('',#5132,#5131,#469,.T.);
#3843=EDGE_CURVE('',#5127,#5132,#163,.T.);
#3844=EDGE_CURVE('',#5133,#5133,#470,.T.);
#3845=EDGE_CURVE('',#5134,#5135,#5899,.F.);
#3846=EDGE_CURVE('',#5135,#5136,#471,.F.);
#3847=EDGE_CURVE('',#5137,#5136,#5900,.F.);
#3848=EDGE_CURVE('',#5137,#5134,#472,.F.);
#3849=EDGE_CURVE('',#5138,#5137,#164,.T.);
#3850=EDGE_CURVE('',#5139,#5138,#473,.T.);
#3851=EDGE_CURVE('',#5134,#5139,#165,.T.);
#3852=EDGE_CURVE('',#5140,#5140,#474,.T.);
#3853=EDGE_CURVE('',#5141,#5142,#5901,.F.);
#3854=EDGE_CURVE('',#5142,#5143,#475,.F.);
#3855=EDGE_CURVE('',#5144,#5143,#5902,.F.);
#3856=EDGE_CURVE('',#5144,#5141,#476,.F.);
#3857=EDGE_CURVE('',#5145,#5144,#166,.T.);
#3858=EDGE_CURVE('',#5146,#5145,#477,.T.);
#3859=EDGE_CURVE('',#5141,#5146,#167,.T.);
#3860=EDGE_CURVE('',#5147,#5147,#478,.T.);
#3861=EDGE_CURVE('',#5148,#5149,#5903,.F.);
#3862=EDGE_CURVE('',#5149,#5150,#479,.F.);
#3863=EDGE_CURVE('',#5151,#5150,#5904,.F.);
#3864=EDGE_CURVE('',#5151,#5148,#480,.F.);
#3865=EDGE_CURVE('',#5152,#5151,#168,.T.);
#3866=EDGE_CURVE('',#5153,#5152,#481,.T.);
#3867=EDGE_CURVE('',#5148,#5153,#169,.T.);
#3868=EDGE_CURVE('',#5154,#5154,#482,.T.);
#3869=EDGE_CURVE('',#5155,#5155,#483,.T.);
#3870=EDGE_CURVE('',#5156,#5157,#5905,.F.);
#3871=EDGE_CURVE('',#5157,#5158,#484,.F.);
#3872=EDGE_CURVE('',#5159,#5158,#5906,.F.);
#3873=EDGE_CURVE('',#5159,#5156,#485,.F.);
#3874=EDGE_CURVE('',#5160,#5159,#170,.T.);
#3875=EDGE_CURVE('',#5161,#5160,#486,.T.);
#3876=EDGE_CURVE('',#5156,#5161,#171,.T.);
#3877=EDGE_CURVE('',#5162,#5162,#487,.T.);
#3878=EDGE_CURVE('',#5163,#5164,#5907,.F.);
#3879=EDGE_CURVE('',#5164,#5165,#488,.F.);
#3880=EDGE_CURVE('',#5166,#5165,#5908,.F.);
#3881=EDGE_CURVE('',#5166,#5163,#489,.F.);
#3882=EDGE_CURVE('',#5167,#5166,#172,.T.);
#3883=EDGE_CURVE('',#5168,#5167,#490,.T.);
#3884=EDGE_CURVE('',#5163,#5168,#173,.T.);
#3885=EDGE_CURVE('',#5169,#5169,#491,.T.);
#3886=EDGE_CURVE('',#5170,#5171,#5909,.T.);
#3887=EDGE_CURVE('',#5170,#5070,#5910,.F.);
#3888=EDGE_CURVE('',#5062,#5171,#5911,.T.);
#3889=EDGE_CURVE('',#5172,#5173,#5912,.T.);
#3890=EDGE_CURVE('',#5172,#5089,#5913,.F.);
#3891=EDGE_CURVE('',#5073,#5173,#5914,.T.);
#3892=EDGE_CURVE('',#5174,#5088,#5915,.F.);
#3893=EDGE_CURVE('',#5174,#5175,#5916,.T.);
#3894=EDGE_CURVE('',#5080,#5175,#5917,.T.);
#3895=EDGE_CURVE('',#5063,#5176,#5918,.T.);
#3896=EDGE_CURVE('',#5177,#5079,#5919,.F.);
#3897=EDGE_CURVE('',#5177,#5176,#5920,.T.);
#3898=EDGE_CURVE('',#5178,#5179,#5921,.T.);
#3899=EDGE_CURVE('',#5178,#5037,#5922,.F.);
#3900=EDGE_CURVE('',#5045,#5179,#5923,.T.);
#3901=EDGE_CURVE('',#5180,#5023,#5924,.F.);
#3902=EDGE_CURVE('',#5180,#5181,#5925,.T.);
#3903=EDGE_CURVE('',#5015,#5181,#5926,.T.);
#3904=EDGE_CURVE('',#5182,#5183,#5927,.T.);
#3905=EDGE_CURVE('',#5182,#5059,#5928,.F.);
#3906=EDGE_CURVE('',#5000,#5183,#5929,.T.);
#3907=EDGE_CURVE('',#5184,#5078,#5930,.F.);
#3908=EDGE_CURVE('',#5064,#5185,#5931,.T.);
#3909=EDGE_CURVE('',#5184,#5185,#5932,.T.);
#3910=EDGE_CURVE('',#5186,#5077,#5933,.F.);
#3911=EDGE_CURVE('',#5186,#5187,#5934,.T.);
#3912=EDGE_CURVE('',#5008,#5187,#5935,.T.);
#3913=EDGE_CURVE('',#5001,#5188,#5936,.T.);
#3914=EDGE_CURVE('',#5189,#5007,#5937,.F.);
#3915=EDGE_CURVE('',#5189,#5188,#5938,.T.);
#3916=EDGE_CURVE('',#5190,#4997,#5939,.F.);
#3917=EDGE_CURVE('',#5025,#5191,#5940,.T.);
#3918=EDGE_CURVE('',#5190,#5191,#5941,.T.);
#3919=EDGE_CURVE('',#5192,#5006,#5942,.F.);
#3920=EDGE_CURVE('',#5002,#5193,#5943,.T.);
#3921=EDGE_CURVE('',#5192,#5193,#5944,.T.);
#3922=EDGE_CURVE('',#5035,#5194,#5945,.T.);
#3923=EDGE_CURVE('',#5195,#5005,#5946,.F.);
#3924=EDGE_CURVE('',#5195,#5194,#5947,.T.);
#3925=EDGE_CURVE('',#5026,#5196,#5948,.T.);
#3926=EDGE_CURVE('',#5197,#5034,#5949,.F.);
#3927=EDGE_CURVE('',#5197,#5196,#5950,.T.);
#3928=EDGE_CURVE('',#5024,#5198,#5951,.T.);
#3929=EDGE_CURVE('',#5199,#4998,#5952,.F.);
#3930=EDGE_CURVE('',#5199,#5198,#5953,.T.);
#3931=EDGE_CURVE('',#5200,#5004,#5954,.F.);
#3932=EDGE_CURVE('',#5036,#5201,#5955,.T.);
#3933=EDGE_CURVE('',#5200,#5201,#5956,.T.);
#3934=EDGE_CURVE('',#5202,#5060,#5957,.F.);
#3935=EDGE_CURVE('',#5202,#5203,#5958,.T.);
#3936=EDGE_CURVE('',#4999,#5203,#5959,.T.);
#3937=EDGE_CURVE('',#5188,#5183,#492,.T.);
#3938=EDGE_CURVE('',#5203,#5204,#493,.T.);
#3939=EDGE_CURVE('',#5204,#5139,#5960,.F.);
#3940=EDGE_CURVE('',#5205,#5138,#5961,.F.);
#3941=EDGE_CURVE('',#5205,#5199,#494,.T.);
#3942=EDGE_CURVE('',#5190,#5193,#495,.T.);
#3943=EDGE_CURVE('',#5104,#5206,#5962,.T.);
#3944=EDGE_CURVE('',#5103,#5207,#5963,.T.);
#3945=EDGE_CURVE('',#5207,#5208,#496,.T.);
#3946=EDGE_CURVE('',#5010,#5208,#5964,.T.);
#3947=EDGE_CURVE('',#5187,#5189,#497,.T.);
#3948=EDGE_CURVE('',#5192,#5195,#498,.T.);
#3949=EDGE_CURVE('',#5200,#5206,#499,.T.);
#3950=EDGE_CURVE('',#5209,#5208,#5965,.T.);
#3951=EDGE_CURVE('',#5209,#5076,#5966,.F.);
#3952=EDGE_CURVE('',#5210,#5046,#5967,.F.);
#3953=EDGE_CURVE('',#5053,#5211,#5968,.T.);
#3954=EDGE_CURVE('',#5210,#5211,#5969,.T.);
#3955=EDGE_CURVE('',#5052,#5212,#5970,.T.);
#3956=EDGE_CURVE('',#5212,#5213,#500,.T.);
#3957=EDGE_CURVE('',#5017,#5213,#5971,.T.);
#3958=EDGE_CURVE('',#5181,#5214,#501,.T.);
#3959=EDGE_CURVE('',#5214,#5153,#5972,.F.);
#3960=EDGE_CURVE('',#5215,#5152,#5973,.F.);
#3961=EDGE_CURVE('',#5215,#5216,#502,.T.);
#3962=EDGE_CURVE('',#5216,#5161,#5974,.F.);
#3963=EDGE_CURVE('',#5217,#5160,#5975,.F.);
#3964=EDGE_CURVE('',#5217,#5211,#503,.T.);
#3965=EDGE_CURVE('',#5218,#5213,#5976,.T.);
#3966=EDGE_CURVE('',#5218,#5022,#5977,.F.);
#3967=EDGE_CURVE('',#5028,#5219,#5978,.T.);
#3968=EDGE_CURVE('',#5196,#5191,#504,.T.);
#3969=EDGE_CURVE('',#5198,#5220,#505,.T.);
#3970=EDGE_CURVE('',#5220,#5146,#5979,.F.);
#3971=EDGE_CURVE('',#5221,#5145,#5980,.F.);
#3972=EDGE_CURVE('',#5221,#5180,#506,.T.);
#3973=EDGE_CURVE('',#5218,#5219,#507,.T.);
#3974=EDGE_CURVE('',#5222,#5033,#5981,.F.);
#3975=EDGE_CURVE('',#5222,#5219,#5982,.T.);
#3976=EDGE_CURVE('',#5097,#5223,#5983,.T.);
#3977=EDGE_CURVE('',#5096,#5224,#5984,.T.);
#3978=EDGE_CURVE('',#5224,#5201,#508,.T.);
#3979=EDGE_CURVE('',#5194,#5197,#509,.T.);
#3980=EDGE_CURVE('',#5222,#5225,#510,.T.);
#3981=EDGE_CURVE('',#5225,#5039,#5985,.F.);
#3982=EDGE_CURVE('',#5178,#5223,#511,.T.);
#3983=EDGE_CURVE('',#5225,#5226,#5986,.T.);
#3984=EDGE_CURVE('',#5044,#5226,#5987,.T.);
#3985=EDGE_CURVE('',#5111,#5227,#5988,.T.);
#3986=EDGE_CURVE('',#5110,#5228,#5989,.T.);
#3987=EDGE_CURVE('',#5228,#5179,#512,.T.);
#3988=EDGE_CURVE('',#5226,#5229,#513,.T.);
#3989=EDGE_CURVE('',#5229,#5048,#5990,.F.);
#3990=EDGE_CURVE('',#5210,#5230,#514,.T.);
#3991=EDGE_CURVE('',#5230,#5168,#5991,.F.);
#3992=EDGE_CURVE('',#5231,#5167,#5992,.F.);
#3993=EDGE_CURVE('',#5231,#5227,#515,.T.);
#3994=EDGE_CURVE('',#5229,#5212,#5993,.T.);
#3995=EDGE_CURVE('',#5232,#5071,#5994,.F.);
#3996=EDGE_CURVE('',#5232,#5233,#5995,.T.);
#3997=EDGE_CURVE('',#5061,#5233,#5996,.T.);
#3998=EDGE_CURVE('',#5176,#5171,#516,.T.);
#3999=EDGE_CURVE('',#5233,#5234,#517,.T.);
#4000=EDGE_CURVE('',#5234,#5132,#5997,.F.);
#4001=EDGE_CURVE('',#5235,#5131,#5998,.F.);
#4002=EDGE_CURVE('',#5235,#5202,#518,.T.);
#4003=EDGE_CURVE('',#5182,#5185,#519,.T.);
#4004=EDGE_CURVE('',#5236,#5237,#174,.T.);
#4005=EDGE_CURVE('',#5238,#5236,#520,.T.);
#4006=EDGE_CURVE('',#5239,#5238,#175,.T.);
#4007=EDGE_CURVE('',#5237,#5239,#521,.F.);
#4008=EDGE_CURVE('',#5240,#5090,#5999,.F.);
#4009=EDGE_CURVE('',#5240,#5241,#6000,.T.);
#4010=EDGE_CURVE('',#5072,#5241,#6001,.T.);
#4011=EDGE_CURVE('',#5242,#5243,#176,.T.);
#4012=EDGE_CURVE('',#5244,#5242,#522,.T.);
#4013=EDGE_CURVE('',#5245,#5244,#177,.T.);
#4014=EDGE_CURVE('',#5243,#5245,#523,.F.);
#4015=EDGE_CURVE('',#5241,#5246,#524,.T.);
#4016=EDGE_CURVE('',#5244,#5246,#6002,.T.);
#4017=EDGE_CURVE('',#5242,#5247,#6003,.T.);
#4018=EDGE_CURVE('',#5247,#5248,#525,.T.);
#4019=EDGE_CURVE('',#5248,#5125,#6004,.F.);
#4020=EDGE_CURVE('',#5249,#5124,#6005,.F.);
#4021=EDGE_CURVE('',#5249,#5232,#526,.T.);
#4022=EDGE_CURVE('',#5170,#5173,#527,.T.);
#4023=EDGE_CURVE('',#5250,#5250,#528,.T.);
#4024=EDGE_CURVE('',#5118,#5251,#6006,.T.);
#4025=EDGE_CURVE('',#5117,#5252,#6007,.T.);
#4026=EDGE_CURVE('',#5252,#5253,#529,.T.);
#4027=EDGE_CURVE('',#5082,#5253,#6008,.T.);
#4028=EDGE_CURVE('',#5175,#5177,#530,.T.);
#4029=EDGE_CURVE('',#5184,#5186,#531,.T.);
#4030=EDGE_CURVE('',#5209,#5251,#532,.T.);
#4031=EDGE_CURVE('',#5254,#5253,#6009,.T.);
#4032=EDGE_CURVE('',#5254,#5087,#6010,.F.);
#4033=EDGE_CURVE('',#5255,#5256,#6011,.F.);
#4034=EDGE_CURVE('',#5256,#5257,#533,.F.);
#4035=EDGE_CURVE('',#5258,#5257,#6012,.F.);
#4036=EDGE_CURVE('',#5258,#5255,#534,.F.);
#4037=EDGE_CURVE('',#5259,#5256,#178,.T.);
#4038=EDGE_CURVE('',#5260,#5259,#535,.T.);
#4039=EDGE_CURVE('',#5257,#5260,#179,.T.);
#4040=EDGE_CURVE('',#5260,#5261,#6013,.T.);
#4041=EDGE_CURVE('',#5259,#5262,#6014,.T.);
#4042=EDGE_CURVE('',#5262,#5263,#536,.T.);
#4043=EDGE_CURVE('',#5238,#5263,#6015,.T.);
#4044=EDGE_CURVE('',#5236,#5264,#6016,.T.);
#4045=EDGE_CURVE('',#5264,#5240,#537,.T.);
#4046=EDGE_CURVE('',#5172,#5174,#538,.T.);
#4047=EDGE_CURVE('',#5254,#5261,#539,.T.);
#4048=EDGE_CURVE('',#5265,#5266,#6017,.F.);
#4049=EDGE_CURVE('',#5266,#5267,#540,.F.);
#4050=EDGE_CURVE('',#5268,#5267,#6018,.F.);
#4051=EDGE_CURVE('',#5268,#5265,#541,.F.);
#4052=EDGE_CURVE('',#5269,#5269,#542,.T.);
#4053=EDGE_CURVE('',#5270,#5268,#180,.T.);
#4054=EDGE_CURVE('',#5271,#5270,#543,.T.);
#4055=EDGE_CURVE('',#5265,#5271,#181,.T.);
#4056=EDGE_CURVE('',#5272,#5273,#6019,.F.);
#4057=EDGE_CURVE('',#5273,#5095,#182,.T.);
#4058=EDGE_CURVE('',#5272,#5223,#6020,.T.);
#4059=EDGE_CURVE('',#5274,#5273,#544,.T.);
#4060=EDGE_CURVE('',#5092,#5274,#183,.T.);
#4061=EDGE_CURVE('',#5275,#5274,#6021,.F.);
#4062=EDGE_CURVE('',#5275,#5224,#6022,.T.);
#4063=EDGE_CURVE('',#5276,#5277,#184,.T.);
#4064=EDGE_CURVE('',#5278,#5276,#545,.T.);
#4065=EDGE_CURVE('',#5279,#5278,#185,.T.);
#4066=EDGE_CURVE('',#5277,#5279,#546,.F.);
#4067=EDGE_CURVE('',#5280,#5277,#6023,.F.);
#4068=EDGE_CURVE('',#5281,#5279,#6024,.F.);
#4069=EDGE_CURVE('',#5281,#5280,#547,.F.);
#4070=EDGE_CURVE('',#5282,#5282,#548,.T.);
#4071=EDGE_CURVE('',#5283,#5281,#186,.T.);
#4072=EDGE_CURVE('',#5284,#5283,#549,.T.);
#4073=EDGE_CURVE('',#5280,#5284,#187,.T.);
#4074=EDGE_CURVE('',#5276,#5285,#6025,.T.);
#4075=EDGE_CURVE('',#5286,#5284,#6026,.F.);
#4076=EDGE_CURVE('',#5286,#5285,#6027,.T.);
#4077=EDGE_CURVE('',#5287,#5206,#6028,.T.);
#4078=EDGE_CURVE('',#5287,#5288,#6029,.F.);
#4079=EDGE_CURVE('',#5288,#5102,#188,.T.);
#4080=EDGE_CURVE('',#5289,#5288,#550,.T.);
#4081=EDGE_CURVE('',#5099,#5289,#189,.T.);
#4082=EDGE_CURVE('',#5290,#5289,#6030,.F.);
#4083=EDGE_CURVE('',#5290,#5207,#6031,.T.);
#4084=EDGE_CURVE('',#5291,#4944,#190,.T.);
#4085=EDGE_CURVE('',#5292,#5291,#551,.T.);
#4086=EDGE_CURVE('',#4945,#5292,#191,.T.);
#4087=EDGE_CURVE('',#5293,#5293,#552,.T.);
#4088=EDGE_CURVE('',#5294,#4915,#553,.T.);
#4089=EDGE_CURVE('',#4921,#5294,#192,.T.);
#4090=EDGE_CURVE('',#5295,#5227,#6032,.T.);
#4091=EDGE_CURVE('',#5295,#5296,#6033,.F.);
#4092=EDGE_CURVE('',#5296,#5109,#193,.T.);
#4093=EDGE_CURVE('',#5297,#5296,#554,.T.);
#4094=EDGE_CURVE('',#5106,#5297,#194,.T.);
#4095=EDGE_CURVE('',#5298,#5297,#6034,.F.);
#4096=EDGE_CURVE('',#5298,#5228,#6035,.T.);
#4097=EDGE_CURVE('',#5299,#5271,#6036,.F.);
#4098=EDGE_CURVE('',#5299,#5300,#6037,.T.);
#4099=EDGE_CURVE('',#5301,#5300,#6038,.T.);
#4100=EDGE_CURVE('',#5301,#5266,#195,.T.);
#4101=EDGE_CURVE('',#5302,#5301,#555,.T.);
#4102=EDGE_CURVE('',#5267,#5302,#196,.T.);
#4103=EDGE_CURVE('',#5303,#5303,#556,.T.);
#4104=EDGE_CURVE('',#5304,#4937,#557,.T.);
#4105=EDGE_CURVE('',#4943,#5304,#197,.T.);
#4106=EDGE_CURVE('',#5305,#5304,#6039,.F.);
#4107=EDGE_CURVE('',#5305,#5306,#6040,.T.);
#4108=EDGE_CURVE('',#5291,#5306,#6041,.T.);
#4109=EDGE_CURVE('',#5307,#5251,#6042,.T.);
#4110=EDGE_CURVE('',#5307,#5308,#6043,.F.);
#4111=EDGE_CURVE('',#5308,#5116,#198,.T.);
#4112=EDGE_CURVE('',#5309,#5308,#558,.T.);
#4113=EDGE_CURVE('',#5113,#5309,#199,.T.);
#4114=EDGE_CURVE('',#5310,#5309,#6044,.F.);
#4115=EDGE_CURVE('',#5310,#5252,#6045,.T.);
#4116=EDGE_CURVE('',#5311,#5312,#200,.T.);
#4117=EDGE_CURVE('',#5313,#5311,#559,.T.);
#4118=EDGE_CURVE('',#5314,#5313,#201,.T.);
#4119=EDGE_CURVE('',#5312,#5314,#560,.F.);
#4120=EDGE_CURVE('',#5315,#5312,#6046,.F.);
#4121=EDGE_CURVE('',#5316,#5314,#6047,.F.);
#4122=EDGE_CURVE('',#5316,#5315,#561,.F.);
#4123=EDGE_CURVE('',#5317,#5317,#562,.T.);
#4124=EDGE_CURVE('',#5318,#5319,#202,.T.);
#4125=EDGE_CURVE('',#5320,#5318,#563,.T.);
#4126=EDGE_CURVE('',#5321,#5320,#203,.T.);
#4127=EDGE_CURVE('',#5319,#5321,#564,.F.);
#4128=EDGE_CURVE('',#5248,#5322,#6048,.T.);
#4129=EDGE_CURVE('',#5323,#5322,#6049,.T.);
#4130=EDGE_CURVE('',#5323,#5121,#204,.T.);
#4131=EDGE_CURVE('',#5324,#5323,#565,.T.);
#4132=EDGE_CURVE('',#5122,#5324,#205,.T.);
#4133=EDGE_CURVE('',#5249,#5325,#6050,.T.);
#4134=EDGE_CURVE('',#5324,#5325,#6051,.T.);
#4135=EDGE_CURVE('',#5326,#5327,#206,.T.);
#4136=EDGE_CURVE('',#5328,#5326,#566,.T.);
#4137=EDGE_CURVE('',#5329,#5328,#207,.T.);
#4138=EDGE_CURVE('',#5327,#5329,#567,.F.);
#4139=EDGE_CURVE('',#5329,#5330,#6052,.F.);
#4140=EDGE_CURVE('',#5330,#5331,#568,.F.);
#4141=EDGE_CURVE('',#5327,#5331,#6053,.F.);
#4142=EDGE_CURVE('',#5332,#5332,#569,.T.);
#4143=EDGE_CURVE('',#5333,#5330,#208,.T.);
#4144=EDGE_CURVE('',#5334,#5333,#570,.T.);
#4145=EDGE_CURVE('',#5331,#5334,#209,.T.);
#4146=EDGE_CURVE('',#5335,#5336,#6054,.T.);
#4147=EDGE_CURVE('',#5335,#5326,#6055,.F.);
#4148=EDGE_CURVE('',#5334,#5336,#6056,.T.);
#4149=EDGE_CURVE('',#5337,#5338,#6057,.T.);
#4150=EDGE_CURVE('',#5337,#5128,#210,.T.);
#4151=EDGE_CURVE('',#5234,#5338,#6058,.T.);
#4152=EDGE_CURVE('',#5339,#5337,#571,.T.);
#4153=EDGE_CURVE('',#5129,#5339,#211,.T.);
#4154=EDGE_CURVE('',#5339,#5340,#6059,.T.);
#4155=EDGE_CURVE('',#5235,#5340,#6060,.T.);
#4156=EDGE_CURVE('',#5341,#5342,#212,.T.);
#4157=EDGE_CURVE('',#5343,#5341,#572,.T.);
#4158=EDGE_CURVE('',#5344,#5343,#213,.T.);
#4159=EDGE_CURVE('',#5342,#5344,#573,.F.);
#4160=EDGE_CURVE('',#5344,#5345,#6061,.F.);
#4161=EDGE_CURVE('',#5345,#5346,#574,.F.);
#4162=EDGE_CURVE('',#5342,#5346,#6062,.F.);
#4163=EDGE_CURVE('',#5347,#5347,#575,.T.);
#4164=EDGE_CURVE('',#5348,#5345,#214,.T.);
#4165=EDGE_CURVE('',#5349,#5348,#576,.T.);
#4166=EDGE_CURVE('',#5346,#5349,#215,.T.);
#4167=EDGE_CURVE('',#5350,#5351,#6063,.T.);
#4168=EDGE_CURVE('',#5350,#5341,#6064,.F.);
#4169=EDGE_CURVE('',#5349,#5351,#6065,.T.);
#4170=EDGE_CURVE('',#5352,#5353,#6066,.T.);
#4171=EDGE_CURVE('',#5352,#5135,#216,.T.);
#4172=EDGE_CURVE('',#5204,#5353,#6067,.T.);
#4173=EDGE_CURVE('',#5354,#5352,#577,.T.);
#4174=EDGE_CURVE('',#5136,#5354,#217,.T.);
#4175=EDGE_CURVE('',#5354,#5355,#6068,.T.);
#4176=EDGE_CURVE('',#5205,#5355,#6069,.T.);
#4177=EDGE_CURVE('',#5356,#5357,#218,.T.);
#4178=EDGE_CURVE('',#5358,#5356,#578,.T.);
#4179=EDGE_CURVE('',#5359,#5358,#219,.T.);
#4180=EDGE_CURVE('',#5357,#5359,#579,.F.);
#4181=EDGE_CURVE('',#5359,#5360,#6070,.F.);
#4182=EDGE_CURVE('',#5360,#5361,#580,.F.);
#4183=EDGE_CURVE('',#5357,#5361,#6071,.F.);
#4184=EDGE_CURVE('',#5362,#5362,#581,.T.);
#4185=EDGE_CURVE('',#5363,#5360,#220,.T.);
#4186=EDGE_CURVE('',#5364,#5363,#582,.T.);
#4187=EDGE_CURVE('',#5361,#5364,#221,.T.);
#4188=EDGE_CURVE('',#5365,#5366,#6072,.T.);
#4189=EDGE_CURVE('',#5365,#5356,#6073,.F.);
#4190=EDGE_CURVE('',#5364,#5366,#6074,.T.);
#4191=EDGE_CURVE('',#5220,#5367,#6075,.T.);
#4192=EDGE_CURVE('',#5368,#5367,#6076,.T.);
#4193=EDGE_CURVE('',#5368,#5142,#222,.T.);
#4194=EDGE_CURVE('',#5369,#5368,#583,.T.);
#4195=EDGE_CURVE('',#5143,#5369,#223,.T.);
#4196=EDGE_CURVE('',#5221,#5370,#6077,.T.);
#4197=EDGE_CURVE('',#5369,#5370,#6078,.T.);
#4198=EDGE_CURVE('',#5371,#5372,#224,.T.);
#4199=EDGE_CURVE('',#5373,#5371,#584,.T.);
#4200=EDGE_CURVE('',#5374,#5373,#225,.T.);
#4201=EDGE_CURVE('',#5372,#5374,#585,.F.);
#4202=EDGE_CURVE('',#5374,#5375,#6079,.F.);
#4203=EDGE_CURVE('',#5375,#5376,#586,.F.);
#4204=EDGE_CURVE('',#5372,#5376,#6080,.F.);
#4205=EDGE_CURVE('',#5377,#5377,#587,.T.);
#4206=EDGE_CURVE('',#5378,#5375,#226,.T.);
#4207=EDGE_CURVE('',#5379,#5378,#588,.T.);
#4208=EDGE_CURVE('',#5376,#5379,#227,.T.);
#4209=EDGE_CURVE('',#5380,#5371,#6081,.F.);
#4210=EDGE_CURVE('',#5379,#5381,#6082,.T.);
#4211=EDGE_CURVE('',#5380,#5381,#6083,.T.);
#4212=EDGE_CURVE('',#5382,#5383,#6084,.T.);
#4213=EDGE_CURVE('',#5382,#5149,#228,.T.);
#4214=EDGE_CURVE('',#5214,#5383,#6085,.T.);
#4215=EDGE_CURVE('',#5384,#5382,#589,.T.);
#4216=EDGE_CURVE('',#5150,#5384,#229,.T.);
#4217=EDGE_CURVE('',#5384,#5385,#6086,.T.);
#4218=EDGE_CURVE('',#5215,#5385,#6087,.T.);
#4219=EDGE_CURVE('',#5386,#5387,#230,.T.);
#4220=EDGE_CURVE('',#5388,#5386,#590,.T.);
#4221=EDGE_CURVE('',#5389,#5388,#231,.T.);
#4222=EDGE_CURVE('',#5387,#5389,#591,.F.);
#4223=EDGE_CURVE('',#5389,#5390,#6088,.F.);
#4224=EDGE_CURVE('',#5390,#5391,#592,.F.);
#4225=EDGE_CURVE('',#5387,#5391,#6089,.F.);
#4226=EDGE_CURVE('',#5392,#5392,#593,.T.);
#4227=EDGE_CURVE('',#5393,#5390,#232,.T.);
#4228=EDGE_CURVE('',#5394,#5393,#594,.T.);
#4229=EDGE_CURVE('',#5391,#5394,#233,.T.);
#4230=EDGE_CURVE('',#5395,#5396,#6090,.T.);
#4231=EDGE_CURVE('',#5395,#5386,#6091,.F.);
#4232=EDGE_CURVE('',#5394,#5396,#6092,.T.);
#4233=EDGE_CURVE('',#5397,#5398,#234,.T.);
#4234=EDGE_CURVE('',#5399,#5397,#595,.T.);
#4235=EDGE_CURVE('',#5400,#5399,#235,.T.);
#4236=EDGE_CURVE('',#5398,#5400,#596,.F.);
#4237=EDGE_CURVE('',#5401,#5398,#6093,.F.);
#4238=EDGE_CURVE('',#5402,#5400,#6094,.F.);
#4239=EDGE_CURVE('',#5402,#5401,#597,.F.);
#4240=EDGE_CURVE('',#5403,#5403,#598,.T.);
#4241=EDGE_CURVE('',#5404,#5402,#236,.T.);
#4242=EDGE_CURVE('',#5405,#5404,#599,.T.);
#4243=EDGE_CURVE('',#5401,#5405,#237,.T.);
#4244=EDGE_CURVE('',#5397,#5406,#6095,.T.);
#4245=EDGE_CURVE('',#5407,#5405,#6096,.F.);
#4246=EDGE_CURVE('',#5407,#5406,#6097,.T.);
#4247=EDGE_CURVE('',#5216,#5408,#6098,.T.);
#4248=EDGE_CURVE('',#5409,#5408,#6099,.T.);
#4249=EDGE_CURVE('',#5409,#5157,#238,.T.);
#4250=EDGE_CURVE('',#5410,#5409,#600,.T.);
#4251=EDGE_CURVE('',#5158,#5410,#239,.T.);
#4252=EDGE_CURVE('',#5217,#5411,#6100,.T.);
#4253=EDGE_CURVE('',#5410,#5411,#6101,.T.);
#4254=EDGE_CURVE('',#5412,#5413,#240,.T.);
#4255=EDGE_CURVE('',#5414,#5412,#601,.T.);
#4256=EDGE_CURVE('',#5415,#5414,#241,.T.);
#4257=EDGE_CURVE('',#5413,#5415,#602,.F.);
#4258=EDGE_CURVE('',#5416,#5413,#6102,.F.);
#4259=EDGE_CURVE('',#5417,#5415,#6103,.F.);
#4260=EDGE_CURVE('',#5417,#5416,#603,.F.);
#4261=EDGE_CURVE('',#5418,#5418,#604,.T.);
#4262=EDGE_CURVE('',#5419,#5417,#242,.T.);
#4263=EDGE_CURVE('',#5420,#5419,#605,.T.);
#4264=EDGE_CURVE('',#5416,#5420,#243,.T.);
#4265=EDGE_CURVE('',#5412,#5421,#6104,.T.);
#4266=EDGE_CURVE('',#5422,#5420,#6105,.F.);
#4267=EDGE_CURVE('',#5422,#5421,#6106,.T.);
#4268=EDGE_CURVE('',#5230,#5423,#6107,.T.);
#4269=EDGE_CURVE('',#5424,#5423,#6108,.T.);
#4270=EDGE_CURVE('',#5424,#5164,#244,.T.);
#4271=EDGE_CURVE('',#5425,#5424,#606,.T.);
#4272=EDGE_CURVE('',#5165,#5425,#245,.T.);
#4273=EDGE_CURVE('',#5231,#5426,#6109,.T.);
#4274=EDGE_CURVE('',#5425,#5426,#6110,.T.);
#4275=EDGE_CURVE('',#5427,#5428,#246,.T.);
#4276=EDGE_CURVE('',#5429,#5427,#607,.T.);
#4277=EDGE_CURVE('',#5430,#5429,#247,.T.);
#4278=EDGE_CURVE('',#5428,#5430,#608,.F.);
#4279=EDGE_CURVE('',#5431,#5428,#6111,.F.);
#4280=EDGE_CURVE('',#5432,#5430,#6112,.F.);
#4281=EDGE_CURVE('',#5432,#5431,#609,.F.);
#4282=EDGE_CURVE('',#5433,#5433,#610,.T.);
#4283=EDGE_CURVE('',#5434,#5432,#248,.T.);
#4284=EDGE_CURVE('',#5435,#5434,#611,.T.);
#4285=EDGE_CURVE('',#5431,#5435,#249,.T.);
#4286=EDGE_CURVE('',#5427,#5436,#6113,.T.);
#4287=EDGE_CURVE('',#5437,#5435,#6114,.F.);
#4288=EDGE_CURVE('',#5437,#5436,#6115,.T.);
#4289=EDGE_CURVE('',#5438,#5294,#6116,.F.);
#4290=EDGE_CURVE('',#5438,#5439,#6117,.T.);
#4291=EDGE_CURVE('',#5440,#5439,#6118,.T.);
#4292=EDGE_CURVE('',#5440,#4922,#250,.T.);
#4293=EDGE_CURVE('',#5441,#5440,#612,.T.);
#4294=EDGE_CURVE('',#4923,#5441,#251,.T.);
#4295=EDGE_CURVE('',#5442,#5443,#6119,.T.);
#4296=EDGE_CURVE('',#5443,#5444,#6120,.T.);
#4297=EDGE_CURVE('',#5445,#5444,#6121,.T.);
#4298=EDGE_CURVE('',#5442,#5445,#6122,.T.);
#4299=EDGE_CURVE('',#5300,#5298,#613,.T.);
#4300=EDGE_CURVE('',#5272,#5299,#614,.T.);
#4301=EDGE_CURVE('',#5446,#5447,#6123,.T.);
#4302=EDGE_CURVE('',#5447,#5448,#6124,.T.);
#4303=EDGE_CURVE('',#5449,#5448,#6125,.T.);
#4304=EDGE_CURVE('',#5446,#5449,#6126,.T.);
#4305=EDGE_CURVE('',#5380,#5370,#615,.T.);
#4306=EDGE_CURVE('',#5383,#5381,#616,.T.);
#4307=EDGE_CURVE('',#5450,#5451,#6127,.T.);
#4308=EDGE_CURVE('',#5451,#5452,#6128,.T.);
#4309=EDGE_CURVE('',#5453,#5452,#6129,.T.);
#4310=EDGE_CURVE('',#5450,#5453,#6130,.T.);
#4311=EDGE_CURVE('',#5295,#5438,#617,.T.);
#4312=EDGE_CURVE('',#5436,#5426,#618,.T.);
#4313=EDGE_CURVE('',#5439,#5437,#619,.T.);
#4314=EDGE_CURVE('',#5454,#5455,#6131,.T.);
#4315=EDGE_CURVE('',#5455,#5456,#6132,.T.);
#4316=EDGE_CURVE('',#5457,#5456,#6133,.T.);
#4317=EDGE_CURVE('',#5454,#5457,#6134,.T.);
#4318=EDGE_CURVE('',#5395,#5385,#620,.T.);
#4319=EDGE_CURVE('',#5406,#5396,#621,.T.);
#4320=EDGE_CURVE('',#5408,#5407,#622,.T.);
#4321=EDGE_CURVE('',#5458,#5459,#6135,.T.);
#4322=EDGE_CURVE('',#5459,#5460,#6136,.T.);
#4323=EDGE_CURVE('',#5461,#5460,#6137,.T.);
#4324=EDGE_CURVE('',#5458,#5461,#6138,.T.);
#4325=EDGE_CURVE('',#5462,#5463,#6139,.T.);
#4326=EDGE_CURVE('',#5463,#5464,#6140,.T.);
#4327=EDGE_CURVE('',#5465,#5464,#6141,.T.);
#4328=EDGE_CURVE('',#5462,#5465,#6142,.T.);
#4329=EDGE_CURVE('',#5466,#5467,#6143,.T.);
#4330=EDGE_CURVE('',#5467,#5468,#6144,.T.);
#4331=EDGE_CURVE('',#5469,#5468,#6145,.T.);
#4332=EDGE_CURVE('',#5466,#5469,#6146,.T.);
#4333=EDGE_CURVE('',#5365,#5355,#623,.T.);
#4334=EDGE_CURVE('',#5367,#5366,#624,.T.);
#4335=EDGE_CURVE('',#5470,#5471,#6147,.T.);
#4336=EDGE_CURVE('',#5471,#5472,#6148,.T.);
#4337=EDGE_CURVE('',#5473,#5472,#6149,.T.);
#4338=EDGE_CURVE('',#5470,#5473,#6150,.T.);
#4339=EDGE_CURVE('',#5285,#5275,#625,.T.);
#4340=EDGE_CURVE('',#5287,#5286,#626,.T.);
#4341=EDGE_CURVE('',#5474,#5475,#6151,.T.);
#4342=EDGE_CURVE('',#5475,#5476,#6152,.T.);
#4343=EDGE_CURVE('',#5477,#5476,#6153,.T.);
#4344=EDGE_CURVE('',#5474,#5477,#6154,.T.);
#4345=EDGE_CURVE('',#5350,#5340,#627,.T.);
#4346=EDGE_CURVE('',#5353,#5351,#628,.T.);
#4347=EDGE_CURVE('',#5478,#5479,#6155,.T.);
#4348=EDGE_CURVE('',#5479,#5480,#6156,.T.);
#4349=EDGE_CURVE('',#5481,#5480,#6157,.T.);
#4350=EDGE_CURVE('',#5478,#5481,#6158,.T.);
#4351=EDGE_CURVE('',#5306,#5290,#629,.T.);
#4352=EDGE_CURVE('',#5307,#5305,#630,.T.);
#4353=EDGE_CURVE('',#5482,#5483,#6159,.T.);
#4354=EDGE_CURVE('',#5483,#5484,#6160,.T.);
#4355=EDGE_CURVE('',#5485,#5484,#6161,.T.);
#4356=EDGE_CURVE('',#5482,#5485,#6162,.T.);
#4357=EDGE_CURVE('',#5421,#5411,#631,.T.);
#4358=EDGE_CURVE('',#5423,#5422,#632,.T.);
#4359=EDGE_CURVE('',#5486,#5487,#6163,.T.);
#4360=EDGE_CURVE('',#5487,#5488,#6164,.T.);
#4361=EDGE_CURVE('',#5489,#5488,#6165,.T.);
#4362=EDGE_CURVE('',#5486,#5489,#6166,.T.);
#4363=EDGE_CURVE('',#5490,#5491,#6167,.T.);
#4364=EDGE_CURVE('',#5491,#5492,#6168,.T.);
#4365=EDGE_CURVE('',#5493,#5492,#6169,.T.);
#4366=EDGE_CURVE('',#5490,#5493,#6170,.T.);
#4367=EDGE_CURVE('',#5335,#5325,#633,.T.);
#4368=EDGE_CURVE('',#5338,#5336,#634,.T.);
#4369=EDGE_CURVE('',#5494,#5495,#6171,.T.);
#4370=EDGE_CURVE('',#5495,#5496,#6172,.T.);
#4371=EDGE_CURVE('',#5497,#5496,#6173,.T.);
#4372=EDGE_CURVE('',#5494,#5497,#6174,.T.);
#4373=EDGE_CURVE('',#5498,#5499,#6175,.T.);
#4374=EDGE_CURVE('',#5498,#5237,#6176,.F.);
#4375=EDGE_CURVE('',#5499,#5239,#6177,.F.);
#4376=EDGE_CURVE('',#5498,#5500,#6178,.T.);
#4377=EDGE_CURVE('',#5500,#5264,#6179,.T.);
#4378=EDGE_CURVE('',#5499,#5501,#6180,.T.);
#4379=EDGE_CURVE('',#5501,#5263,#6181,.T.);
#4380=EDGE_CURVE('',#4899,#5243,#6182,.F.);
#4381=EDGE_CURVE('',#4900,#5245,#6183,.F.);
#4382=EDGE_CURVE('',#4898,#5247,#6184,.T.);
#4383=EDGE_CURVE('',#5502,#4896,#6185,.T.);
#4384=EDGE_CURVE('',#4901,#5246,#6186,.T.);
#4385=EDGE_CURVE('',#5503,#5500,#6187,.T.);
#4386=EDGE_CURVE('',#5503,#5504,#6188,.T.);
#4387=EDGE_CURVE('',#5504,#5502,#6189,.T.);
#4388=EDGE_CURVE('',#5505,#5506,#6190,.T.);
#4389=EDGE_CURVE('',#5505,#5507,#6191,.T.);
#4390=EDGE_CURVE('',#5322,#5507,#635,.T.);
#4391=EDGE_CURVE('',#4897,#5508,#6192,.T.);
#4392=EDGE_CURVE('',#5508,#5509,#6193,.T.);
#4393=EDGE_CURVE('',#5506,#5509,#6194,.T.);
#4394=EDGE_CURVE('',#5510,#5505,#6195,.T.);
#4395=EDGE_CURVE('',#5510,#5321,#6196,.F.);
#4396=EDGE_CURVE('',#5320,#5507,#6197,.T.);
#4397=EDGE_CURVE('',#5511,#5510,#6198,.T.);
#4398=EDGE_CURVE('',#5511,#5319,#6199,.F.);
#4399=EDGE_CURVE('',#5512,#5512,#636,.T.);
#4400=EDGE_CURVE('',#5513,#5316,#252,.T.);
#4401=EDGE_CURVE('',#5514,#5513,#637,.T.);
#4402=EDGE_CURVE('',#5315,#5514,#253,.T.);
#4403=EDGE_CURVE('',#5515,#5514,#6200,.F.);
#4404=EDGE_CURVE('',#5515,#5516,#6201,.T.);
#4405=EDGE_CURVE('',#5311,#5516,#6202,.T.);
#4406=EDGE_CURVE('',#5516,#5310,#638,.T.);
#4407=EDGE_CURVE('',#5517,#5515,#639,.T.);
#4408=EDGE_CURVE('',#5517,#5261,#6203,.T.);
#4409=EDGE_CURVE('',#5518,#5519,#6204,.T.);
#4410=EDGE_CURVE('',#5519,#5520,#6205,.T.);
#4411=EDGE_CURVE('',#5521,#5520,#6206,.T.);
#4412=EDGE_CURVE('',#5518,#5521,#6207,.T.);
#4413=EDGE_CURVE('',#5517,#5522,#6208,.F.);
#4414=EDGE_CURVE('',#5522,#5258,#254,.T.);
#4415=EDGE_CURVE('',#5523,#5522,#640,.T.);
#4416=EDGE_CURVE('',#5255,#5523,#255,.T.);
#4417=EDGE_CURVE('',#5524,#5523,#6209,.F.);
#4418=EDGE_CURVE('',#5524,#5262,#6210,.T.);
#4419=EDGE_CURVE('',#5525,#5526,#256,.T.);
#4420=EDGE_CURVE('',#5527,#5525,#641,.T.);
#4421=EDGE_CURVE('',#5528,#5527,#257,.T.);
#4422=EDGE_CURVE('',#5526,#5528,#642,.F.);
#4423=EDGE_CURVE('',#5529,#5526,#6211,.F.);
#4424=EDGE_CURVE('',#5529,#5530,#6212,.T.);
#4425=EDGE_CURVE('',#5530,#5531,#6213,.T.);
#4426=EDGE_CURVE('',#5525,#5531,#6214,.T.);
#4427=EDGE_CURVE('',#5501,#5532,#6215,.T.);
#4428=EDGE_CURVE('',#5531,#5524,#643,.T.);
#4429=EDGE_CURVE('',#5533,#5530,#6216,.T.);
#4430=EDGE_CURVE('',#5533,#5534,#6217,.T.);
#4431=EDGE_CURVE('',#5534,#5535,#6218,.T.);
#4432=EDGE_CURVE('',#5532,#5535,#6219,.T.);
#4433=EDGE_CURVE('',#5529,#5536,#6220,.T.);
#4434=EDGE_CURVE('',#5536,#5528,#6221,.F.);
#4435=EDGE_CURVE('',#5537,#5538,#258,.T.);
#4436=EDGE_CURVE('',#5539,#5537,#644,.T.);
#4437=EDGE_CURVE('',#5540,#5539,#259,.T.);
#4438=EDGE_CURVE('',#5538,#5540,#645,.F.);
#4439=EDGE_CURVE('',#5541,#5542,#260,.T.);
#4440=EDGE_CURVE('',#5543,#5541,#646,.T.);
#4441=EDGE_CURVE('',#5544,#5543,#261,.T.);
#4442=EDGE_CURVE('',#5542,#5544,#647,.F.);
#4443=EDGE_CURVE('',#5545,#5546,#262,.T.);
#4444=EDGE_CURVE('',#5547,#5545,#648,.T.);
#4445=EDGE_CURVE('',#5548,#5547,#263,.T.);
#4446=EDGE_CURVE('',#5546,#5548,#649,.F.);
#4447=EDGE_CURVE('',#5549,#5550,#264,.T.);
#4448=EDGE_CURVE('',#5551,#5549,#650,.T.);
#4449=EDGE_CURVE('',#5552,#5551,#265,.T.);
#4450=EDGE_CURVE('',#5550,#5552,#651,.F.);
#4451=EDGE_CURVE('',#5553,#5554,#6222,.T.);
#4452=EDGE_CURVE('',#5553,#5270,#6223,.F.);
#4453=EDGE_CURVE('',#5302,#5554,#6224,.T.);
#4454=EDGE_CURVE('',#5539,#5555,#6225,.T.);
#4455=EDGE_CURVE('',#5537,#5556,#6226,.T.);
#4456=EDGE_CURVE('',#5556,#5557,#652,.T.);
#4457=EDGE_CURVE('',#5278,#5557,#6227,.T.);
#4458=EDGE_CURVE('',#5553,#5555,#653,.T.);
#4459=EDGE_CURVE('',#5558,#5283,#6228,.F.);
#4460=EDGE_CURVE('',#5558,#5557,#6229,.T.);
#4461=EDGE_CURVE('',#5543,#5559,#6230,.T.);
#4462=EDGE_CURVE('',#5541,#5560,#6231,.T.);
#4463=EDGE_CURVE('',#5560,#5561,#654,.T.);
#4464=EDGE_CURVE('',#5292,#5561,#6232,.T.);
#4465=EDGE_CURVE('',#5558,#5559,#655,.T.);
#4466=EDGE_CURVE('',#4932,#5561,#6233,.T.);
#4467=EDGE_CURVE('',#4910,#5562,#6234,.T.);
#4468=EDGE_CURVE('',#5441,#5562,#6235,.T.);
#4469=EDGE_CURVE('',#5547,#4920,#6236,.T.);
#4470=EDGE_CURVE('',#5545,#5563,#6237,.T.);
#4471=EDGE_CURVE('',#5563,#5554,#656,.T.);
#4472=EDGE_CURVE('',#5551,#4942,#6238,.T.);
#4473=EDGE_CURVE('',#5549,#5564,#6239,.T.);
#4474=EDGE_CURVE('',#5564,#5565,#657,.T.);
#4475=EDGE_CURVE('',#5313,#5565,#6240,.T.);
#4476=EDGE_CURVE('',#5566,#5565,#6241,.T.);
#4477=EDGE_CURVE('',#5566,#5513,#6242,.F.);
#4478=EDGE_CURVE('',#5567,#5568,#266,.T.);
#4479=EDGE_CURVE('',#5569,#5567,#658,.T.);
#4480=EDGE_CURVE('',#5570,#5569,#267,.T.);
#4481=EDGE_CURVE('',#5568,#5570,#659,.F.);
#4482=EDGE_CURVE('',#5571,#5572,#268,.T.);
#4483=EDGE_CURVE('',#5573,#5571,#660,.T.);
#4484=EDGE_CURVE('',#5574,#5573,#269,.T.);
#4485=EDGE_CURVE('',#5572,#5574,#661,.F.);
#4486=EDGE_CURVE('',#5511,#4871,#6243,.T.);
#4487=EDGE_CURVE('',#5318,#4870,#6244,.T.);
#4488=EDGE_CURVE('',#4869,#5328,#6245,.F.);
#4489=EDGE_CURVE('',#5333,#4868,#6246,.T.);
#4490=EDGE_CURVE('',#4867,#5343,#6247,.F.);
#4491=EDGE_CURVE('',#5348,#4866,#6248,.T.);
#4492=EDGE_CURVE('',#4865,#5358,#6249,.F.);
#4493=EDGE_CURVE('',#5363,#4864,#6250,.T.);
#4494=EDGE_CURVE('',#4863,#5373,#6251,.F.);
#4495=EDGE_CURVE('',#5378,#4862,#6252,.T.);
#4496=EDGE_CURVE('',#4861,#5388,#6253,.F.);
#4497=EDGE_CURVE('',#5393,#4860,#6254,.T.);
#4498=EDGE_CURVE('',#5399,#4882,#6255,.T.);
#4499=EDGE_CURVE('',#4881,#5404,#6256,.F.);
#4500=EDGE_CURVE('',#5414,#4895,#6257,.T.);
#4501=EDGE_CURVE('',#4880,#4893,#662,.T.);
#4502=EDGE_CURVE('',#4894,#5419,#6258,.F.);
#4503=EDGE_CURVE('',#5429,#4852,#6259,.T.);
#4504=EDGE_CURVE('',#4892,#4853,#663,.T.);
#4505=EDGE_CURVE('',#4851,#5434,#6260,.F.);
#4506=EDGE_CURVE('',#5573,#4850,#6261,.T.);
#4507=EDGE_CURVE('',#5571,#5575,#6262,.T.);
#4508=EDGE_CURVE('',#5575,#5562,#664,.T.);
#4509=EDGE_CURVE('',#4775,#5445,#6263,.T.);
#4510=EDGE_CURVE('',#4773,#5444,#6264,.T.);
#4511=EDGE_CURVE('',#4774,#5442,#6265,.T.);
#4512=EDGE_CURVE('',#4772,#5443,#6266,.T.);
#4513=EDGE_CURVE('',#4779,#5449,#6267,.T.);
#4514=EDGE_CURVE('',#4777,#5448,#6268,.T.);
#4515=EDGE_CURVE('',#4778,#5446,#6269,.T.);
#4516=EDGE_CURVE('',#4776,#5447,#6270,.T.);
#4517=EDGE_CURVE('',#4783,#5453,#6271,.T.);
#4518=EDGE_CURVE('',#4781,#5452,#6272,.T.);
#4519=EDGE_CURVE('',#4782,#5450,#6273,.T.);
#4520=EDGE_CURVE('',#4780,#5451,#6274,.T.);
#4521=EDGE_CURVE('',#4787,#5457,#6275,.T.);
#4522=EDGE_CURVE('',#4785,#5456,#6276,.T.);
#4523=EDGE_CURVE('',#4786,#5454,#6277,.T.);
#4524=EDGE_CURVE('',#4784,#5455,#6278,.T.);
#4525=EDGE_CURVE('',#4791,#5461,#6279,.T.);
#4526=EDGE_CURVE('',#4789,#5460,#6280,.T.);
#4527=EDGE_CURVE('',#4790,#5458,#6281,.T.);
#4528=EDGE_CURVE('',#4788,#5459,#6282,.T.);
#4529=EDGE_CURVE('',#4795,#5465,#6283,.T.);
#4530=EDGE_CURVE('',#4793,#5464,#6284,.T.);
#4531=EDGE_CURVE('',#4794,#5462,#6285,.T.);
#4532=EDGE_CURVE('',#4792,#5463,#6286,.T.);
#4533=EDGE_CURVE('',#4799,#5469,#6287,.T.);
#4534=EDGE_CURVE('',#4797,#5468,#6288,.T.);
#4535=EDGE_CURVE('',#4798,#5466,#6289,.T.);
#4536=EDGE_CURVE('',#4796,#5467,#6290,.T.);
#4537=EDGE_CURVE('',#4803,#5473,#6291,.T.);
#4538=EDGE_CURVE('',#4801,#5472,#6292,.T.);
#4539=EDGE_CURVE('',#4802,#5470,#6293,.T.);
#4540=EDGE_CURVE('',#4800,#5471,#6294,.T.);
#4541=EDGE_CURVE('',#4807,#5477,#6295,.T.);
#4542=EDGE_CURVE('',#4805,#5476,#6296,.T.);
#4543=EDGE_CURVE('',#4806,#5474,#6297,.T.);
#4544=EDGE_CURVE('',#4804,#5475,#6298,.T.);
#4545=EDGE_CURVE('',#4811,#5481,#6299,.T.);
#4546=EDGE_CURVE('',#4809,#5480,#6300,.T.);
#4547=EDGE_CURVE('',#4810,#5478,#6301,.T.);
#4548=EDGE_CURVE('',#4808,#5479,#6302,.T.);
#4549=EDGE_CURVE('',#4815,#5485,#6303,.T.);
#4550=EDGE_CURVE('',#4813,#5484,#6304,.T.);
#4551=EDGE_CURVE('',#4814,#5482,#6305,.T.);
#4552=EDGE_CURVE('',#4812,#5483,#6306,.T.);
#4553=EDGE_CURVE('',#4819,#5489,#6307,.T.);
#4554=EDGE_CURVE('',#4817,#5488,#6308,.T.);
#4555=EDGE_CURVE('',#4818,#5486,#6309,.T.);
#4556=EDGE_CURVE('',#4816,#5487,#6310,.T.);
#4557=EDGE_CURVE('',#4823,#5493,#6311,.T.);
#4558=EDGE_CURVE('',#4821,#5492,#6312,.T.);
#4559=EDGE_CURVE('',#4822,#5490,#6313,.T.);
#4560=EDGE_CURVE('',#4820,#5491,#6314,.T.);
#4561=EDGE_CURVE('',#4827,#5521,#6315,.T.);
#4562=EDGE_CURVE('',#4825,#5520,#6316,.T.);
#4563=EDGE_CURVE('',#4826,#5518,#6317,.T.);
#4564=EDGE_CURVE('',#4824,#5519,#6318,.T.);
#4565=EDGE_CURVE('',#4831,#5497,#6319,.T.);
#4566=EDGE_CURVE('',#4829,#5496,#6320,.T.);
#4567=EDGE_CURVE('',#4830,#5494,#6321,.T.);
#4568=EDGE_CURVE('',#4828,#5495,#6322,.T.);
#4569=EDGE_CURVE('',#4738,#5533,#6323,.T.);
#4570=EDGE_CURVE('',#4737,#5534,#6324,.T.);
#4571=EDGE_CURVE('',#4736,#5535,#6325,.T.);
#4572=EDGE_CURVE('',#4735,#5532,#6326,.T.);
#4573=EDGE_CURVE('',#4734,#5503,#6327,.T.);
#4574=EDGE_CURVE('',#4725,#5508,#6328,.T.);
#4575=EDGE_CURVE('',#4724,#5509,#6329,.T.);
#4576=EDGE_CURVE('',#4723,#5506,#6330,.T.);
#4577=EDGE_CURVE('',#4911,#5576,#6331,.T.);
#4578=EDGE_CURVE('',#4768,#5576,#6332,.T.);
#4579=EDGE_CURVE('',#4759,#5577,#6333,.T.);
#4580=EDGE_CURVE('',#5577,#5578,#6334,.T.);
#4581=EDGE_CURVE('',#4760,#5578,#6335,.T.);
#4582=EDGE_CURVE('',#4755,#5579,#6336,.T.);
#4583=EDGE_CURVE('',#5579,#5580,#6337,.T.);
#4584=EDGE_CURVE('',#4756,#5580,#6338,.T.);
#4585=EDGE_CURVE('',#4933,#5581,#6339,.T.);
#4586=EDGE_CURVE('',#4752,#5581,#6340,.T.);
#4587=EDGE_CURVE('',#4743,#5582,#6341,.T.);
#4588=EDGE_CURVE('',#5582,#5583,#6342,.T.);
#4589=EDGE_CURVE('',#4744,#5583,#6343,.T.);
#4590=EDGE_CURVE('',#5569,#5584,#6344,.T.);
#4591=EDGE_CURVE('',#5567,#5585,#6345,.T.);
#4592=EDGE_CURVE('',#5585,#5586,#665,.T.);
#4593=EDGE_CURVE('',#5527,#5586,#6346,.T.);
#4594=EDGE_CURVE('',#5566,#5584,#666,.T.);
#4595=EDGE_CURVE('',#5536,#5587,#6347,.T.);
#4596=EDGE_CURVE('',#5587,#5586,#6348,.T.);
#4597=EDGE_CURVE('',#5587,#5588,#6349,.T.);
#4598=EDGE_CURVE('',#4739,#5588,#6350,.T.);
#4599=EDGE_CURVE('',#5588,#5589,#6351,.T.);
#4600=EDGE_CURVE('',#4740,#5589,#6352,.T.);
#4601=EDGE_CURVE('',#5590,#5591,#6353,.T.);
#4602=EDGE_CURVE('',#5590,#5589,#6354,.T.);
#4603=EDGE_CURVE('',#5591,#5585,#6355,.T.);
#4604=EDGE_CURVE('',#4741,#5590,#6356,.T.);
#4605=EDGE_CURVE('',#4716,#4878,#6357,.T.);
#4606=EDGE_CURVE('',#5592,#4849,#6358,.T.);
#4607=EDGE_CURVE('',#5592,#5574,#6359,.F.);
#4608=EDGE_CURVE('',#4745,#5593,#6360,.T.);
#4609=EDGE_CURVE('',#5593,#5583,#6361,.T.);
#4610=EDGE_CURVE('',#4742,#5594,#6362,.T.);
#4611=EDGE_CURVE('',#5594,#5582,#6363,.T.);
#4612=EDGE_CURVE('',#4769,#5595,#6364,.T.);
#4613=EDGE_CURVE('',#5595,#5576,#6365,.T.);
#4614=EDGE_CURVE('',#4762,#4918,#6366,.T.);
#4615=EDGE_CURVE('',#4753,#5596,#6367,.T.);
#4616=EDGE_CURVE('',#5596,#5581,#6368,.T.);
#4617=EDGE_CURVE('',#4746,#4940,#6369,.T.);
#4618=EDGE_CURVE('',#4757,#5597,#6370,.T.);
#4619=EDGE_CURVE('',#5597,#5580,#6371,.T.);
#4620=EDGE_CURVE('',#4754,#5598,#6372,.T.);
#4621=EDGE_CURVE('',#5598,#5579,#6373,.T.);
#4622=EDGE_CURVE('',#4761,#5599,#6374,.T.);
#4623=EDGE_CURVE('',#5599,#5578,#6375,.T.);
#4624=EDGE_CURVE('',#4758,#5600,#6376,.T.);
#4625=EDGE_CURVE('',#5600,#5577,#6377,.T.);
#4626=EDGE_CURVE('',#5601,#5568,#6378,.F.);
#4627=EDGE_CURVE('',#5601,#5591,#6379,.T.);
#4628=EDGE_CURVE('',#5602,#5603,#6380,.T.);
#4629=EDGE_CURVE('',#5602,#5570,#6381,.F.);
#4630=EDGE_CURVE('',#5603,#5584,#6382,.T.);
#4631=EDGE_CURVE('',#5603,#5594,#6383,.T.);
#4632=EDGE_CURVE('',#5604,#5564,#6384,.T.);
#4633=EDGE_CURVE('',#5593,#5604,#6385,.T.);
#4634=EDGE_CURVE('',#5605,#5572,#6386,.F.);
#4635=EDGE_CURVE('',#5605,#5606,#6387,.T.);
#4636=EDGE_CURVE('',#5606,#5575,#6388,.T.);
#4637=EDGE_CURVE('',#5595,#5606,#6389,.T.);
#4638=EDGE_CURVE('',#5605,#5592,#6390,.T.);
#4639=EDGE_CURVE('',#5607,#5560,#6391,.T.);
#4640=EDGE_CURVE('',#5596,#5607,#6392,.T.);
#4641=EDGE_CURVE('',#5608,#5598,#6393,.T.);
#4642=EDGE_CURVE('',#5608,#5559,#6394,.T.);
#4643=EDGE_CURVE('',#5609,#5556,#6395,.T.);
#4644=EDGE_CURVE('',#5597,#5609,#6396,.T.);
#4645=EDGE_CURVE('',#5610,#5600,#6397,.T.);
#4646=EDGE_CURVE('',#5610,#5555,#6398,.T.);
#4647=EDGE_CURVE('',#5611,#5563,#6399,.T.);
#4648=EDGE_CURVE('',#5599,#5611,#6400,.T.);
#4649=EDGE_CURVE('',#5601,#5602,#6401,.T.);
#4650=EDGE_CURVE('',#5612,#5550,#6402,.F.);
#4651=EDGE_CURVE('',#5612,#5604,#6403,.T.);
#4652=EDGE_CURVE('',#5613,#4919,#6404,.T.);
#4653=EDGE_CURVE('',#5613,#5548,#6405,.F.);
#4654=EDGE_CURVE('',#5614,#4941,#6406,.T.);
#4655=EDGE_CURVE('',#5614,#5552,#6407,.F.);
#4656=EDGE_CURVE('',#5615,#5542,#6408,.F.);
#4657=EDGE_CURVE('',#5615,#5607,#6409,.T.);
#4658=EDGE_CURVE('',#5616,#5538,#6410,.F.);
#4659=EDGE_CURVE('',#5616,#5609,#6411,.T.);
#4660=EDGE_CURVE('',#5617,#5608,#6412,.T.);
#4661=EDGE_CURVE('',#5617,#5544,#6413,.F.);
#4662=EDGE_CURVE('',#5618,#5546,#6414,.F.);
#4663=EDGE_CURVE('',#5618,#5611,#6415,.T.);
#4664=EDGE_CURVE('',#5619,#5610,#6416,.T.);
#4665=EDGE_CURVE('',#5619,#5540,#6417,.F.);
#4666=EDGE_CURVE('',#5612,#5614,#6418,.T.);
#4667=EDGE_CURVE('',#5618,#5613,#6419,.T.);
#4668=EDGE_CURVE('',#5615,#5617,#6420,.T.);
#4669=EDGE_CURVE('',#5616,#5619,#6421,.T.);
#4670=EDGE_CURVE('',#4733,#5620,#6422,.T.);
#4671=EDGE_CURVE('',#5620,#5503,#6423,.T.);
#4672=EDGE_CURVE('',#4896,#5621,#6424,.T.);
#4673=EDGE_CURVE('',#4728,#5621,#6425,.T.);
#4674=EDGE_CURVE('',#5622,#5623,#6426,.T.);
#4675=EDGE_CURVE('',#5622,#5620,#6427,.F.);
#4676=EDGE_CURVE('',#4732,#5623,#6428,.T.);
#4677=EDGE_CURVE('',#5623,#5624,#6429,.T.);
#4678=EDGE_CURVE('',#4731,#5624,#6430,.T.);
#4679=EDGE_CURVE('',#5625,#5624,#667,.T.);
#4680=EDGE_CURVE('',#4730,#5625,#6431,.T.);
#4681=EDGE_CURVE('',#5626,#5625,#6432,.T.);
#4682=EDGE_CURVE('',#4729,#5626,#6433,.T.);
#4683=EDGE_CURVE('',#5621,#5627,#6434,.T.);
#4684=EDGE_CURVE('',#5626,#5627,#6435,.T.);
#4685=EDGE_CURVE('',#5628,#5629,#6436,.T.);
#4686=EDGE_CURVE('',#5629,#5622,#6437,.T.);
#4687=EDGE_CURVE('',#5627,#5628,#6438,.T.);
#4688=EDGE_CURVE('',#5628,#5502,#6439,.F.);
#4689=EDGE_CURVE('',#5629,#5504,#6440,.T.);
#4690=EDGE_CURVE('',#4719,#4875,#6441,.T.);
#4691=EDGE_CURVE('',#4720,#4874,#6442,.T.);
#4692=EDGE_CURVE('',#4853,#4892,#6443,.T.);
#4693=EDGE_CURVE('',#4893,#4880,#6444,.T.);
#4694=EDGE_CURVE('',#4714,#4847,#6445,.T.);
#4695=EDGE_CURVE('',#4715,#4879,#6446,.T.);
#4696=EDGE_CURVE('',#4838,#4890,#6447,.T.);
#4697=EDGE_CURVE('',#4837,#4888,#6448,.T.);
#4698=EDGE_CURVE('',#4839,#4889,#6449,.T.);
#4699=EDGE_CURVE('',#4840,#4891,#6450,.T.);
#4700=EDGE_CURVE('',#4709,#4883,#6451,.T.);
#4701=EDGE_CURVE('',#4711,#4859,#6452,.T.);
#4702=EDGE_CURVE('',#4710,#4884,#6453,.T.);
#4703=EDGE_CURVE('',#4712,#4886,#6454,.T.);
#4704=EDGE_CURVE('',#4713,#4885,#6455,.T.);
#4705=EDGE_CURVE('',#4842,#4856,#6456,.T.);
#4706=EDGE_CURVE('',#4841,#4855,#6457,.T.);
#4707=EDGE_CURVE('',#4843,#4854,#6458,.T.);
#4708=EDGE_CURVE('',#4844,#4857,#6459,.T.);
#4709=VERTEX_POINT('',#12752);
#4710=VERTEX_POINT('',#12753);
#4711=VERTEX_POINT('',#12755);
#4712=VERTEX_POINT('',#12757);
#4713=VERTEX_POINT('',#12759);
#4714=VERTEX_POINT('',#12762);
#4715=VERTEX_POINT('',#12763);
#4716=VERTEX_POINT('',#12765);
#4717=VERTEX_POINT('',#12767);
#4718=VERTEX_POINT('',#12769);
#4719=VERTEX_POINT('',#12771);
#4720=VERTEX_POINT('',#12773);
#4721=VERTEX_POINT('',#12775);
#4722=VERTEX_POINT('',#12777);
#4723=VERTEX_POINT('',#12779);
#4724=VERTEX_POINT('',#12781);
#4725=VERTEX_POINT('',#12783);
#4726=VERTEX_POINT('',#12785);
#4727=VERTEX_POINT('',#12787);
#4728=VERTEX_POINT('',#12789);
#4729=VERTEX_POINT('',#12791);
#4730=VERTEX_POINT('',#12793);
#4731=VERTEX_POINT('',#12795);
#4732=VERTEX_POINT('',#12797);
#4733=VERTEX_POINT('',#12799);
#4734=VERTEX_POINT('',#12801);
#4735=VERTEX_POINT('',#12803);
#4736=VERTEX_POINT('',#12805);
#4737=VERTEX_POINT('',#12807);
#4738=VERTEX_POINT('',#12809);
#4739=VERTEX_POINT('',#12811);
#4740=VERTEX_POINT('',#12813);
#4741=VERTEX_POINT('',#12815);
#4742=VERTEX_POINT('',#12817);
#4743=VERTEX_POINT('',#12819);
#4744=VERTEX_POINT('',#12821);
#4745=VERTEX_POINT('',#12823);
#4746=VERTEX_POINT('',#12825);
#4747=VERTEX_POINT('',#12827);
#4748=VERTEX_POINT('',#12829);
#4749=VERTEX_POINT('',#12831);
#4750=VERTEX_POINT('',#12833);
#4751=VERTEX_POINT('',#12835);
#4752=VERTEX_POINT('',#12837);
#4753=VERTEX_POINT('',#12839);
#4754=VERTEX_POINT('',#12841);
#4755=VERTEX_POINT('',#12843);
#4756=VERTEX_POINT('',#12845);
#4757=VERTEX_POINT('',#12847);
#4758=VERTEX_POINT('',#12849);
#4759=VERTEX_POINT('',#12851);
#4760=VERTEX_POINT('',#12853);
#4761=VERTEX_POINT('',#12855);
#4762=VERTEX_POINT('',#12857);
#4763=VERTEX_POINT('',#12859);
#4764=VERTEX_POINT('',#12861);
#4765=VERTEX_POINT('',#12863);
#4766=VERTEX_POINT('',#12865);
#4767=VERTEX_POINT('',#12867);
#4768=VERTEX_POINT('',#12869);
#4769=VERTEX_POINT('',#12871);
#4770=VERTEX_POINT('',#12873);
#4771=VERTEX_POINT('',#12875);
#4772=VERTEX_POINT('',#12878);
#4773=VERTEX_POINT('',#12879);
#4774=VERTEX_POINT('',#12881);
#4775=VERTEX_POINT('',#12883);
#4776=VERTEX_POINT('',#12886);
#4777=VERTEX_POINT('',#12887);
#4778=VERTEX_POINT('',#12889);
#4779=VERTEX_POINT('',#12891);
#4780=VERTEX_POINT('',#12894);
#4781=VERTEX_POINT('',#12895);
#4782=VERTEX_POINT('',#12897);
#4783=VERTEX_POINT('',#12899);
#4784=VERTEX_POINT('',#12902);
#4785=VERTEX_POINT('',#12903);
#4786=VERTEX_POINT('',#12905);
#4787=VERTEX_POINT('',#12907);
#4788=VERTEX_POINT('',#12910);
#4789=VERTEX_POINT('',#12911);
#4790=VERTEX_POINT('',#12913);
#4791=VERTEX_POINT('',#12915);
#4792=VERTEX_POINT('',#12918);
#4793=VERTEX_POINT('',#12919);
#4794=VERTEX_POINT('',#12921);
#4795=VERTEX_POINT('',#12923);
#4796=VERTEX_POINT('',#12926);
#4797=VERTEX_POINT('',#12927);
#4798=VERTEX_POINT('',#12929);
#4799=VERTEX_POINT('',#12931);
#4800=VERTEX_POINT('',#12934);
#4801=VERTEX_POINT('',#12935);
#4802=VERTEX_POINT('',#12937);
#4803=VERTEX_POINT('',#12939);
#4804=VERTEX_POINT('',#12942);
#4805=VERTEX_POINT('',#12943);
#4806=VERTEX_POINT('',#12945);
#4807=VERTEX_POINT('',#12947);
#4808=VERTEX_POINT('',#12950);
#4809=VERTEX_POINT('',#12951);
#4810=VERTEX_POINT('',#12953);
#4811=VERTEX_POINT('',#12955);
#4812=VERTEX_POINT('',#12958);
#4813=VERTEX_POINT('',#12959);
#4814=VERTEX_POINT('',#12961);
#4815=VERTEX_POINT('',#12963);
#4816=VERTEX_POINT('',#12966);
#4817=VERTEX_POINT('',#12967);
#4818=VERTEX_POINT('',#12969);
#4819=VERTEX_POINT('',#12971);
#4820=VERTEX_POINT('',#12974);
#4821=VERTEX_POINT('',#12975);
#4822=VERTEX_POINT('',#12977);
#4823=VERTEX_POINT('',#12979);
#4824=VERTEX_POINT('',#12982);
#4825=VERTEX_POINT('',#12983);
#4826=VERTEX_POINT('',#12985);
#4827=VERTEX_POINT('',#12987);
#4828=VERTEX_POINT('',#12990);
#4829=VERTEX_POINT('',#12991);
#4830=VERTEX_POINT('',#12993);
#4831=VERTEX_POINT('',#12995);
#4832=VERTEX_POINT('',#12998);
#4833=VERTEX_POINT('',#13000);
#4834=VERTEX_POINT('',#13002);
#4835=VERTEX_POINT('',#13004);
#4836=VERTEX_POINT('',#13006);
#4837=VERTEX_POINT('',#13008);
#4838=VERTEX_POINT('',#13009);
#4839=VERTEX_POINT('',#13011);
#4840=VERTEX_POINT('',#13013);
#4841=VERTEX_POINT('',#13016);
#4842=VERTEX_POINT('',#13017);
#4843=VERTEX_POINT('',#13019);
#4844=VERTEX_POINT('',#13021);
#4845=VERTEX_POINT('',#13025);
#4846=VERTEX_POINT('',#13027);
#4847=VERTEX_POINT('',#13028);
#4848=VERTEX_POINT('',#13030);
#4849=VERTEX_POINT('',#13032);
#4850=VERTEX_POINT('',#13034);
#4851=VERTEX_POINT('',#13036);
#4852=VERTEX_POINT('',#13038);
#4853=VERTEX_POINT('',#13040);
#4854=VERTEX_POINT('',#13043);
#4855=VERTEX_POINT('',#13044);
#4856=VERTEX_POINT('',#13046);
#4857=VERTEX_POINT('',#13048);
#4858=VERTEX_POINT('',#13052);
#4859=VERTEX_POINT('',#13053);
#4860=VERTEX_POINT('',#13055);
#4861=VERTEX_POINT('',#13057);
#4862=VERTEX_POINT('',#13059);
#4863=VERTEX_POINT('',#13061);
#4864=VERTEX_POINT('',#13063);
#4865=VERTEX_POINT('',#13065);
#4866=VERTEX_POINT('',#13067);
#4867=VERTEX_POINT('',#13069);
#4868=VERTEX_POINT('',#13071);
#4869=VERTEX_POINT('',#13073);
#4870=VERTEX_POINT('',#13075);
#4871=VERTEX_POINT('',#13077);
#4872=VERTEX_POINT('',#13079);
#4873=VERTEX_POINT('',#13081);
#4874=VERTEX_POINT('',#13083);
#4875=VERTEX_POINT('',#13085);
#4876=VERTEX_POINT('',#13087);
#4877=VERTEX_POINT('',#13089);
#4878=VERTEX_POINT('',#13091);
#4879=VERTEX_POINT('',#13093);
#4880=VERTEX_POINT('',#13095);
#4881=VERTEX_POINT('',#13097);
#4882=VERTEX_POINT('',#13099);
#4883=VERTEX_POINT('',#13102);
#4884=VERTEX_POINT('',#13104);
#4885=VERTEX_POINT('',#13106);
#4886=VERTEX_POINT('',#13108);
#4887=VERTEX_POINT('',#13111);
#4888=VERTEX_POINT('',#13113);
#4889=VERTEX_POINT('',#13114);
#4890=VERTEX_POINT('',#13116);
#4891=VERTEX_POINT('',#13118);
#4892=VERTEX_POINT('',#13131);
#4893=VERTEX_POINT('',#13132);
#4894=VERTEX_POINT('',#13134);
#4895=VERTEX_POINT('',#13136);
#4896=VERTEX_POINT('',#13140);
#4897=VERTEX_POINT('',#13142);
#4898=VERTEX_POINT('',#13144);
#4899=VERTEX_POINT('',#13146);
#4900=VERTEX_POINT('',#13148);
#4901=VERTEX_POINT('',#13150);
#4902=VERTEX_POINT('',#13154);
#4903=VERTEX_POINT('',#13155);
#4904=VERTEX_POINT('',#13157);
#4905=VERTEX_POINT('',#13159);
#4906=VERTEX_POINT('',#13161);
#4907=VERTEX_POINT('',#13164);
#4908=VERTEX_POINT('',#13168);
#4909=VERTEX_POINT('',#13169);
#4910=VERTEX_POINT('',#13171);
#4911=VERTEX_POINT('',#13173);
#4912=VERTEX_POINT('',#13176);
#4913=VERTEX_POINT('',#13178);
#4914=VERTEX_POINT('',#13188);
#4915=VERTEX_POINT('',#13190);
#4916=VERTEX_POINT('',#13195);
#4917=VERTEX_POINT('',#13199);
#4918=VERTEX_POINT('',#13201);
#4919=VERTEX_POINT('',#13203);
#4920=VERTEX_POINT('',#13205);
#4921=VERTEX_POINT('',#13211);
#4922=VERTEX_POINT('',#13213);
#4923=VERTEX_POINT('',#13215);
#4924=VERTEX_POINT('',#13219);
#4925=VERTEX_POINT('',#13220);
#4926=VERTEX_POINT('',#13222);
#4927=VERTEX_POINT('',#13224);
#4928=VERTEX_POINT('',#13226);
#4929=VERTEX_POINT('',#13229);
#4930=VERTEX_POINT('',#13233);
#4931=VERTEX_POINT('',#13234);
#4932=VERTEX_POINT('',#13236);
#4933=VERTEX_POINT('',#13238);
#4934=VERTEX_POINT('',#13241);
#4935=VERTEX_POINT('',#13243);
#4936=VERTEX_POINT('',#13253);
#4937=VERTEX_POINT('',#13255);
#4938=VERTEX_POINT('',#13260);
#4939=VERTEX_POINT('',#13264);
#4940=VERTEX_POINT('',#13266);
#4941=VERTEX_POINT('',#13268);
#4942=VERTEX_POINT('',#13270);
#4943=VERTEX_POINT('',#13276);
#4944=VERTEX_POINT('',#13278);
#4945=VERTEX_POINT('',#13280);
#4946=VERTEX_POINT('',#13284);
#4947=VERTEX_POINT('',#13287);
#4948=VERTEX_POINT('',#13290);
#4949=VERTEX_POINT('',#13293);
#4950=VERTEX_POINT('',#13296);
#4951=VERTEX_POINT('',#13299);
#4952=VERTEX_POINT('',#13302);
#4953=VERTEX_POINT('',#13305);
#4954=VERTEX_POINT('',#13308);
#4955=VERTEX_POINT('',#13311);
#4956=VERTEX_POINT('',#13314);
#4957=VERTEX_POINT('',#13317);
#4958=VERTEX_POINT('',#13320);
#4959=VERTEX_POINT('',#13323);
#4960=VERTEX_POINT('',#13326);
#4961=VERTEX_POINT('',#13329);
#4962=VERTEX_POINT('',#13332);
#4963=VERTEX_POINT('',#13335);
#4964=VERTEX_POINT('',#13338);
#4965=VERTEX_POINT('',#13341);
#4966=VERTEX_POINT('',#13344);
#4967=VERTEX_POINT('',#13347);
#4968=VERTEX_POINT('',#13350);
#4969=VERTEX_POINT('',#13353);
#4970=VERTEX_POINT('',#13356);
#4971=VERTEX_POINT('',#13359);
#4972=VERTEX_POINT('',#13362);
#4973=VERTEX_POINT('',#13365);
#4974=VERTEX_POINT('',#13368);
#4975=VERTEX_POINT('',#13371);
#4976=VERTEX_POINT('',#13374);
#4977=VERTEX_POINT('',#13375);
#4978=VERTEX_POINT('',#13377);
#4979=VERTEX_POINT('',#13379);
#4980=VERTEX_POINT('',#13383);
#4981=VERTEX_POINT('',#13384);
#4982=VERTEX_POINT('',#13386);
#4983=VERTEX_POINT('',#13388);
#4984=VERTEX_POINT('',#13392);
#4985=VERTEX_POINT('',#13393);
#4986=VERTEX_POINT('',#13395);
#4987=VERTEX_POINT('',#13397);
#4988=VERTEX_POINT('',#13401);
#4989=VERTEX_POINT('',#13402);
#4990=VERTEX_POINT('',#13404);
#4991=VERTEX_POINT('',#13406);
#4992=VERTEX_POINT('',#13410);
#4993=VERTEX_POINT('',#13411);
#4994=VERTEX_POINT('',#13413);
#4995=VERTEX_POINT('',#13415);
#4996=VERTEX_POINT('',#13419);
#4997=VERTEX_POINT('',#13425);
#4998=VERTEX_POINT('',#13427);
#4999=VERTEX_POINT('',#13437);
#5000=VERTEX_POINT('',#13439);
#5001=VERTEX_POINT('',#13449);
#5002=VERTEX_POINT('',#13451);
#5003=VERTEX_POINT('',#13458);
#5004=VERTEX_POINT('',#13464);
#5005=VERTEX_POINT('',#13466);
#5006=VERTEX_POINT('',#13476);
#5007=VERTEX_POINT('',#13478);
#5008=VERTEX_POINT('',#13488);
#5009=VERTEX_POINT('',#13489);
#5010=VERTEX_POINT('',#13491);
#5011=VERTEX_POINT('',#13496);
#5012=VERTEX_POINT('',#13500);
#5013=VERTEX_POINT('',#13502);
#5014=VERTEX_POINT('',#13506);
#5015=VERTEX_POINT('',#13512);
#5016=VERTEX_POINT('',#13513);
#5017=VERTEX_POINT('',#13515);
#5018=VERTEX_POINT('',#13520);
#5019=VERTEX_POINT('',#13524);
#5020=VERTEX_POINT('',#13526);
#5021=VERTEX_POINT('',#13530);
#5022=VERTEX_POINT('',#13536);
#5023=VERTEX_POINT('',#13538);
#5024=VERTEX_POINT('',#13548);
#5025=VERTEX_POINT('',#13550);
#5026=VERTEX_POINT('',#13560);
#5027=VERTEX_POINT('',#13561);
#5028=VERTEX_POINT('',#13563);
#5029=VERTEX_POINT('',#13568);
#5030=VERTEX_POINT('',#13572);
#5031=VERTEX_POINT('',#13574);
#5032=VERTEX_POINT('',#13578);
#5033=VERTEX_POINT('',#13584);
#5034=VERTEX_POINT('',#13586);
#5035=VERTEX_POINT('',#13596);
#5036=VERTEX_POINT('',#13598);
#5037=VERTEX_POINT('',#13608);
#5038=VERTEX_POINT('',#13609);
#5039=VERTEX_POINT('',#13611);
#5040=VERTEX_POINT('',#13616);
#5041=VERTEX_POINT('',#13620);
#5042=VERTEX_POINT('',#13622);
#5043=VERTEX_POINT('',#13626);
#5044=VERTEX_POINT('',#13632);
#5045=VERTEX_POINT('',#13634);
#5046=VERTEX_POINT('',#13644);
#5047=VERTEX_POINT('',#13645);
#5048=VERTEX_POINT('',#13647);
#5049=VERTEX_POINT('',#13652);
#5050=VERTEX_POINT('',#13656);
#5051=VERTEX_POINT('',#13658);
#5052=VERTEX_POINT('',#13665);
#5053=VERTEX_POINT('',#13667);
#5054=VERTEX_POINT('',#13674);
#5055=VERTEX_POINT('',#13675);
#5056=VERTEX_POINT('',#13677);
#5057=VERTEX_POINT('',#13679);
#5058=VERTEX_POINT('',#13683);
#5059=VERTEX_POINT('',#13689);
#5060=VERTEX_POINT('',#13691);
#5061=VERTEX_POINT('',#13701);
#5062=VERTEX_POINT('',#13703);
#5063=VERTEX_POINT('',#13713);
#5064=VERTEX_POINT('',#13715);
#5065=VERTEX_POINT('',#13722);
#5066=VERTEX_POINT('',#13723);
#5067=VERTEX_POINT('',#13725);
#5068=VERTEX_POINT('',#13727);
#5069=VERTEX_POINT('',#13731);
#5070=VERTEX_POINT('',#13737);
#5071=VERTEX_POINT('',#13739);
#5072=VERTEX_POINT('',#13749);
#5073=VERTEX_POINT('',#13751);
#5074=VERTEX_POINT('',#13758);
#5075=VERTEX_POINT('',#13761);
#5076=VERTEX_POINT('',#13767);
#5077=VERTEX_POINT('',#13769);
#5078=VERTEX_POINT('',#13779);
#5079=VERTEX_POINT('',#13781);
#5080=VERTEX_POINT('',#13791);
#5081=VERTEX_POINT('',#13792);
#5082=VERTEX_POINT('',#13794);
#5083=VERTEX_POINT('',#13799);
#5084=VERTEX_POINT('',#13803);
#5085=VERTEX_POINT('',#13805);
#5086=VERTEX_POINT('',#13809);
#5087=VERTEX_POINT('',#13815);
#5088=VERTEX_POINT('',#13817);
#5089=VERTEX_POINT('',#13827);
#5090=VERTEX_POINT('',#13829);
#5091=VERTEX_POINT('',#13836);
#5092=VERTEX_POINT('',#13839);
#5093=VERTEX_POINT('',#13840);
#5094=VERTEX_POINT('',#13842);
#5095=VERTEX_POINT('',#13844);
#5096=VERTEX_POINT('',#13851);
#5097=VERTEX_POINT('',#13853);
#5098=VERTEX_POINT('',#13860);
#5099=VERTEX_POINT('',#13863);
#5100=VERTEX_POINT('',#13864);
#5101=VERTEX_POINT('',#13866);
#5102=VERTEX_POINT('',#13868);
#5103=VERTEX_POINT('',#13875);
#5104=VERTEX_POINT('',#13877);
#5105=VERTEX_POINT('',#13884);
#5106=VERTEX_POINT('',#13887);
#5107=VERTEX_POINT('',#13888);
#5108=VERTEX_POINT('',#13890);
#5109=VERTEX_POINT('',#13892);
#5110=VERTEX_POINT('',#13899);
#5111=VERTEX_POINT('',#13901);
#5112=VERTEX_POINT('',#13908);
#5113=VERTEX_POINT('',#13911);
#5114=VERTEX_POINT('',#13912);
#5115=VERTEX_POINT('',#13914);
#5116=VERTEX_POINT('',#13916);
#5117=VERTEX_POINT('',#13923);
#5118=VERTEX_POINT('',#13925);
#5119=VERTEX_POINT('',#13932);
#5120=VERTEX_POINT('',#13935);
#5121=VERTEX_POINT('',#13936);
#5122=VERTEX_POINT('',#13938);
#5123=VERTEX_POINT('',#13940);
#5124=VERTEX_POINT('',#13947);
#5125=VERTEX_POINT('',#13949);
#5126=VERTEX_POINT('',#13956);
#5127=VERTEX_POINT('',#13959);
#5128=VERTEX_POINT('',#13960);
#5129=VERTEX_POINT('',#13962);
#5130=VERTEX_POINT('',#13964);
#5131=VERTEX_POINT('',#13971);
#5132=VERTEX_POINT('',#13973);
#5133=VERTEX_POINT('',#13980);
#5134=VERTEX_POINT('',#13983);
#5135=VERTEX_POINT('',#13984);
#5136=VERTEX_POINT('',#13986);
#5137=VERTEX_POINT('',#13988);
#5138=VERTEX_POINT('',#13995);
#5139=VERTEX_POINT('',#13997);
#5140=VERTEX_POINT('',#14004);
#5141=VERTEX_POINT('',#14007);
#5142=VERTEX_POINT('',#14008);
#5143=VERTEX_POINT('',#14010);
#5144=VERTEX_POINT('',#14012);
#5145=VERTEX_POINT('',#14019);
#5146=VERTEX_POINT('',#14021);
#5147=VERTEX_POINT('',#14028);
#5148=VERTEX_POINT('',#14031);
#5149=VERTEX_POINT('',#14032);
#5150=VERTEX_POINT('',#14034);
#5151=VERTEX_POINT('',#14036);
#5152=VERTEX_POINT('',#14043);
#5153=VERTEX_POINT('',#14045);
#5154=VERTEX_POINT('',#14052);
#5155=VERTEX_POINT('',#14055);
#5156=VERTEX_POINT('',#14058);
#5157=VERTEX_POINT('',#14059);
#5158=VERTEX_POINT('',#14061);
#5159=VERTEX_POINT('',#14063);
#5160=VERTEX_POINT('',#14070);
#5161=VERTEX_POINT('',#14072);
#5162=VERTEX_POINT('',#14079);
#5163=VERTEX_POINT('',#14082);
#5164=VERTEX_POINT('',#14083);
#5165=VERTEX_POINT('',#14085);
#5166=VERTEX_POINT('',#14087);
#5167=VERTEX_POINT('',#14094);
#5168=VERTEX_POINT('',#14096);
#5169=VERTEX_POINT('',#14103);
#5170=VERTEX_POINT('',#14106);
#5171=VERTEX_POINT('',#14107);
#5172=VERTEX_POINT('',#14112);
#5173=VERTEX_POINT('',#14113);
#5174=VERTEX_POINT('',#14118);
#5175=VERTEX_POINT('',#14120);
#5176=VERTEX_POINT('',#14124);
#5177=VERTEX_POINT('',#14126);
#5178=VERTEX_POINT('',#14130);
#5179=VERTEX_POINT('',#14131);
#5180=VERTEX_POINT('',#14136);
#5181=VERTEX_POINT('',#14138);
#5182=VERTEX_POINT('',#14142);
#5183=VERTEX_POINT('',#14143);
#5184=VERTEX_POINT('',#14148);
#5185=VERTEX_POINT('',#14150);
#5186=VERTEX_POINT('',#14154);
#5187=VERTEX_POINT('',#14156);
#5188=VERTEX_POINT('',#14160);
#5189=VERTEX_POINT('',#14162);
#5190=VERTEX_POINT('',#14166);
#5191=VERTEX_POINT('',#14168);
#5192=VERTEX_POINT('',#14172);
#5193=VERTEX_POINT('',#14174);
#5194=VERTEX_POINT('',#14178);
#5195=VERTEX_POINT('',#14180);
#5196=VERTEX_POINT('',#14184);
#5197=VERTEX_POINT('',#14186);
#5198=VERTEX_POINT('',#14190);
#5199=VERTEX_POINT('',#14192);
#5200=VERTEX_POINT('',#14196);
#5201=VERTEX_POINT('',#14198);
#5202=VERTEX_POINT('',#14202);
#5203=VERTEX_POINT('',#14204);
#5204=VERTEX_POINT('',#14209);
#5205=VERTEX_POINT('',#14212);
#5206=VERTEX_POINT('',#14217);
#5207=VERTEX_POINT('',#14219);
#5208=VERTEX_POINT('',#14221);
#5209=VERTEX_POINT('',#14228);
#5210=VERTEX_POINT('',#14232);
#5211=VERTEX_POINT('',#14234);
#5212=VERTEX_POINT('',#14238);
#5213=VERTEX_POINT('',#14240);
#5214=VERTEX_POINT('',#14243);
#5215=VERTEX_POINT('',#14246);
#5216=VERTEX_POINT('',#14248);
#5217=VERTEX_POINT('',#14251);
#5218=VERTEX_POINT('',#14255);
#5219=VERTEX_POINT('',#14259);
#5220=VERTEX_POINT('',#14262);
#5221=VERTEX_POINT('',#14265);
#5222=VERTEX_POINT('',#14270);
#5223=VERTEX_POINT('',#14274);
#5224=VERTEX_POINT('',#14276);
#5225=VERTEX_POINT('',#14280);
#5226=VERTEX_POINT('',#14285);
#5227=VERTEX_POINT('',#14289);
#5228=VERTEX_POINT('',#14291);
#5229=VERTEX_POINT('',#14294);
#5230=VERTEX_POINT('',#14297);
#5231=VERTEX_POINT('',#14300);
#5232=VERTEX_POINT('',#14306);
#5233=VERTEX_POINT('',#14308);
#5234=VERTEX_POINT('',#14313);
#5235=VERTEX_POINT('',#14316);
#5236=VERTEX_POINT('',#14324);
#5237=VERTEX_POINT('',#14325);
#5238=VERTEX_POINT('',#14327);
#5239=VERTEX_POINT('',#14332);
#5240=VERTEX_POINT('',#14336);
#5241=VERTEX_POINT('',#14338);
#5242=VERTEX_POINT('',#14345);
#5243=VERTEX_POINT('',#14346);
#5244=VERTEX_POINT('',#14348);
#5245=VERTEX_POINT('',#14353);
#5246=VERTEX_POINT('',#14357);
#5247=VERTEX_POINT('',#14360);
#5248=VERTEX_POINT('',#14362);
#5249=VERTEX_POINT('',#14365);
#5250=VERTEX_POINT('',#14370);
#5251=VERTEX_POINT('',#14373);
#5252=VERTEX_POINT('',#14375);
#5253=VERTEX_POINT('',#14377);
#5254=VERTEX_POINT('',#14384);
#5255=VERTEX_POINT('',#14388);
#5256=VERTEX_POINT('',#14389);
#5257=VERTEX_POINT('',#14391);
#5258=VERTEX_POINT('',#14393);
#5259=VERTEX_POINT('',#14400);
#5260=VERTEX_POINT('',#14402);
#5261=VERTEX_POINT('',#14409);
#5262=VERTEX_POINT('',#14411);
#5263=VERTEX_POINT('',#14413);
#5264=VERTEX_POINT('',#14416);
#5265=VERTEX_POINT('',#14422);
#5266=VERTEX_POINT('',#14423);
#5267=VERTEX_POINT('',#14425);
#5268=VERTEX_POINT('',#14427);
#5269=VERTEX_POINT('',#14431);
#5270=VERTEX_POINT('',#14437);
#5271=VERTEX_POINT('',#14439);
#5272=VERTEX_POINT('',#14446);
#5273=VERTEX_POINT('',#14447);
#5274=VERTEX_POINT('',#14455);
#5275=VERTEX_POINT('',#14462);
#5276=VERTEX_POINT('',#14469);
#5277=VERTEX_POINT('',#14470);
#5278=VERTEX_POINT('',#14472);
#5279=VERTEX_POINT('',#14477);
#5280=VERTEX_POINT('',#14481);
#5281=VERTEX_POINT('',#14483);
#5282=VERTEX_POINT('',#14487);
#5283=VERTEX_POINT('',#14493);
#5284=VERTEX_POINT('',#14495);
#5285=VERTEX_POINT('',#14502);
#5286=VERTEX_POINT('',#14504);
#5287=VERTEX_POINT('',#14508);
#5288=VERTEX_POINT('',#14510);
#5289=VERTEX_POINT('',#14517);
#5290=VERTEX_POINT('',#14524);
#5291=VERTEX_POINT('',#14531);
#5292=VERTEX_POINT('',#14533);
#5293=VERTEX_POINT('',#14540);
#5294=VERTEX_POINT('',#14543);
#5295=VERTEX_POINT('',#14550);
#5296=VERTEX_POINT('',#14552);
#5297=VERTEX_POINT('',#14559);
#5298=VERTEX_POINT('',#14566);
#5299=VERTEX_POINT('',#14570);
#5300=VERTEX_POINT('',#14572);
#5301=VERTEX_POINT('',#14574);
#5302=VERTEX_POINT('',#14581);
#5303=VERTEX_POINT('',#14588);
#5304=VERTEX_POINT('',#14591);
#5305=VERTEX_POINT('',#14598);
#5306=VERTEX_POINT('',#14600);
#5307=VERTEX_POINT('',#14604);
#5308=VERTEX_POINT('',#14606);
#5309=VERTEX_POINT('',#14613);
#5310=VERTEX_POINT('',#14620);
#5311=VERTEX_POINT('',#14627);
#5312=VERTEX_POINT('',#14628);
#5313=VERTEX_POINT('',#14630);
#5314=VERTEX_POINT('',#14635);
#5315=VERTEX_POINT('',#14639);
#5316=VERTEX_POINT('',#14641);
#5317=VERTEX_POINT('',#14645);
#5318=VERTEX_POINT('',#14651);
#5319=VERTEX_POINT('',#14652);
#5320=VERTEX_POINT('',#14654);
#5321=VERTEX_POINT('',#14659);
#5322=VERTEX_POINT('',#14663);
#5323=VERTEX_POINT('',#14665);
#5324=VERTEX_POINT('',#14672);
#5325=VERTEX_POINT('',#14679);
#5326=VERTEX_POINT('',#14686);
#5327=VERTEX_POINT('',#14687);
#5328=VERTEX_POINT('',#14689);
#5329=VERTEX_POINT('',#14694);
#5330=VERTEX_POINT('',#14698);
#5331=VERTEX_POINT('',#14700);
#5332=VERTEX_POINT('',#14704);
#5333=VERTEX_POINT('',#14710);
#5334=VERTEX_POINT('',#14712);
#5335=VERTEX_POINT('',#14719);
#5336=VERTEX_POINT('',#14720);
#5337=VERTEX_POINT('',#14725);
#5338=VERTEX_POINT('',#14726);
#5339=VERTEX_POINT('',#14734);
#5340=VERTEX_POINT('',#14741);
#5341=VERTEX_POINT('',#14748);
#5342=VERTEX_POINT('',#14749);
#5343=VERTEX_POINT('',#14751);
#5344=VERTEX_POINT('',#14756);
#5345=VERTEX_POINT('',#14760);
#5346=VERTEX_POINT('',#14762);
#5347=VERTEX_POINT('',#14766);
#5348=VERTEX_POINT('',#14772);
#5349=VERTEX_POINT('',#14774);
#5350=VERTEX_POINT('',#14781);
#5351=VERTEX_POINT('',#14782);
#5352=VERTEX_POINT('',#14787);
#5353=VERTEX_POINT('',#14788);
#5354=VERTEX_POINT('',#14796);
#5355=VERTEX_POINT('',#14803);
#5356=VERTEX_POINT('',#14810);
#5357=VERTEX_POINT('',#14811);
#5358=VERTEX_POINT('',#14813);
#5359=VERTEX_POINT('',#14818);
#5360=VERTEX_POINT('',#14822);
#5361=VERTEX_POINT('',#14824);
#5362=VERTEX_POINT('',#14828);
#5363=VERTEX_POINT('',#14834);
#5364=VERTEX_POINT('',#14836);
#5365=VERTEX_POINT('',#14843);
#5366=VERTEX_POINT('',#14844);
#5367=VERTEX_POINT('',#14849);
#5368=VERTEX_POINT('',#14851);
#5369=VERTEX_POINT('',#14858);
#5370=VERTEX_POINT('',#14865);
#5371=VERTEX_POINT('',#14872);
#5372=VERTEX_POINT('',#14873);
#5373=VERTEX_POINT('',#14875);
#5374=VERTEX_POINT('',#14880);
#5375=VERTEX_POINT('',#14884);
#5376=VERTEX_POINT('',#14886);
#5377=VERTEX_POINT('',#14890);
#5378=VERTEX_POINT('',#14896);
#5379=VERTEX_POINT('',#14898);
#5380=VERTEX_POINT('',#14905);
#5381=VERTEX_POINT('',#14907);
#5382=VERTEX_POINT('',#14911);
#5383=VERTEX_POINT('',#14912);
#5384=VERTEX_POINT('',#14920);
#5385=VERTEX_POINT('',#14927);
#5386=VERTEX_POINT('',#14934);
#5387=VERTEX_POINT('',#14935);
#5388=VERTEX_POINT('',#14937);
#5389=VERTEX_POINT('',#14942);
#5390=VERTEX_POINT('',#14946);
#5391=VERTEX_POINT('',#14948);
#5392=VERTEX_POINT('',#14952);
#5393=VERTEX_POINT('',#14958);
#5394=VERTEX_POINT('',#14960);
#5395=VERTEX_POINT('',#14967);
#5396=VERTEX_POINT('',#14968);
#5397=VERTEX_POINT('',#14976);
#5398=VERTEX_POINT('',#14977);
#5399=VERTEX_POINT('',#14979);
#5400=VERTEX_POINT('',#14984);
#5401=VERTEX_POINT('',#14988);
#5402=VERTEX_POINT('',#14990);
#5403=VERTEX_POINT('',#14994);
#5404=VERTEX_POINT('',#15000);
#5405=VERTEX_POINT('',#15002);
#5406=VERTEX_POINT('',#15009);
#5407=VERTEX_POINT('',#15011);
#5408=VERTEX_POINT('',#15015);
#5409=VERTEX_POINT('',#15017);
#5410=VERTEX_POINT('',#15024);
#5411=VERTEX_POINT('',#15031);
#5412=VERTEX_POINT('',#15038);
#5413=VERTEX_POINT('',#15039);
#5414=VERTEX_POINT('',#15041);
#5415=VERTEX_POINT('',#15046);
#5416=VERTEX_POINT('',#15050);
#5417=VERTEX_POINT('',#15052);
#5418=VERTEX_POINT('',#15056);
#5419=VERTEX_POINT('',#15062);
#5420=VERTEX_POINT('',#15064);
#5421=VERTEX_POINT('',#15071);
#5422=VERTEX_POINT('',#15073);
#5423=VERTEX_POINT('',#15077);
#5424=VERTEX_POINT('',#15079);
#5425=VERTEX_POINT('',#15086);
#5426=VERTEX_POINT('',#15093);
#5427=VERTEX_POINT('',#15100);
#5428=VERTEX_POINT('',#15101);
#5429=VERTEX_POINT('',#15103);
#5430=VERTEX_POINT('',#15108);
#5431=VERTEX_POINT('',#15112);
#5432=VERTEX_POINT('',#15114);
#5433=VERTEX_POINT('',#15118);
#5434=VERTEX_POINT('',#15124);
#5435=VERTEX_POINT('',#15126);
#5436=VERTEX_POINT('',#15133);
#5437=VERTEX_POINT('',#15135);
#5438=VERTEX_POINT('',#15139);
#5439=VERTEX_POINT('',#15141);
#5440=VERTEX_POINT('',#15143);
#5441=VERTEX_POINT('',#15150);
#5442=VERTEX_POINT('',#15157);
#5443=VERTEX_POINT('',#15158);
#5444=VERTEX_POINT('',#15160);
#5445=VERTEX_POINT('',#15162);
#5446=VERTEX_POINT('',#15168);
#5447=VERTEX_POINT('',#15169);
#5448=VERTEX_POINT('',#15171);
#5449=VERTEX_POINT('',#15173);
#5450=VERTEX_POINT('',#15179);
#5451=VERTEX_POINT('',#15180);
#5452=VERTEX_POINT('',#15182);
#5453=VERTEX_POINT('',#15184);
#5454=VERTEX_POINT('',#15191);
#5455=VERTEX_POINT('',#15192);
#5456=VERTEX_POINT('',#15194);
#5457=VERTEX_POINT('',#15196);
#5458=VERTEX_POINT('',#15203);
#5459=VERTEX_POINT('',#15204);
#5460=VERTEX_POINT('',#15206);
#5461=VERTEX_POINT('',#15208);
#5462=VERTEX_POINT('',#15212);
#5463=VERTEX_POINT('',#15213);
#5464=VERTEX_POINT('',#15215);
#5465=VERTEX_POINT('',#15217);
#5466=VERTEX_POINT('',#15221);
#5467=VERTEX_POINT('',#15222);
#5468=VERTEX_POINT('',#15224);
#5469=VERTEX_POINT('',#15226);
#5470=VERTEX_POINT('',#15232);
#5471=VERTEX_POINT('',#15233);
#5472=VERTEX_POINT('',#15235);
#5473=VERTEX_POINT('',#15237);
#5474=VERTEX_POINT('',#15243);
#5475=VERTEX_POINT('',#15244);
#5476=VERTEX_POINT('',#15246);
#5477=VERTEX_POINT('',#15248);
#5478=VERTEX_POINT('',#15254);
#5479=VERTEX_POINT('',#15255);
#5480=VERTEX_POINT('',#15257);
#5481=VERTEX_POINT('',#15259);
#5482=VERTEX_POINT('',#15265);
#5483=VERTEX_POINT('',#15266);
#5484=VERTEX_POINT('',#15268);
#5485=VERTEX_POINT('',#15270);
#5486=VERTEX_POINT('',#15276);
#5487=VERTEX_POINT('',#15277);
#5488=VERTEX_POINT('',#15279);
#5489=VERTEX_POINT('',#15281);
#5490=VERTEX_POINT('',#15285);
#5491=VERTEX_POINT('',#15286);
#5492=VERTEX_POINT('',#15288);
#5493=VERTEX_POINT('',#15290);
#5494=VERTEX_POINT('',#15296);
#5495=VERTEX_POINT('',#15297);
#5496=VERTEX_POINT('',#15299);
#5497=VERTEX_POINT('',#15301);
#5498=VERTEX_POINT('',#15305);
#5499=VERTEX_POINT('',#15306);
#5500=VERTEX_POINT('',#15311);
#5501=VERTEX_POINT('',#15315);
#5502=VERTEX_POINT('',#15324);
#5503=VERTEX_POINT('',#15327);
#5504=VERTEX_POINT('',#15329);
#5505=VERTEX_POINT('',#15334);
#5506=VERTEX_POINT('',#15335);
#5507=VERTEX_POINT('',#15337);
#5508=VERTEX_POINT('',#15340);
#5509=VERTEX_POINT('',#15342);
#5510=VERTEX_POINT('',#15346);
#5511=VERTEX_POINT('',#15351);
#5512=VERTEX_POINT('',#15355);
#5513=VERTEX_POINT('',#15361);
#5514=VERTEX_POINT('',#15363);
#5515=VERTEX_POINT('',#15370);
#5516=VERTEX_POINT('',#15372);
#5517=VERTEX_POINT('',#15377);
#5518=VERTEX_POINT('',#15380);
#5519=VERTEX_POINT('',#15381);
#5520=VERTEX_POINT('',#15383);
#5521=VERTEX_POINT('',#15385);
#5522=VERTEX_POINT('',#15389);
#5523=VERTEX_POINT('',#15396);
#5524=VERTEX_POINT('',#15403);
#5525=VERTEX_POINT('',#15410);
#5526=VERTEX_POINT('',#15411);
#5527=VERTEX_POINT('',#15413);
#5528=VERTEX_POINT('',#15418);
#5529=VERTEX_POINT('',#15422);
#5530=VERTEX_POINT('',#15424);
#5531=VERTEX_POINT('',#15426);
#5532=VERTEX_POINT('',#15430);
#5533=VERTEX_POINT('',#15433);
#5534=VERTEX_POINT('',#15435);
#5535=VERTEX_POINT('',#15437);
#5536=VERTEX_POINT('',#15441);
#5537=VERTEX_POINT('',#15448);
#5538=VERTEX_POINT('',#15449);
#5539=VERTEX_POINT('',#15451);
#5540=VERTEX_POINT('',#15456);
#5541=VERTEX_POINT('',#15463);
#5542=VERTEX_POINT('',#15464);
#5543=VERTEX_POINT('',#15466);
#5544=VERTEX_POINT('',#15471);
#5545=VERTEX_POINT('',#15478);
#5546=VERTEX_POINT('',#15479);
#5547=VERTEX_POINT('',#15481);
#5548=VERTEX_POINT('',#15486);
#5549=VERTEX_POINT('',#15493);
#5550=VERTEX_POINT('',#15494);
#5551=VERTEX_POINT('',#15496);
#5552=VERTEX_POINT('',#15501);
#5553=VERTEX_POINT('',#15505);
#5554=VERTEX_POINT('',#15506);
#5555=VERTEX_POINT('',#15511);
#5556=VERTEX_POINT('',#15513);
#5557=VERTEX_POINT('',#15515);
#5558=VERTEX_POINT('',#15520);
#5559=VERTEX_POINT('',#15524);
#5560=VERTEX_POINT('',#15526);
#5561=VERTEX_POINT('',#15528);
#5562=VERTEX_POINT('',#15535);
#5563=VERTEX_POINT('',#15540);
#5564=VERTEX_POINT('',#15545);
#5565=VERTEX_POINT('',#15547);
#5566=VERTEX_POINT('',#15551);
#5567=VERTEX_POINT('',#15558);
#5568=VERTEX_POINT('',#15559);
#5569=VERTEX_POINT('',#15561);
#5570=VERTEX_POINT('',#15566);
#5571=VERTEX_POINT('',#15573);
#5572=VERTEX_POINT('',#15574);
#5573=VERTEX_POINT('',#15576);
#5574=VERTEX_POINT('',#15581);
#5575=VERTEX_POINT('',#15623);
#5576=VERTEX_POINT('',#15763);
#5577=VERTEX_POINT('',#15767);
#5578=VERTEX_POINT('',#15769);
#5579=VERTEX_POINT('',#15773);
#5580=VERTEX_POINT('',#15775);
#5581=VERTEX_POINT('',#15779);
#5582=VERTEX_POINT('',#15783);
#5583=VERTEX_POINT('',#15785);
#5584=VERTEX_POINT('',#15789);
#5585=VERTEX_POINT('',#15791);
#5586=VERTEX_POINT('',#15793);
#5587=VERTEX_POINT('',#15798);
#5588=VERTEX_POINT('',#15802);
#5589=VERTEX_POINT('',#15806);
#5590=VERTEX_POINT('',#15810);
#5591=VERTEX_POINT('',#15811);
#5592=VERTEX_POINT('',#15820);
#5593=VERTEX_POINT('',#15824);
#5594=VERTEX_POINT('',#15828);
#5595=VERTEX_POINT('',#15832);
#5596=VERTEX_POINT('',#15838);
#5597=VERTEX_POINT('',#15844);
#5598=VERTEX_POINT('',#15848);
#5599=VERTEX_POINT('',#15852);
#5600=VERTEX_POINT('',#15856);
#5601=VERTEX_POINT('',#15860);
#5602=VERTEX_POINT('',#15864);
#5603=VERTEX_POINT('',#15865);
#5604=VERTEX_POINT('',#15871);
#5605=VERTEX_POINT('',#15875);
#5606=VERTEX_POINT('',#15877);
#5607=VERTEX_POINT('',#15885);
#5608=VERTEX_POINT('',#15889);
#5609=VERTEX_POINT('',#15892);
#5610=VERTEX_POINT('',#15896);
#5611=VERTEX_POINT('',#15899);
#5612=VERTEX_POINT('',#15905);
#5613=VERTEX_POINT('',#15909);
#5614=VERTEX_POINT('',#15913);
#5615=VERTEX_POINT('',#15917);
#5616=VERTEX_POINT('',#15921);
#5617=VERTEX_POINT('',#15925);
#5618=VERTEX_POINT('',#15929);
#5619=VERTEX_POINT('',#15933);
#5620=VERTEX_POINT('',#15951);
#5621=VERTEX_POINT('',#15955);
#5622=VERTEX_POINT('',#15959);
#5623=VERTEX_POINT('',#15960);
#5624=VERTEX_POINT('',#15965);
#5625=VERTEX_POINT('',#15969);
#5626=VERTEX_POINT('',#15973);
#5627=VERTEX_POINT('',#15977);
#5628=VERTEX_POINT('',#15981);
#5629=VERTEX_POINT('',#15982);
#5630=LINE('',#12751,#6460);
#5631=LINE('',#12754,#6461);
#5632=LINE('',#12756,#6462);
#5633=LINE('',#12758,#6463);
#5634=LINE('',#12760,#6464);
#5635=LINE('',#12761,#6465);
#5636=LINE('',#12764,#6466);
#5637=LINE('',#12766,#6467);
#5638=LINE('',#12768,#6468);
#5639=LINE('',#12770,#6469);
#5640=LINE('',#12772,#6470);
#5641=LINE('',#12774,#6471);
#5642=LINE('',#12776,#6472);
#5643=LINE('',#12778,#6473);
#5644=LINE('',#12780,#6474);
#5645=LINE('',#12782,#6475);
#5646=LINE('',#12784,#6476);
#5647=LINE('',#12786,#6477);
#5648=LINE('',#12788,#6478);
#5649=LINE('',#12790,#6479);
#5650=LINE('',#12792,#6480);
#5651=LINE('',#12796,#6481);
#5652=LINE('',#12798,#6482);
#5653=LINE('',#12800,#6483);
#5654=LINE('',#12802,#6484);
#5655=LINE('',#12804,#6485);
#5656=LINE('',#12806,#6486);
#5657=LINE('',#12808,#6487);
#5658=LINE('',#12810,#6488);
#5659=LINE('',#12812,#6489);
#5660=LINE('',#12814,#6490);
#5661=LINE('',#12816,#6491);
#5662=LINE('',#12818,#6492);
#5663=LINE('',#12820,#6493);
#5664=LINE('',#12822,#6494);
#5665=LINE('',#12824,#6495);
#5666=LINE('',#12826,#6496);
#5667=LINE('',#12828,#6497);
#5668=LINE('',#12830,#6498);
#5669=LINE('',#12834,#6499);
#5670=LINE('',#12836,#6500);
#5671=LINE('',#12838,#6501);
#5672=LINE('',#12840,#6502);
#5673=LINE('',#12842,#6503);
#5674=LINE('',#12844,#6504);
#5675=LINE('',#12846,#6505);
#5676=LINE('',#12848,#6506);
#5677=LINE('',#12850,#6507);
#5678=LINE('',#12852,#6508);
#5679=LINE('',#12854,#6509);
#5680=LINE('',#12856,#6510);
#5681=LINE('',#12858,#6511);
#5682=LINE('',#12860,#6512);
#5683=LINE('',#12862,#6513);
#5684=LINE('',#12866,#6514);
#5685=LINE('',#12868,#6515);
#5686=LINE('',#12870,#6516);
#5687=LINE('',#12872,#6517);
#5688=LINE('',#12874,#6518);
#5689=LINE('',#12876,#6519);
#5690=LINE('',#12877,#6520);
#5691=LINE('',#12880,#6521);
#5692=LINE('',#12882,#6522);
#5693=LINE('',#12884,#6523);
#5694=LINE('',#12885,#6524);
#5695=LINE('',#12888,#6525);
#5696=LINE('',#12890,#6526);
#5697=LINE('',#12892,#6527);
#5698=LINE('',#12893,#6528);
#5699=LINE('',#12896,#6529);
#5700=LINE('',#12898,#6530);
#5701=LINE('',#12900,#6531);
#5702=LINE('',#12901,#6532);
#5703=LINE('',#12904,#6533);
#5704=LINE('',#12906,#6534);
#5705=LINE('',#12908,#6535);
#5706=LINE('',#12909,#6536);
#5707=LINE('',#12912,#6537);
#5708=LINE('',#12914,#6538);
#5709=LINE('',#12916,#6539);
#5710=LINE('',#12917,#6540);
#5711=LINE('',#12920,#6541);
#5712=LINE('',#12922,#6542);
#5713=LINE('',#12924,#6543);
#5714=LINE('',#12925,#6544);
#5715=LINE('',#12928,#6545);
#5716=LINE('',#12930,#6546);
#5717=LINE('',#12932,#6547);
#5718=LINE('',#12933,#6548);
#5719=LINE('',#12936,#6549);
#5720=LINE('',#12938,#6550);
#5721=LINE('',#12940,#6551);
#5722=LINE('',#12941,#6552);
#5723=LINE('',#12944,#6553);
#5724=LINE('',#12946,#6554);
#5725=LINE('',#12948,#6555);
#5726=LINE('',#12949,#6556);
#5727=LINE('',#12952,#6557);
#5728=LINE('',#12954,#6558);
#5729=LINE('',#12956,#6559);
#5730=LINE('',#12957,#6560);
#5731=LINE('',#12960,#6561);
#5732=LINE('',#12962,#6562);
#5733=LINE('',#12964,#6563);
#5734=LINE('',#12965,#6564);
#5735=LINE('',#12968,#6565);
#5736=LINE('',#12970,#6566);
#5737=LINE('',#12972,#6567);
#5738=LINE('',#12973,#6568);
#5739=LINE('',#12976,#6569);
#5740=LINE('',#12978,#6570);
#5741=LINE('',#12980,#6571);
#5742=LINE('',#12981,#6572);
#5743=LINE('',#12984,#6573);
#5744=LINE('',#12986,#6574);
#5745=LINE('',#12988,#6575);
#5746=LINE('',#12989,#6576);
#5747=LINE('',#12992,#6577);
#5748=LINE('',#12994,#6578);
#5749=LINE('',#12996,#6579);
#5750=LINE('',#13007,#6580);
#5751=LINE('',#13010,#6581);
#5752=LINE('',#13012,#6582);
#5753=LINE('',#13014,#6583);
#5754=LINE('',#13015,#6584);
#5755=LINE('',#13018,#6585);
#5756=LINE('',#13020,#6586);
#5757=LINE('',#13022,#6587);
#5758=LINE('',#13026,#6588);
#5759=LINE('',#13029,#6589);
#5760=LINE('',#13031,#6590);
#5761=LINE('',#13033,#6591);
#5762=LINE('',#13037,#6592);
#5763=LINE('',#13041,#6593);
#5764=LINE('',#13042,#6594);
#5765=LINE('',#13045,#6595);
#5766=LINE('',#13047,#6596);
#5767=LINE('',#13049,#6597);
#5768=LINE('',#13051,#6598);
#5769=LINE('',#13056,#6599);
#5770=LINE('',#13060,#6600);
#5771=LINE('',#13064,#6601);
#5772=LINE('',#13068,#6602);
#5773=LINE('',#13072,#6603);
#5774=LINE('',#13076,#6604);
#5775=LINE('',#13078,#6605);
#5776=LINE('',#13080,#6606);
#5777=LINE('',#13082,#6607);
#5778=LINE('',#13084,#6608);
#5779=LINE('',#13086,#6609);
#5780=LINE('',#13088,#6610);
#5781=LINE('',#13090,#6611);
#5782=LINE('',#13092,#6612);
#5783=LINE('',#13094,#6613);
#5784=LINE('',#13098,#6614);
#5785=LINE('',#13101,#6615);
#5786=LINE('',#13103,#6616);
#5787=LINE('',#13105,#6617);
#5788=LINE('',#13107,#6618);
#5789=LINE('',#13109,#6619);
#5790=LINE('',#13112,#6620);
#5791=LINE('',#13115,#6621);
#5792=LINE('',#13117,#6622);
#5793=LINE('',#13119,#6623);
#5794=LINE('',#13121,#6624);
#5795=LINE('',#13122,#6625);
#5796=LINE('',#13124,#6626);
#5797=LINE('',#13125,#6627);
#5798=LINE('',#13127,#6628);
#5799=LINE('',#13128,#6629);
#5800=LINE('',#13130,#6630);
#5801=LINE('',#13135,#6631);
#5802=LINE('',#13139,#6632);
#5803=LINE('',#13141,#6633);
#5804=LINE('',#13143,#6634);
#5805=LINE('',#13145,#6635);
#5806=LINE('',#13147,#6636);
#5807=LINE('',#13149,#6637);
#5808=LINE('',#13151,#6638);
#5809=LINE('',#13153,#6639);
#5810=LINE('',#13156,#6640);
#5811=LINE('',#13158,#6641);
#5812=LINE('',#13160,#6642);
#5813=LINE('',#13162,#6643);
#5814=LINE('',#13163,#6644);
#5815=LINE('',#13165,#6645);
#5816=LINE('',#13167,#6646);
#5817=LINE('',#13170,#6647);
#5818=LINE('',#13172,#6648);
#5819=LINE('',#13174,#6649);
#5820=LINE('',#13175,#6650);
#5821=LINE('',#13177,#6651);
#5822=LINE('',#13179,#6652);
#5823=LINE('',#13183,#6653);
#5824=LINE('',#13185,#6654);
#5825=LINE('',#13187,#6655);
#5826=LINE('',#13189,#6656);
#5827=LINE('',#13196,#6657);
#5828=LINE('',#13198,#6658);
#5829=LINE('',#13200,#6659);
#5830=LINE('',#13202,#6660);
#5831=LINE('',#13204,#6661);
#5832=LINE('',#13208,#6662);
#5833=LINE('',#13212,#6663);
#5834=LINE('',#13216,#6664);
#5835=LINE('',#13218,#6665);
#5836=LINE('',#13221,#6666);
#5837=LINE('',#13223,#6667);
#5838=LINE('',#13225,#6668);
#5839=LINE('',#13227,#6669);
#5840=LINE('',#13228,#6670);
#5841=LINE('',#13230,#6671);
#5842=LINE('',#13232,#6672);
#5843=LINE('',#13235,#6673);
#5844=LINE('',#13237,#6674);
#5845=LINE('',#13239,#6675);
#5846=LINE('',#13240,#6676);
#5847=LINE('',#13242,#6677);
#5848=LINE('',#13244,#6678);
#5849=LINE('',#13248,#6679);
#5850=LINE('',#13250,#6680);
#5851=LINE('',#13252,#6681);
#5852=LINE('',#13254,#6682);
#5853=LINE('',#13261,#6683);
#5854=LINE('',#13263,#6684);
#5855=LINE('',#13265,#6685);
#5856=LINE('',#13267,#6686);
#5857=LINE('',#13269,#6687);
#5858=LINE('',#13273,#6688);
#5859=LINE('',#13277,#6689);
#5860=LINE('',#13281,#6690);
#5861=LINE('',#13373,#6691);
#5862=LINE('',#13378,#6692);
#5863=LINE('',#13382,#6693);
#5864=LINE('',#13387,#6694);
#5865=LINE('',#13391,#6695);
#5866=LINE('',#13396,#6696);
#5867=LINE('',#13400,#6697);
#5868=LINE('',#13405,#6698);
#5869=LINE('',#13409,#6699);
#5870=LINE('',#13414,#6700);
#5871=LINE('',#13499,#6701);
#5872=LINE('',#13501,#6702);
#5873=LINE('',#13523,#6703);
#5874=LINE('',#13525,#6704);
#5875=LINE('',#13571,#6705);
#5876=LINE('',#13573,#6706);
#5877=LINE('',#13619,#6707);
#5878=LINE('',#13623,#6708);
#5879=LINE('',#13655,#6709);
#5880=LINE('',#13659,#6710);
#5881=LINE('',#13673,#6711);
#5882=LINE('',#13678,#6712);
#5883=LINE('',#13721,#6713);
#5884=LINE('',#13726,#6714);
#5885=LINE('',#13802,#6715);
#5886=LINE('',#13804,#6716);
#5887=LINE('',#13838,#6717);
#5888=LINE('',#13843,#6718);
#5889=LINE('',#13862,#6719);
#5890=LINE('',#13867,#6720);
#5891=LINE('',#13886,#6721);
#5892=LINE('',#13891,#6722);
#5893=LINE('',#13910,#6723);
#5894=LINE('',#13915,#6724);
#5895=LINE('',#13934,#6725);
#5896=LINE('',#13939,#6726);
#5897=LINE('',#13958,#6727);
#5898=LINE('',#13963,#6728);
#5899=LINE('',#13982,#6729);
#5900=LINE('',#13987,#6730);
#5901=LINE('',#14006,#6731);
#5902=LINE('',#14011,#6732);
#5903=LINE('',#14030,#6733);
#5904=LINE('',#14035,#6734);
#5905=LINE('',#14057,#6735);
#5906=LINE('',#14062,#6736);
#5907=LINE('',#14081,#6737);
#5908=LINE('',#14086,#6738);
#5909=LINE('',#14105,#6739);
#5910=LINE('',#14108,#6740);
#5911=LINE('',#14109,#6741);
#5912=LINE('',#14111,#6742);
#5913=LINE('',#14114,#6743);
#5914=LINE('',#14115,#6744);
#5915=LINE('',#14117,#6745);
#5916=LINE('',#14119,#6746);
#5917=LINE('',#14121,#6747);
#5918=LINE('',#14123,#6748);
#5919=LINE('',#14125,#6749);
#5920=LINE('',#14127,#6750);
#5921=LINE('',#14129,#6751);
#5922=LINE('',#14132,#6752);
#5923=LINE('',#14133,#6753);
#5924=LINE('',#14135,#6754);
#5925=LINE('',#14137,#6755);
#5926=LINE('',#14139,#6756);
#5927=LINE('',#14141,#6757);
#5928=LINE('',#14144,#6758);
#5929=LINE('',#14145,#6759);
#5930=LINE('',#14147,#6760);
#5931=LINE('',#14149,#6761);
#5932=LINE('',#14151,#6762);
#5933=LINE('',#14153,#6763);
#5934=LINE('',#14155,#6764);
#5935=LINE('',#14157,#6765);
#5936=LINE('',#14159,#6766);
#5937=LINE('',#14161,#6767);
#5938=LINE('',#14163,#6768);
#5939=LINE('',#14165,#6769);
#5940=LINE('',#14167,#6770);
#5941=LINE('',#14169,#6771);
#5942=LINE('',#14171,#6772);
#5943=LINE('',#14173,#6773);
#5944=LINE('',#14175,#6774);
#5945=LINE('',#14177,#6775);
#5946=LINE('',#14179,#6776);
#5947=LINE('',#14181,#6777);
#5948=LINE('',#14183,#6778);
#5949=LINE('',#14185,#6779);
#5950=LINE('',#14187,#6780);
#5951=LINE('',#14189,#6781);
#5952=LINE('',#14191,#6782);
#5953=LINE('',#14193,#6783);
#5954=LINE('',#14195,#6784);
#5955=LINE('',#14197,#6785);
#5956=LINE('',#14199,#6786);
#5957=LINE('',#14201,#6787);
#5958=LINE('',#14203,#6788);
#5959=LINE('',#14205,#6789);
#5960=LINE('',#14210,#6790);
#5961=LINE('',#14211,#6791);
#5962=LINE('',#14216,#6792);
#5963=LINE('',#14218,#6793);
#5964=LINE('',#14222,#6794);
#5965=LINE('',#14227,#6795);
#5966=LINE('',#14229,#6796);
#5967=LINE('',#14231,#6797);
#5968=LINE('',#14233,#6798);
#5969=LINE('',#14235,#6799);
#5970=LINE('',#14237,#6800);
#5971=LINE('',#14241,#6801);
#5972=LINE('',#14244,#6802);
#5973=LINE('',#14245,#6803);
#5974=LINE('',#14249,#6804);
#5975=LINE('',#14250,#6805);
#5976=LINE('',#14254,#6806);
#5977=LINE('',#14256,#6807);
#5978=LINE('',#14258,#6808);
#5979=LINE('',#14263,#6809);
#5980=LINE('',#14264,#6810);
#5981=LINE('',#14269,#6811);
#5982=LINE('',#14271,#6812);
#5983=LINE('',#14273,#6813);
#5984=LINE('',#14275,#6814);
#5985=LINE('',#14281,#6815);
#5986=LINE('',#14284,#6816);
#5987=LINE('',#14286,#6817);
#5988=LINE('',#14288,#6818);
#5989=LINE('',#14290,#6819);
#5990=LINE('',#14295,#6820);
#5991=LINE('',#14298,#6821);
#5992=LINE('',#14299,#6822);
#5993=LINE('',#14303,#6823);
#5994=LINE('',#14305,#6824);
#5995=LINE('',#14307,#6825);
#5996=LINE('',#14309,#6826);
#5997=LINE('',#14314,#6827);
#5998=LINE('',#14315,#6828);
#5999=LINE('',#14335,#6829);
#6000=LINE('',#14337,#6830);
#6001=LINE('',#14339,#6831);
#6002=LINE('',#14358,#6832);
#6003=LINE('',#14359,#6833);
#6004=LINE('',#14363,#6834);
#6005=LINE('',#14364,#6835);
#6006=LINE('',#14372,#6836);
#6007=LINE('',#14374,#6837);
#6008=LINE('',#14378,#6838);
#6009=LINE('',#14383,#6839);
#6010=LINE('',#14385,#6840);
#6011=LINE('',#14387,#6841);
#6012=LINE('',#14392,#6842);
#6013=LINE('',#14408,#6843);
#6014=LINE('',#14410,#6844);
#6015=LINE('',#14414,#6845);
#6016=LINE('',#14415,#6846);
#6017=LINE('',#14421,#6847);
#6018=LINE('',#14426,#6848);
#6019=LINE('',#14445,#6849);
#6020=LINE('',#14452,#6850);
#6021=LINE('',#14461,#6851);
#6022=LINE('',#14463,#6852);
#6023=LINE('',#14480,#6853);
#6024=LINE('',#14482,#6854);
#6025=LINE('',#14501,#6855);
#6026=LINE('',#14503,#6856);
#6027=LINE('',#14505,#6857);
#6028=LINE('',#14507,#6858);
#6029=LINE('',#14509,#6859);
#6030=LINE('',#14523,#6860);
#6031=LINE('',#14525,#6861);
#6032=LINE('',#14549,#6862);
#6033=LINE('',#14551,#6863);
#6034=LINE('',#14565,#6864);
#6035=LINE('',#14567,#6865);
#6036=LINE('',#14569,#6866);
#6037=LINE('',#14571,#6867);
#6038=LINE('',#14573,#6868);
#6039=LINE('',#14597,#6869);
#6040=LINE('',#14599,#6870);
#6041=LINE('',#14601,#6871);
#6042=LINE('',#14603,#6872);
#6043=LINE('',#14605,#6873);
#6044=LINE('',#14619,#6874);
#6045=LINE('',#14621,#6875);
#6046=LINE('',#14638,#6876);
#6047=LINE('',#14640,#6877);
#6048=LINE('',#14662,#6878);
#6049=LINE('',#14664,#6879);
#6050=LINE('',#14678,#6880);
#6051=LINE('',#14680,#6881);
#6052=LINE('',#14697,#6882);
#6053=LINE('',#14701,#6883);
#6054=LINE('',#14718,#6884);
#6055=LINE('',#14721,#6885);
#6056=LINE('',#14722,#6886);
#6057=LINE('',#14724,#6887);
#6058=LINE('',#14731,#6888);
#6059=LINE('',#14740,#6889);
#6060=LINE('',#14742,#6890);
#6061=LINE('',#14759,#6891);
#6062=LINE('',#14763,#6892);
#6063=LINE('',#14780,#6893);
#6064=LINE('',#14783,#6894);
#6065=LINE('',#14784,#6895);
#6066=LINE('',#14786,#6896);
#6067=LINE('',#14793,#6897);
#6068=LINE('',#14802,#6898);
#6069=LINE('',#14804,#6899);
#6070=LINE('',#14821,#6900);
#6071=LINE('',#14825,#6901);
#6072=LINE('',#14842,#6902);
#6073=LINE('',#14845,#6903);
#6074=LINE('',#14846,#6904);
#6075=LINE('',#14848,#6905);
#6076=LINE('',#14850,#6906);
#6077=LINE('',#14864,#6907);
#6078=LINE('',#14866,#6908);
#6079=LINE('',#14883,#6909);
#6080=LINE('',#14887,#6910);
#6081=LINE('',#14904,#6911);
#6082=LINE('',#14906,#6912);
#6083=LINE('',#14908,#6913);
#6084=LINE('',#14910,#6914);
#6085=LINE('',#14917,#6915);
#6086=LINE('',#14926,#6916);
#6087=LINE('',#14928,#6917);
#6088=LINE('',#14945,#6918);
#6089=LINE('',#14949,#6919);
#6090=LINE('',#14966,#6920);
#6091=LINE('',#14969,#6921);
#6092=LINE('',#14970,#6922);
#6093=LINE('',#14987,#6923);
#6094=LINE('',#14989,#6924);
#6095=LINE('',#15008,#6925);
#6096=LINE('',#15010,#6926);
#6097=LINE('',#15012,#6927);
#6098=LINE('',#15014,#6928);
#6099=LINE('',#15016,#6929);
#6100=LINE('',#15030,#6930);
#6101=LINE('',#15032,#6931);
#6102=LINE('',#15049,#6932);
#6103=LINE('',#15051,#6933);
#6104=LINE('',#15070,#6934);
#6105=LINE('',#15072,#6935);
#6106=LINE('',#15074,#6936);
#6107=LINE('',#15076,#6937);
#6108=LINE('',#15078,#6938);
#6109=LINE('',#15092,#6939);
#6110=LINE('',#15094,#6940);
#6111=LINE('',#15111,#6941);
#6112=LINE('',#15113,#6942);
#6113=LINE('',#15132,#6943);
#6114=LINE('',#15134,#6944);
#6115=LINE('',#15136,#6945);
#6116=LINE('',#15138,#6946);
#6117=LINE('',#15140,#6947);
#6118=LINE('',#15142,#6948);
#6119=LINE('',#15156,#6949);
#6120=LINE('',#15159,#6950);
#6121=LINE('',#15161,#6951);
#6122=LINE('',#15163,#6952);
#6123=LINE('',#15167,#6953);
#6124=LINE('',#15170,#6954);
#6125=LINE('',#15172,#6955);
#6126=LINE('',#15174,#6956);
#6127=LINE('',#15178,#6957);
#6128=LINE('',#15181,#6958);
#6129=LINE('',#15183,#6959);
#6130=LINE('',#15185,#6960);
#6131=LINE('',#15190,#6961);
#6132=LINE('',#15193,#6962);
#6133=LINE('',#15195,#6963);
#6134=LINE('',#15197,#6964);
#6135=LINE('',#15202,#6965);
#6136=LINE('',#15205,#6966);
#6137=LINE('',#15207,#6967);
#6138=LINE('',#15209,#6968);
#6139=LINE('',#15211,#6969);
#6140=LINE('',#15214,#6970);
#6141=LINE('',#15216,#6971);
#6142=LINE('',#15218,#6972);
#6143=LINE('',#15220,#6973);
#6144=LINE('',#15223,#6974);
#6145=LINE('',#15225,#6975);
#6146=LINE('',#15227,#6976);
#6147=LINE('',#15231,#6977);
#6148=LINE('',#15234,#6978);
#6149=LINE('',#15236,#6979);
#6150=LINE('',#15238,#6980);
#6151=LINE('',#15242,#6981);
#6152=LINE('',#15245,#6982);
#6153=LINE('',#15247,#6983);
#6154=LINE('',#15249,#6984);
#6155=LINE('',#15253,#6985);
#6156=LINE('',#15256,#6986);
#6157=LINE('',#15258,#6987);
#6158=LINE('',#15260,#6988);
#6159=LINE('',#15264,#6989);
#6160=LINE('',#15267,#6990);
#6161=LINE('',#15269,#6991);
#6162=LINE('',#15271,#6992);
#6163=LINE('',#15275,#6993);
#6164=LINE('',#15278,#6994);
#6165=LINE('',#15280,#6995);
#6166=LINE('',#15282,#6996);
#6167=LINE('',#15284,#6997);
#6168=LINE('',#15287,#6998);
#6169=LINE('',#15289,#6999);
#6170=LINE('',#15291,#7000);
#6171=LINE('',#15295,#7001);
#6172=LINE('',#15298,#7002);
#6173=LINE('',#15300,#7003);
#6174=LINE('',#15302,#7004);
#6175=LINE('',#15304,#7005);
#6176=LINE('',#15307,#7006);
#6177=LINE('',#15308,#7007);
#6178=LINE('',#15310,#7008);
#6179=LINE('',#15312,#7009);
#6180=LINE('',#15314,#7010);
#6181=LINE('',#15316,#7011);
#6182=LINE('',#15318,#7012);
#6183=LINE('',#15319,#7013);
#6184=LINE('',#15321,#7014);
#6185=LINE('',#15323,#7015);
#6186=LINE('',#15325,#7016);
#6187=LINE('',#15326,#7017);
#6188=LINE('',#15328,#7018);
#6189=LINE('',#15330,#7019);
#6190=LINE('',#15333,#7020);
#6191=LINE('',#15336,#7021);
#6192=LINE('',#15339,#7022);
#6193=LINE('',#15341,#7023);
#6194=LINE('',#15343,#7024);
#6195=LINE('',#15345,#7025);
#6196=LINE('',#15347,#7026);
#6197=LINE('',#15348,#7027);
#6198=LINE('',#15350,#7028);
#6199=LINE('',#15352,#7029);
#6200=LINE('',#15369,#7030);
#6201=LINE('',#15371,#7031);
#6202=LINE('',#15373,#7032);
#6203=LINE('',#15378,#7033);
#6204=LINE('',#15379,#7034);
#6205=LINE('',#15382,#7035);
#6206=LINE('',#15384,#7036);
#6207=LINE('',#15386,#7037);
#6208=LINE('',#15388,#7038);
#6209=LINE('',#15402,#7039);
#6210=LINE('',#15404,#7040);
#6211=LINE('',#15421,#7041);
#6212=LINE('',#15423,#7042);
#6213=LINE('',#15425,#7043);
#6214=LINE('',#15427,#7044);
#6215=LINE('',#15429,#7045);
#6216=LINE('',#15432,#7046);
#6217=LINE('',#15434,#7047);
#6218=LINE('',#15436,#7048);
#6219=LINE('',#15438,#7049);
#6220=LINE('',#15440,#7050);
#6221=LINE('',#15442,#7051);
#6222=LINE('',#15504,#7052);
#6223=LINE('',#15507,#7053);
#6224=LINE('',#15508,#7054);
#6225=LINE('',#15510,#7055);
#6226=LINE('',#15512,#7056);
#6227=LINE('',#15516,#7057);
#6228=LINE('',#15519,#7058);
#6229=LINE('',#15521,#7059);
#6230=LINE('',#15523,#7060);
#6231=LINE('',#15525,#7061);
#6232=LINE('',#15529,#7062);
#6233=LINE('',#15532,#7063);
#6234=LINE('',#15534,#7064);
#6235=LINE('',#15536,#7065);
#6236=LINE('',#15538,#7066);
#6237=LINE('',#15539,#7067);
#6238=LINE('',#15543,#7068);
#6239=LINE('',#15544,#7069);
#6240=LINE('',#15548,#7070);
#6241=LINE('',#15550,#7071);
#6242=LINE('',#15552,#7072);
#6243=LINE('',#15584,#7073);
#6244=LINE('',#15585,#7074);
#6245=LINE('',#15587,#7075);
#6246=LINE('',#15589,#7076);
#6247=LINE('',#15591,#7077);
#6248=LINE('',#15593,#7078);
#6249=LINE('',#15595,#7079);
#6250=LINE('',#15597,#7080);
#6251=LINE('',#15599,#7081);
#6252=LINE('',#15601,#7082);
#6253=LINE('',#15603,#7083);
#6254=LINE('',#15605,#7084);
#6255=LINE('',#15607,#7085);
#6256=LINE('',#15609,#7086);
#6257=LINE('',#15611,#7087);
#6258=LINE('',#15614,#7088);
#6259=LINE('',#15616,#7089);
#6260=LINE('',#15619,#7090);
#6261=LINE('',#15621,#7091);
#6262=LINE('',#15622,#7092);
#6263=LINE('',#15626,#7093);
#6264=LINE('',#15627,#7094);
#6265=LINE('',#15629,#7095);
#6266=LINE('',#15631,#7096);
#6267=LINE('',#15634,#7097);
#6268=LINE('',#15635,#7098);
#6269=LINE('',#15637,#7099);
#6270=LINE('',#15639,#7100);
#6271=LINE('',#15642,#7101);
#6272=LINE('',#15643,#7102);
#6273=LINE('',#15645,#7103);
#6274=LINE('',#15647,#7104);
#6275=LINE('',#15650,#7105);
#6276=LINE('',#15651,#7106);
#6277=LINE('',#15653,#7107);
#6278=LINE('',#15655,#7108);
#6279=LINE('',#15658,#7109);
#6280=LINE('',#15659,#7110);
#6281=LINE('',#15661,#7111);
#6282=LINE('',#15663,#7112);
#6283=LINE('',#15666,#7113);
#6284=LINE('',#15667,#7114);
#6285=LINE('',#15669,#7115);
#6286=LINE('',#15671,#7116);
#6287=LINE('',#15674,#7117);
#6288=LINE('',#15675,#7118);
#6289=LINE('',#15677,#7119);
#6290=LINE('',#15679,#7120);
#6291=LINE('',#15682,#7121);
#6292=LINE('',#15683,#7122);
#6293=LINE('',#15685,#7123);
#6294=LINE('',#15687,#7124);
#6295=LINE('',#15690,#7125);
#6296=LINE('',#15691,#7126);
#6297=LINE('',#15693,#7127);
#6298=LINE('',#15695,#7128);
#6299=LINE('',#15698,#7129);
#6300=LINE('',#15699,#7130);
#6301=LINE('',#15701,#7131);
#6302=LINE('',#15703,#7132);
#6303=LINE('',#15706,#7133);
#6304=LINE('',#15707,#7134);
#6305=LINE('',#15709,#7135);
#6306=LINE('',#15711,#7136);
#6307=LINE('',#15714,#7137);
#6308=LINE('',#15715,#7138);
#6309=LINE('',#15717,#7139);
#6310=LINE('',#15719,#7140);
#6311=LINE('',#15722,#7141);
#6312=LINE('',#15723,#7142);
#6313=LINE('',#15725,#7143);
#6314=LINE('',#15727,#7144);
#6315=LINE('',#15730,#7145);
#6316=LINE('',#15731,#7146);
#6317=LINE('',#15733,#7147);
#6318=LINE('',#15735,#7148);
#6319=LINE('',#15738,#7149);
#6320=LINE('',#15739,#7150);
#6321=LINE('',#15741,#7151);
#6322=LINE('',#15743,#7152);
#6323=LINE('',#15746,#7153);
#6324=LINE('',#15747,#7154);
#6325=LINE('',#15749,#7155);
#6326=LINE('',#15751,#7156);
#6327=LINE('',#15753,#7157);
#6328=LINE('',#15755,#7158);
#6329=LINE('',#15757,#7159);
#6330=LINE('',#15759,#7160);
#6331=LINE('',#15762,#7161);
#6332=LINE('',#15764,#7162);
#6333=LINE('',#15766,#7163);
#6334=LINE('',#15768,#7164);
#6335=LINE('',#15770,#7165);
#6336=LINE('',#15772,#7166);
#6337=LINE('',#15774,#7167);
#6338=LINE('',#15776,#7168);
#6339=LINE('',#15778,#7169);
#6340=LINE('',#15780,#7170);
#6341=LINE('',#15782,#7171);
#6342=LINE('',#15784,#7172);
#6343=LINE('',#15786,#7173);
#6344=LINE('',#15788,#7174);
#6345=LINE('',#15790,#7175);
#6346=LINE('',#15794,#7176);
#6347=LINE('',#15797,#7177);
#6348=LINE('',#15799,#7178);
#6349=LINE('',#15801,#7179);
#6350=LINE('',#15803,#7180);
#6351=LINE('',#15805,#7181);
#6352=LINE('',#15807,#7182);
#6353=LINE('',#15809,#7183);
#6354=LINE('',#15812,#7184);
#6355=LINE('',#15813,#7185);
#6356=LINE('',#15815,#7186);
#6357=LINE('',#15817,#7187);
#6358=LINE('',#15819,#7188);
#6359=LINE('',#15821,#7189);
#6360=LINE('',#15823,#7190);
#6361=LINE('',#15825,#7191);
#6362=LINE('',#15827,#7192);
#6363=LINE('',#15829,#7193);
#6364=LINE('',#15831,#7194);
#6365=LINE('',#15833,#7195);
#6366=LINE('',#15835,#7196);
#6367=LINE('',#15837,#7197);
#6368=LINE('',#15839,#7198);
#6369=LINE('',#15841,#7199);
#6370=LINE('',#15843,#7200);
#6371=LINE('',#15845,#7201);
#6372=LINE('',#15847,#7202);
#6373=LINE('',#15849,#7203);
#6374=LINE('',#15851,#7204);
#6375=LINE('',#15853,#7205);
#6376=LINE('',#15855,#7206);
#6377=LINE('',#15857,#7207);
#6378=LINE('',#15859,#7208);
#6379=LINE('',#15861,#7209);
#6380=LINE('',#15863,#7210);
#6381=LINE('',#15866,#7211);
#6382=LINE('',#15867,#7212);
#6383=LINE('',#15869,#7213);
#6384=LINE('',#15870,#7214);
#6385=LINE('',#15872,#7215);
#6386=LINE('',#15874,#7216);
#6387=LINE('',#15876,#7217);
#6388=LINE('',#15878,#7218);
#6389=LINE('',#15880,#7219);
#6390=LINE('',#15882,#7220);
#6391=LINE('',#15884,#7221);
#6392=LINE('',#15886,#7222);
#6393=LINE('',#15888,#7223);
#6394=LINE('',#15890,#7224);
#6395=LINE('',#15891,#7225);
#6396=LINE('',#15893,#7226);
#6397=LINE('',#15895,#7227);
#6398=LINE('',#15897,#7228);
#6399=LINE('',#15898,#7229);
#6400=LINE('',#15900,#7230);
#6401=LINE('',#15902,#7231);
#6402=LINE('',#15904,#7232);
#6403=LINE('',#15906,#7233);
#6404=LINE('',#15908,#7234);
#6405=LINE('',#15910,#7235);
#6406=LINE('',#15912,#7236);
#6407=LINE('',#15914,#7237);
#6408=LINE('',#15916,#7238);
#6409=LINE('',#15918,#7239);
#6410=LINE('',#15920,#7240);
#6411=LINE('',#15922,#7241);
#6412=LINE('',#15924,#7242);
#6413=LINE('',#15926,#7243);
#6414=LINE('',#15928,#7244);
#6415=LINE('',#15930,#7245);
#6416=LINE('',#15932,#7246);
#6417=LINE('',#15934,#7247);
#6418=LINE('',#15936,#7248);
#6419=LINE('',#15938,#7249);
#6420=LINE('',#15940,#7250);
#6421=LINE('',#15942,#7251);
#6422=LINE('',#15950,#7252);
#6423=LINE('',#15952,#7253);
#6424=LINE('',#15954,#7254);
#6425=LINE('',#15956,#7255);
#6426=LINE('',#15958,#7256);
#6427=LINE('',#15961,#7257);
#6428=LINE('',#15962,#7258);
#6429=LINE('',#15964,#7259);
#6430=LINE('',#15966,#7260);
#6431=LINE('',#15970,#7261);
#6432=LINE('',#15972,#7262);
#6433=LINE('',#15974,#7263);
#6434=LINE('',#15976,#7264);
#6435=LINE('',#15978,#7265);
#6436=LINE('',#15980,#7266);
#6437=LINE('',#15983,#7267);
#6438=LINE('',#15984,#7268);
#6439=LINE('',#15986,#7269);
#6440=LINE('',#15988,#7270);
#6441=LINE('',#15991,#7271);
#6442=LINE('',#15993,#7272);
#6443=LINE('',#15996,#7273);
#6444=LINE('',#15998,#7274);
#6445=LINE('',#16000,#7275);
#6446=LINE('',#16002,#7276);
#6447=LINE('',#16007,#7277);
#6448=LINE('',#16008,#7278);
#6449=LINE('',#16010,#7279);
#6450=LINE('',#16012,#7280);
#6451=LINE('',#16015,#7281);
#6452=LINE('',#16016,#7282);
#6453=LINE('',#16018,#7283);
#6454=LINE('',#16020,#7284);
#6455=LINE('',#16022,#7285);
#6456=LINE('',#16025,#7286);
#6457=LINE('',#16026,#7287);
#6458=LINE('',#16028,#7288);
#6459=LINE('',#16030,#7289);
#6460=VECTOR('',#10235,1.);
#6461=VECTOR('',#10236,1.);
#6462=VECTOR('',#10237,1.);
#6463=VECTOR('',#10238,1.);
#6464=VECTOR('',#10239,1.);
#6465=VECTOR('',#10240,1.);
#6466=VECTOR('',#10241,1.);
#6467=VECTOR('',#10242,1.);
#6468=VECTOR('',#10243,1.);
#6469=VECTOR('',#10244,1.);
#6470=VECTOR('',#10245,1.);
#6471=VECTOR('',#10246,1.);
#6472=VECTOR('',#10247,1.);
#6473=VECTOR('',#10248,1.);
#6474=VECTOR('',#10249,1.);
#6475=VECTOR('',#10250,1.);
#6476=VECTOR('',#10251,1.);
#6477=VECTOR('',#10252,1.);
#6478=VECTOR('',#10253,1.);
#6479=VECTOR('',#10254,1.);
#6480=VECTOR('',#10255,1.);
#6481=VECTOR('',#10258,1.);
#6482=VECTOR('',#10259,1.);
#6483=VECTOR('',#10260,1.);
#6484=VECTOR('',#10261,1.);
#6485=VECTOR('',#10262,1.);
#6486=VECTOR('',#10263,1.);
#6487=VECTOR('',#10264,1.);
#6488=VECTOR('',#10265,1.);
#6489=VECTOR('',#10266,1.);
#6490=VECTOR('',#10267,1.);
#6491=VECTOR('',#10268,1.);
#6492=VECTOR('',#10269,1.);
#6493=VECTOR('',#10270,1.);
#6494=VECTOR('',#10271,1.);
#6495=VECTOR('',#10272,1.);
#6496=VECTOR('',#10273,1.);
#6497=VECTOR('',#10274,1.);
#6498=VECTOR('',#10275,1.);
#6499=VECTOR('',#10278,1.);
#6500=VECTOR('',#10279,1.);
#6501=VECTOR('',#10280,1.);
#6502=VECTOR('',#10281,1.);
#6503=VECTOR('',#10282,1.);
#6504=VECTOR('',#10283,1.);
#6505=VECTOR('',#10284,1.);
#6506=VECTOR('',#10285,1.);
#6507=VECTOR('',#10286,1.);
#6508=VECTOR('',#10287,1.);
#6509=VECTOR('',#10288,1.);
#6510=VECTOR('',#10289,1.);
#6511=VECTOR('',#10290,1.);
#6512=VECTOR('',#10291,1.);
#6513=VECTOR('',#10292,1.);
#6514=VECTOR('',#10295,1.);
#6515=VECTOR('',#10296,1.);
#6516=VECTOR('',#10297,1.);
#6517=VECTOR('',#10298,1.);
#6518=VECTOR('',#10299,1.);
#6519=VECTOR('',#10300,1.);
#6520=VECTOR('',#10301,1.);
#6521=VECTOR('',#10302,1.);
#6522=VECTOR('',#10303,1.);
#6523=VECTOR('',#10304,1.);
#6524=VECTOR('',#10305,1.);
#6525=VECTOR('',#10306,1.);
#6526=VECTOR('',#10307,1.);
#6527=VECTOR('',#10308,1.);
#6528=VECTOR('',#10309,1.);
#6529=VECTOR('',#10310,1.);
#6530=VECTOR('',#10311,1.);
#6531=VECTOR('',#10312,1.);
#6532=VECTOR('',#10313,1.);
#6533=VECTOR('',#10314,1.);
#6534=VECTOR('',#10315,1.);
#6535=VECTOR('',#10316,1.);
#6536=VECTOR('',#10317,1.);
#6537=VECTOR('',#10318,1.);
#6538=VECTOR('',#10319,1.);
#6539=VECTOR('',#10320,1.);
#6540=VECTOR('',#10321,1.);
#6541=VECTOR('',#10322,1.);
#6542=VECTOR('',#10323,1.);
#6543=VECTOR('',#10324,1.);
#6544=VECTOR('',#10325,1.);
#6545=VECTOR('',#10326,1.);
#6546=VECTOR('',#10327,1.);
#6547=VECTOR('',#10328,1.);
#6548=VECTOR('',#10329,1.);
#6549=VECTOR('',#10330,1.);
#6550=VECTOR('',#10331,1.);
#6551=VECTOR('',#10332,1.);
#6552=VECTOR('',#10333,1.);
#6553=VECTOR('',#10334,1.);
#6554=VECTOR('',#10335,1.);
#6555=VECTOR('',#10336,1.);
#6556=VECTOR('',#10337,1.);
#6557=VECTOR('',#10338,1.);
#6558=VECTOR('',#10339,1.);
#6559=VECTOR('',#10340,1.);
#6560=VECTOR('',#10341,1.);
#6561=VECTOR('',#10342,1.);
#6562=VECTOR('',#10343,1.);
#6563=VECTOR('',#10344,1.);
#6564=VECTOR('',#10345,1.);
#6565=VECTOR('',#10346,1.);
#6566=VECTOR('',#10347,1.);
#6567=VECTOR('',#10348,1.);
#6568=VECTOR('',#10349,1.);
#6569=VECTOR('',#10350,1.);
#6570=VECTOR('',#10351,1.);
#6571=VECTOR('',#10352,1.);
#6572=VECTOR('',#10353,1.);
#6573=VECTOR('',#10354,1.);
#6574=VECTOR('',#10355,1.);
#6575=VECTOR('',#10356,1.);
#6576=VECTOR('',#10357,1.);
#6577=VECTOR('',#10358,1.);
#6578=VECTOR('',#10359,1.);
#6579=VECTOR('',#10360,1.);
#6580=VECTOR('',#10371,1.);
#6581=VECTOR('',#10372,1.);
#6582=VECTOR('',#10373,1.);
#6583=VECTOR('',#10374,1.);
#6584=VECTOR('',#10375,1.);
#6585=VECTOR('',#10376,1.);
#6586=VECTOR('',#10377,1.);
#6587=VECTOR('',#10378,1.);
#6588=VECTOR('',#10383,1.);
#6589=VECTOR('',#10384,1.);
#6590=VECTOR('',#10385,1.);
#6591=VECTOR('',#10386,1.);
#6592=VECTOR('',#10389,1.);
#6593=VECTOR('',#10392,1.);
#6594=VECTOR('',#10393,1.);
#6595=VECTOR('',#10394,1.);
#6596=VECTOR('',#10395,1.);
#6597=VECTOR('',#10396,1.);
#6598=VECTOR('',#10399,1.);
#6599=VECTOR('',#10402,1.);
#6600=VECTOR('',#10405,1.);
#6601=VECTOR('',#10408,1.);
#6602=VECTOR('',#10411,1.);
#6603=VECTOR('',#10414,1.);
#6604=VECTOR('',#10417,1.);
#6605=VECTOR('',#10418,1.);
#6606=VECTOR('',#10419,1.);
#6607=VECTOR('',#10420,1.);
#6608=VECTOR('',#10421,1.);
#6609=VECTOR('',#10422,1.);
#6610=VECTOR('',#10423,1.);
#6611=VECTOR('',#10424,1.);
#6612=VECTOR('',#10425,1.);
#6613=VECTOR('',#10426,1.);
#6614=VECTOR('',#10429,1.);
#6615=VECTOR('',#10432,1.);
#6616=VECTOR('',#10433,1.);
#6617=VECTOR('',#10434,1.);
#6618=VECTOR('',#10435,1.);
#6619=VECTOR('',#10436,1.);
#6620=VECTOR('',#10439,1.);
#6621=VECTOR('',#10440,1.);
#6622=VECTOR('',#10441,1.);
#6623=VECTOR('',#10442,1.);
#6624=VECTOR('',#10445,1.);
#6625=VECTOR('',#10446,1.);
#6626=VECTOR('',#10449,1.);
#6627=VECTOR('',#10450,1.);
#6628=VECTOR('',#10453,1.);
#6629=VECTOR('',#10454,1.);
#6630=VECTOR('',#10457,1.);
#6631=VECTOR('',#10460,1.);
#6632=VECTOR('',#10465,1.);
#6633=VECTOR('',#10466,1.);
#6634=VECTOR('',#10467,1.);
#6635=VECTOR('',#10468,1.);
#6636=VECTOR('',#10469,1.);
#6637=VECTOR('',#10470,1.);
#6638=VECTOR('',#10471,1.);
#6639=VECTOR('',#10474,1.);
#6640=VECTOR('',#10475,1.);
#6641=VECTOR('',#10476,1.);
#6642=VECTOR('',#10477,1.);
#6643=VECTOR('',#10478,1.);
#6644=VECTOR('',#10479,1.);
#6645=VECTOR('',#10480,1.);
#6646=VECTOR('',#10483,1.);
#6647=VECTOR('',#10484,1.);
#6648=VECTOR('',#10485,1.);
#6649=VECTOR('',#10486,1.);
#6650=VECTOR('',#10487,1.);
#6651=VECTOR('',#10488,1.);
#6652=VECTOR('',#10489,1.);
#6653=VECTOR('',#10496,1.);
#6654=VECTOR('',#10499,1.);
#6655=VECTOR('',#10502,1.);
#6656=VECTOR('',#10503,1.);
#6657=VECTOR('',#10504,1.);
#6658=VECTOR('',#10507,1.);
#6659=VECTOR('',#10508,1.);
#6660=VECTOR('',#10509,1.);
#6661=VECTOR('',#10510,1.);
#6662=VECTOR('',#10515,1.);
#6663=VECTOR('',#10520,1.);
#6664=VECTOR('',#10523,1.);
#6665=VECTOR('',#10526,1.);
#6666=VECTOR('',#10527,1.);
#6667=VECTOR('',#10528,1.);
#6668=VECTOR('',#10529,1.);
#6669=VECTOR('',#10530,1.);
#6670=VECTOR('',#10531,1.);
#6671=VECTOR('',#10532,1.);
#6672=VECTOR('',#10535,1.);
#6673=VECTOR('',#10536,1.);
#6674=VECTOR('',#10537,1.);
#6675=VECTOR('',#10538,1.);
#6676=VECTOR('',#10539,1.);
#6677=VECTOR('',#10540,1.);
#6678=VECTOR('',#10541,1.);
#6679=VECTOR('',#10548,1.);
#6680=VECTOR('',#10551,1.);
#6681=VECTOR('',#10554,1.);
#6682=VECTOR('',#10555,1.);
#6683=VECTOR('',#10556,1.);
#6684=VECTOR('',#10559,1.);
#6685=VECTOR('',#10560,1.);
#6686=VECTOR('',#10561,1.);
#6687=VECTOR('',#10562,1.);
#6688=VECTOR('',#10567,1.);
#6689=VECTOR('',#10572,1.);
#6690=VECTOR('',#10575,1.);
#6691=VECTOR('',#10698,1.);
#6692=VECTOR('',#10701,1.);
#6693=VECTOR('',#10706,1.);
#6694=VECTOR('',#10709,1.);
#6695=VECTOR('',#10714,1.);
#6696=VECTOR('',#10717,1.);
#6697=VECTOR('',#10722,1.);
#6698=VECTOR('',#10725,1.);
#6699=VECTOR('',#10730,1.);
#6700=VECTOR('',#10733,1.);
#6701=VECTOR('',#10772,1.);
#6702=VECTOR('',#10773,1.);
#6703=VECTOR('',#10788,1.);
#6704=VECTOR('',#10789,1.);
#6705=VECTOR('',#10812,1.);
#6706=VECTOR('',#10813,1.);
#6707=VECTOR('',#10836,1.);
#6708=VECTOR('',#10839,1.);
#6709=VECTOR('',#10856,1.);
#6710=VECTOR('',#10859,1.);
#6711=VECTOR('',#10866,1.);
#6712=VECTOR('',#10869,1.);
#6713=VECTOR('',#10890,1.);
#6714=VECTOR('',#10893,1.);
#6715=VECTOR('',#10932,1.);
#6716=VECTOR('',#10933,1.);
#6717=VECTOR('',#10954,1.);
#6718=VECTOR('',#10957,1.);
#6719=VECTOR('',#10970,1.);
#6720=VECTOR('',#10973,1.);
#6721=VECTOR('',#10986,1.);
#6722=VECTOR('',#10989,1.);
#6723=VECTOR('',#11002,1.);
#6724=VECTOR('',#11005,1.);
#6725=VECTOR('',#11018,1.);
#6726=VECTOR('',#11021,1.);
#6727=VECTOR('',#11034,1.);
#6728=VECTOR('',#11037,1.);
#6729=VECTOR('',#11050,1.);
#6730=VECTOR('',#11053,1.);
#6731=VECTOR('',#11066,1.);
#6732=VECTOR('',#11069,1.);
#6733=VECTOR('',#11082,1.);
#6734=VECTOR('',#11085,1.);
#6735=VECTOR('',#11102,1.);
#6736=VECTOR('',#11105,1.);
#6737=VECTOR('',#11118,1.);
#6738=VECTOR('',#11121,1.);
#6739=VECTOR('',#11134,1.);
#6740=VECTOR('',#11135,1.);
#6741=VECTOR('',#11136,1.);
#6742=VECTOR('',#11139,1.);
#6743=VECTOR('',#11140,1.);
#6744=VECTOR('',#11141,1.);
#6745=VECTOR('',#11144,1.);
#6746=VECTOR('',#11145,1.);
#6747=VECTOR('',#11146,1.);
#6748=VECTOR('',#11149,1.);
#6749=VECTOR('',#11150,1.);
#6750=VECTOR('',#11151,1.);
#6751=VECTOR('',#11154,1.);
#6752=VECTOR('',#11155,1.);
#6753=VECTOR('',#11156,1.);
#6754=VECTOR('',#11159,1.);
#6755=VECTOR('',#11160,1.);
#6756=VECTOR('',#11161,1.);
#6757=VECTOR('',#11164,1.);
#6758=VECTOR('',#11165,1.);
#6759=VECTOR('',#11166,1.);
#6760=VECTOR('',#11169,1.);
#6761=VECTOR('',#11170,1.);
#6762=VECTOR('',#11171,1.);
#6763=VECTOR('',#11174,1.);
#6764=VECTOR('',#11175,1.);
#6765=VECTOR('',#11176,1.);
#6766=VECTOR('',#11179,1.);
#6767=VECTOR('',#11180,1.);
#6768=VECTOR('',#11181,1.);
#6769=VECTOR('',#11184,1.);
#6770=VECTOR('',#11185,1.);
#6771=VECTOR('',#11186,1.);
#6772=VECTOR('',#11189,1.);
#6773=VECTOR('',#11190,1.);
#6774=VECTOR('',#11191,1.);
#6775=VECTOR('',#11194,1.);
#6776=VECTOR('',#11195,1.);
#6777=VECTOR('',#11196,1.);
#6778=VECTOR('',#11199,1.);
#6779=VECTOR('',#11200,1.);
#6780=VECTOR('',#11201,1.);
#6781=VECTOR('',#11204,1.);
#6782=VECTOR('',#11205,1.);
#6783=VECTOR('',#11206,1.);
#6784=VECTOR('',#11209,1.);
#6785=VECTOR('',#11210,1.);
#6786=VECTOR('',#11211,1.);
#6787=VECTOR('',#11214,1.);
#6788=VECTOR('',#11215,1.);
#6789=VECTOR('',#11216,1.);
#6790=VECTOR('',#11223,1.);
#6791=VECTOR('',#11224,1.);
#6792=VECTOR('',#11231,1.);
#6793=VECTOR('',#11232,1.);
#6794=VECTOR('',#11235,1.);
#6795=VECTOR('',#11244,1.);
#6796=VECTOR('',#11245,1.);
#6797=VECTOR('',#11248,1.);
#6798=VECTOR('',#11249,1.);
#6799=VECTOR('',#11250,1.);
#6800=VECTOR('',#11253,1.);
#6801=VECTOR('',#11256,1.);
#6802=VECTOR('',#11259,1.);
#6803=VECTOR('',#11260,1.);
#6804=VECTOR('',#11263,1.);
#6805=VECTOR('',#11264,1.);
#6806=VECTOR('',#11269,1.);
#6807=VECTOR('',#11270,1.);
#6808=VECTOR('',#11273,1.);
#6809=VECTOR('',#11278,1.);
#6810=VECTOR('',#11279,1.);
#6811=VECTOR('',#11286,1.);
#6812=VECTOR('',#11287,1.);
#6813=VECTOR('',#11290,1.);
#6814=VECTOR('',#11291,1.);
#6815=VECTOR('',#11298,1.);
#6816=VECTOR('',#11303,1.);
#6817=VECTOR('',#11304,1.);
#6818=VECTOR('',#11307,1.);
#6819=VECTOR('',#11308,1.);
#6820=VECTOR('',#11313,1.);
#6821=VECTOR('',#11316,1.);
#6822=VECTOR('',#11317,1.);
#6823=VECTOR('',#11322,1.);
#6824=VECTOR('',#11325,1.);
#6825=VECTOR('',#11326,1.);
#6826=VECTOR('',#11327,1.);
#6827=VECTOR('',#11334,1.);
#6828=VECTOR('',#11335,1.);
#6829=VECTOR('',#11348,1.);
#6830=VECTOR('',#11349,1.);
#6831=VECTOR('',#11350,1.);
#6832=VECTOR('',#11361,1.);
#6833=VECTOR('',#11362,1.);
#6834=VECTOR('',#11365,1.);
#6835=VECTOR('',#11366,1.);
#6836=VECTOR('',#11377,1.);
#6837=VECTOR('',#11378,1.);
#6838=VECTOR('',#11381,1.);
#6839=VECTOR('',#11390,1.);
#6840=VECTOR('',#11391,1.);
#6841=VECTOR('',#11394,1.);
#6842=VECTOR('',#11397,1.);
#6843=VECTOR('',#11406,1.);
#6844=VECTOR('',#11407,1.);
#6845=VECTOR('',#11410,1.);
#6846=VECTOR('',#11411,1.);
#6847=VECTOR('',#11420,1.);
#6848=VECTOR('',#11423,1.);
#6849=VECTOR('',#11436,1.);
#6850=VECTOR('',#11437,1.);
#6851=VECTOR('',#11444,1.);
#6852=VECTOR('',#11445,1.);
#6853=VECTOR('',#11454,1.);
#6854=VECTOR('',#11455,1.);
#6855=VECTOR('',#11468,1.);
#6856=VECTOR('',#11469,1.);
#6857=VECTOR('',#11470,1.);
#6858=VECTOR('',#11473,1.);
#6859=VECTOR('',#11474,1.);
#6860=VECTOR('',#11481,1.);
#6861=VECTOR('',#11482,1.);
#6862=VECTOR('',#11497,1.);
#6863=VECTOR('',#11498,1.);
#6864=VECTOR('',#11505,1.);
#6865=VECTOR('',#11506,1.);
#6866=VECTOR('',#11509,1.);
#6867=VECTOR('',#11510,1.);
#6868=VECTOR('',#11511,1.);
#6869=VECTOR('',#11526,1.);
#6870=VECTOR('',#11527,1.);
#6871=VECTOR('',#11528,1.);
#6872=VECTOR('',#11531,1.);
#6873=VECTOR('',#11532,1.);
#6874=VECTOR('',#11539,1.);
#6875=VECTOR('',#11540,1.);
#6876=VECTOR('',#11549,1.);
#6877=VECTOR('',#11550,1.);
#6878=VECTOR('',#11565,1.);
#6879=VECTOR('',#11566,1.);
#6880=VECTOR('',#11573,1.);
#6881=VECTOR('',#11574,1.);
#6882=VECTOR('',#11583,1.);
#6883=VECTOR('',#11586,1.);
#6884=VECTOR('',#11597,1.);
#6885=VECTOR('',#11598,1.);
#6886=VECTOR('',#11599,1.);
#6887=VECTOR('',#11602,1.);
#6888=VECTOR('',#11603,1.);
#6889=VECTOR('',#11610,1.);
#6890=VECTOR('',#11611,1.);
#6891=VECTOR('',#11620,1.);
#6892=VECTOR('',#11623,1.);
#6893=VECTOR('',#11634,1.);
#6894=VECTOR('',#11635,1.);
#6895=VECTOR('',#11636,1.);
#6896=VECTOR('',#11639,1.);
#6897=VECTOR('',#11640,1.);
#6898=VECTOR('',#11647,1.);
#6899=VECTOR('',#11648,1.);
#6900=VECTOR('',#11657,1.);
#6901=VECTOR('',#11660,1.);
#6902=VECTOR('',#11671,1.);
#6903=VECTOR('',#11672,1.);
#6904=VECTOR('',#11673,1.);
#6905=VECTOR('',#11676,1.);
#6906=VECTOR('',#11677,1.);
#6907=VECTOR('',#11684,1.);
#6908=VECTOR('',#11685,1.);
#6909=VECTOR('',#11694,1.);
#6910=VECTOR('',#11697,1.);
#6911=VECTOR('',#11708,1.);
#6912=VECTOR('',#11709,1.);
#6913=VECTOR('',#11710,1.);
#6914=VECTOR('',#11713,1.);
#6915=VECTOR('',#11714,1.);
#6916=VECTOR('',#11721,1.);
#6917=VECTOR('',#11722,1.);
#6918=VECTOR('',#11731,1.);
#6919=VECTOR('',#11734,1.);
#6920=VECTOR('',#11745,1.);
#6921=VECTOR('',#11746,1.);
#6922=VECTOR('',#11747,1.);
#6923=VECTOR('',#11756,1.);
#6924=VECTOR('',#11757,1.);
#6925=VECTOR('',#11770,1.);
#6926=VECTOR('',#11771,1.);
#6927=VECTOR('',#11772,1.);
#6928=VECTOR('',#11775,1.);
#6929=VECTOR('',#11776,1.);
#6930=VECTOR('',#11783,1.);
#6931=VECTOR('',#11784,1.);
#6932=VECTOR('',#11793,1.);
#6933=VECTOR('',#11794,1.);
#6934=VECTOR('',#11807,1.);
#6935=VECTOR('',#11808,1.);
#6936=VECTOR('',#11809,1.);
#6937=VECTOR('',#11812,1.);
#6938=VECTOR('',#11813,1.);
#6939=VECTOR('',#11820,1.);
#6940=VECTOR('',#11821,1.);
#6941=VECTOR('',#11830,1.);
#6942=VECTOR('',#11831,1.);
#6943=VECTOR('',#11844,1.);
#6944=VECTOR('',#11845,1.);
#6945=VECTOR('',#11846,1.);
#6946=VECTOR('',#11849,1.);
#6947=VECTOR('',#11850,1.);
#6948=VECTOR('',#11851,1.);
#6949=VECTOR('',#11858,1.);
#6950=VECTOR('',#11859,1.);
#6951=VECTOR('',#11860,1.);
#6952=VECTOR('',#11861,1.);
#6953=VECTOR('',#11868,1.);
#6954=VECTOR('',#11869,1.);
#6955=VECTOR('',#11870,1.);
#6956=VECTOR('',#11871,1.);
#6957=VECTOR('',#11878,1.);
#6958=VECTOR('',#11879,1.);
#6959=VECTOR('',#11880,1.);
#6960=VECTOR('',#11881,1.);
#6961=VECTOR('',#11890,1.);
#6962=VECTOR('',#11891,1.);
#6963=VECTOR('',#11892,1.);
#6964=VECTOR('',#11893,1.);
#6965=VECTOR('',#11902,1.);
#6966=VECTOR('',#11903,1.);
#6967=VECTOR('',#11904,1.);
#6968=VECTOR('',#11905,1.);
#6969=VECTOR('',#11908,1.);
#6970=VECTOR('',#11909,1.);
#6971=VECTOR('',#11910,1.);
#6972=VECTOR('',#11911,1.);
#6973=VECTOR('',#11914,1.);
#6974=VECTOR('',#11915,1.);
#6975=VECTOR('',#11916,1.);
#6976=VECTOR('',#11917,1.);
#6977=VECTOR('',#11924,1.);
#6978=VECTOR('',#11925,1.);
#6979=VECTOR('',#11926,1.);
#6980=VECTOR('',#11927,1.);
#6981=VECTOR('',#11934,1.);
#6982=VECTOR('',#11935,1.);
#6983=VECTOR('',#11936,1.);
#6984=VECTOR('',#11937,1.);
#6985=VECTOR('',#11944,1.);
#6986=VECTOR('',#11945,1.);
#6987=VECTOR('',#11946,1.);
#6988=VECTOR('',#11947,1.);
#6989=VECTOR('',#11954,1.);
#6990=VECTOR('',#11955,1.);
#6991=VECTOR('',#11956,1.);
#6992=VECTOR('',#11957,1.);
#6993=VECTOR('',#11964,1.);
#6994=VECTOR('',#11965,1.);
#6995=VECTOR('',#11966,1.);
#6996=VECTOR('',#11967,1.);
#6997=VECTOR('',#11970,1.);
#6998=VECTOR('',#11971,1.);
#6999=VECTOR('',#11972,1.);
#7000=VECTOR('',#11973,1.);
#7001=VECTOR('',#11980,1.);
#7002=VECTOR('',#11981,1.);
#7003=VECTOR('',#11982,1.);
#7004=VECTOR('',#11983,1.);
#7005=VECTOR('',#11986,1.);
#7006=VECTOR('',#11987,1.);
#7007=VECTOR('',#11988,1.);
#7008=VECTOR('',#11991,1.);
#7009=VECTOR('',#11992,1.);
#7010=VECTOR('',#11995,1.);
#7011=VECTOR('',#11996,1.);
#7012=VECTOR('',#11999,1.);
#7013=VECTOR('',#12000,1.);
#7014=VECTOR('',#12003,1.);
#7015=VECTOR('',#12006,1.);
#7016=VECTOR('',#12007,1.);
#7017=VECTOR('',#12008,1.);
#7018=VECTOR('',#12009,1.);
#7019=VECTOR('',#12010,1.);
#7020=VECTOR('',#12015,1.);
#7021=VECTOR('',#12016,1.);
#7022=VECTOR('',#12019,1.);
#7023=VECTOR('',#12020,1.);
#7024=VECTOR('',#12021,1.);
#7025=VECTOR('',#12024,1.);
#7026=VECTOR('',#12025,1.);
#7027=VECTOR('',#12026,1.);
#7028=VECTOR('',#12029,1.);
#7029=VECTOR('',#12030,1.);
#7030=VECTOR('',#12041,1.);
#7031=VECTOR('',#12042,1.);
#7032=VECTOR('',#12043,1.);
#7033=VECTOR('',#12050,1.);
#7034=VECTOR('',#12051,1.);
#7035=VECTOR('',#12052,1.);
#7036=VECTOR('',#12053,1.);
#7037=VECTOR('',#12054,1.);
#7038=VECTOR('',#12057,1.);
#7039=VECTOR('',#12064,1.);
#7040=VECTOR('',#12065,1.);
#7041=VECTOR('',#12074,1.);
#7042=VECTOR('',#12075,1.);
#7043=VECTOR('',#12076,1.);
#7044=VECTOR('',#12077,1.);
#7045=VECTOR('',#12080,1.);
#7046=VECTOR('',#12083,1.);
#7047=VECTOR('',#12084,1.);
#7048=VECTOR('',#12085,1.);
#7049=VECTOR('',#12086,1.);
#7050=VECTOR('',#12089,1.);
#7051=VECTOR('',#12090,1.);
#7052=VECTOR('',#12117,1.);
#7053=VECTOR('',#12118,1.);
#7054=VECTOR('',#12119,1.);
#7055=VECTOR('',#12122,1.);
#7056=VECTOR('',#12123,1.);
#7057=VECTOR('',#12126,1.);
#7058=VECTOR('',#12131,1.);
#7059=VECTOR('',#12132,1.);
#7060=VECTOR('',#12135,1.);
#7061=VECTOR('',#12136,1.);
#7062=VECTOR('',#12139,1.);
#7063=VECTOR('',#12144,1.);
#7064=VECTOR('',#12147,1.);
#7065=VECTOR('',#12148,1.);
#7066=VECTOR('',#12151,1.);
#7067=VECTOR('',#12152,1.);
#7068=VECTOR('',#12157,1.);
#7069=VECTOR('',#12158,1.);
#7070=VECTOR('',#12161,1.);
#7071=VECTOR('',#12164,1.);
#7072=VECTOR('',#12165,1.);
#7073=VECTOR('',#12180,1.);
#7074=VECTOR('',#12181,1.);
#7075=VECTOR('',#12184,1.);
#7076=VECTOR('',#12187,1.);
#7077=VECTOR('',#12190,1.);
#7078=VECTOR('',#12193,1.);
#7079=VECTOR('',#12196,1.);
#7080=VECTOR('',#12199,1.);
#7081=VECTOR('',#12202,1.);
#7082=VECTOR('',#12205,1.);
#7083=VECTOR('',#12208,1.);
#7084=VECTOR('',#12211,1.);
#7085=VECTOR('',#12214,1.);
#7086=VECTOR('',#12217,1.);
#7087=VECTOR('',#12220,1.);
#7088=VECTOR('',#12225,1.);
#7089=VECTOR('',#12228,1.);
#7090=VECTOR('',#12233,1.);
#7091=VECTOR('',#12236,1.);
#7092=VECTOR('',#12237,1.);
#7093=VECTOR('',#12242,1.);
#7094=VECTOR('',#12243,1.);
#7095=VECTOR('',#12246,1.);
#7096=VECTOR('',#12249,1.);
#7097=VECTOR('',#12254,1.);
#7098=VECTOR('',#12255,1.);
#7099=VECTOR('',#12258,1.);
#7100=VECTOR('',#12261,1.);
#7101=VECTOR('',#12266,1.);
#7102=VECTOR('',#12267,1.);
#7103=VECTOR('',#12270,1.);
#7104=VECTOR('',#12273,1.);
#7105=VECTOR('',#12278,1.);
#7106=VECTOR('',#12279,1.);
#7107=VECTOR('',#12282,1.);
#7108=VECTOR('',#12285,1.);
#7109=VECTOR('',#12290,1.);
#7110=VECTOR('',#12291,1.);
#7111=VECTOR('',#12294,1.);
#7112=VECTOR('',#12297,1.);
#7113=VECTOR('',#12302,1.);
#7114=VECTOR('',#12303,1.);
#7115=VECTOR('',#12306,1.);
#7116=VECTOR('',#12309,1.);
#7117=VECTOR('',#12314,1.);
#7118=VECTOR('',#12315,1.);
#7119=VECTOR('',#12318,1.);
#7120=VECTOR('',#12321,1.);
#7121=VECTOR('',#12326,1.);
#7122=VECTOR('',#12327,1.);
#7123=VECTOR('',#12330,1.);
#7124=VECTOR('',#12333,1.);
#7125=VECTOR('',#12338,1.);
#7126=VECTOR('',#12339,1.);
#7127=VECTOR('',#12342,1.);
#7128=VECTOR('',#12345,1.);
#7129=VECTOR('',#12350,1.);
#7130=VECTOR('',#12351,1.);
#7131=VECTOR('',#12354,1.);
#7132=VECTOR('',#12357,1.);
#7133=VECTOR('',#12362,1.);
#7134=VECTOR('',#12363,1.);
#7135=VECTOR('',#12366,1.);
#7136=VECTOR('',#12369,1.);
#7137=VECTOR('',#12374,1.);
#7138=VECTOR('',#12375,1.);
#7139=VECTOR('',#12378,1.);
#7140=VECTOR('',#12381,1.);
#7141=VECTOR('',#12386,1.);
#7142=VECTOR('',#12387,1.);
#7143=VECTOR('',#12390,1.);
#7144=VECTOR('',#12393,1.);
#7145=VECTOR('',#12398,1.);
#7146=VECTOR('',#12399,1.);
#7147=VECTOR('',#12402,1.);
#7148=VECTOR('',#12405,1.);
#7149=VECTOR('',#12410,1.);
#7150=VECTOR('',#12411,1.);
#7151=VECTOR('',#12414,1.);
#7152=VECTOR('',#12417,1.);
#7153=VECTOR('',#12422,1.);
#7154=VECTOR('',#12423,1.);
#7155=VECTOR('',#12426,1.);
#7156=VECTOR('',#12429,1.);
#7157=VECTOR('',#12432,1.);
#7158=VECTOR('',#12435,1.);
#7159=VECTOR('',#12438,1.);
#7160=VECTOR('',#12441,1.);
#7161=VECTOR('',#12446,1.);
#7162=VECTOR('',#12447,1.);
#7163=VECTOR('',#12450,1.);
#7164=VECTOR('',#12451,1.);
#7165=VECTOR('',#12452,1.);
#7166=VECTOR('',#12455,1.);
#7167=VECTOR('',#12456,1.);
#7168=VECTOR('',#12457,1.);
#7169=VECTOR('',#12460,1.);
#7170=VECTOR('',#12461,1.);
#7171=VECTOR('',#12464,1.);
#7172=VECTOR('',#12465,1.);
#7173=VECTOR('',#12466,1.);
#7174=VECTOR('',#12469,1.);
#7175=VECTOR('',#12470,1.);
#7176=VECTOR('',#12473,1.);
#7177=VECTOR('',#12478,1.);
#7178=VECTOR('',#12479,1.);
#7179=VECTOR('',#12482,1.);
#7180=VECTOR('',#12483,1.);
#7181=VECTOR('',#12486,1.);
#7182=VECTOR('',#12487,1.);
#7183=VECTOR('',#12490,1.);
#7184=VECTOR('',#12491,1.);
#7185=VECTOR('',#12492,1.);
#7186=VECTOR('',#12495,1.);
#7187=VECTOR('',#12498,1.);
#7188=VECTOR('',#12501,1.);
#7189=VECTOR('',#12502,1.);
#7190=VECTOR('',#12505,1.);
#7191=VECTOR('',#12506,1.);
#7192=VECTOR('',#12509,1.);
#7193=VECTOR('',#12510,1.);
#7194=VECTOR('',#12513,1.);
#7195=VECTOR('',#12514,1.);
#7196=VECTOR('',#12517,1.);
#7197=VECTOR('',#12520,1.);
#7198=VECTOR('',#12521,1.);
#7199=VECTOR('',#12524,1.);
#7200=VECTOR('',#12527,1.);
#7201=VECTOR('',#12528,1.);
#7202=VECTOR('',#12531,1.);
#7203=VECTOR('',#12532,1.);
#7204=VECTOR('',#12535,1.);
#7205=VECTOR('',#12536,1.);
#7206=VECTOR('',#12539,1.);
#7207=VECTOR('',#12540,1.);
#7208=VECTOR('',#12543,1.);
#7209=VECTOR('',#12544,1.);
#7210=VECTOR('',#12547,1.);
#7211=VECTOR('',#12548,1.);
#7212=VECTOR('',#12549,1.);
#7213=VECTOR('',#12552,1.);
#7214=VECTOR('',#12553,1.);
#7215=VECTOR('',#12554,1.);
#7216=VECTOR('',#12557,1.);
#7217=VECTOR('',#12558,1.);
#7218=VECTOR('',#12559,1.);
#7219=VECTOR('',#12562,1.);
#7220=VECTOR('',#12565,1.);
#7221=VECTOR('',#12568,1.);
#7222=VECTOR('',#12569,1.);
#7223=VECTOR('',#12572,1.);
#7224=VECTOR('',#12573,1.);
#7225=VECTOR('',#12574,1.);
#7226=VECTOR('',#12575,1.);
#7227=VECTOR('',#12578,1.);
#7228=VECTOR('',#12579,1.);
#7229=VECTOR('',#12580,1.);
#7230=VECTOR('',#12581,1.);
#7231=VECTOR('',#12584,1.);
#7232=VECTOR('',#12587,1.);
#7233=VECTOR('',#12588,1.);
#7234=VECTOR('',#12591,1.);
#7235=VECTOR('',#12592,1.);
#7236=VECTOR('',#12595,1.);
#7237=VECTOR('',#12596,1.);
#7238=VECTOR('',#12599,1.);
#7239=VECTOR('',#12600,1.);
#7240=VECTOR('',#12603,1.);
#7241=VECTOR('',#12604,1.);
#7242=VECTOR('',#12607,1.);
#7243=VECTOR('',#12608,1.);
#7244=VECTOR('',#12611,1.);
#7245=VECTOR('',#12612,1.);
#7246=VECTOR('',#12615,1.);
#7247=VECTOR('',#12616,1.);
#7248=VECTOR('',#12619,1.);
#7249=VECTOR('',#12622,1.);
#7250=VECTOR('',#12625,1.);
#7251=VECTOR('',#12628,1.);
#7252=VECTOR('',#12643,1.);
#7253=VECTOR('',#12644,1.);
#7254=VECTOR('',#12647,1.);
#7255=VECTOR('',#12648,1.);
#7256=VECTOR('',#12651,1.);
#7257=VECTOR('',#12652,1.);
#7258=VECTOR('',#12653,1.);
#7259=VECTOR('',#12656,1.);
#7260=VECTOR('',#12657,1.);
#7261=VECTOR('',#12662,1.);
#7262=VECTOR('',#12665,1.);
#7263=VECTOR('',#12666,1.);
#7264=VECTOR('',#12669,1.);
#7265=VECTOR('',#12670,1.);
#7266=VECTOR('',#12673,1.);
#7267=VECTOR('',#12674,1.);
#7268=VECTOR('',#12675,1.);
#7269=VECTOR('',#12678,1.);
#7270=VECTOR('',#12681,1.);
#7271=VECTOR('',#12686,1.);
#7272=VECTOR('',#12689,1.);
#7273=VECTOR('',#12694,1.);
#7274=VECTOR('',#12697,1.);
#7275=VECTOR('',#12700,1.);
#7276=VECTOR('',#12703,1.);
#7277=VECTOR('',#12712,1.);
#7278=VECTOR('',#12713,1.);
#7279=VECTOR('',#12716,1.);
#7280=VECTOR('',#12719,1.);
#7281=VECTOR('',#12724,1.);
#7282=VECTOR('',#12725,1.);
#7283=VECTOR('',#12728,1.);
#7284=VECTOR('',#12731,1.);
#7285=VECTOR('',#12734,1.);
#7286=VECTOR('',#12739,1.);
#7287=VECTOR('',#12740,1.);
#7288=VECTOR('',#12743,1.);
#7289=VECTOR('',#12746,1.);
#7290=EDGE_LOOP('',(#668,#669,#670,#671,#672));
#7291=EDGE_LOOP('',(#673,#674,#675,#676,#677,#678,#679,#680,#681,#682,#683,
#684,#685,#686,#687,#688,#689,#690,#691,#692,#693,#694,#695,#696,#697,#698,
#699,#700,#701,#702,#703,#704,#705,#706,#707,#708,#709,#710,#711,#712,#713,
#714,#715,#716,#717,#718,#719,#720,#721,#722,#723,#724,#725,#726,#727,#728,
#729,#730));
#7292=EDGE_LOOP('',(#731,#732,#733,#734));
#7293=EDGE_LOOP('',(#735,#736,#737,#738));
#7294=EDGE_LOOP('',(#739,#740,#741,#742));
#7295=EDGE_LOOP('',(#743,#744,#745,#746));
#7296=EDGE_LOOP('',(#747,#748,#749,#750));
#7297=EDGE_LOOP('',(#751,#752,#753,#754));
#7298=EDGE_LOOP('',(#755,#756,#757,#758));
#7299=EDGE_LOOP('',(#759,#760,#761,#762));
#7300=EDGE_LOOP('',(#763,#764,#765,#766));
#7301=EDGE_LOOP('',(#767,#768,#769,#770));
#7302=EDGE_LOOP('',(#771,#772,#773,#774));
#7303=EDGE_LOOP('',(#775,#776,#777,#778));
#7304=EDGE_LOOP('',(#779,#780,#781,#782));
#7305=EDGE_LOOP('',(#783,#784,#785,#786));
#7306=EDGE_LOOP('',(#787,#788,#789,#790));
#7307=EDGE_LOOP('',(#791));
#7308=EDGE_LOOP('',(#792));
#7309=EDGE_LOOP('',(#793));
#7310=EDGE_LOOP('',(#794));
#7311=EDGE_LOOP('',(#795));
#7312=EDGE_LOOP('',(#796,#797,#798,#799));
#7313=EDGE_LOOP('',(#800,#801,#802,#803));
#7314=EDGE_LOOP('',(#804));
#7315=EDGE_LOOP('',(#805,#806,#807,#808,#809,#810,#811,#812));
#7316=EDGE_LOOP('',(#813,#814,#815,#816));
#7317=EDGE_LOOP('',(#817,#818,#819,#820,#821,#822,#823,#824,#825,#826,#827,
#828,#829,#830,#831,#832,#833,#834,#835,#836,#837,#838,#839,#840,#841,#842,
#843,#844,#845,#846));
#7318=EDGE_LOOP('',(#847));
#7319=EDGE_LOOP('',(#848,#849,#850,#851));
#7320=EDGE_LOOP('',(#852,#853,#854,#855));
#7321=EDGE_LOOP('',(#856,#857,#858,#859));
#7322=EDGE_LOOP('',(#860,#861,#862,#863));
#7323=EDGE_LOOP('',(#864,#865,#866,#867));
#7324=EDGE_LOOP('',(#868,#869,#870,#871,#872,#873,#874,#875));
#7325=EDGE_LOOP('',(#876,#877,#878,#879,#880,#881,#882,#883));
#7326=EDGE_LOOP('',(#884,#885,#886,#887,#888,#889,#890,#891));
#7327=EDGE_LOOP('',(#892,#893,#894,#895));
#7328=EDGE_LOOP('',(#896,#897,#898,#899));
#7329=EDGE_LOOP('',(#900,#901,#902,#903));
#7330=EDGE_LOOP('',(#904,#905,#906,#907,#908));
#7331=EDGE_LOOP('',(#909,#910,#911,#912,#913,#914,#915));
#7332=EDGE_LOOP('',(#916,#917,#918,#919));
#7333=EDGE_LOOP('',(#920,#921,#922,#923,#924,#925,#926,#927));
#7334=EDGE_LOOP('',(#928,#929,#930,#931,#932,#933,#934,#935));
#7335=EDGE_LOOP('',(#936,#937,#938,#939,#940,#941,#942,#943));
#7336=EDGE_LOOP('',(#944,#945,#946,#947));
#7337=EDGE_LOOP('',(#948,#949,#950,#951));
#7338=EDGE_LOOP('',(#952,#953,#954,#955));
#7339=EDGE_LOOP('',(#956,#957,#958,#959,#960));
#7340=EDGE_LOOP('',(#961,#962,#963,#964,#965,#966,#967));
#7341=EDGE_LOOP('',(#968,#969,#970,#971));
#7342=EDGE_LOOP('',(#972,#973,#974,#975,#976,#977,#978,#979));
#7343=EDGE_LOOP('',(#980));
#7344=EDGE_LOOP('',(#981));
#7345=EDGE_LOOP('',(#982));
#7346=EDGE_LOOP('',(#983));
#7347=EDGE_LOOP('',(#984));
#7348=EDGE_LOOP('',(#985));
#7349=EDGE_LOOP('',(#986));
#7350=EDGE_LOOP('',(#987));
#7351=EDGE_LOOP('',(#988));
#7352=EDGE_LOOP('',(#989));
#7353=EDGE_LOOP('',(#990));
#7354=EDGE_LOOP('',(#991));
#7355=EDGE_LOOP('',(#992));
#7356=EDGE_LOOP('',(#993));
#7357=EDGE_LOOP('',(#994));
#7358=EDGE_LOOP('',(#995));
#7359=EDGE_LOOP('',(#996));
#7360=EDGE_LOOP('',(#997));
#7361=EDGE_LOOP('',(#998));
#7362=EDGE_LOOP('',(#999));
#7363=EDGE_LOOP('',(#1000));
#7364=EDGE_LOOP('',(#1001));
#7365=EDGE_LOOP('',(#1002));
#7366=EDGE_LOOP('',(#1003));
#7367=EDGE_LOOP('',(#1004));
#7368=EDGE_LOOP('',(#1005));
#7369=EDGE_LOOP('',(#1006));
#7370=EDGE_LOOP('',(#1007));
#7371=EDGE_LOOP('',(#1008));
#7372=EDGE_LOOP('',(#1009));
#7373=EDGE_LOOP('',(#1010));
#7374=EDGE_LOOP('',(#1011));
#7375=EDGE_LOOP('',(#1012));
#7376=EDGE_LOOP('',(#1013));
#7377=EDGE_LOOP('',(#1014));
#7378=EDGE_LOOP('',(#1015));
#7379=EDGE_LOOP('',(#1016));
#7380=EDGE_LOOP('',(#1017));
#7381=EDGE_LOOP('',(#1018));
#7382=EDGE_LOOP('',(#1019));
#7383=EDGE_LOOP('',(#1020,#1021,#1022,#1023));
#7384=EDGE_LOOP('',(#1024,#1025,#1026,#1027));
#7385=EDGE_LOOP('',(#1028,#1029,#1030,#1031));
#7386=EDGE_LOOP('',(#1032,#1033,#1034,#1035));
#7387=EDGE_LOOP('',(#1036,#1037,#1038,#1039));
#7388=EDGE_LOOP('',(#1040));
#7389=EDGE_LOOP('',(#1041));
#7390=EDGE_LOOP('',(#1042,#1043,#1044,#1045));
#7391=EDGE_LOOP('',(#1046,#1047,#1048,#1049));
#7392=EDGE_LOOP('',(#1050,#1051,#1052,#1053));
#7393=EDGE_LOOP('',(#1054));
#7394=EDGE_LOOP('',(#1055));
#7395=EDGE_LOOP('',(#1056,#1057,#1058,#1059));
#7396=EDGE_LOOP('',(#1060,#1061,#1062,#1063));
#7397=EDGE_LOOP('',(#1064,#1065,#1066,#1067));
#7398=EDGE_LOOP('',(#1068,#1069,#1070,#1071));
#7399=EDGE_LOOP('',(#1072));
#7400=EDGE_LOOP('',(#1073));
#7401=EDGE_LOOP('',(#1074,#1075,#1076,#1077));
#7402=EDGE_LOOP('',(#1078,#1079,#1080,#1081));
#7403=EDGE_LOOP('',(#1082));
#7404=EDGE_LOOP('',(#1083));
#7405=EDGE_LOOP('',(#1084,#1085,#1086,#1087));
#7406=EDGE_LOOP('',(#1088,#1089,#1090,#1091));
#7407=EDGE_LOOP('',(#1092,#1093,#1094,#1095));
#7408=EDGE_LOOP('',(#1096,#1097,#1098,#1099));
#7409=EDGE_LOOP('',(#1100));
#7410=EDGE_LOOP('',(#1101));
#7411=EDGE_LOOP('',(#1102,#1103,#1104,#1105));
#7412=EDGE_LOOP('',(#1106,#1107,#1108,#1109));
#7413=EDGE_LOOP('',(#1110,#1111,#1112,#1113));
#7414=EDGE_LOOP('',(#1114,#1115,#1116,#1117));
#7415=EDGE_LOOP('',(#1118));
#7416=EDGE_LOOP('',(#1119));
#7417=EDGE_LOOP('',(#1120,#1121,#1122,#1123));
#7418=EDGE_LOOP('',(#1124,#1125,#1126,#1127));
#7419=EDGE_LOOP('',(#1128,#1129,#1130,#1131));
#7420=EDGE_LOOP('',(#1132,#1133,#1134,#1135));
#7421=EDGE_LOOP('',(#1136,#1137,#1138,#1139));
#7422=EDGE_LOOP('',(#1140));
#7423=EDGE_LOOP('',(#1141));
#7424=EDGE_LOOP('',(#1142,#1143,#1144,#1145));
#7425=EDGE_LOOP('',(#1146,#1147,#1148,#1149));
#7426=EDGE_LOOP('',(#1150,#1151,#1152,#1153));
#7427=EDGE_LOOP('',(#1154,#1155,#1156,#1157));
#7428=EDGE_LOOP('',(#1158));
#7429=EDGE_LOOP('',(#1159));
#7430=EDGE_LOOP('',(#1160,#1161,#1162,#1163));
#7431=EDGE_LOOP('',(#1164,#1165,#1166,#1167));
#7432=EDGE_LOOP('',(#1168));
#7433=EDGE_LOOP('',(#1169));
#7434=EDGE_LOOP('',(#1170));
#7435=EDGE_LOOP('',(#1171,#1172,#1173,#1174));
#7436=EDGE_LOOP('',(#1175,#1176,#1177,#1178));
#7437=EDGE_LOOP('',(#1179,#1180,#1181,#1182));
#7438=EDGE_LOOP('',(#1183,#1184,#1185,#1186));
#7439=EDGE_LOOP('',(#1187));
#7440=EDGE_LOOP('',(#1188));
#7441=EDGE_LOOP('',(#1189,#1190,#1191,#1192));
#7442=EDGE_LOOP('',(#1193,#1194,#1195,#1196));
#7443=EDGE_LOOP('',(#1197));
#7444=EDGE_LOOP('',(#1198));
#7445=EDGE_LOOP('',(#1199,#1200,#1201,#1202));
#7446=EDGE_LOOP('',(#1203,#1204,#1205,#1206));
#7447=EDGE_LOOP('',(#1207));
#7448=EDGE_LOOP('',(#1208));
#7449=EDGE_LOOP('',(#1209,#1210,#1211,#1212));
#7450=EDGE_LOOP('',(#1213,#1214,#1215,#1216));
#7451=EDGE_LOOP('',(#1217));
#7452=EDGE_LOOP('',(#1218));
#7453=EDGE_LOOP('',(#1219,#1220,#1221,#1222));
#7454=EDGE_LOOP('',(#1223,#1224,#1225,#1226));
#7455=EDGE_LOOP('',(#1227));
#7456=EDGE_LOOP('',(#1228));
#7457=EDGE_LOOP('',(#1229,#1230,#1231,#1232));
#7458=EDGE_LOOP('',(#1233,#1234,#1235,#1236));
#7459=EDGE_LOOP('',(#1237));
#7460=EDGE_LOOP('',(#1238));
#7461=EDGE_LOOP('',(#1239,#1240,#1241,#1242));
#7462=EDGE_LOOP('',(#1243,#1244,#1245,#1246));
#7463=EDGE_LOOP('',(#1247));
#7464=EDGE_LOOP('',(#1248));
#7465=EDGE_LOOP('',(#1249,#1250,#1251,#1252));
#7466=EDGE_LOOP('',(#1253,#1254,#1255,#1256));
#7467=EDGE_LOOP('',(#1257));
#7468=EDGE_LOOP('',(#1258));
#7469=EDGE_LOOP('',(#1259,#1260,#1261,#1262));
#7470=EDGE_LOOP('',(#1263,#1264,#1265,#1266));
#7471=EDGE_LOOP('',(#1267));
#7472=EDGE_LOOP('',(#1268));
#7473=EDGE_LOOP('',(#1269,#1270,#1271,#1272));
#7474=EDGE_LOOP('',(#1273,#1274,#1275,#1276));
#7475=EDGE_LOOP('',(#1277));
#7476=EDGE_LOOP('',(#1278));
#7477=EDGE_LOOP('',(#1279,#1280,#1281,#1282));
#7478=EDGE_LOOP('',(#1283,#1284,#1285,#1286));
#7479=EDGE_LOOP('',(#1287));
#7480=EDGE_LOOP('',(#1288));
#7481=EDGE_LOOP('',(#1289));
#7482=EDGE_LOOP('',(#1290));
#7483=EDGE_LOOP('',(#1291,#1292,#1293,#1294));
#7484=EDGE_LOOP('',(#1295,#1296,#1297,#1298));
#7485=EDGE_LOOP('',(#1299));
#7486=EDGE_LOOP('',(#1300));
#7487=EDGE_LOOP('',(#1301,#1302,#1303,#1304));
#7488=EDGE_LOOP('',(#1305,#1306,#1307,#1308));
#7489=EDGE_LOOP('',(#1309));
#7490=EDGE_LOOP('',(#1310));
#7491=EDGE_LOOP('',(#1311,#1312,#1313,#1314,#1315,#1316));
#7492=EDGE_LOOP('',(#1317,#1318,#1319,#1320,#1321,#1322));
#7493=EDGE_LOOP('',(#1323,#1324,#1325,#1326,#1327,#1328));
#7494=EDGE_LOOP('',(#1329,#1330,#1331,#1332,#1333,#1334));
#7495=EDGE_LOOP('',(#1335,#1336,#1337,#1338,#1339,#1340));
#7496=EDGE_LOOP('',(#1341,#1342,#1343,#1344,#1345,#1346));
#7497=EDGE_LOOP('',(#1347,#1348,#1349,#1350,#1351,#1352));
#7498=EDGE_LOOP('',(#1353,#1354,#1355,#1356,#1357,#1358));
#7499=EDGE_LOOP('',(#1359,#1360,#1361,#1362,#1363,#1364));
#7500=EDGE_LOOP('',(#1365,#1366,#1367,#1368,#1369,#1370));
#7501=EDGE_LOOP('',(#1371,#1372,#1373,#1374,#1375,#1376));
#7502=EDGE_LOOP('',(#1377,#1378,#1379,#1380,#1381,#1382));
#7503=EDGE_LOOP('',(#1383,#1384,#1385,#1386,#1387,#1388));
#7504=EDGE_LOOP('',(#1389,#1390,#1391,#1392,#1393,#1394));
#7505=EDGE_LOOP('',(#1395,#1396,#1397,#1398,#1399,#1400));
#7506=EDGE_LOOP('',(#1401,#1402,#1403,#1404,#1405,#1406));
#7507=EDGE_LOOP('',(#1407,#1408,#1409,#1410,#1411,#1412));
#7508=EDGE_LOOP('',(#1413,#1414,#1415,#1416,#1417,#1418,#1419,#1420,#1421,
#1422,#1423,#1424,#1425,#1426,#1427,#1428));
#7509=EDGE_LOOP('',(#1429));
#7510=EDGE_LOOP('',(#1430,#1431,#1432,#1433,#1434,#1435,#1436,#1437,#1438,
#1439,#1440,#1441,#1442,#1443,#1444,#1445));
#7511=EDGE_LOOP('',(#1446));
#7512=EDGE_LOOP('',(#1447,#1448,#1449,#1450,#1451,#1452));
#7513=EDGE_LOOP('',(#1453,#1454,#1455,#1456,#1457,#1458));
#7514=EDGE_LOOP('',(#1459,#1460,#1461,#1462,#1463,#1464,#1465,#1466,#1467,
#1468,#1469,#1470,#1471,#1472,#1473,#1474));
#7515=EDGE_LOOP('',(#1475));
#7516=EDGE_LOOP('',(#1476,#1477,#1478,#1479,#1480,#1481));
#7517=EDGE_LOOP('',(#1482,#1483,#1484,#1485,#1486,#1487,#1488,#1489,#1490,
#1491,#1492,#1493,#1494,#1495,#1496,#1497));
#7518=EDGE_LOOP('',(#1498));
#7519=EDGE_LOOP('',(#1499,#1500,#1501,#1502,#1503,#1504));
#7520=EDGE_LOOP('',(#1505,#1506,#1507,#1508,#1509,#1510,#1511,#1512,#1513,
#1514,#1515,#1516,#1517,#1518,#1519,#1520));
#7521=EDGE_LOOP('',(#1521));
#7522=EDGE_LOOP('',(#1522,#1523,#1524,#1525,#1526,#1527));
#7523=EDGE_LOOP('',(#1528,#1529,#1530,#1531,#1532,#1533,#1534,#1535,#1536,
#1537,#1538,#1539,#1540,#1541,#1542,#1543));
#7524=EDGE_LOOP('',(#1544));
#7525=EDGE_LOOP('',(#1545,#1546,#1547,#1548,#1549,#1550));
#7526=EDGE_LOOP('',(#1551,#1552,#1553,#1554,#1555,#1556));
#7527=EDGE_LOOP('',(#1557,#1558,#1559,#1560,#1561,#1562,#1563,#1564,#1565,
#1566,#1567,#1568,#1569,#1570,#1571,#1572));
#7528=EDGE_LOOP('',(#1573));
#7529=EDGE_LOOP('',(#1574,#1575,#1576,#1577));
#7530=EDGE_LOOP('',(#1578,#1579,#1580,#1581,#1582,#1583));
#7531=EDGE_LOOP('',(#1584,#1585,#1586,#1587));
#7532=EDGE_LOOP('',(#1588,#1589,#1590,#1591,#1592,#1593,#1594,#1595,#1596,
#1597,#1598,#1599,#1600,#1601,#1602,#1603));
#7533=EDGE_LOOP('',(#1604));
#7534=EDGE_LOOP('',(#1605));
#7535=EDGE_LOOP('',(#1606));
#7536=EDGE_LOOP('',(#1607,#1608,#1609,#1610,#1611,#1612,#1613,#1614,#1615,
#1616,#1617,#1618,#1619,#1620,#1621,#1622));
#7537=EDGE_LOOP('',(#1623));
#7538=EDGE_LOOP('',(#1624,#1625,#1626,#1627,#1628,#1629));
#7539=EDGE_LOOP('',(#1630,#1631,#1632,#1633));
#7540=EDGE_LOOP('',(#1634,#1635,#1636,#1637));
#7541=EDGE_LOOP('',(#1638,#1639,#1640,#1641,#1642,#1643,#1644,#1645,#1646,
#1647,#1648,#1649,#1650,#1651,#1652,#1653));
#7542=EDGE_LOOP('',(#1654));
#7543=EDGE_LOOP('',(#1655,#1656,#1657,#1658));
#7544=EDGE_LOOP('',(#1659));
#7545=EDGE_LOOP('',(#1660));
#7546=EDGE_LOOP('',(#1661,#1662,#1663,#1664));
#7547=EDGE_LOOP('',(#1665,#1666,#1667,#1668,#1669,#1670));
#7548=EDGE_LOOP('',(#1671,#1672,#1673,#1674));
#7549=EDGE_LOOP('',(#1675,#1676,#1677,#1678,#1679,#1680));
#7550=EDGE_LOOP('',(#1681,#1682,#1683,#1684));
#7551=EDGE_LOOP('',(#1685,#1686,#1687,#1688));
#7552=EDGE_LOOP('',(#1689));
#7553=EDGE_LOOP('',(#1690));
#7554=EDGE_LOOP('',(#1691,#1692,#1693,#1694));
#7555=EDGE_LOOP('',(#1695,#1696,#1697,#1698,#1699,#1700));
#7556=EDGE_LOOP('',(#1701,#1702,#1703,#1704,#1705,#1706));
#7557=EDGE_LOOP('',(#1707,#1708,#1709,#1710));
#7558=EDGE_LOOP('',(#1711,#1712,#1713,#1714,#1715,#1716));
#7559=EDGE_LOOP('',(#1717,#1718,#1719,#1720));
#7560=EDGE_LOOP('',(#1721));
#7561=EDGE_LOOP('',(#1722));
#7562=EDGE_LOOP('',(#1723,#1724,#1725,#1726));
#7563=EDGE_LOOP('',(#1727,#1728,#1729,#1730,#1731,#1732));
#7564=EDGE_LOOP('',(#1733,#1734,#1735,#1736));
#7565=EDGE_LOOP('',(#1737,#1738,#1739,#1740,#1741,#1742));
#7566=EDGE_LOOP('',(#1743,#1744,#1745,#1746,#1747,#1748));
#7567=EDGE_LOOP('',(#1749,#1750,#1751,#1752));
#7568=EDGE_LOOP('',(#1753));
#7569=EDGE_LOOP('',(#1754));
#7570=EDGE_LOOP('',(#1755,#1756,#1757,#1758));
#7571=EDGE_LOOP('',(#1759,#1760,#1761,#1762,#1763,#1764));
#7572=EDGE_LOOP('',(#1765,#1766,#1767,#1768,#1769,#1770));
#7573=EDGE_LOOP('',(#1771,#1772,#1773,#1774));
#7574=EDGE_LOOP('',(#1775,#1776,#1777,#1778,#1779,#1780));
#7575=EDGE_LOOP('',(#1781,#1782,#1783,#1784));
#7576=EDGE_LOOP('',(#1785,#1786,#1787,#1788));
#7577=EDGE_LOOP('',(#1789));
#7578=EDGE_LOOP('',(#1790));
#7579=EDGE_LOOP('',(#1791,#1792,#1793,#1794));
#7580=EDGE_LOOP('',(#1795,#1796,#1797,#1798,#1799,#1800));
#7581=EDGE_LOOP('',(#1801,#1802,#1803,#1804));
#7582=EDGE_LOOP('',(#1805,#1806,#1807,#1808,#1809,#1810));
#7583=EDGE_LOOP('',(#1811,#1812,#1813,#1814));
#7584=EDGE_LOOP('',(#1815,#1816,#1817,#1818));
#7585=EDGE_LOOP('',(#1819));
#7586=EDGE_LOOP('',(#1820));
#7587=EDGE_LOOP('',(#1821,#1822,#1823,#1824));
#7588=EDGE_LOOP('',(#1825,#1826,#1827,#1828,#1829,#1830));
#7589=EDGE_LOOP('',(#1831,#1832,#1833,#1834,#1835,#1836));
#7590=EDGE_LOOP('',(#1837,#1838,#1839,#1840));
#7591=EDGE_LOOP('',(#1841,#1842,#1843,#1844,#1845,#1846));
#7592=EDGE_LOOP('',(#1847,#1848,#1849,#1850));
#7593=EDGE_LOOP('',(#1851,#1852,#1853,#1854));
#7594=EDGE_LOOP('',(#1855));
#7595=EDGE_LOOP('',(#1856));
#7596=EDGE_LOOP('',(#1857,#1858,#1859,#1860));
#7597=EDGE_LOOP('',(#1861,#1862,#1863,#1864,#1865,#1866));
#7598=EDGE_LOOP('',(#1867,#1868,#1869,#1870,#1871,#1872));
#7599=EDGE_LOOP('',(#1873,#1874,#1875,#1876));
#7600=EDGE_LOOP('',(#1877,#1878,#1879,#1880,#1881,#1882));
#7601=EDGE_LOOP('',(#1883,#1884,#1885,#1886));
#7602=EDGE_LOOP('',(#1887,#1888,#1889,#1890));
#7603=EDGE_LOOP('',(#1891));
#7604=EDGE_LOOP('',(#1892));
#7605=EDGE_LOOP('',(#1893,#1894,#1895,#1896));
#7606=EDGE_LOOP('',(#1897,#1898,#1899,#1900,#1901,#1902));
#7607=EDGE_LOOP('',(#1903,#1904,#1905,#1906,#1907,#1908));
#7608=EDGE_LOOP('',(#1909,#1910,#1911,#1912));
#7609=EDGE_LOOP('',(#1913,#1914,#1915,#1916,#1917,#1918));
#7610=EDGE_LOOP('',(#1919,#1920,#1921,#1922));
#7611=EDGE_LOOP('',(#1923,#1924,#1925,#1926));
#7612=EDGE_LOOP('',(#1927));
#7613=EDGE_LOOP('',(#1928));
#7614=EDGE_LOOP('',(#1929,#1930,#1931,#1932));
#7615=EDGE_LOOP('',(#1933,#1934,#1935,#1936,#1937,#1938));
#7616=EDGE_LOOP('',(#1939,#1940,#1941,#1942,#1943,#1944));
#7617=EDGE_LOOP('',(#1945,#1946,#1947,#1948));
#7618=EDGE_LOOP('',(#1949,#1950,#1951,#1952,#1953,#1954));
#7619=EDGE_LOOP('',(#1955,#1956,#1957,#1958));
#7620=EDGE_LOOP('',(#1959,#1960,#1961,#1962));
#7621=EDGE_LOOP('',(#1963));
#7622=EDGE_LOOP('',(#1964));
#7623=EDGE_LOOP('',(#1965,#1966,#1967,#1968));
#7624=EDGE_LOOP('',(#1969,#1970,#1971,#1972,#1973,#1974));
#7625=EDGE_LOOP('',(#1975,#1976,#1977,#1978));
#7626=EDGE_LOOP('',(#1979,#1980,#1981,#1982));
#7627=EDGE_LOOP('',(#1983));
#7628=EDGE_LOOP('',(#1984));
#7629=EDGE_LOOP('',(#1985,#1986,#1987,#1988));
#7630=EDGE_LOOP('',(#1989,#1990,#1991,#1992,#1993,#1994));
#7631=EDGE_LOOP('',(#1995,#1996,#1997,#1998,#1999,#2000));
#7632=EDGE_LOOP('',(#2001,#2002,#2003,#2004));
#7633=EDGE_LOOP('',(#2005,#2006,#2007,#2008,#2009,#2010));
#7634=EDGE_LOOP('',(#2011,#2012,#2013,#2014));
#7635=EDGE_LOOP('',(#2015,#2016,#2017,#2018));
#7636=EDGE_LOOP('',(#2019));
#7637=EDGE_LOOP('',(#2020));
#7638=EDGE_LOOP('',(#2021,#2022,#2023,#2024));
#7639=EDGE_LOOP('',(#2025,#2026,#2027,#2028,#2029,#2030));
#7640=EDGE_LOOP('',(#2031,#2032,#2033,#2034,#2035,#2036));
#7641=EDGE_LOOP('',(#2037,#2038,#2039,#2040));
#7642=EDGE_LOOP('',(#2041,#2042,#2043,#2044,#2045,#2046));
#7643=EDGE_LOOP('',(#2047,#2048,#2049,#2050));
#7644=EDGE_LOOP('',(#2051,#2052,#2053,#2054));
#7645=EDGE_LOOP('',(#2055));
#7646=EDGE_LOOP('',(#2056));
#7647=EDGE_LOOP('',(#2057,#2058,#2059,#2060));
#7648=EDGE_LOOP('',(#2061,#2062,#2063,#2064,#2065,#2066));
#7649=EDGE_LOOP('',(#2067,#2068,#2069,#2070,#2071,#2072));
#7650=EDGE_LOOP('',(#2073,#2074,#2075,#2076));
#7651=EDGE_LOOP('',(#2077,#2078,#2079,#2080,#2081,#2082,#2083,#2084));
#7652=EDGE_LOOP('',(#2085,#2086,#2087,#2088));
#7653=EDGE_LOOP('',(#2089,#2090,#2091,#2092,#2093,#2094,#2095,#2096));
#7654=EDGE_LOOP('',(#2097,#2098,#2099,#2100));
#7655=EDGE_LOOP('',(#2101,#2102,#2103,#2104,#2105,#2106,#2107,#2108));
#7656=EDGE_LOOP('',(#2109,#2110,#2111,#2112));
#7657=EDGE_LOOP('',(#2113,#2114,#2115,#2116,#2117,#2118,#2119,#2120));
#7658=EDGE_LOOP('',(#2121,#2122,#2123,#2124));
#7659=EDGE_LOOP('',(#2125,#2126,#2127,#2128,#2129,#2130,#2131,#2132));
#7660=EDGE_LOOP('',(#2133,#2134,#2135,#2136));
#7661=EDGE_LOOP('',(#2137,#2138,#2139,#2140,#2141,#2142,#2143,#2144));
#7662=EDGE_LOOP('',(#2145,#2146,#2147,#2148));
#7663=EDGE_LOOP('',(#2149,#2150,#2151,#2152,#2153,#2154,#2155,#2156));
#7664=EDGE_LOOP('',(#2157,#2158,#2159,#2160));
#7665=EDGE_LOOP('',(#2161,#2162,#2163,#2164,#2165,#2166,#2167,#2168));
#7666=EDGE_LOOP('',(#2169,#2170,#2171,#2172));
#7667=EDGE_LOOP('',(#2173,#2174,#2175,#2176,#2177,#2178,#2179,#2180));
#7668=EDGE_LOOP('',(#2181,#2182,#2183,#2184));
#7669=EDGE_LOOP('',(#2185,#2186,#2187,#2188,#2189,#2190,#2191,#2192));
#7670=EDGE_LOOP('',(#2193,#2194,#2195,#2196));
#7671=EDGE_LOOP('',(#2197,#2198,#2199,#2200,#2201,#2202,#2203,#2204));
#7672=EDGE_LOOP('',(#2205,#2206,#2207,#2208));
#7673=EDGE_LOOP('',(#2209,#2210,#2211,#2212,#2213,#2214,#2215,#2216));
#7674=EDGE_LOOP('',(#2217,#2218,#2219,#2220));
#7675=EDGE_LOOP('',(#2221,#2222,#2223,#2224,#2225,#2226,#2227,#2228));
#7676=EDGE_LOOP('',(#2229,#2230,#2231,#2232));
#7677=EDGE_LOOP('',(#2233,#2234,#2235,#2236,#2237,#2238,#2239,#2240));
#7678=EDGE_LOOP('',(#2241,#2242,#2243,#2244));
#7679=EDGE_LOOP('',(#2245,#2246,#2247,#2248));
#7680=EDGE_LOOP('',(#2249,#2250,#2251,#2252,#2253));
#7681=EDGE_LOOP('',(#2254,#2255,#2256,#2257,#2258));
#7682=EDGE_LOOP('',(#2259,#2260,#2261,#2262));
#7683=EDGE_LOOP('',(#2263,#2264,#2265,#2266,#2267));
#7684=EDGE_LOOP('',(#2268,#2269,#2270,#2271,#2272,#2273,#2274,#2275,#2276,
#2277));
#7685=EDGE_LOOP('',(#2278,#2279,#2280,#2281,#2282));
#7686=EDGE_LOOP('',(#2283,#2284,#2285,#2286,#2287,#2288,#2289,#2290,#2291,
#2292));
#7687=EDGE_LOOP('',(#2293,#2294,#2295,#2296,#2297));
#7688=EDGE_LOOP('',(#2298,#2299,#2300,#2301));
#7689=EDGE_LOOP('',(#2302));
#7690=EDGE_LOOP('',(#2303));
#7691=EDGE_LOOP('',(#2304,#2305,#2306,#2307));
#7692=EDGE_LOOP('',(#2308,#2309,#2310,#2311,#2312,#2313));
#7693=EDGE_LOOP('',(#2314,#2315,#2316,#2317,#2318,#2319,#2320,#2321));
#7694=EDGE_LOOP('',(#2322,#2323,#2324,#2325));
#7695=EDGE_LOOP('',(#2326,#2327,#2328,#2329,#2330,#2331));
#7696=EDGE_LOOP('',(#2332,#2333,#2334,#2335));
#7697=EDGE_LOOP('',(#2336,#2337,#2338,#2339,#2340,#2341));
#7698=EDGE_LOOP('',(#2342,#2343,#2344,#2345));
#7699=EDGE_LOOP('',(#2346,#2347,#2348,#2349,#2350));
#7700=EDGE_LOOP('',(#2351,#2352,#2353,#2354,#2355,#2356,#2357,#2358,#2359,
#2360));
#7701=EDGE_LOOP('',(#2361,#2362,#2363,#2364));
#7702=EDGE_LOOP('',(#2365,#2366,#2367,#2368));
#7703=EDGE_LOOP('',(#2369,#2370,#2371,#2372));
#7704=EDGE_LOOP('',(#2373,#2374,#2375,#2376));
#7705=EDGE_LOOP('',(#2377,#2378,#2379,#2380));
#7706=EDGE_LOOP('',(#2381,#2382,#2383,#2384,#2385,#2386));
#7707=EDGE_LOOP('',(#2387,#2388,#2389,#2390,#2391,#2392,#2393,#2394,#2395,
#2396,#2397,#2398,#2399,#2400,#2401,#2402));
#7708=EDGE_LOOP('',(#2403));
#7709=EDGE_LOOP('',(#2404,#2405,#2406,#2407,#2408,#2409));
#7710=EDGE_LOOP('',(#2410,#2411,#2412,#2413,#2414,#2415,#2416,#2417,#2418,
#2419,#2420,#2421,#2422,#2423,#2424,#2425));
#7711=EDGE_LOOP('',(#2426));
#7712=EDGE_LOOP('',(#2427,#2428,#2429,#2430,#2431));
#7713=EDGE_LOOP('',(#2432,#2433,#2434,#2435,#2436));
#7714=EDGE_LOOP('',(#2437,#2438,#2439,#2440,#2441,#2442,#2443,#2444,#2445,
#2446,#2447,#2448,#2449,#2450,#2451,#2452));
#7715=EDGE_LOOP('',(#2453));
#7716=EDGE_LOOP('',(#2454,#2455,#2456,#2457,#2458,#2459,#2460,#2461,#2462,
#2463,#2464,#2465,#2466,#2467,#2468,#2469));
#7717=EDGE_LOOP('',(#2470));
#7718=EDGE_LOOP('',(#2471,#2472,#2473,#2474,#2475,#2476));
#7719=EDGE_LOOP('',(#2477,#2478,#2479,#2480));
#7720=EDGE_LOOP('',(#2481,#2482,#2483,#2484));
#7721=EDGE_LOOP('',(#2485,#2486,#2487,#2488,#2489));
#7722=EDGE_LOOP('',(#2490,#2491,#2492,#2493,#2494,#2495,#2496,#2497,#2498,
#2499,#2500,#2501));
#7723=EDGE_LOOP('',(#2502));
#7724=EDGE_LOOP('',(#2503,#2504,#2505,#2506,#2507,#2508));
#7725=EDGE_LOOP('',(#2509,#2510,#2511,#2512,#2513,#2514,#2515,#2516,#2517,
#2518,#2519,#2520));
#7726=EDGE_LOOP('',(#2521));
#7727=EDGE_LOOP('',(#2522,#2523,#2524,#2525,#2526,#2527));
#7728=EDGE_LOOP('',(#2528,#2529,#2530,#2531,#2532,#2533,#2534,#2535,#2536,
#2537,#2538,#2539));
#7729=EDGE_LOOP('',(#2540));
#7730=EDGE_LOOP('',(#2541,#2542,#2543,#2544,#2545,#2546));
#7731=EDGE_LOOP('',(#2547,#2548,#2549,#2550,#2551,#2552,#2553,#2554,#2555,
#2556,#2557,#2558));
#7732=EDGE_LOOP('',(#2559));
#7733=EDGE_LOOP('',(#2560,#2561,#2562,#2563,#2564,#2565));
#7734=EDGE_LOOP('',(#2566,#2567,#2568,#2569,#2570,#2571,#2572,#2573,#2574,
#2575,#2576,#2577));
#7735=EDGE_LOOP('',(#2578));
#7736=EDGE_LOOP('',(#2579,#2580,#2581,#2582,#2583,#2584));
#7737=EDGE_LOOP('',(#2585,#2586,#2587,#2588,#2589,#2590,#2591,#2592,#2593));
#7738=EDGE_LOOP('',(#2594));
#7739=EDGE_LOOP('',(#2595,#2596,#2597,#2598,#2599,#2600));
#7740=EDGE_LOOP('',(#2601,#2602,#2603,#2604,#2605,#2606,#2607,#2608,#2609,
#2610,#2611,#2612,#2613,#2614));
#7741=EDGE_LOOP('',(#2615));
#7742=EDGE_LOOP('',(#2616,#2617,#2618,#2619,#2620,#2621));
#7743=EDGE_LOOP('',(#2622,#2623,#2624,#2625,#2626,#2627,#2628,#2629,#2630,
#2631,#2632,#2633,#2634,#2635));
#7744=EDGE_LOOP('',(#2636));
#7745=EDGE_LOOP('',(#2637,#2638,#2639,#2640,#2641,#2642));
#7746=EDGE_LOOP('',(#2643,#2644,#2645,#2646,#2647,#2648,#2649,#2650,#2651,
#2652,#2653,#2654));
#7747=EDGE_LOOP('',(#2655));
#7748=EDGE_LOOP('',(#2656,#2657,#2658,#2659));
#7749=EDGE_LOOP('',(#2660,#2661,#2662,#2663));
#7750=EDGE_LOOP('',(#2664,#2665,#2666,#2667));
#7751=EDGE_LOOP('',(#2668,#2669,#2670,#2671));
#7752=EDGE_LOOP('',(#2672,#2673,#2674,#2675));
#7753=EDGE_LOOP('',(#2676,#2677,#2678,#2679));
#7754=EDGE_LOOP('',(#2680,#2681,#2682,#2683));
#7755=EDGE_LOOP('',(#2684,#2685,#2686,#2687));
#7756=EDGE_LOOP('',(#2688,#2689,#2690,#2691));
#7757=EDGE_LOOP('',(#2692,#2693,#2694,#2695));
#7758=EDGE_LOOP('',(#2696,#2697,#2698,#2699));
#7759=EDGE_LOOP('',(#2700,#2701,#2702,#2703));
#7760=EDGE_LOOP('',(#2704,#2705,#2706,#2707));
#7761=EDGE_LOOP('',(#2708,#2709,#2710,#2711));
#7762=EDGE_LOOP('',(#2712,#2713,#2714,#2715));
#7763=EDGE_LOOP('',(#2716,#2717,#2718,#2719));
#7764=EDGE_LOOP('',(#2720,#2721,#2722,#2723));
#7765=EDGE_LOOP('',(#2724,#2725,#2726,#2727));
#7766=EDGE_LOOP('',(#2728,#2729,#2730,#2731));
#7767=EDGE_LOOP('',(#2732,#2733,#2734,#2735));
#7768=EDGE_LOOP('',(#2736,#2737,#2738,#2739));
#7769=EDGE_LOOP('',(#2740,#2741,#2742,#2743));
#7770=EDGE_LOOP('',(#2744,#2745,#2746,#2747));
#7771=EDGE_LOOP('',(#2748,#2749,#2750,#2751));
#7772=EDGE_LOOP('',(#2752,#2753,#2754,#2755));
#7773=EDGE_LOOP('',(#2756,#2757,#2758,#2759));
#7774=EDGE_LOOP('',(#2760,#2761,#2762,#2763));
#7775=EDGE_LOOP('',(#2764,#2765,#2766,#2767));
#7776=EDGE_LOOP('',(#2768,#2769,#2770,#2771));
#7777=EDGE_LOOP('',(#2772,#2773,#2774,#2775));
#7778=EDGE_LOOP('',(#2776,#2777,#2778,#2779));
#7779=EDGE_LOOP('',(#2780,#2781,#2782,#2783));
#7780=EDGE_LOOP('',(#2784,#2785,#2786,#2787));
#7781=EDGE_LOOP('',(#2788,#2789,#2790,#2791));
#7782=EDGE_LOOP('',(#2792,#2793,#2794,#2795));
#7783=EDGE_LOOP('',(#2796,#2797,#2798,#2799));
#7784=EDGE_LOOP('',(#2800,#2801,#2802,#2803));
#7785=EDGE_LOOP('',(#2804,#2805,#2806,#2807));
#7786=EDGE_LOOP('',(#2808,#2809,#2810,#2811));
#7787=EDGE_LOOP('',(#2812,#2813,#2814,#2815));
#7788=EDGE_LOOP('',(#2816,#2817,#2818,#2819));
#7789=EDGE_LOOP('',(#2820,#2821,#2822,#2823));
#7790=EDGE_LOOP('',(#2824,#2825,#2826,#2827));
#7791=EDGE_LOOP('',(#2828,#2829,#2830,#2831));
#7792=EDGE_LOOP('',(#2832,#2833,#2834,#2835));
#7793=EDGE_LOOP('',(#2836,#2837,#2838,#2839));
#7794=EDGE_LOOP('',(#2840,#2841,#2842,#2843));
#7795=EDGE_LOOP('',(#2844,#2845,#2846,#2847));
#7796=EDGE_LOOP('',(#2848,#2849,#2850,#2851));
#7797=EDGE_LOOP('',(#2852,#2853,#2854,#2855));
#7798=EDGE_LOOP('',(#2856,#2857,#2858,#2859));
#7799=EDGE_LOOP('',(#2860,#2861,#2862,#2863));
#7800=EDGE_LOOP('',(#2864,#2865,#2866,#2867));
#7801=EDGE_LOOP('',(#2868,#2869,#2870,#2871));
#7802=EDGE_LOOP('',(#2872,#2873,#2874,#2875));
#7803=EDGE_LOOP('',(#2876,#2877,#2878,#2879));
#7804=EDGE_LOOP('',(#2880,#2881,#2882,#2883));
#7805=EDGE_LOOP('',(#2884,#2885,#2886,#2887));
#7806=EDGE_LOOP('',(#2888,#2889,#2890,#2891));
#7807=EDGE_LOOP('',(#2892,#2893,#2894,#2895));
#7808=EDGE_LOOP('',(#2896,#2897,#2898,#2899));
#7809=EDGE_LOOP('',(#2900,#2901,#2902,#2903));
#7810=EDGE_LOOP('',(#2904,#2905,#2906,#2907));
#7811=EDGE_LOOP('',(#2908,#2909,#2910,#2911,#2912,#2913,#2914,#2915));
#7812=EDGE_LOOP('',(#2916,#2917,#2918,#2919));
#7813=EDGE_LOOP('',(#2920,#2921,#2922,#2923));
#7814=EDGE_LOOP('',(#2924,#2925,#2926,#2927));
#7815=EDGE_LOOP('',(#2928,#2929,#2930,#2931,#2932,#2933,#2934,#2935));
#7816=EDGE_LOOP('',(#2936,#2937,#2938,#2939));
#7817=EDGE_LOOP('',(#2940,#2941,#2942,#2943));
#7818=EDGE_LOOP('',(#2944,#2945,#2946,#2947));
#7819=EDGE_LOOP('',(#2948,#2949,#2950,#2951));
#7820=EDGE_LOOP('',(#2952,#2953,#2954,#2955));
#7821=EDGE_LOOP('',(#2956,#2957,#2958,#2959,#2960,#2961,#2962,#2963,#2964,
#2965,#2966,#2967,#2968,#2969,#2970,#2971));
#7822=EDGE_LOOP('',(#2972));
#7823=EDGE_LOOP('',(#2973,#2974,#2975,#2976,#2977));
#7824=EDGE_LOOP('',(#2978,#2979,#2980,#2981,#2982,#2983,#2984,#2985));
#7825=EDGE_LOOP('',(#2986,#2987,#2988,#2989));
#7826=EDGE_LOOP('',(#2990,#2991,#2992,#2993,#2994,#2995,#2996));
#7827=EDGE_LOOP('',(#2997,#2998,#2999,#3000));
#7828=EDGE_LOOP('',(#3001,#3002,#3003,#3004));
#7829=EDGE_LOOP('',(#3005,#3006,#3007,#3008,#3009));
#7830=EDGE_LOOP('',(#3010,#3011,#3012,#3013));
#7831=EDGE_LOOP('',(#3014,#3015,#3016,#3017));
#7832=EDGE_LOOP('',(#3018,#3019,#3020,#3021));
#7833=EDGE_LOOP('',(#3022,#3023,#3024,#3025));
#7834=EDGE_LOOP('',(#3026,#3027,#3028,#3029));
#7835=EDGE_LOOP('',(#3030,#3031,#3032,#3033));
#7836=EDGE_LOOP('',(#3034,#3035,#3036,#3037));
#7837=EDGE_LOOP('',(#3038,#3039,#3040,#3041));
#7838=EDGE_LOOP('',(#3042,#3043,#3044,#3045));
#7839=EDGE_LOOP('',(#3046,#3047,#3048,#3049));
#7840=EDGE_LOOP('',(#3050,#3051,#3052,#3053,#3054));
#7841=EDGE_LOOP('',(#3055,#3056,#3057,#3058,#3059));
#7842=EDGE_LOOP('',(#3060,#3061,#3062,#3063,#3064,#3065,#3066,#3067,#3068,
#3069));
#7843=EDGE_LOOP('',(#3070,#3071,#3072,#3073,#3074));
#7844=EDGE_LOOP('',(#3075,#3076,#3077,#3078,#3079,#3080,#3081));
#7845=EDGE_LOOP('',(#3082,#3083,#3084,#3085));
#7846=EDGE_LOOP('',(#3086,#3087,#3088,#3089,#3090,#3091,#3092));
#7847=EDGE_LOOP('',(#3093,#3094,#3095,#3096,#3097,#3098,#3099,#3100,#3101,
#3102));
#7848=EDGE_LOOP('',(#3103,#3104,#3105,#3106,#3107,#3108,#3109,#3110,#3111,
#3112));
#7849=EDGE_LOOP('',(#3113,#3114,#3115,#3116));
#7850=EDGE_LOOP('',(#3117,#3118,#3119,#3120,#3121));
#7851=EDGE_LOOP('',(#3122,#3123,#3124,#3125,#3126));
#7852=EDGE_LOOP('',(#3127,#3128,#3129,#3130,#3131));
#7853=EDGE_LOOP('',(#3132,#3133,#3134,#3135,#3136));
#7854=EDGE_LOOP('',(#3137,#3138,#3139,#3140,#3141));
#7855=EDGE_LOOP('',(#3142,#3143,#3144,#3145,#3146));
#7856=EDGE_LOOP('',(#3147,#3148,#3149,#3150,#3151));
#7857=EDGE_LOOP('',(#3152,#3153,#3154,#3155,#3156));
#7858=EDGE_LOOP('',(#3157,#3158,#3159,#3160));
#7859=EDGE_LOOP('',(#3161,#3162,#3163,#3164));
#7860=EDGE_LOOP('',(#3165,#3166,#3167,#3168));
#7861=EDGE_LOOP('',(#3169,#3170,#3171,#3172));
#7862=EDGE_LOOP('',(#3173,#3174,#3175,#3176,#3177,#3178,#3179,#3180));
#7863=EDGE_LOOP('',(#3181,#3182,#3183,#3184,#3185,#3186,#3187,#3188));
#7864=EDGE_LOOP('',(#3189,#3190,#3191,#3192,#3193,#3194,#3195,#3196));
#7865=EDGE_LOOP('',(#3197,#3198,#3199,#3200,#3201,#3202,#3203,#3204));
#7866=EDGE_LOOP('',(#3205,#3206,#3207,#3208,#3209,#3210,#3211,#3212));
#7867=EDGE_LOOP('',(#3213,#3214,#3215,#3216,#3217,#3218,#3219,#3220));
#7868=EDGE_LOOP('',(#3221,#3222,#3223,#3224));
#7869=EDGE_LOOP('',(#3225,#3226,#3227,#3228));
#7870=EDGE_LOOP('',(#3229,#3230,#3231,#3232,#3233));
#7871=EDGE_LOOP('',(#3234,#3235,#3236,#3237));
#7872=EDGE_LOOP('',(#3238,#3239,#3240,#3241));
#7873=EDGE_LOOP('',(#3242,#3243,#3244,#3245));
#7874=EDGE_LOOP('',(#3246,#3247,#3248,#3249,#3250));
#7875=EDGE_LOOP('',(#3251,#3252,#3253,#3254,#3255,#3256,#3257,#3258));
#7876=EDGE_LOOP('',(#3259,#3260,#3261,#3262,#3263));
#7877=EDGE_LOOP('',(#3264,#3265,#3266,#3267));
#7878=EDGE_LOOP('',(#3268,#3269,#3270,#3271,#3272));
#7879=EDGE_LOOP('',(#3273,#3274,#3275,#3276));
#7880=EDGE_LOOP('',(#3277,#3278,#3279,#3280));
#7881=EDGE_LOOP('',(#3281,#3282,#3283,#3284));
#7882=EDGE_LOOP('',(#3285,#3286));
#7883=EDGE_LOOP('',(#3287,#3288));
#7884=EDGE_LOOP('',(#3289,#3290,#3291,#3292));
#7885=EDGE_LOOP('',(#3293,#3294,#3295,#3296,#3297,#3298,#3299,#3300));
#7886=EDGE_LOOP('',(#3301,#3302,#3303,#3304));
#7887=EDGE_LOOP('',(#3305));
#7888=EDGE_LOOP('',(#3306));
#7889=EDGE_LOOP('',(#3307));
#7890=EDGE_LOOP('',(#3308));
#7891=EDGE_LOOP('',(#3309,#3310,#3311,#3312));
#7892=EDGE_LOOP('',(#3313,#3314,#3315,#3316));
#7893=EDGE_LOOP('',(#3317,#3318,#3319,#3320));
#7894=EDGE_LOOP('',(#3321,#3322,#3323,#3324));
#7895=EDGE_LOOP('',(#3325,#3326,#3327,#3328,#3329));
#7896=EDGE_LOOP('',(#3330,#3331,#3332,#3333));
#7897=EDGE_LOOP('',(#3334,#3335,#3336,#3337));
#7898=EDGE_LOOP('',(#3338,#3339,#3340,#3341));
#7899=EDGE_LOOP('',(#3342,#3343,#3344,#3345));
#7900=EDGE_LOOP('',(#3346,#3347,#3348,#3349));
#7901=EDGE_LOOP('',(#3350,#3351,#3352,#3353));
#7902=EDGE_LOOP('',(#3354,#3355,#3356,#3357));
#7903=EDGE_LOOP('',(#3358,#3359,#3360,#3361));
#7904=FACE_BOUND('',#7290,.T.);
#7905=FACE_BOUND('',#7291,.T.);
#7906=FACE_BOUND('',#7292,.T.);
#7907=FACE_BOUND('',#7293,.T.);
#7908=FACE_BOUND('',#7294,.T.);
#7909=FACE_BOUND('',#7295,.T.);
#7910=FACE_BOUND('',#7296,.T.);
#7911=FACE_BOUND('',#7297,.T.);
#7912=FACE_BOUND('',#7298,.T.);
#7913=FACE_BOUND('',#7299,.T.);
#7914=FACE_BOUND('',#7300,.T.);
#7915=FACE_BOUND('',#7301,.T.);
#7916=FACE_BOUND('',#7302,.T.);
#7917=FACE_BOUND('',#7303,.T.);
#7918=FACE_BOUND('',#7304,.T.);
#7919=FACE_BOUND('',#7305,.T.);
#7920=FACE_BOUND('',#7306,.T.);
#7921=FACE_BOUND('',#7307,.T.);
#7922=FACE_BOUND('',#7308,.T.);
#7923=FACE_BOUND('',#7309,.T.);
#7924=FACE_BOUND('',#7310,.T.);
#7925=FACE_BOUND('',#7311,.T.);
#7926=FACE_BOUND('',#7312,.T.);
#7927=FACE_BOUND('',#7313,.T.);
#7928=FACE_BOUND('',#7314,.T.);
#7929=FACE_BOUND('',#7315,.T.);
#7930=FACE_BOUND('',#7316,.T.);
#7931=FACE_BOUND('',#7317,.T.);
#7932=FACE_BOUND('',#7318,.T.);
#7933=FACE_BOUND('',#7319,.T.);
#7934=FACE_BOUND('',#7320,.T.);
#7935=FACE_BOUND('',#7321,.T.);
#7936=FACE_BOUND('',#7322,.T.);
#7937=FACE_BOUND('',#7323,.T.);
#7938=FACE_BOUND('',#7324,.T.);
#7939=FACE_BOUND('',#7325,.T.);
#7940=FACE_BOUND('',#7326,.T.);
#7941=FACE_BOUND('',#7327,.T.);
#7942=FACE_BOUND('',#7328,.T.);
#7943=FACE_BOUND('',#7329,.T.);
#7944=FACE_BOUND('',#7330,.T.);
#7945=FACE_BOUND('',#7331,.T.);
#7946=FACE_BOUND('',#7332,.T.);
#7947=FACE_BOUND('',#7333,.T.);
#7948=FACE_BOUND('',#7334,.T.);
#7949=FACE_BOUND('',#7335,.T.);
#7950=FACE_BOUND('',#7336,.T.);
#7951=FACE_BOUND('',#7337,.T.);
#7952=FACE_BOUND('',#7338,.T.);
#7953=FACE_BOUND('',#7339,.T.);
#7954=FACE_BOUND('',#7340,.T.);
#7955=FACE_BOUND('',#7341,.T.);
#7956=FACE_BOUND('',#7342,.T.);
#7957=FACE_BOUND('',#7343,.T.);
#7958=FACE_BOUND('',#7344,.T.);
#7959=FACE_BOUND('',#7345,.T.);
#7960=FACE_BOUND('',#7346,.T.);
#7961=FACE_BOUND('',#7347,.T.);
#7962=FACE_BOUND('',#7348,.T.);
#7963=FACE_BOUND('',#7349,.T.);
#7964=FACE_BOUND('',#7350,.T.);
#7965=FACE_BOUND('',#7351,.T.);
#7966=FACE_BOUND('',#7352,.T.);
#7967=FACE_BOUND('',#7353,.T.);
#7968=FACE_BOUND('',#7354,.T.);
#7969=FACE_BOUND('',#7355,.T.);
#7970=FACE_BOUND('',#7356,.T.);
#7971=FACE_BOUND('',#7357,.T.);
#7972=FACE_BOUND('',#7358,.T.);
#7973=FACE_BOUND('',#7359,.T.);
#7974=FACE_BOUND('',#7360,.T.);
#7975=FACE_BOUND('',#7361,.T.);
#7976=FACE_BOUND('',#7362,.T.);
#7977=FACE_BOUND('',#7363,.T.);
#7978=FACE_BOUND('',#7364,.T.);
#7979=FACE_BOUND('',#7365,.T.);
#7980=FACE_BOUND('',#7366,.T.);
#7981=FACE_BOUND('',#7367,.T.);
#7982=FACE_BOUND('',#7368,.T.);
#7983=FACE_BOUND('',#7369,.T.);
#7984=FACE_BOUND('',#7370,.T.);
#7985=FACE_BOUND('',#7371,.T.);
#7986=FACE_BOUND('',#7372,.T.);
#7987=FACE_BOUND('',#7373,.T.);
#7988=FACE_BOUND('',#7374,.T.);
#7989=FACE_BOUND('',#7375,.T.);
#7990=FACE_BOUND('',#7376,.T.);
#7991=FACE_BOUND('',#7377,.T.);
#7992=FACE_BOUND('',#7378,.T.);
#7993=FACE_BOUND('',#7379,.T.);
#7994=FACE_BOUND('',#7380,.T.);
#7995=FACE_BOUND('',#7381,.T.);
#7996=FACE_BOUND('',#7382,.T.);
#7997=FACE_BOUND('',#7383,.T.);
#7998=FACE_BOUND('',#7384,.T.);
#7999=FACE_BOUND('',#7385,.T.);
#8000=FACE_BOUND('',#7386,.T.);
#8001=FACE_BOUND('',#7387,.T.);
#8002=FACE_BOUND('',#7388,.T.);
#8003=FACE_BOUND('',#7389,.T.);
#8004=FACE_BOUND('',#7390,.T.);
#8005=FACE_BOUND('',#7391,.T.);
#8006=FACE_BOUND('',#7392,.T.);
#8007=FACE_BOUND('',#7393,.T.);
#8008=FACE_BOUND('',#7394,.T.);
#8009=FACE_BOUND('',#7395,.T.);
#8010=FACE_BOUND('',#7396,.T.);
#8011=FACE_BOUND('',#7397,.T.);
#8012=FACE_BOUND('',#7398,.T.);
#8013=FACE_BOUND('',#7399,.T.);
#8014=FACE_BOUND('',#7400,.T.);
#8015=FACE_BOUND('',#7401,.T.);
#8016=FACE_BOUND('',#7402,.T.);
#8017=FACE_BOUND('',#7403,.T.);
#8018=FACE_BOUND('',#7404,.T.);
#8019=FACE_BOUND('',#7405,.T.);
#8020=FACE_BOUND('',#7406,.T.);
#8021=FACE_BOUND('',#7407,.T.);
#8022=FACE_BOUND('',#7408,.T.);
#8023=FACE_BOUND('',#7409,.T.);
#8024=FACE_BOUND('',#7410,.T.);
#8025=FACE_BOUND('',#7411,.T.);
#8026=FACE_BOUND('',#7412,.T.);
#8027=FACE_BOUND('',#7413,.T.);
#8028=FACE_BOUND('',#7414,.T.);
#8029=FACE_BOUND('',#7415,.T.);
#8030=FACE_BOUND('',#7416,.T.);
#8031=FACE_BOUND('',#7417,.T.);
#8032=FACE_BOUND('',#7418,.T.);
#8033=FACE_BOUND('',#7419,.T.);
#8034=FACE_BOUND('',#7420,.T.);
#8035=FACE_BOUND('',#7421,.T.);
#8036=FACE_BOUND('',#7422,.T.);
#8037=FACE_BOUND('',#7423,.T.);
#8038=FACE_BOUND('',#7424,.T.);
#8039=FACE_BOUND('',#7425,.T.);
#8040=FACE_BOUND('',#7426,.T.);
#8041=FACE_BOUND('',#7427,.T.);
#8042=FACE_BOUND('',#7428,.T.);
#8043=FACE_BOUND('',#7429,.T.);
#8044=FACE_BOUND('',#7430,.T.);
#8045=FACE_BOUND('',#7431,.T.);
#8046=FACE_BOUND('',#7432,.T.);
#8047=FACE_BOUND('',#7433,.T.);
#8048=FACE_BOUND('',#7434,.T.);
#8049=FACE_BOUND('',#7435,.T.);
#8050=FACE_BOUND('',#7436,.T.);
#8051=FACE_BOUND('',#7437,.T.);
#8052=FACE_BOUND('',#7438,.T.);
#8053=FACE_BOUND('',#7439,.T.);
#8054=FACE_BOUND('',#7440,.T.);
#8055=FACE_BOUND('',#7441,.T.);
#8056=FACE_BOUND('',#7442,.T.);
#8057=FACE_BOUND('',#7443,.T.);
#8058=FACE_BOUND('',#7444,.T.);
#8059=FACE_BOUND('',#7445,.T.);
#8060=FACE_BOUND('',#7446,.T.);
#8061=FACE_BOUND('',#7447,.T.);
#8062=FACE_BOUND('',#7448,.T.);
#8063=FACE_BOUND('',#7449,.T.);
#8064=FACE_BOUND('',#7450,.T.);
#8065=FACE_BOUND('',#7451,.T.);
#8066=FACE_BOUND('',#7452,.T.);
#8067=FACE_BOUND('',#7453,.T.);
#8068=FACE_BOUND('',#7454,.T.);
#8069=FACE_BOUND('',#7455,.T.);
#8070=FACE_BOUND('',#7456,.T.);
#8071=FACE_BOUND('',#7457,.T.);
#8072=FACE_BOUND('',#7458,.T.);
#8073=FACE_BOUND('',#7459,.T.);
#8074=FACE_BOUND('',#7460,.T.);
#8075=FACE_BOUND('',#7461,.T.);
#8076=FACE_BOUND('',#7462,.T.);
#8077=FACE_BOUND('',#7463,.T.);
#8078=FACE_BOUND('',#7464,.T.);
#8079=FACE_BOUND('',#7465,.T.);
#8080=FACE_BOUND('',#7466,.T.);
#8081=FACE_BOUND('',#7467,.T.);
#8082=FACE_BOUND('',#7468,.T.);
#8083=FACE_BOUND('',#7469,.T.);
#8084=FACE_BOUND('',#7470,.T.);
#8085=FACE_BOUND('',#7471,.T.);
#8086=FACE_BOUND('',#7472,.T.);
#8087=FACE_BOUND('',#7473,.T.);
#8088=FACE_BOUND('',#7474,.T.);
#8089=FACE_BOUND('',#7475,.T.);
#8090=FACE_BOUND('',#7476,.T.);
#8091=FACE_BOUND('',#7477,.T.);
#8092=FACE_BOUND('',#7478,.T.);
#8093=FACE_BOUND('',#7479,.T.);
#8094=FACE_BOUND('',#7480,.T.);
#8095=FACE_BOUND('',#7481,.T.);
#8096=FACE_BOUND('',#7482,.T.);
#8097=FACE_BOUND('',#7483,.T.);
#8098=FACE_BOUND('',#7484,.T.);
#8099=FACE_BOUND('',#7485,.T.);
#8100=FACE_BOUND('',#7486,.T.);
#8101=FACE_BOUND('',#7487,.T.);
#8102=FACE_BOUND('',#7488,.T.);
#8103=FACE_BOUND('',#7489,.T.);
#8104=FACE_BOUND('',#7490,.T.);
#8105=FACE_BOUND('',#7491,.T.);
#8106=FACE_BOUND('',#7492,.T.);
#8107=FACE_BOUND('',#7493,.T.);
#8108=FACE_BOUND('',#7494,.T.);
#8109=FACE_BOUND('',#7495,.T.);
#8110=FACE_BOUND('',#7496,.T.);
#8111=FACE_BOUND('',#7497,.T.);
#8112=FACE_BOUND('',#7498,.T.);
#8113=FACE_BOUND('',#7499,.T.);
#8114=FACE_BOUND('',#7500,.T.);
#8115=FACE_BOUND('',#7501,.T.);
#8116=FACE_BOUND('',#7502,.T.);
#8117=FACE_BOUND('',#7503,.T.);
#8118=FACE_BOUND('',#7504,.T.);
#8119=FACE_BOUND('',#7505,.T.);
#8120=FACE_BOUND('',#7506,.T.);
#8121=FACE_BOUND('',#7507,.T.);
#8122=FACE_BOUND('',#7508,.T.);
#8123=FACE_BOUND('',#7509,.T.);
#8124=FACE_BOUND('',#7510,.T.);
#8125=FACE_BOUND('',#7511,.T.);
#8126=FACE_BOUND('',#7512,.T.);
#8127=FACE_BOUND('',#7513,.T.);
#8128=FACE_BOUND('',#7514,.T.);
#8129=FACE_BOUND('',#7515,.T.);
#8130=FACE_BOUND('',#7516,.T.);
#8131=FACE_BOUND('',#7517,.T.);
#8132=FACE_BOUND('',#7518,.T.);
#8133=FACE_BOUND('',#7519,.T.);
#8134=FACE_BOUND('',#7520,.T.);
#8135=FACE_BOUND('',#7521,.T.);
#8136=FACE_BOUND('',#7522,.T.);
#8137=FACE_BOUND('',#7523,.T.);
#8138=FACE_BOUND('',#7524,.T.);
#8139=FACE_BOUND('',#7525,.T.);
#8140=FACE_BOUND('',#7526,.T.);
#8141=FACE_BOUND('',#7527,.T.);
#8142=FACE_BOUND('',#7528,.T.);
#8143=FACE_BOUND('',#7529,.T.);
#8144=FACE_BOUND('',#7530,.T.);
#8145=FACE_BOUND('',#7531,.T.);
#8146=FACE_BOUND('',#7532,.T.);
#8147=FACE_BOUND('',#7533,.T.);
#8148=FACE_BOUND('',#7534,.T.);
#8149=FACE_BOUND('',#7535,.T.);
#8150=FACE_BOUND('',#7536,.T.);
#8151=FACE_BOUND('',#7537,.T.);
#8152=FACE_BOUND('',#7538,.T.);
#8153=FACE_BOUND('',#7539,.T.);
#8154=FACE_BOUND('',#7540,.T.);
#8155=FACE_BOUND('',#7541,.T.);
#8156=FACE_BOUND('',#7542,.T.);
#8157=FACE_BOUND('',#7543,.T.);
#8158=FACE_BOUND('',#7544,.T.);
#8159=FACE_BOUND('',#7545,.T.);
#8160=FACE_BOUND('',#7546,.T.);
#8161=FACE_BOUND('',#7547,.T.);
#8162=FACE_BOUND('',#7548,.T.);
#8163=FACE_BOUND('',#7549,.T.);
#8164=FACE_BOUND('',#7550,.T.);
#8165=FACE_BOUND('',#7551,.T.);
#8166=FACE_BOUND('',#7552,.T.);
#8167=FACE_BOUND('',#7553,.T.);
#8168=FACE_BOUND('',#7554,.T.);
#8169=FACE_BOUND('',#7555,.T.);
#8170=FACE_BOUND('',#7556,.T.);
#8171=FACE_BOUND('',#7557,.T.);
#8172=FACE_BOUND('',#7558,.T.);
#8173=FACE_BOUND('',#7559,.T.);
#8174=FACE_BOUND('',#7560,.T.);
#8175=FACE_BOUND('',#7561,.T.);
#8176=FACE_BOUND('',#7562,.T.);
#8177=FACE_BOUND('',#7563,.T.);
#8178=FACE_BOUND('',#7564,.T.);
#8179=FACE_BOUND('',#7565,.T.);
#8180=FACE_BOUND('',#7566,.T.);
#8181=FACE_BOUND('',#7567,.T.);
#8182=FACE_BOUND('',#7568,.T.);
#8183=FACE_BOUND('',#7569,.T.);
#8184=FACE_BOUND('',#7570,.T.);
#8185=FACE_BOUND('',#7571,.T.);
#8186=FACE_BOUND('',#7572,.T.);
#8187=FACE_BOUND('',#7573,.T.);
#8188=FACE_BOUND('',#7574,.T.);
#8189=FACE_BOUND('',#7575,.T.);
#8190=FACE_BOUND('',#7576,.T.);
#8191=FACE_BOUND('',#7577,.T.);
#8192=FACE_BOUND('',#7578,.T.);
#8193=FACE_BOUND('',#7579,.T.);
#8194=FACE_BOUND('',#7580,.T.);
#8195=FACE_BOUND('',#7581,.T.);
#8196=FACE_BOUND('',#7582,.T.);
#8197=FACE_BOUND('',#7583,.T.);
#8198=FACE_BOUND('',#7584,.T.);
#8199=FACE_BOUND('',#7585,.T.);
#8200=FACE_BOUND('',#7586,.T.);
#8201=FACE_BOUND('',#7587,.T.);
#8202=FACE_BOUND('',#7588,.T.);
#8203=FACE_BOUND('',#7589,.T.);
#8204=FACE_BOUND('',#7590,.T.);
#8205=FACE_BOUND('',#7591,.T.);
#8206=FACE_BOUND('',#7592,.T.);
#8207=FACE_BOUND('',#7593,.T.);
#8208=FACE_BOUND('',#7594,.T.);
#8209=FACE_BOUND('',#7595,.T.);
#8210=FACE_BOUND('',#7596,.T.);
#8211=FACE_BOUND('',#7597,.T.);
#8212=FACE_BOUND('',#7598,.T.);
#8213=FACE_BOUND('',#7599,.T.);
#8214=FACE_BOUND('',#7600,.T.);
#8215=FACE_BOUND('',#7601,.T.);
#8216=FACE_BOUND('',#7602,.T.);
#8217=FACE_BOUND('',#7603,.T.);
#8218=FACE_BOUND('',#7604,.T.);
#8219=FACE_BOUND('',#7605,.T.);
#8220=FACE_BOUND('',#7606,.T.);
#8221=FACE_BOUND('',#7607,.T.);
#8222=FACE_BOUND('',#7608,.T.);
#8223=FACE_BOUND('',#7609,.T.);
#8224=FACE_BOUND('',#7610,.T.);
#8225=FACE_BOUND('',#7611,.T.);
#8226=FACE_BOUND('',#7612,.T.);
#8227=FACE_BOUND('',#7613,.T.);
#8228=FACE_BOUND('',#7614,.T.);
#8229=FACE_BOUND('',#7615,.T.);
#8230=FACE_BOUND('',#7616,.T.);
#8231=FACE_BOUND('',#7617,.T.);
#8232=FACE_BOUND('',#7618,.T.);
#8233=FACE_BOUND('',#7619,.T.);
#8234=FACE_BOUND('',#7620,.T.);
#8235=FACE_BOUND('',#7621,.T.);
#8236=FACE_BOUND('',#7622,.T.);
#8237=FACE_BOUND('',#7623,.T.);
#8238=FACE_BOUND('',#7624,.T.);
#8239=FACE_BOUND('',#7625,.T.);
#8240=FACE_BOUND('',#7626,.T.);
#8241=FACE_BOUND('',#7627,.T.);
#8242=FACE_BOUND('',#7628,.T.);
#8243=FACE_BOUND('',#7629,.T.);
#8244=FACE_BOUND('',#7630,.T.);
#8245=FACE_BOUND('',#7631,.T.);
#8246=FACE_BOUND('',#7632,.T.);
#8247=FACE_BOUND('',#7633,.T.);
#8248=FACE_BOUND('',#7634,.T.);
#8249=FACE_BOUND('',#7635,.T.);
#8250=FACE_BOUND('',#7636,.T.);
#8251=FACE_BOUND('',#7637,.T.);
#8252=FACE_BOUND('',#7638,.T.);
#8253=FACE_BOUND('',#7639,.T.);
#8254=FACE_BOUND('',#7640,.T.);
#8255=FACE_BOUND('',#7641,.T.);
#8256=FACE_BOUND('',#7642,.T.);
#8257=FACE_BOUND('',#7643,.T.);
#8258=FACE_BOUND('',#7644,.T.);
#8259=FACE_BOUND('',#7645,.T.);
#8260=FACE_BOUND('',#7646,.T.);
#8261=FACE_BOUND('',#7647,.T.);
#8262=FACE_BOUND('',#7648,.T.);
#8263=FACE_BOUND('',#7649,.T.);
#8264=FACE_BOUND('',#7650,.T.);
#8265=FACE_BOUND('',#7651,.T.);
#8266=FACE_BOUND('',#7652,.T.);
#8267=FACE_BOUND('',#7653,.T.);
#8268=FACE_BOUND('',#7654,.T.);
#8269=FACE_BOUND('',#7655,.T.);
#8270=FACE_BOUND('',#7656,.T.);
#8271=FACE_BOUND('',#7657,.T.);
#8272=FACE_BOUND('',#7658,.T.);
#8273=FACE_BOUND('',#7659,.T.);
#8274=FACE_BOUND('',#7660,.T.);
#8275=FACE_BOUND('',#7661,.T.);
#8276=FACE_BOUND('',#7662,.T.);
#8277=FACE_BOUND('',#7663,.T.);
#8278=FACE_BOUND('',#7664,.T.);
#8279=FACE_BOUND('',#7665,.T.);
#8280=FACE_BOUND('',#7666,.T.);
#8281=FACE_BOUND('',#7667,.T.);
#8282=FACE_BOUND('',#7668,.T.);
#8283=FACE_BOUND('',#7669,.T.);
#8284=FACE_BOUND('',#7670,.T.);
#8285=FACE_BOUND('',#7671,.T.);
#8286=FACE_BOUND('',#7672,.T.);
#8287=FACE_BOUND('',#7673,.T.);
#8288=FACE_BOUND('',#7674,.T.);
#8289=FACE_BOUND('',#7675,.T.);
#8290=FACE_BOUND('',#7676,.T.);
#8291=FACE_BOUND('',#7677,.T.);
#8292=FACE_BOUND('',#7678,.T.);
#8293=FACE_BOUND('',#7679,.T.);
#8294=FACE_BOUND('',#7680,.T.);
#8295=FACE_BOUND('',#7681,.T.);
#8296=FACE_BOUND('',#7682,.T.);
#8297=FACE_BOUND('',#7683,.T.);
#8298=FACE_BOUND('',#7684,.T.);
#8299=FACE_BOUND('',#7685,.T.);
#8300=FACE_BOUND('',#7686,.T.);
#8301=FACE_BOUND('',#7687,.T.);
#8302=FACE_BOUND('',#7688,.T.);
#8303=FACE_BOUND('',#7689,.T.);
#8304=FACE_BOUND('',#7690,.T.);
#8305=FACE_BOUND('',#7691,.T.);
#8306=FACE_BOUND('',#7692,.T.);
#8307=FACE_BOUND('',#7693,.T.);
#8308=FACE_BOUND('',#7694,.T.);
#8309=FACE_BOUND('',#7695,.T.);
#8310=FACE_BOUND('',#7696,.T.);
#8311=FACE_BOUND('',#7697,.T.);
#8312=FACE_BOUND('',#7698,.T.);
#8313=FACE_BOUND('',#7699,.T.);
#8314=FACE_BOUND('',#7700,.T.);
#8315=FACE_BOUND('',#7701,.T.);
#8316=FACE_BOUND('',#7702,.T.);
#8317=FACE_BOUND('',#7703,.T.);
#8318=FACE_BOUND('',#7704,.T.);
#8319=FACE_BOUND('',#7705,.T.);
#8320=FACE_BOUND('',#7706,.T.);
#8321=FACE_BOUND('',#7707,.T.);
#8322=FACE_BOUND('',#7708,.T.);
#8323=FACE_BOUND('',#7709,.T.);
#8324=FACE_BOUND('',#7710,.T.);
#8325=FACE_BOUND('',#7711,.T.);
#8326=FACE_BOUND('',#7712,.T.);
#8327=FACE_BOUND('',#7713,.T.);
#8328=FACE_BOUND('',#7714,.T.);
#8329=FACE_BOUND('',#7715,.T.);
#8330=FACE_BOUND('',#7716,.T.);
#8331=FACE_BOUND('',#7717,.T.);
#8332=FACE_BOUND('',#7718,.T.);
#8333=FACE_BOUND('',#7719,.T.);
#8334=FACE_BOUND('',#7720,.T.);
#8335=FACE_BOUND('',#7721,.T.);
#8336=FACE_BOUND('',#7722,.T.);
#8337=FACE_BOUND('',#7723,.T.);
#8338=FACE_BOUND('',#7724,.T.);
#8339=FACE_BOUND('',#7725,.T.);
#8340=FACE_BOUND('',#7726,.T.);
#8341=FACE_BOUND('',#7727,.T.);
#8342=FACE_BOUND('',#7728,.T.);
#8343=FACE_BOUND('',#7729,.T.);
#8344=FACE_BOUND('',#7730,.T.);
#8345=FACE_BOUND('',#7731,.T.);
#8346=FACE_BOUND('',#7732,.T.);
#8347=FACE_BOUND('',#7733,.T.);
#8348=FACE_BOUND('',#7734,.T.);
#8349=FACE_BOUND('',#7735,.T.);
#8350=FACE_BOUND('',#7736,.T.);
#8351=FACE_BOUND('',#7737,.T.);
#8352=FACE_BOUND('',#7738,.T.);
#8353=FACE_BOUND('',#7739,.T.);
#8354=FACE_BOUND('',#7740,.T.);
#8355=FACE_BOUND('',#7741,.T.);
#8356=FACE_BOUND('',#7742,.T.);
#8357=FACE_BOUND('',#7743,.T.);
#8358=FACE_BOUND('',#7744,.T.);
#8359=FACE_BOUND('',#7745,.T.);
#8360=FACE_BOUND('',#7746,.T.);
#8361=FACE_BOUND('',#7747,.T.);
#8362=FACE_BOUND('',#7748,.T.);
#8363=FACE_BOUND('',#7749,.T.);
#8364=FACE_BOUND('',#7750,.T.);
#8365=FACE_BOUND('',#7751,.T.);
#8366=FACE_BOUND('',#7752,.T.);
#8367=FACE_BOUND('',#7753,.T.);
#8368=FACE_BOUND('',#7754,.T.);
#8369=FACE_BOUND('',#7755,.T.);
#8370=FACE_BOUND('',#7756,.T.);
#8371=FACE_BOUND('',#7757,.T.);
#8372=FACE_BOUND('',#7758,.T.);
#8373=FACE_BOUND('',#7759,.T.);
#8374=FACE_BOUND('',#7760,.T.);
#8375=FACE_BOUND('',#7761,.T.);
#8376=FACE_BOUND('',#7762,.T.);
#8377=FACE_BOUND('',#7763,.T.);
#8378=FACE_BOUND('',#7764,.T.);
#8379=FACE_BOUND('',#7765,.T.);
#8380=FACE_BOUND('',#7766,.T.);
#8381=FACE_BOUND('',#7767,.T.);
#8382=FACE_BOUND('',#7768,.T.);
#8383=FACE_BOUND('',#7769,.T.);
#8384=FACE_BOUND('',#7770,.T.);
#8385=FACE_BOUND('',#7771,.T.);
#8386=FACE_BOUND('',#7772,.T.);
#8387=FACE_BOUND('',#7773,.T.);
#8388=FACE_BOUND('',#7774,.T.);
#8389=FACE_BOUND('',#7775,.T.);
#8390=FACE_BOUND('',#7776,.T.);
#8391=FACE_BOUND('',#7777,.T.);
#8392=FACE_BOUND('',#7778,.T.);
#8393=FACE_BOUND('',#7779,.T.);
#8394=FACE_BOUND('',#7780,.T.);
#8395=FACE_BOUND('',#7781,.T.);
#8396=FACE_BOUND('',#7782,.T.);
#8397=FACE_BOUND('',#7783,.T.);
#8398=FACE_BOUND('',#7784,.T.);
#8399=FACE_BOUND('',#7785,.T.);
#8400=FACE_BOUND('',#7786,.T.);
#8401=FACE_BOUND('',#7787,.T.);
#8402=FACE_BOUND('',#7788,.T.);
#8403=FACE_BOUND('',#7789,.T.);
#8404=FACE_BOUND('',#7790,.T.);
#8405=FACE_BOUND('',#7791,.T.);
#8406=FACE_BOUND('',#7792,.T.);
#8407=FACE_BOUND('',#7793,.T.);
#8408=FACE_BOUND('',#7794,.T.);
#8409=FACE_BOUND('',#7795,.T.);
#8410=FACE_BOUND('',#7796,.T.);
#8411=FACE_BOUND('',#7797,.T.);
#8412=FACE_BOUND('',#7798,.T.);
#8413=FACE_BOUND('',#7799,.T.);
#8414=FACE_BOUND('',#7800,.T.);
#8415=FACE_BOUND('',#7801,.T.);
#8416=FACE_BOUND('',#7802,.T.);
#8417=FACE_BOUND('',#7803,.T.);
#8418=FACE_BOUND('',#7804,.T.);
#8419=FACE_BOUND('',#7805,.T.);
#8420=FACE_BOUND('',#7806,.T.);
#8421=FACE_BOUND('',#7807,.T.);
#8422=FACE_BOUND('',#7808,.T.);
#8423=FACE_BOUND('',#7809,.T.);
#8424=FACE_BOUND('',#7810,.T.);
#8425=FACE_BOUND('',#7811,.T.);
#8426=FACE_BOUND('',#7812,.T.);
#8427=FACE_BOUND('',#7813,.T.);
#8428=FACE_BOUND('',#7814,.T.);
#8429=FACE_BOUND('',#7815,.T.);
#8430=FACE_BOUND('',#7816,.T.);
#8431=FACE_BOUND('',#7817,.T.);
#8432=FACE_BOUND('',#7818,.T.);
#8433=FACE_BOUND('',#7819,.T.);
#8434=FACE_BOUND('',#7820,.T.);
#8435=FACE_BOUND('',#7821,.T.);
#8436=FACE_BOUND('',#7822,.T.);
#8437=FACE_BOUND('',#7823,.T.);
#8438=FACE_BOUND('',#7824,.T.);
#8439=FACE_BOUND('',#7825,.T.);
#8440=FACE_BOUND('',#7826,.T.);
#8441=FACE_BOUND('',#7827,.T.);
#8442=FACE_BOUND('',#7828,.T.);
#8443=FACE_BOUND('',#7829,.T.);
#8444=FACE_BOUND('',#7830,.T.);
#8445=FACE_BOUND('',#7831,.T.);
#8446=FACE_BOUND('',#7832,.T.);
#8447=FACE_BOUND('',#7833,.T.);
#8448=FACE_BOUND('',#7834,.T.);
#8449=FACE_BOUND('',#7835,.T.);
#8450=FACE_BOUND('',#7836,.T.);
#8451=FACE_BOUND('',#7837,.T.);
#8452=FACE_BOUND('',#7838,.T.);
#8453=FACE_BOUND('',#7839,.T.);
#8454=FACE_BOUND('',#7840,.T.);
#8455=FACE_BOUND('',#7841,.T.);
#8456=FACE_BOUND('',#7842,.T.);
#8457=FACE_BOUND('',#7843,.T.);
#8458=FACE_BOUND('',#7844,.T.);
#8459=FACE_BOUND('',#7845,.T.);
#8460=FACE_BOUND('',#7846,.T.);
#8461=FACE_BOUND('',#7847,.T.);
#8462=FACE_BOUND('',#7848,.T.);
#8463=FACE_BOUND('',#7849,.T.);
#8464=FACE_BOUND('',#7850,.T.);
#8465=FACE_BOUND('',#7851,.T.);
#8466=FACE_BOUND('',#7852,.T.);
#8467=FACE_BOUND('',#7853,.T.);
#8468=FACE_BOUND('',#7854,.T.);
#8469=FACE_BOUND('',#7855,.T.);
#8470=FACE_BOUND('',#7856,.T.);
#8471=FACE_BOUND('',#7857,.T.);
#8472=FACE_BOUND('',#7858,.T.);
#8473=FACE_BOUND('',#7859,.T.);
#8474=FACE_BOUND('',#7860,.T.);
#8475=FACE_BOUND('',#7861,.T.);
#8476=FACE_BOUND('',#7862,.T.);
#8477=FACE_BOUND('',#7863,.T.);
#8478=FACE_BOUND('',#7864,.T.);
#8479=FACE_BOUND('',#7865,.T.);
#8480=FACE_BOUND('',#7866,.T.);
#8481=FACE_BOUND('',#7867,.T.);
#8482=FACE_BOUND('',#7868,.T.);
#8483=FACE_BOUND('',#7869,.T.);
#8484=FACE_BOUND('',#7870,.T.);
#8485=FACE_BOUND('',#7871,.T.);
#8486=FACE_BOUND('',#7872,.T.);
#8487=FACE_BOUND('',#7873,.T.);
#8488=FACE_BOUND('',#7874,.T.);
#8489=FACE_BOUND('',#7875,.T.);
#8490=FACE_BOUND('',#7876,.T.);
#8491=FACE_BOUND('',#7877,.T.);
#8492=FACE_BOUND('',#7878,.T.);
#8493=FACE_BOUND('',#7879,.T.);
#8494=FACE_BOUND('',#7880,.T.);
#8495=FACE_BOUND('',#7881,.T.);
#8496=FACE_BOUND('',#7882,.T.);
#8497=FACE_BOUND('',#7883,.T.);
#8498=FACE_BOUND('',#7884,.T.);
#8499=FACE_BOUND('',#7885,.T.);
#8500=FACE_BOUND('',#7886,.T.);
#8501=FACE_BOUND('',#7887,.T.);
#8502=FACE_BOUND('',#7888,.T.);
#8503=FACE_BOUND('',#7889,.T.);
#8504=FACE_BOUND('',#7890,.T.);
#8505=FACE_BOUND('',#7891,.T.);
#8506=FACE_BOUND('',#7892,.T.);
#8507=FACE_BOUND('',#7893,.T.);
#8508=FACE_BOUND('',#7894,.T.);
#8509=FACE_BOUND('',#7895,.T.);
#8510=FACE_BOUND('',#7896,.T.);
#8511=FACE_BOUND('',#7897,.T.);
#8512=FACE_BOUND('',#7898,.T.);
#8513=FACE_BOUND('',#7899,.T.);
#8514=FACE_BOUND('',#7900,.T.);
#8515=FACE_BOUND('',#7901,.T.);
#8516=FACE_BOUND('',#7902,.T.);
#8517=FACE_BOUND('',#7903,.T.);
#8518=PLANE('',#9388);
#8519=PLANE('',#9397);
#8520=PLANE('',#9401);
#8521=PLANE('',#9411);
#8522=PLANE('',#9412);
#8523=PLANE('',#9413);
#8524=PLANE('',#9414);
#8525=PLANE('',#9417);
#8526=PLANE('',#9418);
#8527=PLANE('',#9419);
#8528=PLANE('',#9422);
#8529=PLANE('',#9423);
#8530=PLANE('',#9424);
#8531=PLANE('',#9425);
#8532=PLANE('',#9427);
#8533=PLANE('',#9428);
#8534=PLANE('',#9431);
#8535=PLANE('',#9432);
#8536=PLANE('',#9435);
#8537=PLANE('',#9436);
#8538=PLANE('',#9437);
#8539=PLANE('',#9438);
#8540=PLANE('',#9440);
#8541=PLANE('',#9441);
#8542=PLANE('',#9444);
#8543=PLANE('',#9446);
#8544=PLANE('',#9448);
#8545=PLANE('',#9450);
#8546=PLANE('',#9452);
#8547=PLANE('',#9454);
#8548=PLANE('',#9456);
#8549=PLANE('',#9458);
#8550=PLANE('',#9480);
#8551=PLANE('',#9482);
#8552=PLANE('',#9484);
#8553=PLANE('',#9486);
#8554=PLANE('',#9488);
#8555=PLANE('',#9490);
#8556=PLANE('',#9492);
#8557=PLANE('',#9494);
#8558=PLANE('',#9496);
#8559=PLANE('',#9498);
#8560=PLANE('',#9500);
#8561=PLANE('',#9502);
#8562=PLANE('',#9504);
#8563=PLANE('',#9507);
#8564=PLANE('',#9510);
#8565=PLANE('',#9513);
#8566=PLANE('',#9516);
#8567=PLANE('',#9519);
#8568=PLANE('',#9527);
#8569=PLANE('',#9536);
#8570=PLANE('',#9538);
#8571=PLANE('',#9543);
#8572=PLANE('',#9545);
#8573=PLANE('',#9554);
#8574=PLANE('',#9556);
#8575=PLANE('',#9565);
#8576=PLANE('',#9567);
#8577=PLANE('',#9574);
#8578=PLANE('',#9578);
#8579=PLANE('',#9581);
#8580=PLANE('',#9589);
#8581=PLANE('',#9592);
#8582=PLANE('',#9598);
#8583=PLANE('',#9600);
#8584=PLANE('',#9609);
#8585=PLANE('',#9611);
#8586=PLANE('',#9619);
#8587=PLANE('',#9626);
#8588=PLANE('',#9633);
#8589=PLANE('',#9640);
#8590=PLANE('',#9647);
#8591=PLANE('',#9654);
#8592=PLANE('',#9661);
#8593=PLANE('',#9668);
#8594=PLANE('',#9675);
#8595=PLANE('',#9684);
#8596=PLANE('',#9691);
#8597=PLANE('',#9698);
#8598=PLANE('',#9699);
#8599=PLANE('',#9700);
#8600=PLANE('',#9701);
#8601=PLANE('',#9702);
#8602=PLANE('',#9703);
#8603=PLANE('',#9704);
#8604=PLANE('',#9705);
#8605=PLANE('',#9706);
#8606=PLANE('',#9707);
#8607=PLANE('',#9708);
#8608=PLANE('',#9709);
#8609=PLANE('',#9710);
#8610=PLANE('',#9711);
#8611=PLANE('',#9712);
#8612=PLANE('',#9713);
#8613=PLANE('',#9714);
#8614=PLANE('',#9725);
#8615=PLANE('',#9726);
#8616=PLANE('',#9732);
#8617=PLANE('',#9738);
#8618=PLANE('',#9744);
#8619=PLANE('',#9750);
#8620=PLANE('',#9751);
#8621=PLANE('',#9760);
#8622=PLANE('',#9776);
#8623=PLANE('',#9777);
#8624=PLANE('',#9787);
#8625=PLANE('',#9790);
#8626=PLANE('',#9794);
#8627=PLANE('',#9797);
#8628=PLANE('',#9801);
#8629=PLANE('',#9803);
#8630=PLANE('',#9807);
#8631=PLANE('',#9808);
#8632=PLANE('',#9811);
#8633=PLANE('',#9814);
#8634=PLANE('',#9818);
#8635=PLANE('',#9821);
#8636=PLANE('',#9822);
#8637=PLANE('',#9825);
#8638=PLANE('',#9829);
#8639=PLANE('',#9830);
#8640=PLANE('',#9833);
#8641=PLANE('',#9837);
#8642=PLANE('',#9839);
#8643=PLANE('',#9844);
#8644=PLANE('',#9847);
#8645=PLANE('',#9851);
#8646=PLANE('',#9853);
#8647=PLANE('',#9857);
#8648=PLANE('',#9858);
#8649=PLANE('',#9861);
#8650=PLANE('',#9865);
#8651=PLANE('',#9867);
#8652=PLANE('',#9871);
#8653=PLANE('',#9872);
#8654=PLANE('',#9875);
#8655=PLANE('',#9879);
#8656=PLANE('',#9881);
#8657=PLANE('',#9885);
#8658=PLANE('',#9886);
#8659=PLANE('',#9889);
#8660=PLANE('',#9893);
#8661=PLANE('',#9895);
#8662=PLANE('',#9899);
#8663=PLANE('',#9900);
#8664=PLANE('',#9903);
#8665=PLANE('',#9907);
#8666=PLANE('',#9909);
#8667=PLANE('',#9913);
#8668=PLANE('',#9917);
#8669=PLANE('',#9919);
#8670=PLANE('',#9923);
#8671=PLANE('',#9924);
#8672=PLANE('',#9927);
#8673=PLANE('',#9931);
#8674=PLANE('',#9933);
#8675=PLANE('',#9937);
#8676=PLANE('',#9938);
#8677=PLANE('',#9941);
#8678=PLANE('',#9945);
#8679=PLANE('',#9947);
#8680=PLANE('',#9951);
#8681=PLANE('',#9952);
#8682=PLANE('',#9955);
#8683=PLANE('',#9956);
#8684=PLANE('',#9959);
#8685=PLANE('',#9962);
#8686=PLANE('',#9966);
#8687=PLANE('',#9970);
#8688=PLANE('',#9971);
#8689=PLANE('',#9972);
#8690=PLANE('',#9975);
#8691=PLANE('',#9978);
#8692=PLANE('',#9981);
#8693=PLANE('',#9984);
#8694=PLANE('',#9987);
#8695=PLANE('',#9988);
#8696=PLANE('',#9991);
#8697=PLANE('',#9992);
#8698=PLANE('',#9993);
#8699=PLANE('',#9994);
#8700=PLANE('',#9995);
#8701=PLANE('',#9996);
#8702=PLANE('',#9997);
#8703=PLANE('',#9998);
#8704=PLANE('',#10000);
#8705=PLANE('',#10001);
#8706=PLANE('',#10002);
#8707=PLANE('',#10006);
#8708=PLANE('',#10007);
#8709=PLANE('',#10010);
#8710=PLANE('',#10013);
#8711=PLANE('',#10017);
#8712=PLANE('',#10018);
#8713=PLANE('',#10020);
#8714=PLANE('',#10033);
#8715=PLANE('',#10037);
#8716=PLANE('',#10041);
#8717=PLANE('',#10042);
#8718=PLANE('',#10047);
#8719=PLANE('',#10054);
#8720=PLANE('',#10056);
#8721=PLANE('',#10058);
#8722=PLANE('',#10060);
#8723=PLANE('',#10062);
#8724=PLANE('',#10064);
#8725=PLANE('',#10066);
#8726=PLANE('',#10069);
#8727=PLANE('',#10072);
#8728=PLANE('',#10075);
#8729=PLANE('',#10076);
#8730=PLANE('',#10077);
#8731=PLANE('',#10078);
#8732=PLANE('',#10079);
#8733=PLANE('',#10080);
#8734=PLANE('',#10081);
#8735=PLANE('',#10082);
#8736=PLANE('',#10083);
#8737=PLANE('',#10084);
#8738=PLANE('',#10085);
#8739=PLANE('',#10086);
#8740=PLANE('',#10087);
#8741=PLANE('',#10088);
#8742=PLANE('',#10089);
#8743=PLANE('',#10090);
#8744=PLANE('',#10091);
#8745=PLANE('',#10092);
#8746=PLANE('',#10093);
#8747=PLANE('',#10094);
#8748=PLANE('',#10095);
#8749=PLANE('',#10096);
#8750=PLANE('',#10097);
#8751=PLANE('',#10098);
#8752=PLANE('',#10099);
#8753=PLANE('',#10100);
#8754=PLANE('',#10101);
#8755=PLANE('',#10102);
#8756=PLANE('',#10103);
#8757=PLANE('',#10104);
#8758=PLANE('',#10105);
#8759=PLANE('',#10106);
#8760=PLANE('',#10107);
#8761=PLANE('',#10108);
#8762=PLANE('',#10109);
#8763=PLANE('',#10110);
#8764=PLANE('',#10111);
#8765=PLANE('',#10112);
#8766=PLANE('',#10113);
#8767=PLANE('',#10114);
#8768=PLANE('',#10115);
#8769=PLANE('',#10116);
#8770=PLANE('',#10117);
#8771=PLANE('',#10118);
#8772=PLANE('',#10119);
#8773=PLANE('',#10120);
#8774=PLANE('',#10121);
#8775=PLANE('',#10122);
#8776=PLANE('',#10123);
#8777=PLANE('',#10124);
#8778=PLANE('',#10125);
#8779=PLANE('',#10126);
#8780=PLANE('',#10127);
#8781=PLANE('',#10128);
#8782=PLANE('',#10129);
#8783=PLANE('',#10130);
#8784=PLANE('',#10131);
#8785=PLANE('',#10132);
#8786=PLANE('',#10133);
#8787=PLANE('',#10134);
#8788=PLANE('',#10135);
#8789=PLANE('',#10136);
#8790=PLANE('',#10137);
#8791=PLANE('',#10138);
#8792=PLANE('',#10139);
#8793=PLANE('',#10140);
#8794=PLANE('',#10141);
#8795=PLANE('',#10142);
#8796=PLANE('',#10143);
#8797=PLANE('',#10144);
#8798=PLANE('',#10145);
#8799=PLANE('',#10146);
#8800=PLANE('',#10147);
#8801=PLANE('',#10151);
#8802=PLANE('',#10152);
#8803=PLANE('',#10153);
#8804=PLANE('',#10154);
#8805=PLANE('',#10155);
#8806=PLANE('',#10156);
#8807=PLANE('',#10157);
#8808=PLANE('',#10158);
#8809=PLANE('',#10159);
#8810=PLANE('',#10160);
#8811=PLANE('',#10161);
#8812=PLANE('',#10162);
#8813=PLANE('',#10163);
#8814=PLANE('',#10164);
#8815=PLANE('',#10165);
#8816=PLANE('',#10166);
#8817=PLANE('',#10167);
#8818=PLANE('',#10168);
#8819=PLANE('',#10169);
#8820=PLANE('',#10170);
#8821=PLANE('',#10171);
#8822=PLANE('',#10172);
#8823=PLANE('',#10173);
#8824=PLANE('',#10174);
#8825=PLANE('',#10175);
#8826=PLANE('',#10176);
#8827=PLANE('',#10177);
#8828=PLANE('',#10178);
#8829=PLANE('',#10179);
#8830=PLANE('',#10180);
#8831=PLANE('',#10181);
#8832=PLANE('',#10182);
#8833=PLANE('',#10183);
#8834=PLANE('',#10184);
#8835=PLANE('',#10185);
#8836=PLANE('',#10186);
#8837=PLANE('',#10187);
#8838=PLANE('',#10188);
#8839=PLANE('',#10189);
#8840=PLANE('',#10190);
#8841=PLANE('',#10191);
#8842=PLANE('',#10192);
#8843=PLANE('',#10193);
#8844=PLANE('',#10194);
#8845=PLANE('',#10195);
#8846=PLANE('',#10196);
#8847=PLANE('',#10197);
#8848=PLANE('',#10198);
#8849=PLANE('',#10199);
#8850=PLANE('',#10202);
#8851=PLANE('',#10203);
#8852=PLANE('',#10204);
#8853=PLANE('',#10205);
#8854=PLANE('',#10206);
#8855=PLANE('',#10207);
#8856=PLANE('',#10208);
#8857=PLANE('',#10209);
#8858=PLANE('',#10210);
#8859=PLANE('',#10211);
#8860=PLANE('',#10212);
#8861=PLANE('',#10213);
#8862=PLANE('',#10214);
#8863=PLANE('',#10215);
#8864=PLANE('',#10218);
#8865=PLANE('',#10219);
#8866=PLANE('',#10220);
#8867=PLANE('',#10221);
#8868=PLANE('',#10222);
#8869=PLANE('',#10223);
#8870=PLANE('',#10224);
#8871=PLANE('',#10225);
#8872=PLANE('',#10226);
#8873=PLANE('',#10227);
#8874=PLANE('',#10228);
#8875=PLANE('',#10229);
#8876=PLANE('',#10230);
#8877=ADVANCED_FACE('',(#7904,#7905,#7906,#7907,#7908,#7909,#7910,#7911,
#7912,#7913,#7914,#7915,#7916,#7917,#7918,#7919,#7920,#7921,#7922,#7923,
#7924,#7925,#7926,#7927),#8518,.F.);
#8878=ADVANCED_FACE('',(#7928,#7929,#7930),#8519,.T.);
#8879=ADVANCED_FACE('',(#7931,#7932,#7933),#8520,.T.);
#8880=ADVANCED_FACE('',(#7934),#8521,.F.);
#8881=ADVANCED_FACE('',(#7935),#8522,.F.);
#8882=ADVANCED_FACE('',(#7936),#8523,.F.);
#8883=ADVANCED_FACE('',(#7937),#8524,.T.);
#8884=ADVANCED_FACE('',(#7938),#8525,.F.);
#8885=ADVANCED_FACE('',(#7939),#8526,.F.);
#8886=ADVANCED_FACE('',(#7940),#8527,.T.);
#8887=ADVANCED_FACE('',(#7941),#270,.T.);
#8888=ADVANCED_FACE('',(#7942),#8528,.T.);
#8889=ADVANCED_FACE('',(#7943),#8529,.T.);
#8890=ADVANCED_FACE('',(#7944),#8530,.T.);
#8891=ADVANCED_FACE('',(#7945),#8531,.T.);
#8892=ADVANCED_FACE('',(#7946),#8532,.F.);
#8893=ADVANCED_FACE('',(#7947),#8533,.T.);
#8894=ADVANCED_FACE('',(#7948),#8534,.F.);
#8895=ADVANCED_FACE('',(#7949),#8535,.T.);
#8896=ADVANCED_FACE('',(#7950),#271,.T.);
#8897=ADVANCED_FACE('',(#7951),#8536,.T.);
#8898=ADVANCED_FACE('',(#7952),#8537,.T.);
#8899=ADVANCED_FACE('',(#7953),#8538,.T.);
#8900=ADVANCED_FACE('',(#7954),#8539,.T.);
#8901=ADVANCED_FACE('',(#7955),#8540,.F.);
#8902=ADVANCED_FACE('',(#7956),#8541,.T.);
#8903=ADVANCED_FACE('',(#7957),#8542,.T.);
#8904=ADVANCED_FACE('',(#7958),#8543,.T.);
#8905=ADVANCED_FACE('',(#7959),#8544,.T.);
#8906=ADVANCED_FACE('',(#7960),#8545,.T.);
#8907=ADVANCED_FACE('',(#7961),#8546,.T.);
#8908=ADVANCED_FACE('',(#7962),#8547,.T.);
#8909=ADVANCED_FACE('',(#7963),#8548,.T.);
#8910=ADVANCED_FACE('',(#7964),#8549,.T.);
#8911=ADVANCED_FACE('',(#7965,#7966),#272,.F.);
#8912=ADVANCED_FACE('',(#7967,#7968),#273,.F.);
#8913=ADVANCED_FACE('',(#7969,#7970),#274,.F.);
#8914=ADVANCED_FACE('',(#7971,#7972),#275,.F.);
#8915=ADVANCED_FACE('',(#7973,#7974),#276,.F.);
#8916=ADVANCED_FACE('',(#7975,#7976),#277,.F.);
#8917=ADVANCED_FACE('',(#7977,#7978),#278,.F.);
#8918=ADVANCED_FACE('',(#7979,#7980),#279,.F.);
#8919=ADVANCED_FACE('',(#7981,#7982),#280,.F.);
#8920=ADVANCED_FACE('',(#7983,#7984),#281,.F.);
#8921=ADVANCED_FACE('',(#7985),#8550,.T.);
#8922=ADVANCED_FACE('',(#7986),#8551,.T.);
#8923=ADVANCED_FACE('',(#7987),#8552,.T.);
#8924=ADVANCED_FACE('',(#7988),#8553,.T.);
#8925=ADVANCED_FACE('',(#7989),#8554,.T.);
#8926=ADVANCED_FACE('',(#7990),#8555,.T.);
#8927=ADVANCED_FACE('',(#7991),#8556,.T.);
#8928=ADVANCED_FACE('',(#7992),#8557,.T.);
#8929=ADVANCED_FACE('',(#7993),#8558,.T.);
#8930=ADVANCED_FACE('',(#7994),#8559,.T.);
#8931=ADVANCED_FACE('',(#7995),#8560,.T.);
#8932=ADVANCED_FACE('',(#7996),#8561,.T.);
#8933=ADVANCED_FACE('',(#7997),#8562,.T.);
#8934=ADVANCED_FACE('',(#7998),#8563,.T.);
#8935=ADVANCED_FACE('',(#7999),#8564,.T.);
#8936=ADVANCED_FACE('',(#8000),#8565,.T.);
#8937=ADVANCED_FACE('',(#8001),#8566,.T.);
#8938=ADVANCED_FACE('',(#8002,#8003),#8567,.T.);
#8939=ADVANCED_FACE('',(#8004),#12,.T.);
#8940=ADVANCED_FACE('',(#8005),#13,.T.);
#8941=ADVANCED_FACE('',(#8006),#14,.T.);
#8942=ADVANCED_FACE('',(#8007,#8008),#8568,.T.);
#8943=ADVANCED_FACE('',(#8009),#15,.T.);
#8944=ADVANCED_FACE('',(#8010),#16,.T.);
#8945=ADVANCED_FACE('',(#8011),#17,.T.);
#8946=ADVANCED_FACE('',(#8012),#8569,.T.);
#8947=ADVANCED_FACE('',(#8013,#8014),#8570,.T.);
#8948=ADVANCED_FACE('',(#8015),#18,.T.);
#8949=ADVANCED_FACE('',(#8016),#8571,.T.);
#8950=ADVANCED_FACE('',(#8017,#8018),#8572,.T.);
#8951=ADVANCED_FACE('',(#8019),#19,.T.);
#8952=ADVANCED_FACE('',(#8020),#20,.T.);
#8953=ADVANCED_FACE('',(#8021),#21,.T.);
#8954=ADVANCED_FACE('',(#8022),#8573,.T.);
#8955=ADVANCED_FACE('',(#8023,#8024),#8574,.T.);
#8956=ADVANCED_FACE('',(#8025),#22,.T.);
#8957=ADVANCED_FACE('',(#8026),#23,.T.);
#8958=ADVANCED_FACE('',(#8027),#24,.T.);
#8959=ADVANCED_FACE('',(#8028),#8575,.T.);
#8960=ADVANCED_FACE('',(#8029,#8030),#8576,.T.);
#8961=ADVANCED_FACE('',(#8031),#25,.T.);
#8962=ADVANCED_FACE('',(#8032),#26,.T.);
#8963=ADVANCED_FACE('',(#8033),#8577,.T.);
#8964=ADVANCED_FACE('',(#8034),#27,.T.);
#8965=ADVANCED_FACE('',(#8035),#8578,.T.);
#8966=ADVANCED_FACE('',(#8036,#8037),#8579,.T.);
#8967=ADVANCED_FACE('',(#8038),#28,.T.);
#8968=ADVANCED_FACE('',(#8039),#29,.T.);
#8969=ADVANCED_FACE('',(#8040),#30,.T.);
#8970=ADVANCED_FACE('',(#8041),#8580,.T.);
#8971=ADVANCED_FACE('',(#8042,#8043),#8581,.T.);
#8972=ADVANCED_FACE('',(#8044),#31,.T.);
#8973=ADVANCED_FACE('',(#8045),#32,.T.);
#8974=ADVANCED_FACE('',(#8046),#8582,.T.);
#8975=ADVANCED_FACE('',(#8047,#8048),#8583,.T.);
#8976=ADVANCED_FACE('',(#8049),#33,.T.);
#8977=ADVANCED_FACE('',(#8050),#34,.T.);
#8978=ADVANCED_FACE('',(#8051),#35,.T.);
#8979=ADVANCED_FACE('',(#8052),#8584,.T.);
#8980=ADVANCED_FACE('',(#8053,#8054),#8585,.T.);
#8981=ADVANCED_FACE('',(#8055),#36,.T.);
#8982=ADVANCED_FACE('',(#8056),#37,.T.);
#8983=ADVANCED_FACE('',(#8057,#8058),#282,.F.);
#8984=ADVANCED_FACE('',(#8059),#8586,.T.);
#8985=ADVANCED_FACE('',(#8060),#38,.T.);
#8986=ADVANCED_FACE('',(#8061,#8062),#283,.F.);
#8987=ADVANCED_FACE('',(#8063),#8587,.T.);
#8988=ADVANCED_FACE('',(#8064),#39,.T.);
#8989=ADVANCED_FACE('',(#8065,#8066),#284,.F.);
#8990=ADVANCED_FACE('',(#8067),#8588,.T.);
#8991=ADVANCED_FACE('',(#8068),#40,.T.);
#8992=ADVANCED_FACE('',(#8069,#8070),#285,.F.);
#8993=ADVANCED_FACE('',(#8071),#8589,.T.);
#8994=ADVANCED_FACE('',(#8072),#41,.T.);
#8995=ADVANCED_FACE('',(#8073,#8074),#286,.F.);
#8996=ADVANCED_FACE('',(#8075),#8590,.T.);
#8997=ADVANCED_FACE('',(#8076),#42,.T.);
#8998=ADVANCED_FACE('',(#8077,#8078),#287,.F.);
#8999=ADVANCED_FACE('',(#8079),#8591,.T.);
#9000=ADVANCED_FACE('',(#8080),#43,.T.);
#9001=ADVANCED_FACE('',(#8081,#8082),#288,.F.);
#9002=ADVANCED_FACE('',(#8083),#8592,.T.);
#9003=ADVANCED_FACE('',(#8084),#44,.T.);
#9004=ADVANCED_FACE('',(#8085,#8086),#289,.F.);
#9005=ADVANCED_FACE('',(#8087),#8593,.T.);
#9006=ADVANCED_FACE('',(#8088),#45,.T.);
#9007=ADVANCED_FACE('',(#8089,#8090),#290,.F.);
#9008=ADVANCED_FACE('',(#8091),#8594,.T.);
#9009=ADVANCED_FACE('',(#8092),#46,.T.);
#9010=ADVANCED_FACE('',(#8093,#8094),#291,.F.);
#9011=ADVANCED_FACE('',(#8095,#8096),#292,.F.);
#9012=ADVANCED_FACE('',(#8097),#8595,.T.);
#9013=ADVANCED_FACE('',(#8098),#47,.T.);
#9014=ADVANCED_FACE('',(#8099,#8100),#293,.F.);
#9015=ADVANCED_FACE('',(#8101),#8596,.T.);
#9016=ADVANCED_FACE('',(#8102),#48,.T.);
#9017=ADVANCED_FACE('',(#8103,#8104),#294,.F.);
#9018=ADVANCED_FACE('',(#8105),#8597,.T.);
#9019=ADVANCED_FACE('',(#8106),#8598,.T.);
#9020=ADVANCED_FACE('',(#8107),#8599,.F.);
#9021=ADVANCED_FACE('',(#8108),#8600,.F.);
#9022=ADVANCED_FACE('',(#8109),#8601,.T.);
#9023=ADVANCED_FACE('',(#8110),#8602,.F.);
#9024=ADVANCED_FACE('',(#8111),#8603,.T.);
#9025=ADVANCED_FACE('',(#8112),#8604,.T.);
#9026=ADVANCED_FACE('',(#8113),#8605,.F.);
#9027=ADVANCED_FACE('',(#8114),#8606,.F.);
#9028=ADVANCED_FACE('',(#8115),#8607,.T.);
#9029=ADVANCED_FACE('',(#8116),#8608,.T.);
#9030=ADVANCED_FACE('',(#8117),#8609,.F.);
#9031=ADVANCED_FACE('',(#8118),#8610,.F.);
#9032=ADVANCED_FACE('',(#8119),#8611,.F.);
#9033=ADVANCED_FACE('',(#8120),#8612,.T.);
#9034=ADVANCED_FACE('',(#8121),#8613,.F.);
#9035=ADVANCED_FACE('',(#8122,#8123),#295,.T.);
#9036=ADVANCED_FACE('',(#8124,#8125),#296,.T.);
#9037=ADVANCED_FACE('',(#8126),#8614,.T.);
#9038=ADVANCED_FACE('',(#8127),#8615,.T.);
#9039=ADVANCED_FACE('',(#8128,#8129),#297,.T.);
#9040=ADVANCED_FACE('',(#8130),#8616,.T.);
#9041=ADVANCED_FACE('',(#8131,#8132),#298,.T.);
#9042=ADVANCED_FACE('',(#8133),#8617,.T.);
#9043=ADVANCED_FACE('',(#8134,#8135),#299,.T.);
#9044=ADVANCED_FACE('',(#8136),#8618,.F.);
#9045=ADVANCED_FACE('',(#8137,#8138),#300,.T.);
#9046=ADVANCED_FACE('',(#8139),#8619,.F.);
#9047=ADVANCED_FACE('',(#8140),#8620,.F.);
#9048=ADVANCED_FACE('',(#8141,#8142),#301,.T.);
#9049=ADVANCED_FACE('',(#8143),#49,.T.);
#9050=ADVANCED_FACE('',(#8144),#8621,.F.);
#9051=ADVANCED_FACE('',(#8145),#50,.T.);
#9052=ADVANCED_FACE('',(#8146,#8147),#302,.T.);
#9053=ADVANCED_FACE('',(#8148,#8149),#303,.F.);
#9054=ADVANCED_FACE('',(#8150,#8151),#304,.T.);
#9055=ADVANCED_FACE('',(#8152),#8622,.T.);
#9056=ADVANCED_FACE('',(#8153),#8623,.T.);
#9057=ADVANCED_FACE('',(#8154),#51,.T.);
#9058=ADVANCED_FACE('',(#8155,#8156),#305,.T.);
#9059=ADVANCED_FACE('',(#8157),#8624,.T.);
#9060=ADVANCED_FACE('',(#8158,#8159),#8625,.T.);
#9061=ADVANCED_FACE('',(#8160),#52,.T.);
#9062=ADVANCED_FACE('',(#8161),#8626,.T.);
#9063=ADVANCED_FACE('',(#8162),#53,.T.);
#9064=ADVANCED_FACE('',(#8163),#8627,.F.);
#9065=ADVANCED_FACE('',(#8164),#54,.T.);
#9066=ADVANCED_FACE('',(#8165),#8628,.T.);
#9067=ADVANCED_FACE('',(#8166,#8167),#8629,.T.);
#9068=ADVANCED_FACE('',(#8168),#55,.T.);
#9069=ADVANCED_FACE('',(#8169),#8630,.F.);
#9070=ADVANCED_FACE('',(#8170),#8631,.T.);
#9071=ADVANCED_FACE('',(#8171),#56,.T.);
#9072=ADVANCED_FACE('',(#8172),#8632,.F.);
#9073=ADVANCED_FACE('',(#8173),#57,.T.);
#9074=ADVANCED_FACE('',(#8174,#8175),#8633,.T.);
#9075=ADVANCED_FACE('',(#8176),#58,.T.);
#9076=ADVANCED_FACE('',(#8177),#8634,.T.);
#9077=ADVANCED_FACE('',(#8178),#59,.T.);
#9078=ADVANCED_FACE('',(#8179),#8635,.F.);
#9079=ADVANCED_FACE('',(#8180),#8636,.F.);
#9080=ADVANCED_FACE('',(#8181),#60,.T.);
#9081=ADVANCED_FACE('',(#8182,#8183),#8637,.T.);
#9082=ADVANCED_FACE('',(#8184),#61,.T.);
#9083=ADVANCED_FACE('',(#8185),#8638,.F.);
#9084=ADVANCED_FACE('',(#8186),#8639,.T.);
#9085=ADVANCED_FACE('',(#8187),#62,.T.);
#9086=ADVANCED_FACE('',(#8188),#8640,.F.);
#9087=ADVANCED_FACE('',(#8189),#63,.T.);
#9088=ADVANCED_FACE('',(#8190),#8641,.T.);
#9089=ADVANCED_FACE('',(#8191,#8192),#8642,.T.);
#9090=ADVANCED_FACE('',(#8193),#64,.T.);
#9091=ADVANCED_FACE('',(#8194),#8643,.F.);
#9092=ADVANCED_FACE('',(#8195),#65,.T.);
#9093=ADVANCED_FACE('',(#8196),#8644,.T.);
#9094=ADVANCED_FACE('',(#8197),#66,.T.);
#9095=ADVANCED_FACE('',(#8198),#8645,.T.);
#9096=ADVANCED_FACE('',(#8199,#8200),#8646,.T.);
#9097=ADVANCED_FACE('',(#8201),#67,.T.);
#9098=ADVANCED_FACE('',(#8202),#8647,.T.);
#9099=ADVANCED_FACE('',(#8203),#8648,.F.);
#9100=ADVANCED_FACE('',(#8204),#68,.T.);
#9101=ADVANCED_FACE('',(#8205),#8649,.T.);
#9102=ADVANCED_FACE('',(#8206),#69,.T.);
#9103=ADVANCED_FACE('',(#8207),#8650,.T.);
#9104=ADVANCED_FACE('',(#8208,#8209),#8651,.T.);
#9105=ADVANCED_FACE('',(#8210),#70,.T.);
#9106=ADVANCED_FACE('',(#8211),#8652,.T.);
#9107=ADVANCED_FACE('',(#8212),#8653,.F.);
#9108=ADVANCED_FACE('',(#8213),#71,.T.);
#9109=ADVANCED_FACE('',(#8214),#8654,.T.);
#9110=ADVANCED_FACE('',(#8215),#72,.T.);
#9111=ADVANCED_FACE('',(#8216),#8655,.T.);
#9112=ADVANCED_FACE('',(#8217,#8218),#8656,.T.);
#9113=ADVANCED_FACE('',(#8219),#73,.T.);
#9114=ADVANCED_FACE('',(#8220),#8657,.T.);
#9115=ADVANCED_FACE('',(#8221),#8658,.F.);
#9116=ADVANCED_FACE('',(#8222),#74,.T.);
#9117=ADVANCED_FACE('',(#8223),#8659,.T.);
#9118=ADVANCED_FACE('',(#8224),#75,.T.);
#9119=ADVANCED_FACE('',(#8225),#8660,.T.);
#9120=ADVANCED_FACE('',(#8226,#8227),#8661,.T.);
#9121=ADVANCED_FACE('',(#8228),#76,.T.);
#9122=ADVANCED_FACE('',(#8229),#8662,.T.);
#9123=ADVANCED_FACE('',(#8230),#8663,.F.);
#9124=ADVANCED_FACE('',(#8231),#77,.T.);
#9125=ADVANCED_FACE('',(#8232),#8664,.T.);
#9126=ADVANCED_FACE('',(#8233),#78,.T.);
#9127=ADVANCED_FACE('',(#8234),#8665,.T.);
#9128=ADVANCED_FACE('',(#8235,#8236),#8666,.T.);
#9129=ADVANCED_FACE('',(#8237),#79,.T.);
#9130=ADVANCED_FACE('',(#8238),#8667,.T.);
#9131=ADVANCED_FACE('',(#8239),#80,.T.);
#9132=ADVANCED_FACE('',(#8240),#8668,.T.);
#9133=ADVANCED_FACE('',(#8241,#8242),#8669,.T.);
#9134=ADVANCED_FACE('',(#8243),#81,.T.);
#9135=ADVANCED_FACE('',(#8244),#8670,.F.);
#9136=ADVANCED_FACE('',(#8245),#8671,.F.);
#9137=ADVANCED_FACE('',(#8246),#82,.T.);
#9138=ADVANCED_FACE('',(#8247),#8672,.T.);
#9139=ADVANCED_FACE('',(#8248),#83,.T.);
#9140=ADVANCED_FACE('',(#8249),#8673,.T.);
#9141=ADVANCED_FACE('',(#8250,#8251),#8674,.T.);
#9142=ADVANCED_FACE('',(#8252),#84,.T.);
#9143=ADVANCED_FACE('',(#8253),#8675,.F.);
#9144=ADVANCED_FACE('',(#8254),#8676,.F.);
#9145=ADVANCED_FACE('',(#8255),#85,.T.);
#9146=ADVANCED_FACE('',(#8256),#8677,.T.);
#9147=ADVANCED_FACE('',(#8257),#86,.T.);
#9148=ADVANCED_FACE('',(#8258),#8678,.T.);
#9149=ADVANCED_FACE('',(#8259,#8260),#8679,.T.);
#9150=ADVANCED_FACE('',(#8261),#87,.T.);
#9151=ADVANCED_FACE('',(#8262),#8680,.F.);
#9152=ADVANCED_FACE('',(#8263),#8681,.F.);
#9153=ADVANCED_FACE('',(#8264),#88,.T.);
#9154=ADVANCED_FACE('',(#8265,#8266),#8682,.T.);
#9155=ADVANCED_FACE('',(#8267,#8268),#8683,.T.);
#9156=ADVANCED_FACE('',(#8269,#8270),#8684,.T.);
#9157=ADVANCED_FACE('',(#8271,#8272),#8685,.T.);
#9158=ADVANCED_FACE('',(#8273,#8274),#8686,.T.);
#9159=ADVANCED_FACE('',(#8275,#8276),#8687,.T.);
#9160=ADVANCED_FACE('',(#8277,#8278),#8688,.T.);
#9161=ADVANCED_FACE('',(#8279,#8280),#8689,.T.);
#9162=ADVANCED_FACE('',(#8281,#8282),#8690,.T.);
#9163=ADVANCED_FACE('',(#8283,#8284),#8691,.T.);
#9164=ADVANCED_FACE('',(#8285,#8286),#8692,.T.);
#9165=ADVANCED_FACE('',(#8287,#8288),#8693,.T.);
#9166=ADVANCED_FACE('',(#8289,#8290),#8694,.T.);
#9167=ADVANCED_FACE('',(#8291,#8292),#8695,.T.);
#9168=ADVANCED_FACE('',(#8293),#8696,.T.);
#9169=ADVANCED_FACE('',(#8294),#8697,.F.);
#9170=ADVANCED_FACE('',(#8295),#8698,.T.);
#9171=ADVANCED_FACE('',(#8296),#8699,.T.);
#9172=ADVANCED_FACE('',(#8297),#8700,.F.);
#9173=ADVANCED_FACE('',(#8298),#8701,.T.);
#9174=ADVANCED_FACE('',(#8299),#8702,.T.);
#9175=ADVANCED_FACE('',(#8300),#8703,.T.);
#9176=ADVANCED_FACE('',(#8301),#8704,.T.);
#9177=ADVANCED_FACE('',(#8302),#8705,.T.);
#9178=ADVANCED_FACE('',(#8303,#8304),#8706,.T.);
#9179=ADVANCED_FACE('',(#8305),#89,.T.);
#9180=ADVANCED_FACE('',(#8306),#8707,.F.);
#9181=ADVANCED_FACE('',(#8307,#8308),#8708,.T.);
#9182=ADVANCED_FACE('',(#8309),#8709,.T.);
#9183=ADVANCED_FACE('',(#8310),#90,.T.);
#9184=ADVANCED_FACE('',(#8311),#8710,.F.);
#9185=ADVANCED_FACE('',(#8312),#91,.T.);
#9186=ADVANCED_FACE('',(#8313),#8711,.F.);
#9187=ADVANCED_FACE('',(#8314),#8712,.T.);
#9188=ADVANCED_FACE('',(#8315),#8713,.T.);
#9189=ADVANCED_FACE('',(#8316),#92,.T.);
#9190=ADVANCED_FACE('',(#8317),#93,.T.);
#9191=ADVANCED_FACE('',(#8318),#94,.T.);
#9192=ADVANCED_FACE('',(#8319),#95,.T.);
#9193=ADVANCED_FACE('',(#8320),#8714,.T.);
#9194=ADVANCED_FACE('',(#8321,#8322),#306,.T.);
#9195=ADVANCED_FACE('',(#8323),#8715,.T.);
#9196=ADVANCED_FACE('',(#8324,#8325),#307,.T.);
#9197=ADVANCED_FACE('',(#8326),#8716,.T.);
#9198=ADVANCED_FACE('',(#8327),#8717,.T.);
#9199=ADVANCED_FACE('',(#8328,#8329),#308,.T.);
#9200=ADVANCED_FACE('',(#8330,#8331),#309,.T.);
#9201=ADVANCED_FACE('',(#8332),#8718,.T.);
#9202=ADVANCED_FACE('',(#8333),#96,.T.);
#9203=ADVANCED_FACE('',(#8334),#97,.T.);
#9204=ADVANCED_FACE('',(#8335),#8719,.F.);
#9205=ADVANCED_FACE('',(#8336,#8337),#310,.T.);
#9206=ADVANCED_FACE('',(#8338),#8720,.F.);
#9207=ADVANCED_FACE('',(#8339,#8340),#311,.T.);
#9208=ADVANCED_FACE('',(#8341),#8721,.F.);
#9209=ADVANCED_FACE('',(#8342,#8343),#312,.T.);
#9210=ADVANCED_FACE('',(#8344),#8722,.F.);
#9211=ADVANCED_FACE('',(#8345,#8346),#313,.T.);
#9212=ADVANCED_FACE('',(#8347),#8723,.F.);
#9213=ADVANCED_FACE('',(#8348,#8349),#314,.T.);
#9214=ADVANCED_FACE('',(#8350),#8724,.F.);
#9215=ADVANCED_FACE('',(#8351,#8352),#315,.T.);
#9216=ADVANCED_FACE('',(#8353),#8725,.T.);
#9217=ADVANCED_FACE('',(#8354,#8355),#316,.T.);
#9218=ADVANCED_FACE('',(#8356),#8726,.T.);
#9219=ADVANCED_FACE('',(#8357,#8358),#317,.T.);
#9220=ADVANCED_FACE('',(#8359),#8727,.T.);
#9221=ADVANCED_FACE('',(#8360,#8361),#318,.T.);
#9222=ADVANCED_FACE('',(#8362),#8728,.F.);
#9223=ADVANCED_FACE('',(#8363),#8729,.F.);
#9224=ADVANCED_FACE('',(#8364),#8730,.T.);
#9225=ADVANCED_FACE('',(#8365),#8731,.T.);
#9226=ADVANCED_FACE('',(#8366),#8732,.F.);
#9227=ADVANCED_FACE('',(#8367),#8733,.F.);
#9228=ADVANCED_FACE('',(#8368),#8734,.T.);
#9229=ADVANCED_FACE('',(#8369),#8735,.T.);
#9230=ADVANCED_FACE('',(#8370),#8736,.F.);
#9231=ADVANCED_FACE('',(#8371),#8737,.F.);
#9232=ADVANCED_FACE('',(#8372),#8738,.T.);
#9233=ADVANCED_FACE('',(#8373),#8739,.T.);
#9234=ADVANCED_FACE('',(#8374),#8740,.F.);
#9235=ADVANCED_FACE('',(#8375),#8741,.F.);
#9236=ADVANCED_FACE('',(#8376),#8742,.T.);
#9237=ADVANCED_FACE('',(#8377),#8743,.T.);
#9238=ADVANCED_FACE('',(#8378),#8744,.F.);
#9239=ADVANCED_FACE('',(#8379),#8745,.F.);
#9240=ADVANCED_FACE('',(#8380),#8746,.T.);
#9241=ADVANCED_FACE('',(#8381),#8747,.T.);
#9242=ADVANCED_FACE('',(#8382),#8748,.F.);
#9243=ADVANCED_FACE('',(#8383),#8749,.F.);
#9244=ADVANCED_FACE('',(#8384),#8750,.T.);
#9245=ADVANCED_FACE('',(#8385),#8751,.T.);
#9246=ADVANCED_FACE('',(#8386),#8752,.F.);
#9247=ADVANCED_FACE('',(#8387),#8753,.F.);
#9248=ADVANCED_FACE('',(#8388),#8754,.T.);
#9249=ADVANCED_FACE('',(#8389),#8755,.T.);
#9250=ADVANCED_FACE('',(#8390),#8756,.F.);
#9251=ADVANCED_FACE('',(#8391),#8757,.F.);
#9252=ADVANCED_FACE('',(#8392),#8758,.T.);
#9253=ADVANCED_FACE('',(#8393),#8759,.T.);
#9254=ADVANCED_FACE('',(#8394),#8760,.F.);
#9255=ADVANCED_FACE('',(#8395),#8761,.F.);
#9256=ADVANCED_FACE('',(#8396),#8762,.T.);
#9257=ADVANCED_FACE('',(#8397),#8763,.T.);
#9258=ADVANCED_FACE('',(#8398),#8764,.F.);
#9259=ADVANCED_FACE('',(#8399),#8765,.F.);
#9260=ADVANCED_FACE('',(#8400),#8766,.T.);
#9261=ADVANCED_FACE('',(#8401),#8767,.T.);
#9262=ADVANCED_FACE('',(#8402),#8768,.F.);
#9263=ADVANCED_FACE('',(#8403),#8769,.F.);
#9264=ADVANCED_FACE('',(#8404),#8770,.T.);
#9265=ADVANCED_FACE('',(#8405),#8771,.T.);
#9266=ADVANCED_FACE('',(#8406),#8772,.F.);
#9267=ADVANCED_FACE('',(#8407),#8773,.F.);
#9268=ADVANCED_FACE('',(#8408),#8774,.T.);
#9269=ADVANCED_FACE('',(#8409),#8775,.T.);
#9270=ADVANCED_FACE('',(#8410),#8776,.F.);
#9271=ADVANCED_FACE('',(#8411),#8777,.F.);
#9272=ADVANCED_FACE('',(#8412),#8778,.T.);
#9273=ADVANCED_FACE('',(#8413),#8779,.T.);
#9274=ADVANCED_FACE('',(#8414),#8780,.F.);
#9275=ADVANCED_FACE('',(#8415),#8781,.F.);
#9276=ADVANCED_FACE('',(#8416),#8782,.T.);
#9277=ADVANCED_FACE('',(#8417),#8783,.T.);
#9278=ADVANCED_FACE('',(#8418),#8784,.F.);
#9279=ADVANCED_FACE('',(#8419),#8785,.F.);
#9280=ADVANCED_FACE('',(#8420),#8786,.T.);
#9281=ADVANCED_FACE('',(#8421),#8787,.T.);
#9282=ADVANCED_FACE('',(#8422),#8788,.T.);
#9283=ADVANCED_FACE('',(#8423),#8789,.T.);
#9284=ADVANCED_FACE('',(#8424),#8790,.F.);
#9285=ADVANCED_FACE('',(#8425),#8791,.F.);
#9286=ADVANCED_FACE('',(#8426),#8792,.T.);
#9287=ADVANCED_FACE('',(#8427),#8793,.T.);
#9288=ADVANCED_FACE('',(#8428),#8794,.F.);
#9289=ADVANCED_FACE('',(#8429),#8795,.F.);
#9290=ADVANCED_FACE('',(#8430),#8796,.F.);
#9291=ADVANCED_FACE('',(#8431),#8797,.F.);
#9292=ADVANCED_FACE('',(#8432),#8798,.F.);
#9293=ADVANCED_FACE('',(#8433),#8799,.F.);
#9294=ADVANCED_FACE('',(#8434),#8800,.F.);
#9295=ADVANCED_FACE('',(#8435,#8436),#319,.T.);
#9296=ADVANCED_FACE('',(#8437),#8801,.T.);
#9297=ADVANCED_FACE('',(#8438),#8802,.F.);
#9298=ADVANCED_FACE('',(#8439),#8803,.F.);
#9299=ADVANCED_FACE('',(#8440),#8804,.T.);
#9300=ADVANCED_FACE('',(#8441),#8805,.T.);
#9301=ADVANCED_FACE('',(#8442),#8806,.F.);
#9302=ADVANCED_FACE('',(#8443),#8807,.T.);
#9303=ADVANCED_FACE('',(#8444),#8808,.T.);
#9304=ADVANCED_FACE('',(#8445),#8809,.F.);
#9305=ADVANCED_FACE('',(#8446),#8810,.T.);
#9306=ADVANCED_FACE('',(#8447),#8811,.F.);
#9307=ADVANCED_FACE('',(#8448),#8812,.T.);
#9308=ADVANCED_FACE('',(#8449),#8813,.F.);
#9309=ADVANCED_FACE('',(#8450),#8814,.T.);
#9310=ADVANCED_FACE('',(#8451),#8815,.F.);
#9311=ADVANCED_FACE('',(#8452),#8816,.T.);
#9312=ADVANCED_FACE('',(#8453),#8817,.F.);
#9313=ADVANCED_FACE('',(#8454),#8818,.F.);
#9314=ADVANCED_FACE('',(#8455),#8819,.T.);
#9315=ADVANCED_FACE('',(#8456),#8820,.T.);
#9316=ADVANCED_FACE('',(#8457),#8821,.F.);
#9317=ADVANCED_FACE('',(#8458),#8822,.T.);
#9318=ADVANCED_FACE('',(#8459),#8823,.T.);
#9319=ADVANCED_FACE('',(#8460),#8824,.T.);
#9320=ADVANCED_FACE('',(#8461),#8825,.T.);
#9321=ADVANCED_FACE('',(#8462),#8826,.T.);
#9322=ADVANCED_FACE('',(#8463),#8827,.T.);
#9323=ADVANCED_FACE('',(#8464),#8828,.F.);
#9324=ADVANCED_FACE('',(#8465),#8829,.T.);
#9325=ADVANCED_FACE('',(#8466),#8830,.T.);
#9326=ADVANCED_FACE('',(#8467),#8831,.F.);
#9327=ADVANCED_FACE('',(#8468),#8832,.F.);
#9328=ADVANCED_FACE('',(#8469),#8833,.T.);
#9329=ADVANCED_FACE('',(#8470),#8834,.F.);
#9330=ADVANCED_FACE('',(#8471),#8835,.T.);
#9331=ADVANCED_FACE('',(#8472),#8836,.T.);
#9332=ADVANCED_FACE('',(#8473),#8837,.T.);
#9333=ADVANCED_FACE('',(#8474),#8838,.T.);
#9334=ADVANCED_FACE('',(#8475),#8839,.T.);
#9335=ADVANCED_FACE('',(#8476),#8840,.F.);
#9336=ADVANCED_FACE('',(#8477),#8841,.F.);
#9337=ADVANCED_FACE('',(#8478),#8842,.F.);
#9338=ADVANCED_FACE('',(#8479),#8843,.F.);
#9339=ADVANCED_FACE('',(#8480),#8844,.F.);
#9340=ADVANCED_FACE('',(#8481),#8845,.F.);
#9341=ADVANCED_FACE('',(#8482),#8846,.T.);
#9342=ADVANCED_FACE('',(#8483),#8847,.F.);
#9343=ADVANCED_FACE('',(#8484),#8848,.T.);
#9344=ADVANCED_FACE('',(#8485),#8849,.T.);
#9345=ADVANCED_FACE('',(#8486),#320,.F.);
#9346=ADVANCED_FACE('',(#8487),#8850,.F.);
#9347=ADVANCED_FACE('',(#8488),#8851,.T.);
#9348=ADVANCED_FACE('',(#8489),#8852,.T.);
#9349=ADVANCED_FACE('',(#8490),#8853,.T.);
#9350=ADVANCED_FACE('',(#8491),#8854,.T.);
#9351=ADVANCED_FACE('',(#8492),#8855,.F.);
#9352=ADVANCED_FACE('',(#8493),#8856,.T.);
#9353=ADVANCED_FACE('',(#8494),#8857,.T.);
#9354=ADVANCED_FACE('',(#8495),#8858,.T.);
#9355=ADVANCED_FACE('',(#8496),#8859,.F.);
#9356=ADVANCED_FACE('',(#8497),#8860,.F.);
#9357=ADVANCED_FACE('',(#8498),#8861,.F.);
#9358=ADVANCED_FACE('',(#8499),#8862,.F.);
#9359=ADVANCED_FACE('',(#8500),#8863,.F.);
#9360=ADVANCED_FACE('',(#8501,#8502),#321,.F.);
#9361=ADVANCED_FACE('',(#8503,#8504),#322,.F.);
#9362=ADVANCED_FACE('',(#8505),#8864,.T.);
#9363=ADVANCED_FACE('',(#8506),#8865,.F.);
#9364=ADVANCED_FACE('',(#8507),#8866,.F.);
#9365=ADVANCED_FACE('',(#8508),#8867,.T.);
#9366=ADVANCED_FACE('',(#8509),#8868,.F.);
#9367=ADVANCED_FACE('',(#8510),#8869,.T.);
#9368=ADVANCED_FACE('',(#8511),#8870,.F.);
#9369=ADVANCED_FACE('',(#8512),#8871,.F.);
#9370=ADVANCED_FACE('',(#8513),#8872,.F.);
#9371=ADVANCED_FACE('',(#8514),#8873,.T.);
#9372=ADVANCED_FACE('',(#8515),#8874,.T.);
#9373=ADVANCED_FACE('',(#8516),#8875,.T.);
#9374=ADVANCED_FACE('',(#8517),#8876,.F.);
#9375=CLOSED_SHELL('',(#8877,#8878,#8879,#8880,#8881,#8882,#8883,#8884,
#8885,#8886,#8887,#8888,#8889,#8890,#8891,#8892,#8893,#8894,#8895,#8896,
#8897,#8898,#8899,#8900,#8901,#8902,#8903,#8904,#8905,#8906,#8907,#8908,
#8909,#8910,#8911,#8912,#8913,#8914,#8915,#8916,#8917,#8918,#8919,#8920,
#8921,#8922,#8923,#8924,#8925,#8926,#8927,#8928,#8929,#8930,#8931,#8932,
#8933,#8934,#8935,#8936,#8937,#8938,#8939,#8940,#8941,#8942,#8943,#8944,
#8945,#8946,#8947,#8948,#8949,#8950,#8951,#8952,#8953,#8954,#8955,#8956,
#8957,#8958,#8959,#8960,#8961,#8962,#8963,#8964,#8965,#8966,#8967,#8968,
#8969,#8970,#8971,#8972,#8973,#8974,#8975,#8976,#8977,#8978,#8979,#8980,
#8981,#8982,#8983,#8984,#8985,#8986,#8987,#8988,#8989,#8990,#8991,#8992,
#8993,#8994,#8995,#8996,#8997,#8998,#8999,#9000,#9001,#9002,#9003,#9004,
#9005,#9006,#9007,#9008,#9009,#9010,#9011,#9012,#9013,#9014,#9015,#9016,
#9017,#9018,#9019,#9020,#9021,#9022,#9023,#9024,#9025,#9026,#9027,#9028,
#9029,#9030,#9031,#9032,#9033,#9034,#9035,#9036,#9037,#9038,#9039,#9040,
#9041,#9042,#9043,#9044,#9045,#9046,#9047,#9048,#9049,#9050,#9051,#9052,
#9053,#9054,#9055,#9056,#9057,#9058,#9059,#9060,#9061,#9062,#9063,#9064,
#9065,#9066,#9067,#9068,#9069,#9070,#9071,#9072,#9073,#9074,#9075,#9076,
#9077,#9078,#9079,#9080,#9081,#9082,#9083,#9084,#9085,#9086,#9087,#9088,
#9089,#9090,#9091,#9092,#9093,#9094,#9095,#9096,#9097,#9098,#9099,#9100,
#9101,#9102,#9103,#9104,#9105,#9106,#9107,#9108,#9109,#9110,#9111,#9112,
#9113,#9114,#9115,#9116,#9117,#9118,#9119,#9120,#9121,#9122,#9123,#9124,
#9125,#9126,#9127,#9128,#9129,#9130,#9131,#9132,#9133,#9134,#9135,#9136,
#9137,#9138,#9139,#9140,#9141,#9142,#9143,#9144,#9145,#9146,#9147,#9148,
#9149,#9150,#9151,#9152,#9153,#9154,#9155,#9156,#9157,#9158,#9159,#9160,
#9161,#9162,#9163,#9164,#9165,#9166,#9167,#9168,#9169,#9170,#9171,#9172,
#9173,#9174,#9175,#9176,#9177,#9178,#9179,#9180,#9181,#9182,#9183,#9184,
#9185,#9186,#9187,#9188,#9189,#9190,#9191,#9192,#9193,#9194,#9195,#9196,
#9197,#9198,#9199,#9200,#9201,#9202,#9203,#9204,#9205,#9206,#9207,#9208,
#9209,#9210,#9211,#9212,#9213,#9214,#9215,#9216,#9217,#9218,#9219,#9220,
#9221,#9222,#9223,#9224,#9225,#9226,#9227,#9228,#9229,#9230,#9231,#9232,
#9233,#9234,#9235,#9236,#9237,#9238,#9239,#9240,#9241,#9242,#9243,#9244,
#9245,#9246,#9247,#9248,#9249,#9250,#9251,#9252,#9253,#9254,#9255,#9256,
#9257,#9258,#9259,#9260,#9261,#9262,#9263,#9264,#9265,#9266,#9267,#9268,
#9269,#9270,#9271,#9272,#9273,#9274,#9275,#9276,#9277,#9278,#9279,#9280,
#9281,#9282,#9283,#9284,#9285,#9286,#9287,#9288,#9289,#9290,#9291,#9292,
#9293,#9294,#9295,#9296,#9297,#9298,#9299,#9300,#9301,#9302,#9303,#9304,
#9305,#9306,#9307,#9308,#9309,#9310,#9311,#9312,#9313,#9314,#9315,#9316,
#9317,#9318,#9319,#9320,#9321,#9322,#9323,#9324,#9325,#9326,#9327,#9328,
#9329,#9330,#9331,#9332,#9333,#9334,#9335,#9336,#9337,#9338,#9339,#9340,
#9341,#9342,#9343,#9344,#9345,#9346,#9347,#9348,#9349,#9350,#9351,#9352,
#9353,#9354,#9355,#9356,#9357,#9358,#9359,#9360,#9361,#9362,#9363,#9364,
#9365,#9366,#9367,#9368,#9369,#9370,#9371,#9372,#9373,#9374));
#9376=STYLED_ITEM('',(#9377),#9384);
#9377=PRESENTATION_STYLE_ASSIGNMENT((#9378));
#9378=SURFACE_STYLE_USAGE(.BOTH.,#9379);
#9379=SURFACE_SIDE_STYLE('',(#9380));
#9380=SURFACE_STYLE_FILL_AREA(#9381);
#9381=FILL_AREA_STYLE('',(#9382));
#9382=FILL_AREA_STYLE_COLOUR('',#9383);
#9383=COLOUR_RGB('',0.647058823529412,0.647058823529412,0.647058823529412);
#9384=MANIFOLD_SOLID_BREP('Part 4',#9375);
#9385=SHAPE_DEFINITION_REPRESENTATION(#16038,#9386);
#9386=SHAPE_REPRESENTATION('Part 4',(#9387),#16033);
#9387=AXIS2_PLACEMENT_3D('',#12749,#10231,#10232);
#9388=AXIS2_PLACEMENT_3D('',#12750,#10233,#10234);
#9389=AXIS2_PLACEMENT_3D('',#12794,#10256,#10257);
#9390=AXIS2_PLACEMENT_3D('',#12832,#10276,#10277);
#9391=AXIS2_PLACEMENT_3D('',#12864,#10293,#10294);
#9392=AXIS2_PLACEMENT_3D('',#12997,#10361,#10362);
#9393=AXIS2_PLACEMENT_3D('',#12999,#10363,#10364);
#9394=AXIS2_PLACEMENT_3D('',#13001,#10365,#10366);
#9395=AXIS2_PLACEMENT_3D('',#13003,#10367,#10368);
#9396=AXIS2_PLACEMENT_3D('',#13005,#10369,#10370);
#9397=AXIS2_PLACEMENT_3D('',#13023,#10379,#10380);
#9398=AXIS2_PLACEMENT_3D('',#13024,#10381,#10382);
#9399=AXIS2_PLACEMENT_3D('',#13035,#10387,#10388);
#9400=AXIS2_PLACEMENT_3D('',#13039,#10390,#10391);
#9401=AXIS2_PLACEMENT_3D('',#13050,#10397,#10398);
#9402=AXIS2_PLACEMENT_3D('',#13054,#10400,#10401);
#9403=AXIS2_PLACEMENT_3D('',#13058,#10403,#10404);
#9404=AXIS2_PLACEMENT_3D('',#13062,#10406,#10407);
#9405=AXIS2_PLACEMENT_3D('',#13066,#10409,#10410);
#9406=AXIS2_PLACEMENT_3D('',#13070,#10412,#10413);
#9407=AXIS2_PLACEMENT_3D('',#13074,#10415,#10416);
#9408=AXIS2_PLACEMENT_3D('',#13096,#10427,#10428);
#9409=AXIS2_PLACEMENT_3D('',#13100,#10430,#10431);
#9410=AXIS2_PLACEMENT_3D('',#13110,#10437,#10438);
#9411=AXIS2_PLACEMENT_3D('',#13120,#10443,#10444);
#9412=AXIS2_PLACEMENT_3D('',#13123,#10447,#10448);
#9413=AXIS2_PLACEMENT_3D('',#13126,#10451,#10452);
#9414=AXIS2_PLACEMENT_3D('',#13129,#10455,#10456);
#9415=AXIS2_PLACEMENT_3D('',#13133,#10458,#10459);
#9416=AXIS2_PLACEMENT_3D('',#13137,#10461,#10462);
#9417=AXIS2_PLACEMENT_3D('',#13138,#10463,#10464);
#9418=AXIS2_PLACEMENT_3D('',#13152,#10472,#10473);
#9419=AXIS2_PLACEMENT_3D('',#13166,#10481,#10482);
#9420=AXIS2_PLACEMENT_3D('',#13180,#10490,#10491);
#9421=AXIS2_PLACEMENT_3D('',#13181,#10492,#10493);
#9422=AXIS2_PLACEMENT_3D('',#13182,#10494,#10495);
#9423=AXIS2_PLACEMENT_3D('',#13184,#10497,#10498);
#9424=AXIS2_PLACEMENT_3D('',#13186,#10500,#10501);
#9425=AXIS2_PLACEMENT_3D('',#13197,#10505,#10506);
#9426=AXIS2_PLACEMENT_3D('',#13206,#10511,#10512);
#9427=AXIS2_PLACEMENT_3D('',#13207,#10513,#10514);
#9428=AXIS2_PLACEMENT_3D('',#13209,#10516,#10517);
#9429=AXIS2_PLACEMENT_3D('',#13210,#10518,#10519);
#9430=AXIS2_PLACEMENT_3D('',#13214,#10521,#10522);
#9431=AXIS2_PLACEMENT_3D('',#13217,#10524,#10525);
#9432=AXIS2_PLACEMENT_3D('',#13231,#10533,#10534);
#9433=AXIS2_PLACEMENT_3D('',#13245,#10542,#10543);
#9434=AXIS2_PLACEMENT_3D('',#13246,#10544,#10545);
#9435=AXIS2_PLACEMENT_3D('',#13247,#10546,#10547);
#9436=AXIS2_PLACEMENT_3D('',#13249,#10549,#10550);
#9437=AXIS2_PLACEMENT_3D('',#13251,#10552,#10553);
#9438=AXIS2_PLACEMENT_3D('',#13262,#10557,#10558);
#9439=AXIS2_PLACEMENT_3D('',#13271,#10563,#10564);
#9440=AXIS2_PLACEMENT_3D('',#13272,#10565,#10566);
#9441=AXIS2_PLACEMENT_3D('',#13274,#10568,#10569);
#9442=AXIS2_PLACEMENT_3D('',#13275,#10570,#10571);
#9443=AXIS2_PLACEMENT_3D('',#13279,#10573,#10574);
#9444=AXIS2_PLACEMENT_3D('',#13282,#10576,#10577);
#9445=AXIS2_PLACEMENT_3D('',#13283,#10578,#10579);
#9446=AXIS2_PLACEMENT_3D('',#13285,#10580,#10581);
#9447=AXIS2_PLACEMENT_3D('',#13286,#10582,#10583);
#9448=AXIS2_PLACEMENT_3D('',#13288,#10584,#10585);
#9449=AXIS2_PLACEMENT_3D('',#13289,#10586,#10587);
#9450=AXIS2_PLACEMENT_3D('',#13291,#10588,#10589);
#9451=AXIS2_PLACEMENT_3D('',#13292,#10590,#10591);
#9452=AXIS2_PLACEMENT_3D('',#13294,#10592,#10593);
#9453=AXIS2_PLACEMENT_3D('',#13295,#10594,#10595);
#9454=AXIS2_PLACEMENT_3D('',#13297,#10596,#10597);
#9455=AXIS2_PLACEMENT_3D('',#13298,#10598,#10599);
#9456=AXIS2_PLACEMENT_3D('',#13300,#10600,#10601);
#9457=AXIS2_PLACEMENT_3D('',#13301,#10602,#10603);
#9458=AXIS2_PLACEMENT_3D('',#13303,#10604,#10605);
#9459=AXIS2_PLACEMENT_3D('',#13304,#10606,#10607);
#9460=AXIS2_PLACEMENT_3D('',#13306,#10608,#10609);
#9461=AXIS2_PLACEMENT_3D('',#13307,#10610,#10611);
#9462=AXIS2_PLACEMENT_3D('',#13309,#10612,#10613);
#9463=AXIS2_PLACEMENT_3D('',#13310,#10614,#10615);
#9464=AXIS2_PLACEMENT_3D('',#13312,#10616,#10617);
#9465=AXIS2_PLACEMENT_3D('',#13313,#10618,#10619);
#9466=AXIS2_PLACEMENT_3D('',#13315,#10620,#10621);
#9467=AXIS2_PLACEMENT_3D('',#13316,#10622,#10623);
#9468=AXIS2_PLACEMENT_3D('',#13318,#10624,#10625);
#9469=AXIS2_PLACEMENT_3D('',#13319,#10626,#10627);
#9470=AXIS2_PLACEMENT_3D('',#13321,#10628,#10629);
#9471=AXIS2_PLACEMENT_3D('',#13322,#10630,#10631);
#9472=AXIS2_PLACEMENT_3D('',#13324,#10632,#10633);
#9473=AXIS2_PLACEMENT_3D('',#13325,#10634,#10635);
#9474=AXIS2_PLACEMENT_3D('',#13327,#10636,#10637);
#9475=AXIS2_PLACEMENT_3D('',#13328,#10638,#10639);
#9476=AXIS2_PLACEMENT_3D('',#13330,#10640,#10641);
#9477=AXIS2_PLACEMENT_3D('',#13331,#10642,#10643);
#9478=AXIS2_PLACEMENT_3D('',#13333,#10644,#10645);
#9479=AXIS2_PLACEMENT_3D('',#13334,#10646,#10647);
#9480=AXIS2_PLACEMENT_3D('',#13336,#10648,#10649);
#9481=AXIS2_PLACEMENT_3D('',#13337,#10650,#10651);
#9482=AXIS2_PLACEMENT_3D('',#13339,#10652,#10653);
#9483=AXIS2_PLACEMENT_3D('',#13340,#10654,#10655);
#9484=AXIS2_PLACEMENT_3D('',#13342,#10656,#10657);
#9485=AXIS2_PLACEMENT_3D('',#13343,#10658,#10659);
#9486=AXIS2_PLACEMENT_3D('',#13345,#10660,#10661);
#9487=AXIS2_PLACEMENT_3D('',#13346,#10662,#10663);
#9488=AXIS2_PLACEMENT_3D('',#13348,#10664,#10665);
#9489=AXIS2_PLACEMENT_3D('',#13349,#10666,#10667);
#9490=AXIS2_PLACEMENT_3D('',#13351,#10668,#10669);
#9491=AXIS2_PLACEMENT_3D('',#13352,#10670,#10671);
#9492=AXIS2_PLACEMENT_3D('',#13354,#10672,#10673);
#9493=AXIS2_PLACEMENT_3D('',#13355,#10674,#10675);
#9494=AXIS2_PLACEMENT_3D('',#13357,#10676,#10677);
#9495=AXIS2_PLACEMENT_3D('',#13358,#10678,#10679);
#9496=AXIS2_PLACEMENT_3D('',#13360,#10680,#10681);
#9497=AXIS2_PLACEMENT_3D('',#13361,#10682,#10683);
#9498=AXIS2_PLACEMENT_3D('',#13363,#10684,#10685);
#9499=AXIS2_PLACEMENT_3D('',#13364,#10686,#10687);
#9500=AXIS2_PLACEMENT_3D('',#13366,#10688,#10689);
#9501=AXIS2_PLACEMENT_3D('',#13367,#10690,#10691);
#9502=AXIS2_PLACEMENT_3D('',#13369,#10692,#10693);
#9503=AXIS2_PLACEMENT_3D('',#13370,#10694,#10695);
#9504=AXIS2_PLACEMENT_3D('',#13372,#10696,#10697);
#9505=AXIS2_PLACEMENT_3D('',#13376,#10699,#10700);
#9506=AXIS2_PLACEMENT_3D('',#13380,#10702,#10703);
#9507=AXIS2_PLACEMENT_3D('',#13381,#10704,#10705);
#9508=AXIS2_PLACEMENT_3D('',#13385,#10707,#10708);
#9509=AXIS2_PLACEMENT_3D('',#13389,#10710,#10711);
#9510=AXIS2_PLACEMENT_3D('',#13390,#10712,#10713);
#9511=AXIS2_PLACEMENT_3D('',#13394,#10715,#10716);
#9512=AXIS2_PLACEMENT_3D('',#13398,#10718,#10719);
#9513=AXIS2_PLACEMENT_3D('',#13399,#10720,#10721);
#9514=AXIS2_PLACEMENT_3D('',#13403,#10723,#10724);
#9515=AXIS2_PLACEMENT_3D('',#13407,#10726,#10727);
#9516=AXIS2_PLACEMENT_3D('',#13408,#10728,#10729);
#9517=AXIS2_PLACEMENT_3D('',#13412,#10731,#10732);
#9518=AXIS2_PLACEMENT_3D('',#13416,#10734,#10735);
#9519=AXIS2_PLACEMENT_3D('',#13417,#10736,#10737);
#9520=AXIS2_PLACEMENT_3D('',#13418,#10738,#10739);
#9521=AXIS2_PLACEMENT_3D('',#13420,#10740,#10741);
#9522=AXIS2_PLACEMENT_3D('',#13426,#10742,#10743);
#9523=AXIS2_PLACEMENT_3D('',#13432,#10744,#10745);
#9524=AXIS2_PLACEMENT_3D('',#13438,#10746,#10747);
#9525=AXIS2_PLACEMENT_3D('',#13444,#10748,#10749);
#9526=AXIS2_PLACEMENT_3D('',#13450,#10750,#10751);
#9527=AXIS2_PLACEMENT_3D('',#13456,#10752,#10753);
#9528=AXIS2_PLACEMENT_3D('',#13457,#10754,#10755);
#9529=AXIS2_PLACEMENT_3D('',#13459,#10756,#10757);
#9530=AXIS2_PLACEMENT_3D('',#13465,#10758,#10759);
#9531=AXIS2_PLACEMENT_3D('',#13471,#10760,#10761);
#9532=AXIS2_PLACEMENT_3D('',#13477,#10762,#10763);
#9533=AXIS2_PLACEMENT_3D('',#13483,#10764,#10765);
#9534=AXIS2_PLACEMENT_3D('',#13490,#10766,#10767);
#9535=AXIS2_PLACEMENT_3D('',#13497,#10768,#10769);
#9536=AXIS2_PLACEMENT_3D('',#13498,#10770,#10771);
#9537=AXIS2_PLACEMENT_3D('',#13503,#10774,#10775);
#9538=AXIS2_PLACEMENT_3D('',#13504,#10776,#10777);
#9539=AXIS2_PLACEMENT_3D('',#13505,#10778,#10779);
#9540=AXIS2_PLACEMENT_3D('',#13507,#10780,#10781);
#9541=AXIS2_PLACEMENT_3D('',#13514,#10782,#10783);
#9542=AXIS2_PLACEMENT_3D('',#13521,#10784,#10785);
#9543=AXIS2_PLACEMENT_3D('',#13522,#10786,#10787);
#9544=AXIS2_PLACEMENT_3D('',#13527,#10790,#10791);
#9545=AXIS2_PLACEMENT_3D('',#13528,#10792,#10793);
#9546=AXIS2_PLACEMENT_3D('',#13529,#10794,#10795);
#9547=AXIS2_PLACEMENT_3D('',#13531,#10796,#10797);
#9548=AXIS2_PLACEMENT_3D('',#13537,#10798,#10799);
#9549=AXIS2_PLACEMENT_3D('',#13543,#10800,#10801);
#9550=AXIS2_PLACEMENT_3D('',#13549,#10802,#10803);
#9551=AXIS2_PLACEMENT_3D('',#13555,#10804,#10805);
#9552=AXIS2_PLACEMENT_3D('',#13562,#10806,#10807);
#9553=AXIS2_PLACEMENT_3D('',#13569,#10808,#10809);
#9554=AXIS2_PLACEMENT_3D('',#13570,#10810,#10811);
#9555=AXIS2_PLACEMENT_3D('',#13575,#10814,#10815);
#9556=AXIS2_PLACEMENT_3D('',#13576,#10816,#10817);
#9557=AXIS2_PLACEMENT_3D('',#13577,#10818,#10819);
#9558=AXIS2_PLACEMENT_3D('',#13579,#10820,#10821);
#9559=AXIS2_PLACEMENT_3D('',#13585,#10822,#10823);
#9560=AXIS2_PLACEMENT_3D('',#13591,#10824,#10825);
#9561=AXIS2_PLACEMENT_3D('',#13597,#10826,#10827);
#9562=AXIS2_PLACEMENT_3D('',#13603,#10828,#10829);
#9563=AXIS2_PLACEMENT_3D('',#13610,#10830,#10831);
#9564=AXIS2_PLACEMENT_3D('',#13617,#10832,#10833);
#9565=AXIS2_PLACEMENT_3D('',#13618,#10834,#10835);
#9566=AXIS2_PLACEMENT_3D('',#13621,#10837,#10838);
#9567=AXIS2_PLACEMENT_3D('',#13624,#10840,#10841);
#9568=AXIS2_PLACEMENT_3D('',#13625,#10842,#10843);
#9569=AXIS2_PLACEMENT_3D('',#13627,#10844,#10845);
#9570=AXIS2_PLACEMENT_3D('',#13633,#10846,#10847);
#9571=AXIS2_PLACEMENT_3D('',#13639,#10848,#10849);
#9572=AXIS2_PLACEMENT_3D('',#13646,#10850,#10851);
#9573=AXIS2_PLACEMENT_3D('',#13653,#10852,#10853);
#9574=AXIS2_PLACEMENT_3D('',#13654,#10854,#10855);
#9575=AXIS2_PLACEMENT_3D('',#13657,#10857,#10858);
#9576=AXIS2_PLACEMENT_3D('',#13660,#10860,#10861);
#9577=AXIS2_PLACEMENT_3D('',#13666,#10862,#10863);
#9578=AXIS2_PLACEMENT_3D('',#13672,#10864,#10865);
#9579=AXIS2_PLACEMENT_3D('',#13676,#10867,#10868);
#9580=AXIS2_PLACEMENT_3D('',#13680,#10870,#10871);
#9581=AXIS2_PLACEMENT_3D('',#13681,#10872,#10873);
#9582=AXIS2_PLACEMENT_3D('',#13682,#10874,#10875);
#9583=AXIS2_PLACEMENT_3D('',#13684,#10876,#10877);
#9584=AXIS2_PLACEMENT_3D('',#13690,#10878,#10879);
#9585=AXIS2_PLACEMENT_3D('',#13696,#10880,#10881);
#9586=AXIS2_PLACEMENT_3D('',#13702,#10882,#10883);
#9587=AXIS2_PLACEMENT_3D('',#13708,#10884,#10885);
#9588=AXIS2_PLACEMENT_3D('',#13714,#10886,#10887);
#9589=AXIS2_PLACEMENT_3D('',#13720,#10888,#10889);
#9590=AXIS2_PLACEMENT_3D('',#13724,#10891,#10892);
#9591=AXIS2_PLACEMENT_3D('',#13728,#10894,#10895);
#9592=AXIS2_PLACEMENT_3D('',#13729,#10896,#10897);
#9593=AXIS2_PLACEMENT_3D('',#13730,#10898,#10899);
#9594=AXIS2_PLACEMENT_3D('',#13732,#10900,#10901);
#9595=AXIS2_PLACEMENT_3D('',#13738,#10902,#10903);
#9596=AXIS2_PLACEMENT_3D('',#13744,#10904,#10905);
#9597=AXIS2_PLACEMENT_3D('',#13750,#10906,#10907);
#9598=AXIS2_PLACEMENT_3D('',#13756,#10908,#10909);
#9599=AXIS2_PLACEMENT_3D('',#13757,#10910,#10911);
#9600=AXIS2_PLACEMENT_3D('',#13759,#10912,#10913);
#9601=AXIS2_PLACEMENT_3D('',#13760,#10914,#10915);
#9602=AXIS2_PLACEMENT_3D('',#13762,#10916,#10917);
#9603=AXIS2_PLACEMENT_3D('',#13768,#10918,#10919);
#9604=AXIS2_PLACEMENT_3D('',#13774,#10920,#10921);
#9605=AXIS2_PLACEMENT_3D('',#13780,#10922,#10923);
#9606=AXIS2_PLACEMENT_3D('',#13786,#10924,#10925);
#9607=AXIS2_PLACEMENT_3D('',#13793,#10926,#10927);
#9608=AXIS2_PLACEMENT_3D('',#13800,#10928,#10929);
#9609=AXIS2_PLACEMENT_3D('',#13801,#10930,#10931);
#9610=AXIS2_PLACEMENT_3D('',#13806,#10934,#10935);
#9611=AXIS2_PLACEMENT_3D('',#13807,#10936,#10937);
#9612=AXIS2_PLACEMENT_3D('',#13808,#10938,#10939);
#9613=AXIS2_PLACEMENT_3D('',#13810,#10940,#10941);
#9614=AXIS2_PLACEMENT_3D('',#13816,#10942,#10943);
#9615=AXIS2_PLACEMENT_3D('',#13822,#10944,#10945);
#9616=AXIS2_PLACEMENT_3D('',#13828,#10946,#10947);
#9617=AXIS2_PLACEMENT_3D('',#13834,#10948,#10949);
#9618=AXIS2_PLACEMENT_3D('',#13835,#10950,#10951);
#9619=AXIS2_PLACEMENT_3D('',#13837,#10952,#10953);
#9620=AXIS2_PLACEMENT_3D('',#13841,#10955,#10956);
#9621=AXIS2_PLACEMENT_3D('',#13845,#10958,#10959);
#9622=AXIS2_PLACEMENT_3D('',#13846,#10960,#10961);
#9623=AXIS2_PLACEMENT_3D('',#13852,#10962,#10963);
#9624=AXIS2_PLACEMENT_3D('',#13858,#10964,#10965);
#9625=AXIS2_PLACEMENT_3D('',#13859,#10966,#10967);
#9626=AXIS2_PLACEMENT_3D('',#13861,#10968,#10969);
#9627=AXIS2_PLACEMENT_3D('',#13865,#10971,#10972);
#9628=AXIS2_PLACEMENT_3D('',#13869,#10974,#10975);
#9629=AXIS2_PLACEMENT_3D('',#13870,#10976,#10977);
#9630=AXIS2_PLACEMENT_3D('',#13876,#10978,#10979);
#9631=AXIS2_PLACEMENT_3D('',#13882,#10980,#10981);
#9632=AXIS2_PLACEMENT_3D('',#13883,#10982,#10983);
#9633=AXIS2_PLACEMENT_3D('',#13885,#10984,#10985);
#9634=AXIS2_PLACEMENT_3D('',#13889,#10987,#10988);
#9635=AXIS2_PLACEMENT_3D('',#13893,#10990,#10991);
#9636=AXIS2_PLACEMENT_3D('',#13894,#10992,#10993);
#9637=AXIS2_PLACEMENT_3D('',#13900,#10994,#10995);
#9638=AXIS2_PLACEMENT_3D('',#13906,#10996,#10997);
#9639=AXIS2_PLACEMENT_3D('',#13907,#10998,#10999);
#9640=AXIS2_PLACEMENT_3D('',#13909,#11000,#11001);
#9641=AXIS2_PLACEMENT_3D('',#13913,#11003,#11004);
#9642=AXIS2_PLACEMENT_3D('',#13917,#11006,#11007);
#9643=AXIS2_PLACEMENT_3D('',#13918,#11008,#11009);
#9644=AXIS2_PLACEMENT_3D('',#13924,#11010,#11011);
#9645=AXIS2_PLACEMENT_3D('',#13930,#11012,#11013);
#9646=AXIS2_PLACEMENT_3D('',#13931,#11014,#11015);
#9647=AXIS2_PLACEMENT_3D('',#13933,#11016,#11017);
#9648=AXIS2_PLACEMENT_3D('',#13937,#11019,#11020);
#9649=AXIS2_PLACEMENT_3D('',#13941,#11022,#11023);
#9650=AXIS2_PLACEMENT_3D('',#13942,#11024,#11025);
#9651=AXIS2_PLACEMENT_3D('',#13948,#11026,#11027);
#9652=AXIS2_PLACEMENT_3D('',#13954,#11028,#11029);
#9653=AXIS2_PLACEMENT_3D('',#13955,#11030,#11031);
#9654=AXIS2_PLACEMENT_3D('',#13957,#11032,#11033);
#9655=AXIS2_PLACEMENT_3D('',#13961,#11035,#11036);
#9656=AXIS2_PLACEMENT_3D('',#13965,#11038,#11039);
#9657=AXIS2_PLACEMENT_3D('',#13966,#11040,#11041);
#9658=AXIS2_PLACEMENT_3D('',#13972,#11042,#11043);
#9659=AXIS2_PLACEMENT_3D('',#13978,#11044,#11045);
#9660=AXIS2_PLACEMENT_3D('',#13979,#11046,#11047);
#9661=AXIS2_PLACEMENT_3D('',#13981,#11048,#11049);
#9662=AXIS2_PLACEMENT_3D('',#13985,#11051,#11052);
#9663=AXIS2_PLACEMENT_3D('',#13989,#11054,#11055);
#9664=AXIS2_PLACEMENT_3D('',#13990,#11056,#11057);
#9665=AXIS2_PLACEMENT_3D('',#13996,#11058,#11059);
#9666=AXIS2_PLACEMENT_3D('',#14002,#11060,#11061);
#9667=AXIS2_PLACEMENT_3D('',#14003,#11062,#11063);
#9668=AXIS2_PLACEMENT_3D('',#14005,#11064,#11065);
#9669=AXIS2_PLACEMENT_3D('',#14009,#11067,#11068);
#9670=AXIS2_PLACEMENT_3D('',#14013,#11070,#11071);
#9671=AXIS2_PLACEMENT_3D('',#14014,#11072,#11073);
#9672=AXIS2_PLACEMENT_3D('',#14020,#11074,#11075);
#9673=AXIS2_PLACEMENT_3D('',#14026,#11076,#11077);
#9674=AXIS2_PLACEMENT_3D('',#14027,#11078,#11079);
#9675=AXIS2_PLACEMENT_3D('',#14029,#11080,#11081);
#9676=AXIS2_PLACEMENT_3D('',#14033,#11083,#11084);
#9677=AXIS2_PLACEMENT_3D('',#14037,#11086,#11087);
#9678=AXIS2_PLACEMENT_3D('',#14038,#11088,#11089);
#9679=AXIS2_PLACEMENT_3D('',#14044,#11090,#11091);
#9680=AXIS2_PLACEMENT_3D('',#14050,#11092,#11093);
#9681=AXIS2_PLACEMENT_3D('',#14051,#11094,#11095);
#9682=AXIS2_PLACEMENT_3D('',#14053,#11096,#11097);
#9683=AXIS2_PLACEMENT_3D('',#14054,#11098,#11099);
#9684=AXIS2_PLACEMENT_3D('',#14056,#11100,#11101);
#9685=AXIS2_PLACEMENT_3D('',#14060,#11103,#11104);
#9686=AXIS2_PLACEMENT_3D('',#14064,#11106,#11107);
#9687=AXIS2_PLACEMENT_3D('',#14065,#11108,#11109);
#9688=AXIS2_PLACEMENT_3D('',#14071,#11110,#11111);
#9689=AXIS2_PLACEMENT_3D('',#14077,#11112,#11113);
#9690=AXIS2_PLACEMENT_3D('',#14078,#11114,#11115);
#9691=AXIS2_PLACEMENT_3D('',#14080,#11116,#11117);
#9692=AXIS2_PLACEMENT_3D('',#14084,#11119,#11120);
#9693=AXIS2_PLACEMENT_3D('',#14088,#11122,#11123);
#9694=AXIS2_PLACEMENT_3D('',#14089,#11124,#11125);
#9695=AXIS2_PLACEMENT_3D('',#14095,#11126,#11127);
#9696=AXIS2_PLACEMENT_3D('',#14101,#11128,#11129);
#9697=AXIS2_PLACEMENT_3D('',#14102,#11130,#11131);
#9698=AXIS2_PLACEMENT_3D('',#14104,#11132,#11133);
#9699=AXIS2_PLACEMENT_3D('',#14110,#11137,#11138);
#9700=AXIS2_PLACEMENT_3D('',#14116,#11142,#11143);
#9701=AXIS2_PLACEMENT_3D('',#14122,#11147,#11148);
#9702=AXIS2_PLACEMENT_3D('',#14128,#11152,#11153);
#9703=AXIS2_PLACEMENT_3D('',#14134,#11157,#11158);
#9704=AXIS2_PLACEMENT_3D('',#14140,#11162,#11163);
#9705=AXIS2_PLACEMENT_3D('',#14146,#11167,#11168);
#9706=AXIS2_PLACEMENT_3D('',#14152,#11172,#11173);
#9707=AXIS2_PLACEMENT_3D('',#14158,#11177,#11178);
#9708=AXIS2_PLACEMENT_3D('',#14164,#11182,#11183);
#9709=AXIS2_PLACEMENT_3D('',#14170,#11187,#11188);
#9710=AXIS2_PLACEMENT_3D('',#14176,#11192,#11193);
#9711=AXIS2_PLACEMENT_3D('',#14182,#11197,#11198);
#9712=AXIS2_PLACEMENT_3D('',#14188,#11202,#11203);
#9713=AXIS2_PLACEMENT_3D('',#14194,#11207,#11208);
#9714=AXIS2_PLACEMENT_3D('',#14200,#11212,#11213);
#9715=AXIS2_PLACEMENT_3D('',#14206,#11217,#11218);
#9716=AXIS2_PLACEMENT_3D('',#14207,#11219,#11220);
#9717=AXIS2_PLACEMENT_3D('',#14208,#11221,#11222);
#9718=AXIS2_PLACEMENT_3D('',#14213,#11225,#11226);
#9719=AXIS2_PLACEMENT_3D('',#14214,#11227,#11228);
#9720=AXIS2_PLACEMENT_3D('',#14215,#11229,#11230);
#9721=AXIS2_PLACEMENT_3D('',#14220,#11233,#11234);
#9722=AXIS2_PLACEMENT_3D('',#14223,#11236,#11237);
#9723=AXIS2_PLACEMENT_3D('',#14224,#11238,#11239);
#9724=AXIS2_PLACEMENT_3D('',#14225,#11240,#11241);
#9725=AXIS2_PLACEMENT_3D('',#14226,#11242,#11243);
#9726=AXIS2_PLACEMENT_3D('',#14230,#11246,#11247);
#9727=AXIS2_PLACEMENT_3D('',#14236,#11251,#11252);
#9728=AXIS2_PLACEMENT_3D('',#14239,#11254,#11255);
#9729=AXIS2_PLACEMENT_3D('',#14242,#11257,#11258);
#9730=AXIS2_PLACEMENT_3D('',#14247,#11261,#11262);
#9731=AXIS2_PLACEMENT_3D('',#14252,#11265,#11266);
#9732=AXIS2_PLACEMENT_3D('',#14253,#11267,#11268);
#9733=AXIS2_PLACEMENT_3D('',#14257,#11271,#11272);
#9734=AXIS2_PLACEMENT_3D('',#14260,#11274,#11275);
#9735=AXIS2_PLACEMENT_3D('',#14261,#11276,#11277);
#9736=AXIS2_PLACEMENT_3D('',#14266,#11280,#11281);
#9737=AXIS2_PLACEMENT_3D('',#14267,#11282,#11283);
#9738=AXIS2_PLACEMENT_3D('',#14268,#11284,#11285);
#9739=AXIS2_PLACEMENT_3D('',#14272,#11288,#11289);
#9740=AXIS2_PLACEMENT_3D('',#14277,#11292,#11293);
#9741=AXIS2_PLACEMENT_3D('',#14278,#11294,#11295);
#9742=AXIS2_PLACEMENT_3D('',#14279,#11296,#11297);
#9743=AXIS2_PLACEMENT_3D('',#14282,#11299,#11300);
#9744=AXIS2_PLACEMENT_3D('',#14283,#11301,#11302);
#9745=AXIS2_PLACEMENT_3D('',#14287,#11305,#11306);
#9746=AXIS2_PLACEMENT_3D('',#14292,#11309,#11310);
#9747=AXIS2_PLACEMENT_3D('',#14293,#11311,#11312);
#9748=AXIS2_PLACEMENT_3D('',#14296,#11314,#11315);
#9749=AXIS2_PLACEMENT_3D('',#14301,#11318,#11319);
#9750=AXIS2_PLACEMENT_3D('',#14302,#11320,#11321);
#9751=AXIS2_PLACEMENT_3D('',#14304,#11323,#11324);
#9752=AXIS2_PLACEMENT_3D('',#14310,#11328,#11329);
#9753=AXIS2_PLACEMENT_3D('',#14311,#11330,#11331);
#9754=AXIS2_PLACEMENT_3D('',#14312,#11332,#11333);
#9755=AXIS2_PLACEMENT_3D('',#14317,#11336,#11337);
#9756=AXIS2_PLACEMENT_3D('',#14318,#11338,#11339);
#9757=AXIS2_PLACEMENT_3D('',#14319,#11340,#11341);
#9758=AXIS2_PLACEMENT_3D('',#14326,#11342,#11343);
#9759=AXIS2_PLACEMENT_3D('',#14333,#11344,#11345);
#9760=AXIS2_PLACEMENT_3D('',#14334,#11346,#11347);
#9761=AXIS2_PLACEMENT_3D('',#14340,#11351,#11352);
#9762=AXIS2_PLACEMENT_3D('',#14347,#11353,#11354);
#9763=AXIS2_PLACEMENT_3D('',#14354,#11355,#11356);
#9764=AXIS2_PLACEMENT_3D('',#14355,#11357,#11358);
#9765=AXIS2_PLACEMENT_3D('',#14356,#11359,#11360);
#9766=AXIS2_PLACEMENT_3D('',#14361,#11363,#11364);
#9767=AXIS2_PLACEMENT_3D('',#14366,#11367,#11368);
#9768=AXIS2_PLACEMENT_3D('',#14367,#11369,#11370);
#9769=AXIS2_PLACEMENT_3D('',#14368,#11371,#11372);
#9770=AXIS2_PLACEMENT_3D('',#14369,#11373,#11374);
#9771=AXIS2_PLACEMENT_3D('',#14371,#11375,#11376);
#9772=AXIS2_PLACEMENT_3D('',#14376,#11379,#11380);
#9773=AXIS2_PLACEMENT_3D('',#14379,#11382,#11383);
#9774=AXIS2_PLACEMENT_3D('',#14380,#11384,#11385);
#9775=AXIS2_PLACEMENT_3D('',#14381,#11386,#11387);
#9776=AXIS2_PLACEMENT_3D('',#14382,#11388,#11389);
#9777=AXIS2_PLACEMENT_3D('',#14386,#11392,#11393);
#9778=AXIS2_PLACEMENT_3D('',#14390,#11395,#11396);
#9779=AXIS2_PLACEMENT_3D('',#14394,#11398,#11399);
#9780=AXIS2_PLACEMENT_3D('',#14395,#11400,#11401);
#9781=AXIS2_PLACEMENT_3D('',#14401,#11402,#11403);
#9782=AXIS2_PLACEMENT_3D('',#14407,#11404,#11405);
#9783=AXIS2_PLACEMENT_3D('',#14412,#11408,#11409);
#9784=AXIS2_PLACEMENT_3D('',#14417,#11412,#11413);
#9785=AXIS2_PLACEMENT_3D('',#14418,#11414,#11415);
#9786=AXIS2_PLACEMENT_3D('',#14419,#11416,#11417);
#9787=AXIS2_PLACEMENT_3D('',#14420,#11418,#11419);
#9788=AXIS2_PLACEMENT_3D('',#14424,#11421,#11422);
#9789=AXIS2_PLACEMENT_3D('',#14428,#11424,#11425);
#9790=AXIS2_PLACEMENT_3D('',#14429,#11426,#11427);
#9791=AXIS2_PLACEMENT_3D('',#14430,#11428,#11429);
#9792=AXIS2_PLACEMENT_3D('',#14432,#11430,#11431);
#9793=AXIS2_PLACEMENT_3D('',#14438,#11432,#11433);
#9794=AXIS2_PLACEMENT_3D('',#14444,#11434,#11435);
#9795=AXIS2_PLACEMENT_3D('',#14453,#11438,#11439);
#9796=AXIS2_PLACEMENT_3D('',#14454,#11440,#11441);
#9797=AXIS2_PLACEMENT_3D('',#14460,#11442,#11443);
#9798=AXIS2_PLACEMENT_3D('',#14464,#11446,#11447);
#9799=AXIS2_PLACEMENT_3D('',#14471,#11448,#11449);
#9800=AXIS2_PLACEMENT_3D('',#14478,#11450,#11451);
#9801=AXIS2_PLACEMENT_3D('',#14479,#11452,#11453);
#9802=AXIS2_PLACEMENT_3D('',#14484,#11456,#11457);
#9803=AXIS2_PLACEMENT_3D('',#14485,#11458,#11459);
#9804=AXIS2_PLACEMENT_3D('',#14486,#11460,#11461);
#9805=AXIS2_PLACEMENT_3D('',#14488,#11462,#11463);
#9806=AXIS2_PLACEMENT_3D('',#14494,#11464,#11465);
#9807=AXIS2_PLACEMENT_3D('',#14500,#11466,#11467);
#9808=AXIS2_PLACEMENT_3D('',#14506,#11471,#11472);
#9809=AXIS2_PLACEMENT_3D('',#14515,#11475,#11476);
#9810=AXIS2_PLACEMENT_3D('',#14516,#11477,#11478);
#9811=AXIS2_PLACEMENT_3D('',#14522,#11479,#11480);
#9812=AXIS2_PLACEMENT_3D('',#14526,#11483,#11484);
#9813=AXIS2_PLACEMENT_3D('',#14532,#11485,#11486);
#9814=AXIS2_PLACEMENT_3D('',#14538,#11487,#11488);
#9815=AXIS2_PLACEMENT_3D('',#14539,#11489,#11490);
#9816=AXIS2_PLACEMENT_3D('',#14541,#11491,#11492);
#9817=AXIS2_PLACEMENT_3D('',#14542,#11493,#11494);
#9818=AXIS2_PLACEMENT_3D('',#14548,#11495,#11496);
#9819=AXIS2_PLACEMENT_3D('',#14557,#11499,#11500);
#9820=AXIS2_PLACEMENT_3D('',#14558,#11501,#11502);
#9821=AXIS2_PLACEMENT_3D('',#14564,#11503,#11504);
#9822=AXIS2_PLACEMENT_3D('',#14568,#11507,#11508);
#9823=AXIS2_PLACEMENT_3D('',#14579,#11512,#11513);
#9824=AXIS2_PLACEMENT_3D('',#14580,#11514,#11515);
#9825=AXIS2_PLACEMENT_3D('',#14586,#11516,#11517);
#9826=AXIS2_PLACEMENT_3D('',#14587,#11518,#11519);
#9827=AXIS2_PLACEMENT_3D('',#14589,#11520,#11521);
#9828=AXIS2_PLACEMENT_3D('',#14590,#11522,#11523);
#9829=AXIS2_PLACEMENT_3D('',#14596,#11524,#11525);
#9830=AXIS2_PLACEMENT_3D('',#14602,#11529,#11530);
#9831=AXIS2_PLACEMENT_3D('',#14611,#11533,#11534);
#9832=AXIS2_PLACEMENT_3D('',#14612,#11535,#11536);
#9833=AXIS2_PLACEMENT_3D('',#14618,#11537,#11538);
#9834=AXIS2_PLACEMENT_3D('',#14622,#11541,#11542);
#9835=AXIS2_PLACEMENT_3D('',#14629,#11543,#11544);
#9836=AXIS2_PLACEMENT_3D('',#14636,#11545,#11546);
#9837=AXIS2_PLACEMENT_3D('',#14637,#11547,#11548);
#9838=AXIS2_PLACEMENT_3D('',#14642,#11551,#11552);
#9839=AXIS2_PLACEMENT_3D('',#14643,#11553,#11554);
#9840=AXIS2_PLACEMENT_3D('',#14644,#11555,#11556);
#9841=AXIS2_PLACEMENT_3D('',#14646,#11557,#11558);
#9842=AXIS2_PLACEMENT_3D('',#14653,#11559,#11560);
#9843=AXIS2_PLACEMENT_3D('',#14660,#11561,#11562);
#9844=AXIS2_PLACEMENT_3D('',#14661,#11563,#11564);
#9845=AXIS2_PLACEMENT_3D('',#14670,#11567,#11568);
#9846=AXIS2_PLACEMENT_3D('',#14671,#11569,#11570);
#9847=AXIS2_PLACEMENT_3D('',#14677,#11571,#11572);
#9848=AXIS2_PLACEMENT_3D('',#14681,#11575,#11576);
#9849=AXIS2_PLACEMENT_3D('',#14688,#11577,#11578);
#9850=AXIS2_PLACEMENT_3D('',#14695,#11579,#11580);
#9851=AXIS2_PLACEMENT_3D('',#14696,#11581,#11582);
#9852=AXIS2_PLACEMENT_3D('',#14699,#11584,#11585);
#9853=AXIS2_PLACEMENT_3D('',#14702,#11587,#11588);
#9854=AXIS2_PLACEMENT_3D('',#14703,#11589,#11590);
#9855=AXIS2_PLACEMENT_3D('',#14705,#11591,#11592);
#9856=AXIS2_PLACEMENT_3D('',#14711,#11593,#11594);
#9857=AXIS2_PLACEMENT_3D('',#14717,#11595,#11596);
#9858=AXIS2_PLACEMENT_3D('',#14723,#11600,#11601);
#9859=AXIS2_PLACEMENT_3D('',#14732,#11604,#11605);
#9860=AXIS2_PLACEMENT_3D('',#14733,#11606,#11607);
#9861=AXIS2_PLACEMENT_3D('',#14739,#11608,#11609);
#9862=AXIS2_PLACEMENT_3D('',#14743,#11612,#11613);
#9863=AXIS2_PLACEMENT_3D('',#14750,#11614,#11615);
#9864=AXIS2_PLACEMENT_3D('',#14757,#11616,#11617);
#9865=AXIS2_PLACEMENT_3D('',#14758,#11618,#11619);
#9866=AXIS2_PLACEMENT_3D('',#14761,#11621,#11622);
#9867=AXIS2_PLACEMENT_3D('',#14764,#11624,#11625);
#9868=AXIS2_PLACEMENT_3D('',#14765,#11626,#11627);
#9869=AXIS2_PLACEMENT_3D('',#14767,#11628,#11629);
#9870=AXIS2_PLACEMENT_3D('',#14773,#11630,#11631);
#9871=AXIS2_PLACEMENT_3D('',#14779,#11632,#11633);
#9872=AXIS2_PLACEMENT_3D('',#14785,#11637,#11638);
#9873=AXIS2_PLACEMENT_3D('',#14794,#11641,#11642);
#9874=AXIS2_PLACEMENT_3D('',#14795,#11643,#11644);
#9875=AXIS2_PLACEMENT_3D('',#14801,#11645,#11646);
#9876=AXIS2_PLACEMENT_3D('',#14805,#11649,#11650);
#9877=AXIS2_PLACEMENT_3D('',#14812,#11651,#11652);
#9878=AXIS2_PLACEMENT_3D('',#14819,#11653,#11654);
#9879=AXIS2_PLACEMENT_3D('',#14820,#11655,#11656);
#9880=AXIS2_PLACEMENT_3D('',#14823,#11658,#11659);
#9881=AXIS2_PLACEMENT_3D('',#14826,#11661,#11662);
#9882=AXIS2_PLACEMENT_3D('',#14827,#11663,#11664);
#9883=AXIS2_PLACEMENT_3D('',#14829,#11665,#11666);
#9884=AXIS2_PLACEMENT_3D('',#14835,#11667,#11668);
#9885=AXIS2_PLACEMENT_3D('',#14841,#11669,#11670);
#9886=AXIS2_PLACEMENT_3D('',#14847,#11674,#11675);
#9887=AXIS2_PLACEMENT_3D('',#14856,#11678,#11679);
#9888=AXIS2_PLACEMENT_3D('',#14857,#11680,#11681);
#9889=AXIS2_PLACEMENT_3D('',#14863,#11682,#11683);
#9890=AXIS2_PLACEMENT_3D('',#14867,#11686,#11687);
#9891=AXIS2_PLACEMENT_3D('',#14874,#11688,#11689);
#9892=AXIS2_PLACEMENT_3D('',#14881,#11690,#11691);
#9893=AXIS2_PLACEMENT_3D('',#14882,#11692,#11693);
#9894=AXIS2_PLACEMENT_3D('',#14885,#11695,#11696);
#9895=AXIS2_PLACEMENT_3D('',#14888,#11698,#11699);
#9896=AXIS2_PLACEMENT_3D('',#14889,#11700,#11701);
#9897=AXIS2_PLACEMENT_3D('',#14891,#11702,#11703);
#9898=AXIS2_PLACEMENT_3D('',#14897,#11704,#11705);
#9899=AXIS2_PLACEMENT_3D('',#14903,#11706,#11707);
#9900=AXIS2_PLACEMENT_3D('',#14909,#11711,#11712);
#9901=AXIS2_PLACEMENT_3D('',#14918,#11715,#11716);
#9902=AXIS2_PLACEMENT_3D('',#14919,#11717,#11718);
#9903=AXIS2_PLACEMENT_3D('',#14925,#11719,#11720);
#9904=AXIS2_PLACEMENT_3D('',#14929,#11723,#11724);
#9905=AXIS2_PLACEMENT_3D('',#14936,#11725,#11726);
#9906=AXIS2_PLACEMENT_3D('',#14943,#11727,#11728);
#9907=AXIS2_PLACEMENT_3D('',#14944,#11729,#11730);
#9908=AXIS2_PLACEMENT_3D('',#14947,#11732,#11733);
#9909=AXIS2_PLACEMENT_3D('',#14950,#11735,#11736);
#9910=AXIS2_PLACEMENT_3D('',#14951,#11737,#11738);
#9911=AXIS2_PLACEMENT_3D('',#14953,#11739,#11740);
#9912=AXIS2_PLACEMENT_3D('',#14959,#11741,#11742);
#9913=AXIS2_PLACEMENT_3D('',#14965,#11743,#11744);
#9914=AXIS2_PLACEMENT_3D('',#14971,#11748,#11749);
#9915=AXIS2_PLACEMENT_3D('',#14978,#11750,#11751);
#9916=AXIS2_PLACEMENT_3D('',#14985,#11752,#11753);
#9917=AXIS2_PLACEMENT_3D('',#14986,#11754,#11755);
#9918=AXIS2_PLACEMENT_3D('',#14991,#11758,#11759);
#9919=AXIS2_PLACEMENT_3D('',#14992,#11760,#11761);
#9920=AXIS2_PLACEMENT_3D('',#14993,#11762,#11763);
#9921=AXIS2_PLACEMENT_3D('',#14995,#11764,#11765);
#9922=AXIS2_PLACEMENT_3D('',#15001,#11766,#11767);
#9923=AXIS2_PLACEMENT_3D('',#15007,#11768,#11769);
#9924=AXIS2_PLACEMENT_3D('',#15013,#11773,#11774);
#9925=AXIS2_PLACEMENT_3D('',#15022,#11777,#11778);
#9926=AXIS2_PLACEMENT_3D('',#15023,#11779,#11780);
#9927=AXIS2_PLACEMENT_3D('',#15029,#11781,#11782);
#9928=AXIS2_PLACEMENT_3D('',#15033,#11785,#11786);
#9929=AXIS2_PLACEMENT_3D('',#15040,#11787,#11788);
#9930=AXIS2_PLACEMENT_3D('',#15047,#11789,#11790);
#9931=AXIS2_PLACEMENT_3D('',#15048,#11791,#11792);
#9932=AXIS2_PLACEMENT_3D('',#15053,#11795,#11796);
#9933=AXIS2_PLACEMENT_3D('',#15054,#11797,#11798);
#9934=AXIS2_PLACEMENT_3D('',#15055,#11799,#11800);
#9935=AXIS2_PLACEMENT_3D('',#15057,#11801,#11802);
#9936=AXIS2_PLACEMENT_3D('',#15063,#11803,#11804);
#9937=AXIS2_PLACEMENT_3D('',#15069,#11805,#11806);
#9938=AXIS2_PLACEMENT_3D('',#15075,#11810,#11811);
#9939=AXIS2_PLACEMENT_3D('',#15084,#11814,#11815);
#9940=AXIS2_PLACEMENT_3D('',#15085,#11816,#11817);
#9941=AXIS2_PLACEMENT_3D('',#15091,#11818,#11819);
#9942=AXIS2_PLACEMENT_3D('',#15095,#11822,#11823);
#9943=AXIS2_PLACEMENT_3D('',#15102,#11824,#11825);
#9944=AXIS2_PLACEMENT_3D('',#15109,#11826,#11827);
#9945=AXIS2_PLACEMENT_3D('',#15110,#11828,#11829);
#9946=AXIS2_PLACEMENT_3D('',#15115,#11832,#11833);
#9947=AXIS2_PLACEMENT_3D('',#15116,#11834,#11835);
#9948=AXIS2_PLACEMENT_3D('',#15117,#11836,#11837);
#9949=AXIS2_PLACEMENT_3D('',#15119,#11838,#11839);
#9950=AXIS2_PLACEMENT_3D('',#15125,#11840,#11841);
#9951=AXIS2_PLACEMENT_3D('',#15131,#11842,#11843);
#9952=AXIS2_PLACEMENT_3D('',#15137,#11847,#11848);
#9953=AXIS2_PLACEMENT_3D('',#15148,#11852,#11853);
#9954=AXIS2_PLACEMENT_3D('',#15149,#11854,#11855);
#9955=AXIS2_PLACEMENT_3D('',#15155,#11856,#11857);
#9956=AXIS2_PLACEMENT_3D('',#15164,#11862,#11863);
#9957=AXIS2_PLACEMENT_3D('',#15165,#11864,#11865);
#9958=AXIS2_PLACEMENT_3D('',#15166,#11866,#11867);
#9959=AXIS2_PLACEMENT_3D('',#15175,#11872,#11873);
#9960=AXIS2_PLACEMENT_3D('',#15176,#11874,#11875);
#9961=AXIS2_PLACEMENT_3D('',#15177,#11876,#11877);
#9962=AXIS2_PLACEMENT_3D('',#15186,#11882,#11883);
#9963=AXIS2_PLACEMENT_3D('',#15187,#11884,#11885);
#9964=AXIS2_PLACEMENT_3D('',#15188,#11886,#11887);
#9965=AXIS2_PLACEMENT_3D('',#15189,#11888,#11889);
#9966=AXIS2_PLACEMENT_3D('',#15198,#11894,#11895);
#9967=AXIS2_PLACEMENT_3D('',#15199,#11896,#11897);
#9968=AXIS2_PLACEMENT_3D('',#15200,#11898,#11899);
#9969=AXIS2_PLACEMENT_3D('',#15201,#11900,#11901);
#9970=AXIS2_PLACEMENT_3D('',#15210,#11906,#11907);
#9971=AXIS2_PLACEMENT_3D('',#15219,#11912,#11913);
#9972=AXIS2_PLACEMENT_3D('',#15228,#11918,#11919);
#9973=AXIS2_PLACEMENT_3D('',#15229,#11920,#11921);
#9974=AXIS2_PLACEMENT_3D('',#15230,#11922,#11923);
#9975=AXIS2_PLACEMENT_3D('',#15239,#11928,#11929);
#9976=AXIS2_PLACEMENT_3D('',#15240,#11930,#11931);
#9977=AXIS2_PLACEMENT_3D('',#15241,#11932,#11933);
#9978=AXIS2_PLACEMENT_3D('',#15250,#11938,#11939);
#9979=AXIS2_PLACEMENT_3D('',#15251,#11940,#11941);
#9980=AXIS2_PLACEMENT_3D('',#15252,#11942,#11943);
#9981=AXIS2_PLACEMENT_3D('',#15261,#11948,#11949);
#9982=AXIS2_PLACEMENT_3D('',#15262,#11950,#11951);
#9983=AXIS2_PLACEMENT_3D('',#15263,#11952,#11953);
#9984=AXIS2_PLACEMENT_3D('',#15272,#11958,#11959);
#9985=AXIS2_PLACEMENT_3D('',#15273,#11960,#11961);
#9986=AXIS2_PLACEMENT_3D('',#15274,#11962,#11963);
#9987=AXIS2_PLACEMENT_3D('',#15283,#11968,#11969);
#9988=AXIS2_PLACEMENT_3D('',#15292,#11974,#11975);
#9989=AXIS2_PLACEMENT_3D('',#15293,#11976,#11977);
#9990=AXIS2_PLACEMENT_3D('',#15294,#11978,#11979);
#9991=AXIS2_PLACEMENT_3D('',#15303,#11984,#11985);
#9992=AXIS2_PLACEMENT_3D('',#15309,#11989,#11990);
#9993=AXIS2_PLACEMENT_3D('',#15313,#11993,#11994);
#9994=AXIS2_PLACEMENT_3D('',#15317,#11997,#11998);
#9995=AXIS2_PLACEMENT_3D('',#15320,#12001,#12002);
#9996=AXIS2_PLACEMENT_3D('',#15322,#12004,#12005);
#9997=AXIS2_PLACEMENT_3D('',#15331,#12011,#12012);
#9998=AXIS2_PLACEMENT_3D('',#15332,#12013,#12014);
#9999=AXIS2_PLACEMENT_3D('',#15338,#12017,#12018);
#10000=AXIS2_PLACEMENT_3D('',#15344,#12022,#12023);
#10001=AXIS2_PLACEMENT_3D('',#15349,#12027,#12028);
#10002=AXIS2_PLACEMENT_3D('',#15353,#12031,#12032);
#10003=AXIS2_PLACEMENT_3D('',#15354,#12033,#12034);
#10004=AXIS2_PLACEMENT_3D('',#15356,#12035,#12036);
#10005=AXIS2_PLACEMENT_3D('',#15362,#12037,#12038);
#10006=AXIS2_PLACEMENT_3D('',#15368,#12039,#12040);
#10007=AXIS2_PLACEMENT_3D('',#15374,#12044,#12045);
#10008=AXIS2_PLACEMENT_3D('',#15375,#12046,#12047);
#10009=AXIS2_PLACEMENT_3D('',#15376,#12048,#12049);
#10010=AXIS2_PLACEMENT_3D('',#15387,#12055,#12056);
#10011=AXIS2_PLACEMENT_3D('',#15394,#12058,#12059);
#10012=AXIS2_PLACEMENT_3D('',#15395,#12060,#12061);
#10013=AXIS2_PLACEMENT_3D('',#15401,#12062,#12063);
#10014=AXIS2_PLACEMENT_3D('',#15405,#12066,#12067);
#10015=AXIS2_PLACEMENT_3D('',#15412,#12068,#12069);
#10016=AXIS2_PLACEMENT_3D('',#15419,#12070,#12071);
#10017=AXIS2_PLACEMENT_3D('',#15420,#12072,#12073);
#10018=AXIS2_PLACEMENT_3D('',#15428,#12078,#12079);
#10019=AXIS2_PLACEMENT_3D('',#15431,#12081,#12082);
#10020=AXIS2_PLACEMENT_3D('',#15439,#12087,#12088);
#10021=AXIS2_PLACEMENT_3D('',#15443,#12091,#12092);
#10022=AXIS2_PLACEMENT_3D('',#15450,#12093,#12094);
#10023=AXIS2_PLACEMENT_3D('',#15457,#12095,#12096);
#10024=AXIS2_PLACEMENT_3D('',#15458,#12097,#12098);
#10025=AXIS2_PLACEMENT_3D('',#15465,#12099,#12100);
#10026=AXIS2_PLACEMENT_3D('',#15472,#12101,#12102);
#10027=AXIS2_PLACEMENT_3D('',#15473,#12103,#12104);
#10028=AXIS2_PLACEMENT_3D('',#15480,#12105,#12106);
#10029=AXIS2_PLACEMENT_3D('',#15487,#12107,#12108);
#10030=AXIS2_PLACEMENT_3D('',#15488,#12109,#12110);
#10031=AXIS2_PLACEMENT_3D('',#15495,#12111,#12112);
#10032=AXIS2_PLACEMENT_3D('',#15502,#12113,#12114);
#10033=AXIS2_PLACEMENT_3D('',#15503,#12115,#12116);
#10034=AXIS2_PLACEMENT_3D('',#15509,#12120,#12121);
#10035=AXIS2_PLACEMENT_3D('',#15514,#12124,#12125);
#10036=AXIS2_PLACEMENT_3D('',#15517,#12127,#12128);
#10037=AXIS2_PLACEMENT_3D('',#15518,#12129,#12130);
#10038=AXIS2_PLACEMENT_3D('',#15522,#12133,#12134);
#10039=AXIS2_PLACEMENT_3D('',#15527,#12137,#12138);
#10040=AXIS2_PLACEMENT_3D('',#15530,#12140,#12141);
#10041=AXIS2_PLACEMENT_3D('',#15531,#12142,#12143);
#10042=AXIS2_PLACEMENT_3D('',#15533,#12145,#12146);
#10043=AXIS2_PLACEMENT_3D('',#15537,#12149,#12150);
#10044=AXIS2_PLACEMENT_3D('',#15541,#12153,#12154);
#10045=AXIS2_PLACEMENT_3D('',#15542,#12155,#12156);
#10046=AXIS2_PLACEMENT_3D('',#15546,#12159,#12160);
#10047=AXIS2_PLACEMENT_3D('',#15549,#12162,#12163);
#10048=AXIS2_PLACEMENT_3D('',#15553,#12166,#12167);
#10049=AXIS2_PLACEMENT_3D('',#15560,#12168,#12169);
#10050=AXIS2_PLACEMENT_3D('',#15567,#12170,#12171);
#10051=AXIS2_PLACEMENT_3D('',#15568,#12172,#12173);
#10052=AXIS2_PLACEMENT_3D('',#15575,#12174,#12175);
#10053=AXIS2_PLACEMENT_3D('',#15582,#12176,#12177);
#10054=AXIS2_PLACEMENT_3D('',#15583,#12178,#12179);
#10055=AXIS2_PLACEMENT_3D('',#15586,#12182,#12183);
#10056=AXIS2_PLACEMENT_3D('',#15588,#12185,#12186);
#10057=AXIS2_PLACEMENT_3D('',#15590,#12188,#12189);
#10058=AXIS2_PLACEMENT_3D('',#15592,#12191,#12192);
#10059=AXIS2_PLACEMENT_3D('',#15594,#12194,#12195);
#10060=AXIS2_PLACEMENT_3D('',#15596,#12197,#12198);
#10061=AXIS2_PLACEMENT_3D('',#15598,#12200,#12201);
#10062=AXIS2_PLACEMENT_3D('',#15600,#12203,#12204);
#10063=AXIS2_PLACEMENT_3D('',#15602,#12206,#12207);
#10064=AXIS2_PLACEMENT_3D('',#15604,#12209,#12210);
#10065=AXIS2_PLACEMENT_3D('',#15606,#12212,#12213);
#10066=AXIS2_PLACEMENT_3D('',#15608,#12215,#12216);
#10067=AXIS2_PLACEMENT_3D('',#15610,#12218,#12219);
#10068=AXIS2_PLACEMENT_3D('',#15612,#12221,#12222);
#10069=AXIS2_PLACEMENT_3D('',#15613,#12223,#12224);
#10070=AXIS2_PLACEMENT_3D('',#15615,#12226,#12227);
#10071=AXIS2_PLACEMENT_3D('',#15617,#12229,#12230);
#10072=AXIS2_PLACEMENT_3D('',#15618,#12231,#12232);
#10073=AXIS2_PLACEMENT_3D('',#15620,#12234,#12235);
#10074=AXIS2_PLACEMENT_3D('',#15624,#12238,#12239);
#10075=AXIS2_PLACEMENT_3D('',#15625,#12240,#12241);
#10076=AXIS2_PLACEMENT_3D('',#15628,#12244,#12245);
#10077=AXIS2_PLACEMENT_3D('',#15630,#12247,#12248);
#10078=AXIS2_PLACEMENT_3D('',#15632,#12250,#12251);
#10079=AXIS2_PLACEMENT_3D('',#15633,#12252,#12253);
#10080=AXIS2_PLACEMENT_3D('',#15636,#12256,#12257);
#10081=AXIS2_PLACEMENT_3D('',#15638,#12259,#12260);
#10082=AXIS2_PLACEMENT_3D('',#15640,#12262,#12263);
#10083=AXIS2_PLACEMENT_3D('',#15641,#12264,#12265);
#10084=AXIS2_PLACEMENT_3D('',#15644,#12268,#12269);
#10085=AXIS2_PLACEMENT_3D('',#15646,#12271,#12272);
#10086=AXIS2_PLACEMENT_3D('',#15648,#12274,#12275);
#10087=AXIS2_PLACEMENT_3D('',#15649,#12276,#12277);
#10088=AXIS2_PLACEMENT_3D('',#15652,#12280,#12281);
#10089=AXIS2_PLACEMENT_3D('',#15654,#12283,#12284);
#10090=AXIS2_PLACEMENT_3D('',#15656,#12286,#12287);
#10091=AXIS2_PLACEMENT_3D('',#15657,#12288,#12289);
#10092=AXIS2_PLACEMENT_3D('',#15660,#12292,#12293);
#10093=AXIS2_PLACEMENT_3D('',#15662,#12295,#12296);
#10094=AXIS2_PLACEMENT_3D('',#15664,#12298,#12299);
#10095=AXIS2_PLACEMENT_3D('',#15665,#12300,#12301);
#10096=AXIS2_PLACEMENT_3D('',#15668,#12304,#12305);
#10097=AXIS2_PLACEMENT_3D('',#15670,#12307,#12308);
#10098=AXIS2_PLACEMENT_3D('',#15672,#12310,#12311);
#10099=AXIS2_PLACEMENT_3D('',#15673,#12312,#12313);
#10100=AXIS2_PLACEMENT_3D('',#15676,#12316,#12317);
#10101=AXIS2_PLACEMENT_3D('',#15678,#12319,#12320);
#10102=AXIS2_PLACEMENT_3D('',#15680,#12322,#12323);
#10103=AXIS2_PLACEMENT_3D('',#15681,#12324,#12325);
#10104=AXIS2_PLACEMENT_3D('',#15684,#12328,#12329);
#10105=AXIS2_PLACEMENT_3D('',#15686,#12331,#12332);
#10106=AXIS2_PLACEMENT_3D('',#15688,#12334,#12335);
#10107=AXIS2_PLACEMENT_3D('',#15689,#12336,#12337);
#10108=AXIS2_PLACEMENT_3D('',#15692,#12340,#12341);
#10109=AXIS2_PLACEMENT_3D('',#15694,#12343,#12344);
#10110=AXIS2_PLACEMENT_3D('',#15696,#12346,#12347);
#10111=AXIS2_PLACEMENT_3D('',#15697,#12348,#12349);
#10112=AXIS2_PLACEMENT_3D('',#15700,#12352,#12353);
#10113=AXIS2_PLACEMENT_3D('',#15702,#12355,#12356);
#10114=AXIS2_PLACEMENT_3D('',#15704,#12358,#12359);
#10115=AXIS2_PLACEMENT_3D('',#15705,#12360,#12361);
#10116=AXIS2_PLACEMENT_3D('',#15708,#12364,#12365);
#10117=AXIS2_PLACEMENT_3D('',#15710,#12367,#12368);
#10118=AXIS2_PLACEMENT_3D('',#15712,#12370,#12371);
#10119=AXIS2_PLACEMENT_3D('',#15713,#12372,#12373);
#10120=AXIS2_PLACEMENT_3D('',#15716,#12376,#12377);
#10121=AXIS2_PLACEMENT_3D('',#15718,#12379,#12380);
#10122=AXIS2_PLACEMENT_3D('',#15720,#12382,#12383);
#10123=AXIS2_PLACEMENT_3D('',#15721,#12384,#12385);
#10124=AXIS2_PLACEMENT_3D('',#15724,#12388,#12389);
#10125=AXIS2_PLACEMENT_3D('',#15726,#12391,#12392);
#10126=AXIS2_PLACEMENT_3D('',#15728,#12394,#12395);
#10127=AXIS2_PLACEMENT_3D('',#15729,#12396,#12397);
#10128=AXIS2_PLACEMENT_3D('',#15732,#12400,#12401);
#10129=AXIS2_PLACEMENT_3D('',#15734,#12403,#12404);
#10130=AXIS2_PLACEMENT_3D('',#15736,#12406,#12407);
#10131=AXIS2_PLACEMENT_3D('',#15737,#12408,#12409);
#10132=AXIS2_PLACEMENT_3D('',#15740,#12412,#12413);
#10133=AXIS2_PLACEMENT_3D('',#15742,#12415,#12416);
#10134=AXIS2_PLACEMENT_3D('',#15744,#12418,#12419);
#10135=AXIS2_PLACEMENT_3D('',#15745,#12420,#12421);
#10136=AXIS2_PLACEMENT_3D('',#15748,#12424,#12425);
#10137=AXIS2_PLACEMENT_3D('',#15750,#12427,#12428);
#10138=AXIS2_PLACEMENT_3D('',#15752,#12430,#12431);
#10139=AXIS2_PLACEMENT_3D('',#15754,#12433,#12434);
#10140=AXIS2_PLACEMENT_3D('',#15756,#12436,#12437);
#10141=AXIS2_PLACEMENT_3D('',#15758,#12439,#12440);
#10142=AXIS2_PLACEMENT_3D('',#15760,#12442,#12443);
#10143=AXIS2_PLACEMENT_3D('',#15761,#12444,#12445);
#10144=AXIS2_PLACEMENT_3D('',#15765,#12448,#12449);
#10145=AXIS2_PLACEMENT_3D('',#15771,#12453,#12454);
#10146=AXIS2_PLACEMENT_3D('',#15777,#12458,#12459);
#10147=AXIS2_PLACEMENT_3D('',#15781,#12462,#12463);
#10148=AXIS2_PLACEMENT_3D('',#15787,#12467,#12468);
#10149=AXIS2_PLACEMENT_3D('',#15792,#12471,#12472);
#10150=AXIS2_PLACEMENT_3D('',#15795,#12474,#12475);
#10151=AXIS2_PLACEMENT_3D('',#15796,#12476,#12477);
#10152=AXIS2_PLACEMENT_3D('',#15800,#12480,#12481);
#10153=AXIS2_PLACEMENT_3D('',#15804,#12484,#12485);
#10154=AXIS2_PLACEMENT_3D('',#15808,#12488,#12489);
#10155=AXIS2_PLACEMENT_3D('',#15814,#12493,#12494);
#10156=AXIS2_PLACEMENT_3D('',#15816,#12496,#12497);
#10157=AXIS2_PLACEMENT_3D('',#15818,#12499,#12500);
#10158=AXIS2_PLACEMENT_3D('',#15822,#12503,#12504);
#10159=AXIS2_PLACEMENT_3D('',#15826,#12507,#12508);
#10160=AXIS2_PLACEMENT_3D('',#15830,#12511,#12512);
#10161=AXIS2_PLACEMENT_3D('',#15834,#12515,#12516);
#10162=AXIS2_PLACEMENT_3D('',#15836,#12518,#12519);
#10163=AXIS2_PLACEMENT_3D('',#15840,#12522,#12523);
#10164=AXIS2_PLACEMENT_3D('',#15842,#12525,#12526);
#10165=AXIS2_PLACEMENT_3D('',#15846,#12529,#12530);
#10166=AXIS2_PLACEMENT_3D('',#15850,#12533,#12534);
#10167=AXIS2_PLACEMENT_3D('',#15854,#12537,#12538);
#10168=AXIS2_PLACEMENT_3D('',#15858,#12541,#12542);
#10169=AXIS2_PLACEMENT_3D('',#15862,#12545,#12546);
#10170=AXIS2_PLACEMENT_3D('',#15868,#12550,#12551);
#10171=AXIS2_PLACEMENT_3D('',#15873,#12555,#12556);
#10172=AXIS2_PLACEMENT_3D('',#15879,#12560,#12561);
#10173=AXIS2_PLACEMENT_3D('',#15881,#12563,#12564);
#10174=AXIS2_PLACEMENT_3D('',#15883,#12566,#12567);
#10175=AXIS2_PLACEMENT_3D('',#15887,#12570,#12571);
#10176=AXIS2_PLACEMENT_3D('',#15894,#12576,#12577);
#10177=AXIS2_PLACEMENT_3D('',#15901,#12582,#12583);
#10178=AXIS2_PLACEMENT_3D('',#15903,#12585,#12586);
#10179=AXIS2_PLACEMENT_3D('',#15907,#12589,#12590);
#10180=AXIS2_PLACEMENT_3D('',#15911,#12593,#12594);
#10181=AXIS2_PLACEMENT_3D('',#15915,#12597,#12598);
#10182=AXIS2_PLACEMENT_3D('',#15919,#12601,#12602);
#10183=AXIS2_PLACEMENT_3D('',#15923,#12605,#12606);
#10184=AXIS2_PLACEMENT_3D('',#15927,#12609,#12610);
#10185=AXIS2_PLACEMENT_3D('',#15931,#12613,#12614);
#10186=AXIS2_PLACEMENT_3D('',#15935,#12617,#12618);
#10187=AXIS2_PLACEMENT_3D('',#15937,#12620,#12621);
#10188=AXIS2_PLACEMENT_3D('',#15939,#12623,#12624);
#10189=AXIS2_PLACEMENT_3D('',#15941,#12626,#12627);
#10190=AXIS2_PLACEMENT_3D('',#15943,#12629,#12630);
#10191=AXIS2_PLACEMENT_3D('',#15944,#12631,#12632);
#10192=AXIS2_PLACEMENT_3D('',#15945,#12633,#12634);
#10193=AXIS2_PLACEMENT_3D('',#15946,#12635,#12636);
#10194=AXIS2_PLACEMENT_3D('',#15947,#12637,#12638);
#10195=AXIS2_PLACEMENT_3D('',#15948,#12639,#12640);
#10196=AXIS2_PLACEMENT_3D('',#15949,#12641,#12642);
#10197=AXIS2_PLACEMENT_3D('',#15953,#12645,#12646);
#10198=AXIS2_PLACEMENT_3D('',#15957,#12649,#12650);
#10199=AXIS2_PLACEMENT_3D('',#15963,#12654,#12655);
#10200=AXIS2_PLACEMENT_3D('',#15967,#12658,#12659);
#10201=AXIS2_PLACEMENT_3D('',#15968,#12660,#12661);
#10202=AXIS2_PLACEMENT_3D('',#15971,#12663,#12664);
#10203=AXIS2_PLACEMENT_3D('',#15975,#12667,#12668);
#10204=AXIS2_PLACEMENT_3D('',#15979,#12671,#12672);
#10205=AXIS2_PLACEMENT_3D('',#15985,#12676,#12677);
#10206=AXIS2_PLACEMENT_3D('',#15987,#12679,#12680);
#10207=AXIS2_PLACEMENT_3D('',#15989,#12682,#12683);
#10208=AXIS2_PLACEMENT_3D('',#15990,#12684,#12685);
#10209=AXIS2_PLACEMENT_3D('',#15992,#12687,#12688);
#10210=AXIS2_PLACEMENT_3D('',#15994,#12690,#12691);
#10211=AXIS2_PLACEMENT_3D('',#15995,#12692,#12693);
#10212=AXIS2_PLACEMENT_3D('',#15997,#12695,#12696);
#10213=AXIS2_PLACEMENT_3D('',#15999,#12698,#12699);
#10214=AXIS2_PLACEMENT_3D('',#16001,#12701,#12702);
#10215=AXIS2_PLACEMENT_3D('',#16003,#12704,#12705);
#10216=AXIS2_PLACEMENT_3D('',#16004,#12706,#12707);
#10217=AXIS2_PLACEMENT_3D('',#16005,#12708,#12709);
#10218=AXIS2_PLACEMENT_3D('',#16006,#12710,#12711);
#10219=AXIS2_PLACEMENT_3D('',#16009,#12714,#12715);
#10220=AXIS2_PLACEMENT_3D('',#16011,#12717,#12718);
#10221=AXIS2_PLACEMENT_3D('',#16013,#12720,#12721);
#10222=AXIS2_PLACEMENT_3D('',#16014,#12722,#12723);
#10223=AXIS2_PLACEMENT_3D('',#16017,#12726,#12727);
#10224=AXIS2_PLACEMENT_3D('',#16019,#12729,#12730);
#10225=AXIS2_PLACEMENT_3D('',#16021,#12732,#12733);
#10226=AXIS2_PLACEMENT_3D('',#16023,#12735,#12736);
#10227=AXIS2_PLACEMENT_3D('',#16024,#12737,#12738);
#10228=AXIS2_PLACEMENT_3D('',#16027,#12741,#12742);
#10229=AXIS2_PLACEMENT_3D('',#16029,#12744,#12745);
#10230=AXIS2_PLACEMENT_3D('',#16031,#12747,#12748);
#10231=DIRECTION('',(0.,0.,1.));
#10232=DIRECTION('',(1.,0.,0.));
#10233=DIRECTION('',(0.,0.,1.));
#10234=DIRECTION('',(1.,0.,0.));
#10235=DIRECTION('',(0.642787609686539,-0.766044443118978,0.));
#10236=DIRECTION('',(0.,-1.,0.));
#10237=DIRECTION('',(-0.707106781186548,-0.707106781186547,0.));
#10238=DIRECTION('',(1.,0.,0.));
#10239=DIRECTION('',(0.,1.,0.));
#10240=DIRECTION('',(0.,-1.,0.));
#10241=DIRECTION('',(0.642787609686539,-0.766044443118978,0.));
#10242=DIRECTION('',(0.,1.,0.));
#10243=DIRECTION('',(1.,0.,0.));
#10244=DIRECTION('',(0.766044443118978,-0.64278760968654,0.));
#10245=DIRECTION('',(1.,0.,0.));
#10246=DIRECTION('',(0.766044443118978,0.642787609686539,0.));
#10247=DIRECTION('',(1.,0.,0.));
#10248=DIRECTION('',(0.,1.,0.));
#10249=DIRECTION('',(1.,0.,0.));
#10250=DIRECTION('',(-1.50845519650157E-16,-1.,0.));
#10251=DIRECTION('',(1.,0.,0.));
#10252=DIRECTION('',(0.,1.,0.));
#10253=DIRECTION('',(-1.,0.,0.));
#10254=DIRECTION('',(2.16840434497101E-16,-1.,0.));
#10255=DIRECTION('',(1.,0.,0.));
#10256=DIRECTION('',(0.,0.,1.));
#10257=DIRECTION('',(1.,0.,0.));
#10258=DIRECTION('',(1.,0.,0.));
#10259=DIRECTION('',(0.,-1.,0.));
#10260=DIRECTION('',(-1.,0.,0.));
#10261=DIRECTION('',(0.,1.,0.));
#10262=DIRECTION('',(1.,0.,0.));
#10263=DIRECTION('',(-1.50845519650157E-16,-1.,0.));
#10264=DIRECTION('',(1.,0.,0.));
#10265=DIRECTION('',(0.,1.,0.));
#10266=DIRECTION('',(1.,3.01691039300315E-16,0.));
#10267=DIRECTION('',(-1.50845519650157E-16,-1.,0.));
#10268=DIRECTION('',(1.,0.,0.));
#10269=DIRECTION('',(0.,-1.,0.));
#10270=DIRECTION('',(1.,3.01691039300315E-16,0.));
#10271=DIRECTION('',(0.,-1.,0.));
#10272=DIRECTION('',(1.,0.,0.));
#10273=DIRECTION('',(0.,-1.,0.));
#10274=DIRECTION('',(1.,3.01691039300315E-16,0.));
#10275=DIRECTION('',(0.,-1.,0.));
#10276=DIRECTION('',(0.,0.,1.));
#10277=DIRECTION('',(1.,0.,0.));
#10278=DIRECTION('',(5.48521869136677E-15,-1.,0.));
#10279=DIRECTION('',(1.,3.01691039300315E-16,0.));
#10280=DIRECTION('',(0.,-1.,0.));
#10281=DIRECTION('',(1.,0.,0.));
#10282=DIRECTION('',(0.,-1.,0.));
#10283=DIRECTION('',(1.,3.01691039300315E-16,0.));
#10284=DIRECTION('',(0.,-1.,0.));
#10285=DIRECTION('',(1.,0.,0.));
#10286=DIRECTION('',(0.,-1.,0.));
#10287=DIRECTION('',(1.,3.01691039300315E-16,0.));
#10288=DIRECTION('',(0.,-1.,0.));
#10289=DIRECTION('',(1.,0.,0.));
#10290=DIRECTION('',(0.,-1.,0.));
#10291=DIRECTION('',(1.,3.01691039300315E-16,0.));
#10292=DIRECTION('',(0.,-1.,0.));
#10293=DIRECTION('',(0.,0.,1.));
#10294=DIRECTION('',(1.,0.,0.));
#10295=DIRECTION('',(5.48521869136677E-15,-1.,0.));
#10296=DIRECTION('',(1.,3.01691039300315E-16,0.));
#10297=DIRECTION('',(0.,-1.,0.));
#10298=DIRECTION('',(1.,0.,0.));
#10299=DIRECTION('',(0.,1.,0.));
#10300=DIRECTION('',(-0.642787609686539,-0.766044443118978,0.));
#10301=DIRECTION('',(0.,-1.,0.));
#10302=DIRECTION('',(1.,0.,0.));
#10303=DIRECTION('',(0.,-1.,0.));
#10304=DIRECTION('',(1.,0.,0.));
#10305=DIRECTION('',(0.,-1.,0.));
#10306=DIRECTION('',(1.,0.,0.));
#10307=DIRECTION('',(0.,-1.,0.));
#10308=DIRECTION('',(1.,0.,0.));
#10309=DIRECTION('',(0.,-1.,0.));
#10310=DIRECTION('',(1.,0.,0.));
#10311=DIRECTION('',(0.,-1.,0.));
#10312=DIRECTION('',(1.,0.,0.));
#10313=DIRECTION('',(0.,-1.,0.));
#10314=DIRECTION('',(1.,0.,0.));
#10315=DIRECTION('',(0.,-1.,0.));
#10316=DIRECTION('',(1.,0.,0.));
#10317=DIRECTION('',(0.,-1.,0.));
#10318=DIRECTION('',(1.,0.,0.));
#10319=DIRECTION('',(0.,-1.,0.));
#10320=DIRECTION('',(1.,0.,0.));
#10321=DIRECTION('',(0.,-1.,0.));
#10322=DIRECTION('',(1.,0.,0.));
#10323=DIRECTION('',(0.,-1.,0.));
#10324=DIRECTION('',(1.,0.,0.));
#10325=DIRECTION('',(0.,-1.,0.));
#10326=DIRECTION('',(1.,0.,0.));
#10327=DIRECTION('',(0.,-1.,0.));
#10328=DIRECTION('',(1.,0.,0.));
#10329=DIRECTION('',(0.,-1.,0.));
#10330=DIRECTION('',(1.,0.,0.));
#10331=DIRECTION('',(0.,-1.,0.));
#10332=DIRECTION('',(1.,0.,0.));
#10333=DIRECTION('',(0.,-1.,0.));
#10334=DIRECTION('',(1.,0.,0.));
#10335=DIRECTION('',(0.,-1.,0.));
#10336=DIRECTION('',(1.,0.,0.));
#10337=DIRECTION('',(0.,-1.,0.));
#10338=DIRECTION('',(1.,0.,0.));
#10339=DIRECTION('',(0.,-1.,0.));
#10340=DIRECTION('',(1.,0.,0.));
#10341=DIRECTION('',(0.,-1.,0.));
#10342=DIRECTION('',(1.,0.,0.));
#10343=DIRECTION('',(0.,-1.,0.));
#10344=DIRECTION('',(1.,0.,0.));
#10345=DIRECTION('',(0.,-1.,0.));
#10346=DIRECTION('',(1.,0.,0.));
#10347=DIRECTION('',(0.,-1.,0.));
#10348=DIRECTION('',(1.,0.,0.));
#10349=DIRECTION('',(0.,-1.,0.));
#10350=DIRECTION('',(1.,0.,0.));
#10351=DIRECTION('',(0.,-1.,0.));
#10352=DIRECTION('',(1.,0.,0.));
#10353=DIRECTION('',(0.,-1.,0.));
#10354=DIRECTION('',(1.,0.,0.));
#10355=DIRECTION('',(0.,-1.,0.));
#10356=DIRECTION('',(1.,0.,0.));
#10357=DIRECTION('',(0.,-1.,0.));
#10358=DIRECTION('',(1.,0.,0.));
#10359=DIRECTION('',(0.,-1.,0.));
#10360=DIRECTION('',(1.,0.,0.));
#10361=DIRECTION('',(0.,0.,1.));
#10362=DIRECTION('',(1.,0.,0.));
#10363=DIRECTION('',(0.,0.,1.));
#10364=DIRECTION('',(1.,0.,0.));
#10365=DIRECTION('',(0.,0.,1.));
#10366=DIRECTION('',(1.,0.,0.));
#10367=DIRECTION('',(0.,0.,1.));
#10368=DIRECTION('',(1.,0.,0.));
#10369=DIRECTION('',(0.,0.,1.));
#10370=DIRECTION('',(1.,0.,0.));
#10371=DIRECTION('',(0.,1.,0.));
#10372=DIRECTION('',(1.,0.,0.));
#10373=DIRECTION('',(0.766044443118978,0.642787609686539,0.));
#10374=DIRECTION('',(1.,0.,0.));
#10375=DIRECTION('',(1.,0.,0.));
#10376=DIRECTION('',(-0.403041371345962,0.915181759533901,0.));
#10377=DIRECTION('',(-0.915181759533901,-0.40304137134596,0.));
#10378=DIRECTION('',(0.,1.,0.));
#10379=DIRECTION('',(0.,0.,1.));
#10380=DIRECTION('',(1.,0.,0.));
#10381=DIRECTION('',(0.,0.,1.));
#10382=DIRECTION('',(1.,0.,0.));
#10383=DIRECTION('',(-0.642787609686539,-0.766044443118978,0.));
#10384=DIRECTION('',(0.,1.,0.));
#10385=DIRECTION('',(1.,0.,0.));
#10386=DIRECTION('',(1.15648231731787E-16,-1.,0.));
#10387=DIRECTION('',(0.,0.,1.));
#10388=DIRECTION('',(1.,0.,0.));
#10389=DIRECTION('',(1.15648231731787E-16,-1.,0.));
#10390=DIRECTION('',(0.,0.,1.));
#10391=DIRECTION('',(1.,0.,0.));
#10392=DIRECTION('',(0.,-1.,0.));
#10393=DIRECTION('',(-0.403041371345962,0.915181759533901,0.));
#10394=DIRECTION('',(1.,0.,0.));
#10395=DIRECTION('',(0.,1.,0.));
#10396=DIRECTION('',(-0.915181759533901,-0.40304137134596,0.));
#10397=DIRECTION('',(0.,0.,1.));
#10398=DIRECTION('',(1.,0.,0.));
#10399=DIRECTION('',(0.,-1.,0.));
#10400=DIRECTION('',(0.,0.,1.));
#10401=DIRECTION('',(1.,0.,0.));
#10402=DIRECTION('',(1.,1.83697019872103E-16,0.));
#10403=DIRECTION('',(0.,0.,1.));
#10404=DIRECTION('',(1.,0.,0.));
#10405=DIRECTION('',(1.,1.83697019872103E-16,0.));
#10406=DIRECTION('',(0.,0.,1.));
#10407=DIRECTION('',(1.,0.,0.));
#10408=DIRECTION('',(1.,1.83697019872103E-16,0.));
#10409=DIRECTION('',(0.,0.,1.));
#10410=DIRECTION('',(1.,0.,0.));
#10411=DIRECTION('',(1.,1.83697019872103E-16,0.));
#10412=DIRECTION('',(0.,0.,1.));
#10413=DIRECTION('',(1.,0.,0.));
#10414=DIRECTION('',(1.,1.83697019872103E-16,0.));
#10415=DIRECTION('',(0.,0.,1.));
#10416=DIRECTION('',(1.,0.,0.));
#10417=DIRECTION('',(1.,1.83697019872103E-16,0.));
#10418=DIRECTION('',(0.,1.,0.));
#10419=DIRECTION('',(1.,0.,0.));
#10420=DIRECTION('',(0.766044443118978,0.642787609686539,0.));
#10421=DIRECTION('',(1.,0.,0.));
#10422=DIRECTION('',(0.766044443118978,-0.64278760968654,0.));
#10423=DIRECTION('',(1.,0.,0.));
#10424=DIRECTION('',(0.,1.,0.));
#10425=DIRECTION('',(0.642787609686539,-0.766044443118978,0.));
#10426=DIRECTION('',(0.,-1.,0.));
#10427=DIRECTION('',(0.,0.,1.));
#10428=DIRECTION('',(1.,0.,0.));
#10429=DIRECTION('',(1.15648231731787E-16,-1.,0.));
#10430=DIRECTION('',(0.,0.,1.));
#10431=DIRECTION('',(1.,0.,0.));
#10432=DIRECTION('',(0.,-1.,0.));
#10433=DIRECTION('',(0.642787609686539,-0.766044443118978,0.));
#10434=DIRECTION('',(0.,1.,0.));
#10435=DIRECTION('',(1.,0.,0.));
#10436=DIRECTION('',(-0.707106781186548,-0.707106781186547,0.));
#10437=DIRECTION('',(0.,0.,1.));
#10438=DIRECTION('',(1.,0.,0.));
#10439=DIRECTION('',(1.,0.,0.));
#10440=DIRECTION('',(0.,1.,0.));
#10441=DIRECTION('',(1.,0.,0.));
#10442=DIRECTION('',(0.766044443118978,0.64278760968654,0.));
#10443=DIRECTION('',(-1.,0.,0.));
#10444=DIRECTION('',(0.,0.,1.));
#10445=DIRECTION('',(0.,0.,1.));
#10446=DIRECTION('',(0.,0.,1.));
#10447=DIRECTION('',(0.,1.,0.));
#10448=DIRECTION('',(0.,0.,1.));
#10449=DIRECTION('',(0.,0.,1.));
#10450=DIRECTION('',(0.,0.,-1.));
#10451=DIRECTION('',(0.,1.,0.));
#10452=DIRECTION('',(0.,0.,1.));
#10453=DIRECTION('',(0.,0.,-1.));
#10454=DIRECTION('',(0.,0.,-1.));
#10455=DIRECTION('',(0.,0.,1.));
#10456=DIRECTION('',(1.,0.,0.));
#10457=DIRECTION('',(0.,-1.,0.));
#10458=DIRECTION('',(0.,0.,1.));
#10459=DIRECTION('',(1.,0.,0.));
#10460=DIRECTION('',(1.15648231731787E-16,-1.,0.));
#10461=DIRECTION('',(0.,0.,1.));
#10462=DIRECTION('',(1.,0.,0.));
#10463=DIRECTION('',(1.,0.,0.));
#10464=DIRECTION('',(0.,1.,0.));
#10465=DIRECTION('',(0.,0.,1.));
#10466=DIRECTION('',(0.,0.,1.));
#10467=DIRECTION('',(0.,1.,0.));
#10468=DIRECTION('',(0.,0.,-1.));
#10469=DIRECTION('',(0.,1.,0.));
#10470=DIRECTION('',(0.,0.,-1.));
#10471=DIRECTION('',(0.,1.,0.));
#10472=DIRECTION('',(1.,0.,0.));
#10473=DIRECTION('',(0.,0.,-1.));
#10474=DIRECTION('',(0.,0.,1.));
#10475=DIRECTION('',(0.,-1.,0.));
#10476=DIRECTION('',(0.,0.707106781186548,0.707106781186548));
#10477=DIRECTION('',(0.,-1.,0.));
#10478=DIRECTION('',(0.,0.,-1.));
#10479=DIRECTION('',(0.,0.,-1.));
#10480=DIRECTION('',(0.,-1.,0.));
#10481=DIRECTION('',(1.,5.48521869136677E-15,0.));
#10482=DIRECTION('',(-5.48521869136677E-15,1.,0.));
#10483=DIRECTION('',(5.48521869136677E-15,-1.,0.));
#10484=DIRECTION('',(0.,0.,1.));
#10485=DIRECTION('',(5.48521869136677E-15,-1.,0.));
#10486=DIRECTION('',(0.,0.,-1.));
#10487=DIRECTION('',(0.,0.,-1.));
#10488=DIRECTION('',(5.48521869136677E-15,-1.,0.));
#10489=DIRECTION('',(3.87863533295665E-15,-0.707106781186548,-0.707106781186548));
#10490=DIRECTION('',(0.,0.,-1.));
#10491=DIRECTION('',(-1.,0.,0.));
#10492=DIRECTION('',(0.,0.,1.));
#10493=DIRECTION('',(1.,0.,0.));
#10494=DIRECTION('',(0.,0.,1.));
#10495=DIRECTION('',(1.,0.,0.));
#10496=DIRECTION('',(1.,0.,0.));
#10497=DIRECTION('',(0.,-0.707106781186548,0.707106781186548));
#10498=DIRECTION('',(-1.,0.,0.));
#10499=DIRECTION('',(-1.,0.,0.));
#10500=DIRECTION('',(-1.83697019872103E-16,1.,0.));
#10501=DIRECTION('',(-1.,-1.83697019872103E-16,0.));
#10502=DIRECTION('',(1.,1.83697019872103E-16,0.));
#10503=DIRECTION('',(0.,0.,-1.));
#10504=DIRECTION('',(-1.,-1.83697019872103E-16,0.));
#10505=DIRECTION('',(0.,0.,1.));
#10506=DIRECTION('',(1.,0.,0.));
#10507=DIRECTION('',(1.,3.01691039300315E-16,0.));
#10508=DIRECTION('',(0.,-1.,0.));
#10509=DIRECTION('',(1.,0.,0.));
#10510=DIRECTION('',(1.15648231731787E-16,-1.,0.));
#10511=DIRECTION('',(0.,0.,1.));
#10512=DIRECTION('',(1.,0.,0.));
#10513=DIRECTION('',(3.01691039300315E-16,-1.,0.));
#10514=DIRECTION('',(1.,3.01691039300315E-16,0.));
#10515=DIRECTION('',(0.,0.,1.));
#10516=DIRECTION('',(0.,0.,1.));
#10517=DIRECTION('',(1.,1.83697019872103E-16,0.));
#10518=DIRECTION('',(0.,0.,1.));
#10519=DIRECTION('',(1.,0.,0.));
#10520=DIRECTION('',(-1.,-1.83697019872103E-16,0.));
#10521=DIRECTION('',(0.,0.,1.));
#10522=DIRECTION('',(1.,0.,0.));
#10523=DIRECTION('',(-1.,-1.83697019872103E-16,0.));
#10524=DIRECTION('',(1.,0.,0.));
#10525=DIRECTION('',(0.,0.,-1.));
#10526=DIRECTION('',(0.,0.,1.));
#10527=DIRECTION('',(0.,-1.,0.));
#10528=DIRECTION('',(0.,0.707106781186548,0.707106781186548));
#10529=DIRECTION('',(0.,-1.,0.));
#10530=DIRECTION('',(0.,0.,-1.));
#10531=DIRECTION('',(0.,0.,-1.));
#10532=DIRECTION('',(0.,-1.,0.));
#10533=DIRECTION('',(1.,5.48521869136677E-15,0.));
#10534=DIRECTION('',(-5.48521869136677E-15,1.,0.));
#10535=DIRECTION('',(5.48521869136677E-15,-1.,0.));
#10536=DIRECTION('',(0.,0.,1.));
#10537=DIRECTION('',(5.48521869136677E-15,-1.,0.));
#10538=DIRECTION('',(0.,0.,-1.));
#10539=DIRECTION('',(0.,0.,-1.));
#10540=DIRECTION('',(5.48521869136677E-15,-1.,0.));
#10541=DIRECTION('',(3.87863533295665E-15,-0.707106781186548,-0.707106781186548));
#10542=DIRECTION('',(0.,0.,-1.));
#10543=DIRECTION('',(-1.,0.,0.));
#10544=DIRECTION('',(0.,0.,1.));
#10545=DIRECTION('',(1.,0.,0.));
#10546=DIRECTION('',(0.,0.,1.));
#10547=DIRECTION('',(1.,0.,0.));
#10548=DIRECTION('',(1.,0.,0.));
#10549=DIRECTION('',(0.,-0.707106781186548,0.707106781186548));
#10550=DIRECTION('',(-1.,0.,0.));
#10551=DIRECTION('',(-1.,0.,0.));
#10552=DIRECTION('',(-1.83697019872103E-16,1.,0.));
#10553=DIRECTION('',(-1.,-1.83697019872103E-16,0.));
#10554=DIRECTION('',(1.,1.83697019872103E-16,0.));
#10555=DIRECTION('',(0.,0.,-1.));
#10556=DIRECTION('',(-1.,-1.83697019872103E-16,0.));
#10557=DIRECTION('',(0.,0.,1.));
#10558=DIRECTION('',(1.,0.,0.));
#10559=DIRECTION('',(1.,3.01691039300315E-16,0.));
#10560=DIRECTION('',(0.,-1.,0.));
#10561=DIRECTION('',(1.,0.,0.));
#10562=DIRECTION('',(1.15648231731787E-16,-1.,0.));
#10563=DIRECTION('',(0.,0.,1.));
#10564=DIRECTION('',(1.,0.,0.));
#10565=DIRECTION('',(3.01691039300315E-16,-1.,0.));
#10566=DIRECTION('',(1.,3.01691039300315E-16,0.));
#10567=DIRECTION('',(0.,0.,1.));
#10568=DIRECTION('',(0.,0.,1.));
#10569=DIRECTION('',(1.,1.83697019872103E-16,0.));
#10570=DIRECTION('',(0.,0.,1.));
#10571=DIRECTION('',(1.,0.,0.));
#10572=DIRECTION('',(-1.,-1.83697019872103E-16,0.));
#10573=DIRECTION('',(0.,0.,1.));
#10574=DIRECTION('',(1.,0.,0.));
#10575=DIRECTION('',(-1.,-1.83697019872103E-16,0.));
#10576=DIRECTION('',(0.,0.,1.));
#10577=DIRECTION('',(1.,0.,0.));
#10578=DIRECTION('',(0.,0.,1.));
#10579=DIRECTION('',(1.,0.,0.));
#10580=DIRECTION('',(0.,0.,1.));
#10581=DIRECTION('',(1.,0.,0.));
#10582=DIRECTION('',(0.,0.,1.));
#10583=DIRECTION('',(1.,0.,0.));
#10584=DIRECTION('',(0.,0.,1.));
#10585=DIRECTION('',(1.,0.,0.));
#10586=DIRECTION('',(0.,0.,1.));
#10587=DIRECTION('',(1.,0.,0.));
#10588=DIRECTION('',(0.,0.,1.));
#10589=DIRECTION('',(1.,0.,0.));
#10590=DIRECTION('',(0.,0.,1.));
#10591=DIRECTION('',(1.,0.,0.));
#10592=DIRECTION('',(0.,0.,1.));
#10593=DIRECTION('',(1.,0.,0.));
#10594=DIRECTION('',(0.,0.,1.));
#10595=DIRECTION('',(1.,0.,0.));
#10596=DIRECTION('',(0.,0.,1.));
#10597=DIRECTION('',(1.,0.,0.));
#10598=DIRECTION('',(0.,0.,1.));
#10599=DIRECTION('',(1.,0.,0.));
#10600=DIRECTION('',(0.,0.,1.));
#10601=DIRECTION('',(1.,0.,0.));
#10602=DIRECTION('',(0.,0.,1.));
#10603=DIRECTION('',(1.,0.,0.));
#10604=DIRECTION('',(0.,0.,1.));
#10605=DIRECTION('',(1.,0.,0.));
#10606=DIRECTION('',(0.,0.,1.));
#10607=DIRECTION('',(1.,0.,0.));
#10608=DIRECTION('',(0.,0.,1.));
#10609=DIRECTION('',(1.,0.,0.));
#10610=DIRECTION('',(0.,0.,1.));
#10611=DIRECTION('',(1.,0.,0.));
#10612=DIRECTION('',(0.,0.,1.));
#10613=DIRECTION('',(1.,0.,0.));
#10614=DIRECTION('',(0.,0.,1.));
#10615=DIRECTION('',(1.,0.,0.));
#10616=DIRECTION('',(0.,0.,1.));
#10617=DIRECTION('',(1.,0.,0.));
#10618=DIRECTION('',(0.,0.,1.));
#10619=DIRECTION('',(1.,0.,0.));
#10620=DIRECTION('',(0.,0.,1.));
#10621=DIRECTION('',(1.,0.,0.));
#10622=DIRECTION('',(0.,0.,1.));
#10623=DIRECTION('',(1.,0.,0.));
#10624=DIRECTION('',(0.,0.,1.));
#10625=DIRECTION('',(1.,0.,0.));
#10626=DIRECTION('',(0.,0.,1.));
#10627=DIRECTION('',(1.,0.,0.));
#10628=DIRECTION('',(0.,0.,1.));
#10629=DIRECTION('',(1.,0.,0.));
#10630=DIRECTION('',(0.,0.,1.));
#10631=DIRECTION('',(1.,0.,0.));
#10632=DIRECTION('',(0.,0.,1.));
#10633=DIRECTION('',(1.,0.,0.));
#10634=DIRECTION('',(0.,0.,1.));
#10635=DIRECTION('',(1.,0.,0.));
#10636=DIRECTION('',(0.,0.,1.));
#10637=DIRECTION('',(1.,0.,0.));
#10638=DIRECTION('',(0.,0.,1.));
#10639=DIRECTION('',(1.,0.,0.));
#10640=DIRECTION('',(0.,0.,1.));
#10641=DIRECTION('',(1.,0.,0.));
#10642=DIRECTION('',(0.,0.,1.));
#10643=DIRECTION('',(1.,0.,0.));
#10644=DIRECTION('',(0.,0.,1.));
#10645=DIRECTION('',(1.,0.,0.));
#10646=DIRECTION('',(0.,0.,1.));
#10647=DIRECTION('',(1.,0.,0.));
#10648=DIRECTION('',(0.,0.,1.));
#10649=DIRECTION('',(1.,0.,0.));
#10650=DIRECTION('',(0.,0.,1.));
#10651=DIRECTION('',(1.,0.,0.));
#10652=DIRECTION('',(0.,0.,1.));
#10653=DIRECTION('',(1.,0.,0.));
#10654=DIRECTION('',(0.,0.,1.));
#10655=DIRECTION('',(1.,0.,0.));
#10656=DIRECTION('',(0.,0.,1.));
#10657=DIRECTION('',(1.,0.,0.));
#10658=DIRECTION('',(0.,0.,1.));
#10659=DIRECTION('',(1.,0.,0.));
#10660=DIRECTION('',(0.,0.,1.));
#10661=DIRECTION('',(1.,0.,0.));
#10662=DIRECTION('',(0.,0.,1.));
#10663=DIRECTION('',(1.,0.,0.));
#10664=DIRECTION('',(0.,0.,1.));
#10665=DIRECTION('',(1.,0.,0.));
#10666=DIRECTION('',(0.,0.,1.));
#10667=DIRECTION('',(1.,0.,0.));
#10668=DIRECTION('',(0.,0.,1.));
#10669=DIRECTION('',(1.,0.,0.));
#10670=DIRECTION('',(0.,0.,1.));
#10671=DIRECTION('',(1.,0.,0.));
#10672=DIRECTION('',(0.,0.,1.));
#10673=DIRECTION('',(1.,0.,0.));
#10674=DIRECTION('',(0.,0.,1.));
#10675=DIRECTION('',(1.,0.,0.));
#10676=DIRECTION('',(0.,0.,1.));
#10677=DIRECTION('',(1.,0.,0.));
#10678=DIRECTION('',(0.,0.,1.));
#10679=DIRECTION('',(1.,0.,0.));
#10680=DIRECTION('',(0.,0.,1.));
#10681=DIRECTION('',(1.,0.,0.));
#10682=DIRECTION('',(0.,0.,1.));
#10683=DIRECTION('',(1.,0.,0.));
#10684=DIRECTION('',(0.,0.,1.));
#10685=DIRECTION('',(1.,0.,0.));
#10686=DIRECTION('',(0.,0.,1.));
#10687=DIRECTION('',(1.,0.,0.));
#10688=DIRECTION('',(0.,0.,1.));
#10689=DIRECTION('',(1.,0.,0.));
#10690=DIRECTION('',(0.,0.,1.));
#10691=DIRECTION('',(1.,0.,0.));
#10692=DIRECTION('',(0.,0.,1.));
#10693=DIRECTION('',(1.,0.,0.));
#10694=DIRECTION('',(0.,0.,1.));
#10695=DIRECTION('',(1.,0.,0.));
#10696=DIRECTION('',(0.,0.,1.));
#10697=DIRECTION('',(1.15648231731787E-16,-1.,0.));
#10698=DIRECTION('',(-1.15648231731787E-16,1.,0.));
#10699=DIRECTION('',(0.,0.,1.));
#10700=DIRECTION('',(1.,0.,0.));
#10701=DIRECTION('',(-1.15648231731787E-16,1.,0.));
#10702=DIRECTION('',(0.,0.,1.));
#10703=DIRECTION('',(1.,0.,0.));
#10704=DIRECTION('',(0.,0.,1.));
#10705=DIRECTION('',(1.15648231731787E-16,-1.,0.));
#10706=DIRECTION('',(-1.15648231731787E-16,1.,0.));
#10707=DIRECTION('',(0.,0.,1.));
#10708=DIRECTION('',(1.,0.,0.));
#10709=DIRECTION('',(-1.15648231731787E-16,1.,0.));
#10710=DIRECTION('',(0.,0.,1.));
#10711=DIRECTION('',(1.,0.,0.));
#10712=DIRECTION('',(0.,0.,1.));
#10713=DIRECTION('',(1.,1.83697019872103E-16,0.));
#10714=DIRECTION('',(-1.,-1.83697019872103E-16,0.));
#10715=DIRECTION('',(0.,0.,1.));
#10716=DIRECTION('',(1.,0.,0.));
#10717=DIRECTION('',(-1.,-1.83697019872103E-16,0.));
#10718=DIRECTION('',(0.,0.,1.));
#10719=DIRECTION('',(1.,0.,0.));
#10720=DIRECTION('',(0.,0.,1.));
#10721=DIRECTION('',(1.,1.83697019872103E-16,0.));
#10722=DIRECTION('',(-1.,-1.83697019872103E-16,0.));
#10723=DIRECTION('',(0.,0.,1.));
#10724=DIRECTION('',(1.,0.,0.));
#10725=DIRECTION('',(-1.,-1.83697019872103E-16,0.));
#10726=DIRECTION('',(0.,0.,1.));
#10727=DIRECTION('',(1.,0.,0.));
#10728=DIRECTION('',(0.,0.,1.));
#10729=DIRECTION('',(1.,1.83697019872103E-16,0.));
#10730=DIRECTION('',(-1.,-1.83697019872103E-16,0.));
#10731=DIRECTION('',(0.,0.,1.));
#10732=DIRECTION('',(1.,0.,0.));
#10733=DIRECTION('',(-1.,-1.83697019872103E-16,0.));
#10734=DIRECTION('',(0.,0.,1.));
#10735=DIRECTION('',(1.,0.,0.));
#10736=DIRECTION('',(0.,0.,1.));
#10737=DIRECTION('',(1.,0.,0.));
#10738=DIRECTION('',(0.,0.,1.));
#10739=DIRECTION('',(1.,0.,0.));
#10740=DIRECTION('',(0.,0.,-1.));
#10741=DIRECTION('',(-1.,0.,0.));
#10742=DIRECTION('',(0.,0.,1.));
#10743=DIRECTION('',(1.,0.,0.));
#10744=DIRECTION('',(0.,0.,-1.));
#10745=DIRECTION('',(-1.,0.,0.));
#10746=DIRECTION('',(0.,0.,1.));
#10747=DIRECTION('',(1.,0.,0.));
#10748=DIRECTION('',(0.,0.,-1.));
#10749=DIRECTION('',(-1.,0.,0.));
#10750=DIRECTION('',(0.,0.,1.));
#10751=DIRECTION('',(1.,0.,0.));
#10752=DIRECTION('',(0.,0.,1.));
#10753=DIRECTION('',(1.,0.,0.));
#10754=DIRECTION('',(0.,0.,1.));
#10755=DIRECTION('',(1.,0.,0.));
#10756=DIRECTION('',(0.,0.,-1.));
#10757=DIRECTION('',(-1.,0.,0.));
#10758=DIRECTION('',(0.,0.,1.));
#10759=DIRECTION('',(1.,0.,0.));
#10760=DIRECTION('',(0.,0.,-1.));
#10761=DIRECTION('',(-1.,0.,0.));
#10762=DIRECTION('',(0.,0.,1.));
#10763=DIRECTION('',(1.,0.,0.));
#10764=DIRECTION('',(0.,0.,-1.));
#10765=DIRECTION('',(-1.,0.,0.));
#10766=DIRECTION('',(0.,0.,1.));
#10767=DIRECTION('',(1.,0.,0.));
#10768=DIRECTION('',(0.,0.,1.));
#10769=DIRECTION('',(1.,0.,0.));
#10770=DIRECTION('',(0.,0.,1.));
#10771=DIRECTION('',(1.,1.83697019872103E-16,0.));
#10772=DIRECTION('',(-1.,-1.83697019872103E-16,0.));
#10773=DIRECTION('',(-1.,-1.83697019872103E-16,0.));
#10774=DIRECTION('',(0.,0.,1.));
#10775=DIRECTION('',(1.,0.,0.));
#10776=DIRECTION('',(0.,0.,1.));
#10777=DIRECTION('',(1.,0.,0.));
#10778=DIRECTION('',(0.,0.,1.));
#10779=DIRECTION('',(1.,0.,0.));
#10780=DIRECTION('',(0.,0.,-1.));
#10781=DIRECTION('',(-1.,0.,0.));
#10782=DIRECTION('',(0.,0.,1.));
#10783=DIRECTION('',(1.,0.,0.));
#10784=DIRECTION('',(0.,0.,1.));
#10785=DIRECTION('',(1.,0.,0.));
#10786=DIRECTION('',(0.,0.,1.));
#10787=DIRECTION('',(1.,1.83697019872103E-16,0.));
#10788=DIRECTION('',(-1.,-1.83697019872103E-16,0.));
#10789=DIRECTION('',(-1.,-1.83697019872103E-16,0.));
#10790=DIRECTION('',(0.,0.,1.));
#10791=DIRECTION('',(1.,0.,0.));
#10792=DIRECTION('',(0.,0.,1.));
#10793=DIRECTION('',(1.,0.,0.));
#10794=DIRECTION('',(0.,0.,1.));
#10795=DIRECTION('',(1.,0.,0.));
#10796=DIRECTION('',(0.,0.,-1.));
#10797=DIRECTION('',(-1.,0.,0.));
#10798=DIRECTION('',(0.,0.,1.));
#10799=DIRECTION('',(1.,0.,0.));
#10800=DIRECTION('',(0.,0.,-1.));
#10801=DIRECTION('',(-1.,0.,0.));
#10802=DIRECTION('',(0.,0.,1.));
#10803=DIRECTION('',(1.,0.,0.));
#10804=DIRECTION('',(0.,0.,-1.));
#10805=DIRECTION('',(-1.,0.,0.));
#10806=DIRECTION('',(0.,0.,1.));
#10807=DIRECTION('',(1.,0.,0.));
#10808=DIRECTION('',(0.,0.,1.));
#10809=DIRECTION('',(1.,0.,0.));
#10810=DIRECTION('',(0.,0.,1.));
#10811=DIRECTION('',(1.15648231731787E-16,-1.,0.));
#10812=DIRECTION('',(-1.15648231731787E-16,1.,0.));
#10813=DIRECTION('',(-1.15648231731787E-16,1.,0.));
#10814=DIRECTION('',(0.,0.,1.));
#10815=DIRECTION('',(1.,0.,0.));
#10816=DIRECTION('',(0.,0.,1.));
#10817=DIRECTION('',(1.,0.,0.));
#10818=DIRECTION('',(0.,0.,1.));
#10819=DIRECTION('',(1.,0.,0.));
#10820=DIRECTION('',(0.,0.,-1.));
#10821=DIRECTION('',(-1.,0.,0.));
#10822=DIRECTION('',(0.,0.,1.));
#10823=DIRECTION('',(1.,0.,0.));
#10824=DIRECTION('',(0.,0.,-1.));
#10825=DIRECTION('',(-1.,0.,0.));
#10826=DIRECTION('',(0.,0.,1.));
#10827=DIRECTION('',(1.,0.,0.));
#10828=DIRECTION('',(0.,0.,-1.));
#10829=DIRECTION('',(-1.,0.,0.));
#10830=DIRECTION('',(0.,0.,1.));
#10831=DIRECTION('',(1.,0.,0.));
#10832=DIRECTION('',(0.,0.,1.));
#10833=DIRECTION('',(1.,0.,0.));
#10834=DIRECTION('',(0.,0.,1.));
#10835=DIRECTION('',(1.,1.83697019872103E-16,0.));
#10836=DIRECTION('',(-1.,-1.83697019872103E-16,0.));
#10837=DIRECTION('',(0.,0.,1.));
#10838=DIRECTION('',(1.,0.,0.));
#10839=DIRECTION('',(-1.,-1.83697019872103E-16,0.));
#10840=DIRECTION('',(0.,0.,1.));
#10841=DIRECTION('',(1.,0.,0.));
#10842=DIRECTION('',(0.,0.,1.));
#10843=DIRECTION('',(1.,0.,0.));
#10844=DIRECTION('',(0.,0.,-1.));
#10845=DIRECTION('',(-1.,0.,0.));
#10846=DIRECTION('',(0.,0.,1.));
#10847=DIRECTION('',(1.,0.,0.));
#10848=DIRECTION('',(0.,0.,-1.));
#10849=DIRECTION('',(-1.,0.,0.));
#10850=DIRECTION('',(0.,0.,1.));
#10851=DIRECTION('',(1.,0.,0.));
#10852=DIRECTION('',(0.,0.,1.));
#10853=DIRECTION('',(1.,0.,0.));
#10854=DIRECTION('',(0.,0.,1.));
#10855=DIRECTION('',(1.15648231731787E-16,-1.,0.));
#10856=DIRECTION('',(-1.15648231731787E-16,1.,0.));
#10857=DIRECTION('',(0.,0.,1.));
#10858=DIRECTION('',(1.,0.,0.));
#10859=DIRECTION('',(-1.15648231731787E-16,1.,0.));
#10860=DIRECTION('',(0.,0.,-1.));
#10861=DIRECTION('',(-1.,0.,0.));
#10862=DIRECTION('',(0.,0.,1.));
#10863=DIRECTION('',(1.,0.,0.));
#10864=DIRECTION('',(0.,0.,1.));
#10865=DIRECTION('',(1.,1.83697019872103E-16,0.));
#10866=DIRECTION('',(-1.,-1.83697019872103E-16,0.));
#10867=DIRECTION('',(0.,0.,1.));
#10868=DIRECTION('',(1.,0.,0.));
#10869=DIRECTION('',(-1.,-1.83697019872103E-16,0.));
#10870=DIRECTION('',(0.,0.,1.));
#10871=DIRECTION('',(1.,0.,0.));
#10872=DIRECTION('',(0.,0.,1.));
#10873=DIRECTION('',(1.,0.,0.));
#10874=DIRECTION('',(0.,0.,1.));
#10875=DIRECTION('',(1.,0.,0.));
#10876=DIRECTION('',(0.,0.,-1.));
#10877=DIRECTION('',(-1.,0.,0.));
#10878=DIRECTION('',(0.,0.,1.));
#10879=DIRECTION('',(1.,0.,0.));
#10880=DIRECTION('',(0.,0.,-1.));
#10881=DIRECTION('',(-1.,0.,0.));
#10882=DIRECTION('',(0.,0.,1.));
#10883=DIRECTION('',(1.,0.,0.));
#10884=DIRECTION('',(0.,0.,-1.));
#10885=DIRECTION('',(-1.,0.,0.));
#10886=DIRECTION('',(0.,0.,1.));
#10887=DIRECTION('',(1.,0.,0.));
#10888=DIRECTION('',(0.,0.,1.));
#10889=DIRECTION('',(1.15648231731787E-16,-1.,0.));
#10890=DIRECTION('',(-1.15648231731787E-16,1.,0.));
#10891=DIRECTION('',(0.,0.,1.));
#10892=DIRECTION('',(1.,0.,0.));
#10893=DIRECTION('',(-1.15648231731787E-16,1.,0.));
#10894=DIRECTION('',(0.,0.,1.));
#10895=DIRECTION('',(1.,0.,0.));
#10896=DIRECTION('',(0.,0.,1.));
#10897=DIRECTION('',(1.,0.,0.));
#10898=DIRECTION('',(0.,0.,1.));
#10899=DIRECTION('',(1.,0.,0.));
#10900=DIRECTION('',(0.,0.,-1.));
#10901=DIRECTION('',(-1.,0.,0.));
#10902=DIRECTION('',(0.,0.,1.));
#10903=DIRECTION('',(1.,0.,0.));
#10904=DIRECTION('',(0.,0.,-1.));
#10905=DIRECTION('',(-1.,0.,0.));
#10906=DIRECTION('',(0.,0.,1.));
#10907=DIRECTION('',(1.,0.,0.));
#10908=DIRECTION('',(0.,0.,1.));
#10909=DIRECTION('',(1.,0.,0.));
#10910=DIRECTION('',(0.,0.,1.));
#10911=DIRECTION('',(1.,0.,0.));
#10912=DIRECTION('',(0.,0.,1.));
#10913=DIRECTION('',(1.,0.,0.));
#10914=DIRECTION('',(0.,0.,1.));
#10915=DIRECTION('',(1.,0.,0.));
#10916=DIRECTION('',(0.,0.,-1.));
#10917=DIRECTION('',(-1.,0.,0.));
#10918=DIRECTION('',(0.,0.,1.));
#10919=DIRECTION('',(1.,0.,0.));
#10920=DIRECTION('',(0.,0.,-1.));
#10921=DIRECTION('',(-1.,0.,0.));
#10922=DIRECTION('',(0.,0.,1.));
#10923=DIRECTION('',(1.,0.,0.));
#10924=DIRECTION('',(0.,0.,-1.));
#10925=DIRECTION('',(-1.,0.,0.));
#10926=DIRECTION('',(0.,0.,1.));
#10927=DIRECTION('',(1.,0.,0.));
#10928=DIRECTION('',(0.,0.,1.));
#10929=DIRECTION('',(1.,0.,0.));
#10930=DIRECTION('',(0.,0.,1.));
#10931=DIRECTION('',(1.,1.83697019872103E-16,0.));
#10932=DIRECTION('',(-1.,-1.83697019872103E-16,0.));
#10933=DIRECTION('',(-1.,-1.83697019872103E-16,0.));
#10934=DIRECTION('',(0.,0.,1.));
#10935=DIRECTION('',(1.,0.,0.));
#10936=DIRECTION('',(0.,0.,1.));
#10937=DIRECTION('',(1.,0.,0.));
#10938=DIRECTION('',(0.,0.,1.));
#10939=DIRECTION('',(1.,0.,0.));
#10940=DIRECTION('',(0.,0.,-1.));
#10941=DIRECTION('',(-1.,0.,0.));
#10942=DIRECTION('',(0.,0.,1.));
#10943=DIRECTION('',(1.,0.,0.));
#10944=DIRECTION('',(0.,0.,-1.));
#10945=DIRECTION('',(-1.,0.,0.));
#10946=DIRECTION('',(0.,0.,1.));
#10947=DIRECTION('',(1.,0.,0.));
#10948=DIRECTION('',(0.,0.,1.));
#10949=DIRECTION('',(1.,0.,0.));
#10950=DIRECTION('',(0.,0.,1.));
#10951=DIRECTION('',(1.,0.,0.));
#10952=DIRECTION('',(0.,0.,1.));
#10953=DIRECTION('',(1.15648231731787E-16,-1.,0.));
#10954=DIRECTION('',(-1.15648231731787E-16,1.,0.));
#10955=DIRECTION('',(0.,0.,1.));
#10956=DIRECTION('',(1.,0.,0.));
#10957=DIRECTION('',(-1.15648231731787E-16,1.,0.));
#10958=DIRECTION('',(0.,0.,1.));
#10959=DIRECTION('',(1.,0.,0.));
#10960=DIRECTION('',(0.,0.,-1.));
#10961=DIRECTION('',(-1.,0.,0.));
#10962=DIRECTION('',(0.,0.,1.));
#10963=DIRECTION('',(1.,0.,0.));
#10964=DIRECTION('',(0.,0.,1.));
#10965=DIRECTION('',(1.,0.,0.));
#10966=DIRECTION('',(0.,0.,1.));
#10967=DIRECTION('',(1.,0.,0.));
#10968=DIRECTION('',(0.,0.,1.));
#10969=DIRECTION('',(1.15648231731787E-16,-1.,0.));
#10970=DIRECTION('',(-1.15648231731787E-16,1.,0.));
#10971=DIRECTION('',(0.,0.,1.));
#10972=DIRECTION('',(1.,0.,0.));
#10973=DIRECTION('',(-1.15648231731787E-16,1.,0.));
#10974=DIRECTION('',(0.,0.,1.));
#10975=DIRECTION('',(1.,0.,0.));
#10976=DIRECTION('',(0.,0.,-1.));
#10977=DIRECTION('',(-1.,0.,0.));
#10978=DIRECTION('',(0.,0.,1.));
#10979=DIRECTION('',(1.,0.,0.));
#10980=DIRECTION('',(0.,0.,1.));
#10981=DIRECTION('',(1.,0.,0.));
#10982=DIRECTION('',(0.,0.,1.));
#10983=DIRECTION('',(1.,0.,0.));
#10984=DIRECTION('',(0.,0.,1.));
#10985=DIRECTION('',(1.15648231731787E-16,-1.,0.));
#10986=DIRECTION('',(-1.15648231731787E-16,1.,0.));
#10987=DIRECTION('',(0.,0.,1.));
#10988=DIRECTION('',(1.,0.,0.));
#10989=DIRECTION('',(-1.15648231731787E-16,1.,0.));
#10990=DIRECTION('',(0.,0.,1.));
#10991=DIRECTION('',(1.,0.,0.));
#10992=DIRECTION('',(0.,0.,-1.));
#10993=DIRECTION('',(-1.,0.,0.));
#10994=DIRECTION('',(0.,0.,1.));
#10995=DIRECTION('',(1.,0.,0.));
#10996=DIRECTION('',(0.,0.,1.));
#10997=DIRECTION('',(1.,0.,0.));
#10998=DIRECTION('',(0.,0.,1.));
#10999=DIRECTION('',(1.,0.,0.));
#11000=DIRECTION('',(0.,0.,1.));
#11001=DIRECTION('',(1.15648231731787E-16,-1.,0.));
#11002=DIRECTION('',(-1.15648231731787E-16,1.,0.));
#11003=DIRECTION('',(0.,0.,1.));
#11004=DIRECTION('',(1.,0.,0.));
#11005=DIRECTION('',(-1.15648231731787E-16,1.,0.));
#11006=DIRECTION('',(0.,0.,1.));
#11007=DIRECTION('',(1.,0.,0.));
#11008=DIRECTION('',(0.,0.,-1.));
#11009=DIRECTION('',(-1.,0.,0.));
#11010=DIRECTION('',(0.,0.,1.));
#11011=DIRECTION('',(1.,0.,0.));
#11012=DIRECTION('',(0.,0.,1.));
#11013=DIRECTION('',(1.,0.,0.));
#11014=DIRECTION('',(0.,0.,1.));
#11015=DIRECTION('',(1.,0.,0.));
#11016=DIRECTION('',(0.,0.,1.));
#11017=DIRECTION('',(1.15648231731787E-16,-1.,0.));
#11018=DIRECTION('',(-1.15648231731787E-16,1.,0.));
#11019=DIRECTION('',(0.,0.,1.));
#11020=DIRECTION('',(1.,0.,0.));
#11021=DIRECTION('',(-1.15648231731787E-16,1.,0.));
#11022=DIRECTION('',(0.,0.,1.));
#11023=DIRECTION('',(1.,0.,0.));
#11024=DIRECTION('',(0.,0.,-1.));
#11025=DIRECTION('',(-1.,0.,0.));
#11026=DIRECTION('',(0.,0.,1.));
#11027=DIRECTION('',(1.,0.,0.));
#11028=DIRECTION('',(0.,0.,1.));
#11029=DIRECTION('',(1.,0.,0.));
#11030=DIRECTION('',(0.,0.,1.));
#11031=DIRECTION('',(1.,0.,0.));
#11032=DIRECTION('',(0.,0.,1.));
#11033=DIRECTION('',(1.15648231731787E-16,-1.,0.));
#11034=DIRECTION('',(-1.15648231731787E-16,1.,0.));
#11035=DIRECTION('',(0.,0.,1.));
#11036=DIRECTION('',(1.,0.,0.));
#11037=DIRECTION('',(-1.15648231731787E-16,1.,0.));
#11038=DIRECTION('',(0.,0.,1.));
#11039=DIRECTION('',(1.,0.,0.));
#11040=DIRECTION('',(0.,0.,-1.));
#11041=DIRECTION('',(-1.,0.,0.));
#11042=DIRECTION('',(0.,0.,1.));
#11043=DIRECTION('',(1.,0.,0.));
#11044=DIRECTION('',(0.,0.,1.));
#11045=DIRECTION('',(1.,0.,0.));
#11046=DIRECTION('',(0.,0.,1.));
#11047=DIRECTION('',(1.,0.,0.));
#11048=DIRECTION('',(0.,0.,1.));
#11049=DIRECTION('',(1.15648231731787E-16,-1.,0.));
#11050=DIRECTION('',(-1.15648231731787E-16,1.,0.));
#11051=DIRECTION('',(0.,0.,1.));
#11052=DIRECTION('',(1.,0.,0.));
#11053=DIRECTION('',(-1.15648231731787E-16,1.,0.));
#11054=DIRECTION('',(0.,0.,1.));
#11055=DIRECTION('',(1.,0.,0.));
#11056=DIRECTION('',(0.,0.,-1.));
#11057=DIRECTION('',(-1.,0.,0.));
#11058=DIRECTION('',(0.,0.,1.));
#11059=DIRECTION('',(1.,0.,0.));
#11060=DIRECTION('',(0.,0.,1.));
#11061=DIRECTION('',(1.,0.,0.));
#11062=DIRECTION('',(0.,0.,1.));
#11063=DIRECTION('',(1.,0.,0.));
#11064=DIRECTION('',(0.,0.,1.));
#11065=DIRECTION('',(1.15648231731787E-16,-1.,0.));
#11066=DIRECTION('',(-1.15648231731787E-16,1.,0.));
#11067=DIRECTION('',(0.,0.,1.));
#11068=DIRECTION('',(1.,0.,0.));
#11069=DIRECTION('',(-1.15648231731787E-16,1.,0.));
#11070=DIRECTION('',(0.,0.,1.));
#11071=DIRECTION('',(1.,0.,0.));
#11072=DIRECTION('',(0.,0.,-1.));
#11073=DIRECTION('',(-1.,0.,0.));
#11074=DIRECTION('',(0.,0.,1.));
#11075=DIRECTION('',(1.,0.,0.));
#11076=DIRECTION('',(0.,0.,1.));
#11077=DIRECTION('',(1.,0.,0.));
#11078=DIRECTION('',(0.,0.,1.));
#11079=DIRECTION('',(1.,0.,0.));
#11080=DIRECTION('',(0.,0.,1.));
#11081=DIRECTION('',(1.15648231731787E-16,-1.,0.));
#11082=DIRECTION('',(-1.15648231731787E-16,1.,0.));
#11083=DIRECTION('',(0.,0.,1.));
#11084=DIRECTION('',(1.,0.,0.));
#11085=DIRECTION('',(-1.15648231731787E-16,1.,0.));
#11086=DIRECTION('',(0.,0.,1.));
#11087=DIRECTION('',(1.,0.,0.));
#11088=DIRECTION('',(0.,0.,-1.));
#11089=DIRECTION('',(-1.,0.,0.));
#11090=DIRECTION('',(0.,0.,1.));
#11091=DIRECTION('',(1.,0.,0.));
#11092=DIRECTION('',(0.,0.,1.));
#11093=DIRECTION('',(1.,0.,0.));
#11094=DIRECTION('',(0.,0.,1.));
#11095=DIRECTION('',(1.,0.,0.));
#11096=DIRECTION('',(0.,0.,1.));
#11097=DIRECTION('',(1.,0.,0.));
#11098=DIRECTION('',(0.,0.,1.));
#11099=DIRECTION('',(1.,0.,0.));
#11100=DIRECTION('',(0.,0.,1.));
#11101=DIRECTION('',(1.,1.83697019872103E-16,0.));
#11102=DIRECTION('',(-1.,-1.83697019872103E-16,0.));
#11103=DIRECTION('',(0.,0.,1.));
#11104=DIRECTION('',(1.,0.,0.));
#11105=DIRECTION('',(-1.,-1.83697019872103E-16,0.));
#11106=DIRECTION('',(0.,0.,1.));
#11107=DIRECTION('',(1.,0.,0.));
#11108=DIRECTION('',(0.,0.,-1.));
#11109=DIRECTION('',(-1.,0.,0.));
#11110=DIRECTION('',(0.,0.,1.));
#11111=DIRECTION('',(1.,0.,0.));
#11112=DIRECTION('',(0.,0.,1.));
#11113=DIRECTION('',(1.,0.,0.));
#11114=DIRECTION('',(0.,0.,1.));
#11115=DIRECTION('',(1.,0.,0.));
#11116=DIRECTION('',(0.,0.,1.));
#11117=DIRECTION('',(1.,1.83697019872103E-16,0.));
#11118=DIRECTION('',(-1.,-1.83697019872103E-16,0.));
#11119=DIRECTION('',(0.,0.,1.));
#11120=DIRECTION('',(1.,0.,0.));
#11121=DIRECTION('',(-1.,-1.83697019872103E-16,0.));
#11122=DIRECTION('',(0.,0.,1.));
#11123=DIRECTION('',(1.,0.,0.));
#11124=DIRECTION('',(0.,0.,-1.));
#11125=DIRECTION('',(-1.,0.,0.));
#11126=DIRECTION('',(0.,0.,1.));
#11127=DIRECTION('',(1.,0.,0.));
#11128=DIRECTION('',(0.,0.,1.));
#11129=DIRECTION('',(1.,0.,0.));
#11130=DIRECTION('',(0.,0.,1.));
#11131=DIRECTION('',(1.,0.,0.));
#11132=DIRECTION('',(-1.83697019872103E-16,1.,0.));
#11133=DIRECTION('',(-1.,-1.83697019872103E-16,0.));
#11134=DIRECTION('',(1.,1.83697019872103E-16,0.));
#11135=DIRECTION('',(0.,0.,-1.));
#11136=DIRECTION('',(0.,0.,-1.));
#11137=DIRECTION('',(1.,1.15648231731787E-16,0.));
#11138=DIRECTION('',(-1.15648231731787E-16,1.,0.));
#11139=DIRECTION('',(1.15648231731787E-16,-1.,0.));
#11140=DIRECTION('',(0.,0.,-1.));
#11141=DIRECTION('',(0.,0.,-1.));
#11142=DIRECTION('',(-1.83697019872103E-16,1.,0.));
#11143=DIRECTION('',(-1.,-1.83697019872103E-16,0.));
#11144=DIRECTION('',(0.,0.,-1.));
#11145=DIRECTION('',(1.,1.83697019872103E-16,0.));
#11146=DIRECTION('',(0.,0.,-1.));
#11147=DIRECTION('',(1.,1.15648231731787E-16,0.));
#11148=DIRECTION('',(-1.15648231731787E-16,1.,0.));
#11149=DIRECTION('',(0.,0.,-1.));
#11150=DIRECTION('',(0.,0.,-1.));
#11151=DIRECTION('',(1.15648231731787E-16,-1.,0.));
#11152=DIRECTION('',(-1.83697019872103E-16,1.,0.));
#11153=DIRECTION('',(-1.,-1.83697019872103E-16,0.));
#11154=DIRECTION('',(1.,1.83697019872103E-16,0.));
#11155=DIRECTION('',(0.,0.,-1.));
#11156=DIRECTION('',(0.,0.,-1.));
#11157=DIRECTION('',(-1.83697019872103E-16,1.,0.));
#11158=DIRECTION('',(-1.,-1.83697019872103E-16,0.));
#11159=DIRECTION('',(0.,0.,-1.));
#11160=DIRECTION('',(1.,1.83697019872103E-16,0.));
#11161=DIRECTION('',(0.,0.,-1.));
#11162=DIRECTION('',(-1.83697019872103E-16,1.,0.));
#11163=DIRECTION('',(-1.,-1.83697019872103E-16,0.));
#11164=DIRECTION('',(1.,1.83697019872103E-16,0.));
#11165=DIRECTION('',(0.,0.,-1.));
#11166=DIRECTION('',(0.,0.,-1.));
#11167=DIRECTION('',(1.,1.15648231731787E-16,0.));
#11168=DIRECTION('',(-1.15648231731787E-16,1.,0.));
#11169=DIRECTION('',(0.,0.,-1.));
#11170=DIRECTION('',(0.,0.,-1.));
#11171=DIRECTION('',(1.15648231731787E-16,-1.,0.));
#11172=DIRECTION('',(-1.83697019872103E-16,1.,0.));
#11173=DIRECTION('',(-1.,-1.83697019872103E-16,0.));
#11174=DIRECTION('',(0.,0.,-1.));
#11175=DIRECTION('',(1.,1.83697019872103E-16,0.));
#11176=DIRECTION('',(0.,0.,-1.));
#11177=DIRECTION('',(1.,1.15648231731787E-16,0.));
#11178=DIRECTION('',(-1.15648231731787E-16,1.,0.));
#11179=DIRECTION('',(0.,0.,-1.));
#11180=DIRECTION('',(0.,0.,-1.));
#11181=DIRECTION('',(1.15648231731787E-16,-1.,0.));
#11182=DIRECTION('',(-1.83697019872103E-16,1.,0.));
#11183=DIRECTION('',(-1.,-1.83697019872103E-16,0.));
#11184=DIRECTION('',(0.,0.,-1.));
#11185=DIRECTION('',(0.,0.,-1.));
#11186=DIRECTION('',(1.,1.83697019872103E-16,0.));
#11187=DIRECTION('',(1.,1.15648231731787E-16,0.));
#11188=DIRECTION('',(-1.15648231731787E-16,1.,0.));
#11189=DIRECTION('',(0.,0.,-1.));
#11190=DIRECTION('',(0.,0.,-1.));
#11191=DIRECTION('',(1.15648231731787E-16,-1.,0.));
#11192=DIRECTION('',(-1.83697019872103E-16,1.,0.));
#11193=DIRECTION('',(-1.,-1.83697019872103E-16,0.));
#11194=DIRECTION('',(0.,0.,-1.));
#11195=DIRECTION('',(0.,0.,-1.));
#11196=DIRECTION('',(1.,1.83697019872103E-16,0.));
#11197=DIRECTION('',(1.,1.15648231731787E-16,0.));
#11198=DIRECTION('',(-1.15648231731787E-16,1.,0.));
#11199=DIRECTION('',(0.,0.,-1.));
#11200=DIRECTION('',(0.,0.,-1.));
#11201=DIRECTION('',(1.15648231731787E-16,-1.,0.));
#11202=DIRECTION('',(-1.83697019872103E-16,1.,0.));
#11203=DIRECTION('',(-1.,-1.83697019872103E-16,0.));
#11204=DIRECTION('',(0.,0.,-1.));
#11205=DIRECTION('',(0.,0.,-1.));
#11206=DIRECTION('',(1.,1.83697019872103E-16,0.));
#11207=DIRECTION('',(-1.83697019872103E-16,1.,0.));
#11208=DIRECTION('',(-1.,-1.83697019872103E-16,0.));
#11209=DIRECTION('',(0.,0.,-1.));
#11210=DIRECTION('',(0.,0.,-1.));
#11211=DIRECTION('',(1.,1.83697019872103E-16,0.));
#11212=DIRECTION('',(-1.83697019872103E-16,1.,0.));
#11213=DIRECTION('',(-1.,-1.83697019872103E-16,0.));
#11214=DIRECTION('',(0.,0.,-1.));
#11215=DIRECTION('',(1.,1.83697019872103E-16,0.));
#11216=DIRECTION('',(0.,0.,-1.));
#11217=DIRECTION('',(0.,0.,-1.));
#11218=DIRECTION('',(-1.,0.,0.));
#11219=DIRECTION('',(0.,0.,1.));
#11220=DIRECTION('',(1.,0.,0.));
#11221=DIRECTION('',(0.,0.,1.));
#11222=DIRECTION('',(1.,0.,0.));
#11223=DIRECTION('',(0.,0.,-1.));
#11224=DIRECTION('',(0.,0.,-1.));
#11225=DIRECTION('',(0.,0.,1.));
#11226=DIRECTION('',(1.,0.,0.));
#11227=DIRECTION('',(0.,0.,1.));
#11228=DIRECTION('',(1.,0.,0.));
#11229=DIRECTION('',(0.,0.,-1.));
#11230=DIRECTION('',(-1.,0.,0.));
#11231=DIRECTION('',(0.,0.,-1.));
#11232=DIRECTION('',(0.,0.,-1.));
#11233=DIRECTION('',(0.,0.,1.));
#11234=DIRECTION('',(1.,0.,0.));
#11235=DIRECTION('',(0.,0.,-1.));
#11236=DIRECTION('',(0.,0.,1.));
#11237=DIRECTION('',(1.,0.,0.));
#11238=DIRECTION('',(0.,0.,1.));
#11239=DIRECTION('',(1.,0.,0.));
#11240=DIRECTION('',(0.,0.,1.));
#11241=DIRECTION('',(1.,0.,0.));
#11242=DIRECTION('',(-1.83697019872103E-16,1.,0.));
#11243=DIRECTION('',(-1.,-1.83697019872103E-16,0.));
#11244=DIRECTION('',(1.,1.83697019872103E-16,0.));
#11245=DIRECTION('',(0.,0.,-1.));
#11246=DIRECTION('',(1.,1.15648231731787E-16,0.));
#11247=DIRECTION('',(-1.15648231731787E-16,1.,0.));
#11248=DIRECTION('',(0.,0.,-1.));
#11249=DIRECTION('',(0.,0.,-1.));
#11250=DIRECTION('',(1.15648231731787E-16,-1.,0.));
#11251=DIRECTION('',(0.,0.,-1.));
#11252=DIRECTION('',(-1.,0.,0.));
#11253=DIRECTION('',(0.,0.,-1.));
#11254=DIRECTION('',(0.,0.,1.));
#11255=DIRECTION('',(1.,0.,0.));
#11256=DIRECTION('',(0.,0.,-1.));
#11257=DIRECTION('',(0.,0.,1.));
#11258=DIRECTION('',(1.,0.,0.));
#11259=DIRECTION('',(0.,0.,-1.));
#11260=DIRECTION('',(0.,0.,-1.));
#11261=DIRECTION('',(0.,0.,1.));
#11262=DIRECTION('',(1.,0.,0.));
#11263=DIRECTION('',(0.,0.,-1.));
#11264=DIRECTION('',(0.,0.,-1.));
#11265=DIRECTION('',(0.,0.,1.));
#11266=DIRECTION('',(1.,0.,0.));
#11267=DIRECTION('',(-1.83697019872103E-16,1.,0.));
#11268=DIRECTION('',(-1.,-1.83697019872103E-16,0.));
#11269=DIRECTION('',(1.,1.83697019872103E-16,0.));
#11270=DIRECTION('',(0.,0.,-1.));
#11271=DIRECTION('',(0.,0.,-1.));
#11272=DIRECTION('',(-1.,0.,0.));
#11273=DIRECTION('',(0.,0.,-1.));
#11274=DIRECTION('',(0.,0.,1.));
#11275=DIRECTION('',(1.,0.,0.));
#11276=DIRECTION('',(0.,0.,1.));
#11277=DIRECTION('',(1.,0.,0.));
#11278=DIRECTION('',(0.,0.,-1.));
#11279=DIRECTION('',(0.,0.,-1.));
#11280=DIRECTION('',(0.,0.,1.));
#11281=DIRECTION('',(1.,0.,0.));
#11282=DIRECTION('',(0.,0.,1.));
#11283=DIRECTION('',(1.,0.,0.));
#11284=DIRECTION('',(1.,1.15648231731787E-16,0.));
#11285=DIRECTION('',(-1.15648231731787E-16,1.,0.));
#11286=DIRECTION('',(0.,0.,-1.));
#11287=DIRECTION('',(1.15648231731787E-16,-1.,0.));
#11288=DIRECTION('',(0.,0.,-1.));
#11289=DIRECTION('',(-1.,0.,0.));
#11290=DIRECTION('',(0.,0.,-1.));
#11291=DIRECTION('',(0.,0.,-1.));
#11292=DIRECTION('',(0.,0.,1.));
#11293=DIRECTION('',(1.,0.,0.));
#11294=DIRECTION('',(0.,0.,1.));
#11295=DIRECTION('',(1.,0.,0.));
#11296=DIRECTION('',(0.,0.,1.));
#11297=DIRECTION('',(1.,0.,0.));
#11298=DIRECTION('',(0.,0.,-1.));
#11299=DIRECTION('',(0.,0.,1.));
#11300=DIRECTION('',(1.,0.,0.));
#11301=DIRECTION('',(-1.83697019872103E-16,1.,0.));
#11302=DIRECTION('',(-1.,-1.83697019872103E-16,0.));
#11303=DIRECTION('',(1.,1.83697019872103E-16,0.));
#11304=DIRECTION('',(0.,0.,-1.));
#11305=DIRECTION('',(0.,0.,-1.));
#11306=DIRECTION('',(-1.,0.,0.));
#11307=DIRECTION('',(0.,0.,-1.));
#11308=DIRECTION('',(0.,0.,-1.));
#11309=DIRECTION('',(0.,0.,1.));
#11310=DIRECTION('',(1.,0.,0.));
#11311=DIRECTION('',(0.,0.,1.));
#11312=DIRECTION('',(1.,0.,0.));
#11313=DIRECTION('',(0.,0.,-1.));
#11314=DIRECTION('',(0.,0.,1.));
#11315=DIRECTION('',(1.,0.,0.));
#11316=DIRECTION('',(0.,0.,-1.));
#11317=DIRECTION('',(0.,0.,-1.));
#11318=DIRECTION('',(0.,0.,1.));
#11319=DIRECTION('',(1.,0.,0.));
#11320=DIRECTION('',(1.,1.15648231731787E-16,0.));
#11321=DIRECTION('',(-1.15648231731787E-16,1.,0.));
#11322=DIRECTION('',(1.15648231731787E-16,-1.,0.));
#11323=DIRECTION('',(-1.83697019872103E-16,1.,0.));
#11324=DIRECTION('',(-1.,-1.83697019872103E-16,0.));
#11325=DIRECTION('',(0.,0.,-1.));
#11326=DIRECTION('',(1.,1.83697019872103E-16,0.));
#11327=DIRECTION('',(0.,0.,-1.));
#11328=DIRECTION('',(0.,0.,-1.));
#11329=DIRECTION('',(-1.,0.,0.));
#11330=DIRECTION('',(0.,0.,1.));
#11331=DIRECTION('',(1.,0.,0.));
#11332=DIRECTION('',(0.,0.,1.));
#11333=DIRECTION('',(1.,0.,0.));
#11334=DIRECTION('',(0.,0.,-1.));
#11335=DIRECTION('',(0.,0.,-1.));
#11336=DIRECTION('',(0.,0.,1.));
#11337=DIRECTION('',(1.,0.,0.));
#11338=DIRECTION('',(0.,0.,1.));
#11339=DIRECTION('',(1.,0.,0.));
#11340=DIRECTION('',(0.,0.,-1.));
#11341=DIRECTION('',(-1.,0.,0.));
#11342=DIRECTION('',(0.,0.,1.));
#11343=DIRECTION('',(1.,0.,0.));
#11344=DIRECTION('',(0.,0.,1.));
#11345=DIRECTION('',(1.,0.,0.));
#11346=DIRECTION('',(1.,1.15648231731787E-16,0.));
#11347=DIRECTION('',(-1.15648231731787E-16,1.,0.));
#11348=DIRECTION('',(0.,0.,-1.));
#11349=DIRECTION('',(1.15648231731787E-16,-1.,0.));
#11350=DIRECTION('',(0.,0.,-1.));
#11351=DIRECTION('',(0.,0.,-1.));
#11352=DIRECTION('',(-1.,0.,0.));
#11353=DIRECTION('',(0.,0.,1.));
#11354=DIRECTION('',(1.,0.,0.));
#11355=DIRECTION('',(0.,0.,1.));
#11356=DIRECTION('',(1.,0.,0.));
#11357=DIRECTION('',(0.,0.,-1.));
#11358=DIRECTION('',(-1.,0.,0.));
#11359=DIRECTION('',(0.,0.,1.));
#11360=DIRECTION('',(1.,0.,0.));
#11361=DIRECTION('',(0.,0.,-1.));
#11362=DIRECTION('',(0.,0.,-1.));
#11363=DIRECTION('',(0.,0.,1.));
#11364=DIRECTION('',(1.,0.,0.));
#11365=DIRECTION('',(0.,0.,-1.));
#11366=DIRECTION('',(0.,0.,-1.));
#11367=DIRECTION('',(0.,0.,1.));
#11368=DIRECTION('',(1.,0.,0.));
#11369=DIRECTION('',(0.,0.,1.));
#11370=DIRECTION('',(1.,0.,0.));
#11371=DIRECTION('',(0.,0.,1.));
#11372=DIRECTION('',(1.,0.,0.));
#11373=DIRECTION('',(0.,0.,1.));
#11374=DIRECTION('',(1.,0.,0.));
#11375=DIRECTION('',(0.,0.,-1.));
#11376=DIRECTION('',(-1.,0.,0.));
#11377=DIRECTION('',(0.,0.,-1.));
#11378=DIRECTION('',(0.,0.,-1.));
#11379=DIRECTION('',(0.,0.,1.));
#11380=DIRECTION('',(1.,0.,0.));
#11381=DIRECTION('',(0.,0.,-1.));
#11382=DIRECTION('',(0.,0.,1.));
#11383=DIRECTION('',(1.,0.,0.));
#11384=DIRECTION('',(0.,0.,1.));
#11385=DIRECTION('',(1.,0.,0.));
#11386=DIRECTION('',(0.,0.,1.));
#11387=DIRECTION('',(1.,0.,0.));
#11388=DIRECTION('',(-1.83697019872103E-16,1.,0.));
#11389=DIRECTION('',(-1.,-1.83697019872103E-16,0.));
#11390=DIRECTION('',(1.,1.83697019872103E-16,0.));
#11391=DIRECTION('',(0.,0.,-1.));
#11392=DIRECTION('',(0.,0.,1.));
#11393=DIRECTION('',(1.15648231731787E-16,-1.,0.));
#11394=DIRECTION('',(-1.15648231731787E-16,1.,0.));
#11395=DIRECTION('',(0.,0.,1.));
#11396=DIRECTION('',(1.,0.,0.));
#11397=DIRECTION('',(-1.15648231731787E-16,1.,0.));
#11398=DIRECTION('',(0.,0.,1.));
#11399=DIRECTION('',(1.,0.,0.));
#11400=DIRECTION('',(0.,0.,-1.));
#11401=DIRECTION('',(-1.,0.,0.));
#11402=DIRECTION('',(0.,0.,1.));
#11403=DIRECTION('',(1.,0.,0.));
#11404=DIRECTION('',(0.,0.,-1.));
#11405=DIRECTION('',(-1.,0.,0.));
#11406=DIRECTION('',(0.,0.,-1.));
#11407=DIRECTION('',(0.,0.,-1.));
#11408=DIRECTION('',(0.,0.,1.));
#11409=DIRECTION('',(1.,0.,0.));
#11410=DIRECTION('',(0.,0.,-1.));
#11411=DIRECTION('',(0.,0.,-1.));
#11412=DIRECTION('',(0.,0.,1.));
#11413=DIRECTION('',(1.,0.,0.));
#11414=DIRECTION('',(0.,0.,1.));
#11415=DIRECTION('',(1.,0.,0.));
#11416=DIRECTION('',(0.,0.,1.));
#11417=DIRECTION('',(1.,0.,0.));
#11418=DIRECTION('',(0.,0.,1.));
#11419=DIRECTION('',(1.,1.83697019872103E-16,0.));
#11420=DIRECTION('',(-1.,-1.83697019872103E-16,0.));
#11421=DIRECTION('',(0.,0.,1.));
#11422=DIRECTION('',(1.,0.,0.));
#11423=DIRECTION('',(-1.,-1.83697019872103E-16,0.));
#11424=DIRECTION('',(0.,0.,1.));
#11425=DIRECTION('',(1.,0.,0.));
#11426=DIRECTION('',(0.,0.,1.));
#11427=DIRECTION('',(1.,0.,0.));
#11428=DIRECTION('',(0.,0.,1.));
#11429=DIRECTION('',(1.,0.,0.));
#11430=DIRECTION('',(0.,0.,-1.));
#11431=DIRECTION('',(-1.,0.,0.));
#11432=DIRECTION('',(0.,0.,1.));
#11433=DIRECTION('',(1.,0.,0.));
#11434=DIRECTION('',(1.,1.15648231731787E-16,0.));
#11435=DIRECTION('',(-1.15648231731787E-16,1.,0.));
#11436=DIRECTION('',(0.,0.,-1.));
#11437=DIRECTION('',(1.15648231731787E-16,-1.,0.));
#11438=DIRECTION('',(0.,0.,-1.));
#11439=DIRECTION('',(-1.,0.,0.));
#11440=DIRECTION('',(0.,0.,1.));
#11441=DIRECTION('',(1.,0.,0.));
#11442=DIRECTION('',(1.,1.15648231731787E-16,0.));
#11443=DIRECTION('',(-1.15648231731787E-16,1.,0.));
#11444=DIRECTION('',(0.,0.,-1.));
#11445=DIRECTION('',(1.15648231731787E-16,-1.,0.));
#11446=DIRECTION('',(0.,0.,-1.));
#11447=DIRECTION('',(-1.,0.,0.));
#11448=DIRECTION('',(0.,0.,1.));
#11449=DIRECTION('',(1.,0.,0.));
#11450=DIRECTION('',(0.,0.,1.));
#11451=DIRECTION('',(1.,0.,0.));
#11452=DIRECTION('',(0.,0.,1.));
#11453=DIRECTION('',(1.,1.83697019872103E-16,0.));
#11454=DIRECTION('',(-1.,-1.83697019872103E-16,0.));
#11455=DIRECTION('',(-1.,-1.83697019872103E-16,0.));
#11456=DIRECTION('',(0.,0.,1.));
#11457=DIRECTION('',(1.,0.,0.));
#11458=DIRECTION('',(0.,0.,1.));
#11459=DIRECTION('',(1.,0.,0.));
#11460=DIRECTION('',(0.,0.,1.));
#11461=DIRECTION('',(1.,0.,0.));
#11462=DIRECTION('',(0.,0.,-1.));
#11463=DIRECTION('',(-1.,0.,0.));
#11464=DIRECTION('',(0.,0.,1.));
#11465=DIRECTION('',(1.,0.,0.));
#11466=DIRECTION('',(-1.83697019872103E-16,1.,0.));
#11467=DIRECTION('',(-1.,-1.83697019872103E-16,0.));
#11468=DIRECTION('',(0.,0.,-1.));
#11469=DIRECTION('',(0.,0.,-1.));
#11470=DIRECTION('',(1.,1.83697019872103E-16,0.));
#11471=DIRECTION('',(1.,1.15648231731787E-16,0.));
#11472=DIRECTION('',(-1.15648231731787E-16,1.,0.));
#11473=DIRECTION('',(1.15648231731787E-16,-1.,0.));
#11474=DIRECTION('',(0.,0.,-1.));
#11475=DIRECTION('',(0.,0.,-1.));
#11476=DIRECTION('',(-1.,0.,0.));
#11477=DIRECTION('',(0.,0.,1.));
#11478=DIRECTION('',(1.,0.,0.));
#11479=DIRECTION('',(1.,1.15648231731787E-16,0.));
#11480=DIRECTION('',(-1.15648231731787E-16,1.,0.));
#11481=DIRECTION('',(0.,0.,-1.));
#11482=DIRECTION('',(1.15648231731787E-16,-1.,0.));
#11483=DIRECTION('',(0.,0.,-1.));
#11484=DIRECTION('',(-1.,0.,0.));
#11485=DIRECTION('',(0.,0.,1.));
#11486=DIRECTION('',(1.,0.,0.));
#11487=DIRECTION('',(0.,0.,1.));
#11488=DIRECTION('',(1.,0.,0.));
#11489=DIRECTION('',(0.,0.,1.));
#11490=DIRECTION('',(1.,0.,0.));
#11491=DIRECTION('',(0.,0.,-1.));
#11492=DIRECTION('',(-1.,0.,0.));
#11493=DIRECTION('',(0.,0.,1.));
#11494=DIRECTION('',(1.,0.,0.));
#11495=DIRECTION('',(1.,1.15648231731787E-16,0.));
#11496=DIRECTION('',(-1.15648231731787E-16,1.,0.));
#11497=DIRECTION('',(1.15648231731787E-16,-1.,0.));
#11498=DIRECTION('',(0.,0.,-1.));
#11499=DIRECTION('',(0.,0.,-1.));
#11500=DIRECTION('',(-1.,0.,0.));
#11501=DIRECTION('',(0.,0.,1.));
#11502=DIRECTION('',(1.,0.,0.));
#11503=DIRECTION('',(1.,1.15648231731787E-16,0.));
#11504=DIRECTION('',(-1.15648231731787E-16,1.,0.));
#11505=DIRECTION('',(0.,0.,-1.));
#11506=DIRECTION('',(1.15648231731787E-16,-1.,0.));
#11507=DIRECTION('',(-1.83697019872103E-16,1.,0.));
#11508=DIRECTION('',(-1.,-1.83697019872103E-16,0.));
#11509=DIRECTION('',(0.,0.,-1.));
#11510=DIRECTION('',(1.,1.83697019872103E-16,0.));
#11511=DIRECTION('',(0.,0.,-1.));
#11512=DIRECTION('',(0.,0.,-1.));
#11513=DIRECTION('',(-1.,0.,0.));
#11514=DIRECTION('',(0.,0.,1.));
#11515=DIRECTION('',(1.,0.,0.));
#11516=DIRECTION('',(0.,0.,1.));
#11517=DIRECTION('',(1.,0.,0.));
#11518=DIRECTION('',(0.,0.,1.));
#11519=DIRECTION('',(1.,0.,0.));
#11520=DIRECTION('',(0.,0.,-1.));
#11521=DIRECTION('',(-1.,0.,0.));
#11522=DIRECTION('',(0.,0.,1.));
#11523=DIRECTION('',(1.,0.,0.));
#11524=DIRECTION('',(-1.83697019872103E-16,1.,0.));
#11525=DIRECTION('',(-1.,-1.83697019872103E-16,0.));
#11526=DIRECTION('',(0.,0.,-1.));
#11527=DIRECTION('',(1.,1.83697019872103E-16,0.));
#11528=DIRECTION('',(0.,0.,-1.));
#11529=DIRECTION('',(1.,1.15648231731787E-16,0.));
#11530=DIRECTION('',(-1.15648231731787E-16,1.,0.));
#11531=DIRECTION('',(1.15648231731787E-16,-1.,0.));
#11532=DIRECTION('',(0.,0.,-1.));
#11533=DIRECTION('',(0.,0.,-1.));
#11534=DIRECTION('',(-1.,0.,0.));
#11535=DIRECTION('',(0.,0.,1.));
#11536=DIRECTION('',(1.,0.,0.));
#11537=DIRECTION('',(1.,1.15648231731787E-16,0.));
#11538=DIRECTION('',(-1.15648231731787E-16,1.,0.));
#11539=DIRECTION('',(0.,0.,-1.));
#11540=DIRECTION('',(1.15648231731787E-16,-1.,0.));
#11541=DIRECTION('',(0.,0.,-1.));
#11542=DIRECTION('',(-1.,0.,0.));
#11543=DIRECTION('',(0.,0.,1.));
#11544=DIRECTION('',(1.,0.,0.));
#11545=DIRECTION('',(0.,0.,1.));
#11546=DIRECTION('',(1.,0.,0.));
#11547=DIRECTION('',(0.,0.,1.));
#11548=DIRECTION('',(1.,1.83697019872103E-16,0.));
#11549=DIRECTION('',(-1.,-1.83697019872103E-16,0.));
#11550=DIRECTION('',(-1.,-1.83697019872103E-16,0.));
#11551=DIRECTION('',(0.,0.,1.));
#11552=DIRECTION('',(1.,0.,0.));
#11553=DIRECTION('',(0.,0.,1.));
#11554=DIRECTION('',(1.,0.,0.));
#11555=DIRECTION('',(0.,0.,1.));
#11556=DIRECTION('',(1.,0.,0.));
#11557=DIRECTION('',(0.,0.,-1.));
#11558=DIRECTION('',(-1.,0.,0.));
#11559=DIRECTION('',(0.,0.,1.));
#11560=DIRECTION('',(1.,0.,0.));
#11561=DIRECTION('',(0.,0.,1.));
#11562=DIRECTION('',(1.,0.,0.));
#11563=DIRECTION('',(1.,1.15648231731787E-16,0.));
#11564=DIRECTION('',(-1.15648231731787E-16,1.,0.));
#11565=DIRECTION('',(1.15648231731787E-16,-1.,0.));
#11566=DIRECTION('',(0.,0.,-1.));
#11567=DIRECTION('',(0.,0.,-1.));
#11568=DIRECTION('',(-1.,0.,0.));
#11569=DIRECTION('',(0.,0.,1.));
#11570=DIRECTION('',(1.,0.,0.));
#11571=DIRECTION('',(1.,1.15648231731787E-16,0.));
#11572=DIRECTION('',(-1.15648231731787E-16,1.,0.));
#11573=DIRECTION('',(1.15648231731787E-16,-1.,0.));
#11574=DIRECTION('',(0.,0.,-1.));
#11575=DIRECTION('',(0.,0.,-1.));
#11576=DIRECTION('',(-1.,0.,0.));
#11577=DIRECTION('',(0.,0.,1.));
#11578=DIRECTION('',(1.,0.,0.));
#11579=DIRECTION('',(0.,0.,1.));
#11580=DIRECTION('',(1.,0.,0.));
#11581=DIRECTION('',(0.,0.,1.));
#11582=DIRECTION('',(1.,1.83697019872103E-16,0.));
#11583=DIRECTION('',(-1.,-1.83697019872103E-16,0.));
#11584=DIRECTION('',(0.,0.,1.));
#11585=DIRECTION('',(1.,0.,0.));
#11586=DIRECTION('',(-1.,-1.83697019872103E-16,0.));
#11587=DIRECTION('',(0.,0.,1.));
#11588=DIRECTION('',(1.,0.,0.));
#11589=DIRECTION('',(0.,0.,1.));
#11590=DIRECTION('',(1.,0.,0.));
#11591=DIRECTION('',(0.,0.,-1.));
#11592=DIRECTION('',(-1.,0.,0.));
#11593=DIRECTION('',(0.,0.,1.));
#11594=DIRECTION('',(1.,0.,0.));
#11595=DIRECTION('',(-1.83697019872103E-16,1.,0.));
#11596=DIRECTION('',(-1.,-1.83697019872103E-16,0.));
#11597=DIRECTION('',(1.,1.83697019872103E-16,0.));
#11598=DIRECTION('',(0.,0.,-1.));
#11599=DIRECTION('',(0.,0.,-1.));
#11600=DIRECTION('',(1.,1.15648231731787E-16,0.));
#11601=DIRECTION('',(-1.15648231731787E-16,1.,0.));
#11602=DIRECTION('',(0.,0.,-1.));
#11603=DIRECTION('',(1.15648231731787E-16,-1.,0.));
#11604=DIRECTION('',(0.,0.,-1.));
#11605=DIRECTION('',(-1.,0.,0.));
#11606=DIRECTION('',(0.,0.,1.));
#11607=DIRECTION('',(1.,0.,0.));
#11608=DIRECTION('',(1.,1.15648231731787E-16,0.));
#11609=DIRECTION('',(-1.15648231731787E-16,1.,0.));
#11610=DIRECTION('',(0.,0.,-1.));
#11611=DIRECTION('',(1.15648231731787E-16,-1.,0.));
#11612=DIRECTION('',(0.,0.,-1.));
#11613=DIRECTION('',(-1.,0.,0.));
#11614=DIRECTION('',(0.,0.,1.));
#11615=DIRECTION('',(1.,0.,0.));
#11616=DIRECTION('',(0.,0.,1.));
#11617=DIRECTION('',(1.,0.,0.));
#11618=DIRECTION('',(0.,0.,1.));
#11619=DIRECTION('',(1.,1.83697019872103E-16,0.));
#11620=DIRECTION('',(-1.,-1.83697019872103E-16,0.));
#11621=DIRECTION('',(0.,0.,1.));
#11622=DIRECTION('',(1.,0.,0.));
#11623=DIRECTION('',(-1.,-1.83697019872103E-16,0.));
#11624=DIRECTION('',(0.,0.,1.));
#11625=DIRECTION('',(1.,0.,0.));
#11626=DIRECTION('',(0.,0.,1.));
#11627=DIRECTION('',(1.,0.,0.));
#11628=DIRECTION('',(0.,0.,-1.));
#11629=DIRECTION('',(-1.,0.,0.));
#11630=DIRECTION('',(0.,0.,1.));
#11631=DIRECTION('',(1.,0.,0.));
#11632=DIRECTION('',(-1.83697019872103E-16,1.,0.));
#11633=DIRECTION('',(-1.,-1.83697019872103E-16,0.));
#11634=DIRECTION('',(1.,1.83697019872103E-16,0.));
#11635=DIRECTION('',(0.,0.,-1.));
#11636=DIRECTION('',(0.,0.,-1.));
#11637=DIRECTION('',(1.,1.15648231731787E-16,0.));
#11638=DIRECTION('',(-1.15648231731787E-16,1.,0.));
#11639=DIRECTION('',(0.,0.,-1.));
#11640=DIRECTION('',(1.15648231731787E-16,-1.,0.));
#11641=DIRECTION('',(0.,0.,-1.));
#11642=DIRECTION('',(-1.,0.,0.));
#11643=DIRECTION('',(0.,0.,1.));
#11644=DIRECTION('',(1.,0.,0.));
#11645=DIRECTION('',(1.,1.15648231731787E-16,0.));
#11646=DIRECTION('',(-1.15648231731787E-16,1.,0.));
#11647=DIRECTION('',(0.,0.,-1.));
#11648=DIRECTION('',(1.15648231731787E-16,-1.,0.));
#11649=DIRECTION('',(0.,0.,-1.));
#11650=DIRECTION('',(-1.,0.,0.));
#11651=DIRECTION('',(0.,0.,1.));
#11652=DIRECTION('',(1.,0.,0.));
#11653=DIRECTION('',(0.,0.,1.));
#11654=DIRECTION('',(1.,0.,0.));
#11655=DIRECTION('',(0.,0.,1.));
#11656=DIRECTION('',(1.,1.83697019872103E-16,0.));
#11657=DIRECTION('',(-1.,-1.83697019872103E-16,0.));
#11658=DIRECTION('',(0.,0.,1.));
#11659=DIRECTION('',(1.,0.,0.));
#11660=DIRECTION('',(-1.,-1.83697019872103E-16,0.));
#11661=DIRECTION('',(0.,0.,1.));
#11662=DIRECTION('',(1.,0.,0.));
#11663=DIRECTION('',(0.,0.,1.));
#11664=DIRECTION('',(1.,0.,0.));
#11665=DIRECTION('',(0.,0.,-1.));
#11666=DIRECTION('',(-1.,0.,0.));
#11667=DIRECTION('',(0.,0.,1.));
#11668=DIRECTION('',(1.,0.,0.));
#11669=DIRECTION('',(-1.83697019872103E-16,1.,0.));
#11670=DIRECTION('',(-1.,-1.83697019872103E-16,0.));
#11671=DIRECTION('',(1.,1.83697019872103E-16,0.));
#11672=DIRECTION('',(0.,0.,-1.));
#11673=DIRECTION('',(0.,0.,-1.));
#11674=DIRECTION('',(1.,1.15648231731787E-16,0.));
#11675=DIRECTION('',(-1.15648231731787E-16,1.,0.));
#11676=DIRECTION('',(1.15648231731787E-16,-1.,0.));
#11677=DIRECTION('',(0.,0.,-1.));
#11678=DIRECTION('',(0.,0.,-1.));
#11679=DIRECTION('',(-1.,0.,0.));
#11680=DIRECTION('',(0.,0.,1.));
#11681=DIRECTION('',(1.,0.,0.));
#11682=DIRECTION('',(1.,1.15648231731787E-16,0.));
#11683=DIRECTION('',(-1.15648231731787E-16,1.,0.));
#11684=DIRECTION('',(1.15648231731787E-16,-1.,0.));
#11685=DIRECTION('',(0.,0.,-1.));
#11686=DIRECTION('',(0.,0.,-1.));
#11687=DIRECTION('',(-1.,0.,0.));
#11688=DIRECTION('',(0.,0.,1.));
#11689=DIRECTION('',(1.,0.,0.));
#11690=DIRECTION('',(0.,0.,1.));
#11691=DIRECTION('',(1.,0.,0.));
#11692=DIRECTION('',(0.,0.,1.));
#11693=DIRECTION('',(1.,1.83697019872103E-16,0.));
#11694=DIRECTION('',(-1.,-1.83697019872103E-16,0.));
#11695=DIRECTION('',(0.,0.,1.));
#11696=DIRECTION('',(1.,0.,0.));
#11697=DIRECTION('',(-1.,-1.83697019872103E-16,0.));
#11698=DIRECTION('',(0.,0.,1.));
#11699=DIRECTION('',(1.,0.,0.));
#11700=DIRECTION('',(0.,0.,1.));
#11701=DIRECTION('',(1.,0.,0.));
#11702=DIRECTION('',(0.,0.,-1.));
#11703=DIRECTION('',(-1.,0.,0.));
#11704=DIRECTION('',(0.,0.,1.));
#11705=DIRECTION('',(1.,0.,0.));
#11706=DIRECTION('',(-1.83697019872103E-16,1.,0.));
#11707=DIRECTION('',(-1.,-1.83697019872103E-16,0.));
#11708=DIRECTION('',(0.,0.,-1.));
#11709=DIRECTION('',(0.,0.,-1.));
#11710=DIRECTION('',(1.,1.83697019872103E-16,0.));
#11711=DIRECTION('',(1.,1.15648231731787E-16,0.));
#11712=DIRECTION('',(-1.15648231731787E-16,1.,0.));
#11713=DIRECTION('',(0.,0.,-1.));
#11714=DIRECTION('',(1.15648231731787E-16,-1.,0.));
#11715=DIRECTION('',(0.,0.,-1.));
#11716=DIRECTION('',(-1.,0.,0.));
#11717=DIRECTION('',(0.,0.,1.));
#11718=DIRECTION('',(1.,0.,0.));
#11719=DIRECTION('',(1.,1.15648231731787E-16,0.));
#11720=DIRECTION('',(-1.15648231731787E-16,1.,0.));
#11721=DIRECTION('',(0.,0.,-1.));
#11722=DIRECTION('',(1.15648231731787E-16,-1.,0.));
#11723=DIRECTION('',(0.,0.,-1.));
#11724=DIRECTION('',(-1.,0.,0.));
#11725=DIRECTION('',(0.,0.,1.));
#11726=DIRECTION('',(1.,0.,0.));
#11727=DIRECTION('',(0.,0.,1.));
#11728=DIRECTION('',(1.,0.,0.));
#11729=DIRECTION('',(0.,0.,1.));
#11730=DIRECTION('',(1.,1.83697019872103E-16,0.));
#11731=DIRECTION('',(-1.,-1.83697019872103E-16,0.));
#11732=DIRECTION('',(0.,0.,1.));
#11733=DIRECTION('',(1.,0.,0.));
#11734=DIRECTION('',(-1.,-1.83697019872103E-16,0.));
#11735=DIRECTION('',(0.,0.,1.));
#11736=DIRECTION('',(1.,0.,0.));
#11737=DIRECTION('',(0.,0.,1.));
#11738=DIRECTION('',(1.,0.,0.));
#11739=DIRECTION('',(0.,0.,-1.));
#11740=DIRECTION('',(-1.,0.,0.));
#11741=DIRECTION('',(0.,0.,1.));
#11742=DIRECTION('',(1.,0.,0.));
#11743=DIRECTION('',(-1.83697019872103E-16,1.,0.));
#11744=DIRECTION('',(-1.,-1.83697019872103E-16,0.));
#11745=DIRECTION('',(1.,1.83697019872103E-16,0.));
#11746=DIRECTION('',(0.,0.,-1.));
#11747=DIRECTION('',(0.,0.,-1.));
#11748=DIRECTION('',(0.,0.,-1.));
#11749=DIRECTION('',(-1.,0.,0.));
#11750=DIRECTION('',(0.,0.,1.));
#11751=DIRECTION('',(1.,0.,0.));
#11752=DIRECTION('',(0.,0.,1.));
#11753=DIRECTION('',(1.,0.,0.));
#11754=DIRECTION('',(0.,0.,1.));
#11755=DIRECTION('',(1.15648231731787E-16,-1.,0.));
#11756=DIRECTION('',(-1.15648231731787E-16,1.,0.));
#11757=DIRECTION('',(-1.15648231731787E-16,1.,0.));
#11758=DIRECTION('',(0.,0.,1.));
#11759=DIRECTION('',(1.,0.,0.));
#11760=DIRECTION('',(0.,0.,1.));
#11761=DIRECTION('',(1.,0.,0.));
#11762=DIRECTION('',(0.,0.,1.));
#11763=DIRECTION('',(1.,0.,0.));
#11764=DIRECTION('',(0.,0.,-1.));
#11765=DIRECTION('',(-1.,0.,0.));
#11766=DIRECTION('',(0.,0.,1.));
#11767=DIRECTION('',(1.,0.,0.));
#11768=DIRECTION('',(1.,1.15648231731787E-16,0.));
#11769=DIRECTION('',(-1.15648231731787E-16,1.,0.));
#11770=DIRECTION('',(0.,0.,-1.));
#11771=DIRECTION('',(0.,0.,-1.));
#11772=DIRECTION('',(1.15648231731787E-16,-1.,0.));
#11773=DIRECTION('',(-1.83697019872103E-16,1.,0.));
#11774=DIRECTION('',(-1.,-1.83697019872103E-16,0.));
#11775=DIRECTION('',(1.,1.83697019872103E-16,0.));
#11776=DIRECTION('',(0.,0.,-1.));
#11777=DIRECTION('',(0.,0.,-1.));
#11778=DIRECTION('',(-1.,0.,0.));
#11779=DIRECTION('',(0.,0.,1.));
#11780=DIRECTION('',(1.,0.,0.));
#11781=DIRECTION('',(-1.83697019872103E-16,1.,0.));
#11782=DIRECTION('',(-1.,-1.83697019872103E-16,0.));
#11783=DIRECTION('',(1.,1.83697019872103E-16,0.));
#11784=DIRECTION('',(0.,0.,-1.));
#11785=DIRECTION('',(0.,0.,-1.));
#11786=DIRECTION('',(-1.,0.,0.));
#11787=DIRECTION('',(0.,0.,1.));
#11788=DIRECTION('',(1.,0.,0.));
#11789=DIRECTION('',(0.,0.,1.));
#11790=DIRECTION('',(1.,0.,0.));
#11791=DIRECTION('',(0.,0.,1.));
#11792=DIRECTION('',(1.15648231731787E-16,-1.,0.));
#11793=DIRECTION('',(-1.15648231731787E-16,1.,0.));
#11794=DIRECTION('',(-1.15648231731787E-16,1.,0.));
#11795=DIRECTION('',(0.,0.,1.));
#11796=DIRECTION('',(1.,0.,0.));
#11797=DIRECTION('',(0.,0.,1.));
#11798=DIRECTION('',(1.,0.,0.));
#11799=DIRECTION('',(0.,0.,1.));
#11800=DIRECTION('',(1.,0.,0.));
#11801=DIRECTION('',(0.,0.,-1.));
#11802=DIRECTION('',(-1.,0.,0.));
#11803=DIRECTION('',(0.,0.,1.));
#11804=DIRECTION('',(1.,0.,0.));
#11805=DIRECTION('',(1.,1.15648231731787E-16,0.));
#11806=DIRECTION('',(-1.15648231731787E-16,1.,0.));
#11807=DIRECTION('',(0.,0.,-1.));
#11808=DIRECTION('',(0.,0.,-1.));
#11809=DIRECTION('',(1.15648231731787E-16,-1.,0.));
#11810=DIRECTION('',(-1.83697019872103E-16,1.,0.));
#11811=DIRECTION('',(-1.,-1.83697019872103E-16,0.));
#11812=DIRECTION('',(1.,1.83697019872103E-16,0.));
#11813=DIRECTION('',(0.,0.,-1.));
#11814=DIRECTION('',(0.,0.,-1.));
#11815=DIRECTION('',(-1.,0.,0.));
#11816=DIRECTION('',(0.,0.,1.));
#11817=DIRECTION('',(1.,0.,0.));
#11818=DIRECTION('',(-1.83697019872103E-16,1.,0.));
#11819=DIRECTION('',(-1.,-1.83697019872103E-16,0.));
#11820=DIRECTION('',(1.,1.83697019872103E-16,0.));
#11821=DIRECTION('',(0.,0.,-1.));
#11822=DIRECTION('',(0.,0.,-1.));
#11823=DIRECTION('',(-1.,0.,0.));
#11824=DIRECTION('',(0.,0.,1.));
#11825=DIRECTION('',(1.,0.,0.));
#11826=DIRECTION('',(0.,0.,1.));
#11827=DIRECTION('',(1.,0.,0.));
#11828=DIRECTION('',(0.,0.,1.));
#11829=DIRECTION('',(1.15648231731787E-16,-1.,0.));
#11830=DIRECTION('',(-1.15648231731787E-16,1.,0.));
#11831=DIRECTION('',(-1.15648231731787E-16,1.,0.));
#11832=DIRECTION('',(0.,0.,1.));
#11833=DIRECTION('',(1.,0.,0.));
#11834=DIRECTION('',(0.,0.,1.));
#11835=DIRECTION('',(1.,0.,0.));
#11836=DIRECTION('',(0.,0.,1.));
#11837=DIRECTION('',(1.,0.,0.));
#11838=DIRECTION('',(0.,0.,-1.));
#11839=DIRECTION('',(-1.,0.,0.));
#11840=DIRECTION('',(0.,0.,1.));
#11841=DIRECTION('',(1.,0.,0.));
#11842=DIRECTION('',(1.,1.15648231731787E-16,0.));
#11843=DIRECTION('',(-1.15648231731787E-16,1.,0.));
#11844=DIRECTION('',(0.,0.,-1.));
#11845=DIRECTION('',(0.,0.,-1.));
#11846=DIRECTION('',(1.15648231731787E-16,-1.,0.));
#11847=DIRECTION('',(-1.83697019872103E-16,1.,0.));
#11848=DIRECTION('',(-1.,-1.83697019872103E-16,0.));
#11849=DIRECTION('',(0.,0.,-1.));
#11850=DIRECTION('',(1.,1.83697019872103E-16,0.));
#11851=DIRECTION('',(0.,0.,-1.));
#11852=DIRECTION('',(0.,0.,-1.));
#11853=DIRECTION('',(-1.,0.,0.));
#11854=DIRECTION('',(0.,0.,1.));
#11855=DIRECTION('',(1.,0.,0.));
#11856=DIRECTION('',(0.,0.,1.));
#11857=DIRECTION('',(1.,0.,0.));
#11858=DIRECTION('',(1.,0.,0.));
#11859=DIRECTION('',(0.,-1.,0.));
#11860=DIRECTION('',(1.,0.,0.));
#11861=DIRECTION('',(0.,-1.,0.));
#11862=DIRECTION('',(0.,0.,1.));
#11863=DIRECTION('',(1.,0.,0.));
#11864=DIRECTION('',(0.,0.,1.));
#11865=DIRECTION('',(1.,0.,0.));
#11866=DIRECTION('',(0.,0.,1.));
#11867=DIRECTION('',(1.,0.,0.));
#11868=DIRECTION('',(1.,0.,0.));
#11869=DIRECTION('',(0.,-1.,0.));
#11870=DIRECTION('',(1.,0.,0.));
#11871=DIRECTION('',(0.,-1.,0.));
#11872=DIRECTION('',(0.,0.,1.));
#11873=DIRECTION('',(1.,0.,0.));
#11874=DIRECTION('',(0.,0.,1.));
#11875=DIRECTION('',(1.,0.,0.));
#11876=DIRECTION('',(0.,0.,1.));
#11877=DIRECTION('',(1.,0.,0.));
#11878=DIRECTION('',(1.,0.,0.));
#11879=DIRECTION('',(0.,-1.,0.));
#11880=DIRECTION('',(1.,0.,0.));
#11881=DIRECTION('',(0.,-1.,0.));
#11882=DIRECTION('',(0.,0.,1.));
#11883=DIRECTION('',(1.,0.,0.));
#11884=DIRECTION('',(0.,0.,1.));
#11885=DIRECTION('',(1.,0.,0.));
#11886=DIRECTION('',(0.,0.,1.));
#11887=DIRECTION('',(1.,0.,0.));
#11888=DIRECTION('',(0.,0.,1.));
#11889=DIRECTION('',(1.,0.,0.));
#11890=DIRECTION('',(1.,0.,0.));
#11891=DIRECTION('',(0.,-1.,0.));
#11892=DIRECTION('',(1.,0.,0.));
#11893=DIRECTION('',(0.,-1.,0.));
#11894=DIRECTION('',(0.,0.,1.));
#11895=DIRECTION('',(1.,0.,0.));
#11896=DIRECTION('',(0.,0.,1.));
#11897=DIRECTION('',(1.,0.,0.));
#11898=DIRECTION('',(0.,0.,1.));
#11899=DIRECTION('',(1.,0.,0.));
#11900=DIRECTION('',(0.,0.,1.));
#11901=DIRECTION('',(1.,0.,0.));
#11902=DIRECTION('',(1.,0.,0.));
#11903=DIRECTION('',(0.,-1.,0.));
#11904=DIRECTION('',(1.,0.,0.));
#11905=DIRECTION('',(0.,-1.,0.));
#11906=DIRECTION('',(0.,0.,1.));
#11907=DIRECTION('',(1.,0.,0.));
#11908=DIRECTION('',(1.,0.,0.));
#11909=DIRECTION('',(0.,-1.,0.));
#11910=DIRECTION('',(1.,0.,0.));
#11911=DIRECTION('',(0.,-1.,0.));
#11912=DIRECTION('',(0.,0.,1.));
#11913=DIRECTION('',(1.,0.,0.));
#11914=DIRECTION('',(1.,0.,0.));
#11915=DIRECTION('',(0.,-1.,0.));
#11916=DIRECTION('',(1.,0.,0.));
#11917=DIRECTION('',(0.,-1.,0.));
#11918=DIRECTION('',(0.,0.,1.));
#11919=DIRECTION('',(1.,0.,0.));
#11920=DIRECTION('',(0.,0.,1.));
#11921=DIRECTION('',(1.,0.,0.));
#11922=DIRECTION('',(0.,0.,1.));
#11923=DIRECTION('',(1.,0.,0.));
#11924=DIRECTION('',(1.,0.,0.));
#11925=DIRECTION('',(0.,-1.,0.));
#11926=DIRECTION('',(1.,0.,0.));
#11927=DIRECTION('',(0.,-1.,0.));
#11928=DIRECTION('',(0.,0.,1.));
#11929=DIRECTION('',(1.,0.,0.));
#11930=DIRECTION('',(0.,0.,1.));
#11931=DIRECTION('',(1.,0.,0.));
#11932=DIRECTION('',(0.,0.,1.));
#11933=DIRECTION('',(1.,0.,0.));
#11934=DIRECTION('',(1.,0.,0.));
#11935=DIRECTION('',(0.,-1.,0.));
#11936=DIRECTION('',(1.,0.,0.));
#11937=DIRECTION('',(0.,-1.,0.));
#11938=DIRECTION('',(0.,0.,1.));
#11939=DIRECTION('',(1.,0.,0.));
#11940=DIRECTION('',(0.,0.,1.));
#11941=DIRECTION('',(1.,0.,0.));
#11942=DIRECTION('',(0.,0.,1.));
#11943=DIRECTION('',(1.,0.,0.));
#11944=DIRECTION('',(1.,0.,0.));
#11945=DIRECTION('',(0.,-1.,0.));
#11946=DIRECTION('',(1.,0.,0.));
#11947=DIRECTION('',(0.,-1.,0.));
#11948=DIRECTION('',(0.,0.,1.));
#11949=DIRECTION('',(1.,0.,0.));
#11950=DIRECTION('',(0.,0.,1.));
#11951=DIRECTION('',(1.,0.,0.));
#11952=DIRECTION('',(0.,0.,1.));
#11953=DIRECTION('',(1.,0.,0.));
#11954=DIRECTION('',(1.,0.,0.));
#11955=DIRECTION('',(0.,-1.,0.));
#11956=DIRECTION('',(1.,0.,0.));
#11957=DIRECTION('',(0.,-1.,0.));
#11958=DIRECTION('',(0.,0.,1.));
#11959=DIRECTION('',(1.,0.,0.));
#11960=DIRECTION('',(0.,0.,1.));
#11961=DIRECTION('',(1.,0.,0.));
#11962=DIRECTION('',(0.,0.,1.));
#11963=DIRECTION('',(1.,0.,0.));
#11964=DIRECTION('',(1.,0.,0.));
#11965=DIRECTION('',(0.,-1.,0.));
#11966=DIRECTION('',(1.,0.,0.));
#11967=DIRECTION('',(0.,-1.,0.));
#11968=DIRECTION('',(0.,0.,1.));
#11969=DIRECTION('',(1.,0.,0.));
#11970=DIRECTION('',(1.,0.,0.));
#11971=DIRECTION('',(0.,-1.,0.));
#11972=DIRECTION('',(1.,0.,0.));
#11973=DIRECTION('',(0.,-1.,0.));
#11974=DIRECTION('',(0.,0.,1.));
#11975=DIRECTION('',(1.,0.,0.));
#11976=DIRECTION('',(0.,0.,1.));
#11977=DIRECTION('',(1.,0.,0.));
#11978=DIRECTION('',(0.,0.,1.));
#11979=DIRECTION('',(1.,0.,0.));
#11980=DIRECTION('',(1.,0.,0.));
#11981=DIRECTION('',(0.,-1.,0.));
#11982=DIRECTION('',(1.,0.,0.));
#11983=DIRECTION('',(0.,-1.,0.));
#11984=DIRECTION('',(0.,0.,1.));
#11985=DIRECTION('',(1.,1.83697019872103E-16,0.));
#11986=DIRECTION('',(0.,1.,0.));
#11987=DIRECTION('',(-1.,-1.83697019872103E-16,0.));
#11988=DIRECTION('',(-1.,-1.83697019872103E-16,0.));
#11989=DIRECTION('',(-1.83697019872103E-16,1.,0.));
#11990=DIRECTION('',(-1.,-1.83697019872103E-16,0.));
#11991=DIRECTION('',(0.,0.,-1.));
#11992=DIRECTION('',(1.,1.83697019872103E-16,0.));
#11993=DIRECTION('',(-1.83697019872103E-16,1.,0.));
#11994=DIRECTION('',(-1.,-1.83697019872103E-16,0.));
#11995=DIRECTION('',(0.,0.,-1.));
#11996=DIRECTION('',(1.,1.83697019872103E-16,0.));
#11997=DIRECTION('',(0.,0.,1.));
#11998=DIRECTION('',(1.,1.83697019872103E-16,0.));
#11999=DIRECTION('',(-1.,-1.83697019872103E-16,0.));
#12000=DIRECTION('',(-1.,-1.83697019872103E-16,0.));
#12001=DIRECTION('',(-1.83697019872103E-16,1.,0.));
#12002=DIRECTION('',(-1.,-1.83697019872103E-16,0.));
#12003=DIRECTION('',(1.,1.83697019872103E-16,0.));
#12004=DIRECTION('',(0.,0.,1.));
#12005=DIRECTION('',(1.,0.,0.));
#12006=DIRECTION('',(-1.,0.,0.));
#12007=DIRECTION('',(1.,1.83697019872103E-16,0.));
#12008=DIRECTION('',(0.,1.,0.));
#12009=DIRECTION('',(1.,0.,0.));
#12010=DIRECTION('',(0.,-1.,0.));
#12011=DIRECTION('',(-1.83697019872103E-16,1.,0.));
#12012=DIRECTION('',(-1.,-1.83697019872103E-16,0.));
#12013=DIRECTION('',(0.,0.,1.));
#12014=DIRECTION('',(1.,0.,0.));
#12015=DIRECTION('',(0.,1.,0.));
#12016=DIRECTION('',(1.,1.83697019872103E-16,0.));
#12017=DIRECTION('',(0.,0.,1.));
#12018=DIRECTION('',(1.,0.,0.));
#12019=DIRECTION('',(1.,0.,0.));
#12020=DIRECTION('',(-1.50845519650157E-16,-1.,0.));
#12021=DIRECTION('',(1.,0.,0.));
#12022=DIRECTION('',(-1.83697019872103E-16,1.,0.));
#12023=DIRECTION('',(-1.,-1.83697019872103E-16,0.));
#12024=DIRECTION('',(0.,0.,-1.));
#12025=DIRECTION('',(-1.,-1.83697019872103E-16,0.));
#12026=DIRECTION('',(0.,0.,-1.));
#12027=DIRECTION('',(0.,0.,1.));
#12028=DIRECTION('',(1.,1.83697019872103E-16,0.));
#12029=DIRECTION('',(0.,1.,0.));
#12030=DIRECTION('',(-1.,-1.83697019872103E-16,0.));
#12031=DIRECTION('',(0.,0.,1.));
#12032=DIRECTION('',(1.,0.,0.));
#12033=DIRECTION('',(0.,0.,1.));
#12034=DIRECTION('',(1.,0.,0.));
#12035=DIRECTION('',(0.,0.,-1.));
#12036=DIRECTION('',(-1.,0.,0.));
#12037=DIRECTION('',(0.,0.,1.));
#12038=DIRECTION('',(1.,0.,0.));
#12039=DIRECTION('',(-1.83697019872103E-16,1.,0.));
#12040=DIRECTION('',(-1.,-1.83697019872103E-16,0.));
#12041=DIRECTION('',(0.,0.,-1.));
#12042=DIRECTION('',(1.,1.83697019872103E-16,0.));
#12043=DIRECTION('',(0.,0.,-1.));
#12044=DIRECTION('',(0.,0.,1.));
#12045=DIRECTION('',(1.,0.,0.));
#12046=DIRECTION('',(0.,0.,1.));
#12047=DIRECTION('',(1.,0.,0.));
#12048=DIRECTION('',(0.,0.,1.));
#12049=DIRECTION('',(1.,0.,0.));
#12050=DIRECTION('',(1.15648231731787E-16,-1.,0.));
#12051=DIRECTION('',(1.,0.,0.));
#12052=DIRECTION('',(0.,-1.,0.));
#12053=DIRECTION('',(1.,0.,0.));
#12054=DIRECTION('',(0.,-1.,0.));
#12055=DIRECTION('',(1.,1.15648231731787E-16,0.));
#12056=DIRECTION('',(-1.15648231731787E-16,1.,0.));
#12057=DIRECTION('',(0.,0.,-1.));
#12058=DIRECTION('',(0.,0.,-1.));
#12059=DIRECTION('',(-1.,0.,0.));
#12060=DIRECTION('',(0.,0.,1.));
#12061=DIRECTION('',(1.,0.,0.));
#12062=DIRECTION('',(1.,1.15648231731787E-16,0.));
#12063=DIRECTION('',(-1.15648231731787E-16,1.,0.));
#12064=DIRECTION('',(0.,0.,-1.));
#12065=DIRECTION('',(1.15648231731787E-16,-1.,0.));
#12066=DIRECTION('',(0.,0.,-1.));
#12067=DIRECTION('',(-1.,0.,0.));
#12068=DIRECTION('',(0.,0.,1.));
#12069=DIRECTION('',(1.,0.,0.));
#12070=DIRECTION('',(0.,0.,1.));
#12071=DIRECTION('',(1.,0.,0.));
#12072=DIRECTION('',(-1.83697019872103E-16,1.,0.));
#12073=DIRECTION('',(-1.,-1.83697019872103E-16,0.));
#12074=DIRECTION('',(-1.,-1.83697019872103E-16,0.));
#12075=DIRECTION('',(0.,0.,-1.));
#12076=DIRECTION('',(1.,1.83697019872103E-16,0.));
#12077=DIRECTION('',(0.,0.,-1.));
#12078=DIRECTION('',(0.,0.,1.));
#12079=DIRECTION('',(1.,0.,0.));
#12080=DIRECTION('',(0.,1.,0.));
#12081=DIRECTION('',(0.,0.,1.));
#12082=DIRECTION('',(1.,0.,0.));
#12083=DIRECTION('',(0.,1.,0.));
#12084=DIRECTION('',(1.,0.,0.));
#12085=DIRECTION('',(-1.50845519650157E-16,-1.,0.));
#12086=DIRECTION('',(1.,0.,0.));
#12087=DIRECTION('',(0.,0.,1.));
#12088=DIRECTION('',(1.,1.83697019872103E-16,0.));
#12089=DIRECTION('',(0.,1.,0.));
#12090=DIRECTION('',(-1.,-1.83697019872103E-16,0.));
#12091=DIRECTION('',(0.,0.,-1.));
#12092=DIRECTION('',(-1.,0.,0.));
#12093=DIRECTION('',(0.,0.,1.));
#12094=DIRECTION('',(1.,0.,0.));
#12095=DIRECTION('',(0.,0.,1.));
#12096=DIRECTION('',(1.,0.,0.));
#12097=DIRECTION('',(0.,0.,-1.));
#12098=DIRECTION('',(-1.,0.,0.));
#12099=DIRECTION('',(0.,0.,1.));
#12100=DIRECTION('',(1.,0.,0.));
#12101=DIRECTION('',(0.,0.,1.));
#12102=DIRECTION('',(1.,0.,0.));
#12103=DIRECTION('',(0.,0.,-1.));
#12104=DIRECTION('',(-1.,0.,0.));
#12105=DIRECTION('',(0.,0.,1.));
#12106=DIRECTION('',(1.,0.,0.));
#12107=DIRECTION('',(0.,0.,1.));
#12108=DIRECTION('',(1.,0.,0.));
#12109=DIRECTION('',(0.,0.,-1.));
#12110=DIRECTION('',(-1.,0.,0.));
#12111=DIRECTION('',(0.,0.,1.));
#12112=DIRECTION('',(1.,0.,0.));
#12113=DIRECTION('',(0.,0.,1.));
#12114=DIRECTION('',(1.,0.,0.));
#12115=DIRECTION('',(-1.83697019872103E-16,1.,0.));
#12116=DIRECTION('',(-1.,-1.83697019872103E-16,0.));
#12117=DIRECTION('',(1.,1.83697019872103E-16,0.));
#12118=DIRECTION('',(0.,0.,-1.));
#12119=DIRECTION('',(0.,0.,-1.));
#12120=DIRECTION('',(0.,0.,-1.));
#12121=DIRECTION('',(-1.,0.,0.));
#12122=DIRECTION('',(0.,0.,-1.));
#12123=DIRECTION('',(0.,0.,-1.));
#12124=DIRECTION('',(0.,0.,1.));
#12125=DIRECTION('',(1.,0.,0.));
#12126=DIRECTION('',(0.,0.,-1.));
#12127=DIRECTION('',(0.,0.,1.));
#12128=DIRECTION('',(1.,0.,0.));
#12129=DIRECTION('',(-1.83697019872103E-16,1.,0.));
#12130=DIRECTION('',(-1.,-1.83697019872103E-16,0.));
#12131=DIRECTION('',(0.,0.,-1.));
#12132=DIRECTION('',(1.,1.83697019872103E-16,0.));
#12133=DIRECTION('',(0.,0.,-1.));
#12134=DIRECTION('',(-1.,0.,0.));
#12135=DIRECTION('',(0.,0.,-1.));
#12136=DIRECTION('',(0.,0.,-1.));
#12137=DIRECTION('',(0.,0.,1.));
#12138=DIRECTION('',(1.,0.,0.));
#12139=DIRECTION('',(0.,0.,-1.));
#12140=DIRECTION('',(0.,0.,1.));
#12141=DIRECTION('',(1.,0.,0.));
#12142=DIRECTION('',(-1.83697019872103E-16,1.,0.));
#12143=DIRECTION('',(-1.,-1.83697019872103E-16,0.));
#12144=DIRECTION('',(1.,1.83697019872103E-16,0.));
#12145=DIRECTION('',(-1.83697019872103E-16,1.,0.));
#12146=DIRECTION('',(-1.,-1.83697019872103E-16,0.));
#12147=DIRECTION('',(1.,1.83697019872103E-16,0.));
#12148=DIRECTION('',(0.,0.,-1.));
#12149=DIRECTION('',(0.,0.,-1.));
#12150=DIRECTION('',(-1.,0.,0.));
#12151=DIRECTION('',(0.,0.,-1.));
#12152=DIRECTION('',(0.,0.,-1.));
#12153=DIRECTION('',(0.,0.,1.));
#12154=DIRECTION('',(1.,0.,0.));
#12155=DIRECTION('',(0.,0.,-1.));
#12156=DIRECTION('',(-1.,0.,0.));
#12157=DIRECTION('',(0.,0.,-1.));
#12158=DIRECTION('',(0.,0.,-1.));
#12159=DIRECTION('',(0.,0.,1.));
#12160=DIRECTION('',(1.,0.,0.));
#12161=DIRECTION('',(0.,0.,-1.));
#12162=DIRECTION('',(-1.83697019872103E-16,1.,0.));
#12163=DIRECTION('',(-1.,-1.83697019872103E-16,0.));
#12164=DIRECTION('',(1.,1.83697019872103E-16,0.));
#12165=DIRECTION('',(0.,0.,-1.));
#12166=DIRECTION('',(0.,0.,-1.));
#12167=DIRECTION('',(-1.,0.,0.));
#12168=DIRECTION('',(0.,0.,1.));
#12169=DIRECTION('',(1.,0.,0.));
#12170=DIRECTION('',(0.,0.,1.));
#12171=DIRECTION('',(1.,0.,0.));
#12172=DIRECTION('',(0.,0.,-1.));
#12173=DIRECTION('',(-1.,0.,0.));
#12174=DIRECTION('',(0.,0.,1.));
#12175=DIRECTION('',(1.,0.,0.));
#12176=DIRECTION('',(0.,0.,1.));
#12177=DIRECTION('',(1.,0.,0.));
#12178=DIRECTION('',(-1.83697019872103E-16,1.,0.));
#12179=DIRECTION('',(-1.,-1.83697019872103E-16,0.));
#12180=DIRECTION('',(0.,0.,-1.));
#12181=DIRECTION('',(0.,0.,-1.));
#12182=DIRECTION('',(0.,0.,-1.));
#12183=DIRECTION('',(-1.,0.,0.));
#12184=DIRECTION('',(0.,0.,-1.));
#12185=DIRECTION('',(-1.83697019872103E-16,1.,0.));
#12186=DIRECTION('',(-1.,-1.83697019872103E-16,0.));
#12187=DIRECTION('',(0.,0.,-1.));
#12188=DIRECTION('',(0.,0.,-1.));
#12189=DIRECTION('',(-1.,0.,0.));
#12190=DIRECTION('',(0.,0.,-1.));
#12191=DIRECTION('',(-1.83697019872103E-16,1.,0.));
#12192=DIRECTION('',(-1.,-1.83697019872103E-16,0.));
#12193=DIRECTION('',(0.,0.,-1.));
#12194=DIRECTION('',(0.,0.,-1.));
#12195=DIRECTION('',(-1.,0.,0.));
#12196=DIRECTION('',(0.,0.,-1.));
#12197=DIRECTION('',(-1.83697019872103E-16,1.,0.));
#12198=DIRECTION('',(-1.,-1.83697019872103E-16,0.));
#12199=DIRECTION('',(0.,0.,-1.));
#12200=DIRECTION('',(0.,0.,-1.));
#12201=DIRECTION('',(-1.,0.,0.));
#12202=DIRECTION('',(0.,0.,-1.));
#12203=DIRECTION('',(-1.83697019872103E-16,1.,0.));
#12204=DIRECTION('',(-1.,-1.83697019872103E-16,0.));
#12205=DIRECTION('',(0.,0.,-1.));
#12206=DIRECTION('',(0.,0.,-1.));
#12207=DIRECTION('',(-1.,0.,0.));
#12208=DIRECTION('',(0.,0.,-1.));
#12209=DIRECTION('',(-1.83697019872103E-16,1.,0.));
#12210=DIRECTION('',(-1.,-1.83697019872103E-16,0.));
#12211=DIRECTION('',(0.,0.,-1.));
#12212=DIRECTION('',(0.,0.,-1.));
#12213=DIRECTION('',(-1.,0.,0.));
#12214=DIRECTION('',(0.,0.,-1.));
#12215=DIRECTION('',(1.,1.15648231731787E-16,0.));
#12216=DIRECTION('',(-1.15648231731787E-16,1.,0.));
#12217=DIRECTION('',(0.,0.,-1.));
#12218=DIRECTION('',(0.,0.,-1.));
#12219=DIRECTION('',(-1.,0.,0.));
#12220=DIRECTION('',(0.,0.,-1.));
#12221=DIRECTION('',(0.,0.,1.));
#12222=DIRECTION('',(1.,0.,0.));
#12223=DIRECTION('',(1.,1.15648231731787E-16,0.));
#12224=DIRECTION('',(-1.15648231731787E-16,1.,0.));
#12225=DIRECTION('',(0.,0.,-1.));
#12226=DIRECTION('',(0.,0.,-1.));
#12227=DIRECTION('',(-1.,0.,0.));
#12228=DIRECTION('',(0.,0.,-1.));
#12229=DIRECTION('',(0.,0.,1.));
#12230=DIRECTION('',(1.,0.,0.));
#12231=DIRECTION('',(1.,1.15648231731787E-16,0.));
#12232=DIRECTION('',(-1.15648231731787E-16,1.,0.));
#12233=DIRECTION('',(0.,0.,-1.));
#12234=DIRECTION('',(0.,0.,-1.));
#12235=DIRECTION('',(-1.,0.,0.));
#12236=DIRECTION('',(0.,0.,-1.));
#12237=DIRECTION('',(0.,0.,-1.));
#12238=DIRECTION('',(0.,0.,1.));
#12239=DIRECTION('',(1.,0.,0.));
#12240=DIRECTION('',(0.,-1.,0.));
#12241=DIRECTION('',(0.,0.,-1.));
#12242=DIRECTION('',(0.,0.,1.));
#12243=DIRECTION('',(0.,0.,1.));
#12244=DIRECTION('',(-1.,0.,0.));
#12245=DIRECTION('',(0.,0.,1.));
#12246=DIRECTION('',(0.,0.,1.));
#12247=DIRECTION('',(0.,-1.,0.));
#12248=DIRECTION('',(0.,0.,-1.));
#12249=DIRECTION('',(0.,0.,1.));
#12250=DIRECTION('',(-1.,0.,0.));
#12251=DIRECTION('',(0.,0.,1.));
#12252=DIRECTION('',(0.,-1.,0.));
#12253=DIRECTION('',(0.,0.,-1.));
#12254=DIRECTION('',(0.,0.,1.));
#12255=DIRECTION('',(0.,0.,1.));
#12256=DIRECTION('',(-1.,0.,0.));
#12257=DIRECTION('',(0.,0.,1.));
#12258=DIRECTION('',(0.,0.,1.));
#12259=DIRECTION('',(0.,-1.,0.));
#12260=DIRECTION('',(0.,0.,-1.));
#12261=DIRECTION('',(0.,0.,1.));
#12262=DIRECTION('',(-1.,0.,0.));
#12263=DIRECTION('',(0.,0.,1.));
#12264=DIRECTION('',(0.,-1.,0.));
#12265=DIRECTION('',(0.,0.,-1.));
#12266=DIRECTION('',(0.,0.,1.));
#12267=DIRECTION('',(0.,0.,1.));
#12268=DIRECTION('',(-1.,0.,0.));
#12269=DIRECTION('',(0.,0.,1.));
#12270=DIRECTION('',(0.,0.,1.));
#12271=DIRECTION('',(0.,-1.,0.));
#12272=DIRECTION('',(0.,0.,-1.));
#12273=DIRECTION('',(0.,0.,1.));
#12274=DIRECTION('',(-1.,0.,0.));
#12275=DIRECTION('',(0.,0.,1.));
#12276=DIRECTION('',(0.,-1.,0.));
#12277=DIRECTION('',(0.,0.,-1.));
#12278=DIRECTION('',(0.,0.,1.));
#12279=DIRECTION('',(0.,0.,1.));
#12280=DIRECTION('',(-1.,0.,0.));
#12281=DIRECTION('',(0.,0.,1.));
#12282=DIRECTION('',(0.,0.,1.));
#12283=DIRECTION('',(0.,-1.,0.));
#12284=DIRECTION('',(0.,0.,-1.));
#12285=DIRECTION('',(0.,0.,1.));
#12286=DIRECTION('',(-1.,0.,0.));
#12287=DIRECTION('',(0.,0.,1.));
#12288=DIRECTION('',(0.,-1.,0.));
#12289=DIRECTION('',(0.,0.,-1.));
#12290=DIRECTION('',(0.,0.,1.));
#12291=DIRECTION('',(0.,0.,1.));
#12292=DIRECTION('',(-1.,0.,0.));
#12293=DIRECTION('',(0.,0.,1.));
#12294=DIRECTION('',(0.,0.,1.));
#12295=DIRECTION('',(0.,-1.,0.));
#12296=DIRECTION('',(0.,0.,-1.));
#12297=DIRECTION('',(0.,0.,1.));
#12298=DIRECTION('',(-1.,0.,0.));
#12299=DIRECTION('',(0.,0.,1.));
#12300=DIRECTION('',(0.,-1.,0.));
#12301=DIRECTION('',(0.,0.,-1.));
#12302=DIRECTION('',(0.,0.,1.));
#12303=DIRECTION('',(0.,0.,1.));
#12304=DIRECTION('',(-1.,0.,0.));
#12305=DIRECTION('',(0.,0.,1.));
#12306=DIRECTION('',(0.,0.,1.));
#12307=DIRECTION('',(0.,-1.,0.));
#12308=DIRECTION('',(0.,0.,-1.));
#12309=DIRECTION('',(0.,0.,1.));
#12310=DIRECTION('',(-1.,0.,0.));
#12311=DIRECTION('',(0.,0.,1.));
#12312=DIRECTION('',(0.,-1.,0.));
#12313=DIRECTION('',(0.,0.,-1.));
#12314=DIRECTION('',(0.,0.,1.));
#12315=DIRECTION('',(0.,0.,1.));
#12316=DIRECTION('',(-1.,0.,0.));
#12317=DIRECTION('',(0.,0.,1.));
#12318=DIRECTION('',(0.,0.,1.));
#12319=DIRECTION('',(0.,-1.,0.));
#12320=DIRECTION('',(0.,0.,-1.));
#12321=DIRECTION('',(0.,0.,1.));
#12322=DIRECTION('',(-1.,0.,0.));
#12323=DIRECTION('',(0.,0.,1.));
#12324=DIRECTION('',(0.,-1.,0.));
#12325=DIRECTION('',(0.,0.,-1.));
#12326=DIRECTION('',(0.,0.,1.));
#12327=DIRECTION('',(0.,0.,1.));
#12328=DIRECTION('',(-1.,0.,0.));
#12329=DIRECTION('',(0.,0.,1.));
#12330=DIRECTION('',(0.,0.,1.));
#12331=DIRECTION('',(0.,-1.,0.));
#12332=DIRECTION('',(0.,0.,-1.));
#12333=DIRECTION('',(0.,0.,1.));
#12334=DIRECTION('',(-1.,0.,0.));
#12335=DIRECTION('',(0.,0.,1.));
#12336=DIRECTION('',(0.,-1.,0.));
#12337=DIRECTION('',(0.,0.,-1.));
#12338=DIRECTION('',(0.,0.,1.));
#12339=DIRECTION('',(0.,0.,1.));
#12340=DIRECTION('',(-1.,0.,0.));
#12341=DIRECTION('',(0.,0.,1.));
#12342=DIRECTION('',(0.,0.,1.));
#12343=DIRECTION('',(0.,-1.,0.));
#12344=DIRECTION('',(0.,0.,-1.));
#12345=DIRECTION('',(0.,0.,1.));
#12346=DIRECTION('',(-1.,0.,0.));
#12347=DIRECTION('',(0.,0.,1.));
#12348=DIRECTION('',(0.,-1.,0.));
#12349=DIRECTION('',(0.,0.,-1.));
#12350=DIRECTION('',(0.,0.,1.));
#12351=DIRECTION('',(0.,0.,1.));
#12352=DIRECTION('',(-1.,0.,0.));
#12353=DIRECTION('',(0.,0.,1.));
#12354=DIRECTION('',(0.,0.,1.));
#12355=DIRECTION('',(0.,-1.,0.));
#12356=DIRECTION('',(0.,0.,-1.));
#12357=DIRECTION('',(0.,0.,1.));
#12358=DIRECTION('',(-1.,0.,0.));
#12359=DIRECTION('',(0.,0.,1.));
#12360=DIRECTION('',(0.,-1.,0.));
#12361=DIRECTION('',(0.,0.,-1.));
#12362=DIRECTION('',(0.,0.,1.));
#12363=DIRECTION('',(0.,0.,1.));
#12364=DIRECTION('',(-1.,0.,0.));
#12365=DIRECTION('',(0.,0.,1.));
#12366=DIRECTION('',(0.,0.,1.));
#12367=DIRECTION('',(0.,-1.,0.));
#12368=DIRECTION('',(0.,0.,-1.));
#12369=DIRECTION('',(0.,0.,1.));
#12370=DIRECTION('',(-1.,0.,0.));
#12371=DIRECTION('',(0.,0.,1.));
#12372=DIRECTION('',(0.,-1.,0.));
#12373=DIRECTION('',(0.,0.,-1.));
#12374=DIRECTION('',(0.,0.,1.));
#12375=DIRECTION('',(0.,0.,1.));
#12376=DIRECTION('',(-1.,0.,0.));
#12377=DIRECTION('',(0.,0.,1.));
#12378=DIRECTION('',(0.,0.,1.));
#12379=DIRECTION('',(0.,-1.,0.));
#12380=DIRECTION('',(0.,0.,-1.));
#12381=DIRECTION('',(0.,0.,1.));
#12382=DIRECTION('',(-1.,0.,0.));
#12383=DIRECTION('',(0.,0.,1.));
#12384=DIRECTION('',(0.,-1.,0.));
#12385=DIRECTION('',(0.,0.,-1.));
#12386=DIRECTION('',(0.,0.,1.));
#12387=DIRECTION('',(0.,0.,1.));
#12388=DIRECTION('',(-1.,0.,0.));
#12389=DIRECTION('',(0.,0.,1.));
#12390=DIRECTION('',(0.,0.,1.));
#12391=DIRECTION('',(0.,-1.,0.));
#12392=DIRECTION('',(0.,0.,-1.));
#12393=DIRECTION('',(0.,0.,1.));
#12394=DIRECTION('',(-1.,0.,0.));
#12395=DIRECTION('',(0.,0.,1.));
#12396=DIRECTION('',(0.,-1.,0.));
#12397=DIRECTION('',(0.,0.,-1.));
#12398=DIRECTION('',(0.,0.,1.));
#12399=DIRECTION('',(0.,0.,1.));
#12400=DIRECTION('',(-1.,0.,0.));
#12401=DIRECTION('',(0.,0.,1.));
#12402=DIRECTION('',(0.,0.,1.));
#12403=DIRECTION('',(0.,-1.,0.));
#12404=DIRECTION('',(0.,0.,-1.));
#12405=DIRECTION('',(0.,0.,1.));
#12406=DIRECTION('',(-1.,0.,0.));
#12407=DIRECTION('',(0.,0.,1.));
#12408=DIRECTION('',(0.,-1.,0.));
#12409=DIRECTION('',(0.,0.,-1.));
#12410=DIRECTION('',(0.,0.,1.));
#12411=DIRECTION('',(0.,0.,1.));
#12412=DIRECTION('',(-1.,0.,0.));
#12413=DIRECTION('',(0.,0.,1.));
#12414=DIRECTION('',(0.,0.,1.));
#12415=DIRECTION('',(0.,-1.,0.));
#12416=DIRECTION('',(0.,0.,-1.));
#12417=DIRECTION('',(0.,0.,1.));
#12418=DIRECTION('',(-1.,0.,0.));
#12419=DIRECTION('',(0.,0.,1.));
#12420=DIRECTION('',(0.,-1.,0.));
#12421=DIRECTION('',(0.,0.,-1.));
#12422=DIRECTION('',(0.,0.,1.));
#12423=DIRECTION('',(0.,0.,1.));
#12424=DIRECTION('',(-1.,1.50845519650157E-16,0.));
#12425=DIRECTION('',(-1.50845519650157E-16,-1.,0.));
#12426=DIRECTION('',(0.,0.,1.));
#12427=DIRECTION('',(0.,-1.,0.));
#12428=DIRECTION('',(0.,0.,-1.));
#12429=DIRECTION('',(0.,0.,1.));
#12430=DIRECTION('',(1.,0.,0.));
#12431=DIRECTION('',(0.,1.,0.));
#12432=DIRECTION('',(0.,0.,1.));
#12433=DIRECTION('',(0.,-1.,0.));
#12434=DIRECTION('',(0.,0.,-1.));
#12435=DIRECTION('',(0.,0.,1.));
#12436=DIRECTION('',(-1.,1.50845519650157E-16,0.));
#12437=DIRECTION('',(-1.50845519650157E-16,-1.,0.));
#12438=DIRECTION('',(0.,0.,1.));
#12439=DIRECTION('',(0.,-1.,0.));
#12440=DIRECTION('',(0.,0.,-1.));
#12441=DIRECTION('',(0.,0.,1.));
#12442=DIRECTION('',(1.,0.,0.));
#12443=DIRECTION('',(0.,1.,0.));
#12444=DIRECTION('',(3.01691039300315E-16,-1.,0.));
#12445=DIRECTION('',(1.,3.01691039300315E-16,0.));
#12446=DIRECTION('',(1.,3.01691039300315E-16,0.));
#12447=DIRECTION('',(0.,0.,1.));
#12448=DIRECTION('',(3.01691039300315E-16,-1.,0.));
#12449=DIRECTION('',(1.,3.01691039300315E-16,0.));
#12450=DIRECTION('',(0.,0.,1.));
#12451=DIRECTION('',(1.,3.01691039300315E-16,0.));
#12452=DIRECTION('',(0.,0.,1.));
#12453=DIRECTION('',(3.01691039300315E-16,-1.,0.));
#12454=DIRECTION('',(1.,3.01691039300315E-16,0.));
#12455=DIRECTION('',(0.,0.,1.));
#12456=DIRECTION('',(1.,3.01691039300315E-16,0.));
#12457=DIRECTION('',(0.,0.,1.));
#12458=DIRECTION('',(3.01691039300315E-16,-1.,0.));
#12459=DIRECTION('',(1.,3.01691039300315E-16,0.));
#12460=DIRECTION('',(1.,3.01691039300315E-16,0.));
#12461=DIRECTION('',(0.,0.,1.));
#12462=DIRECTION('',(3.01691039300315E-16,-1.,0.));
#12463=DIRECTION('',(1.,3.01691039300315E-16,0.));
#12464=DIRECTION('',(0.,0.,1.));
#12465=DIRECTION('',(1.,3.01691039300315E-16,0.));
#12466=DIRECTION('',(0.,0.,1.));
#12467=DIRECTION('',(0.,0.,-1.));
#12468=DIRECTION('',(-1.,0.,0.));
#12469=DIRECTION('',(0.,0.,-1.));
#12470=DIRECTION('',(0.,0.,-1.));
#12471=DIRECTION('',(0.,0.,1.));
#12472=DIRECTION('',(1.,0.,0.));
#12473=DIRECTION('',(0.,0.,-1.));
#12474=DIRECTION('',(0.,0.,1.));
#12475=DIRECTION('',(1.,0.,0.));
#12476=DIRECTION('',(-1.83697019872103E-16,1.,0.));
#12477=DIRECTION('',(-1.,-1.83697019872103E-16,0.));
#12478=DIRECTION('',(0.,0.,-1.));
#12479=DIRECTION('',(1.,1.83697019872103E-16,0.));
#12480=DIRECTION('',(1.,0.,0.));
#12481=DIRECTION('',(0.,1.,0.));
#12482=DIRECTION('',(0.,1.,0.));
#12483=DIRECTION('',(0.,0.,1.));
#12484=DIRECTION('',(3.01691039300315E-16,-1.,0.));
#12485=DIRECTION('',(1.,3.01691039300315E-16,0.));
#12486=DIRECTION('',(1.,3.01691039300315E-16,0.));
#12487=DIRECTION('',(0.,0.,1.));
#12488=DIRECTION('',(0.,0.,1.));
#12489=DIRECTION('',(1.,0.,0.));
#12490=DIRECTION('',(1.,0.,0.));
#12491=DIRECTION('',(-1.50845519650157E-16,-1.,0.));
#12492=DIRECTION('',(1.15648231731787E-16,-1.,0.));
#12493=DIRECTION('',(-1.,1.50845519650157E-16,0.));
#12494=DIRECTION('',(-1.50845519650157E-16,-1.,0.));
#12495=DIRECTION('',(0.,0.,1.));
#12496=DIRECTION('',(-1.,0.,0.));
#12497=DIRECTION('',(0.,0.,1.));
#12498=DIRECTION('',(0.,0.,1.));
#12499=DIRECTION('',(1.,1.15648231731787E-16,0.));
#12500=DIRECTION('',(-1.15648231731787E-16,1.,0.));
#12501=DIRECTION('',(0.,0.,-1.));
#12502=DIRECTION('',(-1.15648231731787E-16,1.,0.));
#12503=DIRECTION('',(-1.,0.,0.));
#12504=DIRECTION('',(0.,0.,1.));
#12505=DIRECTION('',(0.,0.,1.));
#12506=DIRECTION('',(0.,-1.,0.));
#12507=DIRECTION('',(-1.,0.,0.));
#12508=DIRECTION('',(0.,0.,1.));
#12509=DIRECTION('',(0.,0.,1.));
#12510=DIRECTION('',(0.,-1.,0.));
#12511=DIRECTION('',(-1.,0.,0.));
#12512=DIRECTION('',(0.,0.,1.));
#12513=DIRECTION('',(0.,0.,1.));
#12514=DIRECTION('',(0.,-1.,0.));
#12515=DIRECTION('',(-1.,0.,0.));
#12516=DIRECTION('',(0.,0.,1.));
#12517=DIRECTION('',(0.,0.,1.));
#12518=DIRECTION('',(-1.,0.,0.));
#12519=DIRECTION('',(0.,0.,1.));
#12520=DIRECTION('',(0.,0.,1.));
#12521=DIRECTION('',(0.,-1.,0.));
#12522=DIRECTION('',(-1.,0.,0.));
#12523=DIRECTION('',(0.,0.,1.));
#12524=DIRECTION('',(0.,0.,1.));
#12525=DIRECTION('',(-1.,0.,0.));
#12526=DIRECTION('',(0.,0.,1.));
#12527=DIRECTION('',(0.,0.,1.));
#12528=DIRECTION('',(0.,-1.,0.));
#12529=DIRECTION('',(-1.,0.,0.));
#12530=DIRECTION('',(0.,0.,1.));
#12531=DIRECTION('',(0.,0.,1.));
#12532=DIRECTION('',(0.,-1.,0.));
#12533=DIRECTION('',(-1.,0.,0.));
#12534=DIRECTION('',(0.,0.,1.));
#12535=DIRECTION('',(0.,0.,1.));
#12536=DIRECTION('',(0.,-1.,0.));
#12537=DIRECTION('',(-1.,0.,0.));
#12538=DIRECTION('',(0.,0.,1.));
#12539=DIRECTION('',(0.,0.,1.));
#12540=DIRECTION('',(0.,-1.,0.));
#12541=DIRECTION('',(1.,1.15648231731787E-16,0.));
#12542=DIRECTION('',(-1.15648231731787E-16,1.,0.));
#12543=DIRECTION('',(-1.15648231731787E-16,1.,0.));
#12544=DIRECTION('',(0.,0.,-1.));
#12545=DIRECTION('',(1.,1.15648231731787E-16,0.));
#12546=DIRECTION('',(-1.15648231731787E-16,1.,0.));
#12547=DIRECTION('',(0.,0.,-1.));
#12548=DIRECTION('',(-1.15648231731787E-16,1.,0.));
#12549=DIRECTION('',(1.15648231731787E-16,-1.,0.));
#12550=DIRECTION('',(0.,0.,1.));
#12551=DIRECTION('',(1.,0.,0.));
#12552=DIRECTION('',(1.,0.,0.));
#12553=DIRECTION('',(1.15648231731787E-16,-1.,0.));
#12554=DIRECTION('',(1.,0.,0.));
#12555=DIRECTION('',(1.,1.15648231731787E-16,0.));
#12556=DIRECTION('',(-1.15648231731787E-16,1.,0.));
#12557=DIRECTION('',(-1.15648231731787E-16,1.,0.));
#12558=DIRECTION('',(0.,0.,-1.));
#12559=DIRECTION('',(1.15648231731787E-16,-1.,0.));
#12560=DIRECTION('',(0.,0.,1.));
#12561=DIRECTION('',(1.,0.,0.));
#12562=DIRECTION('',(1.,0.,0.));
#12563=DIRECTION('',(0.,0.,1.));
#12564=DIRECTION('',(1.15648231731787E-16,-1.,0.));
#12565=DIRECTION('',(1.,0.,0.));
#12566=DIRECTION('',(0.,0.,1.));
#12567=DIRECTION('',(1.,0.,0.));
#12568=DIRECTION('',(1.15648231731787E-16,-1.,0.));
#12569=DIRECTION('',(1.,0.,0.));
#12570=DIRECTION('',(0.,0.,1.));
#12571=DIRECTION('',(1.,0.,0.));
#12572=DIRECTION('',(1.,0.,0.));
#12573=DIRECTION('',(1.15648231731787E-16,-1.,0.));
#12574=DIRECTION('',(1.15648231731787E-16,-1.,0.));
#12575=DIRECTION('',(1.,0.,0.));
#12576=DIRECTION('',(0.,0.,1.));
#12577=DIRECTION('',(1.,0.,0.));
#12578=DIRECTION('',(1.,0.,0.));
#12579=DIRECTION('',(1.15648231731787E-16,-1.,0.));
#12580=DIRECTION('',(1.15648231731787E-16,-1.,0.));
#12581=DIRECTION('',(1.,0.,0.));
#12582=DIRECTION('',(0.,0.,1.));
#12583=DIRECTION('',(1.15648231731787E-16,-1.,0.));
#12584=DIRECTION('',(1.,0.,0.));
#12585=DIRECTION('',(1.,1.15648231731787E-16,0.));
#12586=DIRECTION('',(-1.15648231731787E-16,1.,0.));
#12587=DIRECTION('',(-1.15648231731787E-16,1.,0.));
#12588=DIRECTION('',(0.,0.,-1.));
#12589=DIRECTION('',(1.,1.15648231731787E-16,0.));
#12590=DIRECTION('',(-1.15648231731787E-16,1.,0.));
#12591=DIRECTION('',(0.,0.,-1.));
#12592=DIRECTION('',(-1.15648231731787E-16,1.,0.));
#12593=DIRECTION('',(1.,1.15648231731787E-16,0.));
#12594=DIRECTION('',(-1.15648231731787E-16,1.,0.));
#12595=DIRECTION('',(0.,0.,-1.));
#12596=DIRECTION('',(-1.15648231731787E-16,1.,0.));
#12597=DIRECTION('',(1.,1.15648231731787E-16,0.));
#12598=DIRECTION('',(-1.15648231731787E-16,1.,0.));
#12599=DIRECTION('',(-1.15648231731787E-16,1.,0.));
#12600=DIRECTION('',(0.,0.,-1.));
#12601=DIRECTION('',(1.,1.15648231731787E-16,0.));
#12602=DIRECTION('',(-1.15648231731787E-16,1.,0.));
#12603=DIRECTION('',(-1.15648231731787E-16,1.,0.));
#12604=DIRECTION('',(0.,0.,-1.));
#12605=DIRECTION('',(1.,1.15648231731787E-16,0.));
#12606=DIRECTION('',(-1.15648231731787E-16,1.,0.));
#12607=DIRECTION('',(0.,0.,-1.));
#12608=DIRECTION('',(-1.15648231731787E-16,1.,0.));
#12609=DIRECTION('',(1.,1.15648231731787E-16,0.));
#12610=DIRECTION('',(-1.15648231731787E-16,1.,0.));
#12611=DIRECTION('',(-1.15648231731787E-16,1.,0.));
#12612=DIRECTION('',(0.,0.,-1.));
#12613=DIRECTION('',(1.,1.15648231731787E-16,0.));
#12614=DIRECTION('',(-1.15648231731787E-16,1.,0.));
#12615=DIRECTION('',(0.,0.,-1.));
#12616=DIRECTION('',(-1.15648231731787E-16,1.,0.));
#12617=DIRECTION('',(0.,0.,1.));
#12618=DIRECTION('',(1.15648231731787E-16,-1.,0.));
#12619=DIRECTION('',(1.,0.,0.));
#12620=DIRECTION('',(0.,0.,1.));
#12621=DIRECTION('',(1.15648231731787E-16,-1.,0.));
#12622=DIRECTION('',(1.,0.,0.));
#12623=DIRECTION('',(0.,0.,1.));
#12624=DIRECTION('',(1.15648231731787E-16,-1.,0.));
#12625=DIRECTION('',(1.,0.,0.));
#12626=DIRECTION('',(0.,0.,1.));
#12627=DIRECTION('',(1.15648231731787E-16,-1.,0.));
#12628=DIRECTION('',(1.,0.,0.));
#12629=DIRECTION('',(0.,-1.,0.));
#12630=DIRECTION('',(1.,0.,0.));
#12631=DIRECTION('',(0.,-1.,0.));
#12632=DIRECTION('',(1.,0.,0.));
#12633=DIRECTION('',(0.,-1.,0.));
#12634=DIRECTION('',(1.,0.,0.));
#12635=DIRECTION('',(0.,-1.,0.));
#12636=DIRECTION('',(1.,0.,0.));
#12637=DIRECTION('',(0.,-1.,0.));
#12638=DIRECTION('',(1.,0.,0.));
#12639=DIRECTION('',(0.,-1.,0.));
#12640=DIRECTION('',(1.,0.,0.));
#12641=DIRECTION('',(0.,1.,0.));
#12642=DIRECTION('',(0.,0.,1.));
#12643=DIRECTION('',(0.,0.,1.));
#12644=DIRECTION('',(1.,0.,0.));
#12645=DIRECTION('',(0.,1.,0.));
#12646=DIRECTION('',(0.,0.,1.));
#12647=DIRECTION('',(-1.,0.,0.));
#12648=DIRECTION('',(0.,0.,1.));
#12649=DIRECTION('',(-1.,0.,0.));
#12650=DIRECTION('',(0.,0.,1.));
#12651=DIRECTION('',(0.,-1.,0.));
#12652=DIRECTION('',(0.,-0.707106781186547,0.707106781186548));
#12653=DIRECTION('',(0.,0.,1.));
#12654=DIRECTION('',(0.,-1.,0.));
#12655=DIRECTION('',(0.,0.,-1.));
#12656=DIRECTION('',(1.,0.,0.));
#12657=DIRECTION('',(0.,0.,1.));
#12658=DIRECTION('',(0.,0.,1.));
#12659=DIRECTION('',(1.,0.,0.));
#12660=DIRECTION('',(0.,0.,1.));
#12661=DIRECTION('',(1.,0.,0.));
#12662=DIRECTION('',(0.,0.,1.));
#12663=DIRECTION('',(0.,-1.,0.));
#12664=DIRECTION('',(0.,0.,-1.));
#12665=DIRECTION('',(1.,0.,0.));
#12666=DIRECTION('',(0.,0.,1.));
#12667=DIRECTION('',(-1.,-2.16840434497101E-16,0.));
#12668=DIRECTION('',(2.16840434497101E-16,-1.,0.));
#12669=DIRECTION('',(-1.53329341668337E-16,0.707106781186548,0.707106781186548));
#12670=DIRECTION('',(2.16840434497101E-16,-1.,0.));
#12671=DIRECTION('',(0.,0.,1.));
#12672=DIRECTION('',(1.,0.,0.));
#12673=DIRECTION('',(0.,1.,0.));
#12674=DIRECTION('',(-1.,0.,0.));
#12675=DIRECTION('',(1.,0.,0.));
#12676=DIRECTION('',(0.,-0.707106781186548,0.707106781186548));
#12677=DIRECTION('',(1.,0.,0.));
#12678=DIRECTION('',(-0.577350269189626,0.577350269189626,0.577350269189626));
#12679=DIRECTION('',(0.707106781186548,0.,0.707106781186548));
#12680=DIRECTION('',(0.,1.,0.));
#12681=DIRECTION('',(0.577350269189626,0.577350269189625,-0.577350269189626));
#12682=DIRECTION('',(0.,-0.707106781186548,-0.707106781186547));
#12683=DIRECTION('',(-1.,0.,0.));
#12684=DIRECTION('',(-0.64278760968654,-0.766044443118978,0.));
#12685=DIRECTION('',(0.766044443118978,-0.64278760968654,0.));
#12686=DIRECTION('',(0.,0.,1.));
#12687=DIRECTION('',(0.642787609686539,-0.766044443118978,0.));
#12688=DIRECTION('',(0.766044443118978,0.642787609686539,0.));
#12689=DIRECTION('',(0.,0.,1.));
#12690=DIRECTION('',(0.,-1.,0.));
#12691=DIRECTION('',(0.,0.,-1.));
#12692=DIRECTION('',(0.,0.,1.));
#12693=DIRECTION('',(1.,0.,0.));
#12694=DIRECTION('',(0.,-1.,0.));
#12695=DIRECTION('',(0.,0.,1.));
#12696=DIRECTION('',(1.,0.,0.));
#12697=DIRECTION('',(0.,-1.,0.));
#12698=DIRECTION('',(-0.766044443118978,0.642787609686539,0.));
#12699=DIRECTION('',(-0.642787609686539,-0.766044443118978,0.));
#12700=DIRECTION('',(0.,0.,1.));
#12701=DIRECTION('',(-1.,0.,0.));
#12702=DIRECTION('',(0.,0.,1.));
#12703=DIRECTION('',(0.,0.,1.));
#12704=DIRECTION('',(-0.766044443118978,-0.642787609686539,0.));
#12705=DIRECTION('',(0.642787609686539,-0.766044443118978,0.));
#12706=DIRECTION('',(0.,0.,1.));
#12707=DIRECTION('',(1.,0.,0.));
#12708=DIRECTION('',(0.,0.,1.));
#12709=DIRECTION('',(1.,0.,0.));
#12710=DIRECTION('',(1.,0.,0.));
#12711=DIRECTION('',(0.,0.,-1.));
#12712=DIRECTION('',(0.,0.,1.));
#12713=DIRECTION('',(0.,0.,1.));
#12714=DIRECTION('',(0.,-1.,0.));
#12715=DIRECTION('',(0.,0.,-1.));
#12716=DIRECTION('',(0.,0.,1.));
#12717=DIRECTION('',(0.642787609686539,-0.766044443118978,0.));
#12718=DIRECTION('',(0.766044443118978,0.642787609686539,0.));
#12719=DIRECTION('',(0.,0.,1.));
#12720=DIRECTION('',(0.,-1.,0.));
#12721=DIRECTION('',(0.,0.,-1.));
#12722=DIRECTION('',(-1.,0.,0.));
#12723=DIRECTION('',(0.,0.,1.));
#12724=DIRECTION('',(0.,0.,1.));
#12725=DIRECTION('',(0.,0.,1.));
#12726=DIRECTION('',(-0.766044443118978,-0.642787609686539,0.));
#12727=DIRECTION('',(0.642787609686539,-0.766044443118978,0.));
#12728=DIRECTION('',(0.,0.,1.));
#12729=DIRECTION('',(-0.707106781186547,0.707106781186548,0.));
#12730=DIRECTION('',(-0.707106781186548,-0.707106781186547,0.));
#12731=DIRECTION('',(0.,0.,1.));
#12732=DIRECTION('',(0.,-1.,0.));
#12733=DIRECTION('',(0.,0.,-1.));
#12734=DIRECTION('',(0.,0.,1.));
#12735=DIRECTION('',(1.,0.,0.));
#12736=DIRECTION('',(0.,0.,-1.));
#12737=DIRECTION('',(0.,-1.,0.));
#12738=DIRECTION('',(0.,0.,-1.));
#12739=DIRECTION('',(0.,0.,1.));
#12740=DIRECTION('',(0.,0.,1.));
#12741=DIRECTION('',(0.915181759533901,0.403041371345962,0.));
#12742=DIRECTION('',(-0.403041371345962,0.915181759533901,0.));
#12743=DIRECTION('',(0.,0.,1.));
#12744=DIRECTION('',(-0.40304137134596,0.915181759533901,0.));
#12745=DIRECTION('',(-0.915181759533901,-0.40304137134596,0.));
#12746=DIRECTION('',(0.,0.,1.));
#12747=DIRECTION('',(1.,0.,0.));
#12748=DIRECTION('',(0.,0.,-1.));
#12749=CARTESIAN_POINT('',(0.,0.,0.));
#12750=CARTESIAN_POINT('',(0.166,-0.021,0.005));
#12751=CARTESIAN_POINT('',(0.131431594201503,-0.0500063365559055,0.005));
#12752=CARTESIAN_POINT('',(0.185,-0.113846676615809,0.005));
#12753=CARTESIAN_POINT('',(0.194,-0.124572458949157,0.005));
#12754=CARTESIAN_POINT('',(0.185,-0.021,0.005));
#12755=CARTESIAN_POINT('',(0.185,-0.124662341713905,0.005));
#12756=CARTESIAN_POINT('',(0.227331170856953,-0.0823311708569524,0.005));
#12757=CARTESIAN_POINT('',(0.172662341713905,-0.137,0.005));
#12758=CARTESIAN_POINT('',(0.166,-0.137,0.005));
#12759=CARTESIAN_POINT('',(0.194,-0.137,0.005));
#12760=CARTESIAN_POINT('',(0.194,-0.021,0.005));
#12761=CARTESIAN_POINT('',(0.184,-0.0798763038889131,0.005));
#12762=CARTESIAN_POINT('',(0.184,-0.0548763038889131,0.005));
#12763=CARTESIAN_POINT('',(0.184,-0.104876303888913,0.005));
#12764=CARTESIAN_POINT('',(0.1915,-0.11381445583337,0.005));
#12765=CARTESIAN_POINT('',(0.199,-0.122752607777826,0.005));
#12766=CARTESIAN_POINT('',(0.199,0.,0.005));
#12767=CARTESIAN_POINT('',(0.199,-0.142,0.005));
#12768=CARTESIAN_POINT('',(0.,-0.142,0.005));
#12769=CARTESIAN_POINT('',(0.173752607777827,-0.142,0.005));
#12770=CARTESIAN_POINT('',(0.166602086222261,-0.136,0.005));
#12771=CARTESIAN_POINT('',(0.157068057481507,-0.128,0.005));
#12772=CARTESIAN_POINT('',(0.107068057481507,-0.128,0.005));
#12773=CARTESIAN_POINT('',(0.0570680574815073,-0.128,0.005));
#12774=CARTESIAN_POINT('',(0.0475340287407536,-0.136,0.005));
#12775=CARTESIAN_POINT('',(0.0403835071851883,-0.142,0.005));
#12776=CARTESIAN_POINT('',(0.,-0.142,0.005));
#12777=CARTESIAN_POINT('',(0.016,-0.142,0.005));
#12778=CARTESIAN_POINT('',(0.016,0.,0.005));
#12779=CARTESIAN_POINT('',(0.016,-0.1175,0.005));
#12780=CARTESIAN_POINT('',(0.,-0.1175,0.005));
#12781=CARTESIAN_POINT('',(0.0275,-0.1175,0.005));
#12782=CARTESIAN_POINT('',(0.0275,-4.14825179037931E-18,0.005));
#12783=CARTESIAN_POINT('',(0.0275,-0.0945,0.005));
#12784=CARTESIAN_POINT('',(0.,-0.0945,0.005));
#12785=CARTESIAN_POINT('',(0.016,-0.0945,0.005));
#12786=CARTESIAN_POINT('',(0.016,0.,0.005));
#12787=CARTESIAN_POINT('',(0.016,-0.088,0.005));
#12788=CARTESIAN_POINT('',(0.0192499999999997,-0.088,0.005));
#12789=CARTESIAN_POINT('',(0.0105,-0.088,0.005));
#12790=CARTESIAN_POINT('',(0.0105,-0.084,0.005));
#12791=CARTESIAN_POINT('',(0.0105,-0.08,0.005));
#12792=CARTESIAN_POINT('',(0.0126996094703208,-0.08,0.005));
#12793=CARTESIAN_POINT('',(0.0148992189406417,-0.08,0.005));
#12794=CARTESIAN_POINT('',(0.0165,-0.075,0.005));
#12795=CARTESIAN_POINT('',(0.0121915780150964,-0.072,0.005));
#12796=CARTESIAN_POINT('',(0.0113457890075481,-0.072,0.005));
#12797=CARTESIAN_POINT('',(0.0105,-0.072,0.005));
#12798=CARTESIAN_POINT('',(0.0105,-0.068,0.005));
#12799=CARTESIAN_POINT('',(0.0105,-0.064,0.005));
#12800=CARTESIAN_POINT('',(0.0192499999999997,-0.064,0.005));
#12801=CARTESIAN_POINT('',(0.016,-0.064,0.005));
#12802=CARTESIAN_POINT('',(0.016,0.,0.005));
#12803=CARTESIAN_POINT('',(0.016,-0.0575,0.005));
#12804=CARTESIAN_POINT('',(0.,-0.0575,0.005));
#12805=CARTESIAN_POINT('',(0.0275,-0.0575,0.005));
#12806=CARTESIAN_POINT('',(0.0275,-4.14825179037931E-18,0.005));
#12807=CARTESIAN_POINT('',(0.0275,-0.0345,0.005));
#12808=CARTESIAN_POINT('',(0.,-0.0345,0.005));
#12809=CARTESIAN_POINT('',(0.016,-0.0345,0.005));
#12810=CARTESIAN_POINT('',(0.016,0.,0.005));
#12811=CARTESIAN_POINT('',(0.016,-0.0275,0.005));
#12812=CARTESIAN_POINT('',(8.29650358075863E-18,-0.0275,0.005));
#12813=CARTESIAN_POINT('',(0.0275,-0.0275,0.005));
#12814=CARTESIAN_POINT('',(0.0275,-4.14825179037931E-18,0.005));
#12815=CARTESIAN_POINT('',(0.0275,-0.016,0.005));
#12816=CARTESIAN_POINT('',(0.,-0.016,0.005));
#12817=CARTESIAN_POINT('',(0.0345,-0.016,0.005));
#12818=CARTESIAN_POINT('',(0.0345,0.,0.005));
#12819=CARTESIAN_POINT('',(0.0345,-0.0275,0.005));
#12820=CARTESIAN_POINT('',(8.29650358075864E-18,-0.0275,0.005));
#12821=CARTESIAN_POINT('',(0.0575,-0.0275,0.005));
#12822=CARTESIAN_POINT('',(0.0575,0.,0.005));
#12823=CARTESIAN_POINT('',(0.0575,-0.016,0.005));
#12824=CARTESIAN_POINT('',(0.,-0.016,0.005));
#12825=CARTESIAN_POINT('',(0.0645,-0.016,0.005));
#12826=CARTESIAN_POINT('',(0.0645,0.,0.005));
#12827=CARTESIAN_POINT('',(0.0645,-0.0275,0.005));
#12828=CARTESIAN_POINT('',(8.29650358075864E-18,-0.0275,0.005));
#12829=CARTESIAN_POINT('',(0.0725,-0.0275,0.005));
#12830=CARTESIAN_POINT('',(0.0725,-0.0285,0.005));
#12831=CARTESIAN_POINT('',(0.0725,-0.0190707142142713,0.005));
#12832=CARTESIAN_POINT('',(0.076,-0.0155,0.005));
#12833=CARTESIAN_POINT('',(0.0795,-0.0190707142142713,0.005));
#12834=CARTESIAN_POINT('',(0.0795,-0.0289699663607474,0.005));
#12835=CARTESIAN_POINT('',(0.0795,-0.0275,0.005));
#12836=CARTESIAN_POINT('',(8.29650358075864E-18,-0.0275,0.005));
#12837=CARTESIAN_POINT('',(0.0875,-0.0275,0.005));
#12838=CARTESIAN_POINT('',(0.0875,0.,0.005));
#12839=CARTESIAN_POINT('',(0.0875,-0.016,0.005));
#12840=CARTESIAN_POINT('',(0.,-0.016,0.005));
#12841=CARTESIAN_POINT('',(0.0945,-0.016,0.005));
#12842=CARTESIAN_POINT('',(0.0945,0.,0.005));
#12843=CARTESIAN_POINT('',(0.0945,-0.0275,0.005));
#12844=CARTESIAN_POINT('',(8.29650358075864E-18,-0.0275,0.005));
#12845=CARTESIAN_POINT('',(0.1175,-0.0275,0.005));
#12846=CARTESIAN_POINT('',(0.1175,0.,0.005));
#12847=CARTESIAN_POINT('',(0.1175,-0.016,0.005));
#12848=CARTESIAN_POINT('',(0.,-0.016,0.005));
#12849=CARTESIAN_POINT('',(0.1245,-0.016,0.005));
#12850=CARTESIAN_POINT('',(0.1245,0.,0.005));
#12851=CARTESIAN_POINT('',(0.1245,-0.0275,0.005));
#12852=CARTESIAN_POINT('',(8.29650358075864E-18,-0.0275,0.005));
#12853=CARTESIAN_POINT('',(0.1475,-0.0275,0.005));
#12854=CARTESIAN_POINT('',(0.1475,0.,0.005));
#12855=CARTESIAN_POINT('',(0.1475,-0.016,0.005));
#12856=CARTESIAN_POINT('',(0.,-0.016,0.005));
#12857=CARTESIAN_POINT('',(0.1545,-0.016,0.005));
#12858=CARTESIAN_POINT('',(0.1545,0.,0.005));
#12859=CARTESIAN_POINT('',(0.1545,-0.0275,0.005));
#12860=CARTESIAN_POINT('',(8.29650358075864E-18,-0.0275,0.005));
#12861=CARTESIAN_POINT('',(0.1625,-0.0275,0.005));
#12862=CARTESIAN_POINT('',(0.1625,-0.0285,0.005));
#12863=CARTESIAN_POINT('',(0.1625,-0.0190707142142713,0.005));
#12864=CARTESIAN_POINT('',(0.166,-0.0155,0.005));
#12865=CARTESIAN_POINT('',(0.1695,-0.0190707142142713,0.005));
#12866=CARTESIAN_POINT('',(0.1695,-0.0289699663607474,0.005));
#12867=CARTESIAN_POINT('',(0.1695,-0.0275,0.005));
#12868=CARTESIAN_POINT('',(8.29650358075864E-18,-0.0275,0.005));
#12869=CARTESIAN_POINT('',(0.1775,-0.0275,0.005));
#12870=CARTESIAN_POINT('',(0.1775,0.,0.005));
#12871=CARTESIAN_POINT('',(0.1775,-0.016,0.005));
#12872=CARTESIAN_POINT('',(0.,-0.016,0.005));
#12873=CARTESIAN_POINT('',(0.199,-0.016,0.005));
#12874=CARTESIAN_POINT('',(0.199,0.,0.005));
#12875=CARTESIAN_POINT('',(0.199,-0.037,0.005));
#12876=CARTESIAN_POINT('',(0.1915,-0.0459381519444565,0.005));
#12877=CARTESIAN_POINT('',(0.0575,0.,0.005));
#12878=CARTESIAN_POINT('',(0.0575,-0.0645,0.005));
#12879=CARTESIAN_POINT('',(0.0575,-0.0875,0.005));
#12880=CARTESIAN_POINT('',(0.,-0.0645,0.005));
#12881=CARTESIAN_POINT('',(0.0345,-0.0645,0.005));
#12882=CARTESIAN_POINT('',(0.0345,0.,0.005));
#12883=CARTESIAN_POINT('',(0.0345,-0.0875,0.005));
#12884=CARTESIAN_POINT('',(0.,-0.0875,0.005));
#12885=CARTESIAN_POINT('',(0.1475,0.,0.005));
#12886=CARTESIAN_POINT('',(0.1475,-0.0345,0.005));
#12887=CARTESIAN_POINT('',(0.1475,-0.0575,0.005));
#12888=CARTESIAN_POINT('',(0.,-0.0345,0.005));
#12889=CARTESIAN_POINT('',(0.1245,-0.0345,0.005));
#12890=CARTESIAN_POINT('',(0.1245,0.,0.005));
#12891=CARTESIAN_POINT('',(0.1245,-0.0575,0.005));
#12892=CARTESIAN_POINT('',(0.,-0.0575,0.005));
#12893=CARTESIAN_POINT('',(0.1475,0.,0.005));
#12894=CARTESIAN_POINT('',(0.1475,-0.0945,0.005));
#12895=CARTESIAN_POINT('',(0.1475,-0.1175,0.005));
#12896=CARTESIAN_POINT('',(0.,-0.0945,0.005));
#12897=CARTESIAN_POINT('',(0.1245,-0.0945,0.005));
#12898=CARTESIAN_POINT('',(0.1245,0.,0.005));
#12899=CARTESIAN_POINT('',(0.1245,-0.1175,0.005));
#12900=CARTESIAN_POINT('',(0.,-0.1175,0.005));
#12901=CARTESIAN_POINT('',(0.1775,0.,0.005));
#12902=CARTESIAN_POINT('',(0.1775,-0.0345,0.005));
#12903=CARTESIAN_POINT('',(0.1775,-0.0575,0.005));
#12904=CARTESIAN_POINT('',(0.,-0.0345,0.005));
#12905=CARTESIAN_POINT('',(0.1545,-0.0345,0.005));
#12906=CARTESIAN_POINT('',(0.1545,0.,0.005));
#12907=CARTESIAN_POINT('',(0.1545,-0.0575,0.005));
#12908=CARTESIAN_POINT('',(0.,-0.0575,0.005));
#12909=CARTESIAN_POINT('',(0.1775,0.,0.005));
#12910=CARTESIAN_POINT('',(0.1775,-0.0945,0.005));
#12911=CARTESIAN_POINT('',(0.1775,-0.1175,0.005));
#12912=CARTESIAN_POINT('',(0.,-0.0945,0.005));
#12913=CARTESIAN_POINT('',(0.1545,-0.0945,0.005));
#12914=CARTESIAN_POINT('',(0.1545,0.,0.005));
#12915=CARTESIAN_POINT('',(0.1545,-0.1175,0.005));
#12916=CARTESIAN_POINT('',(0.,-0.1175,0.005));
#12917=CARTESIAN_POINT('',(0.0875,0.,0.005));
#12918=CARTESIAN_POINT('',(0.0875,-0.0645,0.005));
#12919=CARTESIAN_POINT('',(0.0875,-0.0875,0.005));
#12920=CARTESIAN_POINT('',(0.,-0.0645,0.005));
#12921=CARTESIAN_POINT('',(0.0645,-0.0645,0.005));
#12922=CARTESIAN_POINT('',(0.0645,0.,0.005));
#12923=CARTESIAN_POINT('',(0.0645,-0.0875,0.005));
#12924=CARTESIAN_POINT('',(0.,-0.0875,0.005));
#12925=CARTESIAN_POINT('',(0.1175,0.,0.005));
#12926=CARTESIAN_POINT('',(0.1175,-0.0645,0.005));
#12927=CARTESIAN_POINT('',(0.1175,-0.0875,0.005));
#12928=CARTESIAN_POINT('',(0.,-0.0645,0.005));
#12929=CARTESIAN_POINT('',(0.0945,-0.0645,0.005));
#12930=CARTESIAN_POINT('',(0.0945,0.,0.005));
#12931=CARTESIAN_POINT('',(0.0945,-0.0875,0.005));
#12932=CARTESIAN_POINT('',(0.,-0.0875,0.005));
#12933=CARTESIAN_POINT('',(0.1175,0.,0.005));
#12934=CARTESIAN_POINT('',(0.1175,-0.0945,0.005));
#12935=CARTESIAN_POINT('',(0.1175,-0.1175,0.005));
#12936=CARTESIAN_POINT('',(0.,-0.0945,0.005));
#12937=CARTESIAN_POINT('',(0.0945,-0.0945,0.005));
#12938=CARTESIAN_POINT('',(0.0945,0.,0.005));
#12939=CARTESIAN_POINT('',(0.0945,-0.1175,0.005));
#12940=CARTESIAN_POINT('',(0.,-0.1175,0.005));
#12941=CARTESIAN_POINT('',(0.1175,0.,0.005));
#12942=CARTESIAN_POINT('',(0.1175,-0.0345,0.005));
#12943=CARTESIAN_POINT('',(0.1175,-0.0575,0.005));
#12944=CARTESIAN_POINT('',(0.,-0.0345,0.005));
#12945=CARTESIAN_POINT('',(0.0945,-0.0345,0.005));
#12946=CARTESIAN_POINT('',(0.0945,0.,0.005));
#12947=CARTESIAN_POINT('',(0.0945,-0.0575,0.005));
#12948=CARTESIAN_POINT('',(0.,-0.0575,0.005));
#12949=CARTESIAN_POINT('',(0.0875,0.,0.005));
#12950=CARTESIAN_POINT('',(0.0875,-0.0945,0.005));
#12951=CARTESIAN_POINT('',(0.0875,-0.1175,0.005));
#12952=CARTESIAN_POINT('',(0.,-0.0945,0.005));
#12953=CARTESIAN_POINT('',(0.0645,-0.0945,0.005));
#12954=CARTESIAN_POINT('',(0.0645,0.,0.005));
#12955=CARTESIAN_POINT('',(0.0645,-0.1175,0.005));
#12956=CARTESIAN_POINT('',(0.,-0.1175,0.005));
#12957=CARTESIAN_POINT('',(0.0875,0.,0.005));
#12958=CARTESIAN_POINT('',(0.0875,-0.0345,0.005));
#12959=CARTESIAN_POINT('',(0.0875,-0.0575,0.005));
#12960=CARTESIAN_POINT('',(0.,-0.0345,0.005));
#12961=CARTESIAN_POINT('',(0.0645,-0.0345,0.005));
#12962=CARTESIAN_POINT('',(0.0645,0.,0.005));
#12963=CARTESIAN_POINT('',(0.0645,-0.0575,0.005));
#12964=CARTESIAN_POINT('',(0.,-0.0575,0.005));
#12965=CARTESIAN_POINT('',(0.1775,0.,0.005));
#12966=CARTESIAN_POINT('',(0.1775,-0.0645,0.005));
#12967=CARTESIAN_POINT('',(0.1775,-0.0875,0.005));
#12968=CARTESIAN_POINT('',(0.,-0.0645,0.005));
#12969=CARTESIAN_POINT('',(0.1545,-0.0645,0.005));
#12970=CARTESIAN_POINT('',(0.1545,0.,0.005));
#12971=CARTESIAN_POINT('',(0.1545,-0.0875,0.005));
#12972=CARTESIAN_POINT('',(0.,-0.0875,0.005));
#12973=CARTESIAN_POINT('',(0.1475,0.,0.005));
#12974=CARTESIAN_POINT('',(0.1475,-0.0645,0.005));
#12975=CARTESIAN_POINT('',(0.1475,-0.0875,0.005));
#12976=CARTESIAN_POINT('',(0.,-0.0645,0.005));
#12977=CARTESIAN_POINT('',(0.1245,-0.0645,0.005));
#12978=CARTESIAN_POINT('',(0.1245,0.,0.005));
#12979=CARTESIAN_POINT('',(0.1245,-0.0875,0.005));
#12980=CARTESIAN_POINT('',(0.,-0.0875,0.005));
#12981=CARTESIAN_POINT('',(0.0575,0.,0.005));
#12982=CARTESIAN_POINT('',(0.0575,-0.0345,0.005));
#12983=CARTESIAN_POINT('',(0.0575,-0.0575,0.005));
#12984=CARTESIAN_POINT('',(0.,-0.0345,0.005));
#12985=CARTESIAN_POINT('',(0.0345,-0.0345,0.005));
#12986=CARTESIAN_POINT('',(0.0345,0.,0.005));
#12987=CARTESIAN_POINT('',(0.0345,-0.0575,0.005));
#12988=CARTESIAN_POINT('',(0.,-0.0575,0.005));
#12989=CARTESIAN_POINT('',(0.0575,0.,0.005));
#12990=CARTESIAN_POINT('',(0.0575,-0.0945,0.005));
#12991=CARTESIAN_POINT('',(0.0575,-0.1175,0.005));
#12992=CARTESIAN_POINT('',(0.,-0.0945,0.005));
#12993=CARTESIAN_POINT('',(0.0345,-0.0945,0.005));
#12994=CARTESIAN_POINT('',(0.0345,0.,0.005));
#12995=CARTESIAN_POINT('',(0.0345,-0.1175,0.005));
#12996=CARTESIAN_POINT('',(0.,-0.1175,0.005));
#12997=CARTESIAN_POINT('',(0.187,-0.038,0.005));
#12998=CARTESIAN_POINT('',(0.1885,-0.038,0.005));
#12999=CARTESIAN_POINT('',(0.17,-0.126,0.005));
#13000=CARTESIAN_POINT('',(0.1715,-0.126,0.005));
#13001=CARTESIAN_POINT('',(0.061,-0.091,0.005));
#13002=CARTESIAN_POINT('',(0.063,-0.091,0.005));
#13003=CARTESIAN_POINT('',(0.061,-0.031,0.005));
#13004=CARTESIAN_POINT('',(0.063,-0.031,0.005));
#13005=CARTESIAN_POINT('',(0.151,-0.091,0.005));
#13006=CARTESIAN_POINT('',(0.153,-0.091,0.005));
#13007=CARTESIAN_POINT('',(0.021,-0.021,0.005));
#13008=CARTESIAN_POINT('',(0.021,-0.137,0.005));
#13009=CARTESIAN_POINT('',(0.021,-0.128,0.005));
#13010=CARTESIAN_POINT('',(0.166,-0.137,0.005));
#13011=CARTESIAN_POINT('',(0.0385636560138572,-0.137,0.005));
#13012=CARTESIAN_POINT('',(0.170465222132502,-0.0263214445181398,0.005));
#13013=CARTESIAN_POINT('',(0.0492894383472052,-0.128,0.005));
#13014=CARTESIAN_POINT('',(0.166,-0.128,0.005));
#13015=CARTESIAN_POINT('',(0.166,-0.021,0.005));
#13016=CARTESIAN_POINT('',(0.184,-0.021,0.005));
#13017=CARTESIAN_POINT('',(0.194,-0.021,0.005));
#13018=CARTESIAN_POINT('',(0.181076037753704,-0.0143605899949195,0.005));
#13019=CARTESIAN_POINT('',(0.190854858026086,-0.0365652532858311,0.005));
#13020=CARTESIAN_POINT('',(0.175778820272382,-0.0432046632909115,0.005));
#13021=CARTESIAN_POINT('',(0.194,-0.0351801488286689,0.005));
#13022=CARTESIAN_POINT('',(0.194,-0.021,0.005));
#13023=CARTESIAN_POINT('',(0.,0.,0.008));
#13024=CARTESIAN_POINT('',(0.187,-0.038,0.008));
#13025=CARTESIAN_POINT('',(0.1885,-0.038,0.008));
#13026=CARTESIAN_POINT('',(0.1915,-0.0459381519444565,0.008));
#13027=CARTESIAN_POINT('',(0.199,-0.037,0.008));
#13028=CARTESIAN_POINT('',(0.184,-0.0548763038889131,0.008));
#13029=CARTESIAN_POINT('',(0.199,0.,0.008));
#13030=CARTESIAN_POINT('',(0.199,-0.016,0.008));
#13031=CARTESIAN_POINT('',(0.,-0.016,0.008));
#13032=CARTESIAN_POINT('',(0.1825,-0.016,0.008));
#13033=CARTESIAN_POINT('',(0.1825,0.0681126952174646,0.008));
#13034=CARTESIAN_POINT('',(0.1825,-0.027291900756452,0.008));
#13035=CARTESIAN_POINT('',(0.181,-0.031,0.008));
#13036=CARTESIAN_POINT('',(0.1825,-0.034708099243548,0.008));
#13037=CARTESIAN_POINT('',(0.1825,0.0681126952174646,0.008));
#13038=CARTESIAN_POINT('',(0.1825,-0.0572919007564519,0.008));
#13039=CARTESIAN_POINT('',(0.181,-0.061,0.008));
#13040=CARTESIAN_POINT('',(0.184,-0.0583542486889357,0.008));
#13041=CARTESIAN_POINT('',(0.184,-0.0798763038889131,0.008));
#13042=CARTESIAN_POINT('',(0.187427429013043,-0.0287826266429155,0.008));
#13043=CARTESIAN_POINT('',(0.190854858026086,-0.0365652532858311,0.008));
#13044=CARTESIAN_POINT('',(0.184,-0.021,0.008));
#13045=CARTESIAN_POINT('',(0.189,-0.021,0.008));
#13046=CARTESIAN_POINT('',(0.194,-0.021,0.008));
#13047=CARTESIAN_POINT('',(0.194,-0.0280900744143345,0.008));
#13048=CARTESIAN_POINT('',(0.194,-0.0351801488286689,0.008));
#13049=CARTESIAN_POINT('',(0.192427429013043,-0.03587270105725,0.008));
#13050=CARTESIAN_POINT('',(0.,0.,0.008));
#13051=CARTESIAN_POINT('',(0.185,-0.119254509164857,0.008));
#13052=CARTESIAN_POINT('',(0.185,-0.121,0.008));
#13053=CARTESIAN_POINT('',(0.185,-0.124662341713905,0.008));
#13054=CARTESIAN_POINT('',(0.181,-0.121,0.008));
#13055=CARTESIAN_POINT('',(0.177291900756452,-0.1225,0.008));
#13056=CARTESIAN_POINT('',(-0.0255,-0.1225,0.008));
#13057=CARTESIAN_POINT('',(0.154708099243548,-0.1225,0.008));
#13058=CARTESIAN_POINT('',(0.151,-0.121,0.008));
#13059=CARTESIAN_POINT('',(0.147291900756452,-0.1225,0.008));
#13060=CARTESIAN_POINT('',(-0.0255,-0.1225,0.008));
#13061=CARTESIAN_POINT('',(0.124708099243548,-0.1225,0.008));
#13062=CARTESIAN_POINT('',(0.121,-0.121,0.008));
#13063=CARTESIAN_POINT('',(0.117291900756452,-0.1225,0.008));
#13064=CARTESIAN_POINT('',(-0.0255,-0.1225,0.008));
#13065=CARTESIAN_POINT('',(0.0947080992435476,-0.1225,0.008));
#13066=CARTESIAN_POINT('',(0.091,-0.121,0.008));
#13067=CARTESIAN_POINT('',(0.0872919007564521,-0.1225,0.008));
#13068=CARTESIAN_POINT('',(-0.0255,-0.1225,0.008));
#13069=CARTESIAN_POINT('',(0.0647080992435476,-0.1225,0.008));
#13070=CARTESIAN_POINT('',(0.061,-0.121,0.008));
#13071=CARTESIAN_POINT('',(0.0572919007564521,-0.1225,0.008));
#13072=CARTESIAN_POINT('',(-0.0255,-0.1225,0.008));
#13073=CARTESIAN_POINT('',(0.0347080992435477,-0.1225,0.008));
#13074=CARTESIAN_POINT('',(0.031,-0.121,0.008));
#13075=CARTESIAN_POINT('',(0.0272919007564521,-0.1225,0.008));
#13076=CARTESIAN_POINT('',(-0.0255,-0.1225,0.008));
#13077=CARTESIAN_POINT('',(0.016,-0.1225,0.008));
#13078=CARTESIAN_POINT('',(0.016,0.,0.008));
#13079=CARTESIAN_POINT('',(0.016,-0.142,0.008));
#13080=CARTESIAN_POINT('',(0.,-0.142,0.008));
#13081=CARTESIAN_POINT('',(0.0403835071851883,-0.142,0.008));
#13082=CARTESIAN_POINT('',(0.0475340287407536,-0.136,0.008));
#13083=CARTESIAN_POINT('',(0.0570680574815073,-0.128,0.008));
#13084=CARTESIAN_POINT('',(0.107068057481507,-0.128,0.008));
#13085=CARTESIAN_POINT('',(0.157068057481507,-0.128,0.008));
#13086=CARTESIAN_POINT('',(0.166602086222261,-0.136,0.008));
#13087=CARTESIAN_POINT('',(0.173752607777827,-0.142,0.008));
#13088=CARTESIAN_POINT('',(0.,-0.142,0.008));
#13089=CARTESIAN_POINT('',(0.199,-0.142,0.008));
#13090=CARTESIAN_POINT('',(0.199,0.,0.008));
#13091=CARTESIAN_POINT('',(0.199,-0.122752607777826,0.008));
#13092=CARTESIAN_POINT('',(0.1915,-0.11381445583337,0.008));
#13093=CARTESIAN_POINT('',(0.184,-0.104876303888913,0.008));
#13094=CARTESIAN_POINT('',(0.184,-0.0798763038889131,0.008));
#13095=CARTESIAN_POINT('',(0.184,-0.0936457513110643,0.008));
#13096=CARTESIAN_POINT('',(0.181,-0.091,0.008));
#13097=CARTESIAN_POINT('',(0.1825,-0.094708099243548,0.008));
#13098=CARTESIAN_POINT('',(0.1825,0.0681126952174646,0.008));
#13099=CARTESIAN_POINT('',(0.1825,-0.117291900756452,0.008));
#13100=CARTESIAN_POINT('',(0.181,-0.121,0.008));
#13101=CARTESIAN_POINT('',(0.185,-0.119254509164857,0.008));
#13102=CARTESIAN_POINT('',(0.185,-0.113846676615809,0.008));
#13103=CARTESIAN_POINT('',(0.1895,-0.119209567782483,0.008));
#13104=CARTESIAN_POINT('',(0.194,-0.124572458949157,0.008));
#13105=CARTESIAN_POINT('',(0.194,-0.130786229474579,0.008));
#13106=CARTESIAN_POINT('',(0.194,-0.137,0.008));
#13107=CARTESIAN_POINT('',(0.183331170856952,-0.137,0.008));
#13108=CARTESIAN_POINT('',(0.172662341713905,-0.137,0.008));
#13109=CARTESIAN_POINT('',(0.178831170856952,-0.130831170856953,0.008));
#13110=CARTESIAN_POINT('',(0.17,-0.126,0.008));
#13111=CARTESIAN_POINT('',(0.1715,-0.126,0.008));
#13112=CARTESIAN_POINT('',(0.0297818280069286,-0.137,0.008));
#13113=CARTESIAN_POINT('',(0.021,-0.137,0.008));
#13114=CARTESIAN_POINT('',(0.0385636560138572,-0.137,0.008));
#13115=CARTESIAN_POINT('',(0.021,-0.1325,0.008));
#13116=CARTESIAN_POINT('',(0.021,-0.128,0.008));
#13117=CARTESIAN_POINT('',(0.0351447191736025,-0.128,0.008));
#13118=CARTESIAN_POINT('',(0.0492894383472052,-0.128,0.008));
#13119=CARTESIAN_POINT('',(0.0439265471805312,-0.1325,0.008));
#13120=CARTESIAN_POINT('',(0.199,0.,0.008));
#13121=CARTESIAN_POINT('',(0.199,-0.037,0.005));
#13122=CARTESIAN_POINT('',(0.199,-0.016,0.008));
#13123=CARTESIAN_POINT('',(0.,-0.142,0.008));
#13124=CARTESIAN_POINT('',(0.173752607777827,-0.142,0.008));
#13125=CARTESIAN_POINT('',(0.199,-0.142,0.008));
#13126=CARTESIAN_POINT('',(0.,-0.142,0.008));
#13127=CARTESIAN_POINT('',(0.0403835071851883,-0.142,0.008));
#13128=CARTESIAN_POINT('',(0.016,-0.142,0.008));
#13129=CARTESIAN_POINT('',(0.,0.,0.008));
#13130=CARTESIAN_POINT('',(0.184,-0.0798763038889131,0.008));
#13131=CARTESIAN_POINT('',(0.184,-0.0636457513110643,0.008));
#13132=CARTESIAN_POINT('',(0.184,-0.0883542486889357,0.008));
#13133=CARTESIAN_POINT('',(0.181,-0.061,0.008));
#13134=CARTESIAN_POINT('',(0.1825,-0.064708099243548,0.008));
#13135=CARTESIAN_POINT('',(0.1825,0.0681126952174646,0.008));
#13136=CARTESIAN_POINT('',(0.1825,-0.087291900756452,0.008));
#13137=CARTESIAN_POINT('',(0.181,-0.091,0.008));
#13138=CARTESIAN_POINT('',(0.016,0.0305,0.011));
#13139=CARTESIAN_POINT('',(0.016,-0.088,0.011));
#13140=CARTESIAN_POINT('',(0.016,-0.088,0.008));
#13141=CARTESIAN_POINT('',(0.016,-0.0945,-2.00000000000027E-6));
#13142=CARTESIAN_POINT('',(0.016,-0.0945,0.008));
#13143=CARTESIAN_POINT('',(0.016,0.,0.008));
#13144=CARTESIAN_POINT('',(0.016,-0.0925,0.008));
#13145=CARTESIAN_POINT('',(0.016,-0.0925,0.011));
#13146=CARTESIAN_POINT('',(0.016,-0.0925,0.011));
#13147=CARTESIAN_POINT('',(0.016,-0.091,0.011));
#13148=CARTESIAN_POINT('',(0.016,-0.0895,0.011));
#13149=CARTESIAN_POINT('',(0.016,-0.0895,0.011));
#13150=CARTESIAN_POINT('',(0.016,-0.0895,0.008));
#13151=CARTESIAN_POINT('',(0.016,0.,0.008));
#13152=CARTESIAN_POINT('',(0.1625,-0.0285,0.013));
#13153=CARTESIAN_POINT('',(0.1625,-0.0295,0.013));
#13154=CARTESIAN_POINT('',(0.1625,-0.0295,0.008));
#13155=CARTESIAN_POINT('',(0.1625,-0.0295,0.011));
#13156=CARTESIAN_POINT('',(0.1625,-0.0285,0.011));
#13157=CARTESIAN_POINT('',(0.1625,-0.0305,0.011));
#13158=CARTESIAN_POINT('',(0.1625,-0.0285,0.013));
#13159=CARTESIAN_POINT('',(0.1625,-0.0285,0.013));
#13160=CARTESIAN_POINT('',(0.1625,-0.0285,0.013));
#13161=CARTESIAN_POINT('',(0.1625,-0.0190707142142713,0.013));
#13162=CARTESIAN_POINT('',(0.1625,-0.0190707142142713,0.013));
#13163=CARTESIAN_POINT('',(0.1625,-0.0275,0.013));
#13164=CARTESIAN_POINT('',(0.1625,-0.0275,0.008));
#13165=CARTESIAN_POINT('',(0.1625,-0.0285,0.008));
#13166=CARTESIAN_POINT('',(0.1695,-0.0289699663607474,0.013));
#13167=CARTESIAN_POINT('',(0.1695,-0.0289699663607474,0.011));
#13168=CARTESIAN_POINT('',(0.1695,-0.0295,0.011));
#13169=CARTESIAN_POINT('',(0.1695,-0.0305,0.011));
#13170=CARTESIAN_POINT('',(0.1695,-0.0295,0.013));
#13171=CARTESIAN_POINT('',(0.1695,-0.0295,0.008));
#13172=CARTESIAN_POINT('',(0.1695,-0.0289699663607474,0.008));
#13173=CARTESIAN_POINT('',(0.1695,-0.0275,0.008));
#13174=CARTESIAN_POINT('',(0.1695,-0.0275,0.013));
#13175=CARTESIAN_POINT('',(0.1695,-0.0190707142142713,0.013));
#13176=CARTESIAN_POINT('',(0.1695,-0.0190707142142713,0.013));
#13177=CARTESIAN_POINT('',(0.1695,-0.0289699663607474,0.013));
#13178=CARTESIAN_POINT('',(0.1695,-0.0285,0.013));
#13179=CARTESIAN_POINT('',(0.1695,-0.0287349831803736,0.0127650168196262));
#13180=CARTESIAN_POINT('',(0.166,-0.0155,0.013));
#13181=CARTESIAN_POINT('',(0.166,-0.0155,0.013));
#13182=CARTESIAN_POINT('',(0.166,-0.021,0.013));
#13183=CARTESIAN_POINT('',(0.1695,-0.0285,0.013));
#13184=CARTESIAN_POINT('',(0.166,-0.0285,0.013));
#13185=CARTESIAN_POINT('',(0.166,-0.0305,0.011));
#13186=CARTESIAN_POINT('',(-0.0255,-0.0295,0.011));
#13187=CARTESIAN_POINT('',(-0.0255,-0.0295,0.008));
#13188=CARTESIAN_POINT('',(0.154708099243548,-0.0295,0.008));
#13189=CARTESIAN_POINT('',(0.154708099243548,-0.0295,0.015));
#13190=CARTESIAN_POINT('',(0.154708099243548,-0.0295,0.014));
#13191=CARTESIAN_POINT('',(0.154708099243548,-0.0295,0.014));
#13192=CARTESIAN_POINT('',(0.156448546691303,-0.0295,0.0130319372203316));
#13193=CARTESIAN_POINT('',(0.158160216838407,-0.0295,0.0120139585919689));
#13194=CARTESIAN_POINT('',(0.159874119674649,-0.0295,0.011));
#13195=CARTESIAN_POINT('',(0.159874119674649,-0.0295,0.011));
#13196=CARTESIAN_POINT('',(-0.0255,-0.0295,0.011));
#13197=CARTESIAN_POINT('',(0.,0.,0.008));
#13198=CARTESIAN_POINT('',(0.166,-0.0275,0.008));
#13199=CARTESIAN_POINT('',(0.1545,-0.0275,0.008));
#13200=CARTESIAN_POINT('',(0.1545,-0.016,0.008));
#13201=CARTESIAN_POINT('',(0.1545,-0.016,0.008));
#13202=CARTESIAN_POINT('',(0.,-0.016,0.008));
#13203=CARTESIAN_POINT('',(0.1525,-0.016,0.008));
#13204=CARTESIAN_POINT('',(0.1525,0.0681126952174645,0.008));
#13205=CARTESIAN_POINT('',(0.1525,-0.027291900756452,0.008));
#13206=CARTESIAN_POINT('',(0.151,-0.031,0.008));
#13207=CARTESIAN_POINT('',(0.166,-0.0275,-2.00000000000027E-6));
#13208=CARTESIAN_POINT('',(0.1545,-0.0275,-2.00000000000027E-6));
#13209=CARTESIAN_POINT('',(-0.0255,-0.031,0.011));
#13210=CARTESIAN_POINT('',(0.151,-0.031,0.011));
#13211=CARTESIAN_POINT('',(0.159874119674649,-0.0325,0.011));
#13212=CARTESIAN_POINT('',(-0.0255,-0.0325,0.011));
#13213=CARTESIAN_POINT('',(0.172125880325351,-0.0325,0.011));
#13214=CARTESIAN_POINT('',(0.181,-0.031,0.011));
#13215=CARTESIAN_POINT('',(0.172125880325351,-0.0295,0.011));
#13216=CARTESIAN_POINT('',(-0.0255,-0.0295,0.011));
#13217=CARTESIAN_POINT('',(0.0725,-0.0285,0.013));
#13218=CARTESIAN_POINT('',(0.0725,-0.0295,0.013));
#13219=CARTESIAN_POINT('',(0.0725,-0.0295,0.008));
#13220=CARTESIAN_POINT('',(0.0725,-0.0295,0.011));
#13221=CARTESIAN_POINT('',(0.0725,-0.0285,0.011));
#13222=CARTESIAN_POINT('',(0.0725,-0.0305,0.011));
#13223=CARTESIAN_POINT('',(0.0725,-0.0285,0.013));
#13224=CARTESIAN_POINT('',(0.0725,-0.0285,0.013));
#13225=CARTESIAN_POINT('',(0.0725,-0.0285,0.013));
#13226=CARTESIAN_POINT('',(0.0725,-0.0190707142142713,0.013));
#13227=CARTESIAN_POINT('',(0.0725,-0.0190707142142713,0.013));
#13228=CARTESIAN_POINT('',(0.0725,-0.0275,0.013));
#13229=CARTESIAN_POINT('',(0.0725,-0.0275,0.008));
#13230=CARTESIAN_POINT('',(0.0725,-0.0285,0.008));
#13231=CARTESIAN_POINT('',(0.0795,-0.0289699663607474,0.013));
#13232=CARTESIAN_POINT('',(0.0795,-0.0289699663607474,0.011));
#13233=CARTESIAN_POINT('',(0.0795,-0.0295,0.011));
#13234=CARTESIAN_POINT('',(0.0795,-0.0305,0.011));
#13235=CARTESIAN_POINT('',(0.0795,-0.0295,0.013));
#13236=CARTESIAN_POINT('',(0.0795,-0.0295,0.008));
#13237=CARTESIAN_POINT('',(0.0795,-0.0289699663607474,0.008));
#13238=CARTESIAN_POINT('',(0.0795,-0.0275,0.008));
#13239=CARTESIAN_POINT('',(0.0795,-0.0275,0.013));
#13240=CARTESIAN_POINT('',(0.0795,-0.0190707142142713,0.013));
#13241=CARTESIAN_POINT('',(0.0795,-0.0190707142142713,0.013));
#13242=CARTESIAN_POINT('',(0.0795,-0.0289699663607474,0.013));
#13243=CARTESIAN_POINT('',(0.0795,-0.0285,0.013));
#13244=CARTESIAN_POINT('',(0.0795,-0.0287349831803736,0.0127650168196262));
#13245=CARTESIAN_POINT('',(0.076,-0.0155,0.013));
#13246=CARTESIAN_POINT('',(0.076,-0.0155,0.013));
#13247=CARTESIAN_POINT('',(0.076,-0.021,0.013));
#13248=CARTESIAN_POINT('',(0.0795,-0.0285,0.013));
#13249=CARTESIAN_POINT('',(0.076,-0.0285,0.013));
#13250=CARTESIAN_POINT('',(0.076,-0.0305,0.011));
#13251=CARTESIAN_POINT('',(-0.0255,-0.0295,0.011));
#13252=CARTESIAN_POINT('',(-0.0255,-0.0295,0.008));
#13253=CARTESIAN_POINT('',(0.0647080992435477,-0.0295,0.008));
#13254=CARTESIAN_POINT('',(0.0647080992435477,-0.0295,0.015));
#13255=CARTESIAN_POINT('',(0.0647080992435477,-0.0295,0.014));
#13256=CARTESIAN_POINT('',(0.0647080992435477,-0.0295,0.014));
#13257=CARTESIAN_POINT('',(0.0664485466913031,-0.0295,0.0130319372203315));
#13258=CARTESIAN_POINT('',(0.0681602168384071,-0.0295,0.0120139585919689));
#13259=CARTESIAN_POINT('',(0.0698741196746493,-0.0295,0.011));
#13260=CARTESIAN_POINT('',(0.0698741196746493,-0.0295,0.011));
#13261=CARTESIAN_POINT('',(-0.0255,-0.0295,0.011));
#13262=CARTESIAN_POINT('',(0.,0.,0.008));
#13263=CARTESIAN_POINT('',(0.076,-0.0275,0.008));
#13264=CARTESIAN_POINT('',(0.0645,-0.0275,0.008));
#13265=CARTESIAN_POINT('',(0.0645,-0.016,0.008));
#13266=CARTESIAN_POINT('',(0.0645,-0.016,0.008));
#13267=CARTESIAN_POINT('',(0.,-0.016,0.008));
#13268=CARTESIAN_POINT('',(0.0625,-0.016,0.008));
#13269=CARTESIAN_POINT('',(0.0625,0.0681126952174645,0.008));
#13270=CARTESIAN_POINT('',(0.0625,-0.027291900756452,0.008));
#13271=CARTESIAN_POINT('',(0.061,-0.031,0.008));
#13272=CARTESIAN_POINT('',(0.076,-0.0275,-2.00000000000027E-6));
#13273=CARTESIAN_POINT('',(0.0645,-0.0275,-2.00000000000027E-6));
#13274=CARTESIAN_POINT('',(-0.0255,-0.031,0.011));
#13275=CARTESIAN_POINT('',(0.061,-0.031,0.011));
#13276=CARTESIAN_POINT('',(0.0698741196746492,-0.0325,0.011));
#13277=CARTESIAN_POINT('',(-0.0255,-0.0325,0.011));
#13278=CARTESIAN_POINT('',(0.0821258803253503,-0.0325,0.011));
#13279=CARTESIAN_POINT('',(0.091,-0.031,0.011));
#13280=CARTESIAN_POINT('',(0.0821258803253503,-0.0295,0.011));
#13281=CARTESIAN_POINT('',(-0.0255,-0.0295,0.011));
#13282=CARTESIAN_POINT('',(0.000999999999999973,-0.000999999999999973,0.01));
#13283=CARTESIAN_POINT('',(0.091,-0.091,0.01));
#13284=CARTESIAN_POINT('',(0.093,-0.091,0.01));
#13285=CARTESIAN_POINT('',(0.000999999999999973,-0.000999999999999973,0.01));
#13286=CARTESIAN_POINT('',(0.091,-0.061,0.01));
#13287=CARTESIAN_POINT('',(0.093,-0.061,0.01));
#13288=CARTESIAN_POINT('',(0.000999999999999973,-0.000999999999999973,0.01));
#13289=CARTESIAN_POINT('',(0.121,-0.091,0.01));
#13290=CARTESIAN_POINT('',(0.123,-0.091,0.01));
#13291=CARTESIAN_POINT('',(0.000999999999999973,-0.000999999999999973,0.01));
#13292=CARTESIAN_POINT('',(0.121,-0.061,0.01));
#13293=CARTESIAN_POINT('',(0.123,-0.061,0.01));
#13294=CARTESIAN_POINT('',(0.000999999999999973,-0.000999999999999973,0.01));
#13295=CARTESIAN_POINT('',(0.151,-0.061,0.01));
#13296=CARTESIAN_POINT('',(0.153,-0.061,0.01));
#13297=CARTESIAN_POINT('',(0.000999999999999973,-0.000999999999999973,0.01));
#13298=CARTESIAN_POINT('',(0.031,-0.091,0.01));
#13299=CARTESIAN_POINT('',(0.033,-0.091,0.01));
#13300=CARTESIAN_POINT('',(0.000999999999999973,-0.000999999999999973,0.01));
#13301=CARTESIAN_POINT('',(0.061,-0.061,0.01));
#13302=CARTESIAN_POINT('',(0.063,-0.061,0.01));
#13303=CARTESIAN_POINT('',(0.000999999999999973,-0.000999999999999973,0.01));
#13304=CARTESIAN_POINT('',(0.031,-0.061,0.01));
#13305=CARTESIAN_POINT('',(0.033,-0.061,0.01));
#13306=CARTESIAN_POINT('',(0.091,-0.091,0.01));
#13307=CARTESIAN_POINT('',(0.091,-0.091,0.015));
#13308=CARTESIAN_POINT('',(0.093,-0.091,0.015));
#13309=CARTESIAN_POINT('',(0.091,-0.061,0.01));
#13310=CARTESIAN_POINT('',(0.091,-0.061,0.015));
#13311=CARTESIAN_POINT('',(0.093,-0.061,0.015));
#13312=CARTESIAN_POINT('',(0.151,-0.091,0.01));
#13313=CARTESIAN_POINT('',(0.151,-0.091,0.015));
#13314=CARTESIAN_POINT('',(0.153,-0.091,0.015));
#13315=CARTESIAN_POINT('',(0.121,-0.091,0.01));
#13316=CARTESIAN_POINT('',(0.121,-0.091,0.015));
#13317=CARTESIAN_POINT('',(0.123,-0.091,0.015));
#13318=CARTESIAN_POINT('',(0.121,-0.061,0.01));
#13319=CARTESIAN_POINT('',(0.121,-0.061,0.015));
#13320=CARTESIAN_POINT('',(0.123,-0.061,0.015));
#13321=CARTESIAN_POINT('',(0.151,-0.061,0.01));
#13322=CARTESIAN_POINT('',(0.151,-0.061,0.015));
#13323=CARTESIAN_POINT('',(0.153,-0.061,0.015));
#13324=CARTESIAN_POINT('',(0.061,-0.091,0.01));
#13325=CARTESIAN_POINT('',(0.061,-0.091,0.015));
#13326=CARTESIAN_POINT('',(0.063,-0.091,0.015));
#13327=CARTESIAN_POINT('',(0.031,-0.091,0.01));
#13328=CARTESIAN_POINT('',(0.031,-0.091,0.015));
#13329=CARTESIAN_POINT('',(0.033,-0.091,0.015));
#13330=CARTESIAN_POINT('',(0.061,-0.061,0.01));
#13331=CARTESIAN_POINT('',(0.061,-0.061,0.015));
#13332=CARTESIAN_POINT('',(0.063,-0.061,0.015));
#13333=CARTESIAN_POINT('',(0.031,-0.061,0.01));
#13334=CARTESIAN_POINT('',(0.031,-0.061,0.015));
#13335=CARTESIAN_POINT('',(0.033,-0.061,0.015));
#13336=CARTESIAN_POINT('',(0.000999999999999973,-0.000999999999999973,0.01));
#13337=CARTESIAN_POINT('',(0.121,-0.031,0.01));
#13338=CARTESIAN_POINT('',(0.123,-0.031,0.01));
#13339=CARTESIAN_POINT('',(0.000999999999999973,-0.000999999999999973,0.01));
#13340=CARTESIAN_POINT('',(0.091,-0.031,0.01));
#13341=CARTESIAN_POINT('',(0.093,-0.031,0.01));
#13342=CARTESIAN_POINT('',(0.000999999999999973,-0.000999999999999973,0.01));
#13343=CARTESIAN_POINT('',(0.151,-0.031,0.01));
#13344=CARTESIAN_POINT('',(0.153,-0.031,0.01));
#13345=CARTESIAN_POINT('',(0.000999999999999973,-0.000999999999999973,0.01));
#13346=CARTESIAN_POINT('',(0.031,-0.121,0.01));
#13347=CARTESIAN_POINT('',(0.033,-0.121,0.01));
#13348=CARTESIAN_POINT('',(0.000999999999999973,-0.000999999999999973,0.01));
#13349=CARTESIAN_POINT('',(0.061,-0.121,0.01));
#13350=CARTESIAN_POINT('',(0.063,-0.121,0.01));
#13351=CARTESIAN_POINT('',(0.000999999999999973,-0.000999999999999973,0.01));
#13352=CARTESIAN_POINT('',(0.091,-0.121,0.01));
#13353=CARTESIAN_POINT('',(0.093,-0.121,0.01));
#13354=CARTESIAN_POINT('',(0.000999999999999973,-0.000999999999999973,0.01));
#13355=CARTESIAN_POINT('',(0.121,-0.121,0.01));
#13356=CARTESIAN_POINT('',(0.123,-0.121,0.01));
#13357=CARTESIAN_POINT('',(0.000999999999999973,-0.000999999999999973,0.01));
#13358=CARTESIAN_POINT('',(0.151,-0.121,0.01));
#13359=CARTESIAN_POINT('',(0.153,-0.121,0.01));
#13360=CARTESIAN_POINT('',(0.000999999999999973,-0.000999999999999973,0.01));
#13361=CARTESIAN_POINT('',(0.181,-0.121,0.01));
#13362=CARTESIAN_POINT('',(0.183,-0.121,0.01));
#13363=CARTESIAN_POINT('',(0.000999999999999973,-0.000999999999999973,0.01));
#13364=CARTESIAN_POINT('',(0.181,-0.091,0.01));
#13365=CARTESIAN_POINT('',(0.183,-0.091,0.01));
#13366=CARTESIAN_POINT('',(0.000999999999999973,-0.000999999999999973,0.01));
#13367=CARTESIAN_POINT('',(0.181,-0.061,0.01));
#13368=CARTESIAN_POINT('',(0.183,-0.061,0.01));
#13369=CARTESIAN_POINT('',(0.000999999999999973,-0.000999999999999973,0.01));
#13370=CARTESIAN_POINT('',(0.181,-0.031,0.01));
#13371=CARTESIAN_POINT('',(0.183,-0.031,0.01));
#13372=CARTESIAN_POINT('',(0.061,0.0681126952174645,0.011));
#13373=CARTESIAN_POINT('',(0.0595,0.0681126952174645,0.011));
#13374=CARTESIAN_POINT('',(0.0595,-0.0698741196746493,0.011));
#13375=CARTESIAN_POINT('',(0.0595,-0.0821258803253506,0.011));
#13376=CARTESIAN_POINT('',(0.061,-0.091,0.011));
#13377=CARTESIAN_POINT('',(0.0625,-0.0821258803253505,0.011));
#13378=CARTESIAN_POINT('',(0.0625,0.0681126952174645,0.011));
#13379=CARTESIAN_POINT('',(0.0625,-0.0698741196746495,0.011));
#13380=CARTESIAN_POINT('',(0.061,-0.061,0.011));
#13381=CARTESIAN_POINT('',(0.091,0.0681126952174645,0.011));
#13382=CARTESIAN_POINT('',(0.0895,0.0681126952174645,0.011));
#13383=CARTESIAN_POINT('',(0.0895,-0.0698741196746494,0.011));
#13384=CARTESIAN_POINT('',(0.0895,-0.0821258803253506,0.011));
#13385=CARTESIAN_POINT('',(0.091,-0.091,0.011));
#13386=CARTESIAN_POINT('',(0.0925,-0.0821258803253505,0.011));
#13387=CARTESIAN_POINT('',(0.0925,0.0681126952174645,0.011));
#13388=CARTESIAN_POINT('',(0.0925,-0.0698741196746495,0.011));
#13389=CARTESIAN_POINT('',(0.091,-0.061,0.011));
#13390=CARTESIAN_POINT('',(-0.0255,-0.091,0.011));
#13391=CARTESIAN_POINT('',(-0.0255,-0.0925,0.011));
#13392=CARTESIAN_POINT('',(0.0998741196746492,-0.0925,0.011));
#13393=CARTESIAN_POINT('',(0.11212588032535,-0.0925,0.011));
#13394=CARTESIAN_POINT('',(0.121,-0.091,0.011));
#13395=CARTESIAN_POINT('',(0.11212588032535,-0.0895,0.011));
#13396=CARTESIAN_POINT('',(-0.0255,-0.0895,0.011));
#13397=CARTESIAN_POINT('',(0.0998741196746492,-0.0895,0.011));
#13398=CARTESIAN_POINT('',(0.091,-0.091,0.011));
#13399=CARTESIAN_POINT('',(-0.0255,-0.061,0.011));
#13400=CARTESIAN_POINT('',(-0.0255,-0.0625,0.011));
#13401=CARTESIAN_POINT('',(0.0998741196746492,-0.0625,0.011));
#13402=CARTESIAN_POINT('',(0.11212588032535,-0.0625,0.011));
#13403=CARTESIAN_POINT('',(0.121,-0.061,0.011));
#13404=CARTESIAN_POINT('',(0.11212588032535,-0.0595,0.011));
#13405=CARTESIAN_POINT('',(-0.0255,-0.0595,0.011));
#13406=CARTESIAN_POINT('',(0.0998741196746492,-0.0595,0.011));
#13407=CARTESIAN_POINT('',(0.091,-0.061,0.011));
#13408=CARTESIAN_POINT('',(-0.0255,-0.091,0.011));
#13409=CARTESIAN_POINT('',(-0.0255,-0.0925,0.011));
#13410=CARTESIAN_POINT('',(0.0698741196746492,-0.0925,0.011));
#13411=CARTESIAN_POINT('',(0.0821258803253503,-0.0925,0.011));
#13412=CARTESIAN_POINT('',(0.091,-0.091,0.011));
#13413=CARTESIAN_POINT('',(0.0821258803253503,-0.0895,0.011));
#13414=CARTESIAN_POINT('',(-0.0255,-0.0895,0.011));
#13415=CARTESIAN_POINT('',(0.0698741196746493,-0.0895,0.011));
#13416=CARTESIAN_POINT('',(0.061,-0.091,0.011));
#13417=CARTESIAN_POINT('',(0.00099999999999989,-0.000999999999999973,0.015));
#13418=CARTESIAN_POINT('',(0.091,-0.091,0.015));
#13419=CARTESIAN_POINT('',(0.095,-0.091,0.015));
#13420=CARTESIAN_POINT('',(0.091,-0.091,0.011));
#13421=CARTESIAN_POINT('',(0.0947080992435477,-0.0895,0.014));
#13422=CARTESIAN_POINT('',(0.0964485466913031,-0.0895,0.0130319372203316));
#13423=CARTESIAN_POINT('',(0.0981602168384071,-0.0895,0.0120139585919689));
#13424=CARTESIAN_POINT('',(0.0998741196746492,-0.0895,0.011));
#13425=CARTESIAN_POINT('',(0.0947080992435477,-0.0895,0.014));
#13426=CARTESIAN_POINT('',(0.091,-0.091,0.014));
#13427=CARTESIAN_POINT('',(0.0947080992435476,-0.0925,0.014));
#13428=CARTESIAN_POINT('',(0.0998741196746492,-0.0925,0.011));
#13429=CARTESIAN_POINT('',(0.0981602183483103,-0.0925,0.0120139576986981));
#13430=CARTESIAN_POINT('',(0.0964486267173873,-0.0925,0.0130318927086321));
#13431=CARTESIAN_POINT('',(0.0947080992435476,-0.0925,0.014));
#13432=CARTESIAN_POINT('',(0.091,-0.091,0.011));
#13433=CARTESIAN_POINT('',(0.087291900756452,-0.0925,0.014));
#13434=CARTESIAN_POINT('',(0.0855514533086966,-0.0925,0.0130319372203315));
#13435=CARTESIAN_POINT('',(0.0838397831615926,-0.0925,0.012013958591969));
#13436=CARTESIAN_POINT('',(0.0821258803253504,-0.0925,0.011));
#13437=CARTESIAN_POINT('',(0.087291900756452,-0.0925,0.014));
#13438=CARTESIAN_POINT('',(0.091,-0.091,0.014));
#13439=CARTESIAN_POINT('',(0.0872919007564519,-0.0895,0.014));
#13440=CARTESIAN_POINT('',(0.0821258803253503,-0.0895,0.011));
#13441=CARTESIAN_POINT('',(0.0838397816516892,-0.0895,0.0120139576986981));
#13442=CARTESIAN_POINT('',(0.0855513732826122,-0.0895,0.0130318927086321));
#13443=CARTESIAN_POINT('',(0.0872919007564519,-0.0895,0.014));
#13444=CARTESIAN_POINT('',(0.091,-0.091,0.011));
#13445=CARTESIAN_POINT('',(0.0895,-0.0872919007564523,0.014));
#13446=CARTESIAN_POINT('',(0.0895,-0.0855514533086969,0.0130319372203315));
#13447=CARTESIAN_POINT('',(0.0895,-0.0838397831615928,0.012013958591969));
#13448=CARTESIAN_POINT('',(0.0895,-0.0821258803253506,0.011));
#13449=CARTESIAN_POINT('',(0.0895,-0.0872919007564523,0.014));
#13450=CARTESIAN_POINT('',(0.091,-0.091,0.014));
#13451=CARTESIAN_POINT('',(0.0925,-0.087291900756452,0.014));
#13452=CARTESIAN_POINT('',(0.0925,-0.0821258803253505,0.011));
#13453=CARTESIAN_POINT('',(0.0925,-0.0838397816516893,0.0120139576986981));
#13454=CARTESIAN_POINT('',(0.0925,-0.0855513732826123,0.0130318927086321));
#13455=CARTESIAN_POINT('',(0.0925,-0.087291900756452,0.014));
#13456=CARTESIAN_POINT('',(0.00099999999999989,-0.000999999999999973,0.015));
#13457=CARTESIAN_POINT('',(0.091,-0.061,0.015));
#13458=CARTESIAN_POINT('',(0.095,-0.061,0.015));
#13459=CARTESIAN_POINT('',(0.091,-0.061,0.011));
#13460=CARTESIAN_POINT('',(0.0947080992435476,-0.0595,0.014));
#13461=CARTESIAN_POINT('',(0.096448546691303,-0.0595,0.0130319372203315));
#13462=CARTESIAN_POINT('',(0.098160216838407,-0.0595,0.0120139585919689));
#13463=CARTESIAN_POINT('',(0.0998741196746492,-0.0595,0.011));
#13464=CARTESIAN_POINT('',(0.0947080992435476,-0.0595,0.014));
#13465=CARTESIAN_POINT('',(0.091,-0.061,0.014));
#13466=CARTESIAN_POINT('',(0.0947080992435476,-0.0625,0.014));
#13467=CARTESIAN_POINT('',(0.0998741196746492,-0.0625,0.011));
#13468=CARTESIAN_POINT('',(0.0981602183483103,-0.0625,0.0120139576986981));
#13469=CARTESIAN_POINT('',(0.0964486267173873,-0.0625,0.0130318927086321));
#13470=CARTESIAN_POINT('',(0.0947080992435476,-0.0625,0.014));
#13471=CARTESIAN_POINT('',(0.091,-0.061,0.011));
#13472=CARTESIAN_POINT('',(0.0925,-0.064708099243548,0.014));
#13473=CARTESIAN_POINT('',(0.0925,-0.0664485466913033,0.0130319372203315));
#13474=CARTESIAN_POINT('',(0.0925,-0.0681602168384074,0.0120139585919689));
#13475=CARTESIAN_POINT('',(0.0925,-0.0698741196746495,0.011));
#13476=CARTESIAN_POINT('',(0.0925,-0.064708099243548,0.014));
#13477=CARTESIAN_POINT('',(0.091,-0.061,0.014));
#13478=CARTESIAN_POINT('',(0.0895,-0.0647080992435477,0.014));
#13479=CARTESIAN_POINT('',(0.0895,-0.0698741196746494,0.011));
#13480=CARTESIAN_POINT('',(0.0895,-0.0681602183483105,0.0120139576986981));
#13481=CARTESIAN_POINT('',(0.0895,-0.0664486267173874,0.0130318927086321));
#13482=CARTESIAN_POINT('',(0.0895,-0.0647080992435477,0.014));
#13483=CARTESIAN_POINT('',(0.091,-0.061,0.011));
#13484=CARTESIAN_POINT('',(0.087291900756452,-0.0625,0.014));
#13485=CARTESIAN_POINT('',(0.0855514533086966,-0.0625,0.0130319372203315));
#13486=CARTESIAN_POINT('',(0.0838397831615926,-0.0625,0.012013958591969));
#13487=CARTESIAN_POINT('',(0.0821258803253504,-0.0625,0.011));
#13488=CARTESIAN_POINT('',(0.087291900756452,-0.0625,0.014));
#13489=CARTESIAN_POINT('',(0.0821258803253503,-0.0625,0.011));
#13490=CARTESIAN_POINT('',(0.091,-0.061,0.014));
#13491=CARTESIAN_POINT('',(0.0872919007564519,-0.0595,0.014));
#13492=CARTESIAN_POINT('',(0.0821258803253503,-0.0595,0.011));
#13493=CARTESIAN_POINT('',(0.0838397816516892,-0.0595,0.0120139576986981));
#13494=CARTESIAN_POINT('',(0.0855513732826122,-0.0595,0.0130318927086321));
#13495=CARTESIAN_POINT('',(0.0872919007564519,-0.0595,0.014));
#13496=CARTESIAN_POINT('',(0.0821258803253503,-0.0595,0.011));
#13497=CARTESIAN_POINT('',(0.091,-0.061,0.011));
#13498=CARTESIAN_POINT('',(-0.0255,-0.061,0.011));
#13499=CARTESIAN_POINT('',(-0.0255,-0.0625,0.011));
#13500=CARTESIAN_POINT('',(0.0698741196746492,-0.0625,0.011));
#13501=CARTESIAN_POINT('',(-0.0255,-0.0595,0.011));
#13502=CARTESIAN_POINT('',(0.0698741196746493,-0.0595,0.011));
#13503=CARTESIAN_POINT('',(0.061,-0.061,0.011));
#13504=CARTESIAN_POINT('',(0.00099999999999989,-0.000999999999999973,0.015));
#13505=CARTESIAN_POINT('',(0.151,-0.091,0.015));
#13506=CARTESIAN_POINT('',(0.155,-0.091,0.015));
#13507=CARTESIAN_POINT('',(0.151,-0.091,0.011));
#13508=CARTESIAN_POINT('',(0.147291900756452,-0.0925,0.014));
#13509=CARTESIAN_POINT('',(0.145551453308697,-0.0925,0.0130319372203315));
#13510=CARTESIAN_POINT('',(0.143839783161592,-0.0925,0.012013958591969));
#13511=CARTESIAN_POINT('',(0.14212588032535,-0.0925,0.011));
#13512=CARTESIAN_POINT('',(0.147291900756452,-0.0925,0.014));
#13513=CARTESIAN_POINT('',(0.14212588032535,-0.0925,0.011));
#13514=CARTESIAN_POINT('',(0.151,-0.091,0.014));
#13515=CARTESIAN_POINT('',(0.147291900756452,-0.0895,0.014));
#13516=CARTESIAN_POINT('',(0.14212588032535,-0.0895,0.011));
#13517=CARTESIAN_POINT('',(0.143839781651689,-0.0895,0.0120139576986981));
#13518=CARTESIAN_POINT('',(0.145551373282612,-0.0895,0.0130318927086321));
#13519=CARTESIAN_POINT('',(0.147291900756452,-0.0895,0.014));
#13520=CARTESIAN_POINT('',(0.14212588032535,-0.0895,0.011));
#13521=CARTESIAN_POINT('',(0.151,-0.091,0.011));
#13522=CARTESIAN_POINT('',(-0.0255,-0.091,0.011));
#13523=CARTESIAN_POINT('',(-0.0255,-0.0925,0.011));
#13524=CARTESIAN_POINT('',(0.129874119674649,-0.0925,0.011));
#13525=CARTESIAN_POINT('',(-0.0255,-0.0895,0.011));
#13526=CARTESIAN_POINT('',(0.129874119674649,-0.0895,0.011));
#13527=CARTESIAN_POINT('',(0.121,-0.091,0.011));
#13528=CARTESIAN_POINT('',(0.00099999999999989,-0.000999999999999973,0.015));
#13529=CARTESIAN_POINT('',(0.121,-0.091,0.015));
#13530=CARTESIAN_POINT('',(0.125,-0.091,0.015));
#13531=CARTESIAN_POINT('',(0.121,-0.091,0.011));
#13532=CARTESIAN_POINT('',(0.124708099243548,-0.0895,0.014));
#13533=CARTESIAN_POINT('',(0.126448546691303,-0.0895,0.0130319372203315));
#13534=CARTESIAN_POINT('',(0.128160216838407,-0.0895,0.0120139585919689));
#13535=CARTESIAN_POINT('',(0.129874119674649,-0.0895,0.011));
#13536=CARTESIAN_POINT('',(0.124708099243548,-0.0895,0.014));
#13537=CARTESIAN_POINT('',(0.121,-0.091,0.014));
#13538=CARTESIAN_POINT('',(0.124708099243547,-0.0925,0.014));
#13539=CARTESIAN_POINT('',(0.129874119674649,-0.0925,0.011));
#13540=CARTESIAN_POINT('',(0.12816021834831,-0.0925,0.0120139576986981));
#13541=CARTESIAN_POINT('',(0.126448626717387,-0.0925,0.0130318927086321));
#13542=CARTESIAN_POINT('',(0.124708099243547,-0.0925,0.014));
#13543=CARTESIAN_POINT('',(0.121,-0.091,0.011));
#13544=CARTESIAN_POINT('',(0.117291900756452,-0.0925,0.014));
#13545=CARTESIAN_POINT('',(0.115551453308697,-0.0925,0.0130319372203315));
#13546=CARTESIAN_POINT('',(0.113839783161592,-0.0925,0.012013958591969));
#13547=CARTESIAN_POINT('',(0.11212588032535,-0.0925,0.011));
#13548=CARTESIAN_POINT('',(0.117291900756452,-0.0925,0.014));
#13549=CARTESIAN_POINT('',(0.121,-0.091,0.014));
#13550=CARTESIAN_POINT('',(0.117291900756452,-0.0895,0.014));
#13551=CARTESIAN_POINT('',(0.11212588032535,-0.0895,0.011));
#13552=CARTESIAN_POINT('',(0.113839781651689,-0.0895,0.0120139576986981));
#13553=CARTESIAN_POINT('',(0.115551373282612,-0.0895,0.0130318927086321));
#13554=CARTESIAN_POINT('',(0.117291900756452,-0.0895,0.014));
#13555=CARTESIAN_POINT('',(0.121,-0.091,0.011));
#13556=CARTESIAN_POINT('',(0.1195,-0.0872919007564523,0.014));
#13557=CARTESIAN_POINT('',(0.1195,-0.0855514533086969,0.0130319372203315));
#13558=CARTESIAN_POINT('',(0.1195,-0.0838397831615928,0.012013958591969));
#13559=CARTESIAN_POINT('',(0.1195,-0.0821258803253506,0.011));
#13560=CARTESIAN_POINT('',(0.1195,-0.0872919007564523,0.014));
#13561=CARTESIAN_POINT('',(0.1195,-0.0821258803253506,0.011));
#13562=CARTESIAN_POINT('',(0.121,-0.091,0.014));
#13563=CARTESIAN_POINT('',(0.1225,-0.087291900756452,0.014));
#13564=CARTESIAN_POINT('',(0.1225,-0.0821258803253505,0.011));
#13565=CARTESIAN_POINT('',(0.1225,-0.0838397816516893,0.0120139576986981));
#13566=CARTESIAN_POINT('',(0.1225,-0.0855513732826123,0.0130318927086321));
#13567=CARTESIAN_POINT('',(0.1225,-0.087291900756452,0.014));
#13568=CARTESIAN_POINT('',(0.1225,-0.0821258803253505,0.011));
#13569=CARTESIAN_POINT('',(0.121,-0.091,0.011));
#13570=CARTESIAN_POINT('',(0.121,0.0681126952174645,0.011));
#13571=CARTESIAN_POINT('',(0.1195,0.0681126952174645,0.011));
#13572=CARTESIAN_POINT('',(0.1195,-0.0698741196746493,0.011));
#13573=CARTESIAN_POINT('',(0.1225,0.0681126952174645,0.011));
#13574=CARTESIAN_POINT('',(0.1225,-0.0698741196746495,0.011));
#13575=CARTESIAN_POINT('',(0.121,-0.061,0.011));
#13576=CARTESIAN_POINT('',(0.00099999999999989,-0.000999999999999973,0.015));
#13577=CARTESIAN_POINT('',(0.121,-0.061,0.015));
#13578=CARTESIAN_POINT('',(0.125,-0.061,0.015));
#13579=CARTESIAN_POINT('',(0.121,-0.061,0.011));
#13580=CARTESIAN_POINT('',(0.1225,-0.064708099243548,0.014));
#13581=CARTESIAN_POINT('',(0.1225,-0.0664485466913033,0.0130319372203315));
#13582=CARTESIAN_POINT('',(0.1225,-0.0681602168384074,0.0120139585919689));
#13583=CARTESIAN_POINT('',(0.1225,-0.0698741196746495,0.011));
#13584=CARTESIAN_POINT('',(0.1225,-0.064708099243548,0.014));
#13585=CARTESIAN_POINT('',(0.121,-0.061,0.014));
#13586=CARTESIAN_POINT('',(0.1195,-0.0647080992435477,0.014));
#13587=CARTESIAN_POINT('',(0.1195,-0.0698741196746494,0.011));
#13588=CARTESIAN_POINT('',(0.1195,-0.0681602183483105,0.0120139576986981));
#13589=CARTESIAN_POINT('',(0.1195,-0.0664486267173874,0.0130318927086321));
#13590=CARTESIAN_POINT('',(0.1195,-0.0647080992435477,0.014));
#13591=CARTESIAN_POINT('',(0.121,-0.061,0.011));
#13592=CARTESIAN_POINT('',(0.117291900756452,-0.0625,0.014));
#13593=CARTESIAN_POINT('',(0.115551453308697,-0.0625,0.0130319372203315));
#13594=CARTESIAN_POINT('',(0.113839783161592,-0.0625,0.012013958591969));
#13595=CARTESIAN_POINT('',(0.11212588032535,-0.0625,0.011));
#13596=CARTESIAN_POINT('',(0.117291900756452,-0.0625,0.014));
#13597=CARTESIAN_POINT('',(0.121,-0.061,0.014));
#13598=CARTESIAN_POINT('',(0.117291900756452,-0.0595,0.014));
#13599=CARTESIAN_POINT('',(0.11212588032535,-0.0595,0.011));
#13600=CARTESIAN_POINT('',(0.113839781651689,-0.0595,0.0120139576986981));
#13601=CARTESIAN_POINT('',(0.115551373282612,-0.0595,0.0130318927086321));
#13602=CARTESIAN_POINT('',(0.117291900756452,-0.0595,0.014));
#13603=CARTESIAN_POINT('',(0.121,-0.061,0.011));
#13604=CARTESIAN_POINT('',(0.124708099243548,-0.0595,0.014));
#13605=CARTESIAN_POINT('',(0.126448546691303,-0.0595,0.0130319372203315));
#13606=CARTESIAN_POINT('',(0.128160216838407,-0.0595,0.0120139585919689));
#13607=CARTESIAN_POINT('',(0.129874119674649,-0.0595,0.011));
#13608=CARTESIAN_POINT('',(0.124708099243548,-0.0595,0.014));
#13609=CARTESIAN_POINT('',(0.129874119674649,-0.0595,0.011));
#13610=CARTESIAN_POINT('',(0.121,-0.061,0.014));
#13611=CARTESIAN_POINT('',(0.124708099243548,-0.0625,0.014));
#13612=CARTESIAN_POINT('',(0.129874119674649,-0.0625,0.011));
#13613=CARTESIAN_POINT('',(0.12816021834831,-0.0625,0.0120139576986981));
#13614=CARTESIAN_POINT('',(0.126448626717387,-0.0625,0.0130318927086321));
#13615=CARTESIAN_POINT('',(0.124708099243548,-0.0625,0.014));
#13616=CARTESIAN_POINT('',(0.129874119674649,-0.0625,0.011));
#13617=CARTESIAN_POINT('',(0.121,-0.061,0.011));
#13618=CARTESIAN_POINT('',(-0.0255,-0.061,0.011));
#13619=CARTESIAN_POINT('',(-0.0255,-0.0625,0.011));
#13620=CARTESIAN_POINT('',(0.14212588032535,-0.0625,0.011));
#13621=CARTESIAN_POINT('',(0.151,-0.061,0.011));
#13622=CARTESIAN_POINT('',(0.14212588032535,-0.0595,0.011));
#13623=CARTESIAN_POINT('',(-0.0255,-0.0595,0.011));
#13624=CARTESIAN_POINT('',(0.00099999999999989,-0.000999999999999973,0.015));
#13625=CARTESIAN_POINT('',(0.151,-0.061,0.015));
#13626=CARTESIAN_POINT('',(0.155,-0.061,0.015));
#13627=CARTESIAN_POINT('',(0.151,-0.061,0.011));
#13628=CARTESIAN_POINT('',(0.147291900756452,-0.0625,0.014));
#13629=CARTESIAN_POINT('',(0.145551453308697,-0.0625,0.0130319372203315));
#13630=CARTESIAN_POINT('',(0.143839783161592,-0.0625,0.012013958591969));
#13631=CARTESIAN_POINT('',(0.14212588032535,-0.0625,0.011));
#13632=CARTESIAN_POINT('',(0.147291900756452,-0.0625,0.014));
#13633=CARTESIAN_POINT('',(0.151,-0.061,0.014));
#13634=CARTESIAN_POINT('',(0.147291900756452,-0.0595,0.014));
#13635=CARTESIAN_POINT('',(0.14212588032535,-0.0595,0.011));
#13636=CARTESIAN_POINT('',(0.143839781651689,-0.0595,0.0120139576986981));
#13637=CARTESIAN_POINT('',(0.145551373282612,-0.0595,0.0130318927086321));
#13638=CARTESIAN_POINT('',(0.147291900756452,-0.0595,0.014));
#13639=CARTESIAN_POINT('',(0.151,-0.061,0.011));
#13640=CARTESIAN_POINT('',(0.1525,-0.064708099243548,0.014));
#13641=CARTESIAN_POINT('',(0.1525,-0.0664485466913033,0.0130319372203315));
#13642=CARTESIAN_POINT('',(0.1525,-0.0681602168384074,0.0120139585919689));
#13643=CARTESIAN_POINT('',(0.1525,-0.0698741196746495,0.011));
#13644=CARTESIAN_POINT('',(0.1525,-0.064708099243548,0.014));
#13645=CARTESIAN_POINT('',(0.1525,-0.0698741196746495,0.011));
#13646=CARTESIAN_POINT('',(0.151,-0.061,0.014));
#13647=CARTESIAN_POINT('',(0.1495,-0.0647080992435477,0.014));
#13648=CARTESIAN_POINT('',(0.1495,-0.0698741196746493,0.011));
#13649=CARTESIAN_POINT('',(0.1495,-0.0681602183483104,0.0120139576986981));
#13650=CARTESIAN_POINT('',(0.1495,-0.0664486267173874,0.0130318927086321));
#13651=CARTESIAN_POINT('',(0.1495,-0.0647080992435477,0.014));
#13652=CARTESIAN_POINT('',(0.1495,-0.0698741196746493,0.011));
#13653=CARTESIAN_POINT('',(0.151,-0.061,0.011));
#13654=CARTESIAN_POINT('',(0.151,0.0681126952174645,0.011));
#13655=CARTESIAN_POINT('',(0.1495,0.0681126952174645,0.011));
#13656=CARTESIAN_POINT('',(0.1495,-0.0821258803253506,0.011));
#13657=CARTESIAN_POINT('',(0.151,-0.091,0.011));
#13658=CARTESIAN_POINT('',(0.1525,-0.0821258803253505,0.011));
#13659=CARTESIAN_POINT('',(0.1525,0.0681126952174645,0.011));
#13660=CARTESIAN_POINT('',(0.151,-0.091,0.011));
#13661=CARTESIAN_POINT('',(0.1495,-0.0872919007564523,0.014));
#13662=CARTESIAN_POINT('',(0.1495,-0.0855514533086969,0.0130319372203315));
#13663=CARTESIAN_POINT('',(0.1495,-0.0838397831615928,0.012013958591969));
#13664=CARTESIAN_POINT('',(0.1495,-0.0821258803253506,0.011));
#13665=CARTESIAN_POINT('',(0.1495,-0.0872919007564523,0.014));
#13666=CARTESIAN_POINT('',(0.151,-0.091,0.014));
#13667=CARTESIAN_POINT('',(0.1525,-0.087291900756452,0.014));
#13668=CARTESIAN_POINT('',(0.1525,-0.0821258803253505,0.011));
#13669=CARTESIAN_POINT('',(0.1525,-0.0838397816516893,0.0120139576986981));
#13670=CARTESIAN_POINT('',(0.1525,-0.0855513732826123,0.0130318927086321));
#13671=CARTESIAN_POINT('',(0.1525,-0.087291900756452,0.014));
#13672=CARTESIAN_POINT('',(-0.0255,-0.091,0.011));
#13673=CARTESIAN_POINT('',(-0.0255,-0.0925,0.011));
#13674=CARTESIAN_POINT('',(0.0398741196746493,-0.0925,0.011));
#13675=CARTESIAN_POINT('',(0.0521258803253504,-0.0925,0.011));
#13676=CARTESIAN_POINT('',(0.061,-0.091,0.011));
#13677=CARTESIAN_POINT('',(0.0521258803253504,-0.0895,0.011));
#13678=CARTESIAN_POINT('',(-0.0255,-0.0895,0.011));
#13679=CARTESIAN_POINT('',(0.0398741196746493,-0.0895,0.011));
#13680=CARTESIAN_POINT('',(0.031,-0.091,0.011));
#13681=CARTESIAN_POINT('',(0.00099999999999989,-0.000999999999999973,0.015));
#13682=CARTESIAN_POINT('',(0.061,-0.091,0.015));
#13683=CARTESIAN_POINT('',(0.065,-0.091,0.015));
#13684=CARTESIAN_POINT('',(0.061,-0.091,0.011));
#13685=CARTESIAN_POINT('',(0.0647080992435477,-0.0895,0.014));
#13686=CARTESIAN_POINT('',(0.0664485466913031,-0.0895,0.0130319372203315));
#13687=CARTESIAN_POINT('',(0.0681602168384071,-0.0895,0.0120139585919689));
#13688=CARTESIAN_POINT('',(0.0698741196746493,-0.0895,0.011));
#13689=CARTESIAN_POINT('',(0.0647080992435477,-0.0895,0.014));
#13690=CARTESIAN_POINT('',(0.061,-0.091,0.014));
#13691=CARTESIAN_POINT('',(0.0647080992435476,-0.0925,0.014));
#13692=CARTESIAN_POINT('',(0.0698741196746492,-0.0925,0.011));
#13693=CARTESIAN_POINT('',(0.0681602183483103,-0.0925,0.0120139576986981));
#13694=CARTESIAN_POINT('',(0.0664486267173873,-0.0925,0.0130318927086321));
#13695=CARTESIAN_POINT('',(0.0647080992435476,-0.0925,0.014));
#13696=CARTESIAN_POINT('',(0.061,-0.091,0.011));
#13697=CARTESIAN_POINT('',(0.0572919007564521,-0.0925,0.014));
#13698=CARTESIAN_POINT('',(0.0555514533086967,-0.0925,0.0130319372203315));
#13699=CARTESIAN_POINT('',(0.0538397831615926,-0.0925,0.012013958591969));
#13700=CARTESIAN_POINT('',(0.0521258803253504,-0.0925,0.011));
#13701=CARTESIAN_POINT('',(0.0572919007564521,-0.0925,0.014));
#13702=CARTESIAN_POINT('',(0.061,-0.091,0.014));
#13703=CARTESIAN_POINT('',(0.057291900756452,-0.0895,0.014));
#13704=CARTESIAN_POINT('',(0.0521258803253504,-0.0895,0.011));
#13705=CARTESIAN_POINT('',(0.0538397816516893,-0.0895,0.0120139576986981));
#13706=CARTESIAN_POINT('',(0.0555513732826123,-0.0895,0.0130318927086321));
#13707=CARTESIAN_POINT('',(0.057291900756452,-0.0895,0.014));
#13708=CARTESIAN_POINT('',(0.061,-0.091,0.011));
#13709=CARTESIAN_POINT('',(0.0595,-0.0872919007564523,0.014));
#13710=CARTESIAN_POINT('',(0.0595,-0.0855514533086969,0.0130319372203315));
#13711=CARTESIAN_POINT('',(0.0595,-0.0838397831615928,0.012013958591969));
#13712=CARTESIAN_POINT('',(0.0595,-0.0821258803253506,0.011));
#13713=CARTESIAN_POINT('',(0.0595,-0.0872919007564523,0.014));
#13714=CARTESIAN_POINT('',(0.061,-0.091,0.014));
#13715=CARTESIAN_POINT('',(0.0625,-0.087291900756452,0.014));
#13716=CARTESIAN_POINT('',(0.0625,-0.0821258803253505,0.011));
#13717=CARTESIAN_POINT('',(0.0625,-0.0838397816516893,0.0120139576986981));
#13718=CARTESIAN_POINT('',(0.0625,-0.0855513732826123,0.0130318927086321));
#13719=CARTESIAN_POINT('',(0.0625,-0.087291900756452,0.014));
#13720=CARTESIAN_POINT('',(0.0309999999999995,0.0681126952174645,0.011));
#13721=CARTESIAN_POINT('',(0.0294999999999996,0.0681126952174645,0.011));
#13722=CARTESIAN_POINT('',(0.0294999999999996,-0.0698741196746493,0.011));
#13723=CARTESIAN_POINT('',(0.0294999999999996,-0.0821258803253506,0.011));
#13724=CARTESIAN_POINT('',(0.031,-0.091,0.011));
#13725=CARTESIAN_POINT('',(0.0324999999999996,-0.0821258803253505,0.011));
#13726=CARTESIAN_POINT('',(0.0324999999999996,0.0681126952174645,0.011));
#13727=CARTESIAN_POINT('',(0.0324999999999996,-0.0698741196746495,0.011));
#13728=CARTESIAN_POINT('',(0.031,-0.061,0.011));
#13729=CARTESIAN_POINT('',(0.00099999999999989,-0.000999999999999973,0.015));
#13730=CARTESIAN_POINT('',(0.031,-0.091,0.015));
#13731=CARTESIAN_POINT('',(0.035,-0.091,0.015));
#13732=CARTESIAN_POINT('',(0.031,-0.091,0.011));
#13733=CARTESIAN_POINT('',(0.0347080992435478,-0.0895,0.014));
#13734=CARTESIAN_POINT('',(0.0364485466913031,-0.0895,0.0130319372203315));
#13735=CARTESIAN_POINT('',(0.0381602168384071,-0.0895,0.0120139585919689));
#13736=CARTESIAN_POINT('',(0.0398741196746493,-0.0895,0.011));
#13737=CARTESIAN_POINT('',(0.0347080992435478,-0.0895,0.014));
#13738=CARTESIAN_POINT('',(0.031,-0.091,0.014));
#13739=CARTESIAN_POINT('',(0.0347080992435477,-0.0925,0.014));
#13740=CARTESIAN_POINT('',(0.0398741196746493,-0.0925,0.011));
#13741=CARTESIAN_POINT('',(0.0381602183483104,-0.0925,0.0120139576986981));
#13742=CARTESIAN_POINT('',(0.0364486267173873,-0.0925,0.0130318927086321));
#13743=CARTESIAN_POINT('',(0.0347080992435477,-0.0925,0.014));
#13744=CARTESIAN_POINT('',(0.031,-0.091,0.011));
#13745=CARTESIAN_POINT('',(0.0294999999999996,-0.0872919007564523,0.014));
#13746=CARTESIAN_POINT('',(0.0294999999999996,-0.0855514533086969,0.0130319372203316));
#13747=CARTESIAN_POINT('',(0.0294999999999996,-0.0838397831615928,0.0120139585919689));
#13748=CARTESIAN_POINT('',(0.0294999999999996,-0.0821258803253506,0.011));
#13749=CARTESIAN_POINT('',(0.0294999999999996,-0.0872919007564523,0.014));
#13750=CARTESIAN_POINT('',(0.031,-0.091,0.014));
#13751=CARTESIAN_POINT('',(0.0324999999999996,-0.087291900756452,0.014));
#13752=CARTESIAN_POINT('',(0.0324999999999996,-0.0821258803253505,0.011));
#13753=CARTESIAN_POINT('',(0.0324999999999996,-0.0838397816516893,0.0120139576986981));
#13754=CARTESIAN_POINT('',(0.0324999999999996,-0.0855513732826124,0.0130318927086321));
#13755=CARTESIAN_POINT('',(0.0324999999999996,-0.087291900756452,0.014));
#13756=CARTESIAN_POINT('',(0.000999999999999973,-0.000999999999999973,0.01));
#13757=CARTESIAN_POINT('',(0.031,-0.031,0.01));
#13758=CARTESIAN_POINT('',(0.033,-0.031,0.01));
#13759=CARTESIAN_POINT('',(0.00099999999999989,-0.000999999999999973,0.015));
#13760=CARTESIAN_POINT('',(0.061,-0.061,0.015));
#13761=CARTESIAN_POINT('',(0.065,-0.061,0.015));
#13762=CARTESIAN_POINT('',(0.061,-0.061,0.011));
#13763=CARTESIAN_POINT('',(0.0647080992435477,-0.0595,0.014));
#13764=CARTESIAN_POINT('',(0.0664485466913031,-0.0595,0.0130319372203315));
#13765=CARTESIAN_POINT('',(0.0681602168384071,-0.0595,0.0120139585919689));
#13766=CARTESIAN_POINT('',(0.0698741196746493,-0.0595,0.011));
#13767=CARTESIAN_POINT('',(0.0647080992435477,-0.0595,0.014));
#13768=CARTESIAN_POINT('',(0.061,-0.061,0.014));
#13769=CARTESIAN_POINT('',(0.0647080992435476,-0.0625,0.014));
#13770=CARTESIAN_POINT('',(0.0698741196746493,-0.0625,0.011));
#13771=CARTESIAN_POINT('',(0.0681602183483104,-0.0625,0.0120139576986981));
#13772=CARTESIAN_POINT('',(0.0664486267173873,-0.0625,0.0130318927086321));
#13773=CARTESIAN_POINT('',(0.0647080992435476,-0.0625,0.014));
#13774=CARTESIAN_POINT('',(0.061,-0.061,0.011));
#13775=CARTESIAN_POINT('',(0.0625,-0.064708099243548,0.014));
#13776=CARTESIAN_POINT('',(0.0625,-0.0664485466913033,0.0130319372203315));
#13777=CARTESIAN_POINT('',(0.0625,-0.0681602168384074,0.0120139585919689));
#13778=CARTESIAN_POINT('',(0.0625,-0.0698741196746495,0.011));
#13779=CARTESIAN_POINT('',(0.0625,-0.064708099243548,0.014));
#13780=CARTESIAN_POINT('',(0.061,-0.061,0.014));
#13781=CARTESIAN_POINT('',(0.0595,-0.0647080992435477,0.014));
#13782=CARTESIAN_POINT('',(0.0595,-0.0698741196746494,0.011));
#13783=CARTESIAN_POINT('',(0.0595,-0.0681602183483105,0.0120139576986981));
#13784=CARTESIAN_POINT('',(0.0595,-0.0664486267173874,0.0130318927086321));
#13785=CARTESIAN_POINT('',(0.0595,-0.0647080992435477,0.014));
#13786=CARTESIAN_POINT('',(0.061,-0.061,0.011));
#13787=CARTESIAN_POINT('',(0.057291900756452,-0.0625,0.014));
#13788=CARTESIAN_POINT('',(0.0555514533086966,-0.0625,0.0130319372203315));
#13789=CARTESIAN_POINT('',(0.0538397831615926,-0.0625,0.0120139585919689));
#13790=CARTESIAN_POINT('',(0.0521258803253504,-0.0625,0.011));
#13791=CARTESIAN_POINT('',(0.057291900756452,-0.0625,0.014));
#13792=CARTESIAN_POINT('',(0.0521258803253504,-0.0625,0.011));
#13793=CARTESIAN_POINT('',(0.061,-0.061,0.014));
#13794=CARTESIAN_POINT('',(0.057291900756452,-0.0595,0.014));
#13795=CARTESIAN_POINT('',(0.0521258803253504,-0.0595,0.011));
#13796=CARTESIAN_POINT('',(0.0538397816516893,-0.0595,0.0120139576986981));
#13797=CARTESIAN_POINT('',(0.0555513732826123,-0.0595,0.0130318927086321));
#13798=CARTESIAN_POINT('',(0.057291900756452,-0.0595,0.014));
#13799=CARTESIAN_POINT('',(0.0521258803253504,-0.0595,0.011));
#13800=CARTESIAN_POINT('',(0.061,-0.061,0.011));
#13801=CARTESIAN_POINT('',(-0.0255,-0.061,0.011));
#13802=CARTESIAN_POINT('',(-0.0255,-0.0625,0.011));
#13803=CARTESIAN_POINT('',(0.0398741196746493,-0.0625,0.011));
#13804=CARTESIAN_POINT('',(-0.0255,-0.0595,0.011));
#13805=CARTESIAN_POINT('',(0.0398741196746493,-0.0595,0.011));
#13806=CARTESIAN_POINT('',(0.031,-0.061,0.011));
#13807=CARTESIAN_POINT('',(0.00099999999999989,-0.000999999999999973,0.015));
#13808=CARTESIAN_POINT('',(0.031,-0.061,0.015));
#13809=CARTESIAN_POINT('',(0.035,-0.061,0.015));
#13810=CARTESIAN_POINT('',(0.031,-0.061,0.011));
#13811=CARTESIAN_POINT('',(0.0347080992435478,-0.0595,0.014));
#13812=CARTESIAN_POINT('',(0.0364485466913031,-0.0595,0.0130319372203315));
#13813=CARTESIAN_POINT('',(0.0381602168384072,-0.0595,0.0120139585919689));
#13814=CARTESIAN_POINT('',(0.0398741196746493,-0.0595,0.011));
#13815=CARTESIAN_POINT('',(0.0347080992435478,-0.0595,0.014));
#13816=CARTESIAN_POINT('',(0.031,-0.061,0.014));
#13817=CARTESIAN_POINT('',(0.0347080992435477,-0.0625,0.014));
#13818=CARTESIAN_POINT('',(0.0398741196746493,-0.0625,0.011));
#13819=CARTESIAN_POINT('',(0.0381602183483104,-0.0625,0.0120139576986981));
#13820=CARTESIAN_POINT('',(0.0364486267173873,-0.0625,0.0130318927086321));
#13821=CARTESIAN_POINT('',(0.0347080992435477,-0.0625,0.014));
#13822=CARTESIAN_POINT('',(0.031,-0.061,0.011));
#13823=CARTESIAN_POINT('',(0.0324999999999996,-0.0647080992435479,0.014));
#13824=CARTESIAN_POINT('',(0.0324999999999996,-0.0664485466913032,0.0130319372203315));
#13825=CARTESIAN_POINT('',(0.0324999999999996,-0.0681602168384073,0.0120139585919689));
#13826=CARTESIAN_POINT('',(0.0324999999999996,-0.0698741196746495,0.011));
#13827=CARTESIAN_POINT('',(0.0324999999999996,-0.0647080992435479,0.014));
#13828=CARTESIAN_POINT('',(0.031,-0.061,0.014));
#13829=CARTESIAN_POINT('',(0.0294999999999996,-0.0647080992435477,0.014));
#13830=CARTESIAN_POINT('',(0.0294999999999996,-0.0698741196746494,0.011));
#13831=CARTESIAN_POINT('',(0.0294999999999996,-0.0681602183483105,0.0120139576986981));
#13832=CARTESIAN_POINT('',(0.0294999999999996,-0.0664486267173874,0.0130318927086322));
#13833=CARTESIAN_POINT('',(0.0294999999999996,-0.0647080992435477,0.014));
#13834=CARTESIAN_POINT('',(0.121,-0.031,0.01));
#13835=CARTESIAN_POINT('',(0.121,-0.031,0.015));
#13836=CARTESIAN_POINT('',(0.123,-0.031,0.015));
#13837=CARTESIAN_POINT('',(0.121,0.0681126952174645,0.011));
#13838=CARTESIAN_POINT('',(0.1195,0.0681126952174645,0.011));
#13839=CARTESIAN_POINT('',(0.1195,-0.0398741196746493,0.011));
#13840=CARTESIAN_POINT('',(0.1195,-0.0521258803253506,0.011));
#13841=CARTESIAN_POINT('',(0.121,-0.061,0.011));
#13842=CARTESIAN_POINT('',(0.1225,-0.0521258803253505,0.011));
#13843=CARTESIAN_POINT('',(0.1225,0.0681126952174645,0.011));
#13844=CARTESIAN_POINT('',(0.1225,-0.0398741196746495,0.011));
#13845=CARTESIAN_POINT('',(0.121,-0.031,0.011));
#13846=CARTESIAN_POINT('',(0.121,-0.061,0.011));
#13847=CARTESIAN_POINT('',(0.1195,-0.0572919007564523,0.014));
#13848=CARTESIAN_POINT('',(0.1195,-0.0555514533086969,0.0130319372203315));
#13849=CARTESIAN_POINT('',(0.1195,-0.0538397831615928,0.012013958591969));
#13850=CARTESIAN_POINT('',(0.1195,-0.0521258803253506,0.011));
#13851=CARTESIAN_POINT('',(0.1195,-0.0572919007564523,0.014));
#13852=CARTESIAN_POINT('',(0.121,-0.061,0.014));
#13853=CARTESIAN_POINT('',(0.1225,-0.057291900756452,0.014));
#13854=CARTESIAN_POINT('',(0.1225,-0.0521258803253505,0.011));
#13855=CARTESIAN_POINT('',(0.1225,-0.0538397816516894,0.0120139576986981));
#13856=CARTESIAN_POINT('',(0.1225,-0.0555513732826124,0.0130318927086321));
#13857=CARTESIAN_POINT('',(0.1225,-0.057291900756452,0.014));
#13858=CARTESIAN_POINT('',(0.091,-0.031,0.01));
#13859=CARTESIAN_POINT('',(0.091,-0.031,0.015));
#13860=CARTESIAN_POINT('',(0.093,-0.031,0.015));
#13861=CARTESIAN_POINT('',(0.091,0.0681126952174645,0.011));
#13862=CARTESIAN_POINT('',(0.0895,0.0681126952174645,0.011));
#13863=CARTESIAN_POINT('',(0.0895,-0.0398741196746493,0.011));
#13864=CARTESIAN_POINT('',(0.0895,-0.0521258803253506,0.011));
#13865=CARTESIAN_POINT('',(0.091,-0.061,0.011));
#13866=CARTESIAN_POINT('',(0.0925,-0.0521258803253505,0.011));
#13867=CARTESIAN_POINT('',(0.0925,0.0681126952174645,0.011));
#13868=CARTESIAN_POINT('',(0.0925,-0.0398741196746495,0.011));
#13869=CARTESIAN_POINT('',(0.091,-0.031,0.011));
#13870=CARTESIAN_POINT('',(0.091,-0.061,0.011));
#13871=CARTESIAN_POINT('',(0.0895,-0.0572919007564523,0.014));
#13872=CARTESIAN_POINT('',(0.0895,-0.0555514533086969,0.0130319372203315));
#13873=CARTESIAN_POINT('',(0.0895,-0.0538397831615928,0.012013958591969));
#13874=CARTESIAN_POINT('',(0.0895,-0.0521258803253506,0.011));
#13875=CARTESIAN_POINT('',(0.0895,-0.0572919007564523,0.014));
#13876=CARTESIAN_POINT('',(0.091,-0.061,0.014));
#13877=CARTESIAN_POINT('',(0.0925,-0.057291900756452,0.014));
#13878=CARTESIAN_POINT('',(0.0925,-0.0521258803253505,0.011));
#13879=CARTESIAN_POINT('',(0.0925,-0.0538397816516894,0.0120139576986981));
#13880=CARTESIAN_POINT('',(0.0925,-0.0555513732826124,0.0130318927086321));
#13881=CARTESIAN_POINT('',(0.0925,-0.057291900756452,0.014));
#13882=CARTESIAN_POINT('',(0.151,-0.031,0.01));
#13883=CARTESIAN_POINT('',(0.151,-0.031,0.015));
#13884=CARTESIAN_POINT('',(0.153,-0.031,0.015));
#13885=CARTESIAN_POINT('',(0.151,0.0681126952174645,0.011));
#13886=CARTESIAN_POINT('',(0.1495,0.0681126952174645,0.011));
#13887=CARTESIAN_POINT('',(0.1495,-0.0398741196746493,0.011));
#13888=CARTESIAN_POINT('',(0.1495,-0.0521258803253506,0.011));
#13889=CARTESIAN_POINT('',(0.151,-0.061,0.011));
#13890=CARTESIAN_POINT('',(0.1525,-0.0521258803253505,0.011));
#13891=CARTESIAN_POINT('',(0.1525,0.0681126952174645,0.011));
#13892=CARTESIAN_POINT('',(0.1525,-0.0398741196746495,0.011));
#13893=CARTESIAN_POINT('',(0.151,-0.031,0.011));
#13894=CARTESIAN_POINT('',(0.151,-0.061,0.011));
#13895=CARTESIAN_POINT('',(0.1495,-0.0572919007564523,0.014));
#13896=CARTESIAN_POINT('',(0.1495,-0.0555514533086969,0.0130319372203315));
#13897=CARTESIAN_POINT('',(0.1495,-0.0538397831615928,0.012013958591969));
#13898=CARTESIAN_POINT('',(0.1495,-0.0521258803253506,0.011));
#13899=CARTESIAN_POINT('',(0.1495,-0.0572919007564523,0.014));
#13900=CARTESIAN_POINT('',(0.151,-0.061,0.014));
#13901=CARTESIAN_POINT('',(0.1525,-0.057291900756452,0.014));
#13902=CARTESIAN_POINT('',(0.1525,-0.0521258803253505,0.011));
#13903=CARTESIAN_POINT('',(0.1525,-0.0538397816516894,0.0120139576986981));
#13904=CARTESIAN_POINT('',(0.1525,-0.0555513732826124,0.0130318927086321));
#13905=CARTESIAN_POINT('',(0.1525,-0.057291900756452,0.014));
#13906=CARTESIAN_POINT('',(0.061,-0.031,0.01));
#13907=CARTESIAN_POINT('',(0.061,-0.031,0.015));
#13908=CARTESIAN_POINT('',(0.063,-0.031,0.015));
#13909=CARTESIAN_POINT('',(0.061,0.0681126952174645,0.011));
#13910=CARTESIAN_POINT('',(0.0595,0.0681126952174645,0.011));
#13911=CARTESIAN_POINT('',(0.0595,-0.0398741196746493,0.011));
#13912=CARTESIAN_POINT('',(0.0595,-0.0521258803253506,0.011));
#13913=CARTESIAN_POINT('',(0.061,-0.061,0.011));
#13914=CARTESIAN_POINT('',(0.0625,-0.0521258803253505,0.011));
#13915=CARTESIAN_POINT('',(0.0625,0.0681126952174645,0.011));
#13916=CARTESIAN_POINT('',(0.0625,-0.0398741196746495,0.011));
#13917=CARTESIAN_POINT('',(0.061,-0.031,0.011));
#13918=CARTESIAN_POINT('',(0.061,-0.061,0.011));
#13919=CARTESIAN_POINT('',(0.0595,-0.0572919007564523,0.014));
#13920=CARTESIAN_POINT('',(0.0595,-0.0555514533086969,0.0130319372203315));
#13921=CARTESIAN_POINT('',(0.0595,-0.0538397831615928,0.012013958591969));
#13922=CARTESIAN_POINT('',(0.0595,-0.0521258803253506,0.011));
#13923=CARTESIAN_POINT('',(0.0595,-0.0572919007564523,0.014));
#13924=CARTESIAN_POINT('',(0.061,-0.061,0.014));
#13925=CARTESIAN_POINT('',(0.0625,-0.057291900756452,0.014));
#13926=CARTESIAN_POINT('',(0.0625,-0.0521258803253505,0.011));
#13927=CARTESIAN_POINT('',(0.0625,-0.0538397816516894,0.0120139576986981));
#13928=CARTESIAN_POINT('',(0.0625,-0.0555513732826124,0.0130318927086321));
#13929=CARTESIAN_POINT('',(0.0625,-0.057291900756452,0.014));
#13930=CARTESIAN_POINT('',(0.031,-0.121,0.01));
#13931=CARTESIAN_POINT('',(0.031,-0.121,0.015));
#13932=CARTESIAN_POINT('',(0.033,-0.121,0.015));
#13933=CARTESIAN_POINT('',(0.0309999999999995,0.0681126952174645,0.011));
#13934=CARTESIAN_POINT('',(0.0294999999999996,0.0681126952174645,0.011));
#13935=CARTESIAN_POINT('',(0.0294999999999996,-0.0998741196746494,0.011));
#13936=CARTESIAN_POINT('',(0.0294999999999996,-0.112125880325351,0.011));
#13937=CARTESIAN_POINT('',(0.031,-0.121,0.011));
#13938=CARTESIAN_POINT('',(0.0324999999999996,-0.11212588032535,0.011));
#13939=CARTESIAN_POINT('',(0.0324999999999996,0.0681126952174645,0.011));
#13940=CARTESIAN_POINT('',(0.0324999999999996,-0.0998741196746495,0.011));
#13941=CARTESIAN_POINT('',(0.031,-0.091,0.011));
#13942=CARTESIAN_POINT('',(0.031,-0.091,0.011));
#13943=CARTESIAN_POINT('',(0.0324999999999996,-0.0947080992435479,0.014));
#13944=CARTESIAN_POINT('',(0.0324999999999996,-0.0964485466913032,0.0130319372203315));
#13945=CARTESIAN_POINT('',(0.0324999999999996,-0.0981602168384073,0.0120139585919689));
#13946=CARTESIAN_POINT('',(0.0324999999999996,-0.0998741196746495,0.011));
#13947=CARTESIAN_POINT('',(0.0324999999999996,-0.0947080992435479,0.014));
#13948=CARTESIAN_POINT('',(0.031,-0.091,0.014));
#13949=CARTESIAN_POINT('',(0.0294999999999996,-0.0947080992435477,0.014));
#13950=CARTESIAN_POINT('',(0.0294999999999996,-0.0998741196746493,0.011));
#13951=CARTESIAN_POINT('',(0.0294999999999996,-0.0981602183483105,0.0120139576986981));
#13952=CARTESIAN_POINT('',(0.0294999999999996,-0.0964486267173874,0.0130318927086322));
#13953=CARTESIAN_POINT('',(0.0294999999999996,-0.0947080992435477,0.014));
#13954=CARTESIAN_POINT('',(0.061,-0.121,0.01));
#13955=CARTESIAN_POINT('',(0.061,-0.121,0.015));
#13956=CARTESIAN_POINT('',(0.063,-0.121,0.015));
#13957=CARTESIAN_POINT('',(0.061,0.0681126952174645,0.011));
#13958=CARTESIAN_POINT('',(0.0595,0.0681126952174645,0.011));
#13959=CARTESIAN_POINT('',(0.0595,-0.0998741196746493,0.011));
#13960=CARTESIAN_POINT('',(0.0595,-0.112125880325351,0.011));
#13961=CARTESIAN_POINT('',(0.061,-0.121,0.011));
#13962=CARTESIAN_POINT('',(0.0625,-0.11212588032535,0.011));
#13963=CARTESIAN_POINT('',(0.0625,0.0681126952174645,0.011));
#13964=CARTESIAN_POINT('',(0.0625,-0.0998741196746495,0.011));
#13965=CARTESIAN_POINT('',(0.061,-0.091,0.011));
#13966=CARTESIAN_POINT('',(0.061,-0.091,0.011));
#13967=CARTESIAN_POINT('',(0.0625,-0.0947080992435479,0.014));
#13968=CARTESIAN_POINT('',(0.0625,-0.0964485466913033,0.0130319372203315));
#13969=CARTESIAN_POINT('',(0.0625,-0.0981602168384073,0.0120139585919689));
#13970=CARTESIAN_POINT('',(0.0625,-0.0998741196746495,0.011));
#13971=CARTESIAN_POINT('',(0.0625,-0.0947080992435479,0.014));
#13972=CARTESIAN_POINT('',(0.061,-0.091,0.014));
#13973=CARTESIAN_POINT('',(0.0595,-0.0947080992435477,0.014));
#13974=CARTESIAN_POINT('',(0.0595,-0.0998741196746493,0.011));
#13975=CARTESIAN_POINT('',(0.0595,-0.0981602183483104,0.0120139576986981));
#13976=CARTESIAN_POINT('',(0.0595,-0.0964486267173874,0.0130318927086321));
#13977=CARTESIAN_POINT('',(0.0595,-0.0947080992435477,0.014));
#13978=CARTESIAN_POINT('',(0.091,-0.121,0.01));
#13979=CARTESIAN_POINT('',(0.091,-0.121,0.015));
#13980=CARTESIAN_POINT('',(0.093,-0.121,0.015));
#13981=CARTESIAN_POINT('',(0.091,0.0681126952174645,0.011));
#13982=CARTESIAN_POINT('',(0.0895,0.0681126952174645,0.011));
#13983=CARTESIAN_POINT('',(0.0895,-0.0998741196746493,0.011));
#13984=CARTESIAN_POINT('',(0.0895,-0.112125880325351,0.011));
#13985=CARTESIAN_POINT('',(0.091,-0.121,0.011));
#13986=CARTESIAN_POINT('',(0.0925,-0.11212588032535,0.011));
#13987=CARTESIAN_POINT('',(0.0925,0.0681126952174645,0.011));
#13988=CARTESIAN_POINT('',(0.0925,-0.0998741196746495,0.011));
#13989=CARTESIAN_POINT('',(0.091,-0.091,0.011));
#13990=CARTESIAN_POINT('',(0.091,-0.091,0.011));
#13991=CARTESIAN_POINT('',(0.0925,-0.0947080992435479,0.014));
#13992=CARTESIAN_POINT('',(0.0925,-0.0964485466913033,0.0130319372203315));
#13993=CARTESIAN_POINT('',(0.0925,-0.0981602168384073,0.0120139585919689));
#13994=CARTESIAN_POINT('',(0.0925,-0.0998741196746495,0.011));
#13995=CARTESIAN_POINT('',(0.0925,-0.0947080992435479,0.014));
#13996=CARTESIAN_POINT('',(0.091,-0.091,0.014));
#13997=CARTESIAN_POINT('',(0.0895,-0.0947080992435477,0.014));
#13998=CARTESIAN_POINT('',(0.0895,-0.0998741196746493,0.011));
#13999=CARTESIAN_POINT('',(0.0895,-0.0981602183483104,0.0120139576986981));
#14000=CARTESIAN_POINT('',(0.0895,-0.0964486267173874,0.0130318927086321));
#14001=CARTESIAN_POINT('',(0.0895,-0.0947080992435477,0.014));
#14002=CARTESIAN_POINT('',(0.121,-0.121,0.01));
#14003=CARTESIAN_POINT('',(0.121,-0.121,0.015));
#14004=CARTESIAN_POINT('',(0.123,-0.121,0.015));
#14005=CARTESIAN_POINT('',(0.121,0.0681126952174645,0.011));
#14006=CARTESIAN_POINT('',(0.1195,0.0681126952174645,0.011));
#14007=CARTESIAN_POINT('',(0.1195,-0.0998741196746494,0.011));
#14008=CARTESIAN_POINT('',(0.1195,-0.112125880325351,0.011));
#14009=CARTESIAN_POINT('',(0.121,-0.121,0.011));
#14010=CARTESIAN_POINT('',(0.1225,-0.11212588032535,0.011));
#14011=CARTESIAN_POINT('',(0.1225,0.0681126952174645,0.011));
#14012=CARTESIAN_POINT('',(0.1225,-0.0998741196746495,0.011));
#14013=CARTESIAN_POINT('',(0.121,-0.091,0.011));
#14014=CARTESIAN_POINT('',(0.121,-0.091,0.011));
#14015=CARTESIAN_POINT('',(0.1225,-0.0947080992435479,0.014));
#14016=CARTESIAN_POINT('',(0.1225,-0.0964485466913033,0.0130319372203315));
#14017=CARTESIAN_POINT('',(0.1225,-0.0981602168384073,0.0120139585919689));
#14018=CARTESIAN_POINT('',(0.1225,-0.0998741196746495,0.011));
#14019=CARTESIAN_POINT('',(0.1225,-0.0947080992435479,0.014));
#14020=CARTESIAN_POINT('',(0.121,-0.091,0.014));
#14021=CARTESIAN_POINT('',(0.1195,-0.0947080992435477,0.014));
#14022=CARTESIAN_POINT('',(0.1195,-0.0998741196746493,0.011));
#14023=CARTESIAN_POINT('',(0.1195,-0.0981602183483105,0.0120139576986981));
#14024=CARTESIAN_POINT('',(0.1195,-0.0964486267173874,0.0130318927086321));
#14025=CARTESIAN_POINT('',(0.1195,-0.0947080992435477,0.014));
#14026=CARTESIAN_POINT('',(0.151,-0.121,0.01));
#14027=CARTESIAN_POINT('',(0.151,-0.121,0.015));
#14028=CARTESIAN_POINT('',(0.153,-0.121,0.015));
#14029=CARTESIAN_POINT('',(0.151,0.0681126952174645,0.011));
#14030=CARTESIAN_POINT('',(0.1495,0.0681126952174645,0.011));
#14031=CARTESIAN_POINT('',(0.1495,-0.0998741196746493,0.011));
#14032=CARTESIAN_POINT('',(0.1495,-0.112125880325351,0.011));
#14033=CARTESIAN_POINT('',(0.151,-0.121,0.011));
#14034=CARTESIAN_POINT('',(0.1525,-0.11212588032535,0.011));
#14035=CARTESIAN_POINT('',(0.1525,0.0681126952174645,0.011));
#14036=CARTESIAN_POINT('',(0.1525,-0.0998741196746495,0.011));
#14037=CARTESIAN_POINT('',(0.151,-0.091,0.011));
#14038=CARTESIAN_POINT('',(0.151,-0.091,0.011));
#14039=CARTESIAN_POINT('',(0.1525,-0.094708099243548,0.014));
#14040=CARTESIAN_POINT('',(0.1525,-0.0964485466913034,0.0130319372203315));
#14041=CARTESIAN_POINT('',(0.1525,-0.0981602168384074,0.0120139585919689));
#14042=CARTESIAN_POINT('',(0.1525,-0.0998741196746495,0.011));
#14043=CARTESIAN_POINT('',(0.1525,-0.094708099243548,0.014));
#14044=CARTESIAN_POINT('',(0.151,-0.091,0.014));
#14045=CARTESIAN_POINT('',(0.1495,-0.0947080992435476,0.014));
#14046=CARTESIAN_POINT('',(0.1495,-0.0998741196746493,0.011));
#14047=CARTESIAN_POINT('',(0.1495,-0.0981602183483104,0.0120139576986981));
#14048=CARTESIAN_POINT('',(0.1495,-0.0964486267173873,0.0130318927086321));
#14049=CARTESIAN_POINT('',(0.1495,-0.0947080992435476,0.014));
#14050=CARTESIAN_POINT('',(0.181,-0.121,0.01));
#14051=CARTESIAN_POINT('',(0.181,-0.121,0.015));
#14052=CARTESIAN_POINT('',(0.183,-0.121,0.015));
#14053=CARTESIAN_POINT('',(0.181,-0.091,0.01));
#14054=CARTESIAN_POINT('',(0.181,-0.091,0.015));
#14055=CARTESIAN_POINT('',(0.183,-0.091,0.015));
#14056=CARTESIAN_POINT('',(-0.0255,-0.091,0.011));
#14057=CARTESIAN_POINT('',(-0.0255,-0.0925,0.011));
#14058=CARTESIAN_POINT('',(0.159874119674649,-0.0925,0.011));
#14059=CARTESIAN_POINT('',(0.172125880325351,-0.0925,0.011));
#14060=CARTESIAN_POINT('',(0.181,-0.091,0.011));
#14061=CARTESIAN_POINT('',(0.172125880325351,-0.0895,0.011));
#14062=CARTESIAN_POINT('',(-0.0255,-0.0895,0.011));
#14063=CARTESIAN_POINT('',(0.159874119674649,-0.0895,0.011));
#14064=CARTESIAN_POINT('',(0.151,-0.091,0.011));
#14065=CARTESIAN_POINT('',(0.151,-0.091,0.011));
#14066=CARTESIAN_POINT('',(0.154708099243548,-0.0895,0.014));
#14067=CARTESIAN_POINT('',(0.156448546691303,-0.0895,0.0130319372203316));
#14068=CARTESIAN_POINT('',(0.158160216838407,-0.0895,0.0120139585919689));
#14069=CARTESIAN_POINT('',(0.159874119674649,-0.0895,0.011));
#14070=CARTESIAN_POINT('',(0.154708099243548,-0.0895,0.014));
#14071=CARTESIAN_POINT('',(0.151,-0.091,0.014));
#14072=CARTESIAN_POINT('',(0.154708099243548,-0.0925,0.014));
#14073=CARTESIAN_POINT('',(0.159874119674649,-0.0925,0.011));
#14074=CARTESIAN_POINT('',(0.15816021834831,-0.0925,0.0120139576986981));
#14075=CARTESIAN_POINT('',(0.156448626717387,-0.0925,0.0130318927086322));
#14076=CARTESIAN_POINT('',(0.154708099243548,-0.0925,0.014));
#14077=CARTESIAN_POINT('',(0.181,-0.061,0.01));
#14078=CARTESIAN_POINT('',(0.181,-0.061,0.015));
#14079=CARTESIAN_POINT('',(0.183,-0.061,0.015));
#14080=CARTESIAN_POINT('',(-0.0255,-0.061,0.011));
#14081=CARTESIAN_POINT('',(-0.0255,-0.0625,0.011));
#14082=CARTESIAN_POINT('',(0.159874119674649,-0.0625,0.011));
#14083=CARTESIAN_POINT('',(0.172125880325351,-0.0625,0.011));
#14084=CARTESIAN_POINT('',(0.181,-0.061,0.011));
#14085=CARTESIAN_POINT('',(0.172125880325351,-0.0595,0.011));
#14086=CARTESIAN_POINT('',(-0.0255,-0.0595,0.011));
#14087=CARTESIAN_POINT('',(0.159874119674649,-0.0595,0.011));
#14088=CARTESIAN_POINT('',(0.151,-0.061,0.011));
#14089=CARTESIAN_POINT('',(0.151,-0.061,0.011));
#14090=CARTESIAN_POINT('',(0.154708099243548,-0.0595,0.014));
#14091=CARTESIAN_POINT('',(0.156448546691303,-0.0595,0.0130319372203316));
#14092=CARTESIAN_POINT('',(0.158160216838407,-0.0595,0.0120139585919689));
#14093=CARTESIAN_POINT('',(0.159874119674649,-0.0595,0.011));
#14094=CARTESIAN_POINT('',(0.154708099243548,-0.0595,0.014));
#14095=CARTESIAN_POINT('',(0.151,-0.061,0.014));
#14096=CARTESIAN_POINT('',(0.154708099243548,-0.0625,0.014));
#14097=CARTESIAN_POINT('',(0.159874119674649,-0.0625,0.011));
#14098=CARTESIAN_POINT('',(0.15816021834831,-0.0625,0.0120139576986981));
#14099=CARTESIAN_POINT('',(0.156448626717387,-0.0625,0.0130318927086322));
#14100=CARTESIAN_POINT('',(0.154708099243548,-0.0625,0.014));
#14101=CARTESIAN_POINT('',(0.181,-0.031,0.01));
#14102=CARTESIAN_POINT('',(0.181,-0.031,0.015));
#14103=CARTESIAN_POINT('',(0.183,-0.031,0.015));
#14104=CARTESIAN_POINT('',(-0.0255,-0.0895,0.011));
#14105=CARTESIAN_POINT('',(-0.0255,-0.0895,0.008));
#14106=CARTESIAN_POINT('',(0.0347080992435478,-0.0895,0.008));
#14107=CARTESIAN_POINT('',(0.057291900756452,-0.0895,0.008));
#14108=CARTESIAN_POINT('',(0.0347080992435478,-0.0895,0.015));
#14109=CARTESIAN_POINT('',(0.057291900756452,-0.0895,0.015));
#14110=CARTESIAN_POINT('',(0.0324999999999996,0.0681126952174645,0.011));
#14111=CARTESIAN_POINT('',(0.0324999999999996,0.0681126952174645,0.008));
#14112=CARTESIAN_POINT('',(0.0324999999999996,-0.0647080992435479,0.008));
#14113=CARTESIAN_POINT('',(0.0324999999999996,-0.087291900756452,0.008));
#14114=CARTESIAN_POINT('',(0.0324999999999996,-0.0647080992435479,0.015));
#14115=CARTESIAN_POINT('',(0.0324999999999996,-0.087291900756452,0.015));
#14116=CARTESIAN_POINT('',(-0.0255,-0.0625,0.011));
#14117=CARTESIAN_POINT('',(0.0347080992435477,-0.0625,0.015));
#14118=CARTESIAN_POINT('',(0.0347080992435477,-0.0625,0.008));
#14119=CARTESIAN_POINT('',(-0.0255,-0.0625,0.008));
#14120=CARTESIAN_POINT('',(0.057291900756452,-0.0625,0.008));
#14121=CARTESIAN_POINT('',(0.057291900756452,-0.0625,0.015));
#14122=CARTESIAN_POINT('',(0.0595,0.0681126952174645,0.011));
#14123=CARTESIAN_POINT('',(0.0595,-0.0872919007564523,0.015));
#14124=CARTESIAN_POINT('',(0.0595,-0.0872919007564523,0.008));
#14125=CARTESIAN_POINT('',(0.0595,-0.0647080992435477,0.015));
#14126=CARTESIAN_POINT('',(0.0595,-0.0647080992435477,0.008));
#14127=CARTESIAN_POINT('',(0.0595,0.0681126952174645,0.008));
#14128=CARTESIAN_POINT('',(-0.0255,-0.0595,0.011));
#14129=CARTESIAN_POINT('',(-0.0255,-0.0595,0.008));
#14130=CARTESIAN_POINT('',(0.124708099243548,-0.0595,0.008));
#14131=CARTESIAN_POINT('',(0.147291900756452,-0.0595,0.008));
#14132=CARTESIAN_POINT('',(0.124708099243548,-0.0595,0.015));
#14133=CARTESIAN_POINT('',(0.147291900756452,-0.0595,0.015));
#14134=CARTESIAN_POINT('',(-0.0255,-0.0925,0.011));
#14135=CARTESIAN_POINT('',(0.124708099243547,-0.0925,0.015));
#14136=CARTESIAN_POINT('',(0.124708099243547,-0.0925,0.008));
#14137=CARTESIAN_POINT('',(-0.0255,-0.0925,0.008));
#14138=CARTESIAN_POINT('',(0.147291900756452,-0.0925,0.008));
#14139=CARTESIAN_POINT('',(0.147291900756452,-0.0925,0.015));
#14140=CARTESIAN_POINT('',(-0.0255,-0.0895,0.011));
#14141=CARTESIAN_POINT('',(-0.0255,-0.0895,0.008));
#14142=CARTESIAN_POINT('',(0.0647080992435477,-0.0895,0.008));
#14143=CARTESIAN_POINT('',(0.0872919007564519,-0.0895,0.008));
#14144=CARTESIAN_POINT('',(0.0647080992435477,-0.0895,0.015));
#14145=CARTESIAN_POINT('',(0.0872919007564519,-0.0895,0.015));
#14146=CARTESIAN_POINT('',(0.0625,0.0681126952174645,0.011));
#14147=CARTESIAN_POINT('',(0.0625,-0.064708099243548,0.015));
#14148=CARTESIAN_POINT('',(0.0625,-0.064708099243548,0.008));
#14149=CARTESIAN_POINT('',(0.0625,-0.087291900756452,0.015));
#14150=CARTESIAN_POINT('',(0.0625,-0.087291900756452,0.008));
#14151=CARTESIAN_POINT('',(0.0625,0.0681126952174645,0.008));
#14152=CARTESIAN_POINT('',(-0.0255,-0.0625,0.011));
#14153=CARTESIAN_POINT('',(0.0647080992435476,-0.0625,0.015));
#14154=CARTESIAN_POINT('',(0.0647080992435476,-0.0625,0.008));
#14155=CARTESIAN_POINT('',(-0.0255,-0.0625,0.008));
#14156=CARTESIAN_POINT('',(0.087291900756452,-0.0625,0.008));
#14157=CARTESIAN_POINT('',(0.087291900756452,-0.0625,0.015));
#14158=CARTESIAN_POINT('',(0.0895,0.0681126952174645,0.011));
#14159=CARTESIAN_POINT('',(0.0895,-0.0872919007564523,0.015));
#14160=CARTESIAN_POINT('',(0.0895,-0.0872919007564523,0.008));
#14161=CARTESIAN_POINT('',(0.0895,-0.0647080992435477,0.015));
#14162=CARTESIAN_POINT('',(0.0895,-0.0647080992435477,0.008));
#14163=CARTESIAN_POINT('',(0.0895,0.0681126952174645,0.008));
#14164=CARTESIAN_POINT('',(-0.0255,-0.0895,0.011));
#14165=CARTESIAN_POINT('',(0.0947080992435477,-0.0895,0.015));
#14166=CARTESIAN_POINT('',(0.0947080992435477,-0.0895,0.008));
#14167=CARTESIAN_POINT('',(0.117291900756452,-0.0895,0.015));
#14168=CARTESIAN_POINT('',(0.117291900756452,-0.0895,0.008));
#14169=CARTESIAN_POINT('',(-0.0255,-0.0895,0.008));
#14170=CARTESIAN_POINT('',(0.0925,0.0681126952174645,0.011));
#14171=CARTESIAN_POINT('',(0.0925,-0.064708099243548,0.015));
#14172=CARTESIAN_POINT('',(0.0925,-0.064708099243548,0.008));
#14173=CARTESIAN_POINT('',(0.0925,-0.087291900756452,0.015));
#14174=CARTESIAN_POINT('',(0.0925,-0.087291900756452,0.008));
#14175=CARTESIAN_POINT('',(0.0925,0.0681126952174645,0.008));
#14176=CARTESIAN_POINT('',(-0.0255,-0.0625,0.011));
#14177=CARTESIAN_POINT('',(0.117291900756452,-0.0625,0.015));
#14178=CARTESIAN_POINT('',(0.117291900756452,-0.0625,0.008));
#14179=CARTESIAN_POINT('',(0.0947080992435476,-0.0625,0.015));
#14180=CARTESIAN_POINT('',(0.0947080992435476,-0.0625,0.008));
#14181=CARTESIAN_POINT('',(-0.0255,-0.0625,0.008));
#14182=CARTESIAN_POINT('',(0.1195,0.0681126952174645,0.011));
#14183=CARTESIAN_POINT('',(0.1195,-0.0872919007564523,0.015));
#14184=CARTESIAN_POINT('',(0.1195,-0.0872919007564523,0.008));
#14185=CARTESIAN_POINT('',(0.1195,-0.0647080992435477,0.015));
#14186=CARTESIAN_POINT('',(0.1195,-0.0647080992435477,0.008));
#14187=CARTESIAN_POINT('',(0.1195,0.0681126952174645,0.008));
#14188=CARTESIAN_POINT('',(-0.0255,-0.0925,0.011));
#14189=CARTESIAN_POINT('',(0.117291900756452,-0.0925,0.015));
#14190=CARTESIAN_POINT('',(0.117291900756452,-0.0925,0.008));
#14191=CARTESIAN_POINT('',(0.0947080992435476,-0.0925,0.015));
#14192=CARTESIAN_POINT('',(0.0947080992435476,-0.0925,0.008));
#14193=CARTESIAN_POINT('',(-0.0255,-0.0925,0.008));
#14194=CARTESIAN_POINT('',(-0.0255,-0.0595,0.011));
#14195=CARTESIAN_POINT('',(0.0947080992435476,-0.0595,0.015));
#14196=CARTESIAN_POINT('',(0.0947080992435476,-0.0595,0.008));
#14197=CARTESIAN_POINT('',(0.117291900756452,-0.0595,0.015));
#14198=CARTESIAN_POINT('',(0.117291900756452,-0.0595,0.008));
#14199=CARTESIAN_POINT('',(-0.0255,-0.0595,0.008));
#14200=CARTESIAN_POINT('',(-0.0255,-0.0925,0.011));
#14201=CARTESIAN_POINT('',(0.0647080992435476,-0.0925,0.015));
#14202=CARTESIAN_POINT('',(0.0647080992435476,-0.0925,0.008));
#14203=CARTESIAN_POINT('',(-0.0255,-0.0925,0.008));
#14204=CARTESIAN_POINT('',(0.087291900756452,-0.0925,0.008));
#14205=CARTESIAN_POINT('',(0.087291900756452,-0.0925,0.015));
#14206=CARTESIAN_POINT('',(0.091,-0.091,0.015));
#14207=CARTESIAN_POINT('',(0.091,-0.091,0.008));
#14208=CARTESIAN_POINT('',(0.091,-0.091,0.008));
#14209=CARTESIAN_POINT('',(0.0895,-0.0947080992435477,0.008));
#14210=CARTESIAN_POINT('',(0.0895,-0.0947080992435477,0.015));
#14211=CARTESIAN_POINT('',(0.0925,-0.0947080992435479,0.015));
#14212=CARTESIAN_POINT('',(0.0925,-0.0947080992435479,0.008));
#14213=CARTESIAN_POINT('',(0.091,-0.091,0.008));
#14214=CARTESIAN_POINT('',(0.091,-0.091,0.008));
#14215=CARTESIAN_POINT('',(0.091,-0.061,0.015));
#14216=CARTESIAN_POINT('',(0.0925,-0.057291900756452,0.015));
#14217=CARTESIAN_POINT('',(0.0925,-0.057291900756452,0.008));
#14218=CARTESIAN_POINT('',(0.0895,-0.0572919007564523,0.015));
#14219=CARTESIAN_POINT('',(0.0895,-0.0572919007564523,0.008));
#14220=CARTESIAN_POINT('',(0.091,-0.061,0.008));
#14221=CARTESIAN_POINT('',(0.0872919007564519,-0.0595,0.008));
#14222=CARTESIAN_POINT('',(0.0872919007564519,-0.0595,0.015));
#14223=CARTESIAN_POINT('',(0.091,-0.061,0.008));
#14224=CARTESIAN_POINT('',(0.091,-0.061,0.008));
#14225=CARTESIAN_POINT('',(0.091,-0.061,0.008));
#14226=CARTESIAN_POINT('',(-0.0255,-0.0595,0.011));
#14227=CARTESIAN_POINT('',(-0.0255,-0.0595,0.008));
#14228=CARTESIAN_POINT('',(0.0647080992435477,-0.0595,0.008));
#14229=CARTESIAN_POINT('',(0.0647080992435477,-0.0595,0.015));
#14230=CARTESIAN_POINT('',(0.1525,0.0681126952174645,0.011));
#14231=CARTESIAN_POINT('',(0.1525,-0.064708099243548,0.015));
#14232=CARTESIAN_POINT('',(0.1525,-0.064708099243548,0.008));
#14233=CARTESIAN_POINT('',(0.1525,-0.087291900756452,0.015));
#14234=CARTESIAN_POINT('',(0.1525,-0.087291900756452,0.008));
#14235=CARTESIAN_POINT('',(0.1525,0.0681126952174645,0.008));
#14236=CARTESIAN_POINT('',(0.151,-0.091,0.015));
#14237=CARTESIAN_POINT('',(0.1495,-0.0872919007564523,0.015));
#14238=CARTESIAN_POINT('',(0.1495,-0.0872919007564523,0.008));
#14239=CARTESIAN_POINT('',(0.151,-0.091,0.008));
#14240=CARTESIAN_POINT('',(0.147291900756452,-0.0895,0.008));
#14241=CARTESIAN_POINT('',(0.147291900756452,-0.0895,0.015));
#14242=CARTESIAN_POINT('',(0.151,-0.091,0.008));
#14243=CARTESIAN_POINT('',(0.1495,-0.0947080992435476,0.008));
#14244=CARTESIAN_POINT('',(0.1495,-0.0947080992435476,0.015));
#14245=CARTESIAN_POINT('',(0.1525,-0.094708099243548,0.015));
#14246=CARTESIAN_POINT('',(0.1525,-0.094708099243548,0.008));
#14247=CARTESIAN_POINT('',(0.151,-0.091,0.008));
#14248=CARTESIAN_POINT('',(0.154708099243548,-0.0925,0.008));
#14249=CARTESIAN_POINT('',(0.154708099243548,-0.0925,0.015));
#14250=CARTESIAN_POINT('',(0.154708099243548,-0.0895,0.015));
#14251=CARTESIAN_POINT('',(0.154708099243548,-0.0895,0.008));
#14252=CARTESIAN_POINT('',(0.151,-0.091,0.008));
#14253=CARTESIAN_POINT('',(-0.0255,-0.0895,0.011));
#14254=CARTESIAN_POINT('',(-0.0255,-0.0895,0.008));
#14255=CARTESIAN_POINT('',(0.124708099243548,-0.0895,0.008));
#14256=CARTESIAN_POINT('',(0.124708099243548,-0.0895,0.015));
#14257=CARTESIAN_POINT('',(0.121,-0.091,0.015));
#14258=CARTESIAN_POINT('',(0.1225,-0.087291900756452,0.015));
#14259=CARTESIAN_POINT('',(0.1225,-0.087291900756452,0.008));
#14260=CARTESIAN_POINT('',(0.121,-0.091,0.008));
#14261=CARTESIAN_POINT('',(0.121,-0.091,0.008));
#14262=CARTESIAN_POINT('',(0.1195,-0.0947080992435477,0.008));
#14263=CARTESIAN_POINT('',(0.1195,-0.0947080992435477,0.015));
#14264=CARTESIAN_POINT('',(0.1225,-0.0947080992435479,0.015));
#14265=CARTESIAN_POINT('',(0.1225,-0.0947080992435479,0.008));
#14266=CARTESIAN_POINT('',(0.121,-0.091,0.008));
#14267=CARTESIAN_POINT('',(0.121,-0.091,0.008));
#14268=CARTESIAN_POINT('',(0.1225,0.0681126952174645,0.011));
#14269=CARTESIAN_POINT('',(0.1225,-0.064708099243548,0.015));
#14270=CARTESIAN_POINT('',(0.1225,-0.064708099243548,0.008));
#14271=CARTESIAN_POINT('',(0.1225,0.0681126952174645,0.008));
#14272=CARTESIAN_POINT('',(0.121,-0.061,0.015));
#14273=CARTESIAN_POINT('',(0.1225,-0.057291900756452,0.015));
#14274=CARTESIAN_POINT('',(0.1225,-0.057291900756452,0.008));
#14275=CARTESIAN_POINT('',(0.1195,-0.0572919007564523,0.015));
#14276=CARTESIAN_POINT('',(0.1195,-0.0572919007564523,0.008));
#14277=CARTESIAN_POINT('',(0.121,-0.061,0.008));
#14278=CARTESIAN_POINT('',(0.121,-0.061,0.008));
#14279=CARTESIAN_POINT('',(0.121,-0.061,0.008));
#14280=CARTESIAN_POINT('',(0.124708099243548,-0.0625,0.008));
#14281=CARTESIAN_POINT('',(0.124708099243548,-0.0625,0.015));
#14282=CARTESIAN_POINT('',(0.121,-0.061,0.008));
#14283=CARTESIAN_POINT('',(-0.0255,-0.0625,0.011));
#14284=CARTESIAN_POINT('',(-0.0255,-0.0625,0.008));
#14285=CARTESIAN_POINT('',(0.147291900756452,-0.0625,0.008));
#14286=CARTESIAN_POINT('',(0.147291900756452,-0.0625,0.015));
#14287=CARTESIAN_POINT('',(0.151,-0.061,0.015));
#14288=CARTESIAN_POINT('',(0.1525,-0.057291900756452,0.015));
#14289=CARTESIAN_POINT('',(0.1525,-0.057291900756452,0.008));
#14290=CARTESIAN_POINT('',(0.1495,-0.0572919007564523,0.015));
#14291=CARTESIAN_POINT('',(0.1495,-0.0572919007564523,0.008));
#14292=CARTESIAN_POINT('',(0.151,-0.061,0.008));
#14293=CARTESIAN_POINT('',(0.151,-0.061,0.008));
#14294=CARTESIAN_POINT('',(0.1495,-0.0647080992435477,0.008));
#14295=CARTESIAN_POINT('',(0.1495,-0.0647080992435477,0.015));
#14296=CARTESIAN_POINT('',(0.151,-0.061,0.008));
#14297=CARTESIAN_POINT('',(0.154708099243548,-0.0625,0.008));
#14298=CARTESIAN_POINT('',(0.154708099243548,-0.0625,0.015));
#14299=CARTESIAN_POINT('',(0.154708099243548,-0.0595,0.015));
#14300=CARTESIAN_POINT('',(0.154708099243548,-0.0595,0.008));
#14301=CARTESIAN_POINT('',(0.151,-0.061,0.008));
#14302=CARTESIAN_POINT('',(0.1495,0.0681126952174645,0.011));
#14303=CARTESIAN_POINT('',(0.1495,0.0681126952174645,0.008));
#14304=CARTESIAN_POINT('',(-0.0255,-0.0925,0.011));
#14305=CARTESIAN_POINT('',(0.0347080992435477,-0.0925,0.015));
#14306=CARTESIAN_POINT('',(0.0347080992435477,-0.0925,0.008));
#14307=CARTESIAN_POINT('',(-0.0255,-0.0925,0.008));
#14308=CARTESIAN_POINT('',(0.0572919007564521,-0.0925,0.008));
#14309=CARTESIAN_POINT('',(0.0572919007564521,-0.0925,0.015));
#14310=CARTESIAN_POINT('',(0.061,-0.091,0.015));
#14311=CARTESIAN_POINT('',(0.061,-0.091,0.008));
#14312=CARTESIAN_POINT('',(0.061,-0.091,0.008));
#14313=CARTESIAN_POINT('',(0.0595,-0.0947080992435477,0.008));
#14314=CARTESIAN_POINT('',(0.0595,-0.0947080992435477,0.015));
#14315=CARTESIAN_POINT('',(0.0625,-0.0947080992435479,0.015));
#14316=CARTESIAN_POINT('',(0.0625,-0.0947080992435479,0.008));
#14317=CARTESIAN_POINT('',(0.061,-0.091,0.008));
#14318=CARTESIAN_POINT('',(0.061,-0.091,0.008));
#14319=CARTESIAN_POINT('',(0.031,-0.061,0.011));
#14320=CARTESIAN_POINT('',(0.0272919007564521,-0.0625,0.014));
#14321=CARTESIAN_POINT('',(0.0255514533086967,-0.0625,0.0130319372203315));
#14322=CARTESIAN_POINT('',(0.0238397831615926,-0.0625,0.0120139585919689));
#14323=CARTESIAN_POINT('',(0.0221258803253505,-0.0625,0.011));
#14324=CARTESIAN_POINT('',(0.0272919007564521,-0.0625,0.014));
#14325=CARTESIAN_POINT('',(0.0221258803253505,-0.0625,0.011));
#14326=CARTESIAN_POINT('',(0.031,-0.061,0.014));
#14327=CARTESIAN_POINT('',(0.027291900756452,-0.0595,0.014));
#14328=CARTESIAN_POINT('',(0.0221258803253504,-0.0595,0.011));
#14329=CARTESIAN_POINT('',(0.0238397816516893,-0.0595,0.0120139576986981));
#14330=CARTESIAN_POINT('',(0.0255513732826123,-0.0595,0.0130318927086321));
#14331=CARTESIAN_POINT('',(0.027291900756452,-0.0595,0.014));
#14332=CARTESIAN_POINT('',(0.0221258803253504,-0.0595,0.011));
#14333=CARTESIAN_POINT('',(0.031,-0.061,0.011));
#14334=CARTESIAN_POINT('',(0.0294999999999996,0.0681126952174645,0.011));
#14335=CARTESIAN_POINT('',(0.0294999999999996,-0.0647080992435477,0.015));
#14336=CARTESIAN_POINT('',(0.0294999999999996,-0.0647080992435477,0.008));
#14337=CARTESIAN_POINT('',(0.0294999999999996,0.0681126952174645,0.008));
#14338=CARTESIAN_POINT('',(0.0294999999999996,-0.0872919007564523,0.008));
#14339=CARTESIAN_POINT('',(0.0294999999999996,-0.0872919007564523,0.015));
#14340=CARTESIAN_POINT('',(0.031,-0.091,0.011));
#14341=CARTESIAN_POINT('',(0.0272919007564521,-0.0925,0.014));
#14342=CARTESIAN_POINT('',(0.0255514533086967,-0.0925,0.0130319372203315));
#14343=CARTESIAN_POINT('',(0.0238397831615926,-0.0925,0.0120139585919689));
#14344=CARTESIAN_POINT('',(0.0221258803253505,-0.0925,0.011));
#14345=CARTESIAN_POINT('',(0.0272919007564521,-0.0925,0.014));
#14346=CARTESIAN_POINT('',(0.0221258803253505,-0.0925,0.011));
#14347=CARTESIAN_POINT('',(0.031,-0.091,0.014));
#14348=CARTESIAN_POINT('',(0.027291900756452,-0.0895,0.014));
#14349=CARTESIAN_POINT('',(0.0221258803253504,-0.0895,0.011));
#14350=CARTESIAN_POINT('',(0.0238397816516893,-0.0895,0.0120139576986981));
#14351=CARTESIAN_POINT('',(0.0255513732826123,-0.0895,0.0130318927086321));
#14352=CARTESIAN_POINT('',(0.027291900756452,-0.0895,0.014));
#14353=CARTESIAN_POINT('',(0.0221258803253504,-0.0895,0.011));
#14354=CARTESIAN_POINT('',(0.031,-0.091,0.011));
#14355=CARTESIAN_POINT('',(0.031,-0.091,0.015));
#14356=CARTESIAN_POINT('',(0.031,-0.091,0.008));
#14357=CARTESIAN_POINT('',(0.027291900756452,-0.0895,0.008));
#14358=CARTESIAN_POINT('',(0.027291900756452,-0.0895,0.015));
#14359=CARTESIAN_POINT('',(0.0272919007564521,-0.0925,0.015));
#14360=CARTESIAN_POINT('',(0.0272919007564521,-0.0925,0.008));
#14361=CARTESIAN_POINT('',(0.031,-0.091,0.008));
#14362=CARTESIAN_POINT('',(0.0294999999999996,-0.0947080992435477,0.008));
#14363=CARTESIAN_POINT('',(0.0294999999999996,-0.0947080992435477,0.015));
#14364=CARTESIAN_POINT('',(0.0324999999999996,-0.0947080992435479,0.015));
#14365=CARTESIAN_POINT('',(0.0324999999999996,-0.0947080992435479,0.008));
#14366=CARTESIAN_POINT('',(0.031,-0.091,0.008));
#14367=CARTESIAN_POINT('',(0.031,-0.091,0.008));
#14368=CARTESIAN_POINT('',(0.031,-0.031,0.01));
#14369=CARTESIAN_POINT('',(0.031,-0.031,0.015));
#14370=CARTESIAN_POINT('',(0.033,-0.031,0.015));
#14371=CARTESIAN_POINT('',(0.061,-0.061,0.015));
#14372=CARTESIAN_POINT('',(0.0625,-0.057291900756452,0.015));
#14373=CARTESIAN_POINT('',(0.0625,-0.057291900756452,0.008));
#14374=CARTESIAN_POINT('',(0.0595,-0.0572919007564523,0.015));
#14375=CARTESIAN_POINT('',(0.0595,-0.0572919007564523,0.008));
#14376=CARTESIAN_POINT('',(0.061,-0.061,0.008));
#14377=CARTESIAN_POINT('',(0.057291900756452,-0.0595,0.008));
#14378=CARTESIAN_POINT('',(0.057291900756452,-0.0595,0.015));
#14379=CARTESIAN_POINT('',(0.061,-0.061,0.008));
#14380=CARTESIAN_POINT('',(0.061,-0.061,0.008));
#14381=CARTESIAN_POINT('',(0.061,-0.061,0.008));
#14382=CARTESIAN_POINT('',(-0.0255,-0.0595,0.011));
#14383=CARTESIAN_POINT('',(-0.0255,-0.0595,0.008));
#14384=CARTESIAN_POINT('',(0.0347080992435478,-0.0595,0.008));
#14385=CARTESIAN_POINT('',(0.0347080992435478,-0.0595,0.015));
#14386=CARTESIAN_POINT('',(0.0309999999999995,0.0681126952174645,0.011));
#14387=CARTESIAN_POINT('',(0.0294999999999996,0.0681126952174645,0.011));
#14388=CARTESIAN_POINT('',(0.0294999999999996,-0.0398741196746493,0.011));
#14389=CARTESIAN_POINT('',(0.0294999999999996,-0.0521258803253506,0.011));
#14390=CARTESIAN_POINT('',(0.031,-0.061,0.011));
#14391=CARTESIAN_POINT('',(0.0324999999999996,-0.0521258803253505,0.011));
#14392=CARTESIAN_POINT('',(0.0324999999999996,0.0681126952174645,0.011));
#14393=CARTESIAN_POINT('',(0.0324999999999996,-0.0398741196746495,0.011));
#14394=CARTESIAN_POINT('',(0.031,-0.031,0.011));
#14395=CARTESIAN_POINT('',(0.031,-0.061,0.011));
#14396=CARTESIAN_POINT('',(0.0294999999999996,-0.0572919007564523,0.014));
#14397=CARTESIAN_POINT('',(0.0294999999999996,-0.0555514533086969,0.0130319372203316));
#14398=CARTESIAN_POINT('',(0.0294999999999996,-0.0538397831615928,0.012013958591969));
#14399=CARTESIAN_POINT('',(0.0294999999999996,-0.0521258803253506,0.011));
#14400=CARTESIAN_POINT('',(0.0294999999999996,-0.0572919007564523,0.014));
#14401=CARTESIAN_POINT('',(0.031,-0.061,0.014));
#14402=CARTESIAN_POINT('',(0.0324999999999996,-0.057291900756452,0.014));
#14403=CARTESIAN_POINT('',(0.0324999999999996,-0.0521258803253505,0.011));
#14404=CARTESIAN_POINT('',(0.0324999999999996,-0.0538397816516894,0.0120139576986981));
#14405=CARTESIAN_POINT('',(0.0324999999999996,-0.0555513732826124,0.0130318927086321));
#14406=CARTESIAN_POINT('',(0.0324999999999996,-0.057291900756452,0.014));
#14407=CARTESIAN_POINT('',(0.031,-0.061,0.015));
#14408=CARTESIAN_POINT('',(0.0324999999999996,-0.057291900756452,0.015));
#14409=CARTESIAN_POINT('',(0.0324999999999996,-0.057291900756452,0.008));
#14410=CARTESIAN_POINT('',(0.0294999999999996,-0.0572919007564523,0.015));
#14411=CARTESIAN_POINT('',(0.0294999999999996,-0.0572919007564523,0.008));
#14412=CARTESIAN_POINT('',(0.031,-0.061,0.008));
#14413=CARTESIAN_POINT('',(0.027291900756452,-0.0595,0.008));
#14414=CARTESIAN_POINT('',(0.027291900756452,-0.0595,0.015));
#14415=CARTESIAN_POINT('',(0.0272919007564521,-0.0625,0.015));
#14416=CARTESIAN_POINT('',(0.0272919007564521,-0.0625,0.008));
#14417=CARTESIAN_POINT('',(0.031,-0.061,0.008));
#14418=CARTESIAN_POINT('',(0.031,-0.061,0.008));
#14419=CARTESIAN_POINT('',(0.031,-0.061,0.008));
#14420=CARTESIAN_POINT('',(-0.0255,-0.031,0.011));
#14421=CARTESIAN_POINT('',(-0.0255,-0.0325,0.011));
#14422=CARTESIAN_POINT('',(0.129874119674649,-0.0325,0.011));
#14423=CARTESIAN_POINT('',(0.14212588032535,-0.0325,0.011));
#14424=CARTESIAN_POINT('',(0.151,-0.031,0.011));
#14425=CARTESIAN_POINT('',(0.14212588032535,-0.0295,0.011));
#14426=CARTESIAN_POINT('',(-0.0255,-0.0295,0.011));
#14427=CARTESIAN_POINT('',(0.129874119674649,-0.0295,0.011));
#14428=CARTESIAN_POINT('',(0.121,-0.031,0.011));
#14429=CARTESIAN_POINT('',(0.00099999999999989,-0.000999999999999973,0.015));
#14430=CARTESIAN_POINT('',(0.121,-0.031,0.015));
#14431=CARTESIAN_POINT('',(0.125,-0.031,0.015));
#14432=CARTESIAN_POINT('',(0.121,-0.031,0.011));
#14433=CARTESIAN_POINT('',(0.124708099243548,-0.0295,0.014));
#14434=CARTESIAN_POINT('',(0.126448546691303,-0.0295,0.0130319372203315));
#14435=CARTESIAN_POINT('',(0.128160216838407,-0.0295,0.0120139585919689));
#14436=CARTESIAN_POINT('',(0.129874119674649,-0.0295,0.011));
#14437=CARTESIAN_POINT('',(0.124708099243548,-0.0295,0.014));
#14438=CARTESIAN_POINT('',(0.121,-0.031,0.014));
#14439=CARTESIAN_POINT('',(0.124708099243548,-0.0325,0.014));
#14440=CARTESIAN_POINT('',(0.129874119674649,-0.0325,0.011));
#14441=CARTESIAN_POINT('',(0.12816021834831,-0.0325,0.0120139576986981));
#14442=CARTESIAN_POINT('',(0.126448626717387,-0.0325,0.0130318927086321));
#14443=CARTESIAN_POINT('',(0.124708099243548,-0.0325,0.014));
#14444=CARTESIAN_POINT('',(0.1225,0.0681126952174645,0.011));
#14445=CARTESIAN_POINT('',(0.1225,-0.034708099243548,0.015));
#14446=CARTESIAN_POINT('',(0.1225,-0.034708099243548,0.008));
#14447=CARTESIAN_POINT('',(0.1225,-0.034708099243548,0.014));
#14448=CARTESIAN_POINT('',(0.1225,-0.034708099243548,0.014));
#14449=CARTESIAN_POINT('',(0.1225,-0.0364485466913033,0.0130319372203315));
#14450=CARTESIAN_POINT('',(0.1225,-0.0381602168384073,0.0120139585919689));
#14451=CARTESIAN_POINT('',(0.1225,-0.0398741196746495,0.011));
#14452=CARTESIAN_POINT('',(0.1225,0.0681126952174645,0.008));
#14453=CARTESIAN_POINT('',(0.121,-0.031,0.011));
#14454=CARTESIAN_POINT('',(0.121,-0.031,0.014));
#14455=CARTESIAN_POINT('',(0.1195,-0.0347080992435477,0.014));
#14456=CARTESIAN_POINT('',(0.1195,-0.0398741196746493,0.011));
#14457=CARTESIAN_POINT('',(0.1195,-0.0381602183483105,0.0120139576986981));
#14458=CARTESIAN_POINT('',(0.1195,-0.0364486267173874,0.0130318927086321));
#14459=CARTESIAN_POINT('',(0.1195,-0.0347080992435477,0.014));
#14460=CARTESIAN_POINT('',(0.1195,0.0681126952174645,0.011));
#14461=CARTESIAN_POINT('',(0.1195,-0.0347080992435477,0.015));
#14462=CARTESIAN_POINT('',(0.1195,-0.0347080992435477,0.008));
#14463=CARTESIAN_POINT('',(0.1195,0.0681126952174645,0.008));
#14464=CARTESIAN_POINT('',(0.121,-0.031,0.011));
#14465=CARTESIAN_POINT('',(0.117291900756452,-0.0325,0.014));
#14466=CARTESIAN_POINT('',(0.115551453308697,-0.0325,0.0130319372203315));
#14467=CARTESIAN_POINT('',(0.113839783161592,-0.0325,0.012013958591969));
#14468=CARTESIAN_POINT('',(0.11212588032535,-0.0325,0.011));
#14469=CARTESIAN_POINT('',(0.117291900756452,-0.0325,0.014));
#14470=CARTESIAN_POINT('',(0.11212588032535,-0.0325,0.011));
#14471=CARTESIAN_POINT('',(0.121,-0.031,0.014));
#14472=CARTESIAN_POINT('',(0.117291900756452,-0.0295,0.014));
#14473=CARTESIAN_POINT('',(0.11212588032535,-0.0295,0.011));
#14474=CARTESIAN_POINT('',(0.113839781651689,-0.0295,0.0120139576986981));
#14475=CARTESIAN_POINT('',(0.115551373282612,-0.0295,0.0130318927086321));
#14476=CARTESIAN_POINT('',(0.117291900756452,-0.0295,0.014));
#14477=CARTESIAN_POINT('',(0.11212588032535,-0.0295,0.011));
#14478=CARTESIAN_POINT('',(0.121,-0.031,0.011));
#14479=CARTESIAN_POINT('',(-0.0255,-0.031,0.011));
#14480=CARTESIAN_POINT('',(-0.0255,-0.0325,0.011));
#14481=CARTESIAN_POINT('',(0.0998741196746492,-0.0325,0.011));
#14482=CARTESIAN_POINT('',(-0.0255,-0.0295,0.011));
#14483=CARTESIAN_POINT('',(0.0998741196746492,-0.0295,0.011));
#14484=CARTESIAN_POINT('',(0.091,-0.031,0.011));
#14485=CARTESIAN_POINT('',(0.00099999999999989,-0.000999999999999973,0.015));
#14486=CARTESIAN_POINT('',(0.091,-0.031,0.015));
#14487=CARTESIAN_POINT('',(0.095,-0.031,0.015));
#14488=CARTESIAN_POINT('',(0.091,-0.031,0.011));
#14489=CARTESIAN_POINT('',(0.0947080992435476,-0.0295,0.014));
#14490=CARTESIAN_POINT('',(0.096448546691303,-0.0295,0.0130319372203315));
#14491=CARTESIAN_POINT('',(0.098160216838407,-0.0295,0.0120139585919689));
#14492=CARTESIAN_POINT('',(0.0998741196746492,-0.0295,0.011));
#14493=CARTESIAN_POINT('',(0.0947080992435476,-0.0295,0.014));
#14494=CARTESIAN_POINT('',(0.091,-0.031,0.014));
#14495=CARTESIAN_POINT('',(0.0947080992435476,-0.0325,0.014));
#14496=CARTESIAN_POINT('',(0.0998741196746492,-0.0325,0.011));
#14497=CARTESIAN_POINT('',(0.0981602183483103,-0.0325,0.0120139576986981));
#14498=CARTESIAN_POINT('',(0.0964486267173873,-0.0325,0.0130318927086321));
#14499=CARTESIAN_POINT('',(0.0947080992435476,-0.0325,0.014));
#14500=CARTESIAN_POINT('',(-0.0255,-0.0325,0.011));
#14501=CARTESIAN_POINT('',(0.117291900756452,-0.0325,0.015));
#14502=CARTESIAN_POINT('',(0.117291900756452,-0.0325,0.008));
#14503=CARTESIAN_POINT('',(0.0947080992435476,-0.0325,0.015));
#14504=CARTESIAN_POINT('',(0.0947080992435476,-0.0325,0.008));
#14505=CARTESIAN_POINT('',(-0.0255,-0.0325,0.008));
#14506=CARTESIAN_POINT('',(0.0925,0.0681126952174645,0.011));
#14507=CARTESIAN_POINT('',(0.0925,0.0681126952174645,0.008));
#14508=CARTESIAN_POINT('',(0.0925,-0.034708099243548,0.008));
#14509=CARTESIAN_POINT('',(0.0925,-0.034708099243548,0.015));
#14510=CARTESIAN_POINT('',(0.0925,-0.034708099243548,0.014));
#14511=CARTESIAN_POINT('',(0.0925,-0.034708099243548,0.014));
#14512=CARTESIAN_POINT('',(0.0925,-0.0364485466913033,0.0130319372203315));
#14513=CARTESIAN_POINT('',(0.0925,-0.0381602168384073,0.0120139585919689));
#14514=CARTESIAN_POINT('',(0.0925,-0.0398741196746495,0.011));
#14515=CARTESIAN_POINT('',(0.091,-0.031,0.011));
#14516=CARTESIAN_POINT('',(0.091,-0.031,0.014));
#14517=CARTESIAN_POINT('',(0.0895,-0.0347080992435477,0.014));
#14518=CARTESIAN_POINT('',(0.0895,-0.0398741196746493,0.011));
#14519=CARTESIAN_POINT('',(0.0895,-0.0381602183483105,0.0120139576986981));
#14520=CARTESIAN_POINT('',(0.0895,-0.0364486267173874,0.0130318927086321));
#14521=CARTESIAN_POINT('',(0.0895,-0.0347080992435477,0.014));
#14522=CARTESIAN_POINT('',(0.0895,0.0681126952174645,0.011));
#14523=CARTESIAN_POINT('',(0.0895,-0.0347080992435477,0.015));
#14524=CARTESIAN_POINT('',(0.0895,-0.0347080992435477,0.008));
#14525=CARTESIAN_POINT('',(0.0895,0.0681126952174645,0.008));
#14526=CARTESIAN_POINT('',(0.091,-0.031,0.011));
#14527=CARTESIAN_POINT('',(0.087291900756452,-0.0325,0.014));
#14528=CARTESIAN_POINT('',(0.0855514533086966,-0.0325,0.0130319372203315));
#14529=CARTESIAN_POINT('',(0.0838397831615926,-0.0325,0.012013958591969));
#14530=CARTESIAN_POINT('',(0.0821258803253504,-0.0325,0.011));
#14531=CARTESIAN_POINT('',(0.087291900756452,-0.0325,0.014));
#14532=CARTESIAN_POINT('',(0.091,-0.031,0.014));
#14533=CARTESIAN_POINT('',(0.0872919007564519,-0.0295,0.014));
#14534=CARTESIAN_POINT('',(0.0821258803253503,-0.0295,0.011));
#14535=CARTESIAN_POINT('',(0.0838397816516892,-0.0295,0.0120139576986981));
#14536=CARTESIAN_POINT('',(0.0855513732826122,-0.0295,0.0130318927086321));
#14537=CARTESIAN_POINT('',(0.0872919007564519,-0.0295,0.014));
#14538=CARTESIAN_POINT('',(0.00099999999999989,-0.000999999999999973,0.015));
#14539=CARTESIAN_POINT('',(0.151,-0.031,0.015));
#14540=CARTESIAN_POINT('',(0.155,-0.031,0.015));
#14541=CARTESIAN_POINT('',(0.151,-0.031,0.011));
#14542=CARTESIAN_POINT('',(0.151,-0.031,0.014));
#14543=CARTESIAN_POINT('',(0.154708099243548,-0.0325,0.014));
#14544=CARTESIAN_POINT('',(0.159874119674649,-0.0325,0.011));
#14545=CARTESIAN_POINT('',(0.15816021834831,-0.0325,0.0120139576986981));
#14546=CARTESIAN_POINT('',(0.156448626717387,-0.0325,0.0130318927086322));
#14547=CARTESIAN_POINT('',(0.154708099243548,-0.0325,0.014));
#14548=CARTESIAN_POINT('',(0.1525,0.0681126952174645,0.011));
#14549=CARTESIAN_POINT('',(0.1525,0.0681126952174645,0.008));
#14550=CARTESIAN_POINT('',(0.1525,-0.034708099243548,0.008));
#14551=CARTESIAN_POINT('',(0.1525,-0.034708099243548,0.015));
#14552=CARTESIAN_POINT('',(0.1525,-0.034708099243548,0.014));
#14553=CARTESIAN_POINT('',(0.1525,-0.034708099243548,0.014));
#14554=CARTESIAN_POINT('',(0.1525,-0.0364485466913033,0.0130319372203315));
#14555=CARTESIAN_POINT('',(0.1525,-0.0381602168384073,0.0120139585919689));
#14556=CARTESIAN_POINT('',(0.1525,-0.0398741196746495,0.011));
#14557=CARTESIAN_POINT('',(0.151,-0.031,0.011));
#14558=CARTESIAN_POINT('',(0.151,-0.031,0.014));
#14559=CARTESIAN_POINT('',(0.1495,-0.0347080992435477,0.014));
#14560=CARTESIAN_POINT('',(0.1495,-0.0398741196746493,0.011));
#14561=CARTESIAN_POINT('',(0.1495,-0.0381602183483105,0.0120139576986981));
#14562=CARTESIAN_POINT('',(0.1495,-0.0364486267173874,0.0130318927086321));
#14563=CARTESIAN_POINT('',(0.1495,-0.0347080992435477,0.014));
#14564=CARTESIAN_POINT('',(0.1495,0.0681126952174645,0.011));
#14565=CARTESIAN_POINT('',(0.1495,-0.0347080992435477,0.015));
#14566=CARTESIAN_POINT('',(0.1495,-0.0347080992435477,0.008));
#14567=CARTESIAN_POINT('',(0.1495,0.0681126952174645,0.008));
#14568=CARTESIAN_POINT('',(-0.0255,-0.0325,0.011));
#14569=CARTESIAN_POINT('',(0.124708099243548,-0.0325,0.015));
#14570=CARTESIAN_POINT('',(0.124708099243548,-0.0325,0.008));
#14571=CARTESIAN_POINT('',(-0.0255,-0.0325,0.008));
#14572=CARTESIAN_POINT('',(0.147291900756452,-0.0325,0.008));
#14573=CARTESIAN_POINT('',(0.147291900756452,-0.0325,0.015));
#14574=CARTESIAN_POINT('',(0.147291900756452,-0.0325,0.014));
#14575=CARTESIAN_POINT('',(0.147291900756452,-0.0325,0.014));
#14576=CARTESIAN_POINT('',(0.145551453308697,-0.0325,0.0130319372203315));
#14577=CARTESIAN_POINT('',(0.143839783161592,-0.0325,0.012013958591969));
#14578=CARTESIAN_POINT('',(0.14212588032535,-0.0325,0.011));
#14579=CARTESIAN_POINT('',(0.151,-0.031,0.011));
#14580=CARTESIAN_POINT('',(0.151,-0.031,0.014));
#14581=CARTESIAN_POINT('',(0.147291900756452,-0.0295,0.014));
#14582=CARTESIAN_POINT('',(0.14212588032535,-0.0295,0.011));
#14583=CARTESIAN_POINT('',(0.143839781651689,-0.0295,0.0120139576986981));
#14584=CARTESIAN_POINT('',(0.145551373282612,-0.0295,0.0130318927086321));
#14585=CARTESIAN_POINT('',(0.147291900756452,-0.0295,0.014));
#14586=CARTESIAN_POINT('',(0.00099999999999989,-0.000999999999999973,0.015));
#14587=CARTESIAN_POINT('',(0.061,-0.031,0.015));
#14588=CARTESIAN_POINT('',(0.065,-0.031,0.015));
#14589=CARTESIAN_POINT('',(0.061,-0.031,0.011));
#14590=CARTESIAN_POINT('',(0.061,-0.031,0.014));
#14591=CARTESIAN_POINT('',(0.0647080992435477,-0.0325,0.014));
#14592=CARTESIAN_POINT('',(0.0698741196746493,-0.0325,0.011));
#14593=CARTESIAN_POINT('',(0.0681602183483105,-0.0325,0.0120139576986981));
#14594=CARTESIAN_POINT('',(0.0664486267173874,-0.0325,0.0130318927086321));
#14595=CARTESIAN_POINT('',(0.0647080992435477,-0.0325,0.014));
#14596=CARTESIAN_POINT('',(-0.0255,-0.0325,0.011));
#14597=CARTESIAN_POINT('',(0.0647080992435477,-0.0325,0.015));
#14598=CARTESIAN_POINT('',(0.0647080992435477,-0.0325,0.008));
#14599=CARTESIAN_POINT('',(-0.0255,-0.0325,0.008));
#14600=CARTESIAN_POINT('',(0.087291900756452,-0.0325,0.008));
#14601=CARTESIAN_POINT('',(0.087291900756452,-0.0325,0.015));
#14602=CARTESIAN_POINT('',(0.0625,0.0681126952174645,0.011));
#14603=CARTESIAN_POINT('',(0.0625,0.0681126952174645,0.008));
#14604=CARTESIAN_POINT('',(0.0625,-0.034708099243548,0.008));
#14605=CARTESIAN_POINT('',(0.0625,-0.034708099243548,0.015));
#14606=CARTESIAN_POINT('',(0.0625,-0.034708099243548,0.014));
#14607=CARTESIAN_POINT('',(0.0625,-0.034708099243548,0.014));
#14608=CARTESIAN_POINT('',(0.0625,-0.0364485466913033,0.0130319372203315));
#14609=CARTESIAN_POINT('',(0.0625,-0.0381602168384073,0.0120139585919689));
#14610=CARTESIAN_POINT('',(0.0625,-0.0398741196746495,0.011));
#14611=CARTESIAN_POINT('',(0.061,-0.031,0.011));
#14612=CARTESIAN_POINT('',(0.061,-0.031,0.014));
#14613=CARTESIAN_POINT('',(0.0595,-0.0347080992435477,0.014));
#14614=CARTESIAN_POINT('',(0.0595,-0.0398741196746493,0.011));
#14615=CARTESIAN_POINT('',(0.0595,-0.0381602183483105,0.0120139576986981));
#14616=CARTESIAN_POINT('',(0.0595,-0.0364486267173874,0.0130318927086321));
#14617=CARTESIAN_POINT('',(0.0595,-0.0347080992435477,0.014));
#14618=CARTESIAN_POINT('',(0.0595,0.0681126952174645,0.011));
#14619=CARTESIAN_POINT('',(0.0595,-0.0347080992435477,0.015));
#14620=CARTESIAN_POINT('',(0.0595,-0.0347080992435477,0.008));
#14621=CARTESIAN_POINT('',(0.0595,0.0681126952174645,0.008));
#14622=CARTESIAN_POINT('',(0.061,-0.031,0.011));
#14623=CARTESIAN_POINT('',(0.057291900756452,-0.0325,0.014));
#14624=CARTESIAN_POINT('',(0.0555514533086966,-0.0325,0.0130319372203315));
#14625=CARTESIAN_POINT('',(0.0538397831615926,-0.0325,0.0120139585919689));
#14626=CARTESIAN_POINT('',(0.0521258803253504,-0.0325,0.011));
#14627=CARTESIAN_POINT('',(0.057291900756452,-0.0325,0.014));
#14628=CARTESIAN_POINT('',(0.0521258803253504,-0.0325,0.011));
#14629=CARTESIAN_POINT('',(0.061,-0.031,0.014));
#14630=CARTESIAN_POINT('',(0.057291900756452,-0.0295,0.014));
#14631=CARTESIAN_POINT('',(0.0521258803253504,-0.0295,0.011));
#14632=CARTESIAN_POINT('',(0.0538397816516893,-0.0295,0.0120139576986981));
#14633=CARTESIAN_POINT('',(0.0555513732826123,-0.0295,0.0130318927086321));
#14634=CARTESIAN_POINT('',(0.057291900756452,-0.0295,0.014));
#14635=CARTESIAN_POINT('',(0.0521258803253504,-0.0295,0.011));
#14636=CARTESIAN_POINT('',(0.061,-0.031,0.011));
#14637=CARTESIAN_POINT('',(-0.0255,-0.031,0.011));
#14638=CARTESIAN_POINT('',(-0.0255,-0.0325,0.011));
#14639=CARTESIAN_POINT('',(0.0398741196746493,-0.0325,0.011));
#14640=CARTESIAN_POINT('',(-0.0255,-0.0295,0.011));
#14641=CARTESIAN_POINT('',(0.0398741196746493,-0.0295,0.011));
#14642=CARTESIAN_POINT('',(0.031,-0.031,0.011));
#14643=CARTESIAN_POINT('',(0.00099999999999989,-0.000999999999999973,0.015));
#14644=CARTESIAN_POINT('',(0.031,-0.121,0.015));
#14645=CARTESIAN_POINT('',(0.035,-0.121,0.015));
#14646=CARTESIAN_POINT('',(0.031,-0.121,0.011));
#14647=CARTESIAN_POINT('',(0.0272919007564521,-0.1225,0.014));
#14648=CARTESIAN_POINT('',(0.0255514533086967,-0.1225,0.0130319372203315));
#14649=CARTESIAN_POINT('',(0.0238397831615926,-0.1225,0.0120139585919689));
#14650=CARTESIAN_POINT('',(0.0221258803253505,-0.1225,0.011));
#14651=CARTESIAN_POINT('',(0.0272919007564521,-0.1225,0.014));
#14652=CARTESIAN_POINT('',(0.0221258803253505,-0.1225,0.011));
#14653=CARTESIAN_POINT('',(0.031,-0.121,0.014));
#14654=CARTESIAN_POINT('',(0.027291900756452,-0.1195,0.014));
#14655=CARTESIAN_POINT('',(0.0221258803253504,-0.1195,0.011));
#14656=CARTESIAN_POINT('',(0.0238397816516893,-0.1195,0.0120139576986981));
#14657=CARTESIAN_POINT('',(0.0255513732826123,-0.1195,0.0130318927086321));
#14658=CARTESIAN_POINT('',(0.027291900756452,-0.1195,0.014));
#14659=CARTESIAN_POINT('',(0.0221258803253504,-0.1195,0.011));
#14660=CARTESIAN_POINT('',(0.031,-0.121,0.011));
#14661=CARTESIAN_POINT('',(0.0294999999999996,0.0681126952174645,0.011));
#14662=CARTESIAN_POINT('',(0.0294999999999996,0.0681126952174645,0.008));
#14663=CARTESIAN_POINT('',(0.0294999999999996,-0.117291900756452,0.008));
#14664=CARTESIAN_POINT('',(0.0294999999999996,-0.117291900756452,0.015));
#14665=CARTESIAN_POINT('',(0.0294999999999996,-0.117291900756452,0.014));
#14666=CARTESIAN_POINT('',(0.0294999999999996,-0.117291900756452,0.014));
#14667=CARTESIAN_POINT('',(0.0294999999999996,-0.115551453308697,0.0130319372203316));
#14668=CARTESIAN_POINT('',(0.0294999999999996,-0.113839783161593,0.0120139585919689));
#14669=CARTESIAN_POINT('',(0.0294999999999996,-0.112125880325351,0.011));
#14670=CARTESIAN_POINT('',(0.031,-0.121,0.011));
#14671=CARTESIAN_POINT('',(0.031,-0.121,0.014));
#14672=CARTESIAN_POINT('',(0.0324999999999996,-0.117291900756452,0.014));
#14673=CARTESIAN_POINT('',(0.0324999999999996,-0.11212588032535,0.011));
#14674=CARTESIAN_POINT('',(0.0324999999999996,-0.113839781651689,0.0120139576986981));
#14675=CARTESIAN_POINT('',(0.0324999999999996,-0.115551373282612,0.0130318927086321));
#14676=CARTESIAN_POINT('',(0.0324999999999996,-0.117291900756452,0.014));
#14677=CARTESIAN_POINT('',(0.0324999999999996,0.0681126952174645,0.011));
#14678=CARTESIAN_POINT('',(0.0324999999999996,0.0681126952174645,0.008));
#14679=CARTESIAN_POINT('',(0.0324999999999996,-0.117291900756452,0.008));
#14680=CARTESIAN_POINT('',(0.0324999999999996,-0.117291900756452,0.015));
#14681=CARTESIAN_POINT('',(0.031,-0.121,0.011));
#14682=CARTESIAN_POINT('',(0.0347080992435478,-0.1195,0.014));
#14683=CARTESIAN_POINT('',(0.0364485466913031,-0.1195,0.0130319372203315));
#14684=CARTESIAN_POINT('',(0.0381602168384071,-0.1195,0.0120139585919689));
#14685=CARTESIAN_POINT('',(0.0398741196746493,-0.1195,0.011));
#14686=CARTESIAN_POINT('',(0.0347080992435478,-0.1195,0.014));
#14687=CARTESIAN_POINT('',(0.0398741196746493,-0.1195,0.011));
#14688=CARTESIAN_POINT('',(0.031,-0.121,0.014));
#14689=CARTESIAN_POINT('',(0.0347080992435477,-0.1225,0.014));
#14690=CARTESIAN_POINT('',(0.0398741196746493,-0.1225,0.011));
#14691=CARTESIAN_POINT('',(0.0381602183483104,-0.1225,0.0120139576986981));
#14692=CARTESIAN_POINT('',(0.0364486267173873,-0.1225,0.0130318927086321));
#14693=CARTESIAN_POINT('',(0.0347080992435477,-0.1225,0.014));
#14694=CARTESIAN_POINT('',(0.0398741196746493,-0.1225,0.011));
#14695=CARTESIAN_POINT('',(0.031,-0.121,0.011));
#14696=CARTESIAN_POINT('',(-0.0255,-0.121,0.011));
#14697=CARTESIAN_POINT('',(-0.0255,-0.1225,0.011));
#14698=CARTESIAN_POINT('',(0.0521258803253504,-0.1225,0.011));
#14699=CARTESIAN_POINT('',(0.061,-0.121,0.011));
#14700=CARTESIAN_POINT('',(0.0521258803253504,-0.1195,0.011));
#14701=CARTESIAN_POINT('',(-0.0255,-0.1195,0.011));
#14702=CARTESIAN_POINT('',(0.00099999999999989,-0.000999999999999973,0.015));
#14703=CARTESIAN_POINT('',(0.061,-0.121,0.015));
#14704=CARTESIAN_POINT('',(0.065,-0.121,0.015));
#14705=CARTESIAN_POINT('',(0.061,-0.121,0.011));
#14706=CARTESIAN_POINT('',(0.0572919007564521,-0.1225,0.014));
#14707=CARTESIAN_POINT('',(0.0555514533086967,-0.1225,0.0130319372203315));
#14708=CARTESIAN_POINT('',(0.0538397831615926,-0.1225,0.012013958591969));
#14709=CARTESIAN_POINT('',(0.0521258803253504,-0.1225,0.011));
#14710=CARTESIAN_POINT('',(0.0572919007564521,-0.1225,0.014));
#14711=CARTESIAN_POINT('',(0.061,-0.121,0.014));
#14712=CARTESIAN_POINT('',(0.0572919007564519,-0.1195,0.014));
#14713=CARTESIAN_POINT('',(0.0521258803253504,-0.1195,0.011));
#14714=CARTESIAN_POINT('',(0.0538397816516892,-0.1195,0.0120139576986981));
#14715=CARTESIAN_POINT('',(0.0555513732826123,-0.1195,0.0130318927086321));
#14716=CARTESIAN_POINT('',(0.0572919007564519,-0.1195,0.014));
#14717=CARTESIAN_POINT('',(-0.0255,-0.1195,0.011));
#14718=CARTESIAN_POINT('',(-0.0255,-0.1195,0.008));
#14719=CARTESIAN_POINT('',(0.0347080992435478,-0.1195,0.008));
#14720=CARTESIAN_POINT('',(0.0572919007564519,-0.1195,0.008));
#14721=CARTESIAN_POINT('',(0.0347080992435478,-0.1195,0.015));
#14722=CARTESIAN_POINT('',(0.0572919007564519,-0.1195,0.015));
#14723=CARTESIAN_POINT('',(0.0595,0.0681126952174645,0.011));
#14724=CARTESIAN_POINT('',(0.0595,-0.117291900756452,0.015));
#14725=CARTESIAN_POINT('',(0.0595,-0.117291900756452,0.014));
#14726=CARTESIAN_POINT('',(0.0595,-0.117291900756452,0.008));
#14727=CARTESIAN_POINT('',(0.0595,-0.117291900756452,0.014));
#14728=CARTESIAN_POINT('',(0.0595,-0.115551453308697,0.0130319372203315));
#14729=CARTESIAN_POINT('',(0.0595,-0.113839783161593,0.0120139585919689));
#14730=CARTESIAN_POINT('',(0.0595,-0.112125880325351,0.011));
#14731=CARTESIAN_POINT('',(0.0595,0.0681126952174645,0.008));
#14732=CARTESIAN_POINT('',(0.061,-0.121,0.011));
#14733=CARTESIAN_POINT('',(0.061,-0.121,0.014));
#14734=CARTESIAN_POINT('',(0.0625,-0.117291900756452,0.014));
#14735=CARTESIAN_POINT('',(0.0625,-0.11212588032535,0.011));
#14736=CARTESIAN_POINT('',(0.0625,-0.113839781651689,0.0120139576986981));
#14737=CARTESIAN_POINT('',(0.0625,-0.115551373282612,0.0130318927086321));
#14738=CARTESIAN_POINT('',(0.0625,-0.117291900756452,0.014));
#14739=CARTESIAN_POINT('',(0.0625,0.0681126952174645,0.011));
#14740=CARTESIAN_POINT('',(0.0625,-0.117291900756452,0.015));
#14741=CARTESIAN_POINT('',(0.0625,-0.117291900756452,0.008));
#14742=CARTESIAN_POINT('',(0.0625,0.0681126952174645,0.008));
#14743=CARTESIAN_POINT('',(0.061,-0.121,0.011));
#14744=CARTESIAN_POINT('',(0.0647080992435477,-0.1195,0.014));
#14745=CARTESIAN_POINT('',(0.0664485466913031,-0.1195,0.0130319372203315));
#14746=CARTESIAN_POINT('',(0.0681602168384071,-0.1195,0.0120139585919689));
#14747=CARTESIAN_POINT('',(0.0698741196746493,-0.1195,0.011));
#14748=CARTESIAN_POINT('',(0.0647080992435477,-0.1195,0.014));
#14749=CARTESIAN_POINT('',(0.0698741196746493,-0.1195,0.011));
#14750=CARTESIAN_POINT('',(0.061,-0.121,0.014));
#14751=CARTESIAN_POINT('',(0.0647080992435476,-0.1225,0.014));
#14752=CARTESIAN_POINT('',(0.0698741196746492,-0.1225,0.011));
#14753=CARTESIAN_POINT('',(0.0681602183483103,-0.1225,0.0120139576986981));
#14754=CARTESIAN_POINT('',(0.0664486267173873,-0.1225,0.0130318927086321));
#14755=CARTESIAN_POINT('',(0.0647080992435476,-0.1225,0.014));
#14756=CARTESIAN_POINT('',(0.0698741196746492,-0.1225,0.011));
#14757=CARTESIAN_POINT('',(0.061,-0.121,0.011));
#14758=CARTESIAN_POINT('',(-0.0255,-0.121,0.011));
#14759=CARTESIAN_POINT('',(-0.0255,-0.1225,0.011));
#14760=CARTESIAN_POINT('',(0.0821258803253504,-0.1225,0.011));
#14761=CARTESIAN_POINT('',(0.091,-0.121,0.011));
#14762=CARTESIAN_POINT('',(0.0821258803253504,-0.1195,0.011));
#14763=CARTESIAN_POINT('',(-0.0255,-0.1195,0.011));
#14764=CARTESIAN_POINT('',(0.00099999999999989,-0.000999999999999973,0.015));
#14765=CARTESIAN_POINT('',(0.091,-0.121,0.015));
#14766=CARTESIAN_POINT('',(0.095,-0.121,0.015));
#14767=CARTESIAN_POINT('',(0.091,-0.121,0.011));
#14768=CARTESIAN_POINT('',(0.0872919007564521,-0.1225,0.014));
#14769=CARTESIAN_POINT('',(0.0855514533086967,-0.1225,0.0130319372203315));
#14770=CARTESIAN_POINT('',(0.0838397831615926,-0.1225,0.012013958591969));
#14771=CARTESIAN_POINT('',(0.0821258803253504,-0.1225,0.011));
#14772=CARTESIAN_POINT('',(0.0872919007564521,-0.1225,0.014));
#14773=CARTESIAN_POINT('',(0.091,-0.121,0.014));
#14774=CARTESIAN_POINT('',(0.0872919007564519,-0.1195,0.014));
#14775=CARTESIAN_POINT('',(0.0821258803253504,-0.1195,0.011));
#14776=CARTESIAN_POINT('',(0.0838397816516892,-0.1195,0.0120139576986981));
#14777=CARTESIAN_POINT('',(0.0855513732826123,-0.1195,0.0130318927086321));
#14778=CARTESIAN_POINT('',(0.0872919007564519,-0.1195,0.014));
#14779=CARTESIAN_POINT('',(-0.0255,-0.1195,0.011));
#14780=CARTESIAN_POINT('',(-0.0255,-0.1195,0.008));
#14781=CARTESIAN_POINT('',(0.0647080992435477,-0.1195,0.008));
#14782=CARTESIAN_POINT('',(0.0872919007564519,-0.1195,0.008));
#14783=CARTESIAN_POINT('',(0.0647080992435477,-0.1195,0.015));
#14784=CARTESIAN_POINT('',(0.0872919007564519,-0.1195,0.015));
#14785=CARTESIAN_POINT('',(0.0895,0.0681126952174645,0.011));
#14786=CARTESIAN_POINT('',(0.0895,-0.117291900756452,0.015));
#14787=CARTESIAN_POINT('',(0.0895,-0.117291900756452,0.014));
#14788=CARTESIAN_POINT('',(0.0895,-0.117291900756452,0.008));
#14789=CARTESIAN_POINT('',(0.0895,-0.117291900756452,0.014));
#14790=CARTESIAN_POINT('',(0.0895,-0.115551453308697,0.0130319372203315));
#14791=CARTESIAN_POINT('',(0.0895,-0.113839783161593,0.0120139585919689));
#14792=CARTESIAN_POINT('',(0.0895,-0.112125880325351,0.011));
#14793=CARTESIAN_POINT('',(0.0895,0.0681126952174645,0.008));
#14794=CARTESIAN_POINT('',(0.091,-0.121,0.011));
#14795=CARTESIAN_POINT('',(0.091,-0.121,0.014));
#14796=CARTESIAN_POINT('',(0.0925,-0.117291900756452,0.014));
#14797=CARTESIAN_POINT('',(0.0925,-0.11212588032535,0.011));
#14798=CARTESIAN_POINT('',(0.0925,-0.113839781651689,0.0120139576986981));
#14799=CARTESIAN_POINT('',(0.0925,-0.115551373282612,0.0130318927086321));
#14800=CARTESIAN_POINT('',(0.0925,-0.117291900756452,0.014));
#14801=CARTESIAN_POINT('',(0.0925,0.0681126952174645,0.011));
#14802=CARTESIAN_POINT('',(0.0925,-0.117291900756452,0.015));
#14803=CARTESIAN_POINT('',(0.0925,-0.117291900756452,0.008));
#14804=CARTESIAN_POINT('',(0.0925,0.0681126952174645,0.008));
#14805=CARTESIAN_POINT('',(0.091,-0.121,0.011));
#14806=CARTESIAN_POINT('',(0.0947080992435477,-0.1195,0.014));
#14807=CARTESIAN_POINT('',(0.0964485466913031,-0.1195,0.0130319372203315));
#14808=CARTESIAN_POINT('',(0.0981602168384071,-0.1195,0.0120139585919689));
#14809=CARTESIAN_POINT('',(0.0998741196746493,-0.1195,0.011));
#14810=CARTESIAN_POINT('',(0.0947080992435477,-0.1195,0.014));
#14811=CARTESIAN_POINT('',(0.0998741196746493,-0.1195,0.011));
#14812=CARTESIAN_POINT('',(0.091,-0.121,0.014));
#14813=CARTESIAN_POINT('',(0.0947080992435476,-0.1225,0.014));
#14814=CARTESIAN_POINT('',(0.0998741196746492,-0.1225,0.011));
#14815=CARTESIAN_POINT('',(0.0981602183483103,-0.1225,0.0120139576986981));
#14816=CARTESIAN_POINT('',(0.0964486267173873,-0.1225,0.0130318927086321));
#14817=CARTESIAN_POINT('',(0.0947080992435476,-0.1225,0.014));
#14818=CARTESIAN_POINT('',(0.0998741196746492,-0.1225,0.011));
#14819=CARTESIAN_POINT('',(0.091,-0.121,0.011));
#14820=CARTESIAN_POINT('',(-0.0255,-0.121,0.011));
#14821=CARTESIAN_POINT('',(-0.0255,-0.1225,0.011));
#14822=CARTESIAN_POINT('',(0.11212588032535,-0.1225,0.011));
#14823=CARTESIAN_POINT('',(0.121,-0.121,0.011));
#14824=CARTESIAN_POINT('',(0.11212588032535,-0.1195,0.011));
#14825=CARTESIAN_POINT('',(-0.0255,-0.1195,0.011));
#14826=CARTESIAN_POINT('',(0.00099999999999989,-0.000999999999999973,0.015));
#14827=CARTESIAN_POINT('',(0.121,-0.121,0.015));
#14828=CARTESIAN_POINT('',(0.125,-0.121,0.015));
#14829=CARTESIAN_POINT('',(0.121,-0.121,0.011));
#14830=CARTESIAN_POINT('',(0.117291900756452,-0.1225,0.014));
#14831=CARTESIAN_POINT('',(0.115551453308697,-0.1225,0.0130319372203315));
#14832=CARTESIAN_POINT('',(0.113839783161593,-0.1225,0.0120139585919689));
#14833=CARTESIAN_POINT('',(0.11212588032535,-0.1225,0.011));
#14834=CARTESIAN_POINT('',(0.117291900756452,-0.1225,0.014));
#14835=CARTESIAN_POINT('',(0.121,-0.121,0.014));
#14836=CARTESIAN_POINT('',(0.117291900756452,-0.1195,0.014));
#14837=CARTESIAN_POINT('',(0.11212588032535,-0.1195,0.011));
#14838=CARTESIAN_POINT('',(0.113839781651689,-0.1195,0.0120139576986981));
#14839=CARTESIAN_POINT('',(0.115551373282612,-0.1195,0.0130318927086321));
#14840=CARTESIAN_POINT('',(0.117291900756452,-0.1195,0.014));
#14841=CARTESIAN_POINT('',(-0.0255,-0.1195,0.011));
#14842=CARTESIAN_POINT('',(-0.0255,-0.1195,0.008));
#14843=CARTESIAN_POINT('',(0.0947080992435477,-0.1195,0.008));
#14844=CARTESIAN_POINT('',(0.117291900756452,-0.1195,0.008));
#14845=CARTESIAN_POINT('',(0.0947080992435477,-0.1195,0.015));
#14846=CARTESIAN_POINT('',(0.117291900756452,-0.1195,0.015));
#14847=CARTESIAN_POINT('',(0.1195,0.0681126952174645,0.011));
#14848=CARTESIAN_POINT('',(0.1195,0.0681126952174645,0.008));
#14849=CARTESIAN_POINT('',(0.1195,-0.117291900756452,0.008));
#14850=CARTESIAN_POINT('',(0.1195,-0.117291900756452,0.015));
#14851=CARTESIAN_POINT('',(0.1195,-0.117291900756452,0.014));
#14852=CARTESIAN_POINT('',(0.1195,-0.117291900756452,0.014));
#14853=CARTESIAN_POINT('',(0.1195,-0.115551453308697,0.0130319372203315));
#14854=CARTESIAN_POINT('',(0.1195,-0.113839783161593,0.0120139585919689));
#14855=CARTESIAN_POINT('',(0.1195,-0.112125880325351,0.011));
#14856=CARTESIAN_POINT('',(0.121,-0.121,0.011));
#14857=CARTESIAN_POINT('',(0.121,-0.121,0.014));
#14858=CARTESIAN_POINT('',(0.1225,-0.117291900756452,0.014));
#14859=CARTESIAN_POINT('',(0.1225,-0.11212588032535,0.011));
#14860=CARTESIAN_POINT('',(0.1225,-0.113839781651689,0.0120139576986981));
#14861=CARTESIAN_POINT('',(0.1225,-0.115551373282612,0.0130318927086321));
#14862=CARTESIAN_POINT('',(0.1225,-0.117291900756452,0.014));
#14863=CARTESIAN_POINT('',(0.1225,0.0681126952174645,0.011));
#14864=CARTESIAN_POINT('',(0.1225,0.0681126952174645,0.008));
#14865=CARTESIAN_POINT('',(0.1225,-0.117291900756452,0.008));
#14866=CARTESIAN_POINT('',(0.1225,-0.117291900756452,0.015));
#14867=CARTESIAN_POINT('',(0.121,-0.121,0.011));
#14868=CARTESIAN_POINT('',(0.124708099243548,-0.1195,0.014));
#14869=CARTESIAN_POINT('',(0.126448546691303,-0.1195,0.0130319372203315));
#14870=CARTESIAN_POINT('',(0.128160216838407,-0.1195,0.0120139585919689));
#14871=CARTESIAN_POINT('',(0.129874119674649,-0.1195,0.011));
#14872=CARTESIAN_POINT('',(0.124708099243548,-0.1195,0.014));
#14873=CARTESIAN_POINT('',(0.129874119674649,-0.1195,0.011));
#14874=CARTESIAN_POINT('',(0.121,-0.121,0.014));
#14875=CARTESIAN_POINT('',(0.124708099243548,-0.1225,0.014));
#14876=CARTESIAN_POINT('',(0.129874119674649,-0.1225,0.011));
#14877=CARTESIAN_POINT('',(0.12816021834831,-0.1225,0.0120139576986981));
#14878=CARTESIAN_POINT('',(0.126448626717387,-0.1225,0.0130318927086321));
#14879=CARTESIAN_POINT('',(0.124708099243548,-0.1225,0.014));
#14880=CARTESIAN_POINT('',(0.129874119674649,-0.1225,0.011));
#14881=CARTESIAN_POINT('',(0.121,-0.121,0.011));
#14882=CARTESIAN_POINT('',(-0.0255,-0.121,0.011));
#14883=CARTESIAN_POINT('',(-0.0255,-0.1225,0.011));
#14884=CARTESIAN_POINT('',(0.14212588032535,-0.1225,0.011));
#14885=CARTESIAN_POINT('',(0.151,-0.121,0.011));
#14886=CARTESIAN_POINT('',(0.14212588032535,-0.1195,0.011));
#14887=CARTESIAN_POINT('',(-0.0255,-0.1195,0.011));
#14888=CARTESIAN_POINT('',(0.00099999999999989,-0.000999999999999973,0.015));
#14889=CARTESIAN_POINT('',(0.151,-0.121,0.015));
#14890=CARTESIAN_POINT('',(0.155,-0.121,0.015));
#14891=CARTESIAN_POINT('',(0.151,-0.121,0.011));
#14892=CARTESIAN_POINT('',(0.147291900756452,-0.1225,0.014));
#14893=CARTESIAN_POINT('',(0.145551453308697,-0.1225,0.0130319372203315));
#14894=CARTESIAN_POINT('',(0.143839783161593,-0.1225,0.0120139585919689));
#14895=CARTESIAN_POINT('',(0.14212588032535,-0.1225,0.011));
#14896=CARTESIAN_POINT('',(0.147291900756452,-0.1225,0.014));
#14897=CARTESIAN_POINT('',(0.151,-0.121,0.014));
#14898=CARTESIAN_POINT('',(0.147291900756452,-0.1195,0.014));
#14899=CARTESIAN_POINT('',(0.14212588032535,-0.1195,0.011));
#14900=CARTESIAN_POINT('',(0.143839781651689,-0.1195,0.0120139576986981));
#14901=CARTESIAN_POINT('',(0.145551373282612,-0.1195,0.0130318927086321));
#14902=CARTESIAN_POINT('',(0.147291900756452,-0.1195,0.014));
#14903=CARTESIAN_POINT('',(-0.0255,-0.1195,0.011));
#14904=CARTESIAN_POINT('',(0.124708099243548,-0.1195,0.015));
#14905=CARTESIAN_POINT('',(0.124708099243548,-0.1195,0.008));
#14906=CARTESIAN_POINT('',(0.147291900756452,-0.1195,0.015));
#14907=CARTESIAN_POINT('',(0.147291900756452,-0.1195,0.008));
#14908=CARTESIAN_POINT('',(-0.0255,-0.1195,0.008));
#14909=CARTESIAN_POINT('',(0.1495,0.0681126952174645,0.011));
#14910=CARTESIAN_POINT('',(0.1495,-0.117291900756452,0.015));
#14911=CARTESIAN_POINT('',(0.1495,-0.117291900756452,0.014));
#14912=CARTESIAN_POINT('',(0.1495,-0.117291900756452,0.008));
#14913=CARTESIAN_POINT('',(0.1495,-0.117291900756452,0.014));
#14914=CARTESIAN_POINT('',(0.1495,-0.115551453308697,0.0130319372203315));
#14915=CARTESIAN_POINT('',(0.1495,-0.113839783161593,0.0120139585919689));
#14916=CARTESIAN_POINT('',(0.1495,-0.112125880325351,0.011));
#14917=CARTESIAN_POINT('',(0.1495,0.0681126952174645,0.008));
#14918=CARTESIAN_POINT('',(0.151,-0.121,0.011));
#14919=CARTESIAN_POINT('',(0.151,-0.121,0.014));
#14920=CARTESIAN_POINT('',(0.1525,-0.117291900756452,0.014));
#14921=CARTESIAN_POINT('',(0.1525,-0.11212588032535,0.011));
#14922=CARTESIAN_POINT('',(0.1525,-0.113839781651689,0.0120139576986981));
#14923=CARTESIAN_POINT('',(0.1525,-0.115551373282612,0.0130318927086321));
#14924=CARTESIAN_POINT('',(0.1525,-0.117291900756452,0.014));
#14925=CARTESIAN_POINT('',(0.1525,0.0681126952174645,0.011));
#14926=CARTESIAN_POINT('',(0.1525,-0.117291900756452,0.015));
#14927=CARTESIAN_POINT('',(0.1525,-0.117291900756452,0.008));
#14928=CARTESIAN_POINT('',(0.1525,0.0681126952174645,0.008));
#14929=CARTESIAN_POINT('',(0.151,-0.121,0.011));
#14930=CARTESIAN_POINT('',(0.154708099243548,-0.1195,0.014));
#14931=CARTESIAN_POINT('',(0.156448546691303,-0.1195,0.0130319372203316));
#14932=CARTESIAN_POINT('',(0.158160216838407,-0.1195,0.0120139585919689));
#14933=CARTESIAN_POINT('',(0.159874119674649,-0.1195,0.011));
#14934=CARTESIAN_POINT('',(0.154708099243548,-0.1195,0.014));
#14935=CARTESIAN_POINT('',(0.159874119674649,-0.1195,0.011));
#14936=CARTESIAN_POINT('',(0.151,-0.121,0.014));
#14937=CARTESIAN_POINT('',(0.154708099243548,-0.1225,0.014));
#14938=CARTESIAN_POINT('',(0.159874119674649,-0.1225,0.011));
#14939=CARTESIAN_POINT('',(0.15816021834831,-0.1225,0.0120139576986981));
#14940=CARTESIAN_POINT('',(0.156448626717387,-0.1225,0.0130318927086322));
#14941=CARTESIAN_POINT('',(0.154708099243548,-0.1225,0.014));
#14942=CARTESIAN_POINT('',(0.159874119674649,-0.1225,0.011));
#14943=CARTESIAN_POINT('',(0.151,-0.121,0.011));
#14944=CARTESIAN_POINT('',(-0.0255,-0.121,0.011));
#14945=CARTESIAN_POINT('',(-0.0255,-0.1225,0.011));
#14946=CARTESIAN_POINT('',(0.172125880325351,-0.1225,0.011));
#14947=CARTESIAN_POINT('',(0.181,-0.121,0.011));
#14948=CARTESIAN_POINT('',(0.172125880325351,-0.1195,0.011));
#14949=CARTESIAN_POINT('',(-0.0255,-0.1195,0.011));
#14950=CARTESIAN_POINT('',(0.00099999999999989,-0.000999999999999973,0.015));
#14951=CARTESIAN_POINT('',(0.181,-0.121,0.015));
#14952=CARTESIAN_POINT('',(0.185,-0.121,0.015));
#14953=CARTESIAN_POINT('',(0.181,-0.121,0.011));
#14954=CARTESIAN_POINT('',(0.177291900756452,-0.1225,0.014));
#14955=CARTESIAN_POINT('',(0.175551453308697,-0.1225,0.0130319372203315));
#14956=CARTESIAN_POINT('',(0.173839783161593,-0.1225,0.0120139585919689));
#14957=CARTESIAN_POINT('',(0.172125880325351,-0.1225,0.011));
#14958=CARTESIAN_POINT('',(0.177291900756452,-0.1225,0.014));
#14959=CARTESIAN_POINT('',(0.181,-0.121,0.014));
#14960=CARTESIAN_POINT('',(0.177291900756452,-0.1195,0.014));
#14961=CARTESIAN_POINT('',(0.172125880325351,-0.1195,0.011));
#14962=CARTESIAN_POINT('',(0.173839781651689,-0.1195,0.0120139576986981));
#14963=CARTESIAN_POINT('',(0.175551373282612,-0.1195,0.0130318927086321));
#14964=CARTESIAN_POINT('',(0.177291900756452,-0.1195,0.014));
#14965=CARTESIAN_POINT('',(-0.0255,-0.1195,0.011));
#14966=CARTESIAN_POINT('',(-0.0255,-0.1195,0.008));
#14967=CARTESIAN_POINT('',(0.154708099243548,-0.1195,0.008));
#14968=CARTESIAN_POINT('',(0.177291900756452,-0.1195,0.008));
#14969=CARTESIAN_POINT('',(0.154708099243548,-0.1195,0.015));
#14970=CARTESIAN_POINT('',(0.177291900756452,-0.1195,0.015));
#14971=CARTESIAN_POINT('',(0.181,-0.121,0.011));
#14972=CARTESIAN_POINT('',(0.1795,-0.117291900756452,0.014));
#14973=CARTESIAN_POINT('',(0.1795,-0.115551453308697,0.0130319372203315));
#14974=CARTESIAN_POINT('',(0.1795,-0.113839783161593,0.012013958591969));
#14975=CARTESIAN_POINT('',(0.1795,-0.112125880325351,0.011));
#14976=CARTESIAN_POINT('',(0.1795,-0.117291900756452,0.014));
#14977=CARTESIAN_POINT('',(0.1795,-0.112125880325351,0.011));
#14978=CARTESIAN_POINT('',(0.181,-0.121,0.014));
#14979=CARTESIAN_POINT('',(0.1825,-0.117291900756452,0.014));
#14980=CARTESIAN_POINT('',(0.1825,-0.11212588032535,0.011));
#14981=CARTESIAN_POINT('',(0.1825,-0.113839781651689,0.0120139576986981));
#14982=CARTESIAN_POINT('',(0.1825,-0.115551373282612,0.0130318927086321));
#14983=CARTESIAN_POINT('',(0.1825,-0.117291900756452,0.014));
#14984=CARTESIAN_POINT('',(0.1825,-0.11212588032535,0.011));
#14985=CARTESIAN_POINT('',(0.181,-0.121,0.011));
#14986=CARTESIAN_POINT('',(0.181,0.0681126952174646,0.011));
#14987=CARTESIAN_POINT('',(0.1795,0.0681126952174646,0.011));
#14988=CARTESIAN_POINT('',(0.1795,-0.0998741196746493,0.011));
#14989=CARTESIAN_POINT('',(0.1825,0.0681126952174646,0.011));
#14990=CARTESIAN_POINT('',(0.1825,-0.0998741196746495,0.011));
#14991=CARTESIAN_POINT('',(0.181,-0.091,0.011));
#14992=CARTESIAN_POINT('',(0.00099999999999989,-0.000999999999999973,0.015));
#14993=CARTESIAN_POINT('',(0.181,-0.091,0.015));
#14994=CARTESIAN_POINT('',(0.185,-0.091,0.015));
#14995=CARTESIAN_POINT('',(0.181,-0.091,0.011));
#14996=CARTESIAN_POINT('',(0.1825,-0.094708099243548,0.014));
#14997=CARTESIAN_POINT('',(0.1825,-0.0964485466913034,0.0130319372203315));
#14998=CARTESIAN_POINT('',(0.1825,-0.0981602168384074,0.0120139585919689));
#14999=CARTESIAN_POINT('',(0.1825,-0.0998741196746495,0.011));
#15000=CARTESIAN_POINT('',(0.1825,-0.094708099243548,0.014));
#15001=CARTESIAN_POINT('',(0.181,-0.091,0.014));
#15002=CARTESIAN_POINT('',(0.1795,-0.0947080992435476,0.014));
#15003=CARTESIAN_POINT('',(0.1795,-0.0998741196746493,0.011));
#15004=CARTESIAN_POINT('',(0.1795,-0.0981602183483104,0.0120139576986981));
#15005=CARTESIAN_POINT('',(0.1795,-0.0964486267173873,0.0130318927086321));
#15006=CARTESIAN_POINT('',(0.1795,-0.0947080992435476,0.014));
#15007=CARTESIAN_POINT('',(0.1795,0.0681126952174646,0.011));
#15008=CARTESIAN_POINT('',(0.1795,-0.117291900756452,0.015));
#15009=CARTESIAN_POINT('',(0.1795,-0.117291900756452,0.008));
#15010=CARTESIAN_POINT('',(0.1795,-0.0947080992435476,0.015));
#15011=CARTESIAN_POINT('',(0.1795,-0.0947080992435476,0.008));
#15012=CARTESIAN_POINT('',(0.1795,0.0681126952174646,0.008));
#15013=CARTESIAN_POINT('',(-0.0255,-0.0925,0.011));
#15014=CARTESIAN_POINT('',(-0.0255,-0.0925,0.008));
#15015=CARTESIAN_POINT('',(0.177291900756452,-0.0925,0.008));
#15016=CARTESIAN_POINT('',(0.177291900756452,-0.0925,0.015));
#15017=CARTESIAN_POINT('',(0.177291900756452,-0.0925,0.014));
#15018=CARTESIAN_POINT('',(0.177291900756452,-0.0925,0.014));
#15019=CARTESIAN_POINT('',(0.175551453308697,-0.0925,0.0130319372203315));
#15020=CARTESIAN_POINT('',(0.173839783161593,-0.0925,0.0120139585919689));
#15021=CARTESIAN_POINT('',(0.172125880325351,-0.0925,0.011));
#15022=CARTESIAN_POINT('',(0.181,-0.091,0.011));
#15023=CARTESIAN_POINT('',(0.181,-0.091,0.014));
#15024=CARTESIAN_POINT('',(0.177291900756452,-0.0895,0.014));
#15025=CARTESIAN_POINT('',(0.172125880325351,-0.0895,0.011));
#15026=CARTESIAN_POINT('',(0.173839781651689,-0.0895,0.0120139576986981));
#15027=CARTESIAN_POINT('',(0.175551373282612,-0.0895,0.0130318927086321));
#15028=CARTESIAN_POINT('',(0.177291900756452,-0.0895,0.014));
#15029=CARTESIAN_POINT('',(-0.0255,-0.0895,0.011));
#15030=CARTESIAN_POINT('',(-0.0255,-0.0895,0.008));
#15031=CARTESIAN_POINT('',(0.177291900756452,-0.0895,0.008));
#15032=CARTESIAN_POINT('',(0.177291900756452,-0.0895,0.015));
#15033=CARTESIAN_POINT('',(0.181,-0.091,0.011));
#15034=CARTESIAN_POINT('',(0.1795,-0.0872919007564523,0.014));
#15035=CARTESIAN_POINT('',(0.1795,-0.0855514533086969,0.0130319372203315));
#15036=CARTESIAN_POINT('',(0.1795,-0.0838397831615928,0.012013958591969));
#15037=CARTESIAN_POINT('',(0.1795,-0.0821258803253506,0.011));
#15038=CARTESIAN_POINT('',(0.1795,-0.0872919007564523,0.014));
#15039=CARTESIAN_POINT('',(0.1795,-0.0821258803253506,0.011));
#15040=CARTESIAN_POINT('',(0.181,-0.091,0.014));
#15041=CARTESIAN_POINT('',(0.1825,-0.087291900756452,0.014));
#15042=CARTESIAN_POINT('',(0.1825,-0.0821258803253505,0.011));
#15043=CARTESIAN_POINT('',(0.1825,-0.0838397816516893,0.0120139576986981));
#15044=CARTESIAN_POINT('',(0.1825,-0.0855513732826123,0.0130318927086321));
#15045=CARTESIAN_POINT('',(0.1825,-0.087291900756452,0.014));
#15046=CARTESIAN_POINT('',(0.1825,-0.0821258803253505,0.011));
#15047=CARTESIAN_POINT('',(0.181,-0.091,0.011));
#15048=CARTESIAN_POINT('',(0.181,0.0681126952174646,0.011));
#15049=CARTESIAN_POINT('',(0.1795,0.0681126952174646,0.011));
#15050=CARTESIAN_POINT('',(0.1795,-0.0698741196746493,0.011));
#15051=CARTESIAN_POINT('',(0.1825,0.0681126952174646,0.011));
#15052=CARTESIAN_POINT('',(0.1825,-0.0698741196746495,0.011));
#15053=CARTESIAN_POINT('',(0.181,-0.061,0.011));
#15054=CARTESIAN_POINT('',(0.00099999999999989,-0.000999999999999973,0.015));
#15055=CARTESIAN_POINT('',(0.181,-0.061,0.015));
#15056=CARTESIAN_POINT('',(0.185,-0.061,0.015));
#15057=CARTESIAN_POINT('',(0.181,-0.061,0.011));
#15058=CARTESIAN_POINT('',(0.1825,-0.064708099243548,0.014));
#15059=CARTESIAN_POINT('',(0.1825,-0.0664485466913033,0.0130319372203315));
#15060=CARTESIAN_POINT('',(0.1825,-0.0681602168384074,0.0120139585919689));
#15061=CARTESIAN_POINT('',(0.1825,-0.0698741196746495,0.011));
#15062=CARTESIAN_POINT('',(0.1825,-0.064708099243548,0.014));
#15063=CARTESIAN_POINT('',(0.181,-0.061,0.014));
#15064=CARTESIAN_POINT('',(0.1795,-0.0647080992435476,0.014));
#15065=CARTESIAN_POINT('',(0.1795,-0.0698741196746493,0.011));
#15066=CARTESIAN_POINT('',(0.1795,-0.0681602183483104,0.0120139576986981));
#15067=CARTESIAN_POINT('',(0.1795,-0.0664486267173873,0.0130318927086321));
#15068=CARTESIAN_POINT('',(0.1795,-0.0647080992435476,0.014));
#15069=CARTESIAN_POINT('',(0.1795,0.0681126952174646,0.011));
#15070=CARTESIAN_POINT('',(0.1795,-0.0872919007564523,0.015));
#15071=CARTESIAN_POINT('',(0.1795,-0.0872919007564523,0.008));
#15072=CARTESIAN_POINT('',(0.1795,-0.0647080992435476,0.015));
#15073=CARTESIAN_POINT('',(0.1795,-0.0647080992435476,0.008));
#15074=CARTESIAN_POINT('',(0.1795,0.0681126952174646,0.008));
#15075=CARTESIAN_POINT('',(-0.0255,-0.0625,0.011));
#15076=CARTESIAN_POINT('',(-0.0255,-0.0625,0.008));
#15077=CARTESIAN_POINT('',(0.177291900756452,-0.0625,0.008));
#15078=CARTESIAN_POINT('',(0.177291900756452,-0.0625,0.015));
#15079=CARTESIAN_POINT('',(0.177291900756452,-0.0625,0.014));
#15080=CARTESIAN_POINT('',(0.177291900756452,-0.0625,0.014));
#15081=CARTESIAN_POINT('',(0.175551453308697,-0.0625,0.0130319372203315));
#15082=CARTESIAN_POINT('',(0.173839783161593,-0.0625,0.0120139585919689));
#15083=CARTESIAN_POINT('',(0.172125880325351,-0.0625,0.011));
#15084=CARTESIAN_POINT('',(0.181,-0.061,0.011));
#15085=CARTESIAN_POINT('',(0.181,-0.061,0.014));
#15086=CARTESIAN_POINT('',(0.177291900756452,-0.0595,0.014));
#15087=CARTESIAN_POINT('',(0.172125880325351,-0.0595,0.011));
#15088=CARTESIAN_POINT('',(0.173839781651689,-0.0595,0.0120139576986981));
#15089=CARTESIAN_POINT('',(0.175551373282612,-0.0595,0.0130318927086321));
#15090=CARTESIAN_POINT('',(0.177291900756452,-0.0595,0.014));
#15091=CARTESIAN_POINT('',(-0.0255,-0.0595,0.011));
#15092=CARTESIAN_POINT('',(-0.0255,-0.0595,0.008));
#15093=CARTESIAN_POINT('',(0.177291900756452,-0.0595,0.008));
#15094=CARTESIAN_POINT('',(0.177291900756452,-0.0595,0.015));
#15095=CARTESIAN_POINT('',(0.181,-0.061,0.011));
#15096=CARTESIAN_POINT('',(0.1795,-0.0572919007564523,0.014));
#15097=CARTESIAN_POINT('',(0.1795,-0.0555514533086969,0.0130319372203315));
#15098=CARTESIAN_POINT('',(0.1795,-0.0538397831615928,0.012013958591969));
#15099=CARTESIAN_POINT('',(0.1795,-0.0521258803253506,0.011));
#15100=CARTESIAN_POINT('',(0.1795,-0.0572919007564523,0.014));
#15101=CARTESIAN_POINT('',(0.1795,-0.0521258803253506,0.011));
#15102=CARTESIAN_POINT('',(0.181,-0.061,0.014));
#15103=CARTESIAN_POINT('',(0.1825,-0.0572919007564519,0.014));
#15104=CARTESIAN_POINT('',(0.1825,-0.0521258803253505,0.011));
#15105=CARTESIAN_POINT('',(0.1825,-0.0538397816516893,0.0120139576986981));
#15106=CARTESIAN_POINT('',(0.1825,-0.0555513732826123,0.0130318927086321));
#15107=CARTESIAN_POINT('',(0.1825,-0.0572919007564519,0.014));
#15108=CARTESIAN_POINT('',(0.1825,-0.0521258803253505,0.011));
#15109=CARTESIAN_POINT('',(0.181,-0.061,0.011));
#15110=CARTESIAN_POINT('',(0.181,0.0681126952174646,0.011));
#15111=CARTESIAN_POINT('',(0.1795,0.0681126952174646,0.011));
#15112=CARTESIAN_POINT('',(0.1795,-0.0398741196746493,0.011));
#15113=CARTESIAN_POINT('',(0.1825,0.0681126952174646,0.011));
#15114=CARTESIAN_POINT('',(0.1825,-0.0398741196746495,0.011));
#15115=CARTESIAN_POINT('',(0.181,-0.031,0.011));
#15116=CARTESIAN_POINT('',(0.00099999999999989,-0.000999999999999973,0.015));
#15117=CARTESIAN_POINT('',(0.181,-0.031,0.015));
#15118=CARTESIAN_POINT('',(0.185,-0.031,0.015));
#15119=CARTESIAN_POINT('',(0.181,-0.031,0.011));
#15120=CARTESIAN_POINT('',(0.1825,-0.034708099243548,0.014));
#15121=CARTESIAN_POINT('',(0.1825,-0.0364485466913033,0.0130319372203315));
#15122=CARTESIAN_POINT('',(0.1825,-0.0381602168384074,0.0120139585919689));
#15123=CARTESIAN_POINT('',(0.1825,-0.0398741196746495,0.011));
#15124=CARTESIAN_POINT('',(0.1825,-0.034708099243548,0.014));
#15125=CARTESIAN_POINT('',(0.181,-0.031,0.014));
#15126=CARTESIAN_POINT('',(0.1795,-0.0347080992435476,0.014));
#15127=CARTESIAN_POINT('',(0.1795,-0.0398741196746493,0.011));
#15128=CARTESIAN_POINT('',(0.1795,-0.0381602183483104,0.0120139576986981));
#15129=CARTESIAN_POINT('',(0.1795,-0.0364486267173873,0.0130318927086321));
#15130=CARTESIAN_POINT('',(0.1795,-0.0347080992435476,0.014));
#15131=CARTESIAN_POINT('',(0.1795,0.0681126952174646,0.011));
#15132=CARTESIAN_POINT('',(0.1795,-0.0572919007564523,0.015));
#15133=CARTESIAN_POINT('',(0.1795,-0.0572919007564523,0.008));
#15134=CARTESIAN_POINT('',(0.1795,-0.0347080992435476,0.015));
#15135=CARTESIAN_POINT('',(0.1795,-0.0347080992435476,0.008));
#15136=CARTESIAN_POINT('',(0.1795,0.0681126952174646,0.008));
#15137=CARTESIAN_POINT('',(-0.0255,-0.0325,0.011));
#15138=CARTESIAN_POINT('',(0.154708099243548,-0.0325,0.015));
#15139=CARTESIAN_POINT('',(0.154708099243548,-0.0325,0.008));
#15140=CARTESIAN_POINT('',(-0.0255,-0.0325,0.008));
#15141=CARTESIAN_POINT('',(0.177291900756452,-0.0325,0.008));
#15142=CARTESIAN_POINT('',(0.177291900756452,-0.0325,0.015));
#15143=CARTESIAN_POINT('',(0.177291900756452,-0.0325,0.014));
#15144=CARTESIAN_POINT('',(0.177291900756452,-0.0325,0.014));
#15145=CARTESIAN_POINT('',(0.175551453308697,-0.0325,0.0130319372203315));
#15146=CARTESIAN_POINT('',(0.173839783161593,-0.0325,0.0120139585919689));
#15147=CARTESIAN_POINT('',(0.172125880325351,-0.0325,0.011));
#15148=CARTESIAN_POINT('',(0.181,-0.031,0.011));
#15149=CARTESIAN_POINT('',(0.181,-0.031,0.014));
#15150=CARTESIAN_POINT('',(0.177291900756452,-0.0295,0.014));
#15151=CARTESIAN_POINT('',(0.172125880325351,-0.0295,0.011));
#15152=CARTESIAN_POINT('',(0.173839781651689,-0.0295,0.0120139576986981));
#15153=CARTESIAN_POINT('',(0.175551373282612,-0.0295,0.0130318927086321));
#15154=CARTESIAN_POINT('',(0.177291900756452,-0.0295,0.014));
#15155=CARTESIAN_POINT('',(0.,0.,0.008));
#15156=CARTESIAN_POINT('',(0.046,-0.0645,0.008));
#15157=CARTESIAN_POINT('',(0.0345,-0.0645,0.008));
#15158=CARTESIAN_POINT('',(0.0575,-0.0645,0.008));
#15159=CARTESIAN_POINT('',(0.0575,-0.076,0.008));
#15160=CARTESIAN_POINT('',(0.0575,-0.0875,0.008));
#15161=CARTESIAN_POINT('',(0.046,-0.0875,0.008));
#15162=CARTESIAN_POINT('',(0.0345,-0.0875,0.008));
#15163=CARTESIAN_POINT('',(0.0345,-0.076,0.008));
#15164=CARTESIAN_POINT('',(0.,0.,0.008));
#15165=CARTESIAN_POINT('',(0.151,-0.031,0.008));
#15166=CARTESIAN_POINT('',(0.121,-0.031,0.008));
#15167=CARTESIAN_POINT('',(0.136,-0.0345,0.008));
#15168=CARTESIAN_POINT('',(0.1245,-0.0345,0.008));
#15169=CARTESIAN_POINT('',(0.1475,-0.0345,0.008));
#15170=CARTESIAN_POINT('',(0.1475,-0.046,0.008));
#15171=CARTESIAN_POINT('',(0.1475,-0.0575,0.008));
#15172=CARTESIAN_POINT('',(0.136,-0.0575,0.008));
#15173=CARTESIAN_POINT('',(0.1245,-0.0575,0.008));
#15174=CARTESIAN_POINT('',(0.1245,-0.046,0.008));
#15175=CARTESIAN_POINT('',(0.,0.,0.008));
#15176=CARTESIAN_POINT('',(0.121,-0.121,0.008));
#15177=CARTESIAN_POINT('',(0.151,-0.121,0.008));
#15178=CARTESIAN_POINT('',(0.136,-0.0945,0.008));
#15179=CARTESIAN_POINT('',(0.1245,-0.0945,0.008));
#15180=CARTESIAN_POINT('',(0.1475,-0.0945,0.008));
#15181=CARTESIAN_POINT('',(0.1475,-0.106,0.008));
#15182=CARTESIAN_POINT('',(0.1475,-0.1175,0.008));
#15183=CARTESIAN_POINT('',(0.136,-0.1175,0.008));
#15184=CARTESIAN_POINT('',(0.1245,-0.1175,0.008));
#15185=CARTESIAN_POINT('',(0.1245,-0.106,0.008));
#15186=CARTESIAN_POINT('',(0.,0.,0.008));
#15187=CARTESIAN_POINT('',(0.151,-0.031,0.008));
#15188=CARTESIAN_POINT('',(0.181,-0.061,0.008));
#15189=CARTESIAN_POINT('',(0.181,-0.031,0.008));
#15190=CARTESIAN_POINT('',(0.166,-0.0345,0.008));
#15191=CARTESIAN_POINT('',(0.1545,-0.0345,0.008));
#15192=CARTESIAN_POINT('',(0.1775,-0.0345,0.008));
#15193=CARTESIAN_POINT('',(0.1775,-0.046,0.008));
#15194=CARTESIAN_POINT('',(0.1775,-0.0575,0.008));
#15195=CARTESIAN_POINT('',(0.166,-0.0575,0.008));
#15196=CARTESIAN_POINT('',(0.1545,-0.0575,0.008));
#15197=CARTESIAN_POINT('',(0.1545,-0.046,0.008));
#15198=CARTESIAN_POINT('',(0.,0.,0.008));
#15199=CARTESIAN_POINT('',(0.151,-0.121,0.008));
#15200=CARTESIAN_POINT('',(0.181,-0.121,0.008));
#15201=CARTESIAN_POINT('',(0.181,-0.091,0.008));
#15202=CARTESIAN_POINT('',(0.166,-0.0945,0.008));
#15203=CARTESIAN_POINT('',(0.1545,-0.0945,0.008));
#15204=CARTESIAN_POINT('',(0.1775,-0.0945,0.008));
#15205=CARTESIAN_POINT('',(0.1775,-0.106,0.008));
#15206=CARTESIAN_POINT('',(0.1775,-0.1175,0.008));
#15207=CARTESIAN_POINT('',(0.166,-0.1175,0.008));
#15208=CARTESIAN_POINT('',(0.1545,-0.1175,0.008));
#15209=CARTESIAN_POINT('',(0.1545,-0.106,0.008));
#15210=CARTESIAN_POINT('',(0.,0.,0.008));
#15211=CARTESIAN_POINT('',(0.076,-0.0645,0.008));
#15212=CARTESIAN_POINT('',(0.0645,-0.0645,0.008));
#15213=CARTESIAN_POINT('',(0.0875,-0.0645,0.008));
#15214=CARTESIAN_POINT('',(0.0875,-0.076,0.008));
#15215=CARTESIAN_POINT('',(0.0875,-0.0875,0.008));
#15216=CARTESIAN_POINT('',(0.076,-0.0875,0.008));
#15217=CARTESIAN_POINT('',(0.0645,-0.0875,0.008));
#15218=CARTESIAN_POINT('',(0.0645,-0.076,0.008));
#15219=CARTESIAN_POINT('',(0.,0.,0.008));
#15220=CARTESIAN_POINT('',(0.106,-0.0645,0.008));
#15221=CARTESIAN_POINT('',(0.0945,-0.0645,0.008));
#15222=CARTESIAN_POINT('',(0.1175,-0.0645,0.008));
#15223=CARTESIAN_POINT('',(0.1175,-0.076,0.008));
#15224=CARTESIAN_POINT('',(0.1175,-0.0875,0.008));
#15225=CARTESIAN_POINT('',(0.106,-0.0875,0.008));
#15226=CARTESIAN_POINT('',(0.0945,-0.0875,0.008));
#15227=CARTESIAN_POINT('',(0.0945,-0.076,0.008));
#15228=CARTESIAN_POINT('',(0.,0.,0.008));
#15229=CARTESIAN_POINT('',(0.091,-0.121,0.008));
#15230=CARTESIAN_POINT('',(0.121,-0.121,0.008));
#15231=CARTESIAN_POINT('',(0.106,-0.0945,0.008));
#15232=CARTESIAN_POINT('',(0.0945,-0.0945,0.008));
#15233=CARTESIAN_POINT('',(0.1175,-0.0945,0.008));
#15234=CARTESIAN_POINT('',(0.1175,-0.106,0.008));
#15235=CARTESIAN_POINT('',(0.1175,-0.1175,0.008));
#15236=CARTESIAN_POINT('',(0.106,-0.1175,0.008));
#15237=CARTESIAN_POINT('',(0.0945,-0.1175,0.008));
#15238=CARTESIAN_POINT('',(0.0945,-0.106,0.008));
#15239=CARTESIAN_POINT('',(0.,0.,0.008));
#15240=CARTESIAN_POINT('',(0.121,-0.031,0.008));
#15241=CARTESIAN_POINT('',(0.091,-0.031,0.008));
#15242=CARTESIAN_POINT('',(0.106,-0.0345,0.008));
#15243=CARTESIAN_POINT('',(0.0945,-0.0345,0.008));
#15244=CARTESIAN_POINT('',(0.1175,-0.0345,0.008));
#15245=CARTESIAN_POINT('',(0.1175,-0.046,0.008));
#15246=CARTESIAN_POINT('',(0.1175,-0.0575,0.008));
#15247=CARTESIAN_POINT('',(0.106,-0.0575,0.008));
#15248=CARTESIAN_POINT('',(0.0945,-0.0575,0.008));
#15249=CARTESIAN_POINT('',(0.0945,-0.046,0.008));
#15250=CARTESIAN_POINT('',(0.,0.,0.008));
#15251=CARTESIAN_POINT('',(0.061,-0.121,0.008));
#15252=CARTESIAN_POINT('',(0.091,-0.121,0.008));
#15253=CARTESIAN_POINT('',(0.076,-0.0945,0.008));
#15254=CARTESIAN_POINT('',(0.0645,-0.0945,0.008));
#15255=CARTESIAN_POINT('',(0.0875,-0.0945,0.008));
#15256=CARTESIAN_POINT('',(0.0875,-0.106,0.008));
#15257=CARTESIAN_POINT('',(0.0875,-0.1175,0.008));
#15258=CARTESIAN_POINT('',(0.076,-0.1175,0.008));
#15259=CARTESIAN_POINT('',(0.0645,-0.1175,0.008));
#15260=CARTESIAN_POINT('',(0.0645,-0.106,0.008));
#15261=CARTESIAN_POINT('',(0.,0.,0.008));
#15262=CARTESIAN_POINT('',(0.091,-0.031,0.008));
#15263=CARTESIAN_POINT('',(0.061,-0.031,0.008));
#15264=CARTESIAN_POINT('',(0.076,-0.0345,0.008));
#15265=CARTESIAN_POINT('',(0.0645,-0.0345,0.008));
#15266=CARTESIAN_POINT('',(0.0875,-0.0345,0.008));
#15267=CARTESIAN_POINT('',(0.0875,-0.046,0.008));
#15268=CARTESIAN_POINT('',(0.0875,-0.0575,0.008));
#15269=CARTESIAN_POINT('',(0.076,-0.0575,0.008));
#15270=CARTESIAN_POINT('',(0.0645,-0.0575,0.008));
#15271=CARTESIAN_POINT('',(0.0645,-0.046,0.008));
#15272=CARTESIAN_POINT('',(0.,0.,0.008));
#15273=CARTESIAN_POINT('',(0.181,-0.091,0.008));
#15274=CARTESIAN_POINT('',(0.181,-0.061,0.008));
#15275=CARTESIAN_POINT('',(0.166,-0.0645,0.008));
#15276=CARTESIAN_POINT('',(0.1545,-0.0645,0.008));
#15277=CARTESIAN_POINT('',(0.1775,-0.0645,0.008));
#15278=CARTESIAN_POINT('',(0.1775,-0.076,0.008));
#15279=CARTESIAN_POINT('',(0.1775,-0.0875,0.008));
#15280=CARTESIAN_POINT('',(0.166,-0.0875,0.008));
#15281=CARTESIAN_POINT('',(0.1545,-0.0875,0.008));
#15282=CARTESIAN_POINT('',(0.1545,-0.076,0.008));
#15283=CARTESIAN_POINT('',(0.,0.,0.008));
#15284=CARTESIAN_POINT('',(0.136,-0.0645,0.008));
#15285=CARTESIAN_POINT('',(0.1245,-0.0645,0.008));
#15286=CARTESIAN_POINT('',(0.1475,-0.0645,0.008));
#15287=CARTESIAN_POINT('',(0.1475,-0.076,0.008));
#15288=CARTESIAN_POINT('',(0.1475,-0.0875,0.008));
#15289=CARTESIAN_POINT('',(0.136,-0.0875,0.008));
#15290=CARTESIAN_POINT('',(0.1245,-0.0875,0.008));
#15291=CARTESIAN_POINT('',(0.1245,-0.076,0.008));
#15292=CARTESIAN_POINT('',(0.,0.,0.008));
#15293=CARTESIAN_POINT('',(0.031,-0.121,0.008));
#15294=CARTESIAN_POINT('',(0.061,-0.121,0.008));
#15295=CARTESIAN_POINT('',(0.046,-0.0945,0.008));
#15296=CARTESIAN_POINT('',(0.0345,-0.0945,0.008));
#15297=CARTESIAN_POINT('',(0.0575,-0.0945,0.008));
#15298=CARTESIAN_POINT('',(0.0575,-0.106,0.008));
#15299=CARTESIAN_POINT('',(0.0575,-0.1175,0.008));
#15300=CARTESIAN_POINT('',(0.046,-0.1175,0.008));
#15301=CARTESIAN_POINT('',(0.0345,-0.1175,0.008));
#15302=CARTESIAN_POINT('',(0.0345,-0.106,0.008));
#15303=CARTESIAN_POINT('',(-0.0255,-0.061,0.011));
#15304=CARTESIAN_POINT('',(0.016,-0.061,0.011));
#15305=CARTESIAN_POINT('',(0.016,-0.0625,0.011));
#15306=CARTESIAN_POINT('',(0.016,-0.0595,0.011));
#15307=CARTESIAN_POINT('',(-0.0255,-0.0625,0.011));
#15308=CARTESIAN_POINT('',(-0.0255,-0.0595,0.011));
#15309=CARTESIAN_POINT('',(-0.0255,-0.0625,0.011));
#15310=CARTESIAN_POINT('',(0.016,-0.0625,0.011));
#15311=CARTESIAN_POINT('',(0.016,-0.0625,0.008));
#15312=CARTESIAN_POINT('',(-0.0255,-0.0625,0.008));
#15313=CARTESIAN_POINT('',(-0.0255,-0.0595,0.011));
#15314=CARTESIAN_POINT('',(0.016,-0.0595,0.011));
#15315=CARTESIAN_POINT('',(0.016,-0.0595,0.008));
#15316=CARTESIAN_POINT('',(-0.0255,-0.0595,0.008));
#15317=CARTESIAN_POINT('',(-0.0255,-0.091,0.011));
#15318=CARTESIAN_POINT('',(-0.0255,-0.0925,0.011));
#15319=CARTESIAN_POINT('',(-0.0255,-0.0895,0.011));
#15320=CARTESIAN_POINT('',(-0.0255,-0.0925,0.011));
#15321=CARTESIAN_POINT('',(-0.0255,-0.0925,0.008));
#15322=CARTESIAN_POINT('',(0.,0.,0.008));
#15323=CARTESIAN_POINT('',(0.0105,-0.088,0.008));
#15324=CARTESIAN_POINT('',(0.0279999999999995,-0.088,0.008));
#15325=CARTESIAN_POINT('',(-0.0255,-0.0895,0.008));
#15326=CARTESIAN_POINT('',(0.016,0.,0.008));
#15327=CARTESIAN_POINT('',(0.016,-0.064,0.008));
#15328=CARTESIAN_POINT('',(0.0192499999999997,-0.064,0.008));
#15329=CARTESIAN_POINT('',(0.0279999999999995,-0.064,0.008));
#15330=CARTESIAN_POINT('',(0.0279999999999995,-0.088,0.008));
#15331=CARTESIAN_POINT('',(-0.0255,-0.0895,0.011));
#15332=CARTESIAN_POINT('',(0.,0.,0.008));
#15333=CARTESIAN_POINT('',(0.016,0.,0.008));
#15334=CARTESIAN_POINT('',(0.016,-0.1195,0.008));
#15335=CARTESIAN_POINT('',(0.016,-0.1175,0.008));
#15336=CARTESIAN_POINT('',(-0.0255,-0.1195,0.008));
#15337=CARTESIAN_POINT('',(0.027291900756452,-0.1195,0.008));
#15338=CARTESIAN_POINT('',(0.031,-0.121,0.008));
#15339=CARTESIAN_POINT('',(0.016,-0.0945,0.008));
#15340=CARTESIAN_POINT('',(0.0275,-0.0945,0.008));
#15341=CARTESIAN_POINT('',(0.0275,-0.106,0.008));
#15342=CARTESIAN_POINT('',(0.0275,-0.1175,0.008));
#15343=CARTESIAN_POINT('',(0.016,-0.1175,0.008));
#15344=CARTESIAN_POINT('',(-0.0255,-0.1195,0.011));
#15345=CARTESIAN_POINT('',(0.016,-0.1195,0.011));
#15346=CARTESIAN_POINT('',(0.016,-0.1195,0.011));
#15347=CARTESIAN_POINT('',(-0.0255,-0.1195,0.011));
#15348=CARTESIAN_POINT('',(0.027291900756452,-0.1195,0.015));
#15349=CARTESIAN_POINT('',(-0.0255,-0.121,0.011));
#15350=CARTESIAN_POINT('',(0.016,-0.121,0.011));
#15351=CARTESIAN_POINT('',(0.016,-0.1225,0.011));
#15352=CARTESIAN_POINT('',(-0.0255,-0.1225,0.011));
#15353=CARTESIAN_POINT('',(0.00099999999999989,-0.000999999999999973,0.015));
#15354=CARTESIAN_POINT('',(0.031,-0.031,0.015));
#15355=CARTESIAN_POINT('',(0.035,-0.031,0.015));
#15356=CARTESIAN_POINT('',(0.031,-0.031,0.011));
#15357=CARTESIAN_POINT('',(0.0347080992435478,-0.0295,0.014));
#15358=CARTESIAN_POINT('',(0.0364485466913031,-0.0295,0.0130319372203315));
#15359=CARTESIAN_POINT('',(0.0381602168384072,-0.0295,0.0120139585919689));
#15360=CARTESIAN_POINT('',(0.0398741196746493,-0.0295,0.011));
#15361=CARTESIAN_POINT('',(0.0347080992435478,-0.0295,0.014));
#15362=CARTESIAN_POINT('',(0.031,-0.031,0.014));
#15363=CARTESIAN_POINT('',(0.0347080992435477,-0.0325,0.014));
#15364=CARTESIAN_POINT('',(0.0398741196746493,-0.0325,0.011));
#15365=CARTESIAN_POINT('',(0.0381602183483104,-0.0325,0.0120139576986981));
#15366=CARTESIAN_POINT('',(0.0364486267173873,-0.0325,0.0130318927086321));
#15367=CARTESIAN_POINT('',(0.0347080992435477,-0.0325,0.014));
#15368=CARTESIAN_POINT('',(-0.0255,-0.0325,0.011));
#15369=CARTESIAN_POINT('',(0.0347080992435477,-0.0325,0.015));
#15370=CARTESIAN_POINT('',(0.0347080992435477,-0.0325,0.008));
#15371=CARTESIAN_POINT('',(-0.0255,-0.0325,0.008));
#15372=CARTESIAN_POINT('',(0.057291900756452,-0.0325,0.008));
#15373=CARTESIAN_POINT('',(0.057291900756452,-0.0325,0.015));
#15374=CARTESIAN_POINT('',(0.,0.,0.008));
#15375=CARTESIAN_POINT('',(0.061,-0.031,0.008));
#15376=CARTESIAN_POINT('',(0.031,-0.031,0.008));
#15377=CARTESIAN_POINT('',(0.0324999999999996,-0.034708099243548,0.008));
#15378=CARTESIAN_POINT('',(0.0324999999999996,0.0681126952174645,0.008));
#15379=CARTESIAN_POINT('',(0.046,-0.0345,0.008));
#15380=CARTESIAN_POINT('',(0.0345,-0.0345,0.008));
#15381=CARTESIAN_POINT('',(0.0575,-0.0345,0.008));
#15382=CARTESIAN_POINT('',(0.0575,-0.046,0.008));
#15383=CARTESIAN_POINT('',(0.0575,-0.0575,0.008));
#15384=CARTESIAN_POINT('',(0.046,-0.0575,0.008));
#15385=CARTESIAN_POINT('',(0.0345,-0.0575,0.008));
#15386=CARTESIAN_POINT('',(0.0345,-0.046,0.008));
#15387=CARTESIAN_POINT('',(0.0324999999999996,0.0681126952174645,0.011));
#15388=CARTESIAN_POINT('',(0.0324999999999996,-0.034708099243548,0.015));
#15389=CARTESIAN_POINT('',(0.0324999999999996,-0.034708099243548,0.014));
#15390=CARTESIAN_POINT('',(0.0324999999999996,-0.034708099243548,0.014));
#15391=CARTESIAN_POINT('',(0.0324999999999996,-0.0364485466913033,0.0130319372203315));
#15392=CARTESIAN_POINT('',(0.0324999999999996,-0.0381602168384073,0.0120139585919689));
#15393=CARTESIAN_POINT('',(0.0324999999999996,-0.0398741196746495,0.011));
#15394=CARTESIAN_POINT('',(0.031,-0.031,0.011));
#15395=CARTESIAN_POINT('',(0.031,-0.031,0.014));
#15396=CARTESIAN_POINT('',(0.0294999999999996,-0.0347080992435477,0.014));
#15397=CARTESIAN_POINT('',(0.0294999999999996,-0.0398741196746493,0.011));
#15398=CARTESIAN_POINT('',(0.0294999999999996,-0.0381602183483105,0.0120139576986981));
#15399=CARTESIAN_POINT('',(0.0294999999999996,-0.0364486267173874,0.0130318927086322));
#15400=CARTESIAN_POINT('',(0.0294999999999996,-0.0347080992435477,0.014));
#15401=CARTESIAN_POINT('',(0.0294999999999996,0.0681126952174645,0.011));
#15402=CARTESIAN_POINT('',(0.0294999999999996,-0.0347080992435477,0.015));
#15403=CARTESIAN_POINT('',(0.0294999999999996,-0.0347080992435477,0.008));
#15404=CARTESIAN_POINT('',(0.0294999999999996,0.0681126952174645,0.008));
#15405=CARTESIAN_POINT('',(0.031,-0.031,0.011));
#15406=CARTESIAN_POINT('',(0.0272919007564521,-0.0325,0.014));
#15407=CARTESIAN_POINT('',(0.0255514533086967,-0.0325,0.0130319372203315));
#15408=CARTESIAN_POINT('',(0.0238397831615926,-0.0325,0.0120139585919689));
#15409=CARTESIAN_POINT('',(0.0221258803253505,-0.0325,0.011));
#15410=CARTESIAN_POINT('',(0.0272919007564521,-0.0325,0.014));
#15411=CARTESIAN_POINT('',(0.0221258803253505,-0.0325,0.011));
#15412=CARTESIAN_POINT('',(0.031,-0.031,0.014));
#15413=CARTESIAN_POINT('',(0.027291900756452,-0.0295,0.014));
#15414=CARTESIAN_POINT('',(0.0221258803253504,-0.0295,0.011));
#15415=CARTESIAN_POINT('',(0.0238397816516893,-0.0295,0.0120139576986981));
#15416=CARTESIAN_POINT('',(0.0255513732826123,-0.0295,0.0130318927086321));
#15417=CARTESIAN_POINT('',(0.027291900756452,-0.0295,0.014));
#15418=CARTESIAN_POINT('',(0.0221258803253504,-0.0295,0.011));
#15419=CARTESIAN_POINT('',(0.031,-0.031,0.011));
#15420=CARTESIAN_POINT('',(-0.0255,-0.0325,0.011));
#15421=CARTESIAN_POINT('',(-0.0255,-0.0325,0.011));
#15422=CARTESIAN_POINT('',(0.016,-0.0325,0.011));
#15423=CARTESIAN_POINT('',(0.016,-0.0325,0.011));
#15424=CARTESIAN_POINT('',(0.016,-0.0325,0.008));
#15425=CARTESIAN_POINT('',(-0.0255,-0.0325,0.008));
#15426=CARTESIAN_POINT('',(0.0272919007564521,-0.0325,0.008));
#15427=CARTESIAN_POINT('',(0.0272919007564521,-0.0325,0.015));
#15428=CARTESIAN_POINT('',(0.,0.,0.008));
#15429=CARTESIAN_POINT('',(0.016,0.,0.008));
#15430=CARTESIAN_POINT('',(0.016,-0.0575,0.008));
#15431=CARTESIAN_POINT('',(0.031,-0.031,0.008));
#15432=CARTESIAN_POINT('',(0.016,0.,0.008));
#15433=CARTESIAN_POINT('',(0.016,-0.0345,0.008));
#15434=CARTESIAN_POINT('',(0.016,-0.0345,0.008));
#15435=CARTESIAN_POINT('',(0.0275,-0.0345,0.008));
#15436=CARTESIAN_POINT('',(0.0275,-0.046,0.008));
#15437=CARTESIAN_POINT('',(0.0275,-0.0575,0.008));
#15438=CARTESIAN_POINT('',(0.016,-0.0575,0.008));
#15439=CARTESIAN_POINT('',(-0.0255,-0.031,0.011));
#15440=CARTESIAN_POINT('',(0.016,-0.031,0.011));
#15441=CARTESIAN_POINT('',(0.016,-0.0295,0.011));
#15442=CARTESIAN_POINT('',(-0.0255,-0.0295,0.011));
#15443=CARTESIAN_POINT('',(0.121,-0.031,0.011));
#15444=CARTESIAN_POINT('',(0.1195,-0.0272919007564523,0.014));
#15445=CARTESIAN_POINT('',(0.1195,-0.0255514533086969,0.0130319372203315));
#15446=CARTESIAN_POINT('',(0.1195,-0.0238397831615928,0.012013958591969));
#15447=CARTESIAN_POINT('',(0.1195,-0.0221258803253506,0.011));
#15448=CARTESIAN_POINT('',(0.1195,-0.0272919007564523,0.014));
#15449=CARTESIAN_POINT('',(0.1195,-0.0221258803253506,0.011));
#15450=CARTESIAN_POINT('',(0.121,-0.031,0.014));
#15451=CARTESIAN_POINT('',(0.1225,-0.027291900756452,0.014));
#15452=CARTESIAN_POINT('',(0.1225,-0.0221258803253505,0.011));
#15453=CARTESIAN_POINT('',(0.1225,-0.0238397816516893,0.0120139576986981));
#15454=CARTESIAN_POINT('',(0.1225,-0.0255513732826123,0.0130318927086321));
#15455=CARTESIAN_POINT('',(0.1225,-0.027291900756452,0.014));
#15456=CARTESIAN_POINT('',(0.1225,-0.0221258803253505,0.011));
#15457=CARTESIAN_POINT('',(0.121,-0.031,0.011));
#15458=CARTESIAN_POINT('',(0.091,-0.031,0.011));
#15459=CARTESIAN_POINT('',(0.0895,-0.0272919007564523,0.014));
#15460=CARTESIAN_POINT('',(0.0895,-0.0255514533086969,0.0130319372203315));
#15461=CARTESIAN_POINT('',(0.0895,-0.0238397831615928,0.012013958591969));
#15462=CARTESIAN_POINT('',(0.0895,-0.0221258803253506,0.011));
#15463=CARTESIAN_POINT('',(0.0895,-0.0272919007564523,0.014));
#15464=CARTESIAN_POINT('',(0.0895,-0.0221258803253506,0.011));
#15465=CARTESIAN_POINT('',(0.091,-0.031,0.014));
#15466=CARTESIAN_POINT('',(0.0925,-0.027291900756452,0.014));
#15467=CARTESIAN_POINT('',(0.0925,-0.0221258803253505,0.011));
#15468=CARTESIAN_POINT('',(0.0925,-0.0238397816516893,0.0120139576986981));
#15469=CARTESIAN_POINT('',(0.0925,-0.0255513732826123,0.0130318927086321));
#15470=CARTESIAN_POINT('',(0.0925,-0.027291900756452,0.014));
#15471=CARTESIAN_POINT('',(0.0925,-0.0221258803253505,0.011));
#15472=CARTESIAN_POINT('',(0.091,-0.031,0.011));
#15473=CARTESIAN_POINT('',(0.151,-0.031,0.011));
#15474=CARTESIAN_POINT('',(0.1495,-0.0272919007564523,0.014));
#15475=CARTESIAN_POINT('',(0.1495,-0.0255514533086969,0.0130319372203315));
#15476=CARTESIAN_POINT('',(0.1495,-0.0238397831615928,0.012013958591969));
#15477=CARTESIAN_POINT('',(0.1495,-0.0221258803253506,0.011));
#15478=CARTESIAN_POINT('',(0.1495,-0.0272919007564523,0.014));
#15479=CARTESIAN_POINT('',(0.1495,-0.0221258803253506,0.011));
#15480=CARTESIAN_POINT('',(0.151,-0.031,0.014));
#15481=CARTESIAN_POINT('',(0.1525,-0.027291900756452,0.014));
#15482=CARTESIAN_POINT('',(0.1525,-0.0221258803253505,0.011));
#15483=CARTESIAN_POINT('',(0.1525,-0.0238397816516893,0.0120139576986981));
#15484=CARTESIAN_POINT('',(0.1525,-0.0255513732826123,0.0130318927086322));
#15485=CARTESIAN_POINT('',(0.1525,-0.027291900756452,0.014));
#15486=CARTESIAN_POINT('',(0.1525,-0.0221258803253505,0.011));
#15487=CARTESIAN_POINT('',(0.151,-0.031,0.011));
#15488=CARTESIAN_POINT('',(0.061,-0.031,0.011));
#15489=CARTESIAN_POINT('',(0.0595,-0.0272919007564523,0.014));
#15490=CARTESIAN_POINT('',(0.0595,-0.0255514533086969,0.0130319372203315));
#15491=CARTESIAN_POINT('',(0.0595,-0.0238397831615928,0.012013958591969));
#15492=CARTESIAN_POINT('',(0.0595,-0.0221258803253506,0.011));
#15493=CARTESIAN_POINT('',(0.0595,-0.0272919007564523,0.014));
#15494=CARTESIAN_POINT('',(0.0595,-0.0221258803253506,0.011));
#15495=CARTESIAN_POINT('',(0.061,-0.031,0.014));
#15496=CARTESIAN_POINT('',(0.0625,-0.027291900756452,0.014));
#15497=CARTESIAN_POINT('',(0.0625,-0.0221258803253505,0.011));
#15498=CARTESIAN_POINT('',(0.0625,-0.0238397816516893,0.0120139576986981));
#15499=CARTESIAN_POINT('',(0.0625,-0.0255513732826123,0.0130318927086321));
#15500=CARTESIAN_POINT('',(0.0625,-0.027291900756452,0.014));
#15501=CARTESIAN_POINT('',(0.0625,-0.0221258803253505,0.011));
#15502=CARTESIAN_POINT('',(0.061,-0.031,0.011));
#15503=CARTESIAN_POINT('',(-0.0255,-0.0295,0.011));
#15504=CARTESIAN_POINT('',(-0.0255,-0.0295,0.008));
#15505=CARTESIAN_POINT('',(0.124708099243548,-0.0295,0.008));
#15506=CARTESIAN_POINT('',(0.147291900756452,-0.0295,0.008));
#15507=CARTESIAN_POINT('',(0.124708099243548,-0.0295,0.015));
#15508=CARTESIAN_POINT('',(0.147291900756452,-0.0295,0.015));
#15509=CARTESIAN_POINT('',(0.121,-0.031,0.015));
#15510=CARTESIAN_POINT('',(0.1225,-0.027291900756452,0.015));
#15511=CARTESIAN_POINT('',(0.1225,-0.027291900756452,0.008));
#15512=CARTESIAN_POINT('',(0.1195,-0.0272919007564523,0.015));
#15513=CARTESIAN_POINT('',(0.1195,-0.0272919007564523,0.008));
#15514=CARTESIAN_POINT('',(0.121,-0.031,0.008));
#15515=CARTESIAN_POINT('',(0.117291900756452,-0.0295,0.008));
#15516=CARTESIAN_POINT('',(0.117291900756452,-0.0295,0.015));
#15517=CARTESIAN_POINT('',(0.121,-0.031,0.008));
#15518=CARTESIAN_POINT('',(-0.0255,-0.0295,0.011));
#15519=CARTESIAN_POINT('',(0.0947080992435476,-0.0295,0.015));
#15520=CARTESIAN_POINT('',(0.0947080992435476,-0.0295,0.008));
#15521=CARTESIAN_POINT('',(-0.0255,-0.0295,0.008));
#15522=CARTESIAN_POINT('',(0.091,-0.031,0.015));
#15523=CARTESIAN_POINT('',(0.0925,-0.027291900756452,0.015));
#15524=CARTESIAN_POINT('',(0.0925,-0.027291900756452,0.008));
#15525=CARTESIAN_POINT('',(0.0895,-0.0272919007564523,0.015));
#15526=CARTESIAN_POINT('',(0.0895,-0.0272919007564523,0.008));
#15527=CARTESIAN_POINT('',(0.091,-0.031,0.008));
#15528=CARTESIAN_POINT('',(0.0872919007564519,-0.0295,0.008));
#15529=CARTESIAN_POINT('',(0.0872919007564519,-0.0295,0.015));
#15530=CARTESIAN_POINT('',(0.091,-0.031,0.008));
#15531=CARTESIAN_POINT('',(-0.0255,-0.0295,0.011));
#15532=CARTESIAN_POINT('',(-0.0255,-0.0295,0.008));
#15533=CARTESIAN_POINT('',(-0.0255,-0.0295,0.011));
#15534=CARTESIAN_POINT('',(-0.0255,-0.0295,0.008));
#15535=CARTESIAN_POINT('',(0.177291900756452,-0.0295,0.008));
#15536=CARTESIAN_POINT('',(0.177291900756452,-0.0295,0.015));
#15537=CARTESIAN_POINT('',(0.151,-0.031,0.015));
#15538=CARTESIAN_POINT('',(0.1525,-0.027291900756452,0.015));
#15539=CARTESIAN_POINT('',(0.1495,-0.0272919007564523,0.015));
#15540=CARTESIAN_POINT('',(0.1495,-0.0272919007564523,0.008));
#15541=CARTESIAN_POINT('',(0.151,-0.031,0.008));
#15542=CARTESIAN_POINT('',(0.061,-0.031,0.015));
#15543=CARTESIAN_POINT('',(0.0625,-0.027291900756452,0.015));
#15544=CARTESIAN_POINT('',(0.0595,-0.0272919007564523,0.015));
#15545=CARTESIAN_POINT('',(0.0595,-0.0272919007564523,0.008));
#15546=CARTESIAN_POINT('',(0.061,-0.031,0.008));
#15547=CARTESIAN_POINT('',(0.057291900756452,-0.0295,0.008));
#15548=CARTESIAN_POINT('',(0.057291900756452,-0.0295,0.015));
#15549=CARTESIAN_POINT('',(-0.0255,-0.0295,0.011));
#15550=CARTESIAN_POINT('',(-0.0255,-0.0295,0.008));
#15551=CARTESIAN_POINT('',(0.0347080992435478,-0.0295,0.008));
#15552=CARTESIAN_POINT('',(0.0347080992435478,-0.0295,0.015));
#15553=CARTESIAN_POINT('',(0.031,-0.031,0.011));
#15554=CARTESIAN_POINT('',(0.0294999999999996,-0.0272919007564523,0.014));
#15555=CARTESIAN_POINT('',(0.0294999999999996,-0.0255514533086968,0.0130319372203316));
#15556=CARTESIAN_POINT('',(0.0294999999999996,-0.0238397831615928,0.0120139585919689));
#15557=CARTESIAN_POINT('',(0.0294999999999996,-0.0221258803253506,0.011));
#15558=CARTESIAN_POINT('',(0.0294999999999996,-0.0272919007564522,0.014));
#15559=CARTESIAN_POINT('',(0.0294999999999996,-0.0221258803253506,0.011));
#15560=CARTESIAN_POINT('',(0.031,-0.031,0.014));
#15561=CARTESIAN_POINT('',(0.0324999999999996,-0.027291900756452,0.014));
#15562=CARTESIAN_POINT('',(0.0324999999999996,-0.0221258803253505,0.011));
#15563=CARTESIAN_POINT('',(0.0324999999999996,-0.0238397816516893,0.0120139576986981));
#15564=CARTESIAN_POINT('',(0.0324999999999996,-0.0255513732826124,0.0130318927086321));
#15565=CARTESIAN_POINT('',(0.0324999999999996,-0.027291900756452,0.014));
#15566=CARTESIAN_POINT('',(0.0324999999999996,-0.0221258803253505,0.011));
#15567=CARTESIAN_POINT('',(0.031,-0.031,0.011));
#15568=CARTESIAN_POINT('',(0.181,-0.031,0.011));
#15569=CARTESIAN_POINT('',(0.1795,-0.0272919007564523,0.014));
#15570=CARTESIAN_POINT('',(0.1795,-0.0255514533086969,0.0130319372203315));
#15571=CARTESIAN_POINT('',(0.1795,-0.0238397831615929,0.012013958591969));
#15572=CARTESIAN_POINT('',(0.1795,-0.0221258803253506,0.011));
#15573=CARTESIAN_POINT('',(0.1795,-0.0272919007564523,0.014));
#15574=CARTESIAN_POINT('',(0.1795,-0.0221258803253506,0.011));
#15575=CARTESIAN_POINT('',(0.181,-0.031,0.014));
#15576=CARTESIAN_POINT('',(0.1825,-0.027291900756452,0.014));
#15577=CARTESIAN_POINT('',(0.1825,-0.0221258803253505,0.011));
#15578=CARTESIAN_POINT('',(0.1825,-0.0238397816516893,0.0120139576986981));
#15579=CARTESIAN_POINT('',(0.1825,-0.0255513732826123,0.0130318927086321));
#15580=CARTESIAN_POINT('',(0.1825,-0.027291900756452,0.014));
#15581=CARTESIAN_POINT('',(0.1825,-0.0221258803253505,0.011));
#15582=CARTESIAN_POINT('',(0.181,-0.031,0.011));
#15583=CARTESIAN_POINT('',(-0.0255,-0.1225,0.011));
#15584=CARTESIAN_POINT('',(0.016,-0.1225,0.011));
#15585=CARTESIAN_POINT('',(0.0272919007564521,-0.1225,0.015));
#15586=CARTESIAN_POINT('',(0.031,-0.121,0.015));
#15587=CARTESIAN_POINT('',(0.0347080992435477,-0.1225,0.015));
#15588=CARTESIAN_POINT('',(-0.0255,-0.1225,0.011));
#15589=CARTESIAN_POINT('',(0.0572919007564521,-0.1225,0.015));
#15590=CARTESIAN_POINT('',(0.061,-0.121,0.015));
#15591=CARTESIAN_POINT('',(0.0647080992435476,-0.1225,0.015));
#15592=CARTESIAN_POINT('',(-0.0255,-0.1225,0.011));
#15593=CARTESIAN_POINT('',(0.0872919007564521,-0.1225,0.015));
#15594=CARTESIAN_POINT('',(0.091,-0.121,0.015));
#15595=CARTESIAN_POINT('',(0.0947080992435476,-0.1225,0.015));
#15596=CARTESIAN_POINT('',(-0.0255,-0.1225,0.011));
#15597=CARTESIAN_POINT('',(0.117291900756452,-0.1225,0.015));
#15598=CARTESIAN_POINT('',(0.121,-0.121,0.015));
#15599=CARTESIAN_POINT('',(0.124708099243548,-0.1225,0.015));
#15600=CARTESIAN_POINT('',(-0.0255,-0.1225,0.011));
#15601=CARTESIAN_POINT('',(0.147291900756452,-0.1225,0.015));
#15602=CARTESIAN_POINT('',(0.151,-0.121,0.015));
#15603=CARTESIAN_POINT('',(0.154708099243548,-0.1225,0.015));
#15604=CARTESIAN_POINT('',(-0.0255,-0.1225,0.011));
#15605=CARTESIAN_POINT('',(0.177291900756452,-0.1225,0.015));
#15606=CARTESIAN_POINT('',(0.181,-0.121,0.015));
#15607=CARTESIAN_POINT('',(0.1825,-0.117291900756452,0.015));
#15608=CARTESIAN_POINT('',(0.1825,0.0681126952174646,0.011));
#15609=CARTESIAN_POINT('',(0.1825,-0.094708099243548,0.015));
#15610=CARTESIAN_POINT('',(0.181,-0.091,0.015));
#15611=CARTESIAN_POINT('',(0.1825,-0.087291900756452,0.015));
#15612=CARTESIAN_POINT('',(0.181,-0.091,0.008));
#15613=CARTESIAN_POINT('',(0.1825,0.0681126952174646,0.011));
#15614=CARTESIAN_POINT('',(0.1825,-0.064708099243548,0.015));
#15615=CARTESIAN_POINT('',(0.181,-0.061,0.015));
#15616=CARTESIAN_POINT('',(0.1825,-0.0572919007564519,0.015));
#15617=CARTESIAN_POINT('',(0.181,-0.061,0.008));
#15618=CARTESIAN_POINT('',(0.1825,0.0681126952174646,0.011));
#15619=CARTESIAN_POINT('',(0.1825,-0.034708099243548,0.015));
#15620=CARTESIAN_POINT('',(0.181,-0.031,0.015));
#15621=CARTESIAN_POINT('',(0.1825,-0.027291900756452,0.015));
#15622=CARTESIAN_POINT('',(0.1795,-0.0272919007564523,0.015));
#15623=CARTESIAN_POINT('',(0.1795,-0.0272919007564523,0.008));
#15624=CARTESIAN_POINT('',(0.181,-0.031,0.008));
#15625=CARTESIAN_POINT('',(0.046,-0.0875,-2.00000000000027E-6));
#15626=CARTESIAN_POINT('',(0.0345,-0.0875,-2.00000000000027E-6));
#15627=CARTESIAN_POINT('',(0.0575,-0.0875,-2.00000000000027E-6));
#15628=CARTESIAN_POINT('',(0.0345,-0.076,-2.00000000000027E-6));
#15629=CARTESIAN_POINT('',(0.0345,-0.0645,-2.00000000000027E-6));
#15630=CARTESIAN_POINT('',(0.046,-0.0645,-2.00000000000027E-6));
#15631=CARTESIAN_POINT('',(0.0575,-0.0645,-2.00000000000027E-6));
#15632=CARTESIAN_POINT('',(0.0575,-0.076,-2.00000000000027E-6));
#15633=CARTESIAN_POINT('',(0.136,-0.0575,-2.00000000000027E-6));
#15634=CARTESIAN_POINT('',(0.1245,-0.0575,-2.00000000000027E-6));
#15635=CARTESIAN_POINT('',(0.1475,-0.0575,-2.00000000000027E-6));
#15636=CARTESIAN_POINT('',(0.1245,-0.046,-2.00000000000027E-6));
#15637=CARTESIAN_POINT('',(0.1245,-0.0345,-2.00000000000027E-6));
#15638=CARTESIAN_POINT('',(0.136,-0.0345,-2.00000000000027E-6));
#15639=CARTESIAN_POINT('',(0.1475,-0.0345,-2.00000000000027E-6));
#15640=CARTESIAN_POINT('',(0.1475,-0.046,-2.00000000000027E-6));
#15641=CARTESIAN_POINT('',(0.136,-0.1175,-2.00000000000027E-6));
#15642=CARTESIAN_POINT('',(0.1245,-0.1175,-2.00000000000027E-6));
#15643=CARTESIAN_POINT('',(0.1475,-0.1175,-2.00000000000027E-6));
#15644=CARTESIAN_POINT('',(0.1245,-0.106,-2.00000000000027E-6));
#15645=CARTESIAN_POINT('',(0.1245,-0.0945,-2.00000000000027E-6));
#15646=CARTESIAN_POINT('',(0.136,-0.0945,-2.00000000000027E-6));
#15647=CARTESIAN_POINT('',(0.1475,-0.0945,-2.00000000000027E-6));
#15648=CARTESIAN_POINT('',(0.1475,-0.106,-2.00000000000027E-6));
#15649=CARTESIAN_POINT('',(0.166,-0.0575,-2.00000000000027E-6));
#15650=CARTESIAN_POINT('',(0.1545,-0.0575,-2.00000000000027E-6));
#15651=CARTESIAN_POINT('',(0.1775,-0.0575,-2.00000000000027E-6));
#15652=CARTESIAN_POINT('',(0.1545,-0.046,-2.00000000000027E-6));
#15653=CARTESIAN_POINT('',(0.1545,-0.0345,-2.00000000000027E-6));
#15654=CARTESIAN_POINT('',(0.166,-0.0345,-2.00000000000027E-6));
#15655=CARTESIAN_POINT('',(0.1775,-0.0345,-2.00000000000027E-6));
#15656=CARTESIAN_POINT('',(0.1775,-0.046,-2.00000000000027E-6));
#15657=CARTESIAN_POINT('',(0.166,-0.1175,-2.00000000000027E-6));
#15658=CARTESIAN_POINT('',(0.1545,-0.1175,-2.00000000000027E-6));
#15659=CARTESIAN_POINT('',(0.1775,-0.1175,-2.00000000000027E-6));
#15660=CARTESIAN_POINT('',(0.1545,-0.106,-2.00000000000027E-6));
#15661=CARTESIAN_POINT('',(0.1545,-0.0945,-2.00000000000027E-6));
#15662=CARTESIAN_POINT('',(0.166,-0.0945,-2.00000000000027E-6));
#15663=CARTESIAN_POINT('',(0.1775,-0.0945,-2.00000000000027E-6));
#15664=CARTESIAN_POINT('',(0.1775,-0.106,-2.00000000000027E-6));
#15665=CARTESIAN_POINT('',(0.076,-0.0875,-2.00000000000027E-6));
#15666=CARTESIAN_POINT('',(0.0645,-0.0875,-2.00000000000027E-6));
#15667=CARTESIAN_POINT('',(0.0875,-0.0875,-2.00000000000027E-6));
#15668=CARTESIAN_POINT('',(0.0645,-0.076,-2.00000000000027E-6));
#15669=CARTESIAN_POINT('',(0.0645,-0.0645,-2.00000000000027E-6));
#15670=CARTESIAN_POINT('',(0.076,-0.0645,-2.00000000000027E-6));
#15671=CARTESIAN_POINT('',(0.0875,-0.0645,-2.00000000000027E-6));
#15672=CARTESIAN_POINT('',(0.0875,-0.076,-2.00000000000027E-6));
#15673=CARTESIAN_POINT('',(0.106,-0.0875,-2.00000000000027E-6));
#15674=CARTESIAN_POINT('',(0.0945,-0.0875,-2.00000000000027E-6));
#15675=CARTESIAN_POINT('',(0.1175,-0.0875,-2.00000000000027E-6));
#15676=CARTESIAN_POINT('',(0.0945,-0.076,-2.00000000000027E-6));
#15677=CARTESIAN_POINT('',(0.0945,-0.0645,-2.00000000000027E-6));
#15678=CARTESIAN_POINT('',(0.106,-0.0645,-2.00000000000027E-6));
#15679=CARTESIAN_POINT('',(0.1175,-0.0645,-2.00000000000027E-6));
#15680=CARTESIAN_POINT('',(0.1175,-0.076,-2.00000000000027E-6));
#15681=CARTESIAN_POINT('',(0.106,-0.1175,-2.00000000000027E-6));
#15682=CARTESIAN_POINT('',(0.0945,-0.1175,-2.00000000000027E-6));
#15683=CARTESIAN_POINT('',(0.1175,-0.1175,-2.00000000000027E-6));
#15684=CARTESIAN_POINT('',(0.0945,-0.106,-2.00000000000027E-6));
#15685=CARTESIAN_POINT('',(0.0945,-0.0945,-2.00000000000027E-6));
#15686=CARTESIAN_POINT('',(0.106,-0.0945,-2.00000000000027E-6));
#15687=CARTESIAN_POINT('',(0.1175,-0.0945,-2.00000000000027E-6));
#15688=CARTESIAN_POINT('',(0.1175,-0.106,-2.00000000000027E-6));
#15689=CARTESIAN_POINT('',(0.106,-0.0575,-2.00000000000027E-6));
#15690=CARTESIAN_POINT('',(0.0945,-0.0575,-2.00000000000027E-6));
#15691=CARTESIAN_POINT('',(0.1175,-0.0575,-2.00000000000027E-6));
#15692=CARTESIAN_POINT('',(0.0945,-0.046,-2.00000000000027E-6));
#15693=CARTESIAN_POINT('',(0.0945,-0.0345,-2.00000000000027E-6));
#15694=CARTESIAN_POINT('',(0.106,-0.0345,-2.00000000000027E-6));
#15695=CARTESIAN_POINT('',(0.1175,-0.0345,-2.00000000000027E-6));
#15696=CARTESIAN_POINT('',(0.1175,-0.046,-2.00000000000027E-6));
#15697=CARTESIAN_POINT('',(0.076,-0.1175,-2.00000000000027E-6));
#15698=CARTESIAN_POINT('',(0.0645,-0.1175,-2.00000000000027E-6));
#15699=CARTESIAN_POINT('',(0.0875,-0.1175,-2.00000000000027E-6));
#15700=CARTESIAN_POINT('',(0.0645,-0.106,-2.00000000000027E-6));
#15701=CARTESIAN_POINT('',(0.0645,-0.0945,-2.00000000000027E-6));
#15702=CARTESIAN_POINT('',(0.076,-0.0945,-2.00000000000027E-6));
#15703=CARTESIAN_POINT('',(0.0875,-0.0945,-2.00000000000027E-6));
#15704=CARTESIAN_POINT('',(0.0875,-0.106,-2.00000000000027E-6));
#15705=CARTESIAN_POINT('',(0.076,-0.0575,-2.00000000000027E-6));
#15706=CARTESIAN_POINT('',(0.0645,-0.0575,-2.00000000000027E-6));
#15707=CARTESIAN_POINT('',(0.0875,-0.0575,-2.00000000000027E-6));
#15708=CARTESIAN_POINT('',(0.0645,-0.046,-2.00000000000027E-6));
#15709=CARTESIAN_POINT('',(0.0645,-0.0345,-2.00000000000027E-6));
#15710=CARTESIAN_POINT('',(0.076,-0.0345,-2.00000000000027E-6));
#15711=CARTESIAN_POINT('',(0.0875,-0.0345,-2.00000000000027E-6));
#15712=CARTESIAN_POINT('',(0.0875,-0.046,-2.00000000000027E-6));
#15713=CARTESIAN_POINT('',(0.166,-0.0875,-2.00000000000027E-6));
#15714=CARTESIAN_POINT('',(0.1545,-0.0875,-2.00000000000027E-6));
#15715=CARTESIAN_POINT('',(0.1775,-0.0875,-2.00000000000027E-6));
#15716=CARTESIAN_POINT('',(0.1545,-0.076,-2.00000000000027E-6));
#15717=CARTESIAN_POINT('',(0.1545,-0.0645,-2.00000000000027E-6));
#15718=CARTESIAN_POINT('',(0.166,-0.0645,-2.00000000000027E-6));
#15719=CARTESIAN_POINT('',(0.1775,-0.0645,-2.00000000000027E-6));
#15720=CARTESIAN_POINT('',(0.1775,-0.076,-2.00000000000027E-6));
#15721=CARTESIAN_POINT('',(0.136,-0.0875,-2.00000000000027E-6));
#15722=CARTESIAN_POINT('',(0.1245,-0.0875,-2.00000000000027E-6));
#15723=CARTESIAN_POINT('',(0.1475,-0.0875,-2.00000000000027E-6));
#15724=CARTESIAN_POINT('',(0.1245,-0.076,-2.00000000000027E-6));
#15725=CARTESIAN_POINT('',(0.1245,-0.0645,-2.00000000000027E-6));
#15726=CARTESIAN_POINT('',(0.136,-0.0645,-2.00000000000027E-6));
#15727=CARTESIAN_POINT('',(0.1475,-0.0645,-2.00000000000027E-6));
#15728=CARTESIAN_POINT('',(0.1475,-0.076,-2.00000000000027E-6));
#15729=CARTESIAN_POINT('',(0.046,-0.0575,-2.00000000000027E-6));
#15730=CARTESIAN_POINT('',(0.0345,-0.0575,-2.00000000000027E-6));
#15731=CARTESIAN_POINT('',(0.0575,-0.0575,-2.00000000000027E-6));
#15732=CARTESIAN_POINT('',(0.0345,-0.046,-2.00000000000027E-6));
#15733=CARTESIAN_POINT('',(0.0345,-0.0345,-2.00000000000027E-6));
#15734=CARTESIAN_POINT('',(0.046,-0.0345,-2.00000000000027E-6));
#15735=CARTESIAN_POINT('',(0.0575,-0.0345,-2.00000000000027E-6));
#15736=CARTESIAN_POINT('',(0.0575,-0.046,-2.00000000000027E-6));
#15737=CARTESIAN_POINT('',(0.046,-0.1175,-2.00000000000027E-6));
#15738=CARTESIAN_POINT('',(0.0345,-0.1175,-2.00000000000027E-6));
#15739=CARTESIAN_POINT('',(0.0575,-0.1175,-2.00000000000027E-6));
#15740=CARTESIAN_POINT('',(0.0345,-0.106,-2.00000000000027E-6));
#15741=CARTESIAN_POINT('',(0.0345,-0.0945,-2.00000000000027E-6));
#15742=CARTESIAN_POINT('',(0.046,-0.0945,-2.00000000000027E-6));
#15743=CARTESIAN_POINT('',(0.0575,-0.0945,-2.00000000000027E-6));
#15744=CARTESIAN_POINT('',(0.0575,-0.106,-2.00000000000027E-6));
#15745=CARTESIAN_POINT('',(0.016,-0.0345,-2.00000000000027E-6));
#15746=CARTESIAN_POINT('',(0.016,-0.0345,-2.00000000000027E-6));
#15747=CARTESIAN_POINT('',(0.0275,-0.0345,-2.00000000000027E-6));
#15748=CARTESIAN_POINT('',(0.0275,-0.046,-2.00000000000027E-6));
#15749=CARTESIAN_POINT('',(0.0275,-0.0575,-2.00000000000027E-6));
#15750=CARTESIAN_POINT('',(0.016,-0.0575,-2.00000000000027E-6));
#15751=CARTESIAN_POINT('',(0.016,-0.0575,-2.00000000000027E-6));
#15752=CARTESIAN_POINT('',(0.016,0.0305,0.011));
#15753=CARTESIAN_POINT('',(0.016,-0.064,0.011));
#15754=CARTESIAN_POINT('',(0.016,-0.0945,-2.00000000000027E-6));
#15755=CARTESIAN_POINT('',(0.0275,-0.0945,-2.00000000000027E-6));
#15756=CARTESIAN_POINT('',(0.0275,-0.106,-2.00000000000027E-6));
#15757=CARTESIAN_POINT('',(0.0275,-0.1175,-2.00000000000027E-6));
#15758=CARTESIAN_POINT('',(0.016,-0.1175,-2.00000000000027E-6));
#15759=CARTESIAN_POINT('',(0.016,-0.1175,-2.00000000000027E-6));
#15760=CARTESIAN_POINT('',(0.016,0.0305,0.011));
#15761=CARTESIAN_POINT('',(0.166,-0.0275,-2.00000000000027E-6));
#15762=CARTESIAN_POINT('',(0.166,-0.0275,0.008));
#15763=CARTESIAN_POINT('',(0.1775,-0.0275,0.008));
#15764=CARTESIAN_POINT('',(0.1775,-0.0275,-2.00000000000027E-6));
#15765=CARTESIAN_POINT('',(0.136,-0.0275,-2.00000000000027E-6));
#15766=CARTESIAN_POINT('',(0.1245,-0.0275,-2.00000000000027E-6));
#15767=CARTESIAN_POINT('',(0.1245,-0.0275,0.008));
#15768=CARTESIAN_POINT('',(0.136,-0.0275,0.008));
#15769=CARTESIAN_POINT('',(0.1475,-0.0275,0.008));
#15770=CARTESIAN_POINT('',(0.1475,-0.0275,-2.00000000000027E-6));
#15771=CARTESIAN_POINT('',(0.106,-0.0275,-2.00000000000027E-6));
#15772=CARTESIAN_POINT('',(0.0945,-0.0275,-2.00000000000027E-6));
#15773=CARTESIAN_POINT('',(0.0945,-0.0275,0.008));
#15774=CARTESIAN_POINT('',(0.106,-0.0275,0.008));
#15775=CARTESIAN_POINT('',(0.1175,-0.0275,0.008));
#15776=CARTESIAN_POINT('',(0.1175,-0.0275,-2.00000000000027E-6));
#15777=CARTESIAN_POINT('',(0.076,-0.0275,-2.00000000000027E-6));
#15778=CARTESIAN_POINT('',(0.076,-0.0275,0.008));
#15779=CARTESIAN_POINT('',(0.0875,-0.0275,0.008));
#15780=CARTESIAN_POINT('',(0.0875,-0.0275,-2.00000000000027E-6));
#15781=CARTESIAN_POINT('',(0.046,-0.0275,-2.00000000000027E-6));
#15782=CARTESIAN_POINT('',(0.0345,-0.0275,-2.00000000000027E-6));
#15783=CARTESIAN_POINT('',(0.0345,-0.0275,0.008));
#15784=CARTESIAN_POINT('',(0.046,-0.0275,0.008));
#15785=CARTESIAN_POINT('',(0.0575,-0.0275,0.008));
#15786=CARTESIAN_POINT('',(0.0575,-0.0275,-2.00000000000027E-6));
#15787=CARTESIAN_POINT('',(0.031,-0.031,0.015));
#15788=CARTESIAN_POINT('',(0.0324999999999996,-0.027291900756452,0.015));
#15789=CARTESIAN_POINT('',(0.0324999999999996,-0.027291900756452,0.008));
#15790=CARTESIAN_POINT('',(0.0294999999999996,-0.0272919007564522,0.015));
#15791=CARTESIAN_POINT('',(0.0294999999999996,-0.0272919007564522,0.008));
#15792=CARTESIAN_POINT('',(0.031,-0.031,0.008));
#15793=CARTESIAN_POINT('',(0.027291900756452,-0.0295,0.008));
#15794=CARTESIAN_POINT('',(0.027291900756452,-0.0295,0.015));
#15795=CARTESIAN_POINT('',(0.031,-0.031,0.008));
#15796=CARTESIAN_POINT('',(-0.0255,-0.0295,0.011));
#15797=CARTESIAN_POINT('',(0.016,-0.0295,0.011));
#15798=CARTESIAN_POINT('',(0.016,-0.0295,0.008));
#15799=CARTESIAN_POINT('',(-0.0255,-0.0295,0.008));
#15800=CARTESIAN_POINT('',(0.016,0.0305,0.011));
#15801=CARTESIAN_POINT('',(0.016,0.,0.008));
#15802=CARTESIAN_POINT('',(0.016,-0.0275,0.008));
#15803=CARTESIAN_POINT('',(0.016,-0.0275,-2.00000000000027E-6));
#15804=CARTESIAN_POINT('',(0.016,-0.0275,-2.00000000000027E-6));
#15805=CARTESIAN_POINT('',(0.016,-0.0275,0.008));
#15806=CARTESIAN_POINT('',(0.0275,-0.0275,0.008));
#15807=CARTESIAN_POINT('',(0.0275,-0.0275,-2.00000000000027E-6));
#15808=CARTESIAN_POINT('',(0.,0.,0.008));
#15809=CARTESIAN_POINT('',(0.,-0.016,0.008));
#15810=CARTESIAN_POINT('',(0.0275,-0.016,0.008));
#15811=CARTESIAN_POINT('',(0.0294999999999996,-0.016,0.008));
#15812=CARTESIAN_POINT('',(0.0275,-0.016,0.008));
#15813=CARTESIAN_POINT('',(0.0294999999999996,0.0681126952174645,0.008));
#15814=CARTESIAN_POINT('',(0.0275,-0.016,-2.00000000000027E-6));
#15815=CARTESIAN_POINT('',(0.0275,-0.016,-2.00000000000027E-6));
#15816=CARTESIAN_POINT('',(0.199,0.,0.008));
#15817=CARTESIAN_POINT('',(0.199,-0.122752607777826,0.005));
#15818=CARTESIAN_POINT('',(0.1825,0.0681126952174646,0.011));
#15819=CARTESIAN_POINT('',(0.1825,-0.016,0.011));
#15820=CARTESIAN_POINT('',(0.1825,-0.016,0.011));
#15821=CARTESIAN_POINT('',(0.1825,0.0681126952174646,0.011));
#15822=CARTESIAN_POINT('',(0.0575,-0.016,-2.00000000000027E-6));
#15823=CARTESIAN_POINT('',(0.0575,-0.016,-2.00000000000027E-6));
#15824=CARTESIAN_POINT('',(0.0575,-0.016,0.008));
#15825=CARTESIAN_POINT('',(0.0575,-0.016,0.008));
#15826=CARTESIAN_POINT('',(0.0345,-0.016,-2.00000000000027E-6));
#15827=CARTESIAN_POINT('',(0.0345,-0.016,-2.00000000000027E-6));
#15828=CARTESIAN_POINT('',(0.0345,-0.016,0.008));
#15829=CARTESIAN_POINT('',(0.0345,-0.016,0.008));
#15830=CARTESIAN_POINT('',(0.1775,-0.016,-2.00000000000027E-6));
#15831=CARTESIAN_POINT('',(0.1775,-0.016,-2.00000000000027E-6));
#15832=CARTESIAN_POINT('',(0.1775,-0.016,0.008));
#15833=CARTESIAN_POINT('',(0.1775,-0.016,0.008));
#15834=CARTESIAN_POINT('',(0.1545,-0.016,-2.00000000000027E-6));
#15835=CARTESIAN_POINT('',(0.1545,-0.016,-2.00000000000027E-6));
#15836=CARTESIAN_POINT('',(0.0875,-0.016,-2.00000000000027E-6));
#15837=CARTESIAN_POINT('',(0.0875,-0.016,-2.00000000000027E-6));
#15838=CARTESIAN_POINT('',(0.0875,-0.016,0.008));
#15839=CARTESIAN_POINT('',(0.0875,-0.016,0.008));
#15840=CARTESIAN_POINT('',(0.0645,-0.016,-2.00000000000027E-6));
#15841=CARTESIAN_POINT('',(0.0645,-0.016,-2.00000000000027E-6));
#15842=CARTESIAN_POINT('',(0.1175,-0.016,-2.00000000000027E-6));
#15843=CARTESIAN_POINT('',(0.1175,-0.016,-2.00000000000027E-6));
#15844=CARTESIAN_POINT('',(0.1175,-0.016,0.008));
#15845=CARTESIAN_POINT('',(0.1175,-0.016,0.008));
#15846=CARTESIAN_POINT('',(0.0945,-0.016,-2.00000000000027E-6));
#15847=CARTESIAN_POINT('',(0.0945,-0.016,-2.00000000000027E-6));
#15848=CARTESIAN_POINT('',(0.0945,-0.016,0.008));
#15849=CARTESIAN_POINT('',(0.0945,-0.016,0.008));
#15850=CARTESIAN_POINT('',(0.1475,-0.016,-2.00000000000027E-6));
#15851=CARTESIAN_POINT('',(0.1475,-0.016,-2.00000000000027E-6));
#15852=CARTESIAN_POINT('',(0.1475,-0.016,0.008));
#15853=CARTESIAN_POINT('',(0.1475,-0.016,0.008));
#15854=CARTESIAN_POINT('',(0.1245,-0.016,-2.00000000000027E-6));
#15855=CARTESIAN_POINT('',(0.1245,-0.016,-2.00000000000027E-6));
#15856=CARTESIAN_POINT('',(0.1245,-0.016,0.008));
#15857=CARTESIAN_POINT('',(0.1245,-0.016,0.008));
#15858=CARTESIAN_POINT('',(0.0294999999999996,0.0681126952174645,0.011));
#15859=CARTESIAN_POINT('',(0.0294999999999996,0.0681126952174645,0.011));
#15860=CARTESIAN_POINT('',(0.0294999999999996,-0.016,0.011));
#15861=CARTESIAN_POINT('',(0.0294999999999996,-0.016,0.011));
#15862=CARTESIAN_POINT('',(0.0324999999999996,0.0681126952174645,0.011));
#15863=CARTESIAN_POINT('',(0.0324999999999996,-0.016,0.011));
#15864=CARTESIAN_POINT('',(0.0324999999999996,-0.016,0.011));
#15865=CARTESIAN_POINT('',(0.0324999999999996,-0.016,0.008));
#15866=CARTESIAN_POINT('',(0.0324999999999996,0.0681126952174645,0.011));
#15867=CARTESIAN_POINT('',(0.0324999999999996,0.0681126952174645,0.008));
#15868=CARTESIAN_POINT('',(0.,0.,0.008));
#15869=CARTESIAN_POINT('',(0.,-0.016,0.008));
#15870=CARTESIAN_POINT('',(0.0595,0.0681126952174645,0.008));
#15871=CARTESIAN_POINT('',(0.0595,-0.016,0.008));
#15872=CARTESIAN_POINT('',(0.,-0.016,0.008));
#15873=CARTESIAN_POINT('',(0.1795,0.0681126952174646,0.011));
#15874=CARTESIAN_POINT('',(0.1795,0.0681126952174646,0.011));
#15875=CARTESIAN_POINT('',(0.1795,-0.016,0.011));
#15876=CARTESIAN_POINT('',(0.1795,-0.016,0.011));
#15877=CARTESIAN_POINT('',(0.1795,-0.016,0.008));
#15878=CARTESIAN_POINT('',(0.1795,0.0681126952174646,0.008));
#15879=CARTESIAN_POINT('',(0.,0.,0.008));
#15880=CARTESIAN_POINT('',(0.,-0.016,0.008));
#15881=CARTESIAN_POINT('',(0.181,0.0681126952174646,0.011));
#15882=CARTESIAN_POINT('',(0.181,-0.016,0.011));
#15883=CARTESIAN_POINT('',(0.,0.,0.008));
#15884=CARTESIAN_POINT('',(0.0895,0.0681126952174645,0.008));
#15885=CARTESIAN_POINT('',(0.0895,-0.016,0.008));
#15886=CARTESIAN_POINT('',(0.,-0.016,0.008));
#15887=CARTESIAN_POINT('',(0.,0.,0.008));
#15888=CARTESIAN_POINT('',(0.,-0.016,0.008));
#15889=CARTESIAN_POINT('',(0.0925,-0.016,0.008));
#15890=CARTESIAN_POINT('',(0.0925,0.0681126952174645,0.008));
#15891=CARTESIAN_POINT('',(0.1195,0.0681126952174645,0.008));
#15892=CARTESIAN_POINT('',(0.1195,-0.016,0.008));
#15893=CARTESIAN_POINT('',(0.,-0.016,0.008));
#15894=CARTESIAN_POINT('',(0.,0.,0.008));
#15895=CARTESIAN_POINT('',(0.,-0.016,0.008));
#15896=CARTESIAN_POINT('',(0.1225,-0.016,0.008));
#15897=CARTESIAN_POINT('',(0.1225,0.0681126952174645,0.008));
#15898=CARTESIAN_POINT('',(0.1495,0.0681126952174645,0.008));
#15899=CARTESIAN_POINT('',(0.1495,-0.016,0.008));
#15900=CARTESIAN_POINT('',(0.,-0.016,0.008));
#15901=CARTESIAN_POINT('',(0.0309999999999995,0.0681126952174645,0.011));
#15902=CARTESIAN_POINT('',(0.0309999999999995,-0.016,0.011));
#15903=CARTESIAN_POINT('',(0.0595,0.0681126952174645,0.011));
#15904=CARTESIAN_POINT('',(0.0595,0.0681126952174645,0.011));
#15905=CARTESIAN_POINT('',(0.0595,-0.016,0.011));
#15906=CARTESIAN_POINT('',(0.0595,-0.016,0.011));
#15907=CARTESIAN_POINT('',(0.1525,0.0681126952174645,0.011));
#15908=CARTESIAN_POINT('',(0.1525,-0.016,0.011));
#15909=CARTESIAN_POINT('',(0.1525,-0.016,0.011));
#15910=CARTESIAN_POINT('',(0.1525,0.0681126952174645,0.011));
#15911=CARTESIAN_POINT('',(0.0625,0.0681126952174645,0.011));
#15912=CARTESIAN_POINT('',(0.0625,-0.016,0.011));
#15913=CARTESIAN_POINT('',(0.0625,-0.016,0.011));
#15914=CARTESIAN_POINT('',(0.0625,0.0681126952174645,0.011));
#15915=CARTESIAN_POINT('',(0.0895,0.0681126952174645,0.011));
#15916=CARTESIAN_POINT('',(0.0895,0.0681126952174645,0.011));
#15917=CARTESIAN_POINT('',(0.0895,-0.016,0.011));
#15918=CARTESIAN_POINT('',(0.0895,-0.016,0.011));
#15919=CARTESIAN_POINT('',(0.1195,0.0681126952174645,0.011));
#15920=CARTESIAN_POINT('',(0.1195,0.0681126952174645,0.011));
#15921=CARTESIAN_POINT('',(0.1195,-0.016,0.011));
#15922=CARTESIAN_POINT('',(0.1195,-0.016,0.011));
#15923=CARTESIAN_POINT('',(0.0925,0.0681126952174645,0.011));
#15924=CARTESIAN_POINT('',(0.0925,-0.016,0.011));
#15925=CARTESIAN_POINT('',(0.0925,-0.016,0.011));
#15926=CARTESIAN_POINT('',(0.0925,0.0681126952174645,0.011));
#15927=CARTESIAN_POINT('',(0.1495,0.0681126952174645,0.011));
#15928=CARTESIAN_POINT('',(0.1495,0.0681126952174645,0.011));
#15929=CARTESIAN_POINT('',(0.1495,-0.016,0.011));
#15930=CARTESIAN_POINT('',(0.1495,-0.016,0.011));
#15931=CARTESIAN_POINT('',(0.1225,0.0681126952174645,0.011));
#15932=CARTESIAN_POINT('',(0.1225,-0.016,0.011));
#15933=CARTESIAN_POINT('',(0.1225,-0.016,0.011));
#15934=CARTESIAN_POINT('',(0.1225,0.0681126952174645,0.011));
#15935=CARTESIAN_POINT('',(0.061,0.0681126952174645,0.011));
#15936=CARTESIAN_POINT('',(0.061,-0.016,0.011));
#15937=CARTESIAN_POINT('',(0.151,0.0681126952174645,0.011));
#15938=CARTESIAN_POINT('',(0.151,-0.016,0.011));
#15939=CARTESIAN_POINT('',(0.091,0.0681126952174645,0.011));
#15940=CARTESIAN_POINT('',(0.091,-0.016,0.011));
#15941=CARTESIAN_POINT('',(0.121,0.0681126952174645,0.011));
#15942=CARTESIAN_POINT('',(0.121,-0.016,0.011));
#15943=CARTESIAN_POINT('',(0.00249999999999959,-0.016,0.008));
#15944=CARTESIAN_POINT('',(0.00249999999999959,-0.016,0.008));
#15945=CARTESIAN_POINT('',(0.00249999999999959,-0.016,0.008));
#15946=CARTESIAN_POINT('',(0.00249999999999959,-0.016,0.008));
#15947=CARTESIAN_POINT('',(0.00249999999999959,-0.016,0.008));
#15948=CARTESIAN_POINT('',(0.00249999999999959,-0.016,0.008));
#15949=CARTESIAN_POINT('',(0.0192499999999997,-0.064,0.005));
#15950=CARTESIAN_POINT('',(0.0105,-0.064,0.005));
#15951=CARTESIAN_POINT('',(0.0105,-0.064,0.008));
#15952=CARTESIAN_POINT('',(0.0192499999999997,-0.064,0.008));
#15953=CARTESIAN_POINT('',(0.0192499999999997,-0.088,0.005));
#15954=CARTESIAN_POINT('',(0.0105,-0.088,0.008));
#15955=CARTESIAN_POINT('',(0.0105,-0.088,0.008));
#15956=CARTESIAN_POINT('',(0.0105,-0.088,0.005));
#15957=CARTESIAN_POINT('',(0.0105,-0.068,0.005));
#15958=CARTESIAN_POINT('',(0.0105,-0.068,0.013));
#15959=CARTESIAN_POINT('',(0.0105,-0.069,0.013));
#15960=CARTESIAN_POINT('',(0.0105,-0.072,0.013));
#15961=CARTESIAN_POINT('',(0.0105,-0.0645,0.0085));
#15962=CARTESIAN_POINT('',(0.0105,-0.072,0.005));
#15963=CARTESIAN_POINT('',(0.0113457890075481,-0.072,0.005));
#15964=CARTESIAN_POINT('',(0.0113457890075481,-0.072,0.013));
#15965=CARTESIAN_POINT('',(0.0121915780150964,-0.072,0.013));
#15966=CARTESIAN_POINT('',(0.0121915780150964,-0.072,0.005));
#15967=CARTESIAN_POINT('',(0.0165,-0.075,0.005));
#15968=CARTESIAN_POINT('',(0.0165,-0.075,0.013));
#15969=CARTESIAN_POINT('',(0.0148992189406417,-0.08,0.013));
#15970=CARTESIAN_POINT('',(0.0148992189406417,-0.08,0.005));
#15971=CARTESIAN_POINT('',(0.0126996094703208,-0.08,0.005));
#15972=CARTESIAN_POINT('',(0.0126996094703208,-0.08,0.013));
#15973=CARTESIAN_POINT('',(0.0105,-0.08,0.013));
#15974=CARTESIAN_POINT('',(0.0105,-0.08,0.005));
#15975=CARTESIAN_POINT('',(0.0105,-0.084,0.005));
#15976=CARTESIAN_POINT('',(0.0105,-0.0875,0.0085));
#15977=CARTESIAN_POINT('',(0.0105,-0.083,0.013));
#15978=CARTESIAN_POINT('',(0.0105,-0.084,0.013));
#15979=CARTESIAN_POINT('',(0.0192499999999997,-0.076,0.013));
#15980=CARTESIAN_POINT('',(0.0229999999999995,-0.064,0.013));
#15981=CARTESIAN_POINT('',(0.0229999999999995,-0.083,0.013));
#15982=CARTESIAN_POINT('',(0.0229999999999995,-0.069,0.013));
#15983=CARTESIAN_POINT('',(0.0192499999999997,-0.069,0.013));
#15984=CARTESIAN_POINT('',(0.0279999999999995,-0.083,0.013));
#15985=CARTESIAN_POINT('',(0.0192499999999997,-0.088,0.008));
#15986=CARTESIAN_POINT('',(0.0250833333333329,-0.0850833333333334,0.0109166666666666));
#15987=CARTESIAN_POINT('',(0.0279999999999995,-0.076,0.008));
#15988=CARTESIAN_POINT('',(0.0239999999999995,-0.068,0.012));
#15989=CARTESIAN_POINT('',(0.0192499999999997,-0.069,0.013));
#15990=CARTESIAN_POINT('',(0.166602086222261,-0.136,0.005));
#15991=CARTESIAN_POINT('',(0.157068057481507,-0.128,0.005));
#15992=CARTESIAN_POINT('',(0.0475340287407536,-0.136,0.005));
#15993=CARTESIAN_POINT('',(0.0570680574815073,-0.128,0.005));
#15994=CARTESIAN_POINT('',(0.107068057481507,-0.128,0.005));
#15995=CARTESIAN_POINT('',(0.0348528053320092,-0.00950976537134895,0.008));
#15996=CARTESIAN_POINT('',(0.184,-0.0798763038889131,0.008));
#15997=CARTESIAN_POINT('',(0.0348528053320092,-0.00950976537134895,0.008));
#15998=CARTESIAN_POINT('',(0.184,-0.0798763038889131,0.008));
#15999=CARTESIAN_POINT('',(0.1915,-0.0459381519444565,0.005));
#16000=CARTESIAN_POINT('',(0.184,-0.0548763038889131,0.005));
#16001=CARTESIAN_POINT('',(0.184,-0.0798763038889131,0.005));
#16002=CARTESIAN_POINT('',(0.184,-0.104876303888913,0.005));
#16003=CARTESIAN_POINT('',(0.1915,-0.11381445583337,0.005));
#16004=CARTESIAN_POINT('',(0.17,-0.126,0.004998));
#16005=CARTESIAN_POINT('',(0.187,-0.038,0.004998));
#16006=CARTESIAN_POINT('',(0.021,-0.1325,-0.510701623221351));
#16007=CARTESIAN_POINT('',(0.021,-0.128,-0.510701623221351));
#16008=CARTESIAN_POINT('',(0.021,-0.137,-0.510701623221351));
#16009=CARTESIAN_POINT('',(0.0297818280069286,-0.137,-0.510701623221351));
#16010=CARTESIAN_POINT('',(0.0385636560138572,-0.137,-0.510701623221351));
#16011=CARTESIAN_POINT('',(0.0439265471805312,-0.1325,-0.510701623221351));
#16012=CARTESIAN_POINT('',(0.0492894383472052,-0.128,-0.510701623221351));
#16013=CARTESIAN_POINT('',(0.0351447191736025,-0.128,-0.510701623221351));
#16014=CARTESIAN_POINT('',(0.185,-0.119254509164857,-0.510701623221351));
#16015=CARTESIAN_POINT('',(0.185,-0.113846676615809,-0.510701623221351));
#16016=CARTESIAN_POINT('',(0.185,-0.124662341713905,-0.510701623221351));
#16017=CARTESIAN_POINT('',(0.1895,-0.119209567782483,-0.510701623221351));
#16018=CARTESIAN_POINT('',(0.194,-0.124572458949157,-0.510701623221351));
#16019=CARTESIAN_POINT('',(0.178831170856952,-0.130831170856953,-0.510701623221351));
#16020=CARTESIAN_POINT('',(0.172662341713905,-0.137,-0.510701623221351));
#16021=CARTESIAN_POINT('',(0.183331170856952,-0.137,-0.510701623221351));
#16022=CARTESIAN_POINT('',(0.194,-0.137,-0.510701623221351));
#16023=CARTESIAN_POINT('',(0.194,-0.130786229474579,-0.510701623221351));
#16024=CARTESIAN_POINT('',(0.189,-0.021,-0.510701623221351));
#16025=CARTESIAN_POINT('',(0.194,-0.021,-0.510701623221351));
#16026=CARTESIAN_POINT('',(0.184,-0.021,-0.510701623221351));
#16027=CARTESIAN_POINT('',(0.187427429013043,-0.0287826266429155,-0.510701623221351));
#16028=CARTESIAN_POINT('',(0.190854858026086,-0.0365652532858311,-0.510701623221351));
#16029=CARTESIAN_POINT('',(0.192427429013043,-0.03587270105725,-0.510701623221351));
#16030=CARTESIAN_POINT('',(0.194,-0.0351801488286689,-0.510701623221351));
#16031=CARTESIAN_POINT('',(0.194,-0.0280900744143345,-0.510701623221351));
#16032=MECHANICAL_DESIGN_GEOMETRIC_PRESENTATION_REPRESENTATION('',(#9376),
#16033);
#16033=(
GEOMETRIC_REPRESENTATION_CONTEXT(3)
GLOBAL_UNCERTAINTY_ASSIGNED_CONTEXT((#16034))
GLOBAL_UNIT_ASSIGNED_CONTEXT((#16037,#16036,#16035))
REPRESENTATION_CONTEXT('Part 4','TOP_LEVEL_ASSEMBLY_PART')
);
#16034=UNCERTAINTY_MEASURE_WITH_UNIT(LENGTH_MEASURE(2.E-5),#16037,
'DISTANCE_ACCURACY_VALUE','Maximum Tolerance applied to model');
#16035=(
NAMED_UNIT(*)
SI_UNIT($,.STERADIAN.)
SOLID_ANGLE_UNIT()
);
#16036=(
NAMED_UNIT(*)
PLANE_ANGLE_UNIT()
SI_UNIT($,.RADIAN.)
);
#16037=(
LENGTH_UNIT()
NAMED_UNIT(*)
SI_UNIT($,.METRE.)
);
#16038=PRODUCT_DEFINITION_SHAPE('','',#16039);
#16039=PRODUCT_DEFINITION('','',#16041,#16040);
#16040=PRODUCT_DEFINITION_CONTEXT('',#16047,'design');
#16041=PRODUCT_DEFINITION_FORMATION_WITH_SPECIFIED_SOURCE('','',#16043,
 .NOT_KNOWN.);
#16042=PRODUCT_RELATED_PRODUCT_CATEGORY('','',(#16043));
#16043=PRODUCT('Part 4','Part 4','Part 4',(#16045));
#16044=PRODUCT_CATEGORY('','');
#16045=PRODUCT_CONTEXT('',#16047,'mechanical');
#16046=APPLICATION_PROTOCOL_DEFINITION('international standard',
'ap242_managed_model_based_3d_engineering',2020,#16047);
#16047=APPLICATION_CONTEXT('managed model based 3d engineering');
ENDSEC;
END-ISO-10303-21;
